=== 2026-09-07T00:49:42+09:00 sample-input/pdf/07-The Linux Programmer-s Toolbox.pdf ===
sample-input/pdf/07-The Linux Programmer-s Toolbox.pdf family=B format=pdf normalize=false
Loading weights:   0%|          | 0/770 [00:00<?, ?it/s]Loading weights: 100%|██████████| 770/770 [00:00<00:00, 26579.22it/s]
2026-09-07 00:49:49,024 MatchingPostProcessor WARNING  Orphan pdf_cell 31 recovered to col=2 by nearest-column fallback (row=0, x=494.7, dist=184.6)
2026-09-07 00:49:49,024 MatchingPostProcessor WARNING  Orphan pdf_cell 32 recovered to col=2 by nearest-column fallback (row=0, x=505.7, dist=195.6)
2026-09-07 00:49:49,024 MatchingPostProcessor WARNING  Orphan pdf_cell 33 recovered to col=2 by nearest-column fallback (row=0, x=516.7, dist=206.6)
2026-09-07 00:49:49,024 MatchingPostProcessor WARNING  Orphan pdf_cell 34 recovered to col=2 by nearest-column fallback (row=0, x=527.7, dist=217.6)
2026-09-07 00:49:49,024 MatchingPostProcessor WARNING  Orphan pdf_cell 35 recovered to col=2 by nearest-column fallback (row=0, x=538.7, dist=228.6)
2026-09-07 00:49:49,024 MatchingPostProcessor WARNING  Orphan pdf_cell 36 recovered to col=2 by nearest-column fallback (row=0, x=549.7, dist=239.6)
2026-09-07 00:49:49,024 MatchingPostProcessor WARNING  Orphan pdf_cell 37 recovered to col=2 by nearest-column fallback (row=0, x=560.7, dist=250.6)
2026-09-07 00:49:49,024 MatchingPostProcessor WARNING  Orphan pdf_cell 38 recovered to col=3 by nearest-column fallback (row=0, x=571.7, dist=250.0)
2026-09-07 00:49:49,024 MatchingPostProcessor WARNING  Orphan pdf_cell 39 recovered to col=3 by nearest-column fallback (row=0, x=582.7, dist=239.0)
2026-09-07 00:49:49,024 MatchingPostProcessor WARNING  Orphan pdf_cell 40 recovered to col=3 by nearest-column fallback (row=0, x=593.7, dist=228.0)
2026-09-07 00:49:49,024 MatchingPostProcessor WARNING  Orphan pdf_cell 41 recovered to col=3 by nearest-column fallback (row=0, x=604.7, dist=217.0)
2026-09-07 00:49:49,024 MatchingPostProcessor WARNING  Orphan pdf_cell 42 recovered to col=3 by nearest-column fallback (row=0, x=615.7, dist=206.0)
2026-09-07 00:49:49,024 MatchingPostProcessor WARNING  Orphan pdf_cell 43 recovered to col=3 by nearest-column fallback (row=0, x=626.7, dist=195.0)
2026-09-07 00:49:49,024 MatchingPostProcessor WARNING  Orphan pdf_cell 44 recovered to col=3 by nearest-column fallback (row=0, x=637.7, dist=184.0)
2026-09-07 00:49:49,024 MatchingPostProcessor WARNING  Orphan pdf_cell 45 recovered to col=3 by nearest-column fallback (row=0, x=648.7, dist=173.0)
2026-09-07 00:49:49,024 MatchingPostProcessor WARNING  Orphan pdf_cell 46 recovered to col=3 by nearest-column fallback (row=0, x=659.7, dist=162.0)
2026-09-07 00:49:49,024 MatchingPostProcessor WARNING  Orphan pdf_cell 47 recovered to col=3 by nearest-column fallback (row=0, x=670.7, dist=151.0)
2026-09-07 00:49:49,024 MatchingPostProcessor WARNING  Orphan pdf_cell 48 recovered to col=3 by nearest-column fallback (row=0, x=681.7, dist=140.0)
2026-09-07 00:49:49,024 MatchingPostProcessor WARNING  Orphan pdf_cell 49 recovered to col=3 by nearest-column fallback (row=0, x=692.7, dist=129.0)
2026-09-07 00:49:49,024 MatchingPostProcessor WARNING  Orphan pdf_cell 50 recovered to col=3 by nearest-column fallback (row=0, x=703.7, dist=118.0)
2026-09-07 00:49:49,024 MatchingPostProcessor WARNING  Orphan pdf_cell 51 recovered to col=3 by nearest-column fallback (row=0, x=714.7, dist=107.0)
2026-09-07 00:49:49,024 MatchingPostProcessor WARNING  Orphan pdf_cell 52 recovered to col=3 by nearest-column fallback (row=0, x=725.7, dist=96.0)
2026-09-07 00:49:49,024 MatchingPostProcessor WARNING  Orphan pdf_cell 53 recovered to col=3 by nearest-column fallback (row=0, x=736.7, dist=85.0)
2026-09-07 00:49:49,025 MatchingPostProcessor WARNING  Orphan pdf_cell 54 recovered to col=3 by nearest-column fallback (row=0, x=747.7, dist=74.0)
2026-09-07 00:49:49,025 MatchingPostProcessor WARNING  Orphan pdf_cell 55 recovered to col=3 by nearest-column fallback (row=0, x=758.7, dist=63.0)
2026-09-07 00:49:49,025 MatchingPostProcessor WARNING  Orphan pdf_cell 56 recovered to col=3 by nearest-column fallback (row=0, x=769.7, dist=52.0)
2026-09-07 00:49:49,025 MatchingPostProcessor WARNING  Orphan pdf_cell 57 recovered to col=3 by nearest-column fallback (row=0, x=780.7, dist=41.0)
2026-09-07 00:49:49,025 MatchingPostProcessor WARNING  Orphan pdf_cell 58 recovered to col=3 by nearest-column fallback (row=0, x=791.7, dist=30.0)
2026-09-07 00:49:49,025 MatchingPostProcessor WARNING  Orphan pdf_cell 93 recovered to col=2 by nearest-column fallback (row=1, x=489.2, dist=179.1)
2026-09-07 00:49:49,025 MatchingPostProcessor WARNING  Orphan pdf_cell 94 recovered to col=2 by nearest-column fallback (row=1, x=500.2, dist=190.1)
2026-09-07 00:49:49,025 MatchingPostProcessor WARNING  Orphan pdf_cell 95 recovered to col=2 by nearest-column fallback (row=1, x=511.2, dist=201.1)
2026-09-07 00:49:49,025 MatchingPostProcessor WARNING  Orphan pdf_cell 96 recovered to col=2 by nearest-column fallback (row=1, x=522.2, dist=212.1)
2026-09-07 00:49:49,025 MatchingPostProcessor WARNING  Orphan pdf_cell 97 recovered to col=2 by nearest-column fallback (row=1, x=533.2, dist=223.1)
2026-09-07 00:49:49,025 MatchingPostProcessor WARNING  Orphan pdf_cell 98 recovered to col=2 by nearest-column fallback (row=1, x=544.2, dist=234.1)
2026-09-07 00:49:49,025 MatchingPostProcessor WARNING  Orphan pdf_cell 99 recovered to col=2 by nearest-column fallback (row=1, x=555.2, dist=245.1)
2026-09-07 00:49:49,025 MatchingPostProcessor WARNING  Orphan pdf_cell 100 recovered to col=3 by nearest-column fallback (row=1, x=566.2, dist=255.5)
2026-09-07 00:49:49,025 MatchingPostProcessor WARNING  Orphan pdf_cell 101 recovered to col=3 by nearest-column fallback (row=1, x=577.2, dist=244.5)
2026-09-07 00:49:49,025 MatchingPostProcessor WARNING  Orphan pdf_cell 102 recovered to col=3 by nearest-column fallback (row=1, x=588.2, dist=233.5)
2026-09-07 00:49:49,025 MatchingPostProcessor WARNING  Orphan pdf_cell 103 recovered to col=3 by nearest-column fallback (row=1, x=599.2, dist=222.5)
2026-09-07 00:49:49,025 MatchingPostProcessor WARNING  Orphan pdf_cell 104 recovered to col=3 by nearest-column fallback (row=1, x=610.2, dist=211.5)
2026-09-07 00:49:49,025 MatchingPostProcessor WARNING  Orphan pdf_cell 105 recovered to col=3 by nearest-column fallback (row=1, x=621.2, dist=200.5)
2026-09-07 00:49:49,025 MatchingPostProcessor WARNING  Orphan pdf_cell 106 recovered to col=3 by nearest-column fallback (row=1, x=632.2, dist=189.5)
2026-09-07 00:49:49,025 MatchingPostProcessor WARNING  Orphan pdf_cell 107 recovered to col=3 by nearest-column fallback (row=1, x=643.2, dist=178.5)
2026-09-07 00:49:49,025 MatchingPostProcessor WARNING  Orphan pdf_cell 108 recovered to col=3 by nearest-column fallback (row=1, x=654.2, dist=167.5)
2026-09-07 00:49:49,025 MatchingPostProcessor WARNING  Orphan pdf_cell 109 recovered to col=3 by nearest-column fallback (row=1, x=665.2, dist=156.5)
2026-09-07 00:49:49,025 MatchingPostProcessor WARNING  Orphan pdf_cell 110 recovered to col=3 by nearest-column fallback (row=1, x=676.2, dist=145.5)
2026-09-07 00:49:49,025 MatchingPostProcessor WARNING  Orphan pdf_cell 111 recovered to col=3 by nearest-column fallback (row=1, x=687.2, dist=134.5)
2026-09-07 00:49:49,025 MatchingPostProcessor WARNING  Orphan pdf_cell 112 recovered to col=3 by nearest-column fallback (row=1, x=698.2, dist=123.5)
2026-09-07 00:49:49,025 MatchingPostProcessor WARNING  Orphan pdf_cell 113 recovered to col=3 by nearest-column fallback (row=1, x=709.2, dist=112.5)
2026-09-07 00:49:49,025 MatchingPostProcessor WARNING  Orphan pdf_cell 114 recovered to col=3 by nearest-column fallback (row=1, x=720.2, dist=101.5)
2026-09-07 00:49:49,025 MatchingPostProcessor WARNING  Orphan pdf_cell 115 recovered to col=3 by nearest-column fallback (row=1, x=731.2, dist=90.5)
2026-09-07 00:49:49,025 MatchingPostProcessor WARNING  Orphan pdf_cell 116 recovered to col=3 by nearest-column fallback (row=1, x=742.2, dist=79.5)
2026-09-07 00:49:49,025 MatchingPostProcessor WARNING  Orphan pdf_cell 117 recovered to col=3 by nearest-column fallback (row=1, x=753.2, dist=68.5)
2026-09-07 00:49:49,025 MatchingPostProcessor WARNING  Orphan pdf_cell 118 recovered to col=3 by nearest-column fallback (row=1, x=764.2, dist=57.5)
2026-09-07 00:49:49,025 MatchingPostProcessor WARNING  Orphan pdf_cell 119 recovered to col=3 by nearest-column fallback (row=1, x=775.2, dist=46.5)
2026-09-07 00:49:49,025 MatchingPostProcessor WARNING  Orphan pdf_cell 120 recovered to col=3 by nearest-column fallback (row=1, x=786.2, dist=35.5)
2026-09-07 00:49:49,025 MatchingPostProcessor WARNING  Orphan pdf_cell 121 recovered to col=3 by nearest-column fallback (row=1, x=797.2, dist=24.5)
2026-09-07 00:49:49,026 MatchingPostProcessor WARNING  Orphan pdf_cell 147 recovered to col=2 by nearest-column fallback (row=2, x=489.0, dist=178.9)
2026-09-07 00:49:49,026 MatchingPostProcessor WARNING  Orphan pdf_cell 148 recovered to col=2 by nearest-column fallback (row=2, x=500.0, dist=189.9)
2026-09-07 00:49:49,026 MatchingPostProcessor WARNING  Orphan pdf_cell 149 recovered to col=2 by nearest-column fallback (row=2, x=511.0, dist=200.9)
2026-09-07 00:49:49,026 MatchingPostProcessor WARNING  Orphan pdf_cell 150 recovered to col=2 by nearest-column fallback (row=2, x=522.0, dist=211.9)
2026-09-07 00:49:49,026 MatchingPostProcessor WARNING  Orphan pdf_cell 151 recovered to col=2 by nearest-column fallback (row=2, x=533.0, dist=222.9)
2026-09-07 00:49:49,026 MatchingPostProcessor WARNING  Orphan pdf_cell 152 recovered to col=2 by nearest-column fallback (row=2, x=544.0, dist=233.9)
2026-09-07 00:49:49,026 MatchingPostProcessor WARNING  Orphan pdf_cell 153 recovered to col=2 by nearest-column fallback (row=2, x=555.0, dist=244.9)
2026-09-07 00:49:49,026 MatchingPostProcessor WARNING  Orphan pdf_cell 154 recovered to col=3 by nearest-column fallback (row=2, x=566.0, dist=255.8)
2026-09-07 00:49:49,026 MatchingPostProcessor WARNING  Orphan pdf_cell 155 recovered to col=3 by nearest-column fallback (row=2, x=577.0, dist=244.8)
2026-09-07 00:49:49,026 MatchingPostProcessor WARNING  Orphan pdf_cell 156 recovered to col=3 by nearest-column fallback (row=2, x=588.0, dist=233.8)
2026-09-07 00:49:49,026 MatchingPostProcessor WARNING  Orphan pdf_cell 157 recovered to col=3 by nearest-column fallback (row=2, x=599.0, dist=222.8)
2026-09-07 00:49:49,026 MatchingPostProcessor WARNING  Orphan pdf_cell 158 recovered to col=3 by nearest-column fallback (row=2, x=610.0, dist=211.8)
2026-09-07 00:49:49,026 MatchingPostProcessor WARNING  Orphan pdf_cell 159 recovered to col=3 by nearest-column fallback (row=2, x=621.0, dist=200.8)
2026-09-07 00:49:49,026 MatchingPostProcessor WARNING  Orphan pdf_cell 160 recovered to col=3 by nearest-column fallback (row=2, x=632.0, dist=189.8)
2026-09-07 00:49:49,026 MatchingPostProcessor WARNING  Orphan pdf_cell 161 recovered to col=3 by nearest-column fallback (row=2, x=643.0, dist=178.8)
2026-09-07 00:49:49,026 MatchingPostProcessor WARNING  Orphan pdf_cell 162 recovered to col=3 by nearest-column fallback (row=2, x=654.0, dist=167.8)
2026-09-07 00:49:49,026 MatchingPostProcessor WARNING  Orphan pdf_cell 163 recovered to col=3 by nearest-column fallback (row=2, x=665.0, dist=156.8)
2026-09-07 00:49:49,026 MatchingPostProcessor WARNING  Orphan pdf_cell 164 recovered to col=3 by nearest-column fallback (row=2, x=676.0, dist=145.8)
2026-09-07 00:49:49,026 MatchingPostProcessor WARNING  Orphan pdf_cell 165 recovered to col=3 by nearest-column fallback (row=2, x=687.0, dist=134.8)
2026-09-07 00:49:49,026 MatchingPostProcessor WARNING  Orphan pdf_cell 166 recovered to col=3 by nearest-column fallback (row=2, x=698.0, dist=123.8)
2026-09-07 00:49:49,026 MatchingPostProcessor WARNING  Orphan pdf_cell 167 recovered to col=3 by nearest-column fallback (row=2, x=709.0, dist=112.8)
2026-09-07 00:49:49,026 MatchingPostProcessor WARNING  Orphan pdf_cell 168 recovered to col=3 by nearest-column fallback (row=2, x=720.0, dist=101.8)
2026-09-07 00:49:49,026 MatchingPostProcessor WARNING  Orphan pdf_cell 169 recovered to col=3 by nearest-column fallback (row=2, x=731.0, dist=90.8)
2026-09-07 00:49:49,026 MatchingPostProcessor WARNING  Orphan pdf_cell 170 recovered to col=3 by nearest-column fallback (row=2, x=742.0, dist=79.8)
2026-09-07 00:49:49,026 MatchingPostProcessor WARNING  Orphan pdf_cell 171 recovered to col=3 by nearest-column fallback (row=2, x=753.0, dist=68.8)
2026-09-07 00:49:49,026 MatchingPostProcessor WARNING  Orphan pdf_cell 172 recovered to col=3 by nearest-column fallback (row=2, x=764.0, dist=57.8)
2026-09-07 00:49:49,026 MatchingPostProcessor WARNING  Orphan pdf_cell 173 recovered to col=3 by nearest-column fallback (row=2, x=775.0, dist=46.8)
2026-09-07 00:49:49,026 MatchingPostProcessor WARNING  Orphan pdf_cell 174 recovered to col=3 by nearest-column fallback (row=2, x=786.0, dist=35.8)
2026-09-07 00:49:49,026 MatchingPostProcessor WARNING  Orphan pdf_cell 175 recovered to col=3 by nearest-column fallback (row=2, x=797.0, dist=24.8)
2026-09-07 00:49:49,026 MatchingPostProcessor WARNING  Orphan pdf_cell 202 recovered to col=2 by nearest-column fallback (row=3, x=485.5, dist=175.4)
2026-09-07 00:49:49,026 MatchingPostProcessor WARNING  Orphan pdf_cell 203 recovered to col=2 by nearest-column fallback (row=3, x=496.5, dist=186.4)
2026-09-07 00:49:49,026 MatchingPostProcessor WARNING  Orphan pdf_cell 204 recovered to col=2 by nearest-column fallback (row=3, x=507.5, dist=197.4)
2026-09-07 00:49:49,026 MatchingPostProcessor WARNING  Orphan pdf_cell 205 recovered to col=2 by nearest-column fallback (row=3, x=518.5, dist=208.4)
2026-09-07 00:49:49,026 MatchingPostProcessor WARNING  Orphan pdf_cell 206 recovered to col=2 by nearest-column fallback (row=3, x=529.5, dist=219.4)
2026-09-07 00:49:49,026 MatchingPostProcessor WARNING  Orphan pdf_cell 207 recovered to col=2 by nearest-column fallback (row=3, x=540.5, dist=230.4)
2026-09-07 00:49:49,026 MatchingPostProcessor WARNING  Orphan pdf_cell 208 recovered to col=2 by nearest-column fallback (row=3, x=551.5, dist=241.4)
2026-09-07 00:49:49,026 MatchingPostProcessor WARNING  Orphan pdf_cell 209 recovered to col=2 by nearest-column fallback (row=3, x=562.5, dist=252.4)
2026-09-07 00:49:49,026 MatchingPostProcessor WARNING  Orphan pdf_cell 210 recovered to col=3 by nearest-column fallback (row=3, x=573.5, dist=248.2)
2026-09-07 00:49:49,026 MatchingPostProcessor WARNING  Orphan pdf_cell 211 recovered to col=3 by nearest-column fallback (row=3, x=584.5, dist=237.2)
2026-09-07 00:49:49,026 MatchingPostProcessor WARNING  Orphan pdf_cell 212 recovered to col=3 by nearest-column fallback (row=3, x=595.5, dist=226.2)
2026-09-07 00:49:49,027 MatchingPostProcessor WARNING  Orphan pdf_cell 213 recovered to col=3 by nearest-column fallback (row=3, x=606.5, dist=215.2)
2026-09-07 00:49:49,027 MatchingPostProcessor WARNING  Orphan pdf_cell 214 recovered to col=3 by nearest-column fallback (row=3, x=617.5, dist=204.2)
2026-09-07 00:49:49,027 MatchingPostProcessor WARNING  Orphan pdf_cell 215 recovered to col=3 by nearest-column fallback (row=3, x=628.5, dist=193.2)
2026-09-07 00:49:49,027 MatchingPostProcessor WARNING  Orphan pdf_cell 216 recovered to col=3 by nearest-column fallback (row=3, x=639.5, dist=182.2)
2026-09-07 00:49:49,027 MatchingPostProcessor WARNING  Orphan pdf_cell 217 recovered to col=3 by nearest-column fallback (row=3, x=650.5, dist=171.2)
2026-09-07 00:49:49,027 MatchingPostProcessor WARNING  Orphan pdf_cell 218 recovered to col=3 by nearest-column fallback (row=3, x=661.5, dist=160.2)
2026-09-07 00:49:49,027 MatchingPostProcessor WARNING  Orphan pdf_cell 219 recovered to col=3 by nearest-column fallback (row=3, x=672.5, dist=149.2)
2026-09-07 00:49:49,027 MatchingPostProcessor WARNING  Orphan pdf_cell 220 recovered to col=3 by nearest-column fallback (row=3, x=683.5, dist=138.2)
2026-09-07 00:49:49,027 MatchingPostProcessor WARNING  Orphan pdf_cell 221 recovered to col=3 by nearest-column fallback (row=3, x=694.5, dist=127.2)
2026-09-07 00:49:49,027 MatchingPostProcessor WARNING  Orphan pdf_cell 222 recovered to col=3 by nearest-column fallback (row=3, x=705.5, dist=116.2)
2026-09-07 00:49:49,027 MatchingPostProcessor WARNING  Orphan pdf_cell 223 recovered to col=3 by nearest-column fallback (row=3, x=716.5, dist=105.2)
2026-09-07 00:49:49,027 MatchingPostProcessor WARNING  Orphan pdf_cell 224 recovered to col=3 by nearest-column fallback (row=3, x=727.5, dist=94.2)
2026-09-07 00:49:49,027 MatchingPostProcessor WARNING  Orphan pdf_cell 225 recovered to col=3 by nearest-column fallback (row=3, x=738.5, dist=83.2)
2026-09-07 00:49:49,027 MatchingPostProcessor WARNING  Orphan pdf_cell 226 recovered to col=3 by nearest-column fallback (row=3, x=749.5, dist=72.2)
2026-09-07 00:49:49,027 MatchingPostProcessor WARNING  Orphan pdf_cell 227 recovered to col=3 by nearest-column fallback (row=3, x=760.5, dist=61.2)
2026-09-07 00:49:49,027 MatchingPostProcessor WARNING  Orphan pdf_cell 228 recovered to col=3 by nearest-column fallback (row=3, x=771.5, dist=50.2)
2026-09-07 00:49:49,027 MatchingPostProcessor WARNING  Orphan pdf_cell 229 recovered to col=3 by nearest-column fallback (row=3, x=782.5, dist=39.2)
2026-09-07 00:49:49,027 MatchingPostProcessor WARNING  Orphan pdf_cell 230 recovered to col=3 by nearest-column fallback (row=3, x=793.5, dist=28.2)
2026-09-07 00:49:49,027 MatchingPostProcessor WARNING  Orphan pdf_cell 244 recovered to col=3 by nearest-column fallback (row=4, x=672.5, dist=149.2)
2026-09-07 00:49:49,027 MatchingPostProcessor WARNING  Orphan pdf_cell 245 recovered to col=3 by nearest-column fallback (row=4, x=684.0, dist=137.8)
2026-09-07 00:49:49,027 MatchingPostProcessor WARNING  Orphan pdf_cell 246 recovered to col=3 by nearest-column fallback (row=4, x=695.4, dist=126.3)
2026-09-07 00:49:49,027 MatchingPostProcessor WARNING  Orphan pdf_cell 247 recovered to col=3 by nearest-column fallback (row=4, x=706.8, dist=114.9)
2026-09-07 00:49:49,027 MatchingPostProcessor WARNING  Orphan pdf_cell 248 recovered to col=3 by nearest-column fallback (row=4, x=718.3, dist=103.5)
2026-09-07 00:49:49,027 MatchingPostProcessor WARNING  Orphan pdf_cell 249 recovered to col=3 by nearest-column fallback (row=4, x=729.7, dist=92.0)
2026-09-07 00:49:49,027 MatchingPostProcessor WARNING  Orphan pdf_cell 250 recovered to col=3 by nearest-column fallback (row=4, x=741.1, dist=80.6)
2026-09-07 00:49:49,027 MatchingPostProcessor WARNING  Orphan pdf_cell 251 recovered to col=3 by nearest-column fallback (row=4, x=752.6, dist=69.2)
2026-09-07 00:49:49,027 MatchingPostProcessor WARNING  Orphan pdf_cell 252 recovered to col=3 by nearest-column fallback (row=4, x=764.0, dist=57.7)
2026-09-07 00:49:49,027 MatchingPostProcessor WARNING  Orphan pdf_cell 253 recovered to col=3 by nearest-column fallback (row=4, x=775.4, dist=46.3)
2026-09-07 00:49:49,027 MatchingPostProcessor WARNING  Orphan pdf_cell 254 recovered to col=3 by nearest-column fallback (row=4, x=786.9, dist=34.9)
2026-09-07 00:49:49,027 MatchingPostProcessor WARNING  Orphan pdf_cell 284 recovered to col=2 by nearest-column fallback (row=5, x=491.9, dist=181.8)
2026-09-07 00:49:49,027 MatchingPostProcessor WARNING  Orphan pdf_cell 285 recovered to col=2 by nearest-column fallback (row=5, x=502.9, dist=192.8)
2026-09-07 00:49:49,027 MatchingPostProcessor WARNING  Orphan pdf_cell 286 recovered to col=2 by nearest-column fallback (row=5, x=513.9, dist=203.8)
2026-09-07 00:49:49,027 MatchingPostProcessor WARNING  Orphan pdf_cell 287 recovered to col=2 by nearest-column fallback (row=5, x=524.9, dist=214.8)
2026-09-07 00:49:49,027 MatchingPostProcessor WARNING  Orphan pdf_cell 288 recovered to col=2 by nearest-column fallback (row=5, x=535.9, dist=225.8)
2026-09-07 00:49:49,027 MatchingPostProcessor WARNING  Orphan pdf_cell 289 recovered to col=2 by nearest-column fallback (row=5, x=546.9, dist=236.8)
2026-09-07 00:49:49,027 MatchingPostProcessor WARNING  Orphan pdf_cell 290 recovered to col=2 by nearest-column fallback (row=5, x=557.9, dist=247.8)
2026-09-07 00:49:49,027 MatchingPostProcessor WARNING  Orphan pdf_cell 291 recovered to col=3 by nearest-column fallback (row=5, x=568.9, dist=252.8)
2026-09-07 00:49:49,027 MatchingPostProcessor WARNING  Orphan pdf_cell 292 recovered to col=3 by nearest-column fallback (row=5, x=579.9, dist=241.8)
2026-09-07 00:49:49,027 MatchingPostProcessor WARNING  Orphan pdf_cell 293 recovered to col=3 by nearest-column fallback (row=5, x=590.9, dist=230.8)
2026-09-07 00:49:49,027 MatchingPostProcessor WARNING  Orphan pdf_cell 294 recovered to col=3 by nearest-column fallback (row=5, x=601.9, dist=219.8)
2026-09-07 00:49:49,027 MatchingPostProcessor WARNING  Orphan pdf_cell 295 recovered to col=3 by nearest-column fallback (row=5, x=612.9, dist=208.8)
2026-09-07 00:49:49,028 MatchingPostProcessor WARNING  Orphan pdf_cell 296 recovered to col=3 by nearest-column fallback (row=5, x=623.9, dist=197.8)
2026-09-07 00:49:49,028 MatchingPostProcessor WARNING  Orphan pdf_cell 297 recovered to col=3 by nearest-column fallback (row=5, x=634.9, dist=186.8)
2026-09-07 00:49:49,028 MatchingPostProcessor WARNING  Orphan pdf_cell 298 recovered to col=3 by nearest-column fallback (row=5, x=645.9, dist=175.8)
2026-09-07 00:49:49,028 MatchingPostProcessor WARNING  Orphan pdf_cell 299 recovered to col=3 by nearest-column fallback (row=5, x=656.9, dist=164.8)
2026-09-07 00:49:49,028 MatchingPostProcessor WARNING  Orphan pdf_cell 300 recovered to col=3 by nearest-column fallback (row=5, x=667.9, dist=153.8)
2026-09-07 00:49:49,028 MatchingPostProcessor WARNING  Orphan pdf_cell 301 recovered to col=3 by nearest-column fallback (row=5, x=678.9, dist=142.8)
2026-09-07 00:49:49,028 MatchingPostProcessor WARNING  Orphan pdf_cell 302 recovered to col=3 by nearest-column fallback (row=5, x=689.9, dist=131.8)
2026-09-07 00:49:49,028 MatchingPostProcessor WARNING  Orphan pdf_cell 303 recovered to col=3 by nearest-column fallback (row=5, x=700.9, dist=120.8)
2026-09-07 00:49:49,028 MatchingPostProcessor WARNING  Orphan pdf_cell 304 recovered to col=3 by nearest-column fallback (row=5, x=711.9, dist=109.8)
2026-09-07 00:49:49,028 MatchingPostProcessor WARNING  Orphan pdf_cell 305 recovered to col=3 by nearest-column fallback (row=5, x=722.9, dist=98.8)
2026-09-07 00:49:49,028 MatchingPostProcessor WARNING  Orphan pdf_cell 306 recovered to col=3 by nearest-column fallback (row=5, x=733.9, dist=87.8)
2026-09-07 00:49:49,028 MatchingPostProcessor WARNING  Orphan pdf_cell 307 recovered to col=3 by nearest-column fallback (row=5, x=744.9, dist=76.8)
2026-09-07 00:49:49,028 MatchingPostProcessor WARNING  Orphan pdf_cell 308 recovered to col=3 by nearest-column fallback (row=5, x=755.9, dist=65.8)
2026-09-07 00:49:49,028 MatchingPostProcessor WARNING  Orphan pdf_cell 309 recovered to col=3 by nearest-column fallback (row=5, x=766.9, dist=54.8)
2026-09-07 00:49:49,028 MatchingPostProcessor WARNING  Orphan pdf_cell 310 recovered to col=3 by nearest-column fallback (row=5, x=777.9, dist=43.8)
2026-09-07 00:49:49,028 MatchingPostProcessor WARNING  Orphan pdf_cell 311 recovered to col=3 by nearest-column fallback (row=5, x=788.9, dist=32.8)
2026-09-07 00:49:49,028 MatchingPostProcessor WARNING  Orphan pdf_cell 337 recovered to col=2 by nearest-column fallback (row=6, x=491.9, dist=181.8)
2026-09-07 00:49:49,028 MatchingPostProcessor WARNING  Orphan pdf_cell 338 recovered to col=2 by nearest-column fallback (row=6, x=502.9, dist=192.8)
2026-09-07 00:49:49,028 MatchingPostProcessor WARNING  Orphan pdf_cell 339 recovered to col=2 by nearest-column fallback (row=6, x=513.9, dist=203.8)
2026-09-07 00:49:49,028 MatchingPostProcessor WARNING  Orphan pdf_cell 340 recovered to col=2 by nearest-column fallback (row=6, x=524.9, dist=214.8)
2026-09-07 00:49:49,028 MatchingPostProcessor WARNING  Orphan pdf_cell 341 recovered to col=2 by nearest-column fallback (row=6, x=535.9, dist=225.8)
2026-09-07 00:49:49,028 MatchingPostProcessor WARNING  Orphan pdf_cell 342 recovered to col=2 by nearest-column fallback (row=6, x=546.9, dist=236.8)
2026-09-07 00:49:49,028 MatchingPostProcessor WARNING  Orphan pdf_cell 343 recovered to col=2 by nearest-column fallback (row=6, x=557.9, dist=247.8)
2026-09-07 00:49:49,028 MatchingPostProcessor WARNING  Orphan pdf_cell 344 recovered to col=3 by nearest-column fallback (row=6, x=568.9, dist=252.8)
2026-09-07 00:49:49,028 MatchingPostProcessor WARNING  Orphan pdf_cell 345 recovered to col=3 by nearest-column fallback (row=6, x=579.9, dist=241.8)
2026-09-07 00:49:49,028 MatchingPostProcessor WARNING  Orphan pdf_cell 346 recovered to col=3 by nearest-column fallback (row=6, x=590.9, dist=230.8)
2026-09-07 00:49:49,028 MatchingPostProcessor WARNING  Orphan pdf_cell 347 recovered to col=3 by nearest-column fallback (row=6, x=601.9, dist=219.8)
2026-09-07 00:49:49,028 MatchingPostProcessor WARNING  Orphan pdf_cell 348 recovered to col=3 by nearest-column fallback (row=6, x=612.9, dist=208.8)
2026-09-07 00:49:49,028 MatchingPostProcessor WARNING  Orphan pdf_cell 349 recovered to col=3 by nearest-column fallback (row=6, x=623.9, dist=197.8)
2026-09-07 00:49:49,028 MatchingPostProcessor WARNING  Orphan pdf_cell 350 recovered to col=3 by nearest-column fallback (row=6, x=634.9, dist=186.8)
2026-09-07 00:49:49,028 MatchingPostProcessor WARNING  Orphan pdf_cell 351 recovered to col=3 by nearest-column fallback (row=6, x=645.9, dist=175.8)
2026-09-07 00:49:49,028 MatchingPostProcessor WARNING  Orphan pdf_cell 352 recovered to col=3 by nearest-column fallback (row=6, x=656.9, dist=164.8)
2026-09-07 00:49:49,028 MatchingPostProcessor WARNING  Orphan pdf_cell 353 recovered to col=3 by nearest-column fallback (row=6, x=667.9, dist=153.8)
2026-09-07 00:49:49,028 MatchingPostProcessor WARNING  Orphan pdf_cell 354 recovered to col=3 by nearest-column fallback (row=6, x=678.9, dist=142.8)
2026-09-07 00:49:49,028 MatchingPostProcessor WARNING  Orphan pdf_cell 355 recovered to col=3 by nearest-column fallback (row=6, x=689.9, dist=131.8)
2026-09-07 00:49:49,028 MatchingPostProcessor WARNING  Orphan pdf_cell 356 recovered to col=3 by nearest-column fallback (row=6, x=700.9, dist=120.8)
2026-09-07 00:49:49,028 MatchingPostProcessor WARNING  Orphan pdf_cell 357 recovered to col=3 by nearest-column fallback (row=6, x=711.9, dist=109.8)
2026-09-07 00:49:49,028 MatchingPostProcessor WARNING  Orphan pdf_cell 358 recovered to col=3 by nearest-column fallback (row=6, x=722.9, dist=98.8)
2026-09-07 00:49:49,028 MatchingPostProcessor WARNING  Orphan pdf_cell 359 recovered to col=3 by nearest-column fallback (row=6, x=733.9, dist=87.8)
2026-09-07 00:49:49,028 MatchingPostProcessor WARNING  Orphan pdf_cell 360 recovered to col=3 by nearest-column fallback (row=6, x=744.9, dist=76.8)
2026-09-07 00:49:49,028 MatchingPostProcessor WARNING  Orphan pdf_cell 361 recovered to col=3 by nearest-column fallback (row=6, x=755.9, dist=65.8)
2026-09-07 00:49:49,028 MatchingPostProcessor WARNING  Orphan pdf_cell 362 recovered to col=3 by nearest-column fallback (row=6, x=766.9, dist=54.8)
2026-09-07 00:49:49,029 MatchingPostProcessor WARNING  Orphan pdf_cell 363 recovered to col=3 by nearest-column fallback (row=6, x=777.9, dist=43.8)
2026-09-07 00:49:49,029 MatchingPostProcessor WARNING  Orphan pdf_cell 364 recovered to col=3 by nearest-column fallback (row=6, x=788.9, dist=32.8)
2026-09-07 00:49:49,029 MatchingPostProcessor WARNING  Orphan pdf_cell 379 recovered to col=2 by nearest-column fallback (row=7, x=492.0, dist=181.8)
2026-09-07 00:49:49,029 MatchingPostProcessor WARNING  Orphan pdf_cell 380 recovered to col=2 by nearest-column fallback (row=7, x=503.0, dist=192.8)
2026-09-07 00:49:49,029 MatchingPostProcessor WARNING  Orphan pdf_cell 381 recovered to col=2 by nearest-column fallback (row=7, x=514.0, dist=203.8)
2026-09-07 00:49:49,029 MatchingPostProcessor WARNING  Orphan pdf_cell 382 recovered to col=2 by nearest-column fallback (row=7, x=525.0, dist=214.8)
2026-09-07 00:49:49,029 MatchingPostProcessor WARNING  Orphan pdf_cell 383 recovered to col=2 by nearest-column fallback (row=7, x=536.0, dist=225.8)
2026-09-07 00:49:49,029 MatchingPostProcessor WARNING  Orphan pdf_cell 384 recovered to col=2 by nearest-column fallback (row=7, x=547.0, dist=236.8)
2026-09-07 00:49:49,029 MatchingPostProcessor WARNING  Orphan pdf_cell 385 recovered to col=2 by nearest-column fallback (row=7, x=558.0, dist=247.8)
2026-09-07 00:49:49,029 MatchingPostProcessor WARNING  Orphan pdf_cell 386 recovered to col=3 by nearest-column fallback (row=7, x=569.0, dist=252.8)
2026-09-07 00:49:49,029 MatchingPostProcessor WARNING  Orphan pdf_cell 387 recovered to col=3 by nearest-column fallback (row=7, x=580.0, dist=241.8)
2026-09-07 00:49:49,029 MatchingPostProcessor WARNING  Orphan pdf_cell 388 recovered to col=3 by nearest-column fallback (row=7, x=591.0, dist=230.8)
2026-09-07 00:49:49,029 MatchingPostProcessor WARNING  Orphan pdf_cell 389 recovered to col=3 by nearest-column fallback (row=7, x=602.0, dist=219.8)
2026-09-07 00:49:49,029 MatchingPostProcessor WARNING  Orphan pdf_cell 390 recovered to col=3 by nearest-column fallback (row=7, x=613.0, dist=208.8)
2026-09-07 00:49:49,029 MatchingPostProcessor WARNING  Orphan pdf_cell 391 recovered to col=3 by nearest-column fallback (row=7, x=624.0, dist=197.8)
2026-09-07 00:49:49,029 MatchingPostProcessor WARNING  Orphan pdf_cell 392 recovered to col=3 by nearest-column fallback (row=7, x=635.0, dist=186.8)
2026-09-07 00:49:49,029 MatchingPostProcessor WARNING  Orphan pdf_cell 393 recovered to col=3 by nearest-column fallback (row=7, x=646.0, dist=175.8)
2026-09-07 00:49:49,029 MatchingPostProcessor WARNING  Orphan pdf_cell 394 recovered to col=3 by nearest-column fallback (row=7, x=657.0, dist=164.8)
2026-09-07 00:49:49,029 MatchingPostProcessor WARNING  Orphan pdf_cell 395 recovered to col=3 by nearest-column fallback (row=7, x=668.0, dist=153.8)
2026-09-07 00:49:49,029 MatchingPostProcessor WARNING  Orphan pdf_cell 396 recovered to col=3 by nearest-column fallback (row=7, x=679.0, dist=142.8)
2026-09-07 00:49:49,029 MatchingPostProcessor WARNING  Orphan pdf_cell 397 recovered to col=3 by nearest-column fallback (row=7, x=690.0, dist=131.8)
2026-09-07 00:49:49,029 MatchingPostProcessor WARNING  Orphan pdf_cell 398 recovered to col=3 by nearest-column fallback (row=7, x=701.0, dist=120.8)
2026-09-07 00:49:49,029 MatchingPostProcessor WARNING  Orphan pdf_cell 399 recovered to col=3 by nearest-column fallback (row=7, x=712.0, dist=109.8)
2026-09-07 00:49:49,029 MatchingPostProcessor WARNING  Orphan pdf_cell 400 recovered to col=3 by nearest-column fallback (row=7, x=723.0, dist=98.8)
2026-09-07 00:49:49,029 MatchingPostProcessor WARNING  Orphan pdf_cell 401 recovered to col=3 by nearest-column fallback (row=7, x=734.0, dist=87.8)
2026-09-07 00:49:49,029 MatchingPostProcessor WARNING  Orphan pdf_cell 402 recovered to col=3 by nearest-column fallback (row=7, x=745.0, dist=76.8)
2026-09-07 00:49:49,029 MatchingPostProcessor WARNING  Orphan pdf_cell 403 recovered to col=3 by nearest-column fallback (row=7, x=756.0, dist=65.8)
2026-09-07 00:49:49,029 MatchingPostProcessor WARNING  Orphan pdf_cell 404 recovered to col=3 by nearest-column fallback (row=7, x=767.0, dist=54.8)
2026-09-07 00:49:49,029 MatchingPostProcessor WARNING  Orphan pdf_cell 405 recovered to col=3 by nearest-column fallback (row=7, x=778.0, dist=43.8)
2026-09-07 00:49:49,029 MatchingPostProcessor WARNING  Orphan pdf_cell 406 recovered to col=3 by nearest-column fallback (row=7, x=789.0, dist=32.8)
2026-09-07 00:49:49,029 MatchingPostProcessor WARNING  Orphan pdf_cell 433 recovered to col=2 by nearest-column fallback (row=8, x=491.9, dist=181.8)
2026-09-07 00:49:49,029 MatchingPostProcessor WARNING  Orphan pdf_cell 434 recovered to col=2 by nearest-column fallback (row=8, x=502.9, dist=192.8)
2026-09-07 00:49:49,029 MatchingPostProcessor WARNING  Orphan pdf_cell 435 recovered to col=2 by nearest-column fallback (row=8, x=513.9, dist=203.8)
2026-09-07 00:49:49,029 MatchingPostProcessor WARNING  Orphan pdf_cell 436 recovered to col=2 by nearest-column fallback (row=8, x=524.9, dist=214.8)
2026-09-07 00:49:49,029 MatchingPostProcessor WARNING  Orphan pdf_cell 437 recovered to col=2 by nearest-column fallback (row=8, x=535.9, dist=225.8)
2026-09-07 00:49:49,029 MatchingPostProcessor WARNING  Orphan pdf_cell 438 recovered to col=2 by nearest-column fallback (row=8, x=546.9, dist=236.8)
2026-09-07 00:49:49,029 MatchingPostProcessor WARNING  Orphan pdf_cell 439 recovered to col=2 by nearest-column fallback (row=8, x=557.9, dist=247.8)
2026-09-07 00:49:49,030 MatchingPostProcessor WARNING  Orphan pdf_cell 440 recovered to col=3 by nearest-column fallback (row=8, x=568.9, dist=252.8)
2026-09-07 00:49:49,030 MatchingPostProcessor WARNING  Orphan pdf_cell 441 recovered to col=3 by nearest-column fallback (row=8, x=579.9, dist=241.8)
2026-09-07 00:49:49,030 MatchingPostProcessor WARNING  Orphan pdf_cell 442 recovered to col=3 by nearest-column fallback (row=8, x=590.9, dist=230.8)
2026-09-07 00:49:49,030 MatchingPostProcessor WARNING  Orphan pdf_cell 443 recovered to col=3 by nearest-column fallback (row=8, x=601.9, dist=219.8)
2026-09-07 00:49:49,030 MatchingPostProcessor WARNING  Orphan pdf_cell 444 recovered to col=3 by nearest-column fallback (row=8, x=612.9, dist=208.8)
2026-09-07 00:49:49,030 MatchingPostProcessor WARNING  Orphan pdf_cell 445 recovered to col=3 by nearest-column fallback (row=8, x=623.9, dist=197.8)
2026-09-07 00:49:49,030 MatchingPostProcessor WARNING  Orphan pdf_cell 446 recovered to col=3 by nearest-column fallback (row=8, x=634.9, dist=186.8)
2026-09-07 00:49:49,030 MatchingPostProcessor WARNING  Orphan pdf_cell 447 recovered to col=3 by nearest-column fallback (row=8, x=645.9, dist=175.8)
2026-09-07 00:49:49,030 MatchingPostProcessor WARNING  Orphan pdf_cell 448 recovered to col=3 by nearest-column fallback (row=8, x=656.9, dist=164.8)
2026-09-07 00:49:49,030 MatchingPostProcessor WARNING  Orphan pdf_cell 449 recovered to col=3 by nearest-column fallback (row=8, x=667.9, dist=153.8)
2026-09-07 00:49:49,030 MatchingPostProcessor WARNING  Orphan pdf_cell 450 recovered to col=3 by nearest-column fallback (row=8, x=678.9, dist=142.8)
2026-09-07 00:49:49,030 MatchingPostProcessor WARNING  Orphan pdf_cell 451 recovered to col=3 by nearest-column fallback (row=8, x=689.9, dist=131.8)
2026-09-07 00:49:49,030 MatchingPostProcessor WARNING  Orphan pdf_cell 452 recovered to col=3 by nearest-column fallback (row=8, x=700.9, dist=120.8)
2026-09-07 00:49:49,030 MatchingPostProcessor WARNING  Orphan pdf_cell 453 recovered to col=3 by nearest-column fallback (row=8, x=711.9, dist=109.8)
2026-09-07 00:49:49,030 MatchingPostProcessor WARNING  Orphan pdf_cell 454 recovered to col=3 by nearest-column fallback (row=8, x=722.9, dist=98.8)
2026-09-07 00:49:49,030 MatchingPostProcessor WARNING  Orphan pdf_cell 455 recovered to col=3 by nearest-column fallback (row=8, x=733.9, dist=87.8)
2026-09-07 00:49:49,030 MatchingPostProcessor WARNING  Orphan pdf_cell 456 recovered to col=3 by nearest-column fallback (row=8, x=744.9, dist=76.8)
2026-09-07 00:49:49,030 MatchingPostProcessor WARNING  Orphan pdf_cell 457 recovered to col=3 by nearest-column fallback (row=8, x=755.9, dist=65.8)
2026-09-07 00:49:49,030 MatchingPostProcessor WARNING  Orphan pdf_cell 458 recovered to col=3 by nearest-column fallback (row=8, x=766.9, dist=54.8)
2026-09-07 00:49:49,030 MatchingPostProcessor WARNING  Orphan pdf_cell 459 recovered to col=3 by nearest-column fallback (row=8, x=777.9, dist=43.8)
2026-09-07 00:49:49,030 MatchingPostProcessor WARNING  Orphan pdf_cell 460 recovered to col=3 by nearest-column fallback (row=8, x=788.9, dist=32.8)
2026-09-07 00:49:49,030 MatchingPostProcessor WARNING  Orphan pdf_cell 481 recovered to col=2 by nearest-column fallback (row=9, x=491.9, dist=181.8)
2026-09-07 00:49:49,030 MatchingPostProcessor WARNING  Orphan pdf_cell 482 recovered to col=2 by nearest-column fallback (row=9, x=502.9, dist=192.8)
2026-09-07 00:49:49,030 MatchingPostProcessor WARNING  Orphan pdf_cell 483 recovered to col=2 by nearest-column fallback (row=9, x=513.9, dist=203.8)
2026-09-07 00:49:49,030 MatchingPostProcessor WARNING  Orphan pdf_cell 484 recovered to col=2 by nearest-column fallback (row=9, x=524.9, dist=214.8)
2026-09-07 00:49:49,030 MatchingPostProcessor WARNING  Orphan pdf_cell 485 recovered to col=2 by nearest-column fallback (row=9, x=535.9, dist=225.8)
2026-09-07 00:49:49,030 MatchingPostProcessor WARNING  Orphan pdf_cell 486 recovered to col=2 by nearest-column fallback (row=9, x=546.9, dist=236.8)
2026-09-07 00:49:49,030 MatchingPostProcessor WARNING  Orphan pdf_cell 487 recovered to col=2 by nearest-column fallback (row=9, x=557.9, dist=247.8)
2026-09-07 00:49:49,030 MatchingPostProcessor WARNING  Orphan pdf_cell 488 recovered to col=3 by nearest-column fallback (row=9, x=568.9, dist=252.8)
2026-09-07 00:49:49,030 MatchingPostProcessor WARNING  Orphan pdf_cell 489 recovered to col=3 by nearest-column fallback (row=9, x=579.9, dist=241.8)
2026-09-07 00:49:49,030 MatchingPostProcessor WARNING  Orphan pdf_cell 490 recovered to col=3 by nearest-column fallback (row=9, x=590.9, dist=230.8)
2026-09-07 00:49:49,030 MatchingPostProcessor WARNING  Orphan pdf_cell 491 recovered to col=3 by nearest-column fallback (row=9, x=601.9, dist=219.8)
2026-09-07 00:49:49,030 MatchingPostProcessor WARNING  Orphan pdf_cell 492 recovered to col=3 by nearest-column fallback (row=9, x=612.9, dist=208.8)
2026-09-07 00:49:49,030 MatchingPostProcessor WARNING  Orphan pdf_cell 493 recovered to col=3 by nearest-column fallback (row=9, x=623.9, dist=197.8)
2026-09-07 00:49:49,030 MatchingPostProcessor WARNING  Orphan pdf_cell 494 recovered to col=3 by nearest-column fallback (row=9, x=634.9, dist=186.8)
2026-09-07 00:49:49,030 MatchingPostProcessor WARNING  Orphan pdf_cell 495 recovered to col=3 by nearest-column fallback (row=9, x=645.9, dist=175.8)
2026-09-07 00:49:49,030 MatchingPostProcessor WARNING  Orphan pdf_cell 496 recovered to col=3 by nearest-column fallback (row=9, x=656.9, dist=164.8)
2026-09-07 00:49:49,030 MatchingPostProcessor WARNING  Orphan pdf_cell 497 recovered to col=3 by nearest-column fallback (row=9, x=667.9, dist=153.8)
2026-09-07 00:49:49,030 MatchingPostProcessor WARNING  Orphan pdf_cell 498 recovered to col=3 by nearest-column fallback (row=9, x=678.9, dist=142.8)
2026-09-07 00:49:49,030 MatchingPostProcessor WARNING  Orphan pdf_cell 499 recovered to col=3 by nearest-column fallback (row=9, x=689.9, dist=131.8)
2026-09-07 00:49:49,030 MatchingPostProcessor WARNING  Orphan pdf_cell 500 recovered to col=3 by nearest-column fallback (row=9, x=700.9, dist=120.8)
2026-09-07 00:49:49,030 MatchingPostProcessor WARNING  Orphan pdf_cell 501 recovered to col=3 by nearest-column fallback (row=9, x=711.9, dist=109.8)
2026-09-07 00:49:49,030 MatchingPostProcessor WARNING  Orphan pdf_cell 502 recovered to col=3 by nearest-column fallback (row=9, x=722.9, dist=98.8)
2026-09-07 00:49:49,031 MatchingPostProcessor WARNING  Orphan pdf_cell 503 recovered to col=3 by nearest-column fallback (row=9, x=733.9, dist=87.8)
2026-09-07 00:49:49,031 MatchingPostProcessor WARNING  Orphan pdf_cell 504 recovered to col=3 by nearest-column fallback (row=9, x=744.9, dist=76.8)
2026-09-07 00:49:49,031 MatchingPostProcessor WARNING  Orphan pdf_cell 505 recovered to col=3 by nearest-column fallback (row=9, x=755.9, dist=65.8)
2026-09-07 00:49:49,031 MatchingPostProcessor WARNING  Orphan pdf_cell 506 recovered to col=3 by nearest-column fallback (row=9, x=766.9, dist=54.8)
2026-09-07 00:49:49,031 MatchingPostProcessor WARNING  Orphan pdf_cell 507 recovered to col=3 by nearest-column fallback (row=9, x=777.9, dist=43.8)
2026-09-07 00:49:49,031 MatchingPostProcessor WARNING  Orphan pdf_cell 508 recovered to col=3 by nearest-column fallback (row=9, x=788.9, dist=32.8)
2026-09-07 00:49:49,031 MatchingPostProcessor WARNING  Orphan pdf_cell 527 recovered to col=2 by nearest-column fallback (row=10, x=492.0, dist=181.9)
2026-09-07 00:49:49,031 MatchingPostProcessor WARNING  Orphan pdf_cell 528 recovered to col=2 by nearest-column fallback (row=10, x=503.0, dist=192.9)
2026-09-07 00:49:49,031 MatchingPostProcessor WARNING  Orphan pdf_cell 529 recovered to col=2 by nearest-column fallback (row=10, x=514.0, dist=203.9)
2026-09-07 00:49:49,031 MatchingPostProcessor WARNING  Orphan pdf_cell 530 recovered to col=2 by nearest-column fallback (row=10, x=525.0, dist=214.9)
2026-09-07 00:49:49,031 MatchingPostProcessor WARNING  Orphan pdf_cell 531 recovered to col=2 by nearest-column fallback (row=10, x=536.0, dist=225.9)
2026-09-07 00:49:49,031 MatchingPostProcessor WARNING  Orphan pdf_cell 532 recovered to col=2 by nearest-column fallback (row=10, x=547.0, dist=236.9)
2026-09-07 00:49:49,031 MatchingPostProcessor WARNING  Orphan pdf_cell 533 recovered to col=2 by nearest-column fallback (row=10, x=558.0, dist=247.9)
2026-09-07 00:49:49,031 MatchingPostProcessor WARNING  Orphan pdf_cell 534 recovered to col=3 by nearest-column fallback (row=10, x=569.0, dist=252.8)
2026-09-07 00:49:49,031 MatchingPostProcessor WARNING  Orphan pdf_cell 535 recovered to col=3 by nearest-column fallback (row=10, x=580.0, dist=241.8)
2026-09-07 00:49:49,031 MatchingPostProcessor WARNING  Orphan pdf_cell 536 recovered to col=3 by nearest-column fallback (row=10, x=591.0, dist=230.8)
2026-09-07 00:49:49,031 MatchingPostProcessor WARNING  Orphan pdf_cell 537 recovered to col=3 by nearest-column fallback (row=10, x=602.0, dist=219.8)
2026-09-07 00:49:49,031 MatchingPostProcessor WARNING  Orphan pdf_cell 538 recovered to col=3 by nearest-column fallback (row=10, x=613.0, dist=208.8)
2026-09-07 00:49:49,031 MatchingPostProcessor WARNING  Orphan pdf_cell 539 recovered to col=3 by nearest-column fallback (row=10, x=624.0, dist=197.8)
2026-09-07 00:49:49,031 MatchingPostProcessor WARNING  Orphan pdf_cell 540 recovered to col=3 by nearest-column fallback (row=10, x=635.0, dist=186.8)
2026-09-07 00:49:49,031 MatchingPostProcessor WARNING  Orphan pdf_cell 541 recovered to col=3 by nearest-column fallback (row=10, x=646.0, dist=175.8)
2026-09-07 00:49:49,031 MatchingPostProcessor WARNING  Orphan pdf_cell 542 recovered to col=3 by nearest-column fallback (row=10, x=657.0, dist=164.8)
2026-09-07 00:49:49,031 MatchingPostProcessor WARNING  Orphan pdf_cell 543 recovered to col=3 by nearest-column fallback (row=10, x=668.0, dist=153.8)
2026-09-07 00:49:49,031 MatchingPostProcessor WARNING  Orphan pdf_cell 544 recovered to col=3 by nearest-column fallback (row=10, x=679.0, dist=142.8)
2026-09-07 00:49:49,031 MatchingPostProcessor WARNING  Orphan pdf_cell 545 recovered to col=3 by nearest-column fallback (row=10, x=690.0, dist=131.8)
2026-09-07 00:49:49,031 MatchingPostProcessor WARNING  Orphan pdf_cell 546 recovered to col=3 by nearest-column fallback (row=10, x=701.0, dist=120.8)
2026-09-07 00:49:49,031 MatchingPostProcessor WARNING  Orphan pdf_cell 547 recovered to col=3 by nearest-column fallback (row=10, x=712.0, dist=109.8)
2026-09-07 00:49:49,031 MatchingPostProcessor WARNING  Orphan pdf_cell 548 recovered to col=3 by nearest-column fallback (row=10, x=723.0, dist=98.8)
2026-09-07 00:49:49,031 MatchingPostProcessor WARNING  Orphan pdf_cell 549 recovered to col=3 by nearest-column fallback (row=10, x=734.0, dist=87.8)
2026-09-07 00:49:49,031 MatchingPostProcessor WARNING  Orphan pdf_cell 550 recovered to col=3 by nearest-column fallback (row=10, x=745.0, dist=76.8)
2026-09-07 00:49:49,031 MatchingPostProcessor WARNING  Orphan pdf_cell 551 recovered to col=3 by nearest-column fallback (row=10, x=756.0, dist=65.8)
2026-09-07 00:49:49,031 MatchingPostProcessor WARNING  Orphan pdf_cell 552 recovered to col=3 by nearest-column fallback (row=10, x=767.0, dist=54.8)
2026-09-07 00:49:49,031 MatchingPostProcessor WARNING  Orphan pdf_cell 553 recovered to col=3 by nearest-column fallback (row=10, x=778.0, dist=43.8)
2026-09-07 00:49:49,031 MatchingPostProcessor WARNING  Orphan pdf_cell 554 recovered to col=3 by nearest-column fallback (row=10, x=789.0, dist=32.8)
2026-09-07 00:49:49,031 MatchingPostProcessor WARNING  Orphan pdf_cell 574 recovered to col=2 by nearest-column fallback (row=11, x=491.9, dist=181.8)
2026-09-07 00:49:49,031 MatchingPostProcessor WARNING  Orphan pdf_cell 575 recovered to col=2 by nearest-column fallback (row=11, x=502.9, dist=192.8)
2026-09-07 00:49:49,031 MatchingPostProcessor WARNING  Orphan pdf_cell 576 recovered to col=2 by nearest-column fallback (row=11, x=513.9, dist=203.8)
2026-09-07 00:49:49,031 MatchingPostProcessor WARNING  Orphan pdf_cell 577 recovered to col=2 by nearest-column fallback (row=11, x=524.9, dist=214.8)
2026-09-07 00:49:49,031 MatchingPostProcessor WARNING  Orphan pdf_cell 578 recovered to col=2 by nearest-column fallback (row=11, x=535.9, dist=225.8)
2026-09-07 00:49:49,032 MatchingPostProcessor WARNING  Orphan pdf_cell 579 recovered to col=2 by nearest-column fallback (row=11, x=546.9, dist=236.8)
2026-09-07 00:49:49,032 MatchingPostProcessor WARNING  Orphan pdf_cell 580 recovered to col=2 by nearest-column fallback (row=11, x=557.9, dist=247.8)
2026-09-07 00:49:49,032 MatchingPostProcessor WARNING  Orphan pdf_cell 581 recovered to col=3 by nearest-column fallback (row=11, x=568.9, dist=252.8)
2026-09-07 00:49:49,032 MatchingPostProcessor WARNING  Orphan pdf_cell 582 recovered to col=3 by nearest-column fallback (row=11, x=579.9, dist=241.8)
2026-09-07 00:49:49,032 MatchingPostProcessor WARNING  Orphan pdf_cell 583 recovered to col=3 by nearest-column fallback (row=11, x=590.9, dist=230.8)
2026-09-07 00:49:49,032 MatchingPostProcessor WARNING  Orphan pdf_cell 584 recovered to col=3 by nearest-column fallback (row=11, x=601.9, dist=219.8)
2026-09-07 00:49:49,032 MatchingPostProcessor WARNING  Orphan pdf_cell 585 recovered to col=3 by nearest-column fallback (row=11, x=612.9, dist=208.8)
2026-09-07 00:49:49,032 MatchingPostProcessor WARNING  Orphan pdf_cell 586 recovered to col=3 by nearest-column fallback (row=11, x=623.9, dist=197.8)
2026-09-07 00:49:49,032 MatchingPostProcessor WARNING  Orphan pdf_cell 587 recovered to col=3 by nearest-column fallback (row=11, x=634.9, dist=186.8)
2026-09-07 00:49:49,032 MatchingPostProcessor WARNING  Orphan pdf_cell 588 recovered to col=3 by nearest-column fallback (row=11, x=645.9, dist=175.8)
2026-09-07 00:49:49,032 MatchingPostProcessor WARNING  Orphan pdf_cell 589 recovered to col=3 by nearest-column fallback (row=11, x=656.9, dist=164.8)
2026-09-07 00:49:49,032 MatchingPostProcessor WARNING  Orphan pdf_cell 590 recovered to col=3 by nearest-column fallback (row=11, x=667.9, dist=153.8)
2026-09-07 00:49:49,032 MatchingPostProcessor WARNING  Orphan pdf_cell 591 recovered to col=3 by nearest-column fallback (row=11, x=678.9, dist=142.8)
2026-09-07 00:49:49,032 MatchingPostProcessor WARNING  Orphan pdf_cell 592 recovered to col=3 by nearest-column fallback (row=11, x=689.9, dist=131.8)
2026-09-07 00:49:49,032 MatchingPostProcessor WARNING  Orphan pdf_cell 593 recovered to col=3 by nearest-column fallback (row=11, x=700.9, dist=120.8)
2026-09-07 00:49:49,032 MatchingPostProcessor WARNING  Orphan pdf_cell 594 recovered to col=3 by nearest-column fallback (row=11, x=711.9, dist=109.8)
2026-09-07 00:49:49,032 MatchingPostProcessor WARNING  Orphan pdf_cell 595 recovered to col=3 by nearest-column fallback (row=11, x=722.9, dist=98.8)
2026-09-07 00:49:49,032 MatchingPostProcessor WARNING  Orphan pdf_cell 596 recovered to col=3 by nearest-column fallback (row=11, x=733.9, dist=87.8)
2026-09-07 00:49:49,032 MatchingPostProcessor WARNING  Orphan pdf_cell 597 recovered to col=3 by nearest-column fallback (row=11, x=744.9, dist=76.8)
2026-09-07 00:49:49,032 MatchingPostProcessor WARNING  Orphan pdf_cell 598 recovered to col=3 by nearest-column fallback (row=11, x=755.9, dist=65.8)
2026-09-07 00:49:49,032 MatchingPostProcessor WARNING  Orphan pdf_cell 599 recovered to col=3 by nearest-column fallback (row=11, x=766.9, dist=54.8)
2026-09-07 00:49:49,032 MatchingPostProcessor WARNING  Orphan pdf_cell 600 recovered to col=3 by nearest-column fallback (row=11, x=777.9, dist=43.8)
2026-09-07 00:49:49,032 MatchingPostProcessor WARNING  Orphan pdf_cell 601 recovered to col=3 by nearest-column fallback (row=11, x=788.9, dist=32.8)
2026-09-07 00:49:49,032 MatchingPostProcessor WARNING  Orphan pdf_cell 621 recovered to col=2 by nearest-column fallback (row=12, x=491.9, dist=181.8)
2026-09-07 00:49:49,032 MatchingPostProcessor WARNING  Orphan pdf_cell 622 recovered to col=2 by nearest-column fallback (row=12, x=502.9, dist=192.8)
2026-09-07 00:49:49,032 MatchingPostProcessor WARNING  Orphan pdf_cell 623 recovered to col=2 by nearest-column fallback (row=12, x=513.9, dist=203.8)
2026-09-07 00:49:49,032 MatchingPostProcessor WARNING  Orphan pdf_cell 624 recovered to col=2 by nearest-column fallback (row=12, x=524.9, dist=214.8)
2026-09-07 00:49:49,032 MatchingPostProcessor WARNING  Orphan pdf_cell 625 recovered to col=2 by nearest-column fallback (row=12, x=535.9, dist=225.8)
2026-09-07 00:49:49,032 MatchingPostProcessor WARNING  Orphan pdf_cell 626 recovered to col=2 by nearest-column fallback (row=12, x=546.9, dist=236.8)
2026-09-07 00:49:49,032 MatchingPostProcessor WARNING  Orphan pdf_cell 627 recovered to col=2 by nearest-column fallback (row=12, x=557.9, dist=247.8)
2026-09-07 00:49:49,032 MatchingPostProcessor WARNING  Orphan pdf_cell 628 recovered to col=3 by nearest-column fallback (row=12, x=568.9, dist=252.8)
2026-09-07 00:49:49,032 MatchingPostProcessor WARNING  Orphan pdf_cell 629 recovered to col=3 by nearest-column fallback (row=12, x=579.9, dist=241.8)
2026-09-07 00:49:49,032 MatchingPostProcessor WARNING  Orphan pdf_cell 630 recovered to col=3 by nearest-column fallback (row=12, x=590.9, dist=230.8)
2026-09-07 00:49:49,032 MatchingPostProcessor WARNING  Orphan pdf_cell 631 recovered to col=3 by nearest-column fallback (row=12, x=601.9, dist=219.8)
2026-09-07 00:49:49,032 MatchingPostProcessor WARNING  Orphan pdf_cell 632 recovered to col=3 by nearest-column fallback (row=12, x=612.9, dist=208.8)
2026-09-07 00:49:49,032 MatchingPostProcessor WARNING  Orphan pdf_cell 633 recovered to col=3 by nearest-column fallback (row=12, x=623.9, dist=197.8)
2026-09-07 00:49:49,032 MatchingPostProcessor WARNING  Orphan pdf_cell 634 recovered to col=3 by nearest-column fallback (row=12, x=634.9, dist=186.8)
2026-09-07 00:49:49,032 MatchingPostProcessor WARNING  Orphan pdf_cell 635 recovered to col=3 by nearest-column fallback (row=12, x=645.9, dist=175.8)
2026-09-07 00:49:49,032 MatchingPostProcessor WARNING  Orphan pdf_cell 636 recovered to col=3 by nearest-column fallback (row=12, x=656.9, dist=164.8)
2026-09-07 00:49:49,032 MatchingPostProcessor WARNING  Orphan pdf_cell 637 recovered to col=3 by nearest-column fallback (row=12, x=667.9, dist=153.8)
2026-09-07 00:49:49,032 MatchingPostProcessor WARNING  Orphan pdf_cell 638 recovered to col=3 by nearest-column fallback (row=12, x=678.9, dist=142.8)
2026-09-07 00:49:49,032 MatchingPostProcessor WARNING  Orphan pdf_cell 639 recovered to col=3 by nearest-column fallback (row=12, x=689.9, dist=131.8)
2026-09-07 00:49:49,033 MatchingPostProcessor WARNING  Orphan pdf_cell 640 recovered to col=3 by nearest-column fallback (row=12, x=700.9, dist=120.8)
2026-09-07 00:49:49,033 MatchingPostProcessor WARNING  Orphan pdf_cell 641 recovered to col=3 by nearest-column fallback (row=12, x=711.9, dist=109.8)
2026-09-07 00:49:49,033 MatchingPostProcessor WARNING  Orphan pdf_cell 642 recovered to col=3 by nearest-column fallback (row=12, x=722.9, dist=98.8)
2026-09-07 00:49:49,033 MatchingPostProcessor WARNING  Orphan pdf_cell 643 recovered to col=3 by nearest-column fallback (row=12, x=733.9, dist=87.8)
2026-09-07 00:49:49,033 MatchingPostProcessor WARNING  Orphan pdf_cell 644 recovered to col=3 by nearest-column fallback (row=12, x=744.9, dist=76.8)
2026-09-07 00:49:49,033 MatchingPostProcessor WARNING  Orphan pdf_cell 645 recovered to col=3 by nearest-column fallback (row=12, x=755.9, dist=65.8)
2026-09-07 00:49:49,033 MatchingPostProcessor WARNING  Orphan pdf_cell 646 recovered to col=3 by nearest-column fallback (row=12, x=766.9, dist=54.8)
2026-09-07 00:49:49,033 MatchingPostProcessor WARNING  Orphan pdf_cell 647 recovered to col=3 by nearest-column fallback (row=12, x=777.9, dist=43.8)
2026-09-07 00:49:49,033 MatchingPostProcessor WARNING  Orphan pdf_cell 648 recovered to col=3 by nearest-column fallback (row=12, x=788.9, dist=32.8)
2026-09-07 00:49:49,033 MatchingPostProcessor WARNING  Orphan pdf_cell 661 recovered to col=2 by nearest-column fallback (row=13, x=492.0, dist=181.9)
2026-09-07 00:49:49,033 MatchingPostProcessor WARNING  Orphan pdf_cell 662 recovered to col=2 by nearest-column fallback (row=13, x=503.0, dist=192.9)
2026-09-07 00:49:49,033 MatchingPostProcessor WARNING  Orphan pdf_cell 663 recovered to col=2 by nearest-column fallback (row=13, x=514.0, dist=203.9)
2026-09-07 00:49:49,033 MatchingPostProcessor WARNING  Orphan pdf_cell 664 recovered to col=2 by nearest-column fallback (row=13, x=525.0, dist=214.9)
2026-09-07 00:49:49,033 MatchingPostProcessor WARNING  Orphan pdf_cell 665 recovered to col=2 by nearest-column fallback (row=13, x=536.0, dist=225.9)
2026-09-07 00:49:49,033 MatchingPostProcessor WARNING  Orphan pdf_cell 666 recovered to col=2 by nearest-column fallback (row=13, x=547.0, dist=236.9)
2026-09-07 00:49:49,033 MatchingPostProcessor WARNING  Orphan pdf_cell 667 recovered to col=2 by nearest-column fallback (row=13, x=558.0, dist=247.9)
2026-09-07 00:49:49,033 MatchingPostProcessor WARNING  Orphan pdf_cell 668 recovered to col=3 by nearest-column fallback (row=13, x=569.0, dist=252.8)
2026-09-07 00:49:49,033 MatchingPostProcessor WARNING  Orphan pdf_cell 669 recovered to col=3 by nearest-column fallback (row=13, x=580.0, dist=241.8)
2026-09-07 00:49:49,033 MatchingPostProcessor WARNING  Orphan pdf_cell 670 recovered to col=3 by nearest-column fallback (row=13, x=591.0, dist=230.8)
2026-09-07 00:49:49,033 MatchingPostProcessor WARNING  Orphan pdf_cell 671 recovered to col=3 by nearest-column fallback (row=13, x=602.0, dist=219.8)
2026-09-07 00:49:49,033 MatchingPostProcessor WARNING  Orphan pdf_cell 672 recovered to col=3 by nearest-column fallback (row=13, x=613.0, dist=208.8)
2026-09-07 00:49:49,033 MatchingPostProcessor WARNING  Orphan pdf_cell 673 recovered to col=3 by nearest-column fallback (row=13, x=624.0, dist=197.8)
2026-09-07 00:49:49,033 MatchingPostProcessor WARNING  Orphan pdf_cell 674 recovered to col=3 by nearest-column fallback (row=13, x=635.0, dist=186.8)
2026-09-07 00:49:49,033 MatchingPostProcessor WARNING  Orphan pdf_cell 675 recovered to col=3 by nearest-column fallback (row=13, x=646.0, dist=175.8)
2026-09-07 00:49:49,033 MatchingPostProcessor WARNING  Orphan pdf_cell 676 recovered to col=3 by nearest-column fallback (row=13, x=657.0, dist=164.8)
2026-09-07 00:49:49,033 MatchingPostProcessor WARNING  Orphan pdf_cell 677 recovered to col=3 by nearest-column fallback (row=13, x=668.0, dist=153.8)
2026-09-07 00:49:49,033 MatchingPostProcessor WARNING  Orphan pdf_cell 678 recovered to col=3 by nearest-column fallback (row=13, x=679.0, dist=142.8)
2026-09-07 00:49:49,033 MatchingPostProcessor WARNING  Orphan pdf_cell 679 recovered to col=3 by nearest-column fallback (row=13, x=690.0, dist=131.8)
2026-09-07 00:49:49,033 MatchingPostProcessor WARNING  Orphan pdf_cell 680 recovered to col=3 by nearest-column fallback (row=13, x=701.0, dist=120.8)
2026-09-07 00:49:49,033 MatchingPostProcessor WARNING  Orphan pdf_cell 681 recovered to col=3 by nearest-column fallback (row=13, x=712.0, dist=109.8)
2026-09-07 00:49:49,033 MatchingPostProcessor WARNING  Orphan pdf_cell 682 recovered to col=3 by nearest-column fallback (row=13, x=723.0, dist=98.8)
2026-09-07 00:49:49,033 MatchingPostProcessor WARNING  Orphan pdf_cell 683 recovered to col=3 by nearest-column fallback (row=13, x=734.0, dist=87.8)
2026-09-07 00:49:49,033 MatchingPostProcessor WARNING  Orphan pdf_cell 684 recovered to col=3 by nearest-column fallback (row=13, x=745.0, dist=76.8)
2026-09-07 00:49:49,033 MatchingPostProcessor WARNING  Orphan pdf_cell 685 recovered to col=3 by nearest-column fallback (row=13, x=756.0, dist=65.8)
2026-09-07 00:49:49,033 MatchingPostProcessor WARNING  Orphan pdf_cell 686 recovered to col=3 by nearest-column fallback (row=13, x=767.0, dist=54.8)
2026-09-07 00:49:49,033 MatchingPostProcessor WARNING  Orphan pdf_cell 687 recovered to col=3 by nearest-column fallback (row=13, x=778.0, dist=43.8)
2026-09-07 00:49:49,033 MatchingPostProcessor WARNING  Orphan pdf_cell 688 recovered to col=3 by nearest-column fallback (row=13, x=789.0, dist=32.8)
2026-09-07 00:49:49,033 MatchingPostProcessor WARNING  Orphan pdf_cell 707 recovered to col=2 by nearest-column fallback (row=14, x=491.9, dist=181.8)
2026-09-07 00:49:49,033 MatchingPostProcessor WARNING  Orphan pdf_cell 708 recovered to col=2 by nearest-column fallback (row=14, x=502.9, dist=192.8)
2026-09-07 00:49:49,033 MatchingPostProcessor WARNING  Orphan pdf_cell 709 recovered to col=2 by nearest-column fallback (row=14, x=513.9, dist=203.8)
2026-09-07 00:49:49,033 MatchingPostProcessor WARNING  Orphan pdf_cell 710 recovered to col=2 by nearest-column fallback (row=14, x=524.9, dist=214.8)
2026-09-07 00:49:49,034 MatchingPostProcessor WARNING  Orphan pdf_cell 711 recovered to col=2 by nearest-column fallback (row=14, x=535.9, dist=225.8)
2026-09-07 00:49:49,034 MatchingPostProcessor WARNING  Orphan pdf_cell 712 recovered to col=2 by nearest-column fallback (row=14, x=546.9, dist=236.8)
2026-09-07 00:49:49,034 MatchingPostProcessor WARNING  Orphan pdf_cell 713 recovered to col=2 by nearest-column fallback (row=14, x=557.9, dist=247.8)
2026-09-07 00:49:49,034 MatchingPostProcessor WARNING  Orphan pdf_cell 714 recovered to col=3 by nearest-column fallback (row=14, x=568.9, dist=252.8)
2026-09-07 00:49:49,034 MatchingPostProcessor WARNING  Orphan pdf_cell 715 recovered to col=3 by nearest-column fallback (row=14, x=579.9, dist=241.8)
2026-09-07 00:49:49,034 MatchingPostProcessor WARNING  Orphan pdf_cell 716 recovered to col=3 by nearest-column fallback (row=14, x=590.9, dist=230.8)
2026-09-07 00:49:49,034 MatchingPostProcessor WARNING  Orphan pdf_cell 717 recovered to col=3 by nearest-column fallback (row=14, x=601.9, dist=219.8)
2026-09-07 00:49:49,034 MatchingPostProcessor WARNING  Orphan pdf_cell 718 recovered to col=3 by nearest-column fallback (row=14, x=612.9, dist=208.8)
2026-09-07 00:49:49,034 MatchingPostProcessor WARNING  Orphan pdf_cell 719 recovered to col=3 by nearest-column fallback (row=14, x=623.9, dist=197.8)
2026-09-07 00:49:49,034 MatchingPostProcessor WARNING  Orphan pdf_cell 720 recovered to col=3 by nearest-column fallback (row=14, x=634.9, dist=186.8)
2026-09-07 00:49:49,034 MatchingPostProcessor WARNING  Orphan pdf_cell 721 recovered to col=3 by nearest-column fallback (row=14, x=645.9, dist=175.8)
2026-09-07 00:49:49,034 MatchingPostProcessor WARNING  Orphan pdf_cell 722 recovered to col=3 by nearest-column fallback (row=14, x=656.9, dist=164.8)
2026-09-07 00:49:49,034 MatchingPostProcessor WARNING  Orphan pdf_cell 723 recovered to col=3 by nearest-column fallback (row=14, x=667.9, dist=153.8)
2026-09-07 00:49:49,034 MatchingPostProcessor WARNING  Orphan pdf_cell 724 recovered to col=3 by nearest-column fallback (row=14, x=678.9, dist=142.8)
2026-09-07 00:49:49,034 MatchingPostProcessor WARNING  Orphan pdf_cell 725 recovered to col=3 by nearest-column fallback (row=14, x=689.9, dist=131.8)
2026-09-07 00:49:49,034 MatchingPostProcessor WARNING  Orphan pdf_cell 726 recovered to col=3 by nearest-column fallback (row=14, x=700.9, dist=120.8)
2026-09-07 00:49:49,034 MatchingPostProcessor WARNING  Orphan pdf_cell 727 recovered to col=3 by nearest-column fallback (row=14, x=711.9, dist=109.8)
2026-09-07 00:49:49,034 MatchingPostProcessor WARNING  Orphan pdf_cell 728 recovered to col=3 by nearest-column fallback (row=14, x=722.9, dist=98.8)
2026-09-07 00:49:49,034 MatchingPostProcessor WARNING  Orphan pdf_cell 729 recovered to col=3 by nearest-column fallback (row=14, x=733.9, dist=87.8)
2026-09-07 00:49:49,034 MatchingPostProcessor WARNING  Orphan pdf_cell 730 recovered to col=3 by nearest-column fallback (row=14, x=744.9, dist=76.8)
2026-09-07 00:49:49,034 MatchingPostProcessor WARNING  Orphan pdf_cell 731 recovered to col=3 by nearest-column fallback (row=14, x=755.9, dist=65.8)
2026-09-07 00:49:49,034 MatchingPostProcessor WARNING  Orphan pdf_cell 732 recovered to col=3 by nearest-column fallback (row=14, x=766.9, dist=54.8)
2026-09-07 00:49:49,034 MatchingPostProcessor WARNING  Orphan pdf_cell 733 recovered to col=3 by nearest-column fallback (row=14, x=777.9, dist=43.8)
2026-09-07 00:49:49,034 MatchingPostProcessor WARNING  Orphan pdf_cell 734 recovered to col=3 by nearest-column fallback (row=14, x=788.9, dist=32.8)
2026-09-07 00:49:49,034 MatchingPostProcessor WARNING  Orphan pdf_cell 751 recovered to col=2 by nearest-column fallback (row=15, x=491.9, dist=181.8)
2026-09-07 00:49:49,034 MatchingPostProcessor WARNING  Orphan pdf_cell 752 recovered to col=2 by nearest-column fallback (row=15, x=502.9, dist=192.8)
2026-09-07 00:49:49,034 MatchingPostProcessor WARNING  Orphan pdf_cell 753 recovered to col=2 by nearest-column fallback (row=15, x=513.9, dist=203.8)
2026-09-07 00:49:49,034 MatchingPostProcessor WARNING  Orphan pdf_cell 754 recovered to col=2 by nearest-column fallback (row=15, x=524.9, dist=214.8)
2026-09-07 00:49:49,034 MatchingPostProcessor WARNING  Orphan pdf_cell 755 recovered to col=2 by nearest-column fallback (row=15, x=535.9, dist=225.8)
2026-09-07 00:49:49,034 MatchingPostProcessor WARNING  Orphan pdf_cell 756 recovered to col=2 by nearest-column fallback (row=15, x=546.9, dist=236.8)
2026-09-07 00:49:49,034 MatchingPostProcessor WARNING  Orphan pdf_cell 757 recovered to col=2 by nearest-column fallback (row=15, x=557.9, dist=247.8)
2026-09-07 00:49:49,034 MatchingPostProcessor WARNING  Orphan pdf_cell 758 recovered to col=3 by nearest-column fallback (row=15, x=568.9, dist=252.8)
2026-09-07 00:49:49,034 MatchingPostProcessor WARNING  Orphan pdf_cell 759 recovered to col=3 by nearest-column fallback (row=15, x=579.9, dist=241.8)
2026-09-07 00:49:49,034 MatchingPostProcessor WARNING  Orphan pdf_cell 760 recovered to col=3 by nearest-column fallback (row=15, x=590.9, dist=230.8)
2026-09-07 00:49:49,034 MatchingPostProcessor WARNING  Orphan pdf_cell 761 recovered to col=3 by nearest-column fallback (row=15, x=601.9, dist=219.8)
2026-09-07 00:49:49,034 MatchingPostProcessor WARNING  Orphan pdf_cell 762 recovered to col=3 by nearest-column fallback (row=15, x=612.9, dist=208.8)
2026-09-07 00:49:49,034 MatchingPostProcessor WARNING  Orphan pdf_cell 763 recovered to col=3 by nearest-column fallback (row=15, x=623.9, dist=197.8)
2026-09-07 00:49:49,034 MatchingPostProcessor WARNING  Orphan pdf_cell 764 recovered to col=3 by nearest-column fallback (row=15, x=634.9, dist=186.8)
2026-09-07 00:49:49,034 MatchingPostProcessor WARNING  Orphan pdf_cell 765 recovered to col=3 by nearest-column fallback (row=15, x=645.9, dist=175.8)
2026-09-07 00:49:49,034 MatchingPostProcessor WARNING  Orphan pdf_cell 766 recovered to col=3 by nearest-column fallback (row=15, x=656.9, dist=164.8)
2026-09-07 00:49:49,034 MatchingPostProcessor WARNING  Orphan pdf_cell 767 recovered to col=3 by nearest-column fallback (row=15, x=667.9, dist=153.8)
2026-09-07 00:49:49,034 MatchingPostProcessor WARNING  Orphan pdf_cell 768 recovered to col=3 by nearest-column fallback (row=15, x=678.9, dist=142.8)
2026-09-07 00:49:49,034 MatchingPostProcessor WARNING  Orphan pdf_cell 769 recovered to col=3 by nearest-column fallback (row=15, x=689.9, dist=131.8)
2026-09-07 00:49:49,034 MatchingPostProcessor WARNING  Orphan pdf_cell 770 recovered to col=3 by nearest-column fallback (row=15, x=700.9, dist=120.8)
2026-09-07 00:49:49,034 MatchingPostProcessor WARNING  Orphan pdf_cell 771 recovered to col=3 by nearest-column fallback (row=15, x=711.9, dist=109.8)
2026-09-07 00:49:49,035 MatchingPostProcessor WARNING  Orphan pdf_cell 772 recovered to col=3 by nearest-column fallback (row=15, x=722.9, dist=98.8)
2026-09-07 00:49:49,035 MatchingPostProcessor WARNING  Orphan pdf_cell 773 recovered to col=3 by nearest-column fallback (row=15, x=733.9, dist=87.8)
2026-09-07 00:49:49,035 MatchingPostProcessor WARNING  Orphan pdf_cell 774 recovered to col=3 by nearest-column fallback (row=15, x=744.9, dist=76.8)
2026-09-07 00:49:49,035 MatchingPostProcessor WARNING  Orphan pdf_cell 775 recovered to col=3 by nearest-column fallback (row=15, x=755.9, dist=65.8)
2026-09-07 00:49:49,035 MatchingPostProcessor WARNING  Orphan pdf_cell 776 recovered to col=3 by nearest-column fallback (row=15, x=766.9, dist=54.8)
2026-09-07 00:49:49,035 MatchingPostProcessor WARNING  Orphan pdf_cell 777 recovered to col=3 by nearest-column fallback (row=15, x=777.9, dist=43.8)
2026-09-07 00:49:49,035 MatchingPostProcessor WARNING  Orphan pdf_cell 778 recovered to col=3 by nearest-column fallback (row=15, x=788.9, dist=32.8)
2026-09-07 00:49:49,035 MatchingPostProcessor WARNING  Orphan pdf_cell 797 recovered to col=2 by nearest-column fallback (row=16, x=491.9, dist=181.8)
2026-09-07 00:49:49,035 MatchingPostProcessor WARNING  Orphan pdf_cell 798 recovered to col=2 by nearest-column fallback (row=16, x=502.9, dist=192.8)
2026-09-07 00:49:49,035 MatchingPostProcessor WARNING  Orphan pdf_cell 799 recovered to col=2 by nearest-column fallback (row=16, x=513.9, dist=203.8)
2026-09-07 00:49:49,035 MatchingPostProcessor WARNING  Orphan pdf_cell 800 recovered to col=2 by nearest-column fallback (row=16, x=524.9, dist=214.8)
2026-09-07 00:49:49,035 MatchingPostProcessor WARNING  Orphan pdf_cell 801 recovered to col=2 by nearest-column fallback (row=16, x=535.9, dist=225.8)
2026-09-07 00:49:49,035 MatchingPostProcessor WARNING  Orphan pdf_cell 802 recovered to col=2 by nearest-column fallback (row=16, x=546.9, dist=236.8)
2026-09-07 00:49:49,035 MatchingPostProcessor WARNING  Orphan pdf_cell 803 recovered to col=2 by nearest-column fallback (row=16, x=557.9, dist=247.8)
2026-09-07 00:49:49,035 MatchingPostProcessor WARNING  Orphan pdf_cell 804 recovered to col=3 by nearest-column fallback (row=16, x=568.9, dist=252.8)
2026-09-07 00:49:49,035 MatchingPostProcessor WARNING  Orphan pdf_cell 805 recovered to col=3 by nearest-column fallback (row=16, x=579.9, dist=241.8)
2026-09-07 00:49:49,035 MatchingPostProcessor WARNING  Orphan pdf_cell 806 recovered to col=3 by nearest-column fallback (row=16, x=590.9, dist=230.8)
2026-09-07 00:49:49,035 MatchingPostProcessor WARNING  Orphan pdf_cell 807 recovered to col=3 by nearest-column fallback (row=16, x=601.9, dist=219.8)
2026-09-07 00:49:49,035 MatchingPostProcessor WARNING  Orphan pdf_cell 808 recovered to col=3 by nearest-column fallback (row=16, x=612.9, dist=208.8)
2026-09-07 00:49:49,035 MatchingPostProcessor WARNING  Orphan pdf_cell 809 recovered to col=3 by nearest-column fallback (row=16, x=623.9, dist=197.8)
2026-09-07 00:49:49,035 MatchingPostProcessor WARNING  Orphan pdf_cell 810 recovered to col=3 by nearest-column fallback (row=16, x=634.9, dist=186.8)
2026-09-07 00:49:49,035 MatchingPostProcessor WARNING  Orphan pdf_cell 811 recovered to col=3 by nearest-column fallback (row=16, x=645.9, dist=175.8)
2026-09-07 00:49:49,035 MatchingPostProcessor WARNING  Orphan pdf_cell 812 recovered to col=3 by nearest-column fallback (row=16, x=656.9, dist=164.8)
2026-09-07 00:49:49,035 MatchingPostProcessor WARNING  Orphan pdf_cell 813 recovered to col=3 by nearest-column fallback (row=16, x=667.9, dist=153.8)
2026-09-07 00:49:49,035 MatchingPostProcessor WARNING  Orphan pdf_cell 814 recovered to col=3 by nearest-column fallback (row=16, x=678.9, dist=142.8)
2026-09-07 00:49:49,035 MatchingPostProcessor WARNING  Orphan pdf_cell 815 recovered to col=3 by nearest-column fallback (row=16, x=689.9, dist=131.8)
2026-09-07 00:49:49,035 MatchingPostProcessor WARNING  Orphan pdf_cell 816 recovered to col=3 by nearest-column fallback (row=16, x=700.9, dist=120.8)
2026-09-07 00:49:49,035 MatchingPostProcessor WARNING  Orphan pdf_cell 817 recovered to col=3 by nearest-column fallback (row=16, x=711.9, dist=109.8)
2026-09-07 00:49:49,035 MatchingPostProcessor WARNING  Orphan pdf_cell 818 recovered to col=3 by nearest-column fallback (row=16, x=722.9, dist=98.8)
2026-09-07 00:49:49,035 MatchingPostProcessor WARNING  Orphan pdf_cell 819 recovered to col=3 by nearest-column fallback (row=16, x=733.9, dist=87.8)
2026-09-07 00:49:49,035 MatchingPostProcessor WARNING  Orphan pdf_cell 820 recovered to col=3 by nearest-column fallback (row=16, x=744.9, dist=76.8)
2026-09-07 00:49:49,035 MatchingPostProcessor WARNING  Orphan pdf_cell 821 recovered to col=3 by nearest-column fallback (row=16, x=755.9, dist=65.8)
2026-09-07 00:49:49,035 MatchingPostProcessor WARNING  Orphan pdf_cell 822 recovered to col=3 by nearest-column fallback (row=16, x=766.9, dist=54.8)
2026-09-07 00:49:49,035 MatchingPostProcessor WARNING  Orphan pdf_cell 823 recovered to col=3 by nearest-column fallback (row=16, x=777.9, dist=43.8)
2026-09-07 00:49:49,035 MatchingPostProcessor WARNING  Orphan pdf_cell 824 recovered to col=3 by nearest-column fallback (row=16, x=788.9, dist=32.8)
2026-09-07 00:49:49,035 MatchingPostProcessor WARNING  Orphan pdf_cell 836 recovered to col=2 by nearest-column fallback (row=17, x=492.0, dist=181.9)
2026-09-07 00:49:49,035 MatchingPostProcessor WARNING  Orphan pdf_cell 837 recovered to col=2 by nearest-column fallback (row=17, x=503.0, dist=192.9)
2026-09-07 00:49:49,035 MatchingPostProcessor WARNING  Orphan pdf_cell 838 recovered to col=2 by nearest-column fallback (row=17, x=514.0, dist=203.9)
2026-09-07 00:49:49,035 MatchingPostProcessor WARNING  Orphan pdf_cell 839 recovered to col=2 by nearest-column fallback (row=17, x=525.0, dist=214.9)
2026-09-07 00:49:49,035 MatchingPostProcessor WARNING  Orphan pdf_cell 840 recovered to col=2 by nearest-column fallback (row=17, x=536.0, dist=225.9)
2026-09-07 00:49:49,035 MatchingPostProcessor WARNING  Orphan pdf_cell 841 recovered to col=2 by nearest-column fallback (row=17, x=547.0, dist=236.9)
2026-09-07 00:49:49,035 MatchingPostProcessor WARNING  Orphan pdf_cell 842 recovered to col=2 by nearest-column fallback (row=17, x=558.0, dist=247.9)
2026-09-07 00:49:49,036 MatchingPostProcessor WARNING  Orphan pdf_cell 843 recovered to col=3 by nearest-column fallback (row=17, x=569.0, dist=252.8)
2026-09-07 00:49:49,036 MatchingPostProcessor WARNING  Orphan pdf_cell 844 recovered to col=3 by nearest-column fallback (row=17, x=580.0, dist=241.8)
2026-09-07 00:49:49,036 MatchingPostProcessor WARNING  Orphan pdf_cell 845 recovered to col=3 by nearest-column fallback (row=17, x=591.0, dist=230.8)
2026-09-07 00:49:49,036 MatchingPostProcessor WARNING  Orphan pdf_cell 846 recovered to col=3 by nearest-column fallback (row=17, x=602.0, dist=219.8)
2026-09-07 00:49:49,036 MatchingPostProcessor WARNING  Orphan pdf_cell 847 recovered to col=3 by nearest-column fallback (row=17, x=613.0, dist=208.8)
2026-09-07 00:49:49,036 MatchingPostProcessor WARNING  Orphan pdf_cell 848 recovered to col=3 by nearest-column fallback (row=17, x=624.0, dist=197.8)
2026-09-07 00:49:49,036 MatchingPostProcessor WARNING  Orphan pdf_cell 849 recovered to col=3 by nearest-column fallback (row=17, x=635.0, dist=186.8)
2026-09-07 00:49:49,036 MatchingPostProcessor WARNING  Orphan pdf_cell 850 recovered to col=3 by nearest-column fallback (row=17, x=646.0, dist=175.8)
2026-09-07 00:49:49,036 MatchingPostProcessor WARNING  Orphan pdf_cell 851 recovered to col=3 by nearest-column fallback (row=17, x=657.0, dist=164.8)
2026-09-07 00:49:49,036 MatchingPostProcessor WARNING  Orphan pdf_cell 852 recovered to col=3 by nearest-column fallback (row=17, x=668.0, dist=153.8)
2026-09-07 00:49:49,036 MatchingPostProcessor WARNING  Orphan pdf_cell 853 recovered to col=3 by nearest-column fallback (row=17, x=679.0, dist=142.8)
2026-09-07 00:49:49,036 MatchingPostProcessor WARNING  Orphan pdf_cell 854 recovered to col=3 by nearest-column fallback (row=17, x=690.0, dist=131.8)
2026-09-07 00:49:49,036 MatchingPostProcessor WARNING  Orphan pdf_cell 855 recovered to col=3 by nearest-column fallback (row=17, x=701.0, dist=120.8)
2026-09-07 00:49:49,036 MatchingPostProcessor WARNING  Orphan pdf_cell 856 recovered to col=3 by nearest-column fallback (row=17, x=712.0, dist=109.8)
2026-09-07 00:49:49,036 MatchingPostProcessor WARNING  Orphan pdf_cell 857 recovered to col=3 by nearest-column fallback (row=17, x=723.0, dist=98.8)
2026-09-07 00:49:49,036 MatchingPostProcessor WARNING  Orphan pdf_cell 858 recovered to col=3 by nearest-column fallback (row=17, x=734.0, dist=87.8)
2026-09-07 00:49:49,036 MatchingPostProcessor WARNING  Orphan pdf_cell 859 recovered to col=3 by nearest-column fallback (row=17, x=745.0, dist=76.8)
2026-09-07 00:49:49,036 MatchingPostProcessor WARNING  Orphan pdf_cell 860 recovered to col=3 by nearest-column fallback (row=17, x=756.0, dist=65.8)
2026-09-07 00:49:49,036 MatchingPostProcessor WARNING  Orphan pdf_cell 861 recovered to col=3 by nearest-column fallback (row=17, x=767.0, dist=54.8)
2026-09-07 00:49:49,036 MatchingPostProcessor WARNING  Orphan pdf_cell 862 recovered to col=3 by nearest-column fallback (row=17, x=778.0, dist=43.8)
2026-09-07 00:49:49,036 MatchingPostProcessor WARNING  Orphan pdf_cell 863 recovered to col=3 by nearest-column fallback (row=17, x=789.0, dist=32.8)
2026-09-07 00:49:49,036 MatchingPostProcessor WARNING  Orphan pdf_cell 879 recovered to col=2 by nearest-column fallback (row=18, x=491.9, dist=181.8)
2026-09-07 00:49:49,036 MatchingPostProcessor WARNING  Orphan pdf_cell 880 recovered to col=2 by nearest-column fallback (row=18, x=502.9, dist=192.8)
2026-09-07 00:49:49,036 MatchingPostProcessor WARNING  Orphan pdf_cell 881 recovered to col=2 by nearest-column fallback (row=18, x=513.9, dist=203.8)
2026-09-07 00:49:49,036 MatchingPostProcessor WARNING  Orphan pdf_cell 882 recovered to col=2 by nearest-column fallback (row=18, x=524.9, dist=214.8)
2026-09-07 00:49:49,036 MatchingPostProcessor WARNING  Orphan pdf_cell 883 recovered to col=2 by nearest-column fallback (row=18, x=535.9, dist=225.8)
2026-09-07 00:49:49,036 MatchingPostProcessor WARNING  Orphan pdf_cell 884 recovered to col=2 by nearest-column fallback (row=18, x=546.9, dist=236.8)
2026-09-07 00:49:49,036 MatchingPostProcessor WARNING  Orphan pdf_cell 885 recovered to col=2 by nearest-column fallback (row=18, x=557.9, dist=247.8)
2026-09-07 00:49:49,036 MatchingPostProcessor WARNING  Orphan pdf_cell 886 recovered to col=3 by nearest-column fallback (row=18, x=568.9, dist=252.8)
2026-09-07 00:49:49,036 MatchingPostProcessor WARNING  Orphan pdf_cell 887 recovered to col=3 by nearest-column fallback (row=18, x=579.9, dist=241.8)
2026-09-07 00:49:49,036 MatchingPostProcessor WARNING  Orphan pdf_cell 888 recovered to col=3 by nearest-column fallback (row=18, x=590.9, dist=230.8)
2026-09-07 00:49:49,036 MatchingPostProcessor WARNING  Orphan pdf_cell 889 recovered to col=3 by nearest-column fallback (row=18, x=601.9, dist=219.8)
2026-09-07 00:49:49,036 MatchingPostProcessor WARNING  Orphan pdf_cell 890 recovered to col=3 by nearest-column fallback (row=18, x=612.9, dist=208.8)
2026-09-07 00:49:49,036 MatchingPostProcessor WARNING  Orphan pdf_cell 891 recovered to col=3 by nearest-column fallback (row=18, x=623.9, dist=197.8)
2026-09-07 00:49:49,036 MatchingPostProcessor WARNING  Orphan pdf_cell 892 recovered to col=3 by nearest-column fallback (row=18, x=634.9, dist=186.8)
2026-09-07 00:49:49,036 MatchingPostProcessor WARNING  Orphan pdf_cell 893 recovered to col=3 by nearest-column fallback (row=18, x=645.9, dist=175.8)
2026-09-07 00:49:49,036 MatchingPostProcessor WARNING  Orphan pdf_cell 894 recovered to col=3 by nearest-column fallback (row=18, x=656.9, dist=164.8)
2026-09-07 00:49:49,036 MatchingPostProcessor WARNING  Orphan pdf_cell 895 recovered to col=3 by nearest-column fallback (row=18, x=667.9, dist=153.8)
2026-09-07 00:49:49,036 MatchingPostProcessor WARNING  Orphan pdf_cell 896 recovered to col=3 by nearest-column fallback (row=18, x=678.9, dist=142.8)
2026-09-07 00:49:49,036 MatchingPostProcessor WARNING  Orphan pdf_cell 897 recovered to col=3 by nearest-column fallback (row=18, x=689.9, dist=131.8)
2026-09-07 00:49:49,036 MatchingPostProcessor WARNING  Orphan pdf_cell 898 recovered to col=3 by nearest-column fallback (row=18, x=700.9, dist=120.8)
2026-09-07 00:49:49,036 MatchingPostProcessor WARNING  Orphan pdf_cell 899 recovered to col=3 by nearest-column fallback (row=18, x=711.9, dist=109.8)
2026-09-07 00:49:49,036 MatchingPostProcessor WARNING  Orphan pdf_cell 900 recovered to col=3 by nearest-column fallback (row=18, x=722.9, dist=98.8)
2026-09-07 00:49:49,036 MatchingPostProcessor WARNING  Orphan pdf_cell 901 recovered to col=3 by nearest-column fallback (row=18, x=733.9, dist=87.8)
2026-09-07 00:49:49,037 MatchingPostProcessor WARNING  Orphan pdf_cell 902 recovered to col=3 by nearest-column fallback (row=18, x=744.9, dist=76.8)
2026-09-07 00:49:49,037 MatchingPostProcessor WARNING  Orphan pdf_cell 903 recovered to col=3 by nearest-column fallback (row=18, x=755.9, dist=65.8)
2026-09-07 00:49:49,037 MatchingPostProcessor WARNING  Orphan pdf_cell 904 recovered to col=3 by nearest-column fallback (row=18, x=766.9, dist=54.8)
2026-09-07 00:49:49,037 MatchingPostProcessor WARNING  Orphan pdf_cell 905 recovered to col=3 by nearest-column fallback (row=18, x=777.9, dist=43.8)
2026-09-07 00:49:49,037 MatchingPostProcessor WARNING  Orphan pdf_cell 906 recovered to col=3 by nearest-column fallback (row=18, x=788.9, dist=32.8)
2026-09-07 00:49:49,037 MatchingPostProcessor WARNING  Orphan pdf_cell 921 recovered to col=2 by nearest-column fallback (row=19, x=492.0, dist=181.9)
2026-09-07 00:49:49,037 MatchingPostProcessor WARNING  Orphan pdf_cell 922 recovered to col=2 by nearest-column fallback (row=19, x=503.0, dist=192.9)
2026-09-07 00:49:49,037 MatchingPostProcessor WARNING  Orphan pdf_cell 923 recovered to col=2 by nearest-column fallback (row=19, x=514.0, dist=203.9)
2026-09-07 00:49:49,037 MatchingPostProcessor WARNING  Orphan pdf_cell 924 recovered to col=2 by nearest-column fallback (row=19, x=525.0, dist=214.9)
2026-09-07 00:49:49,037 MatchingPostProcessor WARNING  Orphan pdf_cell 925 recovered to col=2 by nearest-column fallback (row=19, x=536.0, dist=225.9)
2026-09-07 00:49:49,037 MatchingPostProcessor WARNING  Orphan pdf_cell 926 recovered to col=2 by nearest-column fallback (row=19, x=547.0, dist=236.9)
2026-09-07 00:49:49,037 MatchingPostProcessor WARNING  Orphan pdf_cell 927 recovered to col=2 by nearest-column fallback (row=19, x=558.0, dist=247.9)
2026-09-07 00:49:49,037 MatchingPostProcessor WARNING  Orphan pdf_cell 928 recovered to col=3 by nearest-column fallback (row=19, x=569.0, dist=252.8)
2026-09-07 00:49:49,037 MatchingPostProcessor WARNING  Orphan pdf_cell 929 recovered to col=3 by nearest-column fallback (row=19, x=580.0, dist=241.8)
2026-09-07 00:49:49,037 MatchingPostProcessor WARNING  Orphan pdf_cell 930 recovered to col=3 by nearest-column fallback (row=19, x=591.0, dist=230.8)
2026-09-07 00:49:49,037 MatchingPostProcessor WARNING  Orphan pdf_cell 931 recovered to col=3 by nearest-column fallback (row=19, x=602.0, dist=219.8)
2026-09-07 00:49:49,037 MatchingPostProcessor WARNING  Orphan pdf_cell 932 recovered to col=3 by nearest-column fallback (row=19, x=613.0, dist=208.8)
2026-09-07 00:49:49,037 MatchingPostProcessor WARNING  Orphan pdf_cell 933 recovered to col=3 by nearest-column fallback (row=19, x=624.0, dist=197.8)
2026-09-07 00:49:49,037 MatchingPostProcessor WARNING  Orphan pdf_cell 934 recovered to col=3 by nearest-column fallback (row=19, x=635.0, dist=186.8)
2026-09-07 00:49:49,037 MatchingPostProcessor WARNING  Orphan pdf_cell 935 recovered to col=3 by nearest-column fallback (row=19, x=646.0, dist=175.8)
2026-09-07 00:49:49,037 MatchingPostProcessor WARNING  Orphan pdf_cell 936 recovered to col=3 by nearest-column fallback (row=19, x=657.0, dist=164.8)
2026-09-07 00:49:49,037 MatchingPostProcessor WARNING  Orphan pdf_cell 937 recovered to col=3 by nearest-column fallback (row=19, x=668.0, dist=153.8)
2026-09-07 00:49:49,037 MatchingPostProcessor WARNING  Orphan pdf_cell 938 recovered to col=3 by nearest-column fallback (row=19, x=679.0, dist=142.8)
2026-09-07 00:49:49,037 MatchingPostProcessor WARNING  Orphan pdf_cell 939 recovered to col=3 by nearest-column fallback (row=19, x=690.0, dist=131.8)
2026-09-07 00:49:49,037 MatchingPostProcessor WARNING  Orphan pdf_cell 940 recovered to col=3 by nearest-column fallback (row=19, x=701.0, dist=120.8)
2026-09-07 00:49:49,037 MatchingPostProcessor WARNING  Orphan pdf_cell 941 recovered to col=3 by nearest-column fallback (row=19, x=712.0, dist=109.8)
2026-09-07 00:49:49,037 MatchingPostProcessor WARNING  Orphan pdf_cell 942 recovered to col=3 by nearest-column fallback (row=19, x=723.0, dist=98.8)
2026-09-07 00:49:49,037 MatchingPostProcessor WARNING  Orphan pdf_cell 943 recovered to col=3 by nearest-column fallback (row=19, x=734.0, dist=87.8)
2026-09-07 00:49:49,037 MatchingPostProcessor WARNING  Orphan pdf_cell 944 recovered to col=3 by nearest-column fallback (row=19, x=745.0, dist=76.8)
2026-09-07 00:49:49,037 MatchingPostProcessor WARNING  Orphan pdf_cell 945 recovered to col=3 by nearest-column fallback (row=19, x=756.0, dist=65.8)
2026-09-07 00:49:49,037 MatchingPostProcessor WARNING  Orphan pdf_cell 946 recovered to col=3 by nearest-column fallback (row=19, x=767.0, dist=54.8)
2026-09-07 00:49:49,037 MatchingPostProcessor WARNING  Orphan pdf_cell 947 recovered to col=3 by nearest-column fallback (row=19, x=778.0, dist=43.8)
2026-09-07 00:49:49,037 MatchingPostProcessor WARNING  Orphan pdf_cell 948 recovered to col=3 by nearest-column fallback (row=19, x=789.0, dist=32.8)
2026-09-07 00:49:49,037 MatchingPostProcessor WARNING  Orphan pdf_cell 958 recovered to col=3 by nearest-column fallback (row=20, x=568.9, dist=252.8)
2026-09-07 00:49:49,037 MatchingPostProcessor WARNING  Orphan pdf_cell 959 recovered to col=3 by nearest-column fallback (row=20, x=579.9, dist=241.8)
2026-09-07 00:49:49,037 MatchingPostProcessor WARNING  Orphan pdf_cell 960 recovered to col=3 by nearest-column fallback (row=20, x=590.9, dist=230.8)
2026-09-07 00:49:49,037 MatchingPostProcessor WARNING  Orphan pdf_cell 961 recovered to col=3 by nearest-column fallback (row=20, x=601.9, dist=219.8)
2026-09-07 00:49:49,037 MatchingPostProcessor WARNING  Orphan pdf_cell 962 recovered to col=3 by nearest-column fallback (row=20, x=612.9, dist=208.9)
2026-09-07 00:49:49,037 MatchingPostProcessor WARNING  Orphan pdf_cell 963 recovered to col=3 by nearest-column fallback (row=20, x=623.9, dist=197.9)
2026-09-07 00:49:49,037 MatchingPostProcessor WARNING  Orphan pdf_cell 964 recovered to col=3 by nearest-column fallback (row=20, x=634.9, dist=186.9)
2026-09-07 00:49:49,037 MatchingPostProcessor WARNING  Orphan pdf_cell 965 recovered to col=3 by nearest-column fallback (row=20, x=645.9, dist=175.9)
2026-09-07 00:49:49,037 MatchingPostProcessor WARNING  Orphan pdf_cell 966 recovered to col=3 by nearest-column fallback (row=20, x=656.9, dist=164.9)
2026-09-07 00:49:49,037 MatchingPostProcessor WARNING  Orphan pdf_cell 967 recovered to col=3 by nearest-column fallback (row=20, x=667.9, dist=153.9)
2026-09-07 00:49:49,037 MatchingPostProcessor WARNING  Orphan pdf_cell 968 recovered to col=3 by nearest-column fallback (row=20, x=678.9, dist=142.9)
2026-09-07 00:49:49,038 MatchingPostProcessor WARNING  Orphan pdf_cell 969 recovered to col=3 by nearest-column fallback (row=20, x=689.9, dist=131.9)
2026-09-07 00:49:49,038 MatchingPostProcessor WARNING  Orphan pdf_cell 970 recovered to col=3 by nearest-column fallback (row=20, x=700.9, dist=120.9)
2026-09-07 00:49:49,038 MatchingPostProcessor WARNING  Orphan pdf_cell 971 recovered to col=3 by nearest-column fallback (row=20, x=711.9, dist=109.9)
2026-09-07 00:49:49,038 MatchingPostProcessor WARNING  Orphan pdf_cell 972 recovered to col=3 by nearest-column fallback (row=20, x=722.9, dist=98.9)
2026-09-07 00:49:49,038 MatchingPostProcessor WARNING  Orphan pdf_cell 973 recovered to col=3 by nearest-column fallback (row=20, x=733.9, dist=87.9)
2026-09-07 00:49:49,038 MatchingPostProcessor WARNING  Orphan pdf_cell 974 recovered to col=3 by nearest-column fallback (row=20, x=744.9, dist=76.9)
2026-09-07 00:49:49,038 MatchingPostProcessor WARNING  Orphan pdf_cell 975 recovered to col=3 by nearest-column fallback (row=20, x=755.9, dist=65.9)
2026-09-07 00:49:49,038 MatchingPostProcessor WARNING  Orphan pdf_cell 976 recovered to col=3 by nearest-column fallback (row=20, x=766.9, dist=54.9)
2026-09-07 00:49:49,038 MatchingPostProcessor WARNING  Orphan pdf_cell 977 recovered to col=3 by nearest-column fallback (row=20, x=777.9, dist=43.9)
2026-09-07 00:49:49,038 MatchingPostProcessor WARNING  Orphan pdf_cell 978 recovered to col=3 by nearest-column fallback (row=20, x=788.9, dist=32.9)
2026-09-07 00:49:49,038 MatchingPostProcessor WARNING  Orphan pdf_cell 995 recovered to col=2 by nearest-column fallback (row=21, x=491.9, dist=181.8)
2026-09-07 00:49:49,038 MatchingPostProcessor WARNING  Orphan pdf_cell 996 recovered to col=2 by nearest-column fallback (row=21, x=502.9, dist=192.8)
2026-09-07 00:49:49,038 MatchingPostProcessor WARNING  Orphan pdf_cell 997 recovered to col=2 by nearest-column fallback (row=21, x=513.9, dist=203.8)
2026-09-07 00:49:49,038 MatchingPostProcessor WARNING  Orphan pdf_cell 998 recovered to col=2 by nearest-column fallback (row=21, x=524.9, dist=214.8)
2026-09-07 00:49:49,038 MatchingPostProcessor WARNING  Orphan pdf_cell 999 recovered to col=2 by nearest-column fallback (row=21, x=535.9, dist=225.8)
2026-09-07 00:49:49,038 MatchingPostProcessor WARNING  Orphan pdf_cell 1000 recovered to col=2 by nearest-column fallback (row=21, x=546.9, dist=236.8)
2026-09-07 00:49:49,038 MatchingPostProcessor WARNING  Orphan pdf_cell 1001 recovered to col=2 by nearest-column fallback (row=21, x=557.9, dist=247.8)
2026-09-07 00:49:49,038 MatchingPostProcessor WARNING  Orphan pdf_cell 1002 recovered to col=3 by nearest-column fallback (row=21, x=568.9, dist=252.8)
2026-09-07 00:49:49,038 MatchingPostProcessor WARNING  Orphan pdf_cell 1003 recovered to col=3 by nearest-column fallback (row=21, x=579.9, dist=241.8)
2026-09-07 00:49:49,038 MatchingPostProcessor WARNING  Orphan pdf_cell 1004 recovered to col=3 by nearest-column fallback (row=21, x=590.9, dist=230.8)
2026-09-07 00:49:49,038 MatchingPostProcessor WARNING  Orphan pdf_cell 1005 recovered to col=3 by nearest-column fallback (row=21, x=601.9, dist=219.8)
2026-09-07 00:49:49,038 MatchingPostProcessor WARNING  Orphan pdf_cell 1006 recovered to col=3 by nearest-column fallback (row=21, x=612.9, dist=208.8)
2026-09-07 00:49:49,038 MatchingPostProcessor WARNING  Orphan pdf_cell 1007 recovered to col=3 by nearest-column fallback (row=21, x=623.9, dist=197.8)
2026-09-07 00:49:49,038 MatchingPostProcessor WARNING  Orphan pdf_cell 1008 recovered to col=3 by nearest-column fallback (row=21, x=634.9, dist=186.8)
2026-09-07 00:49:49,038 MatchingPostProcessor WARNING  Orphan pdf_cell 1009 recovered to col=3 by nearest-column fallback (row=21, x=645.9, dist=175.8)
2026-09-07 00:49:49,038 MatchingPostProcessor WARNING  Orphan pdf_cell 1010 recovered to col=3 by nearest-column fallback (row=21, x=656.9, dist=164.8)
2026-09-07 00:49:49,038 MatchingPostProcessor WARNING  Orphan pdf_cell 1011 recovered to col=3 by nearest-column fallback (row=21, x=667.9, dist=153.8)
2026-09-07 00:49:49,038 MatchingPostProcessor WARNING  Orphan pdf_cell 1012 recovered to col=3 by nearest-column fallback (row=21, x=678.9, dist=142.8)
2026-09-07 00:49:49,038 MatchingPostProcessor WARNING  Orphan pdf_cell 1013 recovered to col=3 by nearest-column fallback (row=21, x=689.9, dist=131.8)
2026-09-07 00:49:49,038 MatchingPostProcessor WARNING  Orphan pdf_cell 1014 recovered to col=3 by nearest-column fallback (row=21, x=700.9, dist=120.8)
2026-09-07 00:49:49,038 MatchingPostProcessor WARNING  Orphan pdf_cell 1015 recovered to col=3 by nearest-column fallback (row=21, x=711.9, dist=109.8)
2026-09-07 00:49:49,038 MatchingPostProcessor WARNING  Orphan pdf_cell 1016 recovered to col=3 by nearest-column fallback (row=21, x=722.9, dist=98.8)
2026-09-07 00:49:49,038 MatchingPostProcessor WARNING  Orphan pdf_cell 1017 recovered to col=3 by nearest-column fallback (row=21, x=733.9, dist=87.8)
2026-09-07 00:49:49,038 MatchingPostProcessor WARNING  Orphan pdf_cell 1018 recovered to col=3 by nearest-column fallback (row=21, x=744.9, dist=76.8)
2026-09-07 00:49:49,038 MatchingPostProcessor WARNING  Orphan pdf_cell 1019 recovered to col=3 by nearest-column fallback (row=21, x=755.9, dist=65.8)
2026-09-07 00:49:49,038 MatchingPostProcessor WARNING  Orphan pdf_cell 1020 recovered to col=3 by nearest-column fallback (row=21, x=766.9, dist=54.8)
2026-09-07 00:49:49,038 MatchingPostProcessor WARNING  Orphan pdf_cell 1021 recovered to col=3 by nearest-column fallback (row=21, x=777.9, dist=43.8)
2026-09-07 00:49:49,038 MatchingPostProcessor WARNING  Orphan pdf_cell 1022 recovered to col=3 by nearest-column fallback (row=21, x=788.9, dist=32.8)
2026-09-07 00:49:49,038 MatchingPostProcessor WARNING  Orphan pdf_cell 1033 recovered to col=2 by nearest-column fallback (row=22, x=514.0, dist=203.9)
2026-09-07 00:49:49,038 MatchingPostProcessor WARNING  Orphan pdf_cell 1034 recovered to col=2 by nearest-column fallback (row=22, x=525.0, dist=214.9)
2026-09-07 00:49:49,038 MatchingPostProcessor WARNING  Orphan pdf_cell 1035 recovered to col=2 by nearest-column fallback (row=22, x=536.0, dist=225.9)
2026-09-07 00:49:49,038 MatchingPostProcessor WARNING  Orphan pdf_cell 1036 recovered to col=2 by nearest-column fallback (row=22, x=547.0, dist=236.9)
2026-09-07 00:49:49,038 MatchingPostProcessor WARNING  Orphan pdf_cell 1037 recovered to col=2 by nearest-column fallback (row=22, x=558.0, dist=247.9)
2026-09-07 00:49:49,038 MatchingPostProcessor WARNING  Orphan pdf_cell 1038 recovered to col=3 by nearest-column fallback (row=22, x=569.0, dist=252.8)
2026-09-07 00:49:49,038 MatchingPostProcessor WARNING  Orphan pdf_cell 1039 recovered to col=3 by nearest-column fallback (row=22, x=580.0, dist=241.8)
2026-09-07 00:49:49,038 MatchingPostProcessor WARNING  Orphan pdf_cell 1040 recovered to col=3 by nearest-column fallback (row=22, x=591.0, dist=230.8)
2026-09-07 00:49:49,038 MatchingPostProcessor WARNING  Orphan pdf_cell 1041 recovered to col=3 by nearest-column fallback (row=22, x=602.0, dist=219.8)
2026-09-07 00:49:49,039 MatchingPostProcessor WARNING  Orphan pdf_cell 1042 recovered to col=3 by nearest-column fallback (row=22, x=613.0, dist=208.8)
2026-09-07 00:49:49,039 MatchingPostProcessor WARNING  Orphan pdf_cell 1043 recovered to col=3 by nearest-column fallback (row=22, x=624.0, dist=197.8)
2026-09-07 00:49:49,039 MatchingPostProcessor WARNING  Orphan pdf_cell 1044 recovered to col=3 by nearest-column fallback (row=22, x=635.0, dist=186.8)
2026-09-07 00:49:49,039 MatchingPostProcessor WARNING  Orphan pdf_cell 1045 recovered to col=3 by nearest-column fallback (row=22, x=646.0, dist=175.8)
2026-09-07 00:49:49,039 MatchingPostProcessor WARNING  Orphan pdf_cell 1046 recovered to col=3 by nearest-column fallback (row=22, x=657.0, dist=164.8)
2026-09-07 00:49:49,039 MatchingPostProcessor WARNING  Orphan pdf_cell 1047 recovered to col=3 by nearest-column fallback (row=22, x=668.0, dist=153.8)
2026-09-07 00:49:49,039 MatchingPostProcessor WARNING  Orphan pdf_cell 1048 recovered to col=3 by nearest-column fallback (row=22, x=679.0, dist=142.8)
2026-09-07 00:49:49,039 MatchingPostProcessor WARNING  Orphan pdf_cell 1049 recovered to col=3 by nearest-column fallback (row=22, x=690.0, dist=131.8)
2026-09-07 00:49:49,039 MatchingPostProcessor WARNING  Orphan pdf_cell 1050 recovered to col=3 by nearest-column fallback (row=22, x=701.0, dist=120.8)
2026-09-07 00:49:49,039 MatchingPostProcessor WARNING  Orphan pdf_cell 1051 recovered to col=3 by nearest-column fallback (row=22, x=712.0, dist=109.8)
2026-09-07 00:49:49,039 MatchingPostProcessor WARNING  Orphan pdf_cell 1052 recovered to col=3 by nearest-column fallback (row=22, x=723.0, dist=98.8)
2026-09-07 00:49:49,039 MatchingPostProcessor WARNING  Orphan pdf_cell 1053 recovered to col=3 by nearest-column fallback (row=22, x=734.0, dist=87.8)
2026-09-07 00:49:49,039 MatchingPostProcessor WARNING  Orphan pdf_cell 1054 recovered to col=3 by nearest-column fallback (row=22, x=745.0, dist=76.8)
2026-09-07 00:49:49,039 MatchingPostProcessor WARNING  Orphan pdf_cell 1055 recovered to col=3 by nearest-column fallback (row=22, x=756.0, dist=65.8)
2026-09-07 00:49:49,039 MatchingPostProcessor WARNING  Orphan pdf_cell 1056 recovered to col=3 by nearest-column fallback (row=22, x=767.0, dist=54.8)
2026-09-07 00:49:49,039 MatchingPostProcessor WARNING  Orphan pdf_cell 1057 recovered to col=3 by nearest-column fallback (row=22, x=778.0, dist=43.8)
2026-09-07 00:49:49,039 MatchingPostProcessor WARNING  Orphan pdf_cell 1058 recovered to col=3 by nearest-column fallback (row=22, x=789.0, dist=32.8)
2026-09-07 00:49:50,246 MatchingPostProcessor WARNING  Orphan pdf_cell 16 recovered to col=1 by nearest-column fallback (row=0, x=503.0, dist=203.0)
2026-09-07 00:49:50,246 MatchingPostProcessor WARNING  Orphan pdf_cell 17 recovered to col=1 by nearest-column fallback (row=0, x=514.0, dist=214.0)
2026-09-07 00:49:50,246 MatchingPostProcessor WARNING  Orphan pdf_cell 18 recovered to col=1 by nearest-column fallback (row=0, x=525.0, dist=225.0)
2026-09-07 00:49:50,246 MatchingPostProcessor WARNING  Orphan pdf_cell 19 recovered to col=1 by nearest-column fallback (row=0, x=536.0, dist=236.0)
2026-09-07 00:49:50,246 MatchingPostProcessor WARNING  Orphan pdf_cell 20 recovered to col=1 by nearest-column fallback (row=0, x=547.0, dist=247.0)
2026-09-07 00:49:50,246 MatchingPostProcessor WARNING  Orphan pdf_cell 21 recovered to col=1 by nearest-column fallback (row=0, x=558.0, dist=258.0)
2026-09-07 00:49:50,246 MatchingPostProcessor WARNING  Orphan pdf_cell 22 recovered to col=2 by nearest-column fallback (row=0, x=569.0, dist=254.0)
2026-09-07 00:49:50,246 MatchingPostProcessor WARNING  Orphan pdf_cell 23 recovered to col=2 by nearest-column fallback (row=0, x=580.0, dist=243.0)
2026-09-07 00:49:50,246 MatchingPostProcessor WARNING  Orphan pdf_cell 24 recovered to col=2 by nearest-column fallback (row=0, x=591.0, dist=232.0)
2026-09-07 00:49:50,246 MatchingPostProcessor WARNING  Orphan pdf_cell 25 recovered to col=2 by nearest-column fallback (row=0, x=602.0, dist=221.0)
2026-09-07 00:49:50,246 MatchingPostProcessor WARNING  Orphan pdf_cell 26 recovered to col=2 by nearest-column fallback (row=0, x=613.0, dist=210.0)
2026-09-07 00:49:50,246 MatchingPostProcessor WARNING  Orphan pdf_cell 27 recovered to col=2 by nearest-column fallback (row=0, x=624.0, dist=199.0)
2026-09-07 00:49:50,246 MatchingPostProcessor WARNING  Orphan pdf_cell 28 recovered to col=2 by nearest-column fallback (row=0, x=635.0, dist=188.0)
2026-09-07 00:49:50,246 MatchingPostProcessor WARNING  Orphan pdf_cell 29 recovered to col=2 by nearest-column fallback (row=0, x=646.0, dist=177.0)
2026-09-07 00:49:50,246 MatchingPostProcessor WARNING  Orphan pdf_cell 30 recovered to col=2 by nearest-column fallback (row=0, x=657.0, dist=166.0)
2026-09-07 00:49:50,246 MatchingPostProcessor WARNING  Orphan pdf_cell 31 recovered to col=2 by nearest-column fallback (row=0, x=668.0, dist=155.0)
2026-09-07 00:49:50,246 MatchingPostProcessor WARNING  Orphan pdf_cell 32 recovered to col=2 by nearest-column fallback (row=0, x=679.0, dist=144.0)
2026-09-07 00:49:50,246 MatchingPostProcessor WARNING  Orphan pdf_cell 33 recovered to col=2 by nearest-column fallback (row=0, x=690.0, dist=133.0)
2026-09-07 00:49:50,246 MatchingPostProcessor WARNING  Orphan pdf_cell 34 recovered to col=2 by nearest-column fallback (row=0, x=701.0, dist=122.0)
2026-09-07 00:49:50,246 MatchingPostProcessor WARNING  Orphan pdf_cell 35 recovered to col=2 by nearest-column fallback (row=0, x=712.0, dist=111.0)
2026-09-07 00:49:50,246 MatchingPostProcessor WARNING  Orphan pdf_cell 36 recovered to col=2 by nearest-column fallback (row=0, x=723.0, dist=100.0)
2026-09-07 00:49:50,246 MatchingPostProcessor WARNING  Orphan pdf_cell 37 recovered to col=2 by nearest-column fallback (row=0, x=734.0, dist=89.0)
2026-09-07 00:49:50,247 MatchingPostProcessor WARNING  Orphan pdf_cell 38 recovered to col=2 by nearest-column fallback (row=0, x=745.0, dist=78.0)
2026-09-07 00:49:50,247 MatchingPostProcessor WARNING  Orphan pdf_cell 39 recovered to col=2 by nearest-column fallback (row=0, x=756.0, dist=67.0)
2026-09-07 00:49:50,247 MatchingPostProcessor WARNING  Orphan pdf_cell 40 recovered to col=2 by nearest-column fallback (row=0, x=767.0, dist=56.0)
2026-09-07 00:49:50,247 MatchingPostProcessor WARNING  Orphan pdf_cell 41 recovered to col=2 by nearest-column fallback (row=0, x=778.0, dist=45.0)
2026-09-07 00:49:50,247 MatchingPostProcessor WARNING  Orphan pdf_cell 42 recovered to col=2 by nearest-column fallback (row=0, x=789.0, dist=34.0)
2026-09-07 00:49:50,247 MatchingPostProcessor WARNING  Orphan pdf_cell 43 recovered to col=2 by nearest-column fallback (row=0, x=800.0, dist=23.0)
2026-09-07 00:49:50,247 MatchingPostProcessor WARNING  Orphan pdf_cell 62 recovered to col=1 by nearest-column fallback (row=1, x=503.0, dist=202.9)
2026-09-07 00:49:50,247 MatchingPostProcessor WARNING  Orphan pdf_cell 63 recovered to col=1 by nearest-column fallback (row=1, x=514.0, dist=213.9)
2026-09-07 00:49:50,247 MatchingPostProcessor WARNING  Orphan pdf_cell 64 recovered to col=1 by nearest-column fallback (row=1, x=525.0, dist=224.9)
2026-09-07 00:49:50,247 MatchingPostProcessor WARNING  Orphan pdf_cell 65 recovered to col=1 by nearest-column fallback (row=1, x=536.0, dist=235.9)
2026-09-07 00:49:50,247 MatchingPostProcessor WARNING  Orphan pdf_cell 66 recovered to col=1 by nearest-column fallback (row=1, x=547.0, dist=246.9)
2026-09-07 00:49:50,247 MatchingPostProcessor WARNING  Orphan pdf_cell 67 recovered to col=1 by nearest-column fallback (row=1, x=558.0, dist=257.9)
2026-09-07 00:49:50,247 MatchingPostProcessor WARNING  Orphan pdf_cell 68 recovered to col=2 by nearest-column fallback (row=1, x=569.0, dist=254.1)
2026-09-07 00:49:50,247 MatchingPostProcessor WARNING  Orphan pdf_cell 69 recovered to col=2 by nearest-column fallback (row=1, x=580.0, dist=243.1)
2026-09-07 00:49:50,247 MatchingPostProcessor WARNING  Orphan pdf_cell 70 recovered to col=2 by nearest-column fallback (row=1, x=591.0, dist=232.1)
2026-09-07 00:49:50,247 MatchingPostProcessor WARNING  Orphan pdf_cell 71 recovered to col=2 by nearest-column fallback (row=1, x=602.0, dist=221.1)
2026-09-07 00:49:50,247 MatchingPostProcessor WARNING  Orphan pdf_cell 72 recovered to col=2 by nearest-column fallback (row=1, x=613.0, dist=210.1)
2026-09-07 00:49:50,247 MatchingPostProcessor WARNING  Orphan pdf_cell 73 recovered to col=2 by nearest-column fallback (row=1, x=624.0, dist=199.1)
2026-09-07 00:49:50,247 MatchingPostProcessor WARNING  Orphan pdf_cell 74 recovered to col=2 by nearest-column fallback (row=1, x=635.0, dist=188.1)
2026-09-07 00:49:50,247 MatchingPostProcessor WARNING  Orphan pdf_cell 75 recovered to col=2 by nearest-column fallback (row=1, x=646.0, dist=177.1)
2026-09-07 00:49:50,247 MatchingPostProcessor WARNING  Orphan pdf_cell 76 recovered to col=2 by nearest-column fallback (row=1, x=657.0, dist=166.1)
2026-09-07 00:49:50,247 MatchingPostProcessor WARNING  Orphan pdf_cell 77 recovered to col=2 by nearest-column fallback (row=1, x=668.0, dist=155.1)
2026-09-07 00:49:50,247 MatchingPostProcessor WARNING  Orphan pdf_cell 78 recovered to col=2 by nearest-column fallback (row=1, x=679.0, dist=144.1)
2026-09-07 00:49:50,247 MatchingPostProcessor WARNING  Orphan pdf_cell 79 recovered to col=2 by nearest-column fallback (row=1, x=690.0, dist=133.1)
2026-09-07 00:49:50,247 MatchingPostProcessor WARNING  Orphan pdf_cell 80 recovered to col=2 by nearest-column fallback (row=1, x=701.0, dist=122.1)
2026-09-07 00:49:50,247 MatchingPostProcessor WARNING  Orphan pdf_cell 81 recovered to col=2 by nearest-column fallback (row=1, x=712.0, dist=111.1)
2026-09-07 00:49:50,247 MatchingPostProcessor WARNING  Orphan pdf_cell 82 recovered to col=2 by nearest-column fallback (row=1, x=723.0, dist=100.1)
2026-09-07 00:49:50,247 MatchingPostProcessor WARNING  Orphan pdf_cell 83 recovered to col=2 by nearest-column fallback (row=1, x=734.0, dist=89.1)
2026-09-07 00:49:50,247 MatchingPostProcessor WARNING  Orphan pdf_cell 84 recovered to col=2 by nearest-column fallback (row=1, x=745.0, dist=78.1)
2026-09-07 00:49:50,247 MatchingPostProcessor WARNING  Orphan pdf_cell 85 recovered to col=2 by nearest-column fallback (row=1, x=756.0, dist=67.1)
2026-09-07 00:49:50,247 MatchingPostProcessor WARNING  Orphan pdf_cell 86 recovered to col=2 by nearest-column fallback (row=1, x=767.0, dist=56.1)
2026-09-07 00:49:50,247 MatchingPostProcessor WARNING  Orphan pdf_cell 87 recovered to col=2 by nearest-column fallback (row=1, x=778.0, dist=45.1)
2026-09-07 00:49:50,247 MatchingPostProcessor WARNING  Orphan pdf_cell 88 recovered to col=2 by nearest-column fallback (row=1, x=789.0, dist=34.1)
2026-09-07 00:49:50,247 MatchingPostProcessor WARNING  Orphan pdf_cell 89 recovered to col=2 by nearest-column fallback (row=1, x=800.0, dist=23.1)
2026-09-07 00:49:50,247 MatchingPostProcessor WARNING  Orphan pdf_cell 104 recovered to col=1 by nearest-column fallback (row=2, x=503.0, dist=203.0)
2026-09-07 00:49:50,247 MatchingPostProcessor WARNING  Orphan pdf_cell 105 recovered to col=1 by nearest-column fallback (row=2, x=514.0, dist=214.0)
2026-09-07 00:49:50,247 MatchingPostProcessor WARNING  Orphan pdf_cell 106 recovered to col=1 by nearest-column fallback (row=2, x=525.0, dist=225.0)
2026-09-07 00:49:50,248 MatchingPostProcessor WARNING  Orphan pdf_cell 107 recovered to col=1 by nearest-column fallback (row=2, x=536.0, dist=236.0)
2026-09-07 00:49:50,248 MatchingPostProcessor WARNING  Orphan pdf_cell 108 recovered to col=1 by nearest-column fallback (row=2, x=547.0, dist=247.0)
2026-09-07 00:49:50,248 MatchingPostProcessor WARNING  Orphan pdf_cell 109 recovered to col=1 by nearest-column fallback (row=2, x=558.0, dist=258.0)
2026-09-07 00:49:50,248 MatchingPostProcessor WARNING  Orphan pdf_cell 110 recovered to col=2 by nearest-column fallback (row=2, x=569.0, dist=254.1)
2026-09-07 00:49:50,248 MatchingPostProcessor WARNING  Orphan pdf_cell 111 recovered to col=2 by nearest-column fallback (row=2, x=580.0, dist=243.1)
2026-09-07 00:49:50,248 MatchingPostProcessor WARNING  Orphan pdf_cell 112 recovered to col=2 by nearest-column fallback (row=2, x=591.0, dist=232.1)
2026-09-07 00:49:50,248 MatchingPostProcessor WARNING  Orphan pdf_cell 113 recovered to col=2 by nearest-column fallback (row=2, x=602.0, dist=221.1)
2026-09-07 00:49:50,248 MatchingPostProcessor WARNING  Orphan pdf_cell 114 recovered to col=2 by nearest-column fallback (row=2, x=613.0, dist=210.1)
2026-09-07 00:49:50,248 MatchingPostProcessor WARNING  Orphan pdf_cell 115 recovered to col=2 by nearest-column fallback (row=2, x=624.0, dist=199.1)
2026-09-07 00:49:50,248 MatchingPostProcessor WARNING  Orphan pdf_cell 116 recovered to col=2 by nearest-column fallback (row=2, x=635.0, dist=188.1)
2026-09-07 00:49:50,248 MatchingPostProcessor WARNING  Orphan pdf_cell 117 recovered to col=2 by nearest-column fallback (row=2, x=646.0, dist=177.1)
2026-09-07 00:49:50,248 MatchingPostProcessor WARNING  Orphan pdf_cell 118 recovered to col=2 by nearest-column fallback (row=2, x=657.0, dist=166.1)
2026-09-07 00:49:50,248 MatchingPostProcessor WARNING  Orphan pdf_cell 119 recovered to col=2 by nearest-column fallback (row=2, x=668.0, dist=155.1)
2026-09-07 00:49:50,248 MatchingPostProcessor WARNING  Orphan pdf_cell 120 recovered to col=2 by nearest-column fallback (row=2, x=679.0, dist=144.1)
2026-09-07 00:49:50,248 MatchingPostProcessor WARNING  Orphan pdf_cell 121 recovered to col=2 by nearest-column fallback (row=2, x=690.0, dist=133.1)
2026-09-07 00:49:50,248 MatchingPostProcessor WARNING  Orphan pdf_cell 122 recovered to col=2 by nearest-column fallback (row=2, x=701.0, dist=122.1)
2026-09-07 00:49:50,248 MatchingPostProcessor WARNING  Orphan pdf_cell 123 recovered to col=2 by nearest-column fallback (row=2, x=712.0, dist=111.1)
2026-09-07 00:49:50,248 MatchingPostProcessor WARNING  Orphan pdf_cell 124 recovered to col=2 by nearest-column fallback (row=2, x=723.0, dist=100.1)
2026-09-07 00:49:50,248 MatchingPostProcessor WARNING  Orphan pdf_cell 125 recovered to col=2 by nearest-column fallback (row=2, x=734.0, dist=89.1)
2026-09-07 00:49:50,248 MatchingPostProcessor WARNING  Orphan pdf_cell 126 recovered to col=2 by nearest-column fallback (row=2, x=745.0, dist=78.1)
2026-09-07 00:49:50,248 MatchingPostProcessor WARNING  Orphan pdf_cell 127 recovered to col=2 by nearest-column fallback (row=2, x=756.0, dist=67.1)
2026-09-07 00:49:50,248 MatchingPostProcessor WARNING  Orphan pdf_cell 128 recovered to col=2 by nearest-column fallback (row=2, x=767.0, dist=56.1)
2026-09-07 00:49:50,248 MatchingPostProcessor WARNING  Orphan pdf_cell 129 recovered to col=2 by nearest-column fallback (row=2, x=778.0, dist=45.1)
2026-09-07 00:49:50,248 MatchingPostProcessor WARNING  Orphan pdf_cell 130 recovered to col=2 by nearest-column fallback (row=2, x=789.0, dist=34.1)
2026-09-07 00:49:50,248 MatchingPostProcessor WARNING  Orphan pdf_cell 131 recovered to col=2 by nearest-column fallback (row=2, x=800.0, dist=23.1)
2026-09-07 00:49:50,248 MatchingPostProcessor WARNING  Orphan pdf_cell 145 recovered to col=1 by nearest-column fallback (row=3, x=503.0, dist=203.0)
2026-09-07 00:49:50,248 MatchingPostProcessor WARNING  Orphan pdf_cell 146 recovered to col=1 by nearest-column fallback (row=3, x=514.0, dist=214.0)
2026-09-07 00:49:50,248 MatchingPostProcessor WARNING  Orphan pdf_cell 147 recovered to col=1 by nearest-column fallback (row=3, x=525.0, dist=225.0)
2026-09-07 00:49:50,248 MatchingPostProcessor WARNING  Orphan pdf_cell 148 recovered to col=1 by nearest-column fallback (row=3, x=536.0, dist=236.0)
2026-09-07 00:49:50,248 MatchingPostProcessor WARNING  Orphan pdf_cell 149 recovered to col=1 by nearest-column fallback (row=3, x=547.0, dist=247.0)
2026-09-07 00:49:50,248 MatchingPostProcessor WARNING  Orphan pdf_cell 150 recovered to col=1 by nearest-column fallback (row=3, x=558.0, dist=258.0)
2026-09-07 00:49:50,248 MatchingPostProcessor WARNING  Orphan pdf_cell 151 recovered to col=2 by nearest-column fallback (row=3, x=569.0, dist=254.0)
2026-09-07 00:49:50,248 MatchingPostProcessor WARNING  Orphan pdf_cell 152 recovered to col=2 by nearest-column fallback (row=3, x=580.0, dist=243.0)
2026-09-07 00:49:50,248 MatchingPostProcessor WARNING  Orphan pdf_cell 153 recovered to col=2 by nearest-column fallback (row=3, x=591.0, dist=232.0)
2026-09-07 00:49:50,248 MatchingPostProcessor WARNING  Orphan pdf_cell 154 recovered to col=2 by nearest-column fallback (row=3, x=602.0, dist=221.0)
2026-09-07 00:49:50,248 MatchingPostProcessor WARNING  Orphan pdf_cell 155 recovered to col=2 by nearest-column fallback (row=3, x=613.0, dist=210.0)
2026-09-07 00:49:50,248 MatchingPostProcessor WARNING  Orphan pdf_cell 156 recovered to col=2 by nearest-column fallback (row=3, x=624.0, dist=199.0)
2026-09-07 00:49:50,248 MatchingPostProcessor WARNING  Orphan pdf_cell 157 recovered to col=2 by nearest-column fallback (row=3, x=635.0, dist=188.0)
2026-09-07 00:49:50,248 MatchingPostProcessor WARNING  Orphan pdf_cell 158 recovered to col=2 by nearest-column fallback (row=3, x=646.0, dist=177.0)
2026-09-07 00:49:50,248 MatchingPostProcessor WARNING  Orphan pdf_cell 159 recovered to col=2 by nearest-column fallback (row=3, x=657.0, dist=166.0)
2026-09-07 00:49:50,249 MatchingPostProcessor WARNING  Orphan pdf_cell 160 recovered to col=2 by nearest-column fallback (row=3, x=668.0, dist=155.0)
2026-09-07 00:49:50,249 MatchingPostProcessor WARNING  Orphan pdf_cell 161 recovered to col=2 by nearest-column fallback (row=3, x=679.0, dist=144.0)
2026-09-07 00:49:50,249 MatchingPostProcessor WARNING  Orphan pdf_cell 162 recovered to col=2 by nearest-column fallback (row=3, x=690.0, dist=133.0)
2026-09-07 00:49:50,249 MatchingPostProcessor WARNING  Orphan pdf_cell 163 recovered to col=2 by nearest-column fallback (row=3, x=701.0, dist=122.0)
2026-09-07 00:49:50,249 MatchingPostProcessor WARNING  Orphan pdf_cell 164 recovered to col=2 by nearest-column fallback (row=3, x=712.0, dist=111.0)
2026-09-07 00:49:50,249 MatchingPostProcessor WARNING  Orphan pdf_cell 165 recovered to col=2 by nearest-column fallback (row=3, x=723.0, dist=100.0)
2026-09-07 00:49:50,249 MatchingPostProcessor WARNING  Orphan pdf_cell 166 recovered to col=2 by nearest-column fallback (row=3, x=734.0, dist=89.0)
2026-09-07 00:49:50,249 MatchingPostProcessor WARNING  Orphan pdf_cell 167 recovered to col=2 by nearest-column fallback (row=3, x=745.0, dist=78.0)
2026-09-07 00:49:50,249 MatchingPostProcessor WARNING  Orphan pdf_cell 168 recovered to col=2 by nearest-column fallback (row=3, x=756.0, dist=67.0)
2026-09-07 00:49:50,249 MatchingPostProcessor WARNING  Orphan pdf_cell 169 recovered to col=2 by nearest-column fallback (row=3, x=767.0, dist=56.0)
2026-09-07 00:49:50,249 MatchingPostProcessor WARNING  Orphan pdf_cell 170 recovered to col=2 by nearest-column fallback (row=3, x=778.0, dist=45.0)
2026-09-07 00:49:50,249 MatchingPostProcessor WARNING  Orphan pdf_cell 171 recovered to col=2 by nearest-column fallback (row=3, x=789.0, dist=34.0)
2026-09-07 00:49:50,249 MatchingPostProcessor WARNING  Orphan pdf_cell 172 recovered to col=2 by nearest-column fallback (row=3, x=800.0, dist=23.0)
2026-09-07 00:49:50,249 MatchingPostProcessor WARNING  Orphan pdf_cell 192 recovered to col=1 by nearest-column fallback (row=4, x=503.0, dist=203.0)
2026-09-07 00:49:50,249 MatchingPostProcessor WARNING  Orphan pdf_cell 193 recovered to col=1 by nearest-column fallback (row=4, x=514.0, dist=214.0)
2026-09-07 00:49:50,249 MatchingPostProcessor WARNING  Orphan pdf_cell 194 recovered to col=1 by nearest-column fallback (row=4, x=525.0, dist=225.0)
2026-09-07 00:49:50,249 MatchingPostProcessor WARNING  Orphan pdf_cell 195 recovered to col=1 by nearest-column fallback (row=4, x=536.0, dist=236.0)
2026-09-07 00:49:50,249 MatchingPostProcessor WARNING  Orphan pdf_cell 196 recovered to col=1 by nearest-column fallback (row=4, x=547.0, dist=247.0)
2026-09-07 00:49:50,249 MatchingPostProcessor WARNING  Orphan pdf_cell 197 recovered to col=1 by nearest-column fallback (row=4, x=558.0, dist=258.0)
2026-09-07 00:49:50,249 MatchingPostProcessor WARNING  Orphan pdf_cell 198 recovered to col=2 by nearest-column fallback (row=4, x=569.0, dist=254.1)
2026-09-07 00:49:50,249 MatchingPostProcessor WARNING  Orphan pdf_cell 199 recovered to col=2 by nearest-column fallback (row=4, x=580.0, dist=243.1)
2026-09-07 00:49:50,249 MatchingPostProcessor WARNING  Orphan pdf_cell 200 recovered to col=2 by nearest-column fallback (row=4, x=591.0, dist=232.1)
2026-09-07 00:49:50,249 MatchingPostProcessor WARNING  Orphan pdf_cell 201 recovered to col=2 by nearest-column fallback (row=4, x=602.0, dist=221.1)
2026-09-07 00:49:50,249 MatchingPostProcessor WARNING  Orphan pdf_cell 202 recovered to col=2 by nearest-column fallback (row=4, x=613.0, dist=210.1)
2026-09-07 00:49:50,249 MatchingPostProcessor WARNING  Orphan pdf_cell 203 recovered to col=2 by nearest-column fallback (row=4, x=624.0, dist=199.1)
2026-09-07 00:49:50,249 MatchingPostProcessor WARNING  Orphan pdf_cell 204 recovered to col=2 by nearest-column fallback (row=4, x=635.0, dist=188.1)
2026-09-07 00:49:50,249 MatchingPostProcessor WARNING  Orphan pdf_cell 205 recovered to col=2 by nearest-column fallback (row=4, x=646.0, dist=177.1)
2026-09-07 00:49:50,249 MatchingPostProcessor WARNING  Orphan pdf_cell 206 recovered to col=2 by nearest-column fallback (row=4, x=657.0, dist=166.1)
2026-09-07 00:49:50,249 MatchingPostProcessor WARNING  Orphan pdf_cell 207 recovered to col=2 by nearest-column fallback (row=4, x=668.0, dist=155.1)
2026-09-07 00:49:50,249 MatchingPostProcessor WARNING  Orphan pdf_cell 208 recovered to col=2 by nearest-column fallback (row=4, x=679.0, dist=144.1)
2026-09-07 00:49:50,249 MatchingPostProcessor WARNING  Orphan pdf_cell 209 recovered to col=2 by nearest-column fallback (row=4, x=690.0, dist=133.1)
2026-09-07 00:49:50,249 MatchingPostProcessor WARNING  Orphan pdf_cell 210 recovered to col=2 by nearest-column fallback (row=4, x=701.0, dist=122.1)
2026-09-07 00:49:50,249 MatchingPostProcessor WARNING  Orphan pdf_cell 211 recovered to col=2 by nearest-column fallback (row=4, x=712.0, dist=111.1)
2026-09-07 00:49:50,249 MatchingPostProcessor WARNING  Orphan pdf_cell 212 recovered to col=2 by nearest-column fallback (row=4, x=723.0, dist=100.1)
2026-09-07 00:49:50,249 MatchingPostProcessor WARNING  Orphan pdf_cell 213 recovered to col=2 by nearest-column fallback (row=4, x=734.0, dist=89.1)
2026-09-07 00:49:50,249 MatchingPostProcessor WARNING  Orphan pdf_cell 214 recovered to col=2 by nearest-column fallback (row=4, x=745.0, dist=78.1)
2026-09-07 00:49:50,249 MatchingPostProcessor WARNING  Orphan pdf_cell 215 recovered to col=2 by nearest-column fallback (row=4, x=756.0, dist=67.1)
2026-09-07 00:49:50,249 MatchingPostProcessor WARNING  Orphan pdf_cell 216 recovered to col=2 by nearest-column fallback (row=4, x=767.0, dist=56.1)
2026-09-07 00:49:50,250 MatchingPostProcessor WARNING  Orphan pdf_cell 217 recovered to col=2 by nearest-column fallback (row=4, x=778.0, dist=45.1)
2026-09-07 00:49:50,250 MatchingPostProcessor WARNING  Orphan pdf_cell 218 recovered to col=2 by nearest-column fallback (row=4, x=789.0, dist=34.1)
2026-09-07 00:49:50,250 MatchingPostProcessor WARNING  Orphan pdf_cell 219 recovered to col=2 by nearest-column fallback (row=4, x=800.0, dist=23.1)
2026-09-07 00:49:50,250 MatchingPostProcessor WARNING  Orphan pdf_cell 235 recovered to col=1 by nearest-column fallback (row=5, x=503.0, dist=203.0)
2026-09-07 00:49:50,250 MatchingPostProcessor WARNING  Orphan pdf_cell 236 recovered to col=1 by nearest-column fallback (row=5, x=514.0, dist=214.0)
2026-09-07 00:49:50,250 MatchingPostProcessor WARNING  Orphan pdf_cell 237 recovered to col=1 by nearest-column fallback (row=5, x=525.0, dist=225.0)
2026-09-07 00:49:50,250 MatchingPostProcessor WARNING  Orphan pdf_cell 238 recovered to col=1 by nearest-column fallback (row=5, x=536.0, dist=236.0)
2026-09-07 00:49:50,250 MatchingPostProcessor WARNING  Orphan pdf_cell 239 recovered to col=1 by nearest-column fallback (row=5, x=547.0, dist=247.0)
2026-09-07 00:49:50,250 MatchingPostProcessor WARNING  Orphan pdf_cell 240 recovered to col=1 by nearest-column fallback (row=5, x=558.0, dist=258.0)
2026-09-07 00:49:50,250 MatchingPostProcessor WARNING  Orphan pdf_cell 241 recovered to col=2 by nearest-column fallback (row=5, x=569.0, dist=254.1)
2026-09-07 00:49:50,250 MatchingPostProcessor WARNING  Orphan pdf_cell 242 recovered to col=2 by nearest-column fallback (row=5, x=580.0, dist=243.1)
2026-09-07 00:49:50,250 MatchingPostProcessor WARNING  Orphan pdf_cell 243 recovered to col=2 by nearest-column fallback (row=5, x=591.0, dist=232.1)
2026-09-07 00:49:50,250 MatchingPostProcessor WARNING  Orphan pdf_cell 244 recovered to col=2 by nearest-column fallback (row=5, x=602.0, dist=221.1)
2026-09-07 00:49:50,250 MatchingPostProcessor WARNING  Orphan pdf_cell 245 recovered to col=2 by nearest-column fallback (row=5, x=613.0, dist=210.1)
2026-09-07 00:49:50,250 MatchingPostProcessor WARNING  Orphan pdf_cell 246 recovered to col=2 by nearest-column fallback (row=5, x=624.0, dist=199.1)
2026-09-07 00:49:50,250 MatchingPostProcessor WARNING  Orphan pdf_cell 247 recovered to col=2 by nearest-column fallback (row=5, x=635.0, dist=188.1)
2026-09-07 00:49:50,250 MatchingPostProcessor WARNING  Orphan pdf_cell 248 recovered to col=2 by nearest-column fallback (row=5, x=646.0, dist=177.1)
2026-09-07 00:49:50,250 MatchingPostProcessor WARNING  Orphan pdf_cell 249 recovered to col=2 by nearest-column fallback (row=5, x=657.0, dist=166.1)
2026-09-07 00:49:50,250 MatchingPostProcessor WARNING  Orphan pdf_cell 250 recovered to col=2 by nearest-column fallback (row=5, x=668.0, dist=155.1)
2026-09-07 00:49:50,250 MatchingPostProcessor WARNING  Orphan pdf_cell 251 recovered to col=2 by nearest-column fallback (row=5, x=679.0, dist=144.1)
2026-09-07 00:49:50,250 MatchingPostProcessor WARNING  Orphan pdf_cell 252 recovered to col=2 by nearest-column fallback (row=5, x=690.0, dist=133.1)
2026-09-07 00:49:50,250 MatchingPostProcessor WARNING  Orphan pdf_cell 253 recovered to col=2 by nearest-column fallback (row=5, x=701.0, dist=122.1)
2026-09-07 00:49:50,250 MatchingPostProcessor WARNING  Orphan pdf_cell 254 recovered to col=2 by nearest-column fallback (row=5, x=712.0, dist=111.1)
2026-09-07 00:49:50,250 MatchingPostProcessor WARNING  Orphan pdf_cell 255 recovered to col=2 by nearest-column fallback (row=5, x=723.0, dist=100.1)
2026-09-07 00:49:50,250 MatchingPostProcessor WARNING  Orphan pdf_cell 256 recovered to col=2 by nearest-column fallback (row=5, x=734.0, dist=89.1)
2026-09-07 00:49:50,250 MatchingPostProcessor WARNING  Orphan pdf_cell 257 recovered to col=2 by nearest-column fallback (row=5, x=745.0, dist=78.1)
2026-09-07 00:49:50,250 MatchingPostProcessor WARNING  Orphan pdf_cell 258 recovered to col=2 by nearest-column fallback (row=5, x=756.0, dist=67.1)
2026-09-07 00:49:50,250 MatchingPostProcessor WARNING  Orphan pdf_cell 259 recovered to col=2 by nearest-column fallback (row=5, x=767.0, dist=56.1)
2026-09-07 00:49:50,250 MatchingPostProcessor WARNING  Orphan pdf_cell 260 recovered to col=2 by nearest-column fallback (row=5, x=778.0, dist=45.1)
2026-09-07 00:49:50,250 MatchingPostProcessor WARNING  Orphan pdf_cell 261 recovered to col=2 by nearest-column fallback (row=5, x=789.0, dist=34.1)
2026-09-07 00:49:50,250 MatchingPostProcessor WARNING  Orphan pdf_cell 262 recovered to col=2 by nearest-column fallback (row=5, x=800.0, dist=23.1)
2026-09-07 00:49:50,250 MatchingPostProcessor WARNING  Orphan pdf_cell 273 recovered to col=1 by nearest-column fallback (row=6, x=503.1, dist=203.0)
2026-09-07 00:49:50,250 MatchingPostProcessor WARNING  Orphan pdf_cell 274 recovered to col=1 by nearest-column fallback (row=6, x=514.1, dist=214.0)
2026-09-07 00:49:50,250 MatchingPostProcessor WARNING  Orphan pdf_cell 275 recovered to col=1 by nearest-column fallback (row=6, x=525.1, dist=225.0)
2026-09-07 00:49:50,250 MatchingPostProcessor WARNING  Orphan pdf_cell 276 recovered to col=1 by nearest-column fallback (row=6, x=536.1, dist=236.0)
2026-09-07 00:49:50,250 MatchingPostProcessor WARNING  Orphan pdf_cell 277 recovered to col=1 by nearest-column fallback (row=6, x=547.1, dist=247.0)
2026-09-07 00:49:50,250 MatchingPostProcessor WARNING  Orphan pdf_cell 278 recovered to col=1 by nearest-column fallback (row=6, x=558.1, dist=258.0)
2026-09-07 00:49:50,250 MatchingPostProcessor WARNING  Orphan pdf_cell 279 recovered to col=2 by nearest-column fallback (row=6, x=569.1, dist=254.0)
2026-09-07 00:49:50,251 MatchingPostProcessor WARNING  Orphan pdf_cell 280 recovered to col=2 by nearest-column fallback (row=6, x=580.1, dist=243.0)
2026-09-07 00:49:50,251 MatchingPostProcessor WARNING  Orphan pdf_cell 281 recovered to col=2 by nearest-column fallback (row=6, x=591.1, dist=232.0)
2026-09-07 00:49:50,251 MatchingPostProcessor WARNING  Orphan pdf_cell 282 recovered to col=2 by nearest-column fallback (row=6, x=602.1, dist=221.0)
2026-09-07 00:49:50,251 MatchingPostProcessor WARNING  Orphan pdf_cell 283 recovered to col=2 by nearest-column fallback (row=6, x=613.1, dist=210.0)
2026-09-07 00:49:50,251 MatchingPostProcessor WARNING  Orphan pdf_cell 284 recovered to col=2 by nearest-column fallback (row=6, x=624.1, dist=199.0)
2026-09-07 00:49:50,251 MatchingPostProcessor WARNING  Orphan pdf_cell 285 recovered to col=2 by nearest-column fallback (row=6, x=635.1, dist=188.0)
2026-09-07 00:49:50,251 MatchingPostProcessor WARNING  Orphan pdf_cell 286 recovered to col=2 by nearest-column fallback (row=6, x=646.1, dist=177.0)
2026-09-07 00:49:50,251 MatchingPostProcessor WARNING  Orphan pdf_cell 287 recovered to col=2 by nearest-column fallback (row=6, x=657.1, dist=166.0)
2026-09-07 00:49:50,251 MatchingPostProcessor WARNING  Orphan pdf_cell 288 recovered to col=2 by nearest-column fallback (row=6, x=668.1, dist=155.0)
2026-09-07 00:49:50,251 MatchingPostProcessor WARNING  Orphan pdf_cell 289 recovered to col=2 by nearest-column fallback (row=6, x=679.1, dist=144.0)
2026-09-07 00:49:50,251 MatchingPostProcessor WARNING  Orphan pdf_cell 290 recovered to col=2 by nearest-column fallback (row=6, x=690.1, dist=133.0)
2026-09-07 00:49:50,251 MatchingPostProcessor WARNING  Orphan pdf_cell 291 recovered to col=2 by nearest-column fallback (row=6, x=701.1, dist=122.0)
2026-09-07 00:49:50,251 MatchingPostProcessor WARNING  Orphan pdf_cell 292 recovered to col=2 by nearest-column fallback (row=6, x=712.1, dist=111.0)
2026-09-07 00:49:50,251 MatchingPostProcessor WARNING  Orphan pdf_cell 293 recovered to col=2 by nearest-column fallback (row=6, x=723.1, dist=100.0)
2026-09-07 00:49:50,251 MatchingPostProcessor WARNING  Orphan pdf_cell 294 recovered to col=2 by nearest-column fallback (row=6, x=734.1, dist=89.0)
2026-09-07 00:49:50,251 MatchingPostProcessor WARNING  Orphan pdf_cell 295 recovered to col=2 by nearest-column fallback (row=6, x=745.1, dist=78.0)
2026-09-07 00:49:50,251 MatchingPostProcessor WARNING  Orphan pdf_cell 296 recovered to col=2 by nearest-column fallback (row=6, x=756.1, dist=67.0)
2026-09-07 00:49:50,251 MatchingPostProcessor WARNING  Orphan pdf_cell 297 recovered to col=2 by nearest-column fallback (row=6, x=767.1, dist=56.0)
2026-09-07 00:49:50,251 MatchingPostProcessor WARNING  Orphan pdf_cell 298 recovered to col=2 by nearest-column fallback (row=6, x=778.1, dist=45.0)
2026-09-07 00:49:50,251 MatchingPostProcessor WARNING  Orphan pdf_cell 299 recovered to col=2 by nearest-column fallback (row=6, x=789.1, dist=34.0)
2026-09-07 00:49:50,251 MatchingPostProcessor WARNING  Orphan pdf_cell 300 recovered to col=2 by nearest-column fallback (row=6, x=800.1, dist=23.0)
2026-09-07 00:49:50,251 MatchingPostProcessor WARNING  Orphan pdf_cell 311 recovered to col=1 by nearest-column fallback (row=7, x=503.1, dist=203.0)
2026-09-07 00:49:50,251 MatchingPostProcessor WARNING  Orphan pdf_cell 312 recovered to col=1 by nearest-column fallback (row=7, x=514.1, dist=214.0)
2026-09-07 00:49:50,251 MatchingPostProcessor WARNING  Orphan pdf_cell 313 recovered to col=1 by nearest-column fallback (row=7, x=525.1, dist=225.0)
2026-09-07 00:49:50,251 MatchingPostProcessor WARNING  Orphan pdf_cell 314 recovered to col=1 by nearest-column fallback (row=7, x=536.1, dist=236.0)
2026-09-07 00:49:50,251 MatchingPostProcessor WARNING  Orphan pdf_cell 315 recovered to col=1 by nearest-column fallback (row=7, x=547.1, dist=247.0)
2026-09-07 00:49:50,251 MatchingPostProcessor WARNING  Orphan pdf_cell 316 recovered to col=1 by nearest-column fallback (row=7, x=558.1, dist=258.0)
2026-09-07 00:49:50,251 MatchingPostProcessor WARNING  Orphan pdf_cell 317 recovered to col=2 by nearest-column fallback (row=7, x=569.1, dist=254.0)
2026-09-07 00:49:50,251 MatchingPostProcessor WARNING  Orphan pdf_cell 318 recovered to col=2 by nearest-column fallback (row=7, x=580.1, dist=243.0)
2026-09-07 00:49:50,251 MatchingPostProcessor WARNING  Orphan pdf_cell 319 recovered to col=2 by nearest-column fallback (row=7, x=591.1, dist=232.0)
2026-09-07 00:49:50,251 MatchingPostProcessor WARNING  Orphan pdf_cell 320 recovered to col=2 by nearest-column fallback (row=7, x=602.1, dist=221.0)
2026-09-07 00:49:50,251 MatchingPostProcessor WARNING  Orphan pdf_cell 321 recovered to col=2 by nearest-column fallback (row=7, x=613.1, dist=210.0)
2026-09-07 00:49:50,251 MatchingPostProcessor WARNING  Orphan pdf_cell 322 recovered to col=2 by nearest-column fallback (row=7, x=624.1, dist=199.0)
2026-09-07 00:49:50,251 MatchingPostProcessor WARNING  Orphan pdf_cell 323 recovered to col=2 by nearest-column fallback (row=7, x=635.1, dist=188.0)
2026-09-07 00:49:50,251 MatchingPostProcessor WARNING  Orphan pdf_cell 324 recovered to col=2 by nearest-column fallback (row=7, x=646.1, dist=177.0)
2026-09-07 00:49:50,251 MatchingPostProcessor WARNING  Orphan pdf_cell 325 recovered to col=2 by nearest-column fallback (row=7, x=657.1, dist=166.0)
2026-09-07 00:49:50,251 MatchingPostProcessor WARNING  Orphan pdf_cell 326 recovered to col=2 by nearest-column fallback (row=7, x=668.1, dist=155.0)
2026-09-07 00:49:50,251 MatchingPostProcessor WARNING  Orphan pdf_cell 327 recovered to col=2 by nearest-column fallback (row=7, x=679.1, dist=144.0)
2026-09-07 00:49:50,251 MatchingPostProcessor WARNING  Orphan pdf_cell 328 recovered to col=2 by nearest-column fallback (row=7, x=690.1, dist=133.0)
2026-09-07 00:49:50,251 MatchingPostProcessor WARNING  Orphan pdf_cell 329 recovered to col=2 by nearest-column fallback (row=7, x=701.1, dist=122.0)
2026-09-07 00:49:50,251 MatchingPostProcessor WARNING  Orphan pdf_cell 330 recovered to col=2 by nearest-column fallback (row=7, x=712.1, dist=111.0)
2026-09-07 00:49:50,251 MatchingPostProcessor WARNING  Orphan pdf_cell 331 recovered to col=2 by nearest-column fallback (row=7, x=723.1, dist=100.0)
2026-09-07 00:49:50,251 MatchingPostProcessor WARNING  Orphan pdf_cell 332 recovered to col=2 by nearest-column fallback (row=7, x=734.1, dist=89.0)
2026-09-07 00:49:50,252 MatchingPostProcessor WARNING  Orphan pdf_cell 333 recovered to col=2 by nearest-column fallback (row=7, x=745.1, dist=78.0)
2026-09-07 00:49:50,252 MatchingPostProcessor WARNING  Orphan pdf_cell 334 recovered to col=2 by nearest-column fallback (row=7, x=756.1, dist=67.0)
2026-09-07 00:49:50,252 MatchingPostProcessor WARNING  Orphan pdf_cell 335 recovered to col=2 by nearest-column fallback (row=7, x=767.1, dist=56.0)
2026-09-07 00:49:50,252 MatchingPostProcessor WARNING  Orphan pdf_cell 336 recovered to col=2 by nearest-column fallback (row=7, x=778.1, dist=45.0)
2026-09-07 00:49:50,252 MatchingPostProcessor WARNING  Orphan pdf_cell 337 recovered to col=2 by nearest-column fallback (row=7, x=789.1, dist=34.0)
2026-09-07 00:49:50,252 MatchingPostProcessor WARNING  Orphan pdf_cell 338 recovered to col=2 by nearest-column fallback (row=7, x=800.1, dist=23.0)
2026-09-07 00:49:50,252 MatchingPostProcessor WARNING  Orphan pdf_cell 348 recovered to col=1 by nearest-column fallback (row=8, x=514.1, dist=214.0)
2026-09-07 00:49:50,252 MatchingPostProcessor WARNING  Orphan pdf_cell 349 recovered to col=1 by nearest-column fallback (row=8, x=525.1, dist=225.0)
2026-09-07 00:49:50,252 MatchingPostProcessor WARNING  Orphan pdf_cell 350 recovered to col=1 by nearest-column fallback (row=8, x=536.1, dist=236.0)
2026-09-07 00:49:50,252 MatchingPostProcessor WARNING  Orphan pdf_cell 351 recovered to col=1 by nearest-column fallback (row=8, x=547.1, dist=247.0)
2026-09-07 00:49:50,252 MatchingPostProcessor WARNING  Orphan pdf_cell 352 recovered to col=1 by nearest-column fallback (row=8, x=558.1, dist=258.0)
2026-09-07 00:49:50,252 MatchingPostProcessor WARNING  Orphan pdf_cell 353 recovered to col=2 by nearest-column fallback (row=8, x=569.1, dist=254.0)
2026-09-07 00:49:50,252 MatchingPostProcessor WARNING  Orphan pdf_cell 354 recovered to col=2 by nearest-column fallback (row=8, x=580.1, dist=243.0)
2026-09-07 00:49:50,252 MatchingPostProcessor WARNING  Orphan pdf_cell 355 recovered to col=2 by nearest-column fallback (row=8, x=591.1, dist=232.0)
2026-09-07 00:49:50,252 MatchingPostProcessor WARNING  Orphan pdf_cell 356 recovered to col=2 by nearest-column fallback (row=8, x=602.1, dist=221.0)
2026-09-07 00:49:50,252 MatchingPostProcessor WARNING  Orphan pdf_cell 357 recovered to col=2 by nearest-column fallback (row=8, x=613.1, dist=210.0)
2026-09-07 00:49:50,252 MatchingPostProcessor WARNING  Orphan pdf_cell 358 recovered to col=2 by nearest-column fallback (row=8, x=624.1, dist=199.0)
2026-09-07 00:49:50,252 MatchingPostProcessor WARNING  Orphan pdf_cell 359 recovered to col=2 by nearest-column fallback (row=8, x=635.1, dist=188.0)
2026-09-07 00:49:50,252 MatchingPostProcessor WARNING  Orphan pdf_cell 360 recovered to col=2 by nearest-column fallback (row=8, x=646.1, dist=177.0)
2026-09-07 00:49:50,252 MatchingPostProcessor WARNING  Orphan pdf_cell 361 recovered to col=2 by nearest-column fallback (row=8, x=657.1, dist=166.0)
2026-09-07 00:49:50,252 MatchingPostProcessor WARNING  Orphan pdf_cell 362 recovered to col=2 by nearest-column fallback (row=8, x=668.1, dist=155.0)
2026-09-07 00:49:50,252 MatchingPostProcessor WARNING  Orphan pdf_cell 363 recovered to col=2 by nearest-column fallback (row=8, x=679.1, dist=144.0)
2026-09-07 00:49:50,252 MatchingPostProcessor WARNING  Orphan pdf_cell 364 recovered to col=2 by nearest-column fallback (row=8, x=690.1, dist=133.0)
2026-09-07 00:49:50,252 MatchingPostProcessor WARNING  Orphan pdf_cell 365 recovered to col=2 by nearest-column fallback (row=8, x=701.1, dist=122.0)
2026-09-07 00:49:50,252 MatchingPostProcessor WARNING  Orphan pdf_cell 366 recovered to col=2 by nearest-column fallback (row=8, x=712.1, dist=111.0)
2026-09-07 00:49:50,252 MatchingPostProcessor WARNING  Orphan pdf_cell 367 recovered to col=2 by nearest-column fallback (row=8, x=723.1, dist=100.0)
2026-09-07 00:49:50,252 MatchingPostProcessor WARNING  Orphan pdf_cell 368 recovered to col=2 by nearest-column fallback (row=8, x=734.1, dist=89.0)
2026-09-07 00:49:50,252 MatchingPostProcessor WARNING  Orphan pdf_cell 369 recovered to col=2 by nearest-column fallback (row=8, x=745.1, dist=78.0)
2026-09-07 00:49:50,252 MatchingPostProcessor WARNING  Orphan pdf_cell 370 recovered to col=2 by nearest-column fallback (row=8, x=756.1, dist=67.0)
2026-09-07 00:49:50,252 MatchingPostProcessor WARNING  Orphan pdf_cell 371 recovered to col=2 by nearest-column fallback (row=8, x=767.1, dist=56.0)
2026-09-07 00:49:50,252 MatchingPostProcessor WARNING  Orphan pdf_cell 372 recovered to col=2 by nearest-column fallback (row=8, x=778.1, dist=45.0)
2026-09-07 00:49:50,252 MatchingPostProcessor WARNING  Orphan pdf_cell 373 recovered to col=2 by nearest-column fallback (row=8, x=789.1, dist=34.0)
2026-09-07 00:49:50,252 MatchingPostProcessor WARNING  Orphan pdf_cell 374 recovered to col=2 by nearest-column fallback (row=8, x=800.1, dist=23.0)
2026-09-07 00:49:50,253 MatchingPostProcessor WARNING  Orphan pdf_cell 406 recovered to col=1 by nearest-column fallback (row=9, x=503.0, dist=202.9)
2026-09-07 00:49:50,253 MatchingPostProcessor WARNING  Orphan pdf_cell 407 recovered to col=1 by nearest-column fallback (row=9, x=514.0, dist=213.9)
2026-09-07 00:49:50,253 MatchingPostProcessor WARNING  Orphan pdf_cell 408 recovered to col=1 by nearest-column fallback (row=9, x=525.0, dist=224.9)
2026-09-07 00:49:50,253 MatchingPostProcessor WARNING  Orphan pdf_cell 409 recovered to col=1 by nearest-column fallback (row=9, x=536.0, dist=235.9)
2026-09-07 00:49:50,253 MatchingPostProcessor WARNING  Orphan pdf_cell 410 recovered to col=1 by nearest-column fallback (row=9, x=547.0, dist=246.9)
2026-09-07 00:49:50,253 MatchingPostProcessor WARNING  Orphan pdf_cell 411 recovered to col=1 by nearest-column fallback (row=9, x=558.0, dist=257.9)
2026-09-07 00:49:50,253 MatchingPostProcessor WARNING  Orphan pdf_cell 412 recovered to col=2 by nearest-column fallback (row=9, x=569.0, dist=254.1)
2026-09-07 00:49:50,253 MatchingPostProcessor WARNING  Orphan pdf_cell 413 recovered to col=2 by nearest-column fallback (row=9, x=580.0, dist=243.1)
2026-09-07 00:49:50,253 MatchingPostProcessor WARNING  Orphan pdf_cell 414 recovered to col=2 by nearest-column fallback (row=9, x=591.0, dist=232.1)
2026-09-07 00:49:50,253 MatchingPostProcessor WARNING  Orphan pdf_cell 415 recovered to col=2 by nearest-column fallback (row=9, x=602.0, dist=221.1)
2026-09-07 00:49:50,253 MatchingPostProcessor WARNING  Orphan pdf_cell 416 recovered to col=2 by nearest-column fallback (row=9, x=613.0, dist=210.1)
2026-09-07 00:49:50,253 MatchingPostProcessor WARNING  Orphan pdf_cell 417 recovered to col=2 by nearest-column fallback (row=9, x=624.0, dist=199.1)
2026-09-07 00:49:50,253 MatchingPostProcessor WARNING  Orphan pdf_cell 418 recovered to col=2 by nearest-column fallback (row=9, x=635.0, dist=188.1)
2026-09-07 00:49:50,253 MatchingPostProcessor WARNING  Orphan pdf_cell 419 recovered to col=2 by nearest-column fallback (row=9, x=646.0, dist=177.1)
2026-09-07 00:49:50,253 MatchingPostProcessor WARNING  Orphan pdf_cell 420 recovered to col=2 by nearest-column fallback (row=9, x=657.0, dist=166.1)
2026-09-07 00:49:50,253 MatchingPostProcessor WARNING  Orphan pdf_cell 421 recovered to col=2 by nearest-column fallback (row=9, x=668.0, dist=155.1)
2026-09-07 00:49:50,253 MatchingPostProcessor WARNING  Orphan pdf_cell 422 recovered to col=2 by nearest-column fallback (row=9, x=679.0, dist=144.1)
2026-09-07 00:49:50,253 MatchingPostProcessor WARNING  Orphan pdf_cell 423 recovered to col=2 by nearest-column fallback (row=9, x=690.0, dist=133.1)
2026-09-07 00:49:50,253 MatchingPostProcessor WARNING  Orphan pdf_cell 424 recovered to col=2 by nearest-column fallback (row=9, x=701.0, dist=122.1)
2026-09-07 00:49:50,253 MatchingPostProcessor WARNING  Orphan pdf_cell 425 recovered to col=2 by nearest-column fallback (row=9, x=712.0, dist=111.1)
2026-09-07 00:49:50,253 MatchingPostProcessor WARNING  Orphan pdf_cell 426 recovered to col=2 by nearest-column fallback (row=9, x=723.0, dist=100.1)
2026-09-07 00:49:50,253 MatchingPostProcessor WARNING  Orphan pdf_cell 427 recovered to col=2 by nearest-column fallback (row=9, x=734.0, dist=89.1)
2026-09-07 00:49:50,253 MatchingPostProcessor WARNING  Orphan pdf_cell 428 recovered to col=2 by nearest-column fallback (row=9, x=745.0, dist=78.1)
2026-09-07 00:49:50,253 MatchingPostProcessor WARNING  Orphan pdf_cell 429 recovered to col=2 by nearest-column fallback (row=9, x=756.0, dist=67.1)
2026-09-07 00:49:50,253 MatchingPostProcessor WARNING  Orphan pdf_cell 430 recovered to col=2 by nearest-column fallback (row=9, x=767.0, dist=56.1)
2026-09-07 00:49:50,253 MatchingPostProcessor WARNING  Orphan pdf_cell 431 recovered to col=2 by nearest-column fallback (row=9, x=778.0, dist=45.1)
2026-09-07 00:49:50,253 MatchingPostProcessor WARNING  Orphan pdf_cell 432 recovered to col=2 by nearest-column fallback (row=9, x=789.0, dist=34.1)
2026-09-07 00:49:50,253 MatchingPostProcessor WARNING  Orphan pdf_cell 433 recovered to col=2 by nearest-column fallback (row=9, x=800.0, dist=23.1)
2026-09-07 00:49:50,253 MatchingPostProcessor WARNING  Orphan pdf_cell 451 recovered to col=1 by nearest-column fallback (row=10, x=503.0, dist=203.0)
2026-09-07 00:49:50,253 MatchingPostProcessor WARNING  Orphan pdf_cell 452 recovered to col=1 by nearest-column fallback (row=10, x=514.0, dist=214.0)
2026-09-07 00:49:50,253 MatchingPostProcessor WARNING  Orphan pdf_cell 453 recovered to col=1 by nearest-column fallback (row=10, x=525.0, dist=225.0)
2026-09-07 00:49:50,253 MatchingPostProcessor WARNING  Orphan pdf_cell 454 recovered to col=1 by nearest-column fallback (row=10, x=536.0, dist=236.0)
2026-09-07 00:49:50,253 MatchingPostProcessor WARNING  Orphan pdf_cell 455 recovered to col=1 by nearest-column fallback (row=10, x=547.0, dist=247.0)
2026-09-07 00:49:50,253 MatchingPostProcessor WARNING  Orphan pdf_cell 456 recovered to col=1 by nearest-column fallback (row=10, x=558.0, dist=258.0)
2026-09-07 00:49:50,253 MatchingPostProcessor WARNING  Orphan pdf_cell 457 recovered to col=2 by nearest-column fallback (row=10, x=569.0, dist=254.1)
2026-09-07 00:49:50,254 MatchingPostProcessor WARNING  Orphan pdf_cell 458 recovered to col=2 by nearest-column fallback (row=10, x=580.0, dist=243.1)
2026-09-07 00:49:50,254 MatchingPostProcessor WARNING  Orphan pdf_cell 459 recovered to col=2 by nearest-column fallback (row=10, x=591.0, dist=232.1)
2026-09-07 00:49:50,254 MatchingPostProcessor WARNING  Orphan pdf_cell 460 recovered to col=2 by nearest-column fallback (row=10, x=602.0, dist=221.1)
2026-09-07 00:49:50,254 MatchingPostProcessor WARNING  Orphan pdf_cell 461 recovered to col=2 by nearest-column fallback (row=10, x=613.0, dist=210.1)
2026-09-07 00:49:50,254 MatchingPostProcessor WARNING  Orphan pdf_cell 462 recovered to col=2 by nearest-column fallback (row=10, x=624.0, dist=199.1)
2026-09-07 00:49:50,254 MatchingPostProcessor WARNING  Orphan pdf_cell 463 recovered to col=2 by nearest-column fallback (row=10, x=635.0, dist=188.1)
2026-09-07 00:49:50,254 MatchingPostProcessor WARNING  Orphan pdf_cell 464 recovered to col=2 by nearest-column fallback (row=10, x=646.0, dist=177.1)
2026-09-07 00:49:50,254 MatchingPostProcessor WARNING  Orphan pdf_cell 465 recovered to col=2 by nearest-column fallback (row=10, x=657.0, dist=166.1)
2026-09-07 00:49:50,254 MatchingPostProcessor WARNING  Orphan pdf_cell 466 recovered to col=2 by nearest-column fallback (row=10, x=668.0, dist=155.1)
2026-09-07 00:49:50,254 MatchingPostProcessor WARNING  Orphan pdf_cell 467 recovered to col=2 by nearest-column fallback (row=10, x=679.0, dist=144.1)
2026-09-07 00:49:50,254 MatchingPostProcessor WARNING  Orphan pdf_cell 468 recovered to col=2 by nearest-column fallback (row=10, x=690.0, dist=133.1)
2026-09-07 00:49:50,254 MatchingPostProcessor WARNING  Orphan pdf_cell 469 recovered to col=2 by nearest-column fallback (row=10, x=701.0, dist=122.1)
2026-09-07 00:49:50,254 MatchingPostProcessor WARNING  Orphan pdf_cell 470 recovered to col=2 by nearest-column fallback (row=10, x=712.0, dist=111.1)
2026-09-07 00:49:50,254 MatchingPostProcessor WARNING  Orphan pdf_cell 471 recovered to col=2 by nearest-column fallback (row=10, x=723.0, dist=100.1)
2026-09-07 00:49:50,254 MatchingPostProcessor WARNING  Orphan pdf_cell 472 recovered to col=2 by nearest-column fallback (row=10, x=734.0, dist=89.1)
2026-09-07 00:49:50,254 MatchingPostProcessor WARNING  Orphan pdf_cell 473 recovered to col=2 by nearest-column fallback (row=10, x=745.0, dist=78.1)
2026-09-07 00:49:50,254 MatchingPostProcessor WARNING  Orphan pdf_cell 474 recovered to col=2 by nearest-column fallback (row=10, x=756.0, dist=67.1)
2026-09-07 00:49:50,254 MatchingPostProcessor WARNING  Orphan pdf_cell 475 recovered to col=2 by nearest-column fallback (row=10, x=767.0, dist=56.1)
2026-09-07 00:49:50,254 MatchingPostProcessor WARNING  Orphan pdf_cell 476 recovered to col=2 by nearest-column fallback (row=10, x=778.0, dist=45.1)
2026-09-07 00:49:50,254 MatchingPostProcessor WARNING  Orphan pdf_cell 477 recovered to col=2 by nearest-column fallback (row=10, x=789.0, dist=34.1)
2026-09-07 00:49:50,254 MatchingPostProcessor WARNING  Orphan pdf_cell 478 recovered to col=2 by nearest-column fallback (row=10, x=800.0, dist=23.1)
2026-09-07 00:49:50,254 MatchingPostProcessor WARNING  Orphan pdf_cell 500 recovered to col=1 by nearest-column fallback (row=11, x=503.0, dist=202.9)
2026-09-07 00:49:50,254 MatchingPostProcessor WARNING  Orphan pdf_cell 501 recovered to col=1 by nearest-column fallback (row=11, x=514.0, dist=213.9)
2026-09-07 00:49:50,254 MatchingPostProcessor WARNING  Orphan pdf_cell 502 recovered to col=1 by nearest-column fallback (row=11, x=525.0, dist=224.9)
2026-09-07 00:49:50,254 MatchingPostProcessor WARNING  Orphan pdf_cell 503 recovered to col=1 by nearest-column fallback (row=11, x=536.0, dist=235.9)
2026-09-07 00:49:50,254 MatchingPostProcessor WARNING  Orphan pdf_cell 504 recovered to col=1 by nearest-column fallback (row=11, x=547.0, dist=246.9)
2026-09-07 00:49:50,254 MatchingPostProcessor WARNING  Orphan pdf_cell 505 recovered to col=1 by nearest-column fallback (row=11, x=558.0, dist=257.9)
2026-09-07 00:49:50,254 MatchingPostProcessor WARNING  Orphan pdf_cell 506 recovered to col=2 by nearest-column fallback (row=11, x=569.0, dist=254.1)
2026-09-07 00:49:50,254 MatchingPostProcessor WARNING  Orphan pdf_cell 507 recovered to col=2 by nearest-column fallback (row=11, x=580.0, dist=243.1)
2026-09-07 00:49:50,254 MatchingPostProcessor WARNING  Orphan pdf_cell 508 recovered to col=2 by nearest-column fallback (row=11, x=591.0, dist=232.1)
2026-09-07 00:49:50,254 MatchingPostProcessor WARNING  Orphan pdf_cell 509 recovered to col=2 by nearest-column fallback (row=11, x=602.0, dist=221.1)
2026-09-07 00:49:50,254 MatchingPostProcessor WARNING  Orphan pdf_cell 510 recovered to col=2 by nearest-column fallback (row=11, x=613.0, dist=210.1)
2026-09-07 00:49:50,254 MatchingPostProcessor WARNING  Orphan pdf_cell 511 recovered to col=2 by nearest-column fallback (row=11, x=624.0, dist=199.1)
2026-09-07 00:49:50,254 MatchingPostProcessor WARNING  Orphan pdf_cell 512 recovered to col=2 by nearest-column fallback (row=11, x=635.0, dist=188.1)
2026-09-07 00:49:50,254 MatchingPostProcessor WARNING  Orphan pdf_cell 513 recovered to col=2 by nearest-column fallback (row=11, x=646.0, dist=177.1)
2026-09-07 00:49:50,254 MatchingPostProcessor WARNING  Orphan pdf_cell 514 recovered to col=2 by nearest-column fallback (row=11, x=657.0, dist=166.1)
2026-09-07 00:49:50,254 MatchingPostProcessor WARNING  Orphan pdf_cell 515 recovered to col=2 by nearest-column fallback (row=11, x=668.0, dist=155.1)
2026-09-07 00:49:50,255 MatchingPostProcessor WARNING  Orphan pdf_cell 516 recovered to col=2 by nearest-column fallback (row=11, x=679.0, dist=144.1)
2026-09-07 00:49:50,255 MatchingPostProcessor WARNING  Orphan pdf_cell 517 recovered to col=2 by nearest-column fallback (row=11, x=690.0, dist=133.1)
2026-09-07 00:49:50,255 MatchingPostProcessor WARNING  Orphan pdf_cell 518 recovered to col=2 by nearest-column fallback (row=11, x=701.0, dist=122.1)
2026-09-07 00:49:50,255 MatchingPostProcessor WARNING  Orphan pdf_cell 519 recovered to col=2 by nearest-column fallback (row=11, x=712.0, dist=111.1)
2026-09-07 00:49:50,255 MatchingPostProcessor WARNING  Orphan pdf_cell 520 recovered to col=2 by nearest-column fallback (row=11, x=723.0, dist=100.1)
2026-09-07 00:49:50,255 MatchingPostProcessor WARNING  Orphan pdf_cell 521 recovered to col=2 by nearest-column fallback (row=11, x=734.0, dist=89.1)
2026-09-07 00:49:50,255 MatchingPostProcessor WARNING  Orphan pdf_cell 522 recovered to col=2 by nearest-column fallback (row=11, x=745.0, dist=78.1)
2026-09-07 00:49:50,255 MatchingPostProcessor WARNING  Orphan pdf_cell 523 recovered to col=2 by nearest-column fallback (row=11, x=756.0, dist=67.1)
2026-09-07 00:49:50,255 MatchingPostProcessor WARNING  Orphan pdf_cell 524 recovered to col=2 by nearest-column fallback (row=11, x=767.0, dist=56.1)
2026-09-07 00:49:50,255 MatchingPostProcessor WARNING  Orphan pdf_cell 525 recovered to col=2 by nearest-column fallback (row=11, x=778.0, dist=45.1)
2026-09-07 00:49:50,255 MatchingPostProcessor WARNING  Orphan pdf_cell 526 recovered to col=2 by nearest-column fallback (row=11, x=789.0, dist=34.1)
2026-09-07 00:49:50,255 MatchingPostProcessor WARNING  Orphan pdf_cell 527 recovered to col=2 by nearest-column fallback (row=11, x=800.0, dist=23.1)
2026-09-07 00:49:50,255 MatchingPostProcessor WARNING  Orphan pdf_cell 543 recovered to col=1 by nearest-column fallback (row=13, x=501.2, dist=201.1)
2026-09-07 00:49:50,255 MatchingPostProcessor WARNING  Orphan pdf_cell 544 recovered to col=1 by nearest-column fallback (row=13, x=512.7, dist=212.6)
2026-09-07 00:49:50,255 MatchingPostProcessor WARNING  Orphan pdf_cell 545 recovered to col=1 by nearest-column fallback (row=13, x=524.1, dist=224.0)
2026-09-07 00:49:50,255 MatchingPostProcessor WARNING  Orphan pdf_cell 546 recovered to col=1 by nearest-column fallback (row=13, x=535.5, dist=235.4)
2026-09-07 00:49:50,255 MatchingPostProcessor WARNING  Orphan pdf_cell 547 recovered to col=1 by nearest-column fallback (row=13, x=547.0, dist=246.9)
2026-09-07 00:49:50,255 MatchingPostProcessor WARNING  Orphan pdf_cell 548 recovered to col=1 by nearest-column fallback (row=13, x=558.4, dist=258.3)
2026-09-07 00:49:50,255 MatchingPostProcessor WARNING  Orphan pdf_cell 549 recovered to col=2 by nearest-column fallback (row=13, x=569.8, dist=253.3)
2026-09-07 00:49:50,255 MatchingPostProcessor WARNING  Orphan pdf_cell 550 recovered to col=2 by nearest-column fallback (row=13, x=581.3, dist=241.8)
2026-09-07 00:49:50,255 MatchingPostProcessor WARNING  Orphan pdf_cell 551 recovered to col=2 by nearest-column fallback (row=13, x=592.7, dist=230.4)
2026-09-07 00:49:50,255 MatchingPostProcessor WARNING  Orphan pdf_cell 552 recovered to col=2 by nearest-column fallback (row=13, x=604.1, dist=219.0)
2026-09-07 00:49:50,255 MatchingPostProcessor WARNING  Orphan pdf_cell 553 recovered to col=2 by nearest-column fallback (row=13, x=615.6, dist=207.5)
2026-09-07 00:49:50,255 MatchingPostProcessor WARNING  Orphan pdf_cell 554 recovered to col=2 by nearest-column fallback (row=13, x=627.0, dist=196.1)
2026-09-07 00:49:50,255 MatchingPostProcessor WARNING  Orphan pdf_cell 555 recovered to col=2 by nearest-column fallback (row=13, x=638.4, dist=184.7)
2026-09-07 00:49:50,255 MatchingPostProcessor WARNING  Orphan pdf_cell 556 recovered to col=2 by nearest-column fallback (row=13, x=649.9, dist=173.2)
2026-09-07 00:49:50,255 MatchingPostProcessor WARNING  Orphan pdf_cell 557 recovered to col=2 by nearest-column fallback (row=13, x=661.3, dist=161.8)
2026-09-07 00:49:50,255 MatchingPostProcessor WARNING  Orphan pdf_cell 558 recovered to col=2 by nearest-column fallback (row=13, x=672.7, dist=150.4)
2026-09-07 00:49:50,255 MatchingPostProcessor WARNING  Orphan pdf_cell 559 recovered to col=2 by nearest-column fallback (row=13, x=684.2, dist=138.9)
2026-09-07 00:49:50,255 MatchingPostProcessor WARNING  Orphan pdf_cell 560 recovered to col=2 by nearest-column fallback (row=13, x=695.6, dist=127.5)
2026-09-07 00:49:50,255 MatchingPostProcessor WARNING  Orphan pdf_cell 561 recovered to col=2 by nearest-column fallback (row=13, x=707.0, dist=116.1)
2026-09-07 00:49:50,255 MatchingPostProcessor WARNING  Orphan pdf_cell 562 recovered to col=2 by nearest-column fallback (row=13, x=718.5, dist=104.6)
2026-09-07 00:49:50,255 MatchingPostProcessor WARNING  Orphan pdf_cell 563 recovered to col=2 by nearest-column fallback (row=13, x=729.9, dist=93.2)
2026-09-07 00:49:50,255 MatchingPostProcessor WARNING  Orphan pdf_cell 564 recovered to col=2 by nearest-column fallback (row=13, x=741.3, dist=81.8)
2026-09-07 00:49:50,255 MatchingPostProcessor WARNING  Orphan pdf_cell 565 recovered to col=2 by nearest-column fallback (row=13, x=752.8, dist=70.3)
2026-09-07 00:49:50,255 MatchingPostProcessor WARNING  Orphan pdf_cell 566 recovered to col=2 by nearest-column fallback (row=13, x=764.2, dist=58.9)
2026-09-07 00:49:50,255 MatchingPostProcessor WARNING  Orphan pdf_cell 567 recovered to col=2 by nearest-column fallback (row=13, x=775.6, dist=47.5)
2026-09-07 00:49:50,255 MatchingPostProcessor WARNING  Orphan pdf_cell 568 recovered to col=2 by nearest-column fallback (row=13, x=787.1, dist=36.0)
2026-09-07 00:49:50,256 MatchingPostProcessor WARNING  Orphan pdf_cell 598 recovered to col=1 by nearest-column fallback (row=14, x=503.0, dist=202.9)
2026-09-07 00:49:50,256 MatchingPostProcessor WARNING  Orphan pdf_cell 599 recovered to col=1 by nearest-column fallback (row=14, x=514.0, dist=213.9)
2026-09-07 00:49:50,256 MatchingPostProcessor WARNING  Orphan pdf_cell 600 recovered to col=1 by nearest-column fallback (row=14, x=525.0, dist=224.9)
2026-09-07 00:49:50,256 MatchingPostProcessor WARNING  Orphan pdf_cell 601 recovered to col=1 by nearest-column fallback (row=14, x=536.0, dist=235.9)
2026-09-07 00:49:50,256 MatchingPostProcessor WARNING  Orphan pdf_cell 602 recovered to col=1 by nearest-column fallback (row=14, x=547.0, dist=246.9)
2026-09-07 00:49:50,256 MatchingPostProcessor WARNING  Orphan pdf_cell 603 recovered to col=1 by nearest-column fallback (row=14, x=558.0, dist=257.9)
2026-09-07 00:49:50,256 MatchingPostProcessor WARNING  Orphan pdf_cell 604 recovered to col=2 by nearest-column fallback (row=14, x=569.0, dist=254.1)
2026-09-07 00:49:50,256 MatchingPostProcessor WARNING  Orphan pdf_cell 605 recovered to col=2 by nearest-column fallback (row=14, x=580.0, dist=243.1)
2026-09-07 00:49:50,256 MatchingPostProcessor WARNING  Orphan pdf_cell 606 recovered to col=2 by nearest-column fallback (row=14, x=591.0, dist=232.1)
2026-09-07 00:49:50,256 MatchingPostProcessor WARNING  Orphan pdf_cell 607 recovered to col=2 by nearest-column fallback (row=14, x=602.0, dist=221.1)
2026-09-07 00:49:50,256 MatchingPostProcessor WARNING  Orphan pdf_cell 608 recovered to col=2 by nearest-column fallback (row=14, x=613.0, dist=210.1)
2026-09-07 00:49:50,256 MatchingPostProcessor WARNING  Orphan pdf_cell 609 recovered to col=2 by nearest-column fallback (row=14, x=624.0, dist=199.1)
2026-09-07 00:49:50,256 MatchingPostProcessor WARNING  Orphan pdf_cell 610 recovered to col=2 by nearest-column fallback (row=14, x=635.0, dist=188.1)
2026-09-07 00:49:50,256 MatchingPostProcessor WARNING  Orphan pdf_cell 611 recovered to col=2 by nearest-column fallback (row=14, x=646.0, dist=177.1)
2026-09-07 00:49:50,256 MatchingPostProcessor WARNING  Orphan pdf_cell 612 recovered to col=2 by nearest-column fallback (row=14, x=657.0, dist=166.1)
2026-09-07 00:49:50,256 MatchingPostProcessor WARNING  Orphan pdf_cell 613 recovered to col=2 by nearest-column fallback (row=14, x=668.0, dist=155.1)
2026-09-07 00:49:50,256 MatchingPostProcessor WARNING  Orphan pdf_cell 614 recovered to col=2 by nearest-column fallback (row=14, x=679.0, dist=144.1)
2026-09-07 00:49:50,256 MatchingPostProcessor WARNING  Orphan pdf_cell 615 recovered to col=2 by nearest-column fallback (row=14, x=690.0, dist=133.1)
2026-09-07 00:49:50,256 MatchingPostProcessor WARNING  Orphan pdf_cell 616 recovered to col=2 by nearest-column fallback (row=14, x=701.0, dist=122.1)
2026-09-07 00:49:50,256 MatchingPostProcessor WARNING  Orphan pdf_cell 617 recovered to col=2 by nearest-column fallback (row=14, x=712.0, dist=111.1)
2026-09-07 00:49:50,256 MatchingPostProcessor WARNING  Orphan pdf_cell 618 recovered to col=2 by nearest-column fallback (row=14, x=723.0, dist=100.1)
2026-09-07 00:49:50,256 MatchingPostProcessor WARNING  Orphan pdf_cell 619 recovered to col=2 by nearest-column fallback (row=14, x=734.0, dist=89.1)
2026-09-07 00:49:50,256 MatchingPostProcessor WARNING  Orphan pdf_cell 620 recovered to col=2 by nearest-column fallback (row=14, x=745.0, dist=78.1)
2026-09-07 00:49:50,256 MatchingPostProcessor WARNING  Orphan pdf_cell 621 recovered to col=2 by nearest-column fallback (row=14, x=756.0, dist=67.1)
2026-09-07 00:49:50,256 MatchingPostProcessor WARNING  Orphan pdf_cell 622 recovered to col=2 by nearest-column fallback (row=14, x=767.0, dist=56.1)
2026-09-07 00:49:50,256 MatchingPostProcessor WARNING  Orphan pdf_cell 623 recovered to col=2 by nearest-column fallback (row=14, x=778.0, dist=45.1)
2026-09-07 00:49:50,256 MatchingPostProcessor WARNING  Orphan pdf_cell 624 recovered to col=2 by nearest-column fallback (row=14, x=789.0, dist=34.1)
2026-09-07 00:49:50,256 MatchingPostProcessor WARNING  Orphan pdf_cell 625 recovered to col=2 by nearest-column fallback (row=14, x=800.0, dist=23.1)
2026-09-07 00:49:50,257 MatchingPostProcessor WARNING  Orphan pdf_cell 656 recovered to col=1 by nearest-column fallback (row=15, x=503.0, dist=202.9)
2026-09-07 00:49:50,257 MatchingPostProcessor WARNING  Orphan pdf_cell 657 recovered to col=1 by nearest-column fallback (row=15, x=514.0, dist=213.9)
2026-09-07 00:49:50,257 MatchingPostProcessor WARNING  Orphan pdf_cell 658 recovered to col=1 by nearest-column fallback (row=15, x=525.0, dist=224.9)
2026-09-07 00:49:50,257 MatchingPostProcessor WARNING  Orphan pdf_cell 659 recovered to col=1 by nearest-column fallback (row=15, x=536.0, dist=235.9)
2026-09-07 00:49:50,257 MatchingPostProcessor WARNING  Orphan pdf_cell 660 recovered to col=1 by nearest-column fallback (row=15, x=547.0, dist=246.9)
2026-09-07 00:49:50,257 MatchingPostProcessor WARNING  Orphan pdf_cell 661 recovered to col=1 by nearest-column fallback (row=15, x=558.0, dist=257.9)
2026-09-07 00:49:50,257 MatchingPostProcessor WARNING  Orphan pdf_cell 662 recovered to col=2 by nearest-column fallback (row=15, x=569.0, dist=254.1)
2026-09-07 00:49:50,257 MatchingPostProcessor WARNING  Orphan pdf_cell 663 recovered to col=2 by nearest-column fallback (row=15, x=580.0, dist=243.1)
2026-09-07 00:49:50,257 MatchingPostProcessor WARNING  Orphan pdf_cell 664 recovered to col=2 by nearest-column fallback (row=15, x=591.0, dist=232.1)
2026-09-07 00:49:50,257 MatchingPostProcessor WARNING  Orphan pdf_cell 665 recovered to col=2 by nearest-column fallback (row=15, x=602.0, dist=221.1)
2026-09-07 00:49:50,257 MatchingPostProcessor WARNING  Orphan pdf_cell 666 recovered to col=2 by nearest-column fallback (row=15, x=613.0, dist=210.1)
2026-09-07 00:49:50,257 MatchingPostProcessor WARNING  Orphan pdf_cell 667 recovered to col=2 by nearest-column fallback (row=15, x=624.0, dist=199.1)
2026-09-07 00:49:50,257 MatchingPostProcessor WARNING  Orphan pdf_cell 668 recovered to col=2 by nearest-column fallback (row=15, x=635.0, dist=188.1)
2026-09-07 00:49:50,257 MatchingPostProcessor WARNING  Orphan pdf_cell 669 recovered to col=2 by nearest-column fallback (row=15, x=646.0, dist=177.1)
2026-09-07 00:49:50,257 MatchingPostProcessor WARNING  Orphan pdf_cell 670 recovered to col=2 by nearest-column fallback (row=15, x=657.0, dist=166.1)
2026-09-07 00:49:50,257 MatchingPostProcessor WARNING  Orphan pdf_cell 671 recovered to col=2 by nearest-column fallback (row=15, x=668.0, dist=155.1)
2026-09-07 00:49:50,257 MatchingPostProcessor WARNING  Orphan pdf_cell 672 recovered to col=2 by nearest-column fallback (row=15, x=679.0, dist=144.1)
2026-09-07 00:49:50,257 MatchingPostProcessor WARNING  Orphan pdf_cell 673 recovered to col=2 by nearest-column fallback (row=15, x=690.0, dist=133.1)
2026-09-07 00:49:50,257 MatchingPostProcessor WARNING  Orphan pdf_cell 674 recovered to col=2 by nearest-column fallback (row=15, x=701.0, dist=122.1)
2026-09-07 00:49:50,257 MatchingPostProcessor WARNING  Orphan pdf_cell 675 recovered to col=2 by nearest-column fallback (row=15, x=712.0, dist=111.1)
2026-09-07 00:49:50,257 MatchingPostProcessor WARNING  Orphan pdf_cell 676 recovered to col=2 by nearest-column fallback (row=15, x=723.0, dist=100.1)
2026-09-07 00:49:50,257 MatchingPostProcessor WARNING  Orphan pdf_cell 677 recovered to col=2 by nearest-column fallback (row=15, x=734.0, dist=89.1)
2026-09-07 00:49:50,257 MatchingPostProcessor WARNING  Orphan pdf_cell 678 recovered to col=2 by nearest-column fallback (row=15, x=745.0, dist=78.1)
2026-09-07 00:49:50,257 MatchingPostProcessor WARNING  Orphan pdf_cell 679 recovered to col=2 by nearest-column fallback (row=15, x=756.0, dist=67.1)
2026-09-07 00:49:50,257 MatchingPostProcessor WARNING  Orphan pdf_cell 680 recovered to col=2 by nearest-column fallback (row=15, x=767.0, dist=56.1)
2026-09-07 00:49:50,257 MatchingPostProcessor WARNING  Orphan pdf_cell 681 recovered to col=2 by nearest-column fallback (row=15, x=778.0, dist=45.1)
2026-09-07 00:49:50,257 MatchingPostProcessor WARNING  Orphan pdf_cell 682 recovered to col=2 by nearest-column fallback (row=15, x=789.0, dist=34.1)
2026-09-07 00:49:50,257 MatchingPostProcessor WARNING  Orphan pdf_cell 683 recovered to col=2 by nearest-column fallback (row=15, x=800.0, dist=23.1)
2026-09-07 00:49:50,257 MatchingPostProcessor WARNING  Orphan pdf_cell 709 recovered to col=1 by nearest-column fallback (row=16, x=503.0, dist=202.9)
2026-09-07 00:49:50,257 MatchingPostProcessor WARNING  Orphan pdf_cell 710 recovered to col=1 by nearest-column fallback (row=16, x=514.0, dist=213.9)
2026-09-07 00:49:50,257 MatchingPostProcessor WARNING  Orphan pdf_cell 711 recovered to col=1 by nearest-column fallback (row=16, x=525.0, dist=224.9)
2026-09-07 00:49:50,258 MatchingPostProcessor WARNING  Orphan pdf_cell 712 recovered to col=1 by nearest-column fallback (row=16, x=536.0, dist=235.9)
2026-09-07 00:49:50,258 MatchingPostProcessor WARNING  Orphan pdf_cell 713 recovered to col=1 by nearest-column fallback (row=16, x=547.0, dist=246.9)
2026-09-07 00:49:50,258 MatchingPostProcessor WARNING  Orphan pdf_cell 714 recovered to col=1 by nearest-column fallback (row=16, x=558.0, dist=257.9)
2026-09-07 00:49:50,258 MatchingPostProcessor WARNING  Orphan pdf_cell 715 recovered to col=2 by nearest-column fallback (row=16, x=569.0, dist=254.1)
2026-09-07 00:49:50,258 MatchingPostProcessor WARNING  Orphan pdf_cell 716 recovered to col=2 by nearest-column fallback (row=16, x=580.0, dist=243.1)
2026-09-07 00:49:50,258 MatchingPostProcessor WARNING  Orphan pdf_cell 717 recovered to col=2 by nearest-column fallback (row=16, x=591.0, dist=232.1)
2026-09-07 00:49:50,258 MatchingPostProcessor WARNING  Orphan pdf_cell 718 recovered to col=2 by nearest-column fallback (row=16, x=602.0, dist=221.1)
2026-09-07 00:49:50,258 MatchingPostProcessor WARNING  Orphan pdf_cell 719 recovered to col=2 by nearest-column fallback (row=16, x=613.0, dist=210.1)
2026-09-07 00:49:50,258 MatchingPostProcessor WARNING  Orphan pdf_cell 720 recovered to col=2 by nearest-column fallback (row=16, x=624.0, dist=199.1)
2026-09-07 00:49:50,258 MatchingPostProcessor WARNING  Orphan pdf_cell 721 recovered to col=2 by nearest-column fallback (row=16, x=635.0, dist=188.1)
2026-09-07 00:49:50,258 MatchingPostProcessor WARNING  Orphan pdf_cell 722 recovered to col=2 by nearest-column fallback (row=16, x=646.0, dist=177.1)
2026-09-07 00:49:50,258 MatchingPostProcessor WARNING  Orphan pdf_cell 723 recovered to col=2 by nearest-column fallback (row=16, x=657.0, dist=166.1)
2026-09-07 00:49:50,258 MatchingPostProcessor WARNING  Orphan pdf_cell 724 recovered to col=2 by nearest-column fallback (row=16, x=668.0, dist=155.1)
2026-09-07 00:49:50,258 MatchingPostProcessor WARNING  Orphan pdf_cell 725 recovered to col=2 by nearest-column fallback (row=16, x=679.0, dist=144.1)
2026-09-07 00:49:50,258 MatchingPostProcessor WARNING  Orphan pdf_cell 726 recovered to col=2 by nearest-column fallback (row=16, x=690.0, dist=133.1)
2026-09-07 00:49:50,258 MatchingPostProcessor WARNING  Orphan pdf_cell 727 recovered to col=2 by nearest-column fallback (row=16, x=701.0, dist=122.1)
2026-09-07 00:49:50,258 MatchingPostProcessor WARNING  Orphan pdf_cell 728 recovered to col=2 by nearest-column fallback (row=16, x=712.0, dist=111.1)
2026-09-07 00:49:50,258 MatchingPostProcessor WARNING  Orphan pdf_cell 729 recovered to col=2 by nearest-column fallback (row=16, x=723.0, dist=100.1)
2026-09-07 00:49:50,258 MatchingPostProcessor WARNING  Orphan pdf_cell 730 recovered to col=2 by nearest-column fallback (row=16, x=734.0, dist=89.1)
2026-09-07 00:49:50,258 MatchingPostProcessor WARNING  Orphan pdf_cell 731 recovered to col=2 by nearest-column fallback (row=16, x=745.0, dist=78.1)
2026-09-07 00:49:50,258 MatchingPostProcessor WARNING  Orphan pdf_cell 732 recovered to col=2 by nearest-column fallback (row=16, x=756.0, dist=67.1)
2026-09-07 00:49:50,258 MatchingPostProcessor WARNING  Orphan pdf_cell 733 recovered to col=2 by nearest-column fallback (row=16, x=767.0, dist=56.1)
2026-09-07 00:49:50,258 MatchingPostProcessor WARNING  Orphan pdf_cell 734 recovered to col=2 by nearest-column fallback (row=16, x=778.0, dist=45.1)
2026-09-07 00:49:50,258 MatchingPostProcessor WARNING  Orphan pdf_cell 735 recovered to col=2 by nearest-column fallback (row=16, x=789.0, dist=34.1)
2026-09-07 00:49:50,258 MatchingPostProcessor WARNING  Orphan pdf_cell 736 recovered to col=2 by nearest-column fallback (row=16, x=800.0, dist=23.1)
2026-09-07 00:49:50,258 MatchingPostProcessor WARNING  Orphan pdf_cell 756 recovered to col=1 by nearest-column fallback (row=17, x=503.0, dist=202.9)
2026-09-07 00:49:50,258 MatchingPostProcessor WARNING  Orphan pdf_cell 757 recovered to col=1 by nearest-column fallback (row=17, x=514.0, dist=213.9)
2026-09-07 00:49:50,258 MatchingPostProcessor WARNING  Orphan pdf_cell 758 recovered to col=1 by nearest-column fallback (row=17, x=525.0, dist=224.9)
2026-09-07 00:49:50,258 MatchingPostProcessor WARNING  Orphan pdf_cell 759 recovered to col=1 by nearest-column fallback (row=17, x=536.0, dist=235.9)
2026-09-07 00:49:50,258 MatchingPostProcessor WARNING  Orphan pdf_cell 760 recovered to col=1 by nearest-column fallback (row=17, x=547.0, dist=246.9)
2026-09-07 00:49:50,258 MatchingPostProcessor WARNING  Orphan pdf_cell 761 recovered to col=1 by nearest-column fallback (row=17, x=558.0, dist=257.9)
2026-09-07 00:49:50,258 MatchingPostProcessor WARNING  Orphan pdf_cell 762 recovered to col=2 by nearest-column fallback (row=17, x=569.0, dist=254.1)
2026-09-07 00:49:50,258 MatchingPostProcessor WARNING  Orphan pdf_cell 763 recovered to col=2 by nearest-column fallback (row=17, x=580.0, dist=243.1)
2026-09-07 00:49:50,258 MatchingPostProcessor WARNING  Orphan pdf_cell 764 recovered to col=2 by nearest-column fallback (row=17, x=591.0, dist=232.1)
2026-09-07 00:49:50,258 MatchingPostProcessor WARNING  Orphan pdf_cell 765 recovered to col=2 by nearest-column fallback (row=17, x=602.0, dist=221.1)
2026-09-07 00:49:50,258 MatchingPostProcessor WARNING  Orphan pdf_cell 766 recovered to col=2 by nearest-column fallback (row=17, x=613.0, dist=210.1)
2026-09-07 00:49:50,258 MatchingPostProcessor WARNING  Orphan pdf_cell 767 recovered to col=2 by nearest-column fallback (row=17, x=624.0, dist=199.1)
2026-09-07 00:49:50,259 MatchingPostProcessor WARNING  Orphan pdf_cell 768 recovered to col=2 by nearest-column fallback (row=17, x=635.0, dist=188.1)
2026-09-07 00:49:50,259 MatchingPostProcessor WARNING  Orphan pdf_cell 769 recovered to col=2 by nearest-column fallback (row=17, x=646.0, dist=177.1)
2026-09-07 00:49:50,259 MatchingPostProcessor WARNING  Orphan pdf_cell 770 recovered to col=2 by nearest-column fallback (row=17, x=657.0, dist=166.1)
2026-09-07 00:49:50,259 MatchingPostProcessor WARNING  Orphan pdf_cell 771 recovered to col=2 by nearest-column fallback (row=17, x=668.0, dist=155.1)
2026-09-07 00:49:50,259 MatchingPostProcessor WARNING  Orphan pdf_cell 772 recovered to col=2 by nearest-column fallback (row=17, x=679.0, dist=144.1)
2026-09-07 00:49:50,259 MatchingPostProcessor WARNING  Orphan pdf_cell 773 recovered to col=2 by nearest-column fallback (row=17, x=690.0, dist=133.1)
2026-09-07 00:49:50,259 MatchingPostProcessor WARNING  Orphan pdf_cell 774 recovered to col=2 by nearest-column fallback (row=17, x=701.0, dist=122.1)
2026-09-07 00:49:50,259 MatchingPostProcessor WARNING  Orphan pdf_cell 775 recovered to col=2 by nearest-column fallback (row=17, x=712.0, dist=111.1)
2026-09-07 00:49:50,259 MatchingPostProcessor WARNING  Orphan pdf_cell 776 recovered to col=2 by nearest-column fallback (row=17, x=723.0, dist=100.1)
2026-09-07 00:49:50,259 MatchingPostProcessor WARNING  Orphan pdf_cell 777 recovered to col=2 by nearest-column fallback (row=17, x=734.0, dist=89.1)
2026-09-07 00:49:50,259 MatchingPostProcessor WARNING  Orphan pdf_cell 778 recovered to col=2 by nearest-column fallback (row=17, x=745.0, dist=78.1)
2026-09-07 00:49:50,259 MatchingPostProcessor WARNING  Orphan pdf_cell 779 recovered to col=2 by nearest-column fallback (row=17, x=756.0, dist=67.1)
2026-09-07 00:49:50,259 MatchingPostProcessor WARNING  Orphan pdf_cell 780 recovered to col=2 by nearest-column fallback (row=17, x=767.0, dist=56.1)
2026-09-07 00:49:50,259 MatchingPostProcessor WARNING  Orphan pdf_cell 781 recovered to col=2 by nearest-column fallback (row=17, x=778.0, dist=45.1)
2026-09-07 00:49:50,259 MatchingPostProcessor WARNING  Orphan pdf_cell 782 recovered to col=2 by nearest-column fallback (row=17, x=789.0, dist=34.1)
2026-09-07 00:49:50,259 MatchingPostProcessor WARNING  Orphan pdf_cell 783 recovered to col=2 by nearest-column fallback (row=17, x=800.0, dist=23.1)
2026-09-07 00:49:50,259 MatchingPostProcessor WARNING  Orphan pdf_cell 801 recovered to col=1 by nearest-column fallback (row=18, x=503.0, dist=202.9)
2026-09-07 00:49:50,259 MatchingPostProcessor WARNING  Orphan pdf_cell 802 recovered to col=1 by nearest-column fallback (row=18, x=514.0, dist=213.9)
2026-09-07 00:49:50,259 MatchingPostProcessor WARNING  Orphan pdf_cell 803 recovered to col=1 by nearest-column fallback (row=18, x=525.0, dist=224.9)
2026-09-07 00:49:50,259 MatchingPostProcessor WARNING  Orphan pdf_cell 804 recovered to col=1 by nearest-column fallback (row=18, x=536.0, dist=235.9)
2026-09-07 00:49:50,259 MatchingPostProcessor WARNING  Orphan pdf_cell 805 recovered to col=1 by nearest-column fallback (row=18, x=547.0, dist=246.9)
2026-09-07 00:49:50,259 MatchingPostProcessor WARNING  Orphan pdf_cell 806 recovered to col=1 by nearest-column fallback (row=18, x=558.0, dist=257.9)
2026-09-07 00:49:50,259 MatchingPostProcessor WARNING  Orphan pdf_cell 807 recovered to col=2 by nearest-column fallback (row=18, x=569.0, dist=254.1)
2026-09-07 00:49:50,259 MatchingPostProcessor WARNING  Orphan pdf_cell 808 recovered to col=2 by nearest-column fallback (row=18, x=580.0, dist=243.1)
2026-09-07 00:49:50,259 MatchingPostProcessor WARNING  Orphan pdf_cell 809 recovered to col=2 by nearest-column fallback (row=18, x=591.0, dist=232.1)
2026-09-07 00:49:50,259 MatchingPostProcessor WARNING  Orphan pdf_cell 810 recovered to col=2 by nearest-column fallback (row=18, x=602.0, dist=221.1)
2026-09-07 00:49:50,259 MatchingPostProcessor WARNING  Orphan pdf_cell 811 recovered to col=2 by nearest-column fallback (row=18, x=613.0, dist=210.1)
2026-09-07 00:49:50,259 MatchingPostProcessor WARNING  Orphan pdf_cell 812 recovered to col=2 by nearest-column fallback (row=18, x=624.0, dist=199.1)
2026-09-07 00:49:50,259 MatchingPostProcessor WARNING  Orphan pdf_cell 813 recovered to col=2 by nearest-column fallback (row=18, x=635.0, dist=188.1)
2026-09-07 00:49:50,259 MatchingPostProcessor WARNING  Orphan pdf_cell 814 recovered to col=2 by nearest-column fallback (row=18, x=646.0, dist=177.1)
2026-09-07 00:49:50,259 MatchingPostProcessor WARNING  Orphan pdf_cell 815 recovered to col=2 by nearest-column fallback (row=18, x=657.0, dist=166.1)
2026-09-07 00:49:50,259 MatchingPostProcessor WARNING  Orphan pdf_cell 816 recovered to col=2 by nearest-column fallback (row=18, x=668.0, dist=155.1)
2026-09-07 00:49:50,259 MatchingPostProcessor WARNING  Orphan pdf_cell 817 recovered to col=2 by nearest-column fallback (row=18, x=679.0, dist=144.1)
2026-09-07 00:49:50,259 MatchingPostProcessor WARNING  Orphan pdf_cell 818 recovered to col=2 by nearest-column fallback (row=18, x=690.0, dist=133.1)
2026-09-07 00:49:50,259 MatchingPostProcessor WARNING  Orphan pdf_cell 819 recovered to col=2 by nearest-column fallback (row=18, x=701.0, dist=122.1)
2026-09-07 00:49:50,259 MatchingPostProcessor WARNING  Orphan pdf_cell 820 recovered to col=2 by nearest-column fallback (row=18, x=712.0, dist=111.1)
2026-09-07 00:49:50,259 MatchingPostProcessor WARNING  Orphan pdf_cell 821 recovered to col=2 by nearest-column fallback (row=18, x=723.0, dist=100.1)
2026-09-07 00:49:50,259 MatchingPostProcessor WARNING  Orphan pdf_cell 822 recovered to col=2 by nearest-column fallback (row=18, x=734.0, dist=89.1)
2026-09-07 00:49:50,259 MatchingPostProcessor WARNING  Orphan pdf_cell 823 recovered to col=2 by nearest-column fallback (row=18, x=745.0, dist=78.1)
2026-09-07 00:49:50,259 MatchingPostProcessor WARNING  Orphan pdf_cell 824 recovered to col=2 by nearest-column fallback (row=18, x=756.0, dist=67.1)
2026-09-07 00:49:50,260 MatchingPostProcessor WARNING  Orphan pdf_cell 825 recovered to col=2 by nearest-column fallback (row=18, x=767.0, dist=56.1)
2026-09-07 00:49:50,260 MatchingPostProcessor WARNING  Orphan pdf_cell 826 recovered to col=2 by nearest-column fallback (row=18, x=778.0, dist=45.1)
2026-09-07 00:49:50,260 MatchingPostProcessor WARNING  Orphan pdf_cell 827 recovered to col=2 by nearest-column fallback (row=18, x=789.0, dist=34.1)
2026-09-07 00:49:50,260 MatchingPostProcessor WARNING  Orphan pdf_cell 828 recovered to col=2 by nearest-column fallback (row=18, x=800.0, dist=23.1)
2026-09-07 00:49:50,260 MatchingPostProcessor WARNING  Orphan pdf_cell 846 recovered to col=1 by nearest-column fallback (row=19, x=503.0, dist=203.0)
2026-09-07 00:49:50,260 MatchingPostProcessor WARNING  Orphan pdf_cell 847 recovered to col=1 by nearest-column fallback (row=19, x=514.0, dist=214.0)
2026-09-07 00:49:50,260 MatchingPostProcessor WARNING  Orphan pdf_cell 848 recovered to col=1 by nearest-column fallback (row=19, x=525.0, dist=225.0)
2026-09-07 00:49:50,260 MatchingPostProcessor WARNING  Orphan pdf_cell 849 recovered to col=1 by nearest-column fallback (row=19, x=536.0, dist=236.0)
2026-09-07 00:49:50,260 MatchingPostProcessor WARNING  Orphan pdf_cell 850 recovered to col=1 by nearest-column fallback (row=19, x=547.0, dist=247.0)
2026-09-07 00:49:50,260 MatchingPostProcessor WARNING  Orphan pdf_cell 851 recovered to col=1 by nearest-column fallback (row=19, x=558.0, dist=258.0)
2026-09-07 00:49:50,260 MatchingPostProcessor WARNING  Orphan pdf_cell 852 recovered to col=2 by nearest-column fallback (row=19, x=569.0, dist=254.0)
2026-09-07 00:49:50,260 MatchingPostProcessor WARNING  Orphan pdf_cell 853 recovered to col=2 by nearest-column fallback (row=19, x=580.0, dist=243.0)
2026-09-07 00:49:50,260 MatchingPostProcessor WARNING  Orphan pdf_cell 854 recovered to col=2 by nearest-column fallback (row=19, x=591.0, dist=232.0)
2026-09-07 00:49:50,260 MatchingPostProcessor WARNING  Orphan pdf_cell 855 recovered to col=2 by nearest-column fallback (row=19, x=602.0, dist=221.0)
2026-09-07 00:49:50,260 MatchingPostProcessor WARNING  Orphan pdf_cell 856 recovered to col=2 by nearest-column fallback (row=19, x=613.0, dist=210.0)
2026-09-07 00:49:50,260 MatchingPostProcessor WARNING  Orphan pdf_cell 857 recovered to col=2 by nearest-column fallback (row=19, x=624.0, dist=199.0)
2026-09-07 00:49:50,260 MatchingPostProcessor WARNING  Orphan pdf_cell 858 recovered to col=2 by nearest-column fallback (row=19, x=635.0, dist=188.0)
2026-09-07 00:49:50,260 MatchingPostProcessor WARNING  Orphan pdf_cell 859 recovered to col=2 by nearest-column fallback (row=19, x=646.0, dist=177.0)
2026-09-07 00:49:50,260 MatchingPostProcessor WARNING  Orphan pdf_cell 860 recovered to col=2 by nearest-column fallback (row=19, x=657.0, dist=166.0)
2026-09-07 00:49:50,260 MatchingPostProcessor WARNING  Orphan pdf_cell 861 recovered to col=2 by nearest-column fallback (row=19, x=668.0, dist=155.0)
2026-09-07 00:49:50,260 MatchingPostProcessor WARNING  Orphan pdf_cell 862 recovered to col=2 by nearest-column fallback (row=19, x=679.0, dist=144.0)
2026-09-07 00:49:50,260 MatchingPostProcessor WARNING  Orphan pdf_cell 863 recovered to col=2 by nearest-column fallback (row=19, x=690.0, dist=133.0)
2026-09-07 00:49:50,260 MatchingPostProcessor WARNING  Orphan pdf_cell 864 recovered to col=2 by nearest-column fallback (row=19, x=701.0, dist=122.0)
2026-09-07 00:49:50,260 MatchingPostProcessor WARNING  Orphan pdf_cell 865 recovered to col=2 by nearest-column fallback (row=19, x=712.0, dist=111.0)
2026-09-07 00:49:50,260 MatchingPostProcessor WARNING  Orphan pdf_cell 866 recovered to col=2 by nearest-column fallback (row=19, x=723.0, dist=100.0)
2026-09-07 00:49:50,260 MatchingPostProcessor WARNING  Orphan pdf_cell 867 recovered to col=2 by nearest-column fallback (row=19, x=734.0, dist=89.0)
2026-09-07 00:49:50,260 MatchingPostProcessor WARNING  Orphan pdf_cell 868 recovered to col=2 by nearest-column fallback (row=19, x=745.0, dist=78.0)
2026-09-07 00:49:50,260 MatchingPostProcessor WARNING  Orphan pdf_cell 869 recovered to col=2 by nearest-column fallback (row=19, x=756.0, dist=67.0)
2026-09-07 00:49:50,260 MatchingPostProcessor WARNING  Orphan pdf_cell 870 recovered to col=2 by nearest-column fallback (row=19, x=767.0, dist=56.0)
2026-09-07 00:49:50,260 MatchingPostProcessor WARNING  Orphan pdf_cell 871 recovered to col=2 by nearest-column fallback (row=19, x=778.0, dist=45.0)
2026-09-07 00:49:50,260 MatchingPostProcessor WARNING  Orphan pdf_cell 872 recovered to col=2 by nearest-column fallback (row=19, x=789.0, dist=34.0)
2026-09-07 00:49:50,260 MatchingPostProcessor WARNING  Orphan pdf_cell 873 recovered to col=2 by nearest-column fallback (row=19, x=800.0, dist=23.0)
2026-09-07 00:49:50,261 MatchingPostProcessor WARNING  Orphan pdf_cell 900 recovered to col=1 by nearest-column fallback (row=20, x=503.0, dist=202.9)
2026-09-07 00:49:50,261 MatchingPostProcessor WARNING  Orphan pdf_cell 901 recovered to col=1 by nearest-column fallback (row=20, x=514.0, dist=213.9)
2026-09-07 00:49:50,261 MatchingPostProcessor WARNING  Orphan pdf_cell 902 recovered to col=1 by nearest-column fallback (row=20, x=525.0, dist=224.9)
2026-09-07 00:49:50,261 MatchingPostProcessor WARNING  Orphan pdf_cell 903 recovered to col=1 by nearest-column fallback (row=20, x=536.0, dist=235.9)
2026-09-07 00:49:50,261 MatchingPostProcessor WARNING  Orphan pdf_cell 904 recovered to col=1 by nearest-column fallback (row=20, x=547.0, dist=246.9)
2026-09-07 00:49:50,261 MatchingPostProcessor WARNING  Orphan pdf_cell 905 recovered to col=1 by nearest-column fallback (row=20, x=558.0, dist=257.9)
2026-09-07 00:49:50,261 MatchingPostProcessor WARNING  Orphan pdf_cell 906 recovered to col=2 by nearest-column fallback (row=20, x=569.0, dist=254.1)
2026-09-07 00:49:50,261 MatchingPostProcessor WARNING  Orphan pdf_cell 907 recovered to col=2 by nearest-column fallback (row=20, x=580.0, dist=243.1)
2026-09-07 00:49:50,261 MatchingPostProcessor WARNING  Orphan pdf_cell 908 recovered to col=2 by nearest-column fallback (row=20, x=591.0, dist=232.1)
2026-09-07 00:49:50,261 MatchingPostProcessor WARNING  Orphan pdf_cell 909 recovered to col=2 by nearest-column fallback (row=20, x=602.0, dist=221.1)
2026-09-07 00:49:50,261 MatchingPostProcessor WARNING  Orphan pdf_cell 910 recovered to col=2 by nearest-column fallback (row=20, x=613.0, dist=210.1)
2026-09-07 00:49:50,261 MatchingPostProcessor WARNING  Orphan pdf_cell 911 recovered to col=2 by nearest-column fallback (row=20, x=624.0, dist=199.1)
2026-09-07 00:49:50,261 MatchingPostProcessor WARNING  Orphan pdf_cell 912 recovered to col=2 by nearest-column fallback (row=20, x=635.0, dist=188.1)
2026-09-07 00:49:50,261 MatchingPostProcessor WARNING  Orphan pdf_cell 913 recovered to col=2 by nearest-column fallback (row=20, x=646.0, dist=177.1)
2026-09-07 00:49:50,261 MatchingPostProcessor WARNING  Orphan pdf_cell 914 recovered to col=2 by nearest-column fallback (row=20, x=657.0, dist=166.1)
2026-09-07 00:49:50,261 MatchingPostProcessor WARNING  Orphan pdf_cell 915 recovered to col=2 by nearest-column fallback (row=20, x=668.0, dist=155.1)
2026-09-07 00:49:50,261 MatchingPostProcessor WARNING  Orphan pdf_cell 916 recovered to col=2 by nearest-column fallback (row=20, x=679.0, dist=144.1)
2026-09-07 00:49:50,261 MatchingPostProcessor WARNING  Orphan pdf_cell 917 recovered to col=2 by nearest-column fallback (row=20, x=690.0, dist=133.1)
2026-09-07 00:49:50,261 MatchingPostProcessor WARNING  Orphan pdf_cell 918 recovered to col=2 by nearest-column fallback (row=20, x=701.0, dist=122.1)
2026-09-07 00:49:50,261 MatchingPostProcessor WARNING  Orphan pdf_cell 919 recovered to col=2 by nearest-column fallback (row=20, x=712.0, dist=111.1)
2026-09-07 00:49:50,261 MatchingPostProcessor WARNING  Orphan pdf_cell 920 recovered to col=2 by nearest-column fallback (row=20, x=723.0, dist=100.1)
2026-09-07 00:49:50,261 MatchingPostProcessor WARNING  Orphan pdf_cell 921 recovered to col=2 by nearest-column fallback (row=20, x=734.0, dist=89.1)
2026-09-07 00:49:50,261 MatchingPostProcessor WARNING  Orphan pdf_cell 922 recovered to col=2 by nearest-column fallback (row=20, x=745.0, dist=78.1)
2026-09-07 00:49:50,261 MatchingPostProcessor WARNING  Orphan pdf_cell 923 recovered to col=2 by nearest-column fallback (row=20, x=756.0, dist=67.1)
2026-09-07 00:49:50,261 MatchingPostProcessor WARNING  Orphan pdf_cell 924 recovered to col=2 by nearest-column fallback (row=20, x=767.0, dist=56.1)
2026-09-07 00:49:50,261 MatchingPostProcessor WARNING  Orphan pdf_cell 925 recovered to col=2 by nearest-column fallback (row=20, x=778.0, dist=45.1)
2026-09-07 00:49:50,261 MatchingPostProcessor WARNING  Orphan pdf_cell 926 recovered to col=2 by nearest-column fallback (row=20, x=789.0, dist=34.1)
2026-09-07 00:49:50,261 MatchingPostProcessor WARNING  Orphan pdf_cell 927 recovered to col=2 by nearest-column fallback (row=20, x=800.0, dist=23.1)
2026-09-07 00:49:50,261 MatchingPostProcessor WARNING  Orphan pdf_cell 948 recovered to col=1 by nearest-column fallback (row=21, x=503.0, dist=202.9)
2026-09-07 00:49:50,261 MatchingPostProcessor WARNING  Orphan pdf_cell 949 recovered to col=1 by nearest-column fallback (row=21, x=514.0, dist=213.9)
2026-09-07 00:49:50,261 MatchingPostProcessor WARNING  Orphan pdf_cell 950 recovered to col=1 by nearest-column fallback (row=21, x=525.0, dist=224.9)
2026-09-07 00:49:50,262 MatchingPostProcessor WARNING  Orphan pdf_cell 951 recovered to col=1 by nearest-column fallback (row=21, x=536.0, dist=235.9)
2026-09-07 00:49:50,262 MatchingPostProcessor WARNING  Orphan pdf_cell 952 recovered to col=1 by nearest-column fallback (row=21, x=547.0, dist=246.9)
2026-09-07 00:49:50,262 MatchingPostProcessor WARNING  Orphan pdf_cell 953 recovered to col=1 by nearest-column fallback (row=21, x=558.0, dist=257.9)
2026-09-07 00:49:50,262 MatchingPostProcessor WARNING  Orphan pdf_cell 954 recovered to col=2 by nearest-column fallback (row=21, x=569.0, dist=254.1)
2026-09-07 00:49:50,262 MatchingPostProcessor WARNING  Orphan pdf_cell 955 recovered to col=2 by nearest-column fallback (row=21, x=580.0, dist=243.1)
2026-09-07 00:49:50,262 MatchingPostProcessor WARNING  Orphan pdf_cell 956 recovered to col=2 by nearest-column fallback (row=21, x=591.0, dist=232.1)
2026-09-07 00:49:50,262 MatchingPostProcessor WARNING  Orphan pdf_cell 957 recovered to col=2 by nearest-column fallback (row=21, x=602.0, dist=221.1)
2026-09-07 00:49:50,262 MatchingPostProcessor WARNING  Orphan pdf_cell 958 recovered to col=2 by nearest-column fallback (row=21, x=613.0, dist=210.1)
2026-09-07 00:49:50,262 MatchingPostProcessor WARNING  Orphan pdf_cell 959 recovered to col=2 by nearest-column fallback (row=21, x=624.0, dist=199.1)
2026-09-07 00:49:50,262 MatchingPostProcessor WARNING  Orphan pdf_cell 960 recovered to col=2 by nearest-column fallback (row=21, x=635.0, dist=188.1)
2026-09-07 00:49:50,262 MatchingPostProcessor WARNING  Orphan pdf_cell 961 recovered to col=2 by nearest-column fallback (row=21, x=646.0, dist=177.1)
2026-09-07 00:49:50,262 MatchingPostProcessor WARNING  Orphan pdf_cell 962 recovered to col=2 by nearest-column fallback (row=21, x=657.0, dist=166.1)
2026-09-07 00:49:50,262 MatchingPostProcessor WARNING  Orphan pdf_cell 963 recovered to col=2 by nearest-column fallback (row=21, x=668.0, dist=155.1)
2026-09-07 00:49:50,262 MatchingPostProcessor WARNING  Orphan pdf_cell 964 recovered to col=2 by nearest-column fallback (row=21, x=679.0, dist=144.1)
2026-09-07 00:49:50,262 MatchingPostProcessor WARNING  Orphan pdf_cell 965 recovered to col=2 by nearest-column fallback (row=21, x=690.0, dist=133.1)
2026-09-07 00:49:50,262 MatchingPostProcessor WARNING  Orphan pdf_cell 966 recovered to col=2 by nearest-column fallback (row=21, x=701.0, dist=122.1)
2026-09-07 00:49:50,262 MatchingPostProcessor WARNING  Orphan pdf_cell 967 recovered to col=2 by nearest-column fallback (row=21, x=712.0, dist=111.1)
2026-09-07 00:49:50,262 MatchingPostProcessor WARNING  Orphan pdf_cell 968 recovered to col=2 by nearest-column fallback (row=21, x=723.0, dist=100.1)
2026-09-07 00:49:50,262 MatchingPostProcessor WARNING  Orphan pdf_cell 969 recovered to col=2 by nearest-column fallback (row=21, x=734.0, dist=89.1)
2026-09-07 00:49:50,262 MatchingPostProcessor WARNING  Orphan pdf_cell 970 recovered to col=2 by nearest-column fallback (row=21, x=745.0, dist=78.1)
2026-09-07 00:49:50,262 MatchingPostProcessor WARNING  Orphan pdf_cell 971 recovered to col=2 by nearest-column fallback (row=21, x=756.0, dist=67.1)
2026-09-07 00:49:50,262 MatchingPostProcessor WARNING  Orphan pdf_cell 972 recovered to col=2 by nearest-column fallback (row=21, x=767.0, dist=56.1)
2026-09-07 00:49:50,262 MatchingPostProcessor WARNING  Orphan pdf_cell 973 recovered to col=2 by nearest-column fallback (row=21, x=778.0, dist=45.1)
2026-09-07 00:49:50,262 MatchingPostProcessor WARNING  Orphan pdf_cell 974 recovered to col=2 by nearest-column fallback (row=21, x=789.0, dist=34.1)
2026-09-07 00:49:50,262 MatchingPostProcessor WARNING  Orphan pdf_cell 975 recovered to col=2 by nearest-column fallback (row=21, x=800.0, dist=23.1)
2026-09-07 00:49:50,262 MatchingPostProcessor WARNING  Orphan pdf_cell 997 recovered to col=1 by nearest-column fallback (row=22, x=503.0, dist=202.9)
2026-09-07 00:49:50,262 MatchingPostProcessor WARNING  Orphan pdf_cell 998 recovered to col=1 by nearest-column fallback (row=22, x=514.0, dist=213.9)
2026-09-07 00:49:50,262 MatchingPostProcessor WARNING  Orphan pdf_cell 999 recovered to col=1 by nearest-column fallback (row=22, x=525.0, dist=224.9)
2026-09-07 00:49:50,262 MatchingPostProcessor WARNING  Orphan pdf_cell 1000 recovered to col=1 by nearest-column fallback (row=22, x=536.0, dist=235.9)
2026-09-07 00:49:50,262 MatchingPostProcessor WARNING  Orphan pdf_cell 1001 recovered to col=1 by nearest-column fallback (row=22, x=547.0, dist=246.9)
2026-09-07 00:49:50,262 MatchingPostProcessor WARNING  Orphan pdf_cell 1002 recovered to col=1 by nearest-column fallback (row=22, x=558.0, dist=257.9)
2026-09-07 00:49:50,262 MatchingPostProcessor WARNING  Orphan pdf_cell 1003 recovered to col=2 by nearest-column fallback (row=22, x=569.0, dist=254.1)
2026-09-07 00:49:50,262 MatchingPostProcessor WARNING  Orphan pdf_cell 1004 recovered to col=2 by nearest-column fallback (row=22, x=580.0, dist=243.1)
2026-09-07 00:49:50,262 MatchingPostProcessor WARNING  Orphan pdf_cell 1005 recovered to col=2 by nearest-column fallback (row=22, x=591.0, dist=232.1)
2026-09-07 00:49:50,262 MatchingPostProcessor WARNING  Orphan pdf_cell 1006 recovered to col=2 by nearest-column fallback (row=22, x=602.0, dist=221.1)
2026-09-07 00:49:50,262 MatchingPostProcessor WARNING  Orphan pdf_cell 1007 recovered to col=2 by nearest-column fallback (row=22, x=613.0, dist=210.1)
2026-09-07 00:49:50,263 MatchingPostProcessor WARNING  Orphan pdf_cell 1008 recovered to col=2 by nearest-column fallback (row=22, x=624.0, dist=199.1)
2026-09-07 00:49:50,263 MatchingPostProcessor WARNING  Orphan pdf_cell 1009 recovered to col=2 by nearest-column fallback (row=22, x=635.0, dist=188.1)
2026-09-07 00:49:50,263 MatchingPostProcessor WARNING  Orphan pdf_cell 1010 recovered to col=2 by nearest-column fallback (row=22, x=646.0, dist=177.1)
2026-09-07 00:49:50,263 MatchingPostProcessor WARNING  Orphan pdf_cell 1011 recovered to col=2 by nearest-column fallback (row=22, x=657.0, dist=166.1)
2026-09-07 00:49:50,263 MatchingPostProcessor WARNING  Orphan pdf_cell 1012 recovered to col=2 by nearest-column fallback (row=22, x=668.0, dist=155.1)
2026-09-07 00:49:50,263 MatchingPostProcessor WARNING  Orphan pdf_cell 1013 recovered to col=2 by nearest-column fallback (row=22, x=679.0, dist=144.1)
2026-09-07 00:49:50,263 MatchingPostProcessor WARNING  Orphan pdf_cell 1014 recovered to col=2 by nearest-column fallback (row=22, x=690.0, dist=133.1)
2026-09-07 00:49:50,263 MatchingPostProcessor WARNING  Orphan pdf_cell 1015 recovered to col=2 by nearest-column fallback (row=22, x=701.0, dist=122.1)
2026-09-07 00:49:50,263 MatchingPostProcessor WARNING  Orphan pdf_cell 1016 recovered to col=2 by nearest-column fallback (row=22, x=712.0, dist=111.1)
2026-09-07 00:49:50,263 MatchingPostProcessor WARNING  Orphan pdf_cell 1017 recovered to col=2 by nearest-column fallback (row=22, x=723.0, dist=100.1)
2026-09-07 00:49:50,263 MatchingPostProcessor WARNING  Orphan pdf_cell 1018 recovered to col=2 by nearest-column fallback (row=22, x=734.0, dist=89.1)
2026-09-07 00:49:50,263 MatchingPostProcessor WARNING  Orphan pdf_cell 1019 recovered to col=2 by nearest-column fallback (row=22, x=745.0, dist=78.1)
2026-09-07 00:49:50,263 MatchingPostProcessor WARNING  Orphan pdf_cell 1020 recovered to col=2 by nearest-column fallback (row=22, x=756.0, dist=67.1)
2026-09-07 00:49:50,263 MatchingPostProcessor WARNING  Orphan pdf_cell 1021 recovered to col=2 by nearest-column fallback (row=22, x=767.0, dist=56.1)
2026-09-07 00:49:50,263 MatchingPostProcessor WARNING  Orphan pdf_cell 1022 recovered to col=2 by nearest-column fallback (row=22, x=778.0, dist=45.1)
2026-09-07 00:49:50,263 MatchingPostProcessor WARNING  Orphan pdf_cell 1023 recovered to col=2 by nearest-column fallback (row=22, x=789.0, dist=34.1)
2026-09-07 00:49:50,263 MatchingPostProcessor WARNING  Orphan pdf_cell 1024 recovered to col=2 by nearest-column fallback (row=22, x=800.0, dist=23.1)
2026-09-07 00:49:50,263 MatchingPostProcessor WARNING  Orphan pdf_cell 1045 recovered to col=1 by nearest-column fallback (row=23, x=503.0, dist=202.9)
2026-09-07 00:49:50,263 MatchingPostProcessor WARNING  Orphan pdf_cell 1046 recovered to col=1 by nearest-column fallback (row=23, x=514.0, dist=213.9)
2026-09-07 00:49:50,263 MatchingPostProcessor WARNING  Orphan pdf_cell 1047 recovered to col=1 by nearest-column fallback (row=23, x=525.0, dist=224.9)
2026-09-07 00:49:50,263 MatchingPostProcessor WARNING  Orphan pdf_cell 1048 recovered to col=1 by nearest-column fallback (row=23, x=536.0, dist=235.9)
2026-09-07 00:49:50,263 MatchingPostProcessor WARNING  Orphan pdf_cell 1049 recovered to col=1 by nearest-column fallback (row=23, x=547.0, dist=246.9)
2026-09-07 00:49:50,263 MatchingPostProcessor WARNING  Orphan pdf_cell 1050 recovered to col=1 by nearest-column fallback (row=23, x=558.0, dist=257.9)
2026-09-07 00:49:50,263 MatchingPostProcessor WARNING  Orphan pdf_cell 1051 recovered to col=2 by nearest-column fallback (row=23, x=569.0, dist=254.1)
2026-09-07 00:49:50,263 MatchingPostProcessor WARNING  Orphan pdf_cell 1052 recovered to col=2 by nearest-column fallback (row=23, x=580.0, dist=243.1)
2026-09-07 00:49:50,263 MatchingPostProcessor WARNING  Orphan pdf_cell 1053 recovered to col=2 by nearest-column fallback (row=23, x=591.0, dist=232.1)
2026-09-07 00:49:50,263 MatchingPostProcessor WARNING  Orphan pdf_cell 1054 recovered to col=2 by nearest-column fallback (row=23, x=602.0, dist=221.1)
2026-09-07 00:49:50,263 MatchingPostProcessor WARNING  Orphan pdf_cell 1055 recovered to col=2 by nearest-column fallback (row=23, x=613.0, dist=210.1)
2026-09-07 00:49:50,263 MatchingPostProcessor WARNING  Orphan pdf_cell 1056 recovered to col=2 by nearest-column fallback (row=23, x=624.0, dist=199.1)
2026-09-07 00:49:50,263 MatchingPostProcessor WARNING  Orphan pdf_cell 1057 recovered to col=2 by nearest-column fallback (row=23, x=635.0, dist=188.1)
2026-09-07 00:49:50,263 MatchingPostProcessor WARNING  Orphan pdf_cell 1058 recovered to col=2 by nearest-column fallback (row=23, x=646.0, dist=177.1)
2026-09-07 00:49:50,263 MatchingPostProcessor WARNING  Orphan pdf_cell 1059 recovered to col=2 by nearest-column fallback (row=23, x=657.0, dist=166.1)
2026-09-07 00:49:50,263 MatchingPostProcessor WARNING  Orphan pdf_cell 1060 recovered to col=2 by nearest-column fallback (row=23, x=668.0, dist=155.1)
2026-09-07 00:49:50,263 MatchingPostProcessor WARNING  Orphan pdf_cell 1061 recovered to col=2 by nearest-column fallback (row=23, x=679.0, dist=144.1)
2026-09-07 00:49:50,263 MatchingPostProcessor WARNING  Orphan pdf_cell 1062 recovered to col=2 by nearest-column fallback (row=23, x=690.0, dist=133.1)
2026-09-07 00:49:50,263 MatchingPostProcessor WARNING  Orphan pdf_cell 1063 recovered to col=2 by nearest-column fallback (row=23, x=701.0, dist=122.1)
2026-09-07 00:49:50,263 MatchingPostProcessor WARNING  Orphan pdf_cell 1064 recovered to col=2 by nearest-column fallback (row=23, x=712.0, dist=111.1)
2026-09-07 00:49:50,263 MatchingPostProcessor WARNING  Orphan pdf_cell 1065 recovered to col=2 by nearest-column fallback (row=23, x=723.0, dist=100.1)
2026-09-07 00:49:50,264 MatchingPostProcessor WARNING  Orphan pdf_cell 1066 recovered to col=2 by nearest-column fallback (row=23, x=734.0, dist=89.1)
2026-09-07 00:49:50,264 MatchingPostProcessor WARNING  Orphan pdf_cell 1067 recovered to col=2 by nearest-column fallback (row=23, x=745.0, dist=78.1)
2026-09-07 00:49:50,264 MatchingPostProcessor WARNING  Orphan pdf_cell 1068 recovered to col=2 by nearest-column fallback (row=23, x=756.0, dist=67.1)
2026-09-07 00:49:50,264 MatchingPostProcessor WARNING  Orphan pdf_cell 1069 recovered to col=2 by nearest-column fallback (row=23, x=767.0, dist=56.1)
2026-09-07 00:49:50,264 MatchingPostProcessor WARNING  Orphan pdf_cell 1070 recovered to col=2 by nearest-column fallback (row=23, x=778.0, dist=45.1)
2026-09-07 00:49:50,264 MatchingPostProcessor WARNING  Orphan pdf_cell 1071 recovered to col=2 by nearest-column fallback (row=23, x=789.0, dist=34.1)
2026-09-07 00:49:50,264 MatchingPostProcessor WARNING  Orphan pdf_cell 1072 recovered to col=2 by nearest-column fallback (row=23, x=800.0, dist=23.1)
2026-09-07 00:49:50,264 MatchingPostProcessor WARNING  Orphan pdf_cell 1088 recovered to col=1 by nearest-column fallback (row=24, x=503.0, dist=203.0)
2026-09-07 00:49:50,264 MatchingPostProcessor WARNING  Orphan pdf_cell 1089 recovered to col=1 by nearest-column fallback (row=24, x=514.0, dist=214.0)
2026-09-07 00:49:50,264 MatchingPostProcessor WARNING  Orphan pdf_cell 1090 recovered to col=1 by nearest-column fallback (row=24, x=525.0, dist=225.0)
2026-09-07 00:49:50,264 MatchingPostProcessor WARNING  Orphan pdf_cell 1091 recovered to col=1 by nearest-column fallback (row=24, x=536.0, dist=236.0)
2026-09-07 00:49:50,264 MatchingPostProcessor WARNING  Orphan pdf_cell 1092 recovered to col=1 by nearest-column fallback (row=24, x=547.0, dist=247.0)
2026-09-07 00:49:50,264 MatchingPostProcessor WARNING  Orphan pdf_cell 1093 recovered to col=1 by nearest-column fallback (row=24, x=558.0, dist=258.0)
2026-09-07 00:49:50,264 MatchingPostProcessor WARNING  Orphan pdf_cell 1094 recovered to col=2 by nearest-column fallback (row=24, x=569.0, dist=254.0)
2026-09-07 00:49:50,264 MatchingPostProcessor WARNING  Orphan pdf_cell 1095 recovered to col=2 by nearest-column fallback (row=24, x=580.0, dist=243.0)
2026-09-07 00:49:50,264 MatchingPostProcessor WARNING  Orphan pdf_cell 1096 recovered to col=2 by nearest-column fallback (row=24, x=591.0, dist=232.0)
2026-09-07 00:49:50,264 MatchingPostProcessor WARNING  Orphan pdf_cell 1097 recovered to col=2 by nearest-column fallback (row=24, x=602.0, dist=221.0)
2026-09-07 00:49:50,264 MatchingPostProcessor WARNING  Orphan pdf_cell 1098 recovered to col=2 by nearest-column fallback (row=24, x=613.0, dist=210.0)
2026-09-07 00:49:50,264 MatchingPostProcessor WARNING  Orphan pdf_cell 1099 recovered to col=2 by nearest-column fallback (row=24, x=624.0, dist=199.0)
2026-09-07 00:49:50,264 MatchingPostProcessor WARNING  Orphan pdf_cell 1100 recovered to col=2 by nearest-column fallback (row=24, x=635.0, dist=188.0)
2026-09-07 00:49:50,264 MatchingPostProcessor WARNING  Orphan pdf_cell 1101 recovered to col=2 by nearest-column fallback (row=24, x=646.0, dist=177.0)
2026-09-07 00:49:50,264 MatchingPostProcessor WARNING  Orphan pdf_cell 1102 recovered to col=2 by nearest-column fallback (row=24, x=657.0, dist=166.0)
2026-09-07 00:49:50,264 MatchingPostProcessor WARNING  Orphan pdf_cell 1103 recovered to col=2 by nearest-column fallback (row=24, x=668.0, dist=155.0)
2026-09-07 00:49:50,264 MatchingPostProcessor WARNING  Orphan pdf_cell 1104 recovered to col=2 by nearest-column fallback (row=24, x=679.0, dist=144.0)
2026-09-07 00:49:50,264 MatchingPostProcessor WARNING  Orphan pdf_cell 1105 recovered to col=2 by nearest-column fallback (row=24, x=690.0, dist=133.0)
2026-09-07 00:49:50,264 MatchingPostProcessor WARNING  Orphan pdf_cell 1106 recovered to col=2 by nearest-column fallback (row=24, x=701.0, dist=122.0)
2026-09-07 00:49:50,264 MatchingPostProcessor WARNING  Orphan pdf_cell 1107 recovered to col=2 by nearest-column fallback (row=24, x=712.0, dist=111.0)
2026-09-07 00:49:50,264 MatchingPostProcessor WARNING  Orphan pdf_cell 1108 recovered to col=2 by nearest-column fallback (row=24, x=723.0, dist=100.0)
2026-09-07 00:49:50,264 MatchingPostProcessor WARNING  Orphan pdf_cell 1109 recovered to col=2 by nearest-column fallback (row=24, x=734.0, dist=89.0)
2026-09-07 00:49:50,264 MatchingPostProcessor WARNING  Orphan pdf_cell 1110 recovered to col=2 by nearest-column fallback (row=24, x=745.0, dist=78.0)
2026-09-07 00:49:50,264 MatchingPostProcessor WARNING  Orphan pdf_cell 1111 recovered to col=2 by nearest-column fallback (row=24, x=756.0, dist=67.0)
2026-09-07 00:49:50,264 MatchingPostProcessor WARNING  Orphan pdf_cell 1112 recovered to col=2 by nearest-column fallback (row=24, x=767.0, dist=56.0)
2026-09-07 00:49:50,264 MatchingPostProcessor WARNING  Orphan pdf_cell 1113 recovered to col=2 by nearest-column fallback (row=24, x=778.0, dist=45.0)
2026-09-07 00:49:50,264 MatchingPostProcessor WARNING  Orphan pdf_cell 1114 recovered to col=2 by nearest-column fallback (row=24, x=789.0, dist=34.0)
2026-09-07 00:49:50,264 MatchingPostProcessor WARNING  Orphan pdf_cell 1115 recovered to col=2 by nearest-column fallback (row=24, x=800.0, dist=23.0)
2026-09-07 00:49:50,264 MatchingPostProcessor WARNING  Orphan pdf_cell 1129 recovered to col=1 by nearest-column fallback (row=25, x=503.1, dist=203.0)
2026-09-07 00:49:50,264 MatchingPostProcessor WARNING  Orphan pdf_cell 1130 recovered to col=1 by nearest-column fallback (row=25, x=514.1, dist=214.0)
2026-09-07 00:49:50,265 MatchingPostProcessor WARNING  Orphan pdf_cell 1131 recovered to col=1 by nearest-column fallback (row=25, x=525.1, dist=225.0)
2026-09-07 00:49:50,265 MatchingPostProcessor WARNING  Orphan pdf_cell 1132 recovered to col=1 by nearest-column fallback (row=25, x=536.1, dist=236.0)
2026-09-07 00:49:50,265 MatchingPostProcessor WARNING  Orphan pdf_cell 1133 recovered to col=1 by nearest-column fallback (row=25, x=547.1, dist=247.0)
2026-09-07 00:49:50,265 MatchingPostProcessor WARNING  Orphan pdf_cell 1134 recovered to col=1 by nearest-column fallback (row=25, x=558.1, dist=258.0)
2026-09-07 00:49:50,265 MatchingPostProcessor WARNING  Orphan pdf_cell 1135 recovered to col=2 by nearest-column fallback (row=25, x=569.1, dist=254.0)
2026-09-07 00:49:50,265 MatchingPostProcessor WARNING  Orphan pdf_cell 1136 recovered to col=2 by nearest-column fallback (row=25, x=580.1, dist=243.0)
2026-09-07 00:49:50,265 MatchingPostProcessor WARNING  Orphan pdf_cell 1137 recovered to col=2 by nearest-column fallback (row=25, x=591.1, dist=232.0)
2026-09-07 00:49:50,265 MatchingPostProcessor WARNING  Orphan pdf_cell 1138 recovered to col=2 by nearest-column fallback (row=25, x=602.1, dist=221.0)
2026-09-07 00:49:50,265 MatchingPostProcessor WARNING  Orphan pdf_cell 1139 recovered to col=2 by nearest-column fallback (row=25, x=613.1, dist=210.0)
2026-09-07 00:49:50,265 MatchingPostProcessor WARNING  Orphan pdf_cell 1140 recovered to col=2 by nearest-column fallback (row=25, x=624.1, dist=199.0)
2026-09-07 00:49:50,265 MatchingPostProcessor WARNING  Orphan pdf_cell 1141 recovered to col=2 by nearest-column fallback (row=25, x=635.1, dist=188.0)
2026-09-07 00:49:50,265 MatchingPostProcessor WARNING  Orphan pdf_cell 1142 recovered to col=2 by nearest-column fallback (row=25, x=646.1, dist=177.0)
2026-09-07 00:49:50,265 MatchingPostProcessor WARNING  Orphan pdf_cell 1143 recovered to col=2 by nearest-column fallback (row=25, x=657.1, dist=166.0)
2026-09-07 00:49:50,265 MatchingPostProcessor WARNING  Orphan pdf_cell 1144 recovered to col=2 by nearest-column fallback (row=25, x=668.1, dist=155.0)
2026-09-07 00:49:50,265 MatchingPostProcessor WARNING  Orphan pdf_cell 1145 recovered to col=2 by nearest-column fallback (row=25, x=679.1, dist=144.0)
2026-09-07 00:49:50,265 MatchingPostProcessor WARNING  Orphan pdf_cell 1146 recovered to col=2 by nearest-column fallback (row=25, x=690.1, dist=133.0)
2026-09-07 00:49:50,265 MatchingPostProcessor WARNING  Orphan pdf_cell 1147 recovered to col=2 by nearest-column fallback (row=25, x=701.1, dist=122.0)
2026-09-07 00:49:50,265 MatchingPostProcessor WARNING  Orphan pdf_cell 1148 recovered to col=2 by nearest-column fallback (row=25, x=712.1, dist=111.0)
2026-09-07 00:49:50,265 MatchingPostProcessor WARNING  Orphan pdf_cell 1149 recovered to col=2 by nearest-column fallback (row=25, x=723.1, dist=100.0)
2026-09-07 00:49:50,265 MatchingPostProcessor WARNING  Orphan pdf_cell 1150 recovered to col=2 by nearest-column fallback (row=25, x=734.1, dist=89.0)
2026-09-07 00:49:50,265 MatchingPostProcessor WARNING  Orphan pdf_cell 1151 recovered to col=2 by nearest-column fallback (row=25, x=745.1, dist=78.0)
2026-09-07 00:49:50,265 MatchingPostProcessor WARNING  Orphan pdf_cell 1152 recovered to col=2 by nearest-column fallback (row=25, x=756.1, dist=67.0)
2026-09-07 00:49:50,265 MatchingPostProcessor WARNING  Orphan pdf_cell 1153 recovered to col=2 by nearest-column fallback (row=25, x=767.1, dist=56.0)
2026-09-07 00:49:50,265 MatchingPostProcessor WARNING  Orphan pdf_cell 1154 recovered to col=2 by nearest-column fallback (row=25, x=778.1, dist=45.0)
2026-09-07 00:49:50,265 MatchingPostProcessor WARNING  Orphan pdf_cell 1155 recovered to col=2 by nearest-column fallback (row=25, x=789.1, dist=34.0)
2026-09-07 00:49:50,265 MatchingPostProcessor WARNING  Orphan pdf_cell 1156 recovered to col=2 by nearest-column fallback (row=25, x=800.1, dist=23.0)
2026-09-07 00:49:50,265 MatchingPostProcessor WARNING  Orphan pdf_cell 1171 recovered to col=1 by nearest-column fallback (row=26, x=503.0, dist=202.9)
2026-09-07 00:49:50,265 MatchingPostProcessor WARNING  Orphan pdf_cell 1172 recovered to col=1 by nearest-column fallback (row=26, x=514.0, dist=213.9)
2026-09-07 00:49:50,265 MatchingPostProcessor WARNING  Orphan pdf_cell 1173 recovered to col=1 by nearest-column fallback (row=26, x=525.0, dist=224.9)
2026-09-07 00:49:50,265 MatchingPostProcessor WARNING  Orphan pdf_cell 1174 recovered to col=1 by nearest-column fallback (row=26, x=536.0, dist=235.9)
2026-09-07 00:49:50,265 MatchingPostProcessor WARNING  Orphan pdf_cell 1175 recovered to col=1 by nearest-column fallback (row=26, x=547.0, dist=246.9)
2026-09-07 00:49:50,265 MatchingPostProcessor WARNING  Orphan pdf_cell 1176 recovered to col=1 by nearest-column fallback (row=26, x=558.0, dist=257.9)
2026-09-07 00:49:50,265 MatchingPostProcessor WARNING  Orphan pdf_cell 1177 recovered to col=2 by nearest-column fallback (row=26, x=569.0, dist=254.1)
2026-09-07 00:49:50,265 MatchingPostProcessor WARNING  Orphan pdf_cell 1178 recovered to col=2 by nearest-column fallback (row=26, x=580.0, dist=243.1)
2026-09-07 00:49:50,265 MatchingPostProcessor WARNING  Orphan pdf_cell 1179 recovered to col=2 by nearest-column fallback (row=26, x=591.0, dist=232.1)
2026-09-07 00:49:50,265 MatchingPostProcessor WARNING  Orphan pdf_cell 1180 recovered to col=2 by nearest-column fallback (row=26, x=602.0, dist=221.1)
2026-09-07 00:49:50,265 MatchingPostProcessor WARNING  Orphan pdf_cell 1181 recovered to col=2 by nearest-column fallback (row=26, x=613.0, dist=210.1)
2026-09-07 00:49:50,265 MatchingPostProcessor WARNING  Orphan pdf_cell 1182 recovered to col=2 by nearest-column fallback (row=26, x=624.0, dist=199.1)
2026-09-07 00:49:50,265 MatchingPostProcessor WARNING  Orphan pdf_cell 1183 recovered to col=2 by nearest-column fallback (row=26, x=635.0, dist=188.1)
2026-09-07 00:49:50,265 MatchingPostProcessor WARNING  Orphan pdf_cell 1184 recovered to col=2 by nearest-column fallback (row=26, x=646.0, dist=177.1)
2026-09-07 00:49:50,265 MatchingPostProcessor WARNING  Orphan pdf_cell 1185 recovered to col=2 by nearest-column fallback (row=26, x=657.0, dist=166.1)
2026-09-07 00:49:50,266 MatchingPostProcessor WARNING  Orphan pdf_cell 1186 recovered to col=2 by nearest-column fallback (row=26, x=668.0, dist=155.1)
2026-09-07 00:49:50,266 MatchingPostProcessor WARNING  Orphan pdf_cell 1187 recovered to col=2 by nearest-column fallback (row=26, x=679.0, dist=144.1)
2026-09-07 00:49:50,266 MatchingPostProcessor WARNING  Orphan pdf_cell 1188 recovered to col=2 by nearest-column fallback (row=26, x=690.0, dist=133.1)
2026-09-07 00:49:50,266 MatchingPostProcessor WARNING  Orphan pdf_cell 1189 recovered to col=2 by nearest-column fallback (row=26, x=701.0, dist=122.1)
2026-09-07 00:49:50,266 MatchingPostProcessor WARNING  Orphan pdf_cell 1190 recovered to col=2 by nearest-column fallback (row=26, x=712.0, dist=111.1)
2026-09-07 00:49:50,266 MatchingPostProcessor WARNING  Orphan pdf_cell 1191 recovered to col=2 by nearest-column fallback (row=26, x=723.0, dist=100.1)
2026-09-07 00:49:50,266 MatchingPostProcessor WARNING  Orphan pdf_cell 1192 recovered to col=2 by nearest-column fallback (row=26, x=734.0, dist=89.1)
2026-09-07 00:49:50,266 MatchingPostProcessor WARNING  Orphan pdf_cell 1193 recovered to col=2 by nearest-column fallback (row=26, x=745.0, dist=78.1)
2026-09-07 00:49:50,266 MatchingPostProcessor WARNING  Orphan pdf_cell 1194 recovered to col=2 by nearest-column fallback (row=26, x=756.0, dist=67.1)
2026-09-07 00:49:50,266 MatchingPostProcessor WARNING  Orphan pdf_cell 1195 recovered to col=2 by nearest-column fallback (row=26, x=767.0, dist=56.1)
2026-09-07 00:49:50,266 MatchingPostProcessor WARNING  Orphan pdf_cell 1196 recovered to col=2 by nearest-column fallback (row=26, x=778.0, dist=45.1)
2026-09-07 00:49:50,266 MatchingPostProcessor WARNING  Orphan pdf_cell 1197 recovered to col=2 by nearest-column fallback (row=26, x=789.0, dist=34.1)
2026-09-07 00:49:50,266 MatchingPostProcessor WARNING  Orphan pdf_cell 1198 recovered to col=2 by nearest-column fallback (row=26, x=800.0, dist=23.1)
2026-09-07 00:49:50,266 MatchingPostProcessor WARNING  Orphan pdf_cell 1212 recovered to col=1 by nearest-column fallback (row=27, x=503.1, dist=203.0)
2026-09-07 00:49:50,266 MatchingPostProcessor WARNING  Orphan pdf_cell 1213 recovered to col=1 by nearest-column fallback (row=27, x=514.1, dist=214.0)
2026-09-07 00:49:50,266 MatchingPostProcessor WARNING  Orphan pdf_cell 1214 recovered to col=1 by nearest-column fallback (row=27, x=525.1, dist=225.0)
2026-09-07 00:49:50,266 MatchingPostProcessor WARNING  Orphan pdf_cell 1215 recovered to col=1 by nearest-column fallback (row=27, x=536.1, dist=236.0)
2026-09-07 00:49:50,266 MatchingPostProcessor WARNING  Orphan pdf_cell 1216 recovered to col=1 by nearest-column fallback (row=27, x=547.1, dist=247.0)
2026-09-07 00:49:50,266 MatchingPostProcessor WARNING  Orphan pdf_cell 1217 recovered to col=1 by nearest-column fallback (row=27, x=558.1, dist=258.0)
2026-09-07 00:49:50,266 MatchingPostProcessor WARNING  Orphan pdf_cell 1218 recovered to col=2 by nearest-column fallback (row=27, x=569.1, dist=254.0)
2026-09-07 00:49:50,266 MatchingPostProcessor WARNING  Orphan pdf_cell 1219 recovered to col=2 by nearest-column fallback (row=27, x=580.1, dist=243.0)
2026-09-07 00:49:50,266 MatchingPostProcessor WARNING  Orphan pdf_cell 1220 recovered to col=2 by nearest-column fallback (row=27, x=591.1, dist=232.0)
2026-09-07 00:49:50,266 MatchingPostProcessor WARNING  Orphan pdf_cell 1221 recovered to col=2 by nearest-column fallback (row=27, x=602.1, dist=221.0)
2026-09-07 00:49:50,266 MatchingPostProcessor WARNING  Orphan pdf_cell 1222 recovered to col=2 by nearest-column fallback (row=27, x=613.1, dist=210.0)
2026-09-07 00:49:50,266 MatchingPostProcessor WARNING  Orphan pdf_cell 1223 recovered to col=2 by nearest-column fallback (row=27, x=624.1, dist=199.0)
2026-09-07 00:49:50,266 MatchingPostProcessor WARNING  Orphan pdf_cell 1224 recovered to col=2 by nearest-column fallback (row=27, x=635.1, dist=188.0)
2026-09-07 00:49:50,266 MatchingPostProcessor WARNING  Orphan pdf_cell 1225 recovered to col=2 by nearest-column fallback (row=27, x=646.1, dist=177.0)
2026-09-07 00:49:50,266 MatchingPostProcessor WARNING  Orphan pdf_cell 1226 recovered to col=2 by nearest-column fallback (row=27, x=657.1, dist=166.0)
2026-09-07 00:49:50,266 MatchingPostProcessor WARNING  Orphan pdf_cell 1227 recovered to col=2 by nearest-column fallback (row=27, x=668.1, dist=155.0)
2026-09-07 00:49:50,266 MatchingPostProcessor WARNING  Orphan pdf_cell 1228 recovered to col=2 by nearest-column fallback (row=27, x=679.1, dist=144.0)
2026-09-07 00:49:50,266 MatchingPostProcessor WARNING  Orphan pdf_cell 1229 recovered to col=2 by nearest-column fallback (row=27, x=690.1, dist=133.0)
2026-09-07 00:49:50,266 MatchingPostProcessor WARNING  Orphan pdf_cell 1230 recovered to col=2 by nearest-column fallback (row=27, x=701.1, dist=122.0)
2026-09-07 00:49:50,266 MatchingPostProcessor WARNING  Orphan pdf_cell 1231 recovered to col=2 by nearest-column fallback (row=27, x=712.1, dist=111.0)
2026-09-07 00:49:50,266 MatchingPostProcessor WARNING  Orphan pdf_cell 1232 recovered to col=2 by nearest-column fallback (row=27, x=723.1, dist=100.0)
2026-09-07 00:49:50,266 MatchingPostProcessor WARNING  Orphan pdf_cell 1233 recovered to col=2 by nearest-column fallback (row=27, x=734.1, dist=89.0)
2026-09-07 00:49:50,266 MatchingPostProcessor WARNING  Orphan pdf_cell 1234 recovered to col=2 by nearest-column fallback (row=27, x=745.1, dist=78.0)
2026-09-07 00:49:50,266 MatchingPostProcessor WARNING  Orphan pdf_cell 1235 recovered to col=2 by nearest-column fallback (row=27, x=756.1, dist=67.0)
2026-09-07 00:49:50,266 MatchingPostProcessor WARNING  Orphan pdf_cell 1236 recovered to col=2 by nearest-column fallback (row=27, x=767.1, dist=56.0)
2026-09-07 00:49:50,266 MatchingPostProcessor WARNING  Orphan pdf_cell 1237 recovered to col=2 by nearest-column fallback (row=27, x=778.1, dist=45.0)
2026-09-07 00:49:50,266 MatchingPostProcessor WARNING  Orphan pdf_cell 1238 recovered to col=2 by nearest-column fallback (row=27, x=789.1, dist=34.0)
2026-09-07 00:49:50,266 MatchingPostProcessor WARNING  Orphan pdf_cell 1239 recovered to col=2 by nearest-column fallback (row=27, x=800.1, dist=23.0)
2026-09-07 00:49:50,267 MatchingPostProcessor WARNING  Orphan pdf_cell 1256 recovered to col=1 by nearest-column fallback (row=28, x=503.0, dist=203.0)
2026-09-07 00:49:50,267 MatchingPostProcessor WARNING  Orphan pdf_cell 1257 recovered to col=1 by nearest-column fallback (row=28, x=514.0, dist=214.0)
2026-09-07 00:49:50,267 MatchingPostProcessor WARNING  Orphan pdf_cell 1258 recovered to col=1 by nearest-column fallback (row=28, x=525.0, dist=225.0)
2026-09-07 00:49:50,267 MatchingPostProcessor WARNING  Orphan pdf_cell 1259 recovered to col=1 by nearest-column fallback (row=28, x=536.0, dist=236.0)
2026-09-07 00:49:50,267 MatchingPostProcessor WARNING  Orphan pdf_cell 1260 recovered to col=1 by nearest-column fallback (row=28, x=547.0, dist=247.0)
2026-09-07 00:49:50,267 MatchingPostProcessor WARNING  Orphan pdf_cell 1261 recovered to col=1 by nearest-column fallback (row=28, x=558.0, dist=258.0)
2026-09-07 00:49:50,267 MatchingPostProcessor WARNING  Orphan pdf_cell 1262 recovered to col=2 by nearest-column fallback (row=28, x=569.0, dist=254.1)
2026-09-07 00:49:50,267 MatchingPostProcessor WARNING  Orphan pdf_cell 1263 recovered to col=2 by nearest-column fallback (row=28, x=580.0, dist=243.1)
2026-09-07 00:49:50,267 MatchingPostProcessor WARNING  Orphan pdf_cell 1264 recovered to col=2 by nearest-column fallback (row=28, x=591.0, dist=232.1)
2026-09-07 00:49:50,267 MatchingPostProcessor WARNING  Orphan pdf_cell 1265 recovered to col=2 by nearest-column fallback (row=28, x=602.0, dist=221.1)
2026-09-07 00:49:50,267 MatchingPostProcessor WARNING  Orphan pdf_cell 1266 recovered to col=2 by nearest-column fallback (row=28, x=613.0, dist=210.1)
2026-09-07 00:49:50,267 MatchingPostProcessor WARNING  Orphan pdf_cell 1267 recovered to col=2 by nearest-column fallback (row=28, x=624.0, dist=199.1)
2026-09-07 00:49:50,267 MatchingPostProcessor WARNING  Orphan pdf_cell 1268 recovered to col=2 by nearest-column fallback (row=28, x=635.0, dist=188.1)
2026-09-07 00:49:50,267 MatchingPostProcessor WARNING  Orphan pdf_cell 1269 recovered to col=2 by nearest-column fallback (row=28, x=646.0, dist=177.1)
2026-09-07 00:49:50,267 MatchingPostProcessor WARNING  Orphan pdf_cell 1270 recovered to col=2 by nearest-column fallback (row=28, x=657.0, dist=166.1)
2026-09-07 00:49:50,267 MatchingPostProcessor WARNING  Orphan pdf_cell 1271 recovered to col=2 by nearest-column fallback (row=28, x=668.0, dist=155.1)
2026-09-07 00:49:50,267 MatchingPostProcessor WARNING  Orphan pdf_cell 1272 recovered to col=2 by nearest-column fallback (row=28, x=679.0, dist=144.1)
2026-09-07 00:49:50,267 MatchingPostProcessor WARNING  Orphan pdf_cell 1273 recovered to col=2 by nearest-column fallback (row=28, x=690.0, dist=133.1)
2026-09-07 00:49:50,267 MatchingPostProcessor WARNING  Orphan pdf_cell 1274 recovered to col=2 by nearest-column fallback (row=28, x=701.0, dist=122.1)
2026-09-07 00:49:50,267 MatchingPostProcessor WARNING  Orphan pdf_cell 1275 recovered to col=2 by nearest-column fallback (row=28, x=712.0, dist=111.1)
2026-09-07 00:49:50,267 MatchingPostProcessor WARNING  Orphan pdf_cell 1276 recovered to col=2 by nearest-column fallback (row=28, x=723.0, dist=100.1)
2026-09-07 00:49:50,267 MatchingPostProcessor WARNING  Orphan pdf_cell 1277 recovered to col=2 by nearest-column fallback (row=28, x=734.0, dist=89.1)
2026-09-07 00:49:50,267 MatchingPostProcessor WARNING  Orphan pdf_cell 1278 recovered to col=2 by nearest-column fallback (row=28, x=745.0, dist=78.1)
2026-09-07 00:49:50,267 MatchingPostProcessor WARNING  Orphan pdf_cell 1279 recovered to col=2 by nearest-column fallback (row=28, x=756.0, dist=67.1)
2026-09-07 00:49:50,267 MatchingPostProcessor WARNING  Orphan pdf_cell 1280 recovered to col=2 by nearest-column fallback (row=28, x=767.0, dist=56.1)
2026-09-07 00:49:50,267 MatchingPostProcessor WARNING  Orphan pdf_cell 1281 recovered to col=2 by nearest-column fallback (row=28, x=778.0, dist=45.1)
2026-09-07 00:49:50,267 MatchingPostProcessor WARNING  Orphan pdf_cell 1282 recovered to col=2 by nearest-column fallback (row=28, x=789.0, dist=34.1)
2026-09-07 00:49:50,267 MatchingPostProcessor WARNING  Orphan pdf_cell 1283 recovered to col=2 by nearest-column fallback (row=28, x=800.0, dist=23.1)
2026-09-07 00:49:50,267 MatchingPostProcessor WARNING  Orphan pdf_cell 1296 recovered to col=1 by nearest-column fallback (row=29, x=503.1, dist=203.0)
2026-09-07 00:49:50,267 MatchingPostProcessor WARNING  Orphan pdf_cell 1297 recovered to col=1 by nearest-column fallback (row=29, x=514.1, dist=214.0)
2026-09-07 00:49:50,267 MatchingPostProcessor WARNING  Orphan pdf_cell 1298 recovered to col=1 by nearest-column fallback (row=29, x=525.1, dist=225.0)
2026-09-07 00:49:50,267 MatchingPostProcessor WARNING  Orphan pdf_cell 1299 recovered to col=1 by nearest-column fallback (row=29, x=536.1, dist=236.0)
2026-09-07 00:49:50,267 MatchingPostProcessor WARNING  Orphan pdf_cell 1300 recovered to col=1 by nearest-column fallback (row=29, x=547.1, dist=247.0)
2026-09-07 00:49:50,267 MatchingPostProcessor WARNING  Orphan pdf_cell 1301 recovered to col=1 by nearest-column fallback (row=29, x=558.1, dist=258.0)
2026-09-07 00:49:50,267 MatchingPostProcessor WARNING  Orphan pdf_cell 1302 recovered to col=2 by nearest-column fallback (row=29, x=569.1, dist=254.0)
2026-09-07 00:49:50,267 MatchingPostProcessor WARNING  Orphan pdf_cell 1303 recovered to col=2 by nearest-column fallback (row=29, x=580.1, dist=243.0)
2026-09-07 00:49:50,267 MatchingPostProcessor WARNING  Orphan pdf_cell 1304 recovered to col=2 by nearest-column fallback (row=29, x=591.1, dist=232.0)
2026-09-07 00:49:50,268 MatchingPostProcessor WARNING  Orphan pdf_cell 1305 recovered to col=2 by nearest-column fallback (row=29, x=602.1, dist=221.0)
2026-09-07 00:49:50,268 MatchingPostProcessor WARNING  Orphan pdf_cell 1306 recovered to col=2 by nearest-column fallback (row=29, x=613.1, dist=210.0)
2026-09-07 00:49:50,268 MatchingPostProcessor WARNING  Orphan pdf_cell 1307 recovered to col=2 by nearest-column fallback (row=29, x=624.1, dist=199.0)
2026-09-07 00:49:50,268 MatchingPostProcessor WARNING  Orphan pdf_cell 1308 recovered to col=2 by nearest-column fallback (row=29, x=635.1, dist=188.0)
2026-09-07 00:49:50,268 MatchingPostProcessor WARNING  Orphan pdf_cell 1309 recovered to col=2 by nearest-column fallback (row=29, x=646.1, dist=177.0)
2026-09-07 00:49:50,268 MatchingPostProcessor WARNING  Orphan pdf_cell 1310 recovered to col=2 by nearest-column fallback (row=29, x=657.1, dist=166.0)
2026-09-07 00:49:50,268 MatchingPostProcessor WARNING  Orphan pdf_cell 1311 recovered to col=2 by nearest-column fallback (row=29, x=668.1, dist=155.0)
2026-09-07 00:49:50,268 MatchingPostProcessor WARNING  Orphan pdf_cell 1312 recovered to col=2 by nearest-column fallback (row=29, x=679.1, dist=144.0)
2026-09-07 00:49:50,268 MatchingPostProcessor WARNING  Orphan pdf_cell 1313 recovered to col=2 by nearest-column fallback (row=29, x=690.1, dist=133.0)
2026-09-07 00:49:50,268 MatchingPostProcessor WARNING  Orphan pdf_cell 1314 recovered to col=2 by nearest-column fallback (row=29, x=701.1, dist=122.0)
2026-09-07 00:49:50,268 MatchingPostProcessor WARNING  Orphan pdf_cell 1315 recovered to col=2 by nearest-column fallback (row=29, x=712.1, dist=111.0)
2026-09-07 00:49:50,268 MatchingPostProcessor WARNING  Orphan pdf_cell 1316 recovered to col=2 by nearest-column fallback (row=29, x=723.1, dist=100.0)
2026-09-07 00:49:50,268 MatchingPostProcessor WARNING  Orphan pdf_cell 1317 recovered to col=2 by nearest-column fallback (row=29, x=734.1, dist=89.0)
2026-09-07 00:49:50,268 MatchingPostProcessor WARNING  Orphan pdf_cell 1318 recovered to col=2 by nearest-column fallback (row=29, x=745.1, dist=78.0)
2026-09-07 00:49:50,268 MatchingPostProcessor WARNING  Orphan pdf_cell 1319 recovered to col=2 by nearest-column fallback (row=29, x=756.1, dist=67.0)
2026-09-07 00:49:50,268 MatchingPostProcessor WARNING  Orphan pdf_cell 1320 recovered to col=2 by nearest-column fallback (row=29, x=767.1, dist=56.0)
2026-09-07 00:49:50,268 MatchingPostProcessor WARNING  Orphan pdf_cell 1321 recovered to col=2 by nearest-column fallback (row=29, x=778.1, dist=45.0)
2026-09-07 00:49:50,268 MatchingPostProcessor WARNING  Orphan pdf_cell 1322 recovered to col=2 by nearest-column fallback (row=29, x=789.1, dist=34.0)
2026-09-07 00:49:50,268 MatchingPostProcessor WARNING  Orphan pdf_cell 1323 recovered to col=2 by nearest-column fallback (row=29, x=800.1, dist=23.0)
2026-09-07 00:49:50,268 MatchingPostProcessor WARNING  Orphan pdf_cell 1333 recovered to col=1 by nearest-column fallback (row=30, x=503.1, dist=203.0)
2026-09-07 00:49:50,268 MatchingPostProcessor WARNING  Orphan pdf_cell 1334 recovered to col=1 by nearest-column fallback (row=30, x=514.1, dist=214.0)
2026-09-07 00:49:50,268 MatchingPostProcessor WARNING  Orphan pdf_cell 1335 recovered to col=1 by nearest-column fallback (row=30, x=525.1, dist=225.0)
2026-09-07 00:49:50,268 MatchingPostProcessor WARNING  Orphan pdf_cell 1336 recovered to col=1 by nearest-column fallback (row=30, x=536.1, dist=236.0)
2026-09-07 00:49:50,268 MatchingPostProcessor WARNING  Orphan pdf_cell 1337 recovered to col=1 by nearest-column fallback (row=30, x=547.1, dist=247.0)
2026-09-07 00:49:50,268 MatchingPostProcessor WARNING  Orphan pdf_cell 1338 recovered to col=1 by nearest-column fallback (row=30, x=558.1, dist=258.0)
2026-09-07 00:49:50,268 MatchingPostProcessor WARNING  Orphan pdf_cell 1339 recovered to col=2 by nearest-column fallback (row=30, x=569.1, dist=254.0)
2026-09-07 00:49:50,268 MatchingPostProcessor WARNING  Orphan pdf_cell 1340 recovered to col=2 by nearest-column fallback (row=30, x=580.1, dist=243.0)
2026-09-07 00:49:50,268 MatchingPostProcessor WARNING  Orphan pdf_cell 1341 recovered to col=2 by nearest-column fallback (row=30, x=591.1, dist=232.0)
2026-09-07 00:49:50,268 MatchingPostProcessor WARNING  Orphan pdf_cell 1342 recovered to col=2 by nearest-column fallback (row=30, x=602.1, dist=221.0)
2026-09-07 00:49:50,268 MatchingPostProcessor WARNING  Orphan pdf_cell 1343 recovered to col=2 by nearest-column fallback (row=30, x=613.1, dist=210.0)
2026-09-07 00:49:50,268 MatchingPostProcessor WARNING  Orphan pdf_cell 1344 recovered to col=2 by nearest-column fallback (row=30, x=624.1, dist=199.0)
2026-09-07 00:49:50,268 MatchingPostProcessor WARNING  Orphan pdf_cell 1345 recovered to col=2 by nearest-column fallback (row=30, x=635.1, dist=188.0)
2026-09-07 00:49:50,268 MatchingPostProcessor WARNING  Orphan pdf_cell 1346 recovered to col=2 by nearest-column fallback (row=30, x=646.1, dist=177.0)
2026-09-07 00:49:50,268 MatchingPostProcessor WARNING  Orphan pdf_cell 1347 recovered to col=2 by nearest-column fallback (row=30, x=657.1, dist=166.0)
2026-09-07 00:49:50,268 MatchingPostProcessor WARNING  Orphan pdf_cell 1348 recovered to col=2 by nearest-column fallback (row=30, x=668.1, dist=155.0)
2026-09-07 00:49:50,268 MatchingPostProcessor WARNING  Orphan pdf_cell 1349 recovered to col=2 by nearest-column fallback (row=30, x=679.1, dist=144.0)
2026-09-07 00:49:50,268 MatchingPostProcessor WARNING  Orphan pdf_cell 1350 recovered to col=2 by nearest-column fallback (row=30, x=690.1, dist=133.0)
2026-09-07 00:49:50,268 MatchingPostProcessor WARNING  Orphan pdf_cell 1351 recovered to col=2 by nearest-column fallback (row=30, x=701.1, dist=122.0)
2026-09-07 00:49:50,268 MatchingPostProcessor WARNING  Orphan pdf_cell 1352 recovered to col=2 by nearest-column fallback (row=30, x=712.1, dist=111.0)
2026-09-07 00:49:50,268 MatchingPostProcessor WARNING  Orphan pdf_cell 1353 recovered to col=2 by nearest-column fallback (row=30, x=723.1, dist=100.0)
2026-09-07 00:49:50,268 MatchingPostProcessor WARNING  Orphan pdf_cell 1354 recovered to col=2 by nearest-column fallback (row=30, x=734.1, dist=89.0)
2026-09-07 00:49:50,269 MatchingPostProcessor WARNING  Orphan pdf_cell 1355 recovered to col=2 by nearest-column fallback (row=30, x=745.1, dist=78.0)
2026-09-07 00:49:50,269 MatchingPostProcessor WARNING  Orphan pdf_cell 1356 recovered to col=2 by nearest-column fallback (row=30, x=756.1, dist=67.0)
2026-09-07 00:49:50,269 MatchingPostProcessor WARNING  Orphan pdf_cell 1357 recovered to col=2 by nearest-column fallback (row=30, x=767.1, dist=56.0)
2026-09-07 00:49:50,269 MatchingPostProcessor WARNING  Orphan pdf_cell 1358 recovered to col=2 by nearest-column fallback (row=30, x=778.1, dist=45.0)
2026-09-07 00:49:50,269 MatchingPostProcessor WARNING  Orphan pdf_cell 1359 recovered to col=2 by nearest-column fallback (row=30, x=789.1, dist=34.0)
2026-09-07 00:49:50,269 MatchingPostProcessor WARNING  Orphan pdf_cell 1360 recovered to col=2 by nearest-column fallback (row=30, x=800.1, dist=23.0)
2026-09-07 00:49:50,269 MatchingPostProcessor WARNING  Orphan pdf_cell 1375 recovered to col=1 by nearest-column fallback (row=31, x=503.0, dist=203.0)
2026-09-07 00:49:50,269 MatchingPostProcessor WARNING  Orphan pdf_cell 1376 recovered to col=1 by nearest-column fallback (row=31, x=514.0, dist=214.0)
2026-09-07 00:49:50,269 MatchingPostProcessor WARNING  Orphan pdf_cell 1377 recovered to col=1 by nearest-column fallback (row=31, x=525.0, dist=225.0)
2026-09-07 00:49:50,269 MatchingPostProcessor WARNING  Orphan pdf_cell 1378 recovered to col=1 by nearest-column fallback (row=31, x=536.0, dist=236.0)
2026-09-07 00:49:50,269 MatchingPostProcessor WARNING  Orphan pdf_cell 1379 recovered to col=1 by nearest-column fallback (row=31, x=547.0, dist=247.0)
2026-09-07 00:49:50,269 MatchingPostProcessor WARNING  Orphan pdf_cell 1380 recovered to col=1 by nearest-column fallback (row=31, x=558.0, dist=258.0)
2026-09-07 00:49:50,269 MatchingPostProcessor WARNING  Orphan pdf_cell 1381 recovered to col=2 by nearest-column fallback (row=31, x=569.0, dist=254.1)
2026-09-07 00:49:50,269 MatchingPostProcessor WARNING  Orphan pdf_cell 1382 recovered to col=2 by nearest-column fallback (row=31, x=580.0, dist=243.1)
2026-09-07 00:49:50,269 MatchingPostProcessor WARNING  Orphan pdf_cell 1383 recovered to col=2 by nearest-column fallback (row=31, x=591.0, dist=232.1)
2026-09-07 00:49:50,269 MatchingPostProcessor WARNING  Orphan pdf_cell 1384 recovered to col=2 by nearest-column fallback (row=31, x=602.0, dist=221.1)
2026-09-07 00:49:50,269 MatchingPostProcessor WARNING  Orphan pdf_cell 1385 recovered to col=2 by nearest-column fallback (row=31, x=613.0, dist=210.1)
2026-09-07 00:49:50,269 MatchingPostProcessor WARNING  Orphan pdf_cell 1386 recovered to col=2 by nearest-column fallback (row=31, x=624.0, dist=199.1)
2026-09-07 00:49:50,269 MatchingPostProcessor WARNING  Orphan pdf_cell 1387 recovered to col=2 by nearest-column fallback (row=31, x=635.0, dist=188.1)
2026-09-07 00:49:50,269 MatchingPostProcessor WARNING  Orphan pdf_cell 1388 recovered to col=2 by nearest-column fallback (row=31, x=646.0, dist=177.1)
2026-09-07 00:49:50,269 MatchingPostProcessor WARNING  Orphan pdf_cell 1389 recovered to col=2 by nearest-column fallback (row=31, x=657.0, dist=166.1)
2026-09-07 00:49:50,269 MatchingPostProcessor WARNING  Orphan pdf_cell 1390 recovered to col=2 by nearest-column fallback (row=31, x=668.0, dist=155.1)
2026-09-07 00:49:50,269 MatchingPostProcessor WARNING  Orphan pdf_cell 1391 recovered to col=2 by nearest-column fallback (row=31, x=679.0, dist=144.1)
2026-09-07 00:49:50,269 MatchingPostProcessor WARNING  Orphan pdf_cell 1392 recovered to col=2 by nearest-column fallback (row=31, x=690.0, dist=133.1)
2026-09-07 00:49:50,269 MatchingPostProcessor WARNING  Orphan pdf_cell 1393 recovered to col=2 by nearest-column fallback (row=31, x=701.0, dist=122.1)
2026-09-07 00:49:50,269 MatchingPostProcessor WARNING  Orphan pdf_cell 1394 recovered to col=2 by nearest-column fallback (row=31, x=712.0, dist=111.1)
2026-09-07 00:49:50,269 MatchingPostProcessor WARNING  Orphan pdf_cell 1395 recovered to col=2 by nearest-column fallback (row=31, x=723.0, dist=100.1)
2026-09-07 00:49:50,269 MatchingPostProcessor WARNING  Orphan pdf_cell 1396 recovered to col=2 by nearest-column fallback (row=31, x=734.0, dist=89.1)
2026-09-07 00:49:50,269 MatchingPostProcessor WARNING  Orphan pdf_cell 1397 recovered to col=2 by nearest-column fallback (row=31, x=745.0, dist=78.1)
2026-09-07 00:49:50,269 MatchingPostProcessor WARNING  Orphan pdf_cell 1398 recovered to col=2 by nearest-column fallback (row=31, x=756.0, dist=67.1)
2026-09-07 00:49:50,269 MatchingPostProcessor WARNING  Orphan pdf_cell 1399 recovered to col=2 by nearest-column fallback (row=31, x=767.0, dist=56.1)
2026-09-07 00:49:50,269 MatchingPostProcessor WARNING  Orphan pdf_cell 1400 recovered to col=2 by nearest-column fallback (row=31, x=778.0, dist=45.1)
2026-09-07 00:49:50,269 MatchingPostProcessor WARNING  Orphan pdf_cell 1401 recovered to col=2 by nearest-column fallback (row=31, x=789.0, dist=34.1)
2026-09-07 00:49:50,269 MatchingPostProcessor WARNING  Orphan pdf_cell 1402 recovered to col=2 by nearest-column fallback (row=31, x=800.0, dist=23.1)
2026-09-07 00:49:50,269 MatchingPostProcessor WARNING  Orphan pdf_cell 1434 recovered to col=1 by nearest-column fallback (row=32, x=503.0, dist=202.9)
2026-09-07 00:49:50,269 MatchingPostProcessor WARNING  Orphan pdf_cell 1435 recovered to col=1 by nearest-column fallback (row=32, x=514.0, dist=213.9)
2026-09-07 00:49:50,270 MatchingPostProcessor WARNING  Orphan pdf_cell 1436 recovered to col=1 by nearest-column fallback (row=32, x=525.0, dist=224.9)
2026-09-07 00:49:50,270 MatchingPostProcessor WARNING  Orphan pdf_cell 1437 recovered to col=1 by nearest-column fallback (row=32, x=536.0, dist=235.9)
2026-09-07 00:49:50,270 MatchingPostProcessor WARNING  Orphan pdf_cell 1438 recovered to col=1 by nearest-column fallback (row=32, x=547.0, dist=246.9)
2026-09-07 00:49:50,329 MatchingPostProcessor WARNING  Orphan pdf_cell 1439 recovered to col=1 by nearest-column fallback (row=32, x=558.0, dist=257.9)
2026-09-07 00:49:50,329 MatchingPostProcessor WARNING  Orphan pdf_cell 1440 recovered to col=2 by nearest-column fallback (row=32, x=569.0, dist=254.1)
2026-09-07 00:49:50,329 MatchingPostProcessor WARNING  Orphan pdf_cell 1441 recovered to col=2 by nearest-column fallback (row=32, x=580.0, dist=243.1)
2026-09-07 00:49:50,329 MatchingPostProcessor WARNING  Orphan pdf_cell 1442 recovered to col=2 by nearest-column fallback (row=32, x=591.0, dist=232.1)
2026-09-07 00:49:50,329 MatchingPostProcessor WARNING  Orphan pdf_cell 1443 recovered to col=2 by nearest-column fallback (row=32, x=602.0, dist=221.1)
2026-09-07 00:49:50,329 MatchingPostProcessor WARNING  Orphan pdf_cell 1444 recovered to col=2 by nearest-column fallback (row=32, x=613.0, dist=210.1)
2026-09-07 00:49:50,329 MatchingPostProcessor WARNING  Orphan pdf_cell 1445 recovered to col=2 by nearest-column fallback (row=32, x=624.0, dist=199.1)
2026-09-07 00:49:50,329 MatchingPostProcessor WARNING  Orphan pdf_cell 1446 recovered to col=2 by nearest-column fallback (row=32, x=635.0, dist=188.1)
2026-09-07 00:49:50,329 MatchingPostProcessor WARNING  Orphan pdf_cell 1447 recovered to col=2 by nearest-column fallback (row=32, x=646.0, dist=177.1)
2026-09-07 00:49:50,329 MatchingPostProcessor WARNING  Orphan pdf_cell 1448 recovered to col=2 by nearest-column fallback (row=32, x=657.0, dist=166.1)
2026-09-07 00:49:50,329 MatchingPostProcessor WARNING  Orphan pdf_cell 1449 recovered to col=2 by nearest-column fallback (row=32, x=668.0, dist=155.1)
2026-09-07 00:49:50,329 MatchingPostProcessor WARNING  Orphan pdf_cell 1450 recovered to col=2 by nearest-column fallback (row=32, x=679.0, dist=144.1)
2026-09-07 00:49:50,329 MatchingPostProcessor WARNING  Orphan pdf_cell 1451 recovered to col=2 by nearest-column fallback (row=32, x=690.0, dist=133.1)
2026-09-07 00:49:50,329 MatchingPostProcessor WARNING  Orphan pdf_cell 1452 recovered to col=2 by nearest-column fallback (row=32, x=701.0, dist=122.1)
2026-09-07 00:49:50,329 MatchingPostProcessor WARNING  Orphan pdf_cell 1453 recovered to col=2 by nearest-column fallback (row=32, x=712.0, dist=111.1)
2026-09-07 00:49:50,329 MatchingPostProcessor WARNING  Orphan pdf_cell 1454 recovered to col=2 by nearest-column fallback (row=32, x=723.0, dist=100.1)
2026-09-07 00:49:50,329 MatchingPostProcessor WARNING  Orphan pdf_cell 1455 recovered to col=2 by nearest-column fallback (row=32, x=734.0, dist=89.1)
2026-09-07 00:49:50,329 MatchingPostProcessor WARNING  Orphan pdf_cell 1456 recovered to col=2 by nearest-column fallback (row=32, x=745.0, dist=78.1)
2026-09-07 00:49:50,329 MatchingPostProcessor WARNING  Orphan pdf_cell 1457 recovered to col=2 by nearest-column fallback (row=32, x=756.0, dist=67.1)
2026-09-07 00:49:50,329 MatchingPostProcessor WARNING  Orphan pdf_cell 1458 recovered to col=2 by nearest-column fallback (row=32, x=767.0, dist=56.1)
2026-09-07 00:49:50,329 MatchingPostProcessor WARNING  Orphan pdf_cell 1459 recovered to col=2 by nearest-column fallback (row=32, x=778.0, dist=45.1)
2026-09-07 00:49:50,329 MatchingPostProcessor WARNING  Orphan pdf_cell 1460 recovered to col=2 by nearest-column fallback (row=32, x=789.0, dist=34.1)
2026-09-07 00:49:50,329 MatchingPostProcessor WARNING  Orphan pdf_cell 1461 recovered to col=2 by nearest-column fallback (row=32, x=800.0, dist=23.1)
2026-09-07 00:49:50,330 MatchingPostProcessor WARNING  Orphan pdf_cell 1478 recovered to col=1 by nearest-column fallback (row=33, x=503.0, dist=203.0)
2026-09-07 00:49:50,330 MatchingPostProcessor WARNING  Orphan pdf_cell 1479 recovered to col=1 by nearest-column fallback (row=33, x=514.0, dist=214.0)
2026-09-07 00:49:50,330 MatchingPostProcessor WARNING  Orphan pdf_cell 1480 recovered to col=1 by nearest-column fallback (row=33, x=525.0, dist=225.0)
2026-09-07 00:49:50,330 MatchingPostProcessor WARNING  Orphan pdf_cell 1481 recovered to col=1 by nearest-column fallback (row=33, x=536.0, dist=236.0)
2026-09-07 00:49:50,330 MatchingPostProcessor WARNING  Orphan pdf_cell 1482 recovered to col=1 by nearest-column fallback (row=33, x=547.0, dist=247.0)
2026-09-07 00:49:50,330 MatchingPostProcessor WARNING  Orphan pdf_cell 1483 recovered to col=1 by nearest-column fallback (row=33, x=558.0, dist=258.0)
2026-09-07 00:49:50,330 MatchingPostProcessor WARNING  Orphan pdf_cell 1484 recovered to col=2 by nearest-column fallback (row=33, x=569.0, dist=254.1)
2026-09-07 00:49:50,330 MatchingPostProcessor WARNING  Orphan pdf_cell 1485 recovered to col=2 by nearest-column fallback (row=33, x=580.0, dist=243.1)
2026-09-07 00:49:50,330 MatchingPostProcessor WARNING  Orphan pdf_cell 1486 recovered to col=2 by nearest-column fallback (row=33, x=591.0, dist=232.1)
2026-09-07 00:49:50,330 MatchingPostProcessor WARNING  Orphan pdf_cell 1487 recovered to col=2 by nearest-column fallback (row=33, x=602.0, dist=221.1)
2026-09-07 00:49:50,330 MatchingPostProcessor WARNING  Orphan pdf_cell 1488 recovered to col=2 by nearest-column fallback (row=33, x=613.0, dist=210.1)
2026-09-07 00:49:50,330 MatchingPostProcessor WARNING  Orphan pdf_cell 1489 recovered to col=2 by nearest-column fallback (row=33, x=624.0, dist=199.1)
2026-09-07 00:49:50,330 MatchingPostProcessor WARNING  Orphan pdf_cell 1490 recovered to col=2 by nearest-column fallback (row=33, x=635.0, dist=188.1)
2026-09-07 00:49:50,330 MatchingPostProcessor WARNING  Orphan pdf_cell 1491 recovered to col=2 by nearest-column fallback (row=33, x=646.0, dist=177.1)
2026-09-07 00:49:50,330 MatchingPostProcessor WARNING  Orphan pdf_cell 1492 recovered to col=2 by nearest-column fallback (row=33, x=657.0, dist=166.1)
2026-09-07 00:49:50,330 MatchingPostProcessor WARNING  Orphan pdf_cell 1493 recovered to col=2 by nearest-column fallback (row=33, x=668.0, dist=155.1)
2026-09-07 00:49:50,330 MatchingPostProcessor WARNING  Orphan pdf_cell 1494 recovered to col=2 by nearest-column fallback (row=33, x=679.0, dist=144.1)
2026-09-07 00:49:50,330 MatchingPostProcessor WARNING  Orphan pdf_cell 1495 recovered to col=2 by nearest-column fallback (row=33, x=690.0, dist=133.1)
2026-09-07 00:49:50,330 MatchingPostProcessor WARNING  Orphan pdf_cell 1496 recovered to col=2 by nearest-column fallback (row=33, x=701.0, dist=122.1)
2026-09-07 00:49:50,330 MatchingPostProcessor WARNING  Orphan pdf_cell 1497 recovered to col=2 by nearest-column fallback (row=33, x=712.0, dist=111.1)
2026-09-07 00:49:50,330 MatchingPostProcessor WARNING  Orphan pdf_cell 1498 recovered to col=2 by nearest-column fallback (row=33, x=723.0, dist=100.1)
2026-09-07 00:49:50,330 MatchingPostProcessor WARNING  Orphan pdf_cell 1499 recovered to col=2 by nearest-column fallback (row=33, x=734.0, dist=89.1)
2026-09-07 00:49:50,330 MatchingPostProcessor WARNING  Orphan pdf_cell 1500 recovered to col=2 by nearest-column fallback (row=33, x=745.0, dist=78.1)
2026-09-07 00:49:50,330 MatchingPostProcessor WARNING  Orphan pdf_cell 1501 recovered to col=2 by nearest-column fallback (row=33, x=756.0, dist=67.1)
2026-09-07 00:49:50,330 MatchingPostProcessor WARNING  Orphan pdf_cell 1502 recovered to col=2 by nearest-column fallback (row=33, x=767.0, dist=56.1)
2026-09-07 00:49:50,330 MatchingPostProcessor WARNING  Orphan pdf_cell 1503 recovered to col=2 by nearest-column fallback (row=33, x=778.0, dist=45.1)
2026-09-07 00:49:50,330 MatchingPostProcessor WARNING  Orphan pdf_cell 1504 recovered to col=2 by nearest-column fallback (row=33, x=789.0, dist=34.1)
2026-09-07 00:49:50,330 MatchingPostProcessor WARNING  Orphan pdf_cell 1505 recovered to col=2 by nearest-column fallback (row=33, x=800.0, dist=23.1)
2026-09-07 00:49:50,330 MatchingPostProcessor WARNING  Orphan pdf_cell 1526 recovered to col=1 by nearest-column fallback (row=34, x=503.0, dist=202.9)
2026-09-07 00:49:50,330 MatchingPostProcessor WARNING  Orphan pdf_cell 1527 recovered to col=1 by nearest-column fallback (row=34, x=514.0, dist=213.9)
2026-09-07 00:49:50,330 MatchingPostProcessor WARNING  Orphan pdf_cell 1528 recovered to col=1 by nearest-column fallback (row=34, x=525.0, dist=224.9)
2026-09-07 00:49:50,330 MatchingPostProcessor WARNING  Orphan pdf_cell 1529 recovered to col=1 by nearest-column fallback (row=34, x=536.0, dist=235.9)
2026-09-07 00:49:50,330 MatchingPostProcessor WARNING  Orphan pdf_cell 1530 recovered to col=1 by nearest-column fallback (row=34, x=547.0, dist=246.9)
2026-09-07 00:49:50,330 MatchingPostProcessor WARNING  Orphan pdf_cell 1531 recovered to col=1 by nearest-column fallback (row=34, x=558.0, dist=257.9)
2026-09-07 00:49:50,330 MatchingPostProcessor WARNING  Orphan pdf_cell 1532 recovered to col=2 by nearest-column fallback (row=34, x=569.0, dist=254.1)
2026-09-07 00:49:50,330 MatchingPostProcessor WARNING  Orphan pdf_cell 1533 recovered to col=2 by nearest-column fallback (row=34, x=580.0, dist=243.1)
2026-09-07 00:49:50,330 MatchingPostProcessor WARNING  Orphan pdf_cell 1534 recovered to col=2 by nearest-column fallback (row=34, x=591.0, dist=232.1)
2026-09-07 00:49:50,330 MatchingPostProcessor WARNING  Orphan pdf_cell 1535 recovered to col=2 by nearest-column fallback (row=34, x=602.0, dist=221.1)
2026-09-07 00:49:50,330 MatchingPostProcessor WARNING  Orphan pdf_cell 1536 recovered to col=2 by nearest-column fallback (row=34, x=613.0, dist=210.1)
2026-09-07 00:49:50,330 MatchingPostProcessor WARNING  Orphan pdf_cell 1537 recovered to col=2 by nearest-column fallback (row=34, x=624.0, dist=199.1)
2026-09-07 00:49:50,331 MatchingPostProcessor WARNING  Orphan pdf_cell 1538 recovered to col=2 by nearest-column fallback (row=34, x=635.0, dist=188.1)
2026-09-07 00:49:50,331 MatchingPostProcessor WARNING  Orphan pdf_cell 1539 recovered to col=2 by nearest-column fallback (row=34, x=646.0, dist=177.1)
2026-09-07 00:49:50,331 MatchingPostProcessor WARNING  Orphan pdf_cell 1540 recovered to col=2 by nearest-column fallback (row=34, x=657.0, dist=166.1)
2026-09-07 00:49:50,331 MatchingPostProcessor WARNING  Orphan pdf_cell 1541 recovered to col=2 by nearest-column fallback (row=34, x=668.0, dist=155.1)
2026-09-07 00:49:50,331 MatchingPostProcessor WARNING  Orphan pdf_cell 1542 recovered to col=2 by nearest-column fallback (row=34, x=679.0, dist=144.1)
2026-09-07 00:49:50,331 MatchingPostProcessor WARNING  Orphan pdf_cell 1543 recovered to col=2 by nearest-column fallback (row=34, x=690.0, dist=133.1)
2026-09-07 00:49:50,331 MatchingPostProcessor WARNING  Orphan pdf_cell 1544 recovered to col=2 by nearest-column fallback (row=34, x=701.0, dist=122.1)
2026-09-07 00:49:50,331 MatchingPostProcessor WARNING  Orphan pdf_cell 1545 recovered to col=2 by nearest-column fallback (row=34, x=712.0, dist=111.1)
2026-09-07 00:49:50,331 MatchingPostProcessor WARNING  Orphan pdf_cell 1546 recovered to col=2 by nearest-column fallback (row=34, x=723.0, dist=100.1)
2026-09-07 00:49:50,331 MatchingPostProcessor WARNING  Orphan pdf_cell 1547 recovered to col=2 by nearest-column fallback (row=34, x=734.0, dist=89.1)
2026-09-07 00:49:50,331 MatchingPostProcessor WARNING  Orphan pdf_cell 1548 recovered to col=2 by nearest-column fallback (row=34, x=745.0, dist=78.1)
2026-09-07 00:49:50,331 MatchingPostProcessor WARNING  Orphan pdf_cell 1549 recovered to col=2 by nearest-column fallback (row=34, x=756.0, dist=67.1)
2026-09-07 00:49:50,331 MatchingPostProcessor WARNING  Orphan pdf_cell 1550 recovered to col=2 by nearest-column fallback (row=34, x=767.0, dist=56.1)
2026-09-07 00:49:50,331 MatchingPostProcessor WARNING  Orphan pdf_cell 1551 recovered to col=2 by nearest-column fallback (row=34, x=778.0, dist=45.1)
2026-09-07 00:49:50,331 MatchingPostProcessor WARNING  Orphan pdf_cell 1552 recovered to col=2 by nearest-column fallback (row=34, x=789.0, dist=34.1)
2026-09-07 00:49:50,331 MatchingPostProcessor WARNING  Orphan pdf_cell 1553 recovered to col=2 by nearest-column fallback (row=34, x=800.0, dist=23.1)
2026-09-07 00:49:51,500 MatchingPostProcessor WARNING  Orphan pdf_cell 18 recovered to col=2 by nearest-column fallback (row=0, x=591.0, dist=229.6)
2026-09-07 00:49:51,500 MatchingPostProcessor WARNING  Orphan pdf_cell 19 recovered to col=2 by nearest-column fallback (row=0, x=602.0, dist=218.6)
2026-09-07 00:49:51,500 MatchingPostProcessor WARNING  Orphan pdf_cell 20 recovered to col=2 by nearest-column fallback (row=0, x=613.0, dist=207.6)
2026-09-07 00:49:51,500 MatchingPostProcessor WARNING  Orphan pdf_cell 21 recovered to col=2 by nearest-column fallback (row=0, x=624.0, dist=196.6)
2026-09-07 00:49:51,500 MatchingPostProcessor WARNING  Orphan pdf_cell 22 recovered to col=2 by nearest-column fallback (row=0, x=635.0, dist=185.6)
2026-09-07 00:49:51,500 MatchingPostProcessor WARNING  Orphan pdf_cell 23 recovered to col=2 by nearest-column fallback (row=0, x=646.0, dist=174.6)
2026-09-07 00:49:51,500 MatchingPostProcessor WARNING  Orphan pdf_cell 24 recovered to col=2 by nearest-column fallback (row=0, x=657.0, dist=163.6)
2026-09-07 00:49:51,500 MatchingPostProcessor WARNING  Orphan pdf_cell 25 recovered to col=2 by nearest-column fallback (row=0, x=668.0, dist=152.6)
2026-09-07 00:49:51,500 MatchingPostProcessor WARNING  Orphan pdf_cell 26 recovered to col=2 by nearest-column fallback (row=0, x=679.0, dist=141.6)
2026-09-07 00:49:51,500 MatchingPostProcessor WARNING  Orphan pdf_cell 27 recovered to col=2 by nearest-column fallback (row=0, x=690.0, dist=130.6)
2026-09-07 00:49:51,500 MatchingPostProcessor WARNING  Orphan pdf_cell 28 recovered to col=2 by nearest-column fallback (row=0, x=701.0, dist=119.6)
2026-09-07 00:49:51,500 MatchingPostProcessor WARNING  Orphan pdf_cell 29 recovered to col=2 by nearest-column fallback (row=0, x=712.0, dist=108.6)
2026-09-07 00:49:51,500 MatchingPostProcessor WARNING  Orphan pdf_cell 30 recovered to col=2 by nearest-column fallback (row=0, x=723.0, dist=97.6)
2026-09-07 00:49:51,500 MatchingPostProcessor WARNING  Orphan pdf_cell 31 recovered to col=2 by nearest-column fallback (row=0, x=734.0, dist=86.6)
2026-09-07 00:49:51,500 MatchingPostProcessor WARNING  Orphan pdf_cell 32 recovered to col=2 by nearest-column fallback (row=0, x=745.0, dist=75.6)
2026-09-07 00:49:51,500 MatchingPostProcessor WARNING  Orphan pdf_cell 33 recovered to col=2 by nearest-column fallback (row=0, x=756.0, dist=64.6)
2026-09-07 00:49:51,500 MatchingPostProcessor WARNING  Orphan pdf_cell 34 recovered to col=2 by nearest-column fallback (row=0, x=767.0, dist=53.6)
2026-09-07 00:49:51,500 MatchingPostProcessor WARNING  Orphan pdf_cell 35 recovered to col=2 by nearest-column fallback (row=0, x=778.0, dist=42.6)
2026-09-07 00:49:51,500 MatchingPostProcessor WARNING  Orphan pdf_cell 36 recovered to col=2 by nearest-column fallback (row=0, x=789.0, dist=31.6)
2026-09-07 00:49:51,500 MatchingPostProcessor WARNING  Orphan pdf_cell 76 recovered to col=2 by nearest-column fallback (row=1, x=591.0, dist=229.6)
2026-09-07 00:49:51,500 MatchingPostProcessor WARNING  Orphan pdf_cell 77 recovered to col=2 by nearest-column fallback (row=1, x=602.0, dist=218.6)
2026-09-07 00:49:51,501 MatchingPostProcessor WARNING  Orphan pdf_cell 78 recovered to col=2 by nearest-column fallback (row=1, x=613.0, dist=207.6)
2026-09-07 00:49:51,501 MatchingPostProcessor WARNING  Orphan pdf_cell 79 recovered to col=2 by nearest-column fallback (row=1, x=624.0, dist=196.6)
2026-09-07 00:49:51,501 MatchingPostProcessor WARNING  Orphan pdf_cell 80 recovered to col=2 by nearest-column fallback (row=1, x=635.0, dist=185.6)
2026-09-07 00:49:51,501 MatchingPostProcessor WARNING  Orphan pdf_cell 81 recovered to col=2 by nearest-column fallback (row=1, x=646.0, dist=174.6)
2026-09-07 00:49:51,501 MatchingPostProcessor WARNING  Orphan pdf_cell 82 recovered to col=2 by nearest-column fallback (row=1, x=657.0, dist=163.6)
2026-09-07 00:49:51,501 MatchingPostProcessor WARNING  Orphan pdf_cell 83 recovered to col=2 by nearest-column fallback (row=1, x=668.0, dist=152.6)
2026-09-07 00:49:51,501 MatchingPostProcessor WARNING  Orphan pdf_cell 84 recovered to col=2 by nearest-column fallback (row=1, x=679.0, dist=141.6)
2026-09-07 00:49:51,501 MatchingPostProcessor WARNING  Orphan pdf_cell 85 recovered to col=2 by nearest-column fallback (row=1, x=690.0, dist=130.6)
2026-09-07 00:49:51,501 MatchingPostProcessor WARNING  Orphan pdf_cell 86 recovered to col=2 by nearest-column fallback (row=1, x=701.0, dist=119.6)
2026-09-07 00:49:51,501 MatchingPostProcessor WARNING  Orphan pdf_cell 87 recovered to col=2 by nearest-column fallback (row=1, x=712.0, dist=108.6)
2026-09-07 00:49:51,501 MatchingPostProcessor WARNING  Orphan pdf_cell 88 recovered to col=2 by nearest-column fallback (row=1, x=723.0, dist=97.6)
2026-09-07 00:49:51,501 MatchingPostProcessor WARNING  Orphan pdf_cell 89 recovered to col=2 by nearest-column fallback (row=1, x=734.0, dist=86.6)
2026-09-07 00:49:51,501 MatchingPostProcessor WARNING  Orphan pdf_cell 90 recovered to col=2 by nearest-column fallback (row=1, x=745.0, dist=75.6)
2026-09-07 00:49:51,501 MatchingPostProcessor WARNING  Orphan pdf_cell 91 recovered to col=2 by nearest-column fallback (row=1, x=756.0, dist=64.6)
2026-09-07 00:49:51,501 MatchingPostProcessor WARNING  Orphan pdf_cell 92 recovered to col=2 by nearest-column fallback (row=1, x=767.0, dist=53.6)
2026-09-07 00:49:51,501 MatchingPostProcessor WARNING  Orphan pdf_cell 93 recovered to col=2 by nearest-column fallback (row=1, x=778.0, dist=42.6)
2026-09-07 00:49:51,501 MatchingPostProcessor WARNING  Orphan pdf_cell 94 recovered to col=2 by nearest-column fallback (row=1, x=789.0, dist=31.6)
2026-09-07 00:49:51,501 MatchingPostProcessor WARNING  Orphan pdf_cell 120 recovered to col=2 by nearest-column fallback (row=2, x=591.0, dist=229.6)
2026-09-07 00:49:51,501 MatchingPostProcessor WARNING  Orphan pdf_cell 121 recovered to col=2 by nearest-column fallback (row=2, x=602.0, dist=218.6)
2026-09-07 00:49:51,501 MatchingPostProcessor WARNING  Orphan pdf_cell 122 recovered to col=2 by nearest-column fallback (row=2, x=613.0, dist=207.6)
2026-09-07 00:49:51,501 MatchingPostProcessor WARNING  Orphan pdf_cell 123 recovered to col=2 by nearest-column fallback (row=2, x=624.0, dist=196.6)
2026-09-07 00:49:51,501 MatchingPostProcessor WARNING  Orphan pdf_cell 124 recovered to col=2 by nearest-column fallback (row=2, x=635.0, dist=185.6)
2026-09-07 00:49:51,501 MatchingPostProcessor WARNING  Orphan pdf_cell 125 recovered to col=2 by nearest-column fallback (row=2, x=646.0, dist=174.6)
2026-09-07 00:49:51,501 MatchingPostProcessor WARNING  Orphan pdf_cell 126 recovered to col=2 by nearest-column fallback (row=2, x=657.0, dist=163.6)
2026-09-07 00:49:51,501 MatchingPostProcessor WARNING  Orphan pdf_cell 127 recovered to col=2 by nearest-column fallback (row=2, x=668.0, dist=152.6)
2026-09-07 00:49:51,501 MatchingPostProcessor WARNING  Orphan pdf_cell 128 recovered to col=2 by nearest-column fallback (row=2, x=679.0, dist=141.6)
2026-09-07 00:49:51,501 MatchingPostProcessor WARNING  Orphan pdf_cell 129 recovered to col=2 by nearest-column fallback (row=2, x=690.0, dist=130.6)
2026-09-07 00:49:51,501 MatchingPostProcessor WARNING  Orphan pdf_cell 130 recovered to col=2 by nearest-column fallback (row=2, x=701.0, dist=119.6)
2026-09-07 00:49:51,501 MatchingPostProcessor WARNING  Orphan pdf_cell 131 recovered to col=2 by nearest-column fallback (row=2, x=712.0, dist=108.6)
2026-09-07 00:49:51,501 MatchingPostProcessor WARNING  Orphan pdf_cell 132 recovered to col=2 by nearest-column fallback (row=2, x=723.0, dist=97.6)
2026-09-07 00:49:51,501 MatchingPostProcessor WARNING  Orphan pdf_cell 133 recovered to col=2 by nearest-column fallback (row=2, x=734.0, dist=86.6)
2026-09-07 00:49:51,501 MatchingPostProcessor WARNING  Orphan pdf_cell 134 recovered to col=2 by nearest-column fallback (row=2, x=745.0, dist=75.6)
2026-09-07 00:49:51,501 MatchingPostProcessor WARNING  Orphan pdf_cell 135 recovered to col=2 by nearest-column fallback (row=2, x=756.0, dist=64.6)
2026-09-07 00:49:51,501 MatchingPostProcessor WARNING  Orphan pdf_cell 136 recovered to col=2 by nearest-column fallback (row=2, x=767.0, dist=53.6)
2026-09-07 00:49:51,501 MatchingPostProcessor WARNING  Orphan pdf_cell 137 recovered to col=2 by nearest-column fallback (row=2, x=778.0, dist=42.6)
2026-09-07 00:49:51,502 MatchingPostProcessor WARNING  Orphan pdf_cell 138 recovered to col=2 by nearest-column fallback (row=2, x=789.0, dist=31.6)
2026-09-07 00:49:51,502 MatchingPostProcessor WARNING  Orphan pdf_cell 169 recovered to col=2 by nearest-column fallback (row=3, x=591.0, dist=229.6)
2026-09-07 00:49:51,502 MatchingPostProcessor WARNING  Orphan pdf_cell 170 recovered to col=2 by nearest-column fallback (row=3, x=602.0, dist=218.6)
2026-09-07 00:49:51,502 MatchingPostProcessor WARNING  Orphan pdf_cell 171 recovered to col=2 by nearest-column fallback (row=3, x=613.0, dist=207.6)
2026-09-07 00:49:51,502 MatchingPostProcessor WARNING  Orphan pdf_cell 172 recovered to col=2 by nearest-column fallback (row=3, x=624.0, dist=196.6)
2026-09-07 00:49:51,502 MatchingPostProcessor WARNING  Orphan pdf_cell 173 recovered to col=2 by nearest-column fallback (row=3, x=635.0, dist=185.6)
2026-09-07 00:49:51,502 MatchingPostProcessor WARNING  Orphan pdf_cell 174 recovered to col=2 by nearest-column fallback (row=3, x=646.0, dist=174.6)
2026-09-07 00:49:51,502 MatchingPostProcessor WARNING  Orphan pdf_cell 175 recovered to col=2 by nearest-column fallback (row=3, x=657.0, dist=163.6)
2026-09-07 00:49:51,502 MatchingPostProcessor WARNING  Orphan pdf_cell 176 recovered to col=2 by nearest-column fallback (row=3, x=668.0, dist=152.6)
2026-09-07 00:49:51,502 MatchingPostProcessor WARNING  Orphan pdf_cell 177 recovered to col=2 by nearest-column fallback (row=3, x=679.0, dist=141.6)
2026-09-07 00:49:51,502 MatchingPostProcessor WARNING  Orphan pdf_cell 178 recovered to col=2 by nearest-column fallback (row=3, x=690.0, dist=130.6)
2026-09-07 00:49:51,502 MatchingPostProcessor WARNING  Orphan pdf_cell 179 recovered to col=2 by nearest-column fallback (row=3, x=701.0, dist=119.6)
2026-09-07 00:49:51,502 MatchingPostProcessor WARNING  Orphan pdf_cell 180 recovered to col=2 by nearest-column fallback (row=3, x=712.0, dist=108.6)
2026-09-07 00:49:51,502 MatchingPostProcessor WARNING  Orphan pdf_cell 181 recovered to col=2 by nearest-column fallback (row=3, x=723.0, dist=97.6)
2026-09-07 00:49:51,502 MatchingPostProcessor WARNING  Orphan pdf_cell 182 recovered to col=2 by nearest-column fallback (row=3, x=734.0, dist=86.6)
2026-09-07 00:49:51,502 MatchingPostProcessor WARNING  Orphan pdf_cell 183 recovered to col=2 by nearest-column fallback (row=3, x=745.0, dist=75.6)
2026-09-07 00:49:51,502 MatchingPostProcessor WARNING  Orphan pdf_cell 184 recovered to col=2 by nearest-column fallback (row=3, x=756.0, dist=64.6)
2026-09-07 00:49:51,502 MatchingPostProcessor WARNING  Orphan pdf_cell 185 recovered to col=2 by nearest-column fallback (row=3, x=767.0, dist=53.6)
2026-09-07 00:49:51,502 MatchingPostProcessor WARNING  Orphan pdf_cell 186 recovered to col=2 by nearest-column fallback (row=3, x=778.0, dist=42.6)
2026-09-07 00:49:51,502 MatchingPostProcessor WARNING  Orphan pdf_cell 187 recovered to col=2 by nearest-column fallback (row=3, x=789.0, dist=31.6)
2026-09-07 00:49:51,502 MatchingPostProcessor WARNING  Orphan pdf_cell 201 recovered to col=2 by nearest-column fallback (row=4, x=592.6, dist=228.0)
2026-09-07 00:49:51,502 MatchingPostProcessor WARNING  Orphan pdf_cell 202 recovered to col=2 by nearest-column fallback (row=4, x=604.1, dist=216.6)
2026-09-07 00:49:51,502 MatchingPostProcessor WARNING  Orphan pdf_cell 203 recovered to col=2 by nearest-column fallback (row=4, x=615.5, dist=205.1)
2026-09-07 00:49:51,502 MatchingPostProcessor WARNING  Orphan pdf_cell 204 recovered to col=2 by nearest-column fallback (row=4, x=626.9, dist=193.7)
2026-09-07 00:49:51,502 MatchingPostProcessor WARNING  Orphan pdf_cell 205 recovered to col=2 by nearest-column fallback (row=4, x=638.4, dist=182.3)
2026-09-07 00:49:51,502 MatchingPostProcessor WARNING  Orphan pdf_cell 206 recovered to col=2 by nearest-column fallback (row=4, x=649.8, dist=170.8)
2026-09-07 00:49:51,502 MatchingPostProcessor WARNING  Orphan pdf_cell 207 recovered to col=2 by nearest-column fallback (row=4, x=661.2, dist=159.4)
2026-09-07 00:49:51,502 MatchingPostProcessor WARNING  Orphan pdf_cell 208 recovered to col=2 by nearest-column fallback (row=4, x=672.7, dist=148.0)
2026-09-07 00:49:51,502 MatchingPostProcessor WARNING  Orphan pdf_cell 209 recovered to col=2 by nearest-column fallback (row=4, x=684.1, dist=136.5)
2026-09-07 00:49:51,502 MatchingPostProcessor WARNING  Orphan pdf_cell 210 recovered to col=2 by nearest-column fallback (row=4, x=695.5, dist=125.1)
2026-09-07 00:49:51,502 MatchingPostProcessor WARNING  Orphan pdf_cell 211 recovered to col=2 by nearest-column fallback (row=4, x=707.0, dist=113.7)
2026-09-07 00:49:51,503 MatchingPostProcessor WARNING  Orphan pdf_cell 212 recovered to col=2 by nearest-column fallback (row=4, x=718.4, dist=102.2)
2026-09-07 00:49:51,503 MatchingPostProcessor WARNING  Orphan pdf_cell 213 recovered to col=2 by nearest-column fallback (row=4, x=729.8, dist=90.8)
2026-09-07 00:49:51,503 MatchingPostProcessor WARNING  Orphan pdf_cell 214 recovered to col=2 by nearest-column fallback (row=4, x=741.3, dist=79.4)
2026-09-07 00:49:51,503 MatchingPostProcessor WARNING  Orphan pdf_cell 215 recovered to col=2 by nearest-column fallback (row=4, x=752.7, dist=67.9)
2026-09-07 00:49:51,503 MatchingPostProcessor WARNING  Orphan pdf_cell 216 recovered to col=2 by nearest-column fallback (row=4, x=764.1, dist=56.5)
2026-09-07 00:49:51,503 MatchingPostProcessor WARNING  Orphan pdf_cell 217 recovered to col=2 by nearest-column fallback (row=4, x=775.6, dist=45.1)
2026-09-07 00:49:51,503 MatchingPostProcessor WARNING  Orphan pdf_cell 218 recovered to col=2 by nearest-column fallback (row=4, x=787.0, dist=33.6)
2026-09-07 00:49:51,503 MatchingPostProcessor WARNING  Orphan pdf_cell 255 recovered to col=2 by nearest-column fallback (row=5, x=591.0, dist=229.6)
2026-09-07 00:49:51,503 MatchingPostProcessor WARNING  Orphan pdf_cell 256 recovered to col=2 by nearest-column fallback (row=5, x=602.0, dist=218.6)
2026-09-07 00:49:51,503 MatchingPostProcessor WARNING  Orphan pdf_cell 257 recovered to col=2 by nearest-column fallback (row=5, x=613.0, dist=207.6)
2026-09-07 00:49:51,503 MatchingPostProcessor WARNING  Orphan pdf_cell 258 recovered to col=2 by nearest-column fallback (row=5, x=624.0, dist=196.6)
2026-09-07 00:49:51,503 MatchingPostProcessor WARNING  Orphan pdf_cell 259 recovered to col=2 by nearest-column fallback (row=5, x=635.0, dist=185.6)
2026-09-07 00:49:51,503 MatchingPostProcessor WARNING  Orphan pdf_cell 260 recovered to col=2 by nearest-column fallback (row=5, x=646.0, dist=174.6)
2026-09-07 00:49:51,503 MatchingPostProcessor WARNING  Orphan pdf_cell 261 recovered to col=2 by nearest-column fallback (row=5, x=657.0, dist=163.6)
2026-09-07 00:49:51,503 MatchingPostProcessor WARNING  Orphan pdf_cell 262 recovered to col=2 by nearest-column fallback (row=5, x=668.0, dist=152.6)
2026-09-07 00:49:51,503 MatchingPostProcessor WARNING  Orphan pdf_cell 263 recovered to col=2 by nearest-column fallback (row=5, x=679.0, dist=141.6)
2026-09-07 00:49:51,503 MatchingPostProcessor WARNING  Orphan pdf_cell 264 recovered to col=2 by nearest-column fallback (row=5, x=690.0, dist=130.6)
2026-09-07 00:49:51,503 MatchingPostProcessor WARNING  Orphan pdf_cell 265 recovered to col=2 by nearest-column fallback (row=5, x=701.0, dist=119.6)
2026-09-07 00:49:51,503 MatchingPostProcessor WARNING  Orphan pdf_cell 266 recovered to col=2 by nearest-column fallback (row=5, x=712.0, dist=108.6)
2026-09-07 00:49:51,503 MatchingPostProcessor WARNING  Orphan pdf_cell 267 recovered to col=2 by nearest-column fallback (row=5, x=723.0, dist=97.6)
2026-09-07 00:49:51,503 MatchingPostProcessor WARNING  Orphan pdf_cell 268 recovered to col=2 by nearest-column fallback (row=5, x=734.0, dist=86.6)
2026-09-07 00:49:51,503 MatchingPostProcessor WARNING  Orphan pdf_cell 269 recovered to col=2 by nearest-column fallback (row=5, x=745.0, dist=75.6)
2026-09-07 00:49:51,503 MatchingPostProcessor WARNING  Orphan pdf_cell 270 recovered to col=2 by nearest-column fallback (row=5, x=756.0, dist=64.6)
2026-09-07 00:49:51,503 MatchingPostProcessor WARNING  Orphan pdf_cell 271 recovered to col=2 by nearest-column fallback (row=5, x=767.0, dist=53.6)
2026-09-07 00:49:51,503 MatchingPostProcessor WARNING  Orphan pdf_cell 272 recovered to col=2 by nearest-column fallback (row=5, x=778.0, dist=42.6)
2026-09-07 00:49:51,503 MatchingPostProcessor WARNING  Orphan pdf_cell 273 recovered to col=2 by nearest-column fallback (row=5, x=789.0, dist=31.6)
2026-09-07 00:49:51,504 MatchingPostProcessor WARNING  Orphan pdf_cell 310 recovered to col=2 by nearest-column fallback (row=6, x=591.0, dist=229.6)
2026-09-07 00:49:51,504 MatchingPostProcessor WARNING  Orphan pdf_cell 311 recovered to col=2 by nearest-column fallback (row=6, x=602.0, dist=218.6)
2026-09-07 00:49:51,504 MatchingPostProcessor WARNING  Orphan pdf_cell 312 recovered to col=2 by nearest-column fallback (row=6, x=613.0, dist=207.6)
2026-09-07 00:49:51,504 MatchingPostProcessor WARNING  Orphan pdf_cell 313 recovered to col=2 by nearest-column fallback (row=6, x=624.0, dist=196.6)
2026-09-07 00:49:51,504 MatchingPostProcessor WARNING  Orphan pdf_cell 314 recovered to col=2 by nearest-column fallback (row=6, x=635.0, dist=185.6)
2026-09-07 00:49:51,504 MatchingPostProcessor WARNING  Orphan pdf_cell 315 recovered to col=2 by nearest-column fallback (row=6, x=646.0, dist=174.6)
2026-09-07 00:49:51,504 MatchingPostProcessor WARNING  Orphan pdf_cell 316 recovered to col=2 by nearest-column fallback (row=6, x=657.0, dist=163.6)
2026-09-07 00:49:51,504 MatchingPostProcessor WARNING  Orphan pdf_cell 317 recovered to col=2 by nearest-column fallback (row=6, x=668.0, dist=152.6)
2026-09-07 00:49:51,504 MatchingPostProcessor WARNING  Orphan pdf_cell 318 recovered to col=2 by nearest-column fallback (row=6, x=679.0, dist=141.6)
2026-09-07 00:49:51,504 MatchingPostProcessor WARNING  Orphan pdf_cell 319 recovered to col=2 by nearest-column fallback (row=6, x=690.0, dist=130.6)
2026-09-07 00:49:51,504 MatchingPostProcessor WARNING  Orphan pdf_cell 320 recovered to col=2 by nearest-column fallback (row=6, x=701.0, dist=119.6)
2026-09-07 00:49:51,504 MatchingPostProcessor WARNING  Orphan pdf_cell 321 recovered to col=2 by nearest-column fallback (row=6, x=712.0, dist=108.6)
2026-09-07 00:49:51,504 MatchingPostProcessor WARNING  Orphan pdf_cell 322 recovered to col=2 by nearest-column fallback (row=6, x=723.0, dist=97.6)
2026-09-07 00:49:51,504 MatchingPostProcessor WARNING  Orphan pdf_cell 323 recovered to col=2 by nearest-column fallback (row=6, x=734.0, dist=86.6)
2026-09-07 00:49:51,504 MatchingPostProcessor WARNING  Orphan pdf_cell 324 recovered to col=2 by nearest-column fallback (row=6, x=745.0, dist=75.6)
2026-09-07 00:49:51,504 MatchingPostProcessor WARNING  Orphan pdf_cell 325 recovered to col=2 by nearest-column fallback (row=6, x=756.0, dist=64.6)
2026-09-07 00:49:51,504 MatchingPostProcessor WARNING  Orphan pdf_cell 326 recovered to col=2 by nearest-column fallback (row=6, x=767.0, dist=53.6)
2026-09-07 00:49:51,504 MatchingPostProcessor WARNING  Orphan pdf_cell 327 recovered to col=2 by nearest-column fallback (row=6, x=778.0, dist=42.6)
2026-09-07 00:49:51,504 MatchingPostProcessor WARNING  Orphan pdf_cell 328 recovered to col=2 by nearest-column fallback (row=6, x=789.0, dist=31.6)
2026-09-07 00:49:51,504 MatchingPostProcessor WARNING  Orphan pdf_cell 359 recovered to col=2 by nearest-column fallback (row=7, x=591.0, dist=229.6)
2026-09-07 00:49:51,504 MatchingPostProcessor WARNING  Orphan pdf_cell 360 recovered to col=2 by nearest-column fallback (row=7, x=602.0, dist=218.6)
2026-09-07 00:49:51,504 MatchingPostProcessor WARNING  Orphan pdf_cell 361 recovered to col=2 by nearest-column fallback (row=7, x=613.0, dist=207.6)
2026-09-07 00:49:51,504 MatchingPostProcessor WARNING  Orphan pdf_cell 362 recovered to col=2 by nearest-column fallback (row=7, x=624.0, dist=196.6)
2026-09-07 00:49:51,505 MatchingPostProcessor WARNING  Orphan pdf_cell 363 recovered to col=2 by nearest-column fallback (row=7, x=635.0, dist=185.6)
2026-09-07 00:49:51,505 MatchingPostProcessor WARNING  Orphan pdf_cell 364 recovered to col=2 by nearest-column fallback (row=7, x=646.0, dist=174.6)
2026-09-07 00:49:51,505 MatchingPostProcessor WARNING  Orphan pdf_cell 365 recovered to col=2 by nearest-column fallback (row=7, x=657.0, dist=163.6)
2026-09-07 00:49:51,505 MatchingPostProcessor WARNING  Orphan pdf_cell 366 recovered to col=2 by nearest-column fallback (row=7, x=668.0, dist=152.6)
2026-09-07 00:49:51,505 MatchingPostProcessor WARNING  Orphan pdf_cell 367 recovered to col=2 by nearest-column fallback (row=7, x=679.0, dist=141.6)
2026-09-07 00:49:51,505 MatchingPostProcessor WARNING  Orphan pdf_cell 368 recovered to col=2 by nearest-column fallback (row=7, x=690.0, dist=130.6)
2026-09-07 00:49:51,505 MatchingPostProcessor WARNING  Orphan pdf_cell 369 recovered to col=2 by nearest-column fallback (row=7, x=701.0, dist=119.6)
2026-09-07 00:49:51,505 MatchingPostProcessor WARNING  Orphan pdf_cell 370 recovered to col=2 by nearest-column fallback (row=7, x=712.0, dist=108.6)
2026-09-07 00:49:51,505 MatchingPostProcessor WARNING  Orphan pdf_cell 371 recovered to col=2 by nearest-column fallback (row=7, x=723.0, dist=97.6)
2026-09-07 00:49:51,505 MatchingPostProcessor WARNING  Orphan pdf_cell 372 recovered to col=2 by nearest-column fallback (row=7, x=734.0, dist=86.6)
2026-09-07 00:49:51,505 MatchingPostProcessor WARNING  Orphan pdf_cell 373 recovered to col=2 by nearest-column fallback (row=7, x=745.0, dist=75.6)
2026-09-07 00:49:51,505 MatchingPostProcessor WARNING  Orphan pdf_cell 374 recovered to col=2 by nearest-column fallback (row=7, x=756.0, dist=64.6)
2026-09-07 00:49:51,505 MatchingPostProcessor WARNING  Orphan pdf_cell 375 recovered to col=2 by nearest-column fallback (row=7, x=767.0, dist=53.6)
2026-09-07 00:49:51,505 MatchingPostProcessor WARNING  Orphan pdf_cell 376 recovered to col=2 by nearest-column fallback (row=7, x=778.0, dist=42.6)
2026-09-07 00:49:51,505 MatchingPostProcessor WARNING  Orphan pdf_cell 377 recovered to col=2 by nearest-column fallback (row=7, x=789.0, dist=31.6)
2026-09-07 00:49:51,505 MatchingPostProcessor WARNING  Orphan pdf_cell 401 recovered to col=2 by nearest-column fallback (row=8, x=591.0, dist=229.6)
2026-09-07 00:49:51,505 MatchingPostProcessor WARNING  Orphan pdf_cell 402 recovered to col=2 by nearest-column fallback (row=8, x=602.0, dist=218.6)
2026-09-07 00:49:51,505 MatchingPostProcessor WARNING  Orphan pdf_cell 403 recovered to col=2 by nearest-column fallback (row=8, x=613.0, dist=207.6)
2026-09-07 00:49:51,505 MatchingPostProcessor WARNING  Orphan pdf_cell 404 recovered to col=2 by nearest-column fallback (row=8, x=624.0, dist=196.6)
2026-09-07 00:49:51,505 MatchingPostProcessor WARNING  Orphan pdf_cell 405 recovered to col=2 by nearest-column fallback (row=8, x=635.0, dist=185.6)
2026-09-07 00:49:51,505 MatchingPostProcessor WARNING  Orphan pdf_cell 406 recovered to col=2 by nearest-column fallback (row=8, x=646.0, dist=174.6)
2026-09-07 00:49:51,505 MatchingPostProcessor WARNING  Orphan pdf_cell 407 recovered to col=2 by nearest-column fallback (row=8, x=657.0, dist=163.6)
2026-09-07 00:49:51,505 MatchingPostProcessor WARNING  Orphan pdf_cell 408 recovered to col=2 by nearest-column fallback (row=8, x=668.0, dist=152.6)
2026-09-07 00:49:51,505 MatchingPostProcessor WARNING  Orphan pdf_cell 409 recovered to col=2 by nearest-column fallback (row=8, x=679.0, dist=141.6)
2026-09-07 00:49:51,505 MatchingPostProcessor WARNING  Orphan pdf_cell 410 recovered to col=2 by nearest-column fallback (row=8, x=690.0, dist=130.6)
2026-09-07 00:49:51,505 MatchingPostProcessor WARNING  Orphan pdf_cell 411 recovered to col=2 by nearest-column fallback (row=8, x=701.0, dist=119.6)
2026-09-07 00:49:51,505 MatchingPostProcessor WARNING  Orphan pdf_cell 412 recovered to col=2 by nearest-column fallback (row=8, x=712.0, dist=108.6)
2026-09-07 00:49:51,505 MatchingPostProcessor WARNING  Orphan pdf_cell 413 recovered to col=2 by nearest-column fallback (row=8, x=723.0, dist=97.6)
2026-09-07 00:49:51,505 MatchingPostProcessor WARNING  Orphan pdf_cell 414 recovered to col=2 by nearest-column fallback (row=8, x=734.0, dist=86.6)
2026-09-07 00:49:51,505 MatchingPostProcessor WARNING  Orphan pdf_cell 415 recovered to col=2 by nearest-column fallback (row=8, x=745.0, dist=75.6)
2026-09-07 00:49:51,505 MatchingPostProcessor WARNING  Orphan pdf_cell 416 recovered to col=2 by nearest-column fallback (row=8, x=756.0, dist=64.6)
2026-09-07 00:49:51,505 MatchingPostProcessor WARNING  Orphan pdf_cell 417 recovered to col=2 by nearest-column fallback (row=8, x=767.0, dist=53.6)
2026-09-07 00:49:51,505 MatchingPostProcessor WARNING  Orphan pdf_cell 418 recovered to col=2 by nearest-column fallback (row=8, x=778.0, dist=42.6)
2026-09-07 00:49:51,505 MatchingPostProcessor WARNING  Orphan pdf_cell 419 recovered to col=2 by nearest-column fallback (row=8, x=789.0, dist=31.6)
2026-09-07 00:49:51,506 MatchingPostProcessor WARNING  Orphan pdf_cell 446 recovered to col=2 by nearest-column fallback (row=9, x=591.0, dist=229.6)
2026-09-07 00:49:51,506 MatchingPostProcessor WARNING  Orphan pdf_cell 447 recovered to col=2 by nearest-column fallback (row=9, x=602.0, dist=218.6)
2026-09-07 00:49:51,506 MatchingPostProcessor WARNING  Orphan pdf_cell 448 recovered to col=2 by nearest-column fallback (row=9, x=613.0, dist=207.6)
2026-09-07 00:49:51,506 MatchingPostProcessor WARNING  Orphan pdf_cell 449 recovered to col=2 by nearest-column fallback (row=9, x=624.0, dist=196.6)
2026-09-07 00:49:51,506 MatchingPostProcessor WARNING  Orphan pdf_cell 450 recovered to col=2 by nearest-column fallback (row=9, x=635.0, dist=185.6)
2026-09-07 00:49:51,506 MatchingPostProcessor WARNING  Orphan pdf_cell 451 recovered to col=2 by nearest-column fallback (row=9, x=646.0, dist=174.6)
2026-09-07 00:49:51,506 MatchingPostProcessor WARNING  Orphan pdf_cell 452 recovered to col=2 by nearest-column fallback (row=9, x=657.0, dist=163.6)
2026-09-07 00:49:51,506 MatchingPostProcessor WARNING  Orphan pdf_cell 453 recovered to col=2 by nearest-column fallback (row=9, x=668.0, dist=152.6)
2026-09-07 00:49:51,506 MatchingPostProcessor WARNING  Orphan pdf_cell 454 recovered to col=2 by nearest-column fallback (row=9, x=679.0, dist=141.6)
2026-09-07 00:49:51,506 MatchingPostProcessor WARNING  Orphan pdf_cell 455 recovered to col=2 by nearest-column fallback (row=9, x=690.0, dist=130.6)
2026-09-07 00:49:51,506 MatchingPostProcessor WARNING  Orphan pdf_cell 456 recovered to col=2 by nearest-column fallback (row=9, x=701.0, dist=119.6)
2026-09-07 00:49:51,506 MatchingPostProcessor WARNING  Orphan pdf_cell 457 recovered to col=2 by nearest-column fallback (row=9, x=712.0, dist=108.6)
2026-09-07 00:49:51,506 MatchingPostProcessor WARNING  Orphan pdf_cell 458 recovered to col=2 by nearest-column fallback (row=9, x=723.0, dist=97.6)
2026-09-07 00:49:51,506 MatchingPostProcessor WARNING  Orphan pdf_cell 459 recovered to col=2 by nearest-column fallback (row=9, x=734.0, dist=86.6)
2026-09-07 00:49:51,506 MatchingPostProcessor WARNING  Orphan pdf_cell 460 recovered to col=2 by nearest-column fallback (row=9, x=745.0, dist=75.6)
2026-09-07 00:49:51,506 MatchingPostProcessor WARNING  Orphan pdf_cell 461 recovered to col=2 by nearest-column fallback (row=9, x=756.0, dist=64.6)
2026-09-07 00:49:51,506 MatchingPostProcessor WARNING  Orphan pdf_cell 462 recovered to col=2 by nearest-column fallback (row=9, x=767.0, dist=53.6)
2026-09-07 00:49:51,506 MatchingPostProcessor WARNING  Orphan pdf_cell 463 recovered to col=2 by nearest-column fallback (row=9, x=778.0, dist=42.6)
2026-09-07 00:49:51,506 MatchingPostProcessor WARNING  Orphan pdf_cell 464 recovered to col=2 by nearest-column fallback (row=9, x=789.0, dist=31.6)
2026-09-07 00:49:51,506 MatchingPostProcessor WARNING  Orphan pdf_cell 496 recovered to col=2 by nearest-column fallback (row=10, x=591.0, dist=229.6)
2026-09-07 00:49:51,506 MatchingPostProcessor WARNING  Orphan pdf_cell 497 recovered to col=2 by nearest-column fallback (row=10, x=602.0, dist=218.6)
2026-09-07 00:49:51,506 MatchingPostProcessor WARNING  Orphan pdf_cell 498 recovered to col=2 by nearest-column fallback (row=10, x=613.0, dist=207.6)
2026-09-07 00:49:51,506 MatchingPostProcessor WARNING  Orphan pdf_cell 499 recovered to col=2 by nearest-column fallback (row=10, x=624.0, dist=196.6)
2026-09-07 00:49:51,507 MatchingPostProcessor WARNING  Orphan pdf_cell 500 recovered to col=2 by nearest-column fallback (row=10, x=635.0, dist=185.6)
2026-09-07 00:49:51,507 MatchingPostProcessor WARNING  Orphan pdf_cell 501 recovered to col=2 by nearest-column fallback (row=10, x=646.0, dist=174.6)
2026-09-07 00:49:51,507 MatchingPostProcessor WARNING  Orphan pdf_cell 502 recovered to col=2 by nearest-column fallback (row=10, x=657.0, dist=163.6)
2026-09-07 00:49:51,507 MatchingPostProcessor WARNING  Orphan pdf_cell 503 recovered to col=2 by nearest-column fallback (row=10, x=668.0, dist=152.6)
2026-09-07 00:49:51,507 MatchingPostProcessor WARNING  Orphan pdf_cell 504 recovered to col=2 by nearest-column fallback (row=10, x=679.0, dist=141.6)
2026-09-07 00:49:51,507 MatchingPostProcessor WARNING  Orphan pdf_cell 505 recovered to col=2 by nearest-column fallback (row=10, x=690.0, dist=130.6)
2026-09-07 00:49:51,507 MatchingPostProcessor WARNING  Orphan pdf_cell 506 recovered to col=2 by nearest-column fallback (row=10, x=701.0, dist=119.6)
2026-09-07 00:49:51,507 MatchingPostProcessor WARNING  Orphan pdf_cell 507 recovered to col=2 by nearest-column fallback (row=10, x=712.0, dist=108.6)
2026-09-07 00:49:51,507 MatchingPostProcessor WARNING  Orphan pdf_cell 508 recovered to col=2 by nearest-column fallback (row=10, x=723.0, dist=97.6)
2026-09-07 00:49:51,507 MatchingPostProcessor WARNING  Orphan pdf_cell 509 recovered to col=2 by nearest-column fallback (row=10, x=734.0, dist=86.6)
2026-09-07 00:49:51,507 MatchingPostProcessor WARNING  Orphan pdf_cell 510 recovered to col=2 by nearest-column fallback (row=10, x=745.0, dist=75.6)
2026-09-07 00:49:51,507 MatchingPostProcessor WARNING  Orphan pdf_cell 511 recovered to col=2 by nearest-column fallback (row=10, x=756.0, dist=64.6)
2026-09-07 00:49:51,507 MatchingPostProcessor WARNING  Orphan pdf_cell 512 recovered to col=2 by nearest-column fallback (row=10, x=767.0, dist=53.6)
2026-09-07 00:49:51,507 MatchingPostProcessor WARNING  Orphan pdf_cell 513 recovered to col=2 by nearest-column fallback (row=10, x=778.0, dist=42.6)
2026-09-07 00:49:51,507 MatchingPostProcessor WARNING  Orphan pdf_cell 514 recovered to col=2 by nearest-column fallback (row=10, x=789.0, dist=31.6)
2026-09-07 00:49:51,507 MatchingPostProcessor WARNING  Orphan pdf_cell 553 recovered to col=2 by nearest-column fallback (row=11, x=591.0, dist=229.6)
2026-09-07 00:49:51,507 MatchingPostProcessor WARNING  Orphan pdf_cell 554 recovered to col=2 by nearest-column fallback (row=11, x=602.0, dist=218.6)
2026-09-07 00:49:51,507 MatchingPostProcessor WARNING  Orphan pdf_cell 555 recovered to col=2 by nearest-column fallback (row=11, x=613.0, dist=207.6)
2026-09-07 00:49:51,507 MatchingPostProcessor WARNING  Orphan pdf_cell 556 recovered to col=2 by nearest-column fallback (row=11, x=624.0, dist=196.6)
2026-09-07 00:49:51,507 MatchingPostProcessor WARNING  Orphan pdf_cell 557 recovered to col=2 by nearest-column fallback (row=11, x=635.0, dist=185.6)
2026-09-07 00:49:51,507 MatchingPostProcessor WARNING  Orphan pdf_cell 558 recovered to col=2 by nearest-column fallback (row=11, x=646.0, dist=174.6)
2026-09-07 00:49:51,507 MatchingPostProcessor WARNING  Orphan pdf_cell 559 recovered to col=2 by nearest-column fallback (row=11, x=657.0, dist=163.6)
2026-09-07 00:49:51,507 MatchingPostProcessor WARNING  Orphan pdf_cell 560 recovered to col=2 by nearest-column fallback (row=11, x=668.0, dist=152.6)
2026-09-07 00:49:51,507 MatchingPostProcessor WARNING  Orphan pdf_cell 561 recovered to col=2 by nearest-column fallback (row=11, x=679.0, dist=141.6)
2026-09-07 00:49:51,507 MatchingPostProcessor WARNING  Orphan pdf_cell 562 recovered to col=2 by nearest-column fallback (row=11, x=690.0, dist=130.6)
2026-09-07 00:49:51,508 MatchingPostProcessor WARNING  Orphan pdf_cell 563 recovered to col=2 by nearest-column fallback (row=11, x=701.0, dist=119.6)
2026-09-07 00:49:51,508 MatchingPostProcessor WARNING  Orphan pdf_cell 564 recovered to col=2 by nearest-column fallback (row=11, x=712.0, dist=108.6)
2026-09-07 00:49:51,508 MatchingPostProcessor WARNING  Orphan pdf_cell 565 recovered to col=2 by nearest-column fallback (row=11, x=723.0, dist=97.6)
2026-09-07 00:49:51,508 MatchingPostProcessor WARNING  Orphan pdf_cell 566 recovered to col=2 by nearest-column fallback (row=11, x=734.0, dist=86.6)
2026-09-07 00:49:51,508 MatchingPostProcessor WARNING  Orphan pdf_cell 567 recovered to col=2 by nearest-column fallback (row=11, x=745.0, dist=75.6)
2026-09-07 00:49:51,508 MatchingPostProcessor WARNING  Orphan pdf_cell 568 recovered to col=2 by nearest-column fallback (row=11, x=756.0, dist=64.6)
2026-09-07 00:49:51,508 MatchingPostProcessor WARNING  Orphan pdf_cell 569 recovered to col=2 by nearest-column fallback (row=11, x=767.0, dist=53.6)
2026-09-07 00:49:51,508 MatchingPostProcessor WARNING  Orphan pdf_cell 570 recovered to col=2 by nearest-column fallback (row=11, x=778.0, dist=42.6)
2026-09-07 00:49:51,508 MatchingPostProcessor WARNING  Orphan pdf_cell 571 recovered to col=2 by nearest-column fallback (row=11, x=789.0, dist=31.6)
2026-09-07 00:49:51,508 MatchingPostProcessor WARNING  Orphan pdf_cell 601 recovered to col=2 by nearest-column fallback (row=12, x=591.0, dist=229.6)
2026-09-07 00:49:51,508 MatchingPostProcessor WARNING  Orphan pdf_cell 602 recovered to col=2 by nearest-column fallback (row=12, x=602.0, dist=218.6)
2026-09-07 00:49:51,508 MatchingPostProcessor WARNING  Orphan pdf_cell 603 recovered to col=2 by nearest-column fallback (row=12, x=613.0, dist=207.6)
2026-09-07 00:49:51,508 MatchingPostProcessor WARNING  Orphan pdf_cell 604 recovered to col=2 by nearest-column fallback (row=12, x=624.0, dist=196.6)
2026-09-07 00:49:51,508 MatchingPostProcessor WARNING  Orphan pdf_cell 605 recovered to col=2 by nearest-column fallback (row=12, x=635.0, dist=185.6)
2026-09-07 00:49:51,508 MatchingPostProcessor WARNING  Orphan pdf_cell 606 recovered to col=2 by nearest-column fallback (row=12, x=646.0, dist=174.6)
2026-09-07 00:49:51,508 MatchingPostProcessor WARNING  Orphan pdf_cell 607 recovered to col=2 by nearest-column fallback (row=12, x=657.0, dist=163.6)
2026-09-07 00:49:51,508 MatchingPostProcessor WARNING  Orphan pdf_cell 608 recovered to col=2 by nearest-column fallback (row=12, x=668.0, dist=152.6)
2026-09-07 00:49:51,508 MatchingPostProcessor WARNING  Orphan pdf_cell 609 recovered to col=2 by nearest-column fallback (row=12, x=679.0, dist=141.6)
2026-09-07 00:49:51,508 MatchingPostProcessor WARNING  Orphan pdf_cell 610 recovered to col=2 by nearest-column fallback (row=12, x=690.0, dist=130.6)
2026-09-07 00:49:51,508 MatchingPostProcessor WARNING  Orphan pdf_cell 611 recovered to col=2 by nearest-column fallback (row=12, x=701.0, dist=119.6)
2026-09-07 00:49:51,508 MatchingPostProcessor WARNING  Orphan pdf_cell 612 recovered to col=2 by nearest-column fallback (row=12, x=712.0, dist=108.6)
2026-09-07 00:49:51,508 MatchingPostProcessor WARNING  Orphan pdf_cell 613 recovered to col=2 by nearest-column fallback (row=12, x=723.0, dist=97.6)
2026-09-07 00:49:51,508 MatchingPostProcessor WARNING  Orphan pdf_cell 614 recovered to col=2 by nearest-column fallback (row=12, x=734.0, dist=86.6)
2026-09-07 00:49:51,508 MatchingPostProcessor WARNING  Orphan pdf_cell 615 recovered to col=2 by nearest-column fallback (row=12, x=745.0, dist=75.6)
2026-09-07 00:49:51,508 MatchingPostProcessor WARNING  Orphan pdf_cell 616 recovered to col=2 by nearest-column fallback (row=12, x=756.0, dist=64.6)
2026-09-07 00:49:51,508 MatchingPostProcessor WARNING  Orphan pdf_cell 617 recovered to col=2 by nearest-column fallback (row=12, x=767.0, dist=53.6)
2026-09-07 00:49:51,508 MatchingPostProcessor WARNING  Orphan pdf_cell 618 recovered to col=2 by nearest-column fallback (row=12, x=778.0, dist=42.6)
2026-09-07 00:49:51,508 MatchingPostProcessor WARNING  Orphan pdf_cell 619 recovered to col=2 by nearest-column fallback (row=12, x=789.0, dist=31.6)
2026-09-07 00:49:51,509 MatchingPostProcessor WARNING  Orphan pdf_cell 641 recovered to col=2 by nearest-column fallback (row=13, x=591.0, dist=229.6)
2026-09-07 00:49:51,509 MatchingPostProcessor WARNING  Orphan pdf_cell 642 recovered to col=2 by nearest-column fallback (row=13, x=602.0, dist=218.6)
2026-09-07 00:49:51,509 MatchingPostProcessor WARNING  Orphan pdf_cell 643 recovered to col=2 by nearest-column fallback (row=13, x=613.0, dist=207.6)
2026-09-07 00:49:51,509 MatchingPostProcessor WARNING  Orphan pdf_cell 644 recovered to col=2 by nearest-column fallback (row=13, x=624.0, dist=196.6)
2026-09-07 00:49:51,509 MatchingPostProcessor WARNING  Orphan pdf_cell 645 recovered to col=2 by nearest-column fallback (row=13, x=635.0, dist=185.6)
2026-09-07 00:49:51,509 MatchingPostProcessor WARNING  Orphan pdf_cell 646 recovered to col=2 by nearest-column fallback (row=13, x=646.0, dist=174.6)
2026-09-07 00:49:51,509 MatchingPostProcessor WARNING  Orphan pdf_cell 647 recovered to col=2 by nearest-column fallback (row=13, x=657.0, dist=163.6)
2026-09-07 00:49:51,509 MatchingPostProcessor WARNING  Orphan pdf_cell 648 recovered to col=2 by nearest-column fallback (row=13, x=668.0, dist=152.6)
2026-09-07 00:49:51,509 MatchingPostProcessor WARNING  Orphan pdf_cell 649 recovered to col=2 by nearest-column fallback (row=13, x=679.0, dist=141.6)
2026-09-07 00:49:51,509 MatchingPostProcessor WARNING  Orphan pdf_cell 650 recovered to col=2 by nearest-column fallback (row=13, x=690.0, dist=130.6)
2026-09-07 00:49:51,509 MatchingPostProcessor WARNING  Orphan pdf_cell 651 recovered to col=2 by nearest-column fallback (row=13, x=701.0, dist=119.6)
2026-09-07 00:49:51,509 MatchingPostProcessor WARNING  Orphan pdf_cell 652 recovered to col=2 by nearest-column fallback (row=13, x=712.0, dist=108.6)
2026-09-07 00:49:51,509 MatchingPostProcessor WARNING  Orphan pdf_cell 653 recovered to col=2 by nearest-column fallback (row=13, x=723.0, dist=97.6)
2026-09-07 00:49:51,509 MatchingPostProcessor WARNING  Orphan pdf_cell 654 recovered to col=2 by nearest-column fallback (row=13, x=734.0, dist=86.6)
2026-09-07 00:49:51,509 MatchingPostProcessor WARNING  Orphan pdf_cell 655 recovered to col=2 by nearest-column fallback (row=13, x=745.0, dist=75.6)
2026-09-07 00:49:51,509 MatchingPostProcessor WARNING  Orphan pdf_cell 656 recovered to col=2 by nearest-column fallback (row=13, x=756.0, dist=64.6)
2026-09-07 00:49:51,509 MatchingPostProcessor WARNING  Orphan pdf_cell 657 recovered to col=2 by nearest-column fallback (row=13, x=767.0, dist=53.6)
2026-09-07 00:49:51,509 MatchingPostProcessor WARNING  Orphan pdf_cell 658 recovered to col=2 by nearest-column fallback (row=13, x=778.0, dist=42.6)
2026-09-07 00:49:51,509 MatchingPostProcessor WARNING  Orphan pdf_cell 659 recovered to col=2 by nearest-column fallback (row=13, x=789.0, dist=31.6)
2026-09-07 00:49:51,509 MatchingPostProcessor WARNING  Orphan pdf_cell 692 recovered to col=2 by nearest-column fallback (row=14, x=591.0, dist=229.6)
2026-09-07 00:49:51,509 MatchingPostProcessor WARNING  Orphan pdf_cell 693 recovered to col=2 by nearest-column fallback (row=14, x=602.0, dist=218.6)
2026-09-07 00:49:51,509 MatchingPostProcessor WARNING  Orphan pdf_cell 694 recovered to col=2 by nearest-column fallback (row=14, x=613.0, dist=207.6)
2026-09-07 00:49:51,509 MatchingPostProcessor WARNING  Orphan pdf_cell 695 recovered to col=2 by nearest-column fallback (row=14, x=624.0, dist=196.6)
2026-09-07 00:49:51,510 MatchingPostProcessor WARNING  Orphan pdf_cell 696 recovered to col=2 by nearest-column fallback (row=14, x=635.0, dist=185.6)
2026-09-07 00:49:51,510 MatchingPostProcessor WARNING  Orphan pdf_cell 697 recovered to col=2 by nearest-column fallback (row=14, x=646.0, dist=174.6)
2026-09-07 00:49:51,510 MatchingPostProcessor WARNING  Orphan pdf_cell 698 recovered to col=2 by nearest-column fallback (row=14, x=657.0, dist=163.6)
2026-09-07 00:49:51,510 MatchingPostProcessor WARNING  Orphan pdf_cell 699 recovered to col=2 by nearest-column fallback (row=14, x=668.0, dist=152.6)
2026-09-07 00:49:51,510 MatchingPostProcessor WARNING  Orphan pdf_cell 700 recovered to col=2 by nearest-column fallback (row=14, x=679.0, dist=141.6)
2026-09-07 00:49:51,510 MatchingPostProcessor WARNING  Orphan pdf_cell 701 recovered to col=2 by nearest-column fallback (row=14, x=690.0, dist=130.6)
2026-09-07 00:49:51,510 MatchingPostProcessor WARNING  Orphan pdf_cell 702 recovered to col=2 by nearest-column fallback (row=14, x=701.0, dist=119.6)
2026-09-07 00:49:51,510 MatchingPostProcessor WARNING  Orphan pdf_cell 703 recovered to col=2 by nearest-column fallback (row=14, x=712.0, dist=108.6)
2026-09-07 00:49:51,510 MatchingPostProcessor WARNING  Orphan pdf_cell 704 recovered to col=2 by nearest-column fallback (row=14, x=723.0, dist=97.6)
2026-09-07 00:49:51,510 MatchingPostProcessor WARNING  Orphan pdf_cell 705 recovered to col=2 by nearest-column fallback (row=14, x=734.0, dist=86.6)
2026-09-07 00:49:51,510 MatchingPostProcessor WARNING  Orphan pdf_cell 706 recovered to col=2 by nearest-column fallback (row=14, x=745.0, dist=75.6)
2026-09-07 00:49:51,510 MatchingPostProcessor WARNING  Orphan pdf_cell 707 recovered to col=2 by nearest-column fallback (row=14, x=756.0, dist=64.6)
2026-09-07 00:49:51,510 MatchingPostProcessor WARNING  Orphan pdf_cell 708 recovered to col=2 by nearest-column fallback (row=14, x=767.0, dist=53.6)
2026-09-07 00:49:51,510 MatchingPostProcessor WARNING  Orphan pdf_cell 709 recovered to col=2 by nearest-column fallback (row=14, x=778.0, dist=42.6)
2026-09-07 00:49:51,510 MatchingPostProcessor WARNING  Orphan pdf_cell 710 recovered to col=2 by nearest-column fallback (row=14, x=789.0, dist=31.6)
2026-09-07 00:49:51,510 MatchingPostProcessor WARNING  Orphan pdf_cell 742 recovered to col=2 by nearest-column fallback (row=15, x=591.0, dist=229.6)
2026-09-07 00:49:51,510 MatchingPostProcessor WARNING  Orphan pdf_cell 743 recovered to col=2 by nearest-column fallback (row=15, x=602.0, dist=218.6)
2026-09-07 00:49:51,510 MatchingPostProcessor WARNING  Orphan pdf_cell 744 recovered to col=2 by nearest-column fallback (row=15, x=613.0, dist=207.6)
2026-09-07 00:49:51,510 MatchingPostProcessor WARNING  Orphan pdf_cell 745 recovered to col=2 by nearest-column fallback (row=15, x=624.0, dist=196.6)
2026-09-07 00:49:51,510 MatchingPostProcessor WARNING  Orphan pdf_cell 746 recovered to col=2 by nearest-column fallback (row=15, x=635.0, dist=185.6)
2026-09-07 00:49:51,510 MatchingPostProcessor WARNING  Orphan pdf_cell 747 recovered to col=2 by nearest-column fallback (row=15, x=646.0, dist=174.6)
2026-09-07 00:49:51,510 MatchingPostProcessor WARNING  Orphan pdf_cell 748 recovered to col=2 by nearest-column fallback (row=15, x=657.0, dist=163.6)
2026-09-07 00:49:51,510 MatchingPostProcessor WARNING  Orphan pdf_cell 749 recovered to col=2 by nearest-column fallback (row=15, x=668.0, dist=152.6)
2026-09-07 00:49:51,510 MatchingPostProcessor WARNING  Orphan pdf_cell 750 recovered to col=2 by nearest-column fallback (row=15, x=679.0, dist=141.6)
2026-09-07 00:49:51,510 MatchingPostProcessor WARNING  Orphan pdf_cell 751 recovered to col=2 by nearest-column fallback (row=15, x=690.0, dist=130.6)
2026-09-07 00:49:51,510 MatchingPostProcessor WARNING  Orphan pdf_cell 752 recovered to col=2 by nearest-column fallback (row=15, x=701.0, dist=119.6)
2026-09-07 00:49:51,510 MatchingPostProcessor WARNING  Orphan pdf_cell 753 recovered to col=2 by nearest-column fallback (row=15, x=712.0, dist=108.6)
2026-09-07 00:49:51,510 MatchingPostProcessor WARNING  Orphan pdf_cell 754 recovered to col=2 by nearest-column fallback (row=15, x=723.0, dist=97.6)
2026-09-07 00:49:51,511 MatchingPostProcessor WARNING  Orphan pdf_cell 755 recovered to col=2 by nearest-column fallback (row=15, x=734.0, dist=86.6)
2026-09-07 00:49:51,511 MatchingPostProcessor WARNING  Orphan pdf_cell 756 recovered to col=2 by nearest-column fallback (row=15, x=745.0, dist=75.6)
2026-09-07 00:49:51,511 MatchingPostProcessor WARNING  Orphan pdf_cell 757 recovered to col=2 by nearest-column fallback (row=15, x=756.0, dist=64.6)
2026-09-07 00:49:51,511 MatchingPostProcessor WARNING  Orphan pdf_cell 758 recovered to col=2 by nearest-column fallback (row=15, x=767.0, dist=53.6)
2026-09-07 00:49:51,511 MatchingPostProcessor WARNING  Orphan pdf_cell 759 recovered to col=2 by nearest-column fallback (row=15, x=778.0, dist=42.6)
2026-09-07 00:49:51,511 MatchingPostProcessor WARNING  Orphan pdf_cell 760 recovered to col=2 by nearest-column fallback (row=15, x=789.0, dist=31.6)
2026-09-07 00:49:51,511 MatchingPostProcessor WARNING  Orphan pdf_cell 795 recovered to col=2 by nearest-column fallback (row=16, x=591.0, dist=229.6)
2026-09-07 00:49:51,511 MatchingPostProcessor WARNING  Orphan pdf_cell 796 recovered to col=2 by nearest-column fallback (row=16, x=602.0, dist=218.6)
2026-09-07 00:49:51,511 MatchingPostProcessor WARNING  Orphan pdf_cell 797 recovered to col=2 by nearest-column fallback (row=16, x=613.0, dist=207.6)
2026-09-07 00:49:51,511 MatchingPostProcessor WARNING  Orphan pdf_cell 798 recovered to col=2 by nearest-column fallback (row=16, x=624.0, dist=196.6)
2026-09-07 00:49:51,511 MatchingPostProcessor WARNING  Orphan pdf_cell 799 recovered to col=2 by nearest-column fallback (row=16, x=635.0, dist=185.6)
2026-09-07 00:49:51,511 MatchingPostProcessor WARNING  Orphan pdf_cell 800 recovered to col=2 by nearest-column fallback (row=16, x=646.0, dist=174.6)
2026-09-07 00:49:51,511 MatchingPostProcessor WARNING  Orphan pdf_cell 801 recovered to col=2 by nearest-column fallback (row=16, x=657.0, dist=163.6)
2026-09-07 00:49:51,511 MatchingPostProcessor WARNING  Orphan pdf_cell 802 recovered to col=2 by nearest-column fallback (row=16, x=668.0, dist=152.6)
2026-09-07 00:49:51,511 MatchingPostProcessor WARNING  Orphan pdf_cell 803 recovered to col=2 by nearest-column fallback (row=16, x=679.0, dist=141.6)
2026-09-07 00:49:51,511 MatchingPostProcessor WARNING  Orphan pdf_cell 804 recovered to col=2 by nearest-column fallback (row=16, x=690.0, dist=130.6)
2026-09-07 00:49:51,511 MatchingPostProcessor WARNING  Orphan pdf_cell 805 recovered to col=2 by nearest-column fallback (row=16, x=701.0, dist=119.6)
2026-09-07 00:49:51,511 MatchingPostProcessor WARNING  Orphan pdf_cell 806 recovered to col=2 by nearest-column fallback (row=16, x=712.0, dist=108.6)
2026-09-07 00:49:51,511 MatchingPostProcessor WARNING  Orphan pdf_cell 807 recovered to col=2 by nearest-column fallback (row=16, x=723.0, dist=97.6)
2026-09-07 00:49:51,511 MatchingPostProcessor WARNING  Orphan pdf_cell 808 recovered to col=2 by nearest-column fallback (row=16, x=734.0, dist=86.6)
2026-09-07 00:49:51,511 MatchingPostProcessor WARNING  Orphan pdf_cell 809 recovered to col=2 by nearest-column fallback (row=16, x=745.0, dist=75.6)
2026-09-07 00:49:51,511 MatchingPostProcessor WARNING  Orphan pdf_cell 810 recovered to col=2 by nearest-column fallback (row=16, x=756.0, dist=64.6)
2026-09-07 00:49:51,511 MatchingPostProcessor WARNING  Orphan pdf_cell 811 recovered to col=2 by nearest-column fallback (row=16, x=767.0, dist=53.6)
2026-09-07 00:49:51,511 MatchingPostProcessor WARNING  Orphan pdf_cell 812 recovered to col=2 by nearest-column fallback (row=16, x=778.0, dist=42.6)
2026-09-07 00:49:51,511 MatchingPostProcessor WARNING  Orphan pdf_cell 813 recovered to col=2 by nearest-column fallback (row=16, x=789.0, dist=31.6)
2026-09-07 00:49:51,512 MatchingPostProcessor WARNING  Orphan pdf_cell 840 recovered to col=2 by nearest-column fallback (row=17, x=591.0, dist=229.6)
2026-09-07 00:49:51,512 MatchingPostProcessor WARNING  Orphan pdf_cell 841 recovered to col=2 by nearest-column fallback (row=17, x=602.0, dist=218.6)
2026-09-07 00:49:51,512 MatchingPostProcessor WARNING  Orphan pdf_cell 842 recovered to col=2 by nearest-column fallback (row=17, x=613.0, dist=207.6)
2026-09-07 00:49:51,512 MatchingPostProcessor WARNING  Orphan pdf_cell 843 recovered to col=2 by nearest-column fallback (row=17, x=624.0, dist=196.6)
2026-09-07 00:49:51,512 MatchingPostProcessor WARNING  Orphan pdf_cell 844 recovered to col=2 by nearest-column fallback (row=17, x=635.0, dist=185.6)
2026-09-07 00:49:51,512 MatchingPostProcessor WARNING  Orphan pdf_cell 845 recovered to col=2 by nearest-column fallback (row=17, x=646.0, dist=174.6)
2026-09-07 00:49:51,512 MatchingPostProcessor WARNING  Orphan pdf_cell 846 recovered to col=2 by nearest-column fallback (row=17, x=657.0, dist=163.6)
2026-09-07 00:49:51,512 MatchingPostProcessor WARNING  Orphan pdf_cell 847 recovered to col=2 by nearest-column fallback (row=17, x=668.0, dist=152.6)
2026-09-07 00:49:51,512 MatchingPostProcessor WARNING  Orphan pdf_cell 848 recovered to col=2 by nearest-column fallback (row=17, x=679.0, dist=141.6)
2026-09-07 00:49:51,512 MatchingPostProcessor WARNING  Orphan pdf_cell 849 recovered to col=2 by nearest-column fallback (row=17, x=690.0, dist=130.6)
2026-09-07 00:49:51,512 MatchingPostProcessor WARNING  Orphan pdf_cell 850 recovered to col=2 by nearest-column fallback (row=17, x=701.0, dist=119.6)
2026-09-07 00:49:51,512 MatchingPostProcessor WARNING  Orphan pdf_cell 851 recovered to col=2 by nearest-column fallback (row=17, x=712.0, dist=108.6)
2026-09-07 00:49:51,512 MatchingPostProcessor WARNING  Orphan pdf_cell 852 recovered to col=2 by nearest-column fallback (row=17, x=723.0, dist=97.6)
2026-09-07 00:49:51,512 MatchingPostProcessor WARNING  Orphan pdf_cell 853 recovered to col=2 by nearest-column fallback (row=17, x=734.0, dist=86.6)
2026-09-07 00:49:51,512 MatchingPostProcessor WARNING  Orphan pdf_cell 854 recovered to col=2 by nearest-column fallback (row=17, x=745.0, dist=75.6)
2026-09-07 00:49:51,512 MatchingPostProcessor WARNING  Orphan pdf_cell 855 recovered to col=2 by nearest-column fallback (row=17, x=756.0, dist=64.6)
2026-09-07 00:49:51,512 MatchingPostProcessor WARNING  Orphan pdf_cell 856 recovered to col=2 by nearest-column fallback (row=17, x=767.0, dist=53.6)
2026-09-07 00:49:51,512 MatchingPostProcessor WARNING  Orphan pdf_cell 857 recovered to col=2 by nearest-column fallback (row=17, x=778.0, dist=42.6)
2026-09-07 00:49:51,512 MatchingPostProcessor WARNING  Orphan pdf_cell 858 recovered to col=2 by nearest-column fallback (row=17, x=789.0, dist=31.6)
2026-09-07 00:49:51,512 MatchingPostProcessor WARNING  Orphan pdf_cell 878 recovered to col=2 by nearest-column fallback (row=18, x=591.1, dist=229.5)
2026-09-07 00:49:51,512 MatchingPostProcessor WARNING  Orphan pdf_cell 879 recovered to col=2 by nearest-column fallback (row=18, x=602.1, dist=218.5)
2026-09-07 00:49:51,512 MatchingPostProcessor WARNING  Orphan pdf_cell 880 recovered to col=2 by nearest-column fallback (row=18, x=613.1, dist=207.5)
2026-09-07 00:49:51,512 MatchingPostProcessor WARNING  Orphan pdf_cell 881 recovered to col=2 by nearest-column fallback (row=18, x=624.1, dist=196.5)
2026-09-07 00:49:51,512 MatchingPostProcessor WARNING  Orphan pdf_cell 882 recovered to col=2 by nearest-column fallback (row=18, x=635.1, dist=185.5)
2026-09-07 00:49:51,512 MatchingPostProcessor WARNING  Orphan pdf_cell 883 recovered to col=2 by nearest-column fallback (row=18, x=646.1, dist=174.5)
2026-09-07 00:49:51,512 MatchingPostProcessor WARNING  Orphan pdf_cell 884 recovered to col=2 by nearest-column fallback (row=18, x=657.1, dist=163.5)
2026-09-07 00:49:51,513 MatchingPostProcessor WARNING  Orphan pdf_cell 885 recovered to col=2 by nearest-column fallback (row=18, x=668.1, dist=152.5)
2026-09-07 00:49:51,513 MatchingPostProcessor WARNING  Orphan pdf_cell 886 recovered to col=2 by nearest-column fallback (row=18, x=679.1, dist=141.5)
2026-09-07 00:49:51,513 MatchingPostProcessor WARNING  Orphan pdf_cell 887 recovered to col=2 by nearest-column fallback (row=18, x=690.1, dist=130.5)
2026-09-07 00:49:51,513 MatchingPostProcessor WARNING  Orphan pdf_cell 888 recovered to col=2 by nearest-column fallback (row=18, x=701.1, dist=119.5)
2026-09-07 00:49:51,513 MatchingPostProcessor WARNING  Orphan pdf_cell 889 recovered to col=2 by nearest-column fallback (row=18, x=712.1, dist=108.5)
2026-09-07 00:49:51,513 MatchingPostProcessor WARNING  Orphan pdf_cell 890 recovered to col=2 by nearest-column fallback (row=18, x=723.1, dist=97.5)
2026-09-07 00:49:51,513 MatchingPostProcessor WARNING  Orphan pdf_cell 891 recovered to col=2 by nearest-column fallback (row=18, x=734.1, dist=86.5)
2026-09-07 00:49:51,513 MatchingPostProcessor WARNING  Orphan pdf_cell 892 recovered to col=2 by nearest-column fallback (row=18, x=745.1, dist=75.5)
2026-09-07 00:49:51,513 MatchingPostProcessor WARNING  Orphan pdf_cell 893 recovered to col=2 by nearest-column fallback (row=18, x=756.1, dist=64.5)
2026-09-07 00:49:51,513 MatchingPostProcessor WARNING  Orphan pdf_cell 894 recovered to col=2 by nearest-column fallback (row=18, x=767.1, dist=53.5)
2026-09-07 00:49:51,513 MatchingPostProcessor WARNING  Orphan pdf_cell 895 recovered to col=2 by nearest-column fallback (row=18, x=778.1, dist=42.5)
2026-09-07 00:49:51,513 MatchingPostProcessor WARNING  Orphan pdf_cell 896 recovered to col=2 by nearest-column fallback (row=18, x=789.1, dist=31.5)
2026-09-07 00:49:51,513 MatchingPostProcessor WARNING  Orphan pdf_cell 927 recovered to col=2 by nearest-column fallback (row=19, x=591.0, dist=229.6)
2026-09-07 00:49:51,513 MatchingPostProcessor WARNING  Orphan pdf_cell 928 recovered to col=2 by nearest-column fallback (row=19, x=602.0, dist=218.6)
2026-09-07 00:49:51,513 MatchingPostProcessor WARNING  Orphan pdf_cell 929 recovered to col=2 by nearest-column fallback (row=19, x=613.0, dist=207.6)
2026-09-07 00:49:51,513 MatchingPostProcessor WARNING  Orphan pdf_cell 930 recovered to col=2 by nearest-column fallback (row=19, x=624.0, dist=196.6)
2026-09-07 00:49:51,513 MatchingPostProcessor WARNING  Orphan pdf_cell 931 recovered to col=2 by nearest-column fallback (row=19, x=635.0, dist=185.6)
2026-09-07 00:49:51,513 MatchingPostProcessor WARNING  Orphan pdf_cell 932 recovered to col=2 by nearest-column fallback (row=19, x=646.0, dist=174.6)
2026-09-07 00:49:51,513 MatchingPostProcessor WARNING  Orphan pdf_cell 933 recovered to col=2 by nearest-column fallback (row=19, x=657.0, dist=163.6)
2026-09-07 00:49:51,513 MatchingPostProcessor WARNING  Orphan pdf_cell 934 recovered to col=2 by nearest-column fallback (row=19, x=668.0, dist=152.6)
2026-09-07 00:49:51,513 MatchingPostProcessor WARNING  Orphan pdf_cell 935 recovered to col=2 by nearest-column fallback (row=19, x=679.0, dist=141.6)
2026-09-07 00:49:51,513 MatchingPostProcessor WARNING  Orphan pdf_cell 936 recovered to col=2 by nearest-column fallback (row=19, x=690.0, dist=130.6)
2026-09-07 00:49:51,513 MatchingPostProcessor WARNING  Orphan pdf_cell 937 recovered to col=2 by nearest-column fallback (row=19, x=701.0, dist=119.6)
2026-09-07 00:49:51,513 MatchingPostProcessor WARNING  Orphan pdf_cell 938 recovered to col=2 by nearest-column fallback (row=19, x=712.0, dist=108.6)
2026-09-07 00:49:51,513 MatchingPostProcessor WARNING  Orphan pdf_cell 939 recovered to col=2 by nearest-column fallback (row=19, x=723.0, dist=97.6)
2026-09-07 00:49:51,513 MatchingPostProcessor WARNING  Orphan pdf_cell 940 recovered to col=2 by nearest-column fallback (row=19, x=734.0, dist=86.6)
2026-09-07 00:49:51,514 MatchingPostProcessor WARNING  Orphan pdf_cell 941 recovered to col=2 by nearest-column fallback (row=19, x=745.0, dist=75.6)
2026-09-07 00:49:51,514 MatchingPostProcessor WARNING  Orphan pdf_cell 942 recovered to col=2 by nearest-column fallback (row=19, x=756.0, dist=64.6)
2026-09-07 00:49:51,514 MatchingPostProcessor WARNING  Orphan pdf_cell 943 recovered to col=2 by nearest-column fallback (row=19, x=767.0, dist=53.6)
2026-09-07 00:49:51,514 MatchingPostProcessor WARNING  Orphan pdf_cell 944 recovered to col=2 by nearest-column fallback (row=19, x=778.0, dist=42.6)
2026-09-07 00:49:51,514 MatchingPostProcessor WARNING  Orphan pdf_cell 945 recovered to col=2 by nearest-column fallback (row=19, x=789.0, dist=31.6)
2026-09-07 00:49:51,514 MatchingPostProcessor WARNING  Orphan pdf_cell 971 recovered to col=2 by nearest-column fallback (row=20, x=591.1, dist=229.6)
2026-09-07 00:49:51,514 MatchingPostProcessor WARNING  Orphan pdf_cell 972 recovered to col=2 by nearest-column fallback (row=20, x=602.1, dist=218.6)
2026-09-07 00:49:51,514 MatchingPostProcessor WARNING  Orphan pdf_cell 973 recovered to col=2 by nearest-column fallback (row=20, x=613.1, dist=207.6)
2026-09-07 00:49:51,514 MatchingPostProcessor WARNING  Orphan pdf_cell 974 recovered to col=2 by nearest-column fallback (row=20, x=624.1, dist=196.6)
2026-09-07 00:49:51,514 MatchingPostProcessor WARNING  Orphan pdf_cell 975 recovered to col=2 by nearest-column fallback (row=20, x=635.1, dist=185.6)
2026-09-07 00:49:51,514 MatchingPostProcessor WARNING  Orphan pdf_cell 976 recovered to col=2 by nearest-column fallback (row=20, x=646.1, dist=174.6)
2026-09-07 00:49:51,514 MatchingPostProcessor WARNING  Orphan pdf_cell 977 recovered to col=2 by nearest-column fallback (row=20, x=657.1, dist=163.6)
2026-09-07 00:49:51,514 MatchingPostProcessor WARNING  Orphan pdf_cell 978 recovered to col=2 by nearest-column fallback (row=20, x=668.1, dist=152.6)
2026-09-07 00:49:51,514 MatchingPostProcessor WARNING  Orphan pdf_cell 979 recovered to col=2 by nearest-column fallback (row=20, x=679.1, dist=141.6)
2026-09-07 00:49:51,514 MatchingPostProcessor WARNING  Orphan pdf_cell 980 recovered to col=2 by nearest-column fallback (row=20, x=690.1, dist=130.6)
2026-09-07 00:49:51,514 MatchingPostProcessor WARNING  Orphan pdf_cell 981 recovered to col=2 by nearest-column fallback (row=20, x=701.1, dist=119.6)
2026-09-07 00:49:51,514 MatchingPostProcessor WARNING  Orphan pdf_cell 982 recovered to col=2 by nearest-column fallback (row=20, x=712.1, dist=108.6)
2026-09-07 00:49:51,514 MatchingPostProcessor WARNING  Orphan pdf_cell 983 recovered to col=2 by nearest-column fallback (row=20, x=723.1, dist=97.6)
2026-09-07 00:49:51,514 MatchingPostProcessor WARNING  Orphan pdf_cell 984 recovered to col=2 by nearest-column fallback (row=20, x=734.1, dist=86.6)
2026-09-07 00:49:51,514 MatchingPostProcessor WARNING  Orphan pdf_cell 985 recovered to col=2 by nearest-column fallback (row=20, x=745.1, dist=75.6)
2026-09-07 00:49:51,514 MatchingPostProcessor WARNING  Orphan pdf_cell 986 recovered to col=2 by nearest-column fallback (row=20, x=756.1, dist=64.6)
2026-09-07 00:49:51,514 MatchingPostProcessor WARNING  Orphan pdf_cell 987 recovered to col=2 by nearest-column fallback (row=20, x=767.1, dist=53.6)
2026-09-07 00:49:51,514 MatchingPostProcessor WARNING  Orphan pdf_cell 988 recovered to col=2 by nearest-column fallback (row=20, x=778.1, dist=42.6)
2026-09-07 00:49:51,514 MatchingPostProcessor WARNING  Orphan pdf_cell 989 recovered to col=2 by nearest-column fallback (row=20, x=789.1, dist=31.6)
2026-09-07 00:49:51,515 MatchingPostProcessor WARNING  Orphan pdf_cell 1010 recovered to col=2 by nearest-column fallback (row=21, x=591.1, dist=229.6)
2026-09-07 00:49:51,515 MatchingPostProcessor WARNING  Orphan pdf_cell 1011 recovered to col=2 by nearest-column fallback (row=21, x=602.1, dist=218.6)
2026-09-07 00:49:51,515 MatchingPostProcessor WARNING  Orphan pdf_cell 1012 recovered to col=2 by nearest-column fallback (row=21, x=613.1, dist=207.6)
2026-09-07 00:49:51,515 MatchingPostProcessor WARNING  Orphan pdf_cell 1013 recovered to col=2 by nearest-column fallback (row=21, x=624.1, dist=196.6)
2026-09-07 00:49:51,515 MatchingPostProcessor WARNING  Orphan pdf_cell 1014 recovered to col=2 by nearest-column fallback (row=21, x=635.1, dist=185.6)
2026-09-07 00:49:51,515 MatchingPostProcessor WARNING  Orphan pdf_cell 1015 recovered to col=2 by nearest-column fallback (row=21, x=646.1, dist=174.6)
2026-09-07 00:49:51,515 MatchingPostProcessor WARNING  Orphan pdf_cell 1016 recovered to col=2 by nearest-column fallback (row=21, x=657.1, dist=163.6)
2026-09-07 00:49:51,515 MatchingPostProcessor WARNING  Orphan pdf_cell 1017 recovered to col=2 by nearest-column fallback (row=21, x=668.1, dist=152.6)
2026-09-07 00:49:51,515 MatchingPostProcessor WARNING  Orphan pdf_cell 1018 recovered to col=2 by nearest-column fallback (row=21, x=679.1, dist=141.6)
2026-09-07 00:49:51,515 MatchingPostProcessor WARNING  Orphan pdf_cell 1019 recovered to col=2 by nearest-column fallback (row=21, x=690.1, dist=130.6)
2026-09-07 00:49:51,515 MatchingPostProcessor WARNING  Orphan pdf_cell 1020 recovered to col=2 by nearest-column fallback (row=21, x=701.1, dist=119.6)
2026-09-07 00:49:51,515 MatchingPostProcessor WARNING  Orphan pdf_cell 1021 recovered to col=2 by nearest-column fallback (row=21, x=712.1, dist=108.6)
2026-09-07 00:49:51,515 MatchingPostProcessor WARNING  Orphan pdf_cell 1022 recovered to col=2 by nearest-column fallback (row=21, x=723.1, dist=97.6)
2026-09-07 00:49:51,515 MatchingPostProcessor WARNING  Orphan pdf_cell 1023 recovered to col=2 by nearest-column fallback (row=21, x=734.1, dist=86.6)
2026-09-07 00:49:51,515 MatchingPostProcessor WARNING  Orphan pdf_cell 1024 recovered to col=2 by nearest-column fallback (row=21, x=745.1, dist=75.6)
2026-09-07 00:49:51,515 MatchingPostProcessor WARNING  Orphan pdf_cell 1025 recovered to col=2 by nearest-column fallback (row=21, x=756.1, dist=64.6)
2026-09-07 00:49:51,515 MatchingPostProcessor WARNING  Orphan pdf_cell 1026 recovered to col=2 by nearest-column fallback (row=21, x=767.1, dist=53.6)
2026-09-07 00:49:51,515 MatchingPostProcessor WARNING  Orphan pdf_cell 1027 recovered to col=2 by nearest-column fallback (row=21, x=778.1, dist=42.6)
2026-09-07 00:49:51,515 MatchingPostProcessor WARNING  Orphan pdf_cell 1028 recovered to col=2 by nearest-column fallback (row=21, x=789.1, dist=31.6)
2026-09-07 00:49:51,515 MatchingPostProcessor WARNING  Orphan pdf_cell 1050 recovered to col=2 by nearest-column fallback (row=22, x=591.0, dist=229.6)
2026-09-07 00:49:51,515 MatchingPostProcessor WARNING  Orphan pdf_cell 1051 recovered to col=2 by nearest-column fallback (row=22, x=602.0, dist=218.6)
2026-09-07 00:49:51,515 MatchingPostProcessor WARNING  Orphan pdf_cell 1052 recovered to col=2 by nearest-column fallback (row=22, x=613.0, dist=207.6)
2026-09-07 00:49:51,515 MatchingPostProcessor WARNING  Orphan pdf_cell 1053 recovered to col=2 by nearest-column fallback (row=22, x=624.0, dist=196.6)
2026-09-07 00:49:51,515 MatchingPostProcessor WARNING  Orphan pdf_cell 1054 recovered to col=2 by nearest-column fallback (row=22, x=635.0, dist=185.6)
2026-09-07 00:49:51,515 MatchingPostProcessor WARNING  Orphan pdf_cell 1055 recovered to col=2 by nearest-column fallback (row=22, x=646.0, dist=174.6)
2026-09-07 00:49:51,515 MatchingPostProcessor WARNING  Orphan pdf_cell 1056 recovered to col=2 by nearest-column fallback (row=22, x=657.0, dist=163.6)
2026-09-07 00:49:51,515 MatchingPostProcessor WARNING  Orphan pdf_cell 1057 recovered to col=2 by nearest-column fallback (row=22, x=668.0, dist=152.6)
2026-09-07 00:49:51,515 MatchingPostProcessor WARNING  Orphan pdf_cell 1058 recovered to col=2 by nearest-column fallback (row=22, x=679.0, dist=141.6)
2026-09-07 00:49:51,515 MatchingPostProcessor WARNING  Orphan pdf_cell 1059 recovered to col=2 by nearest-column fallback (row=22, x=690.0, dist=130.6)
2026-09-07 00:49:51,515 MatchingPostProcessor WARNING  Orphan pdf_cell 1060 recovered to col=2 by nearest-column fallback (row=22, x=701.0, dist=119.6)
2026-09-07 00:49:51,515 MatchingPostProcessor WARNING  Orphan pdf_cell 1061 recovered to col=2 by nearest-column fallback (row=22, x=712.0, dist=108.6)
2026-09-07 00:49:51,515 MatchingPostProcessor WARNING  Orphan pdf_cell 1062 recovered to col=2 by nearest-column fallback (row=22, x=723.0, dist=97.6)
2026-09-07 00:49:51,515 MatchingPostProcessor WARNING  Orphan pdf_cell 1063 recovered to col=2 by nearest-column fallback (row=22, x=734.0, dist=86.6)
2026-09-07 00:49:51,515 MatchingPostProcessor WARNING  Orphan pdf_cell 1064 recovered to col=2 by nearest-column fallback (row=22, x=745.0, dist=75.6)
2026-09-07 00:49:51,516 MatchingPostProcessor WARNING  Orphan pdf_cell 1065 recovered to col=2 by nearest-column fallback (row=22, x=756.0, dist=64.6)
2026-09-07 00:49:51,516 MatchingPostProcessor WARNING  Orphan pdf_cell 1066 recovered to col=2 by nearest-column fallback (row=22, x=767.0, dist=53.6)
2026-09-07 00:49:51,516 MatchingPostProcessor WARNING  Orphan pdf_cell 1067 recovered to col=2 by nearest-column fallback (row=22, x=778.0, dist=42.6)
2026-09-07 00:49:51,516 MatchingPostProcessor WARNING  Orphan pdf_cell 1068 recovered to col=2 by nearest-column fallback (row=22, x=789.0, dist=31.6)
2026-09-07 00:49:51,516 MatchingPostProcessor WARNING  Orphan pdf_cell 1093 recovered to col=2 by nearest-column fallback (row=23, x=591.0, dist=229.6)
2026-09-07 00:49:51,516 MatchingPostProcessor WARNING  Orphan pdf_cell 1094 recovered to col=2 by nearest-column fallback (row=23, x=602.0, dist=218.6)
2026-09-07 00:49:51,516 MatchingPostProcessor WARNING  Orphan pdf_cell 1095 recovered to col=2 by nearest-column fallback (row=23, x=613.0, dist=207.6)
2026-09-07 00:49:51,516 MatchingPostProcessor WARNING  Orphan pdf_cell 1096 recovered to col=2 by nearest-column fallback (row=23, x=624.0, dist=196.6)
2026-09-07 00:49:51,516 MatchingPostProcessor WARNING  Orphan pdf_cell 1097 recovered to col=2 by nearest-column fallback (row=23, x=635.0, dist=185.6)
2026-09-07 00:49:51,516 MatchingPostProcessor WARNING  Orphan pdf_cell 1098 recovered to col=2 by nearest-column fallback (row=23, x=646.0, dist=174.6)
2026-09-07 00:49:51,516 MatchingPostProcessor WARNING  Orphan pdf_cell 1099 recovered to col=2 by nearest-column fallback (row=23, x=657.0, dist=163.6)
2026-09-07 00:49:51,516 MatchingPostProcessor WARNING  Orphan pdf_cell 1100 recovered to col=2 by nearest-column fallback (row=23, x=668.0, dist=152.6)
2026-09-07 00:49:51,516 MatchingPostProcessor WARNING  Orphan pdf_cell 1101 recovered to col=2 by nearest-column fallback (row=23, x=679.0, dist=141.6)
2026-09-07 00:49:51,516 MatchingPostProcessor WARNING  Orphan pdf_cell 1102 recovered to col=2 by nearest-column fallback (row=23, x=690.0, dist=130.6)
2026-09-07 00:49:51,516 MatchingPostProcessor WARNING  Orphan pdf_cell 1103 recovered to col=2 by nearest-column fallback (row=23, x=701.0, dist=119.6)
2026-09-07 00:49:51,516 MatchingPostProcessor WARNING  Orphan pdf_cell 1104 recovered to col=2 by nearest-column fallback (row=23, x=712.0, dist=108.6)
2026-09-07 00:49:51,516 MatchingPostProcessor WARNING  Orphan pdf_cell 1105 recovered to col=2 by nearest-column fallback (row=23, x=723.0, dist=97.6)
2026-09-07 00:49:51,516 MatchingPostProcessor WARNING  Orphan pdf_cell 1106 recovered to col=2 by nearest-column fallback (row=23, x=734.0, dist=86.6)
2026-09-07 00:49:51,516 MatchingPostProcessor WARNING  Orphan pdf_cell 1107 recovered to col=2 by nearest-column fallback (row=23, x=745.0, dist=75.6)
2026-09-07 00:49:51,516 MatchingPostProcessor WARNING  Orphan pdf_cell 1108 recovered to col=2 by nearest-column fallback (row=23, x=756.0, dist=64.6)
2026-09-07 00:49:51,516 MatchingPostProcessor WARNING  Orphan pdf_cell 1109 recovered to col=2 by nearest-column fallback (row=23, x=767.0, dist=53.6)
2026-09-07 00:49:51,516 MatchingPostProcessor WARNING  Orphan pdf_cell 1110 recovered to col=2 by nearest-column fallback (row=23, x=778.0, dist=42.6)
2026-09-07 00:49:51,516 MatchingPostProcessor WARNING  Orphan pdf_cell 1111 recovered to col=2 by nearest-column fallback (row=23, x=789.0, dist=31.6)
2026-09-07 00:49:51,517 MatchingPostProcessor WARNING  Orphan pdf_cell 1141 recovered to col=2 by nearest-column fallback (row=24, x=591.0, dist=229.6)
2026-09-07 00:49:51,517 MatchingPostProcessor WARNING  Orphan pdf_cell 1142 recovered to col=2 by nearest-column fallback (row=24, x=602.0, dist=218.6)
2026-09-07 00:49:51,517 MatchingPostProcessor WARNING  Orphan pdf_cell 1143 recovered to col=2 by nearest-column fallback (row=24, x=613.0, dist=207.6)
2026-09-07 00:49:51,517 MatchingPostProcessor WARNING  Orphan pdf_cell 1144 recovered to col=2 by nearest-column fallback (row=24, x=624.0, dist=196.6)
2026-09-07 00:49:51,517 MatchingPostProcessor WARNING  Orphan pdf_cell 1145 recovered to col=2 by nearest-column fallback (row=24, x=635.0, dist=185.6)
2026-09-07 00:49:51,517 MatchingPostProcessor WARNING  Orphan pdf_cell 1146 recovered to col=2 by nearest-column fallback (row=24, x=646.0, dist=174.6)
2026-09-07 00:49:51,517 MatchingPostProcessor WARNING  Orphan pdf_cell 1147 recovered to col=2 by nearest-column fallback (row=24, x=657.0, dist=163.6)
2026-09-07 00:49:51,517 MatchingPostProcessor WARNING  Orphan pdf_cell 1148 recovered to col=2 by nearest-column fallback (row=24, x=668.0, dist=152.6)
2026-09-07 00:49:51,517 MatchingPostProcessor WARNING  Orphan pdf_cell 1149 recovered to col=2 by nearest-column fallback (row=24, x=679.0, dist=141.6)
2026-09-07 00:49:51,517 MatchingPostProcessor WARNING  Orphan pdf_cell 1150 recovered to col=2 by nearest-column fallback (row=24, x=690.0, dist=130.6)
2026-09-07 00:49:51,517 MatchingPostProcessor WARNING  Orphan pdf_cell 1151 recovered to col=2 by nearest-column fallback (row=24, x=701.0, dist=119.6)
2026-09-07 00:49:51,517 MatchingPostProcessor WARNING  Orphan pdf_cell 1152 recovered to col=2 by nearest-column fallback (row=24, x=712.0, dist=108.6)
2026-09-07 00:49:51,517 MatchingPostProcessor WARNING  Orphan pdf_cell 1153 recovered to col=2 by nearest-column fallback (row=24, x=723.0, dist=97.6)
2026-09-07 00:49:51,517 MatchingPostProcessor WARNING  Orphan pdf_cell 1154 recovered to col=2 by nearest-column fallback (row=24, x=734.0, dist=86.6)
2026-09-07 00:49:51,517 MatchingPostProcessor WARNING  Orphan pdf_cell 1155 recovered to col=2 by nearest-column fallback (row=24, x=745.0, dist=75.6)
2026-09-07 00:49:51,517 MatchingPostProcessor WARNING  Orphan pdf_cell 1156 recovered to col=2 by nearest-column fallback (row=24, x=756.0, dist=64.6)
2026-09-07 00:49:51,517 MatchingPostProcessor WARNING  Orphan pdf_cell 1157 recovered to col=2 by nearest-column fallback (row=24, x=767.0, dist=53.6)
2026-09-07 00:49:51,517 MatchingPostProcessor WARNING  Orphan pdf_cell 1158 recovered to col=2 by nearest-column fallback (row=24, x=778.0, dist=42.6)
2026-09-07 00:49:51,517 MatchingPostProcessor WARNING  Orphan pdf_cell 1159 recovered to col=2 by nearest-column fallback (row=24, x=789.0, dist=31.6)
2026-09-07 00:49:51,517 MatchingPostProcessor WARNING  Orphan pdf_cell 1184 recovered to col=2 by nearest-column fallback (row=25, x=591.0, dist=229.6)
2026-09-07 00:49:51,517 MatchingPostProcessor WARNING  Orphan pdf_cell 1185 recovered to col=2 by nearest-column fallback (row=25, x=602.0, dist=218.6)
2026-09-07 00:49:51,517 MatchingPostProcessor WARNING  Orphan pdf_cell 1186 recovered to col=2 by nearest-column fallback (row=25, x=613.0, dist=207.6)
2026-09-07 00:49:51,517 MatchingPostProcessor WARNING  Orphan pdf_cell 1187 recovered to col=2 by nearest-column fallback (row=25, x=624.0, dist=196.6)
2026-09-07 00:49:51,517 MatchingPostProcessor WARNING  Orphan pdf_cell 1188 recovered to col=2 by nearest-column fallback (row=25, x=635.0, dist=185.6)
2026-09-07 00:49:51,517 MatchingPostProcessor WARNING  Orphan pdf_cell 1189 recovered to col=2 by nearest-column fallback (row=25, x=646.0, dist=174.6)
2026-09-07 00:49:51,517 MatchingPostProcessor WARNING  Orphan pdf_cell 1190 recovered to col=2 by nearest-column fallback (row=25, x=657.0, dist=163.6)
2026-09-07 00:49:51,517 MatchingPostProcessor WARNING  Orphan pdf_cell 1191 recovered to col=2 by nearest-column fallback (row=25, x=668.0, dist=152.6)
2026-09-07 00:49:51,517 MatchingPostProcessor WARNING  Orphan pdf_cell 1192 recovered to col=2 by nearest-column fallback (row=25, x=679.0, dist=141.6)
2026-09-07 00:49:51,518 MatchingPostProcessor WARNING  Orphan pdf_cell 1193 recovered to col=2 by nearest-column fallback (row=25, x=690.0, dist=130.6)
2026-09-07 00:49:51,518 MatchingPostProcessor WARNING  Orphan pdf_cell 1194 recovered to col=2 by nearest-column fallback (row=25, x=701.0, dist=119.6)
2026-09-07 00:49:51,518 MatchingPostProcessor WARNING  Orphan pdf_cell 1195 recovered to col=2 by nearest-column fallback (row=25, x=712.0, dist=108.6)
2026-09-07 00:49:51,518 MatchingPostProcessor WARNING  Orphan pdf_cell 1196 recovered to col=2 by nearest-column fallback (row=25, x=723.0, dist=97.6)
2026-09-07 00:49:51,518 MatchingPostProcessor WARNING  Orphan pdf_cell 1197 recovered to col=2 by nearest-column fallback (row=25, x=734.0, dist=86.6)
2026-09-07 00:49:51,518 MatchingPostProcessor WARNING  Orphan pdf_cell 1198 recovered to col=2 by nearest-column fallback (row=25, x=745.0, dist=75.6)
2026-09-07 00:49:51,518 MatchingPostProcessor WARNING  Orphan pdf_cell 1199 recovered to col=2 by nearest-column fallback (row=25, x=756.0, dist=64.6)
2026-09-07 00:49:51,518 MatchingPostProcessor WARNING  Orphan pdf_cell 1200 recovered to col=2 by nearest-column fallback (row=25, x=767.0, dist=53.6)
2026-09-07 00:49:51,518 MatchingPostProcessor WARNING  Orphan pdf_cell 1201 recovered to col=2 by nearest-column fallback (row=25, x=778.0, dist=42.6)
2026-09-07 00:49:51,518 MatchingPostProcessor WARNING  Orphan pdf_cell 1202 recovered to col=2 by nearest-column fallback (row=25, x=789.0, dist=31.6)
2026-09-07 00:49:51,518 MatchingPostProcessor WARNING  Orphan pdf_cell 1228 recovered to col=2 by nearest-column fallback (row=26, x=591.0, dist=229.6)
2026-09-07 00:49:51,518 MatchingPostProcessor WARNING  Orphan pdf_cell 1229 recovered to col=2 by nearest-column fallback (row=26, x=602.0, dist=218.6)
2026-09-07 00:49:51,518 MatchingPostProcessor WARNING  Orphan pdf_cell 1230 recovered to col=2 by nearest-column fallback (row=26, x=613.0, dist=207.6)
2026-09-07 00:49:51,518 MatchingPostProcessor WARNING  Orphan pdf_cell 1231 recovered to col=2 by nearest-column fallback (row=26, x=624.0, dist=196.6)
2026-09-07 00:49:51,518 MatchingPostProcessor WARNING  Orphan pdf_cell 1232 recovered to col=2 by nearest-column fallback (row=26, x=635.0, dist=185.6)
2026-09-07 00:49:51,518 MatchingPostProcessor WARNING  Orphan pdf_cell 1233 recovered to col=2 by nearest-column fallback (row=26, x=646.0, dist=174.6)
2026-09-07 00:49:51,518 MatchingPostProcessor WARNING  Orphan pdf_cell 1234 recovered to col=2 by nearest-column fallback (row=26, x=657.0, dist=163.6)
2026-09-07 00:49:51,518 MatchingPostProcessor WARNING  Orphan pdf_cell 1235 recovered to col=2 by nearest-column fallback (row=26, x=668.0, dist=152.6)
2026-09-07 00:49:51,518 MatchingPostProcessor WARNING  Orphan pdf_cell 1236 recovered to col=2 by nearest-column fallback (row=26, x=679.0, dist=141.6)
2026-09-07 00:49:51,518 MatchingPostProcessor WARNING  Orphan pdf_cell 1237 recovered to col=2 by nearest-column fallback (row=26, x=690.0, dist=130.6)
2026-09-07 00:49:51,518 MatchingPostProcessor WARNING  Orphan pdf_cell 1238 recovered to col=2 by nearest-column fallback (row=26, x=701.0, dist=119.6)
2026-09-07 00:49:51,518 MatchingPostProcessor WARNING  Orphan pdf_cell 1239 recovered to col=2 by nearest-column fallback (row=26, x=712.0, dist=108.6)
2026-09-07 00:49:51,518 MatchingPostProcessor WARNING  Orphan pdf_cell 1240 recovered to col=2 by nearest-column fallback (row=26, x=723.0, dist=97.6)
2026-09-07 00:49:51,518 MatchingPostProcessor WARNING  Orphan pdf_cell 1241 recovered to col=2 by nearest-column fallback (row=26, x=734.0, dist=86.6)
2026-09-07 00:49:51,518 MatchingPostProcessor WARNING  Orphan pdf_cell 1242 recovered to col=2 by nearest-column fallback (row=26, x=745.0, dist=75.6)
2026-09-07 00:49:51,518 MatchingPostProcessor WARNING  Orphan pdf_cell 1243 recovered to col=2 by nearest-column fallback (row=26, x=756.0, dist=64.6)
2026-09-07 00:49:51,518 MatchingPostProcessor WARNING  Orphan pdf_cell 1244 recovered to col=2 by nearest-column fallback (row=26, x=767.0, dist=53.6)
2026-09-07 00:49:51,518 MatchingPostProcessor WARNING  Orphan pdf_cell 1245 recovered to col=2 by nearest-column fallback (row=26, x=778.0, dist=42.6)
2026-09-07 00:49:51,518 MatchingPostProcessor WARNING  Orphan pdf_cell 1246 recovered to col=2 by nearest-column fallback (row=26, x=789.0, dist=31.6)
2026-09-07 00:49:51,519 MatchingPostProcessor WARNING  Orphan pdf_cell 1271 recovered to col=2 by nearest-column fallback (row=27, x=591.0, dist=229.6)
2026-09-07 00:49:51,519 MatchingPostProcessor WARNING  Orphan pdf_cell 1272 recovered to col=2 by nearest-column fallback (row=27, x=602.0, dist=218.6)
2026-09-07 00:49:51,519 MatchingPostProcessor WARNING  Orphan pdf_cell 1273 recovered to col=2 by nearest-column fallback (row=27, x=613.0, dist=207.6)
2026-09-07 00:49:51,519 MatchingPostProcessor WARNING  Orphan pdf_cell 1274 recovered to col=2 by nearest-column fallback (row=27, x=624.0, dist=196.6)
2026-09-07 00:49:51,519 MatchingPostProcessor WARNING  Orphan pdf_cell 1275 recovered to col=2 by nearest-column fallback (row=27, x=635.0, dist=185.6)
2026-09-07 00:49:51,519 MatchingPostProcessor WARNING  Orphan pdf_cell 1276 recovered to col=2 by nearest-column fallback (row=27, x=646.0, dist=174.6)
2026-09-07 00:49:51,519 MatchingPostProcessor WARNING  Orphan pdf_cell 1277 recovered to col=2 by nearest-column fallback (row=27, x=657.0, dist=163.6)
2026-09-07 00:49:51,519 MatchingPostProcessor WARNING  Orphan pdf_cell 1278 recovered to col=2 by nearest-column fallback (row=27, x=668.0, dist=152.6)
2026-09-07 00:49:51,519 MatchingPostProcessor WARNING  Orphan pdf_cell 1279 recovered to col=2 by nearest-column fallback (row=27, x=679.0, dist=141.6)
2026-09-07 00:49:51,519 MatchingPostProcessor WARNING  Orphan pdf_cell 1280 recovered to col=2 by nearest-column fallback (row=27, x=690.0, dist=130.6)
2026-09-07 00:49:51,519 MatchingPostProcessor WARNING  Orphan pdf_cell 1281 recovered to col=2 by nearest-column fallback (row=27, x=701.0, dist=119.6)
2026-09-07 00:49:51,519 MatchingPostProcessor WARNING  Orphan pdf_cell 1282 recovered to col=2 by nearest-column fallback (row=27, x=712.0, dist=108.6)
2026-09-07 00:49:51,519 MatchingPostProcessor WARNING  Orphan pdf_cell 1283 recovered to col=2 by nearest-column fallback (row=27, x=723.0, dist=97.6)
2026-09-07 00:49:51,519 MatchingPostProcessor WARNING  Orphan pdf_cell 1284 recovered to col=2 by nearest-column fallback (row=27, x=734.0, dist=86.6)
2026-09-07 00:49:51,519 MatchingPostProcessor WARNING  Orphan pdf_cell 1285 recovered to col=2 by nearest-column fallback (row=27, x=745.0, dist=75.6)
2026-09-07 00:49:51,519 MatchingPostProcessor WARNING  Orphan pdf_cell 1286 recovered to col=2 by nearest-column fallback (row=27, x=756.0, dist=64.6)
2026-09-07 00:49:51,519 MatchingPostProcessor WARNING  Orphan pdf_cell 1287 recovered to col=2 by nearest-column fallback (row=27, x=767.0, dist=53.6)
2026-09-07 00:49:51,519 MatchingPostProcessor WARNING  Orphan pdf_cell 1288 recovered to col=2 by nearest-column fallback (row=27, x=778.0, dist=42.6)
2026-09-07 00:49:51,519 MatchingPostProcessor WARNING  Orphan pdf_cell 1289 recovered to col=2 by nearest-column fallback (row=27, x=789.0, dist=31.6)
2026-09-07 00:49:51,519 MatchingPostProcessor WARNING  Orphan pdf_cell 1299 recovered to col=2 by nearest-column fallback (row=28, x=591.1, dist=229.5)
2026-09-07 00:49:51,519 MatchingPostProcessor WARNING  Orphan pdf_cell 1300 recovered to col=2 by nearest-column fallback (row=28, x=602.1, dist=218.5)
2026-09-07 00:49:51,519 MatchingPostProcessor WARNING  Orphan pdf_cell 1301 recovered to col=2 by nearest-column fallback (row=28, x=613.1, dist=207.5)
2026-09-07 00:49:51,519 MatchingPostProcessor WARNING  Orphan pdf_cell 1302 recovered to col=2 by nearest-column fallback (row=28, x=624.1, dist=196.5)
2026-09-07 00:49:51,519 MatchingPostProcessor WARNING  Orphan pdf_cell 1303 recovered to col=2 by nearest-column fallback (row=28, x=635.1, dist=185.5)
2026-09-07 00:49:51,519 MatchingPostProcessor WARNING  Orphan pdf_cell 1304 recovered to col=2 by nearest-column fallback (row=28, x=646.1, dist=174.5)
2026-09-07 00:49:51,519 MatchingPostProcessor WARNING  Orphan pdf_cell 1305 recovered to col=2 by nearest-column fallback (row=28, x=657.1, dist=163.5)
2026-09-07 00:49:51,519 MatchingPostProcessor WARNING  Orphan pdf_cell 1306 recovered to col=2 by nearest-column fallback (row=28, x=668.1, dist=152.5)
2026-09-07 00:49:51,519 MatchingPostProcessor WARNING  Orphan pdf_cell 1307 recovered to col=2 by nearest-column fallback (row=28, x=679.1, dist=141.5)
2026-09-07 00:49:51,519 MatchingPostProcessor WARNING  Orphan pdf_cell 1308 recovered to col=2 by nearest-column fallback (row=28, x=690.1, dist=130.5)
2026-09-07 00:49:51,519 MatchingPostProcessor WARNING  Orphan pdf_cell 1309 recovered to col=2 by nearest-column fallback (row=28, x=701.1, dist=119.5)
2026-09-07 00:49:51,519 MatchingPostProcessor WARNING  Orphan pdf_cell 1310 recovered to col=2 by nearest-column fallback (row=28, x=712.1, dist=108.5)
2026-09-07 00:49:51,519 MatchingPostProcessor WARNING  Orphan pdf_cell 1311 recovered to col=2 by nearest-column fallback (row=28, x=723.1, dist=97.5)
2026-09-07 00:49:51,519 MatchingPostProcessor WARNING  Orphan pdf_cell 1312 recovered to col=2 by nearest-column fallback (row=28, x=734.1, dist=86.5)
2026-09-07 00:49:51,520 MatchingPostProcessor WARNING  Orphan pdf_cell 1313 recovered to col=2 by nearest-column fallback (row=28, x=745.1, dist=75.5)
2026-09-07 00:49:51,520 MatchingPostProcessor WARNING  Orphan pdf_cell 1314 recovered to col=2 by nearest-column fallback (row=28, x=756.1, dist=64.5)
2026-09-07 00:49:51,520 MatchingPostProcessor WARNING  Orphan pdf_cell 1315 recovered to col=2 by nearest-column fallback (row=28, x=767.1, dist=53.5)
2026-09-07 00:49:51,520 MatchingPostProcessor WARNING  Orphan pdf_cell 1316 recovered to col=2 by nearest-column fallback (row=28, x=778.1, dist=42.5)
2026-09-07 00:49:51,520 MatchingPostProcessor WARNING  Orphan pdf_cell 1317 recovered to col=2 by nearest-column fallback (row=28, x=789.1, dist=31.5)
2026-09-07 00:49:51,520 MatchingPostProcessor WARNING  Orphan pdf_cell 1337 recovered to col=2 by nearest-column fallback (row=29, x=591.1, dist=229.6)
2026-09-07 00:49:51,520 MatchingPostProcessor WARNING  Orphan pdf_cell 1338 recovered to col=2 by nearest-column fallback (row=29, x=602.1, dist=218.6)
2026-09-07 00:49:51,520 MatchingPostProcessor WARNING  Orphan pdf_cell 1339 recovered to col=2 by nearest-column fallback (row=29, x=613.1, dist=207.6)
2026-09-07 00:49:51,520 MatchingPostProcessor WARNING  Orphan pdf_cell 1340 recovered to col=2 by nearest-column fallback (row=29, x=624.1, dist=196.6)
2026-09-07 00:49:51,520 MatchingPostProcessor WARNING  Orphan pdf_cell 1341 recovered to col=2 by nearest-column fallback (row=29, x=635.1, dist=185.6)
2026-09-07 00:49:51,520 MatchingPostProcessor WARNING  Orphan pdf_cell 1342 recovered to col=2 by nearest-column fallback (row=29, x=646.1, dist=174.6)
2026-09-07 00:49:51,520 MatchingPostProcessor WARNING  Orphan pdf_cell 1343 recovered to col=2 by nearest-column fallback (row=29, x=657.1, dist=163.6)
2026-09-07 00:49:51,520 MatchingPostProcessor WARNING  Orphan pdf_cell 1344 recovered to col=2 by nearest-column fallback (row=29, x=668.1, dist=152.6)
2026-09-07 00:49:51,520 MatchingPostProcessor WARNING  Orphan pdf_cell 1345 recovered to col=2 by nearest-column fallback (row=29, x=679.1, dist=141.6)
2026-09-07 00:49:51,520 MatchingPostProcessor WARNING  Orphan pdf_cell 1346 recovered to col=2 by nearest-column fallback (row=29, x=690.1, dist=130.6)
2026-09-07 00:49:51,520 MatchingPostProcessor WARNING  Orphan pdf_cell 1347 recovered to col=2 by nearest-column fallback (row=29, x=701.1, dist=119.6)
2026-09-07 00:49:51,520 MatchingPostProcessor WARNING  Orphan pdf_cell 1348 recovered to col=2 by nearest-column fallback (row=29, x=712.1, dist=108.6)
2026-09-07 00:49:51,520 MatchingPostProcessor WARNING  Orphan pdf_cell 1349 recovered to col=2 by nearest-column fallback (row=29, x=723.1, dist=97.6)
2026-09-07 00:49:51,520 MatchingPostProcessor WARNING  Orphan pdf_cell 1350 recovered to col=2 by nearest-column fallback (row=29, x=734.1, dist=86.6)
2026-09-07 00:49:51,520 MatchingPostProcessor WARNING  Orphan pdf_cell 1351 recovered to col=2 by nearest-column fallback (row=29, x=745.1, dist=75.6)
2026-09-07 00:49:51,520 MatchingPostProcessor WARNING  Orphan pdf_cell 1352 recovered to col=2 by nearest-column fallback (row=29, x=756.1, dist=64.6)
2026-09-07 00:49:51,520 MatchingPostProcessor WARNING  Orphan pdf_cell 1353 recovered to col=2 by nearest-column fallback (row=29, x=767.1, dist=53.6)
2026-09-07 00:49:51,520 MatchingPostProcessor WARNING  Orphan pdf_cell 1354 recovered to col=2 by nearest-column fallback (row=29, x=778.1, dist=42.6)
2026-09-07 00:49:51,520 MatchingPostProcessor WARNING  Orphan pdf_cell 1355 recovered to col=2 by nearest-column fallback (row=29, x=789.1, dist=31.6)
2026-09-07 00:49:51,521 MatchingPostProcessor WARNING  Orphan pdf_cell 1395 recovered to col=2 by nearest-column fallback (row=30, x=591.0, dist=229.6)
2026-09-07 00:49:51,521 MatchingPostProcessor WARNING  Orphan pdf_cell 1396 recovered to col=2 by nearest-column fallback (row=30, x=602.0, dist=218.6)
2026-09-07 00:49:51,521 MatchingPostProcessor WARNING  Orphan pdf_cell 1397 recovered to col=2 by nearest-column fallback (row=30, x=613.0, dist=207.6)
2026-09-07 00:49:51,521 MatchingPostProcessor WARNING  Orphan pdf_cell 1398 recovered to col=2 by nearest-column fallback (row=30, x=624.0, dist=196.6)
2026-09-07 00:49:51,521 MatchingPostProcessor WARNING  Orphan pdf_cell 1399 recovered to col=2 by nearest-column fallback (row=30, x=635.0, dist=185.6)
2026-09-07 00:49:51,521 MatchingPostProcessor WARNING  Orphan pdf_cell 1400 recovered to col=2 by nearest-column fallback (row=30, x=646.0, dist=174.6)
2026-09-07 00:49:51,521 MatchingPostProcessor WARNING  Orphan pdf_cell 1401 recovered to col=2 by nearest-column fallback (row=30, x=657.0, dist=163.6)
2026-09-07 00:49:51,521 MatchingPostProcessor WARNING  Orphan pdf_cell 1402 recovered to col=2 by nearest-column fallback (row=30, x=668.0, dist=152.6)
2026-09-07 00:49:51,521 MatchingPostProcessor WARNING  Orphan pdf_cell 1403 recovered to col=2 by nearest-column fallback (row=30, x=679.0, dist=141.6)
2026-09-07 00:49:51,521 MatchingPostProcessor WARNING  Orphan pdf_cell 1404 recovered to col=2 by nearest-column fallback (row=30, x=690.0, dist=130.6)
2026-09-07 00:49:51,521 MatchingPostProcessor WARNING  Orphan pdf_cell 1405 recovered to col=2 by nearest-column fallback (row=30, x=701.0, dist=119.6)
2026-09-07 00:49:51,521 MatchingPostProcessor WARNING  Orphan pdf_cell 1406 recovered to col=2 by nearest-column fallback (row=30, x=712.0, dist=108.6)
2026-09-07 00:49:51,521 MatchingPostProcessor WARNING  Orphan pdf_cell 1407 recovered to col=2 by nearest-column fallback (row=30, x=723.0, dist=97.6)
2026-09-07 00:49:51,521 MatchingPostProcessor WARNING  Orphan pdf_cell 1408 recovered to col=2 by nearest-column fallback (row=30, x=734.0, dist=86.6)
2026-09-07 00:49:51,521 MatchingPostProcessor WARNING  Orphan pdf_cell 1409 recovered to col=2 by nearest-column fallback (row=30, x=745.0, dist=75.6)
2026-09-07 00:49:51,521 MatchingPostProcessor WARNING  Orphan pdf_cell 1410 recovered to col=2 by nearest-column fallback (row=30, x=756.0, dist=64.6)
2026-09-07 00:49:51,521 MatchingPostProcessor WARNING  Orphan pdf_cell 1411 recovered to col=2 by nearest-column fallback (row=30, x=767.0, dist=53.6)
2026-09-07 00:49:51,521 MatchingPostProcessor WARNING  Orphan pdf_cell 1412 recovered to col=2 by nearest-column fallback (row=30, x=778.0, dist=42.6)
2026-09-07 00:49:51,521 MatchingPostProcessor WARNING  Orphan pdf_cell 1413 recovered to col=2 by nearest-column fallback (row=30, x=789.0, dist=31.6)
2026-09-07 00:49:51,521 MatchingPostProcessor WARNING  Orphan pdf_cell 1439 recovered to col=2 by nearest-column fallback (row=31, x=591.0, dist=229.6)
2026-09-07 00:49:51,521 MatchingPostProcessor WARNING  Orphan pdf_cell 1440 recovered to col=2 by nearest-column fallback (row=31, x=602.0, dist=218.6)
2026-09-07 00:49:51,521 MatchingPostProcessor WARNING  Orphan pdf_cell 1441 recovered to col=2 by nearest-column fallback (row=31, x=613.0, dist=207.6)
2026-09-07 00:49:51,521 MatchingPostProcessor WARNING  Orphan pdf_cell 1442 recovered to col=2 by nearest-column fallback (row=31, x=624.0, dist=196.6)
2026-09-07 00:49:51,521 MatchingPostProcessor WARNING  Orphan pdf_cell 1443 recovered to col=2 by nearest-column fallback (row=31, x=635.0, dist=185.6)
2026-09-07 00:49:51,521 MatchingPostProcessor WARNING  Orphan pdf_cell 1444 recovered to col=2 by nearest-column fallback (row=31, x=646.0, dist=174.6)
2026-09-07 00:49:51,521 MatchingPostProcessor WARNING  Orphan pdf_cell 1445 recovered to col=2 by nearest-column fallback (row=31, x=657.0, dist=163.6)
2026-09-07 00:49:51,521 MatchingPostProcessor WARNING  Orphan pdf_cell 1446 recovered to col=2 by nearest-column fallback (row=31, x=668.0, dist=152.6)
2026-09-07 00:49:51,521 MatchingPostProcessor WARNING  Orphan pdf_cell 1447 recovered to col=2 by nearest-column fallback (row=31, x=679.0, dist=141.6)
2026-09-07 00:49:51,521 MatchingPostProcessor WARNING  Orphan pdf_cell 1448 recovered to col=2 by nearest-column fallback (row=31, x=690.0, dist=130.6)
2026-09-07 00:49:51,522 MatchingPostProcessor WARNING  Orphan pdf_cell 1449 recovered to col=2 by nearest-column fallback (row=31, x=701.0, dist=119.6)
2026-09-07 00:49:51,522 MatchingPostProcessor WARNING  Orphan pdf_cell 1450 recovered to col=2 by nearest-column fallback (row=31, x=712.0, dist=108.6)
2026-09-07 00:49:51,522 MatchingPostProcessor WARNING  Orphan pdf_cell 1451 recovered to col=2 by nearest-column fallback (row=31, x=723.0, dist=97.6)
2026-09-07 00:49:51,522 MatchingPostProcessor WARNING  Orphan pdf_cell 1452 recovered to col=2 by nearest-column fallback (row=31, x=734.0, dist=86.6)
2026-09-07 00:49:51,522 MatchingPostProcessor WARNING  Orphan pdf_cell 1453 recovered to col=2 by nearest-column fallback (row=31, x=745.0, dist=75.6)
2026-09-07 00:49:51,522 MatchingPostProcessor WARNING  Orphan pdf_cell 1454 recovered to col=2 by nearest-column fallback (row=31, x=756.0, dist=64.6)
2026-09-07 00:49:51,522 MatchingPostProcessor WARNING  Orphan pdf_cell 1455 recovered to col=2 by nearest-column fallback (row=31, x=767.0, dist=53.6)
2026-09-07 00:49:51,522 MatchingPostProcessor WARNING  Orphan pdf_cell 1456 recovered to col=2 by nearest-column fallback (row=31, x=778.0, dist=42.6)
2026-09-07 00:49:51,522 MatchingPostProcessor WARNING  Orphan pdf_cell 1457 recovered to col=2 by nearest-column fallback (row=31, x=789.0, dist=31.6)
2026-09-07 00:49:51,522 MatchingPostProcessor WARNING  Orphan pdf_cell 1492 recovered to col=2 by nearest-column fallback (row=32, x=591.0, dist=229.6)
2026-09-07 00:49:51,522 MatchingPostProcessor WARNING  Orphan pdf_cell 1493 recovered to col=2 by nearest-column fallback (row=32, x=602.0, dist=218.6)
2026-09-07 00:49:51,522 MatchingPostProcessor WARNING  Orphan pdf_cell 1494 recovered to col=2 by nearest-column fallback (row=32, x=613.0, dist=207.6)
2026-09-07 00:49:51,522 MatchingPostProcessor WARNING  Orphan pdf_cell 1495 recovered to col=2 by nearest-column fallback (row=32, x=624.0, dist=196.6)
2026-09-07 00:49:51,522 MatchingPostProcessor WARNING  Orphan pdf_cell 1496 recovered to col=2 by nearest-column fallback (row=32, x=635.0, dist=185.6)
2026-09-07 00:49:51,522 MatchingPostProcessor WARNING  Orphan pdf_cell 1497 recovered to col=2 by nearest-column fallback (row=32, x=646.0, dist=174.6)
2026-09-07 00:49:51,522 MatchingPostProcessor WARNING  Orphan pdf_cell 1498 recovered to col=2 by nearest-column fallback (row=32, x=657.0, dist=163.6)
2026-09-07 00:49:51,522 MatchingPostProcessor WARNING  Orphan pdf_cell 1499 recovered to col=2 by nearest-column fallback (row=32, x=668.0, dist=152.6)
2026-09-07 00:49:51,522 MatchingPostProcessor WARNING  Orphan pdf_cell 1500 recovered to col=2 by nearest-column fallback (row=32, x=679.0, dist=141.6)
2026-09-07 00:49:51,522 MatchingPostProcessor WARNING  Orphan pdf_cell 1501 recovered to col=2 by nearest-column fallback (row=32, x=690.0, dist=130.6)
2026-09-07 00:49:51,522 MatchingPostProcessor WARNING  Orphan pdf_cell 1502 recovered to col=2 by nearest-column fallback (row=32, x=701.0, dist=119.6)
2026-09-07 00:49:51,522 MatchingPostProcessor WARNING  Orphan pdf_cell 1503 recovered to col=2 by nearest-column fallback (row=32, x=712.0, dist=108.6)
2026-09-07 00:49:51,522 MatchingPostProcessor WARNING  Orphan pdf_cell 1504 recovered to col=2 by nearest-column fallback (row=32, x=723.0, dist=97.6)
2026-09-07 00:49:51,522 MatchingPostProcessor WARNING  Orphan pdf_cell 1505 recovered to col=2 by nearest-column fallback (row=32, x=734.0, dist=86.6)
2026-09-07 00:49:51,522 MatchingPostProcessor WARNING  Orphan pdf_cell 1506 recovered to col=2 by nearest-column fallback (row=32, x=745.0, dist=75.6)
2026-09-07 00:49:51,523 MatchingPostProcessor WARNING  Orphan pdf_cell 1507 recovered to col=2 by nearest-column fallback (row=32, x=756.0, dist=64.6)
2026-09-07 00:49:51,523 MatchingPostProcessor WARNING  Orphan pdf_cell 1508 recovered to col=2 by nearest-column fallback (row=32, x=767.0, dist=53.6)
2026-09-07 00:49:51,523 MatchingPostProcessor WARNING  Orphan pdf_cell 1509 recovered to col=2 by nearest-column fallback (row=32, x=778.0, dist=42.6)
2026-09-07 00:49:51,523 MatchingPostProcessor WARNING  Orphan pdf_cell 1510 recovered to col=2 by nearest-column fallback (row=32, x=789.0, dist=31.6)
2026-09-07 00:49:51,523 MatchingPostProcessor WARNING  Orphan pdf_cell 1541 recovered to col=2 by nearest-column fallback (row=33, x=591.0, dist=229.6)
2026-09-07 00:49:51,523 MatchingPostProcessor WARNING  Orphan pdf_cell 1542 recovered to col=2 by nearest-column fallback (row=33, x=602.0, dist=218.6)
2026-09-07 00:49:51,523 MatchingPostProcessor WARNING  Orphan pdf_cell 1543 recovered to col=2 by nearest-column fallback (row=33, x=613.0, dist=207.6)
2026-09-07 00:49:51,523 MatchingPostProcessor WARNING  Orphan pdf_cell 1544 recovered to col=2 by nearest-column fallback (row=33, x=624.0, dist=196.6)
2026-09-07 00:49:51,523 MatchingPostProcessor WARNING  Orphan pdf_cell 1545 recovered to col=2 by nearest-column fallback (row=33, x=635.0, dist=185.6)
2026-09-07 00:49:51,523 MatchingPostProcessor WARNING  Orphan pdf_cell 1546 recovered to col=2 by nearest-column fallback (row=33, x=646.0, dist=174.6)
2026-09-07 00:49:51,523 MatchingPostProcessor WARNING  Orphan pdf_cell 1547 recovered to col=2 by nearest-column fallback (row=33, x=657.0, dist=163.6)
2026-09-07 00:49:51,523 MatchingPostProcessor WARNING  Orphan pdf_cell 1548 recovered to col=2 by nearest-column fallback (row=33, x=668.0, dist=152.6)
2026-09-07 00:49:51,523 MatchingPostProcessor WARNING  Orphan pdf_cell 1549 recovered to col=2 by nearest-column fallback (row=33, x=679.0, dist=141.6)
2026-09-07 00:49:51,523 MatchingPostProcessor WARNING  Orphan pdf_cell 1550 recovered to col=2 by nearest-column fallback (row=33, x=690.0, dist=130.6)
2026-09-07 00:49:51,523 MatchingPostProcessor WARNING  Orphan pdf_cell 1551 recovered to col=2 by nearest-column fallback (row=33, x=701.0, dist=119.6)
2026-09-07 00:49:51,523 MatchingPostProcessor WARNING  Orphan pdf_cell 1552 recovered to col=2 by nearest-column fallback (row=33, x=712.0, dist=108.6)
2026-09-07 00:49:51,523 MatchingPostProcessor WARNING  Orphan pdf_cell 1553 recovered to col=2 by nearest-column fallback (row=33, x=723.0, dist=97.6)
2026-09-07 00:49:51,523 MatchingPostProcessor WARNING  Orphan pdf_cell 1554 recovered to col=2 by nearest-column fallback (row=33, x=734.0, dist=86.6)
2026-09-07 00:49:51,523 MatchingPostProcessor WARNING  Orphan pdf_cell 1555 recovered to col=2 by nearest-column fallback (row=33, x=745.0, dist=75.6)
2026-09-07 00:49:51,523 MatchingPostProcessor WARNING  Orphan pdf_cell 1556 recovered to col=2 by nearest-column fallback (row=33, x=756.0, dist=64.6)
2026-09-07 00:49:51,523 MatchingPostProcessor WARNING  Orphan pdf_cell 1557 recovered to col=2 by nearest-column fallback (row=33, x=767.0, dist=53.6)
2026-09-07 00:49:51,523 MatchingPostProcessor WARNING  Orphan pdf_cell 1558 recovered to col=2 by nearest-column fallback (row=33, x=778.0, dist=42.6)
2026-09-07 00:49:51,523 MatchingPostProcessor WARNING  Orphan pdf_cell 1559 recovered to col=2 by nearest-column fallback (row=33, x=789.0, dist=31.6)
2026-09-07 00:49:53,171 MatchingPostProcessor WARNING  Orphan pdf_cell 16 recovered to col=2 by nearest-column fallback (row=0, x=466.8, dist=166.0)
2026-09-07 00:49:53,171 MatchingPostProcessor WARNING  Orphan pdf_cell 17 recovered to col=2 by nearest-column fallback (row=0, x=478.3, dist=177.4)
2026-09-07 00:49:53,171 MatchingPostProcessor WARNING  Orphan pdf_cell 18 recovered to col=2 by nearest-column fallback (row=0, x=489.7, dist=188.8)
2026-09-07 00:49:53,171 MatchingPostProcessor WARNING  Orphan pdf_cell 19 recovered to col=2 by nearest-column fallback (row=0, x=501.1, dist=200.3)
2026-09-07 00:49:53,171 MatchingPostProcessor WARNING  Orphan pdf_cell 20 recovered to col=2 by nearest-column fallback (row=0, x=512.6, dist=211.7)
2026-09-07 00:49:53,171 MatchingPostProcessor WARNING  Orphan pdf_cell 21 recovered to col=2 by nearest-column fallback (row=0, x=524.0, dist=223.1)
2026-09-07 00:49:53,171 MatchingPostProcessor WARNING  Orphan pdf_cell 22 recovered to col=2 by nearest-column fallback (row=0, x=535.4, dist=234.6)
2026-09-07 00:49:53,171 MatchingPostProcessor WARNING  Orphan pdf_cell 23 recovered to col=2 by nearest-column fallback (row=0, x=546.9, dist=246.0)
2026-09-07 00:49:53,171 MatchingPostProcessor WARNING  Orphan pdf_cell 24 recovered to col=2 by nearest-column fallback (row=0, x=558.3, dist=257.4)
2026-09-07 00:49:53,171 MatchingPostProcessor WARNING  Orphan pdf_cell 25 recovered to col=3 by nearest-column fallback (row=0, x=569.7, dist=251.6)
2026-09-07 00:49:53,171 MatchingPostProcessor WARNING  Orphan pdf_cell 26 recovered to col=3 by nearest-column fallback (row=0, x=581.2, dist=240.2)
2026-09-07 00:49:53,171 MatchingPostProcessor WARNING  Orphan pdf_cell 27 recovered to col=3 by nearest-column fallback (row=0, x=592.6, dist=228.8)
2026-09-07 00:49:53,171 MatchingPostProcessor WARNING  Orphan pdf_cell 28 recovered to col=3 by nearest-column fallback (row=0, x=604.0, dist=217.3)
2026-09-07 00:49:53,171 MatchingPostProcessor WARNING  Orphan pdf_cell 29 recovered to col=3 by nearest-column fallback (row=0, x=615.5, dist=205.9)
2026-09-07 00:49:53,171 MatchingPostProcessor WARNING  Orphan pdf_cell 30 recovered to col=3 by nearest-column fallback (row=0, x=626.9, dist=194.5)
2026-09-07 00:49:53,171 MatchingPostProcessor WARNING  Orphan pdf_cell 31 recovered to col=3 by nearest-column fallback (row=0, x=638.3, dist=183.0)
2026-09-07 00:49:53,171 MatchingPostProcessor WARNING  Orphan pdf_cell 32 recovered to col=3 by nearest-column fallback (row=0, x=649.8, dist=171.6)
2026-09-07 00:49:53,171 MatchingPostProcessor WARNING  Orphan pdf_cell 33 recovered to col=3 by nearest-column fallback (row=0, x=661.2, dist=160.2)
2026-09-07 00:49:53,171 MatchingPostProcessor WARNING  Orphan pdf_cell 34 recovered to col=3 by nearest-column fallback (row=0, x=672.6, dist=148.7)
2026-09-07 00:49:53,171 MatchingPostProcessor WARNING  Orphan pdf_cell 35 recovered to col=3 by nearest-column fallback (row=0, x=684.1, dist=137.3)
2026-09-07 00:49:53,171 MatchingPostProcessor WARNING  Orphan pdf_cell 36 recovered to col=3 by nearest-column fallback (row=0, x=695.5, dist=125.9)
2026-09-07 00:49:53,171 MatchingPostProcessor WARNING  Orphan pdf_cell 37 recovered to col=3 by nearest-column fallback (row=0, x=706.9, dist=114.4)
2026-09-07 00:49:53,171 MatchingPostProcessor WARNING  Orphan pdf_cell 38 recovered to col=3 by nearest-column fallback (row=0, x=718.4, dist=103.0)
2026-09-07 00:49:53,171 MatchingPostProcessor WARNING  Orphan pdf_cell 39 recovered to col=3 by nearest-column fallback (row=0, x=729.8, dist=91.6)
2026-09-07 00:49:53,171 MatchingPostProcessor WARNING  Orphan pdf_cell 40 recovered to col=3 by nearest-column fallback (row=0, x=741.2, dist=80.1)
2026-09-07 00:49:53,171 MatchingPostProcessor WARNING  Orphan pdf_cell 41 recovered to col=3 by nearest-column fallback (row=0, x=752.7, dist=68.7)
2026-09-07 00:49:53,171 MatchingPostProcessor WARNING  Orphan pdf_cell 42 recovered to col=3 by nearest-column fallback (row=0, x=764.1, dist=57.3)
2026-09-07 00:49:53,172 MatchingPostProcessor WARNING  Orphan pdf_cell 43 recovered to col=3 by nearest-column fallback (row=0, x=775.5, dist=45.8)
2026-09-07 00:49:53,172 MatchingPostProcessor WARNING  Orphan pdf_cell 44 recovered to col=3 by nearest-column fallback (row=0, x=787.0, dist=34.4)
2026-09-07 00:49:53,172 MatchingPostProcessor WARNING  Orphan pdf_cell 69 recovered to col=2 by nearest-column fallback (row=1, x=458.9, dist=158.1)
2026-09-07 00:49:53,172 MatchingPostProcessor WARNING  Orphan pdf_cell 70 recovered to col=2 by nearest-column fallback (row=1, x=469.9, dist=169.1)
2026-09-07 00:49:53,172 MatchingPostProcessor WARNING  Orphan pdf_cell 71 recovered to col=2 by nearest-column fallback (row=1, x=480.9, dist=180.1)
2026-09-07 00:49:53,172 MatchingPostProcessor WARNING  Orphan pdf_cell 72 recovered to col=2 by nearest-column fallback (row=1, x=491.9, dist=191.1)
2026-09-07 00:49:53,172 MatchingPostProcessor WARNING  Orphan pdf_cell 73 recovered to col=2 by nearest-column fallback (row=1, x=502.9, dist=202.1)
2026-09-07 00:49:53,172 MatchingPostProcessor WARNING  Orphan pdf_cell 74 recovered to col=2 by nearest-column fallback (row=1, x=513.9, dist=213.1)
2026-09-07 00:49:53,172 MatchingPostProcessor WARNING  Orphan pdf_cell 75 recovered to col=2 by nearest-column fallback (row=1, x=524.9, dist=224.1)
2026-09-07 00:49:53,172 MatchingPostProcessor WARNING  Orphan pdf_cell 76 recovered to col=2 by nearest-column fallback (row=1, x=535.9, dist=235.1)
2026-09-07 00:49:53,172 MatchingPostProcessor WARNING  Orphan pdf_cell 77 recovered to col=2 by nearest-column fallback (row=1, x=546.9, dist=246.1)
2026-09-07 00:49:53,172 MatchingPostProcessor WARNING  Orphan pdf_cell 78 recovered to col=2 by nearest-column fallback (row=1, x=557.9, dist=257.1)
2026-09-07 00:49:53,172 MatchingPostProcessor WARNING  Orphan pdf_cell 79 recovered to col=3 by nearest-column fallback (row=1, x=568.9, dist=252.5)
2026-09-07 00:49:53,172 MatchingPostProcessor WARNING  Orphan pdf_cell 80 recovered to col=3 by nearest-column fallback (row=1, x=579.9, dist=241.5)
2026-09-07 00:49:53,172 MatchingPostProcessor WARNING  Orphan pdf_cell 81 recovered to col=3 by nearest-column fallback (row=1, x=590.9, dist=230.5)
2026-09-07 00:49:53,172 MatchingPostProcessor WARNING  Orphan pdf_cell 82 recovered to col=3 by nearest-column fallback (row=1, x=601.9, dist=219.5)
2026-09-07 00:49:53,172 MatchingPostProcessor WARNING  Orphan pdf_cell 83 recovered to col=3 by nearest-column fallback (row=1, x=612.9, dist=208.5)
2026-09-07 00:49:53,172 MatchingPostProcessor WARNING  Orphan pdf_cell 84 recovered to col=3 by nearest-column fallback (row=1, x=623.9, dist=197.5)
2026-09-07 00:49:53,172 MatchingPostProcessor WARNING  Orphan pdf_cell 85 recovered to col=3 by nearest-column fallback (row=1, x=634.9, dist=186.5)
2026-09-07 00:49:53,172 MatchingPostProcessor WARNING  Orphan pdf_cell 86 recovered to col=3 by nearest-column fallback (row=1, x=645.9, dist=175.5)
2026-09-07 00:49:53,172 MatchingPostProcessor WARNING  Orphan pdf_cell 87 recovered to col=3 by nearest-column fallback (row=1, x=656.9, dist=164.5)
2026-09-07 00:49:53,172 MatchingPostProcessor WARNING  Orphan pdf_cell 88 recovered to col=3 by nearest-column fallback (row=1, x=667.9, dist=153.5)
2026-09-07 00:49:53,172 MatchingPostProcessor WARNING  Orphan pdf_cell 89 recovered to col=3 by nearest-column fallback (row=1, x=678.9, dist=142.5)
2026-09-07 00:49:53,172 MatchingPostProcessor WARNING  Orphan pdf_cell 90 recovered to col=3 by nearest-column fallback (row=1, x=689.9, dist=131.5)
2026-09-07 00:49:53,172 MatchingPostProcessor WARNING  Orphan pdf_cell 91 recovered to col=3 by nearest-column fallback (row=1, x=700.9, dist=120.5)
2026-09-07 00:49:53,172 MatchingPostProcessor WARNING  Orphan pdf_cell 92 recovered to col=3 by nearest-column fallback (row=1, x=711.9, dist=109.5)
2026-09-07 00:49:53,172 MatchingPostProcessor WARNING  Orphan pdf_cell 93 recovered to col=3 by nearest-column fallback (row=1, x=722.9, dist=98.5)
2026-09-07 00:49:53,172 MatchingPostProcessor WARNING  Orphan pdf_cell 94 recovered to col=3 by nearest-column fallback (row=1, x=733.9, dist=87.5)
2026-09-07 00:49:53,172 MatchingPostProcessor WARNING  Orphan pdf_cell 95 recovered to col=3 by nearest-column fallback (row=1, x=744.9, dist=76.5)
2026-09-07 00:49:53,172 MatchingPostProcessor WARNING  Orphan pdf_cell 96 recovered to col=3 by nearest-column fallback (row=1, x=755.9, dist=65.5)
2026-09-07 00:49:53,172 MatchingPostProcessor WARNING  Orphan pdf_cell 97 recovered to col=3 by nearest-column fallback (row=1, x=766.9, dist=54.5)
2026-09-07 00:49:53,172 MatchingPostProcessor WARNING  Orphan pdf_cell 98 recovered to col=3 by nearest-column fallback (row=1, x=777.9, dist=43.5)
2026-09-07 00:49:53,172 MatchingPostProcessor WARNING  Orphan pdf_cell 99 recovered to col=3 by nearest-column fallback (row=1, x=788.9, dist=32.5)
2026-09-07 00:49:53,172 MatchingPostProcessor WARNING  Orphan pdf_cell 122 recovered to col=2 by nearest-column fallback (row=2, x=458.9, dist=158.1)
2026-09-07 00:49:53,172 MatchingPostProcessor WARNING  Orphan pdf_cell 123 recovered to col=2 by nearest-column fallback (row=2, x=469.9, dist=169.1)
2026-09-07 00:49:53,173 MatchingPostProcessor WARNING  Orphan pdf_cell 124 recovered to col=2 by nearest-column fallback (row=2, x=480.9, dist=180.1)
2026-09-07 00:49:53,173 MatchingPostProcessor WARNING  Orphan pdf_cell 125 recovered to col=2 by nearest-column fallback (row=2, x=491.9, dist=191.1)
2026-09-07 00:49:53,173 MatchingPostProcessor WARNING  Orphan pdf_cell 126 recovered to col=2 by nearest-column fallback (row=2, x=502.9, dist=202.1)
2026-09-07 00:49:53,173 MatchingPostProcessor WARNING  Orphan pdf_cell 127 recovered to col=2 by nearest-column fallback (row=2, x=513.9, dist=213.1)
2026-09-07 00:49:53,173 MatchingPostProcessor WARNING  Orphan pdf_cell 128 recovered to col=2 by nearest-column fallback (row=2, x=524.9, dist=224.1)
2026-09-07 00:49:53,173 MatchingPostProcessor WARNING  Orphan pdf_cell 129 recovered to col=2 by nearest-column fallback (row=2, x=535.9, dist=235.1)
2026-09-07 00:49:53,173 MatchingPostProcessor WARNING  Orphan pdf_cell 130 recovered to col=2 by nearest-column fallback (row=2, x=546.9, dist=246.1)
2026-09-07 00:49:53,173 MatchingPostProcessor WARNING  Orphan pdf_cell 131 recovered to col=2 by nearest-column fallback (row=2, x=557.9, dist=257.1)
2026-09-07 00:49:53,173 MatchingPostProcessor WARNING  Orphan pdf_cell 132 recovered to col=3 by nearest-column fallback (row=2, x=568.9, dist=252.5)
2026-09-07 00:49:53,173 MatchingPostProcessor WARNING  Orphan pdf_cell 133 recovered to col=3 by nearest-column fallback (row=2, x=579.9, dist=241.5)
2026-09-07 00:49:53,173 MatchingPostProcessor WARNING  Orphan pdf_cell 134 recovered to col=3 by nearest-column fallback (row=2, x=590.9, dist=230.5)
2026-09-07 00:49:53,173 MatchingPostProcessor WARNING  Orphan pdf_cell 135 recovered to col=3 by nearest-column fallback (row=2, x=601.9, dist=219.5)
2026-09-07 00:49:53,173 MatchingPostProcessor WARNING  Orphan pdf_cell 136 recovered to col=3 by nearest-column fallback (row=2, x=612.9, dist=208.5)
2026-09-07 00:49:53,173 MatchingPostProcessor WARNING  Orphan pdf_cell 137 recovered to col=3 by nearest-column fallback (row=2, x=623.9, dist=197.5)
2026-09-07 00:49:53,173 MatchingPostProcessor WARNING  Orphan pdf_cell 138 recovered to col=3 by nearest-column fallback (row=2, x=634.9, dist=186.5)
2026-09-07 00:49:53,173 MatchingPostProcessor WARNING  Orphan pdf_cell 139 recovered to col=3 by nearest-column fallback (row=2, x=645.9, dist=175.5)
2026-09-07 00:49:53,173 MatchingPostProcessor WARNING  Orphan pdf_cell 140 recovered to col=3 by nearest-column fallback (row=2, x=656.9, dist=164.5)
2026-09-07 00:49:53,173 MatchingPostProcessor WARNING  Orphan pdf_cell 141 recovered to col=3 by nearest-column fallback (row=2, x=667.9, dist=153.5)
2026-09-07 00:49:53,173 MatchingPostProcessor WARNING  Orphan pdf_cell 142 recovered to col=3 by nearest-column fallback (row=2, x=678.9, dist=142.5)
2026-09-07 00:49:53,173 MatchingPostProcessor WARNING  Orphan pdf_cell 143 recovered to col=3 by nearest-column fallback (row=2, x=689.9, dist=131.5)
2026-09-07 00:49:53,173 MatchingPostProcessor WARNING  Orphan pdf_cell 144 recovered to col=3 by nearest-column fallback (row=2, x=700.9, dist=120.5)
2026-09-07 00:49:53,173 MatchingPostProcessor WARNING  Orphan pdf_cell 145 recovered to col=3 by nearest-column fallback (row=2, x=711.9, dist=109.5)
2026-09-07 00:49:53,173 MatchingPostProcessor WARNING  Orphan pdf_cell 146 recovered to col=3 by nearest-column fallback (row=2, x=722.9, dist=98.5)
2026-09-07 00:49:53,173 MatchingPostProcessor WARNING  Orphan pdf_cell 147 recovered to col=3 by nearest-column fallback (row=2, x=733.9, dist=87.5)
2026-09-07 00:49:53,173 MatchingPostProcessor WARNING  Orphan pdf_cell 148 recovered to col=3 by nearest-column fallback (row=2, x=744.9, dist=76.5)
2026-09-07 00:49:53,173 MatchingPostProcessor WARNING  Orphan pdf_cell 149 recovered to col=3 by nearest-column fallback (row=2, x=755.9, dist=65.5)
2026-09-07 00:49:53,173 MatchingPostProcessor WARNING  Orphan pdf_cell 150 recovered to col=3 by nearest-column fallback (row=2, x=766.9, dist=54.5)
2026-09-07 00:49:53,173 MatchingPostProcessor WARNING  Orphan pdf_cell 151 recovered to col=3 by nearest-column fallback (row=2, x=777.9, dist=43.5)
2026-09-07 00:49:53,173 MatchingPostProcessor WARNING  Orphan pdf_cell 152 recovered to col=3 by nearest-column fallback (row=2, x=788.9, dist=32.5)
2026-09-07 00:49:53,173 MatchingPostProcessor WARNING  Orphan pdf_cell 174 recovered to col=2 by nearest-column fallback (row=3, x=458.9, dist=158.1)
2026-09-07 00:49:53,173 MatchingPostProcessor WARNING  Orphan pdf_cell 175 recovered to col=2 by nearest-column fallback (row=3, x=469.9, dist=169.1)
2026-09-07 00:49:53,173 MatchingPostProcessor WARNING  Orphan pdf_cell 176 recovered to col=2 by nearest-column fallback (row=3, x=480.9, dist=180.1)
2026-09-07 00:49:53,173 MatchingPostProcessor WARNING  Orphan pdf_cell 177 recovered to col=2 by nearest-column fallback (row=3, x=491.9, dist=191.1)
2026-09-07 00:49:53,174 MatchingPostProcessor WARNING  Orphan pdf_cell 178 recovered to col=2 by nearest-column fallback (row=3, x=502.9, dist=202.1)
2026-09-07 00:49:53,174 MatchingPostProcessor WARNING  Orphan pdf_cell 179 recovered to col=2 by nearest-column fallback (row=3, x=513.9, dist=213.1)
2026-09-07 00:49:53,174 MatchingPostProcessor WARNING  Orphan pdf_cell 180 recovered to col=2 by nearest-column fallback (row=3, x=524.9, dist=224.1)
2026-09-07 00:49:53,174 MatchingPostProcessor WARNING  Orphan pdf_cell 181 recovered to col=2 by nearest-column fallback (row=3, x=535.9, dist=235.1)
2026-09-07 00:49:53,174 MatchingPostProcessor WARNING  Orphan pdf_cell 182 recovered to col=2 by nearest-column fallback (row=3, x=546.9, dist=246.1)
2026-09-07 00:49:53,174 MatchingPostProcessor WARNING  Orphan pdf_cell 183 recovered to col=2 by nearest-column fallback (row=3, x=557.9, dist=257.1)
2026-09-07 00:49:53,174 MatchingPostProcessor WARNING  Orphan pdf_cell 184 recovered to col=3 by nearest-column fallback (row=3, x=568.9, dist=252.5)
2026-09-07 00:49:53,174 MatchingPostProcessor WARNING  Orphan pdf_cell 185 recovered to col=3 by nearest-column fallback (row=3, x=579.9, dist=241.5)
2026-09-07 00:49:53,174 MatchingPostProcessor WARNING  Orphan pdf_cell 186 recovered to col=3 by nearest-column fallback (row=3, x=590.9, dist=230.5)
2026-09-07 00:49:53,174 MatchingPostProcessor WARNING  Orphan pdf_cell 187 recovered to col=3 by nearest-column fallback (row=3, x=601.9, dist=219.5)
2026-09-07 00:49:53,174 MatchingPostProcessor WARNING  Orphan pdf_cell 188 recovered to col=3 by nearest-column fallback (row=3, x=612.9, dist=208.5)
2026-09-07 00:49:53,174 MatchingPostProcessor WARNING  Orphan pdf_cell 189 recovered to col=3 by nearest-column fallback (row=3, x=623.9, dist=197.5)
2026-09-07 00:49:53,174 MatchingPostProcessor WARNING  Orphan pdf_cell 190 recovered to col=3 by nearest-column fallback (row=3, x=634.9, dist=186.5)
2026-09-07 00:49:53,174 MatchingPostProcessor WARNING  Orphan pdf_cell 191 recovered to col=3 by nearest-column fallback (row=3, x=645.9, dist=175.5)
2026-09-07 00:49:53,174 MatchingPostProcessor WARNING  Orphan pdf_cell 192 recovered to col=3 by nearest-column fallback (row=3, x=656.9, dist=164.5)
2026-09-07 00:49:53,174 MatchingPostProcessor WARNING  Orphan pdf_cell 193 recovered to col=3 by nearest-column fallback (row=3, x=667.9, dist=153.5)
2026-09-07 00:49:53,174 MatchingPostProcessor WARNING  Orphan pdf_cell 194 recovered to col=3 by nearest-column fallback (row=3, x=678.9, dist=142.5)
2026-09-07 00:49:53,174 MatchingPostProcessor WARNING  Orphan pdf_cell 195 recovered to col=3 by nearest-column fallback (row=3, x=689.9, dist=131.5)
2026-09-07 00:49:53,174 MatchingPostProcessor WARNING  Orphan pdf_cell 196 recovered to col=3 by nearest-column fallback (row=3, x=700.9, dist=120.5)
2026-09-07 00:49:53,174 MatchingPostProcessor WARNING  Orphan pdf_cell 197 recovered to col=3 by nearest-column fallback (row=3, x=711.9, dist=109.5)
2026-09-07 00:49:53,174 MatchingPostProcessor WARNING  Orphan pdf_cell 198 recovered to col=3 by nearest-column fallback (row=3, x=722.9, dist=98.5)
2026-09-07 00:49:53,174 MatchingPostProcessor WARNING  Orphan pdf_cell 199 recovered to col=3 by nearest-column fallback (row=3, x=733.9, dist=87.5)
2026-09-07 00:49:53,174 MatchingPostProcessor WARNING  Orphan pdf_cell 200 recovered to col=3 by nearest-column fallback (row=3, x=744.9, dist=76.5)
2026-09-07 00:49:53,174 MatchingPostProcessor WARNING  Orphan pdf_cell 201 recovered to col=3 by nearest-column fallback (row=3, x=755.9, dist=65.5)
2026-09-07 00:49:53,174 MatchingPostProcessor WARNING  Orphan pdf_cell 202 recovered to col=3 by nearest-column fallback (row=3, x=766.9, dist=54.5)
2026-09-07 00:49:53,174 MatchingPostProcessor WARNING  Orphan pdf_cell 203 recovered to col=3 by nearest-column fallback (row=3, x=777.9, dist=43.5)
2026-09-07 00:49:53,174 MatchingPostProcessor WARNING  Orphan pdf_cell 204 recovered to col=3 by nearest-column fallback (row=3, x=788.9, dist=32.5)
2026-09-07 00:49:53,174 MatchingPostProcessor WARNING  Orphan pdf_cell 222 recovered to col=2 by nearest-column fallback (row=4, x=458.9, dist=158.1)
2026-09-07 00:49:53,174 MatchingPostProcessor WARNING  Orphan pdf_cell 223 recovered to col=2 by nearest-column fallback (row=4, x=469.9, dist=169.1)
2026-09-07 00:49:53,174 MatchingPostProcessor WARNING  Orphan pdf_cell 224 recovered to col=2 by nearest-column fallback (row=4, x=480.9, dist=180.1)
2026-09-07 00:49:53,174 MatchingPostProcessor WARNING  Orphan pdf_cell 225 recovered to col=2 by nearest-column fallback (row=4, x=491.9, dist=191.1)
2026-09-07 00:49:53,174 MatchingPostProcessor WARNING  Orphan pdf_cell 226 recovered to col=2 by nearest-column fallback (row=4, x=502.9, dist=202.1)
2026-09-07 00:49:53,174 MatchingPostProcessor WARNING  Orphan pdf_cell 227 recovered to col=2 by nearest-column fallback (row=4, x=513.9, dist=213.1)
2026-09-07 00:49:53,174 MatchingPostProcessor WARNING  Orphan pdf_cell 228 recovered to col=2 by nearest-column fallback (row=4, x=524.9, dist=224.1)
2026-09-07 00:49:53,174 MatchingPostProcessor WARNING  Orphan pdf_cell 229 recovered to col=2 by nearest-column fallback (row=4, x=535.9, dist=235.1)
2026-09-07 00:49:53,174 MatchingPostProcessor WARNING  Orphan pdf_cell 230 recovered to col=2 by nearest-column fallback (row=4, x=546.9, dist=246.1)
2026-09-07 00:49:53,174 MatchingPostProcessor WARNING  Orphan pdf_cell 231 recovered to col=2 by nearest-column fallback (row=4, x=557.9, dist=257.1)
2026-09-07 00:49:53,174 MatchingPostProcessor WARNING  Orphan pdf_cell 232 recovered to col=3 by nearest-column fallback (row=4, x=568.9, dist=252.4)
2026-09-07 00:49:53,175 MatchingPostProcessor WARNING  Orphan pdf_cell 233 recovered to col=3 by nearest-column fallback (row=4, x=579.9, dist=241.4)
2026-09-07 00:49:53,175 MatchingPostProcessor WARNING  Orphan pdf_cell 234 recovered to col=3 by nearest-column fallback (row=4, x=590.9, dist=230.4)
2026-09-07 00:49:53,175 MatchingPostProcessor WARNING  Orphan pdf_cell 235 recovered to col=3 by nearest-column fallback (row=4, x=601.9, dist=219.4)
2026-09-07 00:49:53,175 MatchingPostProcessor WARNING  Orphan pdf_cell 236 recovered to col=3 by nearest-column fallback (row=4, x=612.9, dist=208.4)
2026-09-07 00:49:53,175 MatchingPostProcessor WARNING  Orphan pdf_cell 237 recovered to col=3 by nearest-column fallback (row=4, x=623.9, dist=197.4)
2026-09-07 00:49:53,175 MatchingPostProcessor WARNING  Orphan pdf_cell 238 recovered to col=3 by nearest-column fallback (row=4, x=634.9, dist=186.4)
2026-09-07 00:49:53,175 MatchingPostProcessor WARNING  Orphan pdf_cell 239 recovered to col=3 by nearest-column fallback (row=4, x=645.9, dist=175.4)
2026-09-07 00:49:53,175 MatchingPostProcessor WARNING  Orphan pdf_cell 240 recovered to col=3 by nearest-column fallback (row=4, x=656.9, dist=164.4)
2026-09-07 00:49:53,175 MatchingPostProcessor WARNING  Orphan pdf_cell 241 recovered to col=3 by nearest-column fallback (row=4, x=667.9, dist=153.4)
2026-09-07 00:49:53,175 MatchingPostProcessor WARNING  Orphan pdf_cell 242 recovered to col=3 by nearest-column fallback (row=4, x=678.9, dist=142.4)
2026-09-07 00:49:53,175 MatchingPostProcessor WARNING  Orphan pdf_cell 243 recovered to col=3 by nearest-column fallback (row=4, x=689.9, dist=131.4)
2026-09-07 00:49:53,175 MatchingPostProcessor WARNING  Orphan pdf_cell 244 recovered to col=3 by nearest-column fallback (row=4, x=700.9, dist=120.4)
2026-09-07 00:49:53,175 MatchingPostProcessor WARNING  Orphan pdf_cell 245 recovered to col=3 by nearest-column fallback (row=4, x=711.9, dist=109.4)
2026-09-07 00:49:53,175 MatchingPostProcessor WARNING  Orphan pdf_cell 246 recovered to col=3 by nearest-column fallback (row=4, x=722.9, dist=98.4)
2026-09-07 00:49:53,175 MatchingPostProcessor WARNING  Orphan pdf_cell 247 recovered to col=3 by nearest-column fallback (row=4, x=733.9, dist=87.4)
2026-09-07 00:49:53,175 MatchingPostProcessor WARNING  Orphan pdf_cell 248 recovered to col=3 by nearest-column fallback (row=4, x=744.9, dist=76.4)
2026-09-07 00:49:53,175 MatchingPostProcessor WARNING  Orphan pdf_cell 249 recovered to col=3 by nearest-column fallback (row=4, x=755.9, dist=65.4)
2026-09-07 00:49:53,175 MatchingPostProcessor WARNING  Orphan pdf_cell 250 recovered to col=3 by nearest-column fallback (row=4, x=766.9, dist=54.4)
2026-09-07 00:49:53,175 MatchingPostProcessor WARNING  Orphan pdf_cell 251 recovered to col=3 by nearest-column fallback (row=4, x=777.9, dist=43.4)
2026-09-07 00:49:53,175 MatchingPostProcessor WARNING  Orphan pdf_cell 252 recovered to col=3 by nearest-column fallback (row=4, x=788.9, dist=32.4)
2026-09-07 00:49:53,175 MatchingPostProcessor WARNING  Orphan pdf_cell 261 recovered to col=2 by nearest-column fallback (row=5, x=459.0, dist=158.1)
2026-09-07 00:49:53,175 MatchingPostProcessor WARNING  Orphan pdf_cell 262 recovered to col=2 by nearest-column fallback (row=5, x=470.0, dist=169.1)
2026-09-07 00:49:53,175 MatchingPostProcessor WARNING  Orphan pdf_cell 263 recovered to col=2 by nearest-column fallback (row=5, x=481.0, dist=180.1)
2026-09-07 00:49:53,175 MatchingPostProcessor WARNING  Orphan pdf_cell 264 recovered to col=2 by nearest-column fallback (row=5, x=492.0, dist=191.1)
2026-09-07 00:49:53,175 MatchingPostProcessor WARNING  Orphan pdf_cell 265 recovered to col=2 by nearest-column fallback (row=5, x=503.0, dist=202.1)
2026-09-07 00:49:53,175 MatchingPostProcessor WARNING  Orphan pdf_cell 266 recovered to col=2 by nearest-column fallback (row=5, x=514.0, dist=213.1)
2026-09-07 00:49:53,175 MatchingPostProcessor WARNING  Orphan pdf_cell 267 recovered to col=2 by nearest-column fallback (row=5, x=525.0, dist=224.1)
2026-09-07 00:49:53,175 MatchingPostProcessor WARNING  Orphan pdf_cell 268 recovered to col=2 by nearest-column fallback (row=5, x=536.0, dist=235.1)
2026-09-07 00:49:53,175 MatchingPostProcessor WARNING  Orphan pdf_cell 269 recovered to col=2 by nearest-column fallback (row=5, x=547.0, dist=246.1)
2026-09-07 00:49:53,175 MatchingPostProcessor WARNING  Orphan pdf_cell 270 recovered to col=2 by nearest-column fallback (row=5, x=558.0, dist=257.1)
2026-09-07 00:49:53,175 MatchingPostProcessor WARNING  Orphan pdf_cell 271 recovered to col=3 by nearest-column fallback (row=5, x=569.0, dist=252.4)
2026-09-07 00:49:53,175 MatchingPostProcessor WARNING  Orphan pdf_cell 272 recovered to col=3 by nearest-column fallback (row=5, x=580.0, dist=241.4)
2026-09-07 00:49:53,175 MatchingPostProcessor WARNING  Orphan pdf_cell 273 recovered to col=3 by nearest-column fallback (row=5, x=591.0, dist=230.4)
2026-09-07 00:49:53,175 MatchingPostProcessor WARNING  Orphan pdf_cell 274 recovered to col=3 by nearest-column fallback (row=5, x=602.0, dist=219.4)
2026-09-07 00:49:53,175 MatchingPostProcessor WARNING  Orphan pdf_cell 275 recovered to col=3 by nearest-column fallback (row=5, x=613.0, dist=208.4)
2026-09-07 00:49:53,175 MatchingPostProcessor WARNING  Orphan pdf_cell 276 recovered to col=3 by nearest-column fallback (row=5, x=624.0, dist=197.4)
2026-09-07 00:49:53,175 MatchingPostProcessor WARNING  Orphan pdf_cell 277 recovered to col=3 by nearest-column fallback (row=5, x=635.0, dist=186.4)
2026-09-07 00:49:53,175 MatchingPostProcessor WARNING  Orphan pdf_cell 278 recovered to col=3 by nearest-column fallback (row=5, x=646.0, dist=175.4)
2026-09-07 00:49:53,175 MatchingPostProcessor WARNING  Orphan pdf_cell 279 recovered to col=3 by nearest-column fallback (row=5, x=657.0, dist=164.4)
2026-09-07 00:49:53,175 MatchingPostProcessor WARNING  Orphan pdf_cell 280 recovered to col=3 by nearest-column fallback (row=5, x=668.0, dist=153.4)
2026-09-07 00:49:53,175 MatchingPostProcessor WARNING  Orphan pdf_cell 281 recovered to col=3 by nearest-column fallback (row=5, x=679.0, dist=142.4)
2026-09-07 00:49:53,175 MatchingPostProcessor WARNING  Orphan pdf_cell 282 recovered to col=3 by nearest-column fallback (row=5, x=690.0, dist=131.4)
2026-09-07 00:49:53,176 MatchingPostProcessor WARNING  Orphan pdf_cell 283 recovered to col=3 by nearest-column fallback (row=5, x=701.0, dist=120.4)
2026-09-07 00:49:53,176 MatchingPostProcessor WARNING  Orphan pdf_cell 284 recovered to col=3 by nearest-column fallback (row=5, x=712.0, dist=109.4)
2026-09-07 00:49:53,176 MatchingPostProcessor WARNING  Orphan pdf_cell 285 recovered to col=3 by nearest-column fallback (row=5, x=723.0, dist=98.4)
2026-09-07 00:49:53,176 MatchingPostProcessor WARNING  Orphan pdf_cell 286 recovered to col=3 by nearest-column fallback (row=5, x=734.0, dist=87.4)
2026-09-07 00:49:53,176 MatchingPostProcessor WARNING  Orphan pdf_cell 287 recovered to col=3 by nearest-column fallback (row=5, x=745.0, dist=76.4)
2026-09-07 00:49:53,176 MatchingPostProcessor WARNING  Orphan pdf_cell 288 recovered to col=3 by nearest-column fallback (row=5, x=756.0, dist=65.4)
2026-09-07 00:49:53,176 MatchingPostProcessor WARNING  Orphan pdf_cell 289 recovered to col=3 by nearest-column fallback (row=5, x=767.0, dist=54.4)
2026-09-07 00:49:53,176 MatchingPostProcessor WARNING  Orphan pdf_cell 290 recovered to col=3 by nearest-column fallback (row=5, x=778.0, dist=43.4)
2026-09-07 00:49:53,176 MatchingPostProcessor WARNING  Orphan pdf_cell 291 recovered to col=3 by nearest-column fallback (row=5, x=789.0, dist=32.4)
2026-09-07 00:49:53,176 MatchingPostProcessor WARNING  Orphan pdf_cell 301 recovered to col=2 by nearest-column fallback (row=6, x=470.0, dist=169.1)
2026-09-07 00:49:53,176 MatchingPostProcessor WARNING  Orphan pdf_cell 302 recovered to col=2 by nearest-column fallback (row=6, x=481.0, dist=180.1)
2026-09-07 00:49:53,176 MatchingPostProcessor WARNING  Orphan pdf_cell 303 recovered to col=2 by nearest-column fallback (row=6, x=492.0, dist=191.1)
2026-09-07 00:49:53,176 MatchingPostProcessor WARNING  Orphan pdf_cell 304 recovered to col=2 by nearest-column fallback (row=6, x=503.0, dist=202.1)
2026-09-07 00:49:53,176 MatchingPostProcessor WARNING  Orphan pdf_cell 305 recovered to col=2 by nearest-column fallback (row=6, x=514.0, dist=213.1)
2026-09-07 00:49:53,176 MatchingPostProcessor WARNING  Orphan pdf_cell 306 recovered to col=2 by nearest-column fallback (row=6, x=525.0, dist=224.1)
2026-09-07 00:49:53,176 MatchingPostProcessor WARNING  Orphan pdf_cell 307 recovered to col=2 by nearest-column fallback (row=6, x=536.0, dist=235.1)
2026-09-07 00:49:53,176 MatchingPostProcessor WARNING  Orphan pdf_cell 308 recovered to col=2 by nearest-column fallback (row=6, x=547.0, dist=246.1)
2026-09-07 00:49:53,176 MatchingPostProcessor WARNING  Orphan pdf_cell 309 recovered to col=2 by nearest-column fallback (row=6, x=558.0, dist=257.1)
2026-09-07 00:49:53,176 MatchingPostProcessor WARNING  Orphan pdf_cell 310 recovered to col=3 by nearest-column fallback (row=6, x=569.0, dist=252.4)
2026-09-07 00:49:53,176 MatchingPostProcessor WARNING  Orphan pdf_cell 311 recovered to col=3 by nearest-column fallback (row=6, x=580.0, dist=241.4)
2026-09-07 00:49:53,176 MatchingPostProcessor WARNING  Orphan pdf_cell 312 recovered to col=3 by nearest-column fallback (row=6, x=591.0, dist=230.4)
2026-09-07 00:49:53,176 MatchingPostProcessor WARNING  Orphan pdf_cell 313 recovered to col=3 by nearest-column fallback (row=6, x=602.0, dist=219.4)
2026-09-07 00:49:53,176 MatchingPostProcessor WARNING  Orphan pdf_cell 314 recovered to col=3 by nearest-column fallback (row=6, x=613.0, dist=208.4)
2026-09-07 00:49:53,176 MatchingPostProcessor WARNING  Orphan pdf_cell 315 recovered to col=3 by nearest-column fallback (row=6, x=624.0, dist=197.4)
2026-09-07 00:49:53,176 MatchingPostProcessor WARNING  Orphan pdf_cell 316 recovered to col=3 by nearest-column fallback (row=6, x=635.0, dist=186.4)
2026-09-07 00:49:53,176 MatchingPostProcessor WARNING  Orphan pdf_cell 317 recovered to col=3 by nearest-column fallback (row=6, x=646.0, dist=175.4)
2026-09-07 00:49:53,176 MatchingPostProcessor WARNING  Orphan pdf_cell 318 recovered to col=3 by nearest-column fallback (row=6, x=657.0, dist=164.4)
2026-09-07 00:49:53,176 MatchingPostProcessor WARNING  Orphan pdf_cell 319 recovered to col=3 by nearest-column fallback (row=6, x=668.0, dist=153.4)
2026-09-07 00:49:53,176 MatchingPostProcessor WARNING  Orphan pdf_cell 320 recovered to col=3 by nearest-column fallback (row=6, x=679.0, dist=142.4)
2026-09-07 00:49:53,176 MatchingPostProcessor WARNING  Orphan pdf_cell 321 recovered to col=3 by nearest-column fallback (row=6, x=690.0, dist=131.4)
2026-09-07 00:49:53,176 MatchingPostProcessor WARNING  Orphan pdf_cell 322 recovered to col=3 by nearest-column fallback (row=6, x=701.0, dist=120.4)
2026-09-07 00:49:53,176 MatchingPostProcessor WARNING  Orphan pdf_cell 323 recovered to col=3 by nearest-column fallback (row=6, x=712.0, dist=109.4)
2026-09-07 00:49:53,176 MatchingPostProcessor WARNING  Orphan pdf_cell 324 recovered to col=3 by nearest-column fallback (row=6, x=723.0, dist=98.4)
2026-09-07 00:49:53,176 MatchingPostProcessor WARNING  Orphan pdf_cell 325 recovered to col=3 by nearest-column fallback (row=6, x=734.0, dist=87.4)
2026-09-07 00:49:53,176 MatchingPostProcessor WARNING  Orphan pdf_cell 326 recovered to col=3 by nearest-column fallback (row=6, x=745.0, dist=76.4)
2026-09-07 00:49:53,176 MatchingPostProcessor WARNING  Orphan pdf_cell 327 recovered to col=3 by nearest-column fallback (row=6, x=756.0, dist=65.4)
2026-09-07 00:49:53,176 MatchingPostProcessor WARNING  Orphan pdf_cell 328 recovered to col=3 by nearest-column fallback (row=6, x=767.0, dist=54.4)
2026-09-07 00:49:53,176 MatchingPostProcessor WARNING  Orphan pdf_cell 329 recovered to col=3 by nearest-column fallback (row=6, x=778.0, dist=43.4)
2026-09-07 00:49:53,176 MatchingPostProcessor WARNING  Orphan pdf_cell 330 recovered to col=3 by nearest-column fallback (row=6, x=789.0, dist=32.4)
2026-09-07 00:49:53,176 MatchingPostProcessor WARNING  Orphan pdf_cell 342 recovered to col=2 by nearest-column fallback (row=7, x=470.0, dist=169.1)
2026-09-07 00:49:53,176 MatchingPostProcessor WARNING  Orphan pdf_cell 343 recovered to col=2 by nearest-column fallback (row=7, x=481.0, dist=180.1)
2026-09-07 00:49:53,177 MatchingPostProcessor WARNING  Orphan pdf_cell 344 recovered to col=2 by nearest-column fallback (row=7, x=492.0, dist=191.1)
2026-09-07 00:49:53,177 MatchingPostProcessor WARNING  Orphan pdf_cell 345 recovered to col=2 by nearest-column fallback (row=7, x=503.0, dist=202.1)
2026-09-07 00:49:53,177 MatchingPostProcessor WARNING  Orphan pdf_cell 346 recovered to col=2 by nearest-column fallback (row=7, x=514.0, dist=213.1)
2026-09-07 00:49:53,177 MatchingPostProcessor WARNING  Orphan pdf_cell 347 recovered to col=2 by nearest-column fallback (row=7, x=525.0, dist=224.1)
2026-09-07 00:49:53,177 MatchingPostProcessor WARNING  Orphan pdf_cell 348 recovered to col=2 by nearest-column fallback (row=7, x=536.0, dist=235.1)
2026-09-07 00:49:53,177 MatchingPostProcessor WARNING  Orphan pdf_cell 349 recovered to col=2 by nearest-column fallback (row=7, x=547.0, dist=246.1)
2026-09-07 00:49:53,177 MatchingPostProcessor WARNING  Orphan pdf_cell 350 recovered to col=2 by nearest-column fallback (row=7, x=558.0, dist=257.1)
2026-09-07 00:49:53,177 MatchingPostProcessor WARNING  Orphan pdf_cell 351 recovered to col=3 by nearest-column fallback (row=7, x=569.0, dist=252.4)
2026-09-07 00:49:53,177 MatchingPostProcessor WARNING  Orphan pdf_cell 352 recovered to col=3 by nearest-column fallback (row=7, x=580.0, dist=241.4)
2026-09-07 00:49:53,177 MatchingPostProcessor WARNING  Orphan pdf_cell 353 recovered to col=3 by nearest-column fallback (row=7, x=591.0, dist=230.4)
2026-09-07 00:49:53,177 MatchingPostProcessor WARNING  Orphan pdf_cell 354 recovered to col=3 by nearest-column fallback (row=7, x=602.0, dist=219.4)
2026-09-07 00:49:53,177 MatchingPostProcessor WARNING  Orphan pdf_cell 355 recovered to col=3 by nearest-column fallback (row=7, x=613.0, dist=208.4)
2026-09-07 00:49:53,177 MatchingPostProcessor WARNING  Orphan pdf_cell 356 recovered to col=3 by nearest-column fallback (row=7, x=624.0, dist=197.4)
2026-09-07 00:49:53,177 MatchingPostProcessor WARNING  Orphan pdf_cell 357 recovered to col=3 by nearest-column fallback (row=7, x=635.0, dist=186.4)
2026-09-07 00:49:53,177 MatchingPostProcessor WARNING  Orphan pdf_cell 358 recovered to col=3 by nearest-column fallback (row=7, x=646.0, dist=175.4)
2026-09-07 00:49:53,177 MatchingPostProcessor WARNING  Orphan pdf_cell 359 recovered to col=3 by nearest-column fallback (row=7, x=657.0, dist=164.4)
2026-09-07 00:49:53,177 MatchingPostProcessor WARNING  Orphan pdf_cell 360 recovered to col=3 by nearest-column fallback (row=7, x=668.0, dist=153.4)
2026-09-07 00:49:53,177 MatchingPostProcessor WARNING  Orphan pdf_cell 361 recovered to col=3 by nearest-column fallback (row=7, x=679.0, dist=142.4)
2026-09-07 00:49:53,177 MatchingPostProcessor WARNING  Orphan pdf_cell 362 recovered to col=3 by nearest-column fallback (row=7, x=690.0, dist=131.4)
2026-09-07 00:49:53,177 MatchingPostProcessor WARNING  Orphan pdf_cell 363 recovered to col=3 by nearest-column fallback (row=7, x=701.0, dist=120.4)
2026-09-07 00:49:53,177 MatchingPostProcessor WARNING  Orphan pdf_cell 364 recovered to col=3 by nearest-column fallback (row=7, x=712.0, dist=109.4)
2026-09-07 00:49:53,177 MatchingPostProcessor WARNING  Orphan pdf_cell 365 recovered to col=3 by nearest-column fallback (row=7, x=723.0, dist=98.4)
2026-09-07 00:49:53,177 MatchingPostProcessor WARNING  Orphan pdf_cell 366 recovered to col=3 by nearest-column fallback (row=7, x=734.0, dist=87.4)
2026-09-07 00:49:53,177 MatchingPostProcessor WARNING  Orphan pdf_cell 367 recovered to col=3 by nearest-column fallback (row=7, x=745.0, dist=76.4)
2026-09-07 00:49:53,177 MatchingPostProcessor WARNING  Orphan pdf_cell 368 recovered to col=3 by nearest-column fallback (row=7, x=756.0, dist=65.4)
2026-09-07 00:49:53,177 MatchingPostProcessor WARNING  Orphan pdf_cell 369 recovered to col=3 by nearest-column fallback (row=7, x=767.0, dist=54.4)
2026-09-07 00:49:53,177 MatchingPostProcessor WARNING  Orphan pdf_cell 370 recovered to col=3 by nearest-column fallback (row=7, x=778.0, dist=43.4)
2026-09-07 00:49:53,177 MatchingPostProcessor WARNING  Orphan pdf_cell 371 recovered to col=3 by nearest-column fallback (row=7, x=789.0, dist=32.4)
2026-09-07 00:49:53,177 MatchingPostProcessor WARNING  Orphan pdf_cell 380 recovered to col=2 by nearest-column fallback (row=8, x=458.9, dist=158.1)
2026-09-07 00:49:53,177 MatchingPostProcessor WARNING  Orphan pdf_cell 381 recovered to col=2 by nearest-column fallback (row=8, x=469.9, dist=169.1)
2026-09-07 00:49:53,177 MatchingPostProcessor WARNING  Orphan pdf_cell 382 recovered to col=2 by nearest-column fallback (row=8, x=480.9, dist=180.1)
2026-09-07 00:49:53,177 MatchingPostProcessor WARNING  Orphan pdf_cell 383 recovered to col=2 by nearest-column fallback (row=8, x=491.9, dist=191.1)
2026-09-07 00:49:53,177 MatchingPostProcessor WARNING  Orphan pdf_cell 384 recovered to col=2 by nearest-column fallback (row=8, x=502.9, dist=202.1)
2026-09-07 00:49:53,177 MatchingPostProcessor WARNING  Orphan pdf_cell 385 recovered to col=2 by nearest-column fallback (row=8, x=513.9, dist=213.1)
2026-09-07 00:49:53,177 MatchingPostProcessor WARNING  Orphan pdf_cell 386 recovered to col=2 by nearest-column fallback (row=8, x=524.9, dist=224.1)
2026-09-07 00:49:53,177 MatchingPostProcessor WARNING  Orphan pdf_cell 387 recovered to col=2 by nearest-column fallback (row=8, x=535.9, dist=235.1)
2026-09-07 00:49:53,177 MatchingPostProcessor WARNING  Orphan pdf_cell 388 recovered to col=2 by nearest-column fallback (row=8, x=546.9, dist=246.1)
2026-09-07 00:49:53,177 MatchingPostProcessor WARNING  Orphan pdf_cell 389 recovered to col=2 by nearest-column fallback (row=8, x=557.9, dist=257.1)
2026-09-07 00:49:53,177 MatchingPostProcessor WARNING  Orphan pdf_cell 390 recovered to col=3 by nearest-column fallback (row=8, x=568.9, dist=252.4)
2026-09-07 00:49:53,177 MatchingPostProcessor WARNING  Orphan pdf_cell 391 recovered to col=3 by nearest-column fallback (row=8, x=579.9, dist=241.4)
2026-09-07 00:49:53,177 MatchingPostProcessor WARNING  Orphan pdf_cell 392 recovered to col=3 by nearest-column fallback (row=8, x=590.9, dist=230.4)
2026-09-07 00:49:53,178 MatchingPostProcessor WARNING  Orphan pdf_cell 393 recovered to col=3 by nearest-column fallback (row=8, x=601.9, dist=219.4)
2026-09-07 00:49:53,178 MatchingPostProcessor WARNING  Orphan pdf_cell 394 recovered to col=3 by nearest-column fallback (row=8, x=612.9, dist=208.4)
2026-09-07 00:49:53,178 MatchingPostProcessor WARNING  Orphan pdf_cell 395 recovered to col=3 by nearest-column fallback (row=8, x=623.9, dist=197.4)
2026-09-07 00:49:53,178 MatchingPostProcessor WARNING  Orphan pdf_cell 396 recovered to col=3 by nearest-column fallback (row=8, x=634.9, dist=186.4)
2026-09-07 00:49:53,178 MatchingPostProcessor WARNING  Orphan pdf_cell 397 recovered to col=3 by nearest-column fallback (row=8, x=645.9, dist=175.4)
2026-09-07 00:49:53,178 MatchingPostProcessor WARNING  Orphan pdf_cell 398 recovered to col=3 by nearest-column fallback (row=8, x=656.9, dist=164.4)
2026-09-07 00:49:53,178 MatchingPostProcessor WARNING  Orphan pdf_cell 399 recovered to col=3 by nearest-column fallback (row=8, x=667.9, dist=153.4)
2026-09-07 00:49:53,178 MatchingPostProcessor WARNING  Orphan pdf_cell 400 recovered to col=3 by nearest-column fallback (row=8, x=678.9, dist=142.4)
2026-09-07 00:49:53,178 MatchingPostProcessor WARNING  Orphan pdf_cell 401 recovered to col=3 by nearest-column fallback (row=8, x=689.9, dist=131.4)
2026-09-07 00:49:53,178 MatchingPostProcessor WARNING  Orphan pdf_cell 402 recovered to col=3 by nearest-column fallback (row=8, x=700.9, dist=120.4)
2026-09-07 00:49:53,178 MatchingPostProcessor WARNING  Orphan pdf_cell 403 recovered to col=3 by nearest-column fallback (row=8, x=711.9, dist=109.4)
2026-09-07 00:49:53,178 MatchingPostProcessor WARNING  Orphan pdf_cell 404 recovered to col=3 by nearest-column fallback (row=8, x=722.9, dist=98.4)
2026-09-07 00:49:53,178 MatchingPostProcessor WARNING  Orphan pdf_cell 405 recovered to col=3 by nearest-column fallback (row=8, x=733.9, dist=87.4)
2026-09-07 00:49:53,178 MatchingPostProcessor WARNING  Orphan pdf_cell 406 recovered to col=3 by nearest-column fallback (row=8, x=744.9, dist=76.4)
2026-09-07 00:49:53,178 MatchingPostProcessor WARNING  Orphan pdf_cell 407 recovered to col=3 by nearest-column fallback (row=8, x=755.9, dist=65.4)
2026-09-07 00:49:53,178 MatchingPostProcessor WARNING  Orphan pdf_cell 408 recovered to col=3 by nearest-column fallback (row=8, x=766.9, dist=54.4)
2026-09-07 00:49:53,178 MatchingPostProcessor WARNING  Orphan pdf_cell 409 recovered to col=3 by nearest-column fallback (row=8, x=777.9, dist=43.4)
2026-09-07 00:49:53,178 MatchingPostProcessor WARNING  Orphan pdf_cell 410 recovered to col=3 by nearest-column fallback (row=8, x=788.9, dist=32.4)
2026-09-07 00:49:53,178 MatchingPostProcessor WARNING  Orphan pdf_cell 434 recovered to col=2 by nearest-column fallback (row=9, x=458.9, dist=158.0)
2026-09-07 00:49:53,178 MatchingPostProcessor WARNING  Orphan pdf_cell 435 recovered to col=2 by nearest-column fallback (row=9, x=469.9, dist=169.0)
2026-09-07 00:49:53,178 MatchingPostProcessor WARNING  Orphan pdf_cell 436 recovered to col=2 by nearest-column fallback (row=9, x=480.9, dist=180.0)
2026-09-07 00:49:53,178 MatchingPostProcessor WARNING  Orphan pdf_cell 437 recovered to col=2 by nearest-column fallback (row=9, x=491.9, dist=191.0)
2026-09-07 00:49:53,178 MatchingPostProcessor WARNING  Orphan pdf_cell 438 recovered to col=2 by nearest-column fallback (row=9, x=502.9, dist=202.0)
2026-09-07 00:49:53,178 MatchingPostProcessor WARNING  Orphan pdf_cell 439 recovered to col=2 by nearest-column fallback (row=9, x=513.9, dist=213.0)
2026-09-07 00:49:53,178 MatchingPostProcessor WARNING  Orphan pdf_cell 440 recovered to col=2 by nearest-column fallback (row=9, x=524.9, dist=224.0)
2026-09-07 00:49:53,178 MatchingPostProcessor WARNING  Orphan pdf_cell 441 recovered to col=2 by nearest-column fallback (row=9, x=535.9, dist=235.0)
2026-09-07 00:49:53,178 MatchingPostProcessor WARNING  Orphan pdf_cell 442 recovered to col=2 by nearest-column fallback (row=9, x=546.9, dist=246.0)
2026-09-07 00:49:53,178 MatchingPostProcessor WARNING  Orphan pdf_cell 443 recovered to col=2 by nearest-column fallback (row=9, x=557.9, dist=257.0)
2026-09-07 00:49:53,178 MatchingPostProcessor WARNING  Orphan pdf_cell 444 recovered to col=3 by nearest-column fallback (row=9, x=568.9, dist=252.5)
2026-09-07 00:49:53,178 MatchingPostProcessor WARNING  Orphan pdf_cell 445 recovered to col=3 by nearest-column fallback (row=9, x=579.9, dist=241.5)
2026-09-07 00:49:53,178 MatchingPostProcessor WARNING  Orphan pdf_cell 446 recovered to col=3 by nearest-column fallback (row=9, x=590.9, dist=230.5)
2026-09-07 00:49:53,178 MatchingPostProcessor WARNING  Orphan pdf_cell 447 recovered to col=3 by nearest-column fallback (row=9, x=601.9, dist=219.5)
2026-09-07 00:49:53,178 MatchingPostProcessor WARNING  Orphan pdf_cell 448 recovered to col=3 by nearest-column fallback (row=9, x=612.9, dist=208.5)
2026-09-07 00:49:53,178 MatchingPostProcessor WARNING  Orphan pdf_cell 449 recovered to col=3 by nearest-column fallback (row=9, x=623.9, dist=197.5)
2026-09-07 00:49:53,178 MatchingPostProcessor WARNING  Orphan pdf_cell 450 recovered to col=3 by nearest-column fallback (row=9, x=634.9, dist=186.5)
2026-09-07 00:49:53,178 MatchingPostProcessor WARNING  Orphan pdf_cell 451 recovered to col=3 by nearest-column fallback (row=9, x=645.9, dist=175.5)
2026-09-07 00:49:53,179 MatchingPostProcessor WARNING  Orphan pdf_cell 452 recovered to col=3 by nearest-column fallback (row=9, x=656.9, dist=164.5)
2026-09-07 00:49:53,179 MatchingPostProcessor WARNING  Orphan pdf_cell 453 recovered to col=3 by nearest-column fallback (row=9, x=667.9, dist=153.5)
2026-09-07 00:49:53,179 MatchingPostProcessor WARNING  Orphan pdf_cell 454 recovered to col=3 by nearest-column fallback (row=9, x=678.9, dist=142.5)
2026-09-07 00:49:53,179 MatchingPostProcessor WARNING  Orphan pdf_cell 455 recovered to col=3 by nearest-column fallback (row=9, x=689.9, dist=131.5)
2026-09-07 00:49:53,179 MatchingPostProcessor WARNING  Orphan pdf_cell 456 recovered to col=3 by nearest-column fallback (row=9, x=700.9, dist=120.5)
2026-09-07 00:49:53,179 MatchingPostProcessor WARNING  Orphan pdf_cell 457 recovered to col=3 by nearest-column fallback (row=9, x=711.9, dist=109.5)
2026-09-07 00:49:53,179 MatchingPostProcessor WARNING  Orphan pdf_cell 458 recovered to col=3 by nearest-column fallback (row=9, x=722.9, dist=98.5)
2026-09-07 00:49:53,179 MatchingPostProcessor WARNING  Orphan pdf_cell 459 recovered to col=3 by nearest-column fallback (row=9, x=733.9, dist=87.5)
2026-09-07 00:49:53,179 MatchingPostProcessor WARNING  Orphan pdf_cell 460 recovered to col=3 by nearest-column fallback (row=9, x=744.9, dist=76.5)
2026-09-07 00:49:53,179 MatchingPostProcessor WARNING  Orphan pdf_cell 461 recovered to col=3 by nearest-column fallback (row=9, x=755.9, dist=65.5)
2026-09-07 00:49:53,179 MatchingPostProcessor WARNING  Orphan pdf_cell 462 recovered to col=3 by nearest-column fallback (row=9, x=766.9, dist=54.5)
2026-09-07 00:49:53,179 MatchingPostProcessor WARNING  Orphan pdf_cell 463 recovered to col=3 by nearest-column fallback (row=9, x=777.9, dist=43.5)
2026-09-07 00:49:53,179 MatchingPostProcessor WARNING  Orphan pdf_cell 464 recovered to col=3 by nearest-column fallback (row=9, x=788.9, dist=32.5)
2026-09-07 00:49:53,179 MatchingPostProcessor WARNING  Orphan pdf_cell 483 recovered to col=2 by nearest-column fallback (row=10, x=458.9, dist=158.1)
2026-09-07 00:49:53,179 MatchingPostProcessor WARNING  Orphan pdf_cell 484 recovered to col=2 by nearest-column fallback (row=10, x=469.9, dist=169.1)
2026-09-07 00:49:53,179 MatchingPostProcessor WARNING  Orphan pdf_cell 485 recovered to col=2 by nearest-column fallback (row=10, x=480.9, dist=180.1)
2026-09-07 00:49:53,179 MatchingPostProcessor WARNING  Orphan pdf_cell 486 recovered to col=2 by nearest-column fallback (row=10, x=491.9, dist=191.1)
2026-09-07 00:49:53,179 MatchingPostProcessor WARNING  Orphan pdf_cell 487 recovered to col=2 by nearest-column fallback (row=10, x=502.9, dist=202.1)
2026-09-07 00:49:53,179 MatchingPostProcessor WARNING  Orphan pdf_cell 488 recovered to col=2 by nearest-column fallback (row=10, x=513.9, dist=213.1)
2026-09-07 00:49:53,179 MatchingPostProcessor WARNING  Orphan pdf_cell 489 recovered to col=2 by nearest-column fallback (row=10, x=524.9, dist=224.1)
2026-09-07 00:49:53,179 MatchingPostProcessor WARNING  Orphan pdf_cell 490 recovered to col=2 by nearest-column fallback (row=10, x=535.9, dist=235.1)
2026-09-07 00:49:53,179 MatchingPostProcessor WARNING  Orphan pdf_cell 491 recovered to col=2 by nearest-column fallback (row=10, x=546.9, dist=246.1)
2026-09-07 00:49:53,179 MatchingPostProcessor WARNING  Orphan pdf_cell 492 recovered to col=2 by nearest-column fallback (row=10, x=557.9, dist=257.1)
2026-09-07 00:49:53,179 MatchingPostProcessor WARNING  Orphan pdf_cell 493 recovered to col=3 by nearest-column fallback (row=10, x=568.9, dist=252.5)
2026-09-07 00:49:53,179 MatchingPostProcessor WARNING  Orphan pdf_cell 494 recovered to col=3 by nearest-column fallback (row=10, x=579.9, dist=241.5)
2026-09-07 00:49:53,179 MatchingPostProcessor WARNING  Orphan pdf_cell 495 recovered to col=3 by nearest-column fallback (row=10, x=590.9, dist=230.5)
2026-09-07 00:49:53,179 MatchingPostProcessor WARNING  Orphan pdf_cell 496 recovered to col=3 by nearest-column fallback (row=10, x=601.9, dist=219.5)
2026-09-07 00:49:53,179 MatchingPostProcessor WARNING  Orphan pdf_cell 497 recovered to col=3 by nearest-column fallback (row=10, x=612.9, dist=208.5)
2026-09-07 00:49:53,179 MatchingPostProcessor WARNING  Orphan pdf_cell 498 recovered to col=3 by nearest-column fallback (row=10, x=623.9, dist=197.5)
2026-09-07 00:49:53,179 MatchingPostProcessor WARNING  Orphan pdf_cell 499 recovered to col=3 by nearest-column fallback (row=10, x=634.9, dist=186.5)
2026-09-07 00:49:53,179 MatchingPostProcessor WARNING  Orphan pdf_cell 500 recovered to col=3 by nearest-column fallback (row=10, x=645.9, dist=175.5)
2026-09-07 00:49:53,179 MatchingPostProcessor WARNING  Orphan pdf_cell 501 recovered to col=3 by nearest-column fallback (row=10, x=656.9, dist=164.5)
2026-09-07 00:49:53,179 MatchingPostProcessor WARNING  Orphan pdf_cell 502 recovered to col=3 by nearest-column fallback (row=10, x=667.9, dist=153.5)
2026-09-07 00:49:53,179 MatchingPostProcessor WARNING  Orphan pdf_cell 503 recovered to col=3 by nearest-column fallback (row=10, x=678.9, dist=142.5)
2026-09-07 00:49:53,179 MatchingPostProcessor WARNING  Orphan pdf_cell 504 recovered to col=3 by nearest-column fallback (row=10, x=689.9, dist=131.5)
2026-09-07 00:49:53,179 MatchingPostProcessor WARNING  Orphan pdf_cell 505 recovered to col=3 by nearest-column fallback (row=10, x=700.9, dist=120.5)
2026-09-07 00:49:53,179 MatchingPostProcessor WARNING  Orphan pdf_cell 506 recovered to col=3 by nearest-column fallback (row=10, x=711.9, dist=109.5)
2026-09-07 00:49:53,180 MatchingPostProcessor WARNING  Orphan pdf_cell 507 recovered to col=3 by nearest-column fallback (row=10, x=722.9, dist=98.5)
2026-09-07 00:49:53,180 MatchingPostProcessor WARNING  Orphan pdf_cell 508 recovered to col=3 by nearest-column fallback (row=10, x=733.9, dist=87.5)
2026-09-07 00:49:53,180 MatchingPostProcessor WARNING  Orphan pdf_cell 509 recovered to col=3 by nearest-column fallback (row=10, x=744.9, dist=76.5)
2026-09-07 00:49:53,180 MatchingPostProcessor WARNING  Orphan pdf_cell 510 recovered to col=3 by nearest-column fallback (row=10, x=755.9, dist=65.5)
2026-09-07 00:49:53,180 MatchingPostProcessor WARNING  Orphan pdf_cell 511 recovered to col=3 by nearest-column fallback (row=10, x=766.9, dist=54.5)
2026-09-07 00:49:53,180 MatchingPostProcessor WARNING  Orphan pdf_cell 512 recovered to col=3 by nearest-column fallback (row=10, x=777.9, dist=43.5)
2026-09-07 00:49:53,180 MatchingPostProcessor WARNING  Orphan pdf_cell 513 recovered to col=3 by nearest-column fallback (row=10, x=788.9, dist=32.5)
2026-09-07 00:49:53,180 MatchingPostProcessor WARNING  Orphan pdf_cell 531 recovered to col=2 by nearest-column fallback (row=11, x=458.9, dist=158.1)
2026-09-07 00:49:53,180 MatchingPostProcessor WARNING  Orphan pdf_cell 532 recovered to col=2 by nearest-column fallback (row=11, x=469.9, dist=169.1)
2026-09-07 00:49:53,180 MatchingPostProcessor WARNING  Orphan pdf_cell 533 recovered to col=2 by nearest-column fallback (row=11, x=480.9, dist=180.1)
2026-09-07 00:49:53,180 MatchingPostProcessor WARNING  Orphan pdf_cell 534 recovered to col=2 by nearest-column fallback (row=11, x=491.9, dist=191.1)
2026-09-07 00:49:53,180 MatchingPostProcessor WARNING  Orphan pdf_cell 535 recovered to col=2 by nearest-column fallback (row=11, x=502.9, dist=202.1)
2026-09-07 00:49:53,180 MatchingPostProcessor WARNING  Orphan pdf_cell 536 recovered to col=2 by nearest-column fallback (row=11, x=513.9, dist=213.1)
2026-09-07 00:49:53,180 MatchingPostProcessor WARNING  Orphan pdf_cell 537 recovered to col=2 by nearest-column fallback (row=11, x=524.9, dist=224.1)
2026-09-07 00:49:53,180 MatchingPostProcessor WARNING  Orphan pdf_cell 538 recovered to col=2 by nearest-column fallback (row=11, x=535.9, dist=235.1)
2026-09-07 00:49:53,180 MatchingPostProcessor WARNING  Orphan pdf_cell 539 recovered to col=2 by nearest-column fallback (row=11, x=546.9, dist=246.1)
2026-09-07 00:49:53,180 MatchingPostProcessor WARNING  Orphan pdf_cell 540 recovered to col=2 by nearest-column fallback (row=11, x=557.9, dist=257.1)
2026-09-07 00:49:53,180 MatchingPostProcessor WARNING  Orphan pdf_cell 541 recovered to col=3 by nearest-column fallback (row=11, x=568.9, dist=252.4)
2026-09-07 00:49:53,180 MatchingPostProcessor WARNING  Orphan pdf_cell 542 recovered to col=3 by nearest-column fallback (row=11, x=579.9, dist=241.4)
2026-09-07 00:49:53,180 MatchingPostProcessor WARNING  Orphan pdf_cell 543 recovered to col=3 by nearest-column fallback (row=11, x=590.9, dist=230.4)
2026-09-07 00:49:53,180 MatchingPostProcessor WARNING  Orphan pdf_cell 544 recovered to col=3 by nearest-column fallback (row=11, x=601.9, dist=219.4)
2026-09-07 00:49:53,180 MatchingPostProcessor WARNING  Orphan pdf_cell 545 recovered to col=3 by nearest-column fallback (row=11, x=612.9, dist=208.4)
2026-09-07 00:49:53,180 MatchingPostProcessor WARNING  Orphan pdf_cell 546 recovered to col=3 by nearest-column fallback (row=11, x=623.9, dist=197.4)
2026-09-07 00:49:53,180 MatchingPostProcessor WARNING  Orphan pdf_cell 547 recovered to col=3 by nearest-column fallback (row=11, x=634.9, dist=186.4)
2026-09-07 00:49:53,180 MatchingPostProcessor WARNING  Orphan pdf_cell 548 recovered to col=3 by nearest-column fallback (row=11, x=645.9, dist=175.4)
2026-09-07 00:49:53,180 MatchingPostProcessor WARNING  Orphan pdf_cell 549 recovered to col=3 by nearest-column fallback (row=11, x=656.9, dist=164.4)
2026-09-07 00:49:53,180 MatchingPostProcessor WARNING  Orphan pdf_cell 550 recovered to col=3 by nearest-column fallback (row=11, x=667.9, dist=153.4)
2026-09-07 00:49:53,180 MatchingPostProcessor WARNING  Orphan pdf_cell 551 recovered to col=3 by nearest-column fallback (row=11, x=678.9, dist=142.4)
2026-09-07 00:49:53,180 MatchingPostProcessor WARNING  Orphan pdf_cell 552 recovered to col=3 by nearest-column fallback (row=11, x=689.9, dist=131.4)
2026-09-07 00:49:53,180 MatchingPostProcessor WARNING  Orphan pdf_cell 553 recovered to col=3 by nearest-column fallback (row=11, x=700.9, dist=120.4)
2026-09-07 00:49:53,180 MatchingPostProcessor WARNING  Orphan pdf_cell 554 recovered to col=3 by nearest-column fallback (row=11, x=711.9, dist=109.4)
2026-09-07 00:49:53,180 MatchingPostProcessor WARNING  Orphan pdf_cell 555 recovered to col=3 by nearest-column fallback (row=11, x=722.9, dist=98.4)
2026-09-07 00:49:53,180 MatchingPostProcessor WARNING  Orphan pdf_cell 556 recovered to col=3 by nearest-column fallback (row=11, x=733.9, dist=87.4)
2026-09-07 00:49:53,180 MatchingPostProcessor WARNING  Orphan pdf_cell 557 recovered to col=3 by nearest-column fallback (row=11, x=744.9, dist=76.4)
2026-09-07 00:49:53,180 MatchingPostProcessor WARNING  Orphan pdf_cell 558 recovered to col=3 by nearest-column fallback (row=11, x=755.9, dist=65.4)
2026-09-07 00:49:53,180 MatchingPostProcessor WARNING  Orphan pdf_cell 559 recovered to col=3 by nearest-column fallback (row=11, x=766.9, dist=54.4)
2026-09-07 00:49:53,180 MatchingPostProcessor WARNING  Orphan pdf_cell 560 recovered to col=3 by nearest-column fallback (row=11, x=777.9, dist=43.4)
2026-09-07 00:49:53,181 MatchingPostProcessor WARNING  Orphan pdf_cell 561 recovered to col=3 by nearest-column fallback (row=11, x=788.9, dist=32.4)
2026-09-07 00:49:53,181 MatchingPostProcessor WARNING  Orphan pdf_cell 573 recovered to col=2 by nearest-column fallback (row=12, x=458.9, dist=158.1)
2026-09-07 00:49:53,181 MatchingPostProcessor WARNING  Orphan pdf_cell 574 recovered to col=2 by nearest-column fallback (row=12, x=469.9, dist=169.1)
2026-09-07 00:49:53,181 MatchingPostProcessor WARNING  Orphan pdf_cell 575 recovered to col=2 by nearest-column fallback (row=12, x=480.9, dist=180.1)
2026-09-07 00:49:53,181 MatchingPostProcessor WARNING  Orphan pdf_cell 576 recovered to col=2 by nearest-column fallback (row=12, x=491.9, dist=191.1)
2026-09-07 00:49:53,181 MatchingPostProcessor WARNING  Orphan pdf_cell 577 recovered to col=2 by nearest-column fallback (row=12, x=502.9, dist=202.1)
2026-09-07 00:49:53,181 MatchingPostProcessor WARNING  Orphan pdf_cell 578 recovered to col=2 by nearest-column fallback (row=12, x=513.9, dist=213.1)
2026-09-07 00:49:53,181 MatchingPostProcessor WARNING  Orphan pdf_cell 579 recovered to col=2 by nearest-column fallback (row=12, x=524.9, dist=224.1)
2026-09-07 00:49:53,181 MatchingPostProcessor WARNING  Orphan pdf_cell 580 recovered to col=2 by nearest-column fallback (row=12, x=535.9, dist=235.1)
2026-09-07 00:49:53,181 MatchingPostProcessor WARNING  Orphan pdf_cell 581 recovered to col=2 by nearest-column fallback (row=12, x=546.9, dist=246.1)
2026-09-07 00:49:53,181 MatchingPostProcessor WARNING  Orphan pdf_cell 582 recovered to col=2 by nearest-column fallback (row=12, x=557.9, dist=257.1)
2026-09-07 00:49:53,181 MatchingPostProcessor WARNING  Orphan pdf_cell 583 recovered to col=3 by nearest-column fallback (row=12, x=568.9, dist=252.4)
2026-09-07 00:49:53,181 MatchingPostProcessor WARNING  Orphan pdf_cell 584 recovered to col=3 by nearest-column fallback (row=12, x=579.9, dist=241.4)
2026-09-07 00:49:53,181 MatchingPostProcessor WARNING  Orphan pdf_cell 585 recovered to col=3 by nearest-column fallback (row=12, x=590.9, dist=230.4)
2026-09-07 00:49:53,181 MatchingPostProcessor WARNING  Orphan pdf_cell 586 recovered to col=3 by nearest-column fallback (row=12, x=601.9, dist=219.4)
2026-09-07 00:49:53,181 MatchingPostProcessor WARNING  Orphan pdf_cell 587 recovered to col=3 by nearest-column fallback (row=12, x=612.9, dist=208.4)
2026-09-07 00:49:53,181 MatchingPostProcessor WARNING  Orphan pdf_cell 588 recovered to col=3 by nearest-column fallback (row=12, x=623.9, dist=197.4)
2026-09-07 00:49:53,181 MatchingPostProcessor WARNING  Orphan pdf_cell 589 recovered to col=3 by nearest-column fallback (row=12, x=634.9, dist=186.4)
2026-09-07 00:49:53,181 MatchingPostProcessor WARNING  Orphan pdf_cell 590 recovered to col=3 by nearest-column fallback (row=12, x=645.9, dist=175.4)
2026-09-07 00:49:53,181 MatchingPostProcessor WARNING  Orphan pdf_cell 591 recovered to col=3 by nearest-column fallback (row=12, x=656.9, dist=164.4)
2026-09-07 00:49:53,181 MatchingPostProcessor WARNING  Orphan pdf_cell 592 recovered to col=3 by nearest-column fallback (row=12, x=667.9, dist=153.4)
2026-09-07 00:49:53,181 MatchingPostProcessor WARNING  Orphan pdf_cell 593 recovered to col=3 by nearest-column fallback (row=12, x=678.9, dist=142.4)
2026-09-07 00:49:53,181 MatchingPostProcessor WARNING  Orphan pdf_cell 594 recovered to col=3 by nearest-column fallback (row=12, x=689.9, dist=131.4)
2026-09-07 00:49:53,181 MatchingPostProcessor WARNING  Orphan pdf_cell 595 recovered to col=3 by nearest-column fallback (row=12, x=700.9, dist=120.4)
2026-09-07 00:49:53,181 MatchingPostProcessor WARNING  Orphan pdf_cell 596 recovered to col=3 by nearest-column fallback (row=12, x=711.9, dist=109.4)
2026-09-07 00:49:53,181 MatchingPostProcessor WARNING  Orphan pdf_cell 597 recovered to col=3 by nearest-column fallback (row=12, x=722.9, dist=98.4)
2026-09-07 00:49:53,182 MatchingPostProcessor WARNING  Orphan pdf_cell 598 recovered to col=3 by nearest-column fallback (row=12, x=733.9, dist=87.4)
2026-09-07 00:49:53,182 MatchingPostProcessor WARNING  Orphan pdf_cell 599 recovered to col=3 by nearest-column fallback (row=12, x=744.9, dist=76.4)
2026-09-07 00:49:53,182 MatchingPostProcessor WARNING  Orphan pdf_cell 600 recovered to col=3 by nearest-column fallback (row=12, x=755.9, dist=65.4)
2026-09-07 00:49:53,182 MatchingPostProcessor WARNING  Orphan pdf_cell 601 recovered to col=3 by nearest-column fallback (row=12, x=766.9, dist=54.4)
2026-09-07 00:49:53,182 MatchingPostProcessor WARNING  Orphan pdf_cell 602 recovered to col=3 by nearest-column fallback (row=12, x=777.9, dist=43.4)
2026-09-07 00:49:53,182 MatchingPostProcessor WARNING  Orphan pdf_cell 603 recovered to col=3 by nearest-column fallback (row=12, x=788.9, dist=32.4)
2026-09-07 00:49:53,182 MatchingPostProcessor WARNING  Orphan pdf_cell 620 recovered to col=2 by nearest-column fallback (row=13, x=458.9, dist=158.1)
2026-09-07 00:49:53,182 MatchingPostProcessor WARNING  Orphan pdf_cell 621 recovered to col=2 by nearest-column fallback (row=13, x=469.9, dist=169.1)
2026-09-07 00:49:53,182 MatchingPostProcessor WARNING  Orphan pdf_cell 622 recovered to col=2 by nearest-column fallback (row=13, x=480.9, dist=180.1)
2026-09-07 00:49:53,182 MatchingPostProcessor WARNING  Orphan pdf_cell 623 recovered to col=2 by nearest-column fallback (row=13, x=491.9, dist=191.1)
2026-09-07 00:49:53,182 MatchingPostProcessor WARNING  Orphan pdf_cell 624 recovered to col=2 by nearest-column fallback (row=13, x=502.9, dist=202.1)
2026-09-07 00:49:53,182 MatchingPostProcessor WARNING  Orphan pdf_cell 625 recovered to col=2 by nearest-column fallback (row=13, x=513.9, dist=213.1)
2026-09-07 00:49:53,182 MatchingPostProcessor WARNING  Orphan pdf_cell 626 recovered to col=2 by nearest-column fallback (row=13, x=524.9, dist=224.1)
2026-09-07 00:49:53,182 MatchingPostProcessor WARNING  Orphan pdf_cell 627 recovered to col=2 by nearest-column fallback (row=13, x=535.9, dist=235.1)
2026-09-07 00:49:53,182 MatchingPostProcessor WARNING  Orphan pdf_cell 628 recovered to col=2 by nearest-column fallback (row=13, x=546.9, dist=246.1)
2026-09-07 00:49:53,182 MatchingPostProcessor WARNING  Orphan pdf_cell 629 recovered to col=2 by nearest-column fallback (row=13, x=557.9, dist=257.1)
2026-09-07 00:49:53,182 MatchingPostProcessor WARNING  Orphan pdf_cell 630 recovered to col=3 by nearest-column fallback (row=13, x=568.9, dist=252.5)
2026-09-07 00:49:53,182 MatchingPostProcessor WARNING  Orphan pdf_cell 631 recovered to col=3 by nearest-column fallback (row=13, x=579.9, dist=241.5)
2026-09-07 00:49:53,182 MatchingPostProcessor WARNING  Orphan pdf_cell 632 recovered to col=3 by nearest-column fallback (row=13, x=590.9, dist=230.5)
2026-09-07 00:49:53,182 MatchingPostProcessor WARNING  Orphan pdf_cell 633 recovered to col=3 by nearest-column fallback (row=13, x=601.9, dist=219.5)
2026-09-07 00:49:53,182 MatchingPostProcessor WARNING  Orphan pdf_cell 634 recovered to col=3 by nearest-column fallback (row=13, x=612.9, dist=208.5)
2026-09-07 00:49:53,182 MatchingPostProcessor WARNING  Orphan pdf_cell 635 recovered to col=3 by nearest-column fallback (row=13, x=623.9, dist=197.5)
2026-09-07 00:49:53,182 MatchingPostProcessor WARNING  Orphan pdf_cell 636 recovered to col=3 by nearest-column fallback (row=13, x=634.9, dist=186.5)
2026-09-07 00:49:53,182 MatchingPostProcessor WARNING  Orphan pdf_cell 637 recovered to col=3 by nearest-column fallback (row=13, x=645.9, dist=175.5)
2026-09-07 00:49:53,182 MatchingPostProcessor WARNING  Orphan pdf_cell 638 recovered to col=3 by nearest-column fallback (row=13, x=656.9, dist=164.5)
2026-09-07 00:49:53,182 MatchingPostProcessor WARNING  Orphan pdf_cell 639 recovered to col=3 by nearest-column fallback (row=13, x=667.9, dist=153.5)
2026-09-07 00:49:53,182 MatchingPostProcessor WARNING  Orphan pdf_cell 640 recovered to col=3 by nearest-column fallback (row=13, x=678.9, dist=142.5)
2026-09-07 00:49:53,182 MatchingPostProcessor WARNING  Orphan pdf_cell 641 recovered to col=3 by nearest-column fallback (row=13, x=689.9, dist=131.5)
2026-09-07 00:49:53,182 MatchingPostProcessor WARNING  Orphan pdf_cell 642 recovered to col=3 by nearest-column fallback (row=13, x=700.9, dist=120.5)
2026-09-07 00:49:53,182 MatchingPostProcessor WARNING  Orphan pdf_cell 643 recovered to col=3 by nearest-column fallback (row=13, x=711.9, dist=109.5)
2026-09-07 00:49:53,182 MatchingPostProcessor WARNING  Orphan pdf_cell 644 recovered to col=3 by nearest-column fallback (row=13, x=722.9, dist=98.5)
2026-09-07 00:49:53,182 MatchingPostProcessor WARNING  Orphan pdf_cell 645 recovered to col=3 by nearest-column fallback (row=13, x=733.9, dist=87.5)
2026-09-07 00:49:53,182 MatchingPostProcessor WARNING  Orphan pdf_cell 646 recovered to col=3 by nearest-column fallback (row=13, x=744.9, dist=76.5)
2026-09-07 00:49:53,182 MatchingPostProcessor WARNING  Orphan pdf_cell 647 recovered to col=3 by nearest-column fallback (row=13, x=755.9, dist=65.5)
2026-09-07 00:49:53,182 MatchingPostProcessor WARNING  Orphan pdf_cell 648 recovered to col=3 by nearest-column fallback (row=13, x=766.9, dist=54.5)
2026-09-07 00:49:53,182 MatchingPostProcessor WARNING  Orphan pdf_cell 649 recovered to col=3 by nearest-column fallback (row=13, x=777.9, dist=43.5)
2026-09-07 00:49:53,182 MatchingPostProcessor WARNING  Orphan pdf_cell 650 recovered to col=3 by nearest-column fallback (row=13, x=788.9, dist=32.5)
2026-09-07 00:49:53,183 MatchingPostProcessor WARNING  Orphan pdf_cell 672 recovered to col=2 by nearest-column fallback (row=14, x=458.9, dist=158.1)
2026-09-07 00:49:53,183 MatchingPostProcessor WARNING  Orphan pdf_cell 673 recovered to col=2 by nearest-column fallback (row=14, x=469.9, dist=169.1)
2026-09-07 00:49:53,183 MatchingPostProcessor WARNING  Orphan pdf_cell 674 recovered to col=2 by nearest-column fallback (row=14, x=480.9, dist=180.1)
2026-09-07 00:49:53,183 MatchingPostProcessor WARNING  Orphan pdf_cell 675 recovered to col=2 by nearest-column fallback (row=14, x=491.9, dist=191.1)
2026-09-07 00:49:53,183 MatchingPostProcessor WARNING  Orphan pdf_cell 676 recovered to col=2 by nearest-column fallback (row=14, x=502.9, dist=202.1)
2026-09-07 00:49:53,183 MatchingPostProcessor WARNING  Orphan pdf_cell 677 recovered to col=2 by nearest-column fallback (row=14, x=513.9, dist=213.1)
2026-09-07 00:49:53,183 MatchingPostProcessor WARNING  Orphan pdf_cell 678 recovered to col=2 by nearest-column fallback (row=14, x=524.9, dist=224.1)
2026-09-07 00:49:53,183 MatchingPostProcessor WARNING  Orphan pdf_cell 679 recovered to col=2 by nearest-column fallback (row=14, x=535.9, dist=235.1)
2026-09-07 00:49:53,183 MatchingPostProcessor WARNING  Orphan pdf_cell 680 recovered to col=2 by nearest-column fallback (row=14, x=546.9, dist=246.1)
2026-09-07 00:49:53,183 MatchingPostProcessor WARNING  Orphan pdf_cell 681 recovered to col=2 by nearest-column fallback (row=14, x=557.9, dist=257.1)
2026-09-07 00:49:53,183 MatchingPostProcessor WARNING  Orphan pdf_cell 682 recovered to col=3 by nearest-column fallback (row=14, x=568.9, dist=252.5)
2026-09-07 00:49:53,183 MatchingPostProcessor WARNING  Orphan pdf_cell 683 recovered to col=3 by nearest-column fallback (row=14, x=579.9, dist=241.5)
2026-09-07 00:49:53,183 MatchingPostProcessor WARNING  Orphan pdf_cell 684 recovered to col=3 by nearest-column fallback (row=14, x=590.9, dist=230.5)
2026-09-07 00:49:53,183 MatchingPostProcessor WARNING  Orphan pdf_cell 685 recovered to col=3 by nearest-column fallback (row=14, x=601.9, dist=219.5)
2026-09-07 00:49:53,183 MatchingPostProcessor WARNING  Orphan pdf_cell 686 recovered to col=3 by nearest-column fallback (row=14, x=612.9, dist=208.5)
2026-09-07 00:49:53,183 MatchingPostProcessor WARNING  Orphan pdf_cell 687 recovered to col=3 by nearest-column fallback (row=14, x=623.9, dist=197.5)
2026-09-07 00:49:53,183 MatchingPostProcessor WARNING  Orphan pdf_cell 688 recovered to col=3 by nearest-column fallback (row=14, x=634.9, dist=186.5)
2026-09-07 00:49:53,183 MatchingPostProcessor WARNING  Orphan pdf_cell 689 recovered to col=3 by nearest-column fallback (row=14, x=645.9, dist=175.5)
2026-09-07 00:49:53,183 MatchingPostProcessor WARNING  Orphan pdf_cell 690 recovered to col=3 by nearest-column fallback (row=14, x=656.9, dist=164.5)
2026-09-07 00:49:53,183 MatchingPostProcessor WARNING  Orphan pdf_cell 691 recovered to col=3 by nearest-column fallback (row=14, x=667.9, dist=153.5)
2026-09-07 00:49:53,183 MatchingPostProcessor WARNING  Orphan pdf_cell 692 recovered to col=3 by nearest-column fallback (row=14, x=678.9, dist=142.5)
2026-09-07 00:49:53,183 MatchingPostProcessor WARNING  Orphan pdf_cell 693 recovered to col=3 by nearest-column fallback (row=14, x=689.9, dist=131.5)
2026-09-07 00:49:53,183 MatchingPostProcessor WARNING  Orphan pdf_cell 694 recovered to col=3 by nearest-column fallback (row=14, x=700.9, dist=120.5)
2026-09-07 00:49:53,183 MatchingPostProcessor WARNING  Orphan pdf_cell 695 recovered to col=3 by nearest-column fallback (row=14, x=711.9, dist=109.5)
2026-09-07 00:49:53,183 MatchingPostProcessor WARNING  Orphan pdf_cell 696 recovered to col=3 by nearest-column fallback (row=14, x=722.9, dist=98.5)
2026-09-07 00:49:53,183 MatchingPostProcessor WARNING  Orphan pdf_cell 697 recovered to col=3 by nearest-column fallback (row=14, x=733.9, dist=87.5)
2026-09-07 00:49:53,183 MatchingPostProcessor WARNING  Orphan pdf_cell 698 recovered to col=3 by nearest-column fallback (row=14, x=744.9, dist=76.5)
2026-09-07 00:49:53,183 MatchingPostProcessor WARNING  Orphan pdf_cell 699 recovered to col=3 by nearest-column fallback (row=14, x=755.9, dist=65.5)
2026-09-07 00:49:53,183 MatchingPostProcessor WARNING  Orphan pdf_cell 700 recovered to col=3 by nearest-column fallback (row=14, x=766.9, dist=54.5)
2026-09-07 00:49:53,183 MatchingPostProcessor WARNING  Orphan pdf_cell 701 recovered to col=3 by nearest-column fallback (row=14, x=777.9, dist=43.5)
2026-09-07 00:49:53,183 MatchingPostProcessor WARNING  Orphan pdf_cell 702 recovered to col=3 by nearest-column fallback (row=14, x=788.9, dist=32.5)
2026-09-07 00:49:53,183 MatchingPostProcessor WARNING  Orphan pdf_cell 722 recovered to col=2 by nearest-column fallback (row=15, x=458.9, dist=158.1)
2026-09-07 00:49:53,184 MatchingPostProcessor WARNING  Orphan pdf_cell 723 recovered to col=2 by nearest-column fallback (row=15, x=469.9, dist=169.1)
2026-09-07 00:49:53,184 MatchingPostProcessor WARNING  Orphan pdf_cell 724 recovered to col=2 by nearest-column fallback (row=15, x=480.9, dist=180.1)
2026-09-07 00:49:53,184 MatchingPostProcessor WARNING  Orphan pdf_cell 725 recovered to col=2 by nearest-column fallback (row=15, x=491.9, dist=191.1)
2026-09-07 00:49:53,184 MatchingPostProcessor WARNING  Orphan pdf_cell 726 recovered to col=2 by nearest-column fallback (row=15, x=502.9, dist=202.1)
2026-09-07 00:49:53,184 MatchingPostProcessor WARNING  Orphan pdf_cell 727 recovered to col=2 by nearest-column fallback (row=15, x=513.9, dist=213.1)
2026-09-07 00:49:53,184 MatchingPostProcessor WARNING  Orphan pdf_cell 728 recovered to col=2 by nearest-column fallback (row=15, x=524.9, dist=224.1)
2026-09-07 00:49:53,184 MatchingPostProcessor WARNING  Orphan pdf_cell 729 recovered to col=2 by nearest-column fallback (row=15, x=535.9, dist=235.1)
2026-09-07 00:49:53,184 MatchingPostProcessor WARNING  Orphan pdf_cell 730 recovered to col=2 by nearest-column fallback (row=15, x=546.9, dist=246.1)
2026-09-07 00:49:53,184 MatchingPostProcessor WARNING  Orphan pdf_cell 731 recovered to col=2 by nearest-column fallback (row=15, x=557.9, dist=257.1)
2026-09-07 00:49:53,184 MatchingPostProcessor WARNING  Orphan pdf_cell 732 recovered to col=3 by nearest-column fallback (row=15, x=568.9, dist=252.5)
2026-09-07 00:49:53,184 MatchingPostProcessor WARNING  Orphan pdf_cell 733 recovered to col=3 by nearest-column fallback (row=15, x=579.9, dist=241.5)
2026-09-07 00:49:53,184 MatchingPostProcessor WARNING  Orphan pdf_cell 734 recovered to col=3 by nearest-column fallback (row=15, x=590.9, dist=230.5)
2026-09-07 00:49:53,184 MatchingPostProcessor WARNING  Orphan pdf_cell 735 recovered to col=3 by nearest-column fallback (row=15, x=601.9, dist=219.5)
2026-09-07 00:49:53,184 MatchingPostProcessor WARNING  Orphan pdf_cell 736 recovered to col=3 by nearest-column fallback (row=15, x=612.9, dist=208.5)
2026-09-07 00:49:53,184 MatchingPostProcessor WARNING  Orphan pdf_cell 737 recovered to col=3 by nearest-column fallback (row=15, x=623.9, dist=197.5)
2026-09-07 00:49:53,184 MatchingPostProcessor WARNING  Orphan pdf_cell 738 recovered to col=3 by nearest-column fallback (row=15, x=634.9, dist=186.5)
2026-09-07 00:49:53,184 MatchingPostProcessor WARNING  Orphan pdf_cell 739 recovered to col=3 by nearest-column fallback (row=15, x=645.9, dist=175.5)
2026-09-07 00:49:53,184 MatchingPostProcessor WARNING  Orphan pdf_cell 740 recovered to col=3 by nearest-column fallback (row=15, x=656.9, dist=164.5)
2026-09-07 00:49:53,184 MatchingPostProcessor WARNING  Orphan pdf_cell 741 recovered to col=3 by nearest-column fallback (row=15, x=667.9, dist=153.5)
2026-09-07 00:49:53,184 MatchingPostProcessor WARNING  Orphan pdf_cell 742 recovered to col=3 by nearest-column fallback (row=15, x=678.9, dist=142.5)
2026-09-07 00:49:53,184 MatchingPostProcessor WARNING  Orphan pdf_cell 743 recovered to col=3 by nearest-column fallback (row=15, x=689.9, dist=131.5)
2026-09-07 00:49:53,184 MatchingPostProcessor WARNING  Orphan pdf_cell 744 recovered to col=3 by nearest-column fallback (row=15, x=700.9, dist=120.5)
2026-09-07 00:49:53,184 MatchingPostProcessor WARNING  Orphan pdf_cell 745 recovered to col=3 by nearest-column fallback (row=15, x=711.9, dist=109.5)
2026-09-07 00:49:53,184 MatchingPostProcessor WARNING  Orphan pdf_cell 746 recovered to col=3 by nearest-column fallback (row=15, x=722.9, dist=98.5)
2026-09-07 00:49:53,184 MatchingPostProcessor WARNING  Orphan pdf_cell 747 recovered to col=3 by nearest-column fallback (row=15, x=733.9, dist=87.5)
2026-09-07 00:49:53,184 MatchingPostProcessor WARNING  Orphan pdf_cell 748 recovered to col=3 by nearest-column fallback (row=15, x=744.9, dist=76.5)
2026-09-07 00:49:53,184 MatchingPostProcessor WARNING  Orphan pdf_cell 749 recovered to col=3 by nearest-column fallback (row=15, x=755.9, dist=65.5)
2026-09-07 00:49:53,184 MatchingPostProcessor WARNING  Orphan pdf_cell 750 recovered to col=3 by nearest-column fallback (row=15, x=766.9, dist=54.5)
2026-09-07 00:49:53,184 MatchingPostProcessor WARNING  Orphan pdf_cell 751 recovered to col=3 by nearest-column fallback (row=15, x=777.9, dist=43.5)
2026-09-07 00:49:53,184 MatchingPostProcessor WARNING  Orphan pdf_cell 752 recovered to col=3 by nearest-column fallback (row=15, x=788.9, dist=32.5)
2026-09-07 00:49:53,184 MatchingPostProcessor WARNING  Orphan pdf_cell 762 recovered to col=2 by nearest-column fallback (row=16, x=459.0, dist=158.1)
2026-09-07 00:49:53,184 MatchingPostProcessor WARNING  Orphan pdf_cell 763 recovered to col=2 by nearest-column fallback (row=16, x=470.0, dist=169.1)
2026-09-07 00:49:53,184 MatchingPostProcessor WARNING  Orphan pdf_cell 764 recovered to col=2 by nearest-column fallback (row=16, x=481.0, dist=180.1)
2026-09-07 00:49:53,184 MatchingPostProcessor WARNING  Orphan pdf_cell 765 recovered to col=2 by nearest-column fallback (row=16, x=492.0, dist=191.1)
2026-09-07 00:49:53,184 MatchingPostProcessor WARNING  Orphan pdf_cell 766 recovered to col=2 by nearest-column fallback (row=16, x=503.0, dist=202.1)
2026-09-07 00:49:53,184 MatchingPostProcessor WARNING  Orphan pdf_cell 767 recovered to col=2 by nearest-column fallback (row=16, x=514.0, dist=213.1)
2026-09-07 00:49:53,184 MatchingPostProcessor WARNING  Orphan pdf_cell 768 recovered to col=2 by nearest-column fallback (row=16, x=525.0, dist=224.1)
2026-09-07 00:49:53,184 MatchingPostProcessor WARNING  Orphan pdf_cell 769 recovered to col=2 by nearest-column fallback (row=16, x=536.0, dist=235.1)
2026-09-07 00:49:53,184 MatchingPostProcessor WARNING  Orphan pdf_cell 770 recovered to col=2 by nearest-column fallback (row=16, x=547.0, dist=246.1)
2026-09-07 00:49:53,184 MatchingPostProcessor WARNING  Orphan pdf_cell 771 recovered to col=2 by nearest-column fallback (row=16, x=558.0, dist=257.1)
2026-09-07 00:49:53,184 MatchingPostProcessor WARNING  Orphan pdf_cell 772 recovered to col=3 by nearest-column fallback (row=16, x=569.0, dist=252.4)
2026-09-07 00:49:53,184 MatchingPostProcessor WARNING  Orphan pdf_cell 773 recovered to col=3 by nearest-column fallback (row=16, x=580.0, dist=241.4)
2026-09-07 00:49:53,185 MatchingPostProcessor WARNING  Orphan pdf_cell 774 recovered to col=3 by nearest-column fallback (row=16, x=591.0, dist=230.4)
2026-09-07 00:49:53,185 MatchingPostProcessor WARNING  Orphan pdf_cell 775 recovered to col=3 by nearest-column fallback (row=16, x=602.0, dist=219.4)
2026-09-07 00:49:53,185 MatchingPostProcessor WARNING  Orphan pdf_cell 776 recovered to col=3 by nearest-column fallback (row=16, x=613.0, dist=208.4)
2026-09-07 00:49:53,185 MatchingPostProcessor WARNING  Orphan pdf_cell 777 recovered to col=3 by nearest-column fallback (row=16, x=624.0, dist=197.4)
2026-09-07 00:49:53,185 MatchingPostProcessor WARNING  Orphan pdf_cell 778 recovered to col=3 by nearest-column fallback (row=16, x=635.0, dist=186.4)
2026-09-07 00:49:53,185 MatchingPostProcessor WARNING  Orphan pdf_cell 779 recovered to col=3 by nearest-column fallback (row=16, x=646.0, dist=175.4)
2026-09-07 00:49:53,185 MatchingPostProcessor WARNING  Orphan pdf_cell 780 recovered to col=3 by nearest-column fallback (row=16, x=657.0, dist=164.4)
2026-09-07 00:49:53,185 MatchingPostProcessor WARNING  Orphan pdf_cell 781 recovered to col=3 by nearest-column fallback (row=16, x=668.0, dist=153.4)
2026-09-07 00:49:53,185 MatchingPostProcessor WARNING  Orphan pdf_cell 782 recovered to col=3 by nearest-column fallback (row=16, x=679.0, dist=142.4)
2026-09-07 00:49:53,185 MatchingPostProcessor WARNING  Orphan pdf_cell 783 recovered to col=3 by nearest-column fallback (row=16, x=690.0, dist=131.4)
2026-09-07 00:49:53,185 MatchingPostProcessor WARNING  Orphan pdf_cell 784 recovered to col=3 by nearest-column fallback (row=16, x=701.0, dist=120.4)
2026-09-07 00:49:53,185 MatchingPostProcessor WARNING  Orphan pdf_cell 785 recovered to col=3 by nearest-column fallback (row=16, x=712.0, dist=109.4)
2026-09-07 00:49:53,185 MatchingPostProcessor WARNING  Orphan pdf_cell 786 recovered to col=3 by nearest-column fallback (row=16, x=723.0, dist=98.4)
2026-09-07 00:49:53,185 MatchingPostProcessor WARNING  Orphan pdf_cell 787 recovered to col=3 by nearest-column fallback (row=16, x=734.0, dist=87.4)
2026-09-07 00:49:53,185 MatchingPostProcessor WARNING  Orphan pdf_cell 788 recovered to col=3 by nearest-column fallback (row=16, x=745.0, dist=76.4)
2026-09-07 00:49:53,185 MatchingPostProcessor WARNING  Orphan pdf_cell 789 recovered to col=3 by nearest-column fallback (row=16, x=756.0, dist=65.4)
2026-09-07 00:49:53,185 MatchingPostProcessor WARNING  Orphan pdf_cell 790 recovered to col=3 by nearest-column fallback (row=16, x=767.0, dist=54.4)
2026-09-07 00:49:53,185 MatchingPostProcessor WARNING  Orphan pdf_cell 791 recovered to col=3 by nearest-column fallback (row=16, x=778.0, dist=43.4)
2026-09-07 00:49:53,185 MatchingPostProcessor WARNING  Orphan pdf_cell 792 recovered to col=3 by nearest-column fallback (row=16, x=789.0, dist=32.4)
2026-09-07 00:49:53,185 MatchingPostProcessor WARNING  Orphan pdf_cell 812 recovered to col=2 by nearest-column fallback (row=17, x=458.9, dist=158.1)
2026-09-07 00:49:53,185 MatchingPostProcessor WARNING  Orphan pdf_cell 813 recovered to col=2 by nearest-column fallback (row=17, x=469.9, dist=169.1)
2026-09-07 00:49:53,185 MatchingPostProcessor WARNING  Orphan pdf_cell 814 recovered to col=2 by nearest-column fallback (row=17, x=480.9, dist=180.1)
2026-09-07 00:49:53,185 MatchingPostProcessor WARNING  Orphan pdf_cell 815 recovered to col=2 by nearest-column fallback (row=17, x=491.9, dist=191.1)
2026-09-07 00:49:53,185 MatchingPostProcessor WARNING  Orphan pdf_cell 816 recovered to col=2 by nearest-column fallback (row=17, x=502.9, dist=202.1)
2026-09-07 00:49:53,185 MatchingPostProcessor WARNING  Orphan pdf_cell 817 recovered to col=2 by nearest-column fallback (row=17, x=513.9, dist=213.1)
2026-09-07 00:49:53,185 MatchingPostProcessor WARNING  Orphan pdf_cell 818 recovered to col=2 by nearest-column fallback (row=17, x=524.9, dist=224.1)
2026-09-07 00:49:53,185 MatchingPostProcessor WARNING  Orphan pdf_cell 819 recovered to col=2 by nearest-column fallback (row=17, x=535.9, dist=235.1)
2026-09-07 00:49:53,185 MatchingPostProcessor WARNING  Orphan pdf_cell 820 recovered to col=2 by nearest-column fallback (row=17, x=546.9, dist=246.1)
2026-09-07 00:49:53,185 MatchingPostProcessor WARNING  Orphan pdf_cell 821 recovered to col=2 by nearest-column fallback (row=17, x=557.9, dist=257.1)
2026-09-07 00:49:53,185 MatchingPostProcessor WARNING  Orphan pdf_cell 822 recovered to col=3 by nearest-column fallback (row=17, x=568.9, dist=252.5)
2026-09-07 00:49:53,185 MatchingPostProcessor WARNING  Orphan pdf_cell 823 recovered to col=3 by nearest-column fallback (row=17, x=579.9, dist=241.5)
2026-09-07 00:49:53,185 MatchingPostProcessor WARNING  Orphan pdf_cell 824 recovered to col=3 by nearest-column fallback (row=17, x=590.9, dist=230.5)
2026-09-07 00:49:53,185 MatchingPostProcessor WARNING  Orphan pdf_cell 825 recovered to col=3 by nearest-column fallback (row=17, x=601.9, dist=219.5)
2026-09-07 00:49:53,185 MatchingPostProcessor WARNING  Orphan pdf_cell 826 recovered to col=3 by nearest-column fallback (row=17, x=612.9, dist=208.5)
2026-09-07 00:49:53,185 MatchingPostProcessor WARNING  Orphan pdf_cell 827 recovered to col=3 by nearest-column fallback (row=17, x=623.9, dist=197.5)
2026-09-07 00:49:53,185 MatchingPostProcessor WARNING  Orphan pdf_cell 828 recovered to col=3 by nearest-column fallback (row=17, x=634.9, dist=186.5)
2026-09-07 00:49:53,185 MatchingPostProcessor WARNING  Orphan pdf_cell 829 recovered to col=3 by nearest-column fallback (row=17, x=645.9, dist=175.5)
2026-09-07 00:49:53,186 MatchingPostProcessor WARNING  Orphan pdf_cell 830 recovered to col=3 by nearest-column fallback (row=17, x=656.9, dist=164.5)
2026-09-07 00:49:53,186 MatchingPostProcessor WARNING  Orphan pdf_cell 831 recovered to col=3 by nearest-column fallback (row=17, x=667.9, dist=153.5)
2026-09-07 00:49:53,186 MatchingPostProcessor WARNING  Orphan pdf_cell 832 recovered to col=3 by nearest-column fallback (row=17, x=678.9, dist=142.5)
2026-09-07 00:49:53,186 MatchingPostProcessor WARNING  Orphan pdf_cell 833 recovered to col=3 by nearest-column fallback (row=17, x=689.9, dist=131.5)
2026-09-07 00:49:53,186 MatchingPostProcessor WARNING  Orphan pdf_cell 834 recovered to col=3 by nearest-column fallback (row=17, x=700.9, dist=120.5)
2026-09-07 00:49:53,186 MatchingPostProcessor WARNING  Orphan pdf_cell 835 recovered to col=3 by nearest-column fallback (row=17, x=711.9, dist=109.5)
2026-09-07 00:49:53,186 MatchingPostProcessor WARNING  Orphan pdf_cell 836 recovered to col=3 by nearest-column fallback (row=17, x=722.9, dist=98.5)
2026-09-07 00:49:53,186 MatchingPostProcessor WARNING  Orphan pdf_cell 837 recovered to col=3 by nearest-column fallback (row=17, x=733.9, dist=87.5)
2026-09-07 00:49:53,186 MatchingPostProcessor WARNING  Orphan pdf_cell 838 recovered to col=3 by nearest-column fallback (row=17, x=744.9, dist=76.5)
2026-09-07 00:49:53,186 MatchingPostProcessor WARNING  Orphan pdf_cell 839 recovered to col=3 by nearest-column fallback (row=17, x=755.9, dist=65.5)
2026-09-07 00:49:53,186 MatchingPostProcessor WARNING  Orphan pdf_cell 840 recovered to col=3 by nearest-column fallback (row=17, x=766.9, dist=54.5)
2026-09-07 00:49:53,186 MatchingPostProcessor WARNING  Orphan pdf_cell 841 recovered to col=3 by nearest-column fallback (row=17, x=777.9, dist=43.5)
2026-09-07 00:49:53,186 MatchingPostProcessor WARNING  Orphan pdf_cell 842 recovered to col=3 by nearest-column fallback (row=17, x=788.9, dist=32.5)
2026-09-07 00:49:53,186 MatchingPostProcessor WARNING  Orphan pdf_cell 859 recovered to col=2 by nearest-column fallback (row=18, x=458.9, dist=158.1)
2026-09-07 00:49:53,186 MatchingPostProcessor WARNING  Orphan pdf_cell 860 recovered to col=2 by nearest-column fallback (row=18, x=469.9, dist=169.1)
2026-09-07 00:49:53,186 MatchingPostProcessor WARNING  Orphan pdf_cell 861 recovered to col=2 by nearest-column fallback (row=18, x=480.9, dist=180.1)
2026-09-07 00:49:53,186 MatchingPostProcessor WARNING  Orphan pdf_cell 862 recovered to col=2 by nearest-column fallback (row=18, x=491.9, dist=191.1)
2026-09-07 00:49:53,186 MatchingPostProcessor WARNING  Orphan pdf_cell 863 recovered to col=2 by nearest-column fallback (row=18, x=502.9, dist=202.1)
2026-09-07 00:49:53,186 MatchingPostProcessor WARNING  Orphan pdf_cell 864 recovered to col=2 by nearest-column fallback (row=18, x=513.9, dist=213.1)
2026-09-07 00:49:53,186 MatchingPostProcessor WARNING  Orphan pdf_cell 865 recovered to col=2 by nearest-column fallback (row=18, x=524.9, dist=224.1)
2026-09-07 00:49:53,186 MatchingPostProcessor WARNING  Orphan pdf_cell 866 recovered to col=2 by nearest-column fallback (row=18, x=535.9, dist=235.1)
2026-09-07 00:49:53,186 MatchingPostProcessor WARNING  Orphan pdf_cell 867 recovered to col=2 by nearest-column fallback (row=18, x=546.9, dist=246.1)
2026-09-07 00:49:53,186 MatchingPostProcessor WARNING  Orphan pdf_cell 868 recovered to col=2 by nearest-column fallback (row=18, x=557.9, dist=257.1)
2026-09-07 00:49:53,186 MatchingPostProcessor WARNING  Orphan pdf_cell 869 recovered to col=3 by nearest-column fallback (row=18, x=568.9, dist=252.4)
2026-09-07 00:49:53,186 MatchingPostProcessor WARNING  Orphan pdf_cell 870 recovered to col=3 by nearest-column fallback (row=18, x=579.9, dist=241.4)
2026-09-07 00:49:53,186 MatchingPostProcessor WARNING  Orphan pdf_cell 871 recovered to col=3 by nearest-column fallback (row=18, x=590.9, dist=230.4)
2026-09-07 00:49:53,186 MatchingPostProcessor WARNING  Orphan pdf_cell 872 recovered to col=3 by nearest-column fallback (row=18, x=601.9, dist=219.4)
2026-09-07 00:49:53,186 MatchingPostProcessor WARNING  Orphan pdf_cell 873 recovered to col=3 by nearest-column fallback (row=18, x=612.9, dist=208.4)
2026-09-07 00:49:53,186 MatchingPostProcessor WARNING  Orphan pdf_cell 874 recovered to col=3 by nearest-column fallback (row=18, x=623.9, dist=197.4)
2026-09-07 00:49:53,186 MatchingPostProcessor WARNING  Orphan pdf_cell 875 recovered to col=3 by nearest-column fallback (row=18, x=634.9, dist=186.4)
2026-09-07 00:49:53,186 MatchingPostProcessor WARNING  Orphan pdf_cell 876 recovered to col=3 by nearest-column fallback (row=18, x=645.9, dist=175.4)
2026-09-07 00:49:53,186 MatchingPostProcessor WARNING  Orphan pdf_cell 877 recovered to col=3 by nearest-column fallback (row=18, x=656.9, dist=164.4)
2026-09-07 00:49:53,186 MatchingPostProcessor WARNING  Orphan pdf_cell 878 recovered to col=3 by nearest-column fallback (row=18, x=667.9, dist=153.4)
2026-09-07 00:49:53,186 MatchingPostProcessor WARNING  Orphan pdf_cell 879 recovered to col=3 by nearest-column fallback (row=18, x=678.9, dist=142.4)
2026-09-07 00:49:53,186 MatchingPostProcessor WARNING  Orphan pdf_cell 880 recovered to col=3 by nearest-column fallback (row=18, x=689.9, dist=131.4)
2026-09-07 00:49:53,186 MatchingPostProcessor WARNING  Orphan pdf_cell 881 recovered to col=3 by nearest-column fallback (row=18, x=700.9, dist=120.4)
2026-09-07 00:49:53,186 MatchingPostProcessor WARNING  Orphan pdf_cell 882 recovered to col=3 by nearest-column fallback (row=18, x=711.9, dist=109.4)
2026-09-07 00:49:53,186 MatchingPostProcessor WARNING  Orphan pdf_cell 883 recovered to col=3 by nearest-column fallback (row=18, x=722.9, dist=98.4)
2026-09-07 00:49:53,187 MatchingPostProcessor WARNING  Orphan pdf_cell 884 recovered to col=3 by nearest-column fallback (row=18, x=733.9, dist=87.4)
2026-09-07 00:49:53,187 MatchingPostProcessor WARNING  Orphan pdf_cell 885 recovered to col=3 by nearest-column fallback (row=18, x=744.9, dist=76.4)
2026-09-07 00:49:53,187 MatchingPostProcessor WARNING  Orphan pdf_cell 886 recovered to col=3 by nearest-column fallback (row=18, x=755.9, dist=65.4)
2026-09-07 00:49:53,187 MatchingPostProcessor WARNING  Orphan pdf_cell 887 recovered to col=3 by nearest-column fallback (row=18, x=766.9, dist=54.4)
2026-09-07 00:49:53,187 MatchingPostProcessor WARNING  Orphan pdf_cell 888 recovered to col=3 by nearest-column fallback (row=18, x=777.9, dist=43.4)
2026-09-07 00:49:53,187 MatchingPostProcessor WARNING  Orphan pdf_cell 889 recovered to col=3 by nearest-column fallback (row=18, x=788.9, dist=32.4)
2026-09-07 00:49:53,187 MatchingPostProcessor WARNING  Orphan pdf_cell 907 recovered to col=2 by nearest-column fallback (row=19, x=458.9, dist=158.1)
2026-09-07 00:49:53,187 MatchingPostProcessor WARNING  Orphan pdf_cell 908 recovered to col=2 by nearest-column fallback (row=19, x=469.9, dist=169.1)
2026-09-07 00:49:53,187 MatchingPostProcessor WARNING  Orphan pdf_cell 909 recovered to col=2 by nearest-column fallback (row=19, x=480.9, dist=180.1)
2026-09-07 00:49:53,187 MatchingPostProcessor WARNING  Orphan pdf_cell 910 recovered to col=2 by nearest-column fallback (row=19, x=491.9, dist=191.1)
2026-09-07 00:49:53,187 MatchingPostProcessor WARNING  Orphan pdf_cell 911 recovered to col=2 by nearest-column fallback (row=19, x=502.9, dist=202.1)
2026-09-07 00:49:53,187 MatchingPostProcessor WARNING  Orphan pdf_cell 912 recovered to col=2 by nearest-column fallback (row=19, x=513.9, dist=213.1)
2026-09-07 00:49:53,187 MatchingPostProcessor WARNING  Orphan pdf_cell 913 recovered to col=2 by nearest-column fallback (row=19, x=524.9, dist=224.1)
2026-09-07 00:49:53,187 MatchingPostProcessor WARNING  Orphan pdf_cell 914 recovered to col=2 by nearest-column fallback (row=19, x=535.9, dist=235.1)
2026-09-07 00:49:53,187 MatchingPostProcessor WARNING  Orphan pdf_cell 915 recovered to col=2 by nearest-column fallback (row=19, x=546.9, dist=246.1)
2026-09-07 00:49:53,187 MatchingPostProcessor WARNING  Orphan pdf_cell 916 recovered to col=2 by nearest-column fallback (row=19, x=557.9, dist=257.1)
2026-09-07 00:49:53,187 MatchingPostProcessor WARNING  Orphan pdf_cell 917 recovered to col=3 by nearest-column fallback (row=19, x=568.9, dist=252.5)
2026-09-07 00:49:53,187 MatchingPostProcessor WARNING  Orphan pdf_cell 918 recovered to col=3 by nearest-column fallback (row=19, x=579.9, dist=241.5)
2026-09-07 00:49:53,187 MatchingPostProcessor WARNING  Orphan pdf_cell 919 recovered to col=3 by nearest-column fallback (row=19, x=590.9, dist=230.5)
2026-09-07 00:49:53,187 MatchingPostProcessor WARNING  Orphan pdf_cell 920 recovered to col=3 by nearest-column fallback (row=19, x=601.9, dist=219.5)
2026-09-07 00:49:53,187 MatchingPostProcessor WARNING  Orphan pdf_cell 921 recovered to col=3 by nearest-column fallback (row=19, x=612.9, dist=208.5)
2026-09-07 00:49:53,187 MatchingPostProcessor WARNING  Orphan pdf_cell 922 recovered to col=3 by nearest-column fallback (row=19, x=623.9, dist=197.5)
2026-09-07 00:49:53,187 MatchingPostProcessor WARNING  Orphan pdf_cell 923 recovered to col=3 by nearest-column fallback (row=19, x=634.9, dist=186.5)
2026-09-07 00:49:53,187 MatchingPostProcessor WARNING  Orphan pdf_cell 924 recovered to col=3 by nearest-column fallback (row=19, x=645.9, dist=175.5)
2026-09-07 00:49:53,187 MatchingPostProcessor WARNING  Orphan pdf_cell 925 recovered to col=3 by nearest-column fallback (row=19, x=656.9, dist=164.5)
2026-09-07 00:49:53,187 MatchingPostProcessor WARNING  Orphan pdf_cell 926 recovered to col=3 by nearest-column fallback (row=19, x=667.9, dist=153.5)
2026-09-07 00:49:53,187 MatchingPostProcessor WARNING  Orphan pdf_cell 927 recovered to col=3 by nearest-column fallback (row=19, x=678.9, dist=142.5)
2026-09-07 00:49:53,187 MatchingPostProcessor WARNING  Orphan pdf_cell 928 recovered to col=3 by nearest-column fallback (row=19, x=689.9, dist=131.5)
2026-09-07 00:49:53,187 MatchingPostProcessor WARNING  Orphan pdf_cell 929 recovered to col=3 by nearest-column fallback (row=19, x=700.9, dist=120.5)
2026-09-07 00:49:53,187 MatchingPostProcessor WARNING  Orphan pdf_cell 930 recovered to col=3 by nearest-column fallback (row=19, x=711.9, dist=109.5)
2026-09-07 00:49:53,187 MatchingPostProcessor WARNING  Orphan pdf_cell 931 recovered to col=3 by nearest-column fallback (row=19, x=722.9, dist=98.5)
2026-09-07 00:49:53,187 MatchingPostProcessor WARNING  Orphan pdf_cell 932 recovered to col=3 by nearest-column fallback (row=19, x=733.9, dist=87.5)
2026-09-07 00:49:53,187 MatchingPostProcessor WARNING  Orphan pdf_cell 933 recovered to col=3 by nearest-column fallback (row=19, x=744.9, dist=76.5)
2026-09-07 00:49:53,187 MatchingPostProcessor WARNING  Orphan pdf_cell 934 recovered to col=3 by nearest-column fallback (row=19, x=755.9, dist=65.5)
2026-09-07 00:49:53,187 MatchingPostProcessor WARNING  Orphan pdf_cell 935 recovered to col=3 by nearest-column fallback (row=19, x=766.9, dist=54.5)
2026-09-07 00:49:53,187 MatchingPostProcessor WARNING  Orphan pdf_cell 936 recovered to col=3 by nearest-column fallback (row=19, x=777.9, dist=43.5)
2026-09-07 00:49:53,187 MatchingPostProcessor WARNING  Orphan pdf_cell 937 recovered to col=3 by nearest-column fallback (row=19, x=788.9, dist=32.5)
2026-09-07 00:49:53,188 MatchingPostProcessor WARNING  Orphan pdf_cell 963 recovered to col=2 by nearest-column fallback (row=20, x=458.9, dist=158.0)
2026-09-07 00:49:53,188 MatchingPostProcessor WARNING  Orphan pdf_cell 964 recovered to col=2 by nearest-column fallback (row=20, x=469.9, dist=169.0)
2026-09-07 00:49:53,188 MatchingPostProcessor WARNING  Orphan pdf_cell 965 recovered to col=2 by nearest-column fallback (row=20, x=480.9, dist=180.0)
2026-09-07 00:49:53,188 MatchingPostProcessor WARNING  Orphan pdf_cell 966 recovered to col=2 by nearest-column fallback (row=20, x=491.9, dist=191.0)
2026-09-07 00:49:53,188 MatchingPostProcessor WARNING  Orphan pdf_cell 967 recovered to col=2 by nearest-column fallback (row=20, x=502.9, dist=202.0)
2026-09-07 00:49:53,188 MatchingPostProcessor WARNING  Orphan pdf_cell 968 recovered to col=2 by nearest-column fallback (row=20, x=513.9, dist=213.0)
2026-09-07 00:49:53,188 MatchingPostProcessor WARNING  Orphan pdf_cell 969 recovered to col=2 by nearest-column fallback (row=20, x=524.9, dist=224.0)
2026-09-07 00:49:53,188 MatchingPostProcessor WARNING  Orphan pdf_cell 970 recovered to col=2 by nearest-column fallback (row=20, x=535.9, dist=235.0)
2026-09-07 00:49:53,188 MatchingPostProcessor WARNING  Orphan pdf_cell 971 recovered to col=2 by nearest-column fallback (row=20, x=546.9, dist=246.0)
2026-09-07 00:49:53,188 MatchingPostProcessor WARNING  Orphan pdf_cell 972 recovered to col=2 by nearest-column fallback (row=20, x=557.9, dist=257.0)
2026-09-07 00:49:53,188 MatchingPostProcessor WARNING  Orphan pdf_cell 973 recovered to col=3 by nearest-column fallback (row=20, x=568.9, dist=252.5)
2026-09-07 00:49:53,188 MatchingPostProcessor WARNING  Orphan pdf_cell 974 recovered to col=3 by nearest-column fallback (row=20, x=579.9, dist=241.5)
2026-09-07 00:49:53,188 MatchingPostProcessor WARNING  Orphan pdf_cell 975 recovered to col=3 by nearest-column fallback (row=20, x=590.9, dist=230.5)
2026-09-07 00:49:53,188 MatchingPostProcessor WARNING  Orphan pdf_cell 976 recovered to col=3 by nearest-column fallback (row=20, x=601.9, dist=219.5)
2026-09-07 00:49:53,188 MatchingPostProcessor WARNING  Orphan pdf_cell 977 recovered to col=3 by nearest-column fallback (row=20, x=612.9, dist=208.5)
2026-09-07 00:49:53,188 MatchingPostProcessor WARNING  Orphan pdf_cell 978 recovered to col=3 by nearest-column fallback (row=20, x=623.9, dist=197.5)
2026-09-07 00:49:53,188 MatchingPostProcessor WARNING  Orphan pdf_cell 979 recovered to col=3 by nearest-column fallback (row=20, x=634.9, dist=186.5)
2026-09-07 00:49:53,188 MatchingPostProcessor WARNING  Orphan pdf_cell 980 recovered to col=3 by nearest-column fallback (row=20, x=645.9, dist=175.5)
2026-09-07 00:49:53,188 MatchingPostProcessor WARNING  Orphan pdf_cell 981 recovered to col=3 by nearest-column fallback (row=20, x=656.9, dist=164.5)
2026-09-07 00:49:53,188 MatchingPostProcessor WARNING  Orphan pdf_cell 982 recovered to col=3 by nearest-column fallback (row=20, x=667.9, dist=153.5)
2026-09-07 00:49:53,188 MatchingPostProcessor WARNING  Orphan pdf_cell 983 recovered to col=3 by nearest-column fallback (row=20, x=678.9, dist=142.5)
2026-09-07 00:49:53,188 MatchingPostProcessor WARNING  Orphan pdf_cell 984 recovered to col=3 by nearest-column fallback (row=20, x=689.9, dist=131.5)
2026-09-07 00:49:53,188 MatchingPostProcessor WARNING  Orphan pdf_cell 985 recovered to col=3 by nearest-column fallback (row=20, x=700.9, dist=120.5)
2026-09-07 00:49:53,188 MatchingPostProcessor WARNING  Orphan pdf_cell 986 recovered to col=3 by nearest-column fallback (row=20, x=711.9, dist=109.5)
2026-09-07 00:49:53,188 MatchingPostProcessor WARNING  Orphan pdf_cell 987 recovered to col=3 by nearest-column fallback (row=20, x=722.9, dist=98.5)
2026-09-07 00:49:53,188 MatchingPostProcessor WARNING  Orphan pdf_cell 988 recovered to col=3 by nearest-column fallback (row=20, x=733.9, dist=87.5)
2026-09-07 00:49:53,188 MatchingPostProcessor WARNING  Orphan pdf_cell 989 recovered to col=3 by nearest-column fallback (row=20, x=744.9, dist=76.5)
2026-09-07 00:49:53,188 MatchingPostProcessor WARNING  Orphan pdf_cell 990 recovered to col=3 by nearest-column fallback (row=20, x=755.9, dist=65.5)
2026-09-07 00:49:53,188 MatchingPostProcessor WARNING  Orphan pdf_cell 991 recovered to col=3 by nearest-column fallback (row=20, x=766.9, dist=54.5)
2026-09-07 00:49:53,188 MatchingPostProcessor WARNING  Orphan pdf_cell 992 recovered to col=3 by nearest-column fallback (row=20, x=777.9, dist=43.5)
2026-09-07 00:49:53,188 MatchingPostProcessor WARNING  Orphan pdf_cell 993 recovered to col=3 by nearest-column fallback (row=20, x=788.9, dist=32.5)
2026-09-07 00:49:53,189 MatchingPostProcessor WARNING  Orphan pdf_cell 1017 recovered to col=2 by nearest-column fallback (row=21, x=458.9, dist=158.1)
2026-09-07 00:49:53,189 MatchingPostProcessor WARNING  Orphan pdf_cell 1018 recovered to col=2 by nearest-column fallback (row=21, x=469.9, dist=169.1)
2026-09-07 00:49:53,189 MatchingPostProcessor WARNING  Orphan pdf_cell 1019 recovered to col=2 by nearest-column fallback (row=21, x=480.9, dist=180.1)
2026-09-07 00:49:53,189 MatchingPostProcessor WARNING  Orphan pdf_cell 1020 recovered to col=2 by nearest-column fallback (row=21, x=491.9, dist=191.1)
2026-09-07 00:49:53,189 MatchingPostProcessor WARNING  Orphan pdf_cell 1021 recovered to col=2 by nearest-column fallback (row=21, x=502.9, dist=202.1)
2026-09-07 00:49:53,189 MatchingPostProcessor WARNING  Orphan pdf_cell 1022 recovered to col=2 by nearest-column fallback (row=21, x=513.9, dist=213.1)
2026-09-07 00:49:53,189 MatchingPostProcessor WARNING  Orphan pdf_cell 1023 recovered to col=2 by nearest-column fallback (row=21, x=524.9, dist=224.1)
2026-09-07 00:49:53,189 MatchingPostProcessor WARNING  Orphan pdf_cell 1024 recovered to col=2 by nearest-column fallback (row=21, x=535.9, dist=235.1)
2026-09-07 00:49:53,189 MatchingPostProcessor WARNING  Orphan pdf_cell 1025 recovered to col=2 by nearest-column fallback (row=21, x=546.9, dist=246.1)
2026-09-07 00:49:53,189 MatchingPostProcessor WARNING  Orphan pdf_cell 1026 recovered to col=2 by nearest-column fallback (row=21, x=557.9, dist=257.1)
2026-09-07 00:49:53,189 MatchingPostProcessor WARNING  Orphan pdf_cell 1027 recovered to col=3 by nearest-column fallback (row=21, x=568.9, dist=252.5)
2026-09-07 00:49:53,189 MatchingPostProcessor WARNING  Orphan pdf_cell 1028 recovered to col=3 by nearest-column fallback (row=21, x=579.9, dist=241.5)
2026-09-07 00:49:53,189 MatchingPostProcessor WARNING  Orphan pdf_cell 1029 recovered to col=3 by nearest-column fallback (row=21, x=590.9, dist=230.5)
2026-09-07 00:49:53,189 MatchingPostProcessor WARNING  Orphan pdf_cell 1030 recovered to col=3 by nearest-column fallback (row=21, x=601.9, dist=219.5)
2026-09-07 00:49:53,189 MatchingPostProcessor WARNING  Orphan pdf_cell 1031 recovered to col=3 by nearest-column fallback (row=21, x=612.9, dist=208.5)
2026-09-07 00:49:53,189 MatchingPostProcessor WARNING  Orphan pdf_cell 1032 recovered to col=3 by nearest-column fallback (row=21, x=623.9, dist=197.5)
2026-09-07 00:49:53,189 MatchingPostProcessor WARNING  Orphan pdf_cell 1033 recovered to col=3 by nearest-column fallback (row=21, x=634.9, dist=186.5)
2026-09-07 00:49:53,189 MatchingPostProcessor WARNING  Orphan pdf_cell 1034 recovered to col=3 by nearest-column fallback (row=21, x=645.9, dist=175.5)
2026-09-07 00:49:53,189 MatchingPostProcessor WARNING  Orphan pdf_cell 1035 recovered to col=3 by nearest-column fallback (row=21, x=656.9, dist=164.5)
2026-09-07 00:49:53,189 MatchingPostProcessor WARNING  Orphan pdf_cell 1036 recovered to col=3 by nearest-column fallback (row=21, x=667.9, dist=153.5)
2026-09-07 00:49:53,189 MatchingPostProcessor WARNING  Orphan pdf_cell 1037 recovered to col=3 by nearest-column fallback (row=21, x=678.9, dist=142.5)
2026-09-07 00:49:53,189 MatchingPostProcessor WARNING  Orphan pdf_cell 1038 recovered to col=3 by nearest-column fallback (row=21, x=689.9, dist=131.5)
2026-09-07 00:49:53,189 MatchingPostProcessor WARNING  Orphan pdf_cell 1039 recovered to col=3 by nearest-column fallback (row=21, x=700.9, dist=120.5)
2026-09-07 00:49:53,189 MatchingPostProcessor WARNING  Orphan pdf_cell 1040 recovered to col=3 by nearest-column fallback (row=21, x=711.9, dist=109.5)
2026-09-07 00:49:53,189 MatchingPostProcessor WARNING  Orphan pdf_cell 1041 recovered to col=3 by nearest-column fallback (row=21, x=722.9, dist=98.5)
2026-09-07 00:49:53,189 MatchingPostProcessor WARNING  Orphan pdf_cell 1042 recovered to col=3 by nearest-column fallback (row=21, x=733.9, dist=87.5)
2026-09-07 00:49:53,189 MatchingPostProcessor WARNING  Orphan pdf_cell 1043 recovered to col=3 by nearest-column fallback (row=21, x=744.9, dist=76.5)
2026-09-07 00:49:53,189 MatchingPostProcessor WARNING  Orphan pdf_cell 1044 recovered to col=3 by nearest-column fallback (row=21, x=755.9, dist=65.5)
2026-09-07 00:49:53,189 MatchingPostProcessor WARNING  Orphan pdf_cell 1045 recovered to col=3 by nearest-column fallback (row=21, x=766.9, dist=54.5)
2026-09-07 00:49:53,189 MatchingPostProcessor WARNING  Orphan pdf_cell 1046 recovered to col=3 by nearest-column fallback (row=21, x=777.9, dist=43.5)
2026-09-07 00:49:53,189 MatchingPostProcessor WARNING  Orphan pdf_cell 1047 recovered to col=3 by nearest-column fallback (row=21, x=788.9, dist=32.5)
2026-09-07 00:49:53,190 MatchingPostProcessor WARNING  Orphan pdf_cell 1073 recovered to col=2 by nearest-column fallback (row=22, x=458.9, dist=158.0)
2026-09-07 00:49:53,190 MatchingPostProcessor WARNING  Orphan pdf_cell 1074 recovered to col=2 by nearest-column fallback (row=22, x=469.9, dist=169.0)
2026-09-07 00:49:53,190 MatchingPostProcessor WARNING  Orphan pdf_cell 1075 recovered to col=2 by nearest-column fallback (row=22, x=480.9, dist=180.0)
2026-09-07 00:49:53,190 MatchingPostProcessor WARNING  Orphan pdf_cell 1076 recovered to col=2 by nearest-column fallback (row=22, x=491.9, dist=191.0)
2026-09-07 00:49:53,190 MatchingPostProcessor WARNING  Orphan pdf_cell 1077 recovered to col=2 by nearest-column fallback (row=22, x=502.9, dist=202.0)
2026-09-07 00:49:53,190 MatchingPostProcessor WARNING  Orphan pdf_cell 1078 recovered to col=2 by nearest-column fallback (row=22, x=513.9, dist=213.0)
2026-09-07 00:49:53,190 MatchingPostProcessor WARNING  Orphan pdf_cell 1079 recovered to col=2 by nearest-column fallback (row=22, x=524.9, dist=224.0)
2026-09-07 00:49:53,190 MatchingPostProcessor WARNING  Orphan pdf_cell 1080 recovered to col=2 by nearest-column fallback (row=22, x=535.9, dist=235.0)
2026-09-07 00:49:53,190 MatchingPostProcessor WARNING  Orphan pdf_cell 1081 recovered to col=2 by nearest-column fallback (row=22, x=546.9, dist=246.0)
2026-09-07 00:49:53,190 MatchingPostProcessor WARNING  Orphan pdf_cell 1082 recovered to col=2 by nearest-column fallback (row=22, x=557.9, dist=257.0)
2026-09-07 00:49:53,190 MatchingPostProcessor WARNING  Orphan pdf_cell 1083 recovered to col=3 by nearest-column fallback (row=22, x=568.9, dist=252.5)
2026-09-07 00:49:53,190 MatchingPostProcessor WARNING  Orphan pdf_cell 1084 recovered to col=3 by nearest-column fallback (row=22, x=579.9, dist=241.5)
2026-09-07 00:49:53,190 MatchingPostProcessor WARNING  Orphan pdf_cell 1085 recovered to col=3 by nearest-column fallback (row=22, x=590.9, dist=230.5)
2026-09-07 00:49:53,190 MatchingPostProcessor WARNING  Orphan pdf_cell 1086 recovered to col=3 by nearest-column fallback (row=22, x=601.9, dist=219.5)
2026-09-07 00:49:53,190 MatchingPostProcessor WARNING  Orphan pdf_cell 1087 recovered to col=3 by nearest-column fallback (row=22, x=612.9, dist=208.5)
2026-09-07 00:49:53,190 MatchingPostProcessor WARNING  Orphan pdf_cell 1088 recovered to col=3 by nearest-column fallback (row=22, x=623.9, dist=197.5)
2026-09-07 00:49:53,190 MatchingPostProcessor WARNING  Orphan pdf_cell 1089 recovered to col=3 by nearest-column fallback (row=22, x=634.9, dist=186.5)
2026-09-07 00:49:53,190 MatchingPostProcessor WARNING  Orphan pdf_cell 1090 recovered to col=3 by nearest-column fallback (row=22, x=645.9, dist=175.5)
2026-09-07 00:49:53,190 MatchingPostProcessor WARNING  Orphan pdf_cell 1091 recovered to col=3 by nearest-column fallback (row=22, x=656.9, dist=164.5)
2026-09-07 00:49:53,190 MatchingPostProcessor WARNING  Orphan pdf_cell 1092 recovered to col=3 by nearest-column fallback (row=22, x=667.9, dist=153.5)
2026-09-07 00:49:53,190 MatchingPostProcessor WARNING  Orphan pdf_cell 1093 recovered to col=3 by nearest-column fallback (row=22, x=678.9, dist=142.5)
2026-09-07 00:49:53,190 MatchingPostProcessor WARNING  Orphan pdf_cell 1094 recovered to col=3 by nearest-column fallback (row=22, x=689.9, dist=131.5)
2026-09-07 00:49:53,190 MatchingPostProcessor WARNING  Orphan pdf_cell 1095 recovered to col=3 by nearest-column fallback (row=22, x=700.9, dist=120.5)
2026-09-07 00:49:53,190 MatchingPostProcessor WARNING  Orphan pdf_cell 1096 recovered to col=3 by nearest-column fallback (row=22, x=711.9, dist=109.5)
2026-09-07 00:49:53,190 MatchingPostProcessor WARNING  Orphan pdf_cell 1097 recovered to col=3 by nearest-column fallback (row=22, x=722.9, dist=98.5)
2026-09-07 00:49:53,190 MatchingPostProcessor WARNING  Orphan pdf_cell 1098 recovered to col=3 by nearest-column fallback (row=22, x=733.9, dist=87.5)
2026-09-07 00:49:53,190 MatchingPostProcessor WARNING  Orphan pdf_cell 1099 recovered to col=3 by nearest-column fallback (row=22, x=744.9, dist=76.5)
2026-09-07 00:49:53,190 MatchingPostProcessor WARNING  Orphan pdf_cell 1100 recovered to col=3 by nearest-column fallback (row=22, x=755.9, dist=65.5)
2026-09-07 00:49:53,190 MatchingPostProcessor WARNING  Orphan pdf_cell 1101 recovered to col=3 by nearest-column fallback (row=22, x=766.9, dist=54.5)
2026-09-07 00:49:53,190 MatchingPostProcessor WARNING  Orphan pdf_cell 1102 recovered to col=3 by nearest-column fallback (row=22, x=777.9, dist=43.5)
2026-09-07 00:49:53,190 MatchingPostProcessor WARNING  Orphan pdf_cell 1103 recovered to col=3 by nearest-column fallback (row=22, x=788.9, dist=32.5)
2026-09-07 00:49:53,190 MatchingPostProcessor WARNING  Orphan pdf_cell 1127 recovered to col=2 by nearest-column fallback (row=23, x=458.9, dist=158.1)
2026-09-07 00:49:53,190 MatchingPostProcessor WARNING  Orphan pdf_cell 1128 recovered to col=2 by nearest-column fallback (row=23, x=469.9, dist=169.1)
2026-09-07 00:49:53,190 MatchingPostProcessor WARNING  Orphan pdf_cell 1129 recovered to col=2 by nearest-column fallback (row=23, x=480.9, dist=180.1)
2026-09-07 00:49:53,190 MatchingPostProcessor WARNING  Orphan pdf_cell 1130 recovered to col=2 by nearest-column fallback (row=23, x=491.9, dist=191.1)
2026-09-07 00:49:53,191 MatchingPostProcessor WARNING  Orphan pdf_cell 1131 recovered to col=2 by nearest-column fallback (row=23, x=502.9, dist=202.1)
2026-09-07 00:49:53,191 MatchingPostProcessor WARNING  Orphan pdf_cell 1132 recovered to col=2 by nearest-column fallback (row=23, x=513.9, dist=213.1)
2026-09-07 00:49:53,191 MatchingPostProcessor WARNING  Orphan pdf_cell 1133 recovered to col=2 by nearest-column fallback (row=23, x=524.9, dist=224.1)
2026-09-07 00:49:53,191 MatchingPostProcessor WARNING  Orphan pdf_cell 1134 recovered to col=2 by nearest-column fallback (row=23, x=535.9, dist=235.1)
2026-09-07 00:49:53,191 MatchingPostProcessor WARNING  Orphan pdf_cell 1135 recovered to col=2 by nearest-column fallback (row=23, x=546.9, dist=246.1)
2026-09-07 00:49:53,191 MatchingPostProcessor WARNING  Orphan pdf_cell 1136 recovered to col=2 by nearest-column fallback (row=23, x=557.9, dist=257.1)
2026-09-07 00:49:53,191 MatchingPostProcessor WARNING  Orphan pdf_cell 1137 recovered to col=3 by nearest-column fallback (row=23, x=568.9, dist=252.5)
2026-09-07 00:49:53,191 MatchingPostProcessor WARNING  Orphan pdf_cell 1138 recovered to col=3 by nearest-column fallback (row=23, x=579.9, dist=241.5)
2026-09-07 00:49:53,191 MatchingPostProcessor WARNING  Orphan pdf_cell 1139 recovered to col=3 by nearest-column fallback (row=23, x=590.9, dist=230.5)
2026-09-07 00:49:53,191 MatchingPostProcessor WARNING  Orphan pdf_cell 1140 recovered to col=3 by nearest-column fallback (row=23, x=601.9, dist=219.5)
2026-09-07 00:49:53,191 MatchingPostProcessor WARNING  Orphan pdf_cell 1141 recovered to col=3 by nearest-column fallback (row=23, x=612.9, dist=208.5)
2026-09-07 00:49:53,191 MatchingPostProcessor WARNING  Orphan pdf_cell 1142 recovered to col=3 by nearest-column fallback (row=23, x=623.9, dist=197.5)
2026-09-07 00:49:53,191 MatchingPostProcessor WARNING  Orphan pdf_cell 1143 recovered to col=3 by nearest-column fallback (row=23, x=634.9, dist=186.5)
2026-09-07 00:49:53,191 MatchingPostProcessor WARNING  Orphan pdf_cell 1144 recovered to col=3 by nearest-column fallback (row=23, x=645.9, dist=175.5)
2026-09-07 00:49:53,191 MatchingPostProcessor WARNING  Orphan pdf_cell 1145 recovered to col=3 by nearest-column fallback (row=23, x=656.9, dist=164.5)
2026-09-07 00:49:53,191 MatchingPostProcessor WARNING  Orphan pdf_cell 1146 recovered to col=3 by nearest-column fallback (row=23, x=667.9, dist=153.5)
2026-09-07 00:49:53,191 MatchingPostProcessor WARNING  Orphan pdf_cell 1147 recovered to col=3 by nearest-column fallback (row=23, x=678.9, dist=142.5)
2026-09-07 00:49:53,191 MatchingPostProcessor WARNING  Orphan pdf_cell 1148 recovered to col=3 by nearest-column fallback (row=23, x=689.9, dist=131.5)
2026-09-07 00:49:53,191 MatchingPostProcessor WARNING  Orphan pdf_cell 1149 recovered to col=3 by nearest-column fallback (row=23, x=700.9, dist=120.5)
2026-09-07 00:49:53,191 MatchingPostProcessor WARNING  Orphan pdf_cell 1150 recovered to col=3 by nearest-column fallback (row=23, x=711.9, dist=109.5)
2026-09-07 00:49:53,191 MatchingPostProcessor WARNING  Orphan pdf_cell 1151 recovered to col=3 by nearest-column fallback (row=23, x=722.9, dist=98.5)
2026-09-07 00:49:53,191 MatchingPostProcessor WARNING  Orphan pdf_cell 1152 recovered to col=3 by nearest-column fallback (row=23, x=733.9, dist=87.5)
2026-09-07 00:49:53,191 MatchingPostProcessor WARNING  Orphan pdf_cell 1153 recovered to col=3 by nearest-column fallback (row=23, x=744.9, dist=76.5)
2026-09-07 00:49:53,191 MatchingPostProcessor WARNING  Orphan pdf_cell 1154 recovered to col=3 by nearest-column fallback (row=23, x=755.9, dist=65.5)
2026-09-07 00:49:53,191 MatchingPostProcessor WARNING  Orphan pdf_cell 1155 recovered to col=3 by nearest-column fallback (row=23, x=766.9, dist=54.5)
2026-09-07 00:49:53,191 MatchingPostProcessor WARNING  Orphan pdf_cell 1156 recovered to col=3 by nearest-column fallback (row=23, x=777.9, dist=43.5)
2026-09-07 00:49:53,191 MatchingPostProcessor WARNING  Orphan pdf_cell 1157 recovered to col=3 by nearest-column fallback (row=23, x=788.9, dist=32.5)
2026-09-07 00:49:53,191 MatchingPostProcessor WARNING  Orphan pdf_cell 1165 recovered to col=2 by nearest-column fallback (row=24, x=470.0, dist=169.1)
2026-09-07 00:49:53,191 MatchingPostProcessor WARNING  Orphan pdf_cell 1166 recovered to col=2 by nearest-column fallback (row=24, x=481.0, dist=180.1)
2026-09-07 00:49:53,191 MatchingPostProcessor WARNING  Orphan pdf_cell 1167 recovered to col=2 by nearest-column fallback (row=24, x=492.0, dist=191.1)
2026-09-07 00:49:53,191 MatchingPostProcessor WARNING  Orphan pdf_cell 1168 recovered to col=2 by nearest-column fallback (row=24, x=503.0, dist=202.1)
2026-09-07 00:49:53,191 MatchingPostProcessor WARNING  Orphan pdf_cell 1169 recovered to col=2 by nearest-column fallback (row=24, x=514.0, dist=213.1)
2026-09-07 00:49:53,191 MatchingPostProcessor WARNING  Orphan pdf_cell 1170 recovered to col=2 by nearest-column fallback (row=24, x=525.0, dist=224.1)
2026-09-07 00:49:53,191 MatchingPostProcessor WARNING  Orphan pdf_cell 1171 recovered to col=2 by nearest-column fallback (row=24, x=536.0, dist=235.1)
2026-09-07 00:49:53,191 MatchingPostProcessor WARNING  Orphan pdf_cell 1172 recovered to col=2 by nearest-column fallback (row=24, x=547.0, dist=246.1)
2026-09-07 00:49:53,191 MatchingPostProcessor WARNING  Orphan pdf_cell 1173 recovered to col=2 by nearest-column fallback (row=24, x=558.0, dist=257.1)
2026-09-07 00:49:53,191 MatchingPostProcessor WARNING  Orphan pdf_cell 1174 recovered to col=3 by nearest-column fallback (row=24, x=569.0, dist=252.4)
2026-09-07 00:49:53,191 MatchingPostProcessor WARNING  Orphan pdf_cell 1175 recovered to col=3 by nearest-column fallback (row=24, x=580.0, dist=241.4)
2026-09-07 00:49:53,191 MatchingPostProcessor WARNING  Orphan pdf_cell 1176 recovered to col=3 by nearest-column fallback (row=24, x=591.0, dist=230.4)
2026-09-07 00:49:53,191 MatchingPostProcessor WARNING  Orphan pdf_cell 1177 recovered to col=3 by nearest-column fallback (row=24, x=602.0, dist=219.4)
2026-09-07 00:49:53,191 MatchingPostProcessor WARNING  Orphan pdf_cell 1178 recovered to col=3 by nearest-column fallback (row=24, x=613.0, dist=208.4)
2026-09-07 00:49:53,191 MatchingPostProcessor WARNING  Orphan pdf_cell 1179 recovered to col=3 by nearest-column fallback (row=24, x=624.0, dist=197.4)
2026-09-07 00:49:53,191 MatchingPostProcessor WARNING  Orphan pdf_cell 1180 recovered to col=3 by nearest-column fallback (row=24, x=635.0, dist=186.4)
2026-09-07 00:49:53,192 MatchingPostProcessor WARNING  Orphan pdf_cell 1181 recovered to col=3 by nearest-column fallback (row=24, x=646.0, dist=175.4)
2026-09-07 00:49:53,192 MatchingPostProcessor WARNING  Orphan pdf_cell 1182 recovered to col=3 by nearest-column fallback (row=24, x=657.0, dist=164.4)
2026-09-07 00:49:53,192 MatchingPostProcessor WARNING  Orphan pdf_cell 1183 recovered to col=3 by nearest-column fallback (row=24, x=668.0, dist=153.4)
2026-09-07 00:49:53,192 MatchingPostProcessor WARNING  Orphan pdf_cell 1184 recovered to col=3 by nearest-column fallback (row=24, x=679.0, dist=142.4)
2026-09-07 00:49:53,192 MatchingPostProcessor WARNING  Orphan pdf_cell 1185 recovered to col=3 by nearest-column fallback (row=24, x=690.0, dist=131.4)
2026-09-07 00:49:53,192 MatchingPostProcessor WARNING  Orphan pdf_cell 1186 recovered to col=3 by nearest-column fallback (row=24, x=701.0, dist=120.4)
2026-09-07 00:49:53,192 MatchingPostProcessor WARNING  Orphan pdf_cell 1187 recovered to col=3 by nearest-column fallback (row=24, x=712.0, dist=109.4)
2026-09-07 00:49:53,192 MatchingPostProcessor WARNING  Orphan pdf_cell 1188 recovered to col=3 by nearest-column fallback (row=24, x=723.0, dist=98.4)
2026-09-07 00:49:53,192 MatchingPostProcessor WARNING  Orphan pdf_cell 1189 recovered to col=3 by nearest-column fallback (row=24, x=734.0, dist=87.4)
2026-09-07 00:49:53,192 MatchingPostProcessor WARNING  Orphan pdf_cell 1190 recovered to col=3 by nearest-column fallback (row=24, x=745.0, dist=76.4)
2026-09-07 00:49:53,192 MatchingPostProcessor WARNING  Orphan pdf_cell 1191 recovered to col=3 by nearest-column fallback (row=24, x=756.0, dist=65.4)
2026-09-07 00:49:53,192 MatchingPostProcessor WARNING  Orphan pdf_cell 1192 recovered to col=3 by nearest-column fallback (row=24, x=767.0, dist=54.4)
2026-09-07 00:49:53,192 MatchingPostProcessor WARNING  Orphan pdf_cell 1193 recovered to col=3 by nearest-column fallback (row=24, x=778.0, dist=43.4)
2026-09-07 00:49:53,192 MatchingPostProcessor WARNING  Orphan pdf_cell 1194 recovered to col=3 by nearest-column fallback (row=24, x=789.0, dist=32.4)
2026-09-07 00:49:53,192 MatchingPostProcessor WARNING  Orphan pdf_cell 1222 recovered to col=2 by nearest-column fallback (row=25, x=458.9, dist=158.0)
2026-09-07 00:49:53,192 MatchingPostProcessor WARNING  Orphan pdf_cell 1223 recovered to col=2 by nearest-column fallback (row=25, x=469.9, dist=169.0)
2026-09-07 00:49:53,192 MatchingPostProcessor WARNING  Orphan pdf_cell 1224 recovered to col=2 by nearest-column fallback (row=25, x=480.9, dist=180.0)
2026-09-07 00:49:53,192 MatchingPostProcessor WARNING  Orphan pdf_cell 1225 recovered to col=2 by nearest-column fallback (row=25, x=491.9, dist=191.0)
2026-09-07 00:49:53,192 MatchingPostProcessor WARNING  Orphan pdf_cell 1226 recovered to col=2 by nearest-column fallback (row=25, x=502.9, dist=202.0)
2026-09-07 00:49:53,192 MatchingPostProcessor WARNING  Orphan pdf_cell 1227 recovered to col=2 by nearest-column fallback (row=25, x=513.9, dist=213.0)
2026-09-07 00:49:53,192 MatchingPostProcessor WARNING  Orphan pdf_cell 1228 recovered to col=2 by nearest-column fallback (row=25, x=524.9, dist=224.0)
2026-09-07 00:49:53,192 MatchingPostProcessor WARNING  Orphan pdf_cell 1229 recovered to col=2 by nearest-column fallback (row=25, x=535.9, dist=235.0)
2026-09-07 00:49:53,192 MatchingPostProcessor WARNING  Orphan pdf_cell 1230 recovered to col=2 by nearest-column fallback (row=25, x=546.9, dist=246.0)
2026-09-07 00:49:53,192 MatchingPostProcessor WARNING  Orphan pdf_cell 1231 recovered to col=2 by nearest-column fallback (row=25, x=557.9, dist=257.0)
2026-09-07 00:49:53,192 MatchingPostProcessor WARNING  Orphan pdf_cell 1232 recovered to col=3 by nearest-column fallback (row=25, x=568.9, dist=252.5)
2026-09-07 00:49:53,192 MatchingPostProcessor WARNING  Orphan pdf_cell 1233 recovered to col=3 by nearest-column fallback (row=25, x=579.9, dist=241.5)
2026-09-07 00:49:53,192 MatchingPostProcessor WARNING  Orphan pdf_cell 1234 recovered to col=3 by nearest-column fallback (row=25, x=590.9, dist=230.5)
2026-09-07 00:49:53,192 MatchingPostProcessor WARNING  Orphan pdf_cell 1235 recovered to col=3 by nearest-column fallback (row=25, x=601.9, dist=219.5)
2026-09-07 00:49:53,192 MatchingPostProcessor WARNING  Orphan pdf_cell 1236 recovered to col=3 by nearest-column fallback (row=25, x=612.9, dist=208.5)
2026-09-07 00:49:53,192 MatchingPostProcessor WARNING  Orphan pdf_cell 1237 recovered to col=3 by nearest-column fallback (row=25, x=623.9, dist=197.5)
2026-09-07 00:49:53,192 MatchingPostProcessor WARNING  Orphan pdf_cell 1238 recovered to col=3 by nearest-column fallback (row=25, x=634.9, dist=186.5)
2026-09-07 00:49:53,192 MatchingPostProcessor WARNING  Orphan pdf_cell 1239 recovered to col=3 by nearest-column fallback (row=25, x=645.9, dist=175.5)
2026-09-07 00:49:53,192 MatchingPostProcessor WARNING  Orphan pdf_cell 1240 recovered to col=3 by nearest-column fallback (row=25, x=656.9, dist=164.5)
2026-09-07 00:49:53,193 MatchingPostProcessor WARNING  Orphan pdf_cell 1241 recovered to col=3 by nearest-column fallback (row=25, x=667.9, dist=153.5)
2026-09-07 00:49:53,193 MatchingPostProcessor WARNING  Orphan pdf_cell 1242 recovered to col=3 by nearest-column fallback (row=25, x=678.9, dist=142.5)
2026-09-07 00:49:53,193 MatchingPostProcessor WARNING  Orphan pdf_cell 1243 recovered to col=3 by nearest-column fallback (row=25, x=689.9, dist=131.5)
2026-09-07 00:49:53,193 MatchingPostProcessor WARNING  Orphan pdf_cell 1244 recovered to col=3 by nearest-column fallback (row=25, x=700.9, dist=120.5)
2026-09-07 00:49:53,193 MatchingPostProcessor WARNING  Orphan pdf_cell 1245 recovered to col=3 by nearest-column fallback (row=25, x=711.9, dist=109.5)
2026-09-07 00:49:53,193 MatchingPostProcessor WARNING  Orphan pdf_cell 1246 recovered to col=3 by nearest-column fallback (row=25, x=722.9, dist=98.5)
2026-09-07 00:49:53,193 MatchingPostProcessor WARNING  Orphan pdf_cell 1247 recovered to col=3 by nearest-column fallback (row=25, x=733.9, dist=87.5)
2026-09-07 00:49:53,193 MatchingPostProcessor WARNING  Orphan pdf_cell 1248 recovered to col=3 by nearest-column fallback (row=25, x=744.9, dist=76.5)
2026-09-07 00:49:53,193 MatchingPostProcessor WARNING  Orphan pdf_cell 1249 recovered to col=3 by nearest-column fallback (row=25, x=755.9, dist=65.5)
2026-09-07 00:49:53,193 MatchingPostProcessor WARNING  Orphan pdf_cell 1250 recovered to col=3 by nearest-column fallback (row=25, x=766.9, dist=54.5)
2026-09-07 00:49:53,193 MatchingPostProcessor WARNING  Orphan pdf_cell 1251 recovered to col=3 by nearest-column fallback (row=25, x=777.9, dist=43.5)
2026-09-07 00:49:53,193 MatchingPostProcessor WARNING  Orphan pdf_cell 1252 recovered to col=3 by nearest-column fallback (row=25, x=788.9, dist=32.5)
2026-09-07 00:49:53,193 MatchingPostProcessor WARNING  Orphan pdf_cell 1265 recovered to col=2 by nearest-column fallback (row=26, x=459.0, dist=158.1)
2026-09-07 00:49:53,193 MatchingPostProcessor WARNING  Orphan pdf_cell 1266 recovered to col=2 by nearest-column fallback (row=26, x=470.0, dist=169.1)
2026-09-07 00:49:53,193 MatchingPostProcessor WARNING  Orphan pdf_cell 1267 recovered to col=2 by nearest-column fallback (row=26, x=481.0, dist=180.1)
2026-09-07 00:49:53,193 MatchingPostProcessor WARNING  Orphan pdf_cell 1268 recovered to col=2 by nearest-column fallback (row=26, x=492.0, dist=191.1)
2026-09-07 00:49:53,193 MatchingPostProcessor WARNING  Orphan pdf_cell 1269 recovered to col=2 by nearest-column fallback (row=26, x=503.0, dist=202.1)
2026-09-07 00:49:53,193 MatchingPostProcessor WARNING  Orphan pdf_cell 1270 recovered to col=2 by nearest-column fallback (row=26, x=514.0, dist=213.1)
2026-09-07 00:49:53,193 MatchingPostProcessor WARNING  Orphan pdf_cell 1271 recovered to col=2 by nearest-column fallback (row=26, x=525.0, dist=224.1)
2026-09-07 00:49:53,193 MatchingPostProcessor WARNING  Orphan pdf_cell 1272 recovered to col=2 by nearest-column fallback (row=26, x=536.0, dist=235.1)
2026-09-07 00:49:53,193 MatchingPostProcessor WARNING  Orphan pdf_cell 1273 recovered to col=2 by nearest-column fallback (row=26, x=547.0, dist=246.1)
2026-09-07 00:49:53,193 MatchingPostProcessor WARNING  Orphan pdf_cell 1274 recovered to col=2 by nearest-column fallback (row=26, x=558.0, dist=257.1)
2026-09-07 00:49:53,193 MatchingPostProcessor WARNING  Orphan pdf_cell 1275 recovered to col=3 by nearest-column fallback (row=26, x=569.0, dist=252.4)
2026-09-07 00:49:53,193 MatchingPostProcessor WARNING  Orphan pdf_cell 1276 recovered to col=3 by nearest-column fallback (row=26, x=580.0, dist=241.4)
2026-09-07 00:49:53,193 MatchingPostProcessor WARNING  Orphan pdf_cell 1277 recovered to col=3 by nearest-column fallback (row=26, x=591.0, dist=230.4)
2026-09-07 00:49:53,193 MatchingPostProcessor WARNING  Orphan pdf_cell 1278 recovered to col=3 by nearest-column fallback (row=26, x=602.0, dist=219.4)
2026-09-07 00:49:53,193 MatchingPostProcessor WARNING  Orphan pdf_cell 1279 recovered to col=3 by nearest-column fallback (row=26, x=613.0, dist=208.4)
2026-09-07 00:49:53,193 MatchingPostProcessor WARNING  Orphan pdf_cell 1280 recovered to col=3 by nearest-column fallback (row=26, x=624.0, dist=197.4)
2026-09-07 00:49:53,193 MatchingPostProcessor WARNING  Orphan pdf_cell 1281 recovered to col=3 by nearest-column fallback (row=26, x=635.0, dist=186.4)
2026-09-07 00:49:53,193 MatchingPostProcessor WARNING  Orphan pdf_cell 1282 recovered to col=3 by nearest-column fallback (row=26, x=646.0, dist=175.4)
2026-09-07 00:49:53,193 MatchingPostProcessor WARNING  Orphan pdf_cell 1283 recovered to col=3 by nearest-column fallback (row=26, x=657.0, dist=164.4)
2026-09-07 00:49:53,193 MatchingPostProcessor WARNING  Orphan pdf_cell 1284 recovered to col=3 by nearest-column fallback (row=26, x=668.0, dist=153.4)
2026-09-07 00:49:53,193 MatchingPostProcessor WARNING  Orphan pdf_cell 1285 recovered to col=3 by nearest-column fallback (row=26, x=679.0, dist=142.4)
2026-09-07 00:49:53,193 MatchingPostProcessor WARNING  Orphan pdf_cell 1286 recovered to col=3 by nearest-column fallback (row=26, x=690.0, dist=131.4)
2026-09-07 00:49:53,193 MatchingPostProcessor WARNING  Orphan pdf_cell 1287 recovered to col=3 by nearest-column fallback (row=26, x=701.0, dist=120.4)
2026-09-07 00:49:53,193 MatchingPostProcessor WARNING  Orphan pdf_cell 1288 recovered to col=3 by nearest-column fallback (row=26, x=712.0, dist=109.4)
2026-09-07 00:49:53,193 MatchingPostProcessor WARNING  Orphan pdf_cell 1289 recovered to col=3 by nearest-column fallback (row=26, x=723.0, dist=98.4)
2026-09-07 00:49:53,193 MatchingPostProcessor WARNING  Orphan pdf_cell 1290 recovered to col=3 by nearest-column fallback (row=26, x=734.0, dist=87.4)
2026-09-07 00:49:53,193 MatchingPostProcessor WARNING  Orphan pdf_cell 1291 recovered to col=3 by nearest-column fallback (row=26, x=745.0, dist=76.4)
2026-09-07 00:49:53,193 MatchingPostProcessor WARNING  Orphan pdf_cell 1292 recovered to col=3 by nearest-column fallback (row=26, x=756.0, dist=65.4)
2026-09-07 00:49:53,193 MatchingPostProcessor WARNING  Orphan pdf_cell 1293 recovered to col=3 by nearest-column fallback (row=26, x=767.0, dist=54.4)
2026-09-07 00:49:53,193 MatchingPostProcessor WARNING  Orphan pdf_cell 1294 recovered to col=3 by nearest-column fallback (row=26, x=778.0, dist=43.4)
2026-09-07 00:49:53,194 MatchingPostProcessor WARNING  Orphan pdf_cell 1295 recovered to col=3 by nearest-column fallback (row=26, x=789.0, dist=32.4)
2026-09-07 00:49:53,194 MatchingPostProcessor WARNING  Orphan pdf_cell 1316 recovered to col=2 by nearest-column fallback (row=27, x=458.9, dist=158.1)
2026-09-07 00:49:53,194 MatchingPostProcessor WARNING  Orphan pdf_cell 1317 recovered to col=2 by nearest-column fallback (row=27, x=469.9, dist=169.1)
2026-09-07 00:49:53,194 MatchingPostProcessor WARNING  Orphan pdf_cell 1318 recovered to col=2 by nearest-column fallback (row=27, x=480.9, dist=180.1)
2026-09-07 00:49:53,194 MatchingPostProcessor WARNING  Orphan pdf_cell 1319 recovered to col=2 by nearest-column fallback (row=27, x=491.9, dist=191.1)
2026-09-07 00:49:53,194 MatchingPostProcessor WARNING  Orphan pdf_cell 1320 recovered to col=2 by nearest-column fallback (row=27, x=502.9, dist=202.1)
2026-09-07 00:49:53,194 MatchingPostProcessor WARNING  Orphan pdf_cell 1321 recovered to col=2 by nearest-column fallback (row=27, x=513.9, dist=213.1)
2026-09-07 00:49:53,194 MatchingPostProcessor WARNING  Orphan pdf_cell 1322 recovered to col=2 by nearest-column fallback (row=27, x=524.9, dist=224.1)
2026-09-07 00:49:53,194 MatchingPostProcessor WARNING  Orphan pdf_cell 1323 recovered to col=2 by nearest-column fallback (row=27, x=535.9, dist=235.1)
2026-09-07 00:49:53,194 MatchingPostProcessor WARNING  Orphan pdf_cell 1324 recovered to col=2 by nearest-column fallback (row=27, x=546.9, dist=246.1)
2026-09-07 00:49:53,194 MatchingPostProcessor WARNING  Orphan pdf_cell 1325 recovered to col=2 by nearest-column fallback (row=27, x=557.9, dist=257.1)
2026-09-07 00:49:53,194 MatchingPostProcessor WARNING  Orphan pdf_cell 1326 recovered to col=3 by nearest-column fallback (row=27, x=568.9, dist=252.5)
2026-09-07 00:49:53,194 MatchingPostProcessor WARNING  Orphan pdf_cell 1327 recovered to col=3 by nearest-column fallback (row=27, x=579.9, dist=241.5)
2026-09-07 00:49:53,194 MatchingPostProcessor WARNING  Orphan pdf_cell 1328 recovered to col=3 by nearest-column fallback (row=27, x=590.9, dist=230.5)
2026-09-07 00:49:53,194 MatchingPostProcessor WARNING  Orphan pdf_cell 1329 recovered to col=3 by nearest-column fallback (row=27, x=601.9, dist=219.5)
2026-09-07 00:49:53,194 MatchingPostProcessor WARNING  Orphan pdf_cell 1330 recovered to col=3 by nearest-column fallback (row=27, x=612.9, dist=208.5)
2026-09-07 00:49:53,194 MatchingPostProcessor WARNING  Orphan pdf_cell 1331 recovered to col=3 by nearest-column fallback (row=27, x=623.9, dist=197.5)
2026-09-07 00:49:53,194 MatchingPostProcessor WARNING  Orphan pdf_cell 1332 recovered to col=3 by nearest-column fallback (row=27, x=634.9, dist=186.5)
2026-09-07 00:49:53,194 MatchingPostProcessor WARNING  Orphan pdf_cell 1333 recovered to col=3 by nearest-column fallback (row=27, x=645.9, dist=175.5)
2026-09-07 00:49:53,194 MatchingPostProcessor WARNING  Orphan pdf_cell 1334 recovered to col=3 by nearest-column fallback (row=27, x=656.9, dist=164.5)
2026-09-07 00:49:53,194 MatchingPostProcessor WARNING  Orphan pdf_cell 1335 recovered to col=3 by nearest-column fallback (row=27, x=667.9, dist=153.5)
2026-09-07 00:49:53,194 MatchingPostProcessor WARNING  Orphan pdf_cell 1336 recovered to col=3 by nearest-column fallback (row=27, x=678.9, dist=142.5)
2026-09-07 00:49:53,194 MatchingPostProcessor WARNING  Orphan pdf_cell 1337 recovered to col=3 by nearest-column fallback (row=27, x=689.9, dist=131.5)
2026-09-07 00:49:53,194 MatchingPostProcessor WARNING  Orphan pdf_cell 1338 recovered to col=3 by nearest-column fallback (row=27, x=700.9, dist=120.5)
2026-09-07 00:49:53,194 MatchingPostProcessor WARNING  Orphan pdf_cell 1339 recovered to col=3 by nearest-column fallback (row=27, x=711.9, dist=109.5)
2026-09-07 00:49:53,194 MatchingPostProcessor WARNING  Orphan pdf_cell 1340 recovered to col=3 by nearest-column fallback (row=27, x=722.9, dist=98.5)
2026-09-07 00:49:53,194 MatchingPostProcessor WARNING  Orphan pdf_cell 1341 recovered to col=3 by nearest-column fallback (row=27, x=733.9, dist=87.5)
2026-09-07 00:49:53,194 MatchingPostProcessor WARNING  Orphan pdf_cell 1342 recovered to col=3 by nearest-column fallback (row=27, x=744.9, dist=76.5)
2026-09-07 00:49:53,194 MatchingPostProcessor WARNING  Orphan pdf_cell 1343 recovered to col=3 by nearest-column fallback (row=27, x=755.9, dist=65.5)
2026-09-07 00:49:53,194 MatchingPostProcessor WARNING  Orphan pdf_cell 1344 recovered to col=3 by nearest-column fallback (row=27, x=766.9, dist=54.5)
2026-09-07 00:49:53,194 MatchingPostProcessor WARNING  Orphan pdf_cell 1345 recovered to col=3 by nearest-column fallback (row=27, x=777.9, dist=43.5)
2026-09-07 00:49:53,194 MatchingPostProcessor WARNING  Orphan pdf_cell 1346 recovered to col=3 by nearest-column fallback (row=27, x=788.9, dist=32.5)
2026-09-07 00:49:53,195 MatchingPostProcessor WARNING  Orphan pdf_cell 1365 recovered to col=2 by nearest-column fallback (row=28, x=458.9, dist=158.1)
2026-09-07 00:49:53,195 MatchingPostProcessor WARNING  Orphan pdf_cell 1366 recovered to col=2 by nearest-column fallback (row=28, x=469.9, dist=169.1)
2026-09-07 00:49:53,195 MatchingPostProcessor WARNING  Orphan pdf_cell 1367 recovered to col=2 by nearest-column fallback (row=28, x=480.9, dist=180.1)
2026-09-07 00:49:53,195 MatchingPostProcessor WARNING  Orphan pdf_cell 1368 recovered to col=2 by nearest-column fallback (row=28, x=491.9, dist=191.1)
2026-09-07 00:49:53,195 MatchingPostProcessor WARNING  Orphan pdf_cell 1369 recovered to col=2 by nearest-column fallback (row=28, x=502.9, dist=202.1)
2026-09-07 00:49:53,195 MatchingPostProcessor WARNING  Orphan pdf_cell 1370 recovered to col=2 by nearest-column fallback (row=28, x=513.9, dist=213.1)
2026-09-07 00:49:53,195 MatchingPostProcessor WARNING  Orphan pdf_cell 1371 recovered to col=2 by nearest-column fallback (row=28, x=524.9, dist=224.1)
2026-09-07 00:49:53,195 MatchingPostProcessor WARNING  Orphan pdf_cell 1372 recovered to col=2 by nearest-column fallback (row=28, x=535.9, dist=235.1)
2026-09-07 00:49:53,195 MatchingPostProcessor WARNING  Orphan pdf_cell 1373 recovered to col=2 by nearest-column fallback (row=28, x=546.9, dist=246.1)
2026-09-07 00:49:53,229 MatchingPostProcessor WARNING  Orphan pdf_cell 1374 recovered to col=2 by nearest-column fallback (row=28, x=557.9, dist=257.1)
2026-09-07 00:49:53,229 MatchingPostProcessor WARNING  Orphan pdf_cell 1375 recovered to col=3 by nearest-column fallback (row=28, x=568.9, dist=252.5)
2026-09-07 00:49:53,229 MatchingPostProcessor WARNING  Orphan pdf_cell 1376 recovered to col=3 by nearest-column fallback (row=28, x=579.9, dist=241.5)
2026-09-07 00:49:53,229 MatchingPostProcessor WARNING  Orphan pdf_cell 1377 recovered to col=3 by nearest-column fallback (row=28, x=590.9, dist=230.5)
2026-09-07 00:49:53,229 MatchingPostProcessor WARNING  Orphan pdf_cell 1378 recovered to col=3 by nearest-column fallback (row=28, x=601.9, dist=219.5)
2026-09-07 00:49:53,229 MatchingPostProcessor WARNING  Orphan pdf_cell 1379 recovered to col=3 by nearest-column fallback (row=28, x=612.9, dist=208.5)
2026-09-07 00:49:53,229 MatchingPostProcessor WARNING  Orphan pdf_cell 1380 recovered to col=3 by nearest-column fallback (row=28, x=623.9, dist=197.5)
2026-09-07 00:49:53,229 MatchingPostProcessor WARNING  Orphan pdf_cell 1381 recovered to col=3 by nearest-column fallback (row=28, x=634.9, dist=186.5)
2026-09-07 00:49:53,229 MatchingPostProcessor WARNING  Orphan pdf_cell 1382 recovered to col=3 by nearest-column fallback (row=28, x=645.9, dist=175.5)
2026-09-07 00:49:53,229 MatchingPostProcessor WARNING  Orphan pdf_cell 1383 recovered to col=3 by nearest-column fallback (row=28, x=656.9, dist=164.5)
2026-09-07 00:49:53,229 MatchingPostProcessor WARNING  Orphan pdf_cell 1384 recovered to col=3 by nearest-column fallback (row=28, x=667.9, dist=153.5)
2026-09-07 00:49:53,229 MatchingPostProcessor WARNING  Orphan pdf_cell 1385 recovered to col=3 by nearest-column fallback (row=28, x=678.9, dist=142.5)
2026-09-07 00:49:53,229 MatchingPostProcessor WARNING  Orphan pdf_cell 1386 recovered to col=3 by nearest-column fallback (row=28, x=689.9, dist=131.5)
2026-09-07 00:49:53,229 MatchingPostProcessor WARNING  Orphan pdf_cell 1387 recovered to col=3 by nearest-column fallback (row=28, x=700.9, dist=120.5)
2026-09-07 00:49:53,229 MatchingPostProcessor WARNING  Orphan pdf_cell 1388 recovered to col=3 by nearest-column fallback (row=28, x=711.9, dist=109.5)
2026-09-07 00:49:53,229 MatchingPostProcessor WARNING  Orphan pdf_cell 1389 recovered to col=3 by nearest-column fallback (row=28, x=722.9, dist=98.5)
2026-09-07 00:49:53,229 MatchingPostProcessor WARNING  Orphan pdf_cell 1390 recovered to col=3 by nearest-column fallback (row=28, x=733.9, dist=87.5)
2026-09-07 00:49:53,229 MatchingPostProcessor WARNING  Orphan pdf_cell 1391 recovered to col=3 by nearest-column fallback (row=28, x=744.9, dist=76.5)
2026-09-07 00:49:53,229 MatchingPostProcessor WARNING  Orphan pdf_cell 1392 recovered to col=3 by nearest-column fallback (row=28, x=755.9, dist=65.5)
2026-09-07 00:49:53,229 MatchingPostProcessor WARNING  Orphan pdf_cell 1393 recovered to col=3 by nearest-column fallback (row=28, x=766.9, dist=54.5)
2026-09-07 00:49:53,229 MatchingPostProcessor WARNING  Orphan pdf_cell 1394 recovered to col=3 by nearest-column fallback (row=28, x=777.9, dist=43.5)
2026-09-07 00:49:53,229 MatchingPostProcessor WARNING  Orphan pdf_cell 1395 recovered to col=3 by nearest-column fallback (row=28, x=788.9, dist=32.5)
2026-09-07 00:49:53,229 MatchingPostProcessor WARNING  Orphan pdf_cell 1403 recovered to col=2 by nearest-column fallback (row=29, x=458.9, dist=158.1)
2026-09-07 00:49:53,229 MatchingPostProcessor WARNING  Orphan pdf_cell 1404 recovered to col=2 by nearest-column fallback (row=29, x=469.9, dist=169.1)
2026-09-07 00:49:53,229 MatchingPostProcessor WARNING  Orphan pdf_cell 1405 recovered to col=2 by nearest-column fallback (row=29, x=480.9, dist=180.1)
2026-09-07 00:49:53,229 MatchingPostProcessor WARNING  Orphan pdf_cell 1406 recovered to col=2 by nearest-column fallback (row=29, x=491.9, dist=191.1)
2026-09-07 00:49:53,229 MatchingPostProcessor WARNING  Orphan pdf_cell 1407 recovered to col=2 by nearest-column fallback (row=29, x=502.9, dist=202.1)
2026-09-07 00:49:53,229 MatchingPostProcessor WARNING  Orphan pdf_cell 1408 recovered to col=2 by nearest-column fallback (row=29, x=513.9, dist=213.1)
2026-09-07 00:49:53,229 MatchingPostProcessor WARNING  Orphan pdf_cell 1409 recovered to col=2 by nearest-column fallback (row=29, x=524.9, dist=224.1)
2026-09-07 00:49:53,229 MatchingPostProcessor WARNING  Orphan pdf_cell 1410 recovered to col=2 by nearest-column fallback (row=29, x=535.9, dist=235.1)
2026-09-07 00:49:53,229 MatchingPostProcessor WARNING  Orphan pdf_cell 1411 recovered to col=2 by nearest-column fallback (row=29, x=546.9, dist=246.1)
2026-09-07 00:49:53,229 MatchingPostProcessor WARNING  Orphan pdf_cell 1412 recovered to col=2 by nearest-column fallback (row=29, x=557.9, dist=257.1)
2026-09-07 00:49:53,229 MatchingPostProcessor WARNING  Orphan pdf_cell 1413 recovered to col=3 by nearest-column fallback (row=29, x=568.9, dist=252.4)
2026-09-07 00:49:53,229 MatchingPostProcessor WARNING  Orphan pdf_cell 1414 recovered to col=3 by nearest-column fallback (row=29, x=579.9, dist=241.4)
2026-09-07 00:49:53,229 MatchingPostProcessor WARNING  Orphan pdf_cell 1415 recovered to col=3 by nearest-column fallback (row=29, x=590.9, dist=230.4)
2026-09-07 00:49:53,229 MatchingPostProcessor WARNING  Orphan pdf_cell 1416 recovered to col=3 by nearest-column fallback (row=29, x=601.9, dist=219.4)
2026-09-07 00:49:53,229 MatchingPostProcessor WARNING  Orphan pdf_cell 1417 recovered to col=3 by nearest-column fallback (row=29, x=612.9, dist=208.4)
2026-09-07 00:49:53,229 MatchingPostProcessor WARNING  Orphan pdf_cell 1418 recovered to col=3 by nearest-column fallback (row=29, x=623.9, dist=197.4)
2026-09-07 00:49:53,229 MatchingPostProcessor WARNING  Orphan pdf_cell 1419 recovered to col=3 by nearest-column fallback (row=29, x=634.9, dist=186.4)
2026-09-07 00:49:53,229 MatchingPostProcessor WARNING  Orphan pdf_cell 1420 recovered to col=3 by nearest-column fallback (row=29, x=645.9, dist=175.4)
2026-09-07 00:49:53,229 MatchingPostProcessor WARNING  Orphan pdf_cell 1421 recovered to col=3 by nearest-column fallback (row=29, x=656.9, dist=164.4)
2026-09-07 00:49:53,229 MatchingPostProcessor WARNING  Orphan pdf_cell 1422 recovered to col=3 by nearest-column fallback (row=29, x=667.9, dist=153.4)
2026-09-07 00:49:53,230 MatchingPostProcessor WARNING  Orphan pdf_cell 1423 recovered to col=3 by nearest-column fallback (row=29, x=678.9, dist=142.4)
2026-09-07 00:49:53,230 MatchingPostProcessor WARNING  Orphan pdf_cell 1424 recovered to col=3 by nearest-column fallback (row=29, x=689.9, dist=131.4)
2026-09-07 00:49:53,230 MatchingPostProcessor WARNING  Orphan pdf_cell 1425 recovered to col=3 by nearest-column fallback (row=29, x=700.9, dist=120.4)
2026-09-07 00:49:53,230 MatchingPostProcessor WARNING  Orphan pdf_cell 1426 recovered to col=3 by nearest-column fallback (row=29, x=711.9, dist=109.4)
2026-09-07 00:49:53,230 MatchingPostProcessor WARNING  Orphan pdf_cell 1427 recovered to col=3 by nearest-column fallback (row=29, x=722.9, dist=98.4)
2026-09-07 00:49:53,230 MatchingPostProcessor WARNING  Orphan pdf_cell 1428 recovered to col=3 by nearest-column fallback (row=29, x=733.9, dist=87.4)
2026-09-07 00:49:53,230 MatchingPostProcessor WARNING  Orphan pdf_cell 1429 recovered to col=3 by nearest-column fallback (row=29, x=744.9, dist=76.4)
2026-09-07 00:49:53,230 MatchingPostProcessor WARNING  Orphan pdf_cell 1430 recovered to col=3 by nearest-column fallback (row=29, x=755.9, dist=65.4)
2026-09-07 00:49:53,230 MatchingPostProcessor WARNING  Orphan pdf_cell 1431 recovered to col=3 by nearest-column fallback (row=29, x=766.9, dist=54.4)
2026-09-07 00:49:53,230 MatchingPostProcessor WARNING  Orphan pdf_cell 1432 recovered to col=3 by nearest-column fallback (row=29, x=777.9, dist=43.4)
2026-09-07 00:49:53,230 MatchingPostProcessor WARNING  Orphan pdf_cell 1433 recovered to col=3 by nearest-column fallback (row=29, x=788.9, dist=32.4)
2026-09-07 00:49:53,230 MatchingPostProcessor WARNING  Orphan pdf_cell 1459 recovered to col=2 by nearest-column fallback (row=30, x=458.9, dist=158.0)
2026-09-07 00:49:53,230 MatchingPostProcessor WARNING  Orphan pdf_cell 1460 recovered to col=2 by nearest-column fallback (row=30, x=469.9, dist=169.0)
2026-09-07 00:49:53,230 MatchingPostProcessor WARNING  Orphan pdf_cell 1461 recovered to col=2 by nearest-column fallback (row=30, x=480.9, dist=180.0)
2026-09-07 00:49:53,230 MatchingPostProcessor WARNING  Orphan pdf_cell 1462 recovered to col=2 by nearest-column fallback (row=30, x=491.9, dist=191.0)
2026-09-07 00:49:53,230 MatchingPostProcessor WARNING  Orphan pdf_cell 1463 recovered to col=2 by nearest-column fallback (row=30, x=502.9, dist=202.0)
2026-09-07 00:49:53,230 MatchingPostProcessor WARNING  Orphan pdf_cell 1464 recovered to col=2 by nearest-column fallback (row=30, x=513.9, dist=213.0)
2026-09-07 00:49:53,230 MatchingPostProcessor WARNING  Orphan pdf_cell 1465 recovered to col=2 by nearest-column fallback (row=30, x=524.9, dist=224.0)
2026-09-07 00:49:53,230 MatchingPostProcessor WARNING  Orphan pdf_cell 1466 recovered to col=2 by nearest-column fallback (row=30, x=535.9, dist=235.0)
2026-09-07 00:49:53,230 MatchingPostProcessor WARNING  Orphan pdf_cell 1467 recovered to col=2 by nearest-column fallback (row=30, x=546.9, dist=246.0)
2026-09-07 00:49:53,230 MatchingPostProcessor WARNING  Orphan pdf_cell 1468 recovered to col=2 by nearest-column fallback (row=30, x=557.9, dist=257.0)
2026-09-07 00:49:53,230 MatchingPostProcessor WARNING  Orphan pdf_cell 1469 recovered to col=3 by nearest-column fallback (row=30, x=568.9, dist=252.5)
2026-09-07 00:49:53,230 MatchingPostProcessor WARNING  Orphan pdf_cell 1470 recovered to col=3 by nearest-column fallback (row=30, x=579.9, dist=241.5)
2026-09-07 00:49:53,230 MatchingPostProcessor WARNING  Orphan pdf_cell 1471 recovered to col=3 by nearest-column fallback (row=30, x=590.9, dist=230.5)
2026-09-07 00:49:53,230 MatchingPostProcessor WARNING  Orphan pdf_cell 1472 recovered to col=3 by nearest-column fallback (row=30, x=601.9, dist=219.5)
2026-09-07 00:49:53,230 MatchingPostProcessor WARNING  Orphan pdf_cell 1473 recovered to col=3 by nearest-column fallback (row=30, x=612.9, dist=208.5)
2026-09-07 00:49:53,230 MatchingPostProcessor WARNING  Orphan pdf_cell 1474 recovered to col=3 by nearest-column fallback (row=30, x=623.9, dist=197.5)
2026-09-07 00:49:53,230 MatchingPostProcessor WARNING  Orphan pdf_cell 1475 recovered to col=3 by nearest-column fallback (row=30, x=634.9, dist=186.5)
2026-09-07 00:49:53,230 MatchingPostProcessor WARNING  Orphan pdf_cell 1476 recovered to col=3 by nearest-column fallback (row=30, x=645.9, dist=175.5)
2026-09-07 00:49:53,230 MatchingPostProcessor WARNING  Orphan pdf_cell 1477 recovered to col=3 by nearest-column fallback (row=30, x=656.9, dist=164.5)
2026-09-07 00:49:53,230 MatchingPostProcessor WARNING  Orphan pdf_cell 1478 recovered to col=3 by nearest-column fallback (row=30, x=667.9, dist=153.5)
2026-09-07 00:49:53,230 MatchingPostProcessor WARNING  Orphan pdf_cell 1479 recovered to col=3 by nearest-column fallback (row=30, x=678.9, dist=142.5)
2026-09-07 00:49:53,230 MatchingPostProcessor WARNING  Orphan pdf_cell 1480 recovered to col=3 by nearest-column fallback (row=30, x=689.9, dist=131.5)
2026-09-07 00:49:53,230 MatchingPostProcessor WARNING  Orphan pdf_cell 1481 recovered to col=3 by nearest-column fallback (row=30, x=700.9, dist=120.5)
2026-09-07 00:49:53,230 MatchingPostProcessor WARNING  Orphan pdf_cell 1482 recovered to col=3 by nearest-column fallback (row=30, x=711.9, dist=109.5)
2026-09-07 00:49:53,230 MatchingPostProcessor WARNING  Orphan pdf_cell 1483 recovered to col=3 by nearest-column fallback (row=30, x=722.9, dist=98.5)
2026-09-07 00:49:53,230 MatchingPostProcessor WARNING  Orphan pdf_cell 1484 recovered to col=3 by nearest-column fallback (row=30, x=733.9, dist=87.5)
2026-09-07 00:49:53,231 MatchingPostProcessor WARNING  Orphan pdf_cell 1485 recovered to col=3 by nearest-column fallback (row=30, x=744.9, dist=76.5)
2026-09-07 00:49:53,231 MatchingPostProcessor WARNING  Orphan pdf_cell 1486 recovered to col=3 by nearest-column fallback (row=30, x=755.9, dist=65.5)
2026-09-07 00:49:53,231 MatchingPostProcessor WARNING  Orphan pdf_cell 1487 recovered to col=3 by nearest-column fallback (row=30, x=766.9, dist=54.5)
2026-09-07 00:49:53,231 MatchingPostProcessor WARNING  Orphan pdf_cell 1488 recovered to col=3 by nearest-column fallback (row=30, x=777.9, dist=43.5)
2026-09-07 00:49:53,231 MatchingPostProcessor WARNING  Orphan pdf_cell 1489 recovered to col=3 by nearest-column fallback (row=30, x=788.9, dist=32.5)
2026-09-07 00:49:53,231 MatchingPostProcessor WARNING  Orphan pdf_cell 1511 recovered to col=2 by nearest-column fallback (row=31, x=458.9, dist=158.1)
2026-09-07 00:49:53,231 MatchingPostProcessor WARNING  Orphan pdf_cell 1512 recovered to col=2 by nearest-column fallback (row=31, x=469.9, dist=169.1)
2026-09-07 00:49:53,231 MatchingPostProcessor WARNING  Orphan pdf_cell 1513 recovered to col=2 by nearest-column fallback (row=31, x=480.9, dist=180.1)
2026-09-07 00:49:53,231 MatchingPostProcessor WARNING  Orphan pdf_cell 1514 recovered to col=2 by nearest-column fallback (row=31, x=491.9, dist=191.1)
2026-09-07 00:49:53,231 MatchingPostProcessor WARNING  Orphan pdf_cell 1515 recovered to col=2 by nearest-column fallback (row=31, x=502.9, dist=202.1)
2026-09-07 00:49:53,231 MatchingPostProcessor WARNING  Orphan pdf_cell 1516 recovered to col=2 by nearest-column fallback (row=31, x=513.9, dist=213.1)
2026-09-07 00:49:53,231 MatchingPostProcessor WARNING  Orphan pdf_cell 1517 recovered to col=2 by nearest-column fallback (row=31, x=524.9, dist=224.1)
2026-09-07 00:49:53,231 MatchingPostProcessor WARNING  Orphan pdf_cell 1518 recovered to col=2 by nearest-column fallback (row=31, x=535.9, dist=235.1)
2026-09-07 00:49:53,231 MatchingPostProcessor WARNING  Orphan pdf_cell 1519 recovered to col=2 by nearest-column fallback (row=31, x=546.9, dist=246.1)
2026-09-07 00:49:53,231 MatchingPostProcessor WARNING  Orphan pdf_cell 1520 recovered to col=2 by nearest-column fallback (row=31, x=557.9, dist=257.1)
2026-09-07 00:49:53,231 MatchingPostProcessor WARNING  Orphan pdf_cell 1521 recovered to col=3 by nearest-column fallback (row=31, x=568.9, dist=252.5)
2026-09-07 00:49:53,231 MatchingPostProcessor WARNING  Orphan pdf_cell 1522 recovered to col=3 by nearest-column fallback (row=31, x=579.9, dist=241.5)
2026-09-07 00:49:53,231 MatchingPostProcessor WARNING  Orphan pdf_cell 1523 recovered to col=3 by nearest-column fallback (row=31, x=590.9, dist=230.5)
2026-09-07 00:49:53,231 MatchingPostProcessor WARNING  Orphan pdf_cell 1524 recovered to col=3 by nearest-column fallback (row=31, x=601.9, dist=219.5)
2026-09-07 00:49:53,231 MatchingPostProcessor WARNING  Orphan pdf_cell 1525 recovered to col=3 by nearest-column fallback (row=31, x=612.9, dist=208.5)
2026-09-07 00:49:53,231 MatchingPostProcessor WARNING  Orphan pdf_cell 1526 recovered to col=3 by nearest-column fallback (row=31, x=623.9, dist=197.5)
2026-09-07 00:49:53,231 MatchingPostProcessor WARNING  Orphan pdf_cell 1527 recovered to col=3 by nearest-column fallback (row=31, x=634.9, dist=186.5)
2026-09-07 00:49:53,231 MatchingPostProcessor WARNING  Orphan pdf_cell 1528 recovered to col=3 by nearest-column fallback (row=31, x=645.9, dist=175.5)
2026-09-07 00:49:53,231 MatchingPostProcessor WARNING  Orphan pdf_cell 1529 recovered to col=3 by nearest-column fallback (row=31, x=656.9, dist=164.5)
2026-09-07 00:49:53,231 MatchingPostProcessor WARNING  Orphan pdf_cell 1530 recovered to col=3 by nearest-column fallback (row=31, x=667.9, dist=153.5)
2026-09-07 00:49:53,231 MatchingPostProcessor WARNING  Orphan pdf_cell 1531 recovered to col=3 by nearest-column fallback (row=31, x=678.9, dist=142.5)
2026-09-07 00:49:53,231 MatchingPostProcessor WARNING  Orphan pdf_cell 1532 recovered to col=3 by nearest-column fallback (row=31, x=689.9, dist=131.5)
2026-09-07 00:49:53,231 MatchingPostProcessor WARNING  Orphan pdf_cell 1533 recovered to col=3 by nearest-column fallback (row=31, x=700.9, dist=120.5)
2026-09-07 00:49:53,231 MatchingPostProcessor WARNING  Orphan pdf_cell 1534 recovered to col=3 by nearest-column fallback (row=31, x=711.9, dist=109.5)
2026-09-07 00:49:53,231 MatchingPostProcessor WARNING  Orphan pdf_cell 1535 recovered to col=3 by nearest-column fallback (row=31, x=722.9, dist=98.5)
2026-09-07 00:49:53,231 MatchingPostProcessor WARNING  Orphan pdf_cell 1536 recovered to col=3 by nearest-column fallback (row=31, x=733.9, dist=87.5)
2026-09-07 00:49:53,231 MatchingPostProcessor WARNING  Orphan pdf_cell 1537 recovered to col=3 by nearest-column fallback (row=31, x=744.9, dist=76.5)
2026-09-07 00:49:53,231 MatchingPostProcessor WARNING  Orphan pdf_cell 1538 recovered to col=3 by nearest-column fallback (row=31, x=755.9, dist=65.5)
2026-09-07 00:49:53,231 MatchingPostProcessor WARNING  Orphan pdf_cell 1539 recovered to col=3 by nearest-column fallback (row=31, x=766.9, dist=54.5)
2026-09-07 00:49:53,231 MatchingPostProcessor WARNING  Orphan pdf_cell 1540 recovered to col=3 by nearest-column fallback (row=31, x=777.9, dist=43.5)
2026-09-07 00:49:53,231 MatchingPostProcessor WARNING  Orphan pdf_cell 1541 recovered to col=3 by nearest-column fallback (row=31, x=788.9, dist=32.5)
2026-09-07 00:49:53,232 MatchingPostProcessor WARNING  Orphan pdf_cell 1562 recovered to col=2 by nearest-column fallback (row=32, x=458.9, dist=158.0)
2026-09-07 00:49:53,232 MatchingPostProcessor WARNING  Orphan pdf_cell 1563 recovered to col=2 by nearest-column fallback (row=32, x=469.9, dist=169.0)
2026-09-07 00:49:53,232 MatchingPostProcessor WARNING  Orphan pdf_cell 1564 recovered to col=2 by nearest-column fallback (row=32, x=480.9, dist=180.0)
2026-09-07 00:49:53,232 MatchingPostProcessor WARNING  Orphan pdf_cell 1565 recovered to col=2 by nearest-column fallback (row=32, x=491.9, dist=191.0)
2026-09-07 00:49:53,232 MatchingPostProcessor WARNING  Orphan pdf_cell 1566 recovered to col=2 by nearest-column fallback (row=32, x=502.9, dist=202.0)
2026-09-07 00:49:53,232 MatchingPostProcessor WARNING  Orphan pdf_cell 1567 recovered to col=2 by nearest-column fallback (row=32, x=513.9, dist=213.0)
2026-09-07 00:49:53,232 MatchingPostProcessor WARNING  Orphan pdf_cell 1568 recovered to col=2 by nearest-column fallback (row=32, x=524.9, dist=224.0)
2026-09-07 00:49:53,232 MatchingPostProcessor WARNING  Orphan pdf_cell 1569 recovered to col=2 by nearest-column fallback (row=32, x=535.9, dist=235.0)
2026-09-07 00:49:53,232 MatchingPostProcessor WARNING  Orphan pdf_cell 1570 recovered to col=2 by nearest-column fallback (row=32, x=546.9, dist=246.0)
2026-09-07 00:49:53,232 MatchingPostProcessor WARNING  Orphan pdf_cell 1571 recovered to col=2 by nearest-column fallback (row=32, x=557.9, dist=257.0)
2026-09-07 00:49:53,232 MatchingPostProcessor WARNING  Orphan pdf_cell 1572 recovered to col=3 by nearest-column fallback (row=32, x=568.9, dist=252.5)
2026-09-07 00:49:53,232 MatchingPostProcessor WARNING  Orphan pdf_cell 1573 recovered to col=3 by nearest-column fallback (row=32, x=579.9, dist=241.5)
2026-09-07 00:49:53,232 MatchingPostProcessor WARNING  Orphan pdf_cell 1574 recovered to col=3 by nearest-column fallback (row=32, x=590.9, dist=230.5)
2026-09-07 00:49:53,232 MatchingPostProcessor WARNING  Orphan pdf_cell 1575 recovered to col=3 by nearest-column fallback (row=32, x=601.9, dist=219.5)
2026-09-07 00:49:53,232 MatchingPostProcessor WARNING  Orphan pdf_cell 1576 recovered to col=3 by nearest-column fallback (row=32, x=612.9, dist=208.5)
2026-09-07 00:49:53,232 MatchingPostProcessor WARNING  Orphan pdf_cell 1577 recovered to col=3 by nearest-column fallback (row=32, x=623.9, dist=197.5)
2026-09-07 00:49:53,232 MatchingPostProcessor WARNING  Orphan pdf_cell 1578 recovered to col=3 by nearest-column fallback (row=32, x=634.9, dist=186.5)
2026-09-07 00:49:53,232 MatchingPostProcessor WARNING  Orphan pdf_cell 1579 recovered to col=3 by nearest-column fallback (row=32, x=645.9, dist=175.5)
2026-09-07 00:49:53,232 MatchingPostProcessor WARNING  Orphan pdf_cell 1580 recovered to col=3 by nearest-column fallback (row=32, x=656.9, dist=164.5)
2026-09-07 00:49:53,232 MatchingPostProcessor WARNING  Orphan pdf_cell 1581 recovered to col=3 by nearest-column fallback (row=32, x=667.9, dist=153.5)
2026-09-07 00:49:53,232 MatchingPostProcessor WARNING  Orphan pdf_cell 1582 recovered to col=3 by nearest-column fallback (row=32, x=678.9, dist=142.5)
2026-09-07 00:49:53,232 MatchingPostProcessor WARNING  Orphan pdf_cell 1583 recovered to col=3 by nearest-column fallback (row=32, x=689.9, dist=131.5)
2026-09-07 00:49:53,232 MatchingPostProcessor WARNING  Orphan pdf_cell 1584 recovered to col=3 by nearest-column fallback (row=32, x=700.9, dist=120.5)
2026-09-07 00:49:53,232 MatchingPostProcessor WARNING  Orphan pdf_cell 1585 recovered to col=3 by nearest-column fallback (row=32, x=711.9, dist=109.5)
2026-09-07 00:49:53,232 MatchingPostProcessor WARNING  Orphan pdf_cell 1586 recovered to col=3 by nearest-column fallback (row=32, x=722.9, dist=98.5)
2026-09-07 00:49:53,232 MatchingPostProcessor WARNING  Orphan pdf_cell 1587 recovered to col=3 by nearest-column fallback (row=32, x=733.9, dist=87.5)
2026-09-07 00:49:53,232 MatchingPostProcessor WARNING  Orphan pdf_cell 1588 recovered to col=3 by nearest-column fallback (row=32, x=744.9, dist=76.5)
2026-09-07 00:49:53,232 MatchingPostProcessor WARNING  Orphan pdf_cell 1589 recovered to col=3 by nearest-column fallback (row=32, x=755.9, dist=65.5)
2026-09-07 00:49:53,232 MatchingPostProcessor WARNING  Orphan pdf_cell 1590 recovered to col=3 by nearest-column fallback (row=32, x=766.9, dist=54.5)
2026-09-07 00:49:53,232 MatchingPostProcessor WARNING  Orphan pdf_cell 1591 recovered to col=3 by nearest-column fallback (row=32, x=777.9, dist=43.5)
2026-09-07 00:49:53,232 MatchingPostProcessor WARNING  Orphan pdf_cell 1592 recovered to col=3 by nearest-column fallback (row=32, x=788.9, dist=32.5)
2026-09-07 00:49:53,232 MatchingPostProcessor WARNING  Orphan pdf_cell 1602 recovered to col=2 by nearest-column fallback (row=33, x=514.0, dist=213.1)
2026-09-07 00:49:53,232 MatchingPostProcessor WARNING  Orphan pdf_cell 1603 recovered to col=2 by nearest-column fallback (row=33, x=525.0, dist=224.1)
2026-09-07 00:49:53,232 MatchingPostProcessor WARNING  Orphan pdf_cell 1604 recovered to col=2 by nearest-column fallback (row=33, x=536.0, dist=235.1)
2026-09-07 00:49:53,232 MatchingPostProcessor WARNING  Orphan pdf_cell 1605 recovered to col=2 by nearest-column fallback (row=33, x=547.0, dist=246.1)
2026-09-07 00:49:53,232 MatchingPostProcessor WARNING  Orphan pdf_cell 1606 recovered to col=2 by nearest-column fallback (row=33, x=558.0, dist=257.1)
2026-09-07 00:49:53,232 MatchingPostProcessor WARNING  Orphan pdf_cell 1607 recovered to col=3 by nearest-column fallback (row=33, x=569.0, dist=252.4)
2026-09-07 00:49:53,232 MatchingPostProcessor WARNING  Orphan pdf_cell 1608 recovered to col=3 by nearest-column fallback (row=33, x=580.0, dist=241.4)
2026-09-07 00:49:53,232 MatchingPostProcessor WARNING  Orphan pdf_cell 1609 recovered to col=3 by nearest-column fallback (row=33, x=591.0, dist=230.4)
2026-09-07 00:49:53,232 MatchingPostProcessor WARNING  Orphan pdf_cell 1610 recovered to col=3 by nearest-column fallback (row=33, x=602.0, dist=219.4)
2026-09-07 00:49:53,233 MatchingPostProcessor WARNING  Orphan pdf_cell 1611 recovered to col=3 by nearest-column fallback (row=33, x=613.0, dist=208.4)
2026-09-07 00:49:53,233 MatchingPostProcessor WARNING  Orphan pdf_cell 1612 recovered to col=3 by nearest-column fallback (row=33, x=624.0, dist=197.4)
2026-09-07 00:49:53,233 MatchingPostProcessor WARNING  Orphan pdf_cell 1613 recovered to col=3 by nearest-column fallback (row=33, x=635.0, dist=186.4)
2026-09-07 00:49:53,233 MatchingPostProcessor WARNING  Orphan pdf_cell 1614 recovered to col=3 by nearest-column fallback (row=33, x=646.0, dist=175.4)
2026-09-07 00:49:53,233 MatchingPostProcessor WARNING  Orphan pdf_cell 1615 recovered to col=3 by nearest-column fallback (row=33, x=657.0, dist=164.4)
2026-09-07 00:49:53,233 MatchingPostProcessor WARNING  Orphan pdf_cell 1616 recovered to col=3 by nearest-column fallback (row=33, x=668.0, dist=153.4)
2026-09-07 00:49:53,233 MatchingPostProcessor WARNING  Orphan pdf_cell 1617 recovered to col=3 by nearest-column fallback (row=33, x=679.0, dist=142.4)
2026-09-07 00:49:53,233 MatchingPostProcessor WARNING  Orphan pdf_cell 1618 recovered to col=3 by nearest-column fallback (row=33, x=690.0, dist=131.4)
2026-09-07 00:49:53,233 MatchingPostProcessor WARNING  Orphan pdf_cell 1619 recovered to col=3 by nearest-column fallback (row=33, x=701.0, dist=120.4)
2026-09-07 00:49:53,233 MatchingPostProcessor WARNING  Orphan pdf_cell 1620 recovered to col=3 by nearest-column fallback (row=33, x=712.0, dist=109.4)
2026-09-07 00:49:53,233 MatchingPostProcessor WARNING  Orphan pdf_cell 1621 recovered to col=3 by nearest-column fallback (row=33, x=723.0, dist=98.4)
2026-09-07 00:49:53,233 MatchingPostProcessor WARNING  Orphan pdf_cell 1622 recovered to col=3 by nearest-column fallback (row=33, x=734.0, dist=87.4)
2026-09-07 00:49:53,233 MatchingPostProcessor WARNING  Orphan pdf_cell 1623 recovered to col=3 by nearest-column fallback (row=33, x=745.0, dist=76.4)
2026-09-07 00:49:53,233 MatchingPostProcessor WARNING  Orphan pdf_cell 1624 recovered to col=3 by nearest-column fallback (row=33, x=756.0, dist=65.4)
2026-09-07 00:49:53,233 MatchingPostProcessor WARNING  Orphan pdf_cell 1625 recovered to col=3 by nearest-column fallback (row=33, x=767.0, dist=54.4)
2026-09-07 00:49:53,233 MatchingPostProcessor WARNING  Orphan pdf_cell 1626 recovered to col=3 by nearest-column fallback (row=33, x=778.0, dist=43.4)
2026-09-07 00:49:53,233 MatchingPostProcessor WARNING  Orphan pdf_cell 1627 recovered to col=3 by nearest-column fallback (row=33, x=789.0, dist=32.4)
2026-09-07 00:49:53,233 MatchingPostProcessor WARNING  Orphan pdf_cell 1647 recovered to col=2 by nearest-column fallback (row=34, x=458.9, dist=158.1)
2026-09-07 00:49:53,233 MatchingPostProcessor WARNING  Orphan pdf_cell 1648 recovered to col=2 by nearest-column fallback (row=34, x=469.9, dist=169.1)
2026-09-07 00:49:53,233 MatchingPostProcessor WARNING  Orphan pdf_cell 1649 recovered to col=2 by nearest-column fallback (row=34, x=480.9, dist=180.1)
2026-09-07 00:49:53,233 MatchingPostProcessor WARNING  Orphan pdf_cell 1650 recovered to col=2 by nearest-column fallback (row=34, x=491.9, dist=191.1)
2026-09-07 00:49:53,233 MatchingPostProcessor WARNING  Orphan pdf_cell 1651 recovered to col=2 by nearest-column fallback (row=34, x=502.9, dist=202.1)
2026-09-07 00:49:53,233 MatchingPostProcessor WARNING  Orphan pdf_cell 1652 recovered to col=2 by nearest-column fallback (row=34, x=513.9, dist=213.1)
2026-09-07 00:49:53,233 MatchingPostProcessor WARNING  Orphan pdf_cell 1653 recovered to col=2 by nearest-column fallback (row=34, x=524.9, dist=224.1)
2026-09-07 00:49:53,233 MatchingPostProcessor WARNING  Orphan pdf_cell 1654 recovered to col=2 by nearest-column fallback (row=34, x=535.9, dist=235.1)
2026-09-07 00:49:53,233 MatchingPostProcessor WARNING  Orphan pdf_cell 1655 recovered to col=2 by nearest-column fallback (row=34, x=546.9, dist=246.1)
2026-09-07 00:49:53,233 MatchingPostProcessor WARNING  Orphan pdf_cell 1656 recovered to col=2 by nearest-column fallback (row=34, x=557.9, dist=257.1)
2026-09-07 00:49:53,233 MatchingPostProcessor WARNING  Orphan pdf_cell 1657 recovered to col=3 by nearest-column fallback (row=34, x=568.9, dist=252.5)
2026-09-07 00:49:53,233 MatchingPostProcessor WARNING  Orphan pdf_cell 1658 recovered to col=3 by nearest-column fallback (row=34, x=579.9, dist=241.5)
2026-09-07 00:49:53,233 MatchingPostProcessor WARNING  Orphan pdf_cell 1659 recovered to col=3 by nearest-column fallback (row=34, x=590.9, dist=230.5)
2026-09-07 00:49:53,233 MatchingPostProcessor WARNING  Orphan pdf_cell 1660 recovered to col=3 by nearest-column fallback (row=34, x=601.9, dist=219.5)
2026-09-07 00:49:53,233 MatchingPostProcessor WARNING  Orphan pdf_cell 1661 recovered to col=3 by nearest-column fallback (row=34, x=612.9, dist=208.5)
2026-09-07 00:49:53,233 MatchingPostProcessor WARNING  Orphan pdf_cell 1662 recovered to col=3 by nearest-column fallback (row=34, x=623.9, dist=197.5)
2026-09-07 00:49:53,233 MatchingPostProcessor WARNING  Orphan pdf_cell 1663 recovered to col=3 by nearest-column fallback (row=34, x=634.9, dist=186.5)
2026-09-07 00:49:53,233 MatchingPostProcessor WARNING  Orphan pdf_cell 1664 recovered to col=3 by nearest-column fallback (row=34, x=645.9, dist=175.5)
2026-09-07 00:49:53,233 MatchingPostProcessor WARNING  Orphan pdf_cell 1665 recovered to col=3 by nearest-column fallback (row=34, x=656.9, dist=164.5)
2026-09-07 00:49:53,233 MatchingPostProcessor WARNING  Orphan pdf_cell 1666 recovered to col=3 by nearest-column fallback (row=34, x=667.9, dist=153.5)
2026-09-07 00:49:53,233 MatchingPostProcessor WARNING  Orphan pdf_cell 1667 recovered to col=3 by nearest-column fallback (row=34, x=678.9, dist=142.5)
2026-09-07 00:49:53,234 MatchingPostProcessor WARNING  Orphan pdf_cell 1668 recovered to col=3 by nearest-column fallback (row=34, x=689.9, dist=131.5)
2026-09-07 00:49:53,234 MatchingPostProcessor WARNING  Orphan pdf_cell 1669 recovered to col=3 by nearest-column fallback (row=34, x=700.9, dist=120.5)
2026-09-07 00:49:53,234 MatchingPostProcessor WARNING  Orphan pdf_cell 1670 recovered to col=3 by nearest-column fallback (row=34, x=711.9, dist=109.5)
2026-09-07 00:49:53,234 MatchingPostProcessor WARNING  Orphan pdf_cell 1671 recovered to col=3 by nearest-column fallback (row=34, x=722.9, dist=98.5)
2026-09-07 00:49:53,234 MatchingPostProcessor WARNING  Orphan pdf_cell 1672 recovered to col=3 by nearest-column fallback (row=34, x=733.9, dist=87.5)
2026-09-07 00:49:53,234 MatchingPostProcessor WARNING  Orphan pdf_cell 1673 recovered to col=3 by nearest-column fallback (row=34, x=744.9, dist=76.5)
2026-09-07 00:49:53,234 MatchingPostProcessor WARNING  Orphan pdf_cell 1674 recovered to col=3 by nearest-column fallback (row=34, x=755.9, dist=65.5)
2026-09-07 00:49:53,234 MatchingPostProcessor WARNING  Orphan pdf_cell 1675 recovered to col=3 by nearest-column fallback (row=34, x=766.9, dist=54.5)
2026-09-07 00:49:53,234 MatchingPostProcessor WARNING  Orphan pdf_cell 1676 recovered to col=3 by nearest-column fallback (row=34, x=777.9, dist=43.5)
2026-09-07 00:49:53,234 MatchingPostProcessor WARNING  Orphan pdf_cell 1677 recovered to col=3 by nearest-column fallback (row=34, x=788.9, dist=32.5)
2026-09-07 00:49:53,234 MatchingPostProcessor WARNING  Orphan pdf_cell 1697 recovered to col=2 by nearest-column fallback (row=35, x=458.9, dist=158.1)
2026-09-07 00:49:53,234 MatchingPostProcessor WARNING  Orphan pdf_cell 1698 recovered to col=2 by nearest-column fallback (row=35, x=469.9, dist=169.1)
2026-09-07 00:49:53,234 MatchingPostProcessor WARNING  Orphan pdf_cell 1699 recovered to col=2 by nearest-column fallback (row=35, x=480.9, dist=180.1)
2026-09-07 00:49:53,234 MatchingPostProcessor WARNING  Orphan pdf_cell 1700 recovered to col=2 by nearest-column fallback (row=35, x=491.9, dist=191.1)
2026-09-07 00:49:53,234 MatchingPostProcessor WARNING  Orphan pdf_cell 1701 recovered to col=2 by nearest-column fallback (row=35, x=502.9, dist=202.1)
2026-09-07 00:49:53,234 MatchingPostProcessor WARNING  Orphan pdf_cell 1702 recovered to col=2 by nearest-column fallback (row=35, x=513.9, dist=213.1)
2026-09-07 00:49:53,234 MatchingPostProcessor WARNING  Orphan pdf_cell 1703 recovered to col=2 by nearest-column fallback (row=35, x=524.9, dist=224.1)
2026-09-07 00:49:53,234 MatchingPostProcessor WARNING  Orphan pdf_cell 1704 recovered to col=2 by nearest-column fallback (row=35, x=535.9, dist=235.1)
2026-09-07 00:49:53,234 MatchingPostProcessor WARNING  Orphan pdf_cell 1705 recovered to col=2 by nearest-column fallback (row=35, x=546.9, dist=246.1)
2026-09-07 00:49:53,234 MatchingPostProcessor WARNING  Orphan pdf_cell 1706 recovered to col=2 by nearest-column fallback (row=35, x=557.9, dist=257.1)
2026-09-07 00:49:53,234 MatchingPostProcessor WARNING  Orphan pdf_cell 1707 recovered to col=3 by nearest-column fallback (row=35, x=568.9, dist=252.5)
2026-09-07 00:49:53,234 MatchingPostProcessor WARNING  Orphan pdf_cell 1708 recovered to col=3 by nearest-column fallback (row=35, x=579.9, dist=241.5)
2026-09-07 00:49:53,234 MatchingPostProcessor WARNING  Orphan pdf_cell 1709 recovered to col=3 by nearest-column fallback (row=35, x=590.9, dist=230.5)
2026-09-07 00:49:53,234 MatchingPostProcessor WARNING  Orphan pdf_cell 1710 recovered to col=3 by nearest-column fallback (row=35, x=601.9, dist=219.5)
2026-09-07 00:49:53,234 MatchingPostProcessor WARNING  Orphan pdf_cell 1711 recovered to col=3 by nearest-column fallback (row=35, x=612.9, dist=208.5)
2026-09-07 00:49:53,234 MatchingPostProcessor WARNING  Orphan pdf_cell 1712 recovered to col=3 by nearest-column fallback (row=35, x=623.9, dist=197.5)
2026-09-07 00:49:53,234 MatchingPostProcessor WARNING  Orphan pdf_cell 1713 recovered to col=3 by nearest-column fallback (row=35, x=634.9, dist=186.5)
2026-09-07 00:49:53,234 MatchingPostProcessor WARNING  Orphan pdf_cell 1714 recovered to col=3 by nearest-column fallback (row=35, x=645.9, dist=175.5)
2026-09-07 00:49:53,234 MatchingPostProcessor WARNING  Orphan pdf_cell 1715 recovered to col=3 by nearest-column fallback (row=35, x=656.9, dist=164.5)
2026-09-07 00:49:53,234 MatchingPostProcessor WARNING  Orphan pdf_cell 1716 recovered to col=3 by nearest-column fallback (row=35, x=667.9, dist=153.5)
2026-09-07 00:49:53,234 MatchingPostProcessor WARNING  Orphan pdf_cell 1717 recovered to col=3 by nearest-column fallback (row=35, x=678.9, dist=142.5)
2026-09-07 00:49:53,234 MatchingPostProcessor WARNING  Orphan pdf_cell 1718 recovered to col=3 by nearest-column fallback (row=35, x=689.9, dist=131.5)
2026-09-07 00:49:53,234 MatchingPostProcessor WARNING  Orphan pdf_cell 1719 recovered to col=3 by nearest-column fallback (row=35, x=700.9, dist=120.5)
2026-09-07 00:49:53,234 MatchingPostProcessor WARNING  Orphan pdf_cell 1720 recovered to col=3 by nearest-column fallback (row=35, x=711.9, dist=109.5)
2026-09-07 00:49:53,234 MatchingPostProcessor WARNING  Orphan pdf_cell 1721 recovered to col=3 by nearest-column fallback (row=35, x=722.9, dist=98.5)
2026-09-07 00:49:53,234 MatchingPostProcessor WARNING  Orphan pdf_cell 1722 recovered to col=3 by nearest-column fallback (row=35, x=733.9, dist=87.5)
2026-09-07 00:49:53,235 MatchingPostProcessor WARNING  Orphan pdf_cell 1723 recovered to col=3 by nearest-column fallback (row=35, x=744.9, dist=76.5)
2026-09-07 00:49:53,235 MatchingPostProcessor WARNING  Orphan pdf_cell 1724 recovered to col=3 by nearest-column fallback (row=35, x=755.9, dist=65.5)
2026-09-07 00:49:53,235 MatchingPostProcessor WARNING  Orphan pdf_cell 1725 recovered to col=3 by nearest-column fallback (row=35, x=766.9, dist=54.5)
2026-09-07 00:49:53,235 MatchingPostProcessor WARNING  Orphan pdf_cell 1726 recovered to col=3 by nearest-column fallback (row=35, x=777.9, dist=43.5)
2026-09-07 00:49:53,235 MatchingPostProcessor WARNING  Orphan pdf_cell 1727 recovered to col=3 by nearest-column fallback (row=35, x=788.9, dist=32.5)
2026-09-07 00:49:56,100 MatchingPostProcessor WARNING  Orphan pdf_cell 9 recovered to col=2 by nearest-column fallback (row=0, x=437.0, dist=142.1)
2026-09-07 00:49:56,100 MatchingPostProcessor WARNING  Orphan pdf_cell 10 recovered to col=2 by nearest-column fallback (row=0, x=448.0, dist=153.1)
2026-09-07 00:49:56,100 MatchingPostProcessor WARNING  Orphan pdf_cell 11 recovered to col=2 by nearest-column fallback (row=0, x=459.0, dist=164.1)
2026-09-07 00:49:56,100 MatchingPostProcessor WARNING  Orphan pdf_cell 12 recovered to col=2 by nearest-column fallback (row=0, x=470.0, dist=175.1)
2026-09-07 00:49:56,100 MatchingPostProcessor WARNING  Orphan pdf_cell 13 recovered to col=2 by nearest-column fallback (row=0, x=481.0, dist=186.1)
2026-09-07 00:49:56,100 MatchingPostProcessor WARNING  Orphan pdf_cell 14 recovered to col=2 by nearest-column fallback (row=0, x=492.0, dist=197.1)
2026-09-07 00:49:56,100 MatchingPostProcessor WARNING  Orphan pdf_cell 15 recovered to col=2 by nearest-column fallback (row=0, x=503.0, dist=208.1)
2026-09-07 00:49:56,100 MatchingPostProcessor WARNING  Orphan pdf_cell 16 recovered to col=2 by nearest-column fallback (row=0, x=514.0, dist=219.1)
2026-09-07 00:49:56,100 MatchingPostProcessor WARNING  Orphan pdf_cell 17 recovered to col=2 by nearest-column fallback (row=0, x=525.0, dist=230.1)
2026-09-07 00:49:56,100 MatchingPostProcessor WARNING  Orphan pdf_cell 18 recovered to col=2 by nearest-column fallback (row=0, x=536.0, dist=241.1)
2026-09-07 00:49:56,100 MatchingPostProcessor WARNING  Orphan pdf_cell 19 recovered to col=2 by nearest-column fallback (row=0, x=547.0, dist=252.1)
2026-09-07 00:49:56,101 MatchingPostProcessor WARNING  Orphan pdf_cell 20 recovered to col=2 by nearest-column fallback (row=0, x=558.0, dist=263.1)
2026-09-07 00:49:56,101 MatchingPostProcessor WARNING  Orphan pdf_cell 21 recovered to col=3 by nearest-column fallback (row=0, x=569.0, dist=252.9)
2026-09-07 00:49:56,101 MatchingPostProcessor WARNING  Orphan pdf_cell 22 recovered to col=3 by nearest-column fallback (row=0, x=580.0, dist=241.9)
2026-09-07 00:49:56,101 MatchingPostProcessor WARNING  Orphan pdf_cell 23 recovered to col=3 by nearest-column fallback (row=0, x=591.0, dist=230.9)
2026-09-07 00:49:56,101 MatchingPostProcessor WARNING  Orphan pdf_cell 24 recovered to col=3 by nearest-column fallback (row=0, x=602.0, dist=219.9)
2026-09-07 00:49:56,101 MatchingPostProcessor WARNING  Orphan pdf_cell 25 recovered to col=3 by nearest-column fallback (row=0, x=613.0, dist=208.9)
2026-09-07 00:49:56,101 MatchingPostProcessor WARNING  Orphan pdf_cell 26 recovered to col=3 by nearest-column fallback (row=0, x=624.0, dist=197.9)
2026-09-07 00:49:56,101 MatchingPostProcessor WARNING  Orphan pdf_cell 27 recovered to col=3 by nearest-column fallback (row=0, x=635.0, dist=186.9)
2026-09-07 00:49:56,101 MatchingPostProcessor WARNING  Orphan pdf_cell 28 recovered to col=3 by nearest-column fallback (row=0, x=646.0, dist=175.9)
2026-09-07 00:49:56,101 MatchingPostProcessor WARNING  Orphan pdf_cell 29 recovered to col=3 by nearest-column fallback (row=0, x=657.0, dist=164.9)
2026-09-07 00:49:56,101 MatchingPostProcessor WARNING  Orphan pdf_cell 30 recovered to col=3 by nearest-column fallback (row=0, x=668.0, dist=153.9)
2026-09-07 00:49:56,101 MatchingPostProcessor WARNING  Orphan pdf_cell 31 recovered to col=3 by nearest-column fallback (row=0, x=679.0, dist=142.9)
2026-09-07 00:49:56,101 MatchingPostProcessor WARNING  Orphan pdf_cell 32 recovered to col=3 by nearest-column fallback (row=0, x=690.0, dist=131.9)
2026-09-07 00:49:56,101 MatchingPostProcessor WARNING  Orphan pdf_cell 33 recovered to col=3 by nearest-column fallback (row=0, x=701.0, dist=120.9)
2026-09-07 00:49:56,101 MatchingPostProcessor WARNING  Orphan pdf_cell 34 recovered to col=3 by nearest-column fallback (row=0, x=712.0, dist=109.9)
2026-09-07 00:49:56,101 MatchingPostProcessor WARNING  Orphan pdf_cell 35 recovered to col=3 by nearest-column fallback (row=0, x=723.0, dist=98.9)
2026-09-07 00:49:56,101 MatchingPostProcessor WARNING  Orphan pdf_cell 36 recovered to col=3 by nearest-column fallback (row=0, x=734.0, dist=87.9)
2026-09-07 00:49:56,101 MatchingPostProcessor WARNING  Orphan pdf_cell 37 recovered to col=3 by nearest-column fallback (row=0, x=745.0, dist=76.9)
2026-09-07 00:49:56,101 MatchingPostProcessor WARNING  Orphan pdf_cell 38 recovered to col=3 by nearest-column fallback (row=0, x=756.0, dist=65.9)
2026-09-07 00:49:56,101 MatchingPostProcessor WARNING  Orphan pdf_cell 39 recovered to col=3 by nearest-column fallback (row=0, x=767.0, dist=54.9)
2026-09-07 00:49:56,101 MatchingPostProcessor WARNING  Orphan pdf_cell 40 recovered to col=3 by nearest-column fallback (row=0, x=778.0, dist=43.9)
2026-09-07 00:49:56,101 MatchingPostProcessor WARNING  Orphan pdf_cell 41 recovered to col=3 by nearest-column fallback (row=0, x=789.0, dist=32.9)
2026-09-07 00:49:56,101 MatchingPostProcessor WARNING  Orphan pdf_cell 50 recovered to col=2 by nearest-column fallback (row=1, x=437.0, dist=142.1)
2026-09-07 00:49:56,101 MatchingPostProcessor WARNING  Orphan pdf_cell 51 recovered to col=2 by nearest-column fallback (row=1, x=448.0, dist=153.1)
2026-09-07 00:49:56,101 MatchingPostProcessor WARNING  Orphan pdf_cell 52 recovered to col=2 by nearest-column fallback (row=1, x=459.0, dist=164.1)
2026-09-07 00:49:56,101 MatchingPostProcessor WARNING  Orphan pdf_cell 53 recovered to col=2 by nearest-column fallback (row=1, x=470.0, dist=175.1)
2026-09-07 00:49:56,101 MatchingPostProcessor WARNING  Orphan pdf_cell 54 recovered to col=2 by nearest-column fallback (row=1, x=481.0, dist=186.1)
2026-09-07 00:49:56,101 MatchingPostProcessor WARNING  Orphan pdf_cell 55 recovered to col=2 by nearest-column fallback (row=1, x=492.0, dist=197.1)
2026-09-07 00:49:56,101 MatchingPostProcessor WARNING  Orphan pdf_cell 56 recovered to col=2 by nearest-column fallback (row=1, x=503.0, dist=208.1)
2026-09-07 00:49:56,101 MatchingPostProcessor WARNING  Orphan pdf_cell 57 recovered to col=2 by nearest-column fallback (row=1, x=514.0, dist=219.1)
2026-09-07 00:49:56,101 MatchingPostProcessor WARNING  Orphan pdf_cell 58 recovered to col=2 by nearest-column fallback (row=1, x=525.0, dist=230.1)
2026-09-07 00:49:56,101 MatchingPostProcessor WARNING  Orphan pdf_cell 59 recovered to col=2 by nearest-column fallback (row=1, x=536.0, dist=241.1)
2026-09-07 00:49:56,101 MatchingPostProcessor WARNING  Orphan pdf_cell 60 recovered to col=2 by nearest-column fallback (row=1, x=547.0, dist=252.1)
2026-09-07 00:49:56,101 MatchingPostProcessor WARNING  Orphan pdf_cell 61 recovered to col=2 by nearest-column fallback (row=1, x=558.0, dist=263.1)
2026-09-07 00:49:56,101 MatchingPostProcessor WARNING  Orphan pdf_cell 62 recovered to col=3 by nearest-column fallback (row=1, x=569.0, dist=252.9)
2026-09-07 00:49:56,101 MatchingPostProcessor WARNING  Orphan pdf_cell 63 recovered to col=3 by nearest-column fallback (row=1, x=580.0, dist=241.9)
2026-09-07 00:49:56,101 MatchingPostProcessor WARNING  Orphan pdf_cell 64 recovered to col=3 by nearest-column fallback (row=1, x=591.0, dist=230.9)
2026-09-07 00:49:56,101 MatchingPostProcessor WARNING  Orphan pdf_cell 65 recovered to col=3 by nearest-column fallback (row=1, x=602.0, dist=219.9)
2026-09-07 00:49:56,101 MatchingPostProcessor WARNING  Orphan pdf_cell 66 recovered to col=3 by nearest-column fallback (row=1, x=613.0, dist=208.9)
2026-09-07 00:49:56,101 MatchingPostProcessor WARNING  Orphan pdf_cell 67 recovered to col=3 by nearest-column fallback (row=1, x=624.0, dist=197.9)
2026-09-07 00:49:56,101 MatchingPostProcessor WARNING  Orphan pdf_cell 68 recovered to col=3 by nearest-column fallback (row=1, x=635.0, dist=186.9)
2026-09-07 00:49:56,101 MatchingPostProcessor WARNING  Orphan pdf_cell 69 recovered to col=3 by nearest-column fallback (row=1, x=646.0, dist=175.9)
2026-09-07 00:49:56,101 MatchingPostProcessor WARNING  Orphan pdf_cell 70 recovered to col=3 by nearest-column fallback (row=1, x=657.0, dist=164.9)
2026-09-07 00:49:56,101 MatchingPostProcessor WARNING  Orphan pdf_cell 71 recovered to col=3 by nearest-column fallback (row=1, x=668.0, dist=153.9)
2026-09-07 00:49:56,101 MatchingPostProcessor WARNING  Orphan pdf_cell 72 recovered to col=3 by nearest-column fallback (row=1, x=679.0, dist=142.9)
2026-09-07 00:49:56,101 MatchingPostProcessor WARNING  Orphan pdf_cell 73 recovered to col=3 by nearest-column fallback (row=1, x=690.0, dist=131.9)
2026-09-07 00:49:56,101 MatchingPostProcessor WARNING  Orphan pdf_cell 74 recovered to col=3 by nearest-column fallback (row=1, x=701.0, dist=120.9)
2026-09-07 00:49:56,101 MatchingPostProcessor WARNING  Orphan pdf_cell 75 recovered to col=3 by nearest-column fallback (row=1, x=712.0, dist=109.9)
2026-09-07 00:49:56,101 MatchingPostProcessor WARNING  Orphan pdf_cell 76 recovered to col=3 by nearest-column fallback (row=1, x=723.0, dist=98.9)
2026-09-07 00:49:56,101 MatchingPostProcessor WARNING  Orphan pdf_cell 77 recovered to col=3 by nearest-column fallback (row=1, x=734.0, dist=87.9)
2026-09-07 00:49:56,101 MatchingPostProcessor WARNING  Orphan pdf_cell 78 recovered to col=3 by nearest-column fallback (row=1, x=745.0, dist=76.9)
2026-09-07 00:49:56,101 MatchingPostProcessor WARNING  Orphan pdf_cell 79 recovered to col=3 by nearest-column fallback (row=1, x=756.0, dist=65.9)
2026-09-07 00:49:56,101 MatchingPostProcessor WARNING  Orphan pdf_cell 80 recovered to col=3 by nearest-column fallback (row=1, x=767.0, dist=54.9)
2026-09-07 00:49:56,101 MatchingPostProcessor WARNING  Orphan pdf_cell 81 recovered to col=3 by nearest-column fallback (row=1, x=778.0, dist=43.9)
2026-09-07 00:49:56,101 MatchingPostProcessor WARNING  Orphan pdf_cell 82 recovered to col=3 by nearest-column fallback (row=1, x=789.0, dist=32.9)
2026-09-07 00:49:56,101 MatchingPostProcessor WARNING  Orphan pdf_cell 90 recovered to col=2 by nearest-column fallback (row=2, x=437.0, dist=142.1)
2026-09-07 00:49:56,101 MatchingPostProcessor WARNING  Orphan pdf_cell 91 recovered to col=2 by nearest-column fallback (row=2, x=448.0, dist=153.1)
2026-09-07 00:49:56,101 MatchingPostProcessor WARNING  Orphan pdf_cell 92 recovered to col=2 by nearest-column fallback (row=2, x=459.0, dist=164.1)
2026-09-07 00:49:56,101 MatchingPostProcessor WARNING  Orphan pdf_cell 93 recovered to col=2 by nearest-column fallback (row=2, x=470.0, dist=175.1)
2026-09-07 00:49:56,101 MatchingPostProcessor WARNING  Orphan pdf_cell 94 recovered to col=2 by nearest-column fallback (row=2, x=481.0, dist=186.1)
2026-09-07 00:49:56,101 MatchingPostProcessor WARNING  Orphan pdf_cell 95 recovered to col=2 by nearest-column fallback (row=2, x=492.0, dist=197.1)
2026-09-07 00:49:56,101 MatchingPostProcessor WARNING  Orphan pdf_cell 96 recovered to col=2 by nearest-column fallback (row=2, x=503.0, dist=208.1)
2026-09-07 00:49:56,102 MatchingPostProcessor WARNING  Orphan pdf_cell 97 recovered to col=2 by nearest-column fallback (row=2, x=514.0, dist=219.1)
2026-09-07 00:49:56,102 MatchingPostProcessor WARNING  Orphan pdf_cell 98 recovered to col=2 by nearest-column fallback (row=2, x=525.0, dist=230.1)
2026-09-07 00:49:56,102 MatchingPostProcessor WARNING  Orphan pdf_cell 99 recovered to col=2 by nearest-column fallback (row=2, x=536.0, dist=241.1)
2026-09-07 00:49:56,102 MatchingPostProcessor WARNING  Orphan pdf_cell 100 recovered to col=2 by nearest-column fallback (row=2, x=547.0, dist=252.1)
2026-09-07 00:49:56,102 MatchingPostProcessor WARNING  Orphan pdf_cell 101 recovered to col=2 by nearest-column fallback (row=2, x=558.0, dist=263.1)
2026-09-07 00:49:56,102 MatchingPostProcessor WARNING  Orphan pdf_cell 102 recovered to col=3 by nearest-column fallback (row=2, x=569.0, dist=252.9)
2026-09-07 00:49:56,102 MatchingPostProcessor WARNING  Orphan pdf_cell 103 recovered to col=3 by nearest-column fallback (row=2, x=580.0, dist=241.9)
2026-09-07 00:49:56,102 MatchingPostProcessor WARNING  Orphan pdf_cell 104 recovered to col=3 by nearest-column fallback (row=2, x=591.0, dist=230.9)
2026-09-07 00:49:56,102 MatchingPostProcessor WARNING  Orphan pdf_cell 105 recovered to col=3 by nearest-column fallback (row=2, x=602.0, dist=219.9)
2026-09-07 00:49:56,102 MatchingPostProcessor WARNING  Orphan pdf_cell 106 recovered to col=3 by nearest-column fallback (row=2, x=613.0, dist=208.9)
2026-09-07 00:49:56,102 MatchingPostProcessor WARNING  Orphan pdf_cell 107 recovered to col=3 by nearest-column fallback (row=2, x=624.0, dist=197.9)
2026-09-07 00:49:56,102 MatchingPostProcessor WARNING  Orphan pdf_cell 108 recovered to col=3 by nearest-column fallback (row=2, x=635.0, dist=186.9)
2026-09-07 00:49:56,102 MatchingPostProcessor WARNING  Orphan pdf_cell 109 recovered to col=3 by nearest-column fallback (row=2, x=646.0, dist=175.9)
2026-09-07 00:49:56,102 MatchingPostProcessor WARNING  Orphan pdf_cell 110 recovered to col=3 by nearest-column fallback (row=2, x=657.0, dist=164.9)
2026-09-07 00:49:56,102 MatchingPostProcessor WARNING  Orphan pdf_cell 111 recovered to col=3 by nearest-column fallback (row=2, x=668.0, dist=153.9)
2026-09-07 00:49:56,102 MatchingPostProcessor WARNING  Orphan pdf_cell 112 recovered to col=3 by nearest-column fallback (row=2, x=679.0, dist=142.9)
2026-09-07 00:49:56,102 MatchingPostProcessor WARNING  Orphan pdf_cell 113 recovered to col=3 by nearest-column fallback (row=2, x=690.0, dist=131.9)
2026-09-07 00:49:56,102 MatchingPostProcessor WARNING  Orphan pdf_cell 114 recovered to col=3 by nearest-column fallback (row=2, x=701.0, dist=120.9)
2026-09-07 00:49:56,102 MatchingPostProcessor WARNING  Orphan pdf_cell 115 recovered to col=3 by nearest-column fallback (row=2, x=712.0, dist=109.9)
2026-09-07 00:49:56,102 MatchingPostProcessor WARNING  Orphan pdf_cell 116 recovered to col=3 by nearest-column fallback (row=2, x=723.0, dist=98.9)
2026-09-07 00:49:56,102 MatchingPostProcessor WARNING  Orphan pdf_cell 117 recovered to col=3 by nearest-column fallback (row=2, x=734.0, dist=87.9)
2026-09-07 00:49:56,102 MatchingPostProcessor WARNING  Orphan pdf_cell 118 recovered to col=3 by nearest-column fallback (row=2, x=745.0, dist=76.9)
2026-09-07 00:49:56,102 MatchingPostProcessor WARNING  Orphan pdf_cell 119 recovered to col=3 by nearest-column fallback (row=2, x=756.0, dist=65.9)
2026-09-07 00:49:56,102 MatchingPostProcessor WARNING  Orphan pdf_cell 120 recovered to col=3 by nearest-column fallback (row=2, x=767.0, dist=54.9)
2026-09-07 00:49:56,102 MatchingPostProcessor WARNING  Orphan pdf_cell 121 recovered to col=3 by nearest-column fallback (row=2, x=778.0, dist=43.9)
2026-09-07 00:49:56,102 MatchingPostProcessor WARNING  Orphan pdf_cell 122 recovered to col=3 by nearest-column fallback (row=2, x=789.0, dist=32.9)
2026-09-07 00:49:56,102 MatchingPostProcessor WARNING  Orphan pdf_cell 136 recovered to col=2 by nearest-column fallback (row=3, x=437.0, dist=142.1)
2026-09-07 00:49:56,102 MatchingPostProcessor WARNING  Orphan pdf_cell 137 recovered to col=2 by nearest-column fallback (row=3, x=448.0, dist=153.1)
2026-09-07 00:49:56,102 MatchingPostProcessor WARNING  Orphan pdf_cell 138 recovered to col=2 by nearest-column fallback (row=3, x=459.0, dist=164.1)
2026-09-07 00:49:56,102 MatchingPostProcessor WARNING  Orphan pdf_cell 139 recovered to col=2 by nearest-column fallback (row=3, x=470.0, dist=175.1)
2026-09-07 00:49:56,102 MatchingPostProcessor WARNING  Orphan pdf_cell 140 recovered to col=2 by nearest-column fallback (row=3, x=481.0, dist=186.1)
2026-09-07 00:49:56,102 MatchingPostProcessor WARNING  Orphan pdf_cell 141 recovered to col=2 by nearest-column fallback (row=3, x=492.0, dist=197.1)
2026-09-07 00:49:56,102 MatchingPostProcessor WARNING  Orphan pdf_cell 142 recovered to col=2 by nearest-column fallback (row=3, x=503.0, dist=208.1)
2026-09-07 00:49:56,102 MatchingPostProcessor WARNING  Orphan pdf_cell 143 recovered to col=2 by nearest-column fallback (row=3, x=514.0, dist=219.1)
2026-09-07 00:49:56,102 MatchingPostProcessor WARNING  Orphan pdf_cell 144 recovered to col=2 by nearest-column fallback (row=3, x=525.0, dist=230.1)
2026-09-07 00:49:56,102 MatchingPostProcessor WARNING  Orphan pdf_cell 145 recovered to col=2 by nearest-column fallback (row=3, x=536.0, dist=241.1)
2026-09-07 00:49:56,102 MatchingPostProcessor WARNING  Orphan pdf_cell 146 recovered to col=2 by nearest-column fallback (row=3, x=547.0, dist=252.1)
2026-09-07 00:49:56,102 MatchingPostProcessor WARNING  Orphan pdf_cell 147 recovered to col=2 by nearest-column fallback (row=3, x=558.0, dist=263.1)
2026-09-07 00:49:56,102 MatchingPostProcessor WARNING  Orphan pdf_cell 148 recovered to col=3 by nearest-column fallback (row=3, x=569.0, dist=253.0)
2026-09-07 00:49:56,102 MatchingPostProcessor WARNING  Orphan pdf_cell 149 recovered to col=3 by nearest-column fallback (row=3, x=580.0, dist=242.0)
2026-09-07 00:49:56,102 MatchingPostProcessor WARNING  Orphan pdf_cell 150 recovered to col=3 by nearest-column fallback (row=3, x=591.0, dist=231.0)
2026-09-07 00:49:56,102 MatchingPostProcessor WARNING  Orphan pdf_cell 151 recovered to col=3 by nearest-column fallback (row=3, x=602.0, dist=220.0)
2026-09-07 00:49:56,102 MatchingPostProcessor WARNING  Orphan pdf_cell 152 recovered to col=3 by nearest-column fallback (row=3, x=613.0, dist=209.0)
2026-09-07 00:49:56,102 MatchingPostProcessor WARNING  Orphan pdf_cell 153 recovered to col=3 by nearest-column fallback (row=3, x=624.0, dist=198.0)
2026-09-07 00:49:56,102 MatchingPostProcessor WARNING  Orphan pdf_cell 154 recovered to col=3 by nearest-column fallback (row=3, x=635.0, dist=187.0)
2026-09-07 00:49:56,102 MatchingPostProcessor WARNING  Orphan pdf_cell 155 recovered to col=3 by nearest-column fallback (row=3, x=646.0, dist=176.0)
2026-09-07 00:49:56,102 MatchingPostProcessor WARNING  Orphan pdf_cell 156 recovered to col=3 by nearest-column fallback (row=3, x=657.0, dist=165.0)
2026-09-07 00:49:56,102 MatchingPostProcessor WARNING  Orphan pdf_cell 157 recovered to col=3 by nearest-column fallback (row=3, x=668.0, dist=154.0)
2026-09-07 00:49:56,102 MatchingPostProcessor WARNING  Orphan pdf_cell 158 recovered to col=3 by nearest-column fallback (row=3, x=679.0, dist=143.0)
2026-09-07 00:49:56,102 MatchingPostProcessor WARNING  Orphan pdf_cell 159 recovered to col=3 by nearest-column fallback (row=3, x=690.0, dist=132.0)
2026-09-07 00:49:56,102 MatchingPostProcessor WARNING  Orphan pdf_cell 160 recovered to col=3 by nearest-column fallback (row=3, x=701.0, dist=121.0)
2026-09-07 00:49:56,102 MatchingPostProcessor WARNING  Orphan pdf_cell 161 recovered to col=3 by nearest-column fallback (row=3, x=712.0, dist=110.0)
2026-09-07 00:49:56,102 MatchingPostProcessor WARNING  Orphan pdf_cell 162 recovered to col=3 by nearest-column fallback (row=3, x=723.0, dist=99.0)
2026-09-07 00:49:56,102 MatchingPostProcessor WARNING  Orphan pdf_cell 163 recovered to col=3 by nearest-column fallback (row=3, x=734.0, dist=88.0)
2026-09-07 00:49:56,102 MatchingPostProcessor WARNING  Orphan pdf_cell 164 recovered to col=3 by nearest-column fallback (row=3, x=745.0, dist=77.0)
2026-09-07 00:49:56,102 MatchingPostProcessor WARNING  Orphan pdf_cell 165 recovered to col=3 by nearest-column fallback (row=3, x=756.0, dist=66.0)
2026-09-07 00:49:56,102 MatchingPostProcessor WARNING  Orphan pdf_cell 166 recovered to col=3 by nearest-column fallback (row=3, x=767.0, dist=55.0)
2026-09-07 00:49:56,102 MatchingPostProcessor WARNING  Orphan pdf_cell 167 recovered to col=3 by nearest-column fallback (row=3, x=778.0, dist=44.0)
2026-09-07 00:49:56,102 MatchingPostProcessor WARNING  Orphan pdf_cell 168 recovered to col=3 by nearest-column fallback (row=3, x=789.0, dist=33.0)
2026-09-07 00:49:56,103 MatchingPostProcessor WARNING  Orphan pdf_cell 187 recovered to col=2 by nearest-column fallback (row=4, x=437.0, dist=142.1)
2026-09-07 00:49:56,103 MatchingPostProcessor WARNING  Orphan pdf_cell 188 recovered to col=2 by nearest-column fallback (row=4, x=448.0, dist=153.1)
2026-09-07 00:49:56,103 MatchingPostProcessor WARNING  Orphan pdf_cell 189 recovered to col=2 by nearest-column fallback (row=4, x=459.0, dist=164.1)
2026-09-07 00:49:56,103 MatchingPostProcessor WARNING  Orphan pdf_cell 190 recovered to col=2 by nearest-column fallback (row=4, x=470.0, dist=175.1)
2026-09-07 00:49:56,103 MatchingPostProcessor WARNING  Orphan pdf_cell 191 recovered to col=2 by nearest-column fallback (row=4, x=481.0, dist=186.1)
2026-09-07 00:49:56,103 MatchingPostProcessor WARNING  Orphan pdf_cell 192 recovered to col=2 by nearest-column fallback (row=4, x=492.0, dist=197.1)
2026-09-07 00:49:56,103 MatchingPostProcessor WARNING  Orphan pdf_cell 193 recovered to col=2 by nearest-column fallback (row=4, x=503.0, dist=208.1)
2026-09-07 00:49:56,103 MatchingPostProcessor WARNING  Orphan pdf_cell 194 recovered to col=2 by nearest-column fallback (row=4, x=514.0, dist=219.1)
2026-09-07 00:49:56,103 MatchingPostProcessor WARNING  Orphan pdf_cell 195 recovered to col=2 by nearest-column fallback (row=4, x=525.0, dist=230.1)
2026-09-07 00:49:56,103 MatchingPostProcessor WARNING  Orphan pdf_cell 196 recovered to col=2 by nearest-column fallback (row=4, x=536.0, dist=241.1)
2026-09-07 00:49:56,103 MatchingPostProcessor WARNING  Orphan pdf_cell 197 recovered to col=2 by nearest-column fallback (row=4, x=547.0, dist=252.1)
2026-09-07 00:49:56,103 MatchingPostProcessor WARNING  Orphan pdf_cell 198 recovered to col=2 by nearest-column fallback (row=4, x=558.0, dist=263.1)
2026-09-07 00:49:56,103 MatchingPostProcessor WARNING  Orphan pdf_cell 199 recovered to col=3 by nearest-column fallback (row=4, x=569.0, dist=253.0)
2026-09-07 00:49:56,103 MatchingPostProcessor WARNING  Orphan pdf_cell 200 recovered to col=3 by nearest-column fallback (row=4, x=580.0, dist=242.0)
2026-09-07 00:49:56,103 MatchingPostProcessor WARNING  Orphan pdf_cell 201 recovered to col=3 by nearest-column fallback (row=4, x=591.0, dist=231.0)
2026-09-07 00:49:56,103 MatchingPostProcessor WARNING  Orphan pdf_cell 202 recovered to col=3 by nearest-column fallback (row=4, x=602.0, dist=220.0)
2026-09-07 00:49:56,103 MatchingPostProcessor WARNING  Orphan pdf_cell 203 recovered to col=3 by nearest-column fallback (row=4, x=613.0, dist=209.0)
2026-09-07 00:49:56,103 MatchingPostProcessor WARNING  Orphan pdf_cell 204 recovered to col=3 by nearest-column fallback (row=4, x=624.0, dist=198.0)
2026-09-07 00:49:56,103 MatchingPostProcessor WARNING  Orphan pdf_cell 205 recovered to col=3 by nearest-column fallback (row=4, x=635.0, dist=187.0)
2026-09-07 00:49:56,103 MatchingPostProcessor WARNING  Orphan pdf_cell 206 recovered to col=3 by nearest-column fallback (row=4, x=646.0, dist=176.0)
2026-09-07 00:49:56,103 MatchingPostProcessor WARNING  Orphan pdf_cell 207 recovered to col=3 by nearest-column fallback (row=4, x=657.0, dist=165.0)
2026-09-07 00:49:56,103 MatchingPostProcessor WARNING  Orphan pdf_cell 208 recovered to col=3 by nearest-column fallback (row=4, x=668.0, dist=154.0)
2026-09-07 00:49:56,103 MatchingPostProcessor WARNING  Orphan pdf_cell 209 recovered to col=3 by nearest-column fallback (row=4, x=679.0, dist=143.0)
2026-09-07 00:49:56,103 MatchingPostProcessor WARNING  Orphan pdf_cell 210 recovered to col=3 by nearest-column fallback (row=4, x=690.0, dist=132.0)
2026-09-07 00:49:56,103 MatchingPostProcessor WARNING  Orphan pdf_cell 211 recovered to col=3 by nearest-column fallback (row=4, x=701.0, dist=121.0)
2026-09-07 00:49:56,103 MatchingPostProcessor WARNING  Orphan pdf_cell 212 recovered to col=3 by nearest-column fallback (row=4, x=712.0, dist=110.0)
2026-09-07 00:49:56,103 MatchingPostProcessor WARNING  Orphan pdf_cell 213 recovered to col=3 by nearest-column fallback (row=4, x=723.0, dist=99.0)
2026-09-07 00:49:56,103 MatchingPostProcessor WARNING  Orphan pdf_cell 214 recovered to col=3 by nearest-column fallback (row=4, x=734.0, dist=88.0)
2026-09-07 00:49:56,103 MatchingPostProcessor WARNING  Orphan pdf_cell 215 recovered to col=3 by nearest-column fallback (row=4, x=745.0, dist=77.0)
2026-09-07 00:49:56,103 MatchingPostProcessor WARNING  Orphan pdf_cell 216 recovered to col=3 by nearest-column fallback (row=4, x=756.0, dist=66.0)
2026-09-07 00:49:56,103 MatchingPostProcessor WARNING  Orphan pdf_cell 217 recovered to col=3 by nearest-column fallback (row=4, x=767.0, dist=55.0)
2026-09-07 00:49:56,103 MatchingPostProcessor WARNING  Orphan pdf_cell 218 recovered to col=3 by nearest-column fallback (row=4, x=778.0, dist=44.0)
2026-09-07 00:49:56,103 MatchingPostProcessor WARNING  Orphan pdf_cell 219 recovered to col=3 by nearest-column fallback (row=4, x=789.0, dist=33.0)
2026-09-07 00:49:56,103 MatchingPostProcessor WARNING  Orphan pdf_cell 229 recovered to col=2 by nearest-column fallback (row=5, x=437.0, dist=142.1)
2026-09-07 00:49:56,103 MatchingPostProcessor WARNING  Orphan pdf_cell 230 recovered to col=2 by nearest-column fallback (row=5, x=448.0, dist=153.1)
2026-09-07 00:49:56,103 MatchingPostProcessor WARNING  Orphan pdf_cell 231 recovered to col=2 by nearest-column fallback (row=5, x=459.0, dist=164.1)
2026-09-07 00:49:56,103 MatchingPostProcessor WARNING  Orphan pdf_cell 232 recovered to col=2 by nearest-column fallback (row=5, x=470.0, dist=175.1)
2026-09-07 00:49:56,103 MatchingPostProcessor WARNING  Orphan pdf_cell 233 recovered to col=2 by nearest-column fallback (row=5, x=481.0, dist=186.1)
2026-09-07 00:49:56,103 MatchingPostProcessor WARNING  Orphan pdf_cell 234 recovered to col=2 by nearest-column fallback (row=5, x=492.0, dist=197.1)
2026-09-07 00:49:56,103 MatchingPostProcessor WARNING  Orphan pdf_cell 235 recovered to col=2 by nearest-column fallback (row=5, x=503.0, dist=208.1)
2026-09-07 00:49:56,103 MatchingPostProcessor WARNING  Orphan pdf_cell 236 recovered to col=2 by nearest-column fallback (row=5, x=514.0, dist=219.1)
2026-09-07 00:49:56,103 MatchingPostProcessor WARNING  Orphan pdf_cell 237 recovered to col=2 by nearest-column fallback (row=5, x=525.0, dist=230.1)
2026-09-07 00:49:56,103 MatchingPostProcessor WARNING  Orphan pdf_cell 238 recovered to col=2 by nearest-column fallback (row=5, x=536.0, dist=241.1)
2026-09-07 00:49:56,103 MatchingPostProcessor WARNING  Orphan pdf_cell 239 recovered to col=2 by nearest-column fallback (row=5, x=547.0, dist=252.1)
2026-09-07 00:49:56,103 MatchingPostProcessor WARNING  Orphan pdf_cell 240 recovered to col=2 by nearest-column fallback (row=5, x=558.0, dist=263.1)
2026-09-07 00:49:56,103 MatchingPostProcessor WARNING  Orphan pdf_cell 241 recovered to col=3 by nearest-column fallback (row=5, x=569.0, dist=252.9)
2026-09-07 00:49:56,103 MatchingPostProcessor WARNING  Orphan pdf_cell 242 recovered to col=3 by nearest-column fallback (row=5, x=580.0, dist=241.9)
2026-09-07 00:49:56,103 MatchingPostProcessor WARNING  Orphan pdf_cell 243 recovered to col=3 by nearest-column fallback (row=5, x=591.0, dist=230.9)
2026-09-07 00:49:56,103 MatchingPostProcessor WARNING  Orphan pdf_cell 244 recovered to col=3 by nearest-column fallback (row=5, x=602.0, dist=219.9)
2026-09-07 00:49:56,103 MatchingPostProcessor WARNING  Orphan pdf_cell 245 recovered to col=3 by nearest-column fallback (row=5, x=613.0, dist=208.9)
2026-09-07 00:49:56,103 MatchingPostProcessor WARNING  Orphan pdf_cell 246 recovered to col=3 by nearest-column fallback (row=5, x=624.0, dist=197.9)
2026-09-07 00:49:56,103 MatchingPostProcessor WARNING  Orphan pdf_cell 247 recovered to col=3 by nearest-column fallback (row=5, x=635.0, dist=186.9)
2026-09-07 00:49:56,103 MatchingPostProcessor WARNING  Orphan pdf_cell 248 recovered to col=3 by nearest-column fallback (row=5, x=646.0, dist=175.9)
2026-09-07 00:49:56,103 MatchingPostProcessor WARNING  Orphan pdf_cell 249 recovered to col=3 by nearest-column fallback (row=5, x=657.0, dist=164.9)
2026-09-07 00:49:56,103 MatchingPostProcessor WARNING  Orphan pdf_cell 250 recovered to col=3 by nearest-column fallback (row=5, x=668.0, dist=153.9)
2026-09-07 00:49:56,103 MatchingPostProcessor WARNING  Orphan pdf_cell 251 recovered to col=3 by nearest-column fallback (row=5, x=679.0, dist=142.9)
2026-09-07 00:49:56,103 MatchingPostProcessor WARNING  Orphan pdf_cell 252 recovered to col=3 by nearest-column fallback (row=5, x=690.0, dist=131.9)
2026-09-07 00:49:56,103 MatchingPostProcessor WARNING  Orphan pdf_cell 253 recovered to col=3 by nearest-column fallback (row=5, x=701.0, dist=120.9)
2026-09-07 00:49:56,104 MatchingPostProcessor WARNING  Orphan pdf_cell 254 recovered to col=3 by nearest-column fallback (row=5, x=712.0, dist=109.9)
2026-09-07 00:49:56,104 MatchingPostProcessor WARNING  Orphan pdf_cell 255 recovered to col=3 by nearest-column fallback (row=5, x=723.0, dist=98.9)
2026-09-07 00:49:56,104 MatchingPostProcessor WARNING  Orphan pdf_cell 256 recovered to col=3 by nearest-column fallback (row=5, x=734.0, dist=87.9)
2026-09-07 00:49:56,104 MatchingPostProcessor WARNING  Orphan pdf_cell 257 recovered to col=3 by nearest-column fallback (row=5, x=745.0, dist=76.9)
2026-09-07 00:49:56,104 MatchingPostProcessor WARNING  Orphan pdf_cell 258 recovered to col=3 by nearest-column fallback (row=5, x=756.0, dist=65.9)
2026-09-07 00:49:56,104 MatchingPostProcessor WARNING  Orphan pdf_cell 259 recovered to col=3 by nearest-column fallback (row=5, x=767.0, dist=54.9)
2026-09-07 00:49:56,104 MatchingPostProcessor WARNING  Orphan pdf_cell 260 recovered to col=3 by nearest-column fallback (row=5, x=778.0, dist=43.9)
2026-09-07 00:49:56,104 MatchingPostProcessor WARNING  Orphan pdf_cell 261 recovered to col=3 by nearest-column fallback (row=5, x=789.0, dist=32.9)
2026-09-07 00:49:56,104 MatchingPostProcessor WARNING  Orphan pdf_cell 286 recovered to col=2 by nearest-column fallback (row=6, x=437.0, dist=142.1)
2026-09-07 00:49:56,104 MatchingPostProcessor WARNING  Orphan pdf_cell 287 recovered to col=2 by nearest-column fallback (row=6, x=448.0, dist=153.1)
2026-09-07 00:49:56,104 MatchingPostProcessor WARNING  Orphan pdf_cell 288 recovered to col=2 by nearest-column fallback (row=6, x=459.0, dist=164.1)
2026-09-07 00:49:56,104 MatchingPostProcessor WARNING  Orphan pdf_cell 289 recovered to col=2 by nearest-column fallback (row=6, x=470.0, dist=175.1)
2026-09-07 00:49:56,104 MatchingPostProcessor WARNING  Orphan pdf_cell 290 recovered to col=2 by nearest-column fallback (row=6, x=481.0, dist=186.1)
2026-09-07 00:49:56,104 MatchingPostProcessor WARNING  Orphan pdf_cell 291 recovered to col=2 by nearest-column fallback (row=6, x=492.0, dist=197.1)
2026-09-07 00:49:56,104 MatchingPostProcessor WARNING  Orphan pdf_cell 292 recovered to col=2 by nearest-column fallback (row=6, x=503.0, dist=208.1)
2026-09-07 00:49:56,104 MatchingPostProcessor WARNING  Orphan pdf_cell 293 recovered to col=2 by nearest-column fallback (row=6, x=514.0, dist=219.1)
2026-09-07 00:49:56,104 MatchingPostProcessor WARNING  Orphan pdf_cell 294 recovered to col=2 by nearest-column fallback (row=6, x=525.0, dist=230.1)
2026-09-07 00:49:56,104 MatchingPostProcessor WARNING  Orphan pdf_cell 295 recovered to col=2 by nearest-column fallback (row=6, x=536.0, dist=241.1)
2026-09-07 00:49:56,104 MatchingPostProcessor WARNING  Orphan pdf_cell 296 recovered to col=2 by nearest-column fallback (row=6, x=547.0, dist=252.1)
2026-09-07 00:49:56,104 MatchingPostProcessor WARNING  Orphan pdf_cell 297 recovered to col=2 by nearest-column fallback (row=6, x=558.0, dist=263.1)
2026-09-07 00:49:56,104 MatchingPostProcessor WARNING  Orphan pdf_cell 298 recovered to col=3 by nearest-column fallback (row=6, x=569.0, dist=253.0)
2026-09-07 00:49:56,104 MatchingPostProcessor WARNING  Orphan pdf_cell 299 recovered to col=3 by nearest-column fallback (row=6, x=580.0, dist=242.0)
2026-09-07 00:49:56,104 MatchingPostProcessor WARNING  Orphan pdf_cell 300 recovered to col=3 by nearest-column fallback (row=6, x=591.0, dist=231.0)
2026-09-07 00:49:56,104 MatchingPostProcessor WARNING  Orphan pdf_cell 301 recovered to col=3 by nearest-column fallback (row=6, x=602.0, dist=220.0)
2026-09-07 00:49:56,104 MatchingPostProcessor WARNING  Orphan pdf_cell 302 recovered to col=3 by nearest-column fallback (row=6, x=613.0, dist=209.0)
2026-09-07 00:49:56,104 MatchingPostProcessor WARNING  Orphan pdf_cell 303 recovered to col=3 by nearest-column fallback (row=6, x=624.0, dist=198.0)
2026-09-07 00:49:56,104 MatchingPostProcessor WARNING  Orphan pdf_cell 304 recovered to col=3 by nearest-column fallback (row=6, x=635.0, dist=187.0)
2026-09-07 00:49:56,104 MatchingPostProcessor WARNING  Orphan pdf_cell 305 recovered to col=3 by nearest-column fallback (row=6, x=646.0, dist=176.0)
2026-09-07 00:49:56,104 MatchingPostProcessor WARNING  Orphan pdf_cell 306 recovered to col=3 by nearest-column fallback (row=6, x=657.0, dist=165.0)
2026-09-07 00:49:56,104 MatchingPostProcessor WARNING  Orphan pdf_cell 307 recovered to col=3 by nearest-column fallback (row=6, x=668.0, dist=154.0)
2026-09-07 00:49:56,104 MatchingPostProcessor WARNING  Orphan pdf_cell 308 recovered to col=3 by nearest-column fallback (row=6, x=679.0, dist=143.0)
2026-09-07 00:49:56,104 MatchingPostProcessor WARNING  Orphan pdf_cell 309 recovered to col=3 by nearest-column fallback (row=6, x=690.0, dist=132.0)
2026-09-07 00:49:56,104 MatchingPostProcessor WARNING  Orphan pdf_cell 310 recovered to col=3 by nearest-column fallback (row=6, x=701.0, dist=121.0)
2026-09-07 00:49:56,104 MatchingPostProcessor WARNING  Orphan pdf_cell 311 recovered to col=3 by nearest-column fallback (row=6, x=712.0, dist=110.0)
2026-09-07 00:49:56,104 MatchingPostProcessor WARNING  Orphan pdf_cell 312 recovered to col=3 by nearest-column fallback (row=6, x=723.0, dist=99.0)
2026-09-07 00:49:56,104 MatchingPostProcessor WARNING  Orphan pdf_cell 313 recovered to col=3 by nearest-column fallback (row=6, x=734.0, dist=88.0)
2026-09-07 00:49:56,104 MatchingPostProcessor WARNING  Orphan pdf_cell 314 recovered to col=3 by nearest-column fallback (row=6, x=745.0, dist=77.0)
2026-09-07 00:49:56,104 MatchingPostProcessor WARNING  Orphan pdf_cell 315 recovered to col=3 by nearest-column fallback (row=6, x=756.0, dist=66.0)
2026-09-07 00:49:56,104 MatchingPostProcessor WARNING  Orphan pdf_cell 316 recovered to col=3 by nearest-column fallback (row=6, x=767.0, dist=55.0)
2026-09-07 00:49:56,104 MatchingPostProcessor WARNING  Orphan pdf_cell 317 recovered to col=3 by nearest-column fallback (row=6, x=778.0, dist=44.0)
2026-09-07 00:49:56,104 MatchingPostProcessor WARNING  Orphan pdf_cell 318 recovered to col=3 by nearest-column fallback (row=6, x=789.0, dist=33.0)
2026-09-07 00:49:56,104 MatchingPostProcessor WARNING  Orphan pdf_cell 329 recovered to col=2 by nearest-column fallback (row=7, x=437.0, dist=142.1)
2026-09-07 00:49:56,104 MatchingPostProcessor WARNING  Orphan pdf_cell 330 recovered to col=2 by nearest-column fallback (row=7, x=448.0, dist=153.1)
2026-09-07 00:49:56,104 MatchingPostProcessor WARNING  Orphan pdf_cell 331 recovered to col=2 by nearest-column fallback (row=7, x=459.0, dist=164.1)
2026-09-07 00:49:56,104 MatchingPostProcessor WARNING  Orphan pdf_cell 332 recovered to col=2 by nearest-column fallback (row=7, x=470.0, dist=175.1)
2026-09-07 00:49:56,104 MatchingPostProcessor WARNING  Orphan pdf_cell 333 recovered to col=2 by nearest-column fallback (row=7, x=481.0, dist=186.1)
2026-09-07 00:49:56,104 MatchingPostProcessor WARNING  Orphan pdf_cell 334 recovered to col=2 by nearest-column fallback (row=7, x=492.0, dist=197.1)
2026-09-07 00:49:56,104 MatchingPostProcessor WARNING  Orphan pdf_cell 335 recovered to col=2 by nearest-column fallback (row=7, x=503.0, dist=208.1)
2026-09-07 00:49:56,104 MatchingPostProcessor WARNING  Orphan pdf_cell 336 recovered to col=2 by nearest-column fallback (row=7, x=514.0, dist=219.1)
2026-09-07 00:49:56,104 MatchingPostProcessor WARNING  Orphan pdf_cell 337 recovered to col=2 by nearest-column fallback (row=7, x=525.0, dist=230.1)
2026-09-07 00:49:56,104 MatchingPostProcessor WARNING  Orphan pdf_cell 338 recovered to col=2 by nearest-column fallback (row=7, x=536.0, dist=241.1)
2026-09-07 00:49:56,104 MatchingPostProcessor WARNING  Orphan pdf_cell 339 recovered to col=2 by nearest-column fallback (row=7, x=547.0, dist=252.1)
2026-09-07 00:49:56,104 MatchingPostProcessor WARNING  Orphan pdf_cell 340 recovered to col=2 by nearest-column fallback (row=7, x=558.0, dist=263.1)
2026-09-07 00:49:56,104 MatchingPostProcessor WARNING  Orphan pdf_cell 341 recovered to col=3 by nearest-column fallback (row=7, x=569.0, dist=252.9)
2026-09-07 00:49:56,104 MatchingPostProcessor WARNING  Orphan pdf_cell 342 recovered to col=3 by nearest-column fallback (row=7, x=580.0, dist=241.9)
2026-09-07 00:49:56,104 MatchingPostProcessor WARNING  Orphan pdf_cell 343 recovered to col=3 by nearest-column fallback (row=7, x=591.0, dist=230.9)
2026-09-07 00:49:56,104 MatchingPostProcessor WARNING  Orphan pdf_cell 344 recovered to col=3 by nearest-column fallback (row=7, x=602.0, dist=219.9)
2026-09-07 00:49:56,104 MatchingPostProcessor WARNING  Orphan pdf_cell 345 recovered to col=3 by nearest-column fallback (row=7, x=613.0, dist=208.9)
2026-09-07 00:49:56,105 MatchingPostProcessor WARNING  Orphan pdf_cell 346 recovered to col=3 by nearest-column fallback (row=7, x=624.0, dist=197.9)
2026-09-07 00:49:56,105 MatchingPostProcessor WARNING  Orphan pdf_cell 347 recovered to col=3 by nearest-column fallback (row=7, x=635.0, dist=186.9)
2026-09-07 00:49:56,105 MatchingPostProcessor WARNING  Orphan pdf_cell 348 recovered to col=3 by nearest-column fallback (row=7, x=646.0, dist=175.9)
2026-09-07 00:49:56,105 MatchingPostProcessor WARNING  Orphan pdf_cell 349 recovered to col=3 by nearest-column fallback (row=7, x=657.0, dist=164.9)
2026-09-07 00:49:56,105 MatchingPostProcessor WARNING  Orphan pdf_cell 350 recovered to col=3 by nearest-column fallback (row=7, x=668.0, dist=153.9)
2026-09-07 00:49:56,105 MatchingPostProcessor WARNING  Orphan pdf_cell 351 recovered to col=3 by nearest-column fallback (row=7, x=679.0, dist=142.9)
2026-09-07 00:49:56,105 MatchingPostProcessor WARNING  Orphan pdf_cell 352 recovered to col=3 by nearest-column fallback (row=7, x=690.0, dist=131.9)
2026-09-07 00:49:56,105 MatchingPostProcessor WARNING  Orphan pdf_cell 353 recovered to col=3 by nearest-column fallback (row=7, x=701.0, dist=120.9)
2026-09-07 00:49:56,105 MatchingPostProcessor WARNING  Orphan pdf_cell 354 recovered to col=3 by nearest-column fallback (row=7, x=712.0, dist=109.9)
2026-09-07 00:49:56,105 MatchingPostProcessor WARNING  Orphan pdf_cell 355 recovered to col=3 by nearest-column fallback (row=7, x=723.0, dist=98.9)
2026-09-07 00:49:56,105 MatchingPostProcessor WARNING  Orphan pdf_cell 356 recovered to col=3 by nearest-column fallback (row=7, x=734.0, dist=87.9)
2026-09-07 00:49:56,105 MatchingPostProcessor WARNING  Orphan pdf_cell 357 recovered to col=3 by nearest-column fallback (row=7, x=745.0, dist=76.9)
2026-09-07 00:49:56,105 MatchingPostProcessor WARNING  Orphan pdf_cell 358 recovered to col=3 by nearest-column fallback (row=7, x=756.0, dist=65.9)
2026-09-07 00:49:56,105 MatchingPostProcessor WARNING  Orphan pdf_cell 359 recovered to col=3 by nearest-column fallback (row=7, x=767.0, dist=54.9)
2026-09-07 00:49:56,105 MatchingPostProcessor WARNING  Orphan pdf_cell 360 recovered to col=3 by nearest-column fallback (row=7, x=778.0, dist=43.9)
2026-09-07 00:49:56,105 MatchingPostProcessor WARNING  Orphan pdf_cell 361 recovered to col=3 by nearest-column fallback (row=7, x=789.0, dist=32.9)
2026-09-07 00:49:56,105 MatchingPostProcessor WARNING  Orphan pdf_cell 377 recovered to col=2 by nearest-column fallback (row=8, x=437.0, dist=142.1)
2026-09-07 00:49:56,105 MatchingPostProcessor WARNING  Orphan pdf_cell 378 recovered to col=2 by nearest-column fallback (row=8, x=448.0, dist=153.1)
2026-09-07 00:49:56,105 MatchingPostProcessor WARNING  Orphan pdf_cell 379 recovered to col=2 by nearest-column fallback (row=8, x=459.0, dist=164.1)
2026-09-07 00:49:56,105 MatchingPostProcessor WARNING  Orphan pdf_cell 380 recovered to col=2 by nearest-column fallback (row=8, x=470.0, dist=175.1)
2026-09-07 00:49:56,105 MatchingPostProcessor WARNING  Orphan pdf_cell 381 recovered to col=2 by nearest-column fallback (row=8, x=481.0, dist=186.1)
2026-09-07 00:49:56,105 MatchingPostProcessor WARNING  Orphan pdf_cell 382 recovered to col=2 by nearest-column fallback (row=8, x=492.0, dist=197.1)
2026-09-07 00:49:56,105 MatchingPostProcessor WARNING  Orphan pdf_cell 383 recovered to col=2 by nearest-column fallback (row=8, x=503.0, dist=208.1)
2026-09-07 00:49:56,105 MatchingPostProcessor WARNING  Orphan pdf_cell 384 recovered to col=2 by nearest-column fallback (row=8, x=514.0, dist=219.1)
2026-09-07 00:49:56,105 MatchingPostProcessor WARNING  Orphan pdf_cell 385 recovered to col=2 by nearest-column fallback (row=8, x=525.0, dist=230.1)
2026-09-07 00:49:56,105 MatchingPostProcessor WARNING  Orphan pdf_cell 386 recovered to col=2 by nearest-column fallback (row=8, x=536.0, dist=241.1)
2026-09-07 00:49:56,105 MatchingPostProcessor WARNING  Orphan pdf_cell 387 recovered to col=2 by nearest-column fallback (row=8, x=547.0, dist=252.1)
2026-09-07 00:49:56,105 MatchingPostProcessor WARNING  Orphan pdf_cell 388 recovered to col=2 by nearest-column fallback (row=8, x=558.0, dist=263.1)
2026-09-07 00:49:56,105 MatchingPostProcessor WARNING  Orphan pdf_cell 389 recovered to col=3 by nearest-column fallback (row=8, x=569.0, dist=253.0)
2026-09-07 00:49:56,105 MatchingPostProcessor WARNING  Orphan pdf_cell 390 recovered to col=3 by nearest-column fallback (row=8, x=580.0, dist=242.0)
2026-09-07 00:49:56,105 MatchingPostProcessor WARNING  Orphan pdf_cell 391 recovered to col=3 by nearest-column fallback (row=8, x=591.0, dist=231.0)
2026-09-07 00:49:56,105 MatchingPostProcessor WARNING  Orphan pdf_cell 392 recovered to col=3 by nearest-column fallback (row=8, x=602.0, dist=220.0)
2026-09-07 00:49:56,105 MatchingPostProcessor WARNING  Orphan pdf_cell 393 recovered to col=3 by nearest-column fallback (row=8, x=613.0, dist=209.0)
2026-09-07 00:49:56,105 MatchingPostProcessor WARNING  Orphan pdf_cell 394 recovered to col=3 by nearest-column fallback (row=8, x=624.0, dist=198.0)
2026-09-07 00:49:56,105 MatchingPostProcessor WARNING  Orphan pdf_cell 395 recovered to col=3 by nearest-column fallback (row=8, x=635.0, dist=187.0)
2026-09-07 00:49:56,105 MatchingPostProcessor WARNING  Orphan pdf_cell 396 recovered to col=3 by nearest-column fallback (row=8, x=646.0, dist=176.0)
2026-09-07 00:49:56,105 MatchingPostProcessor WARNING  Orphan pdf_cell 397 recovered to col=3 by nearest-column fallback (row=8, x=657.0, dist=165.0)
2026-09-07 00:49:56,105 MatchingPostProcessor WARNING  Orphan pdf_cell 398 recovered to col=3 by nearest-column fallback (row=8, x=668.0, dist=154.0)
2026-09-07 00:49:56,105 MatchingPostProcessor WARNING  Orphan pdf_cell 399 recovered to col=3 by nearest-column fallback (row=8, x=679.0, dist=143.0)
2026-09-07 00:49:56,105 MatchingPostProcessor WARNING  Orphan pdf_cell 400 recovered to col=3 by nearest-column fallback (row=8, x=690.0, dist=132.0)
2026-09-07 00:49:56,105 MatchingPostProcessor WARNING  Orphan pdf_cell 401 recovered to col=3 by nearest-column fallback (row=8, x=701.0, dist=121.0)
2026-09-07 00:49:56,105 MatchingPostProcessor WARNING  Orphan pdf_cell 402 recovered to col=3 by nearest-column fallback (row=8, x=712.0, dist=110.0)
2026-09-07 00:49:56,105 MatchingPostProcessor WARNING  Orphan pdf_cell 403 recovered to col=3 by nearest-column fallback (row=8, x=723.0, dist=99.0)
2026-09-07 00:49:56,105 MatchingPostProcessor WARNING  Orphan pdf_cell 404 recovered to col=3 by nearest-column fallback (row=8, x=734.0, dist=88.0)
2026-09-07 00:49:56,105 MatchingPostProcessor WARNING  Orphan pdf_cell 405 recovered to col=3 by nearest-column fallback (row=8, x=745.0, dist=77.0)
2026-09-07 00:49:56,105 MatchingPostProcessor WARNING  Orphan pdf_cell 406 recovered to col=3 by nearest-column fallback (row=8, x=756.0, dist=66.0)
2026-09-07 00:49:56,105 MatchingPostProcessor WARNING  Orphan pdf_cell 407 recovered to col=3 by nearest-column fallback (row=8, x=767.0, dist=55.0)
2026-09-07 00:49:56,105 MatchingPostProcessor WARNING  Orphan pdf_cell 408 recovered to col=3 by nearest-column fallback (row=8, x=778.0, dist=44.0)
2026-09-07 00:49:56,105 MatchingPostProcessor WARNING  Orphan pdf_cell 409 recovered to col=3 by nearest-column fallback (row=8, x=789.0, dist=33.0)
2026-09-07 00:49:56,105 MatchingPostProcessor WARNING  Orphan pdf_cell 429 recovered to col=2 by nearest-column fallback (row=9, x=437.0, dist=142.1)
2026-09-07 00:49:56,105 MatchingPostProcessor WARNING  Orphan pdf_cell 430 recovered to col=2 by nearest-column fallback (row=9, x=448.0, dist=153.1)
2026-09-07 00:49:56,105 MatchingPostProcessor WARNING  Orphan pdf_cell 431 recovered to col=2 by nearest-column fallback (row=9, x=459.0, dist=164.1)
2026-09-07 00:49:56,105 MatchingPostProcessor WARNING  Orphan pdf_cell 432 recovered to col=2 by nearest-column fallback (row=9, x=470.0, dist=175.1)
2026-09-07 00:49:56,105 MatchingPostProcessor WARNING  Orphan pdf_cell 433 recovered to col=2 by nearest-column fallback (row=9, x=481.0, dist=186.1)
2026-09-07 00:49:56,105 MatchingPostProcessor WARNING  Orphan pdf_cell 434 recovered to col=2 by nearest-column fallback (row=9, x=492.0, dist=197.1)
2026-09-07 00:49:56,105 MatchingPostProcessor WARNING  Orphan pdf_cell 435 recovered to col=2 by nearest-column fallback (row=9, x=503.0, dist=208.1)
2026-09-07 00:49:56,105 MatchingPostProcessor WARNING  Orphan pdf_cell 436 recovered to col=2 by nearest-column fallback (row=9, x=514.0, dist=219.1)
2026-09-07 00:49:56,106 MatchingPostProcessor WARNING  Orphan pdf_cell 437 recovered to col=2 by nearest-column fallback (row=9, x=525.0, dist=230.1)
2026-09-07 00:49:56,106 MatchingPostProcessor WARNING  Orphan pdf_cell 438 recovered to col=2 by nearest-column fallback (row=9, x=536.0, dist=241.1)
2026-09-07 00:49:56,106 MatchingPostProcessor WARNING  Orphan pdf_cell 439 recovered to col=2 by nearest-column fallback (row=9, x=547.0, dist=252.1)
2026-09-07 00:49:56,106 MatchingPostProcessor WARNING  Orphan pdf_cell 440 recovered to col=2 by nearest-column fallback (row=9, x=558.0, dist=263.1)
2026-09-07 00:49:56,106 MatchingPostProcessor WARNING  Orphan pdf_cell 441 recovered to col=3 by nearest-column fallback (row=9, x=569.0, dist=253.0)
2026-09-07 00:49:56,106 MatchingPostProcessor WARNING  Orphan pdf_cell 442 recovered to col=3 by nearest-column fallback (row=9, x=580.0, dist=242.0)
2026-09-07 00:49:56,106 MatchingPostProcessor WARNING  Orphan pdf_cell 443 recovered to col=3 by nearest-column fallback (row=9, x=591.0, dist=231.0)
2026-09-07 00:49:56,106 MatchingPostProcessor WARNING  Orphan pdf_cell 444 recovered to col=3 by nearest-column fallback (row=9, x=602.0, dist=220.0)
2026-09-07 00:49:56,106 MatchingPostProcessor WARNING  Orphan pdf_cell 445 recovered to col=3 by nearest-column fallback (row=9, x=613.0, dist=209.0)
2026-09-07 00:49:56,106 MatchingPostProcessor WARNING  Orphan pdf_cell 446 recovered to col=3 by nearest-column fallback (row=9, x=624.0, dist=198.0)
2026-09-07 00:49:56,106 MatchingPostProcessor WARNING  Orphan pdf_cell 447 recovered to col=3 by nearest-column fallback (row=9, x=635.0, dist=187.0)
2026-09-07 00:49:56,106 MatchingPostProcessor WARNING  Orphan pdf_cell 448 recovered to col=3 by nearest-column fallback (row=9, x=646.0, dist=176.0)
2026-09-07 00:49:56,106 MatchingPostProcessor WARNING  Orphan pdf_cell 449 recovered to col=3 by nearest-column fallback (row=9, x=657.0, dist=165.0)
2026-09-07 00:49:56,106 MatchingPostProcessor WARNING  Orphan pdf_cell 450 recovered to col=3 by nearest-column fallback (row=9, x=668.0, dist=154.0)
2026-09-07 00:49:56,106 MatchingPostProcessor WARNING  Orphan pdf_cell 451 recovered to col=3 by nearest-column fallback (row=9, x=679.0, dist=143.0)
2026-09-07 00:49:56,106 MatchingPostProcessor WARNING  Orphan pdf_cell 452 recovered to col=3 by nearest-column fallback (row=9, x=690.0, dist=132.0)
2026-09-07 00:49:56,106 MatchingPostProcessor WARNING  Orphan pdf_cell 453 recovered to col=3 by nearest-column fallback (row=9, x=701.0, dist=121.0)
2026-09-07 00:49:56,106 MatchingPostProcessor WARNING  Orphan pdf_cell 454 recovered to col=3 by nearest-column fallback (row=9, x=712.0, dist=110.0)
2026-09-07 00:49:56,106 MatchingPostProcessor WARNING  Orphan pdf_cell 455 recovered to col=3 by nearest-column fallback (row=9, x=723.0, dist=99.0)
2026-09-07 00:49:56,106 MatchingPostProcessor WARNING  Orphan pdf_cell 456 recovered to col=3 by nearest-column fallback (row=9, x=734.0, dist=88.0)
2026-09-07 00:49:56,106 MatchingPostProcessor WARNING  Orphan pdf_cell 457 recovered to col=3 by nearest-column fallback (row=9, x=745.0, dist=77.0)
2026-09-07 00:49:56,106 MatchingPostProcessor WARNING  Orphan pdf_cell 458 recovered to col=3 by nearest-column fallback (row=9, x=756.0, dist=66.0)
2026-09-07 00:49:56,106 MatchingPostProcessor WARNING  Orphan pdf_cell 459 recovered to col=3 by nearest-column fallback (row=9, x=767.0, dist=55.0)
2026-09-07 00:49:56,106 MatchingPostProcessor WARNING  Orphan pdf_cell 460 recovered to col=3 by nearest-column fallback (row=9, x=778.0, dist=44.0)
2026-09-07 00:49:56,106 MatchingPostProcessor WARNING  Orphan pdf_cell 461 recovered to col=3 by nearest-column fallback (row=9, x=789.0, dist=33.0)
2026-09-07 00:49:56,106 MatchingPostProcessor WARNING  Orphan pdf_cell 464 recovered to row=9 by nearest-row fallback (col=0, y=478.8, dist=64.3)
2026-09-07 00:49:56,106 MatchingPostProcessor WARNING  Orphan pdf_cell 467 recovered to row=9 by nearest-row fallback (col=2, y=478.8, dist=64.3)
2026-09-07 00:49:56,106 MatchingPostProcessor WARNING  Orphan pdf_cell 468 recovered to row=9 by nearest-row fallback (col=2, y=478.8, dist=64.3)
2026-09-07 00:49:56,106 MatchingPostProcessor WARNING  Orphan pdf_cell 469 recovered to row=9 by nearest-row fallback (col=2, y=478.8, dist=64.3)
2026-09-07 00:49:56,106 MatchingPostProcessor WARNING  Orphan pdf_cell 470 recovered to row=9 by nearest-row fallback (col=2, y=478.8, dist=64.3)
2026-09-07 00:49:56,106 MatchingPostProcessor WARNING  Orphan pdf_cell 471 recovered to row=9 by nearest-row fallback (col=2, y=478.8, dist=64.3)
2026-09-07 00:49:56,106 MatchingPostProcessor WARNING  Orphan pdf_cell 472 recovered to row=9 by nearest-row fallback (col=2, y=478.8, dist=64.3)
2026-09-07 00:49:56,106 MatchingPostProcessor WARNING  Orphan pdf_cell 473 recovered to row=9 by nearest-row fallback (col=2, y=478.8, dist=64.3)
2026-09-07 00:49:56,106 MatchingPostProcessor WARNING  Orphan pdf_cell 474 recovered to row=9 by nearest-row fallback (col=2, y=478.8, dist=64.3)
2026-09-07 00:49:56,106 MatchingPostProcessor WARNING  Orphan pdf_cell 475 recovered to row=9 by nearest-row fallback (col=2, y=478.8, dist=64.3)
2026-09-07 00:49:56,106 MatchingPostProcessor WARNING  Orphan pdf_cell 476 recovered to row=9 by nearest-row fallback (col=2, y=478.8, dist=64.3)
2026-09-07 00:49:56,106 MatchingPostProcessor WARNING  Orphan pdf_cell 477 recovered to row=9 by nearest-row fallback (col=2, y=478.8, dist=64.3)
2026-09-07 00:49:56,106 MatchingPostProcessor WARNING  Orphan pdf_cell 478 recovered to row=9 by nearest-row fallback (col=2, y=478.8, dist=64.3)
2026-09-07 00:49:56,106 MatchingPostProcessor WARNING  Orphan pdf_cell 479 recovered to row=9 by nearest-row fallback (col=2, y=478.8, dist=64.3)
2026-09-07 00:49:56,106 MatchingPostProcessor WARNING  Orphan pdf_cell 480 recovered to row=9 by nearest-row fallback (col=2, y=478.8, dist=64.3)
2026-09-07 00:49:56,106 MatchingPostProcessor WARNING  Orphan pdf_cell 481 recovered to row=9 by nearest-row fallback (col=2, y=478.8, dist=64.3)
2026-09-07 00:49:56,106 MatchingPostProcessor WARNING  Orphan pdf_cell 482 recovered to row=9 by nearest-row fallback (col=2, y=478.8, dist=64.3)
2026-09-07 00:49:56,106 MatchingPostProcessor WARNING  Orphan pdf_cell 483 recovered to row=9 by nearest-row fallback (col=2, y=478.8, dist=64.3)
2026-09-07 00:49:56,106 MatchingPostProcessor WARNING  Orphan pdf_cell 484 recovered to row=9 by nearest-row fallback (col=2, y=478.8, dist=64.3)
2026-09-07 00:49:56,106 MatchingPostProcessor WARNING  Orphan pdf_cell 485 recovered to row=9 by nearest-row fallback (col=2, y=478.8, dist=64.3)
2026-09-07 00:49:56,106 MatchingPostProcessor WARNING  Orphan pdf_cell 486 recovered to row=9 by nearest-row fallback (col=2, y=478.8, dist=64.3)
2026-09-07 00:49:56,106 MatchingPostProcessor WARNING  Orphan pdf_cell 487 recovered to row=9 by nearest-row fallback (col=2, y=478.8, dist=64.3)
2026-09-07 00:49:56,106 MatchingPostProcessor WARNING  Orphan pdf_cell 488 recovered to row=9 by nearest-row fallback (col=2, y=478.8, dist=64.3)
2026-09-07 00:49:56,106 MatchingPostProcessor WARNING  Orphan pdf_cell 489 recovered to row=9 by nearest-row fallback (col=2, y=478.8, dist=64.3)
2026-09-07 00:49:56,106 MatchingPostProcessor WARNING  Orphan pdf_cell 490 recovered to row=9 by nearest-row fallback (col=2, y=478.8, dist=64.3)
2026-09-07 00:49:56,106 MatchingPostProcessor WARNING  Orphan pdf_cell 491 recovered to row=9 by nearest-row fallback (col=2, y=478.8, dist=64.3)
2026-09-07 00:49:56,106 MatchingPostProcessor WARNING  Orphan pdf_cell 525 recovered to row=9 by nearest-row fallback (col=3, y=478.8, dist=64.3)
2026-09-07 00:49:56,106 MatchingPostProcessor WARNING  Orphan pdf_cell 526 recovered to row=9 by nearest-row fallback (col=3, y=478.8, dist=64.3)
2026-09-07 00:49:56,106 MatchingPostProcessor WARNING  35 of 527 pdf cells matched neither a row nor a column band of the 10x4 grid and were dropped from the table
2026-09-07 00:49:57,424 MatchingPostProcessor WARNING  Orphan pdf_cell 49 recovered to col=3 by nearest-column fallback (row=0, x=766.9, dist=53.2)
2026-09-07 00:49:57,424 MatchingPostProcessor WARNING  Orphan pdf_cell 50 recovered to col=3 by nearest-column fallback (row=0, x=777.9, dist=42.2)
2026-09-07 00:49:57,424 MatchingPostProcessor WARNING  Orphan pdf_cell 51 recovered to col=3 by nearest-column fallback (row=0, x=788.9, dist=31.2)
2026-09-07 00:49:57,425 MatchingPostProcessor WARNING  Orphan pdf_cell 86 recovered to col=3 by nearest-column fallback (row=1, x=767.0, dist=53.1)
2026-09-07 00:49:57,425 MatchingPostProcessor WARNING  Orphan pdf_cell 87 recovered to col=3 by nearest-column fallback (row=1, x=778.0, dist=42.1)
2026-09-07 00:49:57,425 MatchingPostProcessor WARNING  Orphan pdf_cell 88 recovered to col=3 by nearest-column fallback (row=1, x=789.0, dist=31.1)
2026-09-07 00:49:57,425 MatchingPostProcessor WARNING  Orphan pdf_cell 123 recovered to col=3 by nearest-column fallback (row=2, x=767.0, dist=53.1)
2026-09-07 00:49:57,425 MatchingPostProcessor WARNING  Orphan pdf_cell 124 recovered to col=3 by nearest-column fallback (row=2, x=778.0, dist=42.1)
2026-09-07 00:49:57,425 MatchingPostProcessor WARNING  Orphan pdf_cell 125 recovered to col=3 by nearest-column fallback (row=2, x=789.0, dist=31.1)
2026-09-07 00:49:57,425 MatchingPostProcessor WARNING  Orphan pdf_cell 183 recovered to col=3 by nearest-column fallback (row=3, x=766.9, dist=53.2)
2026-09-07 00:49:57,426 MatchingPostProcessor WARNING  Orphan pdf_cell 184 recovered to col=3 by nearest-column fallback (row=3, x=777.9, dist=42.2)
2026-09-07 00:49:57,426 MatchingPostProcessor WARNING  Orphan pdf_cell 185 recovered to col=3 by nearest-column fallback (row=3, x=788.9, dist=31.2)
2026-09-07 00:49:57,426 MatchingPostProcessor WARNING  Orphan pdf_cell 227 recovered to col=3 by nearest-column fallback (row=4, x=766.9, dist=53.1)
2026-09-07 00:49:57,426 MatchingPostProcessor WARNING  Orphan pdf_cell 228 recovered to col=3 by nearest-column fallback (row=4, x=777.9, dist=42.1)
2026-09-07 00:49:57,426 MatchingPostProcessor WARNING  Orphan pdf_cell 229 recovered to col=3 by nearest-column fallback (row=4, x=788.9, dist=31.1)
2026-09-07 00:49:57,426 MatchingPostProcessor WARNING  Orphan pdf_cell 276 recovered to col=3 by nearest-column fallback (row=5, x=766.9, dist=53.1)
2026-09-07 00:49:57,426 MatchingPostProcessor WARNING  Orphan pdf_cell 277 recovered to col=3 by nearest-column fallback (row=5, x=777.9, dist=42.1)
2026-09-07 00:49:57,427 MatchingPostProcessor WARNING  Orphan pdf_cell 278 recovered to col=3 by nearest-column fallback (row=5, x=788.9, dist=31.1)
2026-09-07 00:49:57,427 MatchingPostProcessor WARNING  Orphan pdf_cell 313 recovered to col=3 by nearest-column fallback (row=6, x=766.9, dist=53.2)
2026-09-07 00:49:57,427 MatchingPostProcessor WARNING  Orphan pdf_cell 314 recovered to col=3 by nearest-column fallback (row=6, x=777.9, dist=42.2)
2026-09-07 00:49:57,427 MatchingPostProcessor WARNING  Orphan pdf_cell 315 recovered to col=3 by nearest-column fallback (row=6, x=788.9, dist=31.2)
2026-09-07 00:49:57,427 MatchingPostProcessor WARNING  Orphan pdf_cell 361 recovered to col=3 by nearest-column fallback (row=7, x=766.9, dist=53.1)
2026-09-07 00:49:57,427 MatchingPostProcessor WARNING  Orphan pdf_cell 362 recovered to col=3 by nearest-column fallback (row=7, x=777.9, dist=42.1)
2026-09-07 00:49:57,427 MatchingPostProcessor WARNING  Orphan pdf_cell 363 recovered to col=3 by nearest-column fallback (row=7, x=788.9, dist=31.1)
2026-09-07 00:49:57,428 MatchingPostProcessor WARNING  Orphan pdf_cell 392 recovered to col=3 by nearest-column fallback (row=8, x=767.0, dist=53.1)
2026-09-07 00:49:57,428 MatchingPostProcessor WARNING  Orphan pdf_cell 393 recovered to col=3 by nearest-column fallback (row=8, x=778.0, dist=42.1)
2026-09-07 00:49:57,428 MatchingPostProcessor WARNING  Orphan pdf_cell 394 recovered to col=3 by nearest-column fallback (row=8, x=789.0, dist=31.1)
2026-09-07 00:49:57,428 MatchingPostProcessor WARNING  Orphan pdf_cell 453 recovered to col=3 by nearest-column fallback (row=9, x=766.9, dist=53.2)
2026-09-07 00:49:57,428 MatchingPostProcessor WARNING  Orphan pdf_cell 454 recovered to col=3 by nearest-column fallback (row=9, x=777.9, dist=42.2)
2026-09-07 00:49:57,428 MatchingPostProcessor WARNING  Orphan pdf_cell 455 recovered to col=3 by nearest-column fallback (row=9, x=788.9, dist=31.2)
2026-09-07 00:49:57,429 MatchingPostProcessor WARNING  Orphan pdf_cell 512 recovered to col=3 by nearest-column fallback (row=10, x=766.9, dist=53.2)
2026-09-07 00:49:57,429 MatchingPostProcessor WARNING  Orphan pdf_cell 513 recovered to col=3 by nearest-column fallback (row=10, x=777.9, dist=42.2)
2026-09-07 00:49:57,429 MatchingPostProcessor WARNING  Orphan pdf_cell 514 recovered to col=3 by nearest-column fallback (row=10, x=788.9, dist=31.2)
2026-09-07 00:49:57,430 MatchingPostProcessor WARNING  Orphan pdf_cell 562 recovered to col=3 by nearest-column fallback (row=11, x=766.9, dist=53.2)
2026-09-07 00:49:57,430 MatchingPostProcessor WARNING  Orphan pdf_cell 563 recovered to col=3 by nearest-column fallback (row=11, x=777.9, dist=42.2)
2026-09-07 00:49:57,430 MatchingPostProcessor WARNING  Orphan pdf_cell 564 recovered to col=3 by nearest-column fallback (row=11, x=788.9, dist=31.2)
2026-09-07 00:49:57,430 MatchingPostProcessor WARNING  Orphan pdf_cell 594 recovered to col=3 by nearest-column fallback (row=12, x=767.0, dist=53.1)
2026-09-07 00:49:57,430 MatchingPostProcessor WARNING  Orphan pdf_cell 595 recovered to col=3 by nearest-column fallback (row=12, x=778.0, dist=42.1)
2026-09-07 00:49:57,430 MatchingPostProcessor WARNING  Orphan pdf_cell 596 recovered to col=3 by nearest-column fallback (row=12, x=789.0, dist=31.1)
2026-09-07 00:49:57,431 MatchingPostProcessor WARNING  Orphan pdf_cell 631 recovered to col=3 by nearest-column fallback (row=13, x=766.9, dist=53.1)
2026-09-07 00:49:57,431 MatchingPostProcessor WARNING  Orphan pdf_cell 632 recovered to col=3 by nearest-column fallback (row=13, x=777.9, dist=42.1)
2026-09-07 00:49:57,431 MatchingPostProcessor WARNING  Orphan pdf_cell 633 recovered to col=3 by nearest-column fallback (row=13, x=788.9, dist=31.1)
2026-09-07 00:49:57,431 MatchingPostProcessor WARNING  Orphan pdf_cell 684 recovered to col=3 by nearest-column fallback (row=14, x=766.9, dist=53.2)
2026-09-07 00:49:57,432 MatchingPostProcessor WARNING  Orphan pdf_cell 685 recovered to col=3 by nearest-column fallback (row=14, x=777.9, dist=42.2)
2026-09-07 00:49:57,432 MatchingPostProcessor WARNING  Orphan pdf_cell 686 recovered to col=3 by nearest-column fallback (row=14, x=788.9, dist=31.2)
2026-09-07 00:49:57,432 MatchingPostProcessor WARNING  Orphan pdf_cell 726 recovered to col=3 by nearest-column fallback (row=15, x=766.9, dist=53.2)
2026-09-07 00:49:57,432 MatchingPostProcessor WARNING  Orphan pdf_cell 727 recovered to col=3 by nearest-column fallback (row=15, x=777.9, dist=42.2)
2026-09-07 00:49:57,432 MatchingPostProcessor WARNING  Orphan pdf_cell 728 recovered to col=3 by nearest-column fallback (row=15, x=788.9, dist=31.2)
2026-09-07 00:49:57,433 MatchingPostProcessor WARNING  Orphan pdf_cell 769 recovered to col=3 by nearest-column fallback (row=16, x=766.9, dist=53.2)
2026-09-07 00:49:57,433 MatchingPostProcessor WARNING  Orphan pdf_cell 770 recovered to col=3 by nearest-column fallback (row=16, x=777.9, dist=42.2)
2026-09-07 00:49:57,433 MatchingPostProcessor WARNING  Orphan pdf_cell 771 recovered to col=3 by nearest-column fallback (row=16, x=788.9, dist=31.2)
2026-09-07 00:49:57,433 MatchingPostProcessor WARNING  Orphan pdf_cell 785 recovered to col=3 by nearest-column fallback (row=17, x=777.3, dist=42.8)
2026-09-07 00:49:57,433 MatchingPostProcessor WARNING  Orphan pdf_cell 786 recovered to col=3 by nearest-column fallback (row=17, x=788.3, dist=31.8)
2026-09-07 00:49:57,434 MatchingPostProcessor WARNING  Orphan pdf_cell 840 recovered to col=3 by nearest-column fallback (row=18, x=766.9, dist=53.2)
2026-09-07 00:49:57,434 MatchingPostProcessor WARNING  Orphan pdf_cell 841 recovered to col=3 by nearest-column fallback (row=18, x=777.9, dist=42.2)
2026-09-07 00:49:57,434 MatchingPostProcessor WARNING  Orphan pdf_cell 842 recovered to col=3 by nearest-column fallback (row=18, x=788.9, dist=31.2)
2026-09-07 00:49:57,434 MatchingPostProcessor WARNING  Orphan pdf_cell 880 recovered to col=3 by nearest-column fallback (row=19, x=767.0, dist=53.1)
2026-09-07 00:49:57,434 MatchingPostProcessor WARNING  Orphan pdf_cell 881 recovered to col=3 by nearest-column fallback (row=19, x=778.0, dist=42.1)
2026-09-07 00:49:57,434 MatchingPostProcessor WARNING  Orphan pdf_cell 882 recovered to col=3 by nearest-column fallback (row=19, x=789.0, dist=31.1)
2026-09-07 00:49:57,435 MatchingPostProcessor WARNING  Orphan pdf_cell 919 recovered to col=3 by nearest-column fallback (row=20, x=766.9, dist=53.1)
2026-09-07 00:49:57,435 MatchingPostProcessor WARNING  Orphan pdf_cell 920 recovered to col=3 by nearest-column fallback (row=20, x=777.9, dist=42.1)
2026-09-07 00:49:57,435 MatchingPostProcessor WARNING  Orphan pdf_cell 921 recovered to col=3 by nearest-column fallback (row=20, x=788.9, dist=31.1)
2026-09-07 00:49:57,435 MatchingPostProcessor WARNING  Orphan pdf_cell 977 recovered to col=3 by nearest-column fallback (row=21, x=766.9, dist=53.2)
2026-09-07 00:49:57,435 MatchingPostProcessor WARNING  Orphan pdf_cell 978 recovered to col=3 by nearest-column fallback (row=21, x=777.9, dist=42.2)
2026-09-07 00:49:57,435 MatchingPostProcessor WARNING  Orphan pdf_cell 979 recovered to col=3 by nearest-column fallback (row=21, x=788.9, dist=31.2)
2026-09-07 00:49:57,436 MatchingPostProcessor WARNING  Orphan pdf_cell 1011 recovered to col=3 by nearest-column fallback (row=22, x=767.0, dist=53.1)
2026-09-07 00:49:57,436 MatchingPostProcessor WARNING  Orphan pdf_cell 1012 recovered to col=3 by nearest-column fallback (row=22, x=778.0, dist=42.1)
2026-09-07 00:49:57,436 MatchingPostProcessor WARNING  Orphan pdf_cell 1013 recovered to col=3 by nearest-column fallback (row=22, x=789.0, dist=31.1)
2026-09-07 00:49:57,436 MatchingPostProcessor WARNING  Orphan pdf_cell 1064 recovered to col=3 by nearest-column fallback (row=23, x=766.9, dist=53.2)
2026-09-07 00:49:57,436 MatchingPostProcessor WARNING  Orphan pdf_cell 1065 recovered to col=3 by nearest-column fallback (row=23, x=777.9, dist=42.2)
2026-09-07 00:49:57,437 MatchingPostProcessor WARNING  Orphan pdf_cell 1066 recovered to col=3 by nearest-column fallback (row=23, x=788.9, dist=31.2)
2026-09-07 00:49:57,437 MatchingPostProcessor WARNING  Orphan pdf_cell 1113 recovered to col=3 by nearest-column fallback (row=24, x=766.9, dist=53.2)
2026-09-07 00:49:57,437 MatchingPostProcessor WARNING  Orphan pdf_cell 1114 recovered to col=3 by nearest-column fallback (row=24, x=777.9, dist=42.2)
2026-09-07 00:49:57,437 MatchingPostProcessor WARNING  Orphan pdf_cell 1115 recovered to col=3 by nearest-column fallback (row=24, x=788.9, dist=31.2)
2026-09-07 00:49:57,438 MatchingPostProcessor WARNING  Orphan pdf_cell 1143 recovered to col=3 by nearest-column fallback (row=25, x=764.0, dist=56.1)
2026-09-07 00:49:57,438 MatchingPostProcessor WARNING  Orphan pdf_cell 1144 recovered to col=3 by nearest-column fallback (row=25, x=775.4, dist=44.6)
2026-09-07 00:49:57,438 MatchingPostProcessor WARNING  Orphan pdf_cell 1145 recovered to col=3 by nearest-column fallback (row=25, x=786.9, dist=33.2)
2026-09-07 00:49:57,438 MatchingPostProcessor WARNING  Orphan pdf_cell 1198 recovered to col=3 by nearest-column fallback (row=26, x=766.9, dist=53.2)
2026-09-07 00:49:57,438 MatchingPostProcessor WARNING  Orphan pdf_cell 1199 recovered to col=3 by nearest-column fallback (row=26, x=777.9, dist=42.2)
2026-09-07 00:49:57,438 MatchingPostProcessor WARNING  Orphan pdf_cell 1200 recovered to col=3 by nearest-column fallback (row=26, x=788.9, dist=31.2)
2026-09-07 00:49:57,439 MatchingPostProcessor WARNING  Orphan pdf_cell 1241 recovered to col=3 by nearest-column fallback (row=27, x=766.9, dist=53.1)
2026-09-07 00:49:57,439 MatchingPostProcessor WARNING  Orphan pdf_cell 1242 recovered to col=3 by nearest-column fallback (row=27, x=777.9, dist=42.1)
2026-09-07 00:49:57,439 MatchingPostProcessor WARNING  Orphan pdf_cell 1243 recovered to col=3 by nearest-column fallback (row=27, x=788.9, dist=31.1)
2026-09-07 00:49:57,440 MatchingPostProcessor WARNING  Orphan pdf_cell 1299 recovered to col=3 by nearest-column fallback (row=28, x=766.9, dist=53.2)
2026-09-07 00:49:57,440 MatchingPostProcessor WARNING  Orphan pdf_cell 1300 recovered to col=3 by nearest-column fallback (row=28, x=777.9, dist=42.2)
2026-09-07 00:49:57,440 MatchingPostProcessor WARNING  Orphan pdf_cell 1301 recovered to col=3 by nearest-column fallback (row=28, x=788.9, dist=31.2)
2026-09-07 00:49:57,441 MatchingPostProcessor WARNING  Orphan pdf_cell 1357 recovered to col=3 by nearest-column fallback (row=29, x=766.9, dist=53.2)
2026-09-07 00:49:57,441 MatchingPostProcessor WARNING  Orphan pdf_cell 1358 recovered to col=3 by nearest-column fallback (row=29, x=777.9, dist=42.2)
2026-09-07 00:49:57,441 MatchingPostProcessor WARNING  Orphan pdf_cell 1359 recovered to col=3 by nearest-column fallback (row=29, x=788.9, dist=31.2)
2026-09-07 00:49:57,442 MatchingPostProcessor WARNING  Orphan pdf_cell 1416 recovered to col=3 by nearest-column fallback (row=30, x=766.9, dist=53.2)
2026-09-07 00:49:57,442 MatchingPostProcessor WARNING  Orphan pdf_cell 1417 recovered to col=3 by nearest-column fallback (row=30, x=777.9, dist=42.2)
2026-09-07 00:49:57,442 MatchingPostProcessor WARNING  Orphan pdf_cell 1418 recovered to col=3 by nearest-column fallback (row=30, x=788.9, dist=31.2)
2026-09-07 00:49:57,443 MatchingPostProcessor WARNING  Orphan pdf_cell 1475 recovered to col=3 by nearest-column fallback (row=31, x=766.9, dist=53.2)
2026-09-07 00:49:57,443 MatchingPostProcessor WARNING  Orphan pdf_cell 1476 recovered to col=3 by nearest-column fallback (row=31, x=777.9, dist=42.2)
2026-09-07 00:49:57,443 MatchingPostProcessor WARNING  Orphan pdf_cell 1477 recovered to col=3 by nearest-column fallback (row=31, x=788.9, dist=31.2)
2026-09-07 00:49:59,370 MatchingPostProcessor WARNING  Orphan pdf_cell 23 recovered to col=1 by nearest-column fallback (row=0, x=591.0, dist=228.6)
2026-09-07 00:49:59,370 MatchingPostProcessor WARNING  Orphan pdf_cell 24 recovered to col=1 by nearest-column fallback (row=0, x=602.0, dist=217.6)
2026-09-07 00:49:59,370 MatchingPostProcessor WARNING  Orphan pdf_cell 25 recovered to col=1 by nearest-column fallback (row=0, x=613.0, dist=206.6)
2026-09-07 00:49:59,370 MatchingPostProcessor WARNING  Orphan pdf_cell 26 recovered to col=1 by nearest-column fallback (row=0, x=624.0, dist=195.6)
2026-09-07 00:49:59,370 MatchingPostProcessor WARNING  Orphan pdf_cell 27 recovered to col=1 by nearest-column fallback (row=0, x=635.0, dist=184.6)
2026-09-07 00:49:59,370 MatchingPostProcessor WARNING  Orphan pdf_cell 28 recovered to col=1 by nearest-column fallback (row=0, x=646.0, dist=173.6)
2026-09-07 00:49:59,370 MatchingPostProcessor WARNING  Orphan pdf_cell 29 recovered to col=1 by nearest-column fallback (row=0, x=657.0, dist=162.6)
2026-09-07 00:49:59,370 MatchingPostProcessor WARNING  Orphan pdf_cell 30 recovered to col=1 by nearest-column fallback (row=0, x=668.0, dist=151.6)
2026-09-07 00:49:59,370 MatchingPostProcessor WARNING  Orphan pdf_cell 31 recovered to col=1 by nearest-column fallback (row=0, x=679.0, dist=140.6)
2026-09-07 00:49:59,370 MatchingPostProcessor WARNING  Orphan pdf_cell 32 recovered to col=1 by nearest-column fallback (row=0, x=690.0, dist=129.6)
2026-09-07 00:49:59,370 MatchingPostProcessor WARNING  Orphan pdf_cell 33 recovered to col=1 by nearest-column fallback (row=0, x=701.0, dist=118.6)
2026-09-07 00:49:59,370 MatchingPostProcessor WARNING  Orphan pdf_cell 34 recovered to col=1 by nearest-column fallback (row=0, x=712.0, dist=107.6)
2026-09-07 00:49:59,370 MatchingPostProcessor WARNING  Orphan pdf_cell 35 recovered to col=1 by nearest-column fallback (row=0, x=723.0, dist=96.6)
2026-09-07 00:49:59,370 MatchingPostProcessor WARNING  Orphan pdf_cell 36 recovered to col=1 by nearest-column fallback (row=0, x=734.0, dist=85.6)
2026-09-07 00:49:59,371 MatchingPostProcessor WARNING  Orphan pdf_cell 37 recovered to col=1 by nearest-column fallback (row=0, x=745.0, dist=74.6)
2026-09-07 00:49:59,371 MatchingPostProcessor WARNING  Orphan pdf_cell 38 recovered to col=1 by nearest-column fallback (row=0, x=756.0, dist=63.6)
2026-09-07 00:49:59,371 MatchingPostProcessor WARNING  Orphan pdf_cell 39 recovered to col=1 by nearest-column fallback (row=0, x=767.0, dist=52.6)
2026-09-07 00:49:59,371 MatchingPostProcessor WARNING  Orphan pdf_cell 40 recovered to col=1 by nearest-column fallback (row=0, x=778.0, dist=41.6)
2026-09-07 00:49:59,371 MatchingPostProcessor WARNING  Orphan pdf_cell 41 recovered to col=1 by nearest-column fallback (row=0, x=789.0, dist=30.6)
2026-09-07 00:49:59,371 MatchingPostProcessor WARNING  Orphan pdf_cell 68 recovered to col=1 by nearest-column fallback (row=1, x=590.9, dist=228.7)
2026-09-07 00:49:59,371 MatchingPostProcessor WARNING  Orphan pdf_cell 69 recovered to col=1 by nearest-column fallback (row=1, x=601.9, dist=217.7)
2026-09-07 00:49:59,371 MatchingPostProcessor WARNING  Orphan pdf_cell 70 recovered to col=1 by nearest-column fallback (row=1, x=612.9, dist=206.7)
2026-09-07 00:49:59,371 MatchingPostProcessor WARNING  Orphan pdf_cell 71 recovered to col=1 by nearest-column fallback (row=1, x=623.9, dist=195.7)
2026-09-07 00:49:59,371 MatchingPostProcessor WARNING  Orphan pdf_cell 72 recovered to col=1 by nearest-column fallback (row=1, x=634.9, dist=184.7)
2026-09-07 00:49:59,371 MatchingPostProcessor WARNING  Orphan pdf_cell 73 recovered to col=1 by nearest-column fallback (row=1, x=645.9, dist=173.7)
2026-09-07 00:49:59,371 MatchingPostProcessor WARNING  Orphan pdf_cell 74 recovered to col=1 by nearest-column fallback (row=1, x=656.9, dist=162.7)
2026-09-07 00:49:59,371 MatchingPostProcessor WARNING  Orphan pdf_cell 75 recovered to col=1 by nearest-column fallback (row=1, x=667.9, dist=151.7)
2026-09-07 00:49:59,371 MatchingPostProcessor WARNING  Orphan pdf_cell 76 recovered to col=1 by nearest-column fallback (row=1, x=678.9, dist=140.7)
2026-09-07 00:49:59,371 MatchingPostProcessor WARNING  Orphan pdf_cell 77 recovered to col=1 by nearest-column fallback (row=1, x=689.9, dist=129.7)
2026-09-07 00:49:59,371 MatchingPostProcessor WARNING  Orphan pdf_cell 78 recovered to col=1 by nearest-column fallback (row=1, x=700.9, dist=118.7)
2026-09-07 00:49:59,371 MatchingPostProcessor WARNING  Orphan pdf_cell 79 recovered to col=1 by nearest-column fallback (row=1, x=711.9, dist=107.7)
2026-09-07 00:49:59,371 MatchingPostProcessor WARNING  Orphan pdf_cell 80 recovered to col=1 by nearest-column fallback (row=1, x=722.9, dist=96.7)
2026-09-07 00:49:59,371 MatchingPostProcessor WARNING  Orphan pdf_cell 81 recovered to col=1 by nearest-column fallback (row=1, x=733.9, dist=85.7)
2026-09-07 00:49:59,371 MatchingPostProcessor WARNING  Orphan pdf_cell 82 recovered to col=1 by nearest-column fallback (row=1, x=744.9, dist=74.7)
2026-09-07 00:49:59,371 MatchingPostProcessor WARNING  Orphan pdf_cell 83 recovered to col=1 by nearest-column fallback (row=1, x=755.9, dist=63.7)
2026-09-07 00:49:59,371 MatchingPostProcessor WARNING  Orphan pdf_cell 84 recovered to col=1 by nearest-column fallback (row=1, x=766.9, dist=52.7)
2026-09-07 00:49:59,371 MatchingPostProcessor WARNING  Orphan pdf_cell 85 recovered to col=1 by nearest-column fallback (row=1, x=777.9, dist=41.7)
2026-09-07 00:49:59,371 MatchingPostProcessor WARNING  Orphan pdf_cell 86 recovered to col=1 by nearest-column fallback (row=1, x=788.9, dist=30.7)
2026-09-07 00:49:59,371 MatchingPostProcessor WARNING  Orphan pdf_cell 106 recovered to col=1 by nearest-column fallback (row=2, x=591.0, dist=228.6)
2026-09-07 00:49:59,371 MatchingPostProcessor WARNING  Orphan pdf_cell 107 recovered to col=1 by nearest-column fallback (row=2, x=602.0, dist=217.6)
2026-09-07 00:49:59,371 MatchingPostProcessor WARNING  Orphan pdf_cell 108 recovered to col=1 by nearest-column fallback (row=2, x=613.0, dist=206.6)
2026-09-07 00:49:59,371 MatchingPostProcessor WARNING  Orphan pdf_cell 109 recovered to col=1 by nearest-column fallback (row=2, x=624.0, dist=195.6)
2026-09-07 00:49:59,371 MatchingPostProcessor WARNING  Orphan pdf_cell 110 recovered to col=1 by nearest-column fallback (row=2, x=635.0, dist=184.6)
2026-09-07 00:49:59,371 MatchingPostProcessor WARNING  Orphan pdf_cell 111 recovered to col=1 by nearest-column fallback (row=2, x=646.0, dist=173.6)
2026-09-07 00:49:59,372 MatchingPostProcessor WARNING  Orphan pdf_cell 112 recovered to col=1 by nearest-column fallback (row=2, x=657.0, dist=162.6)
2026-09-07 00:49:59,372 MatchingPostProcessor WARNING  Orphan pdf_cell 113 recovered to col=1 by nearest-column fallback (row=2, x=668.0, dist=151.6)
2026-09-07 00:49:59,372 MatchingPostProcessor WARNING  Orphan pdf_cell 114 recovered to col=1 by nearest-column fallback (row=2, x=679.0, dist=140.6)
2026-09-07 00:49:59,372 MatchingPostProcessor WARNING  Orphan pdf_cell 115 recovered to col=1 by nearest-column fallback (row=2, x=690.0, dist=129.6)
2026-09-07 00:49:59,372 MatchingPostProcessor WARNING  Orphan pdf_cell 116 recovered to col=1 by nearest-column fallback (row=2, x=701.0, dist=118.6)
2026-09-07 00:49:59,372 MatchingPostProcessor WARNING  Orphan pdf_cell 117 recovered to col=1 by nearest-column fallback (row=2, x=712.0, dist=107.6)
2026-09-07 00:49:59,372 MatchingPostProcessor WARNING  Orphan pdf_cell 118 recovered to col=1 by nearest-column fallback (row=2, x=723.0, dist=96.6)
2026-09-07 00:49:59,372 MatchingPostProcessor WARNING  Orphan pdf_cell 119 recovered to col=1 by nearest-column fallback (row=2, x=734.0, dist=85.6)
2026-09-07 00:49:59,372 MatchingPostProcessor WARNING  Orphan pdf_cell 120 recovered to col=1 by nearest-column fallback (row=2, x=745.0, dist=74.6)
2026-09-07 00:49:59,372 MatchingPostProcessor WARNING  Orphan pdf_cell 121 recovered to col=1 by nearest-column fallback (row=2, x=756.0, dist=63.6)
2026-09-07 00:49:59,372 MatchingPostProcessor WARNING  Orphan pdf_cell 122 recovered to col=1 by nearest-column fallback (row=2, x=767.0, dist=52.6)
2026-09-07 00:49:59,372 MatchingPostProcessor WARNING  Orphan pdf_cell 123 recovered to col=1 by nearest-column fallback (row=2, x=778.0, dist=41.6)
2026-09-07 00:49:59,372 MatchingPostProcessor WARNING  Orphan pdf_cell 124 recovered to col=1 by nearest-column fallback (row=2, x=789.0, dist=30.6)
2026-09-07 00:49:59,372 MatchingPostProcessor WARNING  Orphan pdf_cell 164 recovered to col=1 by nearest-column fallback (row=3, x=590.9, dist=228.7)
2026-09-07 00:49:59,372 MatchingPostProcessor WARNING  Orphan pdf_cell 165 recovered to col=1 by nearest-column fallback (row=3, x=601.9, dist=217.7)
2026-09-07 00:49:59,372 MatchingPostProcessor WARNING  Orphan pdf_cell 166 recovered to col=1 by nearest-column fallback (row=3, x=612.9, dist=206.7)
2026-09-07 00:49:59,372 MatchingPostProcessor WARNING  Orphan pdf_cell 167 recovered to col=1 by nearest-column fallback (row=3, x=623.9, dist=195.7)
2026-09-07 00:49:59,372 MatchingPostProcessor WARNING  Orphan pdf_cell 168 recovered to col=1 by nearest-column fallback (row=3, x=634.9, dist=184.7)
2026-09-07 00:49:59,372 MatchingPostProcessor WARNING  Orphan pdf_cell 169 recovered to col=1 by nearest-column fallback (row=3, x=645.9, dist=173.7)
2026-09-07 00:49:59,372 MatchingPostProcessor WARNING  Orphan pdf_cell 170 recovered to col=1 by nearest-column fallback (row=3, x=656.9, dist=162.7)
2026-09-07 00:49:59,372 MatchingPostProcessor WARNING  Orphan pdf_cell 171 recovered to col=1 by nearest-column fallback (row=3, x=667.9, dist=151.7)
2026-09-07 00:49:59,372 MatchingPostProcessor WARNING  Orphan pdf_cell 172 recovered to col=1 by nearest-column fallback (row=3, x=678.9, dist=140.7)
2026-09-07 00:49:59,372 MatchingPostProcessor WARNING  Orphan pdf_cell 173 recovered to col=1 by nearest-column fallback (row=3, x=689.9, dist=129.7)
2026-09-07 00:49:59,372 MatchingPostProcessor WARNING  Orphan pdf_cell 174 recovered to col=1 by nearest-column fallback (row=3, x=700.9, dist=118.7)
2026-09-07 00:49:59,372 MatchingPostProcessor WARNING  Orphan pdf_cell 175 recovered to col=1 by nearest-column fallback (row=3, x=711.9, dist=107.7)
2026-09-07 00:49:59,372 MatchingPostProcessor WARNING  Orphan pdf_cell 176 recovered to col=1 by nearest-column fallback (row=3, x=722.9, dist=96.7)
2026-09-07 00:49:59,373 MatchingPostProcessor WARNING  Orphan pdf_cell 177 recovered to col=1 by nearest-column fallback (row=3, x=733.9, dist=85.7)
2026-09-07 00:49:59,373 MatchingPostProcessor WARNING  Orphan pdf_cell 178 recovered to col=1 by nearest-column fallback (row=3, x=744.9, dist=74.7)
2026-09-07 00:49:59,373 MatchingPostProcessor WARNING  Orphan pdf_cell 179 recovered to col=1 by nearest-column fallback (row=3, x=755.9, dist=63.7)
2026-09-07 00:49:59,373 MatchingPostProcessor WARNING  Orphan pdf_cell 180 recovered to col=1 by nearest-column fallback (row=3, x=766.9, dist=52.7)
2026-09-07 00:49:59,373 MatchingPostProcessor WARNING  Orphan pdf_cell 181 recovered to col=1 by nearest-column fallback (row=3, x=777.9, dist=41.7)
2026-09-07 00:49:59,373 MatchingPostProcessor WARNING  Orphan pdf_cell 182 recovered to col=1 by nearest-column fallback (row=3, x=788.9, dist=30.7)
2026-09-07 00:49:59,373 MatchingPostProcessor WARNING  Orphan pdf_cell 202 recovered to col=1 by nearest-column fallback (row=4, x=591.0, dist=228.6)
2026-09-07 00:49:59,373 MatchingPostProcessor WARNING  Orphan pdf_cell 203 recovered to col=1 by nearest-column fallback (row=4, x=602.0, dist=217.6)
2026-09-07 00:49:59,373 MatchingPostProcessor WARNING  Orphan pdf_cell 204 recovered to col=1 by nearest-column fallback (row=4, x=613.0, dist=206.6)
2026-09-07 00:49:59,373 MatchingPostProcessor WARNING  Orphan pdf_cell 205 recovered to col=1 by nearest-column fallback (row=4, x=624.0, dist=195.6)
2026-09-07 00:49:59,373 MatchingPostProcessor WARNING  Orphan pdf_cell 206 recovered to col=1 by nearest-column fallback (row=4, x=635.0, dist=184.6)
2026-09-07 00:49:59,373 MatchingPostProcessor WARNING  Orphan pdf_cell 207 recovered to col=1 by nearest-column fallback (row=4, x=646.0, dist=173.6)
2026-09-07 00:49:59,373 MatchingPostProcessor WARNING  Orphan pdf_cell 208 recovered to col=1 by nearest-column fallback (row=4, x=657.0, dist=162.6)
2026-09-07 00:49:59,373 MatchingPostProcessor WARNING  Orphan pdf_cell 209 recovered to col=1 by nearest-column fallback (row=4, x=668.0, dist=151.6)
2026-09-07 00:49:59,373 MatchingPostProcessor WARNING  Orphan pdf_cell 210 recovered to col=1 by nearest-column fallback (row=4, x=679.0, dist=140.6)
2026-09-07 00:49:59,373 MatchingPostProcessor WARNING  Orphan pdf_cell 211 recovered to col=1 by nearest-column fallback (row=4, x=690.0, dist=129.6)
2026-09-07 00:49:59,373 MatchingPostProcessor WARNING  Orphan pdf_cell 212 recovered to col=1 by nearest-column fallback (row=4, x=701.0, dist=118.6)
2026-09-07 00:49:59,373 MatchingPostProcessor WARNING  Orphan pdf_cell 213 recovered to col=1 by nearest-column fallback (row=4, x=712.0, dist=107.6)
2026-09-07 00:49:59,373 MatchingPostProcessor WARNING  Orphan pdf_cell 214 recovered to col=1 by nearest-column fallback (row=4, x=723.0, dist=96.6)
2026-09-07 00:49:59,373 MatchingPostProcessor WARNING  Orphan pdf_cell 215 recovered to col=1 by nearest-column fallback (row=4, x=734.0, dist=85.6)
2026-09-07 00:49:59,373 MatchingPostProcessor WARNING  Orphan pdf_cell 216 recovered to col=1 by nearest-column fallback (row=4, x=745.0, dist=74.6)
2026-09-07 00:49:59,373 MatchingPostProcessor WARNING  Orphan pdf_cell 217 recovered to col=1 by nearest-column fallback (row=4, x=756.0, dist=63.6)
2026-09-07 00:49:59,373 MatchingPostProcessor WARNING  Orphan pdf_cell 218 recovered to col=1 by nearest-column fallback (row=4, x=767.0, dist=52.6)
2026-09-07 00:49:59,373 MatchingPostProcessor WARNING  Orphan pdf_cell 219 recovered to col=1 by nearest-column fallback (row=4, x=778.0, dist=41.6)
2026-09-07 00:49:59,373 MatchingPostProcessor WARNING  Orphan pdf_cell 220 recovered to col=1 by nearest-column fallback (row=4, x=789.0, dist=30.6)
2026-09-07 00:49:59,373 MatchingPostProcessor WARNING  Orphan pdf_cell 241 recovered to col=1 by nearest-column fallback (row=5, x=591.0, dist=228.6)
2026-09-07 00:49:59,373 MatchingPostProcessor WARNING  Orphan pdf_cell 242 recovered to col=1 by nearest-column fallback (row=5, x=602.0, dist=217.6)
2026-09-07 00:49:59,373 MatchingPostProcessor WARNING  Orphan pdf_cell 243 recovered to col=1 by nearest-column fallback (row=5, x=613.0, dist=206.6)
2026-09-07 00:49:59,373 MatchingPostProcessor WARNING  Orphan pdf_cell 244 recovered to col=1 by nearest-column fallback (row=5, x=624.0, dist=195.6)
2026-09-07 00:49:59,373 MatchingPostProcessor WARNING  Orphan pdf_cell 245 recovered to col=1 by nearest-column fallback (row=5, x=635.0, dist=184.6)
2026-09-07 00:49:59,373 MatchingPostProcessor WARNING  Orphan pdf_cell 246 recovered to col=1 by nearest-column fallback (row=5, x=646.0, dist=173.6)
2026-09-07 00:49:59,374 MatchingPostProcessor WARNING  Orphan pdf_cell 247 recovered to col=1 by nearest-column fallback (row=5, x=657.0, dist=162.6)
2026-09-07 00:49:59,374 MatchingPostProcessor WARNING  Orphan pdf_cell 248 recovered to col=1 by nearest-column fallback (row=5, x=668.0, dist=151.6)
2026-09-07 00:49:59,374 MatchingPostProcessor WARNING  Orphan pdf_cell 249 recovered to col=1 by nearest-column fallback (row=5, x=679.0, dist=140.6)
2026-09-07 00:49:59,374 MatchingPostProcessor WARNING  Orphan pdf_cell 250 recovered to col=1 by nearest-column fallback (row=5, x=690.0, dist=129.6)
2026-09-07 00:49:59,374 MatchingPostProcessor WARNING  Orphan pdf_cell 251 recovered to col=1 by nearest-column fallback (row=5, x=701.0, dist=118.6)
2026-09-07 00:49:59,374 MatchingPostProcessor WARNING  Orphan pdf_cell 252 recovered to col=1 by nearest-column fallback (row=5, x=712.0, dist=107.6)
2026-09-07 00:49:59,374 MatchingPostProcessor WARNING  Orphan pdf_cell 253 recovered to col=1 by nearest-column fallback (row=5, x=723.0, dist=96.6)
2026-09-07 00:49:59,374 MatchingPostProcessor WARNING  Orphan pdf_cell 254 recovered to col=1 by nearest-column fallback (row=5, x=734.0, dist=85.6)
2026-09-07 00:49:59,374 MatchingPostProcessor WARNING  Orphan pdf_cell 255 recovered to col=1 by nearest-column fallback (row=5, x=745.0, dist=74.6)
2026-09-07 00:49:59,374 MatchingPostProcessor WARNING  Orphan pdf_cell 256 recovered to col=1 by nearest-column fallback (row=5, x=756.0, dist=63.6)
2026-09-07 00:49:59,374 MatchingPostProcessor WARNING  Orphan pdf_cell 257 recovered to col=1 by nearest-column fallback (row=5, x=767.0, dist=52.6)
2026-09-07 00:49:59,374 MatchingPostProcessor WARNING  Orphan pdf_cell 258 recovered to col=1 by nearest-column fallback (row=5, x=778.0, dist=41.6)
2026-09-07 00:49:59,374 MatchingPostProcessor WARNING  Orphan pdf_cell 259 recovered to col=1 by nearest-column fallback (row=5, x=789.0, dist=30.6)
2026-09-07 00:49:59,374 MatchingPostProcessor WARNING  Orphan pdf_cell 285 recovered to col=1 by nearest-column fallback (row=6, x=590.9, dist=228.7)
2026-09-07 00:49:59,374 MatchingPostProcessor WARNING  Orphan pdf_cell 286 recovered to col=1 by nearest-column fallback (row=6, x=601.9, dist=217.7)
2026-09-07 00:49:59,374 MatchingPostProcessor WARNING  Orphan pdf_cell 287 recovered to col=1 by nearest-column fallback (row=6, x=612.9, dist=206.7)
2026-09-07 00:49:59,374 MatchingPostProcessor WARNING  Orphan pdf_cell 288 recovered to col=1 by nearest-column fallback (row=6, x=623.9, dist=195.7)
2026-09-07 00:49:59,374 MatchingPostProcessor WARNING  Orphan pdf_cell 289 recovered to col=1 by nearest-column fallback (row=6, x=634.9, dist=184.7)
2026-09-07 00:49:59,374 MatchingPostProcessor WARNING  Orphan pdf_cell 290 recovered to col=1 by nearest-column fallback (row=6, x=645.9, dist=173.7)
2026-09-07 00:49:59,374 MatchingPostProcessor WARNING  Orphan pdf_cell 291 recovered to col=1 by nearest-column fallback (row=6, x=656.9, dist=162.7)
2026-09-07 00:49:59,374 MatchingPostProcessor WARNING  Orphan pdf_cell 292 recovered to col=1 by nearest-column fallback (row=6, x=667.9, dist=151.7)
2026-09-07 00:49:59,374 MatchingPostProcessor WARNING  Orphan pdf_cell 293 recovered to col=1 by nearest-column fallback (row=6, x=678.9, dist=140.7)
2026-09-07 00:49:59,374 MatchingPostProcessor WARNING  Orphan pdf_cell 294 recovered to col=1 by nearest-column fallback (row=6, x=689.9, dist=129.7)
2026-09-07 00:49:59,374 MatchingPostProcessor WARNING  Orphan pdf_cell 295 recovered to col=1 by nearest-column fallback (row=6, x=700.9, dist=118.7)
2026-09-07 00:49:59,374 MatchingPostProcessor WARNING  Orphan pdf_cell 296 recovered to col=1 by nearest-column fallback (row=6, x=711.9, dist=107.7)
2026-09-07 00:49:59,374 MatchingPostProcessor WARNING  Orphan pdf_cell 297 recovered to col=1 by nearest-column fallback (row=6, x=722.9, dist=96.7)
2026-09-07 00:49:59,374 MatchingPostProcessor WARNING  Orphan pdf_cell 298 recovered to col=1 by nearest-column fallback (row=6, x=733.9, dist=85.7)
2026-09-07 00:49:59,374 MatchingPostProcessor WARNING  Orphan pdf_cell 299 recovered to col=1 by nearest-column fallback (row=6, x=744.9, dist=74.7)
2026-09-07 00:49:59,374 MatchingPostProcessor WARNING  Orphan pdf_cell 300 recovered to col=1 by nearest-column fallback (row=6, x=755.9, dist=63.7)
2026-09-07 00:49:59,374 MatchingPostProcessor WARNING  Orphan pdf_cell 301 recovered to col=1 by nearest-column fallback (row=6, x=766.9, dist=52.7)
2026-09-07 00:49:59,374 MatchingPostProcessor WARNING  Orphan pdf_cell 302 recovered to col=1 by nearest-column fallback (row=6, x=777.9, dist=41.7)
2026-09-07 00:49:59,374 MatchingPostProcessor WARNING  Orphan pdf_cell 303 recovered to col=1 by nearest-column fallback (row=6, x=788.9, dist=30.7)
2026-09-07 00:49:59,375 MatchingPostProcessor WARNING  Orphan pdf_cell 334 recovered to col=1 by nearest-column fallback (row=7, x=590.9, dist=228.7)
2026-09-07 00:49:59,375 MatchingPostProcessor WARNING  Orphan pdf_cell 335 recovered to col=1 by nearest-column fallback (row=7, x=601.9, dist=217.7)
2026-09-07 00:49:59,375 MatchingPostProcessor WARNING  Orphan pdf_cell 336 recovered to col=1 by nearest-column fallback (row=7, x=612.9, dist=206.7)
2026-09-07 00:49:59,375 MatchingPostProcessor WARNING  Orphan pdf_cell 337 recovered to col=1 by nearest-column fallback (row=7, x=623.9, dist=195.7)
2026-09-07 00:49:59,375 MatchingPostProcessor WARNING  Orphan pdf_cell 338 recovered to col=1 by nearest-column fallback (row=7, x=634.9, dist=184.7)
2026-09-07 00:49:59,375 MatchingPostProcessor WARNING  Orphan pdf_cell 339 recovered to col=1 by nearest-column fallback (row=7, x=645.9, dist=173.7)
2026-09-07 00:49:59,375 MatchingPostProcessor WARNING  Orphan pdf_cell 340 recovered to col=1 by nearest-column fallback (row=7, x=656.9, dist=162.7)
2026-09-07 00:49:59,375 MatchingPostProcessor WARNING  Orphan pdf_cell 341 recovered to col=1 by nearest-column fallback (row=7, x=667.9, dist=151.7)
2026-09-07 00:49:59,375 MatchingPostProcessor WARNING  Orphan pdf_cell 342 recovered to col=1 by nearest-column fallback (row=7, x=678.9, dist=140.7)
2026-09-07 00:49:59,375 MatchingPostProcessor WARNING  Orphan pdf_cell 343 recovered to col=1 by nearest-column fallback (row=7, x=689.9, dist=129.7)
2026-09-07 00:49:59,375 MatchingPostProcessor WARNING  Orphan pdf_cell 344 recovered to col=1 by nearest-column fallback (row=7, x=700.9, dist=118.7)
2026-09-07 00:49:59,375 MatchingPostProcessor WARNING  Orphan pdf_cell 345 recovered to col=1 by nearest-column fallback (row=7, x=711.9, dist=107.7)
2026-09-07 00:49:59,375 MatchingPostProcessor WARNING  Orphan pdf_cell 346 recovered to col=1 by nearest-column fallback (row=7, x=722.9, dist=96.7)
2026-09-07 00:49:59,375 MatchingPostProcessor WARNING  Orphan pdf_cell 347 recovered to col=1 by nearest-column fallback (row=7, x=733.9, dist=85.7)
2026-09-07 00:49:59,375 MatchingPostProcessor WARNING  Orphan pdf_cell 348 recovered to col=1 by nearest-column fallback (row=7, x=744.9, dist=74.7)
2026-09-07 00:49:59,375 MatchingPostProcessor WARNING  Orphan pdf_cell 349 recovered to col=1 by nearest-column fallback (row=7, x=755.9, dist=63.7)
2026-09-07 00:49:59,375 MatchingPostProcessor WARNING  Orphan pdf_cell 350 recovered to col=1 by nearest-column fallback (row=7, x=766.9, dist=52.7)
2026-09-07 00:49:59,375 MatchingPostProcessor WARNING  Orphan pdf_cell 351 recovered to col=1 by nearest-column fallback (row=7, x=777.9, dist=41.7)
2026-09-07 00:49:59,375 MatchingPostProcessor WARNING  Orphan pdf_cell 352 recovered to col=1 by nearest-column fallback (row=7, x=788.9, dist=30.7)
2026-09-07 00:49:59,375 MatchingPostProcessor WARNING  Orphan pdf_cell 387 recovered to col=1 by nearest-column fallback (row=8, x=590.9, dist=228.7)
2026-09-07 00:49:59,375 MatchingPostProcessor WARNING  Orphan pdf_cell 388 recovered to col=1 by nearest-column fallback (row=8, x=601.9, dist=217.7)
2026-09-07 00:49:59,376 MatchingPostProcessor WARNING  Orphan pdf_cell 389 recovered to col=1 by nearest-column fallback (row=8, x=612.9, dist=206.7)
2026-09-07 00:49:59,376 MatchingPostProcessor WARNING  Orphan pdf_cell 390 recovered to col=1 by nearest-column fallback (row=8, x=623.9, dist=195.7)
2026-09-07 00:49:59,376 MatchingPostProcessor WARNING  Orphan pdf_cell 391 recovered to col=1 by nearest-column fallback (row=8, x=634.9, dist=184.7)
2026-09-07 00:49:59,376 MatchingPostProcessor WARNING  Orphan pdf_cell 392 recovered to col=1 by nearest-column fallback (row=8, x=645.9, dist=173.7)
2026-09-07 00:49:59,376 MatchingPostProcessor WARNING  Orphan pdf_cell 393 recovered to col=1 by nearest-column fallback (row=8, x=656.9, dist=162.7)
2026-09-07 00:49:59,376 MatchingPostProcessor WARNING  Orphan pdf_cell 394 recovered to col=1 by nearest-column fallback (row=8, x=667.9, dist=151.7)
2026-09-07 00:49:59,376 MatchingPostProcessor WARNING  Orphan pdf_cell 395 recovered to col=1 by nearest-column fallback (row=8, x=678.9, dist=140.7)
2026-09-07 00:49:59,376 MatchingPostProcessor WARNING  Orphan pdf_cell 396 recovered to col=1 by nearest-column fallback (row=8, x=689.9, dist=129.7)
2026-09-07 00:49:59,376 MatchingPostProcessor WARNING  Orphan pdf_cell 397 recovered to col=1 by nearest-column fallback (row=8, x=700.9, dist=118.7)
2026-09-07 00:49:59,376 MatchingPostProcessor WARNING  Orphan pdf_cell 398 recovered to col=1 by nearest-column fallback (row=8, x=711.9, dist=107.7)
2026-09-07 00:49:59,376 MatchingPostProcessor WARNING  Orphan pdf_cell 399 recovered to col=1 by nearest-column fallback (row=8, x=722.9, dist=96.7)
2026-09-07 00:49:59,376 MatchingPostProcessor WARNING  Orphan pdf_cell 400 recovered to col=1 by nearest-column fallback (row=8, x=733.9, dist=85.7)
2026-09-07 00:49:59,376 MatchingPostProcessor WARNING  Orphan pdf_cell 401 recovered to col=1 by nearest-column fallback (row=8, x=744.9, dist=74.7)
2026-09-07 00:49:59,376 MatchingPostProcessor WARNING  Orphan pdf_cell 402 recovered to col=1 by nearest-column fallback (row=8, x=755.9, dist=63.7)
2026-09-07 00:49:59,376 MatchingPostProcessor WARNING  Orphan pdf_cell 403 recovered to col=1 by nearest-column fallback (row=8, x=766.9, dist=52.7)
2026-09-07 00:49:59,376 MatchingPostProcessor WARNING  Orphan pdf_cell 404 recovered to col=1 by nearest-column fallback (row=8, x=777.9, dist=41.7)
2026-09-07 00:49:59,376 MatchingPostProcessor WARNING  Orphan pdf_cell 405 recovered to col=1 by nearest-column fallback (row=8, x=788.9, dist=30.7)
2026-09-07 00:49:59,376 MatchingPostProcessor WARNING  Orphan pdf_cell 435 recovered to col=1 by nearest-column fallback (row=9, x=592.6, dist=227.0)
2026-09-07 00:49:59,376 MatchingPostProcessor WARNING  Orphan pdf_cell 436 recovered to col=1 by nearest-column fallback (row=9, x=604.0, dist=215.6)
2026-09-07 00:49:59,376 MatchingPostProcessor WARNING  Orphan pdf_cell 437 recovered to col=1 by nearest-column fallback (row=9, x=615.5, dist=204.1)
2026-09-07 00:49:59,376 MatchingPostProcessor WARNING  Orphan pdf_cell 438 recovered to col=1 by nearest-column fallback (row=9, x=626.9, dist=192.7)
2026-09-07 00:49:59,376 MatchingPostProcessor WARNING  Orphan pdf_cell 439 recovered to col=1 by nearest-column fallback (row=9, x=638.3, dist=181.3)
2026-09-07 00:49:59,376 MatchingPostProcessor WARNING  Orphan pdf_cell 440 recovered to col=1 by nearest-column fallback (row=9, x=649.8, dist=169.8)
2026-09-07 00:49:59,376 MatchingPostProcessor WARNING  Orphan pdf_cell 441 recovered to col=1 by nearest-column fallback (row=9, x=661.2, dist=158.4)
2026-09-07 00:49:59,376 MatchingPostProcessor WARNING  Orphan pdf_cell 442 recovered to col=1 by nearest-column fallback (row=9, x=672.6, dist=147.0)
2026-09-07 00:49:59,376 MatchingPostProcessor WARNING  Orphan pdf_cell 443 recovered to col=1 by nearest-column fallback (row=9, x=684.1, dist=135.5)
2026-09-07 00:49:59,376 MatchingPostProcessor WARNING  Orphan pdf_cell 444 recovered to col=1 by nearest-column fallback (row=9, x=695.5, dist=124.1)
2026-09-07 00:49:59,376 MatchingPostProcessor WARNING  Orphan pdf_cell 445 recovered to col=1 by nearest-column fallback (row=9, x=706.9, dist=112.7)
2026-09-07 00:49:59,376 MatchingPostProcessor WARNING  Orphan pdf_cell 446 recovered to col=1 by nearest-column fallback (row=9, x=718.4, dist=101.2)
2026-09-07 00:49:59,376 MatchingPostProcessor WARNING  Orphan pdf_cell 447 recovered to col=1 by nearest-column fallback (row=9, x=729.8, dist=89.8)
2026-09-07 00:49:59,377 MatchingPostProcessor WARNING  Orphan pdf_cell 448 recovered to col=1 by nearest-column fallback (row=9, x=741.2, dist=78.4)
2026-09-07 00:49:59,377 MatchingPostProcessor WARNING  Orphan pdf_cell 449 recovered to col=1 by nearest-column fallback (row=9, x=752.7, dist=66.9)
2026-09-07 00:49:59,377 MatchingPostProcessor WARNING  Orphan pdf_cell 450 recovered to col=1 by nearest-column fallback (row=9, x=764.1, dist=55.5)
2026-09-07 00:49:59,377 MatchingPostProcessor WARNING  Orphan pdf_cell 451 recovered to col=1 by nearest-column fallback (row=9, x=775.5, dist=44.1)
2026-09-07 00:49:59,377 MatchingPostProcessor WARNING  Orphan pdf_cell 452 recovered to col=1 by nearest-column fallback (row=9, x=787.0, dist=32.6)
2026-09-07 00:49:59,377 MatchingPostProcessor WARNING  Orphan pdf_cell 488 recovered to col=1 by nearest-column fallback (row=10, x=590.9, dist=228.7)
2026-09-07 00:49:59,377 MatchingPostProcessor WARNING  Orphan pdf_cell 489 recovered to col=1 by nearest-column fallback (row=10, x=601.9, dist=217.7)
2026-09-07 00:49:59,377 MatchingPostProcessor WARNING  Orphan pdf_cell 490 recovered to col=1 by nearest-column fallback (row=10, x=612.9, dist=206.7)
2026-09-07 00:49:59,377 MatchingPostProcessor WARNING  Orphan pdf_cell 491 recovered to col=1 by nearest-column fallback (row=10, x=623.9, dist=195.7)
2026-09-07 00:49:59,377 MatchingPostProcessor WARNING  Orphan pdf_cell 492 recovered to col=1 by nearest-column fallback (row=10, x=634.9, dist=184.7)
2026-09-07 00:49:59,377 MatchingPostProcessor WARNING  Orphan pdf_cell 493 recovered to col=1 by nearest-column fallback (row=10, x=645.9, dist=173.7)
2026-09-07 00:49:59,377 MatchingPostProcessor WARNING  Orphan pdf_cell 494 recovered to col=1 by nearest-column fallback (row=10, x=656.9, dist=162.7)
2026-09-07 00:49:59,377 MatchingPostProcessor WARNING  Orphan pdf_cell 495 recovered to col=1 by nearest-column fallback (row=10, x=667.9, dist=151.7)
2026-09-07 00:49:59,377 MatchingPostProcessor WARNING  Orphan pdf_cell 496 recovered to col=1 by nearest-column fallback (row=10, x=678.9, dist=140.7)
2026-09-07 00:49:59,377 MatchingPostProcessor WARNING  Orphan pdf_cell 497 recovered to col=1 by nearest-column fallback (row=10, x=689.9, dist=129.7)
2026-09-07 00:49:59,377 MatchingPostProcessor WARNING  Orphan pdf_cell 498 recovered to col=1 by nearest-column fallback (row=10, x=700.9, dist=118.7)
2026-09-07 00:49:59,377 MatchingPostProcessor WARNING  Orphan pdf_cell 499 recovered to col=1 by nearest-column fallback (row=10, x=711.9, dist=107.7)
2026-09-07 00:49:59,377 MatchingPostProcessor WARNING  Orphan pdf_cell 500 recovered to col=1 by nearest-column fallback (row=10, x=722.9, dist=96.7)
2026-09-07 00:49:59,377 MatchingPostProcessor WARNING  Orphan pdf_cell 501 recovered to col=1 by nearest-column fallback (row=10, x=733.9, dist=85.7)
2026-09-07 00:49:59,377 MatchingPostProcessor WARNING  Orphan pdf_cell 502 recovered to col=1 by nearest-column fallback (row=10, x=744.9, dist=74.7)
2026-09-07 00:49:59,377 MatchingPostProcessor WARNING  Orphan pdf_cell 503 recovered to col=1 by nearest-column fallback (row=10, x=755.9, dist=63.7)
2026-09-07 00:49:59,377 MatchingPostProcessor WARNING  Orphan pdf_cell 504 recovered to col=1 by nearest-column fallback (row=10, x=766.9, dist=52.7)
2026-09-07 00:49:59,377 MatchingPostProcessor WARNING  Orphan pdf_cell 505 recovered to col=1 by nearest-column fallback (row=10, x=777.9, dist=41.7)
2026-09-07 00:49:59,377 MatchingPostProcessor WARNING  Orphan pdf_cell 506 recovered to col=1 by nearest-column fallback (row=10, x=788.9, dist=30.7)
2026-09-07 00:49:59,378 MatchingPostProcessor WARNING  Orphan pdf_cell 526 recovered to col=1 by nearest-column fallback (row=11, x=591.0, dist=228.6)
2026-09-07 00:49:59,378 MatchingPostProcessor WARNING  Orphan pdf_cell 527 recovered to col=1 by nearest-column fallback (row=11, x=602.0, dist=217.6)
2026-09-07 00:49:59,378 MatchingPostProcessor WARNING  Orphan pdf_cell 528 recovered to col=1 by nearest-column fallback (row=11, x=613.0, dist=206.6)
2026-09-07 00:49:59,378 MatchingPostProcessor WARNING  Orphan pdf_cell 529 recovered to col=1 by nearest-column fallback (row=11, x=624.0, dist=195.6)
2026-09-07 00:49:59,378 MatchingPostProcessor WARNING  Orphan pdf_cell 530 recovered to col=1 by nearest-column fallback (row=11, x=635.0, dist=184.6)
2026-09-07 00:49:59,378 MatchingPostProcessor WARNING  Orphan pdf_cell 531 recovered to col=1 by nearest-column fallback (row=11, x=646.0, dist=173.6)
2026-09-07 00:49:59,378 MatchingPostProcessor WARNING  Orphan pdf_cell 532 recovered to col=1 by nearest-column fallback (row=11, x=657.0, dist=162.6)
2026-09-07 00:49:59,378 MatchingPostProcessor WARNING  Orphan pdf_cell 533 recovered to col=1 by nearest-column fallback (row=11, x=668.0, dist=151.6)
2026-09-07 00:49:59,378 MatchingPostProcessor WARNING  Orphan pdf_cell 534 recovered to col=1 by nearest-column fallback (row=11, x=679.0, dist=140.6)
2026-09-07 00:49:59,378 MatchingPostProcessor WARNING  Orphan pdf_cell 535 recovered to col=1 by nearest-column fallback (row=11, x=690.0, dist=129.6)
2026-09-07 00:49:59,378 MatchingPostProcessor WARNING  Orphan pdf_cell 536 recovered to col=1 by nearest-column fallback (row=11, x=701.0, dist=118.6)
2026-09-07 00:49:59,378 MatchingPostProcessor WARNING  Orphan pdf_cell 537 recovered to col=1 by nearest-column fallback (row=11, x=712.0, dist=107.6)
2026-09-07 00:49:59,378 MatchingPostProcessor WARNING  Orphan pdf_cell 538 recovered to col=1 by nearest-column fallback (row=11, x=723.0, dist=96.6)
2026-09-07 00:49:59,378 MatchingPostProcessor WARNING  Orphan pdf_cell 539 recovered to col=1 by nearest-column fallback (row=11, x=734.0, dist=85.6)
2026-09-07 00:49:59,378 MatchingPostProcessor WARNING  Orphan pdf_cell 540 recovered to col=1 by nearest-column fallback (row=11, x=745.0, dist=74.6)
2026-09-07 00:49:59,378 MatchingPostProcessor WARNING  Orphan pdf_cell 541 recovered to col=1 by nearest-column fallback (row=11, x=756.0, dist=63.6)
2026-09-07 00:49:59,378 MatchingPostProcessor WARNING  Orphan pdf_cell 542 recovered to col=1 by nearest-column fallback (row=11, x=767.0, dist=52.6)
2026-09-07 00:49:59,378 MatchingPostProcessor WARNING  Orphan pdf_cell 543 recovered to col=1 by nearest-column fallback (row=11, x=778.0, dist=41.6)
2026-09-07 00:49:59,378 MatchingPostProcessor WARNING  Orphan pdf_cell 544 recovered to col=1 by nearest-column fallback (row=11, x=789.0, dist=30.6)
2026-09-07 00:49:59,378 MatchingPostProcessor WARNING  Orphan pdf_cell 568 recovered to col=1 by nearest-column fallback (row=12, x=590.9, dist=228.7)
2026-09-07 00:49:59,378 MatchingPostProcessor WARNING  Orphan pdf_cell 569 recovered to col=1 by nearest-column fallback (row=12, x=601.9, dist=217.7)
2026-09-07 00:49:59,378 MatchingPostProcessor WARNING  Orphan pdf_cell 570 recovered to col=1 by nearest-column fallback (row=12, x=612.9, dist=206.7)
2026-09-07 00:49:59,378 MatchingPostProcessor WARNING  Orphan pdf_cell 571 recovered to col=1 by nearest-column fallback (row=12, x=623.9, dist=195.7)
2026-09-07 00:49:59,378 MatchingPostProcessor WARNING  Orphan pdf_cell 572 recovered to col=1 by nearest-column fallback (row=12, x=634.9, dist=184.7)
2026-09-07 00:49:59,378 MatchingPostProcessor WARNING  Orphan pdf_cell 573 recovered to col=1 by nearest-column fallback (row=12, x=645.9, dist=173.7)
2026-09-07 00:49:59,378 MatchingPostProcessor WARNING  Orphan pdf_cell 574 recovered to col=1 by nearest-column fallback (row=12, x=656.9, dist=162.7)
2026-09-07 00:49:59,378 MatchingPostProcessor WARNING  Orphan pdf_cell 575 recovered to col=1 by nearest-column fallback (row=12, x=667.9, dist=151.7)
2026-09-07 00:49:59,378 MatchingPostProcessor WARNING  Orphan pdf_cell 576 recovered to col=1 by nearest-column fallback (row=12, x=678.9, dist=140.7)
2026-09-07 00:49:59,378 MatchingPostProcessor WARNING  Orphan pdf_cell 577 recovered to col=1 by nearest-column fallback (row=12, x=689.9, dist=129.7)
2026-09-07 00:49:59,378 MatchingPostProcessor WARNING  Orphan pdf_cell 578 recovered to col=1 by nearest-column fallback (row=12, x=700.9, dist=118.7)
2026-09-07 00:49:59,378 MatchingPostProcessor WARNING  Orphan pdf_cell 579 recovered to col=1 by nearest-column fallback (row=12, x=711.9, dist=107.7)
2026-09-07 00:49:59,378 MatchingPostProcessor WARNING  Orphan pdf_cell 580 recovered to col=1 by nearest-column fallback (row=12, x=722.9, dist=96.7)
2026-09-07 00:49:59,379 MatchingPostProcessor WARNING  Orphan pdf_cell 581 recovered to col=1 by nearest-column fallback (row=12, x=733.9, dist=85.7)
2026-09-07 00:49:59,379 MatchingPostProcessor WARNING  Orphan pdf_cell 582 recovered to col=1 by nearest-column fallback (row=12, x=744.9, dist=74.7)
2026-09-07 00:49:59,379 MatchingPostProcessor WARNING  Orphan pdf_cell 583 recovered to col=1 by nearest-column fallback (row=12, x=755.9, dist=63.7)
2026-09-07 00:49:59,379 MatchingPostProcessor WARNING  Orphan pdf_cell 584 recovered to col=1 by nearest-column fallback (row=12, x=766.9, dist=52.7)
2026-09-07 00:49:59,379 MatchingPostProcessor WARNING  Orphan pdf_cell 585 recovered to col=1 by nearest-column fallback (row=12, x=777.9, dist=41.7)
2026-09-07 00:49:59,379 MatchingPostProcessor WARNING  Orphan pdf_cell 586 recovered to col=1 by nearest-column fallback (row=12, x=788.9, dist=30.7)
2026-09-07 00:49:59,379 MatchingPostProcessor WARNING  Orphan pdf_cell 612 recovered to col=1 by nearest-column fallback (row=13, x=590.9, dist=228.7)
2026-09-07 00:49:59,379 MatchingPostProcessor WARNING  Orphan pdf_cell 613 recovered to col=1 by nearest-column fallback (row=13, x=601.9, dist=217.7)
2026-09-07 00:49:59,379 MatchingPostProcessor WARNING  Orphan pdf_cell 614 recovered to col=1 by nearest-column fallback (row=13, x=612.9, dist=206.7)
2026-09-07 00:49:59,379 MatchingPostProcessor WARNING  Orphan pdf_cell 615 recovered to col=1 by nearest-column fallback (row=13, x=623.9, dist=195.7)
2026-09-07 00:49:59,379 MatchingPostProcessor WARNING  Orphan pdf_cell 616 recovered to col=1 by nearest-column fallback (row=13, x=634.9, dist=184.7)
2026-09-07 00:49:59,379 MatchingPostProcessor WARNING  Orphan pdf_cell 617 recovered to col=1 by nearest-column fallback (row=13, x=645.9, dist=173.7)
2026-09-07 00:49:59,379 MatchingPostProcessor WARNING  Orphan pdf_cell 618 recovered to col=1 by nearest-column fallback (row=13, x=656.9, dist=162.7)
2026-09-07 00:49:59,379 MatchingPostProcessor WARNING  Orphan pdf_cell 619 recovered to col=1 by nearest-column fallback (row=13, x=667.9, dist=151.7)
2026-09-07 00:49:59,379 MatchingPostProcessor WARNING  Orphan pdf_cell 620 recovered to col=1 by nearest-column fallback (row=13, x=678.9, dist=140.7)
2026-09-07 00:49:59,379 MatchingPostProcessor WARNING  Orphan pdf_cell 621 recovered to col=1 by nearest-column fallback (row=13, x=689.9, dist=129.7)
2026-09-07 00:49:59,379 MatchingPostProcessor WARNING  Orphan pdf_cell 622 recovered to col=1 by nearest-column fallback (row=13, x=700.9, dist=118.7)
2026-09-07 00:49:59,379 MatchingPostProcessor WARNING  Orphan pdf_cell 623 recovered to col=1 by nearest-column fallback (row=13, x=711.9, dist=107.7)
2026-09-07 00:49:59,379 MatchingPostProcessor WARNING  Orphan pdf_cell 624 recovered to col=1 by nearest-column fallback (row=13, x=722.9, dist=96.7)
2026-09-07 00:49:59,379 MatchingPostProcessor WARNING  Orphan pdf_cell 625 recovered to col=1 by nearest-column fallback (row=13, x=733.9, dist=85.7)
2026-09-07 00:49:59,379 MatchingPostProcessor WARNING  Orphan pdf_cell 626 recovered to col=1 by nearest-column fallback (row=13, x=744.9, dist=74.7)
2026-09-07 00:49:59,379 MatchingPostProcessor WARNING  Orphan pdf_cell 627 recovered to col=1 by nearest-column fallback (row=13, x=755.9, dist=63.7)
2026-09-07 00:49:59,379 MatchingPostProcessor WARNING  Orphan pdf_cell 628 recovered to col=1 by nearest-column fallback (row=13, x=766.9, dist=52.7)
2026-09-07 00:49:59,379 MatchingPostProcessor WARNING  Orphan pdf_cell 629 recovered to col=1 by nearest-column fallback (row=13, x=777.9, dist=41.7)
2026-09-07 00:49:59,379 MatchingPostProcessor WARNING  Orphan pdf_cell 630 recovered to col=1 by nearest-column fallback (row=13, x=788.9, dist=30.7)
2026-09-07 00:49:59,379 MatchingPostProcessor WARNING  Orphan pdf_cell 647 recovered to col=1 by nearest-column fallback (row=14, x=591.0, dist=228.6)
2026-09-07 00:49:59,379 MatchingPostProcessor WARNING  Orphan pdf_cell 648 recovered to col=1 by nearest-column fallback (row=14, x=602.0, dist=217.6)
2026-09-07 00:49:59,380 MatchingPostProcessor WARNING  Orphan pdf_cell 649 recovered to col=1 by nearest-column fallback (row=14, x=613.0, dist=206.6)
2026-09-07 00:49:59,380 MatchingPostProcessor WARNING  Orphan pdf_cell 650 recovered to col=1 by nearest-column fallback (row=14, x=624.0, dist=195.6)
2026-09-07 00:49:59,380 MatchingPostProcessor WARNING  Orphan pdf_cell 651 recovered to col=1 by nearest-column fallback (row=14, x=635.0, dist=184.6)
2026-09-07 00:49:59,380 MatchingPostProcessor WARNING  Orphan pdf_cell 652 recovered to col=1 by nearest-column fallback (row=14, x=646.0, dist=173.6)
2026-09-07 00:49:59,380 MatchingPostProcessor WARNING  Orphan pdf_cell 653 recovered to col=1 by nearest-column fallback (row=14, x=657.0, dist=162.6)
2026-09-07 00:49:59,380 MatchingPostProcessor WARNING  Orphan pdf_cell 654 recovered to col=1 by nearest-column fallback (row=14, x=668.0, dist=151.6)
2026-09-07 00:49:59,380 MatchingPostProcessor WARNING  Orphan pdf_cell 655 recovered to col=1 by nearest-column fallback (row=14, x=679.0, dist=140.6)
2026-09-07 00:49:59,380 MatchingPostProcessor WARNING  Orphan pdf_cell 656 recovered to col=1 by nearest-column fallback (row=14, x=690.0, dist=129.6)
2026-09-07 00:49:59,380 MatchingPostProcessor WARNING  Orphan pdf_cell 657 recovered to col=1 by nearest-column fallback (row=14, x=701.0, dist=118.6)
2026-09-07 00:49:59,380 MatchingPostProcessor WARNING  Orphan pdf_cell 658 recovered to col=1 by nearest-column fallback (row=14, x=712.0, dist=107.6)
2026-09-07 00:49:59,380 MatchingPostProcessor WARNING  Orphan pdf_cell 659 recovered to col=1 by nearest-column fallback (row=14, x=723.0, dist=96.6)
2026-09-07 00:49:59,380 MatchingPostProcessor WARNING  Orphan pdf_cell 660 recovered to col=1 by nearest-column fallback (row=14, x=734.0, dist=85.6)
2026-09-07 00:49:59,380 MatchingPostProcessor WARNING  Orphan pdf_cell 661 recovered to col=1 by nearest-column fallback (row=14, x=745.0, dist=74.6)
2026-09-07 00:49:59,380 MatchingPostProcessor WARNING  Orphan pdf_cell 662 recovered to col=1 by nearest-column fallback (row=14, x=756.0, dist=63.6)
2026-09-07 00:49:59,380 MatchingPostProcessor WARNING  Orphan pdf_cell 663 recovered to col=1 by nearest-column fallback (row=14, x=767.0, dist=52.6)
2026-09-07 00:49:59,380 MatchingPostProcessor WARNING  Orphan pdf_cell 664 recovered to col=1 by nearest-column fallback (row=14, x=778.0, dist=41.6)
2026-09-07 00:49:59,380 MatchingPostProcessor WARNING  Orphan pdf_cell 665 recovered to col=1 by nearest-column fallback (row=14, x=789.0, dist=30.6)
2026-09-07 00:49:59,380 MatchingPostProcessor WARNING  Orphan pdf_cell 677 recovered to col=1 by nearest-column fallback (row=15, x=591.0, dist=228.6)
2026-09-07 00:49:59,380 MatchingPostProcessor WARNING  Orphan pdf_cell 678 recovered to col=1 by nearest-column fallback (row=15, x=602.0, dist=217.6)
2026-09-07 00:49:59,380 MatchingPostProcessor WARNING  Orphan pdf_cell 679 recovered to col=1 by nearest-column fallback (row=15, x=613.0, dist=206.6)
2026-09-07 00:49:59,380 MatchingPostProcessor WARNING  Orphan pdf_cell 680 recovered to col=1 by nearest-column fallback (row=15, x=624.0, dist=195.6)
2026-09-07 00:49:59,380 MatchingPostProcessor WARNING  Orphan pdf_cell 681 recovered to col=1 by nearest-column fallback (row=15, x=635.0, dist=184.6)
2026-09-07 00:49:59,380 MatchingPostProcessor WARNING  Orphan pdf_cell 682 recovered to col=1 by nearest-column fallback (row=15, x=646.0, dist=173.6)
2026-09-07 00:49:59,380 MatchingPostProcessor WARNING  Orphan pdf_cell 683 recovered to col=1 by nearest-column fallback (row=15, x=657.0, dist=162.6)
2026-09-07 00:49:59,380 MatchingPostProcessor WARNING  Orphan pdf_cell 684 recovered to col=1 by nearest-column fallback (row=15, x=668.0, dist=151.6)
2026-09-07 00:49:59,380 MatchingPostProcessor WARNING  Orphan pdf_cell 685 recovered to col=1 by nearest-column fallback (row=15, x=679.0, dist=140.6)
2026-09-07 00:49:59,380 MatchingPostProcessor WARNING  Orphan pdf_cell 686 recovered to col=1 by nearest-column fallback (row=15, x=690.0, dist=129.6)
2026-09-07 00:49:59,380 MatchingPostProcessor WARNING  Orphan pdf_cell 687 recovered to col=1 by nearest-column fallback (row=15, x=701.0, dist=118.6)
2026-09-07 00:49:59,380 MatchingPostProcessor WARNING  Orphan pdf_cell 688 recovered to col=1 by nearest-column fallback (row=15, x=712.0, dist=107.6)
2026-09-07 00:49:59,380 MatchingPostProcessor WARNING  Orphan pdf_cell 689 recovered to col=1 by nearest-column fallback (row=15, x=723.0, dist=96.6)
2026-09-07 00:49:59,380 MatchingPostProcessor WARNING  Orphan pdf_cell 690 recovered to col=1 by nearest-column fallback (row=15, x=734.0, dist=85.6)
2026-09-07 00:49:59,380 MatchingPostProcessor WARNING  Orphan pdf_cell 691 recovered to col=1 by nearest-column fallback (row=15, x=745.0, dist=74.6)
2026-09-07 00:49:59,380 MatchingPostProcessor WARNING  Orphan pdf_cell 692 recovered to col=1 by nearest-column fallback (row=15, x=756.0, dist=63.6)
2026-09-07 00:49:59,380 MatchingPostProcessor WARNING  Orphan pdf_cell 693 recovered to col=1 by nearest-column fallback (row=15, x=767.0, dist=52.6)
2026-09-07 00:49:59,380 MatchingPostProcessor WARNING  Orphan pdf_cell 694 recovered to col=1 by nearest-column fallback (row=15, x=778.0, dist=41.6)
2026-09-07 00:49:59,380 MatchingPostProcessor WARNING  Orphan pdf_cell 695 recovered to col=1 by nearest-column fallback (row=15, x=789.0, dist=30.6)
2026-09-07 00:49:59,381 MatchingPostProcessor WARNING  Orphan pdf_cell 718 recovered to col=1 by nearest-column fallback (row=16, x=590.9, dist=228.7)
2026-09-07 00:49:59,381 MatchingPostProcessor WARNING  Orphan pdf_cell 719 recovered to col=1 by nearest-column fallback (row=16, x=601.9, dist=217.7)
2026-09-07 00:49:59,381 MatchingPostProcessor WARNING  Orphan pdf_cell 720 recovered to col=1 by nearest-column fallback (row=16, x=612.9, dist=206.7)
2026-09-07 00:49:59,381 MatchingPostProcessor WARNING  Orphan pdf_cell 721 recovered to col=1 by nearest-column fallback (row=16, x=623.9, dist=195.7)
2026-09-07 00:49:59,381 MatchingPostProcessor WARNING  Orphan pdf_cell 722 recovered to col=1 by nearest-column fallback (row=16, x=634.9, dist=184.7)
2026-09-07 00:49:59,381 MatchingPostProcessor WARNING  Orphan pdf_cell 723 recovered to col=1 by nearest-column fallback (row=16, x=645.9, dist=173.7)
2026-09-07 00:49:59,381 MatchingPostProcessor WARNING  Orphan pdf_cell 724 recovered to col=1 by nearest-column fallback (row=16, x=656.9, dist=162.7)
2026-09-07 00:49:59,381 MatchingPostProcessor WARNING  Orphan pdf_cell 725 recovered to col=1 by nearest-column fallback (row=16, x=667.9, dist=151.7)
2026-09-07 00:49:59,381 MatchingPostProcessor WARNING  Orphan pdf_cell 726 recovered to col=1 by nearest-column fallback (row=16, x=678.9, dist=140.7)
2026-09-07 00:49:59,381 MatchingPostProcessor WARNING  Orphan pdf_cell 727 recovered to col=1 by nearest-column fallback (row=16, x=689.9, dist=129.7)
2026-09-07 00:49:59,381 MatchingPostProcessor WARNING  Orphan pdf_cell 728 recovered to col=1 by nearest-column fallback (row=16, x=700.9, dist=118.7)
2026-09-07 00:49:59,381 MatchingPostProcessor WARNING  Orphan pdf_cell 729 recovered to col=1 by nearest-column fallback (row=16, x=711.9, dist=107.7)
2026-09-07 00:49:59,381 MatchingPostProcessor WARNING  Orphan pdf_cell 730 recovered to col=1 by nearest-column fallback (row=16, x=722.9, dist=96.7)
2026-09-07 00:49:59,381 MatchingPostProcessor WARNING  Orphan pdf_cell 731 recovered to col=1 by nearest-column fallback (row=16, x=733.9, dist=85.7)
2026-09-07 00:49:59,381 MatchingPostProcessor WARNING  Orphan pdf_cell 732 recovered to col=1 by nearest-column fallback (row=16, x=744.9, dist=74.7)
2026-09-07 00:49:59,381 MatchingPostProcessor WARNING  Orphan pdf_cell 733 recovered to col=1 by nearest-column fallback (row=16, x=755.9, dist=63.7)
2026-09-07 00:49:59,381 MatchingPostProcessor WARNING  Orphan pdf_cell 734 recovered to col=1 by nearest-column fallback (row=16, x=766.9, dist=52.7)
2026-09-07 00:49:59,381 MatchingPostProcessor WARNING  Orphan pdf_cell 735 recovered to col=1 by nearest-column fallback (row=16, x=777.9, dist=41.7)
2026-09-07 00:49:59,381 MatchingPostProcessor WARNING  Orphan pdf_cell 736 recovered to col=1 by nearest-column fallback (row=16, x=788.9, dist=30.7)
2026-09-07 00:49:59,381 MatchingPostProcessor WARNING  Orphan pdf_cell 754 recovered to col=1 by nearest-column fallback (row=17, x=591.0, dist=228.6)
2026-09-07 00:49:59,381 MatchingPostProcessor WARNING  Orphan pdf_cell 755 recovered to col=1 by nearest-column fallback (row=17, x=602.0, dist=217.6)
2026-09-07 00:49:59,381 MatchingPostProcessor WARNING  Orphan pdf_cell 756 recovered to col=1 by nearest-column fallback (row=17, x=613.0, dist=206.6)
2026-09-07 00:49:59,381 MatchingPostProcessor WARNING  Orphan pdf_cell 757 recovered to col=1 by nearest-column fallback (row=17, x=624.0, dist=195.6)
2026-09-07 00:49:59,381 MatchingPostProcessor WARNING  Orphan pdf_cell 758 recovered to col=1 by nearest-column fallback (row=17, x=635.0, dist=184.6)
2026-09-07 00:49:59,381 MatchingPostProcessor WARNING  Orphan pdf_cell 759 recovered to col=1 by nearest-column fallback (row=17, x=646.0, dist=173.6)
2026-09-07 00:49:59,381 MatchingPostProcessor WARNING  Orphan pdf_cell 760 recovered to col=1 by nearest-column fallback (row=17, x=657.0, dist=162.6)
2026-09-07 00:49:59,381 MatchingPostProcessor WARNING  Orphan pdf_cell 761 recovered to col=1 by nearest-column fallback (row=17, x=668.0, dist=151.6)
2026-09-07 00:49:59,381 MatchingPostProcessor WARNING  Orphan pdf_cell 762 recovered to col=1 by nearest-column fallback (row=17, x=679.0, dist=140.6)
2026-09-07 00:49:59,381 MatchingPostProcessor WARNING  Orphan pdf_cell 763 recovered to col=1 by nearest-column fallback (row=17, x=690.0, dist=129.6)
2026-09-07 00:49:59,381 MatchingPostProcessor WARNING  Orphan pdf_cell 764 recovered to col=1 by nearest-column fallback (row=17, x=701.0, dist=118.6)
2026-09-07 00:49:59,381 MatchingPostProcessor WARNING  Orphan pdf_cell 765 recovered to col=1 by nearest-column fallback (row=17, x=712.0, dist=107.6)
2026-09-07 00:49:59,381 MatchingPostProcessor WARNING  Orphan pdf_cell 766 recovered to col=1 by nearest-column fallback (row=17, x=723.0, dist=96.6)
2026-09-07 00:49:59,382 MatchingPostProcessor WARNING  Orphan pdf_cell 767 recovered to col=1 by nearest-column fallback (row=17, x=734.0, dist=85.6)
2026-09-07 00:49:59,382 MatchingPostProcessor WARNING  Orphan pdf_cell 768 recovered to col=1 by nearest-column fallback (row=17, x=745.0, dist=74.6)
2026-09-07 00:49:59,382 MatchingPostProcessor WARNING  Orphan pdf_cell 769 recovered to col=1 by nearest-column fallback (row=17, x=756.0, dist=63.6)
2026-09-07 00:49:59,382 MatchingPostProcessor WARNING  Orphan pdf_cell 770 recovered to col=1 by nearest-column fallback (row=17, x=767.0, dist=52.6)
2026-09-07 00:49:59,382 MatchingPostProcessor WARNING  Orphan pdf_cell 771 recovered to col=1 by nearest-column fallback (row=17, x=778.0, dist=41.6)
2026-09-07 00:49:59,382 MatchingPostProcessor WARNING  Orphan pdf_cell 772 recovered to col=1 by nearest-column fallback (row=17, x=789.0, dist=30.6)
2026-09-07 00:49:59,382 MatchingPostProcessor WARNING  Orphan pdf_cell 791 recovered to col=1 by nearest-column fallback (row=18, x=591.0, dist=228.6)
2026-09-07 00:49:59,382 MatchingPostProcessor WARNING  Orphan pdf_cell 792 recovered to col=1 by nearest-column fallback (row=18, x=602.0, dist=217.6)
2026-09-07 00:49:59,382 MatchingPostProcessor WARNING  Orphan pdf_cell 793 recovered to col=1 by nearest-column fallback (row=18, x=613.0, dist=206.6)
2026-09-07 00:49:59,382 MatchingPostProcessor WARNING  Orphan pdf_cell 794 recovered to col=1 by nearest-column fallback (row=18, x=624.0, dist=195.6)
2026-09-07 00:49:59,382 MatchingPostProcessor WARNING  Orphan pdf_cell 795 recovered to col=1 by nearest-column fallback (row=18, x=635.0, dist=184.6)
2026-09-07 00:49:59,382 MatchingPostProcessor WARNING  Orphan pdf_cell 796 recovered to col=1 by nearest-column fallback (row=18, x=646.0, dist=173.6)
2026-09-07 00:49:59,382 MatchingPostProcessor WARNING  Orphan pdf_cell 797 recovered to col=1 by nearest-column fallback (row=18, x=657.0, dist=162.6)
2026-09-07 00:49:59,382 MatchingPostProcessor WARNING  Orphan pdf_cell 798 recovered to col=1 by nearest-column fallback (row=18, x=668.0, dist=151.6)
2026-09-07 00:49:59,382 MatchingPostProcessor WARNING  Orphan pdf_cell 799 recovered to col=1 by nearest-column fallback (row=18, x=679.0, dist=140.6)
2026-09-07 00:49:59,382 MatchingPostProcessor WARNING  Orphan pdf_cell 800 recovered to col=1 by nearest-column fallback (row=18, x=690.0, dist=129.6)
2026-09-07 00:49:59,382 MatchingPostProcessor WARNING  Orphan pdf_cell 801 recovered to col=1 by nearest-column fallback (row=18, x=701.0, dist=118.6)
2026-09-07 00:49:59,382 MatchingPostProcessor WARNING  Orphan pdf_cell 802 recovered to col=1 by nearest-column fallback (row=18, x=712.0, dist=107.6)
2026-09-07 00:49:59,382 MatchingPostProcessor WARNING  Orphan pdf_cell 803 recovered to col=1 by nearest-column fallback (row=18, x=723.0, dist=96.6)
2026-09-07 00:49:59,382 MatchingPostProcessor WARNING  Orphan pdf_cell 804 recovered to col=1 by nearest-column fallback (row=18, x=734.0, dist=85.6)
2026-09-07 00:49:59,382 MatchingPostProcessor WARNING  Orphan pdf_cell 805 recovered to col=1 by nearest-column fallback (row=18, x=745.0, dist=74.6)
2026-09-07 00:49:59,382 MatchingPostProcessor WARNING  Orphan pdf_cell 806 recovered to col=1 by nearest-column fallback (row=18, x=756.0, dist=63.6)
2026-09-07 00:49:59,382 MatchingPostProcessor WARNING  Orphan pdf_cell 807 recovered to col=1 by nearest-column fallback (row=18, x=767.0, dist=52.6)
2026-09-07 00:49:59,382 MatchingPostProcessor WARNING  Orphan pdf_cell 808 recovered to col=1 by nearest-column fallback (row=18, x=778.0, dist=41.6)
2026-09-07 00:49:59,382 MatchingPostProcessor WARNING  Orphan pdf_cell 809 recovered to col=1 by nearest-column fallback (row=18, x=789.0, dist=30.6)
2026-09-07 00:49:59,382 MatchingPostProcessor WARNING  Orphan pdf_cell 825 recovered to col=1 by nearest-column fallback (row=19, x=591.0, dist=228.6)
2026-09-07 00:49:59,382 MatchingPostProcessor WARNING  Orphan pdf_cell 826 recovered to col=1 by nearest-column fallback (row=19, x=602.0, dist=217.6)
2026-09-07 00:49:59,382 MatchingPostProcessor WARNING  Orphan pdf_cell 827 recovered to col=1 by nearest-column fallback (row=19, x=613.0, dist=206.6)
2026-09-07 00:49:59,382 MatchingPostProcessor WARNING  Orphan pdf_cell 828 recovered to col=1 by nearest-column fallback (row=19, x=624.0, dist=195.6)
2026-09-07 00:49:59,382 MatchingPostProcessor WARNING  Orphan pdf_cell 829 recovered to col=1 by nearest-column fallback (row=19, x=635.0, dist=184.6)
2026-09-07 00:49:59,382 MatchingPostProcessor WARNING  Orphan pdf_cell 830 recovered to col=1 by nearest-column fallback (row=19, x=646.0, dist=173.6)
2026-09-07 00:49:59,382 MatchingPostProcessor WARNING  Orphan pdf_cell 831 recovered to col=1 by nearest-column fallback (row=19, x=657.0, dist=162.6)
2026-09-07 00:49:59,383 MatchingPostProcessor WARNING  Orphan pdf_cell 832 recovered to col=1 by nearest-column fallback (row=19, x=668.0, dist=151.6)
2026-09-07 00:49:59,383 MatchingPostProcessor WARNING  Orphan pdf_cell 833 recovered to col=1 by nearest-column fallback (row=19, x=679.0, dist=140.6)
2026-09-07 00:49:59,383 MatchingPostProcessor WARNING  Orphan pdf_cell 834 recovered to col=1 by nearest-column fallback (row=19, x=690.0, dist=129.6)
2026-09-07 00:49:59,383 MatchingPostProcessor WARNING  Orphan pdf_cell 835 recovered to col=1 by nearest-column fallback (row=19, x=701.0, dist=118.6)
2026-09-07 00:49:59,383 MatchingPostProcessor WARNING  Orphan pdf_cell 836 recovered to col=1 by nearest-column fallback (row=19, x=712.0, dist=107.6)
2026-09-07 00:49:59,383 MatchingPostProcessor WARNING  Orphan pdf_cell 837 recovered to col=1 by nearest-column fallback (row=19, x=723.0, dist=96.6)
2026-09-07 00:49:59,383 MatchingPostProcessor WARNING  Orphan pdf_cell 838 recovered to col=1 by nearest-column fallback (row=19, x=734.0, dist=85.6)
2026-09-07 00:49:59,383 MatchingPostProcessor WARNING  Orphan pdf_cell 839 recovered to col=1 by nearest-column fallback (row=19, x=745.0, dist=74.6)
2026-09-07 00:49:59,383 MatchingPostProcessor WARNING  Orphan pdf_cell 840 recovered to col=1 by nearest-column fallback (row=19, x=756.0, dist=63.6)
2026-09-07 00:49:59,383 MatchingPostProcessor WARNING  Orphan pdf_cell 841 recovered to col=1 by nearest-column fallback (row=19, x=767.0, dist=52.6)
2026-09-07 00:49:59,383 MatchingPostProcessor WARNING  Orphan pdf_cell 842 recovered to col=1 by nearest-column fallback (row=19, x=778.0, dist=41.6)
2026-09-07 00:49:59,383 MatchingPostProcessor WARNING  Orphan pdf_cell 843 recovered to col=1 by nearest-column fallback (row=19, x=789.0, dist=30.6)
2026-09-07 00:49:59,383 MatchingPostProcessor WARNING  Orphan pdf_cell 871 recovered to col=1 by nearest-column fallback (row=20, x=590.9, dist=228.7)
2026-09-07 00:49:59,383 MatchingPostProcessor WARNING  Orphan pdf_cell 872 recovered to col=1 by nearest-column fallback (row=20, x=601.9, dist=217.7)
2026-09-07 00:49:59,383 MatchingPostProcessor WARNING  Orphan pdf_cell 873 recovered to col=1 by nearest-column fallback (row=20, x=612.9, dist=206.7)
2026-09-07 00:49:59,383 MatchingPostProcessor WARNING  Orphan pdf_cell 874 recovered to col=1 by nearest-column fallback (row=20, x=623.9, dist=195.7)
2026-09-07 00:49:59,383 MatchingPostProcessor WARNING  Orphan pdf_cell 875 recovered to col=1 by nearest-column fallback (row=20, x=634.9, dist=184.7)
2026-09-07 00:49:59,383 MatchingPostProcessor WARNING  Orphan pdf_cell 876 recovered to col=1 by nearest-column fallback (row=20, x=645.9, dist=173.7)
2026-09-07 00:49:59,383 MatchingPostProcessor WARNING  Orphan pdf_cell 877 recovered to col=1 by nearest-column fallback (row=20, x=656.9, dist=162.7)
2026-09-07 00:49:59,383 MatchingPostProcessor WARNING  Orphan pdf_cell 878 recovered to col=1 by nearest-column fallback (row=20, x=667.9, dist=151.7)
2026-09-07 00:49:59,383 MatchingPostProcessor WARNING  Orphan pdf_cell 879 recovered to col=1 by nearest-column fallback (row=20, x=678.9, dist=140.7)
2026-09-07 00:49:59,383 MatchingPostProcessor WARNING  Orphan pdf_cell 880 recovered to col=1 by nearest-column fallback (row=20, x=689.9, dist=129.7)
2026-09-07 00:49:59,383 MatchingPostProcessor WARNING  Orphan pdf_cell 881 recovered to col=1 by nearest-column fallback (row=20, x=700.9, dist=118.7)
2026-09-07 00:49:59,383 MatchingPostProcessor WARNING  Orphan pdf_cell 882 recovered to col=1 by nearest-column fallback (row=20, x=711.9, dist=107.7)
2026-09-07 00:49:59,383 MatchingPostProcessor WARNING  Orphan pdf_cell 883 recovered to col=1 by nearest-column fallback (row=20, x=722.9, dist=96.7)
2026-09-07 00:49:59,383 MatchingPostProcessor WARNING  Orphan pdf_cell 884 recovered to col=1 by nearest-column fallback (row=20, x=733.9, dist=85.7)
2026-09-07 00:49:59,383 MatchingPostProcessor WARNING  Orphan pdf_cell 885 recovered to col=1 by nearest-column fallback (row=20, x=744.9, dist=74.7)
2026-09-07 00:49:59,383 MatchingPostProcessor WARNING  Orphan pdf_cell 886 recovered to col=1 by nearest-column fallback (row=20, x=755.9, dist=63.7)
2026-09-07 00:49:59,383 MatchingPostProcessor WARNING  Orphan pdf_cell 887 recovered to col=1 by nearest-column fallback (row=20, x=766.9, dist=52.7)
2026-09-07 00:49:59,383 MatchingPostProcessor WARNING  Orphan pdf_cell 888 recovered to col=1 by nearest-column fallback (row=20, x=777.9, dist=41.7)
2026-09-07 00:49:59,384 MatchingPostProcessor WARNING  Orphan pdf_cell 889 recovered to col=1 by nearest-column fallback (row=20, x=788.9, dist=30.7)
2026-09-07 00:49:59,384 MatchingPostProcessor WARNING  Orphan pdf_cell 900 recovered to col=1 by nearest-column fallback (row=21, x=591.0, dist=228.6)
2026-09-07 00:49:59,384 MatchingPostProcessor WARNING  Orphan pdf_cell 901 recovered to col=1 by nearest-column fallback (row=21, x=602.0, dist=217.6)
2026-09-07 00:49:59,384 MatchingPostProcessor WARNING  Orphan pdf_cell 902 recovered to col=1 by nearest-column fallback (row=21, x=613.0, dist=206.6)
2026-09-07 00:49:59,384 MatchingPostProcessor WARNING  Orphan pdf_cell 903 recovered to col=1 by nearest-column fallback (row=21, x=624.0, dist=195.6)
2026-09-07 00:49:59,384 MatchingPostProcessor WARNING  Orphan pdf_cell 904 recovered to col=1 by nearest-column fallback (row=21, x=635.0, dist=184.6)
2026-09-07 00:49:59,384 MatchingPostProcessor WARNING  Orphan pdf_cell 905 recovered to col=1 by nearest-column fallback (row=21, x=646.0, dist=173.6)
2026-09-07 00:49:59,384 MatchingPostProcessor WARNING  Orphan pdf_cell 906 recovered to col=1 by nearest-column fallback (row=21, x=657.0, dist=162.6)
2026-09-07 00:49:59,384 MatchingPostProcessor WARNING  Orphan pdf_cell 907 recovered to col=1 by nearest-column fallback (row=21, x=668.0, dist=151.6)
2026-09-07 00:49:59,384 MatchingPostProcessor WARNING  Orphan pdf_cell 908 recovered to col=1 by nearest-column fallback (row=21, x=679.0, dist=140.6)
2026-09-07 00:49:59,384 MatchingPostProcessor WARNING  Orphan pdf_cell 909 recovered to col=1 by nearest-column fallback (row=21, x=690.0, dist=129.6)
2026-09-07 00:49:59,384 MatchingPostProcessor WARNING  Orphan pdf_cell 910 recovered to col=1 by nearest-column fallback (row=21, x=701.0, dist=118.6)
2026-09-07 00:49:59,384 MatchingPostProcessor WARNING  Orphan pdf_cell 911 recovered to col=1 by nearest-column fallback (row=21, x=712.0, dist=107.6)
2026-09-07 00:49:59,384 MatchingPostProcessor WARNING  Orphan pdf_cell 912 recovered to col=1 by nearest-column fallback (row=21, x=723.0, dist=96.6)
2026-09-07 00:49:59,384 MatchingPostProcessor WARNING  Orphan pdf_cell 913 recovered to col=1 by nearest-column fallback (row=21, x=734.0, dist=85.6)
2026-09-07 00:49:59,384 MatchingPostProcessor WARNING  Orphan pdf_cell 914 recovered to col=1 by nearest-column fallback (row=21, x=745.0, dist=74.6)
2026-09-07 00:49:59,384 MatchingPostProcessor WARNING  Orphan pdf_cell 915 recovered to col=1 by nearest-column fallback (row=21, x=756.0, dist=63.6)
2026-09-07 00:49:59,384 MatchingPostProcessor WARNING  Orphan pdf_cell 916 recovered to col=1 by nearest-column fallback (row=21, x=767.0, dist=52.6)
2026-09-07 00:49:59,384 MatchingPostProcessor WARNING  Orphan pdf_cell 917 recovered to col=1 by nearest-column fallback (row=21, x=778.0, dist=41.6)
2026-09-07 00:49:59,384 MatchingPostProcessor WARNING  Orphan pdf_cell 918 recovered to col=1 by nearest-column fallback (row=21, x=789.0, dist=30.6)
2026-09-07 00:49:59,385 MatchingPostProcessor WARNING  Orphan pdf_cell 940 recovered to col=1 by nearest-column fallback (row=22, x=591.0, dist=228.7)
2026-09-07 00:49:59,385 MatchingPostProcessor WARNING  Orphan pdf_cell 941 recovered to col=1 by nearest-column fallback (row=22, x=602.0, dist=217.7)
2026-09-07 00:49:59,385 MatchingPostProcessor WARNING  Orphan pdf_cell 942 recovered to col=1 by nearest-column fallback (row=22, x=613.0, dist=206.7)
2026-09-07 00:49:59,385 MatchingPostProcessor WARNING  Orphan pdf_cell 943 recovered to col=1 by nearest-column fallback (row=22, x=624.0, dist=195.7)
2026-09-07 00:49:59,385 MatchingPostProcessor WARNING  Orphan pdf_cell 944 recovered to col=1 by nearest-column fallback (row=22, x=635.0, dist=184.7)
2026-09-07 00:49:59,385 MatchingPostProcessor WARNING  Orphan pdf_cell 945 recovered to col=1 by nearest-column fallback (row=22, x=646.0, dist=173.7)
2026-09-07 00:49:59,385 MatchingPostProcessor WARNING  Orphan pdf_cell 946 recovered to col=1 by nearest-column fallback (row=22, x=657.0, dist=162.7)
2026-09-07 00:49:59,385 MatchingPostProcessor WARNING  Orphan pdf_cell 947 recovered to col=1 by nearest-column fallback (row=22, x=668.0, dist=151.7)
2026-09-07 00:49:59,385 MatchingPostProcessor WARNING  Orphan pdf_cell 948 recovered to col=1 by nearest-column fallback (row=22, x=679.0, dist=140.7)
2026-09-07 00:49:59,385 MatchingPostProcessor WARNING  Orphan pdf_cell 949 recovered to col=1 by nearest-column fallback (row=22, x=690.0, dist=129.7)
2026-09-07 00:49:59,385 MatchingPostProcessor WARNING  Orphan pdf_cell 950 recovered to col=1 by nearest-column fallback (row=22, x=701.0, dist=118.7)
2026-09-07 00:49:59,385 MatchingPostProcessor WARNING  Orphan pdf_cell 951 recovered to col=1 by nearest-column fallback (row=22, x=712.0, dist=107.7)
2026-09-07 00:49:59,385 MatchingPostProcessor WARNING  Orphan pdf_cell 952 recovered to col=1 by nearest-column fallback (row=22, x=723.0, dist=96.7)
2026-09-07 00:49:59,385 MatchingPostProcessor WARNING  Orphan pdf_cell 953 recovered to col=1 by nearest-column fallback (row=22, x=734.0, dist=85.7)
2026-09-07 00:49:59,385 MatchingPostProcessor WARNING  Orphan pdf_cell 954 recovered to col=1 by nearest-column fallback (row=22, x=745.0, dist=74.7)
2026-09-07 00:49:59,385 MatchingPostProcessor WARNING  Orphan pdf_cell 955 recovered to col=1 by nearest-column fallback (row=22, x=756.0, dist=63.7)
2026-09-07 00:49:59,385 MatchingPostProcessor WARNING  Orphan pdf_cell 956 recovered to col=1 by nearest-column fallback (row=22, x=767.0, dist=52.7)
2026-09-07 00:49:59,385 MatchingPostProcessor WARNING  Orphan pdf_cell 957 recovered to col=1 by nearest-column fallback (row=22, x=778.0, dist=41.7)
2026-09-07 00:49:59,385 MatchingPostProcessor WARNING  Orphan pdf_cell 958 recovered to col=1 by nearest-column fallback (row=22, x=789.0, dist=30.7)
2026-09-07 00:49:59,385 MatchingPostProcessor WARNING  Orphan pdf_cell 985 recovered to col=1 by nearest-column fallback (row=23, x=590.9, dist=228.7)
2026-09-07 00:49:59,385 MatchingPostProcessor WARNING  Orphan pdf_cell 986 recovered to col=1 by nearest-column fallback (row=23, x=601.9, dist=217.7)
2026-09-07 00:49:59,385 MatchingPostProcessor WARNING  Orphan pdf_cell 987 recovered to col=1 by nearest-column fallback (row=23, x=612.9, dist=206.7)
2026-09-07 00:49:59,385 MatchingPostProcessor WARNING  Orphan pdf_cell 988 recovered to col=1 by nearest-column fallback (row=23, x=623.9, dist=195.7)
2026-09-07 00:49:59,385 MatchingPostProcessor WARNING  Orphan pdf_cell 989 recovered to col=1 by nearest-column fallback (row=23, x=634.9, dist=184.7)
2026-09-07 00:49:59,385 MatchingPostProcessor WARNING  Orphan pdf_cell 990 recovered to col=1 by nearest-column fallback (row=23, x=645.9, dist=173.7)
2026-09-07 00:49:59,385 MatchingPostProcessor WARNING  Orphan pdf_cell 991 recovered to col=1 by nearest-column fallback (row=23, x=656.9, dist=162.7)
2026-09-07 00:49:59,385 MatchingPostProcessor WARNING  Orphan pdf_cell 992 recovered to col=1 by nearest-column fallback (row=23, x=667.9, dist=151.7)
2026-09-07 00:49:59,386 MatchingPostProcessor WARNING  Orphan pdf_cell 993 recovered to col=1 by nearest-column fallback (row=23, x=678.9, dist=140.7)
2026-09-07 00:49:59,386 MatchingPostProcessor WARNING  Orphan pdf_cell 994 recovered to col=1 by nearest-column fallback (row=23, x=689.9, dist=129.7)
2026-09-07 00:49:59,386 MatchingPostProcessor WARNING  Orphan pdf_cell 995 recovered to col=1 by nearest-column fallback (row=23, x=700.9, dist=118.7)
2026-09-07 00:49:59,386 MatchingPostProcessor WARNING  Orphan pdf_cell 996 recovered to col=1 by nearest-column fallback (row=23, x=711.9, dist=107.7)
2026-09-07 00:49:59,386 MatchingPostProcessor WARNING  Orphan pdf_cell 997 recovered to col=1 by nearest-column fallback (row=23, x=722.9, dist=96.7)
2026-09-07 00:49:59,386 MatchingPostProcessor WARNING  Orphan pdf_cell 998 recovered to col=1 by nearest-column fallback (row=23, x=733.9, dist=85.7)
2026-09-07 00:49:59,386 MatchingPostProcessor WARNING  Orphan pdf_cell 999 recovered to col=1 by nearest-column fallback (row=23, x=744.9, dist=74.7)
2026-09-07 00:49:59,386 MatchingPostProcessor WARNING  Orphan pdf_cell 1000 recovered to col=1 by nearest-column fallback (row=23, x=755.9, dist=63.7)
2026-09-07 00:49:59,386 MatchingPostProcessor WARNING  Orphan pdf_cell 1001 recovered to col=1 by nearest-column fallback (row=23, x=766.9, dist=52.7)
2026-09-07 00:49:59,386 MatchingPostProcessor WARNING  Orphan pdf_cell 1002 recovered to col=1 by nearest-column fallback (row=23, x=777.9, dist=41.7)
2026-09-07 00:49:59,386 MatchingPostProcessor WARNING  Orphan pdf_cell 1003 recovered to col=1 by nearest-column fallback (row=23, x=788.9, dist=30.7)
2026-09-07 00:49:59,386 MatchingPostProcessor WARNING  Orphan pdf_cell 1021 recovered to col=1 by nearest-column fallback (row=24, x=590.9, dist=228.7)
2026-09-07 00:49:59,386 MatchingPostProcessor WARNING  Orphan pdf_cell 1022 recovered to col=1 by nearest-column fallback (row=24, x=601.9, dist=217.7)
2026-09-07 00:49:59,386 MatchingPostProcessor WARNING  Orphan pdf_cell 1023 recovered to col=1 by nearest-column fallback (row=24, x=612.9, dist=206.7)
2026-09-07 00:49:59,386 MatchingPostProcessor WARNING  Orphan pdf_cell 1024 recovered to col=1 by nearest-column fallback (row=24, x=623.9, dist=195.7)
2026-09-07 00:49:59,386 MatchingPostProcessor WARNING  Orphan pdf_cell 1025 recovered to col=1 by nearest-column fallback (row=24, x=634.9, dist=184.7)
2026-09-07 00:49:59,386 MatchingPostProcessor WARNING  Orphan pdf_cell 1026 recovered to col=1 by nearest-column fallback (row=24, x=645.9, dist=173.7)
2026-09-07 00:49:59,386 MatchingPostProcessor WARNING  Orphan pdf_cell 1027 recovered to col=1 by nearest-column fallback (row=24, x=656.9, dist=162.7)
2026-09-07 00:49:59,386 MatchingPostProcessor WARNING  Orphan pdf_cell 1028 recovered to col=1 by nearest-column fallback (row=24, x=667.9, dist=151.7)
2026-09-07 00:49:59,386 MatchingPostProcessor WARNING  Orphan pdf_cell 1029 recovered to col=1 by nearest-column fallback (row=24, x=678.9, dist=140.7)
2026-09-07 00:49:59,386 MatchingPostProcessor WARNING  Orphan pdf_cell 1030 recovered to col=1 by nearest-column fallback (row=24, x=689.9, dist=129.7)
2026-09-07 00:49:59,386 MatchingPostProcessor WARNING  Orphan pdf_cell 1031 recovered to col=1 by nearest-column fallback (row=24, x=700.9, dist=118.7)
2026-09-07 00:49:59,386 MatchingPostProcessor WARNING  Orphan pdf_cell 1032 recovered to col=1 by nearest-column fallback (row=24, x=711.9, dist=107.7)
2026-09-07 00:49:59,386 MatchingPostProcessor WARNING  Orphan pdf_cell 1033 recovered to col=1 by nearest-column fallback (row=24, x=722.9, dist=96.7)
2026-09-07 00:49:59,386 MatchingPostProcessor WARNING  Orphan pdf_cell 1034 recovered to col=1 by nearest-column fallback (row=24, x=733.9, dist=85.7)
2026-09-07 00:49:59,386 MatchingPostProcessor WARNING  Orphan pdf_cell 1035 recovered to col=1 by nearest-column fallback (row=24, x=744.9, dist=74.7)
2026-09-07 00:49:59,386 MatchingPostProcessor WARNING  Orphan pdf_cell 1036 recovered to col=1 by nearest-column fallback (row=24, x=755.9, dist=63.7)
2026-09-07 00:49:59,386 MatchingPostProcessor WARNING  Orphan pdf_cell 1037 recovered to col=1 by nearest-column fallback (row=24, x=766.9, dist=52.7)
2026-09-07 00:49:59,386 MatchingPostProcessor WARNING  Orphan pdf_cell 1038 recovered to col=1 by nearest-column fallback (row=24, x=777.9, dist=41.7)
2026-09-07 00:49:59,386 MatchingPostProcessor WARNING  Orphan pdf_cell 1039 recovered to col=1 by nearest-column fallback (row=24, x=788.9, dist=30.7)
2026-09-07 00:49:59,387 MatchingPostProcessor WARNING  Orphan pdf_cell 1065 recovered to col=1 by nearest-column fallback (row=25, x=590.9, dist=228.7)
2026-09-07 00:49:59,387 MatchingPostProcessor WARNING  Orphan pdf_cell 1066 recovered to col=1 by nearest-column fallback (row=25, x=601.9, dist=217.7)
2026-09-07 00:49:59,387 MatchingPostProcessor WARNING  Orphan pdf_cell 1067 recovered to col=1 by nearest-column fallback (row=25, x=612.9, dist=206.7)
2026-09-07 00:49:59,387 MatchingPostProcessor WARNING  Orphan pdf_cell 1068 recovered to col=1 by nearest-column fallback (row=25, x=623.9, dist=195.7)
2026-09-07 00:49:59,387 MatchingPostProcessor WARNING  Orphan pdf_cell 1069 recovered to col=1 by nearest-column fallback (row=25, x=634.9, dist=184.7)
2026-09-07 00:49:59,387 MatchingPostProcessor WARNING  Orphan pdf_cell 1070 recovered to col=1 by nearest-column fallback (row=25, x=645.9, dist=173.7)
2026-09-07 00:49:59,387 MatchingPostProcessor WARNING  Orphan pdf_cell 1071 recovered to col=1 by nearest-column fallback (row=25, x=656.9, dist=162.7)
2026-09-07 00:49:59,387 MatchingPostProcessor WARNING  Orphan pdf_cell 1072 recovered to col=1 by nearest-column fallback (row=25, x=667.9, dist=151.7)
2026-09-07 00:49:59,387 MatchingPostProcessor WARNING  Orphan pdf_cell 1073 recovered to col=1 by nearest-column fallback (row=25, x=678.9, dist=140.7)
2026-09-07 00:49:59,387 MatchingPostProcessor WARNING  Orphan pdf_cell 1074 recovered to col=1 by nearest-column fallback (row=25, x=689.9, dist=129.7)
2026-09-07 00:49:59,387 MatchingPostProcessor WARNING  Orphan pdf_cell 1075 recovered to col=1 by nearest-column fallback (row=25, x=700.9, dist=118.7)
2026-09-07 00:49:59,387 MatchingPostProcessor WARNING  Orphan pdf_cell 1076 recovered to col=1 by nearest-column fallback (row=25, x=711.9, dist=107.7)
2026-09-07 00:49:59,387 MatchingPostProcessor WARNING  Orphan pdf_cell 1077 recovered to col=1 by nearest-column fallback (row=25, x=722.9, dist=96.7)
2026-09-07 00:49:59,387 MatchingPostProcessor WARNING  Orphan pdf_cell 1078 recovered to col=1 by nearest-column fallback (row=25, x=733.9, dist=85.7)
2026-09-07 00:49:59,387 MatchingPostProcessor WARNING  Orphan pdf_cell 1079 recovered to col=1 by nearest-column fallback (row=25, x=744.9, dist=74.7)
2026-09-07 00:49:59,387 MatchingPostProcessor WARNING  Orphan pdf_cell 1080 recovered to col=1 by nearest-column fallback (row=25, x=755.9, dist=63.7)
2026-09-07 00:49:59,387 MatchingPostProcessor WARNING  Orphan pdf_cell 1081 recovered to col=1 by nearest-column fallback (row=25, x=766.9, dist=52.7)
2026-09-07 00:49:59,387 MatchingPostProcessor WARNING  Orphan pdf_cell 1082 recovered to col=1 by nearest-column fallback (row=25, x=777.9, dist=41.7)
2026-09-07 00:49:59,387 MatchingPostProcessor WARNING  Orphan pdf_cell 1083 recovered to col=1 by nearest-column fallback (row=25, x=788.9, dist=30.7)
2026-09-07 00:49:59,387 MatchingPostProcessor WARNING  Orphan pdf_cell 1108 recovered to col=1 by nearest-column fallback (row=26, x=590.9, dist=228.7)
2026-09-07 00:49:59,387 MatchingPostProcessor WARNING  Orphan pdf_cell 1109 recovered to col=1 by nearest-column fallback (row=26, x=601.9, dist=217.7)
2026-09-07 00:49:59,387 MatchingPostProcessor WARNING  Orphan pdf_cell 1110 recovered to col=1 by nearest-column fallback (row=26, x=612.9, dist=206.7)
2026-09-07 00:49:59,387 MatchingPostProcessor WARNING  Orphan pdf_cell 1111 recovered to col=1 by nearest-column fallback (row=26, x=623.9, dist=195.7)
2026-09-07 00:49:59,387 MatchingPostProcessor WARNING  Orphan pdf_cell 1112 recovered to col=1 by nearest-column fallback (row=26, x=634.9, dist=184.7)
2026-09-07 00:49:59,387 MatchingPostProcessor WARNING  Orphan pdf_cell 1113 recovered to col=1 by nearest-column fallback (row=26, x=645.9, dist=173.7)
2026-09-07 00:49:59,387 MatchingPostProcessor WARNING  Orphan pdf_cell 1114 recovered to col=1 by nearest-column fallback (row=26, x=656.9, dist=162.7)
2026-09-07 00:49:59,387 MatchingPostProcessor WARNING  Orphan pdf_cell 1115 recovered to col=1 by nearest-column fallback (row=26, x=667.9, dist=151.7)
2026-09-07 00:49:59,387 MatchingPostProcessor WARNING  Orphan pdf_cell 1116 recovered to col=1 by nearest-column fallback (row=26, x=678.9, dist=140.7)
2026-09-07 00:49:59,387 MatchingPostProcessor WARNING  Orphan pdf_cell 1117 recovered to col=1 by nearest-column fallback (row=26, x=689.9, dist=129.7)
2026-09-07 00:49:59,387 MatchingPostProcessor WARNING  Orphan pdf_cell 1118 recovered to col=1 by nearest-column fallback (row=26, x=700.9, dist=118.7)
2026-09-07 00:49:59,387 MatchingPostProcessor WARNING  Orphan pdf_cell 1119 recovered to col=1 by nearest-column fallback (row=26, x=711.9, dist=107.7)
2026-09-07 00:49:59,388 MatchingPostProcessor WARNING  Orphan pdf_cell 1120 recovered to col=1 by nearest-column fallback (row=26, x=722.9, dist=96.7)
2026-09-07 00:49:59,388 MatchingPostProcessor WARNING  Orphan pdf_cell 1121 recovered to col=1 by nearest-column fallback (row=26, x=733.9, dist=85.7)
2026-09-07 00:49:59,388 MatchingPostProcessor WARNING  Orphan pdf_cell 1122 recovered to col=1 by nearest-column fallback (row=26, x=744.9, dist=74.7)
2026-09-07 00:49:59,388 MatchingPostProcessor WARNING  Orphan pdf_cell 1123 recovered to col=1 by nearest-column fallback (row=26, x=755.9, dist=63.7)
2026-09-07 00:49:59,388 MatchingPostProcessor WARNING  Orphan pdf_cell 1124 recovered to col=1 by nearest-column fallback (row=26, x=766.9, dist=52.7)
2026-09-07 00:49:59,388 MatchingPostProcessor WARNING  Orphan pdf_cell 1125 recovered to col=1 by nearest-column fallback (row=26, x=777.9, dist=41.7)
2026-09-07 00:49:59,388 MatchingPostProcessor WARNING  Orphan pdf_cell 1126 recovered to col=1 by nearest-column fallback (row=26, x=788.9, dist=30.7)
2026-09-07 00:49:59,388 MatchingPostProcessor WARNING  Orphan pdf_cell 1136 recovered to col=1 by nearest-column fallback (row=27, x=590.9, dist=228.7)
2026-09-07 00:49:59,388 MatchingPostProcessor WARNING  Orphan pdf_cell 1137 recovered to col=1 by nearest-column fallback (row=27, x=601.9, dist=217.7)
2026-09-07 00:49:59,388 MatchingPostProcessor WARNING  Orphan pdf_cell 1138 recovered to col=1 by nearest-column fallback (row=27, x=612.9, dist=206.7)
2026-09-07 00:49:59,388 MatchingPostProcessor WARNING  Orphan pdf_cell 1139 recovered to col=1 by nearest-column fallback (row=27, x=623.9, dist=195.7)
2026-09-07 00:49:59,388 MatchingPostProcessor WARNING  Orphan pdf_cell 1140 recovered to col=1 by nearest-column fallback (row=27, x=634.9, dist=184.7)
2026-09-07 00:49:59,388 MatchingPostProcessor WARNING  Orphan pdf_cell 1141 recovered to col=1 by nearest-column fallback (row=27, x=645.9, dist=173.7)
2026-09-07 00:49:59,388 MatchingPostProcessor WARNING  Orphan pdf_cell 1142 recovered to col=1 by nearest-column fallback (row=27, x=656.9, dist=162.7)
2026-09-07 00:49:59,388 MatchingPostProcessor WARNING  Orphan pdf_cell 1143 recovered to col=1 by nearest-column fallback (row=27, x=667.9, dist=151.7)
2026-09-07 00:49:59,388 MatchingPostProcessor WARNING  Orphan pdf_cell 1144 recovered to col=1 by nearest-column fallback (row=27, x=678.9, dist=140.7)
2026-09-07 00:49:59,388 MatchingPostProcessor WARNING  Orphan pdf_cell 1145 recovered to col=1 by nearest-column fallback (row=27, x=689.9, dist=129.7)
2026-09-07 00:49:59,388 MatchingPostProcessor WARNING  Orphan pdf_cell 1146 recovered to col=1 by nearest-column fallback (row=27, x=700.9, dist=118.7)
2026-09-07 00:49:59,388 MatchingPostProcessor WARNING  Orphan pdf_cell 1147 recovered to col=1 by nearest-column fallback (row=27, x=711.9, dist=107.7)
2026-09-07 00:49:59,388 MatchingPostProcessor WARNING  Orphan pdf_cell 1148 recovered to col=1 by nearest-column fallback (row=27, x=722.9, dist=96.7)
2026-09-07 00:49:59,388 MatchingPostProcessor WARNING  Orphan pdf_cell 1149 recovered to col=1 by nearest-column fallback (row=27, x=733.9, dist=85.7)
2026-09-07 00:49:59,388 MatchingPostProcessor WARNING  Orphan pdf_cell 1150 recovered to col=1 by nearest-column fallback (row=27, x=744.9, dist=74.7)
2026-09-07 00:49:59,388 MatchingPostProcessor WARNING  Orphan pdf_cell 1151 recovered to col=1 by nearest-column fallback (row=27, x=755.9, dist=63.7)
2026-09-07 00:49:59,388 MatchingPostProcessor WARNING  Orphan pdf_cell 1152 recovered to col=1 by nearest-column fallback (row=27, x=766.9, dist=52.7)
2026-09-07 00:49:59,388 MatchingPostProcessor WARNING  Orphan pdf_cell 1153 recovered to col=1 by nearest-column fallback (row=27, x=777.9, dist=41.7)
2026-09-07 00:49:59,388 MatchingPostProcessor WARNING  Orphan pdf_cell 1154 recovered to col=1 by nearest-column fallback (row=27, x=788.9, dist=30.7)
2026-09-07 00:49:59,388 MatchingPostProcessor WARNING  Orphan pdf_cell 1173 recovered to col=1 by nearest-column fallback (row=28, x=590.9, dist=228.7)
2026-09-07 00:49:59,388 MatchingPostProcessor WARNING  Orphan pdf_cell 1174 recovered to col=1 by nearest-column fallback (row=28, x=601.9, dist=217.7)
2026-09-07 00:49:59,388 MatchingPostProcessor WARNING  Orphan pdf_cell 1175 recovered to col=1 by nearest-column fallback (row=28, x=612.9, dist=206.7)
2026-09-07 00:49:59,388 MatchingPostProcessor WARNING  Orphan pdf_cell 1176 recovered to col=1 by nearest-column fallback (row=28, x=623.9, dist=195.7)
2026-09-07 00:49:59,388 MatchingPostProcessor WARNING  Orphan pdf_cell 1177 recovered to col=1 by nearest-column fallback (row=28, x=634.9, dist=184.7)
2026-09-07 00:49:59,388 MatchingPostProcessor WARNING  Orphan pdf_cell 1178 recovered to col=1 by nearest-column fallback (row=28, x=645.9, dist=173.7)
2026-09-07 00:49:59,388 MatchingPostProcessor WARNING  Orphan pdf_cell 1179 recovered to col=1 by nearest-column fallback (row=28, x=656.9, dist=162.7)
2026-09-07 00:49:59,388 MatchingPostProcessor WARNING  Orphan pdf_cell 1180 recovered to col=1 by nearest-column fallback (row=28, x=667.9, dist=151.7)
2026-09-07 00:49:59,388 MatchingPostProcessor WARNING  Orphan pdf_cell 1181 recovered to col=1 by nearest-column fallback (row=28, x=678.9, dist=140.7)
2026-09-07 00:49:59,388 MatchingPostProcessor WARNING  Orphan pdf_cell 1182 recovered to col=1 by nearest-column fallback (row=28, x=689.9, dist=129.7)
2026-09-07 00:49:59,388 MatchingPostProcessor WARNING  Orphan pdf_cell 1183 recovered to col=1 by nearest-column fallback (row=28, x=700.9, dist=118.7)
2026-09-07 00:49:59,389 MatchingPostProcessor WARNING  Orphan pdf_cell 1184 recovered to col=1 by nearest-column fallback (row=28, x=711.9, dist=107.7)
2026-09-07 00:49:59,389 MatchingPostProcessor WARNING  Orphan pdf_cell 1185 recovered to col=1 by nearest-column fallback (row=28, x=722.9, dist=96.7)
2026-09-07 00:49:59,389 MatchingPostProcessor WARNING  Orphan pdf_cell 1186 recovered to col=1 by nearest-column fallback (row=28, x=733.9, dist=85.7)
2026-09-07 00:49:59,389 MatchingPostProcessor WARNING  Orphan pdf_cell 1187 recovered to col=1 by nearest-column fallback (row=28, x=744.9, dist=74.7)
2026-09-07 00:49:59,389 MatchingPostProcessor WARNING  Orphan pdf_cell 1188 recovered to col=1 by nearest-column fallback (row=28, x=755.9, dist=63.7)
2026-09-07 00:49:59,389 MatchingPostProcessor WARNING  Orphan pdf_cell 1189 recovered to col=1 by nearest-column fallback (row=28, x=766.9, dist=52.7)
2026-09-07 00:49:59,389 MatchingPostProcessor WARNING  Orphan pdf_cell 1190 recovered to col=1 by nearest-column fallback (row=28, x=777.9, dist=41.7)
2026-09-07 00:49:59,389 MatchingPostProcessor WARNING  Orphan pdf_cell 1191 recovered to col=1 by nearest-column fallback (row=28, x=788.9, dist=30.7)
2026-09-07 00:49:59,389 MatchingPostProcessor WARNING  Orphan pdf_cell 1208 recovered to col=1 by nearest-column fallback (row=29, x=591.0, dist=228.6)
2026-09-07 00:49:59,389 MatchingPostProcessor WARNING  Orphan pdf_cell 1209 recovered to col=1 by nearest-column fallback (row=29, x=602.0, dist=217.6)
2026-09-07 00:49:59,389 MatchingPostProcessor WARNING  Orphan pdf_cell 1210 recovered to col=1 by nearest-column fallback (row=29, x=613.0, dist=206.6)
2026-09-07 00:49:59,389 MatchingPostProcessor WARNING  Orphan pdf_cell 1211 recovered to col=1 by nearest-column fallback (row=29, x=624.0, dist=195.6)
2026-09-07 00:49:59,389 MatchingPostProcessor WARNING  Orphan pdf_cell 1212 recovered to col=1 by nearest-column fallback (row=29, x=635.0, dist=184.6)
2026-09-07 00:49:59,389 MatchingPostProcessor WARNING  Orphan pdf_cell 1213 recovered to col=1 by nearest-column fallback (row=29, x=646.0, dist=173.6)
2026-09-07 00:49:59,389 MatchingPostProcessor WARNING  Orphan pdf_cell 1214 recovered to col=1 by nearest-column fallback (row=29, x=657.0, dist=162.6)
2026-09-07 00:49:59,389 MatchingPostProcessor WARNING  Orphan pdf_cell 1215 recovered to col=1 by nearest-column fallback (row=29, x=668.0, dist=151.6)
2026-09-07 00:49:59,389 MatchingPostProcessor WARNING  Orphan pdf_cell 1216 recovered to col=1 by nearest-column fallback (row=29, x=679.0, dist=140.6)
2026-09-07 00:49:59,389 MatchingPostProcessor WARNING  Orphan pdf_cell 1217 recovered to col=1 by nearest-column fallback (row=29, x=690.0, dist=129.6)
2026-09-07 00:49:59,389 MatchingPostProcessor WARNING  Orphan pdf_cell 1218 recovered to col=1 by nearest-column fallback (row=29, x=701.0, dist=118.6)
2026-09-07 00:49:59,389 MatchingPostProcessor WARNING  Orphan pdf_cell 1219 recovered to col=1 by nearest-column fallback (row=29, x=712.0, dist=107.6)
2026-09-07 00:49:59,389 MatchingPostProcessor WARNING  Orphan pdf_cell 1220 recovered to col=1 by nearest-column fallback (row=29, x=723.0, dist=96.6)
2026-09-07 00:49:59,389 MatchingPostProcessor WARNING  Orphan pdf_cell 1221 recovered to col=1 by nearest-column fallback (row=29, x=734.0, dist=85.6)
2026-09-07 00:49:59,389 MatchingPostProcessor WARNING  Orphan pdf_cell 1222 recovered to col=1 by nearest-column fallback (row=29, x=745.0, dist=74.6)
2026-09-07 00:49:59,389 MatchingPostProcessor WARNING  Orphan pdf_cell 1223 recovered to col=1 by nearest-column fallback (row=29, x=756.0, dist=63.6)
2026-09-07 00:49:59,389 MatchingPostProcessor WARNING  Orphan pdf_cell 1224 recovered to col=1 by nearest-column fallback (row=29, x=767.0, dist=52.6)
2026-09-07 00:49:59,389 MatchingPostProcessor WARNING  Orphan pdf_cell 1225 recovered to col=1 by nearest-column fallback (row=29, x=778.0, dist=41.6)
2026-09-07 00:49:59,389 MatchingPostProcessor WARNING  Orphan pdf_cell 1226 recovered to col=1 by nearest-column fallback (row=29, x=789.0, dist=30.6)
2026-09-07 00:49:59,390 MatchingPostProcessor WARNING  Orphan pdf_cell 1254 recovered to col=1 by nearest-column fallback (row=30, x=590.9, dist=228.7)
2026-09-07 00:49:59,390 MatchingPostProcessor WARNING  Orphan pdf_cell 1255 recovered to col=1 by nearest-column fallback (row=30, x=601.9, dist=217.7)
2026-09-07 00:49:59,390 MatchingPostProcessor WARNING  Orphan pdf_cell 1256 recovered to col=1 by nearest-column fallback (row=30, x=612.9, dist=206.7)
2026-09-07 00:49:59,390 MatchingPostProcessor WARNING  Orphan pdf_cell 1257 recovered to col=1 by nearest-column fallback (row=30, x=623.9, dist=195.7)
2026-09-07 00:49:59,390 MatchingPostProcessor WARNING  Orphan pdf_cell 1258 recovered to col=1 by nearest-column fallback (row=30, x=634.9, dist=184.7)
2026-09-07 00:49:59,390 MatchingPostProcessor WARNING  Orphan pdf_cell 1259 recovered to col=1 by nearest-column fallback (row=30, x=645.9, dist=173.7)
2026-09-07 00:49:59,390 MatchingPostProcessor WARNING  Orphan pdf_cell 1260 recovered to col=1 by nearest-column fallback (row=30, x=656.9, dist=162.7)
2026-09-07 00:49:59,390 MatchingPostProcessor WARNING  Orphan pdf_cell 1261 recovered to col=1 by nearest-column fallback (row=30, x=667.9, dist=151.7)
2026-09-07 00:49:59,390 MatchingPostProcessor WARNING  Orphan pdf_cell 1262 recovered to col=1 by nearest-column fallback (row=30, x=678.9, dist=140.7)
2026-09-07 00:49:59,390 MatchingPostProcessor WARNING  Orphan pdf_cell 1263 recovered to col=1 by nearest-column fallback (row=30, x=689.9, dist=129.7)
2026-09-07 00:49:59,390 MatchingPostProcessor WARNING  Orphan pdf_cell 1264 recovered to col=1 by nearest-column fallback (row=30, x=700.9, dist=118.7)
2026-09-07 00:49:59,390 MatchingPostProcessor WARNING  Orphan pdf_cell 1265 recovered to col=1 by nearest-column fallback (row=30, x=711.9, dist=107.7)
2026-09-07 00:49:59,390 MatchingPostProcessor WARNING  Orphan pdf_cell 1266 recovered to col=1 by nearest-column fallback (row=30, x=722.9, dist=96.7)
2026-09-07 00:49:59,390 MatchingPostProcessor WARNING  Orphan pdf_cell 1267 recovered to col=1 by nearest-column fallback (row=30, x=733.9, dist=85.7)
2026-09-07 00:49:59,390 MatchingPostProcessor WARNING  Orphan pdf_cell 1268 recovered to col=1 by nearest-column fallback (row=30, x=744.9, dist=74.7)
2026-09-07 00:49:59,390 MatchingPostProcessor WARNING  Orphan pdf_cell 1269 recovered to col=1 by nearest-column fallback (row=30, x=755.9, dist=63.7)
2026-09-07 00:49:59,390 MatchingPostProcessor WARNING  Orphan pdf_cell 1270 recovered to col=1 by nearest-column fallback (row=30, x=766.9, dist=52.7)
2026-09-07 00:49:59,390 MatchingPostProcessor WARNING  Orphan pdf_cell 1271 recovered to col=1 by nearest-column fallback (row=30, x=777.9, dist=41.7)
2026-09-07 00:49:59,390 MatchingPostProcessor WARNING  Orphan pdf_cell 1272 recovered to col=1 by nearest-column fallback (row=30, x=788.9, dist=30.7)
2026-09-07 00:49:59,390 MatchingPostProcessor WARNING  Orphan pdf_cell 1306 recovered to col=1 by nearest-column fallback (row=31, x=590.9, dist=228.7)
2026-09-07 00:49:59,390 MatchingPostProcessor WARNING  Orphan pdf_cell 1307 recovered to col=1 by nearest-column fallback (row=31, x=601.9, dist=217.7)
2026-09-07 00:49:59,390 MatchingPostProcessor WARNING  Orphan pdf_cell 1308 recovered to col=1 by nearest-column fallback (row=31, x=612.9, dist=206.7)
2026-09-07 00:49:59,390 MatchingPostProcessor WARNING  Orphan pdf_cell 1309 recovered to col=1 by nearest-column fallback (row=31, x=623.9, dist=195.7)
2026-09-07 00:49:59,390 MatchingPostProcessor WARNING  Orphan pdf_cell 1310 recovered to col=1 by nearest-column fallback (row=31, x=634.9, dist=184.7)
2026-09-07 00:49:59,390 MatchingPostProcessor WARNING  Orphan pdf_cell 1311 recovered to col=1 by nearest-column fallback (row=31, x=645.9, dist=173.7)
2026-09-07 00:49:59,390 MatchingPostProcessor WARNING  Orphan pdf_cell 1312 recovered to col=1 by nearest-column fallback (row=31, x=656.9, dist=162.7)
2026-09-07 00:49:59,390 MatchingPostProcessor WARNING  Orphan pdf_cell 1313 recovered to col=1 by nearest-column fallback (row=31, x=667.9, dist=151.7)
2026-09-07 00:49:59,391 MatchingPostProcessor WARNING  Orphan pdf_cell 1314 recovered to col=1 by nearest-column fallback (row=31, x=678.9, dist=140.7)
2026-09-07 00:49:59,391 MatchingPostProcessor WARNING  Orphan pdf_cell 1315 recovered to col=1 by nearest-column fallback (row=31, x=689.9, dist=129.7)
2026-09-07 00:49:59,391 MatchingPostProcessor WARNING  Orphan pdf_cell 1316 recovered to col=1 by nearest-column fallback (row=31, x=700.9, dist=118.7)
2026-09-07 00:49:59,391 MatchingPostProcessor WARNING  Orphan pdf_cell 1317 recovered to col=1 by nearest-column fallback (row=31, x=711.9, dist=107.7)
2026-09-07 00:49:59,391 MatchingPostProcessor WARNING  Orphan pdf_cell 1318 recovered to col=1 by nearest-column fallback (row=31, x=722.9, dist=96.7)
2026-09-07 00:49:59,391 MatchingPostProcessor WARNING  Orphan pdf_cell 1319 recovered to col=1 by nearest-column fallback (row=31, x=733.9, dist=85.7)
2026-09-07 00:49:59,391 MatchingPostProcessor WARNING  Orphan pdf_cell 1320 recovered to col=1 by nearest-column fallback (row=31, x=744.9, dist=74.7)
2026-09-07 00:49:59,391 MatchingPostProcessor WARNING  Orphan pdf_cell 1321 recovered to col=1 by nearest-column fallback (row=31, x=755.9, dist=63.7)
2026-09-07 00:49:59,391 MatchingPostProcessor WARNING  Orphan pdf_cell 1322 recovered to col=1 by nearest-column fallback (row=31, x=766.9, dist=52.7)
2026-09-07 00:49:59,391 MatchingPostProcessor WARNING  Orphan pdf_cell 1323 recovered to col=1 by nearest-column fallback (row=31, x=777.9, dist=41.7)
2026-09-07 00:49:59,391 MatchingPostProcessor WARNING  Orphan pdf_cell 1324 recovered to col=1 by nearest-column fallback (row=31, x=788.9, dist=30.7)
2026-09-07 00:49:59,391 MatchingPostProcessor WARNING  Orphan pdf_cell 1356 recovered to col=1 by nearest-column fallback (row=32, x=590.9, dist=228.7)
2026-09-07 00:49:59,391 MatchingPostProcessor WARNING  Orphan pdf_cell 1357 recovered to col=1 by nearest-column fallback (row=32, x=601.9, dist=217.7)
2026-09-07 00:49:59,391 MatchingPostProcessor WARNING  Orphan pdf_cell 1358 recovered to col=1 by nearest-column fallback (row=32, x=612.9, dist=206.7)
2026-09-07 00:49:59,391 MatchingPostProcessor WARNING  Orphan pdf_cell 1359 recovered to col=1 by nearest-column fallback (row=32, x=623.9, dist=195.7)
2026-09-07 00:49:59,391 MatchingPostProcessor WARNING  Orphan pdf_cell 1360 recovered to col=1 by nearest-column fallback (row=32, x=634.9, dist=184.7)
2026-09-07 00:49:59,391 MatchingPostProcessor WARNING  Orphan pdf_cell 1361 recovered to col=1 by nearest-column fallback (row=32, x=645.9, dist=173.7)
2026-09-07 00:49:59,391 MatchingPostProcessor WARNING  Orphan pdf_cell 1362 recovered to col=1 by nearest-column fallback (row=32, x=656.9, dist=162.7)
2026-09-07 00:49:59,391 MatchingPostProcessor WARNING  Orphan pdf_cell 1363 recovered to col=1 by nearest-column fallback (row=32, x=667.9, dist=151.7)
2026-09-07 00:49:59,391 MatchingPostProcessor WARNING  Orphan pdf_cell 1364 recovered to col=1 by nearest-column fallback (row=32, x=678.9, dist=140.7)
2026-09-07 00:49:59,391 MatchingPostProcessor WARNING  Orphan pdf_cell 1365 recovered to col=1 by nearest-column fallback (row=32, x=689.9, dist=129.7)
2026-09-07 00:49:59,391 MatchingPostProcessor WARNING  Orphan pdf_cell 1366 recovered to col=1 by nearest-column fallback (row=32, x=700.9, dist=118.7)
2026-09-07 00:49:59,391 MatchingPostProcessor WARNING  Orphan pdf_cell 1367 recovered to col=1 by nearest-column fallback (row=32, x=711.9, dist=107.7)
2026-09-07 00:49:59,391 MatchingPostProcessor WARNING  Orphan pdf_cell 1368 recovered to col=1 by nearest-column fallback (row=32, x=722.9, dist=96.7)
2026-09-07 00:49:59,391 MatchingPostProcessor WARNING  Orphan pdf_cell 1369 recovered to col=1 by nearest-column fallback (row=32, x=733.9, dist=85.7)
2026-09-07 00:49:59,391 MatchingPostProcessor WARNING  Orphan pdf_cell 1370 recovered to col=1 by nearest-column fallback (row=32, x=744.9, dist=74.7)
2026-09-07 00:49:59,391 MatchingPostProcessor WARNING  Orphan pdf_cell 1371 recovered to col=1 by nearest-column fallback (row=32, x=755.9, dist=63.7)
2026-09-07 00:49:59,391 MatchingPostProcessor WARNING  Orphan pdf_cell 1372 recovered to col=1 by nearest-column fallback (row=32, x=766.9, dist=52.7)
2026-09-07 00:49:59,392 MatchingPostProcessor WARNING  Orphan pdf_cell 1373 recovered to col=1 by nearest-column fallback (row=32, x=777.9, dist=41.7)
2026-09-07 00:49:59,392 MatchingPostProcessor WARNING  Orphan pdf_cell 1374 recovered to col=1 by nearest-column fallback (row=32, x=788.9, dist=30.7)
2026-09-07 00:49:59,392 MatchingPostProcessor WARNING  Orphan pdf_cell 1404 recovered to col=1 by nearest-column fallback (row=33, x=590.9, dist=228.7)
2026-09-07 00:49:59,392 MatchingPostProcessor WARNING  Orphan pdf_cell 1405 recovered to col=1 by nearest-column fallback (row=33, x=601.9, dist=217.7)
2026-09-07 00:49:59,392 MatchingPostProcessor WARNING  Orphan pdf_cell 1406 recovered to col=1 by nearest-column fallback (row=33, x=612.9, dist=206.7)
2026-09-07 00:49:59,392 MatchingPostProcessor WARNING  Orphan pdf_cell 1407 recovered to col=1 by nearest-column fallback (row=33, x=623.9, dist=195.7)
2026-09-07 00:49:59,392 MatchingPostProcessor WARNING  Orphan pdf_cell 1408 recovered to col=1 by nearest-column fallback (row=33, x=634.9, dist=184.7)
2026-09-07 00:49:59,392 MatchingPostProcessor WARNING  Orphan pdf_cell 1409 recovered to col=1 by nearest-column fallback (row=33, x=645.9, dist=173.7)
2026-09-07 00:49:59,392 MatchingPostProcessor WARNING  Orphan pdf_cell 1410 recovered to col=1 by nearest-column fallback (row=33, x=656.9, dist=162.7)
2026-09-07 00:49:59,392 MatchingPostProcessor WARNING  Orphan pdf_cell 1411 recovered to col=1 by nearest-column fallback (row=33, x=667.9, dist=151.7)
2026-09-07 00:49:59,392 MatchingPostProcessor WARNING  Orphan pdf_cell 1412 recovered to col=1 by nearest-column fallback (row=33, x=678.9, dist=140.7)
2026-09-07 00:49:59,392 MatchingPostProcessor WARNING  Orphan pdf_cell 1413 recovered to col=1 by nearest-column fallback (row=33, x=689.9, dist=129.7)
2026-09-07 00:49:59,392 MatchingPostProcessor WARNING  Orphan pdf_cell 1414 recovered to col=1 by nearest-column fallback (row=33, x=700.9, dist=118.7)
2026-09-07 00:49:59,392 MatchingPostProcessor WARNING  Orphan pdf_cell 1415 recovered to col=1 by nearest-column fallback (row=33, x=711.9, dist=107.7)
2026-09-07 00:49:59,392 MatchingPostProcessor WARNING  Orphan pdf_cell 1416 recovered to col=1 by nearest-column fallback (row=33, x=722.9, dist=96.7)
2026-09-07 00:49:59,392 MatchingPostProcessor WARNING  Orphan pdf_cell 1417 recovered to col=1 by nearest-column fallback (row=33, x=733.9, dist=85.7)
2026-09-07 00:49:59,392 MatchingPostProcessor WARNING  Orphan pdf_cell 1418 recovered to col=1 by nearest-column fallback (row=33, x=744.9, dist=74.7)
2026-09-07 00:49:59,392 MatchingPostProcessor WARNING  Orphan pdf_cell 1419 recovered to col=1 by nearest-column fallback (row=33, x=755.9, dist=63.7)
2026-09-07 00:49:59,392 MatchingPostProcessor WARNING  Orphan pdf_cell 1420 recovered to col=1 by nearest-column fallback (row=33, x=766.9, dist=52.7)
2026-09-07 00:49:59,392 MatchingPostProcessor WARNING  Orphan pdf_cell 1421 recovered to col=1 by nearest-column fallback (row=33, x=777.9, dist=41.7)
2026-09-07 00:49:59,392 MatchingPostProcessor WARNING  Orphan pdf_cell 1422 recovered to col=1 by nearest-column fallback (row=33, x=788.9, dist=30.7)
2026-09-07 00:49:59,393 MatchingPostProcessor WARNING  Orphan pdf_cell 1457 recovered to col=1 by nearest-column fallback (row=34, x=590.9, dist=228.7)
2026-09-07 00:49:59,393 MatchingPostProcessor WARNING  Orphan pdf_cell 1458 recovered to col=1 by nearest-column fallback (row=34, x=601.9, dist=217.7)
2026-09-07 00:49:59,393 MatchingPostProcessor WARNING  Orphan pdf_cell 1459 recovered to col=1 by nearest-column fallback (row=34, x=612.9, dist=206.7)
2026-09-07 00:49:59,393 MatchingPostProcessor WARNING  Orphan pdf_cell 1460 recovered to col=1 by nearest-column fallback (row=34, x=623.9, dist=195.7)
2026-09-07 00:49:59,393 MatchingPostProcessor WARNING  Orphan pdf_cell 1461 recovered to col=1 by nearest-column fallback (row=34, x=634.9, dist=184.7)
2026-09-07 00:49:59,393 MatchingPostProcessor WARNING  Orphan pdf_cell 1462 recovered to col=1 by nearest-column fallback (row=34, x=645.9, dist=173.7)
2026-09-07 00:49:59,393 MatchingPostProcessor WARNING  Orphan pdf_cell 1463 recovered to col=1 by nearest-column fallback (row=34, x=656.9, dist=162.7)
2026-09-07 00:49:59,393 MatchingPostProcessor WARNING  Orphan pdf_cell 1464 recovered to col=1 by nearest-column fallback (row=34, x=667.9, dist=151.7)
2026-09-07 00:49:59,393 MatchingPostProcessor WARNING  Orphan pdf_cell 1465 recovered to col=1 by nearest-column fallback (row=34, x=678.9, dist=140.7)
2026-09-07 00:49:59,393 MatchingPostProcessor WARNING  Orphan pdf_cell 1466 recovered to col=1 by nearest-column fallback (row=34, x=689.9, dist=129.7)
2026-09-07 00:49:59,393 MatchingPostProcessor WARNING  Orphan pdf_cell 1467 recovered to col=1 by nearest-column fallback (row=34, x=700.9, dist=118.7)
2026-09-07 00:49:59,393 MatchingPostProcessor WARNING  Orphan pdf_cell 1468 recovered to col=1 by nearest-column fallback (row=34, x=711.9, dist=107.7)
2026-09-07 00:49:59,393 MatchingPostProcessor WARNING  Orphan pdf_cell 1469 recovered to col=1 by nearest-column fallback (row=34, x=722.9, dist=96.7)
2026-09-07 00:49:59,393 MatchingPostProcessor WARNING  Orphan pdf_cell 1470 recovered to col=1 by nearest-column fallback (row=34, x=733.9, dist=85.7)
2026-09-07 00:49:59,393 MatchingPostProcessor WARNING  Orphan pdf_cell 1471 recovered to col=1 by nearest-column fallback (row=34, x=744.9, dist=74.7)
2026-09-07 00:49:59,393 MatchingPostProcessor WARNING  Orphan pdf_cell 1472 recovered to col=1 by nearest-column fallback (row=34, x=755.9, dist=63.7)
2026-09-07 00:49:59,393 MatchingPostProcessor WARNING  Orphan pdf_cell 1473 recovered to col=1 by nearest-column fallback (row=34, x=766.9, dist=52.7)
2026-09-07 00:49:59,393 MatchingPostProcessor WARNING  Orphan pdf_cell 1474 recovered to col=1 by nearest-column fallback (row=34, x=777.9, dist=41.7)
2026-09-07 00:49:59,393 MatchingPostProcessor WARNING  Orphan pdf_cell 1475 recovered to col=1 by nearest-column fallback (row=34, x=788.9, dist=30.7)
2026-09-07 00:49:59,393 MatchingPostProcessor WARNING  Orphan pdf_cell 1491 recovered to col=1 by nearest-column fallback (row=35, x=591.0, dist=228.7)
2026-09-07 00:49:59,393 MatchingPostProcessor WARNING  Orphan pdf_cell 1492 recovered to col=1 by nearest-column fallback (row=35, x=602.0, dist=217.7)
2026-09-07 00:49:59,393 MatchingPostProcessor WARNING  Orphan pdf_cell 1493 recovered to col=1 by nearest-column fallback (row=35, x=613.0, dist=206.7)
2026-09-07 00:49:59,393 MatchingPostProcessor WARNING  Orphan pdf_cell 1494 recovered to col=1 by nearest-column fallback (row=35, x=624.0, dist=195.7)
2026-09-07 00:49:59,393 MatchingPostProcessor WARNING  Orphan pdf_cell 1495 recovered to col=1 by nearest-column fallback (row=35, x=635.0, dist=184.7)
2026-09-07 00:49:59,393 MatchingPostProcessor WARNING  Orphan pdf_cell 1496 recovered to col=1 by nearest-column fallback (row=35, x=646.0, dist=173.7)
2026-09-07 00:49:59,393 MatchingPostProcessor WARNING  Orphan pdf_cell 1497 recovered to col=1 by nearest-column fallback (row=35, x=657.0, dist=162.7)
2026-09-07 00:49:59,393 MatchingPostProcessor WARNING  Orphan pdf_cell 1498 recovered to col=1 by nearest-column fallback (row=35, x=668.0, dist=151.7)
2026-09-07 00:49:59,393 MatchingPostProcessor WARNING  Orphan pdf_cell 1499 recovered to col=1 by nearest-column fallback (row=35, x=679.0, dist=140.7)
2026-09-07 00:49:59,393 MatchingPostProcessor WARNING  Orphan pdf_cell 1500 recovered to col=1 by nearest-column fallback (row=35, x=690.0, dist=129.7)
2026-09-07 00:49:59,394 MatchingPostProcessor WARNING  Orphan pdf_cell 1501 recovered to col=1 by nearest-column fallback (row=35, x=701.0, dist=118.7)
2026-09-07 00:49:59,394 MatchingPostProcessor WARNING  Orphan pdf_cell 1502 recovered to col=1 by nearest-column fallback (row=35, x=712.0, dist=107.7)
2026-09-07 00:49:59,394 MatchingPostProcessor WARNING  Orphan pdf_cell 1503 recovered to col=1 by nearest-column fallback (row=35, x=723.0, dist=96.7)
2026-09-07 00:49:59,394 MatchingPostProcessor WARNING  Orphan pdf_cell 1504 recovered to col=1 by nearest-column fallback (row=35, x=734.0, dist=85.7)
2026-09-07 00:49:59,394 MatchingPostProcessor WARNING  Orphan pdf_cell 1505 recovered to col=1 by nearest-column fallback (row=35, x=745.0, dist=74.7)
2026-09-07 00:49:59,394 MatchingPostProcessor WARNING  Orphan pdf_cell 1506 recovered to col=1 by nearest-column fallback (row=35, x=756.0, dist=63.7)
2026-09-07 00:49:59,394 MatchingPostProcessor WARNING  Orphan pdf_cell 1507 recovered to col=1 by nearest-column fallback (row=35, x=767.0, dist=52.7)
2026-09-07 00:49:59,394 MatchingPostProcessor WARNING  Orphan pdf_cell 1508 recovered to col=1 by nearest-column fallback (row=35, x=778.0, dist=41.7)
2026-09-07 00:49:59,394 MatchingPostProcessor WARNING  Orphan pdf_cell 1509 recovered to col=1 by nearest-column fallback (row=35, x=789.0, dist=30.7)
2026-09-07 00:49:59,394 MatchingPostProcessor WARNING  Orphan pdf_cell 1523 recovered to col=1 by nearest-column fallback (row=36, x=590.9, dist=228.7)
2026-09-07 00:49:59,394 MatchingPostProcessor WARNING  Orphan pdf_cell 1524 recovered to col=1 by nearest-column fallback (row=36, x=601.9, dist=217.7)
2026-09-07 00:49:59,394 MatchingPostProcessor WARNING  Orphan pdf_cell 1525 recovered to col=1 by nearest-column fallback (row=36, x=612.9, dist=206.7)
2026-09-07 00:49:59,394 MatchingPostProcessor WARNING  Orphan pdf_cell 1526 recovered to col=1 by nearest-column fallback (row=36, x=623.9, dist=195.7)
2026-09-07 00:49:59,394 MatchingPostProcessor WARNING  Orphan pdf_cell 1527 recovered to col=1 by nearest-column fallback (row=36, x=634.9, dist=184.7)
2026-09-07 00:49:59,394 MatchingPostProcessor WARNING  Orphan pdf_cell 1528 recovered to col=1 by nearest-column fallback (row=36, x=645.9, dist=173.7)
2026-09-07 00:49:59,394 MatchingPostProcessor WARNING  Orphan pdf_cell 1529 recovered to col=1 by nearest-column fallback (row=36, x=656.9, dist=162.7)
2026-09-07 00:49:59,394 MatchingPostProcessor WARNING  Orphan pdf_cell 1530 recovered to col=1 by nearest-column fallback (row=36, x=667.9, dist=151.7)
2026-09-07 00:49:59,394 MatchingPostProcessor WARNING  Orphan pdf_cell 1531 recovered to col=1 by nearest-column fallback (row=36, x=678.9, dist=140.7)
2026-09-07 00:49:59,394 MatchingPostProcessor WARNING  Orphan pdf_cell 1532 recovered to col=1 by nearest-column fallback (row=36, x=689.9, dist=129.7)
2026-09-07 00:49:59,394 MatchingPostProcessor WARNING  Orphan pdf_cell 1533 recovered to col=1 by nearest-column fallback (row=36, x=700.9, dist=118.7)
2026-09-07 00:49:59,394 MatchingPostProcessor WARNING  Orphan pdf_cell 1534 recovered to col=1 by nearest-column fallback (row=36, x=711.9, dist=107.7)
2026-09-07 00:49:59,394 MatchingPostProcessor WARNING  Orphan pdf_cell 1535 recovered to col=1 by nearest-column fallback (row=36, x=722.9, dist=96.7)
2026-09-07 00:49:59,394 MatchingPostProcessor WARNING  Orphan pdf_cell 1536 recovered to col=1 by nearest-column fallback (row=36, x=733.9, dist=85.8)
2026-09-07 00:49:59,394 MatchingPostProcessor WARNING  Orphan pdf_cell 1537 recovered to col=1 by nearest-column fallback (row=36, x=744.9, dist=74.8)
2026-09-07 00:49:59,394 MatchingPostProcessor WARNING  Orphan pdf_cell 1538 recovered to col=1 by nearest-column fallback (row=36, x=755.8, dist=63.8)
2026-09-07 00:49:59,394 MatchingPostProcessor WARNING  Orphan pdf_cell 1539 recovered to col=1 by nearest-column fallback (row=36, x=766.8, dist=52.8)
2026-09-07 00:49:59,394 MatchingPostProcessor WARNING  Orphan pdf_cell 1540 recovered to col=1 by nearest-column fallback (row=36, x=777.8, dist=41.8)
2026-09-07 00:49:59,394 MatchingPostProcessor WARNING  Orphan pdf_cell 1541 recovered to col=1 by nearest-column fallback (row=36, x=788.8, dist=30.8)
2026-09-07 00:50:16,625 MatchingPostProcessor WARNING  Orphan pdf_cell 53 recovered to row=3 by nearest-row fallback (col=0, y=355.4, dist=22.0)
2026-09-07 00:50:16,625 MatchingPostProcessor WARNING  Orphan pdf_cell 54 recovered to row=3 by nearest-row fallback (col=1, y=355.4, dist=22.0)
2026-09-07 00:50:16,625 MatchingPostProcessor WARNING  Orphan pdf_cell 55 recovered to row=3 by nearest-row fallback (col=2, y=355.4, dist=22.0)
2026-09-07 00:50:16,625 MatchingPostProcessor WARNING  Orphan pdf_cell 56 recovered to row=3 by nearest-row fallback (col=3, y=355.4, dist=22.0)
2026-09-07 00:50:16,625 MatchingPostProcessor WARNING  Orphan pdf_cell 57 recovered to row=3 by nearest-row fallback (col=3, y=355.4, dist=22.0)
2026-09-07 00:50:16,625 MatchingPostProcessor WARNING  Orphan pdf_cell 58 recovered to row=3 by nearest-row fallback (col=4, y=355.4, dist=22.0)
2026-09-07 00:50:16,625 MatchingPostProcessor WARNING  Orphan pdf_cell 131 recovered to row=17 by nearest-row fallback (col=0, y=685.4, dist=22.0)
2026-09-07 00:50:16,625 MatchingPostProcessor WARNING  Orphan pdf_cell 132 recovered to row=17 by nearest-row fallback (col=1, y=685.4, dist=22.0)
2026-09-07 00:50:16,625 MatchingPostProcessor WARNING  Orphan pdf_cell 133 recovered to row=17 by nearest-row fallback (col=2, y=685.4, dist=22.0)
2026-09-07 00:50:16,625 MatchingPostProcessor WARNING  Orphan pdf_cell 134 recovered to row=17 by nearest-row fallback (col=3, y=685.4, dist=22.0)
2026-09-07 00:50:16,625 MatchingPostProcessor WARNING  Orphan pdf_cell 135 recovered to row=17 by nearest-row fallback (col=3, y=685.4, dist=22.0)
2026-09-07 00:50:16,625 MatchingPostProcessor WARNING  Orphan pdf_cell 136 recovered to row=17 by nearest-row fallback (col=4, y=685.4, dist=22.0)
2026-09-07 00:50:17,332 MatchingPostProcessor WARNING  Orphan pdf_cell 133 recovered to row=3 by nearest-row fallback (col=0, y=627.4, dist=20.0)
2026-09-07 00:50:17,332 MatchingPostProcessor WARNING  Orphan pdf_cell 137 recovered to row=3 by nearest-row fallback (col=4, y=627.4, dist=20.0)
2026-09-07 00:50:17,332 MatchingPostProcessor WARNING  Orphan pdf_cell 138 recovered to row=3 by nearest-row fallback (col=4, y=627.4, dist=20.0)
2026-09-07 00:50:17,332 MatchingPostProcessor WARNING  Orphan pdf_cell 211 recovered to row=17 by nearest-row fallback (col=0, y=927.4, dist=20.0)
2026-09-07 00:50:17,332 MatchingPostProcessor WARNING  Orphan pdf_cell 214 recovered to row=17 by nearest-row fallback (col=3, y=927.4, dist=20.0)
2026-09-07 00:50:17,332 MatchingPostProcessor WARNING  Orphan pdf_cell 215 recovered to row=17 by nearest-row fallback (col=4, y=927.4, dist=20.0)
2026-09-07 00:50:17,332 MatchingPostProcessor WARNING  Orphan pdf_cell 216 recovered to row=17 by nearest-row fallback (col=4, y=927.4, dist=20.0)
2026-09-07 00:50:17,332 MatchingPostProcessor WARNING  2 of 109 pdf cells matched neither a row nor a column band of the 19x5 grid and were dropped from the table
2026-09-07 00:50:18,055 MatchingPostProcessor WARNING  Orphan pdf_cell 161 recovered to row=6 by nearest-row fallback (col=2, y=529.5, dist=35.2)
2026-09-07 00:50:18,055 MatchingPostProcessor WARNING  Orphan pdf_cell 162 recovered to row=6 by nearest-row fallback (col=2, y=528.8, dist=36.0)
2026-09-07 00:50:21,359 MatchingPostProcessor WARNING  Orphan pdf_cell 85 recovered to col=1 by nearest-column fallback (row=11, x=789.7, dist=253.4)
2026-09-07 00:50:21,359 MatchingPostProcessor WARNING  Orphan pdf_cell 21 recovered to row=2 by nearest-row fallback (col=1, y=325.5, dist=40.8)
2026-09-07 00:50:21,359 MatchingPostProcessor WARNING  Orphan pdf_cell 22 recovered to row=2 by nearest-row fallback (col=1, y=324.8, dist=40.0)
2026-09-07 00:50:21,359 MatchingPostProcessor WARNING  Orphan pdf_cell 23 recovered to row=2 by nearest-row fallback (col=1, y=365.5, dist=80.8)
2026-09-07 00:50:21,359 MatchingPostProcessor WARNING  Orphan pdf_cell 24 recovered to row=2 by nearest-row fallback (col=1, y=364.8, dist=80.0)
2026-09-07 00:50:21,359 MatchingPostProcessor WARNING  Orphan pdf_cell 25 recovered to row=2 by nearest-row fallback (col=1, y=364.8, dist=80.0)
2026-09-07 00:50:21,359 MatchingPostProcessor WARNING  Orphan pdf_cell 26 recovered to row=3 by nearest-row fallback (col=1, y=405.5, dist=119.2)
2026-09-07 00:50:21,359 MatchingPostProcessor WARNING  Orphan pdf_cell 27 recovered to row=3 by nearest-row fallback (col=1, y=404.8, dist=120.0)
2026-09-07 00:50:21,359 MatchingPostProcessor WARNING  Orphan pdf_cell 28 recovered to row=3 by nearest-row fallback (col=1, y=445.5, dist=79.2)
2026-09-07 00:50:21,359 MatchingPostProcessor WARNING  Orphan pdf_cell 29 recovered to row=3 by nearest-row fallback (col=1, y=444.8, dist=80.0)
2026-09-07 00:50:21,359 MatchingPostProcessor WARNING  Orphan pdf_cell 30 recovered to row=3 by nearest-row fallback (col=1, y=444.8, dist=80.0)
2026-09-07 00:50:21,359 MatchingPostProcessor WARNING  Orphan pdf_cell 31 recovered to row=3 by nearest-row fallback (col=1, y=485.5, dist=39.2)
2026-09-07 00:50:21,359 MatchingPostProcessor WARNING  Orphan pdf_cell 32 recovered to row=3 by nearest-row fallback (col=1, y=484.8, dist=40.0)
2026-09-07 00:50:21,359 MatchingPostProcessor WARNING  Orphan pdf_cell 33 recovered to row=3 by nearest-row fallback (col=1, y=484.8, dist=40.0)
2026-09-07 00:50:21,359 MatchingPostProcessor WARNING  Orphan pdf_cell 34 recovered to row=3 by nearest-row fallback (col=1, y=484.8, dist=40.0)
2026-09-07 00:50:21,359 MatchingPostProcessor WARNING  Orphan pdf_cell 35 recovered to row=3 by nearest-row fallback (col=1, y=484.8, dist=40.0)
2026-09-07 00:50:21,359 MatchingPostProcessor WARNING  Orphan pdf_cell 43 recovered to row=3 by nearest-row fallback (col=0, y=565.5, dist=40.8)
2026-09-07 00:50:21,359 MatchingPostProcessor WARNING  Orphan pdf_cell 44 recovered to row=3 by nearest-row fallback (col=1, y=564.8, dist=40.0)
2026-09-07 00:50:21,359 MatchingPostProcessor WARNING  Orphan pdf_cell 45 recovered to row=3 by nearest-row fallback (col=1, y=564.8, dist=40.0)
2026-09-07 00:50:24,985 MatchingPostProcessor WARNING  Orphan pdf_cell 393 recovered to row=21 by nearest-row fallback (col=0, y=1047.4, dist=20.0)
2026-09-07 00:50:24,985 MatchingPostProcessor WARNING  Orphan pdf_cell 394 recovered to row=21 by nearest-row fallback (col=1, y=1047.4, dist=20.0)
2026-09-07 00:50:24,985 MatchingPostProcessor WARNING  Orphan pdf_cell 395 recovered to row=21 by nearest-row fallback (col=9, y=1047.4, dist=20.0)
2026-09-07 00:50:25,772 MatchingPostProcessor WARNING  Orphan pdf_cell 18 recovered to row=0 by nearest-row fallback (col=0, y=223.1, dist=20.0)
2026-09-07 00:50:25,772 MatchingPostProcessor WARNING  Orphan pdf_cell 19 recovered to row=0 by nearest-row fallback (col=1, y=223.1, dist=20.0)
2026-09-07 00:50:25,772 MatchingPostProcessor WARNING  Orphan pdf_cell 20 recovered to row=0 by nearest-row fallback (col=2, y=223.1, dist=20.0)
2026-09-07 00:50:26,519 MatchingPostProcessor WARNING  Orphan pdf_cell 202 recovered to row=1 by nearest-row fallback (col=0, y=845.4, dist=20.0)
2026-09-07 00:50:26,519 MatchingPostProcessor WARNING  Orphan pdf_cell 203 recovered to row=1 by nearest-row fallback (col=1, y=845.4, dist=20.0)
2026-09-07 00:50:26,519 MatchingPostProcessor WARNING  Orphan pdf_cell 204 recovered to row=1 by nearest-row fallback (col=2, y=845.4, dist=20.0)
2026-09-07 00:50:26,850 MatchingPostProcessor WARNING  Orphan pdf_cell 86 recovered to col=5 by nearest-column fallback (row=1, x=577.1, dist=62.4)
2026-09-07 00:50:26,850 MatchingPostProcessor WARNING  Orphan pdf_cell 93 recovered to col=5 by nearest-column fallback (row=2, x=577.1, dist=62.4)
2026-09-07 00:50:26,850 MatchingPostProcessor WARNING  Orphan pdf_cell 100 recovered to col=5 by nearest-column fallback (row=3, x=577.1, dist=62.4)
2026-09-07 00:50:26,850 MatchingPostProcessor WARNING  Orphan pdf_cell 107 recovered to col=5 by nearest-column fallback (row=4, x=577.1, dist=62.4)
2026-09-07 00:50:26,850 MatchingPostProcessor WARNING  Orphan pdf_cell 114 recovered to col=5 by nearest-column fallback (row=5, x=577.1, dist=62.4)
2026-09-07 00:50:26,850 MatchingPostProcessor WARNING  Orphan pdf_cell 121 recovered to col=5 by nearest-column fallback (row=6, x=577.1, dist=62.4)
2026-09-07 00:50:26,850 MatchingPostProcessor WARNING  Orphan pdf_cell 128 recovered to col=5 by nearest-column fallback (row=7, x=577.1, dist=62.4)
2026-09-07 00:50:29,055 MatchingPostProcessor WARNING  Orphan pdf_cell 225 recovered to row=0 by nearest-row fallback (col=0, y=806.2, dist=20.0)
2026-09-07 00:50:29,055 MatchingPostProcessor WARNING  Orphan pdf_cell 226 recovered to row=0 by nearest-row fallback (col=3, y=806.2, dist=20.0)
2026-09-07 00:50:29,055 MatchingPostProcessor WARNING  Orphan pdf_cell 227 recovered to row=0 by nearest-row fallback (col=6, y=806.2, dist=20.0)
2026-09-07 00:50:29,055 MatchingPostProcessor WARNING  Orphan pdf_cell 228 recovered to row=0 by nearest-row fallback (col=8, y=806.2, dist=20.0)
2026-09-07 00:50:29,055 MatchingPostProcessor WARNING  Orphan pdf_cell 229 recovered to row=0 by nearest-row fallback (col=10, y=806.2, dist=20.0)
2026-09-07 00:50:29,055 MatchingPostProcessor WARNING  Orphan pdf_cell 230 recovered to row=0 by nearest-row fallback (col=13, y=806.2, dist=20.0)
2026-09-07 00:50:32,877 MatchingPostProcessor WARNING  Orphan pdf_cell 200 recovered to row=2 by nearest-row fallback (col=0, y=687.4, dist=20.0)
2026-09-07 00:50:32,877 MatchingPostProcessor WARNING  Orphan pdf_cell 201 recovered to row=2 by nearest-row fallback (col=1, y=687.4, dist=20.0)
2026-09-07 00:50:32,877 MatchingPostProcessor WARNING  Orphan pdf_cell 202 recovered to row=2 by nearest-row fallback (col=2, y=687.4, dist=20.0)
2026-09-07 00:50:32,877 MatchingPostProcessor WARNING  Orphan pdf_cell 203 recovered to row=2 by nearest-row fallback (col=3, y=687.4, dist=20.0)
2026-09-07 00:50:32,877 MatchingPostProcessor WARNING  Orphan pdf_cell 204 recovered to row=2 by nearest-row fallback (col=4, y=687.4, dist=20.0)
2026-09-07 00:50:32,877 MatchingPostProcessor WARNING  Orphan pdf_cell 305 recovered to row=22 by nearest-row fallback (col=0, y=1107.4, dist=20.0)
2026-09-07 00:50:32,877 MatchingPostProcessor WARNING  Orphan pdf_cell 306 recovered to row=22 by nearest-row fallback (col=1, y=1107.4, dist=20.0)
2026-09-07 00:50:32,877 MatchingPostProcessor WARNING  Orphan pdf_cell 307 recovered to row=22 by nearest-row fallback (col=2, y=1107.4, dist=20.0)
2026-09-07 00:50:32,877 MatchingPostProcessor WARNING  Orphan pdf_cell 308 recovered to row=22 by nearest-row fallback (col=3, y=1107.4, dist=20.0)
2026-09-07 00:50:32,877 MatchingPostProcessor WARNING  Orphan pdf_cell 309 recovered to row=22 by nearest-row fallback (col=4, y=1107.4, dist=20.0)
2026-09-07 00:50:33,536 MatchingPostProcessor WARNING  Orphan pdf_cell 146 recovered to row=3 by nearest-row fallback (col=0, y=561.4, dist=20.0)
2026-09-07 00:50:33,536 MatchingPostProcessor WARNING  Orphan pdf_cell 147 recovered to row=3 by nearest-row fallback (col=1, y=561.4, dist=20.0)
2026-09-07 00:50:33,536 MatchingPostProcessor WARNING  Orphan pdf_cell 148 recovered to row=3 by nearest-row fallback (col=2, y=561.4, dist=20.0)
2026-09-07 00:50:33,536 MatchingPostProcessor WARNING  Orphan pdf_cell 149 recovered to row=3 by nearest-row fallback (col=3, y=561.4, dist=20.0)
2026-09-07 00:50:33,536 MatchingPostProcessor WARNING  Orphan pdf_cell 150 recovered to row=3 by nearest-row fallback (col=3, y=561.4, dist=20.0)
2026-09-07 00:50:33,536 MatchingPostProcessor WARNING  Orphan pdf_cell 151 recovered to row=3 by nearest-row fallback (col=4, y=561.4, dist=20.0)
2026-09-07 00:50:33,536 MatchingPostProcessor WARNING  Orphan pdf_cell 229 recovered to row=18 by nearest-row fallback (col=0, y=881.4, dist=20.0)
2026-09-07 00:50:33,536 MatchingPostProcessor WARNING  Orphan pdf_cell 230 recovered to row=18 by nearest-row fallback (col=1, y=881.4, dist=20.0)
2026-09-07 00:50:33,536 MatchingPostProcessor WARNING  Orphan pdf_cell 231 recovered to row=18 by nearest-row fallback (col=2, y=881.4, dist=20.0)
2026-09-07 00:50:33,536 MatchingPostProcessor WARNING  Orphan pdf_cell 232 recovered to row=18 by nearest-row fallback (col=3, y=881.4, dist=20.0)
2026-09-07 00:50:33,536 MatchingPostProcessor WARNING  Orphan pdf_cell 233 recovered to row=18 by nearest-row fallback (col=3, y=881.4, dist=20.0)
2026-09-07 00:50:33,536 MatchingPostProcessor WARNING  Orphan pdf_cell 234 recovered to row=18 by nearest-row fallback (col=4, y=881.4, dist=20.0)
2026-09-07 00:50:40,594 MatchingPostProcessor WARNING  Orphan pdf_cell 39 recovered to col=0 by nearest-column fallback (row=3, x=245.9, dist=105.6)
2026-09-07 00:50:41,680 MatchingPostProcessor WARNING  Orphan pdf_cell 147 recovered to col=1 by nearest-column fallback (row=12, x=824.5, dist=186.2)
2026-09-07 00:50:43,732 MatchingPostProcessor WARNING  Orphan pdf_cell 55 recovered to row=18 by nearest-row fallback (col=0, y=623.3, dist=24.0)
2026-09-07 00:50:43,732 MatchingPostProcessor WARNING  Orphan pdf_cell 188 recovered to row=18 by nearest-row fallback (col=1, y=623.3, dist=24.0)
2026-09-07 00:50:52,232 MatchingPostProcessor WARNING  Orphan pdf_cell 190 recovered to row=1 by nearest-row fallback (col=0, y=455.3, dist=84.0)
2026-09-07 00:50:52,232 MatchingPostProcessor WARNING  Orphan pdf_cell 191 recovered to row=1 by nearest-row fallback (col=0, y=455.3, dist=84.0)
2026-09-07 00:50:52,232 MatchingPostProcessor WARNING  Orphan pdf_cell 192 recovered to row=1 by nearest-row fallback (col=0, y=455.3, dist=84.0)
2026-09-07 00:50:52,232 MatchingPostProcessor WARNING  Orphan pdf_cell 193 recovered to row=1 by nearest-row fallback (col=0, y=455.3, dist=84.0)
2026-09-07 00:50:52,232 MatchingPostProcessor WARNING  Orphan pdf_cell 194 recovered to row=1 by nearest-row fallback (col=0, y=479.3, dist=60.0)
2026-09-07 00:50:52,232 MatchingPostProcessor WARNING  Orphan pdf_cell 195 recovered to row=1 by nearest-row fallback (col=0, y=479.3, dist=60.0)
2026-09-07 00:50:52,232 MatchingPostProcessor WARNING  Orphan pdf_cell 196 recovered to row=1 by nearest-row fallback (col=0, y=479.3, dist=60.0)
2026-09-07 00:50:52,232 MatchingPostProcessor WARNING  Orphan pdf_cell 197 recovered to row=1 by nearest-row fallback (col=0, y=479.3, dist=60.0)
2026-09-07 00:50:52,232 MatchingPostProcessor WARNING  Orphan pdf_cell 198 recovered to row=1 by nearest-row fallback (col=0, y=479.3, dist=60.0)
2026-09-07 00:50:52,232 MatchingPostProcessor WARNING  Orphan pdf_cell 199 recovered to row=1 by nearest-row fallback (col=0, y=479.3, dist=60.0)
2026-09-07 00:50:53,619 MatchingPostProcessor WARNING  Orphan pdf_cell 57 recovered to row=17 by nearest-row fallback (col=0, y=599.3, dist=24.0)
2026-09-07 00:50:53,619 MatchingPostProcessor WARNING  Orphan pdf_cell 58 recovered to row=17 by nearest-row fallback (col=0, y=599.3, dist=24.0)
2026-09-07 00:50:53,619 MatchingPostProcessor WARNING  Orphan pdf_cell 120 recovered to row=37 by nearest-row fallback (col=0, y=1104.3, dist=23.5)
2026-09-07 00:50:53,619 MatchingPostProcessor WARNING  Orphan pdf_cell 121 recovered to row=37 by nearest-row fallback (col=0, y=1104.3, dist=23.5)
2026-09-07 00:50:53,619 MatchingPostProcessor WARNING  Orphan pdf_cell 122 recovered to row=37 by nearest-row fallback (col=0, y=1104.3, dist=23.5)
2026-09-07 00:50:53,619 MatchingPostProcessor WARNING  Orphan pdf_cell 187 recovered to row=17 by nearest-row fallback (col=1, y=599.3, dist=24.0)
2026-09-07 00:50:53,619 MatchingPostProcessor WARNING  Orphan pdf_cell 188 recovered to row=17 by nearest-row fallback (col=1, y=599.3, dist=24.0)
2026-09-07 00:50:53,619 MatchingPostProcessor WARNING  Orphan pdf_cell 202 recovered to row=21 by nearest-row fallback (col=1, y=719.3, dist=24.0)
2026-09-07 00:50:53,619 MatchingPostProcessor WARNING  Orphan pdf_cell 203 recovered to row=21 by nearest-row fallback (col=1, y=719.3, dist=24.0)
2026-09-07 00:50:53,619 MatchingPostProcessor WARNING  Orphan pdf_cell 258 recovered to row=36 by nearest-row fallback (col=1, y=1103.3, dist=23.5)
2026-09-07 00:50:53,619 MatchingPostProcessor WARNING  Orphan pdf_cell 259 recovered to row=36 by nearest-row fallback (col=1, y=1103.3, dist=23.5)
2026-09-07 00:50:53,619 MatchingPostProcessor WARNING  Orphan pdf_cell 260 recovered to row=36 by nearest-row fallback (col=1, y=1103.3, dist=23.5)
2026-09-07 00:50:53,619 MatchingPostProcessor WARNING  Orphan pdf_cell 261 recovered to row=36 by nearest-row fallback (col=1, y=1103.3, dist=23.5)
2026-09-07 00:51:02,650 MatchingPostProcessor WARNING  Orphan pdf_cell 153 recovered to row=3 by nearest-row fallback (col=1, y=311.3, dist=36.0)
2026-09-07 00:51:02,650 MatchingPostProcessor WARNING  Orphan pdf_cell 154 recovered to row=3 by nearest-row fallback (col=1, y=311.3, dist=36.0)
2026-09-07 00:51:02,650 MatchingPostProcessor WARNING  Orphan pdf_cell 155 recovered to row=3 by nearest-row fallback (col=1, y=311.3, dist=36.0)
2026-09-07 00:51:14,162 MatchingPostProcessor WARNING  Orphan pdf_cell 89 recovered to row=24 by nearest-row fallback (col=0, y=863.3, dist=36.0)
2026-09-07 00:51:14,162 MatchingPostProcessor WARNING  Orphan pdf_cell 90 recovered to row=24 by nearest-row fallback (col=0, y=863.3, dist=36.0)
2026-09-07 00:51:14,162 MatchingPostProcessor WARNING  Orphan pdf_cell 91 recovered to row=24 by nearest-row fallback (col=0, y=863.3, dist=36.0)
2026-09-07 00:51:14,162 MatchingPostProcessor WARNING  Orphan pdf_cell 205 recovered to row=24 by nearest-row fallback (col=1, y=864.4, dist=37.2)
2026-09-07 00:51:15,553 MatchingPostProcessor WARNING  Orphan pdf_cell 76 recovered to row=26 by nearest-row fallback (col=0, y=815.3, dist=24.0)
2026-09-07 00:51:15,553 MatchingPostProcessor WARNING  Orphan pdf_cell 77 recovered to row=26 by nearest-row fallback (col=0, y=815.3, dist=24.0)
2026-09-07 00:51:15,553 MatchingPostProcessor WARNING  Orphan pdf_cell 78 recovered to row=26 by nearest-row fallback (col=0, y=815.3, dist=24.0)
2026-09-07 00:51:15,553 MatchingPostProcessor WARNING  Orphan pdf_cell 79 recovered to row=26 by nearest-row fallback (col=0, y=815.3, dist=24.0)
2026-09-07 00:51:15,553 MatchingPostProcessor WARNING  Orphan pdf_cell 80 recovered to row=26 by nearest-row fallback (col=0, y=815.3, dist=24.0)
2026-09-07 00:51:15,553 MatchingPostProcessor WARNING  Orphan pdf_cell 213 recovered to row=26 by nearest-row fallback (col=1, y=815.3, dist=24.0)
2026-09-07 00:51:15,553 MatchingPostProcessor WARNING  Orphan pdf_cell 214 recovered to row=26 by nearest-row fallback (col=1, y=815.3, dist=24.0)
2026-09-07 00:51:16,903 MatchingPostProcessor WARNING  Orphan pdf_cell 100 recovered to row=22 by nearest-row fallback (col=0, y=815.3, dist=44.2)
2026-09-07 00:51:16,903 MatchingPostProcessor WARNING  Orphan pdf_cell 101 recovered to row=22 by nearest-row fallback (col=0, y=815.3, dist=44.2)
2026-09-07 00:51:16,903 MatchingPostProcessor WARNING  Orphan pdf_cell 102 recovered to row=22 by nearest-row fallback (col=0, y=815.3, dist=44.2)
sample-input/pdf/07-The Linux Programmer-s Toolbox.pdf chunks=573 collection=market_quality_chunks_hybrid json=c9feca69e18f938b/docling.json
=== end 2026-09-07T00:55:13+09:00 ===
