=== 2026-09-07T00:44:25+09:00 sample-input/pdf/06-The Debian System.pdf ===
sample-input/pdf/06-The Debian System.pdf family=B format=pdf normalize=false
Loading weights:   0%|          | 0/770 [00:00<?, ?it/s]Loading weights: 100%|██████████| 770/770 [00:00<00:00, 26775.33it/s]
2026-09-07 00:44:31,992 MatchingPostProcessor WARNING  Orphan pdf_cell 3 recovered to col=1 by nearest-column fallback (row=0, x=105.7, dist=62.1)
2026-09-07 00:44:31,992 MatchingPostProcessor WARNING  Orphan pdf_cell 24 recovered to col=3 by nearest-column fallback (row=1, x=503.0, dist=175.0)
2026-09-07 00:44:31,992 MatchingPostProcessor WARNING  Orphan pdf_cell 25 recovered to col=3 by nearest-column fallback (row=1, x=516.5, dist=188.4)
2026-09-07 00:44:31,992 MatchingPostProcessor WARNING  Orphan pdf_cell 26 recovered to col=4 by nearest-column fallback (row=1, x=530.2, dist=182.9)
2026-09-07 00:44:31,992 MatchingPostProcessor WARNING  Orphan pdf_cell 27 recovered to col=4 by nearest-column fallback (row=1, x=543.8, dist=169.2)
2026-09-07 00:44:31,992 MatchingPostProcessor WARNING  Orphan pdf_cell 28 recovered to col=4 by nearest-column fallback (row=1, x=557.5, dist=155.5)
2026-09-07 00:44:31,993 MatchingPostProcessor WARNING  Orphan pdf_cell 29 recovered to col=4 by nearest-column fallback (row=1, x=571.2, dist=141.9)
2026-09-07 00:44:31,993 MatchingPostProcessor WARNING  Orphan pdf_cell 30 recovered to col=4 by nearest-column fallback (row=1, x=584.9, dist=128.2)
2026-09-07 00:44:31,993 MatchingPostProcessor WARNING  Orphan pdf_cell 31 recovered to col=4 by nearest-column fallback (row=1, x=598.6, dist=114.5)
2026-09-07 00:44:31,993 MatchingPostProcessor WARNING  Orphan pdf_cell 32 recovered to col=4 by nearest-column fallback (row=1, x=612.2, dist=100.8)
2026-09-07 00:44:31,993 MatchingPostProcessor WARNING  Orphan pdf_cell 33 recovered to col=4 by nearest-column fallback (row=1, x=625.7, dist=87.4)
2026-09-07 00:44:31,993 MatchingPostProcessor WARNING  Orphan pdf_cell 34 recovered to col=4 by nearest-column fallback (row=1, x=639.4, dist=73.7)
2026-09-07 00:44:31,993 MatchingPostProcessor WARNING  Orphan pdf_cell 35 recovered to col=4 by nearest-column fallback (row=1, x=653.0, dist=60.0)
2026-09-07 00:44:31,993 MatchingPostProcessor WARNING  Orphan pdf_cell 36 recovered to col=4 by nearest-column fallback (row=1, x=666.7, dist=46.3)
2026-09-07 00:44:31,993 MatchingPostProcessor WARNING  Orphan pdf_cell 37 recovered to col=4 by nearest-column fallback (row=1, x=680.4, dist=32.7)
2026-09-07 00:44:31,993 MatchingPostProcessor WARNING  Orphan pdf_cell 51 recovered to col=3 by nearest-column fallback (row=2, x=434.6, dist=106.6)
2026-09-07 00:44:31,993 MatchingPostProcessor WARNING  Orphan pdf_cell 52 recovered to col=3 by nearest-column fallback (row=2, x=448.3, dist=120.3)
2026-09-07 00:44:31,993 MatchingPostProcessor WARNING  Orphan pdf_cell 53 recovered to col=3 by nearest-column fallback (row=2, x=462.0, dist=134.0)
2026-09-07 00:44:31,993 MatchingPostProcessor WARNING  Orphan pdf_cell 54 recovered to col=3 by nearest-column fallback (row=2, x=475.7, dist=147.6)
2026-09-07 00:44:31,993 MatchingPostProcessor WARNING  Orphan pdf_cell 55 recovered to col=3 by nearest-column fallback (row=2, x=489.4, dist=161.3)
2026-09-07 00:44:31,993 MatchingPostProcessor WARNING  Orphan pdf_cell 56 recovered to col=3 by nearest-column fallback (row=2, x=503.0, dist=175.0)
2026-09-07 00:44:31,993 MatchingPostProcessor WARNING  Orphan pdf_cell 57 recovered to col=3 by nearest-column fallback (row=2, x=516.5, dist=188.4)
2026-09-07 00:44:31,993 MatchingPostProcessor WARNING  Orphan pdf_cell 58 recovered to col=4 by nearest-column fallback (row=2, x=530.2, dist=182.9)
2026-09-07 00:44:31,993 MatchingPostProcessor WARNING  Orphan pdf_cell 59 recovered to col=4 by nearest-column fallback (row=2, x=543.8, dist=169.2)
2026-09-07 00:44:31,993 MatchingPostProcessor WARNING  Orphan pdf_cell 60 recovered to col=4 by nearest-column fallback (row=2, x=557.5, dist=155.5)
2026-09-07 00:44:31,993 MatchingPostProcessor WARNING  Orphan pdf_cell 61 recovered to col=4 by nearest-column fallback (row=2, x=571.2, dist=141.9)
2026-09-07 00:44:31,993 MatchingPostProcessor WARNING  Orphan pdf_cell 62 recovered to col=4 by nearest-column fallback (row=2, x=584.9, dist=128.2)
2026-09-07 00:44:31,993 MatchingPostProcessor WARNING  Orphan pdf_cell 63 recovered to col=4 by nearest-column fallback (row=2, x=598.6, dist=114.5)
2026-09-07 00:44:31,993 MatchingPostProcessor WARNING  Orphan pdf_cell 64 recovered to col=4 by nearest-column fallback (row=2, x=612.2, dist=100.8)
2026-09-07 00:44:31,993 MatchingPostProcessor WARNING  Orphan pdf_cell 65 recovered to col=4 by nearest-column fallback (row=2, x=625.7, dist=87.4)
2026-09-07 00:44:31,993 MatchingPostProcessor WARNING  Orphan pdf_cell 66 recovered to col=4 by nearest-column fallback (row=2, x=639.4, dist=73.7)
2026-09-07 00:44:31,993 MatchingPostProcessor WARNING  Orphan pdf_cell 67 recovered to col=4 by nearest-column fallback (row=2, x=653.0, dist=60.0)
2026-09-07 00:44:31,993 MatchingPostProcessor WARNING  Orphan pdf_cell 68 recovered to col=4 by nearest-column fallback (row=2, x=666.7, dist=46.3)
2026-09-07 00:44:31,993 MatchingPostProcessor WARNING  Orphan pdf_cell 69 recovered to col=4 by nearest-column fallback (row=2, x=680.4, dist=32.7)
2026-09-07 00:44:31,993 MatchingPostProcessor WARNING  Orphan pdf_cell 75 recovered to col=3 by nearest-column fallback (row=3, x=434.6, dist=106.6)
2026-09-07 00:44:31,993 MatchingPostProcessor WARNING  Orphan pdf_cell 76 recovered to col=3 by nearest-column fallback (row=3, x=448.3, dist=120.3)
2026-09-07 00:44:31,993 MatchingPostProcessor WARNING  Orphan pdf_cell 77 recovered to col=3 by nearest-column fallback (row=3, x=462.0, dist=134.0)
2026-09-07 00:44:31,993 MatchingPostProcessor WARNING  Orphan pdf_cell 78 recovered to col=3 by nearest-column fallback (row=3, x=475.7, dist=147.6)
2026-09-07 00:44:31,993 MatchingPostProcessor WARNING  Orphan pdf_cell 79 recovered to col=3 by nearest-column fallback (row=3, x=489.4, dist=161.3)
2026-09-07 00:44:31,993 MatchingPostProcessor WARNING  Orphan pdf_cell 80 recovered to col=3 by nearest-column fallback (row=3, x=503.0, dist=175.0)
2026-09-07 00:44:31,993 MatchingPostProcessor WARNING  Orphan pdf_cell 81 recovered to col=3 by nearest-column fallback (row=3, x=516.5, dist=188.4)
2026-09-07 00:44:31,993 MatchingPostProcessor WARNING  Orphan pdf_cell 82 recovered to col=4 by nearest-column fallback (row=3, x=530.2, dist=182.9)
2026-09-07 00:44:31,993 MatchingPostProcessor WARNING  Orphan pdf_cell 83 recovered to col=4 by nearest-column fallback (row=3, x=543.8, dist=169.2)
2026-09-07 00:44:31,993 MatchingPostProcessor WARNING  Orphan pdf_cell 84 recovered to col=4 by nearest-column fallback (row=3, x=557.5, dist=155.5)
2026-09-07 00:44:31,993 MatchingPostProcessor WARNING  Orphan pdf_cell 85 recovered to col=4 by nearest-column fallback (row=3, x=571.2, dist=141.9)
2026-09-07 00:44:31,993 MatchingPostProcessor WARNING  Orphan pdf_cell 86 recovered to col=4 by nearest-column fallback (row=3, x=584.9, dist=128.2)
2026-09-07 00:44:31,993 MatchingPostProcessor WARNING  Orphan pdf_cell 87 recovered to col=4 by nearest-column fallback (row=3, x=598.6, dist=114.5)
2026-09-07 00:44:31,993 MatchingPostProcessor WARNING  Orphan pdf_cell 88 recovered to col=4 by nearest-column fallback (row=3, x=612.2, dist=100.8)
2026-09-07 00:44:31,993 MatchingPostProcessor WARNING  Orphan pdf_cell 89 recovered to col=4 by nearest-column fallback (row=3, x=625.7, dist=87.4)
2026-09-07 00:44:31,993 MatchingPostProcessor WARNING  Orphan pdf_cell 90 recovered to col=4 by nearest-column fallback (row=3, x=639.4, dist=73.7)
2026-09-07 00:44:31,993 MatchingPostProcessor WARNING  Orphan pdf_cell 91 recovered to col=4 by nearest-column fallback (row=3, x=653.0, dist=60.0)
2026-09-07 00:44:31,993 MatchingPostProcessor WARNING  Orphan pdf_cell 92 recovered to col=4 by nearest-column fallback (row=3, x=666.7, dist=46.3)
2026-09-07 00:44:31,993 MatchingPostProcessor WARNING  Orphan pdf_cell 93 recovered to col=4 by nearest-column fallback (row=3, x=680.4, dist=32.7)
2026-09-07 00:44:31,993 MatchingPostProcessor WARNING  Orphan pdf_cell 100 recovered to col=3 by nearest-column fallback (row=4, x=434.6, dist=106.6)
2026-09-07 00:44:31,993 MatchingPostProcessor WARNING  Orphan pdf_cell 101 recovered to col=3 by nearest-column fallback (row=4, x=448.3, dist=120.3)
2026-09-07 00:44:31,993 MatchingPostProcessor WARNING  Orphan pdf_cell 102 recovered to col=3 by nearest-column fallback (row=4, x=462.0, dist=134.0)
2026-09-07 00:44:31,993 MatchingPostProcessor WARNING  Orphan pdf_cell 103 recovered to col=3 by nearest-column fallback (row=4, x=475.7, dist=147.6)
2026-09-07 00:44:31,994 MatchingPostProcessor WARNING  Orphan pdf_cell 104 recovered to col=3 by nearest-column fallback (row=4, x=489.4, dist=161.3)
2026-09-07 00:44:31,994 MatchingPostProcessor WARNING  Orphan pdf_cell 105 recovered to col=3 by nearest-column fallback (row=4, x=503.0, dist=175.0)
2026-09-07 00:44:31,994 MatchingPostProcessor WARNING  Orphan pdf_cell 106 recovered to col=3 by nearest-column fallback (row=4, x=516.5, dist=188.4)
2026-09-07 00:44:31,994 MatchingPostProcessor WARNING  Orphan pdf_cell 107 recovered to col=4 by nearest-column fallback (row=4, x=530.2, dist=182.9)
2026-09-07 00:44:31,994 MatchingPostProcessor WARNING  Orphan pdf_cell 108 recovered to col=4 by nearest-column fallback (row=4, x=543.8, dist=169.2)
2026-09-07 00:44:31,994 MatchingPostProcessor WARNING  Orphan pdf_cell 109 recovered to col=4 by nearest-column fallback (row=4, x=557.5, dist=155.5)
2026-09-07 00:44:31,994 MatchingPostProcessor WARNING  Orphan pdf_cell 110 recovered to col=4 by nearest-column fallback (row=4, x=571.2, dist=141.9)
2026-09-07 00:44:31,994 MatchingPostProcessor WARNING  Orphan pdf_cell 111 recovered to col=4 by nearest-column fallback (row=4, x=584.9, dist=128.2)
2026-09-07 00:44:31,994 MatchingPostProcessor WARNING  Orphan pdf_cell 112 recovered to col=4 by nearest-column fallback (row=4, x=598.6, dist=114.5)
2026-09-07 00:44:31,994 MatchingPostProcessor WARNING  Orphan pdf_cell 113 recovered to col=4 by nearest-column fallback (row=4, x=612.2, dist=100.8)
2026-09-07 00:44:31,994 MatchingPostProcessor WARNING  Orphan pdf_cell 114 recovered to col=4 by nearest-column fallback (row=4, x=625.7, dist=87.4)
2026-09-07 00:44:31,994 MatchingPostProcessor WARNING  Orphan pdf_cell 115 recovered to col=4 by nearest-column fallback (row=4, x=639.4, dist=73.7)
2026-09-07 00:44:31,994 MatchingPostProcessor WARNING  Orphan pdf_cell 116 recovered to col=4 by nearest-column fallback (row=4, x=653.0, dist=60.0)
2026-09-07 00:44:31,994 MatchingPostProcessor WARNING  Orphan pdf_cell 117 recovered to col=4 by nearest-column fallback (row=4, x=666.7, dist=46.3)
2026-09-07 00:44:31,994 MatchingPostProcessor WARNING  Orphan pdf_cell 118 recovered to col=4 by nearest-column fallback (row=4, x=680.4, dist=32.7)
2026-09-07 00:44:31,994 MatchingPostProcessor WARNING  Orphan pdf_cell 128 recovered to col=3 by nearest-column fallback (row=5, x=434.6, dist=106.6)
2026-09-07 00:44:31,994 MatchingPostProcessor WARNING  Orphan pdf_cell 129 recovered to col=3 by nearest-column fallback (row=5, x=448.3, dist=120.3)
2026-09-07 00:44:31,994 MatchingPostProcessor WARNING  Orphan pdf_cell 130 recovered to col=3 by nearest-column fallback (row=5, x=462.0, dist=134.0)
2026-09-07 00:44:31,994 MatchingPostProcessor WARNING  Orphan pdf_cell 131 recovered to col=3 by nearest-column fallback (row=5, x=475.7, dist=147.6)
2026-09-07 00:44:31,994 MatchingPostProcessor WARNING  Orphan pdf_cell 132 recovered to col=3 by nearest-column fallback (row=5, x=489.4, dist=161.3)
2026-09-07 00:44:31,994 MatchingPostProcessor WARNING  Orphan pdf_cell 133 recovered to col=3 by nearest-column fallback (row=5, x=503.0, dist=175.0)
2026-09-07 00:44:31,994 MatchingPostProcessor WARNING  Orphan pdf_cell 134 recovered to col=3 by nearest-column fallback (row=5, x=516.5, dist=188.4)
2026-09-07 00:44:31,994 MatchingPostProcessor WARNING  Orphan pdf_cell 135 recovered to col=4 by nearest-column fallback (row=5, x=530.2, dist=182.9)
2026-09-07 00:44:31,994 MatchingPostProcessor WARNING  Orphan pdf_cell 136 recovered to col=4 by nearest-column fallback (row=5, x=543.8, dist=169.2)
2026-09-07 00:44:31,994 MatchingPostProcessor WARNING  Orphan pdf_cell 137 recovered to col=4 by nearest-column fallback (row=5, x=557.5, dist=155.5)
2026-09-07 00:44:31,994 MatchingPostProcessor WARNING  Orphan pdf_cell 138 recovered to col=4 by nearest-column fallback (row=5, x=571.2, dist=141.9)
2026-09-07 00:44:31,994 MatchingPostProcessor WARNING  Orphan pdf_cell 139 recovered to col=4 by nearest-column fallback (row=5, x=584.9, dist=128.2)
2026-09-07 00:44:31,994 MatchingPostProcessor WARNING  Orphan pdf_cell 140 recovered to col=4 by nearest-column fallback (row=5, x=598.6, dist=114.5)
2026-09-07 00:44:31,994 MatchingPostProcessor WARNING  Orphan pdf_cell 141 recovered to col=4 by nearest-column fallback (row=5, x=612.2, dist=100.8)
2026-09-07 00:44:31,994 MatchingPostProcessor WARNING  Orphan pdf_cell 142 recovered to col=4 by nearest-column fallback (row=5, x=625.7, dist=87.4)
2026-09-07 00:44:31,994 MatchingPostProcessor WARNING  Orphan pdf_cell 143 recovered to col=4 by nearest-column fallback (row=5, x=639.4, dist=73.7)
2026-09-07 00:44:31,994 MatchingPostProcessor WARNING  Orphan pdf_cell 144 recovered to col=4 by nearest-column fallback (row=5, x=653.0, dist=60.0)
2026-09-07 00:44:31,994 MatchingPostProcessor WARNING  Orphan pdf_cell 145 recovered to col=4 by nearest-column fallback (row=5, x=666.7, dist=46.3)
2026-09-07 00:44:31,994 MatchingPostProcessor WARNING  Orphan pdf_cell 146 recovered to col=4 by nearest-column fallback (row=5, x=680.4, dist=32.7)
2026-09-07 00:44:31,994 MatchingPostProcessor WARNING  Orphan pdf_cell 154 recovered to col=3 by nearest-column fallback (row=6, x=434.6, dist=106.6)
2026-09-07 00:44:31,994 MatchingPostProcessor WARNING  Orphan pdf_cell 155 recovered to col=3 by nearest-column fallback (row=6, x=448.3, dist=120.3)
2026-09-07 00:44:31,994 MatchingPostProcessor WARNING  Orphan pdf_cell 156 recovered to col=3 by nearest-column fallback (row=6, x=462.0, dist=134.0)
2026-09-07 00:44:31,994 MatchingPostProcessor WARNING  Orphan pdf_cell 157 recovered to col=3 by nearest-column fallback (row=6, x=475.7, dist=147.6)
2026-09-07 00:44:31,994 MatchingPostProcessor WARNING  Orphan pdf_cell 158 recovered to col=3 by nearest-column fallback (row=6, x=489.4, dist=161.3)
2026-09-07 00:44:31,994 MatchingPostProcessor WARNING  Orphan pdf_cell 159 recovered to col=3 by nearest-column fallback (row=6, x=503.0, dist=175.0)
2026-09-07 00:44:31,994 MatchingPostProcessor WARNING  Orphan pdf_cell 160 recovered to col=3 by nearest-column fallback (row=6, x=516.5, dist=188.4)
2026-09-07 00:44:31,994 MatchingPostProcessor WARNING  Orphan pdf_cell 161 recovered to col=4 by nearest-column fallback (row=6, x=530.2, dist=182.9)
2026-09-07 00:44:31,994 MatchingPostProcessor WARNING  Orphan pdf_cell 162 recovered to col=4 by nearest-column fallback (row=6, x=543.8, dist=169.2)
2026-09-07 00:44:31,994 MatchingPostProcessor WARNING  Orphan pdf_cell 163 recovered to col=4 by nearest-column fallback (row=6, x=557.5, dist=155.5)
2026-09-07 00:44:31,994 MatchingPostProcessor WARNING  Orphan pdf_cell 164 recovered to col=4 by nearest-column fallback (row=6, x=571.2, dist=141.9)
2026-09-07 00:44:31,994 MatchingPostProcessor WARNING  Orphan pdf_cell 165 recovered to col=4 by nearest-column fallback (row=6, x=584.9, dist=128.2)
2026-09-07 00:44:31,994 MatchingPostProcessor WARNING  Orphan pdf_cell 166 recovered to col=4 by nearest-column fallback (row=6, x=598.6, dist=114.5)
2026-09-07 00:44:31,995 MatchingPostProcessor WARNING  Orphan pdf_cell 167 recovered to col=4 by nearest-column fallback (row=6, x=612.2, dist=100.8)
2026-09-07 00:44:31,995 MatchingPostProcessor WARNING  Orphan pdf_cell 168 recovered to col=4 by nearest-column fallback (row=6, x=625.7, dist=87.4)
2026-09-07 00:44:31,995 MatchingPostProcessor WARNING  Orphan pdf_cell 169 recovered to col=4 by nearest-column fallback (row=6, x=639.4, dist=73.7)
2026-09-07 00:44:31,995 MatchingPostProcessor WARNING  Orphan pdf_cell 170 recovered to col=4 by nearest-column fallback (row=6, x=653.0, dist=60.0)
2026-09-07 00:44:31,995 MatchingPostProcessor WARNING  Orphan pdf_cell 171 recovered to col=4 by nearest-column fallback (row=6, x=666.7, dist=46.3)
2026-09-07 00:44:31,995 MatchingPostProcessor WARNING  Orphan pdf_cell 172 recovered to col=4 by nearest-column fallback (row=6, x=680.4, dist=32.7)
2026-09-07 00:44:31,995 MatchingPostProcessor WARNING  Orphan pdf_cell 186 recovered to col=3 by nearest-column fallback (row=7, x=434.6, dist=106.6)
2026-09-07 00:44:31,995 MatchingPostProcessor WARNING  Orphan pdf_cell 187 recovered to col=3 by nearest-column fallback (row=7, x=448.3, dist=120.3)
2026-09-07 00:44:31,995 MatchingPostProcessor WARNING  Orphan pdf_cell 188 recovered to col=3 by nearest-column fallback (row=7, x=462.0, dist=134.0)
2026-09-07 00:44:31,995 MatchingPostProcessor WARNING  Orphan pdf_cell 189 recovered to col=3 by nearest-column fallback (row=7, x=475.7, dist=147.6)
2026-09-07 00:44:31,995 MatchingPostProcessor WARNING  Orphan pdf_cell 190 recovered to col=3 by nearest-column fallback (row=7, x=489.4, dist=161.3)
2026-09-07 00:44:31,995 MatchingPostProcessor WARNING  Orphan pdf_cell 191 recovered to col=3 by nearest-column fallback (row=7, x=503.0, dist=175.0)
2026-09-07 00:44:31,995 MatchingPostProcessor WARNING  Orphan pdf_cell 192 recovered to col=3 by nearest-column fallback (row=7, x=516.5, dist=188.4)
2026-09-07 00:44:31,995 MatchingPostProcessor WARNING  Orphan pdf_cell 193 recovered to col=4 by nearest-column fallback (row=7, x=530.2, dist=182.9)
2026-09-07 00:44:31,995 MatchingPostProcessor WARNING  Orphan pdf_cell 194 recovered to col=4 by nearest-column fallback (row=7, x=543.8, dist=169.2)
2026-09-07 00:44:31,995 MatchingPostProcessor WARNING  Orphan pdf_cell 195 recovered to col=4 by nearest-column fallback (row=7, x=557.5, dist=155.5)
2026-09-07 00:44:31,995 MatchingPostProcessor WARNING  Orphan pdf_cell 196 recovered to col=4 by nearest-column fallback (row=7, x=571.2, dist=141.9)
2026-09-07 00:44:31,995 MatchingPostProcessor WARNING  Orphan pdf_cell 197 recovered to col=4 by nearest-column fallback (row=7, x=584.9, dist=128.2)
2026-09-07 00:44:31,995 MatchingPostProcessor WARNING  Orphan pdf_cell 198 recovered to col=4 by nearest-column fallback (row=7, x=598.6, dist=114.5)
2026-09-07 00:44:31,995 MatchingPostProcessor WARNING  Orphan pdf_cell 199 recovered to col=4 by nearest-column fallback (row=7, x=612.2, dist=100.8)
2026-09-07 00:44:31,995 MatchingPostProcessor WARNING  Orphan pdf_cell 200 recovered to col=4 by nearest-column fallback (row=7, x=625.7, dist=87.4)
2026-09-07 00:44:31,995 MatchingPostProcessor WARNING  Orphan pdf_cell 201 recovered to col=4 by nearest-column fallback (row=7, x=639.4, dist=73.7)
2026-09-07 00:44:31,995 MatchingPostProcessor WARNING  Orphan pdf_cell 202 recovered to col=4 by nearest-column fallback (row=7, x=653.0, dist=60.0)
2026-09-07 00:44:31,995 MatchingPostProcessor WARNING  Orphan pdf_cell 203 recovered to col=4 by nearest-column fallback (row=7, x=666.7, dist=46.3)
2026-09-07 00:44:31,995 MatchingPostProcessor WARNING  Orphan pdf_cell 204 recovered to col=4 by nearest-column fallback (row=7, x=680.4, dist=32.7)
2026-09-07 00:44:31,995 MatchingPostProcessor WARNING  Orphan pdf_cell 221 recovered to col=3 by nearest-column fallback (row=8, x=434.6, dist=106.6)
2026-09-07 00:44:31,995 MatchingPostProcessor WARNING  Orphan pdf_cell 222 recovered to col=3 by nearest-column fallback (row=8, x=448.3, dist=120.3)
2026-09-07 00:44:31,995 MatchingPostProcessor WARNING  Orphan pdf_cell 223 recovered to col=3 by nearest-column fallback (row=8, x=462.0, dist=134.0)
2026-09-07 00:44:31,995 MatchingPostProcessor WARNING  Orphan pdf_cell 224 recovered to col=3 by nearest-column fallback (row=8, x=475.7, dist=147.6)
2026-09-07 00:44:31,995 MatchingPostProcessor WARNING  Orphan pdf_cell 225 recovered to col=3 by nearest-column fallback (row=8, x=489.4, dist=161.3)
2026-09-07 00:44:31,995 MatchingPostProcessor WARNING  Orphan pdf_cell 226 recovered to col=3 by nearest-column fallback (row=8, x=503.0, dist=175.0)
2026-09-07 00:44:31,995 MatchingPostProcessor WARNING  Orphan pdf_cell 227 recovered to col=3 by nearest-column fallback (row=8, x=516.5, dist=188.4)
2026-09-07 00:44:31,995 MatchingPostProcessor WARNING  Orphan pdf_cell 228 recovered to col=4 by nearest-column fallback (row=8, x=530.2, dist=182.9)
2026-09-07 00:44:31,995 MatchingPostProcessor WARNING  Orphan pdf_cell 229 recovered to col=4 by nearest-column fallback (row=8, x=543.8, dist=169.2)
2026-09-07 00:44:31,995 MatchingPostProcessor WARNING  Orphan pdf_cell 230 recovered to col=4 by nearest-column fallback (row=8, x=557.5, dist=155.5)
2026-09-07 00:44:31,995 MatchingPostProcessor WARNING  Orphan pdf_cell 231 recovered to col=4 by nearest-column fallback (row=8, x=571.2, dist=141.9)
2026-09-07 00:44:31,995 MatchingPostProcessor WARNING  Orphan pdf_cell 232 recovered to col=4 by nearest-column fallback (row=8, x=584.9, dist=128.2)
2026-09-07 00:44:31,995 MatchingPostProcessor WARNING  Orphan pdf_cell 233 recovered to col=4 by nearest-column fallback (row=8, x=598.6, dist=114.5)
2026-09-07 00:44:31,995 MatchingPostProcessor WARNING  Orphan pdf_cell 234 recovered to col=4 by nearest-column fallback (row=8, x=612.2, dist=100.8)
2026-09-07 00:44:31,995 MatchingPostProcessor WARNING  Orphan pdf_cell 235 recovered to col=4 by nearest-column fallback (row=8, x=625.7, dist=87.4)
2026-09-07 00:44:31,995 MatchingPostProcessor WARNING  Orphan pdf_cell 236 recovered to col=4 by nearest-column fallback (row=8, x=639.4, dist=73.7)
2026-09-07 00:44:31,995 MatchingPostProcessor WARNING  Orphan pdf_cell 237 recovered to col=4 by nearest-column fallback (row=8, x=653.0, dist=60.0)
2026-09-07 00:44:31,995 MatchingPostProcessor WARNING  Orphan pdf_cell 238 recovered to col=4 by nearest-column fallback (row=8, x=666.7, dist=46.3)
2026-09-07 00:44:31,995 MatchingPostProcessor WARNING  Orphan pdf_cell 239 recovered to col=4 by nearest-column fallback (row=8, x=680.4, dist=32.7)
2026-09-07 00:44:31,995 MatchingPostProcessor WARNING  Orphan pdf_cell 249 recovered to col=3 by nearest-column fallback (row=9, x=434.6, dist=106.6)
2026-09-07 00:44:31,995 MatchingPostProcessor WARNING  Orphan pdf_cell 250 recovered to col=3 by nearest-column fallback (row=9, x=448.3, dist=120.3)
2026-09-07 00:44:31,995 MatchingPostProcessor WARNING  Orphan pdf_cell 251 recovered to col=3 by nearest-column fallback (row=9, x=462.0, dist=134.0)
2026-09-07 00:44:31,996 MatchingPostProcessor WARNING  Orphan pdf_cell 252 recovered to col=3 by nearest-column fallback (row=9, x=475.7, dist=147.6)
2026-09-07 00:44:31,996 MatchingPostProcessor WARNING  Orphan pdf_cell 253 recovered to col=3 by nearest-column fallback (row=9, x=489.4, dist=161.3)
2026-09-07 00:44:31,996 MatchingPostProcessor WARNING  Orphan pdf_cell 254 recovered to col=3 by nearest-column fallback (row=9, x=503.0, dist=175.0)
2026-09-07 00:44:31,996 MatchingPostProcessor WARNING  Orphan pdf_cell 255 recovered to col=3 by nearest-column fallback (row=9, x=516.5, dist=188.4)
2026-09-07 00:44:31,996 MatchingPostProcessor WARNING  Orphan pdf_cell 256 recovered to col=4 by nearest-column fallback (row=9, x=530.2, dist=182.9)
2026-09-07 00:44:31,996 MatchingPostProcessor WARNING  Orphan pdf_cell 257 recovered to col=4 by nearest-column fallback (row=9, x=543.8, dist=169.2)
2026-09-07 00:44:31,996 MatchingPostProcessor WARNING  Orphan pdf_cell 258 recovered to col=4 by nearest-column fallback (row=9, x=557.5, dist=155.5)
2026-09-07 00:44:31,996 MatchingPostProcessor WARNING  Orphan pdf_cell 259 recovered to col=4 by nearest-column fallback (row=9, x=571.2, dist=141.9)
2026-09-07 00:44:31,996 MatchingPostProcessor WARNING  Orphan pdf_cell 260 recovered to col=4 by nearest-column fallback (row=9, x=584.9, dist=128.2)
2026-09-07 00:44:31,996 MatchingPostProcessor WARNING  Orphan pdf_cell 261 recovered to col=4 by nearest-column fallback (row=9, x=598.6, dist=114.5)
2026-09-07 00:44:31,996 MatchingPostProcessor WARNING  Orphan pdf_cell 262 recovered to col=4 by nearest-column fallback (row=9, x=612.2, dist=100.8)
2026-09-07 00:44:31,996 MatchingPostProcessor WARNING  Orphan pdf_cell 263 recovered to col=4 by nearest-column fallback (row=9, x=625.7, dist=87.4)
2026-09-07 00:44:31,996 MatchingPostProcessor WARNING  Orphan pdf_cell 264 recovered to col=4 by nearest-column fallback (row=9, x=639.4, dist=73.7)
2026-09-07 00:44:31,996 MatchingPostProcessor WARNING  Orphan pdf_cell 265 recovered to col=4 by nearest-column fallback (row=9, x=653.0, dist=60.0)
2026-09-07 00:44:31,996 MatchingPostProcessor WARNING  Orphan pdf_cell 266 recovered to col=4 by nearest-column fallback (row=9, x=666.7, dist=46.3)
2026-09-07 00:44:31,996 MatchingPostProcessor WARNING  Orphan pdf_cell 267 recovered to col=4 by nearest-column fallback (row=9, x=680.4, dist=32.7)
2026-09-07 00:44:31,996 MatchingPostProcessor WARNING  Orphan pdf_cell 277 recovered to col=3 by nearest-column fallback (row=10, x=434.6, dist=106.6)
2026-09-07 00:44:31,996 MatchingPostProcessor WARNING  Orphan pdf_cell 278 recovered to col=3 by nearest-column fallback (row=10, x=448.3, dist=120.3)
2026-09-07 00:44:31,996 MatchingPostProcessor WARNING  Orphan pdf_cell 279 recovered to col=3 by nearest-column fallback (row=10, x=462.0, dist=134.0)
2026-09-07 00:44:31,996 MatchingPostProcessor WARNING  Orphan pdf_cell 280 recovered to col=3 by nearest-column fallback (row=10, x=475.7, dist=147.6)
2026-09-07 00:44:31,996 MatchingPostProcessor WARNING  Orphan pdf_cell 281 recovered to col=3 by nearest-column fallback (row=10, x=489.4, dist=161.3)
2026-09-07 00:44:31,996 MatchingPostProcessor WARNING  Orphan pdf_cell 282 recovered to col=3 by nearest-column fallback (row=10, x=503.0, dist=175.0)
2026-09-07 00:44:31,996 MatchingPostProcessor WARNING  Orphan pdf_cell 283 recovered to col=3 by nearest-column fallback (row=10, x=516.5, dist=188.4)
2026-09-07 00:44:31,996 MatchingPostProcessor WARNING  Orphan pdf_cell 284 recovered to col=4 by nearest-column fallback (row=10, x=530.2, dist=182.9)
2026-09-07 00:44:31,996 MatchingPostProcessor WARNING  Orphan pdf_cell 285 recovered to col=4 by nearest-column fallback (row=10, x=543.8, dist=169.2)
2026-09-07 00:44:31,996 MatchingPostProcessor WARNING  Orphan pdf_cell 286 recovered to col=4 by nearest-column fallback (row=10, x=557.5, dist=155.5)
2026-09-07 00:44:31,996 MatchingPostProcessor WARNING  Orphan pdf_cell 287 recovered to col=4 by nearest-column fallback (row=10, x=571.2, dist=141.9)
2026-09-07 00:44:31,996 MatchingPostProcessor WARNING  Orphan pdf_cell 288 recovered to col=4 by nearest-column fallback (row=10, x=584.9, dist=128.2)
2026-09-07 00:44:31,996 MatchingPostProcessor WARNING  Orphan pdf_cell 289 recovered to col=4 by nearest-column fallback (row=10, x=598.6, dist=114.5)
2026-09-07 00:44:31,996 MatchingPostProcessor WARNING  Orphan pdf_cell 290 recovered to col=4 by nearest-column fallback (row=10, x=612.2, dist=100.8)
2026-09-07 00:44:31,996 MatchingPostProcessor WARNING  Orphan pdf_cell 291 recovered to col=4 by nearest-column fallback (row=10, x=625.7, dist=87.4)
2026-09-07 00:44:31,996 MatchingPostProcessor WARNING  Orphan pdf_cell 292 recovered to col=4 by nearest-column fallback (row=10, x=639.4, dist=73.7)
2026-09-07 00:44:31,996 MatchingPostProcessor WARNING  Orphan pdf_cell 293 recovered to col=4 by nearest-column fallback (row=10, x=653.0, dist=60.0)
2026-09-07 00:44:31,996 MatchingPostProcessor WARNING  Orphan pdf_cell 294 recovered to col=4 by nearest-column fallback (row=10, x=666.7, dist=46.3)
2026-09-07 00:44:31,996 MatchingPostProcessor WARNING  Orphan pdf_cell 295 recovered to col=4 by nearest-column fallback (row=10, x=680.4, dist=32.7)
2026-09-07 00:44:31,996 MatchingPostProcessor WARNING  Orphan pdf_cell 303 recovered to col=3 by nearest-column fallback (row=11, x=462.0, dist=134.0)
2026-09-07 00:44:31,996 MatchingPostProcessor WARNING  Orphan pdf_cell 304 recovered to col=3 by nearest-column fallback (row=11, x=475.7, dist=147.6)
2026-09-07 00:44:31,996 MatchingPostProcessor WARNING  Orphan pdf_cell 305 recovered to col=3 by nearest-column fallback (row=11, x=489.4, dist=161.3)
2026-09-07 00:44:31,996 MatchingPostProcessor WARNING  Orphan pdf_cell 306 recovered to col=3 by nearest-column fallback (row=11, x=503.0, dist=175.0)
2026-09-07 00:44:31,996 MatchingPostProcessor WARNING  Orphan pdf_cell 307 recovered to col=3 by nearest-column fallback (row=11, x=516.5, dist=188.4)
2026-09-07 00:44:31,996 MatchingPostProcessor WARNING  Orphan pdf_cell 308 recovered to col=4 by nearest-column fallback (row=11, x=530.2, dist=182.9)
2026-09-07 00:44:31,996 MatchingPostProcessor WARNING  Orphan pdf_cell 309 recovered to col=4 by nearest-column fallback (row=11, x=543.8, dist=169.2)
2026-09-07 00:44:31,996 MatchingPostProcessor WARNING  Orphan pdf_cell 310 recovered to col=4 by nearest-column fallback (row=11, x=557.5, dist=155.5)
2026-09-07 00:44:31,996 MatchingPostProcessor WARNING  Orphan pdf_cell 311 recovered to col=4 by nearest-column fallback (row=11, x=571.2, dist=141.9)
2026-09-07 00:44:31,996 MatchingPostProcessor WARNING  Orphan pdf_cell 312 recovered to col=4 by nearest-column fallback (row=11, x=584.9, dist=128.2)
2026-09-07 00:44:31,996 MatchingPostProcessor WARNING  Orphan pdf_cell 313 recovered to col=4 by nearest-column fallback (row=11, x=598.6, dist=114.5)
2026-09-07 00:44:31,996 MatchingPostProcessor WARNING  Orphan pdf_cell 314 recovered to col=4 by nearest-column fallback (row=11, x=612.2, dist=100.8)
2026-09-07 00:44:31,996 MatchingPostProcessor WARNING  Orphan pdf_cell 315 recovered to col=4 by nearest-column fallback (row=11, x=625.7, dist=87.4)
2026-09-07 00:44:31,996 MatchingPostProcessor WARNING  Orphan pdf_cell 316 recovered to col=4 by nearest-column fallback (row=11, x=639.4, dist=73.7)
2026-09-07 00:44:31,996 MatchingPostProcessor WARNING  Orphan pdf_cell 317 recovered to col=4 by nearest-column fallback (row=11, x=653.0, dist=60.0)
2026-09-07 00:44:31,996 MatchingPostProcessor WARNING  Orphan pdf_cell 318 recovered to col=4 by nearest-column fallback (row=11, x=666.7, dist=46.3)
2026-09-07 00:44:31,997 MatchingPostProcessor WARNING  Orphan pdf_cell 319 recovered to col=4 by nearest-column fallback (row=11, x=680.4, dist=32.7)
2026-09-07 00:44:31,997 MatchingPostProcessor WARNING  Orphan pdf_cell 333 recovered to col=3 by nearest-column fallback (row=12, x=434.6, dist=106.6)
2026-09-07 00:44:31,997 MatchingPostProcessor WARNING  Orphan pdf_cell 334 recovered to col=3 by nearest-column fallback (row=12, x=448.3, dist=120.3)
2026-09-07 00:44:31,997 MatchingPostProcessor WARNING  Orphan pdf_cell 335 recovered to col=3 by nearest-column fallback (row=12, x=462.0, dist=134.0)
2026-09-07 00:44:31,997 MatchingPostProcessor WARNING  Orphan pdf_cell 336 recovered to col=3 by nearest-column fallback (row=12, x=475.7, dist=147.6)
2026-09-07 00:44:31,997 MatchingPostProcessor WARNING  Orphan pdf_cell 337 recovered to col=3 by nearest-column fallback (row=12, x=489.4, dist=161.3)
2026-09-07 00:44:31,997 MatchingPostProcessor WARNING  Orphan pdf_cell 338 recovered to col=3 by nearest-column fallback (row=12, x=503.0, dist=175.0)
2026-09-07 00:44:31,997 MatchingPostProcessor WARNING  Orphan pdf_cell 339 recovered to col=3 by nearest-column fallback (row=12, x=516.5, dist=188.4)
2026-09-07 00:44:31,997 MatchingPostProcessor WARNING  Orphan pdf_cell 340 recovered to col=4 by nearest-column fallback (row=12, x=530.2, dist=182.9)
2026-09-07 00:44:31,997 MatchingPostProcessor WARNING  Orphan pdf_cell 341 recovered to col=4 by nearest-column fallback (row=12, x=543.8, dist=169.2)
2026-09-07 00:44:31,997 MatchingPostProcessor WARNING  Orphan pdf_cell 342 recovered to col=4 by nearest-column fallback (row=12, x=557.5, dist=155.5)
2026-09-07 00:44:31,997 MatchingPostProcessor WARNING  Orphan pdf_cell 343 recovered to col=4 by nearest-column fallback (row=12, x=571.2, dist=141.9)
2026-09-07 00:44:31,997 MatchingPostProcessor WARNING  Orphan pdf_cell 344 recovered to col=4 by nearest-column fallback (row=12, x=584.9, dist=128.2)
2026-09-07 00:44:31,997 MatchingPostProcessor WARNING  Orphan pdf_cell 345 recovered to col=4 by nearest-column fallback (row=12, x=598.6, dist=114.5)
2026-09-07 00:44:31,997 MatchingPostProcessor WARNING  Orphan pdf_cell 346 recovered to col=4 by nearest-column fallback (row=12, x=612.2, dist=100.8)
2026-09-07 00:44:31,997 MatchingPostProcessor WARNING  Orphan pdf_cell 347 recovered to col=4 by nearest-column fallback (row=12, x=625.7, dist=87.4)
2026-09-07 00:44:31,997 MatchingPostProcessor WARNING  Orphan pdf_cell 348 recovered to col=4 by nearest-column fallback (row=12, x=639.4, dist=73.7)
2026-09-07 00:44:31,997 MatchingPostProcessor WARNING  Orphan pdf_cell 349 recovered to col=4 by nearest-column fallback (row=12, x=653.0, dist=60.0)
2026-09-07 00:44:31,997 MatchingPostProcessor WARNING  Orphan pdf_cell 350 recovered to col=4 by nearest-column fallback (row=12, x=666.7, dist=46.3)
2026-09-07 00:44:31,997 MatchingPostProcessor WARNING  Orphan pdf_cell 351 recovered to col=4 by nearest-column fallback (row=12, x=680.4, dist=32.7)
2026-09-07 00:44:31,997 MatchingPostProcessor WARNING  Orphan pdf_cell 362 recovered to col=3 by nearest-column fallback (row=13, x=434.6, dist=106.6)
2026-09-07 00:44:31,997 MatchingPostProcessor WARNING  Orphan pdf_cell 363 recovered to col=3 by nearest-column fallback (row=13, x=448.3, dist=120.3)
2026-09-07 00:44:31,997 MatchingPostProcessor WARNING  Orphan pdf_cell 364 recovered to col=3 by nearest-column fallback (row=13, x=462.0, dist=134.0)
2026-09-07 00:44:31,997 MatchingPostProcessor WARNING  Orphan pdf_cell 365 recovered to col=3 by nearest-column fallback (row=13, x=475.7, dist=147.6)
2026-09-07 00:44:31,997 MatchingPostProcessor WARNING  Orphan pdf_cell 366 recovered to col=3 by nearest-column fallback (row=13, x=489.4, dist=161.3)
2026-09-07 00:44:31,997 MatchingPostProcessor WARNING  Orphan pdf_cell 367 recovered to col=3 by nearest-column fallback (row=13, x=503.0, dist=175.0)
2026-09-07 00:44:31,997 MatchingPostProcessor WARNING  Orphan pdf_cell 368 recovered to col=3 by nearest-column fallback (row=13, x=516.5, dist=188.4)
2026-09-07 00:44:31,997 MatchingPostProcessor WARNING  Orphan pdf_cell 369 recovered to col=4 by nearest-column fallback (row=13, x=530.2, dist=182.9)
2026-09-07 00:44:31,997 MatchingPostProcessor WARNING  Orphan pdf_cell 370 recovered to col=4 by nearest-column fallback (row=13, x=543.8, dist=169.2)
2026-09-07 00:44:31,997 MatchingPostProcessor WARNING  Orphan pdf_cell 371 recovered to col=4 by nearest-column fallback (row=13, x=557.5, dist=155.5)
2026-09-07 00:44:31,997 MatchingPostProcessor WARNING  Orphan pdf_cell 372 recovered to col=4 by nearest-column fallback (row=13, x=571.2, dist=141.9)
2026-09-07 00:44:31,997 MatchingPostProcessor WARNING  Orphan pdf_cell 373 recovered to col=4 by nearest-column fallback (row=13, x=584.9, dist=128.2)
2026-09-07 00:44:31,997 MatchingPostProcessor WARNING  Orphan pdf_cell 374 recovered to col=4 by nearest-column fallback (row=13, x=598.6, dist=114.5)
2026-09-07 00:44:31,997 MatchingPostProcessor WARNING  Orphan pdf_cell 375 recovered to col=4 by nearest-column fallback (row=13, x=612.2, dist=100.8)
2026-09-07 00:44:31,997 MatchingPostProcessor WARNING  Orphan pdf_cell 376 recovered to col=4 by nearest-column fallback (row=13, x=625.7, dist=87.4)
2026-09-07 00:44:31,997 MatchingPostProcessor WARNING  Orphan pdf_cell 377 recovered to col=4 by nearest-column fallback (row=13, x=639.4, dist=73.7)
2026-09-07 00:44:31,997 MatchingPostProcessor WARNING  Orphan pdf_cell 378 recovered to col=4 by nearest-column fallback (row=13, x=653.0, dist=60.0)
2026-09-07 00:44:31,997 MatchingPostProcessor WARNING  Orphan pdf_cell 379 recovered to col=4 by nearest-column fallback (row=13, x=666.7, dist=46.3)
2026-09-07 00:44:31,997 MatchingPostProcessor WARNING  Orphan pdf_cell 380 recovered to col=4 by nearest-column fallback (row=13, x=680.4, dist=32.7)
2026-09-07 00:44:31,997 MatchingPostProcessor WARNING  Orphan pdf_cell 382 recovered to col=1 by nearest-column fallback (row=14, x=105.8, dist=62.1)
2026-09-07 00:44:31,997 MatchingPostProcessor WARNING  Orphan pdf_cell 403 recovered to col=3 by nearest-column fallback (row=15, x=434.6, dist=106.6)
2026-09-07 00:44:31,997 MatchingPostProcessor WARNING  Orphan pdf_cell 404 recovered to col=3 by nearest-column fallback (row=15, x=448.3, dist=120.3)
2026-09-07 00:44:31,997 MatchingPostProcessor WARNING  Orphan pdf_cell 405 recovered to col=3 by nearest-column fallback (row=15, x=462.0, dist=134.0)
2026-09-07 00:44:31,997 MatchingPostProcessor WARNING  Orphan pdf_cell 406 recovered to col=3 by nearest-column fallback (row=15, x=475.7, dist=147.6)
2026-09-07 00:44:31,997 MatchingPostProcessor WARNING  Orphan pdf_cell 407 recovered to col=3 by nearest-column fallback (row=15, x=489.4, dist=161.3)
2026-09-07 00:44:31,997 MatchingPostProcessor WARNING  Orphan pdf_cell 408 recovered to col=3 by nearest-column fallback (row=15, x=503.0, dist=175.0)
2026-09-07 00:44:31,997 MatchingPostProcessor WARNING  Orphan pdf_cell 409 recovered to col=3 by nearest-column fallback (row=15, x=516.5, dist=188.4)
2026-09-07 00:44:31,998 MatchingPostProcessor WARNING  Orphan pdf_cell 410 recovered to col=4 by nearest-column fallback (row=15, x=530.2, dist=182.9)
2026-09-07 00:44:31,998 MatchingPostProcessor WARNING  Orphan pdf_cell 411 recovered to col=4 by nearest-column fallback (row=15, x=543.8, dist=169.2)
2026-09-07 00:44:31,998 MatchingPostProcessor WARNING  Orphan pdf_cell 412 recovered to col=4 by nearest-column fallback (row=15, x=557.5, dist=155.5)
2026-09-07 00:44:31,998 MatchingPostProcessor WARNING  Orphan pdf_cell 413 recovered to col=4 by nearest-column fallback (row=15, x=571.2, dist=141.9)
2026-09-07 00:44:31,998 MatchingPostProcessor WARNING  Orphan pdf_cell 414 recovered to col=4 by nearest-column fallback (row=15, x=584.9, dist=128.2)
2026-09-07 00:44:31,998 MatchingPostProcessor WARNING  Orphan pdf_cell 415 recovered to col=4 by nearest-column fallback (row=15, x=598.6, dist=114.5)
2026-09-07 00:44:31,998 MatchingPostProcessor WARNING  Orphan pdf_cell 416 recovered to col=4 by nearest-column fallback (row=15, x=612.2, dist=100.8)
2026-09-07 00:44:31,998 MatchingPostProcessor WARNING  Orphan pdf_cell 417 recovered to col=4 by nearest-column fallback (row=15, x=625.7, dist=87.4)
2026-09-07 00:44:31,998 MatchingPostProcessor WARNING  Orphan pdf_cell 418 recovered to col=4 by nearest-column fallback (row=15, x=639.4, dist=73.7)
2026-09-07 00:44:31,998 MatchingPostProcessor WARNING  Orphan pdf_cell 419 recovered to col=4 by nearest-column fallback (row=15, x=653.0, dist=60.0)
2026-09-07 00:44:31,998 MatchingPostProcessor WARNING  Orphan pdf_cell 420 recovered to col=4 by nearest-column fallback (row=15, x=666.7, dist=46.3)
2026-09-07 00:44:31,998 MatchingPostProcessor WARNING  Orphan pdf_cell 421 recovered to col=4 by nearest-column fallback (row=15, x=680.4, dist=32.7)
2026-09-07 00:44:31,998 MatchingPostProcessor WARNING  Orphan pdf_cell 432 recovered to col=3 by nearest-column fallback (row=16, x=434.6, dist=106.6)
2026-09-07 00:44:31,998 MatchingPostProcessor WARNING  Orphan pdf_cell 433 recovered to col=3 by nearest-column fallback (row=16, x=448.3, dist=120.3)
2026-09-07 00:44:31,998 MatchingPostProcessor WARNING  Orphan pdf_cell 434 recovered to col=3 by nearest-column fallback (row=16, x=462.0, dist=134.0)
2026-09-07 00:44:31,998 MatchingPostProcessor WARNING  Orphan pdf_cell 435 recovered to col=3 by nearest-column fallback (row=16, x=475.7, dist=147.6)
2026-09-07 00:44:31,998 MatchingPostProcessor WARNING  Orphan pdf_cell 436 recovered to col=3 by nearest-column fallback (row=16, x=489.4, dist=161.3)
2026-09-07 00:44:31,998 MatchingPostProcessor WARNING  Orphan pdf_cell 437 recovered to col=3 by nearest-column fallback (row=16, x=503.0, dist=175.0)
2026-09-07 00:44:31,998 MatchingPostProcessor WARNING  Orphan pdf_cell 438 recovered to col=3 by nearest-column fallback (row=16, x=516.5, dist=188.4)
2026-09-07 00:44:31,998 MatchingPostProcessor WARNING  Orphan pdf_cell 439 recovered to col=4 by nearest-column fallback (row=16, x=530.2, dist=182.9)
2026-09-07 00:44:31,998 MatchingPostProcessor WARNING  Orphan pdf_cell 440 recovered to col=4 by nearest-column fallback (row=16, x=543.8, dist=169.2)
2026-09-07 00:44:31,998 MatchingPostProcessor WARNING  Orphan pdf_cell 441 recovered to col=4 by nearest-column fallback (row=16, x=557.5, dist=155.5)
2026-09-07 00:44:31,998 MatchingPostProcessor WARNING  Orphan pdf_cell 442 recovered to col=4 by nearest-column fallback (row=16, x=571.2, dist=141.9)
2026-09-07 00:44:31,998 MatchingPostProcessor WARNING  Orphan pdf_cell 443 recovered to col=4 by nearest-column fallback (row=16, x=584.9, dist=128.2)
2026-09-07 00:44:31,998 MatchingPostProcessor WARNING  Orphan pdf_cell 444 recovered to col=4 by nearest-column fallback (row=16, x=598.6, dist=114.5)
2026-09-07 00:44:31,998 MatchingPostProcessor WARNING  Orphan pdf_cell 445 recovered to col=4 by nearest-column fallback (row=16, x=612.2, dist=100.8)
2026-09-07 00:44:31,998 MatchingPostProcessor WARNING  Orphan pdf_cell 446 recovered to col=4 by nearest-column fallback (row=16, x=625.7, dist=87.4)
2026-09-07 00:44:31,998 MatchingPostProcessor WARNING  Orphan pdf_cell 447 recovered to col=4 by nearest-column fallback (row=16, x=639.4, dist=73.7)
2026-09-07 00:44:31,998 MatchingPostProcessor WARNING  Orphan pdf_cell 448 recovered to col=4 by nearest-column fallback (row=16, x=653.0, dist=60.0)
2026-09-07 00:44:31,998 MatchingPostProcessor WARNING  Orphan pdf_cell 449 recovered to col=4 by nearest-column fallback (row=16, x=666.7, dist=46.3)
2026-09-07 00:44:31,998 MatchingPostProcessor WARNING  Orphan pdf_cell 450 recovered to col=4 by nearest-column fallback (row=16, x=680.4, dist=32.7)
2026-09-07 00:44:31,998 MatchingPostProcessor WARNING  Orphan pdf_cell 459 recovered to col=3 by nearest-column fallback (row=17, x=434.6, dist=106.6)
2026-09-07 00:44:31,998 MatchingPostProcessor WARNING  Orphan pdf_cell 460 recovered to col=3 by nearest-column fallback (row=17, x=448.3, dist=120.3)
2026-09-07 00:44:31,998 MatchingPostProcessor WARNING  Orphan pdf_cell 461 recovered to col=3 by nearest-column fallback (row=17, x=462.0, dist=134.0)
2026-09-07 00:44:31,998 MatchingPostProcessor WARNING  Orphan pdf_cell 462 recovered to col=3 by nearest-column fallback (row=17, x=475.7, dist=147.6)
2026-09-07 00:44:31,998 MatchingPostProcessor WARNING  Orphan pdf_cell 463 recovered to col=3 by nearest-column fallback (row=17, x=489.4, dist=161.3)
2026-09-07 00:44:31,998 MatchingPostProcessor WARNING  Orphan pdf_cell 464 recovered to col=3 by nearest-column fallback (row=17, x=503.0, dist=175.0)
2026-09-07 00:44:31,998 MatchingPostProcessor WARNING  Orphan pdf_cell 465 recovered to col=3 by nearest-column fallback (row=17, x=516.5, dist=188.4)
2026-09-07 00:44:31,998 MatchingPostProcessor WARNING  Orphan pdf_cell 466 recovered to col=4 by nearest-column fallback (row=17, x=530.2, dist=182.9)
2026-09-07 00:44:31,998 MatchingPostProcessor WARNING  Orphan pdf_cell 467 recovered to col=4 by nearest-column fallback (row=17, x=543.8, dist=169.2)
2026-09-07 00:44:31,998 MatchingPostProcessor WARNING  Orphan pdf_cell 468 recovered to col=4 by nearest-column fallback (row=17, x=557.5, dist=155.5)
2026-09-07 00:44:31,998 MatchingPostProcessor WARNING  Orphan pdf_cell 469 recovered to col=4 by nearest-column fallback (row=17, x=571.2, dist=141.9)
2026-09-07 00:44:31,998 MatchingPostProcessor WARNING  Orphan pdf_cell 470 recovered to col=4 by nearest-column fallback (row=17, x=584.9, dist=128.2)
2026-09-07 00:44:31,998 MatchingPostProcessor WARNING  Orphan pdf_cell 471 recovered to col=4 by nearest-column fallback (row=17, x=598.6, dist=114.5)
2026-09-07 00:44:31,998 MatchingPostProcessor WARNING  Orphan pdf_cell 472 recovered to col=4 by nearest-column fallback (row=17, x=612.2, dist=100.8)
2026-09-07 00:44:31,998 MatchingPostProcessor WARNING  Orphan pdf_cell 473 recovered to col=4 by nearest-column fallback (row=17, x=625.7, dist=87.4)
2026-09-07 00:44:31,998 MatchingPostProcessor WARNING  Orphan pdf_cell 474 recovered to col=4 by nearest-column fallback (row=17, x=639.4, dist=73.7)
2026-09-07 00:44:31,998 MatchingPostProcessor WARNING  Orphan pdf_cell 475 recovered to col=4 by nearest-column fallback (row=17, x=653.0, dist=60.0)
2026-09-07 00:44:31,998 MatchingPostProcessor WARNING  Orphan pdf_cell 476 recovered to col=4 by nearest-column fallback (row=17, x=666.7, dist=46.3)
2026-09-07 00:44:31,998 MatchingPostProcessor WARNING  Orphan pdf_cell 477 recovered to col=4 by nearest-column fallback (row=17, x=680.4, dist=32.7)
2026-09-07 00:44:31,999 MatchingPostProcessor WARNING  Orphan pdf_cell 485 recovered to col=3 by nearest-column fallback (row=18, x=448.3, dist=120.3)
2026-09-07 00:44:31,999 MatchingPostProcessor WARNING  Orphan pdf_cell 486 recovered to col=3 by nearest-column fallback (row=18, x=462.0, dist=134.0)
2026-09-07 00:44:31,999 MatchingPostProcessor WARNING  Orphan pdf_cell 487 recovered to col=3 by nearest-column fallback (row=18, x=475.7, dist=147.6)
2026-09-07 00:44:31,999 MatchingPostProcessor WARNING  Orphan pdf_cell 488 recovered to col=3 by nearest-column fallback (row=18, x=489.4, dist=161.3)
2026-09-07 00:44:31,999 MatchingPostProcessor WARNING  Orphan pdf_cell 489 recovered to col=3 by nearest-column fallback (row=18, x=503.0, dist=175.0)
2026-09-07 00:44:31,999 MatchingPostProcessor WARNING  Orphan pdf_cell 490 recovered to col=3 by nearest-column fallback (row=18, x=516.5, dist=188.4)
2026-09-07 00:44:31,999 MatchingPostProcessor WARNING  Orphan pdf_cell 491 recovered to col=4 by nearest-column fallback (row=18, x=530.2, dist=182.9)
2026-09-07 00:44:31,999 MatchingPostProcessor WARNING  Orphan pdf_cell 492 recovered to col=4 by nearest-column fallback (row=18, x=543.8, dist=169.2)
2026-09-07 00:44:31,999 MatchingPostProcessor WARNING  Orphan pdf_cell 493 recovered to col=4 by nearest-column fallback (row=18, x=557.5, dist=155.5)
2026-09-07 00:44:31,999 MatchingPostProcessor WARNING  Orphan pdf_cell 494 recovered to col=4 by nearest-column fallback (row=18, x=571.2, dist=141.9)
2026-09-07 00:44:31,999 MatchingPostProcessor WARNING  Orphan pdf_cell 495 recovered to col=4 by nearest-column fallback (row=18, x=584.9, dist=128.2)
2026-09-07 00:44:31,999 MatchingPostProcessor WARNING  Orphan pdf_cell 496 recovered to col=4 by nearest-column fallback (row=18, x=598.6, dist=114.5)
2026-09-07 00:44:31,999 MatchingPostProcessor WARNING  Orphan pdf_cell 497 recovered to col=4 by nearest-column fallback (row=18, x=612.2, dist=100.8)
2026-09-07 00:44:31,999 MatchingPostProcessor WARNING  Orphan pdf_cell 498 recovered to col=4 by nearest-column fallback (row=18, x=625.7, dist=87.4)
2026-09-07 00:44:31,999 MatchingPostProcessor WARNING  Orphan pdf_cell 499 recovered to col=4 by nearest-column fallback (row=18, x=639.4, dist=73.7)
2026-09-07 00:44:31,999 MatchingPostProcessor WARNING  Orphan pdf_cell 500 recovered to col=4 by nearest-column fallback (row=18, x=653.0, dist=60.0)
2026-09-07 00:44:31,999 MatchingPostProcessor WARNING  Orphan pdf_cell 501 recovered to col=4 by nearest-column fallback (row=18, x=666.7, dist=46.3)
2026-09-07 00:44:31,999 MatchingPostProcessor WARNING  Orphan pdf_cell 502 recovered to col=4 by nearest-column fallback (row=18, x=680.4, dist=32.7)
2026-09-07 00:44:31,999 MatchingPostProcessor WARNING  Orphan pdf_cell 510 recovered to col=3 by nearest-column fallback (row=19, x=434.6, dist=106.6)
2026-09-07 00:44:31,999 MatchingPostProcessor WARNING  Orphan pdf_cell 511 recovered to col=3 by nearest-column fallback (row=19, x=448.3, dist=120.3)
2026-09-07 00:44:31,999 MatchingPostProcessor WARNING  Orphan pdf_cell 512 recovered to col=3 by nearest-column fallback (row=19, x=462.0, dist=134.0)
2026-09-07 00:44:31,999 MatchingPostProcessor WARNING  Orphan pdf_cell 513 recovered to col=3 by nearest-column fallback (row=19, x=475.7, dist=147.6)
2026-09-07 00:44:31,999 MatchingPostProcessor WARNING  Orphan pdf_cell 514 recovered to col=3 by nearest-column fallback (row=19, x=489.4, dist=161.3)
2026-09-07 00:44:31,999 MatchingPostProcessor WARNING  Orphan pdf_cell 515 recovered to col=3 by nearest-column fallback (row=19, x=503.0, dist=175.0)
2026-09-07 00:44:31,999 MatchingPostProcessor WARNING  Orphan pdf_cell 516 recovered to col=3 by nearest-column fallback (row=19, x=516.5, dist=188.4)
2026-09-07 00:44:31,999 MatchingPostProcessor WARNING  Orphan pdf_cell 517 recovered to col=4 by nearest-column fallback (row=19, x=530.2, dist=182.9)
2026-09-07 00:44:31,999 MatchingPostProcessor WARNING  Orphan pdf_cell 518 recovered to col=4 by nearest-column fallback (row=19, x=543.8, dist=169.2)
2026-09-07 00:44:31,999 MatchingPostProcessor WARNING  Orphan pdf_cell 519 recovered to col=4 by nearest-column fallback (row=19, x=557.5, dist=155.5)
2026-09-07 00:44:31,999 MatchingPostProcessor WARNING  Orphan pdf_cell 520 recovered to col=4 by nearest-column fallback (row=19, x=571.2, dist=141.9)
2026-09-07 00:44:31,999 MatchingPostProcessor WARNING  Orphan pdf_cell 521 recovered to col=4 by nearest-column fallback (row=19, x=584.9, dist=128.2)
2026-09-07 00:44:31,999 MatchingPostProcessor WARNING  Orphan pdf_cell 522 recovered to col=4 by nearest-column fallback (row=19, x=598.6, dist=114.5)
2026-09-07 00:44:31,999 MatchingPostProcessor WARNING  Orphan pdf_cell 523 recovered to col=4 by nearest-column fallback (row=19, x=612.2, dist=100.8)
2026-09-07 00:44:31,999 MatchingPostProcessor WARNING  Orphan pdf_cell 524 recovered to col=4 by nearest-column fallback (row=19, x=625.7, dist=87.4)
2026-09-07 00:44:31,999 MatchingPostProcessor WARNING  Orphan pdf_cell 525 recovered to col=4 by nearest-column fallback (row=19, x=639.4, dist=73.7)
2026-09-07 00:44:31,999 MatchingPostProcessor WARNING  Orphan pdf_cell 526 recovered to col=4 by nearest-column fallback (row=19, x=653.0, dist=60.0)
2026-09-07 00:44:31,999 MatchingPostProcessor WARNING  Orphan pdf_cell 527 recovered to col=4 by nearest-column fallback (row=19, x=666.7, dist=46.3)
2026-09-07 00:44:31,999 MatchingPostProcessor WARNING  Orphan pdf_cell 528 recovered to col=4 by nearest-column fallback (row=19, x=680.4, dist=32.7)
2026-09-07 00:44:31,999 MatchingPostProcessor WARNING  Orphan pdf_cell 542 recovered to col=3 by nearest-column fallback (row=20, x=434.6, dist=106.6)
2026-09-07 00:44:31,999 MatchingPostProcessor WARNING  Orphan pdf_cell 543 recovered to col=3 by nearest-column fallback (row=20, x=448.3, dist=120.3)
2026-09-07 00:44:31,999 MatchingPostProcessor WARNING  Orphan pdf_cell 544 recovered to col=3 by nearest-column fallback (row=20, x=462.0, dist=134.0)
2026-09-07 00:44:31,999 MatchingPostProcessor WARNING  Orphan pdf_cell 545 recovered to col=3 by nearest-column fallback (row=20, x=475.7, dist=147.6)
2026-09-07 00:44:31,999 MatchingPostProcessor WARNING  Orphan pdf_cell 546 recovered to col=3 by nearest-column fallback (row=20, x=489.4, dist=161.3)
2026-09-07 00:44:31,999 MatchingPostProcessor WARNING  Orphan pdf_cell 547 recovered to col=3 by nearest-column fallback (row=20, x=503.0, dist=175.0)
2026-09-07 00:44:31,999 MatchingPostProcessor WARNING  Orphan pdf_cell 548 recovered to col=3 by nearest-column fallback (row=20, x=516.5, dist=188.4)
2026-09-07 00:44:31,999 MatchingPostProcessor WARNING  Orphan pdf_cell 549 recovered to col=4 by nearest-column fallback (row=20, x=530.2, dist=182.9)
2026-09-07 00:44:31,999 MatchingPostProcessor WARNING  Orphan pdf_cell 550 recovered to col=4 by nearest-column fallback (row=20, x=543.8, dist=169.2)
2026-09-07 00:44:31,999 MatchingPostProcessor WARNING  Orphan pdf_cell 551 recovered to col=4 by nearest-column fallback (row=20, x=557.5, dist=155.5)
2026-09-07 00:44:31,999 MatchingPostProcessor WARNING  Orphan pdf_cell 552 recovered to col=4 by nearest-column fallback (row=20, x=571.2, dist=141.9)
2026-09-07 00:44:31,999 MatchingPostProcessor WARNING  Orphan pdf_cell 553 recovered to col=4 by nearest-column fallback (row=20, x=584.9, dist=128.2)
2026-09-07 00:44:32,000 MatchingPostProcessor WARNING  Orphan pdf_cell 554 recovered to col=4 by nearest-column fallback (row=20, x=598.6, dist=114.5)
2026-09-07 00:44:32,000 MatchingPostProcessor WARNING  Orphan pdf_cell 555 recovered to col=4 by nearest-column fallback (row=20, x=612.2, dist=100.8)
2026-09-07 00:44:32,000 MatchingPostProcessor WARNING  Orphan pdf_cell 556 recovered to col=4 by nearest-column fallback (row=20, x=625.7, dist=87.4)
2026-09-07 00:44:32,000 MatchingPostProcessor WARNING  Orphan pdf_cell 557 recovered to col=4 by nearest-column fallback (row=20, x=639.4, dist=73.7)
2026-09-07 00:44:32,000 MatchingPostProcessor WARNING  Orphan pdf_cell 558 recovered to col=4 by nearest-column fallback (row=20, x=653.0, dist=60.0)
2026-09-07 00:44:32,000 MatchingPostProcessor WARNING  Orphan pdf_cell 559 recovered to col=4 by nearest-column fallback (row=20, x=666.7, dist=46.3)
2026-09-07 00:44:32,000 MatchingPostProcessor WARNING  Orphan pdf_cell 560 recovered to col=4 by nearest-column fallback (row=20, x=680.4, dist=32.7)
2026-09-07 00:44:32,000 MatchingPostProcessor WARNING  Orphan pdf_cell 575 recovered to col=3 by nearest-column fallback (row=21, x=489.4, dist=161.3)
2026-09-07 00:44:32,000 MatchingPostProcessor WARNING  Orphan pdf_cell 576 recovered to col=3 by nearest-column fallback (row=21, x=503.0, dist=175.0)
2026-09-07 00:44:32,000 MatchingPostProcessor WARNING  Orphan pdf_cell 577 recovered to col=3 by nearest-column fallback (row=21, x=516.5, dist=188.4)
2026-09-07 00:44:32,000 MatchingPostProcessor WARNING  Orphan pdf_cell 578 recovered to col=4 by nearest-column fallback (row=21, x=530.2, dist=182.9)
2026-09-07 00:44:32,000 MatchingPostProcessor WARNING  Orphan pdf_cell 579 recovered to col=4 by nearest-column fallback (row=21, x=543.8, dist=169.2)
2026-09-07 00:44:32,000 MatchingPostProcessor WARNING  Orphan pdf_cell 580 recovered to col=4 by nearest-column fallback (row=21, x=557.5, dist=155.5)
2026-09-07 00:44:32,000 MatchingPostProcessor WARNING  Orphan pdf_cell 581 recovered to col=4 by nearest-column fallback (row=21, x=571.2, dist=141.9)
2026-09-07 00:44:32,000 MatchingPostProcessor WARNING  Orphan pdf_cell 582 recovered to col=4 by nearest-column fallback (row=21, x=584.9, dist=128.2)
2026-09-07 00:44:32,000 MatchingPostProcessor WARNING  Orphan pdf_cell 583 recovered to col=4 by nearest-column fallback (row=21, x=598.6, dist=114.5)
2026-09-07 00:44:32,000 MatchingPostProcessor WARNING  Orphan pdf_cell 584 recovered to col=4 by nearest-column fallback (row=21, x=612.2, dist=100.8)
2026-09-07 00:44:32,000 MatchingPostProcessor WARNING  Orphan pdf_cell 585 recovered to col=4 by nearest-column fallback (row=21, x=625.7, dist=87.4)
2026-09-07 00:44:32,000 MatchingPostProcessor WARNING  Orphan pdf_cell 586 recovered to col=4 by nearest-column fallback (row=21, x=639.4, dist=73.7)
2026-09-07 00:44:32,000 MatchingPostProcessor WARNING  Orphan pdf_cell 587 recovered to col=4 by nearest-column fallback (row=21, x=653.0, dist=60.0)
2026-09-07 00:44:32,000 MatchingPostProcessor WARNING  Orphan pdf_cell 588 recovered to col=4 by nearest-column fallback (row=21, x=666.7, dist=46.3)
2026-09-07 00:44:32,000 MatchingPostProcessor WARNING  Orphan pdf_cell 589 recovered to col=4 by nearest-column fallback (row=21, x=680.4, dist=32.7)
2026-09-07 00:44:32,000 MatchingPostProcessor WARNING  Orphan pdf_cell 596 recovered to col=3 by nearest-column fallback (row=22, x=462.0, dist=134.0)
2026-09-07 00:44:32,000 MatchingPostProcessor WARNING  Orphan pdf_cell 597 recovered to col=3 by nearest-column fallback (row=22, x=475.7, dist=147.6)
2026-09-07 00:44:32,000 MatchingPostProcessor WARNING  Orphan pdf_cell 598 recovered to col=3 by nearest-column fallback (row=22, x=489.4, dist=161.3)
2026-09-07 00:44:32,000 MatchingPostProcessor WARNING  Orphan pdf_cell 599 recovered to col=3 by nearest-column fallback (row=22, x=503.0, dist=175.0)
2026-09-07 00:44:32,000 MatchingPostProcessor WARNING  Orphan pdf_cell 600 recovered to col=3 by nearest-column fallback (row=22, x=516.5, dist=188.4)
2026-09-07 00:44:32,000 MatchingPostProcessor WARNING  Orphan pdf_cell 601 recovered to col=4 by nearest-column fallback (row=22, x=530.2, dist=182.9)
2026-09-07 00:44:32,000 MatchingPostProcessor WARNING  Orphan pdf_cell 602 recovered to col=4 by nearest-column fallback (row=22, x=543.8, dist=169.2)
2026-09-07 00:44:32,000 MatchingPostProcessor WARNING  Orphan pdf_cell 603 recovered to col=4 by nearest-column fallback (row=22, x=557.5, dist=155.5)
2026-09-07 00:44:32,000 MatchingPostProcessor WARNING  Orphan pdf_cell 604 recovered to col=4 by nearest-column fallback (row=22, x=571.2, dist=141.9)
2026-09-07 00:44:32,000 MatchingPostProcessor WARNING  Orphan pdf_cell 605 recovered to col=4 by nearest-column fallback (row=22, x=584.9, dist=128.2)
2026-09-07 00:44:32,000 MatchingPostProcessor WARNING  Orphan pdf_cell 606 recovered to col=4 by nearest-column fallback (row=22, x=598.6, dist=114.5)
2026-09-07 00:44:32,000 MatchingPostProcessor WARNING  Orphan pdf_cell 607 recovered to col=4 by nearest-column fallback (row=22, x=612.2, dist=100.8)
2026-09-07 00:44:32,000 MatchingPostProcessor WARNING  Orphan pdf_cell 608 recovered to col=4 by nearest-column fallback (row=22, x=625.7, dist=87.4)
2026-09-07 00:44:32,000 MatchingPostProcessor WARNING  Orphan pdf_cell 609 recovered to col=4 by nearest-column fallback (row=22, x=639.4, dist=73.7)
2026-09-07 00:44:32,000 MatchingPostProcessor WARNING  Orphan pdf_cell 610 recovered to col=4 by nearest-column fallback (row=22, x=653.0, dist=60.0)
2026-09-07 00:44:32,000 MatchingPostProcessor WARNING  Orphan pdf_cell 611 recovered to col=4 by nearest-column fallback (row=22, x=666.7, dist=46.3)
2026-09-07 00:44:32,000 MatchingPostProcessor WARNING  Orphan pdf_cell 612 recovered to col=4 by nearest-column fallback (row=22, x=680.4, dist=32.7)
2026-09-07 00:44:33,241 MatchingPostProcessor WARNING  Orphan pdf_cell 149 recovered to col=0 by nearest-column fallback (row=6, x=281.4, dist=132.9)
2026-09-07 00:44:33,243 MatchingPostProcessor WARNING  Orphan pdf_cell 413 recovered to col=0 by nearest-column fallback (row=19, x=281.4, dist=132.9)
2026-09-07 00:44:34,365 MatchingPostProcessor WARNING  Orphan pdf_cell 677 recovered to row=29 by nearest-row fallback (col=1, y=1340.3, dist=30.4)
2026-09-07 00:44:34,365 MatchingPostProcessor WARNING  Orphan pdf_cell 678 recovered to row=29 by nearest-row fallback (col=1, y=1340.5, dist=30.2)
2026-09-07 00:44:34,365 MatchingPostProcessor WARNING  Orphan pdf_cell 679 recovered to row=29 by nearest-row fallback (col=1, y=1340.3, dist=30.4)
2026-09-07 00:44:34,365 MatchingPostProcessor WARNING  Orphan pdf_cell 680 recovered to row=29 by nearest-row fallback (col=2, y=1340.3, dist=30.4)
2026-09-07 00:44:34,365 MatchingPostProcessor WARNING  Orphan pdf_cell 681 recovered to row=29 by nearest-row fallback (col=2, y=1340.3, dist=30.4)
2026-09-07 00:44:34,365 MatchingPostProcessor WARNING  Orphan pdf_cell 682 recovered to row=29 by nearest-row fallback (col=2, y=1340.3, dist=30.4)
2026-09-07 00:44:34,365 MatchingPostProcessor WARNING  Orphan pdf_cell 683 recovered to row=29 by nearest-row fallback (col=2, y=1340.3, dist=30.4)
2026-09-07 00:44:34,365 MatchingPostProcessor WARNING  Orphan pdf_cell 684 recovered to row=29 by nearest-row fallback (col=2, y=1340.3, dist=30.4)
2026-09-07 00:44:34,366 MatchingPostProcessor WARNING  Orphan pdf_cell 685 recovered to row=29 by nearest-row fallback (col=2, y=1340.3, dist=30.4)
2026-09-07 00:44:34,366 MatchingPostProcessor WARNING  Orphan pdf_cell 686 recovered to row=29 by nearest-row fallback (col=2, y=1340.3, dist=30.4)
2026-09-07 00:44:34,366 MatchingPostProcessor WARNING  Orphan pdf_cell 687 recovered to row=29 by nearest-row fallback (col=2, y=1340.3, dist=30.4)
2026-09-07 00:44:34,366 MatchingPostProcessor WARNING  Orphan pdf_cell 688 recovered to row=29 by nearest-row fallback (col=2, y=1340.3, dist=30.4)
2026-09-07 00:44:34,366 MatchingPostProcessor WARNING  Orphan pdf_cell 689 recovered to row=29 by nearest-row fallback (col=2, y=1340.3, dist=30.4)
2026-09-07 00:44:34,366 MatchingPostProcessor WARNING  Orphan pdf_cell 690 recovered to row=29 by nearest-row fallback (col=2, y=1340.3, dist=30.4)
2026-09-07 00:44:34,366 MatchingPostProcessor WARNING  Orphan pdf_cell 691 recovered to row=29 by nearest-row fallback (col=2, y=1340.3, dist=30.4)
2026-09-07 00:44:34,366 MatchingPostProcessor WARNING  Orphan pdf_cell 692 recovered to row=29 by nearest-row fallback (col=2, y=1340.3, dist=30.4)
2026-09-07 00:44:34,366 MatchingPostProcessor WARNING  Orphan pdf_cell 693 recovered to row=29 by nearest-row fallback (col=2, y=1340.3, dist=30.4)
2026-09-07 00:44:34,366 MatchingPostProcessor WARNING  Orphan pdf_cell 694 recovered to row=29 by nearest-row fallback (col=2, y=1340.3, dist=30.4)
2026-09-07 00:44:34,366 MatchingPostProcessor WARNING  Orphan pdf_cell 695 recovered to row=29 by nearest-row fallback (col=2, y=1340.3, dist=30.4)
2026-09-07 00:44:34,366 MatchingPostProcessor WARNING  Orphan pdf_cell 696 recovered to row=29 by nearest-row fallback (col=2, y=1340.3, dist=30.4)
2026-09-07 00:44:34,366 MatchingPostProcessor WARNING  Orphan pdf_cell 697 recovered to row=29 by nearest-row fallback (col=2, y=1340.3, dist=30.4)
2026-09-07 00:44:34,366 MatchingPostProcessor WARNING  Orphan pdf_cell 698 recovered to row=29 by nearest-row fallback (col=2, y=1340.3, dist=30.4)
2026-09-07 00:44:34,366 MatchingPostProcessor WARNING  Orphan pdf_cell 699 recovered to row=29 by nearest-row fallback (col=2, y=1340.3, dist=30.4)
2026-09-07 00:44:34,366 MatchingPostProcessor WARNING  Orphan pdf_cell 700 recovered to row=29 by nearest-row fallback (col=2, y=1340.3, dist=30.4)
2026-09-07 00:44:34,366 MatchingPostProcessor WARNING  Orphan pdf_cell 701 recovered to row=29 by nearest-row fallback (col=2, y=1340.3, dist=30.4)
2026-09-07 00:44:34,366 MatchingPostProcessor WARNING  Orphan pdf_cell 702 recovered to row=29 by nearest-row fallback (col=2, y=1340.3, dist=30.4)
2026-09-07 00:44:37,231 MatchingPostProcessor WARNING  Orphan pdf_cell 21 recovered to col=4 by nearest-column fallback (row=0, x=598.6, dist=108.7)
2026-09-07 00:44:37,231 MatchingPostProcessor WARNING  Orphan pdf_cell 22 recovered to col=4 by nearest-column fallback (row=0, x=612.2, dist=95.0)
2026-09-07 00:44:37,231 MatchingPostProcessor WARNING  Orphan pdf_cell 23 recovered to col=4 by nearest-column fallback (row=0, x=625.7, dist=81.6)
2026-09-07 00:44:37,231 MatchingPostProcessor WARNING  Orphan pdf_cell 24 recovered to col=4 by nearest-column fallback (row=0, x=639.4, dist=67.9)
2026-09-07 00:44:37,232 MatchingPostProcessor WARNING  Orphan pdf_cell 25 recovered to col=4 by nearest-column fallback (row=0, x=653.0, dist=54.2)
2026-09-07 00:44:37,232 MatchingPostProcessor WARNING  Orphan pdf_cell 26 recovered to col=4 by nearest-column fallback (row=0, x=666.7, dist=40.5)
2026-09-07 00:44:37,232 MatchingPostProcessor WARNING  Orphan pdf_cell 27 recovered to col=4 by nearest-column fallback (row=0, x=680.4, dist=26.8)
2026-09-07 00:44:37,232 MatchingPostProcessor WARNING  Orphan pdf_cell 49 recovered to col=4 by nearest-column fallback (row=1, x=598.6, dist=108.7)
2026-09-07 00:44:37,232 MatchingPostProcessor WARNING  Orphan pdf_cell 50 recovered to col=4 by nearest-column fallback (row=1, x=612.2, dist=95.0)
2026-09-07 00:44:37,232 MatchingPostProcessor WARNING  Orphan pdf_cell 51 recovered to col=4 by nearest-column fallback (row=1, x=625.7, dist=81.6)
2026-09-07 00:44:37,232 MatchingPostProcessor WARNING  Orphan pdf_cell 52 recovered to col=4 by nearest-column fallback (row=1, x=639.4, dist=67.9)
2026-09-07 00:44:37,232 MatchingPostProcessor WARNING  Orphan pdf_cell 53 recovered to col=4 by nearest-column fallback (row=1, x=653.0, dist=54.2)
2026-09-07 00:44:37,232 MatchingPostProcessor WARNING  Orphan pdf_cell 54 recovered to col=4 by nearest-column fallback (row=1, x=666.7, dist=40.5)
2026-09-07 00:44:37,232 MatchingPostProcessor WARNING  Orphan pdf_cell 55 recovered to col=4 by nearest-column fallback (row=1, x=680.4, dist=26.8)
2026-09-07 00:44:37,232 MatchingPostProcessor WARNING  Orphan pdf_cell 79 recovered to col=4 by nearest-column fallback (row=2, x=598.6, dist=108.7)
2026-09-07 00:44:37,232 MatchingPostProcessor WARNING  Orphan pdf_cell 80 recovered to col=4 by nearest-column fallback (row=2, x=612.2, dist=95.0)
2026-09-07 00:44:37,232 MatchingPostProcessor WARNING  Orphan pdf_cell 81 recovered to col=4 by nearest-column fallback (row=2, x=625.7, dist=81.6)
2026-09-07 00:44:37,232 MatchingPostProcessor WARNING  Orphan pdf_cell 82 recovered to col=4 by nearest-column fallback (row=2, x=639.4, dist=67.9)
2026-09-07 00:44:37,232 MatchingPostProcessor WARNING  Orphan pdf_cell 83 recovered to col=4 by nearest-column fallback (row=2, x=653.0, dist=54.2)
2026-09-07 00:44:37,232 MatchingPostProcessor WARNING  Orphan pdf_cell 84 recovered to col=4 by nearest-column fallback (row=2, x=666.7, dist=40.5)
2026-09-07 00:44:37,232 MatchingPostProcessor WARNING  Orphan pdf_cell 85 recovered to col=4 by nearest-column fallback (row=2, x=680.4, dist=26.8)
2026-09-07 00:44:37,232 MatchingPostProcessor WARNING  Orphan pdf_cell 108 recovered to col=4 by nearest-column fallback (row=3, x=598.6, dist=108.7)
2026-09-07 00:44:37,232 MatchingPostProcessor WARNING  Orphan pdf_cell 109 recovered to col=4 by nearest-column fallback (row=3, x=612.2, dist=95.0)
2026-09-07 00:44:37,232 MatchingPostProcessor WARNING  Orphan pdf_cell 110 recovered to col=4 by nearest-column fallback (row=3, x=625.7, dist=81.6)
2026-09-07 00:44:37,232 MatchingPostProcessor WARNING  Orphan pdf_cell 111 recovered to col=4 by nearest-column fallback (row=3, x=639.4, dist=67.9)
2026-09-07 00:44:37,232 MatchingPostProcessor WARNING  Orphan pdf_cell 112 recovered to col=4 by nearest-column fallback (row=3, x=653.0, dist=54.2)
2026-09-07 00:44:37,233 MatchingPostProcessor WARNING  Orphan pdf_cell 113 recovered to col=4 by nearest-column fallback (row=3, x=666.7, dist=40.5)
2026-09-07 00:44:37,233 MatchingPostProcessor WARNING  Orphan pdf_cell 114 recovered to col=4 by nearest-column fallback (row=3, x=680.4, dist=26.8)
2026-09-07 00:44:37,233 MatchingPostProcessor WARNING  Orphan pdf_cell 128 recovered to col=4 by nearest-column fallback (row=4, x=598.6, dist=108.7)
2026-09-07 00:44:37,233 MatchingPostProcessor WARNING  Orphan pdf_cell 129 recovered to col=4 by nearest-column fallback (row=4, x=612.2, dist=95.0)
2026-09-07 00:44:37,233 MatchingPostProcessor WARNING  Orphan pdf_cell 130 recovered to col=4 by nearest-column fallback (row=4, x=625.7, dist=81.6)
2026-09-07 00:44:37,233 MatchingPostProcessor WARNING  Orphan pdf_cell 131 recovered to col=4 by nearest-column fallback (row=4, x=639.4, dist=67.9)
2026-09-07 00:44:37,233 MatchingPostProcessor WARNING  Orphan pdf_cell 132 recovered to col=4 by nearest-column fallback (row=4, x=653.0, dist=54.2)
2026-09-07 00:44:37,233 MatchingPostProcessor WARNING  Orphan pdf_cell 133 recovered to col=4 by nearest-column fallback (row=4, x=666.7, dist=40.5)
2026-09-07 00:44:37,233 MatchingPostProcessor WARNING  Orphan pdf_cell 134 recovered to col=4 by nearest-column fallback (row=4, x=680.4, dist=26.8)
2026-09-07 00:44:37,233 MatchingPostProcessor WARNING  Orphan pdf_cell 153 recovered to col=4 by nearest-column fallback (row=5, x=598.6, dist=108.7)
2026-09-07 00:44:37,233 MatchingPostProcessor WARNING  Orphan pdf_cell 154 recovered to col=4 by nearest-column fallback (row=5, x=612.2, dist=95.0)
2026-09-07 00:44:37,233 MatchingPostProcessor WARNING  Orphan pdf_cell 155 recovered to col=4 by nearest-column fallback (row=5, x=625.7, dist=81.6)
2026-09-07 00:44:37,233 MatchingPostProcessor WARNING  Orphan pdf_cell 156 recovered to col=4 by nearest-column fallback (row=5, x=639.4, dist=67.9)
2026-09-07 00:44:37,233 MatchingPostProcessor WARNING  Orphan pdf_cell 157 recovered to col=4 by nearest-column fallback (row=5, x=653.0, dist=54.2)
2026-09-07 00:44:37,233 MatchingPostProcessor WARNING  Orphan pdf_cell 158 recovered to col=4 by nearest-column fallback (row=5, x=666.7, dist=40.5)
2026-09-07 00:44:37,233 MatchingPostProcessor WARNING  Orphan pdf_cell 159 recovered to col=4 by nearest-column fallback (row=5, x=680.4, dist=26.8)
2026-09-07 00:44:37,233 MatchingPostProcessor WARNING  Orphan pdf_cell 170 recovered to col=4 by nearest-column fallback (row=6, x=598.6, dist=108.7)
2026-09-07 00:44:37,233 MatchingPostProcessor WARNING  Orphan pdf_cell 171 recovered to col=4 by nearest-column fallback (row=6, x=612.2, dist=95.0)
2026-09-07 00:44:37,233 MatchingPostProcessor WARNING  Orphan pdf_cell 172 recovered to col=4 by nearest-column fallback (row=6, x=625.7, dist=81.6)
2026-09-07 00:44:37,233 MatchingPostProcessor WARNING  Orphan pdf_cell 173 recovered to col=4 by nearest-column fallback (row=6, x=639.4, dist=67.9)
2026-09-07 00:44:37,233 MatchingPostProcessor WARNING  Orphan pdf_cell 174 recovered to col=4 by nearest-column fallback (row=6, x=653.0, dist=54.2)
2026-09-07 00:44:37,233 MatchingPostProcessor WARNING  Orphan pdf_cell 175 recovered to col=4 by nearest-column fallback (row=6, x=666.7, dist=40.5)
2026-09-07 00:44:37,233 MatchingPostProcessor WARNING  Orphan pdf_cell 176 recovered to col=4 by nearest-column fallback (row=6, x=680.4, dist=26.8)
2026-09-07 00:44:37,233 MatchingPostProcessor WARNING  Orphan pdf_cell 187 recovered to col=4 by nearest-column fallback (row=7, x=598.6, dist=108.7)
2026-09-07 00:44:37,233 MatchingPostProcessor WARNING  Orphan pdf_cell 188 recovered to col=4 by nearest-column fallback (row=7, x=612.2, dist=95.0)
2026-09-07 00:44:37,233 MatchingPostProcessor WARNING  Orphan pdf_cell 189 recovered to col=4 by nearest-column fallback (row=7, x=625.7, dist=81.6)
2026-09-07 00:44:37,233 MatchingPostProcessor WARNING  Orphan pdf_cell 190 recovered to col=4 by nearest-column fallback (row=7, x=639.4, dist=67.9)
2026-09-07 00:44:37,233 MatchingPostProcessor WARNING  Orphan pdf_cell 191 recovered to col=4 by nearest-column fallback (row=7, x=653.0, dist=54.2)
2026-09-07 00:44:37,233 MatchingPostProcessor WARNING  Orphan pdf_cell 192 recovered to col=4 by nearest-column fallback (row=7, x=666.7, dist=40.5)
2026-09-07 00:44:37,233 MatchingPostProcessor WARNING  Orphan pdf_cell 193 recovered to col=4 by nearest-column fallback (row=7, x=680.4, dist=26.8)
2026-09-07 00:44:37,234 MatchingPostProcessor WARNING  Orphan pdf_cell 209 recovered to col=4 by nearest-column fallback (row=8, x=598.6, dist=108.7)
2026-09-07 00:44:37,234 MatchingPostProcessor WARNING  Orphan pdf_cell 210 recovered to col=4 by nearest-column fallback (row=8, x=612.2, dist=95.0)
2026-09-07 00:44:37,234 MatchingPostProcessor WARNING  Orphan pdf_cell 211 recovered to col=4 by nearest-column fallback (row=8, x=625.7, dist=81.6)
2026-09-07 00:44:37,234 MatchingPostProcessor WARNING  Orphan pdf_cell 212 recovered to col=4 by nearest-column fallback (row=8, x=639.4, dist=67.9)
2026-09-07 00:44:37,234 MatchingPostProcessor WARNING  Orphan pdf_cell 213 recovered to col=4 by nearest-column fallback (row=8, x=653.0, dist=54.2)
2026-09-07 00:44:37,234 MatchingPostProcessor WARNING  Orphan pdf_cell 214 recovered to col=4 by nearest-column fallback (row=8, x=666.7, dist=40.5)
2026-09-07 00:44:37,234 MatchingPostProcessor WARNING  Orphan pdf_cell 215 recovered to col=4 by nearest-column fallback (row=8, x=680.4, dist=26.8)
2026-09-07 00:44:37,234 MatchingPostProcessor WARNING  Orphan pdf_cell 233 recovered to col=4 by nearest-column fallback (row=9, x=598.6, dist=108.7)
2026-09-07 00:44:37,234 MatchingPostProcessor WARNING  Orphan pdf_cell 234 recovered to col=4 by nearest-column fallback (row=9, x=612.2, dist=95.0)
2026-09-07 00:44:37,234 MatchingPostProcessor WARNING  Orphan pdf_cell 235 recovered to col=4 by nearest-column fallback (row=9, x=625.7, dist=81.6)
2026-09-07 00:44:37,234 MatchingPostProcessor WARNING  Orphan pdf_cell 236 recovered to col=4 by nearest-column fallback (row=9, x=639.4, dist=67.9)
2026-09-07 00:44:37,234 MatchingPostProcessor WARNING  Orphan pdf_cell 237 recovered to col=4 by nearest-column fallback (row=9, x=653.0, dist=54.2)
2026-09-07 00:44:37,234 MatchingPostProcessor WARNING  Orphan pdf_cell 238 recovered to col=4 by nearest-column fallback (row=9, x=666.7, dist=40.5)
2026-09-07 00:44:37,234 MatchingPostProcessor WARNING  Orphan pdf_cell 239 recovered to col=4 by nearest-column fallback (row=9, x=680.4, dist=26.8)
2026-09-07 00:44:37,234 MatchingPostProcessor WARNING  Orphan pdf_cell 266 recovered to col=4 by nearest-column fallback (row=10, x=598.6, dist=108.7)
2026-09-07 00:44:37,234 MatchingPostProcessor WARNING  Orphan pdf_cell 267 recovered to col=4 by nearest-column fallback (row=10, x=612.2, dist=95.0)
2026-09-07 00:44:37,234 MatchingPostProcessor WARNING  Orphan pdf_cell 268 recovered to col=4 by nearest-column fallback (row=10, x=625.7, dist=81.6)
2026-09-07 00:44:37,234 MatchingPostProcessor WARNING  Orphan pdf_cell 269 recovered to col=4 by nearest-column fallback (row=10, x=639.4, dist=67.9)
2026-09-07 00:44:37,234 MatchingPostProcessor WARNING  Orphan pdf_cell 270 recovered to col=4 by nearest-column fallback (row=10, x=653.0, dist=54.2)
2026-09-07 00:44:37,234 MatchingPostProcessor WARNING  Orphan pdf_cell 271 recovered to col=4 by nearest-column fallback (row=10, x=666.7, dist=40.5)
2026-09-07 00:44:37,234 MatchingPostProcessor WARNING  Orphan pdf_cell 272 recovered to col=4 by nearest-column fallback (row=10, x=680.4, dist=26.8)
2026-09-07 00:44:37,234 MatchingPostProcessor WARNING  Orphan pdf_cell 294 recovered to col=4 by nearest-column fallback (row=11, x=598.6, dist=108.7)
2026-09-07 00:44:37,235 MatchingPostProcessor WARNING  Orphan pdf_cell 295 recovered to col=4 by nearest-column fallback (row=11, x=612.2, dist=95.0)
2026-09-07 00:44:37,235 MatchingPostProcessor WARNING  Orphan pdf_cell 296 recovered to col=4 by nearest-column fallback (row=11, x=625.7, dist=81.6)
2026-09-07 00:44:37,235 MatchingPostProcessor WARNING  Orphan pdf_cell 297 recovered to col=4 by nearest-column fallback (row=11, x=639.4, dist=67.9)
2026-09-07 00:44:37,235 MatchingPostProcessor WARNING  Orphan pdf_cell 298 recovered to col=4 by nearest-column fallback (row=11, x=653.0, dist=54.2)
2026-09-07 00:44:37,235 MatchingPostProcessor WARNING  Orphan pdf_cell 299 recovered to col=4 by nearest-column fallback (row=11, x=666.7, dist=40.5)
2026-09-07 00:44:37,235 MatchingPostProcessor WARNING  Orphan pdf_cell 300 recovered to col=4 by nearest-column fallback (row=11, x=680.4, dist=26.8)
2026-09-07 00:44:37,235 MatchingPostProcessor WARNING  Orphan pdf_cell 315 recovered to col=4 by nearest-column fallback (row=12, x=598.6, dist=108.7)
2026-09-07 00:44:37,235 MatchingPostProcessor WARNING  Orphan pdf_cell 316 recovered to col=4 by nearest-column fallback (row=12, x=612.2, dist=95.0)
2026-09-07 00:44:37,235 MatchingPostProcessor WARNING  Orphan pdf_cell 317 recovered to col=4 by nearest-column fallback (row=12, x=625.7, dist=81.6)
2026-09-07 00:44:37,235 MatchingPostProcessor WARNING  Orphan pdf_cell 318 recovered to col=4 by nearest-column fallback (row=12, x=639.4, dist=67.9)
2026-09-07 00:44:37,235 MatchingPostProcessor WARNING  Orphan pdf_cell 319 recovered to col=4 by nearest-column fallback (row=12, x=653.0, dist=54.2)
2026-09-07 00:44:37,235 MatchingPostProcessor WARNING  Orphan pdf_cell 320 recovered to col=4 by nearest-column fallback (row=12, x=666.7, dist=40.5)
2026-09-07 00:44:37,235 MatchingPostProcessor WARNING  Orphan pdf_cell 321 recovered to col=4 by nearest-column fallback (row=12, x=680.4, dist=26.8)
2026-09-07 00:44:37,235 MatchingPostProcessor WARNING  Orphan pdf_cell 333 recovered to col=4 by nearest-column fallback (row=13, x=598.6, dist=108.7)
2026-09-07 00:44:37,235 MatchingPostProcessor WARNING  Orphan pdf_cell 334 recovered to col=4 by nearest-column fallback (row=13, x=612.2, dist=95.0)
2026-09-07 00:44:37,235 MatchingPostProcessor WARNING  Orphan pdf_cell 335 recovered to col=4 by nearest-column fallback (row=13, x=625.7, dist=81.6)
2026-09-07 00:44:37,235 MatchingPostProcessor WARNING  Orphan pdf_cell 336 recovered to col=4 by nearest-column fallback (row=13, x=639.4, dist=67.9)
2026-09-07 00:44:37,235 MatchingPostProcessor WARNING  Orphan pdf_cell 337 recovered to col=4 by nearest-column fallback (row=13, x=653.0, dist=54.2)
2026-09-07 00:44:37,235 MatchingPostProcessor WARNING  Orphan pdf_cell 338 recovered to col=4 by nearest-column fallback (row=13, x=666.7, dist=40.5)
2026-09-07 00:44:37,235 MatchingPostProcessor WARNING  Orphan pdf_cell 339 recovered to col=4 by nearest-column fallback (row=13, x=680.4, dist=26.8)
2026-09-07 00:44:37,235 MatchingPostProcessor WARNING  Orphan pdf_cell 356 recovered to col=4 by nearest-column fallback (row=14, x=598.6, dist=108.7)
2026-09-07 00:44:37,235 MatchingPostProcessor WARNING  Orphan pdf_cell 357 recovered to col=4 by nearest-column fallback (row=14, x=612.2, dist=95.0)
2026-09-07 00:44:37,235 MatchingPostProcessor WARNING  Orphan pdf_cell 358 recovered to col=4 by nearest-column fallback (row=14, x=625.7, dist=81.6)
2026-09-07 00:44:37,235 MatchingPostProcessor WARNING  Orphan pdf_cell 359 recovered to col=4 by nearest-column fallback (row=14, x=639.4, dist=67.9)
2026-09-07 00:44:37,235 MatchingPostProcessor WARNING  Orphan pdf_cell 360 recovered to col=4 by nearest-column fallback (row=14, x=653.0, dist=54.2)
2026-09-07 00:44:37,235 MatchingPostProcessor WARNING  Orphan pdf_cell 361 recovered to col=4 by nearest-column fallback (row=14, x=666.7, dist=40.5)
2026-09-07 00:44:37,235 MatchingPostProcessor WARNING  Orphan pdf_cell 362 recovered to col=4 by nearest-column fallback (row=14, x=680.4, dist=26.8)
2026-09-07 00:44:37,236 MatchingPostProcessor WARNING  Orphan pdf_cell 393 recovered to col=4 by nearest-column fallback (row=16, x=598.6, dist=108.7)
2026-09-07 00:44:37,236 MatchingPostProcessor WARNING  Orphan pdf_cell 394 recovered to col=4 by nearest-column fallback (row=16, x=612.2, dist=95.0)
2026-09-07 00:44:37,236 MatchingPostProcessor WARNING  Orphan pdf_cell 395 recovered to col=4 by nearest-column fallback (row=16, x=625.7, dist=81.6)
2026-09-07 00:44:37,236 MatchingPostProcessor WARNING  Orphan pdf_cell 396 recovered to col=4 by nearest-column fallback (row=16, x=639.4, dist=67.9)
2026-09-07 00:44:37,236 MatchingPostProcessor WARNING  Orphan pdf_cell 397 recovered to col=4 by nearest-column fallback (row=16, x=653.0, dist=54.2)
2026-09-07 00:44:37,236 MatchingPostProcessor WARNING  Orphan pdf_cell 398 recovered to col=4 by nearest-column fallback (row=16, x=666.7, dist=40.5)
2026-09-07 00:44:37,236 MatchingPostProcessor WARNING  Orphan pdf_cell 399 recovered to col=4 by nearest-column fallback (row=16, x=680.4, dist=26.8)
2026-09-07 00:44:37,236 MatchingPostProcessor WARNING  Orphan pdf_cell 408 recovered to col=4 by nearest-column fallback (row=17, x=598.6, dist=108.7)
2026-09-07 00:44:37,236 MatchingPostProcessor WARNING  Orphan pdf_cell 409 recovered to col=4 by nearest-column fallback (row=17, x=612.2, dist=95.0)
2026-09-07 00:44:37,236 MatchingPostProcessor WARNING  Orphan pdf_cell 410 recovered to col=4 by nearest-column fallback (row=17, x=625.7, dist=81.6)
2026-09-07 00:44:37,236 MatchingPostProcessor WARNING  Orphan pdf_cell 411 recovered to col=4 by nearest-column fallback (row=17, x=639.4, dist=67.9)
2026-09-07 00:44:37,236 MatchingPostProcessor WARNING  Orphan pdf_cell 412 recovered to col=4 by nearest-column fallback (row=17, x=653.0, dist=54.2)
2026-09-07 00:44:37,236 MatchingPostProcessor WARNING  Orphan pdf_cell 413 recovered to col=4 by nearest-column fallback (row=17, x=666.7, dist=40.5)
2026-09-07 00:44:37,236 MatchingPostProcessor WARNING  Orphan pdf_cell 414 recovered to col=4 by nearest-column fallback (row=17, x=680.4, dist=26.8)
2026-09-07 00:44:37,236 MatchingPostProcessor WARNING  Orphan pdf_cell 432 recovered to col=4 by nearest-column fallback (row=18, x=598.6, dist=108.7)
2026-09-07 00:44:37,236 MatchingPostProcessor WARNING  Orphan pdf_cell 433 recovered to col=4 by nearest-column fallback (row=18, x=612.2, dist=95.0)
2026-09-07 00:44:37,236 MatchingPostProcessor WARNING  Orphan pdf_cell 434 recovered to col=4 by nearest-column fallback (row=18, x=625.7, dist=81.6)
2026-09-07 00:44:37,236 MatchingPostProcessor WARNING  Orphan pdf_cell 435 recovered to col=4 by nearest-column fallback (row=18, x=639.4, dist=67.9)
2026-09-07 00:44:37,236 MatchingPostProcessor WARNING  Orphan pdf_cell 436 recovered to col=4 by nearest-column fallback (row=18, x=653.0, dist=54.2)
2026-09-07 00:44:37,236 MatchingPostProcessor WARNING  Orphan pdf_cell 437 recovered to col=4 by nearest-column fallback (row=18, x=666.7, dist=40.5)
2026-09-07 00:44:37,236 MatchingPostProcessor WARNING  Orphan pdf_cell 438 recovered to col=4 by nearest-column fallback (row=18, x=680.4, dist=26.8)
2026-09-07 00:44:37,236 MatchingPostProcessor WARNING  Orphan pdf_cell 460 recovered to col=4 by nearest-column fallback (row=19, x=598.6, dist=108.7)
2026-09-07 00:44:37,236 MatchingPostProcessor WARNING  Orphan pdf_cell 461 recovered to col=4 by nearest-column fallback (row=19, x=612.2, dist=95.0)
2026-09-07 00:44:37,236 MatchingPostProcessor WARNING  Orphan pdf_cell 462 recovered to col=4 by nearest-column fallback (row=19, x=625.7, dist=81.6)
2026-09-07 00:44:37,236 MatchingPostProcessor WARNING  Orphan pdf_cell 463 recovered to col=4 by nearest-column fallback (row=19, x=639.4, dist=67.9)
2026-09-07 00:44:37,237 MatchingPostProcessor WARNING  Orphan pdf_cell 464 recovered to col=4 by nearest-column fallback (row=19, x=653.0, dist=54.2)
2026-09-07 00:44:37,237 MatchingPostProcessor WARNING  Orphan pdf_cell 465 recovered to col=4 by nearest-column fallback (row=19, x=666.7, dist=40.5)
2026-09-07 00:44:37,237 MatchingPostProcessor WARNING  Orphan pdf_cell 466 recovered to col=4 by nearest-column fallback (row=19, x=680.4, dist=26.8)
2026-09-07 00:44:37,237 MatchingPostProcessor WARNING  Orphan pdf_cell 484 recovered to col=4 by nearest-column fallback (row=20, x=598.6, dist=108.7)
2026-09-07 00:44:37,237 MatchingPostProcessor WARNING  Orphan pdf_cell 485 recovered to col=4 by nearest-column fallback (row=20, x=612.2, dist=95.0)
2026-09-07 00:44:37,237 MatchingPostProcessor WARNING  Orphan pdf_cell 486 recovered to col=4 by nearest-column fallback (row=20, x=625.7, dist=81.6)
2026-09-07 00:44:37,237 MatchingPostProcessor WARNING  Orphan pdf_cell 487 recovered to col=4 by nearest-column fallback (row=20, x=639.4, dist=67.9)
2026-09-07 00:44:37,237 MatchingPostProcessor WARNING  Orphan pdf_cell 488 recovered to col=4 by nearest-column fallback (row=20, x=653.0, dist=54.2)
2026-09-07 00:44:37,237 MatchingPostProcessor WARNING  Orphan pdf_cell 489 recovered to col=4 by nearest-column fallback (row=20, x=666.7, dist=40.5)
2026-09-07 00:44:37,237 MatchingPostProcessor WARNING  Orphan pdf_cell 490 recovered to col=4 by nearest-column fallback (row=20, x=680.4, dist=26.8)
2026-09-07 00:44:37,237 MatchingPostProcessor WARNING  Orphan pdf_cell 508 recovered to col=4 by nearest-column fallback (row=21, x=598.6, dist=108.7)
2026-09-07 00:44:37,237 MatchingPostProcessor WARNING  Orphan pdf_cell 509 recovered to col=4 by nearest-column fallback (row=21, x=612.2, dist=95.0)
2026-09-07 00:44:37,237 MatchingPostProcessor WARNING  Orphan pdf_cell 510 recovered to col=4 by nearest-column fallback (row=21, x=625.7, dist=81.6)
2026-09-07 00:44:37,237 MatchingPostProcessor WARNING  Orphan pdf_cell 511 recovered to col=4 by nearest-column fallback (row=21, x=639.4, dist=67.9)
2026-09-07 00:44:37,237 MatchingPostProcessor WARNING  Orphan pdf_cell 512 recovered to col=4 by nearest-column fallback (row=21, x=653.0, dist=54.2)
2026-09-07 00:44:37,237 MatchingPostProcessor WARNING  Orphan pdf_cell 513 recovered to col=4 by nearest-column fallback (row=21, x=666.7, dist=40.5)
2026-09-07 00:44:37,237 MatchingPostProcessor WARNING  Orphan pdf_cell 514 recovered to col=4 by nearest-column fallback (row=21, x=680.4, dist=26.8)
2026-09-07 00:44:37,237 MatchingPostProcessor WARNING  Orphan pdf_cell 536 recovered to col=4 by nearest-column fallback (row=22, x=598.6, dist=108.7)
2026-09-07 00:44:37,237 MatchingPostProcessor WARNING  Orphan pdf_cell 537 recovered to col=4 by nearest-column fallback (row=22, x=612.2, dist=95.0)
2026-09-07 00:44:37,237 MatchingPostProcessor WARNING  Orphan pdf_cell 538 recovered to col=4 by nearest-column fallback (row=22, x=625.7, dist=81.6)
2026-09-07 00:44:37,237 MatchingPostProcessor WARNING  Orphan pdf_cell 539 recovered to col=4 by nearest-column fallback (row=22, x=639.4, dist=67.9)
2026-09-07 00:44:37,237 MatchingPostProcessor WARNING  Orphan pdf_cell 540 recovered to col=4 by nearest-column fallback (row=22, x=653.0, dist=54.2)
2026-09-07 00:44:37,237 MatchingPostProcessor WARNING  Orphan pdf_cell 541 recovered to col=4 by nearest-column fallback (row=22, x=666.7, dist=40.5)
2026-09-07 00:44:37,238 MatchingPostProcessor WARNING  Orphan pdf_cell 542 recovered to col=4 by nearest-column fallback (row=22, x=680.4, dist=26.8)
2026-09-07 00:44:37,238 MatchingPostProcessor WARNING  Orphan pdf_cell 561 recovered to col=4 by nearest-column fallback (row=23, x=598.6, dist=108.7)
2026-09-07 00:44:37,238 MatchingPostProcessor WARNING  Orphan pdf_cell 562 recovered to col=4 by nearest-column fallback (row=23, x=612.2, dist=95.0)
2026-09-07 00:44:37,238 MatchingPostProcessor WARNING  Orphan pdf_cell 563 recovered to col=4 by nearest-column fallback (row=23, x=625.7, dist=81.6)
2026-09-07 00:44:37,238 MatchingPostProcessor WARNING  Orphan pdf_cell 564 recovered to col=4 by nearest-column fallback (row=23, x=639.4, dist=67.9)
2026-09-07 00:44:37,238 MatchingPostProcessor WARNING  Orphan pdf_cell 565 recovered to col=4 by nearest-column fallback (row=23, x=653.0, dist=54.2)
2026-09-07 00:44:37,238 MatchingPostProcessor WARNING  Orphan pdf_cell 566 recovered to col=4 by nearest-column fallback (row=23, x=666.7, dist=40.5)
2026-09-07 00:44:37,238 MatchingPostProcessor WARNING  Orphan pdf_cell 567 recovered to col=4 by nearest-column fallback (row=23, x=680.4, dist=26.8)
2026-09-07 00:44:37,238 MatchingPostProcessor WARNING  Orphan pdf_cell 583 recovered to col=4 by nearest-column fallback (row=24, x=598.6, dist=108.7)
2026-09-07 00:44:37,238 MatchingPostProcessor WARNING  Orphan pdf_cell 584 recovered to col=4 by nearest-column fallback (row=24, x=612.2, dist=95.0)
2026-09-07 00:44:37,238 MatchingPostProcessor WARNING  Orphan pdf_cell 585 recovered to col=4 by nearest-column fallback (row=24, x=625.7, dist=81.6)
2026-09-07 00:44:37,238 MatchingPostProcessor WARNING  Orphan pdf_cell 586 recovered to col=4 by nearest-column fallback (row=24, x=639.4, dist=67.9)
2026-09-07 00:44:37,238 MatchingPostProcessor WARNING  Orphan pdf_cell 587 recovered to col=4 by nearest-column fallback (row=24, x=653.0, dist=54.2)
2026-09-07 00:44:37,238 MatchingPostProcessor WARNING  Orphan pdf_cell 588 recovered to col=4 by nearest-column fallback (row=24, x=666.7, dist=40.5)
2026-09-07 00:44:37,238 MatchingPostProcessor WARNING  Orphan pdf_cell 589 recovered to col=4 by nearest-column fallback (row=24, x=680.4, dist=26.8)
2026-09-07 00:44:37,238 MatchingPostProcessor WARNING  Orphan pdf_cell 599 recovered to col=4 by nearest-column fallback (row=25, x=598.6, dist=108.7)
2026-09-07 00:44:37,238 MatchingPostProcessor WARNING  Orphan pdf_cell 600 recovered to col=4 by nearest-column fallback (row=25, x=612.2, dist=95.0)
2026-09-07 00:44:37,238 MatchingPostProcessor WARNING  Orphan pdf_cell 601 recovered to col=4 by nearest-column fallback (row=25, x=625.7, dist=81.6)
2026-09-07 00:44:37,238 MatchingPostProcessor WARNING  Orphan pdf_cell 602 recovered to col=4 by nearest-column fallback (row=25, x=639.4, dist=67.9)
2026-09-07 00:44:37,238 MatchingPostProcessor WARNING  Orphan pdf_cell 603 recovered to col=4 by nearest-column fallback (row=25, x=653.0, dist=54.2)
2026-09-07 00:44:37,238 MatchingPostProcessor WARNING  Orphan pdf_cell 604 recovered to col=4 by nearest-column fallback (row=25, x=666.7, dist=40.5)
2026-09-07 00:44:37,238 MatchingPostProcessor WARNING  Orphan pdf_cell 605 recovered to col=4 by nearest-column fallback (row=25, x=680.4, dist=26.8)
2026-09-07 00:44:37,238 MatchingPostProcessor WARNING  Orphan pdf_cell 618 recovered to col=4 by nearest-column fallback (row=26, x=598.6, dist=108.7)
2026-09-07 00:44:37,238 MatchingPostProcessor WARNING  Orphan pdf_cell 619 recovered to col=4 by nearest-column fallback (row=26, x=612.2, dist=95.0)
2026-09-07 00:44:37,238 MatchingPostProcessor WARNING  Orphan pdf_cell 620 recovered to col=4 by nearest-column fallback (row=26, x=625.7, dist=81.6)
2026-09-07 00:44:37,238 MatchingPostProcessor WARNING  Orphan pdf_cell 621 recovered to col=4 by nearest-column fallback (row=26, x=639.4, dist=67.9)
2026-09-07 00:44:37,238 MatchingPostProcessor WARNING  Orphan pdf_cell 622 recovered to col=4 by nearest-column fallback (row=26, x=653.0, dist=54.2)
2026-09-07 00:44:37,238 MatchingPostProcessor WARNING  Orphan pdf_cell 623 recovered to col=4 by nearest-column fallback (row=26, x=666.7, dist=40.5)
2026-09-07 00:44:37,238 MatchingPostProcessor WARNING  Orphan pdf_cell 624 recovered to col=4 by nearest-column fallback (row=26, x=680.4, dist=26.8)
2026-09-07 00:44:37,239 MatchingPostProcessor WARNING  Orphan pdf_cell 639 recovered to col=4 by nearest-column fallback (row=27, x=598.6, dist=108.7)
2026-09-07 00:44:37,239 MatchingPostProcessor WARNING  Orphan pdf_cell 640 recovered to col=4 by nearest-column fallback (row=27, x=612.3, dist=95.0)
2026-09-07 00:44:37,239 MatchingPostProcessor WARNING  Orphan pdf_cell 641 recovered to col=4 by nearest-column fallback (row=27, x=625.7, dist=81.6)
2026-09-07 00:44:37,239 MatchingPostProcessor WARNING  Orphan pdf_cell 642 recovered to col=4 by nearest-column fallback (row=27, x=639.4, dist=67.9)
2026-09-07 00:44:37,239 MatchingPostProcessor WARNING  Orphan pdf_cell 643 recovered to col=4 by nearest-column fallback (row=27, x=653.0, dist=54.2)
2026-09-07 00:44:37,239 MatchingPostProcessor WARNING  Orphan pdf_cell 644 recovered to col=4 by nearest-column fallback (row=27, x=666.7, dist=40.5)
2026-09-07 00:44:37,239 MatchingPostProcessor WARNING  Orphan pdf_cell 645 recovered to col=4 by nearest-column fallback (row=27, x=680.4, dist=26.8)
2026-09-07 00:44:37,239 MatchingPostProcessor WARNING  Orphan pdf_cell 659 recovered to col=4 by nearest-column fallback (row=28, x=598.6, dist=108.7)
2026-09-07 00:44:37,239 MatchingPostProcessor WARNING  Orphan pdf_cell 660 recovered to col=4 by nearest-column fallback (row=28, x=612.3, dist=95.0)
2026-09-07 00:44:37,239 MatchingPostProcessor WARNING  Orphan pdf_cell 661 recovered to col=4 by nearest-column fallback (row=28, x=625.7, dist=81.6)
2026-09-07 00:44:37,239 MatchingPostProcessor WARNING  Orphan pdf_cell 662 recovered to col=4 by nearest-column fallback (row=28, x=639.4, dist=67.9)
2026-09-07 00:44:37,239 MatchingPostProcessor WARNING  Orphan pdf_cell 663 recovered to col=4 by nearest-column fallback (row=28, x=653.0, dist=54.2)
2026-09-07 00:44:37,239 MatchingPostProcessor WARNING  Orphan pdf_cell 664 recovered to col=4 by nearest-column fallback (row=28, x=666.7, dist=40.5)
2026-09-07 00:44:37,239 MatchingPostProcessor WARNING  Orphan pdf_cell 665 recovered to col=4 by nearest-column fallback (row=28, x=680.4, dist=26.8)
2026-09-07 00:44:37,239 MatchingPostProcessor WARNING  Orphan pdf_cell 694 recovered to col=4 by nearest-column fallback (row=29, x=598.6, dist=108.7)
2026-09-07 00:44:37,239 MatchingPostProcessor WARNING  Orphan pdf_cell 695 recovered to col=4 by nearest-column fallback (row=29, x=612.3, dist=95.0)
2026-09-07 00:44:37,239 MatchingPostProcessor WARNING  Orphan pdf_cell 696 recovered to col=4 by nearest-column fallback (row=29, x=625.7, dist=81.6)
2026-09-07 00:44:37,239 MatchingPostProcessor WARNING  Orphan pdf_cell 697 recovered to col=4 by nearest-column fallback (row=29, x=639.4, dist=67.9)
2026-09-07 00:44:37,239 MatchingPostProcessor WARNING  Orphan pdf_cell 698 recovered to col=4 by nearest-column fallback (row=29, x=653.1, dist=54.2)
2026-09-07 00:44:37,239 MatchingPostProcessor WARNING  Orphan pdf_cell 699 recovered to col=4 by nearest-column fallback (row=29, x=666.7, dist=40.5)
2026-09-07 00:44:37,239 MatchingPostProcessor WARNING  Orphan pdf_cell 700 recovered to col=4 by nearest-column fallback (row=29, x=680.4, dist=26.8)
2026-09-07 00:44:37,239 MatchingPostProcessor WARNING  Orphan pdf_cell 724 recovered to col=4 by nearest-column fallback (row=30, x=598.6, dist=108.7)
2026-09-07 00:44:37,240 MatchingPostProcessor WARNING  Orphan pdf_cell 725 recovered to col=4 by nearest-column fallback (row=30, x=612.3, dist=95.0)
2026-09-07 00:44:37,240 MatchingPostProcessor WARNING  Orphan pdf_cell 726 recovered to col=4 by nearest-column fallback (row=30, x=625.7, dist=81.6)
2026-09-07 00:44:37,240 MatchingPostProcessor WARNING  Orphan pdf_cell 727 recovered to col=4 by nearest-column fallback (row=30, x=639.4, dist=67.9)
2026-09-07 00:44:37,240 MatchingPostProcessor WARNING  Orphan pdf_cell 728 recovered to col=4 by nearest-column fallback (row=30, x=653.1, dist=54.2)
2026-09-07 00:44:37,240 MatchingPostProcessor WARNING  Orphan pdf_cell 729 recovered to col=4 by nearest-column fallback (row=30, x=666.7, dist=40.5)
2026-09-07 00:44:37,240 MatchingPostProcessor WARNING  Orphan pdf_cell 730 recovered to col=4 by nearest-column fallback (row=30, x=680.4, dist=26.8)
2026-09-07 00:44:37,240 MatchingPostProcessor WARNING  Orphan pdf_cell 749 recovered to col=4 by nearest-column fallback (row=31, x=598.6, dist=108.7)
2026-09-07 00:44:37,240 MatchingPostProcessor WARNING  Orphan pdf_cell 750 recovered to col=4 by nearest-column fallback (row=31, x=612.3, dist=95.0)
2026-09-07 00:44:37,240 MatchingPostProcessor WARNING  Orphan pdf_cell 751 recovered to col=4 by nearest-column fallback (row=31, x=625.7, dist=81.6)
2026-09-07 00:44:37,240 MatchingPostProcessor WARNING  Orphan pdf_cell 752 recovered to col=4 by nearest-column fallback (row=31, x=639.4, dist=67.9)
2026-09-07 00:44:37,240 MatchingPostProcessor WARNING  Orphan pdf_cell 753 recovered to col=4 by nearest-column fallback (row=31, x=653.1, dist=54.2)
2026-09-07 00:44:37,240 MatchingPostProcessor WARNING  Orphan pdf_cell 754 recovered to col=4 by nearest-column fallback (row=31, x=666.7, dist=40.5)
2026-09-07 00:44:37,240 MatchingPostProcessor WARNING  Orphan pdf_cell 755 recovered to col=4 by nearest-column fallback (row=31, x=680.4, dist=26.8)
2026-09-07 00:44:39,897 MatchingPostProcessor WARNING  Orphan pdf_cell 22 recovered to col=3 by nearest-column fallback (row=0, x=612.2, dist=94.5)
2026-09-07 00:44:39,897 MatchingPostProcessor WARNING  Orphan pdf_cell 23 recovered to col=3 by nearest-column fallback (row=0, x=625.7, dist=81.1)
2026-09-07 00:44:39,897 MatchingPostProcessor WARNING  Orphan pdf_cell 24 recovered to col=3 by nearest-column fallback (row=0, x=639.4, dist=67.4)
2026-09-07 00:44:39,897 MatchingPostProcessor WARNING  Orphan pdf_cell 25 recovered to col=3 by nearest-column fallback (row=0, x=653.0, dist=53.7)
2026-09-07 00:44:39,897 MatchingPostProcessor WARNING  Orphan pdf_cell 26 recovered to col=3 by nearest-column fallback (row=0, x=666.7, dist=40.0)
2026-09-07 00:44:39,897 MatchingPostProcessor WARNING  Orphan pdf_cell 27 recovered to col=3 by nearest-column fallback (row=0, x=680.4, dist=26.4)
2026-09-07 00:44:39,898 MatchingPostProcessor WARNING  Orphan pdf_cell 38 recovered to col=3 by nearest-column fallback (row=1, x=612.2, dist=94.5)
2026-09-07 00:44:39,898 MatchingPostProcessor WARNING  Orphan pdf_cell 39 recovered to col=3 by nearest-column fallback (row=1, x=625.7, dist=81.1)
2026-09-07 00:44:39,898 MatchingPostProcessor WARNING  Orphan pdf_cell 40 recovered to col=3 by nearest-column fallback (row=1, x=639.4, dist=67.4)
2026-09-07 00:44:39,898 MatchingPostProcessor WARNING  Orphan pdf_cell 41 recovered to col=3 by nearest-column fallback (row=1, x=653.0, dist=53.7)
2026-09-07 00:44:39,898 MatchingPostProcessor WARNING  Orphan pdf_cell 42 recovered to col=3 by nearest-column fallback (row=1, x=666.7, dist=40.0)
2026-09-07 00:44:39,898 MatchingPostProcessor WARNING  Orphan pdf_cell 43 recovered to col=3 by nearest-column fallback (row=1, x=680.4, dist=26.4)
2026-09-07 00:44:39,898 MatchingPostProcessor WARNING  Orphan pdf_cell 65 recovered to col=3 by nearest-column fallback (row=2, x=612.2, dist=94.5)
2026-09-07 00:44:39,898 MatchingPostProcessor WARNING  Orphan pdf_cell 66 recovered to col=3 by nearest-column fallback (row=2, x=625.7, dist=81.1)
2026-09-07 00:44:39,898 MatchingPostProcessor WARNING  Orphan pdf_cell 67 recovered to col=3 by nearest-column fallback (row=2, x=639.4, dist=67.4)
2026-09-07 00:44:39,898 MatchingPostProcessor WARNING  Orphan pdf_cell 68 recovered to col=3 by nearest-column fallback (row=2, x=653.0, dist=53.7)
2026-09-07 00:44:39,898 MatchingPostProcessor WARNING  Orphan pdf_cell 69 recovered to col=3 by nearest-column fallback (row=2, x=666.7, dist=40.0)
2026-09-07 00:44:39,898 MatchingPostProcessor WARNING  Orphan pdf_cell 70 recovered to col=3 by nearest-column fallback (row=2, x=680.4, dist=26.4)
2026-09-07 00:44:39,898 MatchingPostProcessor WARNING  Orphan pdf_cell 88 recovered to col=3 by nearest-column fallback (row=3, x=612.2, dist=94.5)
2026-09-07 00:44:39,898 MatchingPostProcessor WARNING  Orphan pdf_cell 89 recovered to col=3 by nearest-column fallback (row=3, x=625.7, dist=81.1)
2026-09-07 00:44:39,898 MatchingPostProcessor WARNING  Orphan pdf_cell 90 recovered to col=3 by nearest-column fallback (row=3, x=639.4, dist=67.4)
2026-09-07 00:44:39,898 MatchingPostProcessor WARNING  Orphan pdf_cell 91 recovered to col=3 by nearest-column fallback (row=3, x=653.0, dist=53.7)
2026-09-07 00:44:39,898 MatchingPostProcessor WARNING  Orphan pdf_cell 92 recovered to col=3 by nearest-column fallback (row=3, x=666.7, dist=40.0)
2026-09-07 00:44:39,898 MatchingPostProcessor WARNING  Orphan pdf_cell 93 recovered to col=3 by nearest-column fallback (row=3, x=680.4, dist=26.4)
2026-09-07 00:44:39,898 MatchingPostProcessor WARNING  Orphan pdf_cell 120 recovered to col=3 by nearest-column fallback (row=4, x=612.2, dist=94.5)
2026-09-07 00:44:39,898 MatchingPostProcessor WARNING  Orphan pdf_cell 121 recovered to col=3 by nearest-column fallback (row=4, x=625.7, dist=81.1)
2026-09-07 00:44:39,898 MatchingPostProcessor WARNING  Orphan pdf_cell 122 recovered to col=3 by nearest-column fallback (row=4, x=639.4, dist=67.4)
2026-09-07 00:44:39,898 MatchingPostProcessor WARNING  Orphan pdf_cell 123 recovered to col=3 by nearest-column fallback (row=4, x=653.0, dist=53.7)
2026-09-07 00:44:39,898 MatchingPostProcessor WARNING  Orphan pdf_cell 124 recovered to col=3 by nearest-column fallback (row=4, x=666.7, dist=40.0)
2026-09-07 00:44:39,898 MatchingPostProcessor WARNING  Orphan pdf_cell 125 recovered to col=3 by nearest-column fallback (row=4, x=680.4, dist=26.4)
2026-09-07 00:44:39,899 MatchingPostProcessor WARNING  Orphan pdf_cell 144 recovered to col=3 by nearest-column fallback (row=5, x=612.2, dist=94.5)
2026-09-07 00:44:39,899 MatchingPostProcessor WARNING  Orphan pdf_cell 145 recovered to col=3 by nearest-column fallback (row=5, x=625.7, dist=81.1)
2026-09-07 00:44:39,899 MatchingPostProcessor WARNING  Orphan pdf_cell 146 recovered to col=3 by nearest-column fallback (row=5, x=639.4, dist=67.4)
2026-09-07 00:44:39,899 MatchingPostProcessor WARNING  Orphan pdf_cell 147 recovered to col=3 by nearest-column fallback (row=5, x=653.0, dist=53.7)
2026-09-07 00:44:39,899 MatchingPostProcessor WARNING  Orphan pdf_cell 148 recovered to col=3 by nearest-column fallback (row=5, x=666.7, dist=40.0)
2026-09-07 00:44:39,899 MatchingPostProcessor WARNING  Orphan pdf_cell 149 recovered to col=3 by nearest-column fallback (row=5, x=680.4, dist=26.4)
2026-09-07 00:44:39,899 MatchingPostProcessor WARNING  Orphan pdf_cell 168 recovered to col=3 by nearest-column fallback (row=6, x=612.2, dist=94.5)
2026-09-07 00:44:39,899 MatchingPostProcessor WARNING  Orphan pdf_cell 169 recovered to col=3 by nearest-column fallback (row=6, x=625.7, dist=81.1)
2026-09-07 00:44:39,899 MatchingPostProcessor WARNING  Orphan pdf_cell 170 recovered to col=3 by nearest-column fallback (row=6, x=639.4, dist=67.4)
2026-09-07 00:44:39,899 MatchingPostProcessor WARNING  Orphan pdf_cell 171 recovered to col=3 by nearest-column fallback (row=6, x=653.0, dist=53.7)
2026-09-07 00:44:39,899 MatchingPostProcessor WARNING  Orphan pdf_cell 172 recovered to col=3 by nearest-column fallback (row=6, x=666.7, dist=40.0)
2026-09-07 00:44:39,899 MatchingPostProcessor WARNING  Orphan pdf_cell 173 recovered to col=3 by nearest-column fallback (row=6, x=680.4, dist=26.4)
2026-09-07 00:44:39,899 MatchingPostProcessor WARNING  Orphan pdf_cell 190 recovered to col=3 by nearest-column fallback (row=7, x=612.2, dist=94.5)
2026-09-07 00:44:39,899 MatchingPostProcessor WARNING  Orphan pdf_cell 191 recovered to col=3 by nearest-column fallback (row=7, x=625.7, dist=81.1)
2026-09-07 00:44:39,899 MatchingPostProcessor WARNING  Orphan pdf_cell 192 recovered to col=3 by nearest-column fallback (row=7, x=639.4, dist=67.4)
2026-09-07 00:44:39,899 MatchingPostProcessor WARNING  Orphan pdf_cell 193 recovered to col=3 by nearest-column fallback (row=7, x=653.0, dist=53.7)
2026-09-07 00:44:39,899 MatchingPostProcessor WARNING  Orphan pdf_cell 194 recovered to col=3 by nearest-column fallback (row=7, x=666.7, dist=40.0)
2026-09-07 00:44:39,899 MatchingPostProcessor WARNING  Orphan pdf_cell 195 recovered to col=3 by nearest-column fallback (row=7, x=680.4, dist=26.4)
2026-09-07 00:44:39,899 MatchingPostProcessor WARNING  Orphan pdf_cell 209 recovered to col=3 by nearest-column fallback (row=8, x=612.2, dist=94.5)
2026-09-07 00:44:39,899 MatchingPostProcessor WARNING  Orphan pdf_cell 210 recovered to col=3 by nearest-column fallback (row=8, x=625.7, dist=81.1)
2026-09-07 00:44:39,899 MatchingPostProcessor WARNING  Orphan pdf_cell 211 recovered to col=3 by nearest-column fallback (row=8, x=639.4, dist=67.4)
2026-09-07 00:44:39,899 MatchingPostProcessor WARNING  Orphan pdf_cell 212 recovered to col=3 by nearest-column fallback (row=8, x=653.0, dist=53.7)
2026-09-07 00:44:39,899 MatchingPostProcessor WARNING  Orphan pdf_cell 213 recovered to col=3 by nearest-column fallback (row=8, x=666.7, dist=40.0)
2026-09-07 00:44:39,899 MatchingPostProcessor WARNING  Orphan pdf_cell 214 recovered to col=3 by nearest-column fallback (row=8, x=680.4, dist=26.4)
2026-09-07 00:44:39,899 MatchingPostProcessor WARNING  Orphan pdf_cell 230 recovered to col=3 by nearest-column fallback (row=9, x=612.2, dist=94.5)
2026-09-07 00:44:39,899 MatchingPostProcessor WARNING  Orphan pdf_cell 231 recovered to col=3 by nearest-column fallback (row=9, x=625.7, dist=81.1)
2026-09-07 00:44:39,899 MatchingPostProcessor WARNING  Orphan pdf_cell 232 recovered to col=3 by nearest-column fallback (row=9, x=639.4, dist=67.4)
2026-09-07 00:44:39,900 MatchingPostProcessor WARNING  Orphan pdf_cell 233 recovered to col=3 by nearest-column fallback (row=9, x=653.0, dist=53.7)
2026-09-07 00:44:39,900 MatchingPostProcessor WARNING  Orphan pdf_cell 234 recovered to col=3 by nearest-column fallback (row=9, x=666.7, dist=40.0)
2026-09-07 00:44:39,900 MatchingPostProcessor WARNING  Orphan pdf_cell 235 recovered to col=3 by nearest-column fallback (row=9, x=680.4, dist=26.4)
2026-09-07 00:44:39,900 MatchingPostProcessor WARNING  Orphan pdf_cell 247 recovered to col=3 by nearest-column fallback (row=10, x=612.2, dist=94.5)
2026-09-07 00:44:39,900 MatchingPostProcessor WARNING  Orphan pdf_cell 248 recovered to col=3 by nearest-column fallback (row=10, x=625.7, dist=81.1)
2026-09-07 00:44:39,900 MatchingPostProcessor WARNING  Orphan pdf_cell 249 recovered to col=3 by nearest-column fallback (row=10, x=639.4, dist=67.4)
2026-09-07 00:44:39,900 MatchingPostProcessor WARNING  Orphan pdf_cell 250 recovered to col=3 by nearest-column fallback (row=10, x=653.0, dist=53.7)
2026-09-07 00:44:39,900 MatchingPostProcessor WARNING  Orphan pdf_cell 251 recovered to col=3 by nearest-column fallback (row=10, x=666.7, dist=40.0)
2026-09-07 00:44:39,900 MatchingPostProcessor WARNING  Orphan pdf_cell 252 recovered to col=3 by nearest-column fallback (row=10, x=680.4, dist=26.4)
2026-09-07 00:44:39,900 MatchingPostProcessor WARNING  Orphan pdf_cell 268 recovered to col=3 by nearest-column fallback (row=11, x=612.2, dist=94.5)
2026-09-07 00:44:39,900 MatchingPostProcessor WARNING  Orphan pdf_cell 269 recovered to col=3 by nearest-column fallback (row=11, x=625.7, dist=81.1)
2026-09-07 00:44:39,900 MatchingPostProcessor WARNING  Orphan pdf_cell 270 recovered to col=3 by nearest-column fallback (row=11, x=639.4, dist=67.4)
2026-09-07 00:44:39,900 MatchingPostProcessor WARNING  Orphan pdf_cell 271 recovered to col=3 by nearest-column fallback (row=11, x=653.0, dist=53.7)
2026-09-07 00:44:39,900 MatchingPostProcessor WARNING  Orphan pdf_cell 272 recovered to col=3 by nearest-column fallback (row=11, x=666.7, dist=40.0)
2026-09-07 00:44:39,900 MatchingPostProcessor WARNING  Orphan pdf_cell 273 recovered to col=3 by nearest-column fallback (row=11, x=680.4, dist=26.4)
2026-09-07 00:44:39,900 MatchingPostProcessor WARNING  Orphan pdf_cell 283 recovered to col=3 by nearest-column fallback (row=12, x=612.2, dist=94.5)
2026-09-07 00:44:39,900 MatchingPostProcessor WARNING  Orphan pdf_cell 284 recovered to col=3 by nearest-column fallback (row=12, x=625.7, dist=81.1)
2026-09-07 00:44:39,900 MatchingPostProcessor WARNING  Orphan pdf_cell 285 recovered to col=3 by nearest-column fallback (row=12, x=639.4, dist=67.4)
2026-09-07 00:44:39,900 MatchingPostProcessor WARNING  Orphan pdf_cell 286 recovered to col=3 by nearest-column fallback (row=12, x=653.0, dist=53.7)
2026-09-07 00:44:39,900 MatchingPostProcessor WARNING  Orphan pdf_cell 287 recovered to col=3 by nearest-column fallback (row=12, x=666.7, dist=40.0)
2026-09-07 00:44:39,900 MatchingPostProcessor WARNING  Orphan pdf_cell 288 recovered to col=3 by nearest-column fallback (row=12, x=680.4, dist=26.4)
2026-09-07 00:44:39,900 MatchingPostProcessor WARNING  Orphan pdf_cell 306 recovered to col=3 by nearest-column fallback (row=13, x=612.2, dist=94.5)
2026-09-07 00:44:39,900 MatchingPostProcessor WARNING  Orphan pdf_cell 307 recovered to col=3 by nearest-column fallback (row=13, x=625.7, dist=81.1)
2026-09-07 00:44:39,900 MatchingPostProcessor WARNING  Orphan pdf_cell 308 recovered to col=3 by nearest-column fallback (row=13, x=639.4, dist=67.4)
2026-09-07 00:44:39,900 MatchingPostProcessor WARNING  Orphan pdf_cell 309 recovered to col=3 by nearest-column fallback (row=13, x=653.0, dist=53.7)
2026-09-07 00:44:39,900 MatchingPostProcessor WARNING  Orphan pdf_cell 310 recovered to col=3 by nearest-column fallback (row=13, x=666.7, dist=40.0)
2026-09-07 00:44:39,900 MatchingPostProcessor WARNING  Orphan pdf_cell 311 recovered to col=3 by nearest-column fallback (row=13, x=680.4, dist=26.4)
2026-09-07 00:44:39,900 MatchingPostProcessor WARNING  Orphan pdf_cell 330 recovered to col=3 by nearest-column fallback (row=14, x=612.2, dist=94.5)
2026-09-07 00:44:39,900 MatchingPostProcessor WARNING  Orphan pdf_cell 331 recovered to col=3 by nearest-column fallback (row=14, x=625.7, dist=81.1)
2026-09-07 00:44:39,901 MatchingPostProcessor WARNING  Orphan pdf_cell 332 recovered to col=3 by nearest-column fallback (row=14, x=639.4, dist=67.4)
2026-09-07 00:44:39,901 MatchingPostProcessor WARNING  Orphan pdf_cell 333 recovered to col=3 by nearest-column fallback (row=14, x=653.0, dist=53.7)
2026-09-07 00:44:39,901 MatchingPostProcessor WARNING  Orphan pdf_cell 334 recovered to col=3 by nearest-column fallback (row=14, x=666.7, dist=40.0)
2026-09-07 00:44:39,901 MatchingPostProcessor WARNING  Orphan pdf_cell 335 recovered to col=3 by nearest-column fallback (row=14, x=680.4, dist=26.4)
2026-09-07 00:44:39,901 MatchingPostProcessor WARNING  Orphan pdf_cell 351 recovered to col=3 by nearest-column fallback (row=15, x=612.2, dist=94.5)
2026-09-07 00:44:39,901 MatchingPostProcessor WARNING  Orphan pdf_cell 352 recovered to col=3 by nearest-column fallback (row=15, x=625.7, dist=81.1)
2026-09-07 00:44:39,901 MatchingPostProcessor WARNING  Orphan pdf_cell 353 recovered to col=3 by nearest-column fallback (row=15, x=639.4, dist=67.4)
2026-09-07 00:44:39,901 MatchingPostProcessor WARNING  Orphan pdf_cell 354 recovered to col=3 by nearest-column fallback (row=15, x=653.0, dist=53.7)
2026-09-07 00:44:39,901 MatchingPostProcessor WARNING  Orphan pdf_cell 355 recovered to col=3 by nearest-column fallback (row=15, x=666.7, dist=40.0)
2026-09-07 00:44:39,901 MatchingPostProcessor WARNING  Orphan pdf_cell 356 recovered to col=3 by nearest-column fallback (row=15, x=680.4, dist=26.4)
2026-09-07 00:44:39,901 MatchingPostProcessor WARNING  Orphan pdf_cell 387 recovered to col=3 by nearest-column fallback (row=17, x=612.2, dist=94.5)
2026-09-07 00:44:39,901 MatchingPostProcessor WARNING  Orphan pdf_cell 388 recovered to col=3 by nearest-column fallback (row=17, x=625.7, dist=81.1)
2026-09-07 00:44:39,901 MatchingPostProcessor WARNING  Orphan pdf_cell 389 recovered to col=3 by nearest-column fallback (row=17, x=639.4, dist=67.4)
2026-09-07 00:44:39,901 MatchingPostProcessor WARNING  Orphan pdf_cell 390 recovered to col=3 by nearest-column fallback (row=17, x=653.0, dist=53.7)
2026-09-07 00:44:39,901 MatchingPostProcessor WARNING  Orphan pdf_cell 391 recovered to col=3 by nearest-column fallback (row=17, x=666.7, dist=40.0)
2026-09-07 00:44:39,901 MatchingPostProcessor WARNING  Orphan pdf_cell 392 recovered to col=3 by nearest-column fallback (row=17, x=680.4, dist=26.4)
2026-09-07 00:44:39,901 MatchingPostProcessor WARNING  Orphan pdf_cell 406 recovered to col=3 by nearest-column fallback (row=18, x=612.2, dist=94.5)
2026-09-07 00:44:39,901 MatchingPostProcessor WARNING  Orphan pdf_cell 407 recovered to col=3 by nearest-column fallback (row=18, x=625.7, dist=81.1)
2026-09-07 00:44:39,901 MatchingPostProcessor WARNING  Orphan pdf_cell 408 recovered to col=3 by nearest-column fallback (row=18, x=639.4, dist=67.4)
2026-09-07 00:44:39,901 MatchingPostProcessor WARNING  Orphan pdf_cell 409 recovered to col=3 by nearest-column fallback (row=18, x=653.0, dist=53.7)
2026-09-07 00:44:39,901 MatchingPostProcessor WARNING  Orphan pdf_cell 410 recovered to col=3 by nearest-column fallback (row=18, x=666.7, dist=40.0)
2026-09-07 00:44:39,901 MatchingPostProcessor WARNING  Orphan pdf_cell 411 recovered to col=3 by nearest-column fallback (row=18, x=680.4, dist=26.4)
2026-09-07 00:44:39,901 MatchingPostProcessor WARNING  Orphan pdf_cell 428 recovered to col=3 by nearest-column fallback (row=19, x=612.2, dist=94.5)
2026-09-07 00:44:39,901 MatchingPostProcessor WARNING  Orphan pdf_cell 429 recovered to col=3 by nearest-column fallback (row=19, x=625.7, dist=81.1)
2026-09-07 00:44:39,901 MatchingPostProcessor WARNING  Orphan pdf_cell 430 recovered to col=3 by nearest-column fallback (row=19, x=639.4, dist=67.4)
2026-09-07 00:44:39,901 MatchingPostProcessor WARNING  Orphan pdf_cell 431 recovered to col=3 by nearest-column fallback (row=19, x=653.0, dist=53.7)
2026-09-07 00:44:39,901 MatchingPostProcessor WARNING  Orphan pdf_cell 432 recovered to col=3 by nearest-column fallback (row=19, x=666.7, dist=40.0)
2026-09-07 00:44:39,901 MatchingPostProcessor WARNING  Orphan pdf_cell 433 recovered to col=3 by nearest-column fallback (row=19, x=680.4, dist=26.4)
2026-09-07 00:44:39,902 MatchingPostProcessor WARNING  Orphan pdf_cell 446 recovered to col=3 by nearest-column fallback (row=20, x=612.2, dist=94.5)
2026-09-07 00:44:39,902 MatchingPostProcessor WARNING  Orphan pdf_cell 447 recovered to col=3 by nearest-column fallback (row=20, x=625.7, dist=81.1)
2026-09-07 00:44:39,902 MatchingPostProcessor WARNING  Orphan pdf_cell 448 recovered to col=3 by nearest-column fallback (row=20, x=639.4, dist=67.4)
2026-09-07 00:44:39,902 MatchingPostProcessor WARNING  Orphan pdf_cell 449 recovered to col=3 by nearest-column fallback (row=20, x=653.0, dist=53.7)
2026-09-07 00:44:39,902 MatchingPostProcessor WARNING  Orphan pdf_cell 450 recovered to col=3 by nearest-column fallback (row=20, x=666.7, dist=40.0)
2026-09-07 00:44:39,902 MatchingPostProcessor WARNING  Orphan pdf_cell 451 recovered to col=3 by nearest-column fallback (row=20, x=680.4, dist=26.4)
2026-09-07 00:44:39,902 MatchingPostProcessor WARNING  Orphan pdf_cell 476 recovered to col=3 by nearest-column fallback (row=21, x=612.2, dist=94.5)
2026-09-07 00:44:39,902 MatchingPostProcessor WARNING  Orphan pdf_cell 477 recovered to col=3 by nearest-column fallback (row=21, x=625.7, dist=81.1)
2026-09-07 00:44:39,902 MatchingPostProcessor WARNING  Orphan pdf_cell 478 recovered to col=3 by nearest-column fallback (row=21, x=639.4, dist=67.4)
2026-09-07 00:44:39,902 MatchingPostProcessor WARNING  Orphan pdf_cell 479 recovered to col=3 by nearest-column fallback (row=21, x=653.0, dist=53.7)
2026-09-07 00:44:39,902 MatchingPostProcessor WARNING  Orphan pdf_cell 480 recovered to col=3 by nearest-column fallback (row=21, x=666.7, dist=40.0)
2026-09-07 00:44:39,902 MatchingPostProcessor WARNING  Orphan pdf_cell 481 recovered to col=3 by nearest-column fallback (row=21, x=680.4, dist=26.4)
2026-09-07 00:44:39,902 MatchingPostProcessor WARNING  Orphan pdf_cell 499 recovered to col=3 by nearest-column fallback (row=22, x=612.2, dist=94.5)
2026-09-07 00:44:39,902 MatchingPostProcessor WARNING  Orphan pdf_cell 500 recovered to col=3 by nearest-column fallback (row=22, x=625.7, dist=81.1)
2026-09-07 00:44:39,902 MatchingPostProcessor WARNING  Orphan pdf_cell 501 recovered to col=3 by nearest-column fallback (row=22, x=639.4, dist=67.4)
2026-09-07 00:44:39,902 MatchingPostProcessor WARNING  Orphan pdf_cell 502 recovered to col=3 by nearest-column fallback (row=22, x=653.0, dist=53.7)
2026-09-07 00:44:39,902 MatchingPostProcessor WARNING  Orphan pdf_cell 503 recovered to col=3 by nearest-column fallback (row=22, x=666.7, dist=40.0)
2026-09-07 00:44:39,902 MatchingPostProcessor WARNING  Orphan pdf_cell 504 recovered to col=3 by nearest-column fallback (row=22, x=680.4, dist=26.4)
2026-09-07 00:44:39,902 MatchingPostProcessor WARNING  Orphan pdf_cell 520 recovered to col=3 by nearest-column fallback (row=23, x=612.2, dist=94.5)
2026-09-07 00:44:39,902 MatchingPostProcessor WARNING  Orphan pdf_cell 521 recovered to col=3 by nearest-column fallback (row=23, x=625.7, dist=81.1)
2026-09-07 00:44:39,902 MatchingPostProcessor WARNING  Orphan pdf_cell 522 recovered to col=3 by nearest-column fallback (row=23, x=639.4, dist=67.4)
2026-09-07 00:44:39,902 MatchingPostProcessor WARNING  Orphan pdf_cell 523 recovered to col=3 by nearest-column fallback (row=23, x=653.0, dist=53.7)
2026-09-07 00:44:39,902 MatchingPostProcessor WARNING  Orphan pdf_cell 524 recovered to col=3 by nearest-column fallback (row=23, x=666.7, dist=40.0)
2026-09-07 00:44:39,903 MatchingPostProcessor WARNING  Orphan pdf_cell 525 recovered to col=3 by nearest-column fallback (row=23, x=680.4, dist=26.4)
2026-09-07 00:44:39,903 MatchingPostProcessor WARNING  Orphan pdf_cell 545 recovered to col=3 by nearest-column fallback (row=24, x=612.2, dist=94.5)
2026-09-07 00:44:39,903 MatchingPostProcessor WARNING  Orphan pdf_cell 546 recovered to col=3 by nearest-column fallback (row=24, x=625.7, dist=81.1)
2026-09-07 00:44:39,903 MatchingPostProcessor WARNING  Orphan pdf_cell 547 recovered to col=3 by nearest-column fallback (row=24, x=639.4, dist=67.4)
2026-09-07 00:44:39,903 MatchingPostProcessor WARNING  Orphan pdf_cell 548 recovered to col=3 by nearest-column fallback (row=24, x=653.0, dist=53.7)
2026-09-07 00:44:39,903 MatchingPostProcessor WARNING  Orphan pdf_cell 549 recovered to col=3 by nearest-column fallback (row=24, x=666.7, dist=40.0)
2026-09-07 00:44:39,903 MatchingPostProcessor WARNING  Orphan pdf_cell 550 recovered to col=3 by nearest-column fallback (row=24, x=680.4, dist=26.4)
2026-09-07 00:44:39,903 MatchingPostProcessor WARNING  Orphan pdf_cell 568 recovered to col=3 by nearest-column fallback (row=25, x=612.2, dist=94.5)
2026-09-07 00:44:39,903 MatchingPostProcessor WARNING  Orphan pdf_cell 569 recovered to col=3 by nearest-column fallback (row=25, x=625.7, dist=81.1)
2026-09-07 00:44:39,903 MatchingPostProcessor WARNING  Orphan pdf_cell 570 recovered to col=3 by nearest-column fallback (row=25, x=639.4, dist=67.4)
2026-09-07 00:44:39,903 MatchingPostProcessor WARNING  Orphan pdf_cell 571 recovered to col=3 by nearest-column fallback (row=25, x=653.0, dist=53.7)
2026-09-07 00:44:39,903 MatchingPostProcessor WARNING  Orphan pdf_cell 572 recovered to col=3 by nearest-column fallback (row=25, x=666.7, dist=40.0)
2026-09-07 00:44:39,903 MatchingPostProcessor WARNING  Orphan pdf_cell 573 recovered to col=3 by nearest-column fallback (row=25, x=680.4, dist=26.4)
2026-09-07 00:44:39,903 MatchingPostProcessor WARNING  Orphan pdf_cell 595 recovered to col=3 by nearest-column fallback (row=26, x=612.2, dist=94.5)
2026-09-07 00:44:39,903 MatchingPostProcessor WARNING  Orphan pdf_cell 596 recovered to col=3 by nearest-column fallback (row=26, x=625.7, dist=81.1)
2026-09-07 00:44:39,903 MatchingPostProcessor WARNING  Orphan pdf_cell 597 recovered to col=3 by nearest-column fallback (row=26, x=639.4, dist=67.4)
2026-09-07 00:44:39,903 MatchingPostProcessor WARNING  Orphan pdf_cell 598 recovered to col=3 by nearest-column fallback (row=26, x=653.0, dist=53.7)
2026-09-07 00:44:39,903 MatchingPostProcessor WARNING  Orphan pdf_cell 599 recovered to col=3 by nearest-column fallback (row=26, x=666.7, dist=40.0)
2026-09-07 00:44:39,903 MatchingPostProcessor WARNING  Orphan pdf_cell 600 recovered to col=3 by nearest-column fallback (row=26, x=680.4, dist=26.4)
2026-09-07 00:44:39,904 MatchingPostProcessor WARNING  Orphan pdf_cell 620 recovered to col=3 by nearest-column fallback (row=27, x=612.2, dist=94.5)
2026-09-07 00:44:39,904 MatchingPostProcessor WARNING  Orphan pdf_cell 621 recovered to col=3 by nearest-column fallback (row=27, x=625.7, dist=81.1)
2026-09-07 00:44:39,904 MatchingPostProcessor WARNING  Orphan pdf_cell 622 recovered to col=3 by nearest-column fallback (row=27, x=639.4, dist=67.4)
2026-09-07 00:44:39,904 MatchingPostProcessor WARNING  Orphan pdf_cell 623 recovered to col=3 by nearest-column fallback (row=27, x=653.0, dist=53.7)
2026-09-07 00:44:39,904 MatchingPostProcessor WARNING  Orphan pdf_cell 624 recovered to col=3 by nearest-column fallback (row=27, x=666.7, dist=40.0)
2026-09-07 00:44:39,904 MatchingPostProcessor WARNING  Orphan pdf_cell 625 recovered to col=3 by nearest-column fallback (row=27, x=680.4, dist=26.4)
2026-09-07 00:44:39,904 MatchingPostProcessor WARNING  Orphan pdf_cell 641 recovered to col=3 by nearest-column fallback (row=28, x=612.2, dist=94.5)
2026-09-07 00:44:39,904 MatchingPostProcessor WARNING  Orphan pdf_cell 642 recovered to col=3 by nearest-column fallback (row=28, x=625.7, dist=81.1)
2026-09-07 00:44:39,904 MatchingPostProcessor WARNING  Orphan pdf_cell 643 recovered to col=3 by nearest-column fallback (row=28, x=639.4, dist=67.4)
2026-09-07 00:44:39,904 MatchingPostProcessor WARNING  Orphan pdf_cell 644 recovered to col=3 by nearest-column fallback (row=28, x=653.0, dist=53.7)
2026-09-07 00:44:39,904 MatchingPostProcessor WARNING  Orphan pdf_cell 645 recovered to col=3 by nearest-column fallback (row=28, x=666.7, dist=40.0)
2026-09-07 00:44:39,904 MatchingPostProcessor WARNING  Orphan pdf_cell 646 recovered to col=3 by nearest-column fallback (row=28, x=680.4, dist=26.4)
2026-09-07 00:44:39,904 MatchingPostProcessor WARNING  Orphan pdf_cell 667 recovered to col=3 by nearest-column fallback (row=29, x=612.2, dist=94.5)
2026-09-07 00:44:39,904 MatchingPostProcessor WARNING  Orphan pdf_cell 668 recovered to col=3 by nearest-column fallback (row=29, x=625.7, dist=81.1)
2026-09-07 00:44:39,904 MatchingPostProcessor WARNING  Orphan pdf_cell 669 recovered to col=3 by nearest-column fallback (row=29, x=639.4, dist=67.4)
2026-09-07 00:44:39,904 MatchingPostProcessor WARNING  Orphan pdf_cell 670 recovered to col=3 by nearest-column fallback (row=29, x=653.0, dist=53.7)
2026-09-07 00:44:39,904 MatchingPostProcessor WARNING  Orphan pdf_cell 671 recovered to col=3 by nearest-column fallback (row=29, x=666.7, dist=40.0)
2026-09-07 00:44:39,904 MatchingPostProcessor WARNING  Orphan pdf_cell 672 recovered to col=3 by nearest-column fallback (row=29, x=680.4, dist=26.4)
2026-09-07 00:44:39,904 MatchingPostProcessor WARNING  Orphan pdf_cell 695 recovered to col=3 by nearest-column fallback (row=30, x=612.2, dist=94.5)
2026-09-07 00:44:39,904 MatchingPostProcessor WARNING  Orphan pdf_cell 696 recovered to col=3 by nearest-column fallback (row=30, x=625.7, dist=81.1)
2026-09-07 00:44:39,905 MatchingPostProcessor WARNING  Orphan pdf_cell 697 recovered to col=3 by nearest-column fallback (row=30, x=639.4, dist=67.4)
2026-09-07 00:44:39,905 MatchingPostProcessor WARNING  Orphan pdf_cell 698 recovered to col=3 by nearest-column fallback (row=30, x=653.0, dist=53.7)
2026-09-07 00:44:39,905 MatchingPostProcessor WARNING  Orphan pdf_cell 699 recovered to col=3 by nearest-column fallback (row=30, x=666.7, dist=40.0)
2026-09-07 00:44:39,905 MatchingPostProcessor WARNING  Orphan pdf_cell 700 recovered to col=3 by nearest-column fallback (row=30, x=680.4, dist=26.4)
2026-09-07 00:44:39,905 MatchingPostProcessor WARNING  Orphan pdf_cell 719 recovered to col=3 by nearest-column fallback (row=31, x=612.2, dist=94.5)
2026-09-07 00:44:39,905 MatchingPostProcessor WARNING  Orphan pdf_cell 720 recovered to col=3 by nearest-column fallback (row=31, x=625.7, dist=81.1)
2026-09-07 00:44:39,905 MatchingPostProcessor WARNING  Orphan pdf_cell 721 recovered to col=3 by nearest-column fallback (row=31, x=639.4, dist=67.4)
2026-09-07 00:44:39,905 MatchingPostProcessor WARNING  Orphan pdf_cell 722 recovered to col=3 by nearest-column fallback (row=31, x=653.0, dist=53.7)
2026-09-07 00:44:39,905 MatchingPostProcessor WARNING  Orphan pdf_cell 723 recovered to col=3 by nearest-column fallback (row=31, x=666.7, dist=40.0)
2026-09-07 00:44:39,905 MatchingPostProcessor WARNING  Orphan pdf_cell 724 recovered to col=3 by nearest-column fallback (row=31, x=680.4, dist=26.4)
2026-09-07 00:44:41,631 MatchingPostProcessor WARNING  Orphan pdf_cell 18 recovered to col=3 by nearest-column fallback (row=0, x=760.6, dist=122.2)
2026-09-07 00:44:41,631 MatchingPostProcessor WARNING  Orphan pdf_cell 19 recovered to col=3 by nearest-column fallback (row=0, x=774.2, dist=108.5)
2026-09-07 00:44:41,631 MatchingPostProcessor WARNING  Orphan pdf_cell 20 recovered to col=3 by nearest-column fallback (row=0, x=787.9, dist=94.8)
2026-09-07 00:44:41,631 MatchingPostProcessor WARNING  Orphan pdf_cell 21 recovered to col=3 by nearest-column fallback (row=0, x=801.6, dist=81.1)
2026-09-07 00:44:41,631 MatchingPostProcessor WARNING  Orphan pdf_cell 22 recovered to col=3 by nearest-column fallback (row=0, x=815.3, dist=67.5)
2026-09-07 00:44:41,631 MatchingPostProcessor WARNING  Orphan pdf_cell 23 recovered to col=3 by nearest-column fallback (row=0, x=828.7, dist=54.0)
2026-09-07 00:44:41,631 MatchingPostProcessor WARNING  Orphan pdf_cell 24 recovered to col=3 by nearest-column fallback (row=0, x=842.4, dist=40.3)
2026-09-07 00:44:41,631 MatchingPostProcessor WARNING  Orphan pdf_cell 25 recovered to col=3 by nearest-column fallback (row=0, x=856.1, dist=26.7)
2026-09-07 00:44:41,631 MatchingPostProcessor WARNING  Orphan pdf_cell 44 recovered to col=3 by nearest-column fallback (row=1, x=760.6, dist=122.2)
2026-09-07 00:44:41,631 MatchingPostProcessor WARNING  Orphan pdf_cell 45 recovered to col=3 by nearest-column fallback (row=1, x=774.2, dist=108.5)
2026-09-07 00:44:41,631 MatchingPostProcessor WARNING  Orphan pdf_cell 46 recovered to col=3 by nearest-column fallback (row=1, x=787.9, dist=94.8)
2026-09-07 00:44:41,631 MatchingPostProcessor WARNING  Orphan pdf_cell 47 recovered to col=3 by nearest-column fallback (row=1, x=801.6, dist=81.1)
2026-09-07 00:44:41,631 MatchingPostProcessor WARNING  Orphan pdf_cell 48 recovered to col=3 by nearest-column fallback (row=1, x=815.3, dist=67.5)
2026-09-07 00:44:41,631 MatchingPostProcessor WARNING  Orphan pdf_cell 49 recovered to col=3 by nearest-column fallback (row=1, x=828.7, dist=54.0)
2026-09-07 00:44:41,631 MatchingPostProcessor WARNING  Orphan pdf_cell 50 recovered to col=3 by nearest-column fallback (row=1, x=842.4, dist=40.3)
2026-09-07 00:44:41,631 MatchingPostProcessor WARNING  Orphan pdf_cell 51 recovered to col=3 by nearest-column fallback (row=1, x=856.1, dist=26.7)
2026-09-07 00:44:41,631 MatchingPostProcessor WARNING  Orphan pdf_cell 65 recovered to col=3 by nearest-column fallback (row=2, x=760.6, dist=122.2)
2026-09-07 00:44:41,631 MatchingPostProcessor WARNING  Orphan pdf_cell 66 recovered to col=3 by nearest-column fallback (row=2, x=774.2, dist=108.5)
2026-09-07 00:44:41,631 MatchingPostProcessor WARNING  Orphan pdf_cell 67 recovered to col=3 by nearest-column fallback (row=2, x=787.9, dist=94.8)
2026-09-07 00:44:41,631 MatchingPostProcessor WARNING  Orphan pdf_cell 68 recovered to col=3 by nearest-column fallback (row=2, x=801.6, dist=81.1)
2026-09-07 00:44:41,631 MatchingPostProcessor WARNING  Orphan pdf_cell 69 recovered to col=3 by nearest-column fallback (row=2, x=815.3, dist=67.5)
2026-09-07 00:44:41,631 MatchingPostProcessor WARNING  Orphan pdf_cell 70 recovered to col=3 by nearest-column fallback (row=2, x=828.7, dist=54.0)
2026-09-07 00:44:41,631 MatchingPostProcessor WARNING  Orphan pdf_cell 71 recovered to col=3 by nearest-column fallback (row=2, x=842.4, dist=40.3)
2026-09-07 00:44:41,631 MatchingPostProcessor WARNING  Orphan pdf_cell 72 recovered to col=3 by nearest-column fallback (row=2, x=856.1, dist=26.7)
2026-09-07 00:44:41,631 MatchingPostProcessor WARNING  Orphan pdf_cell 95 recovered to col=3 by nearest-column fallback (row=3, x=760.6, dist=122.2)
2026-09-07 00:44:41,631 MatchingPostProcessor WARNING  Orphan pdf_cell 96 recovered to col=3 by nearest-column fallback (row=3, x=774.2, dist=108.5)
2026-09-07 00:44:41,631 MatchingPostProcessor WARNING  Orphan pdf_cell 97 recovered to col=3 by nearest-column fallback (row=3, x=787.9, dist=94.8)
2026-09-07 00:44:41,631 MatchingPostProcessor WARNING  Orphan pdf_cell 98 recovered to col=3 by nearest-column fallback (row=3, x=801.6, dist=81.1)
2026-09-07 00:44:41,631 MatchingPostProcessor WARNING  Orphan pdf_cell 99 recovered to col=3 by nearest-column fallback (row=3, x=815.3, dist=67.5)
2026-09-07 00:44:41,631 MatchingPostProcessor WARNING  Orphan pdf_cell 100 recovered to col=3 by nearest-column fallback (row=3, x=828.7, dist=54.0)
2026-09-07 00:44:41,632 MatchingPostProcessor WARNING  Orphan pdf_cell 101 recovered to col=3 by nearest-column fallback (row=3, x=842.4, dist=40.3)
2026-09-07 00:44:41,632 MatchingPostProcessor WARNING  Orphan pdf_cell 102 recovered to col=3 by nearest-column fallback (row=3, x=856.1, dist=26.7)
2026-09-07 00:44:41,632 MatchingPostProcessor WARNING  Orphan pdf_cell 116 recovered to col=3 by nearest-column fallback (row=4, x=760.6, dist=122.2)
2026-09-07 00:44:41,632 MatchingPostProcessor WARNING  Orphan pdf_cell 117 recovered to col=3 by nearest-column fallback (row=4, x=774.2, dist=108.5)
2026-09-07 00:44:41,632 MatchingPostProcessor WARNING  Orphan pdf_cell 118 recovered to col=3 by nearest-column fallback (row=4, x=787.9, dist=94.8)
2026-09-07 00:44:41,632 MatchingPostProcessor WARNING  Orphan pdf_cell 119 recovered to col=3 by nearest-column fallback (row=4, x=801.6, dist=81.1)
2026-09-07 00:44:41,632 MatchingPostProcessor WARNING  Orphan pdf_cell 120 recovered to col=3 by nearest-column fallback (row=4, x=815.3, dist=67.5)
2026-09-07 00:44:41,632 MatchingPostProcessor WARNING  Orphan pdf_cell 121 recovered to col=3 by nearest-column fallback (row=4, x=828.7, dist=54.0)
2026-09-07 00:44:41,632 MatchingPostProcessor WARNING  Orphan pdf_cell 122 recovered to col=3 by nearest-column fallback (row=4, x=842.4, dist=40.3)
2026-09-07 00:44:41,632 MatchingPostProcessor WARNING  Orphan pdf_cell 123 recovered to col=3 by nearest-column fallback (row=4, x=856.1, dist=26.7)
2026-09-07 00:44:41,632 MatchingPostProcessor WARNING  Orphan pdf_cell 145 recovered to col=3 by nearest-column fallback (row=5, x=760.6, dist=122.2)
2026-09-07 00:44:41,632 MatchingPostProcessor WARNING  Orphan pdf_cell 146 recovered to col=3 by nearest-column fallback (row=5, x=774.2, dist=108.5)
2026-09-07 00:44:41,632 MatchingPostProcessor WARNING  Orphan pdf_cell 147 recovered to col=3 by nearest-column fallback (row=5, x=787.9, dist=94.8)
2026-09-07 00:44:41,632 MatchingPostProcessor WARNING  Orphan pdf_cell 148 recovered to col=3 by nearest-column fallback (row=5, x=801.6, dist=81.1)
2026-09-07 00:44:41,632 MatchingPostProcessor WARNING  Orphan pdf_cell 149 recovered to col=3 by nearest-column fallback (row=5, x=815.3, dist=67.5)
2026-09-07 00:44:41,632 MatchingPostProcessor WARNING  Orphan pdf_cell 150 recovered to col=3 by nearest-column fallback (row=5, x=828.7, dist=54.0)
2026-09-07 00:44:41,632 MatchingPostProcessor WARNING  Orphan pdf_cell 151 recovered to col=3 by nearest-column fallback (row=5, x=842.4, dist=40.3)
2026-09-07 00:44:41,632 MatchingPostProcessor WARNING  Orphan pdf_cell 152 recovered to col=3 by nearest-column fallback (row=5, x=856.1, dist=26.7)
2026-09-07 00:44:41,632 MatchingPostProcessor WARNING  Orphan pdf_cell 162 recovered to col=3 by nearest-column fallback (row=6, x=760.6, dist=122.2)
2026-09-07 00:44:41,632 MatchingPostProcessor WARNING  Orphan pdf_cell 163 recovered to col=3 by nearest-column fallback (row=6, x=774.2, dist=108.5)
2026-09-07 00:44:41,632 MatchingPostProcessor WARNING  Orphan pdf_cell 164 recovered to col=3 by nearest-column fallback (row=6, x=787.9, dist=94.8)
2026-09-07 00:44:41,632 MatchingPostProcessor WARNING  Orphan pdf_cell 165 recovered to col=3 by nearest-column fallback (row=6, x=801.6, dist=81.1)
2026-09-07 00:44:41,632 MatchingPostProcessor WARNING  Orphan pdf_cell 166 recovered to col=3 by nearest-column fallback (row=6, x=815.3, dist=67.5)
2026-09-07 00:44:41,632 MatchingPostProcessor WARNING  Orphan pdf_cell 167 recovered to col=3 by nearest-column fallback (row=6, x=828.7, dist=54.0)
2026-09-07 00:44:41,632 MatchingPostProcessor WARNING  Orphan pdf_cell 168 recovered to col=3 by nearest-column fallback (row=6, x=842.4, dist=40.3)
2026-09-07 00:44:41,632 MatchingPostProcessor WARNING  Orphan pdf_cell 169 recovered to col=3 by nearest-column fallback (row=6, x=856.1, dist=26.7)
2026-09-07 00:44:41,632 MatchingPostProcessor WARNING  Orphan pdf_cell 188 recovered to col=3 by nearest-column fallback (row=7, x=760.6, dist=122.2)
2026-09-07 00:44:41,632 MatchingPostProcessor WARNING  Orphan pdf_cell 189 recovered to col=3 by nearest-column fallback (row=7, x=774.2, dist=108.5)
2026-09-07 00:44:41,632 MatchingPostProcessor WARNING  Orphan pdf_cell 190 recovered to col=3 by nearest-column fallback (row=7, x=787.9, dist=94.8)
2026-09-07 00:44:41,632 MatchingPostProcessor WARNING  Orphan pdf_cell 191 recovered to col=3 by nearest-column fallback (row=7, x=801.6, dist=81.1)
2026-09-07 00:44:41,632 MatchingPostProcessor WARNING  Orphan pdf_cell 192 recovered to col=3 by nearest-column fallback (row=7, x=815.3, dist=67.5)
2026-09-07 00:44:41,632 MatchingPostProcessor WARNING  Orphan pdf_cell 193 recovered to col=3 by nearest-column fallback (row=7, x=828.7, dist=54.0)
2026-09-07 00:44:41,633 MatchingPostProcessor WARNING  Orphan pdf_cell 194 recovered to col=3 by nearest-column fallback (row=7, x=842.4, dist=40.3)
2026-09-07 00:44:41,633 MatchingPostProcessor WARNING  Orphan pdf_cell 195 recovered to col=3 by nearest-column fallback (row=7, x=856.1, dist=26.7)
2026-09-07 00:44:41,633 MatchingPostProcessor WARNING  Orphan pdf_cell 214 recovered to col=3 by nearest-column fallback (row=8, x=760.6, dist=122.2)
2026-09-07 00:44:41,633 MatchingPostProcessor WARNING  Orphan pdf_cell 215 recovered to col=3 by nearest-column fallback (row=8, x=774.2, dist=108.5)
2026-09-07 00:44:41,633 MatchingPostProcessor WARNING  Orphan pdf_cell 216 recovered to col=3 by nearest-column fallback (row=8, x=787.9, dist=94.8)
2026-09-07 00:44:41,633 MatchingPostProcessor WARNING  Orphan pdf_cell 217 recovered to col=3 by nearest-column fallback (row=8, x=801.6, dist=81.1)
2026-09-07 00:44:41,633 MatchingPostProcessor WARNING  Orphan pdf_cell 218 recovered to col=3 by nearest-column fallback (row=8, x=815.3, dist=67.5)
2026-09-07 00:44:41,633 MatchingPostProcessor WARNING  Orphan pdf_cell 219 recovered to col=3 by nearest-column fallback (row=8, x=828.7, dist=54.0)
2026-09-07 00:44:41,633 MatchingPostProcessor WARNING  Orphan pdf_cell 220 recovered to col=3 by nearest-column fallback (row=8, x=842.4, dist=40.3)
2026-09-07 00:44:41,633 MatchingPostProcessor WARNING  Orphan pdf_cell 221 recovered to col=3 by nearest-column fallback (row=8, x=856.1, dist=26.7)
2026-09-07 00:44:41,633 MatchingPostProcessor WARNING  Orphan pdf_cell 242 recovered to col=3 by nearest-column fallback (row=9, x=760.6, dist=122.2)
2026-09-07 00:44:41,633 MatchingPostProcessor WARNING  Orphan pdf_cell 243 recovered to col=3 by nearest-column fallback (row=9, x=774.2, dist=108.5)
2026-09-07 00:44:41,633 MatchingPostProcessor WARNING  Orphan pdf_cell 244 recovered to col=3 by nearest-column fallback (row=9, x=787.9, dist=94.8)
2026-09-07 00:44:41,633 MatchingPostProcessor WARNING  Orphan pdf_cell 245 recovered to col=3 by nearest-column fallback (row=9, x=801.6, dist=81.1)
2026-09-07 00:44:41,633 MatchingPostProcessor WARNING  Orphan pdf_cell 246 recovered to col=3 by nearest-column fallback (row=9, x=815.3, dist=67.5)
2026-09-07 00:44:41,633 MatchingPostProcessor WARNING  Orphan pdf_cell 247 recovered to col=3 by nearest-column fallback (row=9, x=828.7, dist=54.0)
2026-09-07 00:44:41,633 MatchingPostProcessor WARNING  Orphan pdf_cell 248 recovered to col=3 by nearest-column fallback (row=9, x=842.4, dist=40.3)
2026-09-07 00:44:41,633 MatchingPostProcessor WARNING  Orphan pdf_cell 249 recovered to col=3 by nearest-column fallback (row=9, x=856.1, dist=26.7)
2026-09-07 00:44:41,633 MatchingPostProcessor WARNING  Orphan pdf_cell 269 recovered to col=3 by nearest-column fallback (row=10, x=760.6, dist=122.2)
2026-09-07 00:44:41,633 MatchingPostProcessor WARNING  Orphan pdf_cell 270 recovered to col=3 by nearest-column fallback (row=10, x=774.2, dist=108.5)
2026-09-07 00:44:41,633 MatchingPostProcessor WARNING  Orphan pdf_cell 271 recovered to col=3 by nearest-column fallback (row=10, x=787.9, dist=94.8)
2026-09-07 00:44:41,633 MatchingPostProcessor WARNING  Orphan pdf_cell 272 recovered to col=3 by nearest-column fallback (row=10, x=801.6, dist=81.1)
2026-09-07 00:44:41,633 MatchingPostProcessor WARNING  Orphan pdf_cell 273 recovered to col=3 by nearest-column fallback (row=10, x=815.3, dist=67.5)
2026-09-07 00:44:41,633 MatchingPostProcessor WARNING  Orphan pdf_cell 274 recovered to col=3 by nearest-column fallback (row=10, x=828.7, dist=54.0)
2026-09-07 00:44:41,633 MatchingPostProcessor WARNING  Orphan pdf_cell 275 recovered to col=3 by nearest-column fallback (row=10, x=842.4, dist=40.3)
2026-09-07 00:44:41,633 MatchingPostProcessor WARNING  Orphan pdf_cell 276 recovered to col=3 by nearest-column fallback (row=10, x=856.1, dist=26.7)
2026-09-07 00:44:41,634 MatchingPostProcessor WARNING  Orphan pdf_cell 299 recovered to col=3 by nearest-column fallback (row=11, x=760.6, dist=122.2)
2026-09-07 00:44:41,634 MatchingPostProcessor WARNING  Orphan pdf_cell 300 recovered to col=3 by nearest-column fallback (row=11, x=774.2, dist=108.5)
2026-09-07 00:44:41,634 MatchingPostProcessor WARNING  Orphan pdf_cell 301 recovered to col=3 by nearest-column fallback (row=11, x=787.9, dist=94.8)
2026-09-07 00:44:41,634 MatchingPostProcessor WARNING  Orphan pdf_cell 302 recovered to col=3 by nearest-column fallback (row=11, x=801.6, dist=81.1)
2026-09-07 00:44:41,634 MatchingPostProcessor WARNING  Orphan pdf_cell 303 recovered to col=3 by nearest-column fallback (row=11, x=815.3, dist=67.5)
2026-09-07 00:44:41,634 MatchingPostProcessor WARNING  Orphan pdf_cell 304 recovered to col=3 by nearest-column fallback (row=11, x=828.7, dist=54.0)
2026-09-07 00:44:41,634 MatchingPostProcessor WARNING  Orphan pdf_cell 305 recovered to col=3 by nearest-column fallback (row=11, x=842.4, dist=40.3)
2026-09-07 00:44:41,634 MatchingPostProcessor WARNING  Orphan pdf_cell 306 recovered to col=3 by nearest-column fallback (row=11, x=856.1, dist=26.7)
2026-09-07 00:44:41,634 MatchingPostProcessor WARNING  Orphan pdf_cell 332 recovered to col=3 by nearest-column fallback (row=12, x=760.6, dist=122.2)
2026-09-07 00:44:41,634 MatchingPostProcessor WARNING  Orphan pdf_cell 333 recovered to col=3 by nearest-column fallback (row=12, x=774.2, dist=108.5)
2026-09-07 00:44:41,634 MatchingPostProcessor WARNING  Orphan pdf_cell 334 recovered to col=3 by nearest-column fallback (row=12, x=787.9, dist=94.8)
2026-09-07 00:44:41,634 MatchingPostProcessor WARNING  Orphan pdf_cell 335 recovered to col=3 by nearest-column fallback (row=12, x=801.6, dist=81.1)
2026-09-07 00:44:41,634 MatchingPostProcessor WARNING  Orphan pdf_cell 336 recovered to col=3 by nearest-column fallback (row=12, x=815.3, dist=67.5)
2026-09-07 00:44:41,634 MatchingPostProcessor WARNING  Orphan pdf_cell 337 recovered to col=3 by nearest-column fallback (row=12, x=828.7, dist=54.0)
2026-09-07 00:44:41,634 MatchingPostProcessor WARNING  Orphan pdf_cell 338 recovered to col=3 by nearest-column fallback (row=12, x=842.4, dist=40.3)
2026-09-07 00:44:41,634 MatchingPostProcessor WARNING  Orphan pdf_cell 339 recovered to col=3 by nearest-column fallback (row=12, x=856.1, dist=26.7)
2026-09-07 00:44:41,634 MatchingPostProcessor WARNING  Orphan pdf_cell 365 recovered to col=3 by nearest-column fallback (row=13, x=760.6, dist=122.2)
2026-09-07 00:44:41,634 MatchingPostProcessor WARNING  Orphan pdf_cell 366 recovered to col=3 by nearest-column fallback (row=13, x=774.2, dist=108.5)
2026-09-07 00:44:41,634 MatchingPostProcessor WARNING  Orphan pdf_cell 367 recovered to col=3 by nearest-column fallback (row=13, x=787.9, dist=94.8)
2026-09-07 00:44:41,634 MatchingPostProcessor WARNING  Orphan pdf_cell 368 recovered to col=3 by nearest-column fallback (row=13, x=801.6, dist=81.1)
2026-09-07 00:44:41,634 MatchingPostProcessor WARNING  Orphan pdf_cell 369 recovered to col=3 by nearest-column fallback (row=13, x=815.3, dist=67.5)
2026-09-07 00:44:41,634 MatchingPostProcessor WARNING  Orphan pdf_cell 370 recovered to col=3 by nearest-column fallback (row=13, x=828.7, dist=54.0)
2026-09-07 00:44:41,635 MatchingPostProcessor WARNING  Orphan pdf_cell 371 recovered to col=3 by nearest-column fallback (row=13, x=842.4, dist=40.3)
2026-09-07 00:44:41,635 MatchingPostProcessor WARNING  Orphan pdf_cell 372 recovered to col=3 by nearest-column fallback (row=13, x=856.1, dist=26.7)
2026-09-07 00:44:41,635 MatchingPostProcessor WARNING  Orphan pdf_cell 387 recovered to col=3 by nearest-column fallback (row=14, x=760.6, dist=122.2)
2026-09-07 00:44:41,635 MatchingPostProcessor WARNING  Orphan pdf_cell 388 recovered to col=3 by nearest-column fallback (row=14, x=774.2, dist=108.5)
2026-09-07 00:44:41,635 MatchingPostProcessor WARNING  Orphan pdf_cell 389 recovered to col=3 by nearest-column fallback (row=14, x=787.9, dist=94.8)
2026-09-07 00:44:41,635 MatchingPostProcessor WARNING  Orphan pdf_cell 390 recovered to col=3 by nearest-column fallback (row=14, x=801.6, dist=81.1)
2026-09-07 00:44:41,635 MatchingPostProcessor WARNING  Orphan pdf_cell 391 recovered to col=3 by nearest-column fallback (row=14, x=815.3, dist=67.5)
2026-09-07 00:44:41,635 MatchingPostProcessor WARNING  Orphan pdf_cell 392 recovered to col=3 by nearest-column fallback (row=14, x=828.7, dist=54.0)
2026-09-07 00:44:41,635 MatchingPostProcessor WARNING  Orphan pdf_cell 393 recovered to col=3 by nearest-column fallback (row=14, x=842.4, dist=40.3)
2026-09-07 00:44:41,635 MatchingPostProcessor WARNING  Orphan pdf_cell 394 recovered to col=3 by nearest-column fallback (row=14, x=856.1, dist=26.7)
2026-09-07 00:44:41,635 MatchingPostProcessor WARNING  Orphan pdf_cell 413 recovered to col=3 by nearest-column fallback (row=15, x=760.6, dist=122.2)
2026-09-07 00:44:41,635 MatchingPostProcessor WARNING  Orphan pdf_cell 414 recovered to col=3 by nearest-column fallback (row=15, x=774.2, dist=108.5)
2026-09-07 00:44:41,635 MatchingPostProcessor WARNING  Orphan pdf_cell 415 recovered to col=3 by nearest-column fallback (row=15, x=787.9, dist=94.8)
2026-09-07 00:44:41,635 MatchingPostProcessor WARNING  Orphan pdf_cell 416 recovered to col=3 by nearest-column fallback (row=15, x=801.6, dist=81.1)
2026-09-07 00:44:41,635 MatchingPostProcessor WARNING  Orphan pdf_cell 417 recovered to col=3 by nearest-column fallback (row=15, x=815.3, dist=67.5)
2026-09-07 00:44:41,635 MatchingPostProcessor WARNING  Orphan pdf_cell 418 recovered to col=3 by nearest-column fallback (row=15, x=828.7, dist=54.0)
2026-09-07 00:44:41,635 MatchingPostProcessor WARNING  Orphan pdf_cell 419 recovered to col=3 by nearest-column fallback (row=15, x=842.4, dist=40.3)
2026-09-07 00:44:41,635 MatchingPostProcessor WARNING  Orphan pdf_cell 420 recovered to col=3 by nearest-column fallback (row=15, x=856.1, dist=26.7)
2026-09-07 00:44:41,635 MatchingPostProcessor WARNING  Orphan pdf_cell 433 recovered to col=3 by nearest-column fallback (row=16, x=760.6, dist=122.2)
2026-09-07 00:44:41,635 MatchingPostProcessor WARNING  Orphan pdf_cell 434 recovered to col=3 by nearest-column fallback (row=16, x=774.3, dist=108.5)
2026-09-07 00:44:41,635 MatchingPostProcessor WARNING  Orphan pdf_cell 435 recovered to col=3 by nearest-column fallback (row=16, x=787.9, dist=94.8)
2026-09-07 00:44:41,635 MatchingPostProcessor WARNING  Orphan pdf_cell 436 recovered to col=3 by nearest-column fallback (row=16, x=801.6, dist=81.1)
2026-09-07 00:44:41,635 MatchingPostProcessor WARNING  Orphan pdf_cell 437 recovered to col=3 by nearest-column fallback (row=16, x=815.3, dist=67.5)
2026-09-07 00:44:41,635 MatchingPostProcessor WARNING  Orphan pdf_cell 438 recovered to col=3 by nearest-column fallback (row=16, x=828.7, dist=54.0)
2026-09-07 00:44:41,635 MatchingPostProcessor WARNING  Orphan pdf_cell 439 recovered to col=3 by nearest-column fallback (row=16, x=842.4, dist=40.3)
2026-09-07 00:44:41,635 MatchingPostProcessor WARNING  Orphan pdf_cell 440 recovered to col=3 by nearest-column fallback (row=16, x=856.1, dist=26.7)
2026-09-07 00:44:41,635 MatchingPostProcessor WARNING  Orphan pdf_cell 454 recovered to col=3 by nearest-column fallback (row=17, x=760.6, dist=122.2)
2026-09-07 00:44:41,635 MatchingPostProcessor WARNING  Orphan pdf_cell 455 recovered to col=3 by nearest-column fallback (row=17, x=774.3, dist=108.5)
2026-09-07 00:44:41,635 MatchingPostProcessor WARNING  Orphan pdf_cell 456 recovered to col=3 by nearest-column fallback (row=17, x=787.9, dist=94.8)
2026-09-07 00:44:41,635 MatchingPostProcessor WARNING  Orphan pdf_cell 457 recovered to col=3 by nearest-column fallback (row=17, x=801.6, dist=81.1)
2026-09-07 00:44:41,635 MatchingPostProcessor WARNING  Orphan pdf_cell 458 recovered to col=3 by nearest-column fallback (row=17, x=815.3, dist=67.5)
2026-09-07 00:44:41,635 MatchingPostProcessor WARNING  Orphan pdf_cell 459 recovered to col=3 by nearest-column fallback (row=17, x=828.7, dist=54.0)
2026-09-07 00:44:41,636 MatchingPostProcessor WARNING  Orphan pdf_cell 460 recovered to col=3 by nearest-column fallback (row=17, x=842.4, dist=40.3)
2026-09-07 00:44:41,636 MatchingPostProcessor WARNING  Orphan pdf_cell 461 recovered to col=3 by nearest-column fallback (row=17, x=856.1, dist=26.7)
2026-09-07 00:44:41,636 MatchingPostProcessor WARNING  Orphan pdf_cell 470 recovered to col=3 by nearest-column fallback (row=18, x=760.6, dist=122.2)
2026-09-07 00:44:41,636 MatchingPostProcessor WARNING  Orphan pdf_cell 471 recovered to col=3 by nearest-column fallback (row=18, x=774.3, dist=108.5)
2026-09-07 00:44:41,636 MatchingPostProcessor WARNING  Orphan pdf_cell 472 recovered to col=3 by nearest-column fallback (row=18, x=787.9, dist=94.8)
2026-09-07 00:44:41,636 MatchingPostProcessor WARNING  Orphan pdf_cell 473 recovered to col=3 by nearest-column fallback (row=18, x=801.6, dist=81.1)
2026-09-07 00:44:41,636 MatchingPostProcessor WARNING  Orphan pdf_cell 474 recovered to col=3 by nearest-column fallback (row=18, x=815.3, dist=67.5)
2026-09-07 00:44:41,636 MatchingPostProcessor WARNING  Orphan pdf_cell 475 recovered to col=3 by nearest-column fallback (row=18, x=828.7, dist=54.0)
2026-09-07 00:44:41,636 MatchingPostProcessor WARNING  Orphan pdf_cell 476 recovered to col=3 by nearest-column fallback (row=18, x=842.4, dist=40.3)
2026-09-07 00:44:41,636 MatchingPostProcessor WARNING  Orphan pdf_cell 477 recovered to col=3 by nearest-column fallback (row=18, x=856.1, dist=26.7)
2026-09-07 00:44:41,636 MatchingPostProcessor WARNING  Orphan pdf_cell 496 recovered to col=3 by nearest-column fallback (row=19, x=760.6, dist=122.2)
2026-09-07 00:44:41,636 MatchingPostProcessor WARNING  Orphan pdf_cell 497 recovered to col=3 by nearest-column fallback (row=19, x=774.3, dist=108.5)
2026-09-07 00:44:41,636 MatchingPostProcessor WARNING  Orphan pdf_cell 498 recovered to col=3 by nearest-column fallback (row=19, x=787.9, dist=94.8)
2026-09-07 00:44:41,636 MatchingPostProcessor WARNING  Orphan pdf_cell 499 recovered to col=3 by nearest-column fallback (row=19, x=801.6, dist=81.1)
2026-09-07 00:44:41,636 MatchingPostProcessor WARNING  Orphan pdf_cell 500 recovered to col=3 by nearest-column fallback (row=19, x=815.3, dist=67.5)
2026-09-07 00:44:41,636 MatchingPostProcessor WARNING  Orphan pdf_cell 501 recovered to col=3 by nearest-column fallback (row=19, x=828.7, dist=54.0)
2026-09-07 00:44:41,636 MatchingPostProcessor WARNING  Orphan pdf_cell 502 recovered to col=3 by nearest-column fallback (row=19, x=842.4, dist=40.3)
2026-09-07 00:44:41,636 MatchingPostProcessor WARNING  Orphan pdf_cell 503 recovered to col=3 by nearest-column fallback (row=19, x=856.1, dist=26.7)
2026-09-07 00:44:41,636 MatchingPostProcessor WARNING  Orphan pdf_cell 530 recovered to col=3 by nearest-column fallback (row=21, x=760.6, dist=122.2)
2026-09-07 00:44:41,636 MatchingPostProcessor WARNING  Orphan pdf_cell 531 recovered to col=3 by nearest-column fallback (row=21, x=774.3, dist=108.5)
2026-09-07 00:44:41,636 MatchingPostProcessor WARNING  Orphan pdf_cell 532 recovered to col=3 by nearest-column fallback (row=21, x=787.9, dist=94.8)
2026-09-07 00:44:41,636 MatchingPostProcessor WARNING  Orphan pdf_cell 533 recovered to col=3 by nearest-column fallback (row=21, x=801.6, dist=81.1)
2026-09-07 00:44:41,636 MatchingPostProcessor WARNING  Orphan pdf_cell 534 recovered to col=3 by nearest-column fallback (row=21, x=815.3, dist=67.5)
2026-09-07 00:44:41,636 MatchingPostProcessor WARNING  Orphan pdf_cell 535 recovered to col=3 by nearest-column fallback (row=21, x=828.7, dist=54.0)
2026-09-07 00:44:41,636 MatchingPostProcessor WARNING  Orphan pdf_cell 536 recovered to col=3 by nearest-column fallback (row=21, x=842.4, dist=40.3)
2026-09-07 00:44:41,636 MatchingPostProcessor WARNING  Orphan pdf_cell 537 recovered to col=3 by nearest-column fallback (row=21, x=856.1, dist=26.7)
2026-09-07 00:44:41,637 MatchingPostProcessor WARNING  Orphan pdf_cell 562 recovered to col=3 by nearest-column fallback (row=22, x=760.6, dist=122.2)
2026-09-07 00:44:41,637 MatchingPostProcessor WARNING  Orphan pdf_cell 563 recovered to col=3 by nearest-column fallback (row=22, x=774.3, dist=108.5)
2026-09-07 00:44:41,637 MatchingPostProcessor WARNING  Orphan pdf_cell 564 recovered to col=3 by nearest-column fallback (row=22, x=787.9, dist=94.8)
2026-09-07 00:44:41,637 MatchingPostProcessor WARNING  Orphan pdf_cell 565 recovered to col=3 by nearest-column fallback (row=22, x=801.6, dist=81.1)
2026-09-07 00:44:41,637 MatchingPostProcessor WARNING  Orphan pdf_cell 566 recovered to col=3 by nearest-column fallback (row=22, x=815.3, dist=67.5)
2026-09-07 00:44:41,637 MatchingPostProcessor WARNING  Orphan pdf_cell 567 recovered to col=3 by nearest-column fallback (row=22, x=828.7, dist=54.0)
2026-09-07 00:44:41,637 MatchingPostProcessor WARNING  Orphan pdf_cell 568 recovered to col=3 by nearest-column fallback (row=22, x=842.4, dist=40.3)
2026-09-07 00:44:41,637 MatchingPostProcessor WARNING  Orphan pdf_cell 569 recovered to col=3 by nearest-column fallback (row=22, x=856.1, dist=26.7)
2026-09-07 00:44:41,637 MatchingPostProcessor WARNING  Orphan pdf_cell 580 recovered to col=3 by nearest-column fallback (row=23, x=760.6, dist=122.2)
2026-09-07 00:44:41,637 MatchingPostProcessor WARNING  Orphan pdf_cell 581 recovered to col=3 by nearest-column fallback (row=23, x=774.3, dist=108.5)
2026-09-07 00:44:41,637 MatchingPostProcessor WARNING  Orphan pdf_cell 582 recovered to col=3 by nearest-column fallback (row=23, x=787.9, dist=94.8)
2026-09-07 00:44:41,637 MatchingPostProcessor WARNING  Orphan pdf_cell 583 recovered to col=3 by nearest-column fallback (row=23, x=801.6, dist=81.1)
2026-09-07 00:44:41,637 MatchingPostProcessor WARNING  Orphan pdf_cell 584 recovered to col=3 by nearest-column fallback (row=23, x=815.3, dist=67.5)
2026-09-07 00:44:41,637 MatchingPostProcessor WARNING  Orphan pdf_cell 585 recovered to col=3 by nearest-column fallback (row=23, x=828.7, dist=54.0)
2026-09-07 00:44:41,637 MatchingPostProcessor WARNING  Orphan pdf_cell 586 recovered to col=3 by nearest-column fallback (row=23, x=842.4, dist=40.3)
2026-09-07 00:44:41,637 MatchingPostProcessor WARNING  Orphan pdf_cell 587 recovered to col=3 by nearest-column fallback (row=23, x=856.1, dist=26.7)
2026-09-07 00:44:41,637 MatchingPostProcessor WARNING  Orphan pdf_cell 604 recovered to col=3 by nearest-column fallback (row=24, x=760.6, dist=122.2)
2026-09-07 00:44:41,637 MatchingPostProcessor WARNING  Orphan pdf_cell 605 recovered to col=3 by nearest-column fallback (row=24, x=774.3, dist=108.5)
2026-09-07 00:44:41,637 MatchingPostProcessor WARNING  Orphan pdf_cell 606 recovered to col=3 by nearest-column fallback (row=24, x=787.9, dist=94.8)
2026-09-07 00:44:41,637 MatchingPostProcessor WARNING  Orphan pdf_cell 607 recovered to col=3 by nearest-column fallback (row=24, x=801.6, dist=81.1)
2026-09-07 00:44:41,637 MatchingPostProcessor WARNING  Orphan pdf_cell 608 recovered to col=3 by nearest-column fallback (row=24, x=815.3, dist=67.5)
2026-09-07 00:44:41,637 MatchingPostProcessor WARNING  Orphan pdf_cell 609 recovered to col=3 by nearest-column fallback (row=24, x=828.7, dist=54.0)
2026-09-07 00:44:41,637 MatchingPostProcessor WARNING  Orphan pdf_cell 610 recovered to col=3 by nearest-column fallback (row=24, x=842.4, dist=40.3)
2026-09-07 00:44:41,637 MatchingPostProcessor WARNING  Orphan pdf_cell 611 recovered to col=3 by nearest-column fallback (row=24, x=856.1, dist=26.7)
2026-09-07 00:44:41,637 MatchingPostProcessor WARNING  Orphan pdf_cell 629 recovered to col=3 by nearest-column fallback (row=25, x=760.6, dist=122.2)
2026-09-07 00:44:41,637 MatchingPostProcessor WARNING  Orphan pdf_cell 630 recovered to col=3 by nearest-column fallback (row=25, x=774.3, dist=108.5)
2026-09-07 00:44:41,637 MatchingPostProcessor WARNING  Orphan pdf_cell 631 recovered to col=3 by nearest-column fallback (row=25, x=787.9, dist=94.8)
2026-09-07 00:44:41,637 MatchingPostProcessor WARNING  Orphan pdf_cell 632 recovered to col=3 by nearest-column fallback (row=25, x=801.6, dist=81.1)
2026-09-07 00:44:41,638 MatchingPostProcessor WARNING  Orphan pdf_cell 633 recovered to col=3 by nearest-column fallback (row=25, x=815.3, dist=67.5)
2026-09-07 00:44:41,638 MatchingPostProcessor WARNING  Orphan pdf_cell 634 recovered to col=3 by nearest-column fallback (row=25, x=828.7, dist=54.0)
2026-09-07 00:44:41,638 MatchingPostProcessor WARNING  Orphan pdf_cell 635 recovered to col=3 by nearest-column fallback (row=25, x=842.4, dist=40.3)
2026-09-07 00:44:41,638 MatchingPostProcessor WARNING  Orphan pdf_cell 636 recovered to col=3 by nearest-column fallback (row=25, x=856.1, dist=26.7)
2026-09-07 00:44:41,638 MatchingPostProcessor WARNING  Orphan pdf_cell 660 recovered to col=3 by nearest-column fallback (row=26, x=760.6, dist=122.2)
2026-09-07 00:44:41,638 MatchingPostProcessor WARNING  Orphan pdf_cell 661 recovered to col=3 by nearest-column fallback (row=26, x=774.3, dist=108.5)
2026-09-07 00:44:41,638 MatchingPostProcessor WARNING  Orphan pdf_cell 662 recovered to col=3 by nearest-column fallback (row=26, x=787.9, dist=94.8)
2026-09-07 00:44:41,638 MatchingPostProcessor WARNING  Orphan pdf_cell 663 recovered to col=3 by nearest-column fallback (row=26, x=801.6, dist=81.1)
2026-09-07 00:44:41,638 MatchingPostProcessor WARNING  Orphan pdf_cell 664 recovered to col=3 by nearest-column fallback (row=26, x=815.3, dist=67.5)
2026-09-07 00:44:41,638 MatchingPostProcessor WARNING  Orphan pdf_cell 665 recovered to col=3 by nearest-column fallback (row=26, x=828.7, dist=54.0)
2026-09-07 00:44:41,638 MatchingPostProcessor WARNING  Orphan pdf_cell 666 recovered to col=3 by nearest-column fallback (row=26, x=842.4, dist=40.3)
2026-09-07 00:44:41,638 MatchingPostProcessor WARNING  Orphan pdf_cell 667 recovered to col=3 by nearest-column fallback (row=26, x=856.1, dist=26.7)
2026-09-07 00:44:41,638 MatchingPostProcessor WARNING  Orphan pdf_cell 691 recovered to col=3 by nearest-column fallback (row=27, x=760.6, dist=122.2)
2026-09-07 00:44:41,638 MatchingPostProcessor WARNING  Orphan pdf_cell 692 recovered to col=3 by nearest-column fallback (row=27, x=774.3, dist=108.5)
2026-09-07 00:44:41,638 MatchingPostProcessor WARNING  Orphan pdf_cell 693 recovered to col=3 by nearest-column fallback (row=27, x=787.9, dist=94.8)
2026-09-07 00:44:41,638 MatchingPostProcessor WARNING  Orphan pdf_cell 694 recovered to col=3 by nearest-column fallback (row=27, x=801.6, dist=81.1)
2026-09-07 00:44:41,638 MatchingPostProcessor WARNING  Orphan pdf_cell 695 recovered to col=3 by nearest-column fallback (row=27, x=815.3, dist=67.5)
2026-09-07 00:44:41,638 MatchingPostProcessor WARNING  Orphan pdf_cell 696 recovered to col=3 by nearest-column fallback (row=27, x=828.7, dist=54.0)
2026-09-07 00:44:41,638 MatchingPostProcessor WARNING  Orphan pdf_cell 697 recovered to col=3 by nearest-column fallback (row=27, x=842.4, dist=40.3)
2026-09-07 00:44:41,638 MatchingPostProcessor WARNING  Orphan pdf_cell 698 recovered to col=3 by nearest-column fallback (row=27, x=856.1, dist=26.7)
2026-09-07 00:44:41,639 MatchingPostProcessor WARNING  Orphan pdf_cell 721 recovered to col=3 by nearest-column fallback (row=28, x=760.6, dist=122.2)
2026-09-07 00:44:41,639 MatchingPostProcessor WARNING  Orphan pdf_cell 722 recovered to col=3 by nearest-column fallback (row=28, x=774.3, dist=108.5)
2026-09-07 00:44:41,639 MatchingPostProcessor WARNING  Orphan pdf_cell 723 recovered to col=3 by nearest-column fallback (row=28, x=787.9, dist=94.8)
2026-09-07 00:44:41,639 MatchingPostProcessor WARNING  Orphan pdf_cell 724 recovered to col=3 by nearest-column fallback (row=28, x=801.6, dist=81.1)
2026-09-07 00:44:41,639 MatchingPostProcessor WARNING  Orphan pdf_cell 725 recovered to col=3 by nearest-column fallback (row=28, x=815.3, dist=67.5)
2026-09-07 00:44:41,639 MatchingPostProcessor WARNING  Orphan pdf_cell 726 recovered to col=3 by nearest-column fallback (row=28, x=828.7, dist=54.0)
2026-09-07 00:44:41,639 MatchingPostProcessor WARNING  Orphan pdf_cell 727 recovered to col=3 by nearest-column fallback (row=28, x=842.4, dist=40.3)
2026-09-07 00:44:41,639 MatchingPostProcessor WARNING  Orphan pdf_cell 728 recovered to col=3 by nearest-column fallback (row=28, x=856.1, dist=26.7)
2026-09-07 00:44:41,639 MatchingPostProcessor WARNING  Orphan pdf_cell 751 recovered to col=3 by nearest-column fallback (row=29, x=760.6, dist=122.2)
2026-09-07 00:44:41,639 MatchingPostProcessor WARNING  Orphan pdf_cell 752 recovered to col=3 by nearest-column fallback (row=29, x=774.3, dist=108.5)
2026-09-07 00:44:41,639 MatchingPostProcessor WARNING  Orphan pdf_cell 753 recovered to col=3 by nearest-column fallback (row=29, x=787.9, dist=94.8)
2026-09-07 00:44:41,639 MatchingPostProcessor WARNING  Orphan pdf_cell 754 recovered to col=3 by nearest-column fallback (row=29, x=801.6, dist=81.1)
2026-09-07 00:44:41,639 MatchingPostProcessor WARNING  Orphan pdf_cell 755 recovered to col=3 by nearest-column fallback (row=29, x=815.3, dist=67.5)
2026-09-07 00:44:41,639 MatchingPostProcessor WARNING  Orphan pdf_cell 756 recovered to col=3 by nearest-column fallback (row=29, x=828.7, dist=54.0)
2026-09-07 00:44:41,639 MatchingPostProcessor WARNING  Orphan pdf_cell 757 recovered to col=3 by nearest-column fallback (row=29, x=842.4, dist=40.3)
2026-09-07 00:44:41,639 MatchingPostProcessor WARNING  Orphan pdf_cell 758 recovered to col=3 by nearest-column fallback (row=29, x=856.1, dist=26.7)
2026-09-07 00:44:41,639 MatchingPostProcessor WARNING  Orphan pdf_cell 776 recovered to col=3 by nearest-column fallback (row=30, x=760.6, dist=122.2)
2026-09-07 00:44:41,639 MatchingPostProcessor WARNING  Orphan pdf_cell 777 recovered to col=3 by nearest-column fallback (row=30, x=774.3, dist=108.5)
2026-09-07 00:44:41,639 MatchingPostProcessor WARNING  Orphan pdf_cell 778 recovered to col=3 by nearest-column fallback (row=30, x=787.9, dist=94.8)
2026-09-07 00:44:41,639 MatchingPostProcessor WARNING  Orphan pdf_cell 779 recovered to col=3 by nearest-column fallback (row=30, x=801.6, dist=81.1)
2026-09-07 00:44:41,639 MatchingPostProcessor WARNING  Orphan pdf_cell 780 recovered to col=3 by nearest-column fallback (row=30, x=815.3, dist=67.5)
2026-09-07 00:44:41,639 MatchingPostProcessor WARNING  Orphan pdf_cell 781 recovered to col=3 by nearest-column fallback (row=30, x=828.7, dist=54.0)
2026-09-07 00:44:41,639 MatchingPostProcessor WARNING  Orphan pdf_cell 782 recovered to col=3 by nearest-column fallback (row=30, x=842.4, dist=40.3)
2026-09-07 00:44:41,639 MatchingPostProcessor WARNING  Orphan pdf_cell 783 recovered to col=3 by nearest-column fallback (row=30, x=856.1, dist=26.7)
2026-09-07 00:44:41,640 MatchingPostProcessor WARNING  Orphan pdf_cell 807 recovered to col=3 by nearest-column fallback (row=31, x=760.6, dist=122.2)
2026-09-07 00:44:41,640 MatchingPostProcessor WARNING  Orphan pdf_cell 808 recovered to col=3 by nearest-column fallback (row=31, x=774.3, dist=108.5)
2026-09-07 00:44:41,640 MatchingPostProcessor WARNING  Orphan pdf_cell 809 recovered to col=3 by nearest-column fallback (row=31, x=787.9, dist=94.8)
2026-09-07 00:44:41,640 MatchingPostProcessor WARNING  Orphan pdf_cell 810 recovered to col=3 by nearest-column fallback (row=31, x=801.6, dist=81.1)
2026-09-07 00:44:41,640 MatchingPostProcessor WARNING  Orphan pdf_cell 811 recovered to col=3 by nearest-column fallback (row=31, x=815.3, dist=67.5)
2026-09-07 00:44:41,640 MatchingPostProcessor WARNING  Orphan pdf_cell 812 recovered to col=3 by nearest-column fallback (row=31, x=828.7, dist=54.0)
2026-09-07 00:44:41,640 MatchingPostProcessor WARNING  Orphan pdf_cell 813 recovered to col=3 by nearest-column fallback (row=31, x=842.4, dist=40.3)
2026-09-07 00:44:41,640 MatchingPostProcessor WARNING  Orphan pdf_cell 814 recovered to col=3 by nearest-column fallback (row=31, x=856.1, dist=26.7)
2026-09-07 00:44:43,052 MatchingPostProcessor WARNING  Orphan pdf_cell 21 recovered to col=3 by nearest-column fallback (row=0, x=543.8, dist=159.7)
2026-09-07 00:44:43,052 MatchingPostProcessor WARNING  Orphan pdf_cell 22 recovered to col=3 by nearest-column fallback (row=0, x=557.5, dist=146.0)
2026-09-07 00:44:43,052 MatchingPostProcessor WARNING  Orphan pdf_cell 23 recovered to col=3 by nearest-column fallback (row=0, x=571.2, dist=132.3)
2026-09-07 00:44:43,052 MatchingPostProcessor WARNING  Orphan pdf_cell 24 recovered to col=3 by nearest-column fallback (row=0, x=584.9, dist=118.6)
2026-09-07 00:44:43,052 MatchingPostProcessor WARNING  Orphan pdf_cell 25 recovered to col=3 by nearest-column fallback (row=0, x=598.6, dist=104.9)
2026-09-07 00:44:43,052 MatchingPostProcessor WARNING  Orphan pdf_cell 26 recovered to col=3 by nearest-column fallback (row=0, x=612.2, dist=91.3)
2026-09-07 00:44:43,052 MatchingPostProcessor WARNING  Orphan pdf_cell 27 recovered to col=3 by nearest-column fallback (row=0, x=625.7, dist=77.8)
2026-09-07 00:44:43,052 MatchingPostProcessor WARNING  Orphan pdf_cell 28 recovered to col=3 by nearest-column fallback (row=0, x=639.4, dist=64.1)
2026-09-07 00:44:43,052 MatchingPostProcessor WARNING  Orphan pdf_cell 29 recovered to col=3 by nearest-column fallback (row=0, x=653.0, dist=50.5)
2026-09-07 00:44:43,052 MatchingPostProcessor WARNING  Orphan pdf_cell 30 recovered to col=3 by nearest-column fallback (row=0, x=666.7, dist=36.8)
2026-09-07 00:44:43,052 MatchingPostProcessor WARNING  Orphan pdf_cell 31 recovered to col=3 by nearest-column fallback (row=0, x=680.4, dist=23.1)
2026-09-07 00:44:43,053 MatchingPostProcessor WARNING  Orphan pdf_cell 49 recovered to col=3 by nearest-column fallback (row=1, x=543.8, dist=159.7)
2026-09-07 00:44:43,053 MatchingPostProcessor WARNING  Orphan pdf_cell 50 recovered to col=3 by nearest-column fallback (row=1, x=557.5, dist=146.0)
2026-09-07 00:44:43,053 MatchingPostProcessor WARNING  Orphan pdf_cell 51 recovered to col=3 by nearest-column fallback (row=1, x=571.2, dist=132.3)
2026-09-07 00:44:43,053 MatchingPostProcessor WARNING  Orphan pdf_cell 52 recovered to col=3 by nearest-column fallback (row=1, x=584.9, dist=118.6)
2026-09-07 00:44:43,053 MatchingPostProcessor WARNING  Orphan pdf_cell 53 recovered to col=3 by nearest-column fallback (row=1, x=598.6, dist=104.9)
2026-09-07 00:44:43,053 MatchingPostProcessor WARNING  Orphan pdf_cell 54 recovered to col=3 by nearest-column fallback (row=1, x=612.2, dist=91.3)
2026-09-07 00:44:43,053 MatchingPostProcessor WARNING  Orphan pdf_cell 55 recovered to col=3 by nearest-column fallback (row=1, x=625.7, dist=77.8)
2026-09-07 00:44:43,053 MatchingPostProcessor WARNING  Orphan pdf_cell 56 recovered to col=3 by nearest-column fallback (row=1, x=639.4, dist=64.1)
2026-09-07 00:44:43,053 MatchingPostProcessor WARNING  Orphan pdf_cell 57 recovered to col=3 by nearest-column fallback (row=1, x=653.0, dist=50.5)
2026-09-07 00:44:43,053 MatchingPostProcessor WARNING  Orphan pdf_cell 58 recovered to col=3 by nearest-column fallback (row=1, x=666.7, dist=36.8)
2026-09-07 00:44:43,053 MatchingPostProcessor WARNING  Orphan pdf_cell 59 recovered to col=3 by nearest-column fallback (row=1, x=680.4, dist=23.1)
2026-09-07 00:44:43,053 MatchingPostProcessor WARNING  Orphan pdf_cell 68 recovered to col=3 by nearest-column fallback (row=2, x=543.8, dist=159.7)
2026-09-07 00:44:43,053 MatchingPostProcessor WARNING  Orphan pdf_cell 69 recovered to col=3 by nearest-column fallback (row=2, x=557.5, dist=146.0)
2026-09-07 00:44:43,053 MatchingPostProcessor WARNING  Orphan pdf_cell 70 recovered to col=3 by nearest-column fallback (row=2, x=571.2, dist=132.3)
2026-09-07 00:44:43,053 MatchingPostProcessor WARNING  Orphan pdf_cell 71 recovered to col=3 by nearest-column fallback (row=2, x=584.9, dist=118.6)
2026-09-07 00:44:43,053 MatchingPostProcessor WARNING  Orphan pdf_cell 72 recovered to col=3 by nearest-column fallback (row=2, x=598.6, dist=104.9)
2026-09-07 00:44:43,053 MatchingPostProcessor WARNING  Orphan pdf_cell 73 recovered to col=3 by nearest-column fallback (row=2, x=612.2, dist=91.3)
2026-09-07 00:44:43,053 MatchingPostProcessor WARNING  Orphan pdf_cell 74 recovered to col=3 by nearest-column fallback (row=2, x=625.7, dist=77.8)
2026-09-07 00:44:43,053 MatchingPostProcessor WARNING  Orphan pdf_cell 75 recovered to col=3 by nearest-column fallback (row=2, x=639.4, dist=64.1)
2026-09-07 00:44:43,053 MatchingPostProcessor WARNING  Orphan pdf_cell 76 recovered to col=3 by nearest-column fallback (row=2, x=653.0, dist=50.5)
2026-09-07 00:44:43,053 MatchingPostProcessor WARNING  Orphan pdf_cell 77 recovered to col=3 by nearest-column fallback (row=2, x=666.7, dist=36.8)
2026-09-07 00:44:43,053 MatchingPostProcessor WARNING  Orphan pdf_cell 78 recovered to col=3 by nearest-column fallback (row=2, x=680.4, dist=23.1)
2026-09-07 00:44:43,053 MatchingPostProcessor WARNING  Orphan pdf_cell 97 recovered to col=3 by nearest-column fallback (row=3, x=543.8, dist=159.7)
2026-09-07 00:44:43,053 MatchingPostProcessor WARNING  Orphan pdf_cell 98 recovered to col=3 by nearest-column fallback (row=3, x=557.5, dist=146.0)
2026-09-07 00:44:43,053 MatchingPostProcessor WARNING  Orphan pdf_cell 99 recovered to col=3 by nearest-column fallback (row=3, x=571.2, dist=132.3)
2026-09-07 00:44:43,053 MatchingPostProcessor WARNING  Orphan pdf_cell 100 recovered to col=3 by nearest-column fallback (row=3, x=584.9, dist=118.6)
2026-09-07 00:44:43,053 MatchingPostProcessor WARNING  Orphan pdf_cell 101 recovered to col=3 by nearest-column fallback (row=3, x=598.6, dist=104.9)
2026-09-07 00:44:43,053 MatchingPostProcessor WARNING  Orphan pdf_cell 102 recovered to col=3 by nearest-column fallback (row=3, x=612.2, dist=91.3)
2026-09-07 00:44:43,053 MatchingPostProcessor WARNING  Orphan pdf_cell 103 recovered to col=3 by nearest-column fallback (row=3, x=625.7, dist=77.8)
2026-09-07 00:44:43,053 MatchingPostProcessor WARNING  Orphan pdf_cell 104 recovered to col=3 by nearest-column fallback (row=3, x=639.4, dist=64.1)
2026-09-07 00:44:43,053 MatchingPostProcessor WARNING  Orphan pdf_cell 105 recovered to col=3 by nearest-column fallback (row=3, x=653.0, dist=50.5)
2026-09-07 00:44:43,053 MatchingPostProcessor WARNING  Orphan pdf_cell 106 recovered to col=3 by nearest-column fallback (row=3, x=666.7, dist=36.8)
2026-09-07 00:44:43,053 MatchingPostProcessor WARNING  Orphan pdf_cell 107 recovered to col=3 by nearest-column fallback (row=3, x=680.4, dist=23.1)
2026-09-07 00:44:43,053 MatchingPostProcessor WARNING  Orphan pdf_cell 128 recovered to col=3 by nearest-column fallback (row=4, x=543.8, dist=159.7)
2026-09-07 00:44:43,053 MatchingPostProcessor WARNING  Orphan pdf_cell 129 recovered to col=3 by nearest-column fallback (row=4, x=557.5, dist=146.0)
2026-09-07 00:44:43,053 MatchingPostProcessor WARNING  Orphan pdf_cell 130 recovered to col=3 by nearest-column fallback (row=4, x=571.2, dist=132.3)
2026-09-07 00:44:43,054 MatchingPostProcessor WARNING  Orphan pdf_cell 131 recovered to col=3 by nearest-column fallback (row=4, x=584.9, dist=118.6)
2026-09-07 00:44:43,054 MatchingPostProcessor WARNING  Orphan pdf_cell 132 recovered to col=3 by nearest-column fallback (row=4, x=598.6, dist=104.9)
2026-09-07 00:44:43,054 MatchingPostProcessor WARNING  Orphan pdf_cell 133 recovered to col=3 by nearest-column fallback (row=4, x=612.2, dist=91.3)
2026-09-07 00:44:43,054 MatchingPostProcessor WARNING  Orphan pdf_cell 134 recovered to col=3 by nearest-column fallback (row=4, x=625.7, dist=77.8)
2026-09-07 00:44:43,054 MatchingPostProcessor WARNING  Orphan pdf_cell 135 recovered to col=3 by nearest-column fallback (row=4, x=639.4, dist=64.1)
2026-09-07 00:44:43,054 MatchingPostProcessor WARNING  Orphan pdf_cell 136 recovered to col=3 by nearest-column fallback (row=4, x=653.0, dist=50.5)
2026-09-07 00:44:43,054 MatchingPostProcessor WARNING  Orphan pdf_cell 137 recovered to col=3 by nearest-column fallback (row=4, x=666.7, dist=36.8)
2026-09-07 00:44:43,054 MatchingPostProcessor WARNING  Orphan pdf_cell 138 recovered to col=3 by nearest-column fallback (row=4, x=680.4, dist=23.1)
2026-09-07 00:44:43,054 MatchingPostProcessor WARNING  Orphan pdf_cell 156 recovered to col=3 by nearest-column fallback (row=5, x=543.8, dist=159.7)
2026-09-07 00:44:43,054 MatchingPostProcessor WARNING  Orphan pdf_cell 157 recovered to col=3 by nearest-column fallback (row=5, x=557.5, dist=146.0)
2026-09-07 00:44:43,054 MatchingPostProcessor WARNING  Orphan pdf_cell 158 recovered to col=3 by nearest-column fallback (row=5, x=571.2, dist=132.3)
2026-09-07 00:44:43,054 MatchingPostProcessor WARNING  Orphan pdf_cell 159 recovered to col=3 by nearest-column fallback (row=5, x=584.9, dist=118.6)
2026-09-07 00:44:43,054 MatchingPostProcessor WARNING  Orphan pdf_cell 160 recovered to col=3 by nearest-column fallback (row=5, x=598.6, dist=104.9)
2026-09-07 00:44:43,054 MatchingPostProcessor WARNING  Orphan pdf_cell 161 recovered to col=3 by nearest-column fallback (row=5, x=612.2, dist=91.3)
2026-09-07 00:44:43,054 MatchingPostProcessor WARNING  Orphan pdf_cell 162 recovered to col=3 by nearest-column fallback (row=5, x=625.7, dist=77.8)
2026-09-07 00:44:43,054 MatchingPostProcessor WARNING  Orphan pdf_cell 163 recovered to col=3 by nearest-column fallback (row=5, x=639.4, dist=64.1)
2026-09-07 00:44:43,054 MatchingPostProcessor WARNING  Orphan pdf_cell 164 recovered to col=3 by nearest-column fallback (row=5, x=653.0, dist=50.5)
2026-09-07 00:44:43,054 MatchingPostProcessor WARNING  Orphan pdf_cell 165 recovered to col=3 by nearest-column fallback (row=5, x=666.7, dist=36.8)
2026-09-07 00:44:43,054 MatchingPostProcessor WARNING  Orphan pdf_cell 166 recovered to col=3 by nearest-column fallback (row=5, x=680.4, dist=23.1)
2026-09-07 00:44:43,054 MatchingPostProcessor WARNING  Orphan pdf_cell 177 recovered to col=3 by nearest-column fallback (row=6, x=543.8, dist=159.7)
2026-09-07 00:44:43,054 MatchingPostProcessor WARNING  Orphan pdf_cell 178 recovered to col=3 by nearest-column fallback (row=6, x=557.5, dist=146.0)
2026-09-07 00:44:43,054 MatchingPostProcessor WARNING  Orphan pdf_cell 179 recovered to col=3 by nearest-column fallback (row=6, x=571.2, dist=132.3)
2026-09-07 00:44:43,054 MatchingPostProcessor WARNING  Orphan pdf_cell 180 recovered to col=3 by nearest-column fallback (row=6, x=584.9, dist=118.6)
2026-09-07 00:44:43,054 MatchingPostProcessor WARNING  Orphan pdf_cell 181 recovered to col=3 by nearest-column fallback (row=6, x=598.6, dist=104.9)
2026-09-07 00:44:43,054 MatchingPostProcessor WARNING  Orphan pdf_cell 182 recovered to col=3 by nearest-column fallback (row=6, x=612.2, dist=91.3)
2026-09-07 00:44:43,054 MatchingPostProcessor WARNING  Orphan pdf_cell 183 recovered to col=3 by nearest-column fallback (row=6, x=625.7, dist=77.8)
2026-09-07 00:44:43,054 MatchingPostProcessor WARNING  Orphan pdf_cell 184 recovered to col=3 by nearest-column fallback (row=6, x=639.4, dist=64.1)
2026-09-07 00:44:43,054 MatchingPostProcessor WARNING  Orphan pdf_cell 185 recovered to col=3 by nearest-column fallback (row=6, x=653.0, dist=50.5)
2026-09-07 00:44:43,054 MatchingPostProcessor WARNING  Orphan pdf_cell 186 recovered to col=3 by nearest-column fallback (row=6, x=666.7, dist=36.8)
2026-09-07 00:44:43,054 MatchingPostProcessor WARNING  Orphan pdf_cell 187 recovered to col=3 by nearest-column fallback (row=6, x=680.4, dist=23.1)
2026-09-07 00:44:43,054 MatchingPostProcessor WARNING  Orphan pdf_cell 202 recovered to col=3 by nearest-column fallback (row=7, x=543.8, dist=159.7)
2026-09-07 00:44:43,054 MatchingPostProcessor WARNING  Orphan pdf_cell 203 recovered to col=3 by nearest-column fallback (row=7, x=557.5, dist=146.0)
2026-09-07 00:44:43,054 MatchingPostProcessor WARNING  Orphan pdf_cell 204 recovered to col=3 by nearest-column fallback (row=7, x=571.2, dist=132.3)
2026-09-07 00:44:43,054 MatchingPostProcessor WARNING  Orphan pdf_cell 205 recovered to col=3 by nearest-column fallback (row=7, x=584.9, dist=118.6)
2026-09-07 00:44:43,054 MatchingPostProcessor WARNING  Orphan pdf_cell 206 recovered to col=3 by nearest-column fallback (row=7, x=598.6, dist=104.9)
2026-09-07 00:44:43,054 MatchingPostProcessor WARNING  Orphan pdf_cell 207 recovered to col=3 by nearest-column fallback (row=7, x=612.2, dist=91.3)
2026-09-07 00:44:43,054 MatchingPostProcessor WARNING  Orphan pdf_cell 208 recovered to col=3 by nearest-column fallback (row=7, x=625.7, dist=77.8)
2026-09-07 00:44:43,054 MatchingPostProcessor WARNING  Orphan pdf_cell 209 recovered to col=3 by nearest-column fallback (row=7, x=639.4, dist=64.1)
2026-09-07 00:44:43,054 MatchingPostProcessor WARNING  Orphan pdf_cell 210 recovered to col=3 by nearest-column fallback (row=7, x=653.0, dist=50.5)
2026-09-07 00:44:43,054 MatchingPostProcessor WARNING  Orphan pdf_cell 211 recovered to col=3 by nearest-column fallback (row=7, x=666.7, dist=36.8)
2026-09-07 00:44:43,054 MatchingPostProcessor WARNING  Orphan pdf_cell 212 recovered to col=3 by nearest-column fallback (row=7, x=680.4, dist=23.1)
2026-09-07 00:44:43,055 MatchingPostProcessor WARNING  Orphan pdf_cell 222 recovered to col=3 by nearest-column fallback (row=8, x=543.8, dist=159.7)
2026-09-07 00:44:43,055 MatchingPostProcessor WARNING  Orphan pdf_cell 223 recovered to col=3 by nearest-column fallback (row=8, x=557.5, dist=146.0)
2026-09-07 00:44:43,055 MatchingPostProcessor WARNING  Orphan pdf_cell 224 recovered to col=3 by nearest-column fallback (row=8, x=571.2, dist=132.3)
2026-09-07 00:44:43,055 MatchingPostProcessor WARNING  Orphan pdf_cell 225 recovered to col=3 by nearest-column fallback (row=8, x=584.9, dist=118.6)
2026-09-07 00:44:43,055 MatchingPostProcessor WARNING  Orphan pdf_cell 226 recovered to col=3 by nearest-column fallback (row=8, x=598.6, dist=104.9)
2026-09-07 00:44:43,055 MatchingPostProcessor WARNING  Orphan pdf_cell 227 recovered to col=3 by nearest-column fallback (row=8, x=612.2, dist=91.3)
2026-09-07 00:44:43,055 MatchingPostProcessor WARNING  Orphan pdf_cell 228 recovered to col=3 by nearest-column fallback (row=8, x=625.7, dist=77.8)
2026-09-07 00:44:43,055 MatchingPostProcessor WARNING  Orphan pdf_cell 229 recovered to col=3 by nearest-column fallback (row=8, x=639.4, dist=64.1)
2026-09-07 00:44:43,055 MatchingPostProcessor WARNING  Orphan pdf_cell 230 recovered to col=3 by nearest-column fallback (row=8, x=653.0, dist=50.5)
2026-09-07 00:44:43,055 MatchingPostProcessor WARNING  Orphan pdf_cell 231 recovered to col=3 by nearest-column fallback (row=8, x=666.7, dist=36.8)
2026-09-07 00:44:43,055 MatchingPostProcessor WARNING  Orphan pdf_cell 232 recovered to col=3 by nearest-column fallback (row=8, x=680.4, dist=23.1)
2026-09-07 00:44:43,055 MatchingPostProcessor WARNING  Orphan pdf_cell 241 recovered to col=3 by nearest-column fallback (row=9, x=543.8, dist=159.7)
2026-09-07 00:44:43,055 MatchingPostProcessor WARNING  Orphan pdf_cell 242 recovered to col=3 by nearest-column fallback (row=9, x=557.5, dist=146.0)
2026-09-07 00:44:43,055 MatchingPostProcessor WARNING  Orphan pdf_cell 243 recovered to col=3 by nearest-column fallback (row=9, x=571.2, dist=132.3)
2026-09-07 00:44:43,055 MatchingPostProcessor WARNING  Orphan pdf_cell 244 recovered to col=3 by nearest-column fallback (row=9, x=584.9, dist=118.6)
2026-09-07 00:44:43,055 MatchingPostProcessor WARNING  Orphan pdf_cell 245 recovered to col=3 by nearest-column fallback (row=9, x=598.6, dist=104.9)
2026-09-07 00:44:43,055 MatchingPostProcessor WARNING  Orphan pdf_cell 246 recovered to col=3 by nearest-column fallback (row=9, x=612.2, dist=91.3)
2026-09-07 00:44:43,055 MatchingPostProcessor WARNING  Orphan pdf_cell 247 recovered to col=3 by nearest-column fallback (row=9, x=625.7, dist=77.8)
2026-09-07 00:44:43,055 MatchingPostProcessor WARNING  Orphan pdf_cell 248 recovered to col=3 by nearest-column fallback (row=9, x=639.4, dist=64.1)
2026-09-07 00:44:43,055 MatchingPostProcessor WARNING  Orphan pdf_cell 249 recovered to col=3 by nearest-column fallback (row=9, x=653.0, dist=50.5)
2026-09-07 00:44:43,055 MatchingPostProcessor WARNING  Orphan pdf_cell 250 recovered to col=3 by nearest-column fallback (row=9, x=666.7, dist=36.8)
2026-09-07 00:44:43,055 MatchingPostProcessor WARNING  Orphan pdf_cell 251 recovered to col=3 by nearest-column fallback (row=9, x=680.4, dist=23.1)
2026-09-07 00:44:43,055 MatchingPostProcessor WARNING  Orphan pdf_cell 271 recovered to col=3 by nearest-column fallback (row=10, x=543.8, dist=159.7)
2026-09-07 00:44:43,055 MatchingPostProcessor WARNING  Orphan pdf_cell 272 recovered to col=3 by nearest-column fallback (row=10, x=557.5, dist=146.0)
2026-09-07 00:44:43,055 MatchingPostProcessor WARNING  Orphan pdf_cell 273 recovered to col=3 by nearest-column fallback (row=10, x=571.2, dist=132.3)
2026-09-07 00:44:43,055 MatchingPostProcessor WARNING  Orphan pdf_cell 274 recovered to col=3 by nearest-column fallback (row=10, x=584.9, dist=118.6)
2026-09-07 00:44:43,055 MatchingPostProcessor WARNING  Orphan pdf_cell 275 recovered to col=3 by nearest-column fallback (row=10, x=598.6, dist=104.9)
2026-09-07 00:44:43,055 MatchingPostProcessor WARNING  Orphan pdf_cell 276 recovered to col=3 by nearest-column fallback (row=10, x=612.2, dist=91.3)
2026-09-07 00:44:43,055 MatchingPostProcessor WARNING  Orphan pdf_cell 277 recovered to col=3 by nearest-column fallback (row=10, x=625.7, dist=77.8)
2026-09-07 00:44:43,055 MatchingPostProcessor WARNING  Orphan pdf_cell 278 recovered to col=3 by nearest-column fallback (row=10, x=639.4, dist=64.1)
2026-09-07 00:44:43,055 MatchingPostProcessor WARNING  Orphan pdf_cell 279 recovered to col=3 by nearest-column fallback (row=10, x=653.0, dist=50.5)
2026-09-07 00:44:43,055 MatchingPostProcessor WARNING  Orphan pdf_cell 280 recovered to col=3 by nearest-column fallback (row=10, x=666.7, dist=36.8)
2026-09-07 00:44:43,055 MatchingPostProcessor WARNING  Orphan pdf_cell 281 recovered to col=3 by nearest-column fallback (row=10, x=680.4, dist=23.1)
2026-09-07 00:44:43,055 MatchingPostProcessor WARNING  Orphan pdf_cell 306 recovered to col=3 by nearest-column fallback (row=13, x=557.5, dist=146.0)
2026-09-07 00:44:43,055 MatchingPostProcessor WARNING  Orphan pdf_cell 307 recovered to col=3 by nearest-column fallback (row=13, x=571.2, dist=132.3)
2026-09-07 00:44:43,055 MatchingPostProcessor WARNING  Orphan pdf_cell 308 recovered to col=3 by nearest-column fallback (row=13, x=584.9, dist=118.6)
2026-09-07 00:44:43,055 MatchingPostProcessor WARNING  Orphan pdf_cell 309 recovered to col=3 by nearest-column fallback (row=13, x=598.6, dist=104.9)
2026-09-07 00:44:43,055 MatchingPostProcessor WARNING  Orphan pdf_cell 310 recovered to col=3 by nearest-column fallback (row=13, x=612.2, dist=91.3)
2026-09-07 00:44:43,055 MatchingPostProcessor WARNING  Orphan pdf_cell 311 recovered to col=3 by nearest-column fallback (row=13, x=625.7, dist=77.8)
2026-09-07 00:44:43,055 MatchingPostProcessor WARNING  Orphan pdf_cell 312 recovered to col=3 by nearest-column fallback (row=13, x=639.4, dist=64.1)
2026-09-07 00:44:43,055 MatchingPostProcessor WARNING  Orphan pdf_cell 313 recovered to col=3 by nearest-column fallback (row=13, x=653.0, dist=50.5)
2026-09-07 00:44:43,056 MatchingPostProcessor WARNING  Orphan pdf_cell 314 recovered to col=3 by nearest-column fallback (row=13, x=666.7, dist=36.8)
2026-09-07 00:44:43,056 MatchingPostProcessor WARNING  Orphan pdf_cell 315 recovered to col=3 by nearest-column fallback (row=13, x=680.4, dist=23.1)
2026-09-07 00:44:43,056 MatchingPostProcessor WARNING  Orphan pdf_cell 336 recovered to col=3 by nearest-column fallback (row=14, x=543.8, dist=159.7)
2026-09-07 00:44:43,056 MatchingPostProcessor WARNING  Orphan pdf_cell 337 recovered to col=3 by nearest-column fallback (row=14, x=557.5, dist=146.0)
2026-09-07 00:44:43,056 MatchingPostProcessor WARNING  Orphan pdf_cell 338 recovered to col=3 by nearest-column fallback (row=14, x=571.2, dist=132.3)
2026-09-07 00:44:43,056 MatchingPostProcessor WARNING  Orphan pdf_cell 339 recovered to col=3 by nearest-column fallback (row=14, x=584.9, dist=118.6)
2026-09-07 00:44:43,056 MatchingPostProcessor WARNING  Orphan pdf_cell 340 recovered to col=3 by nearest-column fallback (row=14, x=598.6, dist=104.9)
2026-09-07 00:44:43,056 MatchingPostProcessor WARNING  Orphan pdf_cell 341 recovered to col=3 by nearest-column fallback (row=14, x=612.2, dist=91.3)
2026-09-07 00:44:43,056 MatchingPostProcessor WARNING  Orphan pdf_cell 342 recovered to col=3 by nearest-column fallback (row=14, x=625.7, dist=77.8)
2026-09-07 00:44:43,056 MatchingPostProcessor WARNING  Orphan pdf_cell 343 recovered to col=3 by nearest-column fallback (row=14, x=639.4, dist=64.1)
2026-09-07 00:44:43,056 MatchingPostProcessor WARNING  Orphan pdf_cell 344 recovered to col=3 by nearest-column fallback (row=14, x=653.0, dist=50.5)
2026-09-07 00:44:43,056 MatchingPostProcessor WARNING  Orphan pdf_cell 345 recovered to col=3 by nearest-column fallback (row=14, x=666.7, dist=36.8)
2026-09-07 00:44:43,056 MatchingPostProcessor WARNING  Orphan pdf_cell 346 recovered to col=3 by nearest-column fallback (row=14, x=680.4, dist=23.1)
2026-09-07 00:44:43,056 MatchingPostProcessor WARNING  Orphan pdf_cell 367 recovered to col=3 by nearest-column fallback (row=15, x=543.8, dist=159.7)
2026-09-07 00:44:43,056 MatchingPostProcessor WARNING  Orphan pdf_cell 368 recovered to col=3 by nearest-column fallback (row=15, x=557.5, dist=146.0)
2026-09-07 00:44:43,056 MatchingPostProcessor WARNING  Orphan pdf_cell 369 recovered to col=3 by nearest-column fallback (row=15, x=571.2, dist=132.3)
2026-09-07 00:44:43,056 MatchingPostProcessor WARNING  Orphan pdf_cell 370 recovered to col=3 by nearest-column fallback (row=15, x=584.9, dist=118.6)
2026-09-07 00:44:43,056 MatchingPostProcessor WARNING  Orphan pdf_cell 371 recovered to col=3 by nearest-column fallback (row=15, x=598.6, dist=104.9)
2026-09-07 00:44:43,056 MatchingPostProcessor WARNING  Orphan pdf_cell 372 recovered to col=3 by nearest-column fallback (row=15, x=612.2, dist=91.3)
2026-09-07 00:44:43,056 MatchingPostProcessor WARNING  Orphan pdf_cell 373 recovered to col=3 by nearest-column fallback (row=15, x=625.7, dist=77.8)
2026-09-07 00:44:43,056 MatchingPostProcessor WARNING  Orphan pdf_cell 374 recovered to col=3 by nearest-column fallback (row=15, x=639.4, dist=64.1)
2026-09-07 00:44:43,056 MatchingPostProcessor WARNING  Orphan pdf_cell 375 recovered to col=3 by nearest-column fallback (row=15, x=653.0, dist=50.5)
2026-09-07 00:44:43,056 MatchingPostProcessor WARNING  Orphan pdf_cell 376 recovered to col=3 by nearest-column fallback (row=15, x=666.7, dist=36.8)
2026-09-07 00:44:43,056 MatchingPostProcessor WARNING  Orphan pdf_cell 377 recovered to col=3 by nearest-column fallback (row=15, x=680.4, dist=23.1)
2026-09-07 00:44:43,056 MatchingPostProcessor WARNING  Orphan pdf_cell 398 recovered to col=3 by nearest-column fallback (row=16, x=543.8, dist=159.7)
2026-09-07 00:44:43,056 MatchingPostProcessor WARNING  Orphan pdf_cell 399 recovered to col=3 by nearest-column fallback (row=16, x=557.5, dist=146.0)
2026-09-07 00:44:43,056 MatchingPostProcessor WARNING  Orphan pdf_cell 400 recovered to col=3 by nearest-column fallback (row=16, x=571.2, dist=132.3)
2026-09-07 00:44:43,056 MatchingPostProcessor WARNING  Orphan pdf_cell 401 recovered to col=3 by nearest-column fallback (row=16, x=584.9, dist=118.6)
2026-09-07 00:44:43,056 MatchingPostProcessor WARNING  Orphan pdf_cell 402 recovered to col=3 by nearest-column fallback (row=16, x=598.6, dist=104.9)
2026-09-07 00:44:43,057 MatchingPostProcessor WARNING  Orphan pdf_cell 403 recovered to col=3 by nearest-column fallback (row=16, x=612.2, dist=91.3)
2026-09-07 00:44:43,057 MatchingPostProcessor WARNING  Orphan pdf_cell 404 recovered to col=3 by nearest-column fallback (row=16, x=625.7, dist=77.8)
2026-09-07 00:44:43,057 MatchingPostProcessor WARNING  Orphan pdf_cell 405 recovered to col=3 by nearest-column fallback (row=16, x=639.4, dist=64.1)
2026-09-07 00:44:43,057 MatchingPostProcessor WARNING  Orphan pdf_cell 406 recovered to col=3 by nearest-column fallback (row=16, x=653.0, dist=50.5)
2026-09-07 00:44:43,057 MatchingPostProcessor WARNING  Orphan pdf_cell 407 recovered to col=3 by nearest-column fallback (row=16, x=666.7, dist=36.8)
2026-09-07 00:44:43,057 MatchingPostProcessor WARNING  Orphan pdf_cell 408 recovered to col=3 by nearest-column fallback (row=16, x=680.4, dist=23.1)
2026-09-07 00:44:43,057 MatchingPostProcessor WARNING  Orphan pdf_cell 429 recovered to col=3 by nearest-column fallback (row=17, x=543.8, dist=159.7)
2026-09-07 00:44:43,057 MatchingPostProcessor WARNING  Orphan pdf_cell 430 recovered to col=3 by nearest-column fallback (row=17, x=557.5, dist=146.0)
2026-09-07 00:44:43,057 MatchingPostProcessor WARNING  Orphan pdf_cell 431 recovered to col=3 by nearest-column fallback (row=17, x=571.2, dist=132.3)
2026-09-07 00:44:43,057 MatchingPostProcessor WARNING  Orphan pdf_cell 432 recovered to col=3 by nearest-column fallback (row=17, x=584.9, dist=118.6)
2026-09-07 00:44:43,057 MatchingPostProcessor WARNING  Orphan pdf_cell 433 recovered to col=3 by nearest-column fallback (row=17, x=598.6, dist=104.9)
2026-09-07 00:44:43,057 MatchingPostProcessor WARNING  Orphan pdf_cell 434 recovered to col=3 by nearest-column fallback (row=17, x=612.2, dist=91.3)
2026-09-07 00:44:43,057 MatchingPostProcessor WARNING  Orphan pdf_cell 435 recovered to col=3 by nearest-column fallback (row=17, x=625.7, dist=77.8)
2026-09-07 00:44:43,057 MatchingPostProcessor WARNING  Orphan pdf_cell 436 recovered to col=3 by nearest-column fallback (row=17, x=639.4, dist=64.1)
2026-09-07 00:44:43,057 MatchingPostProcessor WARNING  Orphan pdf_cell 437 recovered to col=3 by nearest-column fallback (row=17, x=653.0, dist=50.5)
2026-09-07 00:44:43,057 MatchingPostProcessor WARNING  Orphan pdf_cell 438 recovered to col=3 by nearest-column fallback (row=17, x=666.7, dist=36.8)
2026-09-07 00:44:43,057 MatchingPostProcessor WARNING  Orphan pdf_cell 439 recovered to col=3 by nearest-column fallback (row=17, x=680.4, dist=23.1)
2026-09-07 00:44:43,057 MatchingPostProcessor WARNING  Orphan pdf_cell 461 recovered to col=3 by nearest-column fallback (row=18, x=543.8, dist=159.7)
2026-09-07 00:44:43,057 MatchingPostProcessor WARNING  Orphan pdf_cell 462 recovered to col=3 by nearest-column fallback (row=18, x=557.5, dist=146.0)
2026-09-07 00:44:43,057 MatchingPostProcessor WARNING  Orphan pdf_cell 463 recovered to col=3 by nearest-column fallback (row=18, x=571.2, dist=132.3)
2026-09-07 00:44:43,057 MatchingPostProcessor WARNING  Orphan pdf_cell 464 recovered to col=3 by nearest-column fallback (row=18, x=584.9, dist=118.6)
2026-09-07 00:44:43,057 MatchingPostProcessor WARNING  Orphan pdf_cell 465 recovered to col=3 by nearest-column fallback (row=18, x=598.6, dist=104.9)
2026-09-07 00:44:43,057 MatchingPostProcessor WARNING  Orphan pdf_cell 466 recovered to col=3 by nearest-column fallback (row=18, x=612.2, dist=91.3)
2026-09-07 00:44:43,057 MatchingPostProcessor WARNING  Orphan pdf_cell 467 recovered to col=3 by nearest-column fallback (row=18, x=625.7, dist=77.8)
2026-09-07 00:44:43,057 MatchingPostProcessor WARNING  Orphan pdf_cell 468 recovered to col=3 by nearest-column fallback (row=18, x=639.4, dist=64.1)
2026-09-07 00:44:43,057 MatchingPostProcessor WARNING  Orphan pdf_cell 469 recovered to col=3 by nearest-column fallback (row=18, x=653.0, dist=50.5)
2026-09-07 00:44:43,057 MatchingPostProcessor WARNING  Orphan pdf_cell 470 recovered to col=3 by nearest-column fallback (row=18, x=666.7, dist=36.8)
2026-09-07 00:44:43,057 MatchingPostProcessor WARNING  Orphan pdf_cell 471 recovered to col=3 by nearest-column fallback (row=18, x=680.4, dist=23.1)
2026-09-07 00:44:43,058 MatchingPostProcessor WARNING  Orphan pdf_cell 493 recovered to col=3 by nearest-column fallback (row=19, x=543.8, dist=159.7)
2026-09-07 00:44:43,058 MatchingPostProcessor WARNING  Orphan pdf_cell 494 recovered to col=3 by nearest-column fallback (row=19, x=557.5, dist=146.0)
2026-09-07 00:44:43,058 MatchingPostProcessor WARNING  Orphan pdf_cell 495 recovered to col=3 by nearest-column fallback (row=19, x=571.2, dist=132.3)
2026-09-07 00:44:43,058 MatchingPostProcessor WARNING  Orphan pdf_cell 496 recovered to col=3 by nearest-column fallback (row=19, x=584.9, dist=118.6)
2026-09-07 00:44:43,058 MatchingPostProcessor WARNING  Orphan pdf_cell 497 recovered to col=3 by nearest-column fallback (row=19, x=598.6, dist=104.9)
2026-09-07 00:44:43,058 MatchingPostProcessor WARNING  Orphan pdf_cell 498 recovered to col=3 by nearest-column fallback (row=19, x=612.2, dist=91.3)
2026-09-07 00:44:43,058 MatchingPostProcessor WARNING  Orphan pdf_cell 499 recovered to col=3 by nearest-column fallback (row=19, x=625.7, dist=77.8)
2026-09-07 00:44:43,058 MatchingPostProcessor WARNING  Orphan pdf_cell 500 recovered to col=3 by nearest-column fallback (row=19, x=639.4, dist=64.1)
2026-09-07 00:44:43,058 MatchingPostProcessor WARNING  Orphan pdf_cell 501 recovered to col=3 by nearest-column fallback (row=19, x=653.0, dist=50.5)
2026-09-07 00:44:43,058 MatchingPostProcessor WARNING  Orphan pdf_cell 502 recovered to col=3 by nearest-column fallback (row=19, x=666.7, dist=36.8)
2026-09-07 00:44:43,058 MatchingPostProcessor WARNING  Orphan pdf_cell 503 recovered to col=3 by nearest-column fallback (row=19, x=680.4, dist=23.1)
2026-09-07 00:44:43,058 MatchingPostProcessor WARNING  Orphan pdf_cell 523 recovered to col=3 by nearest-column fallback (row=20, x=543.8, dist=159.7)
2026-09-07 00:44:43,058 MatchingPostProcessor WARNING  Orphan pdf_cell 524 recovered to col=3 by nearest-column fallback (row=20, x=557.5, dist=146.0)
2026-09-07 00:44:43,058 MatchingPostProcessor WARNING  Orphan pdf_cell 525 recovered to col=3 by nearest-column fallback (row=20, x=571.2, dist=132.3)
2026-09-07 00:44:43,058 MatchingPostProcessor WARNING  Orphan pdf_cell 526 recovered to col=3 by nearest-column fallback (row=20, x=584.9, dist=118.6)
2026-09-07 00:44:43,058 MatchingPostProcessor WARNING  Orphan pdf_cell 527 recovered to col=3 by nearest-column fallback (row=20, x=598.6, dist=104.9)
2026-09-07 00:44:43,058 MatchingPostProcessor WARNING  Orphan pdf_cell 528 recovered to col=3 by nearest-column fallback (row=20, x=612.2, dist=91.3)
2026-09-07 00:44:43,058 MatchingPostProcessor WARNING  Orphan pdf_cell 529 recovered to col=3 by nearest-column fallback (row=20, x=625.7, dist=77.8)
2026-09-07 00:44:43,058 MatchingPostProcessor WARNING  Orphan pdf_cell 530 recovered to col=3 by nearest-column fallback (row=20, x=639.4, dist=64.1)
2026-09-07 00:44:43,058 MatchingPostProcessor WARNING  Orphan pdf_cell 531 recovered to col=3 by nearest-column fallback (row=20, x=653.0, dist=50.5)
2026-09-07 00:44:43,058 MatchingPostProcessor WARNING  Orphan pdf_cell 532 recovered to col=3 by nearest-column fallback (row=20, x=666.7, dist=36.8)
2026-09-07 00:44:43,058 MatchingPostProcessor WARNING  Orphan pdf_cell 533 recovered to col=3 by nearest-column fallback (row=20, x=680.4, dist=23.1)
2026-09-07 00:44:43,058 MatchingPostProcessor WARNING  Orphan pdf_cell 553 recovered to col=3 by nearest-column fallback (row=21, x=543.8, dist=159.7)
2026-09-07 00:44:43,058 MatchingPostProcessor WARNING  Orphan pdf_cell 554 recovered to col=3 by nearest-column fallback (row=21, x=557.5, dist=146.0)
2026-09-07 00:44:43,058 MatchingPostProcessor WARNING  Orphan pdf_cell 555 recovered to col=3 by nearest-column fallback (row=21, x=571.2, dist=132.3)
2026-09-07 00:44:43,058 MatchingPostProcessor WARNING  Orphan pdf_cell 556 recovered to col=3 by nearest-column fallback (row=21, x=584.9, dist=118.6)
2026-09-07 00:44:43,058 MatchingPostProcessor WARNING  Orphan pdf_cell 557 recovered to col=3 by nearest-column fallback (row=21, x=598.6, dist=104.9)
2026-09-07 00:44:43,058 MatchingPostProcessor WARNING  Orphan pdf_cell 558 recovered to col=3 by nearest-column fallback (row=21, x=612.2, dist=91.3)
2026-09-07 00:44:43,058 MatchingPostProcessor WARNING  Orphan pdf_cell 559 recovered to col=3 by nearest-column fallback (row=21, x=625.7, dist=77.8)
2026-09-07 00:44:43,058 MatchingPostProcessor WARNING  Orphan pdf_cell 560 recovered to col=3 by nearest-column fallback (row=21, x=639.4, dist=64.1)
2026-09-07 00:44:43,058 MatchingPostProcessor WARNING  Orphan pdf_cell 561 recovered to col=3 by nearest-column fallback (row=21, x=653.0, dist=50.5)
2026-09-07 00:44:43,059 MatchingPostProcessor WARNING  Orphan pdf_cell 562 recovered to col=3 by nearest-column fallback (row=21, x=666.7, dist=36.8)
2026-09-07 00:44:43,059 MatchingPostProcessor WARNING  Orphan pdf_cell 563 recovered to col=3 by nearest-column fallback (row=21, x=680.4, dist=23.1)
2026-09-07 00:44:43,059 MatchingPostProcessor WARNING  Orphan pdf_cell 582 recovered to col=3 by nearest-column fallback (row=22, x=543.8, dist=159.7)
2026-09-07 00:44:43,059 MatchingPostProcessor WARNING  Orphan pdf_cell 583 recovered to col=3 by nearest-column fallback (row=22, x=557.5, dist=146.0)
2026-09-07 00:44:43,059 MatchingPostProcessor WARNING  Orphan pdf_cell 584 recovered to col=3 by nearest-column fallback (row=22, x=571.2, dist=132.3)
2026-09-07 00:44:43,059 MatchingPostProcessor WARNING  Orphan pdf_cell 585 recovered to col=3 by nearest-column fallback (row=22, x=584.9, dist=118.6)
2026-09-07 00:44:43,059 MatchingPostProcessor WARNING  Orphan pdf_cell 586 recovered to col=3 by nearest-column fallback (row=22, x=598.6, dist=104.9)
2026-09-07 00:44:43,059 MatchingPostProcessor WARNING  Orphan pdf_cell 587 recovered to col=3 by nearest-column fallback (row=22, x=612.2, dist=91.3)
2026-09-07 00:44:43,059 MatchingPostProcessor WARNING  Orphan pdf_cell 588 recovered to col=3 by nearest-column fallback (row=22, x=625.7, dist=77.8)
2026-09-07 00:44:43,059 MatchingPostProcessor WARNING  Orphan pdf_cell 589 recovered to col=3 by nearest-column fallback (row=22, x=639.4, dist=64.1)
2026-09-07 00:44:43,059 MatchingPostProcessor WARNING  Orphan pdf_cell 590 recovered to col=3 by nearest-column fallback (row=22, x=653.0, dist=50.5)
2026-09-07 00:44:43,059 MatchingPostProcessor WARNING  Orphan pdf_cell 591 recovered to col=3 by nearest-column fallback (row=22, x=666.7, dist=36.8)
2026-09-07 00:44:43,059 MatchingPostProcessor WARNING  Orphan pdf_cell 592 recovered to col=3 by nearest-column fallback (row=22, x=680.4, dist=23.1)
2026-09-07 00:44:43,059 MatchingPostProcessor WARNING  Orphan pdf_cell 652 recovered to col=3 by nearest-column fallback (row=25, x=543.8, dist=159.7)
2026-09-07 00:44:43,059 MatchingPostProcessor WARNING  Orphan pdf_cell 653 recovered to col=3 by nearest-column fallback (row=25, x=557.5, dist=146.0)
2026-09-07 00:44:43,059 MatchingPostProcessor WARNING  Orphan pdf_cell 654 recovered to col=3 by nearest-column fallback (row=25, x=571.2, dist=132.3)
2026-09-07 00:44:43,059 MatchingPostProcessor WARNING  Orphan pdf_cell 655 recovered to col=3 by nearest-column fallback (row=25, x=584.9, dist=118.6)
2026-09-07 00:44:43,059 MatchingPostProcessor WARNING  Orphan pdf_cell 656 recovered to col=3 by nearest-column fallback (row=25, x=598.6, dist=104.9)
2026-09-07 00:44:43,059 MatchingPostProcessor WARNING  Orphan pdf_cell 657 recovered to col=3 by nearest-column fallback (row=25, x=612.2, dist=91.3)
2026-09-07 00:44:43,059 MatchingPostProcessor WARNING  Orphan pdf_cell 658 recovered to col=3 by nearest-column fallback (row=25, x=625.7, dist=77.8)
2026-09-07 00:44:43,059 MatchingPostProcessor WARNING  Orphan pdf_cell 659 recovered to col=3 by nearest-column fallback (row=25, x=639.4, dist=64.1)
2026-09-07 00:44:43,059 MatchingPostProcessor WARNING  Orphan pdf_cell 660 recovered to col=3 by nearest-column fallback (row=25, x=653.0, dist=50.5)
2026-09-07 00:44:43,059 MatchingPostProcessor WARNING  Orphan pdf_cell 661 recovered to col=3 by nearest-column fallback (row=25, x=666.7, dist=36.8)
2026-09-07 00:44:43,059 MatchingPostProcessor WARNING  Orphan pdf_cell 662 recovered to col=3 by nearest-column fallback (row=25, x=680.4, dist=23.1)
2026-09-07 00:44:43,059 MatchingPostProcessor WARNING  Orphan pdf_cell 675 recovered to col=3 by nearest-column fallback (row=27, x=571.2, dist=132.3)
2026-09-07 00:44:43,059 MatchingPostProcessor WARNING  Orphan pdf_cell 676 recovered to col=3 by nearest-column fallback (row=27, x=584.9, dist=118.6)
2026-09-07 00:44:43,059 MatchingPostProcessor WARNING  Orphan pdf_cell 677 recovered to col=3 by nearest-column fallback (row=27, x=598.6, dist=104.9)
2026-09-07 00:44:43,059 MatchingPostProcessor WARNING  Orphan pdf_cell 678 recovered to col=3 by nearest-column fallback (row=27, x=612.2, dist=91.3)
2026-09-07 00:44:43,059 MatchingPostProcessor WARNING  Orphan pdf_cell 679 recovered to col=3 by nearest-column fallback (row=27, x=625.7, dist=77.8)
2026-09-07 00:44:43,059 MatchingPostProcessor WARNING  Orphan pdf_cell 680 recovered to col=3 by nearest-column fallback (row=27, x=639.4, dist=64.1)
2026-09-07 00:44:43,059 MatchingPostProcessor WARNING  Orphan pdf_cell 681 recovered to col=3 by nearest-column fallback (row=27, x=653.0, dist=50.5)
2026-09-07 00:44:43,059 MatchingPostProcessor WARNING  Orphan pdf_cell 682 recovered to col=3 by nearest-column fallback (row=27, x=666.7, dist=36.8)
2026-09-07 00:44:43,059 MatchingPostProcessor WARNING  Orphan pdf_cell 683 recovered to col=3 by nearest-column fallback (row=27, x=680.4, dist=23.1)
2026-09-07 00:44:43,060 MatchingPostProcessor WARNING  Orphan pdf_cell 700 recovered to col=3 by nearest-column fallback (row=29, x=543.8, dist=159.7)
2026-09-07 00:44:43,060 MatchingPostProcessor WARNING  Orphan pdf_cell 701 recovered to col=3 by nearest-column fallback (row=29, x=557.5, dist=146.0)
2026-09-07 00:44:43,060 MatchingPostProcessor WARNING  Orphan pdf_cell 702 recovered to col=3 by nearest-column fallback (row=29, x=571.2, dist=132.3)
2026-09-07 00:44:43,060 MatchingPostProcessor WARNING  Orphan pdf_cell 703 recovered to col=3 by nearest-column fallback (row=29, x=584.9, dist=118.6)
2026-09-07 00:44:43,060 MatchingPostProcessor WARNING  Orphan pdf_cell 704 recovered to col=3 by nearest-column fallback (row=29, x=598.6, dist=104.9)
2026-09-07 00:44:43,060 MatchingPostProcessor WARNING  Orphan pdf_cell 705 recovered to col=3 by nearest-column fallback (row=29, x=612.2, dist=91.3)
2026-09-07 00:44:43,060 MatchingPostProcessor WARNING  Orphan pdf_cell 706 recovered to col=3 by nearest-column fallback (row=29, x=625.7, dist=77.8)
2026-09-07 00:44:43,060 MatchingPostProcessor WARNING  Orphan pdf_cell 707 recovered to col=3 by nearest-column fallback (row=29, x=639.4, dist=64.1)
2026-09-07 00:44:43,060 MatchingPostProcessor WARNING  Orphan pdf_cell 708 recovered to col=3 by nearest-column fallback (row=29, x=653.0, dist=50.5)
2026-09-07 00:44:43,060 MatchingPostProcessor WARNING  Orphan pdf_cell 709 recovered to col=3 by nearest-column fallback (row=29, x=666.7, dist=36.8)
2026-09-07 00:44:43,060 MatchingPostProcessor WARNING  Orphan pdf_cell 710 recovered to col=3 by nearest-column fallback (row=29, x=680.4, dist=23.1)
2026-09-07 00:44:43,060 MatchingPostProcessor WARNING  Orphan pdf_cell 594 recovered to row=22 by nearest-row fallback (col=1, y=1230.4, dist=27.4)
2026-09-07 00:44:43,060 MatchingPostProcessor WARNING  Orphan pdf_cell 595 recovered to row=22 by nearest-row fallback (col=2, y=1230.4, dist=27.4)
2026-09-07 00:44:43,060 MatchingPostProcessor WARNING  Orphan pdf_cell 596 recovered to row=22 by nearest-row fallback (col=2, y=1230.4, dist=27.4)
2026-09-07 00:44:43,060 MatchingPostProcessor WARNING  Orphan pdf_cell 597 recovered to row=22 by nearest-row fallback (col=2, y=1230.4, dist=27.4)
2026-09-07 00:44:43,060 MatchingPostProcessor WARNING  Orphan pdf_cell 598 recovered to row=22 by nearest-row fallback (col=2, y=1230.4, dist=27.4)
2026-09-07 00:44:43,060 MatchingPostProcessor WARNING  Orphan pdf_cell 599 recovered to row=22 by nearest-row fallback (col=2, y=1230.4, dist=27.4)
2026-09-07 00:44:43,060 MatchingPostProcessor WARNING  Orphan pdf_cell 600 recovered to row=22 by nearest-row fallback (col=2, y=1230.4, dist=27.4)
2026-09-07 00:44:43,060 MatchingPostProcessor WARNING  Orphan pdf_cell 601 recovered to row=22 by nearest-row fallback (col=2, y=1230.4, dist=27.4)
2026-09-07 00:44:43,060 MatchingPostProcessor WARNING  Orphan pdf_cell 602 recovered to row=22 by nearest-row fallback (col=2, y=1230.4, dist=27.4)
2026-09-07 00:44:43,060 MatchingPostProcessor WARNING  Orphan pdf_cell 603 recovered to row=22 by nearest-row fallback (col=2, y=1230.4, dist=27.4)
2026-09-07 00:44:43,060 MatchingPostProcessor WARNING  Orphan pdf_cell 604 recovered to row=22 by nearest-row fallback (col=2, y=1230.4, dist=27.4)
2026-09-07 00:44:43,060 MatchingPostProcessor WARNING  Orphan pdf_cell 605 recovered to row=22 by nearest-row fallback (col=2, y=1230.4, dist=27.4)
2026-09-07 00:44:43,060 MatchingPostProcessor WARNING  Orphan pdf_cell 606 recovered to row=22 by nearest-row fallback (col=2, y=1230.4, dist=27.4)
2026-09-07 00:44:43,060 MatchingPostProcessor WARNING  Orphan pdf_cell 607 recovered to row=22 by nearest-row fallback (col=2, y=1230.4, dist=27.4)
2026-09-07 00:44:43,060 MatchingPostProcessor WARNING  Orphan pdf_cell 608 recovered to row=22 by nearest-row fallback (col=2, y=1230.4, dist=27.4)
2026-09-07 00:44:43,060 MatchingPostProcessor WARNING  Orphan pdf_cell 609 recovered to row=22 by nearest-row fallback (col=2, y=1230.4, dist=27.4)
2026-09-07 00:44:43,060 MatchingPostProcessor WARNING  Orphan pdf_cell 610 recovered to row=22 by nearest-row fallback (col=2, y=1230.4, dist=27.4)
2026-09-07 00:44:43,060 MatchingPostProcessor WARNING  Orphan pdf_cell 611 recovered to row=22 by nearest-row fallback (col=2, y=1230.4, dist=27.4)
2026-09-07 00:44:43,060 MatchingPostProcessor WARNING  Orphan pdf_cell 612 recovered to row=22 by nearest-row fallback (col=2, y=1230.4, dist=27.4)
2026-09-07 00:44:43,060 MatchingPostProcessor WARNING  Orphan pdf_cell 624 recovered to row=22 by nearest-row fallback (col=3, y=1230.4, dist=27.4)
2026-09-07 00:44:43,060 MatchingPostProcessor WARNING  11 of 709 pdf cells matched neither a row nor a column band of the 30x4 grid and were dropped from the table
2026-09-07 00:44:56,617 MatchingPostProcessor WARNING  Orphan pdf_cell 5 recovered to row=1 by nearest-row fallback (col=0, y=445.4, dist=29.7)
2026-09-07 00:45:06,013 MatchingPostProcessor WARNING  Orphan pdf_cell 180 recovered to row=29 by nearest-row fallback (col=1, y=1116.0, dist=22.6)
2026-09-07 00:45:06,013 MatchingPostProcessor WARNING  Orphan pdf_cell 181 recovered to row=29 by nearest-row fallback (col=1, y=1116.0, dist=22.6)
2026-09-07 00:45:06,013 MatchingPostProcessor WARNING  Orphan pdf_cell 292 recovered to row=29 by nearest-row fallback (col=2, y=1116.0, dist=22.6)
2026-09-07 00:45:06,013 MatchingPostProcessor WARNING  Orphan pdf_cell 293 recovered to row=29 by nearest-row fallback (col=2, y=1116.0, dist=22.6)
2026-09-07 00:45:06,013 MatchingPostProcessor WARNING  Orphan pdf_cell 305 recovered to row=36 by nearest-row fallback (col=2, y=1248.2, dist=25.5)
2026-09-07 00:45:08,158 MatchingPostProcessor WARNING  Orphan pdf_cell 99 recovered to row=42 by nearest-row fallback (col=0, y=1379.0, dist=19.8)
2026-09-07 00:45:08,158 MatchingPostProcessor WARNING  Orphan pdf_cell 100 recovered to row=42 by nearest-row fallback (col=0, y=1379.0, dist=19.8)
2026-09-07 00:45:08,158 MatchingPostProcessor WARNING  Orphan pdf_cell 230 recovered to row=42 by nearest-row fallback (col=1, y=1379.0, dist=19.8)
2026-09-07 00:45:08,158 MatchingPostProcessor WARNING  Orphan pdf_cell 231 recovered to row=42 by nearest-row fallback (col=1, y=1379.0, dist=19.8)
2026-09-07 00:45:08,158 MatchingPostProcessor WARNING  Orphan pdf_cell 232 recovered to row=42 by nearest-row fallback (col=1, y=1379.0, dist=19.8)
2026-09-07 00:45:08,158 MatchingPostProcessor WARNING  Orphan pdf_cell 233 recovered to row=42 by nearest-row fallback (col=1, y=1379.0, dist=19.8)
2026-09-07 00:45:08,158 MatchingPostProcessor WARNING  Orphan pdf_cell 351 recovered to row=42 by nearest-row fallback (col=2, y=1379.0, dist=19.8)
2026-09-07 00:45:08,158 MatchingPostProcessor WARNING  Orphan pdf_cell 352 recovered to row=42 by nearest-row fallback (col=2, y=1379.0, dist=19.8)
2026-09-07 00:45:08,158 MatchingPostProcessor WARNING  Orphan pdf_cell 353 recovered to row=42 by nearest-row fallback (col=2, y=1379.0, dist=19.8)
/Users/sunfish/dev/20.survey/large-files-embedding/.venv/lib/python3.12/site-packages/docling_core/types/doc/document.py:325: UserWarning: Table cell bbox coordinate l on page 7 is outside page bounds: value=-36.35951928421855 < lo=0.0; clamping to 0.0
  cell.bbox = self._clamp_bbox_to_page(
sample-input/pdf/06-The Debian System.pdf chunks=984 collection=market_quality_chunks_hybrid json=9a99c2719f62aa66/docling.json
=== end 2026-09-07T00:49:35+09:00 ===
