=== 2026-09-07T00:58:38+09:00 sample-input/pdf/09-Understanding ECMAScript 6.pdf ===
sample-input/pdf/09-Understanding ECMAScript 6.pdf family=B format=pdf normalize=false
Loading weights:   0%|          | 0/770 [00:00<?, ?it/s]Loading weights: 100%|██████████| 770/770 [00:00<00:00, 27110.68it/s]
2026-09-07 00:58:44,922 MatchingPostProcessor WARNING  Orphan pdf_cell 24 recovered to col=0 by nearest-column fallback (row=0, x=528.7, dist=219.6)
2026-09-07 00:58:44,922 MatchingPostProcessor WARNING  Orphan pdf_cell 25 recovered to col=0 by nearest-column fallback (row=0, x=539.8, dist=230.7)
2026-09-07 00:58:44,922 MatchingPostProcessor WARNING  Orphan pdf_cell 26 recovered to col=0 by nearest-column fallback (row=0, x=550.9, dist=241.8)
2026-09-07 00:58:44,922 MatchingPostProcessor WARNING  Orphan pdf_cell 27 recovered to col=0 by nearest-column fallback (row=0, x=562.0, dist=252.8)
2026-09-07 00:58:44,923 MatchingPostProcessor WARNING  Orphan pdf_cell 28 recovered to col=1 by nearest-column fallback (row=0, x=573.1, dist=254.5)
2026-09-07 00:58:44,923 MatchingPostProcessor WARNING  Orphan pdf_cell 29 recovered to col=1 by nearest-column fallback (row=0, x=584.2, dist=243.5)
2026-09-07 00:58:44,923 MatchingPostProcessor WARNING  Orphan pdf_cell 30 recovered to col=1 by nearest-column fallback (row=0, x=595.3, dist=232.4)
2026-09-07 00:58:44,923 MatchingPostProcessor WARNING  Orphan pdf_cell 31 recovered to col=1 by nearest-column fallback (row=0, x=606.3, dist=221.3)
2026-09-07 00:58:44,923 MatchingPostProcessor WARNING  Orphan pdf_cell 32 recovered to col=1 by nearest-column fallback (row=0, x=617.4, dist=210.2)
2026-09-07 00:58:44,923 MatchingPostProcessor WARNING  Orphan pdf_cell 33 recovered to col=1 by nearest-column fallback (row=0, x=628.5, dist=199.1)
2026-09-07 00:58:44,923 MatchingPostProcessor WARNING  Orphan pdf_cell 34 recovered to col=1 by nearest-column fallback (row=0, x=639.6, dist=188.0)
2026-09-07 00:58:44,923 MatchingPostProcessor WARNING  Orphan pdf_cell 35 recovered to col=1 by nearest-column fallback (row=0, x=650.7, dist=176.9)
2026-09-07 00:58:44,923 MatchingPostProcessor WARNING  Orphan pdf_cell 36 recovered to col=1 by nearest-column fallback (row=0, x=661.8, dist=165.8)
2026-09-07 00:58:44,923 MatchingPostProcessor WARNING  Orphan pdf_cell 37 recovered to col=1 by nearest-column fallback (row=0, x=672.9, dist=154.7)
2026-09-07 00:58:44,923 MatchingPostProcessor WARNING  Orphan pdf_cell 38 recovered to col=1 by nearest-column fallback (row=0, x=684.0, dist=143.7)
2026-09-07 00:58:44,923 MatchingPostProcessor WARNING  Orphan pdf_cell 39 recovered to col=1 by nearest-column fallback (row=0, x=695.1, dist=132.6)
2026-09-07 00:58:44,923 MatchingPostProcessor WARNING  Orphan pdf_cell 40 recovered to col=1 by nearest-column fallback (row=0, x=706.1, dist=121.5)
2026-09-07 00:58:44,923 MatchingPostProcessor WARNING  Orphan pdf_cell 41 recovered to col=1 by nearest-column fallback (row=0, x=717.2, dist=110.4)
2026-09-07 00:58:44,923 MatchingPostProcessor WARNING  Orphan pdf_cell 42 recovered to col=1 by nearest-column fallback (row=0, x=728.3, dist=99.3)
2026-09-07 00:58:44,923 MatchingPostProcessor WARNING  Orphan pdf_cell 43 recovered to col=1 by nearest-column fallback (row=0, x=739.4, dist=88.2)
2026-09-07 00:58:44,923 MatchingPostProcessor WARNING  Orphan pdf_cell 44 recovered to col=1 by nearest-column fallback (row=0, x=750.5, dist=77.1)
2026-09-07 00:58:44,923 MatchingPostProcessor WARNING  Orphan pdf_cell 45 recovered to col=1 by nearest-column fallback (row=0, x=761.6, dist=66.0)
2026-09-07 00:58:44,923 MatchingPostProcessor WARNING  Orphan pdf_cell 46 recovered to col=1 by nearest-column fallback (row=0, x=772.7, dist=55.0)
2026-09-07 00:58:44,923 MatchingPostProcessor WARNING  Orphan pdf_cell 47 recovered to col=1 by nearest-column fallback (row=0, x=783.8, dist=43.9)
2026-09-07 00:58:44,923 MatchingPostProcessor WARNING  Orphan pdf_cell 48 recovered to col=1 by nearest-column fallback (row=0, x=794.8, dist=32.8)
2026-09-07 00:58:44,923 MatchingPostProcessor WARNING  Orphan pdf_cell 76 recovered to col=0 by nearest-column fallback (row=1, x=528.7, dist=219.6)
2026-09-07 00:58:44,923 MatchingPostProcessor WARNING  Orphan pdf_cell 77 recovered to col=0 by nearest-column fallback (row=1, x=539.8, dist=230.7)
2026-09-07 00:58:44,923 MatchingPostProcessor WARNING  Orphan pdf_cell 78 recovered to col=0 by nearest-column fallback (row=1, x=550.9, dist=241.8)
2026-09-07 00:58:44,923 MatchingPostProcessor WARNING  Orphan pdf_cell 79 recovered to col=0 by nearest-column fallback (row=1, x=562.0, dist=252.8)
2026-09-07 00:58:44,923 MatchingPostProcessor WARNING  Orphan pdf_cell 80 recovered to col=1 by nearest-column fallback (row=1, x=573.1, dist=254.5)
2026-09-07 00:58:44,923 MatchingPostProcessor WARNING  Orphan pdf_cell 81 recovered to col=1 by nearest-column fallback (row=1, x=584.2, dist=243.5)
2026-09-07 00:58:44,923 MatchingPostProcessor WARNING  Orphan pdf_cell 82 recovered to col=1 by nearest-column fallback (row=1, x=595.3, dist=232.4)
2026-09-07 00:58:44,923 MatchingPostProcessor WARNING  Orphan pdf_cell 83 recovered to col=1 by nearest-column fallback (row=1, x=606.3, dist=221.3)
2026-09-07 00:58:44,923 MatchingPostProcessor WARNING  Orphan pdf_cell 84 recovered to col=1 by nearest-column fallback (row=1, x=617.4, dist=210.2)
2026-09-07 00:58:44,923 MatchingPostProcessor WARNING  Orphan pdf_cell 85 recovered to col=1 by nearest-column fallback (row=1, x=628.5, dist=199.1)
2026-09-07 00:58:44,923 MatchingPostProcessor WARNING  Orphan pdf_cell 86 recovered to col=1 by nearest-column fallback (row=1, x=639.6, dist=188.0)
2026-09-07 00:58:44,923 MatchingPostProcessor WARNING  Orphan pdf_cell 87 recovered to col=1 by nearest-column fallback (row=1, x=650.7, dist=176.9)
2026-09-07 00:58:44,923 MatchingPostProcessor WARNING  Orphan pdf_cell 88 recovered to col=1 by nearest-column fallback (row=1, x=661.8, dist=165.8)
2026-09-07 00:58:44,923 MatchingPostProcessor WARNING  Orphan pdf_cell 89 recovered to col=1 by nearest-column fallback (row=1, x=672.9, dist=154.7)
2026-09-07 00:58:44,923 MatchingPostProcessor WARNING  Orphan pdf_cell 90 recovered to col=1 by nearest-column fallback (row=1, x=684.0, dist=143.7)
2026-09-07 00:58:44,923 MatchingPostProcessor WARNING  Orphan pdf_cell 91 recovered to col=1 by nearest-column fallback (row=1, x=695.1, dist=132.6)
2026-09-07 00:58:44,923 MatchingPostProcessor WARNING  Orphan pdf_cell 92 recovered to col=1 by nearest-column fallback (row=1, x=706.1, dist=121.5)
2026-09-07 00:58:44,923 MatchingPostProcessor WARNING  Orphan pdf_cell 93 recovered to col=1 by nearest-column fallback (row=1, x=717.2, dist=110.4)
2026-09-07 00:58:44,923 MatchingPostProcessor WARNING  Orphan pdf_cell 94 recovered to col=1 by nearest-column fallback (row=1, x=728.3, dist=99.3)
2026-09-07 00:58:44,923 MatchingPostProcessor WARNING  Orphan pdf_cell 95 recovered to col=1 by nearest-column fallback (row=1, x=739.4, dist=88.2)
2026-09-07 00:58:44,923 MatchingPostProcessor WARNING  Orphan pdf_cell 96 recovered to col=1 by nearest-column fallback (row=1, x=750.5, dist=77.1)
2026-09-07 00:58:44,923 MatchingPostProcessor WARNING  Orphan pdf_cell 97 recovered to col=1 by nearest-column fallback (row=1, x=761.6, dist=66.0)
2026-09-07 00:58:44,923 MatchingPostProcessor WARNING  Orphan pdf_cell 98 recovered to col=1 by nearest-column fallback (row=1, x=772.7, dist=55.0)
2026-09-07 00:58:44,923 MatchingPostProcessor WARNING  Orphan pdf_cell 99 recovered to col=1 by nearest-column fallback (row=1, x=783.8, dist=43.9)
2026-09-07 00:58:44,923 MatchingPostProcessor WARNING  Orphan pdf_cell 100 recovered to col=1 by nearest-column fallback (row=1, x=794.8, dist=32.8)
2026-09-07 00:58:44,924 MatchingPostProcessor WARNING  Orphan pdf_cell 135 recovered to col=0 by nearest-column fallback (row=2, x=528.7, dist=219.6)
2026-09-07 00:58:44,924 MatchingPostProcessor WARNING  Orphan pdf_cell 136 recovered to col=0 by nearest-column fallback (row=2, x=539.8, dist=230.7)
2026-09-07 00:58:44,924 MatchingPostProcessor WARNING  Orphan pdf_cell 137 recovered to col=0 by nearest-column fallback (row=2, x=550.9, dist=241.8)
2026-09-07 00:58:44,924 MatchingPostProcessor WARNING  Orphan pdf_cell 138 recovered to col=0 by nearest-column fallback (row=2, x=562.0, dist=252.8)
2026-09-07 00:58:44,924 MatchingPostProcessor WARNING  Orphan pdf_cell 139 recovered to col=1 by nearest-column fallback (row=2, x=573.1, dist=254.5)
2026-09-07 00:58:44,924 MatchingPostProcessor WARNING  Orphan pdf_cell 140 recovered to col=1 by nearest-column fallback (row=2, x=584.2, dist=243.5)
2026-09-07 00:58:44,924 MatchingPostProcessor WARNING  Orphan pdf_cell 141 recovered to col=1 by nearest-column fallback (row=2, x=595.3, dist=232.4)
2026-09-07 00:58:44,924 MatchingPostProcessor WARNING  Orphan pdf_cell 142 recovered to col=1 by nearest-column fallback (row=2, x=606.3, dist=221.3)
2026-09-07 00:58:44,924 MatchingPostProcessor WARNING  Orphan pdf_cell 143 recovered to col=1 by nearest-column fallback (row=2, x=617.4, dist=210.2)
2026-09-07 00:58:44,924 MatchingPostProcessor WARNING  Orphan pdf_cell 144 recovered to col=1 by nearest-column fallback (row=2, x=628.5, dist=199.1)
2026-09-07 00:58:44,924 MatchingPostProcessor WARNING  Orphan pdf_cell 145 recovered to col=1 by nearest-column fallback (row=2, x=639.6, dist=188.0)
2026-09-07 00:58:44,924 MatchingPostProcessor WARNING  Orphan pdf_cell 146 recovered to col=1 by nearest-column fallback (row=2, x=650.7, dist=176.9)
2026-09-07 00:58:44,924 MatchingPostProcessor WARNING  Orphan pdf_cell 147 recovered to col=1 by nearest-column fallback (row=2, x=661.8, dist=165.8)
2026-09-07 00:58:44,924 MatchingPostProcessor WARNING  Orphan pdf_cell 148 recovered to col=1 by nearest-column fallback (row=2, x=672.9, dist=154.7)
2026-09-07 00:58:44,924 MatchingPostProcessor WARNING  Orphan pdf_cell 149 recovered to col=1 by nearest-column fallback (row=2, x=684.0, dist=143.7)
2026-09-07 00:58:44,924 MatchingPostProcessor WARNING  Orphan pdf_cell 150 recovered to col=1 by nearest-column fallback (row=2, x=695.1, dist=132.6)
2026-09-07 00:58:44,924 MatchingPostProcessor WARNING  Orphan pdf_cell 151 recovered to col=1 by nearest-column fallback (row=2, x=706.1, dist=121.5)
2026-09-07 00:58:44,924 MatchingPostProcessor WARNING  Orphan pdf_cell 152 recovered to col=1 by nearest-column fallback (row=2, x=717.2, dist=110.4)
2026-09-07 00:58:44,924 MatchingPostProcessor WARNING  Orphan pdf_cell 153 recovered to col=1 by nearest-column fallback (row=2, x=728.3, dist=99.3)
2026-09-07 00:58:44,924 MatchingPostProcessor WARNING  Orphan pdf_cell 154 recovered to col=1 by nearest-column fallback (row=2, x=739.4, dist=88.2)
2026-09-07 00:58:44,924 MatchingPostProcessor WARNING  Orphan pdf_cell 155 recovered to col=1 by nearest-column fallback (row=2, x=750.5, dist=77.1)
2026-09-07 00:58:44,924 MatchingPostProcessor WARNING  Orphan pdf_cell 156 recovered to col=1 by nearest-column fallback (row=2, x=761.6, dist=66.0)
2026-09-07 00:58:44,924 MatchingPostProcessor WARNING  Orphan pdf_cell 157 recovered to col=1 by nearest-column fallback (row=2, x=772.7, dist=55.0)
2026-09-07 00:58:44,924 MatchingPostProcessor WARNING  Orphan pdf_cell 158 recovered to col=1 by nearest-column fallback (row=2, x=783.8, dist=43.9)
2026-09-07 00:58:44,924 MatchingPostProcessor WARNING  Orphan pdf_cell 159 recovered to col=1 by nearest-column fallback (row=2, x=794.8, dist=32.8)
2026-09-07 00:58:44,924 MatchingPostProcessor WARNING  Orphan pdf_cell 186 recovered to col=0 by nearest-column fallback (row=3, x=528.7, dist=219.6)
2026-09-07 00:58:44,924 MatchingPostProcessor WARNING  Orphan pdf_cell 187 recovered to col=0 by nearest-column fallback (row=3, x=539.8, dist=230.7)
2026-09-07 00:58:44,924 MatchingPostProcessor WARNING  Orphan pdf_cell 188 recovered to col=0 by nearest-column fallback (row=3, x=550.9, dist=241.8)
2026-09-07 00:58:44,924 MatchingPostProcessor WARNING  Orphan pdf_cell 189 recovered to col=0 by nearest-column fallback (row=3, x=562.0, dist=252.8)
2026-09-07 00:58:44,924 MatchingPostProcessor WARNING  Orphan pdf_cell 190 recovered to col=1 by nearest-column fallback (row=3, x=573.1, dist=254.5)
2026-09-07 00:58:44,924 MatchingPostProcessor WARNING  Orphan pdf_cell 191 recovered to col=1 by nearest-column fallback (row=3, x=584.2, dist=243.5)
2026-09-07 00:58:44,924 MatchingPostProcessor WARNING  Orphan pdf_cell 192 recovered to col=1 by nearest-column fallback (row=3, x=595.3, dist=232.4)
2026-09-07 00:58:44,924 MatchingPostProcessor WARNING  Orphan pdf_cell 193 recovered to col=1 by nearest-column fallback (row=3, x=606.3, dist=221.3)
2026-09-07 00:58:44,924 MatchingPostProcessor WARNING  Orphan pdf_cell 194 recovered to col=1 by nearest-column fallback (row=3, x=617.4, dist=210.2)
2026-09-07 00:58:44,924 MatchingPostProcessor WARNING  Orphan pdf_cell 195 recovered to col=1 by nearest-column fallback (row=3, x=628.5, dist=199.1)
2026-09-07 00:58:44,924 MatchingPostProcessor WARNING  Orphan pdf_cell 196 recovered to col=1 by nearest-column fallback (row=3, x=639.6, dist=188.0)
2026-09-07 00:58:44,924 MatchingPostProcessor WARNING  Orphan pdf_cell 197 recovered to col=1 by nearest-column fallback (row=3, x=650.7, dist=176.9)
2026-09-07 00:58:44,924 MatchingPostProcessor WARNING  Orphan pdf_cell 198 recovered to col=1 by nearest-column fallback (row=3, x=661.8, dist=165.8)
2026-09-07 00:58:44,924 MatchingPostProcessor WARNING  Orphan pdf_cell 199 recovered to col=1 by nearest-column fallback (row=3, x=672.9, dist=154.7)
2026-09-07 00:58:44,925 MatchingPostProcessor WARNING  Orphan pdf_cell 200 recovered to col=1 by nearest-column fallback (row=3, x=684.0, dist=143.7)
2026-09-07 00:58:44,925 MatchingPostProcessor WARNING  Orphan pdf_cell 201 recovered to col=1 by nearest-column fallback (row=3, x=695.1, dist=132.6)
2026-09-07 00:58:44,925 MatchingPostProcessor WARNING  Orphan pdf_cell 202 recovered to col=1 by nearest-column fallback (row=3, x=706.1, dist=121.5)
2026-09-07 00:58:44,925 MatchingPostProcessor WARNING  Orphan pdf_cell 203 recovered to col=1 by nearest-column fallback (row=3, x=717.2, dist=110.4)
2026-09-07 00:58:44,925 MatchingPostProcessor WARNING  Orphan pdf_cell 204 recovered to col=1 by nearest-column fallback (row=3, x=728.3, dist=99.3)
2026-09-07 00:58:44,925 MatchingPostProcessor WARNING  Orphan pdf_cell 205 recovered to col=1 by nearest-column fallback (row=3, x=739.4, dist=88.2)
2026-09-07 00:58:44,925 MatchingPostProcessor WARNING  Orphan pdf_cell 206 recovered to col=1 by nearest-column fallback (row=3, x=750.5, dist=77.1)
2026-09-07 00:58:44,925 MatchingPostProcessor WARNING  Orphan pdf_cell 207 recovered to col=1 by nearest-column fallback (row=3, x=761.6, dist=66.0)
2026-09-07 00:58:44,925 MatchingPostProcessor WARNING  Orphan pdf_cell 208 recovered to col=1 by nearest-column fallback (row=3, x=772.7, dist=55.0)
2026-09-07 00:58:44,925 MatchingPostProcessor WARNING  Orphan pdf_cell 209 recovered to col=1 by nearest-column fallback (row=3, x=783.8, dist=43.9)
2026-09-07 00:58:44,925 MatchingPostProcessor WARNING  Orphan pdf_cell 210 recovered to col=1 by nearest-column fallback (row=3, x=794.8, dist=32.8)
2026-09-07 00:58:44,925 MatchingPostProcessor WARNING  Orphan pdf_cell 228 recovered to col=0 by nearest-column fallback (row=4, x=528.7, dist=219.6)
2026-09-07 00:58:44,925 MatchingPostProcessor WARNING  Orphan pdf_cell 229 recovered to col=0 by nearest-column fallback (row=4, x=539.8, dist=230.7)
2026-09-07 00:58:44,925 MatchingPostProcessor WARNING  Orphan pdf_cell 230 recovered to col=0 by nearest-column fallback (row=4, x=550.9, dist=241.8)
2026-09-07 00:58:44,925 MatchingPostProcessor WARNING  Orphan pdf_cell 231 recovered to col=0 by nearest-column fallback (row=4, x=562.0, dist=252.8)
2026-09-07 00:58:44,925 MatchingPostProcessor WARNING  Orphan pdf_cell 232 recovered to col=1 by nearest-column fallback (row=4, x=573.1, dist=254.5)
2026-09-07 00:58:44,925 MatchingPostProcessor WARNING  Orphan pdf_cell 233 recovered to col=1 by nearest-column fallback (row=4, x=584.2, dist=243.5)
2026-09-07 00:58:44,925 MatchingPostProcessor WARNING  Orphan pdf_cell 234 recovered to col=1 by nearest-column fallback (row=4, x=595.3, dist=232.4)
2026-09-07 00:58:44,925 MatchingPostProcessor WARNING  Orphan pdf_cell 235 recovered to col=1 by nearest-column fallback (row=4, x=606.3, dist=221.3)
2026-09-07 00:58:44,925 MatchingPostProcessor WARNING  Orphan pdf_cell 236 recovered to col=1 by nearest-column fallback (row=4, x=617.4, dist=210.2)
2026-09-07 00:58:44,925 MatchingPostProcessor WARNING  Orphan pdf_cell 237 recovered to col=1 by nearest-column fallback (row=4, x=628.5, dist=199.1)
2026-09-07 00:58:44,925 MatchingPostProcessor WARNING  Orphan pdf_cell 238 recovered to col=1 by nearest-column fallback (row=4, x=639.6, dist=188.0)
2026-09-07 00:58:44,925 MatchingPostProcessor WARNING  Orphan pdf_cell 239 recovered to col=1 by nearest-column fallback (row=4, x=650.7, dist=176.9)
2026-09-07 00:58:44,925 MatchingPostProcessor WARNING  Orphan pdf_cell 240 recovered to col=1 by nearest-column fallback (row=4, x=661.8, dist=165.8)
2026-09-07 00:58:44,925 MatchingPostProcessor WARNING  Orphan pdf_cell 241 recovered to col=1 by nearest-column fallback (row=4, x=672.9, dist=154.7)
2026-09-07 00:58:44,925 MatchingPostProcessor WARNING  Orphan pdf_cell 242 recovered to col=1 by nearest-column fallback (row=4, x=684.0, dist=143.7)
2026-09-07 00:58:44,925 MatchingPostProcessor WARNING  Orphan pdf_cell 243 recovered to col=1 by nearest-column fallback (row=4, x=695.1, dist=132.6)
2026-09-07 00:58:44,925 MatchingPostProcessor WARNING  Orphan pdf_cell 244 recovered to col=1 by nearest-column fallback (row=4, x=706.1, dist=121.5)
2026-09-07 00:58:44,925 MatchingPostProcessor WARNING  Orphan pdf_cell 245 recovered to col=1 by nearest-column fallback (row=4, x=717.2, dist=110.4)
2026-09-07 00:58:44,925 MatchingPostProcessor WARNING  Orphan pdf_cell 246 recovered to col=1 by nearest-column fallback (row=4, x=728.3, dist=99.3)
2026-09-07 00:58:44,925 MatchingPostProcessor WARNING  Orphan pdf_cell 247 recovered to col=1 by nearest-column fallback (row=4, x=739.4, dist=88.2)
2026-09-07 00:58:44,925 MatchingPostProcessor WARNING  Orphan pdf_cell 248 recovered to col=1 by nearest-column fallback (row=4, x=750.5, dist=77.1)
2026-09-07 00:58:44,925 MatchingPostProcessor WARNING  Orphan pdf_cell 249 recovered to col=1 by nearest-column fallback (row=4, x=761.6, dist=66.0)
2026-09-07 00:58:44,925 MatchingPostProcessor WARNING  Orphan pdf_cell 250 recovered to col=1 by nearest-column fallback (row=4, x=772.7, dist=55.0)
2026-09-07 00:58:44,925 MatchingPostProcessor WARNING  Orphan pdf_cell 251 recovered to col=1 by nearest-column fallback (row=4, x=783.8, dist=43.9)
2026-09-07 00:58:44,925 MatchingPostProcessor WARNING  Orphan pdf_cell 252 recovered to col=1 by nearest-column fallback (row=4, x=794.8, dist=32.8)
2026-09-07 00:58:44,925 MatchingPostProcessor WARNING  Orphan pdf_cell 282 recovered to col=0 by nearest-column fallback (row=5, x=528.7, dist=219.6)
2026-09-07 00:58:44,925 MatchingPostProcessor WARNING  Orphan pdf_cell 283 recovered to col=0 by nearest-column fallback (row=5, x=539.8, dist=230.7)
2026-09-07 00:58:44,925 MatchingPostProcessor WARNING  Orphan pdf_cell 284 recovered to col=0 by nearest-column fallback (row=5, x=550.9, dist=241.8)
2026-09-07 00:58:44,925 MatchingPostProcessor WARNING  Orphan pdf_cell 285 recovered to col=0 by nearest-column fallback (row=5, x=562.0, dist=252.8)
2026-09-07 00:58:44,925 MatchingPostProcessor WARNING  Orphan pdf_cell 286 recovered to col=1 by nearest-column fallback (row=5, x=573.1, dist=254.5)
2026-09-07 00:58:44,925 MatchingPostProcessor WARNING  Orphan pdf_cell 287 recovered to col=1 by nearest-column fallback (row=5, x=584.2, dist=243.5)
2026-09-07 00:58:44,926 MatchingPostProcessor WARNING  Orphan pdf_cell 288 recovered to col=1 by nearest-column fallback (row=5, x=595.3, dist=232.4)
2026-09-07 00:58:44,926 MatchingPostProcessor WARNING  Orphan pdf_cell 289 recovered to col=1 by nearest-column fallback (row=5, x=606.3, dist=221.3)
2026-09-07 00:58:44,926 MatchingPostProcessor WARNING  Orphan pdf_cell 290 recovered to col=1 by nearest-column fallback (row=5, x=617.4, dist=210.2)
2026-09-07 00:58:44,926 MatchingPostProcessor WARNING  Orphan pdf_cell 291 recovered to col=1 by nearest-column fallback (row=5, x=628.5, dist=199.1)
2026-09-07 00:58:44,926 MatchingPostProcessor WARNING  Orphan pdf_cell 292 recovered to col=1 by nearest-column fallback (row=5, x=639.6, dist=188.0)
2026-09-07 00:58:44,926 MatchingPostProcessor WARNING  Orphan pdf_cell 293 recovered to col=1 by nearest-column fallback (row=5, x=650.7, dist=176.9)
2026-09-07 00:58:44,926 MatchingPostProcessor WARNING  Orphan pdf_cell 294 recovered to col=1 by nearest-column fallback (row=5, x=661.8, dist=165.8)
2026-09-07 00:58:44,926 MatchingPostProcessor WARNING  Orphan pdf_cell 295 recovered to col=1 by nearest-column fallback (row=5, x=672.9, dist=154.7)
2026-09-07 00:58:44,926 MatchingPostProcessor WARNING  Orphan pdf_cell 296 recovered to col=1 by nearest-column fallback (row=5, x=684.0, dist=143.7)
2026-09-07 00:58:44,926 MatchingPostProcessor WARNING  Orphan pdf_cell 297 recovered to col=1 by nearest-column fallback (row=5, x=695.1, dist=132.6)
2026-09-07 00:58:44,926 MatchingPostProcessor WARNING  Orphan pdf_cell 298 recovered to col=1 by nearest-column fallback (row=5, x=706.1, dist=121.5)
2026-09-07 00:58:44,926 MatchingPostProcessor WARNING  Orphan pdf_cell 299 recovered to col=1 by nearest-column fallback (row=5, x=717.2, dist=110.4)
2026-09-07 00:58:44,926 MatchingPostProcessor WARNING  Orphan pdf_cell 300 recovered to col=1 by nearest-column fallback (row=5, x=728.3, dist=99.3)
2026-09-07 00:58:44,926 MatchingPostProcessor WARNING  Orphan pdf_cell 301 recovered to col=1 by nearest-column fallback (row=5, x=739.4, dist=88.2)
2026-09-07 00:58:44,926 MatchingPostProcessor WARNING  Orphan pdf_cell 302 recovered to col=1 by nearest-column fallback (row=5, x=750.5, dist=77.1)
2026-09-07 00:58:44,926 MatchingPostProcessor WARNING  Orphan pdf_cell 303 recovered to col=1 by nearest-column fallback (row=5, x=761.6, dist=66.0)
2026-09-07 00:58:44,926 MatchingPostProcessor WARNING  Orphan pdf_cell 304 recovered to col=1 by nearest-column fallback (row=5, x=772.7, dist=55.0)
2026-09-07 00:58:44,926 MatchingPostProcessor WARNING  Orphan pdf_cell 305 recovered to col=1 by nearest-column fallback (row=5, x=783.8, dist=43.9)
2026-09-07 00:58:44,926 MatchingPostProcessor WARNING  Orphan pdf_cell 306 recovered to col=1 by nearest-column fallback (row=5, x=794.8, dist=32.8)
2026-09-07 00:58:44,926 MatchingPostProcessor WARNING  Orphan pdf_cell 322 recovered to col=0 by nearest-column fallback (row=6, x=528.7, dist=219.6)
2026-09-07 00:58:44,926 MatchingPostProcessor WARNING  Orphan pdf_cell 323 recovered to col=0 by nearest-column fallback (row=6, x=539.8, dist=230.7)
2026-09-07 00:58:44,926 MatchingPostProcessor WARNING  Orphan pdf_cell 324 recovered to col=0 by nearest-column fallback (row=6, x=550.9, dist=241.8)
2026-09-07 00:58:44,926 MatchingPostProcessor WARNING  Orphan pdf_cell 325 recovered to col=0 by nearest-column fallback (row=6, x=562.0, dist=252.8)
2026-09-07 00:58:44,926 MatchingPostProcessor WARNING  Orphan pdf_cell 326 recovered to col=1 by nearest-column fallback (row=6, x=573.1, dist=254.5)
2026-09-07 00:58:44,926 MatchingPostProcessor WARNING  Orphan pdf_cell 327 recovered to col=1 by nearest-column fallback (row=6, x=584.2, dist=243.5)
2026-09-07 00:58:44,926 MatchingPostProcessor WARNING  Orphan pdf_cell 328 recovered to col=1 by nearest-column fallback (row=6, x=595.3, dist=232.4)
2026-09-07 00:58:44,926 MatchingPostProcessor WARNING  Orphan pdf_cell 329 recovered to col=1 by nearest-column fallback (row=6, x=606.3, dist=221.3)
2026-09-07 00:58:44,926 MatchingPostProcessor WARNING  Orphan pdf_cell 330 recovered to col=1 by nearest-column fallback (row=6, x=617.4, dist=210.2)
2026-09-07 00:58:44,926 MatchingPostProcessor WARNING  Orphan pdf_cell 331 recovered to col=1 by nearest-column fallback (row=6, x=628.5, dist=199.1)
2026-09-07 00:58:44,926 MatchingPostProcessor WARNING  Orphan pdf_cell 332 recovered to col=1 by nearest-column fallback (row=6, x=639.6, dist=188.0)
2026-09-07 00:58:44,926 MatchingPostProcessor WARNING  Orphan pdf_cell 333 recovered to col=1 by nearest-column fallback (row=6, x=650.7, dist=176.9)
2026-09-07 00:58:44,926 MatchingPostProcessor WARNING  Orphan pdf_cell 334 recovered to col=1 by nearest-column fallback (row=6, x=661.8, dist=165.8)
2026-09-07 00:58:44,926 MatchingPostProcessor WARNING  Orphan pdf_cell 335 recovered to col=1 by nearest-column fallback (row=6, x=672.9, dist=154.7)
2026-09-07 00:58:44,926 MatchingPostProcessor WARNING  Orphan pdf_cell 336 recovered to col=1 by nearest-column fallback (row=6, x=684.0, dist=143.7)
2026-09-07 00:58:44,926 MatchingPostProcessor WARNING  Orphan pdf_cell 337 recovered to col=1 by nearest-column fallback (row=6, x=695.1, dist=132.6)
2026-09-07 00:58:44,926 MatchingPostProcessor WARNING  Orphan pdf_cell 338 recovered to col=1 by nearest-column fallback (row=6, x=706.1, dist=121.5)
2026-09-07 00:58:44,926 MatchingPostProcessor WARNING  Orphan pdf_cell 339 recovered to col=1 by nearest-column fallback (row=6, x=717.2, dist=110.4)
2026-09-07 00:58:44,926 MatchingPostProcessor WARNING  Orphan pdf_cell 340 recovered to col=1 by nearest-column fallback (row=6, x=728.3, dist=99.3)
2026-09-07 00:58:44,926 MatchingPostProcessor WARNING  Orphan pdf_cell 341 recovered to col=1 by nearest-column fallback (row=6, x=739.4, dist=88.2)
2026-09-07 00:58:44,926 MatchingPostProcessor WARNING  Orphan pdf_cell 342 recovered to col=1 by nearest-column fallback (row=6, x=750.5, dist=77.1)
2026-09-07 00:58:44,926 MatchingPostProcessor WARNING  Orphan pdf_cell 343 recovered to col=1 by nearest-column fallback (row=6, x=761.6, dist=66.0)
2026-09-07 00:58:44,926 MatchingPostProcessor WARNING  Orphan pdf_cell 344 recovered to col=1 by nearest-column fallback (row=6, x=772.7, dist=55.0)
2026-09-07 00:58:44,926 MatchingPostProcessor WARNING  Orphan pdf_cell 345 recovered to col=1 by nearest-column fallback (row=6, x=783.8, dist=43.9)
2026-09-07 00:58:44,926 MatchingPostProcessor WARNING  Orphan pdf_cell 346 recovered to col=1 by nearest-column fallback (row=6, x=794.8, dist=32.8)
2026-09-07 00:58:44,926 MatchingPostProcessor WARNING  Orphan pdf_cell 361 recovered to col=0 by nearest-column fallback (row=7, x=528.7, dist=219.6)
2026-09-07 00:58:44,926 MatchingPostProcessor WARNING  Orphan pdf_cell 362 recovered to col=0 by nearest-column fallback (row=7, x=539.8, dist=230.7)
2026-09-07 00:58:44,926 MatchingPostProcessor WARNING  Orphan pdf_cell 363 recovered to col=0 by nearest-column fallback (row=7, x=550.9, dist=241.8)
2026-09-07 00:58:44,927 MatchingPostProcessor WARNING  Orphan pdf_cell 364 recovered to col=0 by nearest-column fallback (row=7, x=562.0, dist=252.8)
2026-09-07 00:58:44,927 MatchingPostProcessor WARNING  Orphan pdf_cell 365 recovered to col=1 by nearest-column fallback (row=7, x=573.1, dist=254.5)
2026-09-07 00:58:44,927 MatchingPostProcessor WARNING  Orphan pdf_cell 366 recovered to col=1 by nearest-column fallback (row=7, x=584.2, dist=243.5)
2026-09-07 00:58:44,927 MatchingPostProcessor WARNING  Orphan pdf_cell 367 recovered to col=1 by nearest-column fallback (row=7, x=595.3, dist=232.4)
2026-09-07 00:58:44,927 MatchingPostProcessor WARNING  Orphan pdf_cell 368 recovered to col=1 by nearest-column fallback (row=7, x=606.3, dist=221.3)
2026-09-07 00:58:44,927 MatchingPostProcessor WARNING  Orphan pdf_cell 369 recovered to col=1 by nearest-column fallback (row=7, x=617.4, dist=210.2)
2026-09-07 00:58:44,927 MatchingPostProcessor WARNING  Orphan pdf_cell 370 recovered to col=1 by nearest-column fallback (row=7, x=628.5, dist=199.1)
2026-09-07 00:58:44,927 MatchingPostProcessor WARNING  Orphan pdf_cell 371 recovered to col=1 by nearest-column fallback (row=7, x=639.6, dist=188.0)
2026-09-07 00:58:44,927 MatchingPostProcessor WARNING  Orphan pdf_cell 372 recovered to col=1 by nearest-column fallback (row=7, x=650.7, dist=176.9)
2026-09-07 00:58:44,927 MatchingPostProcessor WARNING  Orphan pdf_cell 373 recovered to col=1 by nearest-column fallback (row=7, x=661.8, dist=165.8)
2026-09-07 00:58:44,927 MatchingPostProcessor WARNING  Orphan pdf_cell 374 recovered to col=1 by nearest-column fallback (row=7, x=672.9, dist=154.7)
2026-09-07 00:58:44,927 MatchingPostProcessor WARNING  Orphan pdf_cell 375 recovered to col=1 by nearest-column fallback (row=7, x=684.0, dist=143.7)
2026-09-07 00:58:44,927 MatchingPostProcessor WARNING  Orphan pdf_cell 376 recovered to col=1 by nearest-column fallback (row=7, x=695.1, dist=132.6)
2026-09-07 00:58:44,927 MatchingPostProcessor WARNING  Orphan pdf_cell 377 recovered to col=1 by nearest-column fallback (row=7, x=706.1, dist=121.5)
2026-09-07 00:58:44,927 MatchingPostProcessor WARNING  Orphan pdf_cell 378 recovered to col=1 by nearest-column fallback (row=7, x=717.2, dist=110.4)
2026-09-07 00:58:44,927 MatchingPostProcessor WARNING  Orphan pdf_cell 379 recovered to col=1 by nearest-column fallback (row=7, x=728.3, dist=99.3)
2026-09-07 00:58:44,927 MatchingPostProcessor WARNING  Orphan pdf_cell 380 recovered to col=1 by nearest-column fallback (row=7, x=739.4, dist=88.2)
2026-09-07 00:58:44,927 MatchingPostProcessor WARNING  Orphan pdf_cell 381 recovered to col=1 by nearest-column fallback (row=7, x=750.5, dist=77.1)
2026-09-07 00:58:44,927 MatchingPostProcessor WARNING  Orphan pdf_cell 382 recovered to col=1 by nearest-column fallback (row=7, x=761.6, dist=66.0)
2026-09-07 00:58:44,927 MatchingPostProcessor WARNING  Orphan pdf_cell 383 recovered to col=1 by nearest-column fallback (row=7, x=772.7, dist=55.0)
2026-09-07 00:58:44,927 MatchingPostProcessor WARNING  Orphan pdf_cell 384 recovered to col=1 by nearest-column fallback (row=7, x=783.8, dist=43.9)
2026-09-07 00:58:44,927 MatchingPostProcessor WARNING  Orphan pdf_cell 385 recovered to col=1 by nearest-column fallback (row=7, x=794.8, dist=32.8)
2026-09-07 00:58:44,927 MatchingPostProcessor WARNING  Orphan pdf_cell 402 recovered to col=0 by nearest-column fallback (row=8, x=528.7, dist=219.6)
2026-09-07 00:58:44,927 MatchingPostProcessor WARNING  Orphan pdf_cell 403 recovered to col=0 by nearest-column fallback (row=8, x=539.8, dist=230.7)
2026-09-07 00:58:44,927 MatchingPostProcessor WARNING  Orphan pdf_cell 404 recovered to col=0 by nearest-column fallback (row=8, x=550.9, dist=241.8)
2026-09-07 00:58:44,927 MatchingPostProcessor WARNING  Orphan pdf_cell 405 recovered to col=0 by nearest-column fallback (row=8, x=562.0, dist=252.8)
2026-09-07 00:58:44,927 MatchingPostProcessor WARNING  Orphan pdf_cell 406 recovered to col=1 by nearest-column fallback (row=8, x=573.1, dist=254.5)
2026-09-07 00:58:44,927 MatchingPostProcessor WARNING  Orphan pdf_cell 407 recovered to col=1 by nearest-column fallback (row=8, x=584.2, dist=243.5)
2026-09-07 00:58:44,927 MatchingPostProcessor WARNING  Orphan pdf_cell 408 recovered to col=1 by nearest-column fallback (row=8, x=595.3, dist=232.4)
2026-09-07 00:58:44,927 MatchingPostProcessor WARNING  Orphan pdf_cell 409 recovered to col=1 by nearest-column fallback (row=8, x=606.3, dist=221.3)
2026-09-07 00:58:44,927 MatchingPostProcessor WARNING  Orphan pdf_cell 410 recovered to col=1 by nearest-column fallback (row=8, x=617.4, dist=210.2)
2026-09-07 00:58:44,927 MatchingPostProcessor WARNING  Orphan pdf_cell 411 recovered to col=1 by nearest-column fallback (row=8, x=628.5, dist=199.1)
2026-09-07 00:58:44,927 MatchingPostProcessor WARNING  Orphan pdf_cell 412 recovered to col=1 by nearest-column fallback (row=8, x=639.6, dist=188.0)
2026-09-07 00:58:44,927 MatchingPostProcessor WARNING  Orphan pdf_cell 413 recovered to col=1 by nearest-column fallback (row=8, x=650.7, dist=176.9)
2026-09-07 00:58:44,927 MatchingPostProcessor WARNING  Orphan pdf_cell 414 recovered to col=1 by nearest-column fallback (row=8, x=661.8, dist=165.8)
2026-09-07 00:58:44,927 MatchingPostProcessor WARNING  Orphan pdf_cell 415 recovered to col=1 by nearest-column fallback (row=8, x=672.9, dist=154.7)
2026-09-07 00:58:44,927 MatchingPostProcessor WARNING  Orphan pdf_cell 416 recovered to col=1 by nearest-column fallback (row=8, x=684.0, dist=143.7)
2026-09-07 00:58:44,927 MatchingPostProcessor WARNING  Orphan pdf_cell 417 recovered to col=1 by nearest-column fallback (row=8, x=695.1, dist=132.6)
2026-09-07 00:58:44,927 MatchingPostProcessor WARNING  Orphan pdf_cell 418 recovered to col=1 by nearest-column fallback (row=8, x=706.1, dist=121.5)
2026-09-07 00:58:44,927 MatchingPostProcessor WARNING  Orphan pdf_cell 419 recovered to col=1 by nearest-column fallback (row=8, x=717.2, dist=110.4)
2026-09-07 00:58:44,927 MatchingPostProcessor WARNING  Orphan pdf_cell 420 recovered to col=1 by nearest-column fallback (row=8, x=728.3, dist=99.3)
2026-09-07 00:58:44,927 MatchingPostProcessor WARNING  Orphan pdf_cell 421 recovered to col=1 by nearest-column fallback (row=8, x=739.4, dist=88.2)
2026-09-07 00:58:44,927 MatchingPostProcessor WARNING  Orphan pdf_cell 422 recovered to col=1 by nearest-column fallback (row=8, x=750.5, dist=77.1)
2026-09-07 00:58:44,927 MatchingPostProcessor WARNING  Orphan pdf_cell 423 recovered to col=1 by nearest-column fallback (row=8, x=761.6, dist=66.0)
2026-09-07 00:58:44,927 MatchingPostProcessor WARNING  Orphan pdf_cell 424 recovered to col=1 by nearest-column fallback (row=8, x=772.7, dist=55.0)
2026-09-07 00:58:44,927 MatchingPostProcessor WARNING  Orphan pdf_cell 425 recovered to col=1 by nearest-column fallback (row=8, x=783.8, dist=43.9)
2026-09-07 00:58:44,927 MatchingPostProcessor WARNING  Orphan pdf_cell 426 recovered to col=1 by nearest-column fallback (row=8, x=794.8, dist=32.8)
2026-09-07 00:58:44,928 MatchingPostProcessor WARNING  Orphan pdf_cell 454 recovered to col=0 by nearest-column fallback (row=9, x=528.7, dist=219.6)
2026-09-07 00:58:44,928 MatchingPostProcessor WARNING  Orphan pdf_cell 455 recovered to col=0 by nearest-column fallback (row=9, x=539.8, dist=230.7)
2026-09-07 00:58:44,928 MatchingPostProcessor WARNING  Orphan pdf_cell 456 recovered to col=0 by nearest-column fallback (row=9, x=550.9, dist=241.8)
2026-09-07 00:58:44,928 MatchingPostProcessor WARNING  Orphan pdf_cell 457 recovered to col=0 by nearest-column fallback (row=9, x=562.0, dist=252.8)
2026-09-07 00:58:44,928 MatchingPostProcessor WARNING  Orphan pdf_cell 458 recovered to col=1 by nearest-column fallback (row=9, x=573.1, dist=254.5)
2026-09-07 00:58:44,928 MatchingPostProcessor WARNING  Orphan pdf_cell 459 recovered to col=1 by nearest-column fallback (row=9, x=584.2, dist=243.5)
2026-09-07 00:58:44,928 MatchingPostProcessor WARNING  Orphan pdf_cell 460 recovered to col=1 by nearest-column fallback (row=9, x=595.3, dist=232.4)
2026-09-07 00:58:44,928 MatchingPostProcessor WARNING  Orphan pdf_cell 461 recovered to col=1 by nearest-column fallback (row=9, x=606.3, dist=221.3)
2026-09-07 00:58:44,928 MatchingPostProcessor WARNING  Orphan pdf_cell 462 recovered to col=1 by nearest-column fallback (row=9, x=617.4, dist=210.2)
2026-09-07 00:58:44,928 MatchingPostProcessor WARNING  Orphan pdf_cell 463 recovered to col=1 by nearest-column fallback (row=9, x=628.5, dist=199.1)
2026-09-07 00:58:44,928 MatchingPostProcessor WARNING  Orphan pdf_cell 464 recovered to col=1 by nearest-column fallback (row=9, x=639.6, dist=188.0)
2026-09-07 00:58:44,928 MatchingPostProcessor WARNING  Orphan pdf_cell 465 recovered to col=1 by nearest-column fallback (row=9, x=650.7, dist=176.9)
2026-09-07 00:58:44,928 MatchingPostProcessor WARNING  Orphan pdf_cell 466 recovered to col=1 by nearest-column fallback (row=9, x=661.8, dist=165.8)
2026-09-07 00:58:44,928 MatchingPostProcessor WARNING  Orphan pdf_cell 467 recovered to col=1 by nearest-column fallback (row=9, x=672.9, dist=154.7)
2026-09-07 00:58:44,928 MatchingPostProcessor WARNING  Orphan pdf_cell 468 recovered to col=1 by nearest-column fallback (row=9, x=684.0, dist=143.7)
2026-09-07 00:58:44,928 MatchingPostProcessor WARNING  Orphan pdf_cell 469 recovered to col=1 by nearest-column fallback (row=9, x=695.1, dist=132.6)
2026-09-07 00:58:44,928 MatchingPostProcessor WARNING  Orphan pdf_cell 470 recovered to col=1 by nearest-column fallback (row=9, x=706.1, dist=121.5)
2026-09-07 00:58:44,928 MatchingPostProcessor WARNING  Orphan pdf_cell 471 recovered to col=1 by nearest-column fallback (row=9, x=717.2, dist=110.4)
2026-09-07 00:58:44,928 MatchingPostProcessor WARNING  Orphan pdf_cell 472 recovered to col=1 by nearest-column fallback (row=9, x=728.3, dist=99.3)
2026-09-07 00:58:44,928 MatchingPostProcessor WARNING  Orphan pdf_cell 473 recovered to col=1 by nearest-column fallback (row=9, x=739.4, dist=88.2)
2026-09-07 00:58:44,928 MatchingPostProcessor WARNING  Orphan pdf_cell 474 recovered to col=1 by nearest-column fallback (row=9, x=750.5, dist=77.1)
2026-09-07 00:58:44,928 MatchingPostProcessor WARNING  Orphan pdf_cell 475 recovered to col=1 by nearest-column fallback (row=9, x=761.6, dist=66.0)
2026-09-07 00:58:44,928 MatchingPostProcessor WARNING  Orphan pdf_cell 476 recovered to col=1 by nearest-column fallback (row=9, x=772.7, dist=55.0)
2026-09-07 00:58:44,928 MatchingPostProcessor WARNING  Orphan pdf_cell 477 recovered to col=1 by nearest-column fallback (row=9, x=783.8, dist=43.9)
2026-09-07 00:58:44,928 MatchingPostProcessor WARNING  Orphan pdf_cell 478 recovered to col=1 by nearest-column fallback (row=9, x=794.8, dist=32.8)
2026-09-07 00:58:44,928 MatchingPostProcessor WARNING  Orphan pdf_cell 498 recovered to col=0 by nearest-column fallback (row=10, x=528.7, dist=219.6)
2026-09-07 00:58:44,928 MatchingPostProcessor WARNING  Orphan pdf_cell 499 recovered to col=0 by nearest-column fallback (row=10, x=539.8, dist=230.7)
2026-09-07 00:58:44,928 MatchingPostProcessor WARNING  Orphan pdf_cell 500 recovered to col=0 by nearest-column fallback (row=10, x=550.9, dist=241.8)
2026-09-07 00:58:44,928 MatchingPostProcessor WARNING  Orphan pdf_cell 501 recovered to col=0 by nearest-column fallback (row=10, x=562.0, dist=252.8)
2026-09-07 00:58:44,928 MatchingPostProcessor WARNING  Orphan pdf_cell 502 recovered to col=1 by nearest-column fallback (row=10, x=573.1, dist=254.5)
2026-09-07 00:58:44,928 MatchingPostProcessor WARNING  Orphan pdf_cell 503 recovered to col=1 by nearest-column fallback (row=10, x=584.2, dist=243.5)
2026-09-07 00:58:44,928 MatchingPostProcessor WARNING  Orphan pdf_cell 504 recovered to col=1 by nearest-column fallback (row=10, x=595.3, dist=232.4)
2026-09-07 00:58:44,928 MatchingPostProcessor WARNING  Orphan pdf_cell 505 recovered to col=1 by nearest-column fallback (row=10, x=606.3, dist=221.3)
2026-09-07 00:58:44,928 MatchingPostProcessor WARNING  Orphan pdf_cell 506 recovered to col=1 by nearest-column fallback (row=10, x=617.4, dist=210.2)
2026-09-07 00:58:44,928 MatchingPostProcessor WARNING  Orphan pdf_cell 507 recovered to col=1 by nearest-column fallback (row=10, x=628.5, dist=199.1)
2026-09-07 00:58:44,928 MatchingPostProcessor WARNING  Orphan pdf_cell 508 recovered to col=1 by nearest-column fallback (row=10, x=639.6, dist=188.0)
2026-09-07 00:58:44,928 MatchingPostProcessor WARNING  Orphan pdf_cell 509 recovered to col=1 by nearest-column fallback (row=10, x=650.7, dist=176.9)
2026-09-07 00:58:44,928 MatchingPostProcessor WARNING  Orphan pdf_cell 510 recovered to col=1 by nearest-column fallback (row=10, x=661.8, dist=165.8)
2026-09-07 00:58:44,928 MatchingPostProcessor WARNING  Orphan pdf_cell 511 recovered to col=1 by nearest-column fallback (row=10, x=672.9, dist=154.7)
2026-09-07 00:58:44,928 MatchingPostProcessor WARNING  Orphan pdf_cell 512 recovered to col=1 by nearest-column fallback (row=10, x=684.0, dist=143.7)
2026-09-07 00:58:44,928 MatchingPostProcessor WARNING  Orphan pdf_cell 513 recovered to col=1 by nearest-column fallback (row=10, x=695.1, dist=132.6)
2026-09-07 00:58:44,928 MatchingPostProcessor WARNING  Orphan pdf_cell 514 recovered to col=1 by nearest-column fallback (row=10, x=706.1, dist=121.5)
2026-09-07 00:58:44,929 MatchingPostProcessor WARNING  Orphan pdf_cell 515 recovered to col=1 by nearest-column fallback (row=10, x=717.2, dist=110.4)
2026-09-07 00:58:44,929 MatchingPostProcessor WARNING  Orphan pdf_cell 516 recovered to col=1 by nearest-column fallback (row=10, x=728.3, dist=99.3)
2026-09-07 00:58:44,929 MatchingPostProcessor WARNING  Orphan pdf_cell 517 recovered to col=1 by nearest-column fallback (row=10, x=739.4, dist=88.2)
2026-09-07 00:58:44,929 MatchingPostProcessor WARNING  Orphan pdf_cell 518 recovered to col=1 by nearest-column fallback (row=10, x=750.5, dist=77.1)
2026-09-07 00:58:44,929 MatchingPostProcessor WARNING  Orphan pdf_cell 519 recovered to col=1 by nearest-column fallback (row=10, x=761.6, dist=66.0)
2026-09-07 00:58:44,929 MatchingPostProcessor WARNING  Orphan pdf_cell 520 recovered to col=1 by nearest-column fallback (row=10, x=772.7, dist=55.0)
2026-09-07 00:58:44,929 MatchingPostProcessor WARNING  Orphan pdf_cell 521 recovered to col=1 by nearest-column fallback (row=10, x=783.8, dist=43.9)
2026-09-07 00:58:44,929 MatchingPostProcessor WARNING  Orphan pdf_cell 522 recovered to col=1 by nearest-column fallback (row=10, x=794.8, dist=32.8)
2026-09-07 00:58:44,929 MatchingPostProcessor WARNING  Orphan pdf_cell 538 recovered to col=0 by nearest-column fallback (row=11, x=528.7, dist=219.6)
2026-09-07 00:58:44,929 MatchingPostProcessor WARNING  Orphan pdf_cell 539 recovered to col=0 by nearest-column fallback (row=11, x=539.8, dist=230.7)
2026-09-07 00:58:44,929 MatchingPostProcessor WARNING  Orphan pdf_cell 540 recovered to col=0 by nearest-column fallback (row=11, x=550.9, dist=241.8)
2026-09-07 00:58:44,929 MatchingPostProcessor WARNING  Orphan pdf_cell 541 recovered to col=0 by nearest-column fallback (row=11, x=562.0, dist=252.8)
2026-09-07 00:58:44,929 MatchingPostProcessor WARNING  Orphan pdf_cell 542 recovered to col=1 by nearest-column fallback (row=11, x=573.1, dist=254.5)
2026-09-07 00:58:44,929 MatchingPostProcessor WARNING  Orphan pdf_cell 543 recovered to col=1 by nearest-column fallback (row=11, x=584.2, dist=243.5)
2026-09-07 00:58:44,929 MatchingPostProcessor WARNING  Orphan pdf_cell 544 recovered to col=1 by nearest-column fallback (row=11, x=595.3, dist=232.4)
2026-09-07 00:58:44,929 MatchingPostProcessor WARNING  Orphan pdf_cell 545 recovered to col=1 by nearest-column fallback (row=11, x=606.3, dist=221.3)
2026-09-07 00:58:44,929 MatchingPostProcessor WARNING  Orphan pdf_cell 546 recovered to col=1 by nearest-column fallback (row=11, x=617.4, dist=210.2)
2026-09-07 00:58:44,929 MatchingPostProcessor WARNING  Orphan pdf_cell 547 recovered to col=1 by nearest-column fallback (row=11, x=628.5, dist=199.1)
2026-09-07 00:58:44,929 MatchingPostProcessor WARNING  Orphan pdf_cell 548 recovered to col=1 by nearest-column fallback (row=11, x=639.6, dist=188.0)
2026-09-07 00:58:44,929 MatchingPostProcessor WARNING  Orphan pdf_cell 549 recovered to col=1 by nearest-column fallback (row=11, x=650.7, dist=176.9)
2026-09-07 00:58:44,929 MatchingPostProcessor WARNING  Orphan pdf_cell 550 recovered to col=1 by nearest-column fallback (row=11, x=661.8, dist=165.8)
2026-09-07 00:58:44,929 MatchingPostProcessor WARNING  Orphan pdf_cell 551 recovered to col=1 by nearest-column fallback (row=11, x=672.9, dist=154.7)
2026-09-07 00:58:44,929 MatchingPostProcessor WARNING  Orphan pdf_cell 552 recovered to col=1 by nearest-column fallback (row=11, x=684.0, dist=143.7)
2026-09-07 00:58:44,929 MatchingPostProcessor WARNING  Orphan pdf_cell 553 recovered to col=1 by nearest-column fallback (row=11, x=695.1, dist=132.6)
2026-09-07 00:58:44,929 MatchingPostProcessor WARNING  Orphan pdf_cell 554 recovered to col=1 by nearest-column fallback (row=11, x=706.1, dist=121.5)
2026-09-07 00:58:44,929 MatchingPostProcessor WARNING  Orphan pdf_cell 555 recovered to col=1 by nearest-column fallback (row=11, x=717.2, dist=110.4)
2026-09-07 00:58:44,929 MatchingPostProcessor WARNING  Orphan pdf_cell 556 recovered to col=1 by nearest-column fallback (row=11, x=728.3, dist=99.3)
2026-09-07 00:58:44,929 MatchingPostProcessor WARNING  Orphan pdf_cell 557 recovered to col=1 by nearest-column fallback (row=11, x=739.4, dist=88.2)
2026-09-07 00:58:44,929 MatchingPostProcessor WARNING  Orphan pdf_cell 558 recovered to col=1 by nearest-column fallback (row=11, x=750.5, dist=77.1)
2026-09-07 00:58:44,929 MatchingPostProcessor WARNING  Orphan pdf_cell 559 recovered to col=1 by nearest-column fallback (row=11, x=761.6, dist=66.0)
2026-09-07 00:58:44,929 MatchingPostProcessor WARNING  Orphan pdf_cell 560 recovered to col=1 by nearest-column fallback (row=11, x=772.7, dist=55.0)
2026-09-07 00:58:44,929 MatchingPostProcessor WARNING  Orphan pdf_cell 561 recovered to col=1 by nearest-column fallback (row=11, x=783.8, dist=43.9)
2026-09-07 00:58:44,929 MatchingPostProcessor WARNING  Orphan pdf_cell 562 recovered to col=1 by nearest-column fallback (row=11, x=794.8, dist=32.8)
2026-09-07 00:58:44,929 MatchingPostProcessor WARNING  Orphan pdf_cell 579 recovered to col=0 by nearest-column fallback (row=12, x=528.7, dist=219.6)
2026-09-07 00:58:44,929 MatchingPostProcessor WARNING  Orphan pdf_cell 580 recovered to col=0 by nearest-column fallback (row=12, x=539.8, dist=230.7)
2026-09-07 00:58:44,929 MatchingPostProcessor WARNING  Orphan pdf_cell 581 recovered to col=0 by nearest-column fallback (row=12, x=550.9, dist=241.8)
2026-09-07 00:58:44,929 MatchingPostProcessor WARNING  Orphan pdf_cell 582 recovered to col=0 by nearest-column fallback (row=12, x=562.0, dist=252.8)
2026-09-07 00:58:44,929 MatchingPostProcessor WARNING  Orphan pdf_cell 583 recovered to col=1 by nearest-column fallback (row=12, x=573.1, dist=254.5)
2026-09-07 00:58:44,929 MatchingPostProcessor WARNING  Orphan pdf_cell 584 recovered to col=1 by nearest-column fallback (row=12, x=584.2, dist=243.5)
2026-09-07 00:58:44,929 MatchingPostProcessor WARNING  Orphan pdf_cell 585 recovered to col=1 by nearest-column fallback (row=12, x=595.3, dist=232.4)
2026-09-07 00:58:44,929 MatchingPostProcessor WARNING  Orphan pdf_cell 586 recovered to col=1 by nearest-column fallback (row=12, x=606.3, dist=221.3)
2026-09-07 00:58:44,929 MatchingPostProcessor WARNING  Orphan pdf_cell 587 recovered to col=1 by nearest-column fallback (row=12, x=617.4, dist=210.2)
2026-09-07 00:58:44,929 MatchingPostProcessor WARNING  Orphan pdf_cell 588 recovered to col=1 by nearest-column fallback (row=12, x=628.5, dist=199.1)
2026-09-07 00:58:44,929 MatchingPostProcessor WARNING  Orphan pdf_cell 589 recovered to col=1 by nearest-column fallback (row=12, x=639.6, dist=188.0)
2026-09-07 00:58:44,929 MatchingPostProcessor WARNING  Orphan pdf_cell 590 recovered to col=1 by nearest-column fallback (row=12, x=650.7, dist=176.9)
2026-09-07 00:58:44,929 MatchingPostProcessor WARNING  Orphan pdf_cell 591 recovered to col=1 by nearest-column fallback (row=12, x=661.8, dist=165.8)
2026-09-07 00:58:44,930 MatchingPostProcessor WARNING  Orphan pdf_cell 592 recovered to col=1 by nearest-column fallback (row=12, x=672.9, dist=154.7)
2026-09-07 00:58:44,930 MatchingPostProcessor WARNING  Orphan pdf_cell 593 recovered to col=1 by nearest-column fallback (row=12, x=684.0, dist=143.7)
2026-09-07 00:58:44,930 MatchingPostProcessor WARNING  Orphan pdf_cell 594 recovered to col=1 by nearest-column fallback (row=12, x=695.1, dist=132.6)
2026-09-07 00:58:44,930 MatchingPostProcessor WARNING  Orphan pdf_cell 595 recovered to col=1 by nearest-column fallback (row=12, x=706.1, dist=121.5)
2026-09-07 00:58:44,930 MatchingPostProcessor WARNING  Orphan pdf_cell 596 recovered to col=1 by nearest-column fallback (row=12, x=717.2, dist=110.4)
2026-09-07 00:58:44,930 MatchingPostProcessor WARNING  Orphan pdf_cell 597 recovered to col=1 by nearest-column fallback (row=12, x=728.3, dist=99.3)
2026-09-07 00:58:44,930 MatchingPostProcessor WARNING  Orphan pdf_cell 598 recovered to col=1 by nearest-column fallback (row=12, x=739.4, dist=88.2)
2026-09-07 00:58:44,930 MatchingPostProcessor WARNING  Orphan pdf_cell 599 recovered to col=1 by nearest-column fallback (row=12, x=750.5, dist=77.1)
2026-09-07 00:58:44,930 MatchingPostProcessor WARNING  Orphan pdf_cell 600 recovered to col=1 by nearest-column fallback (row=12, x=761.6, dist=66.0)
2026-09-07 00:58:44,930 MatchingPostProcessor WARNING  Orphan pdf_cell 601 recovered to col=1 by nearest-column fallback (row=12, x=772.7, dist=55.0)
2026-09-07 00:58:44,930 MatchingPostProcessor WARNING  Orphan pdf_cell 602 recovered to col=1 by nearest-column fallback (row=12, x=783.8, dist=43.9)
2026-09-07 00:58:44,930 MatchingPostProcessor WARNING  Orphan pdf_cell 603 recovered to col=1 by nearest-column fallback (row=12, x=794.8, dist=32.8)
2026-09-07 00:58:44,930 MatchingPostProcessor WARNING  Orphan pdf_cell 612 recovered to col=0 by nearest-column fallback (row=13, x=539.8, dist=230.7)
2026-09-07 00:58:44,930 MatchingPostProcessor WARNING  Orphan pdf_cell 613 recovered to col=0 by nearest-column fallback (row=13, x=550.9, dist=241.8)
2026-09-07 00:58:44,930 MatchingPostProcessor WARNING  Orphan pdf_cell 614 recovered to col=0 by nearest-column fallback (row=13, x=562.0, dist=252.8)
2026-09-07 00:58:44,930 MatchingPostProcessor WARNING  Orphan pdf_cell 615 recovered to col=1 by nearest-column fallback (row=13, x=573.1, dist=254.5)
2026-09-07 00:58:44,930 MatchingPostProcessor WARNING  Orphan pdf_cell 616 recovered to col=1 by nearest-column fallback (row=13, x=584.2, dist=243.5)
2026-09-07 00:58:44,930 MatchingPostProcessor WARNING  Orphan pdf_cell 617 recovered to col=1 by nearest-column fallback (row=13, x=595.3, dist=232.4)
2026-09-07 00:58:44,930 MatchingPostProcessor WARNING  Orphan pdf_cell 618 recovered to col=1 by nearest-column fallback (row=13, x=606.3, dist=221.3)
2026-09-07 00:58:44,930 MatchingPostProcessor WARNING  Orphan pdf_cell 619 recovered to col=1 by nearest-column fallback (row=13, x=617.4, dist=210.2)
2026-09-07 00:58:44,930 MatchingPostProcessor WARNING  Orphan pdf_cell 620 recovered to col=1 by nearest-column fallback (row=13, x=628.5, dist=199.1)
2026-09-07 00:58:44,930 MatchingPostProcessor WARNING  Orphan pdf_cell 621 recovered to col=1 by nearest-column fallback (row=13, x=639.6, dist=188.0)
2026-09-07 00:58:44,930 MatchingPostProcessor WARNING  Orphan pdf_cell 622 recovered to col=1 by nearest-column fallback (row=13, x=650.7, dist=176.9)
2026-09-07 00:58:44,930 MatchingPostProcessor WARNING  Orphan pdf_cell 623 recovered to col=1 by nearest-column fallback (row=13, x=661.8, dist=165.8)
2026-09-07 00:58:44,930 MatchingPostProcessor WARNING  Orphan pdf_cell 624 recovered to col=1 by nearest-column fallback (row=13, x=672.9, dist=154.7)
2026-09-07 00:58:44,930 MatchingPostProcessor WARNING  Orphan pdf_cell 625 recovered to col=1 by nearest-column fallback (row=13, x=684.0, dist=143.7)
2026-09-07 00:58:44,930 MatchingPostProcessor WARNING  Orphan pdf_cell 626 recovered to col=1 by nearest-column fallback (row=13, x=695.1, dist=132.6)
2026-09-07 00:58:44,930 MatchingPostProcessor WARNING  Orphan pdf_cell 627 recovered to col=1 by nearest-column fallback (row=13, x=706.1, dist=121.5)
2026-09-07 00:58:44,930 MatchingPostProcessor WARNING  Orphan pdf_cell 628 recovered to col=1 by nearest-column fallback (row=13, x=717.2, dist=110.4)
2026-09-07 00:58:44,930 MatchingPostProcessor WARNING  Orphan pdf_cell 629 recovered to col=1 by nearest-column fallback (row=13, x=728.3, dist=99.3)
2026-09-07 00:58:44,930 MatchingPostProcessor WARNING  Orphan pdf_cell 630 recovered to col=1 by nearest-column fallback (row=13, x=739.4, dist=88.2)
2026-09-07 00:58:44,930 MatchingPostProcessor WARNING  Orphan pdf_cell 631 recovered to col=1 by nearest-column fallback (row=13, x=750.5, dist=77.1)
2026-09-07 00:58:44,930 MatchingPostProcessor WARNING  Orphan pdf_cell 632 recovered to col=1 by nearest-column fallback (row=13, x=761.6, dist=66.0)
2026-09-07 00:58:44,930 MatchingPostProcessor WARNING  Orphan pdf_cell 633 recovered to col=1 by nearest-column fallback (row=13, x=772.7, dist=55.0)
2026-09-07 00:58:44,930 MatchingPostProcessor WARNING  Orphan pdf_cell 634 recovered to col=1 by nearest-column fallback (row=13, x=783.8, dist=43.9)
2026-09-07 00:58:44,930 MatchingPostProcessor WARNING  Orphan pdf_cell 635 recovered to col=1 by nearest-column fallback (row=13, x=794.8, dist=32.8)
2026-09-07 00:58:44,930 MatchingPostProcessor WARNING  Orphan pdf_cell 653 recovered to col=0 by nearest-column fallback (row=14, x=528.7, dist=219.6)
2026-09-07 00:58:44,930 MatchingPostProcessor WARNING  Orphan pdf_cell 654 recovered to col=0 by nearest-column fallback (row=14, x=539.8, dist=230.7)
2026-09-07 00:58:44,930 MatchingPostProcessor WARNING  Orphan pdf_cell 655 recovered to col=0 by nearest-column fallback (row=14, x=550.9, dist=241.8)
2026-09-07 00:58:44,930 MatchingPostProcessor WARNING  Orphan pdf_cell 656 recovered to col=0 by nearest-column fallback (row=14, x=562.0, dist=252.8)
2026-09-07 00:58:44,930 MatchingPostProcessor WARNING  Orphan pdf_cell 657 recovered to col=1 by nearest-column fallback (row=14, x=573.1, dist=254.5)
2026-09-07 00:58:44,930 MatchingPostProcessor WARNING  Orphan pdf_cell 658 recovered to col=1 by nearest-column fallback (row=14, x=584.2, dist=243.5)
2026-09-07 00:58:44,930 MatchingPostProcessor WARNING  Orphan pdf_cell 659 recovered to col=1 by nearest-column fallback (row=14, x=595.3, dist=232.4)
2026-09-07 00:58:44,930 MatchingPostProcessor WARNING  Orphan pdf_cell 660 recovered to col=1 by nearest-column fallback (row=14, x=606.3, dist=221.3)
2026-09-07 00:58:44,930 MatchingPostProcessor WARNING  Orphan pdf_cell 661 recovered to col=1 by nearest-column fallback (row=14, x=617.4, dist=210.2)
2026-09-07 00:58:44,930 MatchingPostProcessor WARNING  Orphan pdf_cell 662 recovered to col=1 by nearest-column fallback (row=14, x=628.5, dist=199.1)
2026-09-07 00:58:44,930 MatchingPostProcessor WARNING  Orphan pdf_cell 663 recovered to col=1 by nearest-column fallback (row=14, x=639.6, dist=188.0)
2026-09-07 00:58:44,930 MatchingPostProcessor WARNING  Orphan pdf_cell 664 recovered to col=1 by nearest-column fallback (row=14, x=650.7, dist=176.9)
2026-09-07 00:58:44,930 MatchingPostProcessor WARNING  Orphan pdf_cell 665 recovered to col=1 by nearest-column fallback (row=14, x=661.8, dist=165.8)
2026-09-07 00:58:44,931 MatchingPostProcessor WARNING  Orphan pdf_cell 666 recovered to col=1 by nearest-column fallback (row=14, x=672.9, dist=154.7)
2026-09-07 00:58:44,931 MatchingPostProcessor WARNING  Orphan pdf_cell 667 recovered to col=1 by nearest-column fallback (row=14, x=684.0, dist=143.7)
2026-09-07 00:58:44,931 MatchingPostProcessor WARNING  Orphan pdf_cell 668 recovered to col=1 by nearest-column fallback (row=14, x=695.1, dist=132.6)
2026-09-07 00:58:44,931 MatchingPostProcessor WARNING  Orphan pdf_cell 669 recovered to col=1 by nearest-column fallback (row=14, x=706.1, dist=121.5)
2026-09-07 00:58:44,931 MatchingPostProcessor WARNING  Orphan pdf_cell 670 recovered to col=1 by nearest-column fallback (row=14, x=717.2, dist=110.4)
2026-09-07 00:58:44,931 MatchingPostProcessor WARNING  Orphan pdf_cell 671 recovered to col=1 by nearest-column fallback (row=14, x=728.3, dist=99.3)
2026-09-07 00:58:44,931 MatchingPostProcessor WARNING  Orphan pdf_cell 672 recovered to col=1 by nearest-column fallback (row=14, x=739.4, dist=88.2)
2026-09-07 00:58:44,931 MatchingPostProcessor WARNING  Orphan pdf_cell 673 recovered to col=1 by nearest-column fallback (row=14, x=750.5, dist=77.1)
2026-09-07 00:58:44,931 MatchingPostProcessor WARNING  Orphan pdf_cell 674 recovered to col=1 by nearest-column fallback (row=14, x=761.6, dist=66.0)
2026-09-07 00:58:44,931 MatchingPostProcessor WARNING  Orphan pdf_cell 675 recovered to col=1 by nearest-column fallback (row=14, x=772.7, dist=55.0)
2026-09-07 00:58:44,931 MatchingPostProcessor WARNING  Orphan pdf_cell 676 recovered to col=1 by nearest-column fallback (row=14, x=783.8, dist=43.9)
2026-09-07 00:58:44,931 MatchingPostProcessor WARNING  Orphan pdf_cell 677 recovered to col=1 by nearest-column fallback (row=14, x=794.8, dist=32.8)
2026-09-07 00:58:44,931 MatchingPostProcessor WARNING  Orphan pdf_cell 691 recovered to col=0 by nearest-column fallback (row=15, x=528.7, dist=219.6)
2026-09-07 00:58:44,931 MatchingPostProcessor WARNING  Orphan pdf_cell 692 recovered to col=0 by nearest-column fallback (row=15, x=539.8, dist=230.7)
2026-09-07 00:58:44,931 MatchingPostProcessor WARNING  Orphan pdf_cell 693 recovered to col=0 by nearest-column fallback (row=15, x=550.9, dist=241.8)
2026-09-07 00:58:44,931 MatchingPostProcessor WARNING  Orphan pdf_cell 694 recovered to col=0 by nearest-column fallback (row=15, x=562.0, dist=252.8)
2026-09-07 00:58:44,931 MatchingPostProcessor WARNING  Orphan pdf_cell 695 recovered to col=1 by nearest-column fallback (row=15, x=573.1, dist=254.5)
2026-09-07 00:58:44,931 MatchingPostProcessor WARNING  Orphan pdf_cell 696 recovered to col=1 by nearest-column fallback (row=15, x=584.2, dist=243.5)
2026-09-07 00:58:44,931 MatchingPostProcessor WARNING  Orphan pdf_cell 697 recovered to col=1 by nearest-column fallback (row=15, x=595.3, dist=232.4)
2026-09-07 00:58:44,931 MatchingPostProcessor WARNING  Orphan pdf_cell 698 recovered to col=1 by nearest-column fallback (row=15, x=606.3, dist=221.3)
2026-09-07 00:58:44,931 MatchingPostProcessor WARNING  Orphan pdf_cell 699 recovered to col=1 by nearest-column fallback (row=15, x=617.4, dist=210.2)
2026-09-07 00:58:44,931 MatchingPostProcessor WARNING  Orphan pdf_cell 700 recovered to col=1 by nearest-column fallback (row=15, x=628.5, dist=199.1)
2026-09-07 00:58:44,931 MatchingPostProcessor WARNING  Orphan pdf_cell 701 recovered to col=1 by nearest-column fallback (row=15, x=639.6, dist=188.0)
2026-09-07 00:58:44,931 MatchingPostProcessor WARNING  Orphan pdf_cell 702 recovered to col=1 by nearest-column fallback (row=15, x=650.7, dist=176.9)
2026-09-07 00:58:44,931 MatchingPostProcessor WARNING  Orphan pdf_cell 703 recovered to col=1 by nearest-column fallback (row=15, x=661.8, dist=165.8)
2026-09-07 00:58:44,931 MatchingPostProcessor WARNING  Orphan pdf_cell 704 recovered to col=1 by nearest-column fallback (row=15, x=672.9, dist=154.7)
2026-09-07 00:58:44,931 MatchingPostProcessor WARNING  Orphan pdf_cell 705 recovered to col=1 by nearest-column fallback (row=15, x=684.0, dist=143.7)
2026-09-07 00:58:44,931 MatchingPostProcessor WARNING  Orphan pdf_cell 706 recovered to col=1 by nearest-column fallback (row=15, x=695.1, dist=132.6)
2026-09-07 00:58:44,931 MatchingPostProcessor WARNING  Orphan pdf_cell 707 recovered to col=1 by nearest-column fallback (row=15, x=706.1, dist=121.5)
2026-09-07 00:58:44,931 MatchingPostProcessor WARNING  Orphan pdf_cell 708 recovered to col=1 by nearest-column fallback (row=15, x=717.2, dist=110.4)
2026-09-07 00:58:44,931 MatchingPostProcessor WARNING  Orphan pdf_cell 709 recovered to col=1 by nearest-column fallback (row=15, x=728.3, dist=99.3)
2026-09-07 00:58:44,931 MatchingPostProcessor WARNING  Orphan pdf_cell 710 recovered to col=1 by nearest-column fallback (row=15, x=739.4, dist=88.2)
2026-09-07 00:58:44,931 MatchingPostProcessor WARNING  Orphan pdf_cell 711 recovered to col=1 by nearest-column fallback (row=15, x=750.5, dist=77.1)
2026-09-07 00:58:44,931 MatchingPostProcessor WARNING  Orphan pdf_cell 712 recovered to col=1 by nearest-column fallback (row=15, x=761.6, dist=66.0)
2026-09-07 00:58:44,931 MatchingPostProcessor WARNING  Orphan pdf_cell 713 recovered to col=1 by nearest-column fallback (row=15, x=772.7, dist=55.0)
2026-09-07 00:58:44,931 MatchingPostProcessor WARNING  Orphan pdf_cell 714 recovered to col=1 by nearest-column fallback (row=15, x=783.8, dist=43.9)
2026-09-07 00:58:44,931 MatchingPostProcessor WARNING  Orphan pdf_cell 715 recovered to col=1 by nearest-column fallback (row=15, x=794.8, dist=32.8)
2026-09-07 00:58:44,931 MatchingPostProcessor WARNING  Orphan pdf_cell 730 recovered to col=0 by nearest-column fallback (row=16, x=528.7, dist=219.6)
2026-09-07 00:58:44,931 MatchingPostProcessor WARNING  Orphan pdf_cell 731 recovered to col=0 by nearest-column fallback (row=16, x=539.8, dist=230.7)
2026-09-07 00:58:44,931 MatchingPostProcessor WARNING  Orphan pdf_cell 732 recovered to col=0 by nearest-column fallback (row=16, x=550.9, dist=241.8)
2026-09-07 00:58:44,931 MatchingPostProcessor WARNING  Orphan pdf_cell 733 recovered to col=0 by nearest-column fallback (row=16, x=562.0, dist=252.8)
2026-09-07 00:58:44,931 MatchingPostProcessor WARNING  Orphan pdf_cell 734 recovered to col=1 by nearest-column fallback (row=16, x=573.1, dist=254.5)
2026-09-07 00:58:44,931 MatchingPostProcessor WARNING  Orphan pdf_cell 735 recovered to col=1 by nearest-column fallback (row=16, x=584.2, dist=243.5)
2026-09-07 00:58:44,931 MatchingPostProcessor WARNING  Orphan pdf_cell 736 recovered to col=1 by nearest-column fallback (row=16, x=595.3, dist=232.4)
2026-09-07 00:58:44,931 MatchingPostProcessor WARNING  Orphan pdf_cell 737 recovered to col=1 by nearest-column fallback (row=16, x=606.3, dist=221.3)
2026-09-07 00:58:44,931 MatchingPostProcessor WARNING  Orphan pdf_cell 738 recovered to col=1 by nearest-column fallback (row=16, x=617.4, dist=210.2)
2026-09-07 00:58:44,931 MatchingPostProcessor WARNING  Orphan pdf_cell 739 recovered to col=1 by nearest-column fallback (row=16, x=628.5, dist=199.1)
2026-09-07 00:58:44,931 MatchingPostProcessor WARNING  Orphan pdf_cell 740 recovered to col=1 by nearest-column fallback (row=16, x=639.6, dist=188.0)
2026-09-07 00:58:44,932 MatchingPostProcessor WARNING  Orphan pdf_cell 741 recovered to col=1 by nearest-column fallback (row=16, x=650.7, dist=176.9)
2026-09-07 00:58:44,932 MatchingPostProcessor WARNING  Orphan pdf_cell 742 recovered to col=1 by nearest-column fallback (row=16, x=661.8, dist=165.8)
2026-09-07 00:58:44,932 MatchingPostProcessor WARNING  Orphan pdf_cell 743 recovered to col=1 by nearest-column fallback (row=16, x=672.9, dist=154.7)
2026-09-07 00:58:44,932 MatchingPostProcessor WARNING  Orphan pdf_cell 744 recovered to col=1 by nearest-column fallback (row=16, x=684.0, dist=143.7)
2026-09-07 00:58:44,932 MatchingPostProcessor WARNING  Orphan pdf_cell 745 recovered to col=1 by nearest-column fallback (row=16, x=695.1, dist=132.6)
2026-09-07 00:58:44,932 MatchingPostProcessor WARNING  Orphan pdf_cell 746 recovered to col=1 by nearest-column fallback (row=16, x=706.1, dist=121.5)
2026-09-07 00:58:44,932 MatchingPostProcessor WARNING  Orphan pdf_cell 747 recovered to col=1 by nearest-column fallback (row=16, x=717.2, dist=110.4)
2026-09-07 00:58:44,932 MatchingPostProcessor WARNING  Orphan pdf_cell 748 recovered to col=1 by nearest-column fallback (row=16, x=728.3, dist=99.3)
2026-09-07 00:58:44,932 MatchingPostProcessor WARNING  Orphan pdf_cell 749 recovered to col=1 by nearest-column fallback (row=16, x=739.4, dist=88.2)
2026-09-07 00:58:44,932 MatchingPostProcessor WARNING  Orphan pdf_cell 750 recovered to col=1 by nearest-column fallback (row=16, x=750.5, dist=77.1)
2026-09-07 00:58:44,932 MatchingPostProcessor WARNING  Orphan pdf_cell 751 recovered to col=1 by nearest-column fallback (row=16, x=761.6, dist=66.0)
2026-09-07 00:58:44,932 MatchingPostProcessor WARNING  Orphan pdf_cell 752 recovered to col=1 by nearest-column fallback (row=16, x=772.7, dist=55.0)
2026-09-07 00:58:44,932 MatchingPostProcessor WARNING  Orphan pdf_cell 753 recovered to col=1 by nearest-column fallback (row=16, x=783.8, dist=43.9)
2026-09-07 00:58:44,932 MatchingPostProcessor WARNING  Orphan pdf_cell 754 recovered to col=1 by nearest-column fallback (row=16, x=794.8, dist=32.8)
2026-09-07 00:58:44,932 MatchingPostProcessor WARNING  Orphan pdf_cell 765 recovered to col=0 by nearest-column fallback (row=17, x=528.7, dist=219.6)
2026-09-07 00:58:44,932 MatchingPostProcessor WARNING  Orphan pdf_cell 766 recovered to col=0 by nearest-column fallback (row=17, x=539.8, dist=230.7)
2026-09-07 00:58:44,932 MatchingPostProcessor WARNING  Orphan pdf_cell 767 recovered to col=0 by nearest-column fallback (row=17, x=550.9, dist=241.8)
2026-09-07 00:58:44,932 MatchingPostProcessor WARNING  Orphan pdf_cell 768 recovered to col=0 by nearest-column fallback (row=17, x=562.0, dist=252.8)
2026-09-07 00:58:44,932 MatchingPostProcessor WARNING  Orphan pdf_cell 769 recovered to col=1 by nearest-column fallback (row=17, x=573.1, dist=254.5)
2026-09-07 00:58:44,932 MatchingPostProcessor WARNING  Orphan pdf_cell 770 recovered to col=1 by nearest-column fallback (row=17, x=584.2, dist=243.5)
2026-09-07 00:58:44,932 MatchingPostProcessor WARNING  Orphan pdf_cell 771 recovered to col=1 by nearest-column fallback (row=17, x=595.3, dist=232.4)
2026-09-07 00:58:44,932 MatchingPostProcessor WARNING  Orphan pdf_cell 772 recovered to col=1 by nearest-column fallback (row=17, x=606.3, dist=221.3)
2026-09-07 00:58:44,932 MatchingPostProcessor WARNING  Orphan pdf_cell 773 recovered to col=1 by nearest-column fallback (row=17, x=617.4, dist=210.2)
2026-09-07 00:58:44,932 MatchingPostProcessor WARNING  Orphan pdf_cell 774 recovered to col=1 by nearest-column fallback (row=17, x=628.5, dist=199.1)
2026-09-07 00:58:44,932 MatchingPostProcessor WARNING  Orphan pdf_cell 775 recovered to col=1 by nearest-column fallback (row=17, x=639.6, dist=188.0)
2026-09-07 00:58:44,932 MatchingPostProcessor WARNING  Orphan pdf_cell 776 recovered to col=1 by nearest-column fallback (row=17, x=650.7, dist=176.9)
2026-09-07 00:58:44,932 MatchingPostProcessor WARNING  Orphan pdf_cell 777 recovered to col=1 by nearest-column fallback (row=17, x=661.8, dist=165.8)
2026-09-07 00:58:44,932 MatchingPostProcessor WARNING  Orphan pdf_cell 778 recovered to col=1 by nearest-column fallback (row=17, x=672.9, dist=154.7)
2026-09-07 00:58:44,932 MatchingPostProcessor WARNING  Orphan pdf_cell 779 recovered to col=1 by nearest-column fallback (row=17, x=684.0, dist=143.7)
2026-09-07 00:58:44,932 MatchingPostProcessor WARNING  Orphan pdf_cell 780 recovered to col=1 by nearest-column fallback (row=17, x=695.1, dist=132.6)
2026-09-07 00:58:44,932 MatchingPostProcessor WARNING  Orphan pdf_cell 781 recovered to col=1 by nearest-column fallback (row=17, x=706.1, dist=121.5)
2026-09-07 00:58:44,932 MatchingPostProcessor WARNING  Orphan pdf_cell 782 recovered to col=1 by nearest-column fallback (row=17, x=717.2, dist=110.4)
2026-09-07 00:58:44,932 MatchingPostProcessor WARNING  Orphan pdf_cell 783 recovered to col=1 by nearest-column fallback (row=17, x=728.3, dist=99.3)
2026-09-07 00:58:44,932 MatchingPostProcessor WARNING  Orphan pdf_cell 784 recovered to col=1 by nearest-column fallback (row=17, x=739.4, dist=88.2)
2026-09-07 00:58:44,932 MatchingPostProcessor WARNING  Orphan pdf_cell 785 recovered to col=1 by nearest-column fallback (row=17, x=750.5, dist=77.1)
2026-09-07 00:58:44,932 MatchingPostProcessor WARNING  Orphan pdf_cell 786 recovered to col=1 by nearest-column fallback (row=17, x=761.6, dist=66.0)
2026-09-07 00:58:44,932 MatchingPostProcessor WARNING  Orphan pdf_cell 787 recovered to col=1 by nearest-column fallback (row=17, x=772.7, dist=55.0)
2026-09-07 00:58:44,932 MatchingPostProcessor WARNING  Orphan pdf_cell 788 recovered to col=1 by nearest-column fallback (row=17, x=783.8, dist=43.9)
2026-09-07 00:58:44,932 MatchingPostProcessor WARNING  Orphan pdf_cell 789 recovered to col=1 by nearest-column fallback (row=17, x=794.8, dist=32.8)
2026-09-07 00:58:44,932 MatchingPostProcessor WARNING  Orphan pdf_cell 826 recovered to col=0 by nearest-column fallback (row=18, x=528.7, dist=219.6)
2026-09-07 00:58:44,933 MatchingPostProcessor WARNING  Orphan pdf_cell 827 recovered to col=0 by nearest-column fallback (row=18, x=539.8, dist=230.7)
2026-09-07 00:58:44,933 MatchingPostProcessor WARNING  Orphan pdf_cell 828 recovered to col=0 by nearest-column fallback (row=18, x=550.9, dist=241.8)
2026-09-07 00:58:44,933 MatchingPostProcessor WARNING  Orphan pdf_cell 829 recovered to col=0 by nearest-column fallback (row=18, x=562.0, dist=252.8)
2026-09-07 00:58:44,933 MatchingPostProcessor WARNING  Orphan pdf_cell 830 recovered to col=1 by nearest-column fallback (row=18, x=573.1, dist=254.5)
2026-09-07 00:58:44,933 MatchingPostProcessor WARNING  Orphan pdf_cell 831 recovered to col=1 by nearest-column fallback (row=18, x=584.2, dist=243.5)
2026-09-07 00:58:44,933 MatchingPostProcessor WARNING  Orphan pdf_cell 832 recovered to col=1 by nearest-column fallback (row=18, x=595.3, dist=232.4)
2026-09-07 00:58:44,933 MatchingPostProcessor WARNING  Orphan pdf_cell 833 recovered to col=1 by nearest-column fallback (row=18, x=606.3, dist=221.3)
2026-09-07 00:58:44,933 MatchingPostProcessor WARNING  Orphan pdf_cell 834 recovered to col=1 by nearest-column fallback (row=18, x=617.4, dist=210.2)
2026-09-07 00:58:44,933 MatchingPostProcessor WARNING  Orphan pdf_cell 835 recovered to col=1 by nearest-column fallback (row=18, x=628.5, dist=199.1)
2026-09-07 00:58:44,933 MatchingPostProcessor WARNING  Orphan pdf_cell 836 recovered to col=1 by nearest-column fallback (row=18, x=639.6, dist=188.0)
2026-09-07 00:58:44,933 MatchingPostProcessor WARNING  Orphan pdf_cell 837 recovered to col=1 by nearest-column fallback (row=18, x=650.7, dist=176.9)
2026-09-07 00:58:44,933 MatchingPostProcessor WARNING  Orphan pdf_cell 838 recovered to col=1 by nearest-column fallback (row=18, x=661.8, dist=165.8)
2026-09-07 00:58:44,933 MatchingPostProcessor WARNING  Orphan pdf_cell 839 recovered to col=1 by nearest-column fallback (row=18, x=672.9, dist=154.7)
2026-09-07 00:58:44,933 MatchingPostProcessor WARNING  Orphan pdf_cell 840 recovered to col=1 by nearest-column fallback (row=18, x=684.0, dist=143.7)
2026-09-07 00:58:44,933 MatchingPostProcessor WARNING  Orphan pdf_cell 841 recovered to col=1 by nearest-column fallback (row=18, x=695.1, dist=132.6)
2026-09-07 00:58:44,933 MatchingPostProcessor WARNING  Orphan pdf_cell 842 recovered to col=1 by nearest-column fallback (row=18, x=706.1, dist=121.5)
2026-09-07 00:58:44,933 MatchingPostProcessor WARNING  Orphan pdf_cell 843 recovered to col=1 by nearest-column fallback (row=18, x=717.2, dist=110.4)
2026-09-07 00:58:44,933 MatchingPostProcessor WARNING  Orphan pdf_cell 844 recovered to col=1 by nearest-column fallback (row=18, x=728.3, dist=99.3)
2026-09-07 00:58:44,933 MatchingPostProcessor WARNING  Orphan pdf_cell 845 recovered to col=1 by nearest-column fallback (row=18, x=739.4, dist=88.2)
2026-09-07 00:58:44,933 MatchingPostProcessor WARNING  Orphan pdf_cell 846 recovered to col=1 by nearest-column fallback (row=18, x=750.5, dist=77.1)
2026-09-07 00:58:44,933 MatchingPostProcessor WARNING  Orphan pdf_cell 847 recovered to col=1 by nearest-column fallback (row=18, x=761.6, dist=66.0)
2026-09-07 00:58:44,933 MatchingPostProcessor WARNING  Orphan pdf_cell 848 recovered to col=1 by nearest-column fallback (row=18, x=772.7, dist=55.0)
2026-09-07 00:58:44,933 MatchingPostProcessor WARNING  Orphan pdf_cell 849 recovered to col=1 by nearest-column fallback (row=18, x=783.8, dist=43.9)
2026-09-07 00:58:44,933 MatchingPostProcessor WARNING  Orphan pdf_cell 850 recovered to col=1 by nearest-column fallback (row=18, x=794.8, dist=32.8)
2026-09-07 00:58:45,940 MatchingPostProcessor WARNING  Orphan pdf_cell 35 recovered to col=0 by nearest-column fallback (row=3, x=517.6, dist=215.5)
2026-09-07 00:58:45,940 MatchingPostProcessor WARNING  Orphan pdf_cell 36 recovered to col=0 by nearest-column fallback (row=3, x=528.7, dist=226.6)
2026-09-07 00:58:45,940 MatchingPostProcessor WARNING  Orphan pdf_cell 37 recovered to col=0 by nearest-column fallback (row=3, x=539.8, dist=237.7)
2026-09-07 00:58:45,940 MatchingPostProcessor WARNING  Orphan pdf_cell 38 recovered to col=1 by nearest-column fallback (row=3, x=550.9, dist=247.6)
2026-09-07 00:58:45,940 MatchingPostProcessor WARNING  Orphan pdf_cell 39 recovered to col=1 by nearest-column fallback (row=3, x=562.0, dist=236.5)
2026-09-07 00:58:45,940 MatchingPostProcessor WARNING  Orphan pdf_cell 40 recovered to col=1 by nearest-column fallback (row=3, x=573.1, dist=225.4)
2026-09-07 00:58:45,940 MatchingPostProcessor WARNING  Orphan pdf_cell 41 recovered to col=1 by nearest-column fallback (row=3, x=584.2, dist=214.3)
2026-09-07 00:58:45,940 MatchingPostProcessor WARNING  Orphan pdf_cell 42 recovered to col=1 by nearest-column fallback (row=3, x=595.3, dist=203.2)
2026-09-07 00:58:45,940 MatchingPostProcessor WARNING  Orphan pdf_cell 43 recovered to col=1 by nearest-column fallback (row=3, x=606.3, dist=192.2)
2026-09-07 00:58:45,940 MatchingPostProcessor WARNING  Orphan pdf_cell 44 recovered to col=1 by nearest-column fallback (row=3, x=617.4, dist=181.1)
2026-09-07 00:58:45,940 MatchingPostProcessor WARNING  Orphan pdf_cell 45 recovered to col=1 by nearest-column fallback (row=3, x=628.5, dist=170.0)
2026-09-07 00:58:45,940 MatchingPostProcessor WARNING  Orphan pdf_cell 46 recovered to col=1 by nearest-column fallback (row=3, x=639.6, dist=158.9)
2026-09-07 00:58:45,940 MatchingPostProcessor WARNING  Orphan pdf_cell 47 recovered to col=1 by nearest-column fallback (row=3, x=650.7, dist=147.8)
2026-09-07 00:58:45,940 MatchingPostProcessor WARNING  Orphan pdf_cell 48 recovered to col=1 by nearest-column fallback (row=3, x=661.8, dist=136.7)
2026-09-07 00:58:45,940 MatchingPostProcessor WARNING  Orphan pdf_cell 49 recovered to col=1 by nearest-column fallback (row=3, x=672.9, dist=125.6)
2026-09-07 00:58:45,940 MatchingPostProcessor WARNING  Orphan pdf_cell 50 recovered to col=1 by nearest-column fallback (row=3, x=684.0, dist=114.5)
2026-09-07 00:58:45,940 MatchingPostProcessor WARNING  Orphan pdf_cell 51 recovered to col=1 by nearest-column fallback (row=3, x=695.1, dist=103.4)
2026-09-07 00:58:45,940 MatchingPostProcessor WARNING  Orphan pdf_cell 52 recovered to col=1 by nearest-column fallback (row=3, x=706.1, dist=92.4)
2026-09-07 00:58:45,940 MatchingPostProcessor WARNING  Orphan pdf_cell 53 recovered to col=1 by nearest-column fallback (row=3, x=717.2, dist=81.3)
2026-09-07 00:58:45,940 MatchingPostProcessor WARNING  Orphan pdf_cell 54 recovered to col=1 by nearest-column fallback (row=3, x=728.3, dist=70.2)
2026-09-07 00:58:45,940 MatchingPostProcessor WARNING  Orphan pdf_cell 55 recovered to col=1 by nearest-column fallback (row=3, x=739.4, dist=59.1)
2026-09-07 00:58:45,940 MatchingPostProcessor WARNING  Orphan pdf_cell 56 recovered to col=1 by nearest-column fallback (row=3, x=750.5, dist=48.0)
2026-09-07 00:58:45,940 MatchingPostProcessor WARNING  Orphan pdf_cell 57 recovered to col=1 by nearest-column fallback (row=3, x=761.6, dist=36.9)
2026-09-07 00:58:45,940 MatchingPostProcessor WARNING  Orphan pdf_cell 58 recovered to col=1 by nearest-column fallback (row=3, x=772.7, dist=25.8)
2026-09-07 00:58:45,940 MatchingPostProcessor WARNING  Orphan pdf_cell 89 recovered to col=0 by nearest-column fallback (row=4, x=517.6, dist=215.5)
2026-09-07 00:58:45,940 MatchingPostProcessor WARNING  Orphan pdf_cell 90 recovered to col=0 by nearest-column fallback (row=4, x=528.7, dist=226.6)
2026-09-07 00:58:45,940 MatchingPostProcessor WARNING  Orphan pdf_cell 91 recovered to col=0 by nearest-column fallback (row=4, x=539.8, dist=237.7)
2026-09-07 00:58:45,940 MatchingPostProcessor WARNING  Orphan pdf_cell 92 recovered to col=1 by nearest-column fallback (row=4, x=550.9, dist=247.6)
2026-09-07 00:58:45,940 MatchingPostProcessor WARNING  Orphan pdf_cell 93 recovered to col=1 by nearest-column fallback (row=4, x=562.0, dist=236.5)
2026-09-07 00:58:45,940 MatchingPostProcessor WARNING  Orphan pdf_cell 94 recovered to col=1 by nearest-column fallback (row=4, x=573.1, dist=225.4)
2026-09-07 00:58:45,940 MatchingPostProcessor WARNING  Orphan pdf_cell 95 recovered to col=1 by nearest-column fallback (row=4, x=584.2, dist=214.3)
2026-09-07 00:58:45,940 MatchingPostProcessor WARNING  Orphan pdf_cell 96 recovered to col=1 by nearest-column fallback (row=4, x=595.3, dist=203.2)
2026-09-07 00:58:45,940 MatchingPostProcessor WARNING  Orphan pdf_cell 97 recovered to col=1 by nearest-column fallback (row=4, x=606.3, dist=192.2)
2026-09-07 00:58:45,941 MatchingPostProcessor WARNING  Orphan pdf_cell 98 recovered to col=1 by nearest-column fallback (row=4, x=617.4, dist=181.1)
2026-09-07 00:58:45,941 MatchingPostProcessor WARNING  Orphan pdf_cell 99 recovered to col=1 by nearest-column fallback (row=4, x=628.5, dist=170.0)
2026-09-07 00:58:45,941 MatchingPostProcessor WARNING  Orphan pdf_cell 100 recovered to col=1 by nearest-column fallback (row=4, x=639.6, dist=158.9)
2026-09-07 00:58:45,941 MatchingPostProcessor WARNING  Orphan pdf_cell 101 recovered to col=1 by nearest-column fallback (row=4, x=650.7, dist=147.8)
2026-09-07 00:58:45,941 MatchingPostProcessor WARNING  Orphan pdf_cell 102 recovered to col=1 by nearest-column fallback (row=4, x=661.8, dist=136.7)
2026-09-07 00:58:45,941 MatchingPostProcessor WARNING  Orphan pdf_cell 103 recovered to col=1 by nearest-column fallback (row=4, x=672.9, dist=125.6)
2026-09-07 00:58:45,941 MatchingPostProcessor WARNING  Orphan pdf_cell 104 recovered to col=1 by nearest-column fallback (row=4, x=684.0, dist=114.5)
2026-09-07 00:58:45,941 MatchingPostProcessor WARNING  Orphan pdf_cell 105 recovered to col=1 by nearest-column fallback (row=4, x=695.1, dist=103.4)
2026-09-07 00:58:45,941 MatchingPostProcessor WARNING  Orphan pdf_cell 106 recovered to col=1 by nearest-column fallback (row=4, x=706.1, dist=92.4)
2026-09-07 00:58:45,941 MatchingPostProcessor WARNING  Orphan pdf_cell 107 recovered to col=1 by nearest-column fallback (row=4, x=717.2, dist=81.3)
2026-09-07 00:58:45,941 MatchingPostProcessor WARNING  Orphan pdf_cell 108 recovered to col=1 by nearest-column fallback (row=4, x=728.3, dist=70.2)
2026-09-07 00:58:45,941 MatchingPostProcessor WARNING  Orphan pdf_cell 109 recovered to col=1 by nearest-column fallback (row=4, x=739.4, dist=59.1)
2026-09-07 00:58:45,941 MatchingPostProcessor WARNING  Orphan pdf_cell 110 recovered to col=1 by nearest-column fallback (row=4, x=750.5, dist=48.0)
2026-09-07 00:58:45,941 MatchingPostProcessor WARNING  Orphan pdf_cell 111 recovered to col=1 by nearest-column fallback (row=4, x=761.6, dist=36.9)
2026-09-07 00:58:45,941 MatchingPostProcessor WARNING  Orphan pdf_cell 112 recovered to col=1 by nearest-column fallback (row=4, x=772.7, dist=25.8)
2026-09-07 00:58:45,941 MatchingPostProcessor WARNING  Orphan pdf_cell 123 recovered to col=0 by nearest-column fallback (row=5, x=517.6, dist=215.5)
2026-09-07 00:58:45,941 MatchingPostProcessor WARNING  Orphan pdf_cell 124 recovered to col=0 by nearest-column fallback (row=5, x=528.7, dist=226.6)
2026-09-07 00:58:45,941 MatchingPostProcessor WARNING  Orphan pdf_cell 125 recovered to col=0 by nearest-column fallback (row=5, x=539.8, dist=237.7)
2026-09-07 00:58:45,941 MatchingPostProcessor WARNING  Orphan pdf_cell 126 recovered to col=1 by nearest-column fallback (row=5, x=550.9, dist=247.6)
2026-09-07 00:58:45,941 MatchingPostProcessor WARNING  Orphan pdf_cell 127 recovered to col=1 by nearest-column fallback (row=5, x=562.0, dist=236.5)
2026-09-07 00:58:45,941 MatchingPostProcessor WARNING  Orphan pdf_cell 128 recovered to col=1 by nearest-column fallback (row=5, x=573.1, dist=225.4)
2026-09-07 00:58:45,941 MatchingPostProcessor WARNING  Orphan pdf_cell 129 recovered to col=1 by nearest-column fallback (row=5, x=584.2, dist=214.3)
2026-09-07 00:58:45,941 MatchingPostProcessor WARNING  Orphan pdf_cell 130 recovered to col=1 by nearest-column fallback (row=5, x=595.3, dist=203.2)
2026-09-07 00:58:45,941 MatchingPostProcessor WARNING  Orphan pdf_cell 131 recovered to col=1 by nearest-column fallback (row=5, x=606.3, dist=192.2)
2026-09-07 00:58:45,941 MatchingPostProcessor WARNING  Orphan pdf_cell 132 recovered to col=1 by nearest-column fallback (row=5, x=617.4, dist=181.1)
2026-09-07 00:58:45,941 MatchingPostProcessor WARNING  Orphan pdf_cell 133 recovered to col=1 by nearest-column fallback (row=5, x=628.5, dist=170.0)
2026-09-07 00:58:45,941 MatchingPostProcessor WARNING  Orphan pdf_cell 134 recovered to col=1 by nearest-column fallback (row=5, x=639.6, dist=158.9)
2026-09-07 00:58:45,941 MatchingPostProcessor WARNING  Orphan pdf_cell 135 recovered to col=1 by nearest-column fallback (row=5, x=650.7, dist=147.8)
2026-09-07 00:58:45,941 MatchingPostProcessor WARNING  Orphan pdf_cell 136 recovered to col=1 by nearest-column fallback (row=5, x=661.8, dist=136.7)
2026-09-07 00:58:45,941 MatchingPostProcessor WARNING  Orphan pdf_cell 137 recovered to col=1 by nearest-column fallback (row=5, x=672.9, dist=125.6)
2026-09-07 00:58:45,941 MatchingPostProcessor WARNING  Orphan pdf_cell 138 recovered to col=1 by nearest-column fallback (row=5, x=684.0, dist=114.5)
2026-09-07 00:58:45,941 MatchingPostProcessor WARNING  Orphan pdf_cell 139 recovered to col=1 by nearest-column fallback (row=5, x=695.1, dist=103.4)
2026-09-07 00:58:45,941 MatchingPostProcessor WARNING  Orphan pdf_cell 140 recovered to col=1 by nearest-column fallback (row=5, x=706.1, dist=92.4)
2026-09-07 00:58:45,941 MatchingPostProcessor WARNING  Orphan pdf_cell 141 recovered to col=1 by nearest-column fallback (row=5, x=717.2, dist=81.3)
2026-09-07 00:58:45,941 MatchingPostProcessor WARNING  Orphan pdf_cell 142 recovered to col=1 by nearest-column fallback (row=5, x=728.3, dist=70.2)
2026-09-07 00:58:45,941 MatchingPostProcessor WARNING  Orphan pdf_cell 143 recovered to col=1 by nearest-column fallback (row=5, x=739.4, dist=59.1)
2026-09-07 00:58:45,941 MatchingPostProcessor WARNING  Orphan pdf_cell 144 recovered to col=1 by nearest-column fallback (row=5, x=750.5, dist=48.0)
2026-09-07 00:58:45,941 MatchingPostProcessor WARNING  Orphan pdf_cell 145 recovered to col=1 by nearest-column fallback (row=5, x=761.6, dist=36.9)
2026-09-07 00:58:45,941 MatchingPostProcessor WARNING  Orphan pdf_cell 146 recovered to col=1 by nearest-column fallback (row=5, x=772.7, dist=25.8)
2026-09-07 00:58:45,942 MatchingPostProcessor WARNING  Orphan pdf_cell 168 recovered to col=0 by nearest-column fallback (row=6, x=517.6, dist=215.5)
2026-09-07 00:58:45,942 MatchingPostProcessor WARNING  Orphan pdf_cell 169 recovered to col=0 by nearest-column fallback (row=6, x=528.7, dist=226.6)
2026-09-07 00:58:45,942 MatchingPostProcessor WARNING  Orphan pdf_cell 170 recovered to col=0 by nearest-column fallback (row=6, x=539.8, dist=237.7)
2026-09-07 00:58:45,942 MatchingPostProcessor WARNING  Orphan pdf_cell 171 recovered to col=1 by nearest-column fallback (row=6, x=550.9, dist=247.6)
2026-09-07 00:58:45,942 MatchingPostProcessor WARNING  Orphan pdf_cell 172 recovered to col=1 by nearest-column fallback (row=6, x=562.0, dist=236.5)
2026-09-07 00:58:45,942 MatchingPostProcessor WARNING  Orphan pdf_cell 173 recovered to col=1 by nearest-column fallback (row=6, x=573.1, dist=225.4)
2026-09-07 00:58:45,942 MatchingPostProcessor WARNING  Orphan pdf_cell 174 recovered to col=1 by nearest-column fallback (row=6, x=584.2, dist=214.3)
2026-09-07 00:58:45,942 MatchingPostProcessor WARNING  Orphan pdf_cell 175 recovered to col=1 by nearest-column fallback (row=6, x=595.3, dist=203.2)
2026-09-07 00:58:45,942 MatchingPostProcessor WARNING  Orphan pdf_cell 176 recovered to col=1 by nearest-column fallback (row=6, x=606.3, dist=192.2)
2026-09-07 00:58:45,942 MatchingPostProcessor WARNING  Orphan pdf_cell 177 recovered to col=1 by nearest-column fallback (row=6, x=617.4, dist=181.1)
2026-09-07 00:58:45,942 MatchingPostProcessor WARNING  Orphan pdf_cell 178 recovered to col=1 by nearest-column fallback (row=6, x=628.5, dist=170.0)
2026-09-07 00:58:45,942 MatchingPostProcessor WARNING  Orphan pdf_cell 179 recovered to col=1 by nearest-column fallback (row=6, x=639.6, dist=158.9)
2026-09-07 00:58:45,942 MatchingPostProcessor WARNING  Orphan pdf_cell 180 recovered to col=1 by nearest-column fallback (row=6, x=650.7, dist=147.8)
2026-09-07 00:58:45,942 MatchingPostProcessor WARNING  Orphan pdf_cell 181 recovered to col=1 by nearest-column fallback (row=6, x=661.8, dist=136.7)
2026-09-07 00:58:45,942 MatchingPostProcessor WARNING  Orphan pdf_cell 182 recovered to col=1 by nearest-column fallback (row=6, x=672.9, dist=125.6)
2026-09-07 00:58:45,942 MatchingPostProcessor WARNING  Orphan pdf_cell 183 recovered to col=1 by nearest-column fallback (row=6, x=684.0, dist=114.5)
2026-09-07 00:58:45,942 MatchingPostProcessor WARNING  Orphan pdf_cell 184 recovered to col=1 by nearest-column fallback (row=6, x=695.1, dist=103.4)
2026-09-07 00:58:45,942 MatchingPostProcessor WARNING  Orphan pdf_cell 185 recovered to col=1 by nearest-column fallback (row=6, x=706.1, dist=92.4)
2026-09-07 00:58:45,942 MatchingPostProcessor WARNING  Orphan pdf_cell 186 recovered to col=1 by nearest-column fallback (row=6, x=717.2, dist=81.3)
2026-09-07 00:58:45,942 MatchingPostProcessor WARNING  Orphan pdf_cell 187 recovered to col=1 by nearest-column fallback (row=6, x=728.3, dist=70.2)
2026-09-07 00:58:45,942 MatchingPostProcessor WARNING  Orphan pdf_cell 188 recovered to col=1 by nearest-column fallback (row=6, x=739.4, dist=59.1)
2026-09-07 00:58:45,942 MatchingPostProcessor WARNING  Orphan pdf_cell 189 recovered to col=1 by nearest-column fallback (row=6, x=750.5, dist=48.0)
2026-09-07 00:58:45,942 MatchingPostProcessor WARNING  Orphan pdf_cell 190 recovered to col=1 by nearest-column fallback (row=6, x=761.6, dist=36.9)
2026-09-07 00:58:45,942 MatchingPostProcessor WARNING  Orphan pdf_cell 191 recovered to col=1 by nearest-column fallback (row=6, x=772.7, dist=25.8)
2026-09-07 00:58:45,942 MatchingPostProcessor WARNING  Orphan pdf_cell 217 recovered to col=0 by nearest-column fallback (row=7, x=517.6, dist=215.5)
2026-09-07 00:58:45,942 MatchingPostProcessor WARNING  Orphan pdf_cell 218 recovered to col=0 by nearest-column fallback (row=7, x=528.7, dist=226.6)
2026-09-07 00:58:45,942 MatchingPostProcessor WARNING  Orphan pdf_cell 219 recovered to col=0 by nearest-column fallback (row=7, x=539.8, dist=237.7)
2026-09-07 00:58:45,942 MatchingPostProcessor WARNING  Orphan pdf_cell 220 recovered to col=1 by nearest-column fallback (row=7, x=550.9, dist=247.6)
2026-09-07 00:58:45,942 MatchingPostProcessor WARNING  Orphan pdf_cell 221 recovered to col=1 by nearest-column fallback (row=7, x=562.0, dist=236.5)
2026-09-07 00:58:45,942 MatchingPostProcessor WARNING  Orphan pdf_cell 222 recovered to col=1 by nearest-column fallback (row=7, x=573.1, dist=225.4)
2026-09-07 00:58:45,942 MatchingPostProcessor WARNING  Orphan pdf_cell 223 recovered to col=1 by nearest-column fallback (row=7, x=584.2, dist=214.3)
2026-09-07 00:58:45,943 MatchingPostProcessor WARNING  Orphan pdf_cell 224 recovered to col=1 by nearest-column fallback (row=7, x=595.3, dist=203.2)
2026-09-07 00:58:45,943 MatchingPostProcessor WARNING  Orphan pdf_cell 225 recovered to col=1 by nearest-column fallback (row=7, x=606.3, dist=192.2)
2026-09-07 00:58:45,943 MatchingPostProcessor WARNING  Orphan pdf_cell 226 recovered to col=1 by nearest-column fallback (row=7, x=617.4, dist=181.1)
2026-09-07 00:58:45,943 MatchingPostProcessor WARNING  Orphan pdf_cell 227 recovered to col=1 by nearest-column fallback (row=7, x=628.5, dist=170.0)
2026-09-07 00:58:45,943 MatchingPostProcessor WARNING  Orphan pdf_cell 228 recovered to col=1 by nearest-column fallback (row=7, x=639.6, dist=158.9)
2026-09-07 00:58:45,943 MatchingPostProcessor WARNING  Orphan pdf_cell 229 recovered to col=1 by nearest-column fallback (row=7, x=650.7, dist=147.8)
2026-09-07 00:58:45,943 MatchingPostProcessor WARNING  Orphan pdf_cell 230 recovered to col=1 by nearest-column fallback (row=7, x=661.8, dist=136.7)
2026-09-07 00:58:45,943 MatchingPostProcessor WARNING  Orphan pdf_cell 231 recovered to col=1 by nearest-column fallback (row=7, x=672.9, dist=125.6)
2026-09-07 00:58:45,943 MatchingPostProcessor WARNING  Orphan pdf_cell 232 recovered to col=1 by nearest-column fallback (row=7, x=684.0, dist=114.5)
2026-09-07 00:58:45,943 MatchingPostProcessor WARNING  Orphan pdf_cell 233 recovered to col=1 by nearest-column fallback (row=7, x=695.1, dist=103.4)
2026-09-07 00:58:45,943 MatchingPostProcessor WARNING  Orphan pdf_cell 234 recovered to col=1 by nearest-column fallback (row=7, x=706.1, dist=92.4)
2026-09-07 00:58:45,943 MatchingPostProcessor WARNING  Orphan pdf_cell 235 recovered to col=1 by nearest-column fallback (row=7, x=717.2, dist=81.3)
2026-09-07 00:58:45,943 MatchingPostProcessor WARNING  Orphan pdf_cell 236 recovered to col=1 by nearest-column fallback (row=7, x=728.3, dist=70.2)
2026-09-07 00:58:45,943 MatchingPostProcessor WARNING  Orphan pdf_cell 237 recovered to col=1 by nearest-column fallback (row=7, x=739.4, dist=59.1)
2026-09-07 00:58:45,943 MatchingPostProcessor WARNING  Orphan pdf_cell 238 recovered to col=1 by nearest-column fallback (row=7, x=750.5, dist=48.0)
2026-09-07 00:58:45,943 MatchingPostProcessor WARNING  Orphan pdf_cell 239 recovered to col=1 by nearest-column fallback (row=7, x=761.6, dist=36.9)
2026-09-07 00:58:45,943 MatchingPostProcessor WARNING  Orphan pdf_cell 240 recovered to col=1 by nearest-column fallback (row=7, x=772.7, dist=25.8)
2026-09-07 00:58:45,943 MatchingPostProcessor WARNING  Orphan pdf_cell 262 recovered to col=0 by nearest-column fallback (row=8, x=517.6, dist=215.5)
2026-09-07 00:58:45,943 MatchingPostProcessor WARNING  Orphan pdf_cell 263 recovered to col=0 by nearest-column fallback (row=8, x=528.7, dist=226.6)
2026-09-07 00:58:45,943 MatchingPostProcessor WARNING  Orphan pdf_cell 264 recovered to col=0 by nearest-column fallback (row=8, x=539.8, dist=237.7)
2026-09-07 00:58:45,943 MatchingPostProcessor WARNING  Orphan pdf_cell 265 recovered to col=1 by nearest-column fallback (row=8, x=550.9, dist=247.6)
2026-09-07 00:58:45,943 MatchingPostProcessor WARNING  Orphan pdf_cell 266 recovered to col=1 by nearest-column fallback (row=8, x=562.0, dist=236.5)
2026-09-07 00:58:45,943 MatchingPostProcessor WARNING  Orphan pdf_cell 267 recovered to col=1 by nearest-column fallback (row=8, x=573.1, dist=225.4)
2026-09-07 00:58:45,943 MatchingPostProcessor WARNING  Orphan pdf_cell 268 recovered to col=1 by nearest-column fallback (row=8, x=584.2, dist=214.3)
2026-09-07 00:58:45,943 MatchingPostProcessor WARNING  Orphan pdf_cell 269 recovered to col=1 by nearest-column fallback (row=8, x=595.3, dist=203.2)
2026-09-07 00:58:45,943 MatchingPostProcessor WARNING  Orphan pdf_cell 270 recovered to col=1 by nearest-column fallback (row=8, x=606.3, dist=192.2)
2026-09-07 00:58:45,943 MatchingPostProcessor WARNING  Orphan pdf_cell 271 recovered to col=1 by nearest-column fallback (row=8, x=617.4, dist=181.1)
2026-09-07 00:58:45,943 MatchingPostProcessor WARNING  Orphan pdf_cell 272 recovered to col=1 by nearest-column fallback (row=8, x=628.5, dist=170.0)
2026-09-07 00:58:45,943 MatchingPostProcessor WARNING  Orphan pdf_cell 273 recovered to col=1 by nearest-column fallback (row=8, x=639.6, dist=158.9)
2026-09-07 00:58:45,943 MatchingPostProcessor WARNING  Orphan pdf_cell 274 recovered to col=1 by nearest-column fallback (row=8, x=650.7, dist=147.8)
2026-09-07 00:58:45,943 MatchingPostProcessor WARNING  Orphan pdf_cell 275 recovered to col=1 by nearest-column fallback (row=8, x=661.8, dist=136.7)
2026-09-07 00:58:45,943 MatchingPostProcessor WARNING  Orphan pdf_cell 276 recovered to col=1 by nearest-column fallback (row=8, x=672.9, dist=125.6)
2026-09-07 00:58:45,943 MatchingPostProcessor WARNING  Orphan pdf_cell 277 recovered to col=1 by nearest-column fallback (row=8, x=684.0, dist=114.5)
2026-09-07 00:58:45,943 MatchingPostProcessor WARNING  Orphan pdf_cell 278 recovered to col=1 by nearest-column fallback (row=8, x=695.1, dist=103.4)
2026-09-07 00:58:45,943 MatchingPostProcessor WARNING  Orphan pdf_cell 279 recovered to col=1 by nearest-column fallback (row=8, x=706.1, dist=92.4)
2026-09-07 00:58:45,943 MatchingPostProcessor WARNING  Orphan pdf_cell 280 recovered to col=1 by nearest-column fallback (row=8, x=717.2, dist=81.3)
2026-09-07 00:58:45,943 MatchingPostProcessor WARNING  Orphan pdf_cell 281 recovered to col=1 by nearest-column fallback (row=8, x=728.3, dist=70.2)
2026-09-07 00:58:45,943 MatchingPostProcessor WARNING  Orphan pdf_cell 282 recovered to col=1 by nearest-column fallback (row=8, x=739.4, dist=59.1)
2026-09-07 00:58:45,944 MatchingPostProcessor WARNING  Orphan pdf_cell 283 recovered to col=1 by nearest-column fallback (row=8, x=750.5, dist=48.0)
2026-09-07 00:58:45,944 MatchingPostProcessor WARNING  Orphan pdf_cell 284 recovered to col=1 by nearest-column fallback (row=8, x=761.6, dist=36.9)
2026-09-07 00:58:45,944 MatchingPostProcessor WARNING  Orphan pdf_cell 285 recovered to col=1 by nearest-column fallback (row=8, x=772.7, dist=25.8)
2026-09-07 00:58:45,944 MatchingPostProcessor WARNING  Orphan pdf_cell 307 recovered to col=0 by nearest-column fallback (row=9, x=517.6, dist=215.5)
2026-09-07 00:58:45,944 MatchingPostProcessor WARNING  Orphan pdf_cell 308 recovered to col=0 by nearest-column fallback (row=9, x=528.7, dist=226.6)
2026-09-07 00:58:45,944 MatchingPostProcessor WARNING  Orphan pdf_cell 309 recovered to col=0 by nearest-column fallback (row=9, x=539.8, dist=237.7)
2026-09-07 00:58:45,944 MatchingPostProcessor WARNING  Orphan pdf_cell 310 recovered to col=1 by nearest-column fallback (row=9, x=550.9, dist=247.6)
2026-09-07 00:58:45,944 MatchingPostProcessor WARNING  Orphan pdf_cell 311 recovered to col=1 by nearest-column fallback (row=9, x=562.0, dist=236.5)
2026-09-07 00:58:45,944 MatchingPostProcessor WARNING  Orphan pdf_cell 312 recovered to col=1 by nearest-column fallback (row=9, x=573.1, dist=225.4)
2026-09-07 00:58:45,944 MatchingPostProcessor WARNING  Orphan pdf_cell 313 recovered to col=1 by nearest-column fallback (row=9, x=584.2, dist=214.3)
2026-09-07 00:58:45,944 MatchingPostProcessor WARNING  Orphan pdf_cell 314 recovered to col=1 by nearest-column fallback (row=9, x=595.3, dist=203.2)
2026-09-07 00:58:45,944 MatchingPostProcessor WARNING  Orphan pdf_cell 315 recovered to col=1 by nearest-column fallback (row=9, x=606.3, dist=192.2)
2026-09-07 00:58:45,944 MatchingPostProcessor WARNING  Orphan pdf_cell 316 recovered to col=1 by nearest-column fallback (row=9, x=617.4, dist=181.1)
2026-09-07 00:58:45,944 MatchingPostProcessor WARNING  Orphan pdf_cell 317 recovered to col=1 by nearest-column fallback (row=9, x=628.5, dist=170.0)
2026-09-07 00:58:45,944 MatchingPostProcessor WARNING  Orphan pdf_cell 318 recovered to col=1 by nearest-column fallback (row=9, x=639.6, dist=158.9)
2026-09-07 00:58:45,944 MatchingPostProcessor WARNING  Orphan pdf_cell 319 recovered to col=1 by nearest-column fallback (row=9, x=650.7, dist=147.8)
2026-09-07 00:58:45,944 MatchingPostProcessor WARNING  Orphan pdf_cell 320 recovered to col=1 by nearest-column fallback (row=9, x=661.8, dist=136.7)
2026-09-07 00:58:45,944 MatchingPostProcessor WARNING  Orphan pdf_cell 321 recovered to col=1 by nearest-column fallback (row=9, x=672.9, dist=125.6)
2026-09-07 00:58:45,944 MatchingPostProcessor WARNING  Orphan pdf_cell 322 recovered to col=1 by nearest-column fallback (row=9, x=684.0, dist=114.5)
2026-09-07 00:58:45,944 MatchingPostProcessor WARNING  Orphan pdf_cell 323 recovered to col=1 by nearest-column fallback (row=9, x=695.1, dist=103.4)
2026-09-07 00:58:45,944 MatchingPostProcessor WARNING  Orphan pdf_cell 324 recovered to col=1 by nearest-column fallback (row=9, x=706.1, dist=92.4)
2026-09-07 00:58:45,944 MatchingPostProcessor WARNING  Orphan pdf_cell 325 recovered to col=1 by nearest-column fallback (row=9, x=717.2, dist=81.3)
2026-09-07 00:58:45,944 MatchingPostProcessor WARNING  Orphan pdf_cell 326 recovered to col=1 by nearest-column fallback (row=9, x=728.3, dist=70.2)
2026-09-07 00:58:45,944 MatchingPostProcessor WARNING  Orphan pdf_cell 327 recovered to col=1 by nearest-column fallback (row=9, x=739.4, dist=59.1)
2026-09-07 00:58:45,944 MatchingPostProcessor WARNING  Orphan pdf_cell 328 recovered to col=1 by nearest-column fallback (row=9, x=750.5, dist=48.0)
2026-09-07 00:58:45,944 MatchingPostProcessor WARNING  Orphan pdf_cell 329 recovered to col=1 by nearest-column fallback (row=9, x=761.6, dist=36.9)
2026-09-07 00:58:45,944 MatchingPostProcessor WARNING  Orphan pdf_cell 330 recovered to col=1 by nearest-column fallback (row=9, x=772.7, dist=25.8)
2026-09-07 00:58:45,944 MatchingPostProcessor WARNING  Orphan pdf_cell 356 recovered to col=0 by nearest-column fallback (row=12, x=517.6, dist=215.5)
2026-09-07 00:58:45,944 MatchingPostProcessor WARNING  Orphan pdf_cell 357 recovered to col=0 by nearest-column fallback (row=12, x=528.7, dist=226.6)
2026-09-07 00:58:45,944 MatchingPostProcessor WARNING  Orphan pdf_cell 358 recovered to col=0 by nearest-column fallback (row=12, x=539.8, dist=237.7)
2026-09-07 00:58:45,944 MatchingPostProcessor WARNING  Orphan pdf_cell 359 recovered to col=1 by nearest-column fallback (row=12, x=550.9, dist=247.6)
2026-09-07 00:58:45,945 MatchingPostProcessor WARNING  Orphan pdf_cell 360 recovered to col=1 by nearest-column fallback (row=12, x=562.0, dist=236.5)
2026-09-07 00:58:45,945 MatchingPostProcessor WARNING  Orphan pdf_cell 361 recovered to col=1 by nearest-column fallback (row=12, x=573.1, dist=225.4)
2026-09-07 00:58:45,945 MatchingPostProcessor WARNING  Orphan pdf_cell 362 recovered to col=1 by nearest-column fallback (row=12, x=584.2, dist=214.3)
2026-09-07 00:58:45,945 MatchingPostProcessor WARNING  Orphan pdf_cell 363 recovered to col=1 by nearest-column fallback (row=12, x=595.3, dist=203.2)
2026-09-07 00:58:45,945 MatchingPostProcessor WARNING  Orphan pdf_cell 364 recovered to col=1 by nearest-column fallback (row=12, x=606.3, dist=192.2)
2026-09-07 00:58:45,945 MatchingPostProcessor WARNING  Orphan pdf_cell 365 recovered to col=1 by nearest-column fallback (row=12, x=617.4, dist=181.1)
2026-09-07 00:58:45,945 MatchingPostProcessor WARNING  Orphan pdf_cell 366 recovered to col=1 by nearest-column fallback (row=12, x=628.5, dist=170.0)
2026-09-07 00:58:45,945 MatchingPostProcessor WARNING  Orphan pdf_cell 367 recovered to col=1 by nearest-column fallback (row=12, x=639.6, dist=158.9)
2026-09-07 00:58:45,945 MatchingPostProcessor WARNING  Orphan pdf_cell 368 recovered to col=1 by nearest-column fallback (row=12, x=650.7, dist=147.8)
2026-09-07 00:58:45,945 MatchingPostProcessor WARNING  Orphan pdf_cell 369 recovered to col=1 by nearest-column fallback (row=12, x=661.8, dist=136.7)
2026-09-07 00:58:45,945 MatchingPostProcessor WARNING  Orphan pdf_cell 370 recovered to col=1 by nearest-column fallback (row=12, x=672.9, dist=125.6)
2026-09-07 00:58:45,945 MatchingPostProcessor WARNING  Orphan pdf_cell 371 recovered to col=1 by nearest-column fallback (row=12, x=684.0, dist=114.5)
2026-09-07 00:58:45,945 MatchingPostProcessor WARNING  Orphan pdf_cell 372 recovered to col=1 by nearest-column fallback (row=12, x=695.1, dist=103.4)
2026-09-07 00:58:45,945 MatchingPostProcessor WARNING  Orphan pdf_cell 373 recovered to col=1 by nearest-column fallback (row=12, x=706.1, dist=92.4)
2026-09-07 00:58:45,945 MatchingPostProcessor WARNING  Orphan pdf_cell 374 recovered to col=1 by nearest-column fallback (row=12, x=717.2, dist=81.3)
2026-09-07 00:58:45,945 MatchingPostProcessor WARNING  Orphan pdf_cell 375 recovered to col=1 by nearest-column fallback (row=12, x=728.3, dist=70.2)
2026-09-07 00:58:45,945 MatchingPostProcessor WARNING  Orphan pdf_cell 376 recovered to col=1 by nearest-column fallback (row=12, x=739.4, dist=59.1)
2026-09-07 00:58:45,945 MatchingPostProcessor WARNING  Orphan pdf_cell 377 recovered to col=1 by nearest-column fallback (row=12, x=750.5, dist=48.0)
2026-09-07 00:58:45,945 MatchingPostProcessor WARNING  Orphan pdf_cell 378 recovered to col=1 by nearest-column fallback (row=12, x=761.6, dist=36.9)
2026-09-07 00:58:45,945 MatchingPostProcessor WARNING  Orphan pdf_cell 379 recovered to col=1 by nearest-column fallback (row=12, x=772.7, dist=25.8)
2026-09-07 00:58:45,945 MatchingPostProcessor WARNING  Orphan pdf_cell 405 recovered to col=0 by nearest-column fallback (row=13, x=517.6, dist=215.5)
2026-09-07 00:58:45,945 MatchingPostProcessor WARNING  Orphan pdf_cell 406 recovered to col=0 by nearest-column fallback (row=13, x=528.7, dist=226.6)
2026-09-07 00:58:45,945 MatchingPostProcessor WARNING  Orphan pdf_cell 407 recovered to col=0 by nearest-column fallback (row=13, x=539.8, dist=237.7)
2026-09-07 00:58:45,945 MatchingPostProcessor WARNING  Orphan pdf_cell 408 recovered to col=1 by nearest-column fallback (row=13, x=550.9, dist=247.6)
2026-09-07 00:58:45,945 MatchingPostProcessor WARNING  Orphan pdf_cell 409 recovered to col=1 by nearest-column fallback (row=13, x=562.0, dist=236.5)
2026-09-07 00:58:45,945 MatchingPostProcessor WARNING  Orphan pdf_cell 410 recovered to col=1 by nearest-column fallback (row=13, x=573.1, dist=225.4)
2026-09-07 00:58:45,945 MatchingPostProcessor WARNING  Orphan pdf_cell 411 recovered to col=1 by nearest-column fallback (row=13, x=584.2, dist=214.3)
2026-09-07 00:58:45,945 MatchingPostProcessor WARNING  Orphan pdf_cell 412 recovered to col=1 by nearest-column fallback (row=13, x=595.3, dist=203.2)
2026-09-07 00:58:45,945 MatchingPostProcessor WARNING  Orphan pdf_cell 413 recovered to col=1 by nearest-column fallback (row=13, x=606.3, dist=192.2)
2026-09-07 00:58:45,945 MatchingPostProcessor WARNING  Orphan pdf_cell 414 recovered to col=1 by nearest-column fallback (row=13, x=617.4, dist=181.1)
2026-09-07 00:58:45,945 MatchingPostProcessor WARNING  Orphan pdf_cell 415 recovered to col=1 by nearest-column fallback (row=13, x=628.5, dist=170.0)
2026-09-07 00:58:45,945 MatchingPostProcessor WARNING  Orphan pdf_cell 416 recovered to col=1 by nearest-column fallback (row=13, x=639.6, dist=158.9)
2026-09-07 00:58:45,945 MatchingPostProcessor WARNING  Orphan pdf_cell 417 recovered to col=1 by nearest-column fallback (row=13, x=650.7, dist=147.8)
2026-09-07 00:58:45,945 MatchingPostProcessor WARNING  Orphan pdf_cell 418 recovered to col=1 by nearest-column fallback (row=13, x=661.8, dist=136.7)
2026-09-07 00:58:45,945 MatchingPostProcessor WARNING  Orphan pdf_cell 419 recovered to col=1 by nearest-column fallback (row=13, x=672.9, dist=125.6)
2026-09-07 00:58:45,946 MatchingPostProcessor WARNING  Orphan pdf_cell 420 recovered to col=1 by nearest-column fallback (row=13, x=684.0, dist=114.5)
2026-09-07 00:58:45,946 MatchingPostProcessor WARNING  Orphan pdf_cell 421 recovered to col=1 by nearest-column fallback (row=13, x=695.1, dist=103.4)
2026-09-07 00:58:45,946 MatchingPostProcessor WARNING  Orphan pdf_cell 422 recovered to col=1 by nearest-column fallback (row=13, x=706.1, dist=92.4)
2026-09-07 00:58:45,946 MatchingPostProcessor WARNING  Orphan pdf_cell 423 recovered to col=1 by nearest-column fallback (row=13, x=717.2, dist=81.3)
2026-09-07 00:58:45,946 MatchingPostProcessor WARNING  Orphan pdf_cell 424 recovered to col=1 by nearest-column fallback (row=13, x=728.3, dist=70.2)
2026-09-07 00:58:45,946 MatchingPostProcessor WARNING  Orphan pdf_cell 425 recovered to col=1 by nearest-column fallback (row=13, x=739.4, dist=59.1)
2026-09-07 00:58:45,946 MatchingPostProcessor WARNING  Orphan pdf_cell 426 recovered to col=1 by nearest-column fallback (row=13, x=750.5, dist=48.0)
2026-09-07 00:58:45,946 MatchingPostProcessor WARNING  Orphan pdf_cell 427 recovered to col=1 by nearest-column fallback (row=13, x=761.6, dist=36.9)
2026-09-07 00:58:45,946 MatchingPostProcessor WARNING  Orphan pdf_cell 428 recovered to col=1 by nearest-column fallback (row=13, x=772.7, dist=25.8)
2026-09-07 00:58:45,946 MatchingPostProcessor WARNING  Orphan pdf_cell 453 recovered to col=0 by nearest-column fallback (row=14, x=517.6, dist=215.5)
2026-09-07 00:58:45,946 MatchingPostProcessor WARNING  Orphan pdf_cell 454 recovered to col=0 by nearest-column fallback (row=14, x=528.7, dist=226.6)
2026-09-07 00:58:45,946 MatchingPostProcessor WARNING  Orphan pdf_cell 455 recovered to col=0 by nearest-column fallback (row=14, x=539.8, dist=237.7)
2026-09-07 00:58:45,946 MatchingPostProcessor WARNING  Orphan pdf_cell 456 recovered to col=1 by nearest-column fallback (row=14, x=550.9, dist=247.6)
2026-09-07 00:58:45,946 MatchingPostProcessor WARNING  Orphan pdf_cell 457 recovered to col=1 by nearest-column fallback (row=14, x=562.0, dist=236.5)
2026-09-07 00:58:45,946 MatchingPostProcessor WARNING  Orphan pdf_cell 458 recovered to col=1 by nearest-column fallback (row=14, x=573.1, dist=225.4)
2026-09-07 00:58:45,946 MatchingPostProcessor WARNING  Orphan pdf_cell 459 recovered to col=1 by nearest-column fallback (row=14, x=584.2, dist=214.3)
2026-09-07 00:58:45,946 MatchingPostProcessor WARNING  Orphan pdf_cell 460 recovered to col=1 by nearest-column fallback (row=14, x=595.3, dist=203.2)
2026-09-07 00:58:45,946 MatchingPostProcessor WARNING  Orphan pdf_cell 461 recovered to col=1 by nearest-column fallback (row=14, x=606.3, dist=192.2)
2026-09-07 00:58:45,946 MatchingPostProcessor WARNING  Orphan pdf_cell 462 recovered to col=1 by nearest-column fallback (row=14, x=617.4, dist=181.1)
2026-09-07 00:58:45,946 MatchingPostProcessor WARNING  Orphan pdf_cell 463 recovered to col=1 by nearest-column fallback (row=14, x=628.5, dist=170.0)
2026-09-07 00:58:45,946 MatchingPostProcessor WARNING  Orphan pdf_cell 464 recovered to col=1 by nearest-column fallback (row=14, x=639.6, dist=158.9)
2026-09-07 00:58:45,946 MatchingPostProcessor WARNING  Orphan pdf_cell 465 recovered to col=1 by nearest-column fallback (row=14, x=650.7, dist=147.8)
2026-09-07 00:58:45,946 MatchingPostProcessor WARNING  Orphan pdf_cell 466 recovered to col=1 by nearest-column fallback (row=14, x=661.8, dist=136.7)
2026-09-07 00:58:45,946 MatchingPostProcessor WARNING  Orphan pdf_cell 467 recovered to col=1 by nearest-column fallback (row=14, x=672.9, dist=125.6)
2026-09-07 00:58:45,946 MatchingPostProcessor WARNING  Orphan pdf_cell 468 recovered to col=1 by nearest-column fallback (row=14, x=684.0, dist=114.5)
2026-09-07 00:58:45,946 MatchingPostProcessor WARNING  Orphan pdf_cell 469 recovered to col=1 by nearest-column fallback (row=14, x=695.1, dist=103.4)
2026-09-07 00:58:45,946 MatchingPostProcessor WARNING  Orphan pdf_cell 470 recovered to col=1 by nearest-column fallback (row=14, x=706.1, dist=92.4)
2026-09-07 00:58:45,946 MatchingPostProcessor WARNING  Orphan pdf_cell 471 recovered to col=1 by nearest-column fallback (row=14, x=717.2, dist=81.3)
2026-09-07 00:58:45,946 MatchingPostProcessor WARNING  Orphan pdf_cell 472 recovered to col=1 by nearest-column fallback (row=14, x=728.3, dist=70.2)
2026-09-07 00:58:45,946 MatchingPostProcessor WARNING  Orphan pdf_cell 473 recovered to col=1 by nearest-column fallback (row=14, x=739.4, dist=59.1)
2026-09-07 00:58:45,946 MatchingPostProcessor WARNING  Orphan pdf_cell 474 recovered to col=1 by nearest-column fallback (row=14, x=750.5, dist=48.0)
2026-09-07 00:58:45,946 MatchingPostProcessor WARNING  Orphan pdf_cell 475 recovered to col=1 by nearest-column fallback (row=14, x=761.6, dist=36.9)
2026-09-07 00:58:45,946 MatchingPostProcessor WARNING  Orphan pdf_cell 476 recovered to col=1 by nearest-column fallback (row=14, x=772.7, dist=25.8)
2026-09-07 00:58:45,947 MatchingPostProcessor WARNING  Orphan pdf_cell 499 recovered to col=0 by nearest-column fallback (row=15, x=517.6, dist=215.5)
2026-09-07 00:58:45,947 MatchingPostProcessor WARNING  Orphan pdf_cell 500 recovered to col=0 by nearest-column fallback (row=15, x=528.7, dist=226.6)
2026-09-07 00:58:45,947 MatchingPostProcessor WARNING  Orphan pdf_cell 501 recovered to col=0 by nearest-column fallback (row=15, x=539.8, dist=237.7)
2026-09-07 00:58:45,947 MatchingPostProcessor WARNING  Orphan pdf_cell 502 recovered to col=1 by nearest-column fallback (row=15, x=550.9, dist=247.6)
2026-09-07 00:58:45,947 MatchingPostProcessor WARNING  Orphan pdf_cell 503 recovered to col=1 by nearest-column fallback (row=15, x=562.0, dist=236.5)
2026-09-07 00:58:45,947 MatchingPostProcessor WARNING  Orphan pdf_cell 504 recovered to col=1 by nearest-column fallback (row=15, x=573.1, dist=225.4)
2026-09-07 00:58:45,947 MatchingPostProcessor WARNING  Orphan pdf_cell 505 recovered to col=1 by nearest-column fallback (row=15, x=584.2, dist=214.3)
2026-09-07 00:58:45,947 MatchingPostProcessor WARNING  Orphan pdf_cell 506 recovered to col=1 by nearest-column fallback (row=15, x=595.3, dist=203.2)
2026-09-07 00:58:45,947 MatchingPostProcessor WARNING  Orphan pdf_cell 507 recovered to col=1 by nearest-column fallback (row=15, x=606.3, dist=192.2)
2026-09-07 00:58:45,947 MatchingPostProcessor WARNING  Orphan pdf_cell 508 recovered to col=1 by nearest-column fallback (row=15, x=617.4, dist=181.1)
2026-09-07 00:58:45,947 MatchingPostProcessor WARNING  Orphan pdf_cell 509 recovered to col=1 by nearest-column fallback (row=15, x=628.5, dist=170.0)
2026-09-07 00:58:45,947 MatchingPostProcessor WARNING  Orphan pdf_cell 510 recovered to col=1 by nearest-column fallback (row=15, x=639.6, dist=158.9)
2026-09-07 00:58:45,947 MatchingPostProcessor WARNING  Orphan pdf_cell 511 recovered to col=1 by nearest-column fallback (row=15, x=650.7, dist=147.8)
2026-09-07 00:58:45,947 MatchingPostProcessor WARNING  Orphan pdf_cell 512 recovered to col=1 by nearest-column fallback (row=15, x=661.8, dist=136.7)
2026-09-07 00:58:45,947 MatchingPostProcessor WARNING  Orphan pdf_cell 513 recovered to col=1 by nearest-column fallback (row=15, x=672.9, dist=125.6)
2026-09-07 00:58:45,947 MatchingPostProcessor WARNING  Orphan pdf_cell 514 recovered to col=1 by nearest-column fallback (row=15, x=684.0, dist=114.5)
2026-09-07 00:58:45,947 MatchingPostProcessor WARNING  Orphan pdf_cell 515 recovered to col=1 by nearest-column fallback (row=15, x=695.1, dist=103.4)
2026-09-07 00:58:45,947 MatchingPostProcessor WARNING  Orphan pdf_cell 516 recovered to col=1 by nearest-column fallback (row=15, x=706.1, dist=92.4)
2026-09-07 00:58:45,947 MatchingPostProcessor WARNING  Orphan pdf_cell 517 recovered to col=1 by nearest-column fallback (row=15, x=717.2, dist=81.3)
2026-09-07 00:58:45,947 MatchingPostProcessor WARNING  Orphan pdf_cell 518 recovered to col=1 by nearest-column fallback (row=15, x=728.3, dist=70.2)
2026-09-07 00:58:45,947 MatchingPostProcessor WARNING  Orphan pdf_cell 519 recovered to col=1 by nearest-column fallback (row=15, x=739.4, dist=59.1)
2026-09-07 00:58:45,947 MatchingPostProcessor WARNING  Orphan pdf_cell 520 recovered to col=1 by nearest-column fallback (row=15, x=750.5, dist=48.0)
2026-09-07 00:58:45,947 MatchingPostProcessor WARNING  Orphan pdf_cell 521 recovered to col=1 by nearest-column fallback (row=15, x=761.6, dist=36.9)
2026-09-07 00:58:45,947 MatchingPostProcessor WARNING  Orphan pdf_cell 522 recovered to col=1 by nearest-column fallback (row=15, x=772.7, dist=25.8)
2026-09-07 00:58:45,947 MatchingPostProcessor WARNING  Orphan pdf_cell 545 recovered to col=0 by nearest-column fallback (row=16, x=517.6, dist=215.5)
2026-09-07 00:58:45,947 MatchingPostProcessor WARNING  Orphan pdf_cell 546 recovered to col=0 by nearest-column fallback (row=16, x=528.7, dist=226.6)
2026-09-07 00:58:45,947 MatchingPostProcessor WARNING  Orphan pdf_cell 547 recovered to col=0 by nearest-column fallback (row=16, x=539.8, dist=237.7)
2026-09-07 00:58:45,947 MatchingPostProcessor WARNING  Orphan pdf_cell 548 recovered to col=1 by nearest-column fallback (row=16, x=550.9, dist=247.6)
2026-09-07 00:58:45,947 MatchingPostProcessor WARNING  Orphan pdf_cell 549 recovered to col=1 by nearest-column fallback (row=16, x=562.0, dist=236.5)
2026-09-07 00:58:45,948 MatchingPostProcessor WARNING  Orphan pdf_cell 550 recovered to col=1 by nearest-column fallback (row=16, x=573.1, dist=225.4)
2026-09-07 00:58:45,948 MatchingPostProcessor WARNING  Orphan pdf_cell 551 recovered to col=1 by nearest-column fallback (row=16, x=584.2, dist=214.3)
2026-09-07 00:58:45,948 MatchingPostProcessor WARNING  Orphan pdf_cell 552 recovered to col=1 by nearest-column fallback (row=16, x=595.3, dist=203.2)
2026-09-07 00:58:45,948 MatchingPostProcessor WARNING  Orphan pdf_cell 553 recovered to col=1 by nearest-column fallback (row=16, x=606.3, dist=192.2)
2026-09-07 00:58:45,948 MatchingPostProcessor WARNING  Orphan pdf_cell 554 recovered to col=1 by nearest-column fallback (row=16, x=617.4, dist=181.1)
2026-09-07 00:58:45,948 MatchingPostProcessor WARNING  Orphan pdf_cell 555 recovered to col=1 by nearest-column fallback (row=16, x=628.5, dist=170.0)
2026-09-07 00:58:45,948 MatchingPostProcessor WARNING  Orphan pdf_cell 556 recovered to col=1 by nearest-column fallback (row=16, x=639.6, dist=158.9)
2026-09-07 00:58:45,948 MatchingPostProcessor WARNING  Orphan pdf_cell 557 recovered to col=1 by nearest-column fallback (row=16, x=650.7, dist=147.8)
2026-09-07 00:58:45,948 MatchingPostProcessor WARNING  Orphan pdf_cell 558 recovered to col=1 by nearest-column fallback (row=16, x=661.8, dist=136.7)
2026-09-07 00:58:45,948 MatchingPostProcessor WARNING  Orphan pdf_cell 559 recovered to col=1 by nearest-column fallback (row=16, x=672.9, dist=125.6)
2026-09-07 00:58:45,948 MatchingPostProcessor WARNING  Orphan pdf_cell 560 recovered to col=1 by nearest-column fallback (row=16, x=684.0, dist=114.5)
2026-09-07 00:58:45,948 MatchingPostProcessor WARNING  Orphan pdf_cell 561 recovered to col=1 by nearest-column fallback (row=16, x=695.1, dist=103.4)
2026-09-07 00:58:45,948 MatchingPostProcessor WARNING  Orphan pdf_cell 562 recovered to col=1 by nearest-column fallback (row=16, x=706.1, dist=92.4)
2026-09-07 00:58:45,948 MatchingPostProcessor WARNING  Orphan pdf_cell 563 recovered to col=1 by nearest-column fallback (row=16, x=717.2, dist=81.3)
2026-09-07 00:58:45,948 MatchingPostProcessor WARNING  Orphan pdf_cell 564 recovered to col=1 by nearest-column fallback (row=16, x=728.3, dist=70.2)
2026-09-07 00:58:45,948 MatchingPostProcessor WARNING  Orphan pdf_cell 565 recovered to col=1 by nearest-column fallback (row=16, x=739.4, dist=59.1)
2026-09-07 00:58:45,948 MatchingPostProcessor WARNING  Orphan pdf_cell 566 recovered to col=1 by nearest-column fallback (row=16, x=750.5, dist=48.0)
2026-09-07 00:58:45,948 MatchingPostProcessor WARNING  Orphan pdf_cell 567 recovered to col=1 by nearest-column fallback (row=16, x=761.6, dist=36.9)
2026-09-07 00:58:45,948 MatchingPostProcessor WARNING  Orphan pdf_cell 568 recovered to col=1 by nearest-column fallback (row=16, x=772.7, dist=25.8)
2026-09-07 00:58:45,948 MatchingPostProcessor WARNING  Orphan pdf_cell 588 recovered to col=0 by nearest-column fallback (row=17, x=517.6, dist=215.5)
2026-09-07 00:58:45,948 MatchingPostProcessor WARNING  Orphan pdf_cell 589 recovered to col=0 by nearest-column fallback (row=17, x=528.7, dist=226.6)
2026-09-07 00:58:45,948 MatchingPostProcessor WARNING  Orphan pdf_cell 590 recovered to col=0 by nearest-column fallback (row=17, x=539.8, dist=237.7)
2026-09-07 00:58:45,948 MatchingPostProcessor WARNING  Orphan pdf_cell 591 recovered to col=1 by nearest-column fallback (row=17, x=550.9, dist=247.6)
2026-09-07 00:58:45,948 MatchingPostProcessor WARNING  Orphan pdf_cell 592 recovered to col=1 by nearest-column fallback (row=17, x=562.0, dist=236.5)
2026-09-07 00:58:45,948 MatchingPostProcessor WARNING  Orphan pdf_cell 593 recovered to col=1 by nearest-column fallback (row=17, x=573.1, dist=225.4)
2026-09-07 00:58:45,948 MatchingPostProcessor WARNING  Orphan pdf_cell 594 recovered to col=1 by nearest-column fallback (row=17, x=584.2, dist=214.3)
2026-09-07 00:58:45,948 MatchingPostProcessor WARNING  Orphan pdf_cell 595 recovered to col=1 by nearest-column fallback (row=17, x=595.3, dist=203.2)
2026-09-07 00:58:45,948 MatchingPostProcessor WARNING  Orphan pdf_cell 596 recovered to col=1 by nearest-column fallback (row=17, x=606.3, dist=192.2)
2026-09-07 00:58:45,948 MatchingPostProcessor WARNING  Orphan pdf_cell 597 recovered to col=1 by nearest-column fallback (row=17, x=617.4, dist=181.1)
2026-09-07 00:58:45,948 MatchingPostProcessor WARNING  Orphan pdf_cell 598 recovered to col=1 by nearest-column fallback (row=17, x=628.5, dist=170.0)
2026-09-07 00:58:45,948 MatchingPostProcessor WARNING  Orphan pdf_cell 599 recovered to col=1 by nearest-column fallback (row=17, x=639.6, dist=158.9)
2026-09-07 00:58:45,948 MatchingPostProcessor WARNING  Orphan pdf_cell 600 recovered to col=1 by nearest-column fallback (row=17, x=650.7, dist=147.8)
2026-09-07 00:58:45,948 MatchingPostProcessor WARNING  Orphan pdf_cell 601 recovered to col=1 by nearest-column fallback (row=17, x=661.8, dist=136.7)
2026-09-07 00:58:45,948 MatchingPostProcessor WARNING  Orphan pdf_cell 602 recovered to col=1 by nearest-column fallback (row=17, x=672.9, dist=125.6)
2026-09-07 00:58:45,948 MatchingPostProcessor WARNING  Orphan pdf_cell 603 recovered to col=1 by nearest-column fallback (row=17, x=684.0, dist=114.5)
2026-09-07 00:58:45,948 MatchingPostProcessor WARNING  Orphan pdf_cell 604 recovered to col=1 by nearest-column fallback (row=17, x=695.1, dist=103.4)
2026-09-07 00:58:45,949 MatchingPostProcessor WARNING  Orphan pdf_cell 605 recovered to col=1 by nearest-column fallback (row=17, x=706.1, dist=92.4)
2026-09-07 00:58:45,949 MatchingPostProcessor WARNING  Orphan pdf_cell 606 recovered to col=1 by nearest-column fallback (row=17, x=717.2, dist=81.3)
2026-09-07 00:58:45,949 MatchingPostProcessor WARNING  Orphan pdf_cell 607 recovered to col=1 by nearest-column fallback (row=17, x=728.3, dist=70.2)
2026-09-07 00:58:45,949 MatchingPostProcessor WARNING  Orphan pdf_cell 608 recovered to col=1 by nearest-column fallback (row=17, x=739.4, dist=59.1)
2026-09-07 00:58:45,949 MatchingPostProcessor WARNING  Orphan pdf_cell 609 recovered to col=1 by nearest-column fallback (row=17, x=750.5, dist=48.0)
2026-09-07 00:58:45,949 MatchingPostProcessor WARNING  Orphan pdf_cell 610 recovered to col=1 by nearest-column fallback (row=17, x=761.6, dist=36.9)
2026-09-07 00:58:45,949 MatchingPostProcessor WARNING  Orphan pdf_cell 611 recovered to col=1 by nearest-column fallback (row=17, x=772.7, dist=25.8)
2026-09-07 00:58:45,949 MatchingPostProcessor WARNING  Orphan pdf_cell 639 recovered to col=0 by nearest-column fallback (row=18, x=517.6, dist=215.5)
2026-09-07 00:58:45,949 MatchingPostProcessor WARNING  Orphan pdf_cell 640 recovered to col=0 by nearest-column fallback (row=18, x=528.7, dist=226.6)
2026-09-07 00:58:45,949 MatchingPostProcessor WARNING  Orphan pdf_cell 641 recovered to col=0 by nearest-column fallback (row=18, x=539.8, dist=237.7)
2026-09-07 00:58:45,949 MatchingPostProcessor WARNING  Orphan pdf_cell 642 recovered to col=1 by nearest-column fallback (row=18, x=550.9, dist=247.6)
2026-09-07 00:58:45,949 MatchingPostProcessor WARNING  Orphan pdf_cell 643 recovered to col=1 by nearest-column fallback (row=18, x=562.0, dist=236.5)
2026-09-07 00:58:45,949 MatchingPostProcessor WARNING  Orphan pdf_cell 644 recovered to col=1 by nearest-column fallback (row=18, x=573.1, dist=225.4)
2026-09-07 00:58:45,949 MatchingPostProcessor WARNING  Orphan pdf_cell 645 recovered to col=1 by nearest-column fallback (row=18, x=584.2, dist=214.3)
2026-09-07 00:58:45,949 MatchingPostProcessor WARNING  Orphan pdf_cell 646 recovered to col=1 by nearest-column fallback (row=18, x=595.3, dist=203.2)
2026-09-07 00:58:45,949 MatchingPostProcessor WARNING  Orphan pdf_cell 647 recovered to col=1 by nearest-column fallback (row=18, x=606.3, dist=192.2)
2026-09-07 00:58:45,949 MatchingPostProcessor WARNING  Orphan pdf_cell 648 recovered to col=1 by nearest-column fallback (row=18, x=617.4, dist=181.1)
2026-09-07 00:58:45,949 MatchingPostProcessor WARNING  Orphan pdf_cell 649 recovered to col=1 by nearest-column fallback (row=18, x=628.5, dist=170.0)
2026-09-07 00:58:45,949 MatchingPostProcessor WARNING  Orphan pdf_cell 650 recovered to col=1 by nearest-column fallback (row=18, x=639.6, dist=158.9)
2026-09-07 00:58:45,949 MatchingPostProcessor WARNING  Orphan pdf_cell 651 recovered to col=1 by nearest-column fallback (row=18, x=650.7, dist=147.8)
2026-09-07 00:58:45,949 MatchingPostProcessor WARNING  Orphan pdf_cell 652 recovered to col=1 by nearest-column fallback (row=18, x=661.8, dist=136.7)
2026-09-07 00:58:45,949 MatchingPostProcessor WARNING  Orphan pdf_cell 653 recovered to col=1 by nearest-column fallback (row=18, x=672.9, dist=125.6)
2026-09-07 00:58:45,949 MatchingPostProcessor WARNING  Orphan pdf_cell 654 recovered to col=1 by nearest-column fallback (row=18, x=684.0, dist=114.5)
2026-09-07 00:58:45,949 MatchingPostProcessor WARNING  Orphan pdf_cell 655 recovered to col=1 by nearest-column fallback (row=18, x=695.1, dist=103.4)
2026-09-07 00:58:45,949 MatchingPostProcessor WARNING  Orphan pdf_cell 656 recovered to col=1 by nearest-column fallback (row=18, x=706.1, dist=92.4)
2026-09-07 00:58:45,949 MatchingPostProcessor WARNING  Orphan pdf_cell 657 recovered to col=1 by nearest-column fallback (row=18, x=717.2, dist=81.3)
2026-09-07 00:58:45,949 MatchingPostProcessor WARNING  Orphan pdf_cell 658 recovered to col=1 by nearest-column fallback (row=18, x=728.3, dist=70.2)
2026-09-07 00:58:45,949 MatchingPostProcessor WARNING  Orphan pdf_cell 659 recovered to col=1 by nearest-column fallback (row=18, x=739.4, dist=59.1)
2026-09-07 00:58:45,949 MatchingPostProcessor WARNING  Orphan pdf_cell 660 recovered to col=1 by nearest-column fallback (row=18, x=750.5, dist=48.0)
2026-09-07 00:58:45,949 MatchingPostProcessor WARNING  Orphan pdf_cell 661 recovered to col=1 by nearest-column fallback (row=18, x=761.6, dist=36.9)
2026-09-07 00:58:45,949 MatchingPostProcessor WARNING  Orphan pdf_cell 662 recovered to col=1 by nearest-column fallback (row=18, x=772.7, dist=25.8)
2026-09-07 00:58:45,950 MatchingPostProcessor WARNING  Orphan pdf_cell 686 recovered to col=0 by nearest-column fallback (row=19, x=517.6, dist=215.5)
2026-09-07 00:58:45,950 MatchingPostProcessor WARNING  Orphan pdf_cell 687 recovered to col=0 by nearest-column fallback (row=19, x=528.7, dist=226.6)
2026-09-07 00:58:45,950 MatchingPostProcessor WARNING  Orphan pdf_cell 688 recovered to col=0 by nearest-column fallback (row=19, x=539.8, dist=237.7)
2026-09-07 00:58:45,950 MatchingPostProcessor WARNING  Orphan pdf_cell 689 recovered to col=1 by nearest-column fallback (row=19, x=550.9, dist=247.6)
2026-09-07 00:58:45,950 MatchingPostProcessor WARNING  Orphan pdf_cell 690 recovered to col=1 by nearest-column fallback (row=19, x=562.0, dist=236.5)
2026-09-07 00:58:45,950 MatchingPostProcessor WARNING  Orphan pdf_cell 691 recovered to col=1 by nearest-column fallback (row=19, x=573.1, dist=225.4)
2026-09-07 00:58:45,950 MatchingPostProcessor WARNING  Orphan pdf_cell 692 recovered to col=1 by nearest-column fallback (row=19, x=584.2, dist=214.3)
2026-09-07 00:58:45,950 MatchingPostProcessor WARNING  Orphan pdf_cell 693 recovered to col=1 by nearest-column fallback (row=19, x=595.3, dist=203.2)
2026-09-07 00:58:45,950 MatchingPostProcessor WARNING  Orphan pdf_cell 694 recovered to col=1 by nearest-column fallback (row=19, x=606.3, dist=192.2)
2026-09-07 00:58:45,950 MatchingPostProcessor WARNING  Orphan pdf_cell 695 recovered to col=1 by nearest-column fallback (row=19, x=617.4, dist=181.1)
2026-09-07 00:58:45,950 MatchingPostProcessor WARNING  Orphan pdf_cell 696 recovered to col=1 by nearest-column fallback (row=19, x=628.5, dist=170.0)
2026-09-07 00:58:45,950 MatchingPostProcessor WARNING  Orphan pdf_cell 697 recovered to col=1 by nearest-column fallback (row=19, x=639.6, dist=158.9)
2026-09-07 00:58:45,950 MatchingPostProcessor WARNING  Orphan pdf_cell 698 recovered to col=1 by nearest-column fallback (row=19, x=650.7, dist=147.8)
2026-09-07 00:58:45,950 MatchingPostProcessor WARNING  Orphan pdf_cell 699 recovered to col=1 by nearest-column fallback (row=19, x=661.8, dist=136.7)
2026-09-07 00:58:45,950 MatchingPostProcessor WARNING  Orphan pdf_cell 700 recovered to col=1 by nearest-column fallback (row=19, x=672.9, dist=125.6)
2026-09-07 00:58:45,950 MatchingPostProcessor WARNING  Orphan pdf_cell 701 recovered to col=1 by nearest-column fallback (row=19, x=684.0, dist=114.5)
2026-09-07 00:58:45,950 MatchingPostProcessor WARNING  Orphan pdf_cell 702 recovered to col=1 by nearest-column fallback (row=19, x=695.1, dist=103.4)
2026-09-07 00:58:45,950 MatchingPostProcessor WARNING  Orphan pdf_cell 703 recovered to col=1 by nearest-column fallback (row=19, x=706.1, dist=92.4)
2026-09-07 00:58:45,950 MatchingPostProcessor WARNING  Orphan pdf_cell 704 recovered to col=1 by nearest-column fallback (row=19, x=717.2, dist=81.3)
2026-09-07 00:58:45,950 MatchingPostProcessor WARNING  Orphan pdf_cell 705 recovered to col=1 by nearest-column fallback (row=19, x=728.3, dist=70.2)
2026-09-07 00:58:45,950 MatchingPostProcessor WARNING  Orphan pdf_cell 706 recovered to col=1 by nearest-column fallback (row=19, x=739.4, dist=59.1)
2026-09-07 00:58:45,950 MatchingPostProcessor WARNING  Orphan pdf_cell 707 recovered to col=1 by nearest-column fallback (row=19, x=750.5, dist=48.0)
2026-09-07 00:58:45,950 MatchingPostProcessor WARNING  Orphan pdf_cell 708 recovered to col=1 by nearest-column fallback (row=19, x=761.6, dist=36.9)
2026-09-07 00:58:45,950 MatchingPostProcessor WARNING  Orphan pdf_cell 709 recovered to col=1 by nearest-column fallback (row=19, x=772.7, dist=25.8)
2026-09-07 00:58:45,950 MatchingPostProcessor WARNING  Orphan pdf_cell 730 recovered to col=0 by nearest-column fallback (row=20, x=517.6, dist=215.5)
2026-09-07 00:58:45,950 MatchingPostProcessor WARNING  Orphan pdf_cell 731 recovered to col=0 by nearest-column fallback (row=20, x=528.7, dist=226.6)
2026-09-07 00:58:45,950 MatchingPostProcessor WARNING  Orphan pdf_cell 732 recovered to col=0 by nearest-column fallback (row=20, x=539.8, dist=237.7)
2026-09-07 00:58:45,950 MatchingPostProcessor WARNING  Orphan pdf_cell 733 recovered to col=1 by nearest-column fallback (row=20, x=550.9, dist=247.6)
2026-09-07 00:58:45,950 MatchingPostProcessor WARNING  Orphan pdf_cell 734 recovered to col=1 by nearest-column fallback (row=20, x=562.0, dist=236.5)
2026-09-07 00:58:45,951 MatchingPostProcessor WARNING  Orphan pdf_cell 735 recovered to col=1 by nearest-column fallback (row=20, x=573.1, dist=225.4)
2026-09-07 00:58:45,951 MatchingPostProcessor WARNING  Orphan pdf_cell 736 recovered to col=1 by nearest-column fallback (row=20, x=584.2, dist=214.3)
2026-09-07 00:58:45,951 MatchingPostProcessor WARNING  Orphan pdf_cell 737 recovered to col=1 by nearest-column fallback (row=20, x=595.3, dist=203.2)
2026-09-07 00:58:45,951 MatchingPostProcessor WARNING  Orphan pdf_cell 738 recovered to col=1 by nearest-column fallback (row=20, x=606.3, dist=192.2)
2026-09-07 00:58:45,951 MatchingPostProcessor WARNING  Orphan pdf_cell 739 recovered to col=1 by nearest-column fallback (row=20, x=617.4, dist=181.1)
2026-09-07 00:58:45,951 MatchingPostProcessor WARNING  Orphan pdf_cell 740 recovered to col=1 by nearest-column fallback (row=20, x=628.5, dist=170.0)
2026-09-07 00:58:45,951 MatchingPostProcessor WARNING  Orphan pdf_cell 741 recovered to col=1 by nearest-column fallback (row=20, x=639.6, dist=158.9)
2026-09-07 00:58:45,951 MatchingPostProcessor WARNING  Orphan pdf_cell 742 recovered to col=1 by nearest-column fallback (row=20, x=650.7, dist=147.8)
2026-09-07 00:58:45,951 MatchingPostProcessor WARNING  Orphan pdf_cell 743 recovered to col=1 by nearest-column fallback (row=20, x=661.8, dist=136.7)
2026-09-07 00:58:45,951 MatchingPostProcessor WARNING  Orphan pdf_cell 744 recovered to col=1 by nearest-column fallback (row=20, x=672.9, dist=125.6)
2026-09-07 00:58:45,951 MatchingPostProcessor WARNING  Orphan pdf_cell 745 recovered to col=1 by nearest-column fallback (row=20, x=684.0, dist=114.5)
2026-09-07 00:58:45,951 MatchingPostProcessor WARNING  Orphan pdf_cell 746 recovered to col=1 by nearest-column fallback (row=20, x=695.1, dist=103.4)
2026-09-07 00:58:45,951 MatchingPostProcessor WARNING  Orphan pdf_cell 747 recovered to col=1 by nearest-column fallback (row=20, x=706.1, dist=92.4)
2026-09-07 00:58:45,951 MatchingPostProcessor WARNING  Orphan pdf_cell 748 recovered to col=1 by nearest-column fallback (row=20, x=717.2, dist=81.3)
2026-09-07 00:58:45,951 MatchingPostProcessor WARNING  Orphan pdf_cell 749 recovered to col=1 by nearest-column fallback (row=20, x=728.3, dist=70.2)
2026-09-07 00:58:45,951 MatchingPostProcessor WARNING  Orphan pdf_cell 750 recovered to col=1 by nearest-column fallback (row=20, x=739.4, dist=59.1)
2026-09-07 00:58:45,951 MatchingPostProcessor WARNING  Orphan pdf_cell 751 recovered to col=1 by nearest-column fallback (row=20, x=750.5, dist=48.0)
2026-09-07 00:58:45,951 MatchingPostProcessor WARNING  Orphan pdf_cell 752 recovered to col=1 by nearest-column fallback (row=20, x=761.6, dist=36.9)
2026-09-07 00:58:45,951 MatchingPostProcessor WARNING  Orphan pdf_cell 753 recovered to col=1 by nearest-column fallback (row=20, x=772.7, dist=25.8)
2026-09-07 00:58:45,951 MatchingPostProcessor WARNING  Orphan pdf_cell 772 recovered to col=0 by nearest-column fallback (row=21, x=517.6, dist=215.5)
2026-09-07 00:58:45,951 MatchingPostProcessor WARNING  Orphan pdf_cell 773 recovered to col=0 by nearest-column fallback (row=21, x=528.7, dist=226.6)
2026-09-07 00:58:45,951 MatchingPostProcessor WARNING  Orphan pdf_cell 774 recovered to col=0 by nearest-column fallback (row=21, x=539.8, dist=237.7)
2026-09-07 00:58:45,951 MatchingPostProcessor WARNING  Orphan pdf_cell 775 recovered to col=1 by nearest-column fallback (row=21, x=550.9, dist=247.6)
2026-09-07 00:58:45,951 MatchingPostProcessor WARNING  Orphan pdf_cell 776 recovered to col=1 by nearest-column fallback (row=21, x=562.0, dist=236.5)
2026-09-07 00:58:45,951 MatchingPostProcessor WARNING  Orphan pdf_cell 777 recovered to col=1 by nearest-column fallback (row=21, x=573.1, dist=225.4)
2026-09-07 00:58:45,951 MatchingPostProcessor WARNING  Orphan pdf_cell 778 recovered to col=1 by nearest-column fallback (row=21, x=584.2, dist=214.3)
2026-09-07 00:58:45,951 MatchingPostProcessor WARNING  Orphan pdf_cell 779 recovered to col=1 by nearest-column fallback (row=21, x=595.3, dist=203.2)
2026-09-07 00:58:45,951 MatchingPostProcessor WARNING  Orphan pdf_cell 780 recovered to col=1 by nearest-column fallback (row=21, x=606.3, dist=192.2)
2026-09-07 00:58:45,951 MatchingPostProcessor WARNING  Orphan pdf_cell 781 recovered to col=1 by nearest-column fallback (row=21, x=617.4, dist=181.1)
2026-09-07 00:58:45,951 MatchingPostProcessor WARNING  Orphan pdf_cell 782 recovered to col=1 by nearest-column fallback (row=21, x=628.5, dist=170.0)
2026-09-07 00:58:45,951 MatchingPostProcessor WARNING  Orphan pdf_cell 783 recovered to col=1 by nearest-column fallback (row=21, x=639.6, dist=158.9)
2026-09-07 00:58:45,951 MatchingPostProcessor WARNING  Orphan pdf_cell 784 recovered to col=1 by nearest-column fallback (row=21, x=650.7, dist=147.8)
2026-09-07 00:58:45,951 MatchingPostProcessor WARNING  Orphan pdf_cell 785 recovered to col=1 by nearest-column fallback (row=21, x=661.8, dist=136.7)
2026-09-07 00:58:45,951 MatchingPostProcessor WARNING  Orphan pdf_cell 786 recovered to col=1 by nearest-column fallback (row=21, x=672.9, dist=125.6)
2026-09-07 00:58:45,951 MatchingPostProcessor WARNING  Orphan pdf_cell 787 recovered to col=1 by nearest-column fallback (row=21, x=684.0, dist=114.5)
2026-09-07 00:58:45,951 MatchingPostProcessor WARNING  Orphan pdf_cell 788 recovered to col=1 by nearest-column fallback (row=21, x=695.1, dist=103.4)
2026-09-07 00:58:45,952 MatchingPostProcessor WARNING  Orphan pdf_cell 789 recovered to col=1 by nearest-column fallback (row=21, x=706.1, dist=92.4)
2026-09-07 00:58:45,952 MatchingPostProcessor WARNING  Orphan pdf_cell 790 recovered to col=1 by nearest-column fallback (row=21, x=717.2, dist=81.3)
2026-09-07 00:58:45,952 MatchingPostProcessor WARNING  Orphan pdf_cell 791 recovered to col=1 by nearest-column fallback (row=21, x=728.3, dist=70.2)
2026-09-07 00:58:45,952 MatchingPostProcessor WARNING  Orphan pdf_cell 792 recovered to col=1 by nearest-column fallback (row=21, x=739.4, dist=59.1)
2026-09-07 00:58:45,952 MatchingPostProcessor WARNING  Orphan pdf_cell 793 recovered to col=1 by nearest-column fallback (row=21, x=750.5, dist=48.0)
2026-09-07 00:58:45,952 MatchingPostProcessor WARNING  Orphan pdf_cell 794 recovered to col=1 by nearest-column fallback (row=21, x=761.6, dist=36.9)
2026-09-07 00:58:45,952 MatchingPostProcessor WARNING  Orphan pdf_cell 795 recovered to col=1 by nearest-column fallback (row=21, x=772.7, dist=25.8)
2026-09-07 00:58:45,952 MatchingPostProcessor WARNING  Orphan pdf_cell 822 recovered to col=0 by nearest-column fallback (row=22, x=517.6, dist=215.5)
2026-09-07 00:58:45,952 MatchingPostProcessor WARNING  Orphan pdf_cell 823 recovered to col=0 by nearest-column fallback (row=22, x=528.7, dist=226.6)
2026-09-07 00:58:45,952 MatchingPostProcessor WARNING  Orphan pdf_cell 824 recovered to col=0 by nearest-column fallback (row=22, x=539.8, dist=237.7)
2026-09-07 00:58:45,952 MatchingPostProcessor WARNING  Orphan pdf_cell 825 recovered to col=1 by nearest-column fallback (row=22, x=550.9, dist=247.6)
2026-09-07 00:58:45,952 MatchingPostProcessor WARNING  Orphan pdf_cell 826 recovered to col=1 by nearest-column fallback (row=22, x=562.0, dist=236.5)
2026-09-07 00:58:45,952 MatchingPostProcessor WARNING  Orphan pdf_cell 827 recovered to col=1 by nearest-column fallback (row=22, x=573.1, dist=225.4)
2026-09-07 00:58:45,952 MatchingPostProcessor WARNING  Orphan pdf_cell 828 recovered to col=1 by nearest-column fallback (row=22, x=584.2, dist=214.3)
2026-09-07 00:58:45,952 MatchingPostProcessor WARNING  Orphan pdf_cell 829 recovered to col=1 by nearest-column fallback (row=22, x=595.3, dist=203.2)
2026-09-07 00:58:45,952 MatchingPostProcessor WARNING  Orphan pdf_cell 830 recovered to col=1 by nearest-column fallback (row=22, x=606.3, dist=192.2)
2026-09-07 00:58:45,952 MatchingPostProcessor WARNING  Orphan pdf_cell 831 recovered to col=1 by nearest-column fallback (row=22, x=617.4, dist=181.1)
2026-09-07 00:58:45,952 MatchingPostProcessor WARNING  Orphan pdf_cell 832 recovered to col=1 by nearest-column fallback (row=22, x=628.5, dist=170.0)
2026-09-07 00:58:45,952 MatchingPostProcessor WARNING  Orphan pdf_cell 833 recovered to col=1 by nearest-column fallback (row=22, x=639.6, dist=158.9)
2026-09-07 00:58:45,952 MatchingPostProcessor WARNING  Orphan pdf_cell 834 recovered to col=1 by nearest-column fallback (row=22, x=650.7, dist=147.8)
2026-09-07 00:58:45,952 MatchingPostProcessor WARNING  Orphan pdf_cell 835 recovered to col=1 by nearest-column fallback (row=22, x=661.8, dist=136.7)
2026-09-07 00:58:45,952 MatchingPostProcessor WARNING  Orphan pdf_cell 836 recovered to col=1 by nearest-column fallback (row=22, x=672.9, dist=125.6)
2026-09-07 00:58:45,952 MatchingPostProcessor WARNING  Orphan pdf_cell 837 recovered to col=1 by nearest-column fallback (row=22, x=684.0, dist=114.5)
2026-09-07 00:58:45,952 MatchingPostProcessor WARNING  Orphan pdf_cell 838 recovered to col=1 by nearest-column fallback (row=22, x=695.1, dist=103.4)
2026-09-07 00:58:45,952 MatchingPostProcessor WARNING  Orphan pdf_cell 839 recovered to col=1 by nearest-column fallback (row=22, x=706.1, dist=92.4)
2026-09-07 00:58:45,952 MatchingPostProcessor WARNING  Orphan pdf_cell 840 recovered to col=1 by nearest-column fallback (row=22, x=717.2, dist=81.3)
2026-09-07 00:58:45,952 MatchingPostProcessor WARNING  Orphan pdf_cell 841 recovered to col=1 by nearest-column fallback (row=22, x=728.3, dist=70.2)
2026-09-07 00:58:45,952 MatchingPostProcessor WARNING  Orphan pdf_cell 842 recovered to col=1 by nearest-column fallback (row=22, x=739.4, dist=59.1)
2026-09-07 00:58:45,952 MatchingPostProcessor WARNING  Orphan pdf_cell 843 recovered to col=1 by nearest-column fallback (row=22, x=750.5, dist=48.0)
2026-09-07 00:58:45,952 MatchingPostProcessor WARNING  Orphan pdf_cell 844 recovered to col=1 by nearest-column fallback (row=22, x=761.6, dist=36.9)
2026-09-07 00:58:45,952 MatchingPostProcessor WARNING  Orphan pdf_cell 845 recovered to col=1 by nearest-column fallback (row=22, x=772.7, dist=25.8)
2026-09-07 00:58:45,953 MatchingPostProcessor WARNING  Orphan pdf_cell 861 recovered to col=0 by nearest-column fallback (row=23, x=517.6, dist=215.5)
2026-09-07 00:58:45,953 MatchingPostProcessor WARNING  Orphan pdf_cell 862 recovered to col=0 by nearest-column fallback (row=23, x=528.7, dist=226.6)
2026-09-07 00:58:45,953 MatchingPostProcessor WARNING  Orphan pdf_cell 863 recovered to col=0 by nearest-column fallback (row=23, x=539.8, dist=237.7)
2026-09-07 00:58:45,953 MatchingPostProcessor WARNING  Orphan pdf_cell 864 recovered to col=1 by nearest-column fallback (row=23, x=550.9, dist=247.6)
2026-09-07 00:58:45,953 MatchingPostProcessor WARNING  Orphan pdf_cell 865 recovered to col=1 by nearest-column fallback (row=23, x=562.0, dist=236.5)
2026-09-07 00:58:45,953 MatchingPostProcessor WARNING  Orphan pdf_cell 866 recovered to col=1 by nearest-column fallback (row=23, x=573.1, dist=225.4)
2026-09-07 00:58:45,953 MatchingPostProcessor WARNING  Orphan pdf_cell 867 recovered to col=1 by nearest-column fallback (row=23, x=584.2, dist=214.3)
2026-09-07 00:58:45,953 MatchingPostProcessor WARNING  Orphan pdf_cell 868 recovered to col=1 by nearest-column fallback (row=23, x=595.3, dist=203.2)
2026-09-07 00:58:45,953 MatchingPostProcessor WARNING  Orphan pdf_cell 869 recovered to col=1 by nearest-column fallback (row=23, x=606.3, dist=192.2)
2026-09-07 00:58:45,953 MatchingPostProcessor WARNING  Orphan pdf_cell 870 recovered to col=1 by nearest-column fallback (row=23, x=617.4, dist=181.1)
2026-09-07 00:58:45,953 MatchingPostProcessor WARNING  Orphan pdf_cell 871 recovered to col=1 by nearest-column fallback (row=23, x=628.5, dist=170.0)
2026-09-07 00:58:45,953 MatchingPostProcessor WARNING  Orphan pdf_cell 872 recovered to col=1 by nearest-column fallback (row=23, x=639.6, dist=158.9)
2026-09-07 00:58:45,953 MatchingPostProcessor WARNING  Orphan pdf_cell 873 recovered to col=1 by nearest-column fallback (row=23, x=650.7, dist=147.8)
2026-09-07 00:58:45,953 MatchingPostProcessor WARNING  Orphan pdf_cell 874 recovered to col=1 by nearest-column fallback (row=23, x=661.8, dist=136.7)
2026-09-07 00:58:45,953 MatchingPostProcessor WARNING  Orphan pdf_cell 875 recovered to col=1 by nearest-column fallback (row=23, x=672.9, dist=125.6)
2026-09-07 00:58:45,953 MatchingPostProcessor WARNING  Orphan pdf_cell 876 recovered to col=1 by nearest-column fallback (row=23, x=684.0, dist=114.5)
2026-09-07 00:58:45,953 MatchingPostProcessor WARNING  Orphan pdf_cell 877 recovered to col=1 by nearest-column fallback (row=23, x=695.1, dist=103.4)
2026-09-07 00:58:45,953 MatchingPostProcessor WARNING  Orphan pdf_cell 878 recovered to col=1 by nearest-column fallback (row=23, x=706.1, dist=92.4)
2026-09-07 00:58:45,953 MatchingPostProcessor WARNING  Orphan pdf_cell 879 recovered to col=1 by nearest-column fallback (row=23, x=717.2, dist=81.3)
2026-09-07 00:58:45,953 MatchingPostProcessor WARNING  Orphan pdf_cell 880 recovered to col=1 by nearest-column fallback (row=23, x=728.3, dist=70.2)
2026-09-07 00:58:45,953 MatchingPostProcessor WARNING  Orphan pdf_cell 881 recovered to col=1 by nearest-column fallback (row=23, x=739.4, dist=59.1)
2026-09-07 00:58:45,953 MatchingPostProcessor WARNING  Orphan pdf_cell 882 recovered to col=1 by nearest-column fallback (row=23, x=750.5, dist=48.0)
2026-09-07 00:58:45,953 MatchingPostProcessor WARNING  Orphan pdf_cell 883 recovered to col=1 by nearest-column fallback (row=23, x=761.6, dist=36.9)
2026-09-07 00:58:45,953 MatchingPostProcessor WARNING  Orphan pdf_cell 884 recovered to col=1 by nearest-column fallback (row=23, x=772.7, dist=25.8)
2026-09-07 00:58:45,953 MatchingPostProcessor WARNING  Orphan pdf_cell 918 recovered to col=0 by nearest-column fallback (row=24, x=517.6, dist=215.5)
2026-09-07 00:58:45,954 MatchingPostProcessor WARNING  Orphan pdf_cell 919 recovered to col=0 by nearest-column fallback (row=24, x=528.7, dist=226.6)
2026-09-07 00:58:45,954 MatchingPostProcessor WARNING  Orphan pdf_cell 920 recovered to col=0 by nearest-column fallback (row=24, x=539.8, dist=237.7)
2026-09-07 00:58:45,954 MatchingPostProcessor WARNING  Orphan pdf_cell 921 recovered to col=1 by nearest-column fallback (row=24, x=550.9, dist=247.6)
2026-09-07 00:58:45,954 MatchingPostProcessor WARNING  Orphan pdf_cell 922 recovered to col=1 by nearest-column fallback (row=24, x=562.0, dist=236.5)
2026-09-07 00:58:45,954 MatchingPostProcessor WARNING  Orphan pdf_cell 923 recovered to col=1 by nearest-column fallback (row=24, x=573.1, dist=225.4)
2026-09-07 00:58:45,954 MatchingPostProcessor WARNING  Orphan pdf_cell 924 recovered to col=1 by nearest-column fallback (row=24, x=584.2, dist=214.3)
2026-09-07 00:58:45,954 MatchingPostProcessor WARNING  Orphan pdf_cell 925 recovered to col=1 by nearest-column fallback (row=24, x=595.3, dist=203.2)
2026-09-07 00:58:45,954 MatchingPostProcessor WARNING  Orphan pdf_cell 926 recovered to col=1 by nearest-column fallback (row=24, x=606.3, dist=192.2)
2026-09-07 00:58:45,954 MatchingPostProcessor WARNING  Orphan pdf_cell 927 recovered to col=1 by nearest-column fallback (row=24, x=617.4, dist=181.1)
2026-09-07 00:58:45,954 MatchingPostProcessor WARNING  Orphan pdf_cell 928 recovered to col=1 by nearest-column fallback (row=24, x=628.5, dist=170.0)
2026-09-07 00:58:45,954 MatchingPostProcessor WARNING  Orphan pdf_cell 929 recovered to col=1 by nearest-column fallback (row=24, x=639.6, dist=158.9)
2026-09-07 00:58:45,954 MatchingPostProcessor WARNING  Orphan pdf_cell 930 recovered to col=1 by nearest-column fallback (row=24, x=650.7, dist=147.8)
2026-09-07 00:58:45,954 MatchingPostProcessor WARNING  Orphan pdf_cell 931 recovered to col=1 by nearest-column fallback (row=24, x=661.8, dist=136.7)
2026-09-07 00:58:45,954 MatchingPostProcessor WARNING  Orphan pdf_cell 932 recovered to col=1 by nearest-column fallback (row=24, x=672.9, dist=125.6)
2026-09-07 00:58:45,954 MatchingPostProcessor WARNING  Orphan pdf_cell 933 recovered to col=1 by nearest-column fallback (row=24, x=684.0, dist=114.5)
2026-09-07 00:58:45,954 MatchingPostProcessor WARNING  Orphan pdf_cell 934 recovered to col=1 by nearest-column fallback (row=24, x=695.1, dist=103.4)
2026-09-07 00:58:45,954 MatchingPostProcessor WARNING  Orphan pdf_cell 935 recovered to col=1 by nearest-column fallback (row=24, x=706.1, dist=92.4)
2026-09-07 00:58:45,954 MatchingPostProcessor WARNING  Orphan pdf_cell 936 recovered to col=1 by nearest-column fallback (row=24, x=717.2, dist=81.3)
2026-09-07 00:58:45,954 MatchingPostProcessor WARNING  Orphan pdf_cell 937 recovered to col=1 by nearest-column fallback (row=24, x=728.3, dist=70.2)
2026-09-07 00:58:45,954 MatchingPostProcessor WARNING  Orphan pdf_cell 938 recovered to col=1 by nearest-column fallback (row=24, x=739.4, dist=59.1)
2026-09-07 00:58:45,954 MatchingPostProcessor WARNING  Orphan pdf_cell 939 recovered to col=1 by nearest-column fallback (row=24, x=750.5, dist=48.0)
2026-09-07 00:58:45,954 MatchingPostProcessor WARNING  Orphan pdf_cell 940 recovered to col=1 by nearest-column fallback (row=24, x=761.6, dist=36.9)
2026-09-07 00:58:45,954 MatchingPostProcessor WARNING  Orphan pdf_cell 941 recovered to col=1 by nearest-column fallback (row=24, x=772.7, dist=25.8)
2026-09-07 00:58:45,955 MatchingPostProcessor WARNING  Orphan pdf_cell 973 recovered to col=0 by nearest-column fallback (row=27, x=517.6, dist=215.5)
2026-09-07 00:58:45,955 MatchingPostProcessor WARNING  Orphan pdf_cell 974 recovered to col=0 by nearest-column fallback (row=27, x=528.7, dist=226.6)
2026-09-07 00:58:45,955 MatchingPostProcessor WARNING  Orphan pdf_cell 975 recovered to col=0 by nearest-column fallback (row=27, x=539.8, dist=237.7)
2026-09-07 00:58:45,955 MatchingPostProcessor WARNING  Orphan pdf_cell 976 recovered to col=1 by nearest-column fallback (row=27, x=550.9, dist=247.6)
2026-09-07 00:58:45,955 MatchingPostProcessor WARNING  Orphan pdf_cell 977 recovered to col=1 by nearest-column fallback (row=27, x=562.0, dist=236.5)
2026-09-07 00:58:45,955 MatchingPostProcessor WARNING  Orphan pdf_cell 978 recovered to col=1 by nearest-column fallback (row=27, x=573.1, dist=225.4)
2026-09-07 00:58:45,955 MatchingPostProcessor WARNING  Orphan pdf_cell 979 recovered to col=1 by nearest-column fallback (row=27, x=584.2, dist=214.3)
2026-09-07 00:58:45,955 MatchingPostProcessor WARNING  Orphan pdf_cell 980 recovered to col=1 by nearest-column fallback (row=27, x=595.3, dist=203.2)
2026-09-07 00:58:45,955 MatchingPostProcessor WARNING  Orphan pdf_cell 981 recovered to col=1 by nearest-column fallback (row=27, x=606.3, dist=192.2)
2026-09-07 00:58:45,955 MatchingPostProcessor WARNING  Orphan pdf_cell 982 recovered to col=1 by nearest-column fallback (row=27, x=617.4, dist=181.1)
2026-09-07 00:58:45,955 MatchingPostProcessor WARNING  Orphan pdf_cell 983 recovered to col=1 by nearest-column fallback (row=27, x=628.5, dist=170.0)
2026-09-07 00:58:45,955 MatchingPostProcessor WARNING  Orphan pdf_cell 984 recovered to col=1 by nearest-column fallback (row=27, x=639.6, dist=158.9)
2026-09-07 00:58:45,955 MatchingPostProcessor WARNING  Orphan pdf_cell 985 recovered to col=1 by nearest-column fallback (row=27, x=650.7, dist=147.8)
2026-09-07 00:58:45,955 MatchingPostProcessor WARNING  Orphan pdf_cell 986 recovered to col=1 by nearest-column fallback (row=27, x=661.8, dist=136.7)
2026-09-07 00:58:45,955 MatchingPostProcessor WARNING  Orphan pdf_cell 987 recovered to col=1 by nearest-column fallback (row=27, x=672.9, dist=125.6)
2026-09-07 00:58:45,955 MatchingPostProcessor WARNING  Orphan pdf_cell 988 recovered to col=1 by nearest-column fallback (row=27, x=684.0, dist=114.5)
2026-09-07 00:58:45,955 MatchingPostProcessor WARNING  Orphan pdf_cell 989 recovered to col=1 by nearest-column fallback (row=27, x=695.1, dist=103.4)
2026-09-07 00:58:45,955 MatchingPostProcessor WARNING  Orphan pdf_cell 990 recovered to col=1 by nearest-column fallback (row=27, x=706.1, dist=92.4)
2026-09-07 00:58:45,955 MatchingPostProcessor WARNING  Orphan pdf_cell 991 recovered to col=1 by nearest-column fallback (row=27, x=717.2, dist=81.3)
2026-09-07 00:58:45,955 MatchingPostProcessor WARNING  Orphan pdf_cell 992 recovered to col=1 by nearest-column fallback (row=27, x=728.3, dist=70.2)
2026-09-07 00:58:45,955 MatchingPostProcessor WARNING  Orphan pdf_cell 993 recovered to col=1 by nearest-column fallback (row=27, x=739.4, dist=59.1)
2026-09-07 00:58:45,955 MatchingPostProcessor WARNING  Orphan pdf_cell 994 recovered to col=1 by nearest-column fallback (row=27, x=750.5, dist=48.0)
2026-09-07 00:58:45,955 MatchingPostProcessor WARNING  Orphan pdf_cell 995 recovered to col=1 by nearest-column fallback (row=27, x=761.6, dist=36.9)
2026-09-07 00:58:45,955 MatchingPostProcessor WARNING  Orphan pdf_cell 996 recovered to col=1 by nearest-column fallback (row=27, x=772.7, dist=25.8)
2026-09-07 00:58:45,955 MatchingPostProcessor WARNING  Orphan pdf_cell 1018 recovered to col=0 by nearest-column fallback (row=28, x=517.6, dist=215.5)
2026-09-07 00:58:45,955 MatchingPostProcessor WARNING  Orphan pdf_cell 1019 recovered to col=0 by nearest-column fallback (row=28, x=528.7, dist=226.6)
2026-09-07 00:58:45,955 MatchingPostProcessor WARNING  Orphan pdf_cell 1020 recovered to col=0 by nearest-column fallback (row=28, x=539.8, dist=237.7)
2026-09-07 00:58:45,955 MatchingPostProcessor WARNING  Orphan pdf_cell 1021 recovered to col=1 by nearest-column fallback (row=28, x=550.9, dist=247.6)
2026-09-07 00:58:45,955 MatchingPostProcessor WARNING  Orphan pdf_cell 1022 recovered to col=1 by nearest-column fallback (row=28, x=562.0, dist=236.5)
2026-09-07 00:58:45,955 MatchingPostProcessor WARNING  Orphan pdf_cell 1023 recovered to col=1 by nearest-column fallback (row=28, x=573.1, dist=225.4)
2026-09-07 00:58:45,956 MatchingPostProcessor WARNING  Orphan pdf_cell 1024 recovered to col=1 by nearest-column fallback (row=28, x=584.2, dist=214.3)
2026-09-07 00:58:45,956 MatchingPostProcessor WARNING  Orphan pdf_cell 1025 recovered to col=1 by nearest-column fallback (row=28, x=595.3, dist=203.2)
2026-09-07 00:58:45,956 MatchingPostProcessor WARNING  Orphan pdf_cell 1026 recovered to col=1 by nearest-column fallback (row=28, x=606.3, dist=192.2)
2026-09-07 00:58:45,956 MatchingPostProcessor WARNING  Orphan pdf_cell 1027 recovered to col=1 by nearest-column fallback (row=28, x=617.4, dist=181.1)
2026-09-07 00:58:45,956 MatchingPostProcessor WARNING  Orphan pdf_cell 1028 recovered to col=1 by nearest-column fallback (row=28, x=628.5, dist=170.0)
2026-09-07 00:58:45,956 MatchingPostProcessor WARNING  Orphan pdf_cell 1029 recovered to col=1 by nearest-column fallback (row=28, x=639.6, dist=158.9)
2026-09-07 00:58:45,956 MatchingPostProcessor WARNING  Orphan pdf_cell 1030 recovered to col=1 by nearest-column fallback (row=28, x=650.7, dist=147.8)
2026-09-07 00:58:45,956 MatchingPostProcessor WARNING  Orphan pdf_cell 1031 recovered to col=1 by nearest-column fallback (row=28, x=661.8, dist=136.7)
2026-09-07 00:58:45,956 MatchingPostProcessor WARNING  Orphan pdf_cell 1032 recovered to col=1 by nearest-column fallback (row=28, x=672.9, dist=125.6)
2026-09-07 00:58:45,956 MatchingPostProcessor WARNING  Orphan pdf_cell 1033 recovered to col=1 by nearest-column fallback (row=28, x=684.0, dist=114.5)
2026-09-07 00:58:45,956 MatchingPostProcessor WARNING  Orphan pdf_cell 1034 recovered to col=1 by nearest-column fallback (row=28, x=695.1, dist=103.4)
2026-09-07 00:58:45,956 MatchingPostProcessor WARNING  Orphan pdf_cell 1035 recovered to col=1 by nearest-column fallback (row=28, x=706.1, dist=92.4)
2026-09-07 00:58:45,956 MatchingPostProcessor WARNING  Orphan pdf_cell 1036 recovered to col=1 by nearest-column fallback (row=28, x=717.2, dist=81.3)
2026-09-07 00:58:45,956 MatchingPostProcessor WARNING  Orphan pdf_cell 1037 recovered to col=1 by nearest-column fallback (row=28, x=728.3, dist=70.2)
2026-09-07 00:58:45,956 MatchingPostProcessor WARNING  Orphan pdf_cell 1038 recovered to col=1 by nearest-column fallback (row=28, x=739.4, dist=59.1)
2026-09-07 00:58:45,956 MatchingPostProcessor WARNING  Orphan pdf_cell 1039 recovered to col=1 by nearest-column fallback (row=28, x=750.5, dist=48.0)
2026-09-07 00:58:45,956 MatchingPostProcessor WARNING  Orphan pdf_cell 1040 recovered to col=1 by nearest-column fallback (row=28, x=761.6, dist=36.9)
2026-09-07 00:58:45,956 MatchingPostProcessor WARNING  Orphan pdf_cell 1041 recovered to col=1 by nearest-column fallback (row=28, x=772.7, dist=25.8)
2026-09-07 00:58:45,956 MatchingPostProcessor WARNING  Orphan pdf_cell 1059 recovered to col=0 by nearest-column fallback (row=29, x=517.6, dist=215.5)
2026-09-07 00:58:45,956 MatchingPostProcessor WARNING  Orphan pdf_cell 1060 recovered to col=0 by nearest-column fallback (row=29, x=528.7, dist=226.6)
2026-09-07 00:58:45,956 MatchingPostProcessor WARNING  Orphan pdf_cell 1061 recovered to col=0 by nearest-column fallback (row=29, x=539.8, dist=237.7)
2026-09-07 00:58:45,956 MatchingPostProcessor WARNING  Orphan pdf_cell 1062 recovered to col=1 by nearest-column fallback (row=29, x=550.9, dist=247.6)
2026-09-07 00:58:45,956 MatchingPostProcessor WARNING  Orphan pdf_cell 1063 recovered to col=1 by nearest-column fallback (row=29, x=562.0, dist=236.5)
2026-09-07 00:58:45,956 MatchingPostProcessor WARNING  Orphan pdf_cell 1064 recovered to col=1 by nearest-column fallback (row=29, x=573.1, dist=225.4)
2026-09-07 00:58:45,956 MatchingPostProcessor WARNING  Orphan pdf_cell 1065 recovered to col=1 by nearest-column fallback (row=29, x=584.2, dist=214.3)
2026-09-07 00:58:45,956 MatchingPostProcessor WARNING  Orphan pdf_cell 1066 recovered to col=1 by nearest-column fallback (row=29, x=595.3, dist=203.2)
2026-09-07 00:58:45,956 MatchingPostProcessor WARNING  Orphan pdf_cell 1067 recovered to col=1 by nearest-column fallback (row=29, x=606.3, dist=192.2)
2026-09-07 00:58:45,956 MatchingPostProcessor WARNING  Orphan pdf_cell 1068 recovered to col=1 by nearest-column fallback (row=29, x=617.4, dist=181.1)
2026-09-07 00:58:45,956 MatchingPostProcessor WARNING  Orphan pdf_cell 1069 recovered to col=1 by nearest-column fallback (row=29, x=628.5, dist=170.0)
2026-09-07 00:58:45,956 MatchingPostProcessor WARNING  Orphan pdf_cell 1070 recovered to col=1 by nearest-column fallback (row=29, x=639.6, dist=158.9)
2026-09-07 00:58:45,956 MatchingPostProcessor WARNING  Orphan pdf_cell 1071 recovered to col=1 by nearest-column fallback (row=29, x=650.7, dist=147.8)
2026-09-07 00:58:45,956 MatchingPostProcessor WARNING  Orphan pdf_cell 1072 recovered to col=1 by nearest-column fallback (row=29, x=661.8, dist=136.7)
2026-09-07 00:58:45,956 MatchingPostProcessor WARNING  Orphan pdf_cell 1073 recovered to col=1 by nearest-column fallback (row=29, x=672.9, dist=125.6)
2026-09-07 00:58:45,956 MatchingPostProcessor WARNING  Orphan pdf_cell 1074 recovered to col=1 by nearest-column fallback (row=29, x=684.0, dist=114.5)
2026-09-07 00:58:45,956 MatchingPostProcessor WARNING  Orphan pdf_cell 1075 recovered to col=1 by nearest-column fallback (row=29, x=695.1, dist=103.4)
2026-09-07 00:58:45,956 MatchingPostProcessor WARNING  Orphan pdf_cell 1076 recovered to col=1 by nearest-column fallback (row=29, x=706.1, dist=92.4)
2026-09-07 00:58:45,956 MatchingPostProcessor WARNING  Orphan pdf_cell 1077 recovered to col=1 by nearest-column fallback (row=29, x=717.2, dist=81.3)
2026-09-07 00:58:45,956 MatchingPostProcessor WARNING  Orphan pdf_cell 1078 recovered to col=1 by nearest-column fallback (row=29, x=728.3, dist=70.2)
2026-09-07 00:58:45,957 MatchingPostProcessor WARNING  Orphan pdf_cell 1079 recovered to col=1 by nearest-column fallback (row=29, x=739.4, dist=59.1)
2026-09-07 00:58:45,957 MatchingPostProcessor WARNING  Orphan pdf_cell 1080 recovered to col=1 by nearest-column fallback (row=29, x=750.5, dist=48.0)
2026-09-07 00:58:45,957 MatchingPostProcessor WARNING  Orphan pdf_cell 1081 recovered to col=1 by nearest-column fallback (row=29, x=761.6, dist=36.9)
2026-09-07 00:58:45,957 MatchingPostProcessor WARNING  Orphan pdf_cell 1082 recovered to col=1 by nearest-column fallback (row=29, x=772.7, dist=25.8)
2026-09-07 00:58:45,957 MatchingPostProcessor WARNING  Orphan pdf_cell 1093 recovered to col=0 by nearest-column fallback (row=29, x=517.6, dist=215.5)
2026-09-07 00:58:45,957 MatchingPostProcessor WARNING  Orphan pdf_cell 1094 recovered to col=0 by nearest-column fallback (row=29, x=528.7, dist=226.6)
2026-09-07 00:58:45,957 MatchingPostProcessor WARNING  Orphan pdf_cell 1095 recovered to col=0 by nearest-column fallback (row=29, x=539.8, dist=237.7)
2026-09-07 00:58:45,957 MatchingPostProcessor WARNING  Orphan pdf_cell 1096 recovered to col=1 by nearest-column fallback (row=29, x=550.9, dist=247.6)
2026-09-07 00:58:45,957 MatchingPostProcessor WARNING  Orphan pdf_cell 1097 recovered to col=1 by nearest-column fallback (row=29, x=562.0, dist=236.5)
2026-09-07 00:58:45,957 MatchingPostProcessor WARNING  Orphan pdf_cell 1098 recovered to col=1 by nearest-column fallback (row=29, x=573.1, dist=225.4)
2026-09-07 00:58:45,957 MatchingPostProcessor WARNING  Orphan pdf_cell 1099 recovered to col=1 by nearest-column fallback (row=29, x=584.2, dist=214.3)
2026-09-07 00:58:45,957 MatchingPostProcessor WARNING  Orphan pdf_cell 1100 recovered to col=1 by nearest-column fallback (row=29, x=595.3, dist=203.2)
2026-09-07 00:58:45,957 MatchingPostProcessor WARNING  Orphan pdf_cell 1101 recovered to col=1 by nearest-column fallback (row=29, x=606.3, dist=192.2)
2026-09-07 00:58:45,957 MatchingPostProcessor WARNING  Orphan pdf_cell 1102 recovered to col=1 by nearest-column fallback (row=29, x=617.4, dist=181.1)
2026-09-07 00:58:45,957 MatchingPostProcessor WARNING  Orphan pdf_cell 1103 recovered to col=1 by nearest-column fallback (row=29, x=628.5, dist=170.0)
2026-09-07 00:58:45,957 MatchingPostProcessor WARNING  Orphan pdf_cell 1104 recovered to col=1 by nearest-column fallback (row=29, x=639.6, dist=158.9)
2026-09-07 00:58:45,957 MatchingPostProcessor WARNING  Orphan pdf_cell 1105 recovered to col=1 by nearest-column fallback (row=29, x=650.7, dist=147.8)
2026-09-07 00:58:45,957 MatchingPostProcessor WARNING  Orphan pdf_cell 1106 recovered to col=1 by nearest-column fallback (row=29, x=661.8, dist=136.7)
2026-09-07 00:58:45,957 MatchingPostProcessor WARNING  Orphan pdf_cell 1107 recovered to col=1 by nearest-column fallback (row=29, x=672.9, dist=125.6)
2026-09-07 00:58:45,957 MatchingPostProcessor WARNING  Orphan pdf_cell 1108 recovered to col=1 by nearest-column fallback (row=29, x=684.0, dist=114.5)
2026-09-07 00:58:45,957 MatchingPostProcessor WARNING  Orphan pdf_cell 1109 recovered to col=1 by nearest-column fallback (row=29, x=695.1, dist=103.4)
2026-09-07 00:58:45,957 MatchingPostProcessor WARNING  Orphan pdf_cell 1110 recovered to col=1 by nearest-column fallback (row=29, x=706.1, dist=92.4)
2026-09-07 00:58:45,957 MatchingPostProcessor WARNING  Orphan pdf_cell 1111 recovered to col=1 by nearest-column fallback (row=29, x=717.2, dist=81.3)
2026-09-07 00:58:45,957 MatchingPostProcessor WARNING  Orphan pdf_cell 1112 recovered to col=1 by nearest-column fallback (row=29, x=728.3, dist=70.2)
2026-09-07 00:58:45,957 MatchingPostProcessor WARNING  Orphan pdf_cell 1113 recovered to col=1 by nearest-column fallback (row=29, x=739.4, dist=59.1)
2026-09-07 00:58:45,957 MatchingPostProcessor WARNING  Orphan pdf_cell 1114 recovered to col=1 by nearest-column fallback (row=29, x=750.5, dist=48.0)
2026-09-07 00:58:45,957 MatchingPostProcessor WARNING  Orphan pdf_cell 1115 recovered to col=1 by nearest-column fallback (row=29, x=761.6, dist=36.9)
2026-09-07 00:58:45,957 MatchingPostProcessor WARNING  Orphan pdf_cell 1116 recovered to col=1 by nearest-column fallback (row=29, x=772.7, dist=25.8)
2026-09-07 00:58:45,957 MatchingPostProcessor WARNING  Orphan pdf_cell 1135 recovered to col=0 by nearest-column fallback (row=31, x=517.6, dist=215.5)
2026-09-07 00:58:45,957 MatchingPostProcessor WARNING  Orphan pdf_cell 1136 recovered to col=0 by nearest-column fallback (row=31, x=528.7, dist=226.6)
2026-09-07 00:58:45,957 MatchingPostProcessor WARNING  Orphan pdf_cell 1137 recovered to col=0 by nearest-column fallback (row=31, x=539.8, dist=237.7)
2026-09-07 00:58:45,957 MatchingPostProcessor WARNING  Orphan pdf_cell 1138 recovered to col=1 by nearest-column fallback (row=31, x=550.9, dist=247.6)
2026-09-07 00:58:45,957 MatchingPostProcessor WARNING  Orphan pdf_cell 1139 recovered to col=1 by nearest-column fallback (row=31, x=562.0, dist=236.5)
2026-09-07 00:58:45,957 MatchingPostProcessor WARNING  Orphan pdf_cell 1140 recovered to col=1 by nearest-column fallback (row=31, x=573.1, dist=225.4)
2026-09-07 00:58:45,957 MatchingPostProcessor WARNING  Orphan pdf_cell 1141 recovered to col=1 by nearest-column fallback (row=31, x=584.2, dist=214.3)
2026-09-07 00:58:45,958 MatchingPostProcessor WARNING  Orphan pdf_cell 1142 recovered to col=1 by nearest-column fallback (row=31, x=595.3, dist=203.2)
2026-09-07 00:58:45,958 MatchingPostProcessor WARNING  Orphan pdf_cell 1143 recovered to col=1 by nearest-column fallback (row=31, x=606.3, dist=192.2)
2026-09-07 00:58:45,958 MatchingPostProcessor WARNING  Orphan pdf_cell 1144 recovered to col=1 by nearest-column fallback (row=31, x=617.4, dist=181.1)
2026-09-07 00:58:45,958 MatchingPostProcessor WARNING  Orphan pdf_cell 1145 recovered to col=1 by nearest-column fallback (row=31, x=628.5, dist=170.0)
2026-09-07 00:58:45,958 MatchingPostProcessor WARNING  Orphan pdf_cell 1146 recovered to col=1 by nearest-column fallback (row=31, x=639.6, dist=158.9)
2026-09-07 00:58:45,958 MatchingPostProcessor WARNING  Orphan pdf_cell 1147 recovered to col=1 by nearest-column fallback (row=31, x=650.7, dist=147.8)
2026-09-07 00:58:45,958 MatchingPostProcessor WARNING  Orphan pdf_cell 1148 recovered to col=1 by nearest-column fallback (row=31, x=661.8, dist=136.7)
2026-09-07 00:58:45,958 MatchingPostProcessor WARNING  Orphan pdf_cell 1149 recovered to col=1 by nearest-column fallback (row=31, x=672.9, dist=125.6)
2026-09-07 00:58:45,958 MatchingPostProcessor WARNING  Orphan pdf_cell 1150 recovered to col=1 by nearest-column fallback (row=31, x=684.0, dist=114.5)
2026-09-07 00:58:45,958 MatchingPostProcessor WARNING  Orphan pdf_cell 1151 recovered to col=1 by nearest-column fallback (row=31, x=695.1, dist=103.4)
2026-09-07 00:58:45,958 MatchingPostProcessor WARNING  Orphan pdf_cell 1152 recovered to col=1 by nearest-column fallback (row=31, x=706.1, dist=92.4)
2026-09-07 00:58:45,958 MatchingPostProcessor WARNING  Orphan pdf_cell 1153 recovered to col=1 by nearest-column fallback (row=31, x=717.2, dist=81.3)
2026-09-07 00:58:45,958 MatchingPostProcessor WARNING  Orphan pdf_cell 1154 recovered to col=1 by nearest-column fallback (row=31, x=728.3, dist=70.2)
2026-09-07 00:58:45,958 MatchingPostProcessor WARNING  Orphan pdf_cell 1155 recovered to col=1 by nearest-column fallback (row=31, x=739.4, dist=59.1)
2026-09-07 00:58:45,958 MatchingPostProcessor WARNING  Orphan pdf_cell 1156 recovered to col=1 by nearest-column fallback (row=31, x=750.5, dist=48.0)
2026-09-07 00:58:45,958 MatchingPostProcessor WARNING  Orphan pdf_cell 1157 recovered to col=1 by nearest-column fallback (row=31, x=761.6, dist=36.9)
2026-09-07 00:58:45,958 MatchingPostProcessor WARNING  Orphan pdf_cell 1158 recovered to col=1 by nearest-column fallback (row=31, x=772.7, dist=25.8)
2026-09-07 00:58:45,958 MatchingPostProcessor WARNING  Orphan pdf_cell 1175 recovered to col=0 by nearest-column fallback (row=32, x=517.6, dist=215.5)
2026-09-07 00:58:45,958 MatchingPostProcessor WARNING  Orphan pdf_cell 1176 recovered to col=0 by nearest-column fallback (row=32, x=528.7, dist=226.6)
2026-09-07 00:58:45,958 MatchingPostProcessor WARNING  Orphan pdf_cell 1177 recovered to col=0 by nearest-column fallback (row=32, x=539.8, dist=237.7)
2026-09-07 00:58:45,958 MatchingPostProcessor WARNING  Orphan pdf_cell 1178 recovered to col=1 by nearest-column fallback (row=32, x=550.9, dist=247.6)
2026-09-07 00:58:45,958 MatchingPostProcessor WARNING  Orphan pdf_cell 1179 recovered to col=1 by nearest-column fallback (row=32, x=562.0, dist=236.5)
2026-09-07 00:58:45,958 MatchingPostProcessor WARNING  Orphan pdf_cell 1180 recovered to col=1 by nearest-column fallback (row=32, x=573.1, dist=225.4)
2026-09-07 00:58:45,958 MatchingPostProcessor WARNING  Orphan pdf_cell 1181 recovered to col=1 by nearest-column fallback (row=32, x=584.2, dist=214.3)
2026-09-07 00:58:45,958 MatchingPostProcessor WARNING  Orphan pdf_cell 1182 recovered to col=1 by nearest-column fallback (row=32, x=595.3, dist=203.2)
2026-09-07 00:58:45,958 MatchingPostProcessor WARNING  Orphan pdf_cell 1183 recovered to col=1 by nearest-column fallback (row=32, x=606.3, dist=192.2)
2026-09-07 00:58:45,958 MatchingPostProcessor WARNING  Orphan pdf_cell 1184 recovered to col=1 by nearest-column fallback (row=32, x=617.4, dist=181.1)
2026-09-07 00:58:45,958 MatchingPostProcessor WARNING  Orphan pdf_cell 1185 recovered to col=1 by nearest-column fallback (row=32, x=628.5, dist=170.0)
2026-09-07 00:58:45,958 MatchingPostProcessor WARNING  Orphan pdf_cell 1186 recovered to col=1 by nearest-column fallback (row=32, x=639.6, dist=158.9)
2026-09-07 00:58:45,958 MatchingPostProcessor WARNING  Orphan pdf_cell 1187 recovered to col=1 by nearest-column fallback (row=32, x=650.7, dist=147.8)
2026-09-07 00:58:45,958 MatchingPostProcessor WARNING  Orphan pdf_cell 1188 recovered to col=1 by nearest-column fallback (row=32, x=661.8, dist=136.7)
2026-09-07 00:58:45,958 MatchingPostProcessor WARNING  Orphan pdf_cell 1189 recovered to col=1 by nearest-column fallback (row=32, x=672.9, dist=125.6)
2026-09-07 00:58:45,958 MatchingPostProcessor WARNING  Orphan pdf_cell 1190 recovered to col=1 by nearest-column fallback (row=32, x=684.0, dist=114.5)
2026-09-07 00:58:45,958 MatchingPostProcessor WARNING  Orphan pdf_cell 1191 recovered to col=1 by nearest-column fallback (row=32, x=695.1, dist=103.4)
2026-09-07 00:58:45,958 MatchingPostProcessor WARNING  Orphan pdf_cell 1192 recovered to col=1 by nearest-column fallback (row=32, x=706.1, dist=92.4)
2026-09-07 00:58:45,958 MatchingPostProcessor WARNING  Orphan pdf_cell 1193 recovered to col=1 by nearest-column fallback (row=32, x=717.2, dist=81.3)
2026-09-07 00:58:45,958 MatchingPostProcessor WARNING  Orphan pdf_cell 1194 recovered to col=1 by nearest-column fallback (row=32, x=728.3, dist=70.2)
2026-09-07 00:58:45,958 MatchingPostProcessor WARNING  Orphan pdf_cell 1195 recovered to col=1 by nearest-column fallback (row=32, x=739.4, dist=59.1)
2026-09-07 00:58:45,958 MatchingPostProcessor WARNING  Orphan pdf_cell 1196 recovered to col=1 by nearest-column fallback (row=32, x=750.5, dist=48.0)
2026-09-07 00:58:45,959 MatchingPostProcessor WARNING  Orphan pdf_cell 1197 recovered to col=1 by nearest-column fallback (row=32, x=761.6, dist=36.9)
2026-09-07 00:58:45,959 MatchingPostProcessor WARNING  Orphan pdf_cell 1198 recovered to col=1 by nearest-column fallback (row=32, x=772.7, dist=25.8)
2026-09-07 00:58:45,959 MatchingPostProcessor WARNING  Orphan pdf_cell 1225 recovered to col=0 by nearest-column fallback (row=33, x=517.6, dist=215.5)
2026-09-07 00:58:45,959 MatchingPostProcessor WARNING  Orphan pdf_cell 1226 recovered to col=0 by nearest-column fallback (row=33, x=528.7, dist=226.6)
2026-09-07 00:58:45,959 MatchingPostProcessor WARNING  Orphan pdf_cell 1227 recovered to col=0 by nearest-column fallback (row=33, x=539.8, dist=237.7)
2026-09-07 00:58:45,959 MatchingPostProcessor WARNING  Orphan pdf_cell 1228 recovered to col=1 by nearest-column fallback (row=33, x=550.9, dist=247.6)
2026-09-07 00:58:45,959 MatchingPostProcessor WARNING  Orphan pdf_cell 1229 recovered to col=1 by nearest-column fallback (row=33, x=562.0, dist=236.5)
2026-09-07 00:58:45,959 MatchingPostProcessor WARNING  Orphan pdf_cell 1230 recovered to col=1 by nearest-column fallback (row=33, x=573.1, dist=225.4)
2026-09-07 00:58:45,959 MatchingPostProcessor WARNING  Orphan pdf_cell 1231 recovered to col=1 by nearest-column fallback (row=33, x=584.2, dist=214.3)
2026-09-07 00:58:45,959 MatchingPostProcessor WARNING  Orphan pdf_cell 1232 recovered to col=1 by nearest-column fallback (row=33, x=595.3, dist=203.2)
2026-09-07 00:58:45,959 MatchingPostProcessor WARNING  Orphan pdf_cell 1233 recovered to col=1 by nearest-column fallback (row=33, x=606.3, dist=192.2)
2026-09-07 00:58:45,959 MatchingPostProcessor WARNING  Orphan pdf_cell 1234 recovered to col=1 by nearest-column fallback (row=33, x=617.4, dist=181.1)
2026-09-07 00:58:45,959 MatchingPostProcessor WARNING  Orphan pdf_cell 1235 recovered to col=1 by nearest-column fallback (row=33, x=628.5, dist=170.0)
2026-09-07 00:58:45,959 MatchingPostProcessor WARNING  Orphan pdf_cell 1236 recovered to col=1 by nearest-column fallback (row=33, x=639.6, dist=158.9)
2026-09-07 00:58:45,959 MatchingPostProcessor WARNING  Orphan pdf_cell 1237 recovered to col=1 by nearest-column fallback (row=33, x=650.7, dist=147.8)
2026-09-07 00:58:45,959 MatchingPostProcessor WARNING  Orphan pdf_cell 1238 recovered to col=1 by nearest-column fallback (row=33, x=661.8, dist=136.7)
2026-09-07 00:58:45,959 MatchingPostProcessor WARNING  Orphan pdf_cell 1239 recovered to col=1 by nearest-column fallback (row=33, x=672.9, dist=125.6)
2026-09-07 00:58:45,959 MatchingPostProcessor WARNING  Orphan pdf_cell 1240 recovered to col=1 by nearest-column fallback (row=33, x=684.0, dist=114.5)
2026-09-07 00:58:45,959 MatchingPostProcessor WARNING  Orphan pdf_cell 1241 recovered to col=1 by nearest-column fallback (row=33, x=695.1, dist=103.4)
2026-09-07 00:58:45,959 MatchingPostProcessor WARNING  Orphan pdf_cell 1242 recovered to col=1 by nearest-column fallback (row=33, x=706.1, dist=92.4)
2026-09-07 00:58:45,959 MatchingPostProcessor WARNING  Orphan pdf_cell 1243 recovered to col=1 by nearest-column fallback (row=33, x=717.2, dist=81.3)
2026-09-07 00:58:45,959 MatchingPostProcessor WARNING  Orphan pdf_cell 1244 recovered to col=1 by nearest-column fallback (row=33, x=728.3, dist=70.2)
2026-09-07 00:58:45,959 MatchingPostProcessor WARNING  Orphan pdf_cell 1245 recovered to col=1 by nearest-column fallback (row=33, x=739.4, dist=59.1)
2026-09-07 00:58:45,959 MatchingPostProcessor WARNING  Orphan pdf_cell 1246 recovered to col=1 by nearest-column fallback (row=33, x=750.5, dist=48.0)
2026-09-07 00:58:45,959 MatchingPostProcessor WARNING  Orphan pdf_cell 1247 recovered to col=1 by nearest-column fallback (row=33, x=761.6, dist=36.9)
2026-09-07 00:58:45,959 MatchingPostProcessor WARNING  Orphan pdf_cell 1248 recovered to col=1 by nearest-column fallback (row=33, x=772.7, dist=25.8)
2026-09-07 00:58:45,959 MatchingPostProcessor WARNING  Orphan pdf_cell 1261 recovered to col=0 by nearest-column fallback (row=34, x=517.6, dist=215.5)
2026-09-07 00:58:45,959 MatchingPostProcessor WARNING  Orphan pdf_cell 1262 recovered to col=0 by nearest-column fallback (row=34, x=528.7, dist=226.6)
2026-09-07 00:58:45,959 MatchingPostProcessor WARNING  Orphan pdf_cell 1263 recovered to col=0 by nearest-column fallback (row=34, x=539.8, dist=237.7)
2026-09-07 00:58:45,959 MatchingPostProcessor WARNING  Orphan pdf_cell 1264 recovered to col=1 by nearest-column fallback (row=34, x=550.9, dist=247.6)
2026-09-07 00:58:45,959 MatchingPostProcessor WARNING  Orphan pdf_cell 1265 recovered to col=1 by nearest-column fallback (row=34, x=562.0, dist=236.5)
2026-09-07 00:58:45,959 MatchingPostProcessor WARNING  Orphan pdf_cell 1266 recovered to col=1 by nearest-column fallback (row=34, x=573.1, dist=225.4)
2026-09-07 00:58:45,959 MatchingPostProcessor WARNING  Orphan pdf_cell 1267 recovered to col=1 by nearest-column fallback (row=34, x=584.2, dist=214.3)
2026-09-07 00:58:45,960 MatchingPostProcessor WARNING  Orphan pdf_cell 1268 recovered to col=1 by nearest-column fallback (row=34, x=595.3, dist=203.2)
2026-09-07 00:58:45,960 MatchingPostProcessor WARNING  Orphan pdf_cell 1269 recovered to col=1 by nearest-column fallback (row=34, x=606.3, dist=192.2)
2026-09-07 00:58:45,960 MatchingPostProcessor WARNING  Orphan pdf_cell 1270 recovered to col=1 by nearest-column fallback (row=34, x=617.4, dist=181.1)
2026-09-07 00:58:45,960 MatchingPostProcessor WARNING  Orphan pdf_cell 1271 recovered to col=1 by nearest-column fallback (row=34, x=628.5, dist=170.0)
2026-09-07 00:58:45,960 MatchingPostProcessor WARNING  Orphan pdf_cell 1272 recovered to col=1 by nearest-column fallback (row=34, x=639.6, dist=158.9)
2026-09-07 00:58:45,960 MatchingPostProcessor WARNING  Orphan pdf_cell 1273 recovered to col=1 by nearest-column fallback (row=34, x=650.7, dist=147.8)
2026-09-07 00:58:45,960 MatchingPostProcessor WARNING  Orphan pdf_cell 1274 recovered to col=1 by nearest-column fallback (row=34, x=661.8, dist=136.7)
2026-09-07 00:58:45,960 MatchingPostProcessor WARNING  Orphan pdf_cell 1275 recovered to col=1 by nearest-column fallback (row=34, x=672.9, dist=125.6)
2026-09-07 00:58:45,960 MatchingPostProcessor WARNING  Orphan pdf_cell 1276 recovered to col=1 by nearest-column fallback (row=34, x=684.0, dist=114.5)
2026-09-07 00:58:45,960 MatchingPostProcessor WARNING  Orphan pdf_cell 1277 recovered to col=1 by nearest-column fallback (row=34, x=695.1, dist=103.4)
2026-09-07 00:58:45,960 MatchingPostProcessor WARNING  Orphan pdf_cell 1278 recovered to col=1 by nearest-column fallback (row=34, x=706.1, dist=92.4)
2026-09-07 00:58:45,960 MatchingPostProcessor WARNING  Orphan pdf_cell 1279 recovered to col=1 by nearest-column fallback (row=34, x=717.2, dist=81.3)
2026-09-07 00:58:45,960 MatchingPostProcessor WARNING  Orphan pdf_cell 1280 recovered to col=1 by nearest-column fallback (row=34, x=728.3, dist=70.2)
2026-09-07 00:58:45,960 MatchingPostProcessor WARNING  Orphan pdf_cell 1281 recovered to col=1 by nearest-column fallback (row=34, x=739.4, dist=59.1)
2026-09-07 00:58:45,960 MatchingPostProcessor WARNING  Orphan pdf_cell 1282 recovered to col=1 by nearest-column fallback (row=34, x=750.5, dist=48.0)
2026-09-07 00:58:45,960 MatchingPostProcessor WARNING  Orphan pdf_cell 1283 recovered to col=1 by nearest-column fallback (row=34, x=761.6, dist=36.9)
2026-09-07 00:58:45,960 MatchingPostProcessor WARNING  Orphan pdf_cell 1284 recovered to col=1 by nearest-column fallback (row=34, x=772.7, dist=25.8)
2026-09-07 00:58:45,960 MatchingPostProcessor WARNING  Orphan pdf_cell 1305 recovered to col=0 by nearest-column fallback (row=35, x=517.6, dist=215.5)
2026-09-07 00:58:45,960 MatchingPostProcessor WARNING  Orphan pdf_cell 1306 recovered to col=0 by nearest-column fallback (row=35, x=528.7, dist=226.6)
2026-09-07 00:58:45,960 MatchingPostProcessor WARNING  Orphan pdf_cell 1307 recovered to col=0 by nearest-column fallback (row=35, x=539.8, dist=237.7)
2026-09-07 00:58:45,960 MatchingPostProcessor WARNING  Orphan pdf_cell 1308 recovered to col=1 by nearest-column fallback (row=35, x=550.9, dist=247.6)
2026-09-07 00:58:45,960 MatchingPostProcessor WARNING  Orphan pdf_cell 1309 recovered to col=1 by nearest-column fallback (row=35, x=562.0, dist=236.5)
2026-09-07 00:58:45,960 MatchingPostProcessor WARNING  Orphan pdf_cell 1310 recovered to col=1 by nearest-column fallback (row=35, x=573.1, dist=225.4)
2026-09-07 00:58:45,960 MatchingPostProcessor WARNING  Orphan pdf_cell 1311 recovered to col=1 by nearest-column fallback (row=35, x=584.2, dist=214.3)
2026-09-07 00:58:45,960 MatchingPostProcessor WARNING  Orphan pdf_cell 1312 recovered to col=1 by nearest-column fallback (row=35, x=595.3, dist=203.2)
2026-09-07 00:58:45,960 MatchingPostProcessor WARNING  Orphan pdf_cell 1313 recovered to col=1 by nearest-column fallback (row=35, x=606.3, dist=192.2)
2026-09-07 00:58:45,960 MatchingPostProcessor WARNING  Orphan pdf_cell 1314 recovered to col=1 by nearest-column fallback (row=35, x=617.4, dist=181.1)
2026-09-07 00:58:45,960 MatchingPostProcessor WARNING  Orphan pdf_cell 1315 recovered to col=1 by nearest-column fallback (row=35, x=628.5, dist=170.0)
2026-09-07 00:58:45,960 MatchingPostProcessor WARNING  Orphan pdf_cell 1316 recovered to col=1 by nearest-column fallback (row=35, x=639.6, dist=158.9)
2026-09-07 00:58:45,960 MatchingPostProcessor WARNING  Orphan pdf_cell 1317 recovered to col=1 by nearest-column fallback (row=35, x=650.7, dist=147.8)
2026-09-07 00:58:45,960 MatchingPostProcessor WARNING  Orphan pdf_cell 1318 recovered to col=1 by nearest-column fallback (row=35, x=661.8, dist=136.7)
2026-09-07 00:58:45,960 MatchingPostProcessor WARNING  Orphan pdf_cell 1319 recovered to col=1 by nearest-column fallback (row=35, x=672.9, dist=125.6)
2026-09-07 00:58:45,960 MatchingPostProcessor WARNING  Orphan pdf_cell 1320 recovered to col=1 by nearest-column fallback (row=35, x=684.0, dist=114.5)
2026-09-07 00:58:45,960 MatchingPostProcessor WARNING  Orphan pdf_cell 1321 recovered to col=1 by nearest-column fallback (row=35, x=695.1, dist=103.4)
2026-09-07 00:58:45,960 MatchingPostProcessor WARNING  Orphan pdf_cell 1322 recovered to col=1 by nearest-column fallback (row=35, x=706.1, dist=92.4)
2026-09-07 00:58:45,960 MatchingPostProcessor WARNING  Orphan pdf_cell 1323 recovered to col=1 by nearest-column fallback (row=35, x=717.2, dist=81.3)
2026-09-07 00:58:45,960 MatchingPostProcessor WARNING  Orphan pdf_cell 1324 recovered to col=1 by nearest-column fallback (row=35, x=728.3, dist=70.2)
2026-09-07 00:58:45,961 MatchingPostProcessor WARNING  Orphan pdf_cell 1325 recovered to col=1 by nearest-column fallback (row=35, x=739.4, dist=59.1)
2026-09-07 00:58:45,961 MatchingPostProcessor WARNING  Orphan pdf_cell 1326 recovered to col=1 by nearest-column fallback (row=35, x=750.5, dist=48.0)
2026-09-07 00:58:45,961 MatchingPostProcessor WARNING  Orphan pdf_cell 1327 recovered to col=1 by nearest-column fallback (row=35, x=761.6, dist=36.9)
2026-09-07 00:58:45,961 MatchingPostProcessor WARNING  Orphan pdf_cell 1328 recovered to col=1 by nearest-column fallback (row=35, x=772.7, dist=25.8)
2026-09-07 00:58:45,961 MatchingPostProcessor WARNING  Orphan pdf_cell 1347 recovered to col=0 by nearest-column fallback (row=36, x=517.6, dist=215.5)
2026-09-07 00:58:45,961 MatchingPostProcessor WARNING  Orphan pdf_cell 1348 recovered to col=0 by nearest-column fallback (row=36, x=528.7, dist=226.6)
2026-09-07 00:58:45,961 MatchingPostProcessor WARNING  Orphan pdf_cell 1349 recovered to col=0 by nearest-column fallback (row=36, x=539.8, dist=237.7)
2026-09-07 00:58:45,961 MatchingPostProcessor WARNING  Orphan pdf_cell 1350 recovered to col=1 by nearest-column fallback (row=36, x=550.9, dist=247.6)
2026-09-07 00:58:45,961 MatchingPostProcessor WARNING  Orphan pdf_cell 1351 recovered to col=1 by nearest-column fallback (row=36, x=562.0, dist=236.5)
2026-09-07 00:58:45,961 MatchingPostProcessor WARNING  Orphan pdf_cell 1352 recovered to col=1 by nearest-column fallback (row=36, x=573.1, dist=225.4)
2026-09-07 00:58:45,961 MatchingPostProcessor WARNING  Orphan pdf_cell 1353 recovered to col=1 by nearest-column fallback (row=36, x=584.2, dist=214.3)
2026-09-07 00:58:45,961 MatchingPostProcessor WARNING  Orphan pdf_cell 1354 recovered to col=1 by nearest-column fallback (row=36, x=595.3, dist=203.2)
2026-09-07 00:58:45,961 MatchingPostProcessor WARNING  Orphan pdf_cell 1355 recovered to col=1 by nearest-column fallback (row=36, x=606.3, dist=192.2)
2026-09-07 00:58:45,961 MatchingPostProcessor WARNING  Orphan pdf_cell 1356 recovered to col=1 by nearest-column fallback (row=36, x=617.4, dist=181.1)
2026-09-07 00:58:45,961 MatchingPostProcessor WARNING  Orphan pdf_cell 1357 recovered to col=1 by nearest-column fallback (row=36, x=628.5, dist=170.0)
2026-09-07 00:58:45,961 MatchingPostProcessor WARNING  Orphan pdf_cell 1358 recovered to col=1 by nearest-column fallback (row=36, x=639.6, dist=158.9)
2026-09-07 00:58:45,961 MatchingPostProcessor WARNING  Orphan pdf_cell 1359 recovered to col=1 by nearest-column fallback (row=36, x=650.7, dist=147.8)
2026-09-07 00:58:45,961 MatchingPostProcessor WARNING  Orphan pdf_cell 1360 recovered to col=1 by nearest-column fallback (row=36, x=661.8, dist=136.7)
2026-09-07 00:58:45,961 MatchingPostProcessor WARNING  Orphan pdf_cell 1361 recovered to col=1 by nearest-column fallback (row=36, x=672.9, dist=125.6)
2026-09-07 00:58:45,961 MatchingPostProcessor WARNING  Orphan pdf_cell 1362 recovered to col=1 by nearest-column fallback (row=36, x=684.0, dist=114.5)
2026-09-07 00:58:45,961 MatchingPostProcessor WARNING  Orphan pdf_cell 1363 recovered to col=1 by nearest-column fallback (row=36, x=695.1, dist=103.4)
2026-09-07 00:58:45,961 MatchingPostProcessor WARNING  Orphan pdf_cell 1364 recovered to col=1 by nearest-column fallback (row=36, x=706.1, dist=92.4)
2026-09-07 00:58:45,961 MatchingPostProcessor WARNING  Orphan pdf_cell 1365 recovered to col=1 by nearest-column fallback (row=36, x=717.2, dist=81.3)
2026-09-07 00:58:45,961 MatchingPostProcessor WARNING  Orphan pdf_cell 1366 recovered to col=1 by nearest-column fallback (row=36, x=728.3, dist=70.2)
2026-09-07 00:58:45,961 MatchingPostProcessor WARNING  Orphan pdf_cell 1367 recovered to col=1 by nearest-column fallback (row=36, x=739.4, dist=59.1)
2026-09-07 00:58:45,961 MatchingPostProcessor WARNING  Orphan pdf_cell 1368 recovered to col=1 by nearest-column fallback (row=36, x=750.5, dist=48.0)
2026-09-07 00:58:45,961 MatchingPostProcessor WARNING  Orphan pdf_cell 1369 recovered to col=1 by nearest-column fallback (row=36, x=761.6, dist=36.9)
2026-09-07 00:58:45,961 MatchingPostProcessor WARNING  Orphan pdf_cell 1370 recovered to col=1 by nearest-column fallback (row=36, x=772.7, dist=25.8)
2026-09-07 00:58:45,961 MatchingPostProcessor WARNING  Orphan pdf_cell 1387 recovered to col=0 by nearest-column fallback (row=37, x=517.6, dist=215.5)
2026-09-07 00:58:45,961 MatchingPostProcessor WARNING  Orphan pdf_cell 1388 recovered to col=0 by nearest-column fallback (row=37, x=528.7, dist=226.6)
2026-09-07 00:58:45,961 MatchingPostProcessor WARNING  Orphan pdf_cell 1389 recovered to col=0 by nearest-column fallback (row=37, x=539.8, dist=237.7)
2026-09-07 00:58:45,961 MatchingPostProcessor WARNING  Orphan pdf_cell 1390 recovered to col=1 by nearest-column fallback (row=37, x=550.9, dist=247.6)
2026-09-07 00:58:45,961 MatchingPostProcessor WARNING  Orphan pdf_cell 1391 recovered to col=1 by nearest-column fallback (row=37, x=562.0, dist=236.5)
2026-09-07 00:58:45,962 MatchingPostProcessor WARNING  Orphan pdf_cell 1392 recovered to col=1 by nearest-column fallback (row=37, x=573.1, dist=225.4)
2026-09-07 00:58:45,962 MatchingPostProcessor WARNING  Orphan pdf_cell 1393 recovered to col=1 by nearest-column fallback (row=37, x=584.2, dist=214.3)
2026-09-07 00:58:45,962 MatchingPostProcessor WARNING  Orphan pdf_cell 1394 recovered to col=1 by nearest-column fallback (row=37, x=595.3, dist=203.2)
2026-09-07 00:58:45,962 MatchingPostProcessor WARNING  Orphan pdf_cell 1395 recovered to col=1 by nearest-column fallback (row=37, x=606.3, dist=192.2)
2026-09-07 00:58:45,962 MatchingPostProcessor WARNING  Orphan pdf_cell 1396 recovered to col=1 by nearest-column fallback (row=37, x=617.4, dist=181.1)
2026-09-07 00:58:45,962 MatchingPostProcessor WARNING  Orphan pdf_cell 1397 recovered to col=1 by nearest-column fallback (row=37, x=628.5, dist=170.0)
2026-09-07 00:58:45,962 MatchingPostProcessor WARNING  Orphan pdf_cell 1398 recovered to col=1 by nearest-column fallback (row=37, x=639.6, dist=158.9)
2026-09-07 00:58:45,962 MatchingPostProcessor WARNING  Orphan pdf_cell 1399 recovered to col=1 by nearest-column fallback (row=37, x=650.7, dist=147.8)
2026-09-07 00:58:45,962 MatchingPostProcessor WARNING  Orphan pdf_cell 1400 recovered to col=1 by nearest-column fallback (row=37, x=661.8, dist=136.7)
2026-09-07 00:58:45,962 MatchingPostProcessor WARNING  Orphan pdf_cell 1401 recovered to col=1 by nearest-column fallback (row=37, x=672.9, dist=125.6)
2026-09-07 00:58:45,962 MatchingPostProcessor WARNING  Orphan pdf_cell 1402 recovered to col=1 by nearest-column fallback (row=37, x=684.0, dist=114.5)
2026-09-07 00:58:45,962 MatchingPostProcessor WARNING  Orphan pdf_cell 1403 recovered to col=1 by nearest-column fallback (row=37, x=695.1, dist=103.4)
2026-09-07 00:58:45,962 MatchingPostProcessor WARNING  Orphan pdf_cell 1404 recovered to col=1 by nearest-column fallback (row=37, x=706.1, dist=92.4)
2026-09-07 00:58:45,962 MatchingPostProcessor WARNING  Orphan pdf_cell 1405 recovered to col=1 by nearest-column fallback (row=37, x=717.2, dist=81.3)
2026-09-07 00:58:45,962 MatchingPostProcessor WARNING  Orphan pdf_cell 1406 recovered to col=1 by nearest-column fallback (row=37, x=728.3, dist=70.2)
2026-09-07 00:58:45,962 MatchingPostProcessor WARNING  Orphan pdf_cell 1407 recovered to col=1 by nearest-column fallback (row=37, x=739.4, dist=59.1)
2026-09-07 00:58:45,962 MatchingPostProcessor WARNING  Orphan pdf_cell 1408 recovered to col=1 by nearest-column fallback (row=37, x=750.5, dist=48.0)
2026-09-07 00:58:45,962 MatchingPostProcessor WARNING  Orphan pdf_cell 1409 recovered to col=1 by nearest-column fallback (row=37, x=761.6, dist=36.9)
2026-09-07 00:58:45,962 MatchingPostProcessor WARNING  Orphan pdf_cell 1410 recovered to col=1 by nearest-column fallback (row=37, x=772.7, dist=25.8)
2026-09-07 00:58:45,962 MatchingPostProcessor WARNING  Orphan pdf_cell 1423 recovered to col=0 by nearest-column fallback (row=38, x=517.6, dist=215.5)
2026-09-07 00:58:45,962 MatchingPostProcessor WARNING  Orphan pdf_cell 1424 recovered to col=0 by nearest-column fallback (row=38, x=528.7, dist=226.6)
2026-09-07 00:58:45,962 MatchingPostProcessor WARNING  Orphan pdf_cell 1425 recovered to col=0 by nearest-column fallback (row=38, x=539.8, dist=237.7)
2026-09-07 00:58:45,962 MatchingPostProcessor WARNING  Orphan pdf_cell 1426 recovered to col=1 by nearest-column fallback (row=38, x=550.9, dist=247.6)
2026-09-07 00:58:45,962 MatchingPostProcessor WARNING  Orphan pdf_cell 1427 recovered to col=1 by nearest-column fallback (row=38, x=562.0, dist=236.5)
2026-09-07 00:58:45,962 MatchingPostProcessor WARNING  Orphan pdf_cell 1428 recovered to col=1 by nearest-column fallback (row=38, x=573.1, dist=225.4)
2026-09-07 00:58:45,962 MatchingPostProcessor WARNING  Orphan pdf_cell 1429 recovered to col=1 by nearest-column fallback (row=38, x=584.2, dist=214.3)
2026-09-07 00:58:45,962 MatchingPostProcessor WARNING  Orphan pdf_cell 1430 recovered to col=1 by nearest-column fallback (row=38, x=595.3, dist=203.2)
2026-09-07 00:58:45,962 MatchingPostProcessor WARNING  Orphan pdf_cell 1431 recovered to col=1 by nearest-column fallback (row=38, x=606.3, dist=192.2)
2026-09-07 00:58:45,962 MatchingPostProcessor WARNING  Orphan pdf_cell 1432 recovered to col=1 by nearest-column fallback (row=38, x=617.4, dist=181.1)
2026-09-07 00:58:45,962 MatchingPostProcessor WARNING  Orphan pdf_cell 1433 recovered to col=1 by nearest-column fallback (row=38, x=628.5, dist=170.0)
2026-09-07 00:58:45,962 MatchingPostProcessor WARNING  Orphan pdf_cell 1434 recovered to col=1 by nearest-column fallback (row=38, x=639.6, dist=158.9)
2026-09-07 00:58:45,962 MatchingPostProcessor WARNING  Orphan pdf_cell 1435 recovered to col=1 by nearest-column fallback (row=38, x=650.7, dist=147.8)
2026-09-07 00:58:45,962 MatchingPostProcessor WARNING  Orphan pdf_cell 1436 recovered to col=1 by nearest-column fallback (row=38, x=661.8, dist=136.7)
2026-09-07 00:58:45,962 MatchingPostProcessor WARNING  Orphan pdf_cell 1437 recovered to col=1 by nearest-column fallback (row=38, x=672.9, dist=125.6)
2026-09-07 00:58:45,962 MatchingPostProcessor WARNING  Orphan pdf_cell 1438 recovered to col=1 by nearest-column fallback (row=38, x=684.0, dist=114.5)
2026-09-07 00:58:45,962 MatchingPostProcessor WARNING  Orphan pdf_cell 1439 recovered to col=1 by nearest-column fallback (row=38, x=695.1, dist=103.4)
2026-09-07 00:58:45,962 MatchingPostProcessor WARNING  Orphan pdf_cell 1440 recovered to col=1 by nearest-column fallback (row=38, x=706.1, dist=92.4)
2026-09-07 00:58:45,962 MatchingPostProcessor WARNING  Orphan pdf_cell 1441 recovered to col=1 by nearest-column fallback (row=38, x=717.2, dist=81.3)
2026-09-07 00:58:45,962 MatchingPostProcessor WARNING  Orphan pdf_cell 1442 recovered to col=1 by nearest-column fallback (row=38, x=728.3, dist=70.2)
2026-09-07 00:58:45,962 MatchingPostProcessor WARNING  Orphan pdf_cell 1443 recovered to col=1 by nearest-column fallback (row=38, x=739.4, dist=59.1)
2026-09-07 00:58:45,962 MatchingPostProcessor WARNING  Orphan pdf_cell 1444 recovered to col=1 by nearest-column fallback (row=38, x=750.5, dist=48.0)
2026-09-07 00:58:45,962 MatchingPostProcessor WARNING  Orphan pdf_cell 1445 recovered to col=1 by nearest-column fallback (row=38, x=761.6, dist=36.9)
2026-09-07 00:58:45,963 MatchingPostProcessor WARNING  Orphan pdf_cell 1446 recovered to col=1 by nearest-column fallback (row=38, x=772.7, dist=25.8)
2026-09-07 00:58:45,963 MatchingPostProcessor WARNING  Orphan pdf_cell 1470 recovered to col=0 by nearest-column fallback (row=39, x=517.6, dist=215.5)
2026-09-07 00:58:45,963 MatchingPostProcessor WARNING  Orphan pdf_cell 1471 recovered to col=0 by nearest-column fallback (row=39, x=528.7, dist=226.6)
2026-09-07 00:58:45,963 MatchingPostProcessor WARNING  Orphan pdf_cell 1472 recovered to col=0 by nearest-column fallback (row=39, x=539.8, dist=237.7)
2026-09-07 00:58:45,963 MatchingPostProcessor WARNING  Orphan pdf_cell 1473 recovered to col=1 by nearest-column fallback (row=39, x=550.9, dist=247.6)
2026-09-07 00:58:45,963 MatchingPostProcessor WARNING  Orphan pdf_cell 1474 recovered to col=1 by nearest-column fallback (row=39, x=562.0, dist=236.5)
2026-09-07 00:58:45,963 MatchingPostProcessor WARNING  Orphan pdf_cell 1475 recovered to col=1 by nearest-column fallback (row=39, x=573.1, dist=225.4)
2026-09-07 00:58:45,963 MatchingPostProcessor WARNING  Orphan pdf_cell 1476 recovered to col=1 by nearest-column fallback (row=39, x=584.2, dist=214.3)
2026-09-07 00:58:45,963 MatchingPostProcessor WARNING  Orphan pdf_cell 1477 recovered to col=1 by nearest-column fallback (row=39, x=595.3, dist=203.2)
2026-09-07 00:58:45,963 MatchingPostProcessor WARNING  Orphan pdf_cell 1478 recovered to col=1 by nearest-column fallback (row=39, x=606.3, dist=192.2)
2026-09-07 00:58:45,963 MatchingPostProcessor WARNING  Orphan pdf_cell 1479 recovered to col=1 by nearest-column fallback (row=39, x=617.4, dist=181.1)
2026-09-07 00:58:45,963 MatchingPostProcessor WARNING  Orphan pdf_cell 1480 recovered to col=1 by nearest-column fallback (row=39, x=628.5, dist=170.0)
2026-09-07 00:58:45,963 MatchingPostProcessor WARNING  Orphan pdf_cell 1481 recovered to col=1 by nearest-column fallback (row=39, x=639.6, dist=158.9)
2026-09-07 00:58:45,963 MatchingPostProcessor WARNING  Orphan pdf_cell 1482 recovered to col=1 by nearest-column fallback (row=39, x=650.7, dist=147.8)
2026-09-07 00:58:45,963 MatchingPostProcessor WARNING  Orphan pdf_cell 1483 recovered to col=1 by nearest-column fallback (row=39, x=661.8, dist=136.7)
2026-09-07 00:58:45,963 MatchingPostProcessor WARNING  Orphan pdf_cell 1484 recovered to col=1 by nearest-column fallback (row=39, x=672.9, dist=125.6)
2026-09-07 00:58:45,963 MatchingPostProcessor WARNING  Orphan pdf_cell 1485 recovered to col=1 by nearest-column fallback (row=39, x=684.0, dist=114.5)
2026-09-07 00:58:45,963 MatchingPostProcessor WARNING  Orphan pdf_cell 1486 recovered to col=1 by nearest-column fallback (row=39, x=695.1, dist=103.4)
2026-09-07 00:58:45,963 MatchingPostProcessor WARNING  Orphan pdf_cell 1487 recovered to col=1 by nearest-column fallback (row=39, x=706.1, dist=92.4)
2026-09-07 00:58:45,963 MatchingPostProcessor WARNING  Orphan pdf_cell 1488 recovered to col=1 by nearest-column fallback (row=39, x=717.2, dist=81.3)
2026-09-07 00:58:45,963 MatchingPostProcessor WARNING  Orphan pdf_cell 1489 recovered to col=1 by nearest-column fallback (row=39, x=728.3, dist=70.2)
2026-09-07 00:58:45,963 MatchingPostProcessor WARNING  Orphan pdf_cell 1490 recovered to col=1 by nearest-column fallback (row=39, x=739.4, dist=59.1)
2026-09-07 00:58:45,963 MatchingPostProcessor WARNING  Orphan pdf_cell 1491 recovered to col=1 by nearest-column fallback (row=39, x=750.5, dist=48.0)
2026-09-07 00:58:45,963 MatchingPostProcessor WARNING  Orphan pdf_cell 1492 recovered to col=1 by nearest-column fallback (row=39, x=761.6, dist=36.9)
2026-09-07 00:58:45,963 MatchingPostProcessor WARNING  Orphan pdf_cell 1493 recovered to col=1 by nearest-column fallback (row=39, x=772.7, dist=25.8)
2026-09-07 00:58:45,963 MatchingPostProcessor WARNING  Orphan pdf_cell 333 recovered to row=11 by nearest-row fallback (col=0, y=534.3, dist=24.1)
2026-09-07 00:58:47,322 MatchingPostProcessor WARNING  Orphan pdf_cell 42 recovered to col=1 by nearest-column fallback (row=0, x=639.5, dist=164.1)
2026-09-07 00:58:47,322 MatchingPostProcessor WARNING  Orphan pdf_cell 43 recovered to col=1 by nearest-column fallback (row=0, x=650.6, dist=153.0)
2026-09-07 00:58:47,322 MatchingPostProcessor WARNING  Orphan pdf_cell 44 recovered to col=1 by nearest-column fallback (row=0, x=661.7, dist=141.9)
2026-09-07 00:58:47,322 MatchingPostProcessor WARNING  Orphan pdf_cell 45 recovered to col=1 by nearest-column fallback (row=0, x=672.8, dist=130.9)
2026-09-07 00:58:47,322 MatchingPostProcessor WARNING  Orphan pdf_cell 46 recovered to col=1 by nearest-column fallback (row=0, x=683.9, dist=119.8)
2026-09-07 00:58:47,322 MatchingPostProcessor WARNING  Orphan pdf_cell 47 recovered to col=1 by nearest-column fallback (row=0, x=695.0, dist=108.7)
2026-09-07 00:58:47,322 MatchingPostProcessor WARNING  Orphan pdf_cell 48 recovered to col=1 by nearest-column fallback (row=0, x=706.1, dist=97.6)
2026-09-07 00:58:47,322 MatchingPostProcessor WARNING  Orphan pdf_cell 49 recovered to col=1 by nearest-column fallback (row=0, x=717.2, dist=86.5)
2026-09-07 00:58:47,322 MatchingPostProcessor WARNING  Orphan pdf_cell 50 recovered to col=1 by nearest-column fallback (row=0, x=728.2, dist=75.4)
2026-09-07 00:58:47,322 MatchingPostProcessor WARNING  Orphan pdf_cell 51 recovered to col=1 by nearest-column fallback (row=0, x=739.3, dist=64.3)
2026-09-07 00:58:47,322 MatchingPostProcessor WARNING  Orphan pdf_cell 52 recovered to col=1 by nearest-column fallback (row=0, x=750.4, dist=53.2)
2026-09-07 00:58:47,322 MatchingPostProcessor WARNING  Orphan pdf_cell 53 recovered to col=1 by nearest-column fallback (row=0, x=761.5, dist=42.2)
2026-09-07 00:58:47,322 MatchingPostProcessor WARNING  Orphan pdf_cell 54 recovered to col=1 by nearest-column fallback (row=0, x=772.6, dist=31.1)
2026-09-07 00:58:47,322 MatchingPostProcessor WARNING  Orphan pdf_cell 55 recovered to col=1 by nearest-column fallback (row=0, x=783.7, dist=20.0)
2026-09-07 00:58:47,322 MatchingPostProcessor WARNING  Orphan pdf_cell 91 recovered to col=1 by nearest-column fallback (row=1, x=639.5, dist=164.1)
2026-09-07 00:58:47,322 MatchingPostProcessor WARNING  Orphan pdf_cell 92 recovered to col=1 by nearest-column fallback (row=1, x=650.6, dist=153.0)
2026-09-07 00:58:47,322 MatchingPostProcessor WARNING  Orphan pdf_cell 93 recovered to col=1 by nearest-column fallback (row=1, x=661.7, dist=141.9)
2026-09-07 00:58:47,322 MatchingPostProcessor WARNING  Orphan pdf_cell 94 recovered to col=1 by nearest-column fallback (row=1, x=672.8, dist=130.9)
2026-09-07 00:58:47,322 MatchingPostProcessor WARNING  Orphan pdf_cell 95 recovered to col=1 by nearest-column fallback (row=1, x=683.9, dist=119.8)
2026-09-07 00:58:47,323 MatchingPostProcessor WARNING  Orphan pdf_cell 96 recovered to col=1 by nearest-column fallback (row=1, x=695.0, dist=108.7)
2026-09-07 00:58:47,323 MatchingPostProcessor WARNING  Orphan pdf_cell 97 recovered to col=1 by nearest-column fallback (row=1, x=706.1, dist=97.6)
2026-09-07 00:58:47,323 MatchingPostProcessor WARNING  Orphan pdf_cell 98 recovered to col=1 by nearest-column fallback (row=1, x=717.2, dist=86.5)
2026-09-07 00:58:47,323 MatchingPostProcessor WARNING  Orphan pdf_cell 99 recovered to col=1 by nearest-column fallback (row=1, x=728.2, dist=75.4)
2026-09-07 00:58:47,323 MatchingPostProcessor WARNING  Orphan pdf_cell 100 recovered to col=1 by nearest-column fallback (row=1, x=739.3, dist=64.3)
2026-09-07 00:58:47,323 MatchingPostProcessor WARNING  Orphan pdf_cell 101 recovered to col=1 by nearest-column fallback (row=1, x=750.4, dist=53.2)
2026-09-07 00:58:47,323 MatchingPostProcessor WARNING  Orphan pdf_cell 102 recovered to col=1 by nearest-column fallback (row=1, x=761.5, dist=42.2)
2026-09-07 00:58:47,323 MatchingPostProcessor WARNING  Orphan pdf_cell 103 recovered to col=1 by nearest-column fallback (row=1, x=772.6, dist=31.1)
2026-09-07 00:58:47,323 MatchingPostProcessor WARNING  Orphan pdf_cell 104 recovered to col=1 by nearest-column fallback (row=1, x=783.7, dist=20.0)
2026-09-07 00:58:47,323 MatchingPostProcessor WARNING  Orphan pdf_cell 138 recovered to col=1 by nearest-column fallback (row=2, x=639.5, dist=164.1)
2026-09-07 00:58:47,323 MatchingPostProcessor WARNING  Orphan pdf_cell 139 recovered to col=1 by nearest-column fallback (row=2, x=650.6, dist=153.0)
2026-09-07 00:58:47,323 MatchingPostProcessor WARNING  Orphan pdf_cell 140 recovered to col=1 by nearest-column fallback (row=2, x=661.7, dist=141.9)
2026-09-07 00:58:47,323 MatchingPostProcessor WARNING  Orphan pdf_cell 141 recovered to col=1 by nearest-column fallback (row=2, x=672.8, dist=130.9)
2026-09-07 00:58:47,323 MatchingPostProcessor WARNING  Orphan pdf_cell 142 recovered to col=1 by nearest-column fallback (row=2, x=683.9, dist=119.8)
2026-09-07 00:58:47,323 MatchingPostProcessor WARNING  Orphan pdf_cell 143 recovered to col=1 by nearest-column fallback (row=2, x=695.0, dist=108.7)
2026-09-07 00:58:47,323 MatchingPostProcessor WARNING  Orphan pdf_cell 144 recovered to col=1 by nearest-column fallback (row=2, x=706.1, dist=97.6)
2026-09-07 00:58:47,323 MatchingPostProcessor WARNING  Orphan pdf_cell 145 recovered to col=1 by nearest-column fallback (row=2, x=717.2, dist=86.5)
2026-09-07 00:58:47,323 MatchingPostProcessor WARNING  Orphan pdf_cell 146 recovered to col=1 by nearest-column fallback (row=2, x=728.2, dist=75.4)
2026-09-07 00:58:47,323 MatchingPostProcessor WARNING  Orphan pdf_cell 147 recovered to col=1 by nearest-column fallback (row=2, x=739.3, dist=64.3)
2026-09-07 00:58:47,323 MatchingPostProcessor WARNING  Orphan pdf_cell 148 recovered to col=1 by nearest-column fallback (row=2, x=750.4, dist=53.2)
2026-09-07 00:58:47,323 MatchingPostProcessor WARNING  Orphan pdf_cell 149 recovered to col=1 by nearest-column fallback (row=2, x=761.5, dist=42.2)
2026-09-07 00:58:47,323 MatchingPostProcessor WARNING  Orphan pdf_cell 150 recovered to col=1 by nearest-column fallback (row=2, x=772.6, dist=31.1)
2026-09-07 00:58:47,323 MatchingPostProcessor WARNING  Orphan pdf_cell 151 recovered to col=1 by nearest-column fallback (row=2, x=783.7, dist=20.0)
2026-09-07 00:58:47,324 MatchingPostProcessor WARNING  Orphan pdf_cell 181 recovered to col=1 by nearest-column fallback (row=3, x=639.5, dist=164.1)
2026-09-07 00:58:47,324 MatchingPostProcessor WARNING  Orphan pdf_cell 182 recovered to col=1 by nearest-column fallback (row=3, x=650.6, dist=153.0)
2026-09-07 00:58:47,324 MatchingPostProcessor WARNING  Orphan pdf_cell 183 recovered to col=1 by nearest-column fallback (row=3, x=661.7, dist=141.9)
2026-09-07 00:58:47,324 MatchingPostProcessor WARNING  Orphan pdf_cell 184 recovered to col=1 by nearest-column fallback (row=3, x=672.8, dist=130.9)
2026-09-07 00:58:47,324 MatchingPostProcessor WARNING  Orphan pdf_cell 185 recovered to col=1 by nearest-column fallback (row=3, x=683.9, dist=119.8)
2026-09-07 00:58:47,324 MatchingPostProcessor WARNING  Orphan pdf_cell 186 recovered to col=1 by nearest-column fallback (row=3, x=695.0, dist=108.7)
2026-09-07 00:58:47,324 MatchingPostProcessor WARNING  Orphan pdf_cell 187 recovered to col=1 by nearest-column fallback (row=3, x=706.1, dist=97.6)
2026-09-07 00:58:47,324 MatchingPostProcessor WARNING  Orphan pdf_cell 188 recovered to col=1 by nearest-column fallback (row=3, x=717.2, dist=86.5)
2026-09-07 00:58:47,324 MatchingPostProcessor WARNING  Orphan pdf_cell 189 recovered to col=1 by nearest-column fallback (row=3, x=728.2, dist=75.4)
2026-09-07 00:58:47,324 MatchingPostProcessor WARNING  Orphan pdf_cell 190 recovered to col=1 by nearest-column fallback (row=3, x=739.3, dist=64.3)
2026-09-07 00:58:47,324 MatchingPostProcessor WARNING  Orphan pdf_cell 191 recovered to col=1 by nearest-column fallback (row=3, x=750.4, dist=53.2)
2026-09-07 00:58:47,324 MatchingPostProcessor WARNING  Orphan pdf_cell 192 recovered to col=1 by nearest-column fallback (row=3, x=761.5, dist=42.2)
2026-09-07 00:58:47,324 MatchingPostProcessor WARNING  Orphan pdf_cell 193 recovered to col=1 by nearest-column fallback (row=3, x=772.6, dist=31.1)
2026-09-07 00:58:47,324 MatchingPostProcessor WARNING  Orphan pdf_cell 194 recovered to col=1 by nearest-column fallback (row=3, x=783.7, dist=20.0)
2026-09-07 00:58:47,324 MatchingPostProcessor WARNING  Orphan pdf_cell 226 recovered to col=1 by nearest-column fallback (row=4, x=639.5, dist=164.1)
2026-09-07 00:58:47,324 MatchingPostProcessor WARNING  Orphan pdf_cell 227 recovered to col=1 by nearest-column fallback (row=4, x=650.6, dist=153.0)
2026-09-07 00:58:47,324 MatchingPostProcessor WARNING  Orphan pdf_cell 228 recovered to col=1 by nearest-column fallback (row=4, x=661.7, dist=141.9)
2026-09-07 00:58:47,324 MatchingPostProcessor WARNING  Orphan pdf_cell 229 recovered to col=1 by nearest-column fallback (row=4, x=672.8, dist=130.9)
2026-09-07 00:58:47,324 MatchingPostProcessor WARNING  Orphan pdf_cell 230 recovered to col=1 by nearest-column fallback (row=4, x=683.9, dist=119.8)
2026-09-07 00:58:47,324 MatchingPostProcessor WARNING  Orphan pdf_cell 231 recovered to col=1 by nearest-column fallback (row=4, x=695.0, dist=108.7)
2026-09-07 00:58:47,324 MatchingPostProcessor WARNING  Orphan pdf_cell 232 recovered to col=1 by nearest-column fallback (row=4, x=706.1, dist=97.6)
2026-09-07 00:58:47,324 MatchingPostProcessor WARNING  Orphan pdf_cell 233 recovered to col=1 by nearest-column fallback (row=4, x=717.2, dist=86.5)
2026-09-07 00:58:47,324 MatchingPostProcessor WARNING  Orphan pdf_cell 234 recovered to col=1 by nearest-column fallback (row=4, x=728.2, dist=75.4)
2026-09-07 00:58:47,325 MatchingPostProcessor WARNING  Orphan pdf_cell 235 recovered to col=1 by nearest-column fallback (row=4, x=739.3, dist=64.3)
2026-09-07 00:58:47,325 MatchingPostProcessor WARNING  Orphan pdf_cell 236 recovered to col=1 by nearest-column fallback (row=4, x=750.4, dist=53.2)
2026-09-07 00:58:47,325 MatchingPostProcessor WARNING  Orphan pdf_cell 237 recovered to col=1 by nearest-column fallback (row=4, x=761.5, dist=42.2)
2026-09-07 00:58:47,325 MatchingPostProcessor WARNING  Orphan pdf_cell 238 recovered to col=1 by nearest-column fallback (row=4, x=772.6, dist=31.1)
2026-09-07 00:58:47,325 MatchingPostProcessor WARNING  Orphan pdf_cell 239 recovered to col=1 by nearest-column fallback (row=4, x=783.7, dist=20.0)
2026-09-07 00:58:47,325 MatchingPostProcessor WARNING  Orphan pdf_cell 283 recovered to col=1 by nearest-column fallback (row=5, x=639.5, dist=164.1)
2026-09-07 00:58:47,325 MatchingPostProcessor WARNING  Orphan pdf_cell 284 recovered to col=1 by nearest-column fallback (row=5, x=650.6, dist=153.0)
2026-09-07 00:58:47,325 MatchingPostProcessor WARNING  Orphan pdf_cell 285 recovered to col=1 by nearest-column fallback (row=5, x=661.7, dist=141.9)
2026-09-07 00:58:47,325 MatchingPostProcessor WARNING  Orphan pdf_cell 286 recovered to col=1 by nearest-column fallback (row=5, x=672.8, dist=130.9)
2026-09-07 00:58:47,325 MatchingPostProcessor WARNING  Orphan pdf_cell 287 recovered to col=1 by nearest-column fallback (row=5, x=683.9, dist=119.8)
2026-09-07 00:58:47,325 MatchingPostProcessor WARNING  Orphan pdf_cell 288 recovered to col=1 by nearest-column fallback (row=5, x=695.0, dist=108.7)
2026-09-07 00:58:47,325 MatchingPostProcessor WARNING  Orphan pdf_cell 289 recovered to col=1 by nearest-column fallback (row=5, x=706.1, dist=97.6)
2026-09-07 00:58:47,325 MatchingPostProcessor WARNING  Orphan pdf_cell 290 recovered to col=1 by nearest-column fallback (row=5, x=717.2, dist=86.5)
2026-09-07 00:58:47,325 MatchingPostProcessor WARNING  Orphan pdf_cell 291 recovered to col=1 by nearest-column fallback (row=5, x=728.2, dist=75.4)
2026-09-07 00:58:47,325 MatchingPostProcessor WARNING  Orphan pdf_cell 292 recovered to col=1 by nearest-column fallback (row=5, x=739.3, dist=64.3)
2026-09-07 00:58:47,325 MatchingPostProcessor WARNING  Orphan pdf_cell 293 recovered to col=1 by nearest-column fallback (row=5, x=750.4, dist=53.2)
2026-09-07 00:58:47,325 MatchingPostProcessor WARNING  Orphan pdf_cell 294 recovered to col=1 by nearest-column fallback (row=5, x=761.5, dist=42.2)
2026-09-07 00:58:47,325 MatchingPostProcessor WARNING  Orphan pdf_cell 295 recovered to col=1 by nearest-column fallback (row=5, x=772.6, dist=31.1)
2026-09-07 00:58:47,325 MatchingPostProcessor WARNING  Orphan pdf_cell 296 recovered to col=1 by nearest-column fallback (row=5, x=783.7, dist=20.0)
2026-09-07 00:58:47,326 MatchingPostProcessor WARNING  Orphan pdf_cell 326 recovered to col=1 by nearest-column fallback (row=8, x=639.5, dist=164.1)
2026-09-07 00:58:47,326 MatchingPostProcessor WARNING  Orphan pdf_cell 327 recovered to col=1 by nearest-column fallback (row=8, x=650.6, dist=153.0)
2026-09-07 00:58:47,326 MatchingPostProcessor WARNING  Orphan pdf_cell 328 recovered to col=1 by nearest-column fallback (row=8, x=661.7, dist=141.9)
2026-09-07 00:58:47,326 MatchingPostProcessor WARNING  Orphan pdf_cell 329 recovered to col=1 by nearest-column fallback (row=8, x=672.8, dist=130.9)
2026-09-07 00:58:47,326 MatchingPostProcessor WARNING  Orphan pdf_cell 330 recovered to col=1 by nearest-column fallback (row=8, x=683.9, dist=119.8)
2026-09-07 00:58:47,326 MatchingPostProcessor WARNING  Orphan pdf_cell 331 recovered to col=1 by nearest-column fallback (row=8, x=695.0, dist=108.7)
2026-09-07 00:58:47,326 MatchingPostProcessor WARNING  Orphan pdf_cell 332 recovered to col=1 by nearest-column fallback (row=8, x=706.1, dist=97.6)
2026-09-07 00:58:47,326 MatchingPostProcessor WARNING  Orphan pdf_cell 333 recovered to col=1 by nearest-column fallback (row=8, x=717.2, dist=86.5)
2026-09-07 00:58:47,326 MatchingPostProcessor WARNING  Orphan pdf_cell 334 recovered to col=1 by nearest-column fallback (row=8, x=728.2, dist=75.4)
2026-09-07 00:58:47,326 MatchingPostProcessor WARNING  Orphan pdf_cell 335 recovered to col=1 by nearest-column fallback (row=8, x=739.3, dist=64.3)
2026-09-07 00:58:47,326 MatchingPostProcessor WARNING  Orphan pdf_cell 336 recovered to col=1 by nearest-column fallback (row=8, x=750.4, dist=53.2)
2026-09-07 00:58:47,326 MatchingPostProcessor WARNING  Orphan pdf_cell 337 recovered to col=1 by nearest-column fallback (row=8, x=761.5, dist=42.2)
2026-09-07 00:58:47,326 MatchingPostProcessor WARNING  Orphan pdf_cell 338 recovered to col=1 by nearest-column fallback (row=8, x=772.6, dist=31.1)
2026-09-07 00:58:47,326 MatchingPostProcessor WARNING  Orphan pdf_cell 339 recovered to col=1 by nearest-column fallback (row=8, x=783.7, dist=20.0)
2026-09-07 00:58:47,326 MatchingPostProcessor WARNING  Orphan pdf_cell 351 recovered to col=1 by nearest-column fallback (row=9, x=639.5, dist=164.1)
2026-09-07 00:58:47,326 MatchingPostProcessor WARNING  Orphan pdf_cell 352 recovered to col=1 by nearest-column fallback (row=9, x=650.6, dist=153.0)
2026-09-07 00:58:47,326 MatchingPostProcessor WARNING  Orphan pdf_cell 353 recovered to col=1 by nearest-column fallback (row=9, x=661.7, dist=141.9)
2026-09-07 00:58:47,326 MatchingPostProcessor WARNING  Orphan pdf_cell 354 recovered to col=1 by nearest-column fallback (row=9, x=672.8, dist=130.9)
2026-09-07 00:58:47,326 MatchingPostProcessor WARNING  Orphan pdf_cell 355 recovered to col=1 by nearest-column fallback (row=9, x=683.9, dist=119.8)
2026-09-07 00:58:47,326 MatchingPostProcessor WARNING  Orphan pdf_cell 356 recovered to col=1 by nearest-column fallback (row=9, x=695.0, dist=108.7)
2026-09-07 00:58:47,326 MatchingPostProcessor WARNING  Orphan pdf_cell 357 recovered to col=1 by nearest-column fallback (row=9, x=706.1, dist=97.6)
2026-09-07 00:58:47,326 MatchingPostProcessor WARNING  Orphan pdf_cell 358 recovered to col=1 by nearest-column fallback (row=9, x=717.2, dist=86.5)
2026-09-07 00:58:47,326 MatchingPostProcessor WARNING  Orphan pdf_cell 359 recovered to col=1 by nearest-column fallback (row=9, x=728.2, dist=75.4)
2026-09-07 00:58:47,326 MatchingPostProcessor WARNING  Orphan pdf_cell 360 recovered to col=1 by nearest-column fallback (row=9, x=739.3, dist=64.3)
2026-09-07 00:58:47,326 MatchingPostProcessor WARNING  Orphan pdf_cell 361 recovered to col=1 by nearest-column fallback (row=9, x=750.4, dist=53.2)
2026-09-07 00:58:47,326 MatchingPostProcessor WARNING  Orphan pdf_cell 362 recovered to col=1 by nearest-column fallback (row=9, x=761.5, dist=42.2)
2026-09-07 00:58:47,326 MatchingPostProcessor WARNING  Orphan pdf_cell 363 recovered to col=1 by nearest-column fallback (row=9, x=772.6, dist=31.1)
2026-09-07 00:58:47,326 MatchingPostProcessor WARNING  Orphan pdf_cell 364 recovered to col=1 by nearest-column fallback (row=9, x=783.7, dist=20.0)
2026-09-07 00:58:47,326 MatchingPostProcessor WARNING  Orphan pdf_cell 383 recovered to col=1 by nearest-column fallback (row=10, x=639.5, dist=164.1)
2026-09-07 00:58:47,327 MatchingPostProcessor WARNING  Orphan pdf_cell 384 recovered to col=1 by nearest-column fallback (row=10, x=650.6, dist=153.0)
2026-09-07 00:58:47,327 MatchingPostProcessor WARNING  Orphan pdf_cell 385 recovered to col=1 by nearest-column fallback (row=10, x=661.7, dist=141.9)
2026-09-07 00:58:47,327 MatchingPostProcessor WARNING  Orphan pdf_cell 386 recovered to col=1 by nearest-column fallback (row=10, x=672.8, dist=130.9)
2026-09-07 00:58:47,327 MatchingPostProcessor WARNING  Orphan pdf_cell 387 recovered to col=1 by nearest-column fallback (row=10, x=683.9, dist=119.8)
2026-09-07 00:58:47,327 MatchingPostProcessor WARNING  Orphan pdf_cell 388 recovered to col=1 by nearest-column fallback (row=10, x=695.0, dist=108.7)
2026-09-07 00:58:47,327 MatchingPostProcessor WARNING  Orphan pdf_cell 389 recovered to col=1 by nearest-column fallback (row=10, x=706.1, dist=97.6)
2026-09-07 00:58:47,327 MatchingPostProcessor WARNING  Orphan pdf_cell 390 recovered to col=1 by nearest-column fallback (row=10, x=717.2, dist=86.5)
2026-09-07 00:58:47,327 MatchingPostProcessor WARNING  Orphan pdf_cell 391 recovered to col=1 by nearest-column fallback (row=10, x=728.2, dist=75.4)
2026-09-07 00:58:47,327 MatchingPostProcessor WARNING  Orphan pdf_cell 392 recovered to col=1 by nearest-column fallback (row=10, x=739.3, dist=64.3)
2026-09-07 00:58:47,327 MatchingPostProcessor WARNING  Orphan pdf_cell 393 recovered to col=1 by nearest-column fallback (row=10, x=750.4, dist=53.2)
2026-09-07 00:58:47,327 MatchingPostProcessor WARNING  Orphan pdf_cell 394 recovered to col=1 by nearest-column fallback (row=10, x=761.5, dist=42.2)
2026-09-07 00:58:47,327 MatchingPostProcessor WARNING  Orphan pdf_cell 395 recovered to col=1 by nearest-column fallback (row=10, x=772.6, dist=31.1)
2026-09-07 00:58:47,327 MatchingPostProcessor WARNING  Orphan pdf_cell 396 recovered to col=1 by nearest-column fallback (row=10, x=783.7, dist=20.0)
2026-09-07 00:58:47,327 MatchingPostProcessor WARNING  Orphan pdf_cell 406 recovered to col=1 by nearest-column fallback (row=11, x=639.5, dist=164.1)
2026-09-07 00:58:47,327 MatchingPostProcessor WARNING  Orphan pdf_cell 407 recovered to col=1 by nearest-column fallback (row=11, x=650.6, dist=153.0)
2026-09-07 00:58:47,327 MatchingPostProcessor WARNING  Orphan pdf_cell 408 recovered to col=1 by nearest-column fallback (row=11, x=661.7, dist=141.9)
2026-09-07 00:58:47,327 MatchingPostProcessor WARNING  Orphan pdf_cell 409 recovered to col=1 by nearest-column fallback (row=11, x=672.8, dist=130.9)
2026-09-07 00:58:47,327 MatchingPostProcessor WARNING  Orphan pdf_cell 410 recovered to col=1 by nearest-column fallback (row=11, x=683.9, dist=119.8)
2026-09-07 00:58:47,327 MatchingPostProcessor WARNING  Orphan pdf_cell 411 recovered to col=1 by nearest-column fallback (row=11, x=695.0, dist=108.7)
2026-09-07 00:58:47,327 MatchingPostProcessor WARNING  Orphan pdf_cell 412 recovered to col=1 by nearest-column fallback (row=11, x=706.1, dist=97.6)
2026-09-07 00:58:47,327 MatchingPostProcessor WARNING  Orphan pdf_cell 413 recovered to col=1 by nearest-column fallback (row=11, x=717.2, dist=86.5)
2026-09-07 00:58:47,327 MatchingPostProcessor WARNING  Orphan pdf_cell 414 recovered to col=1 by nearest-column fallback (row=11, x=728.2, dist=75.4)
2026-09-07 00:58:47,327 MatchingPostProcessor WARNING  Orphan pdf_cell 415 recovered to col=1 by nearest-column fallback (row=11, x=739.3, dist=64.3)
2026-09-07 00:58:47,327 MatchingPostProcessor WARNING  Orphan pdf_cell 416 recovered to col=1 by nearest-column fallback (row=11, x=750.4, dist=53.2)
2026-09-07 00:58:47,327 MatchingPostProcessor WARNING  Orphan pdf_cell 417 recovered to col=1 by nearest-column fallback (row=11, x=761.5, dist=42.2)
2026-09-07 00:58:47,327 MatchingPostProcessor WARNING  Orphan pdf_cell 418 recovered to col=1 by nearest-column fallback (row=11, x=772.6, dist=31.1)
2026-09-07 00:58:47,327 MatchingPostProcessor WARNING  Orphan pdf_cell 419 recovered to col=1 by nearest-column fallback (row=11, x=783.7, dist=20.0)
2026-09-07 00:58:47,327 MatchingPostProcessor WARNING  Orphan pdf_cell 444 recovered to col=1 by nearest-column fallback (row=12, x=639.5, dist=164.1)
2026-09-07 00:58:47,327 MatchingPostProcessor WARNING  Orphan pdf_cell 445 recovered to col=1 by nearest-column fallback (row=12, x=650.6, dist=153.0)
2026-09-07 00:58:47,327 MatchingPostProcessor WARNING  Orphan pdf_cell 446 recovered to col=1 by nearest-column fallback (row=12, x=661.7, dist=141.9)
2026-09-07 00:58:47,327 MatchingPostProcessor WARNING  Orphan pdf_cell 447 recovered to col=1 by nearest-column fallback (row=12, x=672.8, dist=130.9)
2026-09-07 00:58:47,328 MatchingPostProcessor WARNING  Orphan pdf_cell 448 recovered to col=1 by nearest-column fallback (row=12, x=683.9, dist=119.8)
2026-09-07 00:58:47,328 MatchingPostProcessor WARNING  Orphan pdf_cell 449 recovered to col=1 by nearest-column fallback (row=12, x=695.0, dist=108.7)
2026-09-07 00:58:47,328 MatchingPostProcessor WARNING  Orphan pdf_cell 450 recovered to col=1 by nearest-column fallback (row=12, x=706.1, dist=97.6)
2026-09-07 00:58:47,328 MatchingPostProcessor WARNING  Orphan pdf_cell 451 recovered to col=1 by nearest-column fallback (row=12, x=717.2, dist=86.5)
2026-09-07 00:58:47,328 MatchingPostProcessor WARNING  Orphan pdf_cell 452 recovered to col=1 by nearest-column fallback (row=12, x=728.2, dist=75.4)
2026-09-07 00:58:47,328 MatchingPostProcessor WARNING  Orphan pdf_cell 453 recovered to col=1 by nearest-column fallback (row=12, x=739.3, dist=64.3)
2026-09-07 00:58:47,328 MatchingPostProcessor WARNING  Orphan pdf_cell 454 recovered to col=1 by nearest-column fallback (row=12, x=750.4, dist=53.2)
2026-09-07 00:58:47,328 MatchingPostProcessor WARNING  Orphan pdf_cell 455 recovered to col=1 by nearest-column fallback (row=12, x=761.5, dist=42.2)
2026-09-07 00:58:47,328 MatchingPostProcessor WARNING  Orphan pdf_cell 456 recovered to col=1 by nearest-column fallback (row=12, x=772.6, dist=31.1)
2026-09-07 00:58:47,328 MatchingPostProcessor WARNING  Orphan pdf_cell 457 recovered to col=1 by nearest-column fallback (row=12, x=783.7, dist=20.0)
2026-09-07 00:58:47,328 MatchingPostProcessor WARNING  Orphan pdf_cell 487 recovered to col=1 by nearest-column fallback (row=13, x=639.5, dist=164.1)
2026-09-07 00:58:47,328 MatchingPostProcessor WARNING  Orphan pdf_cell 488 recovered to col=1 by nearest-column fallback (row=13, x=650.6, dist=153.0)
2026-09-07 00:58:47,328 MatchingPostProcessor WARNING  Orphan pdf_cell 489 recovered to col=1 by nearest-column fallback (row=13, x=661.7, dist=141.9)
2026-09-07 00:58:47,328 MatchingPostProcessor WARNING  Orphan pdf_cell 490 recovered to col=1 by nearest-column fallback (row=13, x=672.8, dist=130.9)
2026-09-07 00:58:47,328 MatchingPostProcessor WARNING  Orphan pdf_cell 491 recovered to col=1 by nearest-column fallback (row=13, x=683.9, dist=119.8)
2026-09-07 00:58:47,328 MatchingPostProcessor WARNING  Orphan pdf_cell 492 recovered to col=1 by nearest-column fallback (row=13, x=695.0, dist=108.7)
2026-09-07 00:58:47,328 MatchingPostProcessor WARNING  Orphan pdf_cell 493 recovered to col=1 by nearest-column fallback (row=13, x=706.1, dist=97.6)
2026-09-07 00:58:47,328 MatchingPostProcessor WARNING  Orphan pdf_cell 494 recovered to col=1 by nearest-column fallback (row=13, x=717.2, dist=86.5)
2026-09-07 00:58:47,328 MatchingPostProcessor WARNING  Orphan pdf_cell 495 recovered to col=1 by nearest-column fallback (row=13, x=728.2, dist=75.4)
2026-09-07 00:58:47,328 MatchingPostProcessor WARNING  Orphan pdf_cell 496 recovered to col=1 by nearest-column fallback (row=13, x=739.3, dist=64.3)
2026-09-07 00:58:47,328 MatchingPostProcessor WARNING  Orphan pdf_cell 497 recovered to col=1 by nearest-column fallback (row=13, x=750.4, dist=53.2)
2026-09-07 00:58:47,328 MatchingPostProcessor WARNING  Orphan pdf_cell 498 recovered to col=1 by nearest-column fallback (row=13, x=761.5, dist=42.2)
2026-09-07 00:58:47,328 MatchingPostProcessor WARNING  Orphan pdf_cell 499 recovered to col=1 by nearest-column fallback (row=13, x=772.6, dist=31.1)
2026-09-07 00:58:47,328 MatchingPostProcessor WARNING  Orphan pdf_cell 500 recovered to col=1 by nearest-column fallback (row=13, x=783.7, dist=20.0)
2026-09-07 00:58:47,329 MatchingPostProcessor WARNING  Orphan pdf_cell 529 recovered to col=1 by nearest-column fallback (row=14, x=639.5, dist=164.1)
2026-09-07 00:58:47,329 MatchingPostProcessor WARNING  Orphan pdf_cell 530 recovered to col=1 by nearest-column fallback (row=14, x=650.6, dist=153.0)
2026-09-07 00:58:47,329 MatchingPostProcessor WARNING  Orphan pdf_cell 531 recovered to col=1 by nearest-column fallback (row=14, x=661.7, dist=141.9)
2026-09-07 00:58:47,329 MatchingPostProcessor WARNING  Orphan pdf_cell 532 recovered to col=1 by nearest-column fallback (row=14, x=672.8, dist=130.9)
2026-09-07 00:58:47,329 MatchingPostProcessor WARNING  Orphan pdf_cell 533 recovered to col=1 by nearest-column fallback (row=14, x=683.9, dist=119.8)
2026-09-07 00:58:47,329 MatchingPostProcessor WARNING  Orphan pdf_cell 534 recovered to col=1 by nearest-column fallback (row=14, x=695.0, dist=108.7)
2026-09-07 00:58:47,329 MatchingPostProcessor WARNING  Orphan pdf_cell 535 recovered to col=1 by nearest-column fallback (row=14, x=706.1, dist=97.6)
2026-09-07 00:58:47,329 MatchingPostProcessor WARNING  Orphan pdf_cell 536 recovered to col=1 by nearest-column fallback (row=14, x=717.2, dist=86.5)
2026-09-07 00:58:47,329 MatchingPostProcessor WARNING  Orphan pdf_cell 537 recovered to col=1 by nearest-column fallback (row=14, x=728.2, dist=75.4)
2026-09-07 00:58:47,329 MatchingPostProcessor WARNING  Orphan pdf_cell 538 recovered to col=1 by nearest-column fallback (row=14, x=739.3, dist=64.3)
2026-09-07 00:58:47,329 MatchingPostProcessor WARNING  Orphan pdf_cell 539 recovered to col=1 by nearest-column fallback (row=14, x=750.4, dist=53.2)
2026-09-07 00:58:47,329 MatchingPostProcessor WARNING  Orphan pdf_cell 540 recovered to col=1 by nearest-column fallback (row=14, x=761.5, dist=42.2)
2026-09-07 00:58:47,329 MatchingPostProcessor WARNING  Orphan pdf_cell 541 recovered to col=1 by nearest-column fallback (row=14, x=772.6, dist=31.1)
2026-09-07 00:58:47,329 MatchingPostProcessor WARNING  Orphan pdf_cell 542 recovered to col=1 by nearest-column fallback (row=14, x=783.7, dist=20.0)
2026-09-07 00:58:47,329 MatchingPostProcessor WARNING  Orphan pdf_cell 562 recovered to col=1 by nearest-column fallback (row=15, x=639.5, dist=164.1)
2026-09-07 00:58:47,329 MatchingPostProcessor WARNING  Orphan pdf_cell 563 recovered to col=1 by nearest-column fallback (row=15, x=650.6, dist=153.0)
2026-09-07 00:58:47,329 MatchingPostProcessor WARNING  Orphan pdf_cell 564 recovered to col=1 by nearest-column fallback (row=15, x=661.7, dist=141.9)
2026-09-07 00:58:47,329 MatchingPostProcessor WARNING  Orphan pdf_cell 565 recovered to col=1 by nearest-column fallback (row=15, x=672.8, dist=130.9)
2026-09-07 00:58:47,329 MatchingPostProcessor WARNING  Orphan pdf_cell 566 recovered to col=1 by nearest-column fallback (row=15, x=683.9, dist=119.8)
2026-09-07 00:58:47,329 MatchingPostProcessor WARNING  Orphan pdf_cell 567 recovered to col=1 by nearest-column fallback (row=15, x=695.0, dist=108.7)
2026-09-07 00:58:47,329 MatchingPostProcessor WARNING  Orphan pdf_cell 568 recovered to col=1 by nearest-column fallback (row=15, x=706.1, dist=97.6)
2026-09-07 00:58:47,329 MatchingPostProcessor WARNING  Orphan pdf_cell 569 recovered to col=1 by nearest-column fallback (row=15, x=717.2, dist=86.5)
2026-09-07 00:58:47,329 MatchingPostProcessor WARNING  Orphan pdf_cell 570 recovered to col=1 by nearest-column fallback (row=15, x=728.2, dist=75.4)
2026-09-07 00:58:47,329 MatchingPostProcessor WARNING  Orphan pdf_cell 571 recovered to col=1 by nearest-column fallback (row=15, x=739.3, dist=64.3)
2026-09-07 00:58:47,329 MatchingPostProcessor WARNING  Orphan pdf_cell 572 recovered to col=1 by nearest-column fallback (row=15, x=750.4, dist=53.2)
2026-09-07 00:58:47,329 MatchingPostProcessor WARNING  Orphan pdf_cell 573 recovered to col=1 by nearest-column fallback (row=15, x=761.5, dist=42.2)
2026-09-07 00:58:47,329 MatchingPostProcessor WARNING  Orphan pdf_cell 574 recovered to col=1 by nearest-column fallback (row=15, x=772.6, dist=31.1)
2026-09-07 00:58:47,330 MatchingPostProcessor WARNING  Orphan pdf_cell 575 recovered to col=1 by nearest-column fallback (row=15, x=783.7, dist=20.0)
2026-09-07 00:58:47,330 MatchingPostProcessor WARNING  Orphan pdf_cell 609 recovered to col=1 by nearest-column fallback (row=16, x=639.5, dist=164.1)
2026-09-07 00:58:47,330 MatchingPostProcessor WARNING  Orphan pdf_cell 610 recovered to col=1 by nearest-column fallback (row=16, x=650.6, dist=153.0)
2026-09-07 00:58:47,330 MatchingPostProcessor WARNING  Orphan pdf_cell 611 recovered to col=1 by nearest-column fallback (row=16, x=661.7, dist=141.9)
2026-09-07 00:58:47,330 MatchingPostProcessor WARNING  Orphan pdf_cell 612 recovered to col=1 by nearest-column fallback (row=16, x=672.8, dist=130.9)
2026-09-07 00:58:47,330 MatchingPostProcessor WARNING  Orphan pdf_cell 613 recovered to col=1 by nearest-column fallback (row=16, x=683.9, dist=119.8)
2026-09-07 00:58:47,330 MatchingPostProcessor WARNING  Orphan pdf_cell 614 recovered to col=1 by nearest-column fallback (row=16, x=695.0, dist=108.7)
2026-09-07 00:58:47,330 MatchingPostProcessor WARNING  Orphan pdf_cell 615 recovered to col=1 by nearest-column fallback (row=16, x=706.1, dist=97.6)
2026-09-07 00:58:47,330 MatchingPostProcessor WARNING  Orphan pdf_cell 616 recovered to col=1 by nearest-column fallback (row=16, x=717.2, dist=86.5)
2026-09-07 00:58:47,330 MatchingPostProcessor WARNING  Orphan pdf_cell 617 recovered to col=1 by nearest-column fallback (row=16, x=728.2, dist=75.4)
2026-09-07 00:58:47,330 MatchingPostProcessor WARNING  Orphan pdf_cell 618 recovered to col=1 by nearest-column fallback (row=16, x=739.3, dist=64.3)
2026-09-07 00:58:47,330 MatchingPostProcessor WARNING  Orphan pdf_cell 619 recovered to col=1 by nearest-column fallback (row=16, x=750.4, dist=53.2)
2026-09-07 00:58:47,330 MatchingPostProcessor WARNING  Orphan pdf_cell 620 recovered to col=1 by nearest-column fallback (row=16, x=761.5, dist=42.2)
2026-09-07 00:58:47,330 MatchingPostProcessor WARNING  Orphan pdf_cell 621 recovered to col=1 by nearest-column fallback (row=16, x=772.6, dist=31.1)
2026-09-07 00:58:47,330 MatchingPostProcessor WARNING  Orphan pdf_cell 622 recovered to col=1 by nearest-column fallback (row=16, x=783.7, dist=20.0)
2026-09-07 00:58:47,331 MatchingPostProcessor WARNING  Orphan pdf_cell 642 recovered to col=1 by nearest-column fallback (row=17, x=639.5, dist=164.1)
2026-09-07 00:58:47,331 MatchingPostProcessor WARNING  Orphan pdf_cell 643 recovered to col=1 by nearest-column fallback (row=17, x=650.6, dist=153.0)
2026-09-07 00:58:47,331 MatchingPostProcessor WARNING  Orphan pdf_cell 644 recovered to col=1 by nearest-column fallback (row=17, x=661.7, dist=141.9)
2026-09-07 00:58:47,331 MatchingPostProcessor WARNING  Orphan pdf_cell 645 recovered to col=1 by nearest-column fallback (row=17, x=672.8, dist=130.9)
2026-09-07 00:58:47,331 MatchingPostProcessor WARNING  Orphan pdf_cell 646 recovered to col=1 by nearest-column fallback (row=17, x=683.9, dist=119.8)
2026-09-07 00:58:47,331 MatchingPostProcessor WARNING  Orphan pdf_cell 647 recovered to col=1 by nearest-column fallback (row=17, x=695.0, dist=108.7)
2026-09-07 00:58:47,331 MatchingPostProcessor WARNING  Orphan pdf_cell 648 recovered to col=1 by nearest-column fallback (row=17, x=706.1, dist=97.6)
2026-09-07 00:58:47,331 MatchingPostProcessor WARNING  Orphan pdf_cell 649 recovered to col=1 by nearest-column fallback (row=17, x=717.2, dist=86.5)
2026-09-07 00:58:47,331 MatchingPostProcessor WARNING  Orphan pdf_cell 650 recovered to col=1 by nearest-column fallback (row=17, x=728.2, dist=75.4)
2026-09-07 00:58:47,331 MatchingPostProcessor WARNING  Orphan pdf_cell 651 recovered to col=1 by nearest-column fallback (row=17, x=739.3, dist=64.3)
2026-09-07 00:58:47,331 MatchingPostProcessor WARNING  Orphan pdf_cell 652 recovered to col=1 by nearest-column fallback (row=17, x=750.4, dist=53.2)
2026-09-07 00:58:47,331 MatchingPostProcessor WARNING  Orphan pdf_cell 653 recovered to col=1 by nearest-column fallback (row=17, x=761.5, dist=42.2)
2026-09-07 00:58:47,331 MatchingPostProcessor WARNING  Orphan pdf_cell 654 recovered to col=1 by nearest-column fallback (row=17, x=772.6, dist=31.1)
2026-09-07 00:58:47,331 MatchingPostProcessor WARNING  Orphan pdf_cell 655 recovered to col=1 by nearest-column fallback (row=17, x=783.7, dist=20.0)
2026-09-07 00:58:47,331 MatchingPostProcessor WARNING  Orphan pdf_cell 693 recovered to col=1 by nearest-column fallback (row=18, x=639.5, dist=164.1)
2026-09-07 00:58:47,331 MatchingPostProcessor WARNING  Orphan pdf_cell 694 recovered to col=1 by nearest-column fallback (row=18, x=650.6, dist=153.0)
2026-09-07 00:58:47,331 MatchingPostProcessor WARNING  Orphan pdf_cell 695 recovered to col=1 by nearest-column fallback (row=18, x=661.7, dist=141.9)
2026-09-07 00:58:47,331 MatchingPostProcessor WARNING  Orphan pdf_cell 696 recovered to col=1 by nearest-column fallback (row=18, x=672.8, dist=130.9)
2026-09-07 00:58:47,331 MatchingPostProcessor WARNING  Orphan pdf_cell 697 recovered to col=1 by nearest-column fallback (row=18, x=683.9, dist=119.8)
2026-09-07 00:58:47,331 MatchingPostProcessor WARNING  Orphan pdf_cell 698 recovered to col=1 by nearest-column fallback (row=18, x=695.0, dist=108.7)
2026-09-07 00:58:47,332 MatchingPostProcessor WARNING  Orphan pdf_cell 699 recovered to col=1 by nearest-column fallback (row=18, x=706.1, dist=97.6)
2026-09-07 00:58:47,332 MatchingPostProcessor WARNING  Orphan pdf_cell 700 recovered to col=1 by nearest-column fallback (row=18, x=717.2, dist=86.5)
2026-09-07 00:58:47,332 MatchingPostProcessor WARNING  Orphan pdf_cell 701 recovered to col=1 by nearest-column fallback (row=18, x=728.2, dist=75.4)
2026-09-07 00:58:47,332 MatchingPostProcessor WARNING  Orphan pdf_cell 702 recovered to col=1 by nearest-column fallback (row=18, x=739.3, dist=64.3)
2026-09-07 00:58:47,332 MatchingPostProcessor WARNING  Orphan pdf_cell 703 recovered to col=1 by nearest-column fallback (row=18, x=750.4, dist=53.2)
2026-09-07 00:58:47,332 MatchingPostProcessor WARNING  Orphan pdf_cell 704 recovered to col=1 by nearest-column fallback (row=18, x=761.5, dist=42.2)
2026-09-07 00:58:47,332 MatchingPostProcessor WARNING  Orphan pdf_cell 705 recovered to col=1 by nearest-column fallback (row=18, x=772.6, dist=31.1)
2026-09-07 00:58:47,332 MatchingPostProcessor WARNING  Orphan pdf_cell 706 recovered to col=1 by nearest-column fallback (row=18, x=783.7, dist=20.0)
2026-09-07 00:58:47,332 MatchingPostProcessor WARNING  Orphan pdf_cell 746 recovered to col=1 by nearest-column fallback (row=19, x=639.5, dist=164.1)
2026-09-07 00:58:47,332 MatchingPostProcessor WARNING  Orphan pdf_cell 747 recovered to col=1 by nearest-column fallback (row=19, x=650.6, dist=153.0)
2026-09-07 00:58:47,332 MatchingPostProcessor WARNING  Orphan pdf_cell 748 recovered to col=1 by nearest-column fallback (row=19, x=661.7, dist=141.9)
2026-09-07 00:58:47,332 MatchingPostProcessor WARNING  Orphan pdf_cell 749 recovered to col=1 by nearest-column fallback (row=19, x=672.8, dist=130.9)
2026-09-07 00:58:47,332 MatchingPostProcessor WARNING  Orphan pdf_cell 750 recovered to col=1 by nearest-column fallback (row=19, x=683.9, dist=119.8)
2026-09-07 00:58:47,332 MatchingPostProcessor WARNING  Orphan pdf_cell 751 recovered to col=1 by nearest-column fallback (row=19, x=695.0, dist=108.7)
2026-09-07 00:58:47,332 MatchingPostProcessor WARNING  Orphan pdf_cell 752 recovered to col=1 by nearest-column fallback (row=19, x=706.1, dist=97.6)
2026-09-07 00:58:47,332 MatchingPostProcessor WARNING  Orphan pdf_cell 753 recovered to col=1 by nearest-column fallback (row=19, x=717.2, dist=86.5)
2026-09-07 00:58:47,332 MatchingPostProcessor WARNING  Orphan pdf_cell 754 recovered to col=1 by nearest-column fallback (row=19, x=728.2, dist=75.4)
2026-09-07 00:58:47,332 MatchingPostProcessor WARNING  Orphan pdf_cell 755 recovered to col=1 by nearest-column fallback (row=19, x=739.3, dist=64.3)
2026-09-07 00:58:47,332 MatchingPostProcessor WARNING  Orphan pdf_cell 756 recovered to col=1 by nearest-column fallback (row=19, x=750.4, dist=53.2)
2026-09-07 00:58:47,332 MatchingPostProcessor WARNING  Orphan pdf_cell 757 recovered to col=1 by nearest-column fallback (row=19, x=761.5, dist=42.2)
2026-09-07 00:58:47,332 MatchingPostProcessor WARNING  Orphan pdf_cell 758 recovered to col=1 by nearest-column fallback (row=19, x=772.6, dist=31.1)
2026-09-07 00:58:47,333 MatchingPostProcessor WARNING  Orphan pdf_cell 759 recovered to col=1 by nearest-column fallback (row=19, x=783.7, dist=20.0)
2026-09-07 00:58:47,333 MatchingPostProcessor WARNING  Orphan pdf_cell 783 recovered to col=1 by nearest-column fallback (row=20, x=639.5, dist=164.1)
2026-09-07 00:58:47,333 MatchingPostProcessor WARNING  Orphan pdf_cell 784 recovered to col=1 by nearest-column fallback (row=20, x=650.6, dist=153.0)
2026-09-07 00:58:47,333 MatchingPostProcessor WARNING  Orphan pdf_cell 785 recovered to col=1 by nearest-column fallback (row=20, x=661.7, dist=141.9)
2026-09-07 00:58:47,333 MatchingPostProcessor WARNING  Orphan pdf_cell 786 recovered to col=1 by nearest-column fallback (row=20, x=672.8, dist=130.9)
2026-09-07 00:58:47,333 MatchingPostProcessor WARNING  Orphan pdf_cell 787 recovered to col=1 by nearest-column fallback (row=20, x=683.9, dist=119.8)
2026-09-07 00:58:47,333 MatchingPostProcessor WARNING  Orphan pdf_cell 788 recovered to col=1 by nearest-column fallback (row=20, x=695.0, dist=108.7)
2026-09-07 00:58:47,333 MatchingPostProcessor WARNING  Orphan pdf_cell 789 recovered to col=1 by nearest-column fallback (row=20, x=706.1, dist=97.6)
2026-09-07 00:58:47,333 MatchingPostProcessor WARNING  Orphan pdf_cell 790 recovered to col=1 by nearest-column fallback (row=20, x=717.2, dist=86.5)
2026-09-07 00:58:47,333 MatchingPostProcessor WARNING  Orphan pdf_cell 791 recovered to col=1 by nearest-column fallback (row=20, x=728.2, dist=75.4)
2026-09-07 00:58:47,333 MatchingPostProcessor WARNING  Orphan pdf_cell 792 recovered to col=1 by nearest-column fallback (row=20, x=739.3, dist=64.3)
2026-09-07 00:58:47,333 MatchingPostProcessor WARNING  Orphan pdf_cell 793 recovered to col=1 by nearest-column fallback (row=20, x=750.4, dist=53.2)
2026-09-07 00:58:47,333 MatchingPostProcessor WARNING  Orphan pdf_cell 794 recovered to col=1 by nearest-column fallback (row=20, x=761.5, dist=42.2)
2026-09-07 00:58:47,333 MatchingPostProcessor WARNING  Orphan pdf_cell 795 recovered to col=1 by nearest-column fallback (row=20, x=772.6, dist=31.1)
2026-09-07 00:58:47,333 MatchingPostProcessor WARNING  Orphan pdf_cell 796 recovered to col=1 by nearest-column fallback (row=20, x=783.7, dist=20.0)
2026-09-07 00:58:47,333 MatchingPostProcessor WARNING  Orphan pdf_cell 820 recovered to col=1 by nearest-column fallback (row=21, x=639.5, dist=164.1)
2026-09-07 00:58:47,333 MatchingPostProcessor WARNING  Orphan pdf_cell 821 recovered to col=1 by nearest-column fallback (row=21, x=650.6, dist=153.0)
2026-09-07 00:58:47,333 MatchingPostProcessor WARNING  Orphan pdf_cell 822 recovered to col=1 by nearest-column fallback (row=21, x=661.7, dist=141.9)
2026-09-07 00:58:47,333 MatchingPostProcessor WARNING  Orphan pdf_cell 823 recovered to col=1 by nearest-column fallback (row=21, x=672.8, dist=130.9)
2026-09-07 00:58:47,333 MatchingPostProcessor WARNING  Orphan pdf_cell 824 recovered to col=1 by nearest-column fallback (row=21, x=683.9, dist=119.8)
2026-09-07 00:58:47,334 MatchingPostProcessor WARNING  Orphan pdf_cell 825 recovered to col=1 by nearest-column fallback (row=21, x=695.0, dist=108.7)
2026-09-07 00:58:47,334 MatchingPostProcessor WARNING  Orphan pdf_cell 826 recovered to col=1 by nearest-column fallback (row=21, x=706.1, dist=97.6)
2026-09-07 00:58:47,334 MatchingPostProcessor WARNING  Orphan pdf_cell 827 recovered to col=1 by nearest-column fallback (row=21, x=717.2, dist=86.5)
2026-09-07 00:58:47,334 MatchingPostProcessor WARNING  Orphan pdf_cell 828 recovered to col=1 by nearest-column fallback (row=21, x=728.2, dist=75.4)
2026-09-07 00:58:47,334 MatchingPostProcessor WARNING  Orphan pdf_cell 829 recovered to col=1 by nearest-column fallback (row=21, x=739.3, dist=64.3)
2026-09-07 00:58:47,334 MatchingPostProcessor WARNING  Orphan pdf_cell 830 recovered to col=1 by nearest-column fallback (row=21, x=750.4, dist=53.2)
2026-09-07 00:58:47,334 MatchingPostProcessor WARNING  Orphan pdf_cell 831 recovered to col=1 by nearest-column fallback (row=21, x=761.5, dist=42.2)
2026-09-07 00:58:47,334 MatchingPostProcessor WARNING  Orphan pdf_cell 832 recovered to col=1 by nearest-column fallback (row=21, x=772.6, dist=31.1)
2026-09-07 00:58:47,334 MatchingPostProcessor WARNING  Orphan pdf_cell 833 recovered to col=1 by nearest-column fallback (row=21, x=783.7, dist=20.0)
2026-09-07 00:58:47,334 MatchingPostProcessor WARNING  Orphan pdf_cell 861 recovered to col=1 by nearest-column fallback (row=22, x=639.5, dist=164.1)
2026-09-07 00:58:47,334 MatchingPostProcessor WARNING  Orphan pdf_cell 862 recovered to col=1 by nearest-column fallback (row=22, x=650.6, dist=153.0)
2026-09-07 00:58:47,334 MatchingPostProcessor WARNING  Orphan pdf_cell 863 recovered to col=1 by nearest-column fallback (row=22, x=661.7, dist=141.9)
2026-09-07 00:58:47,334 MatchingPostProcessor WARNING  Orphan pdf_cell 864 recovered to col=1 by nearest-column fallback (row=22, x=672.8, dist=130.9)
2026-09-07 00:58:47,334 MatchingPostProcessor WARNING  Orphan pdf_cell 865 recovered to col=1 by nearest-column fallback (row=22, x=683.9, dist=119.8)
2026-09-07 00:58:47,334 MatchingPostProcessor WARNING  Orphan pdf_cell 866 recovered to col=1 by nearest-column fallback (row=22, x=695.0, dist=108.7)
2026-09-07 00:58:47,334 MatchingPostProcessor WARNING  Orphan pdf_cell 867 recovered to col=1 by nearest-column fallback (row=22, x=706.1, dist=97.6)
2026-09-07 00:58:47,334 MatchingPostProcessor WARNING  Orphan pdf_cell 868 recovered to col=1 by nearest-column fallback (row=22, x=717.2, dist=86.5)
2026-09-07 00:58:47,334 MatchingPostProcessor WARNING  Orphan pdf_cell 869 recovered to col=1 by nearest-column fallback (row=22, x=728.2, dist=75.4)
2026-09-07 00:58:47,334 MatchingPostProcessor WARNING  Orphan pdf_cell 870 recovered to col=1 by nearest-column fallback (row=22, x=739.3, dist=64.3)
2026-09-07 00:58:47,334 MatchingPostProcessor WARNING  Orphan pdf_cell 871 recovered to col=1 by nearest-column fallback (row=22, x=750.4, dist=53.2)
2026-09-07 00:58:47,334 MatchingPostProcessor WARNING  Orphan pdf_cell 872 recovered to col=1 by nearest-column fallback (row=22, x=761.5, dist=42.2)
2026-09-07 00:58:47,334 MatchingPostProcessor WARNING  Orphan pdf_cell 873 recovered to col=1 by nearest-column fallback (row=22, x=772.6, dist=31.1)
2026-09-07 00:58:47,334 MatchingPostProcessor WARNING  Orphan pdf_cell 874 recovered to col=1 by nearest-column fallback (row=22, x=783.7, dist=20.0)
2026-09-07 00:58:47,334 MatchingPostProcessor WARNING  Orphan pdf_cell 885 recovered to col=1 by nearest-column fallback (row=23, x=650.6, dist=153.0)
2026-09-07 00:58:47,334 MatchingPostProcessor WARNING  Orphan pdf_cell 886 recovered to col=1 by nearest-column fallback (row=23, x=661.7, dist=141.9)
2026-09-07 00:58:47,334 MatchingPostProcessor WARNING  Orphan pdf_cell 887 recovered to col=1 by nearest-column fallback (row=23, x=672.8, dist=130.9)
2026-09-07 00:58:47,334 MatchingPostProcessor WARNING  Orphan pdf_cell 888 recovered to col=1 by nearest-column fallback (row=23, x=683.9, dist=119.8)
2026-09-07 00:58:47,334 MatchingPostProcessor WARNING  Orphan pdf_cell 889 recovered to col=1 by nearest-column fallback (row=23, x=695.0, dist=108.7)
2026-09-07 00:58:47,335 MatchingPostProcessor WARNING  Orphan pdf_cell 890 recovered to col=1 by nearest-column fallback (row=23, x=706.1, dist=97.6)
2026-09-07 00:58:47,335 MatchingPostProcessor WARNING  Orphan pdf_cell 891 recovered to col=1 by nearest-column fallback (row=23, x=717.2, dist=86.5)
2026-09-07 00:58:47,335 MatchingPostProcessor WARNING  Orphan pdf_cell 892 recovered to col=1 by nearest-column fallback (row=23, x=728.2, dist=75.4)
2026-09-07 00:58:47,335 MatchingPostProcessor WARNING  Orphan pdf_cell 893 recovered to col=1 by nearest-column fallback (row=23, x=739.3, dist=64.3)
2026-09-07 00:58:47,335 MatchingPostProcessor WARNING  Orphan pdf_cell 894 recovered to col=1 by nearest-column fallback (row=23, x=750.4, dist=53.2)
2026-09-07 00:58:47,335 MatchingPostProcessor WARNING  Orphan pdf_cell 895 recovered to col=1 by nearest-column fallback (row=23, x=761.5, dist=42.2)
2026-09-07 00:58:47,335 MatchingPostProcessor WARNING  Orphan pdf_cell 896 recovered to col=1 by nearest-column fallback (row=23, x=772.6, dist=31.1)
2026-09-07 00:58:47,335 MatchingPostProcessor WARNING  Orphan pdf_cell 897 recovered to col=1 by nearest-column fallback (row=23, x=783.7, dist=20.0)
2026-09-07 00:58:47,335 MatchingPostProcessor WARNING  Orphan pdf_cell 922 recovered to col=1 by nearest-column fallback (row=24, x=639.5, dist=164.1)
2026-09-07 00:58:47,335 MatchingPostProcessor WARNING  Orphan pdf_cell 923 recovered to col=1 by nearest-column fallback (row=24, x=650.6, dist=153.0)
2026-09-07 00:58:47,335 MatchingPostProcessor WARNING  Orphan pdf_cell 924 recovered to col=1 by nearest-column fallback (row=24, x=661.7, dist=141.9)
2026-09-07 00:58:47,335 MatchingPostProcessor WARNING  Orphan pdf_cell 925 recovered to col=1 by nearest-column fallback (row=24, x=672.8, dist=130.9)
2026-09-07 00:58:47,335 MatchingPostProcessor WARNING  Orphan pdf_cell 926 recovered to col=1 by nearest-column fallback (row=24, x=683.9, dist=119.8)
2026-09-07 00:58:47,335 MatchingPostProcessor WARNING  Orphan pdf_cell 927 recovered to col=1 by nearest-column fallback (row=24, x=695.0, dist=108.7)
2026-09-07 00:58:47,335 MatchingPostProcessor WARNING  Orphan pdf_cell 928 recovered to col=1 by nearest-column fallback (row=24, x=706.1, dist=97.6)
2026-09-07 00:58:47,335 MatchingPostProcessor WARNING  Orphan pdf_cell 929 recovered to col=1 by nearest-column fallback (row=24, x=717.2, dist=86.5)
2026-09-07 00:58:47,335 MatchingPostProcessor WARNING  Orphan pdf_cell 930 recovered to col=1 by nearest-column fallback (row=24, x=728.2, dist=75.4)
2026-09-07 00:58:47,335 MatchingPostProcessor WARNING  Orphan pdf_cell 931 recovered to col=1 by nearest-column fallback (row=24, x=739.3, dist=64.3)
2026-09-07 00:58:47,335 MatchingPostProcessor WARNING  Orphan pdf_cell 932 recovered to col=1 by nearest-column fallback (row=24, x=750.4, dist=53.2)
2026-09-07 00:58:47,335 MatchingPostProcessor WARNING  Orphan pdf_cell 933 recovered to col=1 by nearest-column fallback (row=24, x=761.5, dist=42.2)
2026-09-07 00:58:47,335 MatchingPostProcessor WARNING  Orphan pdf_cell 934 recovered to col=1 by nearest-column fallback (row=24, x=772.6, dist=31.1)
2026-09-07 00:58:47,335 MatchingPostProcessor WARNING  Orphan pdf_cell 935 recovered to col=1 by nearest-column fallback (row=24, x=783.7, dist=20.0)
2026-09-07 00:58:47,336 MatchingPostProcessor WARNING  Orphan pdf_cell 972 recovered to col=1 by nearest-column fallback (row=25, x=639.5, dist=164.1)
2026-09-07 00:58:47,336 MatchingPostProcessor WARNING  Orphan pdf_cell 973 recovered to col=1 by nearest-column fallback (row=25, x=650.6, dist=153.0)
2026-09-07 00:58:47,336 MatchingPostProcessor WARNING  Orphan pdf_cell 974 recovered to col=1 by nearest-column fallback (row=25, x=661.7, dist=141.9)
2026-09-07 00:58:47,336 MatchingPostProcessor WARNING  Orphan pdf_cell 975 recovered to col=1 by nearest-column fallback (row=25, x=672.8, dist=130.9)
2026-09-07 00:58:47,336 MatchingPostProcessor WARNING  Orphan pdf_cell 976 recovered to col=1 by nearest-column fallback (row=25, x=683.9, dist=119.8)
2026-09-07 00:58:47,336 MatchingPostProcessor WARNING  Orphan pdf_cell 977 recovered to col=1 by nearest-column fallback (row=25, x=695.0, dist=108.7)
2026-09-07 00:58:47,336 MatchingPostProcessor WARNING  Orphan pdf_cell 978 recovered to col=1 by nearest-column fallback (row=25, x=706.1, dist=97.6)
2026-09-07 00:58:47,336 MatchingPostProcessor WARNING  Orphan pdf_cell 979 recovered to col=1 by nearest-column fallback (row=25, x=717.2, dist=86.5)
2026-09-07 00:58:47,336 MatchingPostProcessor WARNING  Orphan pdf_cell 980 recovered to col=1 by nearest-column fallback (row=25, x=728.2, dist=75.4)
2026-09-07 00:58:47,336 MatchingPostProcessor WARNING  Orphan pdf_cell 981 recovered to col=1 by nearest-column fallback (row=25, x=739.3, dist=64.3)
2026-09-07 00:58:47,336 MatchingPostProcessor WARNING  Orphan pdf_cell 982 recovered to col=1 by nearest-column fallback (row=25, x=750.4, dist=53.2)
2026-09-07 00:58:47,336 MatchingPostProcessor WARNING  Orphan pdf_cell 983 recovered to col=1 by nearest-column fallback (row=25, x=761.5, dist=42.2)
2026-09-07 00:58:47,336 MatchingPostProcessor WARNING  Orphan pdf_cell 984 recovered to col=1 by nearest-column fallback (row=25, x=772.6, dist=31.1)
2026-09-07 00:58:47,336 MatchingPostProcessor WARNING  Orphan pdf_cell 985 recovered to col=1 by nearest-column fallback (row=25, x=783.7, dist=20.0)
2026-09-07 00:58:47,336 MatchingPostProcessor WARNING  Orphan pdf_cell 1003 recovered to col=1 by nearest-column fallback (row=26, x=639.5, dist=164.1)
2026-09-07 00:58:47,336 MatchingPostProcessor WARNING  Orphan pdf_cell 1004 recovered to col=1 by nearest-column fallback (row=26, x=650.6, dist=153.0)
2026-09-07 00:58:47,336 MatchingPostProcessor WARNING  Orphan pdf_cell 1005 recovered to col=1 by nearest-column fallback (row=26, x=661.7, dist=141.9)
2026-09-07 00:58:47,336 MatchingPostProcessor WARNING  Orphan pdf_cell 1006 recovered to col=1 by nearest-column fallback (row=26, x=672.8, dist=130.9)
2026-09-07 00:58:47,336 MatchingPostProcessor WARNING  Orphan pdf_cell 1007 recovered to col=1 by nearest-column fallback (row=26, x=683.9, dist=119.8)
2026-09-07 00:58:47,336 MatchingPostProcessor WARNING  Orphan pdf_cell 1008 recovered to col=1 by nearest-column fallback (row=26, x=695.0, dist=108.7)
2026-09-07 00:58:47,337 MatchingPostProcessor WARNING  Orphan pdf_cell 1009 recovered to col=1 by nearest-column fallback (row=26, x=706.1, dist=97.6)
2026-09-07 00:58:47,337 MatchingPostProcessor WARNING  Orphan pdf_cell 1010 recovered to col=1 by nearest-column fallback (row=26, x=717.2, dist=86.5)
2026-09-07 00:58:47,337 MatchingPostProcessor WARNING  Orphan pdf_cell 1011 recovered to col=1 by nearest-column fallback (row=26, x=728.2, dist=75.4)
2026-09-07 00:58:47,337 MatchingPostProcessor WARNING  Orphan pdf_cell 1012 recovered to col=1 by nearest-column fallback (row=26, x=739.3, dist=64.3)
2026-09-07 00:58:47,337 MatchingPostProcessor WARNING  Orphan pdf_cell 1013 recovered to col=1 by nearest-column fallback (row=26, x=750.4, dist=53.2)
2026-09-07 00:58:47,337 MatchingPostProcessor WARNING  Orphan pdf_cell 1014 recovered to col=1 by nearest-column fallback (row=26, x=761.5, dist=42.2)
2026-09-07 00:58:47,337 MatchingPostProcessor WARNING  Orphan pdf_cell 1015 recovered to col=1 by nearest-column fallback (row=26, x=772.6, dist=31.1)
2026-09-07 00:58:47,337 MatchingPostProcessor WARNING  Orphan pdf_cell 1016 recovered to col=1 by nearest-column fallback (row=26, x=783.7, dist=20.0)
2026-09-07 00:58:47,337 MatchingPostProcessor WARNING  Orphan pdf_cell 1035 recovered to col=1 by nearest-column fallback (row=27, x=639.5, dist=164.1)
2026-09-07 00:58:47,337 MatchingPostProcessor WARNING  Orphan pdf_cell 1036 recovered to col=1 by nearest-column fallback (row=27, x=650.6, dist=153.0)
2026-09-07 00:58:47,337 MatchingPostProcessor WARNING  Orphan pdf_cell 1037 recovered to col=1 by nearest-column fallback (row=27, x=661.7, dist=141.9)
2026-09-07 00:58:47,337 MatchingPostProcessor WARNING  Orphan pdf_cell 1038 recovered to col=1 by nearest-column fallback (row=27, x=672.8, dist=130.9)
2026-09-07 00:58:47,337 MatchingPostProcessor WARNING  Orphan pdf_cell 1039 recovered to col=1 by nearest-column fallback (row=27, x=683.9, dist=119.8)
2026-09-07 00:58:47,337 MatchingPostProcessor WARNING  Orphan pdf_cell 1040 recovered to col=1 by nearest-column fallback (row=27, x=695.0, dist=108.7)
2026-09-07 00:58:47,337 MatchingPostProcessor WARNING  Orphan pdf_cell 1041 recovered to col=1 by nearest-column fallback (row=27, x=706.1, dist=97.6)
2026-09-07 00:58:47,337 MatchingPostProcessor WARNING  Orphan pdf_cell 1042 recovered to col=1 by nearest-column fallback (row=27, x=717.2, dist=86.5)
2026-09-07 00:58:47,337 MatchingPostProcessor WARNING  Orphan pdf_cell 1043 recovered to col=1 by nearest-column fallback (row=27, x=728.2, dist=75.4)
2026-09-07 00:58:47,337 MatchingPostProcessor WARNING  Orphan pdf_cell 1044 recovered to col=1 by nearest-column fallback (row=27, x=739.3, dist=64.3)
2026-09-07 00:58:47,337 MatchingPostProcessor WARNING  Orphan pdf_cell 1045 recovered to col=1 by nearest-column fallback (row=27, x=750.4, dist=53.2)
2026-09-07 00:58:47,337 MatchingPostProcessor WARNING  Orphan pdf_cell 1046 recovered to col=1 by nearest-column fallback (row=27, x=761.5, dist=42.2)
2026-09-07 00:58:47,337 MatchingPostProcessor WARNING  Orphan pdf_cell 1047 recovered to col=1 by nearest-column fallback (row=27, x=772.6, dist=31.1)
2026-09-07 00:58:47,337 MatchingPostProcessor WARNING  Orphan pdf_cell 1048 recovered to col=1 by nearest-column fallback (row=27, x=783.7, dist=20.0)
2026-09-07 00:58:47,338 MatchingPostProcessor WARNING  Orphan pdf_cell 1088 recovered to col=1 by nearest-column fallback (row=28, x=639.5, dist=164.1)
2026-09-07 00:58:47,338 MatchingPostProcessor WARNING  Orphan pdf_cell 1089 recovered to col=1 by nearest-column fallback (row=28, x=650.6, dist=153.0)
2026-09-07 00:58:47,338 MatchingPostProcessor WARNING  Orphan pdf_cell 1090 recovered to col=1 by nearest-column fallback (row=28, x=661.7, dist=141.9)
2026-09-07 00:58:47,338 MatchingPostProcessor WARNING  Orphan pdf_cell 1091 recovered to col=1 by nearest-column fallback (row=28, x=672.8, dist=130.9)
2026-09-07 00:58:47,338 MatchingPostProcessor WARNING  Orphan pdf_cell 1092 recovered to col=1 by nearest-column fallback (row=28, x=683.9, dist=119.8)
2026-09-07 00:58:47,338 MatchingPostProcessor WARNING  Orphan pdf_cell 1093 recovered to col=1 by nearest-column fallback (row=28, x=695.0, dist=108.7)
2026-09-07 00:58:47,338 MatchingPostProcessor WARNING  Orphan pdf_cell 1094 recovered to col=1 by nearest-column fallback (row=28, x=706.1, dist=97.6)
2026-09-07 00:58:47,338 MatchingPostProcessor WARNING  Orphan pdf_cell 1095 recovered to col=1 by nearest-column fallback (row=28, x=717.2, dist=86.5)
2026-09-07 00:58:47,338 MatchingPostProcessor WARNING  Orphan pdf_cell 1096 recovered to col=1 by nearest-column fallback (row=28, x=728.2, dist=75.4)
2026-09-07 00:58:47,338 MatchingPostProcessor WARNING  Orphan pdf_cell 1097 recovered to col=1 by nearest-column fallback (row=28, x=739.3, dist=64.3)
2026-09-07 00:58:47,338 MatchingPostProcessor WARNING  Orphan pdf_cell 1098 recovered to col=1 by nearest-column fallback (row=28, x=750.4, dist=53.2)
2026-09-07 00:58:47,338 MatchingPostProcessor WARNING  Orphan pdf_cell 1099 recovered to col=1 by nearest-column fallback (row=28, x=761.5, dist=42.2)
2026-09-07 00:58:47,338 MatchingPostProcessor WARNING  Orphan pdf_cell 1100 recovered to col=1 by nearest-column fallback (row=28, x=772.6, dist=31.1)
2026-09-07 00:58:47,338 MatchingPostProcessor WARNING  Orphan pdf_cell 1101 recovered to col=1 by nearest-column fallback (row=28, x=783.7, dist=20.0)
2026-09-07 00:58:47,338 MatchingPostProcessor WARNING  Orphan pdf_cell 1131 recovered to col=1 by nearest-column fallback (row=28, x=639.5, dist=164.1)
2026-09-07 00:58:47,339 MatchingPostProcessor WARNING  Orphan pdf_cell 1132 recovered to col=1 by nearest-column fallback (row=28, x=650.6, dist=153.0)
2026-09-07 00:58:47,339 MatchingPostProcessor WARNING  Orphan pdf_cell 1133 recovered to col=1 by nearest-column fallback (row=28, x=661.7, dist=141.9)
2026-09-07 00:58:47,339 MatchingPostProcessor WARNING  Orphan pdf_cell 1134 recovered to col=1 by nearest-column fallback (row=28, x=672.8, dist=130.9)
2026-09-07 00:58:47,339 MatchingPostProcessor WARNING  Orphan pdf_cell 1135 recovered to col=1 by nearest-column fallback (row=28, x=683.9, dist=119.8)
2026-09-07 00:58:47,339 MatchingPostProcessor WARNING  Orphan pdf_cell 1136 recovered to col=1 by nearest-column fallback (row=28, x=695.0, dist=108.7)
2026-09-07 00:58:47,339 MatchingPostProcessor WARNING  Orphan pdf_cell 1137 recovered to col=1 by nearest-column fallback (row=28, x=706.1, dist=97.6)
2026-09-07 00:58:47,339 MatchingPostProcessor WARNING  Orphan pdf_cell 1138 recovered to col=1 by nearest-column fallback (row=28, x=717.2, dist=86.5)
2026-09-07 00:58:47,339 MatchingPostProcessor WARNING  Orphan pdf_cell 1139 recovered to col=1 by nearest-column fallback (row=28, x=728.2, dist=75.4)
2026-09-07 00:58:47,339 MatchingPostProcessor WARNING  Orphan pdf_cell 1140 recovered to col=1 by nearest-column fallback (row=28, x=739.3, dist=64.3)
2026-09-07 00:58:47,339 MatchingPostProcessor WARNING  Orphan pdf_cell 1141 recovered to col=1 by nearest-column fallback (row=28, x=750.4, dist=53.2)
2026-09-07 00:58:47,339 MatchingPostProcessor WARNING  Orphan pdf_cell 1142 recovered to col=1 by nearest-column fallback (row=28, x=761.5, dist=42.2)
2026-09-07 00:58:47,339 MatchingPostProcessor WARNING  Orphan pdf_cell 1143 recovered to col=1 by nearest-column fallback (row=28, x=772.6, dist=31.1)
2026-09-07 00:58:47,339 MatchingPostProcessor WARNING  Orphan pdf_cell 1144 recovered to col=1 by nearest-column fallback (row=28, x=783.7, dist=20.0)
2026-09-07 00:58:47,339 MatchingPostProcessor WARNING  Orphan pdf_cell 1156 recovered to col=1 by nearest-column fallback (row=29, x=639.5, dist=164.1)
2026-09-07 00:58:47,339 MatchingPostProcessor WARNING  Orphan pdf_cell 1157 recovered to col=1 by nearest-column fallback (row=29, x=650.6, dist=153.0)
2026-09-07 00:58:47,339 MatchingPostProcessor WARNING  Orphan pdf_cell 1158 recovered to col=1 by nearest-column fallback (row=29, x=661.7, dist=141.9)
2026-09-07 00:58:47,339 MatchingPostProcessor WARNING  Orphan pdf_cell 1159 recovered to col=1 by nearest-column fallback (row=29, x=672.8, dist=130.9)
2026-09-07 00:58:47,339 MatchingPostProcessor WARNING  Orphan pdf_cell 1160 recovered to col=1 by nearest-column fallback (row=29, x=683.9, dist=119.8)
2026-09-07 00:58:47,339 MatchingPostProcessor WARNING  Orphan pdf_cell 1161 recovered to col=1 by nearest-column fallback (row=29, x=695.0, dist=108.7)
2026-09-07 00:58:47,339 MatchingPostProcessor WARNING  Orphan pdf_cell 1162 recovered to col=1 by nearest-column fallback (row=29, x=706.1, dist=97.6)
2026-09-07 00:58:47,339 MatchingPostProcessor WARNING  Orphan pdf_cell 1163 recovered to col=1 by nearest-column fallback (row=29, x=717.2, dist=86.5)
2026-09-07 00:58:47,339 MatchingPostProcessor WARNING  Orphan pdf_cell 1164 recovered to col=1 by nearest-column fallback (row=29, x=728.2, dist=75.4)
2026-09-07 00:58:47,339 MatchingPostProcessor WARNING  Orphan pdf_cell 1165 recovered to col=1 by nearest-column fallback (row=29, x=739.3, dist=64.3)
2026-09-07 00:58:47,339 MatchingPostProcessor WARNING  Orphan pdf_cell 1166 recovered to col=1 by nearest-column fallback (row=29, x=750.4, dist=53.2)
2026-09-07 00:58:47,339 MatchingPostProcessor WARNING  Orphan pdf_cell 1167 recovered to col=1 by nearest-column fallback (row=29, x=761.5, dist=42.2)
2026-09-07 00:58:47,339 MatchingPostProcessor WARNING  Orphan pdf_cell 1168 recovered to col=1 by nearest-column fallback (row=29, x=772.6, dist=31.1)
2026-09-07 00:58:47,339 MatchingPostProcessor WARNING  Orphan pdf_cell 1169 recovered to col=1 by nearest-column fallback (row=29, x=783.7, dist=20.0)
2026-09-07 00:58:47,340 MatchingPostProcessor WARNING  Orphan pdf_cell 1204 recovered to col=1 by nearest-column fallback (row=30, x=639.5, dist=164.1)
2026-09-07 00:58:47,340 MatchingPostProcessor WARNING  Orphan pdf_cell 1205 recovered to col=1 by nearest-column fallback (row=30, x=650.6, dist=153.0)
2026-09-07 00:58:47,340 MatchingPostProcessor WARNING  Orphan pdf_cell 1206 recovered to col=1 by nearest-column fallback (row=30, x=661.7, dist=141.9)
2026-09-07 00:58:47,340 MatchingPostProcessor WARNING  Orphan pdf_cell 1207 recovered to col=1 by nearest-column fallback (row=30, x=672.8, dist=130.9)
2026-09-07 00:58:47,340 MatchingPostProcessor WARNING  Orphan pdf_cell 1208 recovered to col=1 by nearest-column fallback (row=30, x=683.9, dist=119.8)
2026-09-07 00:58:47,340 MatchingPostProcessor WARNING  Orphan pdf_cell 1209 recovered to col=1 by nearest-column fallback (row=30, x=695.0, dist=108.7)
2026-09-07 00:58:47,340 MatchingPostProcessor WARNING  Orphan pdf_cell 1210 recovered to col=1 by nearest-column fallback (row=30, x=706.1, dist=97.6)
2026-09-07 00:58:47,340 MatchingPostProcessor WARNING  Orphan pdf_cell 1211 recovered to col=1 by nearest-column fallback (row=30, x=717.2, dist=86.5)
2026-09-07 00:58:47,340 MatchingPostProcessor WARNING  Orphan pdf_cell 1212 recovered to col=1 by nearest-column fallback (row=30, x=728.2, dist=75.4)
2026-09-07 00:58:47,340 MatchingPostProcessor WARNING  Orphan pdf_cell 1213 recovered to col=1 by nearest-column fallback (row=30, x=739.3, dist=64.3)
2026-09-07 00:58:47,340 MatchingPostProcessor WARNING  Orphan pdf_cell 1214 recovered to col=1 by nearest-column fallback (row=30, x=750.4, dist=53.2)
2026-09-07 00:58:47,340 MatchingPostProcessor WARNING  Orphan pdf_cell 1215 recovered to col=1 by nearest-column fallback (row=30, x=761.5, dist=42.2)
2026-09-07 00:58:47,340 MatchingPostProcessor WARNING  Orphan pdf_cell 1216 recovered to col=1 by nearest-column fallback (row=30, x=772.6, dist=31.1)
2026-09-07 00:58:47,340 MatchingPostProcessor WARNING  Orphan pdf_cell 1217 recovered to col=1 by nearest-column fallback (row=30, x=783.7, dist=20.0)
2026-09-07 00:58:47,340 MatchingPostProcessor WARNING  Orphan pdf_cell 1245 recovered to col=1 by nearest-column fallback (row=31, x=639.5, dist=164.1)
2026-09-07 00:58:47,340 MatchingPostProcessor WARNING  Orphan pdf_cell 1246 recovered to col=1 by nearest-column fallback (row=31, x=650.6, dist=153.0)
2026-09-07 00:58:47,341 MatchingPostProcessor WARNING  Orphan pdf_cell 1247 recovered to col=1 by nearest-column fallback (row=31, x=661.7, dist=141.9)
2026-09-07 00:58:47,341 MatchingPostProcessor WARNING  Orphan pdf_cell 1248 recovered to col=1 by nearest-column fallback (row=31, x=672.8, dist=130.9)
2026-09-07 00:58:47,341 MatchingPostProcessor WARNING  Orphan pdf_cell 1249 recovered to col=1 by nearest-column fallback (row=31, x=683.9, dist=119.8)
2026-09-07 00:58:47,341 MatchingPostProcessor WARNING  Orphan pdf_cell 1250 recovered to col=1 by nearest-column fallback (row=31, x=695.0, dist=108.7)
2026-09-07 00:58:47,341 MatchingPostProcessor WARNING  Orphan pdf_cell 1251 recovered to col=1 by nearest-column fallback (row=31, x=706.1, dist=97.6)
2026-09-07 00:58:47,341 MatchingPostProcessor WARNING  Orphan pdf_cell 1252 recovered to col=1 by nearest-column fallback (row=31, x=717.2, dist=86.5)
2026-09-07 00:58:47,341 MatchingPostProcessor WARNING  Orphan pdf_cell 1253 recovered to col=1 by nearest-column fallback (row=31, x=728.2, dist=75.4)
2026-09-07 00:58:47,341 MatchingPostProcessor WARNING  Orphan pdf_cell 1254 recovered to col=1 by nearest-column fallback (row=31, x=739.3, dist=64.3)
2026-09-07 00:58:47,341 MatchingPostProcessor WARNING  Orphan pdf_cell 1255 recovered to col=1 by nearest-column fallback (row=31, x=750.4, dist=53.2)
2026-09-07 00:58:47,341 MatchingPostProcessor WARNING  Orphan pdf_cell 1256 recovered to col=1 by nearest-column fallback (row=31, x=761.5, dist=42.2)
2026-09-07 00:58:47,341 MatchingPostProcessor WARNING  Orphan pdf_cell 1257 recovered to col=1 by nearest-column fallback (row=31, x=772.6, dist=31.1)
2026-09-07 00:58:47,341 MatchingPostProcessor WARNING  Orphan pdf_cell 1258 recovered to col=1 by nearest-column fallback (row=31, x=783.7, dist=20.0)
2026-09-07 00:58:47,341 MatchingPostProcessor WARNING  Orphan pdf_cell 1288 recovered to col=1 by nearest-column fallback (row=32, x=639.5, dist=164.1)
2026-09-07 00:58:47,341 MatchingPostProcessor WARNING  Orphan pdf_cell 1289 recovered to col=1 by nearest-column fallback (row=32, x=650.6, dist=153.0)
2026-09-07 00:58:47,341 MatchingPostProcessor WARNING  Orphan pdf_cell 1290 recovered to col=1 by nearest-column fallback (row=32, x=661.7, dist=141.9)
2026-09-07 00:58:47,341 MatchingPostProcessor WARNING  Orphan pdf_cell 1291 recovered to col=1 by nearest-column fallback (row=32, x=672.8, dist=130.9)
2026-09-07 00:58:47,341 MatchingPostProcessor WARNING  Orphan pdf_cell 1292 recovered to col=1 by nearest-column fallback (row=32, x=683.9, dist=119.8)
2026-09-07 00:58:47,341 MatchingPostProcessor WARNING  Orphan pdf_cell 1293 recovered to col=1 by nearest-column fallback (row=32, x=695.0, dist=108.7)
2026-09-07 00:58:47,341 MatchingPostProcessor WARNING  Orphan pdf_cell 1294 recovered to col=1 by nearest-column fallback (row=32, x=706.1, dist=97.6)
2026-09-07 00:58:47,341 MatchingPostProcessor WARNING  Orphan pdf_cell 1295 recovered to col=1 by nearest-column fallback (row=32, x=717.2, dist=86.5)
2026-09-07 00:58:47,341 MatchingPostProcessor WARNING  Orphan pdf_cell 1296 recovered to col=1 by nearest-column fallback (row=32, x=728.2, dist=75.4)
2026-09-07 00:58:47,341 MatchingPostProcessor WARNING  Orphan pdf_cell 1297 recovered to col=1 by nearest-column fallback (row=32, x=739.3, dist=64.3)
2026-09-07 00:58:47,341 MatchingPostProcessor WARNING  Orphan pdf_cell 1298 recovered to col=1 by nearest-column fallback (row=32, x=750.4, dist=53.2)
2026-09-07 00:58:47,341 MatchingPostProcessor WARNING  Orphan pdf_cell 1299 recovered to col=1 by nearest-column fallback (row=32, x=761.5, dist=42.2)
2026-09-07 00:58:47,341 MatchingPostProcessor WARNING  Orphan pdf_cell 1300 recovered to col=1 by nearest-column fallback (row=32, x=772.6, dist=31.1)
2026-09-07 00:58:47,341 MatchingPostProcessor WARNING  Orphan pdf_cell 1301 recovered to col=1 by nearest-column fallback (row=32, x=783.7, dist=20.0)
2026-09-07 00:58:47,342 MatchingPostProcessor WARNING  Orphan pdf_cell 1328 recovered to col=1 by nearest-column fallback (row=33, x=639.5, dist=164.1)
2026-09-07 00:58:47,342 MatchingPostProcessor WARNING  Orphan pdf_cell 1329 recovered to col=1 by nearest-column fallback (row=33, x=650.6, dist=153.0)
2026-09-07 00:58:47,342 MatchingPostProcessor WARNING  Orphan pdf_cell 1330 recovered to col=1 by nearest-column fallback (row=33, x=661.7, dist=141.9)
2026-09-07 00:58:47,342 MatchingPostProcessor WARNING  Orphan pdf_cell 1331 recovered to col=1 by nearest-column fallback (row=33, x=672.8, dist=130.9)
2026-09-07 00:58:47,342 MatchingPostProcessor WARNING  Orphan pdf_cell 1332 recovered to col=1 by nearest-column fallback (row=33, x=683.9, dist=119.8)
2026-09-07 00:58:47,342 MatchingPostProcessor WARNING  Orphan pdf_cell 1333 recovered to col=1 by nearest-column fallback (row=33, x=695.0, dist=108.7)
2026-09-07 00:58:47,342 MatchingPostProcessor WARNING  Orphan pdf_cell 1334 recovered to col=1 by nearest-column fallback (row=33, x=706.1, dist=97.6)
2026-09-07 00:58:47,342 MatchingPostProcessor WARNING  Orphan pdf_cell 1335 recovered to col=1 by nearest-column fallback (row=33, x=717.2, dist=86.5)
2026-09-07 00:58:47,342 MatchingPostProcessor WARNING  Orphan pdf_cell 1336 recovered to col=1 by nearest-column fallback (row=33, x=728.2, dist=75.4)
2026-09-07 00:58:47,342 MatchingPostProcessor WARNING  Orphan pdf_cell 1337 recovered to col=1 by nearest-column fallback (row=33, x=739.3, dist=64.3)
2026-09-07 00:58:47,342 MatchingPostProcessor WARNING  Orphan pdf_cell 1338 recovered to col=1 by nearest-column fallback (row=33, x=750.4, dist=53.2)
2026-09-07 00:58:47,342 MatchingPostProcessor WARNING  Orphan pdf_cell 1339 recovered to col=1 by nearest-column fallback (row=33, x=761.5, dist=42.2)
2026-09-07 00:58:47,342 MatchingPostProcessor WARNING  Orphan pdf_cell 1340 recovered to col=1 by nearest-column fallback (row=33, x=772.6, dist=31.1)
2026-09-07 00:58:47,342 MatchingPostProcessor WARNING  Orphan pdf_cell 1341 recovered to col=1 by nearest-column fallback (row=33, x=783.7, dist=20.0)
2026-09-07 00:58:47,343 MatchingPostProcessor WARNING  Orphan pdf_cell 1378 recovered to col=1 by nearest-column fallback (row=34, x=639.5, dist=164.1)
2026-09-07 00:58:47,343 MatchingPostProcessor WARNING  Orphan pdf_cell 1379 recovered to col=1 by nearest-column fallback (row=34, x=650.6, dist=153.0)
2026-09-07 00:58:47,343 MatchingPostProcessor WARNING  Orphan pdf_cell 1380 recovered to col=1 by nearest-column fallback (row=34, x=661.7, dist=141.9)
2026-09-07 00:58:47,343 MatchingPostProcessor WARNING  Orphan pdf_cell 1381 recovered to col=1 by nearest-column fallback (row=34, x=672.8, dist=130.9)
2026-09-07 00:58:47,343 MatchingPostProcessor WARNING  Orphan pdf_cell 1382 recovered to col=1 by nearest-column fallback (row=34, x=683.9, dist=119.8)
2026-09-07 00:58:47,343 MatchingPostProcessor WARNING  Orphan pdf_cell 1383 recovered to col=1 by nearest-column fallback (row=34, x=695.0, dist=108.7)
2026-09-07 00:58:47,343 MatchingPostProcessor WARNING  Orphan pdf_cell 1384 recovered to col=1 by nearest-column fallback (row=34, x=706.1, dist=97.6)
2026-09-07 00:58:47,343 MatchingPostProcessor WARNING  Orphan pdf_cell 1385 recovered to col=1 by nearest-column fallback (row=34, x=717.2, dist=86.5)
2026-09-07 00:58:47,343 MatchingPostProcessor WARNING  Orphan pdf_cell 1386 recovered to col=1 by nearest-column fallback (row=34, x=728.2, dist=75.4)
2026-09-07 00:58:47,343 MatchingPostProcessor WARNING  Orphan pdf_cell 1387 recovered to col=1 by nearest-column fallback (row=34, x=739.3, dist=64.3)
2026-09-07 00:58:47,343 MatchingPostProcessor WARNING  Orphan pdf_cell 1388 recovered to col=1 by nearest-column fallback (row=34, x=750.4, dist=53.2)
2026-09-07 00:58:47,343 MatchingPostProcessor WARNING  Orphan pdf_cell 1389 recovered to col=1 by nearest-column fallback (row=34, x=761.5, dist=42.2)
2026-09-07 00:58:47,343 MatchingPostProcessor WARNING  Orphan pdf_cell 1390 recovered to col=1 by nearest-column fallback (row=34, x=772.6, dist=31.1)
2026-09-07 00:58:47,343 MatchingPostProcessor WARNING  Orphan pdf_cell 1391 recovered to col=1 by nearest-column fallback (row=34, x=783.7, dist=20.0)
2026-09-07 00:58:47,343 MatchingPostProcessor WARNING  Orphan pdf_cell 1410 recovered to col=1 by nearest-column fallback (row=35, x=639.5, dist=164.1)
2026-09-07 00:58:47,343 MatchingPostProcessor WARNING  Orphan pdf_cell 1411 recovered to col=1 by nearest-column fallback (row=35, x=650.6, dist=153.0)
2026-09-07 00:58:47,343 MatchingPostProcessor WARNING  Orphan pdf_cell 1412 recovered to col=1 by nearest-column fallback (row=35, x=661.7, dist=141.9)
2026-09-07 00:58:47,343 MatchingPostProcessor WARNING  Orphan pdf_cell 1413 recovered to col=1 by nearest-column fallback (row=35, x=672.8, dist=130.9)
2026-09-07 00:58:47,343 MatchingPostProcessor WARNING  Orphan pdf_cell 1414 recovered to col=1 by nearest-column fallback (row=35, x=683.9, dist=119.8)
2026-09-07 00:58:47,343 MatchingPostProcessor WARNING  Orphan pdf_cell 1415 recovered to col=1 by nearest-column fallback (row=35, x=695.0, dist=108.7)
2026-09-07 00:58:47,343 MatchingPostProcessor WARNING  Orphan pdf_cell 1416 recovered to col=1 by nearest-column fallback (row=35, x=706.1, dist=97.6)
2026-09-07 00:58:47,343 MatchingPostProcessor WARNING  Orphan pdf_cell 1417 recovered to col=1 by nearest-column fallback (row=35, x=717.2, dist=86.5)
2026-09-07 00:58:47,343 MatchingPostProcessor WARNING  Orphan pdf_cell 1418 recovered to col=1 by nearest-column fallback (row=35, x=728.2, dist=75.4)
2026-09-07 00:58:47,343 MatchingPostProcessor WARNING  Orphan pdf_cell 1419 recovered to col=1 by nearest-column fallback (row=35, x=739.3, dist=64.3)
2026-09-07 00:58:47,343 MatchingPostProcessor WARNING  Orphan pdf_cell 1420 recovered to col=1 by nearest-column fallback (row=35, x=750.4, dist=53.2)
2026-09-07 00:58:47,343 MatchingPostProcessor WARNING  Orphan pdf_cell 1421 recovered to col=1 by nearest-column fallback (row=35, x=761.5, dist=42.2)
2026-09-07 00:58:47,344 MatchingPostProcessor WARNING  Orphan pdf_cell 1422 recovered to col=1 by nearest-column fallback (row=35, x=772.6, dist=31.1)
2026-09-07 00:58:47,344 MatchingPostProcessor WARNING  Orphan pdf_cell 1423 recovered to col=1 by nearest-column fallback (row=35, x=783.7, dist=20.0)
2026-09-07 00:58:47,344 MatchingPostProcessor WARNING  Orphan pdf_cell 1445 recovered to col=1 by nearest-column fallback (row=36, x=639.5, dist=164.1)
2026-09-07 00:58:47,344 MatchingPostProcessor WARNING  Orphan pdf_cell 1446 recovered to col=1 by nearest-column fallback (row=36, x=650.6, dist=153.0)
2026-09-07 00:58:47,344 MatchingPostProcessor WARNING  Orphan pdf_cell 1447 recovered to col=1 by nearest-column fallback (row=36, x=661.7, dist=141.9)
2026-09-07 00:58:47,344 MatchingPostProcessor WARNING  Orphan pdf_cell 1448 recovered to col=1 by nearest-column fallback (row=36, x=672.8, dist=130.9)
2026-09-07 00:58:47,344 MatchingPostProcessor WARNING  Orphan pdf_cell 1449 recovered to col=1 by nearest-column fallback (row=36, x=683.9, dist=119.8)
2026-09-07 00:58:47,344 MatchingPostProcessor WARNING  Orphan pdf_cell 1450 recovered to col=1 by nearest-column fallback (row=36, x=695.0, dist=108.7)
2026-09-07 00:58:47,344 MatchingPostProcessor WARNING  Orphan pdf_cell 1451 recovered to col=1 by nearest-column fallback (row=36, x=706.1, dist=97.6)
2026-09-07 00:58:47,344 MatchingPostProcessor WARNING  Orphan pdf_cell 1452 recovered to col=1 by nearest-column fallback (row=36, x=717.2, dist=86.5)
2026-09-07 00:58:47,344 MatchingPostProcessor WARNING  Orphan pdf_cell 1453 recovered to col=1 by nearest-column fallback (row=36, x=728.2, dist=75.4)
2026-09-07 00:58:47,344 MatchingPostProcessor WARNING  Orphan pdf_cell 1454 recovered to col=1 by nearest-column fallback (row=36, x=739.3, dist=64.3)
2026-09-07 00:58:47,344 MatchingPostProcessor WARNING  Orphan pdf_cell 1455 recovered to col=1 by nearest-column fallback (row=36, x=750.4, dist=53.2)
2026-09-07 00:58:47,344 MatchingPostProcessor WARNING  Orphan pdf_cell 1456 recovered to col=1 by nearest-column fallback (row=36, x=761.5, dist=42.2)
2026-09-07 00:58:47,344 MatchingPostProcessor WARNING  Orphan pdf_cell 1457 recovered to col=1 by nearest-column fallback (row=36, x=772.6, dist=31.1)
2026-09-07 00:58:47,344 MatchingPostProcessor WARNING  Orphan pdf_cell 1458 recovered to col=1 by nearest-column fallback (row=36, x=783.7, dist=20.0)
2026-09-07 00:58:47,345 MatchingPostProcessor WARNING  Orphan pdf_cell 1502 recovered to col=1 by nearest-column fallback (row=38, x=639.5, dist=164.1)
2026-09-07 00:58:47,345 MatchingPostProcessor WARNING  Orphan pdf_cell 1503 recovered to col=1 by nearest-column fallback (row=38, x=650.6, dist=153.0)
2026-09-07 00:58:47,345 MatchingPostProcessor WARNING  Orphan pdf_cell 1504 recovered to col=1 by nearest-column fallback (row=38, x=661.7, dist=141.9)
2026-09-07 00:58:47,345 MatchingPostProcessor WARNING  Orphan pdf_cell 1505 recovered to col=1 by nearest-column fallback (row=38, x=672.8, dist=130.9)
2026-09-07 00:58:47,345 MatchingPostProcessor WARNING  Orphan pdf_cell 1506 recovered to col=1 by nearest-column fallback (row=38, x=683.9, dist=119.8)
2026-09-07 00:58:47,345 MatchingPostProcessor WARNING  Orphan pdf_cell 1507 recovered to col=1 by nearest-column fallback (row=38, x=695.0, dist=108.7)
2026-09-07 00:58:47,345 MatchingPostProcessor WARNING  Orphan pdf_cell 1508 recovered to col=1 by nearest-column fallback (row=38, x=706.1, dist=97.6)
2026-09-07 00:58:47,345 MatchingPostProcessor WARNING  Orphan pdf_cell 1509 recovered to col=1 by nearest-column fallback (row=38, x=717.2, dist=86.5)
2026-09-07 00:58:47,345 MatchingPostProcessor WARNING  Orphan pdf_cell 1510 recovered to col=1 by nearest-column fallback (row=38, x=728.2, dist=75.4)
2026-09-07 00:58:47,345 MatchingPostProcessor WARNING  Orphan pdf_cell 1511 recovered to col=1 by nearest-column fallback (row=38, x=739.3, dist=64.3)
2026-09-07 00:58:47,345 MatchingPostProcessor WARNING  Orphan pdf_cell 1512 recovered to col=1 by nearest-column fallback (row=38, x=750.4, dist=53.2)
2026-09-07 00:58:47,345 MatchingPostProcessor WARNING  Orphan pdf_cell 1513 recovered to col=1 by nearest-column fallback (row=38, x=761.5, dist=42.2)
2026-09-07 00:58:47,345 MatchingPostProcessor WARNING  Orphan pdf_cell 1514 recovered to col=1 by nearest-column fallback (row=38, x=772.6, dist=31.1)
2026-09-07 00:58:47,345 MatchingPostProcessor WARNING  Orphan pdf_cell 1515 recovered to col=1 by nearest-column fallback (row=38, x=783.7, dist=20.0)
2026-09-07 00:58:47,346 MatchingPostProcessor WARNING  Orphan pdf_cell 1558 recovered to col=1 by nearest-column fallback (row=41, x=639.5, dist=164.1)
2026-09-07 00:58:47,346 MatchingPostProcessor WARNING  Orphan pdf_cell 1559 recovered to col=1 by nearest-column fallback (row=41, x=650.6, dist=153.0)
2026-09-07 00:58:47,346 MatchingPostProcessor WARNING  Orphan pdf_cell 1560 recovered to col=1 by nearest-column fallback (row=41, x=661.7, dist=141.9)
2026-09-07 00:58:47,346 MatchingPostProcessor WARNING  Orphan pdf_cell 1561 recovered to col=1 by nearest-column fallback (row=41, x=672.8, dist=130.9)
2026-09-07 00:58:47,346 MatchingPostProcessor WARNING  Orphan pdf_cell 1562 recovered to col=1 by nearest-column fallback (row=41, x=683.9, dist=119.8)
2026-09-07 00:58:47,346 MatchingPostProcessor WARNING  Orphan pdf_cell 1563 recovered to col=1 by nearest-column fallback (row=41, x=695.0, dist=108.7)
2026-09-07 00:58:47,346 MatchingPostProcessor WARNING  Orphan pdf_cell 1564 recovered to col=1 by nearest-column fallback (row=41, x=706.1, dist=97.6)
2026-09-07 00:58:47,346 MatchingPostProcessor WARNING  Orphan pdf_cell 1565 recovered to col=1 by nearest-column fallback (row=41, x=717.2, dist=86.5)
2026-09-07 00:58:47,346 MatchingPostProcessor WARNING  Orphan pdf_cell 1566 recovered to col=1 by nearest-column fallback (row=41, x=728.2, dist=75.4)
2026-09-07 00:58:47,346 MatchingPostProcessor WARNING  Orphan pdf_cell 1567 recovered to col=1 by nearest-column fallback (row=41, x=739.3, dist=64.3)
2026-09-07 00:58:47,346 MatchingPostProcessor WARNING  Orphan pdf_cell 1568 recovered to col=1 by nearest-column fallback (row=41, x=750.4, dist=53.2)
2026-09-07 00:58:47,346 MatchingPostProcessor WARNING  Orphan pdf_cell 1569 recovered to col=1 by nearest-column fallback (row=41, x=761.5, dist=42.2)
2026-09-07 00:58:47,346 MatchingPostProcessor WARNING  Orphan pdf_cell 1570 recovered to col=1 by nearest-column fallback (row=41, x=772.6, dist=31.1)
2026-09-07 00:58:47,346 MatchingPostProcessor WARNING  Orphan pdf_cell 1571 recovered to col=1 by nearest-column fallback (row=41, x=783.7, dist=20.0)
2026-09-07 00:58:47,346 MatchingPostProcessor WARNING  Orphan pdf_cell 1640 recovered to col=1 by nearest-column fallback (row=42, x=639.5, dist=164.1)
2026-09-07 00:58:47,346 MatchingPostProcessor WARNING  Orphan pdf_cell 1641 recovered to col=1 by nearest-column fallback (row=42, x=650.6, dist=153.0)
2026-09-07 00:58:47,346 MatchingPostProcessor WARNING  Orphan pdf_cell 1642 recovered to col=1 by nearest-column fallback (row=42, x=661.7, dist=141.9)
2026-09-07 00:58:47,346 MatchingPostProcessor WARNING  Orphan pdf_cell 1643 recovered to col=1 by nearest-column fallback (row=42, x=672.8, dist=130.9)
2026-09-07 00:58:47,346 MatchingPostProcessor WARNING  Orphan pdf_cell 1644 recovered to col=1 by nearest-column fallback (row=42, x=683.9, dist=119.8)
2026-09-07 00:58:47,346 MatchingPostProcessor WARNING  Orphan pdf_cell 1645 recovered to col=1 by nearest-column fallback (row=42, x=695.0, dist=108.7)
2026-09-07 00:58:47,347 MatchingPostProcessor WARNING  Orphan pdf_cell 1646 recovered to col=1 by nearest-column fallback (row=42, x=706.1, dist=97.6)
2026-09-07 00:58:47,347 MatchingPostProcessor WARNING  Orphan pdf_cell 1647 recovered to col=1 by nearest-column fallback (row=42, x=717.2, dist=86.5)
2026-09-07 00:58:47,347 MatchingPostProcessor WARNING  Orphan pdf_cell 1648 recovered to col=1 by nearest-column fallback (row=42, x=728.2, dist=75.4)
2026-09-07 00:58:47,347 MatchingPostProcessor WARNING  Orphan pdf_cell 1649 recovered to col=1 by nearest-column fallback (row=42, x=739.3, dist=64.3)
2026-09-07 00:58:47,347 MatchingPostProcessor WARNING  Orphan pdf_cell 1650 recovered to col=1 by nearest-column fallback (row=42, x=750.4, dist=53.2)
2026-09-07 00:58:47,347 MatchingPostProcessor WARNING  Orphan pdf_cell 1651 recovered to col=1 by nearest-column fallback (row=42, x=761.5, dist=42.2)
2026-09-07 00:58:47,347 MatchingPostProcessor WARNING  Orphan pdf_cell 1652 recovered to col=1 by nearest-column fallback (row=42, x=772.6, dist=31.1)
2026-09-07 00:58:47,347 MatchingPostProcessor WARNING  Orphan pdf_cell 1653 recovered to col=1 by nearest-column fallback (row=42, x=783.7, dist=20.0)
2026-09-07 00:58:47,347 MatchingPostProcessor WARNING  Orphan pdf_cell 1686 recovered to col=1 by nearest-column fallback (row=43, x=639.5, dist=164.1)
2026-09-07 00:58:47,347 MatchingPostProcessor WARNING  Orphan pdf_cell 1687 recovered to col=1 by nearest-column fallback (row=43, x=650.6, dist=153.0)
2026-09-07 00:58:47,347 MatchingPostProcessor WARNING  Orphan pdf_cell 1688 recovered to col=1 by nearest-column fallback (row=43, x=661.7, dist=141.9)
2026-09-07 00:58:47,347 MatchingPostProcessor WARNING  Orphan pdf_cell 1689 recovered to col=1 by nearest-column fallback (row=43, x=672.8, dist=130.9)
2026-09-07 00:58:47,347 MatchingPostProcessor WARNING  Orphan pdf_cell 1690 recovered to col=1 by nearest-column fallback (row=43, x=683.9, dist=119.8)
2026-09-07 00:58:47,347 MatchingPostProcessor WARNING  Orphan pdf_cell 1691 recovered to col=1 by nearest-column fallback (row=43, x=695.0, dist=108.7)
2026-09-07 00:58:47,347 MatchingPostProcessor WARNING  Orphan pdf_cell 1692 recovered to col=1 by nearest-column fallback (row=43, x=706.1, dist=97.6)
2026-09-07 00:58:47,347 MatchingPostProcessor WARNING  Orphan pdf_cell 1693 recovered to col=1 by nearest-column fallback (row=43, x=717.2, dist=86.5)
2026-09-07 00:58:47,347 MatchingPostProcessor WARNING  Orphan pdf_cell 1694 recovered to col=1 by nearest-column fallback (row=43, x=728.2, dist=75.4)
2026-09-07 00:58:47,347 MatchingPostProcessor WARNING  Orphan pdf_cell 1695 recovered to col=1 by nearest-column fallback (row=43, x=739.3, dist=64.3)
2026-09-07 00:58:47,347 MatchingPostProcessor WARNING  Orphan pdf_cell 1696 recovered to col=1 by nearest-column fallback (row=43, x=750.4, dist=53.2)
2026-09-07 00:58:47,347 MatchingPostProcessor WARNING  Orphan pdf_cell 1697 recovered to col=1 by nearest-column fallback (row=43, x=761.5, dist=42.2)
2026-09-07 00:58:47,348 MatchingPostProcessor WARNING  Orphan pdf_cell 1698 recovered to col=1 by nearest-column fallback (row=43, x=772.6, dist=31.1)
2026-09-07 00:58:47,348 MatchingPostProcessor WARNING  Orphan pdf_cell 1699 recovered to col=1 by nearest-column fallback (row=43, x=783.7, dist=20.0)
2026-09-07 00:58:47,348 MatchingPostProcessor WARNING  Orphan pdf_cell 1726 recovered to col=1 by nearest-column fallback (row=44, x=639.5, dist=164.1)
2026-09-07 00:58:47,348 MatchingPostProcessor WARNING  Orphan pdf_cell 1727 recovered to col=1 by nearest-column fallback (row=44, x=650.6, dist=153.0)
2026-09-07 00:58:47,348 MatchingPostProcessor WARNING  Orphan pdf_cell 1728 recovered to col=1 by nearest-column fallback (row=44, x=661.7, dist=141.9)
2026-09-07 00:58:47,348 MatchingPostProcessor WARNING  Orphan pdf_cell 1729 recovered to col=1 by nearest-column fallback (row=44, x=672.8, dist=130.9)
2026-09-07 00:58:47,348 MatchingPostProcessor WARNING  Orphan pdf_cell 1730 recovered to col=1 by nearest-column fallback (row=44, x=683.9, dist=119.8)
2026-09-07 00:58:47,348 MatchingPostProcessor WARNING  Orphan pdf_cell 1731 recovered to col=1 by nearest-column fallback (row=44, x=695.0, dist=108.7)
2026-09-07 00:58:47,348 MatchingPostProcessor WARNING  Orphan pdf_cell 1732 recovered to col=1 by nearest-column fallback (row=44, x=706.1, dist=97.6)
2026-09-07 00:58:47,348 MatchingPostProcessor WARNING  Orphan pdf_cell 1733 recovered to col=1 by nearest-column fallback (row=44, x=717.2, dist=86.5)
2026-09-07 00:58:47,348 MatchingPostProcessor WARNING  Orphan pdf_cell 1734 recovered to col=1 by nearest-column fallback (row=44, x=728.2, dist=75.4)
2026-09-07 00:58:47,348 MatchingPostProcessor WARNING  Orphan pdf_cell 1735 recovered to col=1 by nearest-column fallback (row=44, x=739.3, dist=64.3)
2026-09-07 00:58:47,348 MatchingPostProcessor WARNING  Orphan pdf_cell 1736 recovered to col=1 by nearest-column fallback (row=44, x=750.4, dist=53.2)
2026-09-07 00:58:47,348 MatchingPostProcessor WARNING  Orphan pdf_cell 1737 recovered to col=1 by nearest-column fallback (row=44, x=761.5, dist=42.2)
2026-09-07 00:58:47,348 MatchingPostProcessor WARNING  Orphan pdf_cell 1738 recovered to col=1 by nearest-column fallback (row=44, x=772.6, dist=31.1)
2026-09-07 00:58:47,348 MatchingPostProcessor WARNING  Orphan pdf_cell 1739 recovered to col=1 by nearest-column fallback (row=44, x=783.7, dist=20.0)
2026-09-07 00:58:47,348 MatchingPostProcessor WARNING  Orphan pdf_cell 1573 recovered to row=42 by nearest-row fallback (col=0, y=1111.6, dist=19.3)
2026-09-07 00:58:47,348 MatchingPostProcessor WARNING  Orphan pdf_cell 1574 recovered to row=42 by nearest-row fallback (col=0, y=1111.6, dist=19.3)
2026-09-07 00:58:47,348 MatchingPostProcessor WARNING  Orphan pdf_cell 1575 recovered to row=42 by nearest-row fallback (col=0, y=1111.6, dist=19.3)
2026-09-07 00:58:47,349 MatchingPostProcessor WARNING  Orphan pdf_cell 1576 recovered to row=42 by nearest-row fallback (col=0, y=1111.6, dist=19.3)
2026-09-07 00:58:47,349 MatchingPostProcessor WARNING  Orphan pdf_cell 1577 recovered to row=42 by nearest-row fallback (col=0, y=1111.6, dist=19.3)
2026-09-07 00:58:47,349 MatchingPostProcessor WARNING  Orphan pdf_cell 1578 recovered to row=42 by nearest-row fallback (col=0, y=1111.6, dist=19.3)
2026-09-07 00:58:47,349 MatchingPostProcessor WARNING  Orphan pdf_cell 1579 recovered to row=42 by nearest-row fallback (col=0, y=1111.6, dist=19.3)
2026-09-07 00:58:47,349 MatchingPostProcessor WARNING  Orphan pdf_cell 1580 recovered to row=42 by nearest-row fallback (col=0, y=1111.6, dist=19.3)
2026-09-07 00:58:47,349 MatchingPostProcessor WARNING  Orphan pdf_cell 1581 recovered to row=42 by nearest-row fallback (col=0, y=1111.6, dist=19.3)
2026-09-07 00:58:47,349 MatchingPostProcessor WARNING  Orphan pdf_cell 1582 recovered to row=42 by nearest-row fallback (col=0, y=1111.6, dist=19.3)
2026-09-07 00:58:47,349 MatchingPostProcessor WARNING  Orphan pdf_cell 1583 recovered to row=42 by nearest-row fallback (col=0, y=1111.6, dist=19.3)
2026-09-07 00:58:47,349 MatchingPostProcessor WARNING  Orphan pdf_cell 1584 recovered to row=42 by nearest-row fallback (col=0, y=1111.6, dist=19.3)
2026-09-07 00:58:47,349 MatchingPostProcessor WARNING  Orphan pdf_cell 1585 recovered to row=42 by nearest-row fallback (col=0, y=1111.6, dist=19.3)
2026-09-07 00:58:47,349 MatchingPostProcessor WARNING  Orphan pdf_cell 1586 recovered to row=42 by nearest-row fallback (col=0, y=1111.6, dist=19.3)
2026-09-07 00:58:47,349 MatchingPostProcessor WARNING  Orphan pdf_cell 1587 recovered to row=42 by nearest-row fallback (col=0, y=1111.6, dist=19.3)
2026-09-07 00:58:47,349 MatchingPostProcessor WARNING  Orphan pdf_cell 1588 recovered to row=42 by nearest-row fallback (col=0, y=1111.6, dist=19.3)
2026-09-07 00:58:47,349 MatchingPostProcessor WARNING  Orphan pdf_cell 1589 recovered to row=42 by nearest-row fallback (col=0, y=1111.6, dist=19.3)
2026-09-07 00:58:47,349 MatchingPostProcessor WARNING  Orphan pdf_cell 1590 recovered to row=42 by nearest-row fallback (col=0, y=1111.6, dist=19.3)
2026-09-07 00:58:47,349 MatchingPostProcessor WARNING  Orphan pdf_cell 1591 recovered to row=42 by nearest-row fallback (col=0, y=1111.6, dist=19.3)
2026-09-07 00:58:47,349 MatchingPostProcessor WARNING  Orphan pdf_cell 1592 recovered to row=42 by nearest-row fallback (col=0, y=1111.6, dist=19.3)
2026-09-07 00:58:47,349 MatchingPostProcessor WARNING  Orphan pdf_cell 1593 recovered to row=42 by nearest-row fallback (col=0, y=1111.6, dist=19.3)
2026-09-07 00:58:47,349 MatchingPostProcessor WARNING  Orphan pdf_cell 1594 recovered to row=42 by nearest-row fallback (col=0, y=1111.6, dist=19.3)
2026-09-07 00:58:47,349 MatchingPostProcessor WARNING  Orphan pdf_cell 1595 recovered to row=42 by nearest-row fallback (col=0, y=1111.6, dist=19.3)
2026-09-07 00:58:47,349 MatchingPostProcessor WARNING  Orphan pdf_cell 1596 recovered to row=42 by nearest-row fallback (col=0, y=1111.6, dist=19.3)
2026-09-07 00:58:47,349 MatchingPostProcessor WARNING  Orphan pdf_cell 1597 recovered to row=42 by nearest-row fallback (col=0, y=1111.6, dist=19.3)
2026-09-07 00:58:47,349 MatchingPostProcessor WARNING  Orphan pdf_cell 1598 recovered to row=42 by nearest-row fallback (col=0, y=1111.6, dist=19.3)
2026-09-07 00:58:47,349 MatchingPostProcessor WARNING  Orphan pdf_cell 1599 recovered to row=42 by nearest-row fallback (col=0, y=1111.6, dist=19.3)
2026-09-07 00:58:47,349 MatchingPostProcessor WARNING  Orphan pdf_cell 1600 recovered to row=42 by nearest-row fallback (col=0, y=1111.6, dist=19.3)
2026-09-07 00:58:47,349 MatchingPostProcessor WARNING  Orphan pdf_cell 1601 recovered to row=42 by nearest-row fallback (col=0, y=1111.6, dist=19.3)
2026-09-07 00:58:47,349 MatchingPostProcessor WARNING  Orphan pdf_cell 1616 recovered to row=42 by nearest-row fallback (col=1, y=1111.6, dist=19.3)
2026-09-07 00:58:47,349 MatchingPostProcessor WARNING  14 of 1737 pdf cells matched neither a row nor a column band of the 45x2 grid and were dropped from the table
2026-09-07 00:58:48,511 MatchingPostProcessor WARNING  Orphan pdf_cell 41 recovered to col=1 by nearest-column fallback (row=0, x=617.4, dist=184.4)
2026-09-07 00:58:48,511 MatchingPostProcessor WARNING  Orphan pdf_cell 42 recovered to col=1 by nearest-column fallback (row=0, x=628.4, dist=173.3)
2026-09-07 00:58:48,511 MatchingPostProcessor WARNING  Orphan pdf_cell 43 recovered to col=1 by nearest-column fallback (row=0, x=639.5, dist=162.2)
2026-09-07 00:58:48,511 MatchingPostProcessor WARNING  Orphan pdf_cell 44 recovered to col=1 by nearest-column fallback (row=0, x=650.6, dist=151.1)
2026-09-07 00:58:48,511 MatchingPostProcessor WARNING  Orphan pdf_cell 45 recovered to col=1 by nearest-column fallback (row=0, x=661.7, dist=140.1)
2026-09-07 00:58:48,511 MatchingPostProcessor WARNING  Orphan pdf_cell 46 recovered to col=1 by nearest-column fallback (row=0, x=672.8, dist=129.0)
2026-09-07 00:58:48,511 MatchingPostProcessor WARNING  Orphan pdf_cell 47 recovered to col=1 by nearest-column fallback (row=0, x=683.9, dist=117.9)
2026-09-07 00:58:48,511 MatchingPostProcessor WARNING  Orphan pdf_cell 48 recovered to col=1 by nearest-column fallback (row=0, x=695.0, dist=106.8)
2026-09-07 00:58:48,511 MatchingPostProcessor WARNING  Orphan pdf_cell 49 recovered to col=1 by nearest-column fallback (row=0, x=706.1, dist=95.7)
2026-09-07 00:58:48,511 MatchingPostProcessor WARNING  Orphan pdf_cell 50 recovered to col=1 by nearest-column fallback (row=0, x=717.2, dist=84.6)
2026-09-07 00:58:48,511 MatchingPostProcessor WARNING  Orphan pdf_cell 51 recovered to col=1 by nearest-column fallback (row=0, x=728.2, dist=73.5)
2026-09-07 00:58:48,511 MatchingPostProcessor WARNING  Orphan pdf_cell 52 recovered to col=1 by nearest-column fallback (row=0, x=739.3, dist=62.4)
2026-09-07 00:58:48,511 MatchingPostProcessor WARNING  Orphan pdf_cell 53 recovered to col=1 by nearest-column fallback (row=0, x=750.4, dist=51.4)
2026-09-07 00:58:48,511 MatchingPostProcessor WARNING  Orphan pdf_cell 54 recovered to col=1 by nearest-column fallback (row=0, x=761.5, dist=40.3)
2026-09-07 00:58:48,511 MatchingPostProcessor WARNING  Orphan pdf_cell 55 recovered to col=1 by nearest-column fallback (row=0, x=772.6, dist=29.2)
2026-09-07 00:58:48,511 MatchingPostProcessor WARNING  Orphan pdf_cell 84 recovered to col=1 by nearest-column fallback (row=1, x=617.4, dist=184.4)
2026-09-07 00:58:48,511 MatchingPostProcessor WARNING  Orphan pdf_cell 85 recovered to col=1 by nearest-column fallback (row=1, x=628.4, dist=173.3)
2026-09-07 00:58:48,511 MatchingPostProcessor WARNING  Orphan pdf_cell 86 recovered to col=1 by nearest-column fallback (row=1, x=639.5, dist=162.2)
2026-09-07 00:58:48,512 MatchingPostProcessor WARNING  Orphan pdf_cell 87 recovered to col=1 by nearest-column fallback (row=1, x=650.6, dist=151.1)
2026-09-07 00:58:48,512 MatchingPostProcessor WARNING  Orphan pdf_cell 88 recovered to col=1 by nearest-column fallback (row=1, x=661.7, dist=140.1)
2026-09-07 00:58:48,512 MatchingPostProcessor WARNING  Orphan pdf_cell 89 recovered to col=1 by nearest-column fallback (row=1, x=672.8, dist=129.0)
2026-09-07 00:58:48,512 MatchingPostProcessor WARNING  Orphan pdf_cell 90 recovered to col=1 by nearest-column fallback (row=1, x=683.9, dist=117.9)
2026-09-07 00:58:48,512 MatchingPostProcessor WARNING  Orphan pdf_cell 91 recovered to col=1 by nearest-column fallback (row=1, x=695.0, dist=106.8)
2026-09-07 00:58:48,512 MatchingPostProcessor WARNING  Orphan pdf_cell 92 recovered to col=1 by nearest-column fallback (row=1, x=706.1, dist=95.7)
2026-09-07 00:58:48,512 MatchingPostProcessor WARNING  Orphan pdf_cell 93 recovered to col=1 by nearest-column fallback (row=1, x=717.2, dist=84.6)
2026-09-07 00:58:48,512 MatchingPostProcessor WARNING  Orphan pdf_cell 94 recovered to col=1 by nearest-column fallback (row=1, x=728.2, dist=73.5)
2026-09-07 00:58:48,512 MatchingPostProcessor WARNING  Orphan pdf_cell 95 recovered to col=1 by nearest-column fallback (row=1, x=739.3, dist=62.4)
2026-09-07 00:58:48,512 MatchingPostProcessor WARNING  Orphan pdf_cell 96 recovered to col=1 by nearest-column fallback (row=1, x=750.4, dist=51.4)
2026-09-07 00:58:48,512 MatchingPostProcessor WARNING  Orphan pdf_cell 97 recovered to col=1 by nearest-column fallback (row=1, x=761.5, dist=40.3)
2026-09-07 00:58:48,512 MatchingPostProcessor WARNING  Orphan pdf_cell 98 recovered to col=1 by nearest-column fallback (row=1, x=772.6, dist=29.2)
2026-09-07 00:58:48,512 MatchingPostProcessor WARNING  Orphan pdf_cell 124 recovered to col=1 by nearest-column fallback (row=2, x=617.4, dist=184.4)
2026-09-07 00:58:48,512 MatchingPostProcessor WARNING  Orphan pdf_cell 125 recovered to col=1 by nearest-column fallback (row=2, x=628.4, dist=173.3)
2026-09-07 00:58:48,512 MatchingPostProcessor WARNING  Orphan pdf_cell 126 recovered to col=1 by nearest-column fallback (row=2, x=639.5, dist=162.2)
2026-09-07 00:58:48,512 MatchingPostProcessor WARNING  Orphan pdf_cell 127 recovered to col=1 by nearest-column fallback (row=2, x=650.6, dist=151.1)
2026-09-07 00:58:48,512 MatchingPostProcessor WARNING  Orphan pdf_cell 128 recovered to col=1 by nearest-column fallback (row=2, x=661.7, dist=140.1)
2026-09-07 00:58:48,512 MatchingPostProcessor WARNING  Orphan pdf_cell 129 recovered to col=1 by nearest-column fallback (row=2, x=672.8, dist=129.0)
2026-09-07 00:58:48,512 MatchingPostProcessor WARNING  Orphan pdf_cell 130 recovered to col=1 by nearest-column fallback (row=2, x=683.9, dist=117.9)
2026-09-07 00:58:48,512 MatchingPostProcessor WARNING  Orphan pdf_cell 131 recovered to col=1 by nearest-column fallback (row=2, x=695.0, dist=106.8)
2026-09-07 00:58:48,512 MatchingPostProcessor WARNING  Orphan pdf_cell 132 recovered to col=1 by nearest-column fallback (row=2, x=706.1, dist=95.7)
2026-09-07 00:58:48,512 MatchingPostProcessor WARNING  Orphan pdf_cell 133 recovered to col=1 by nearest-column fallback (row=2, x=717.2, dist=84.6)
2026-09-07 00:58:48,512 MatchingPostProcessor WARNING  Orphan pdf_cell 134 recovered to col=1 by nearest-column fallback (row=2, x=728.2, dist=73.5)
2026-09-07 00:58:48,512 MatchingPostProcessor WARNING  Orphan pdf_cell 135 recovered to col=1 by nearest-column fallback (row=2, x=739.3, dist=62.4)
2026-09-07 00:58:48,512 MatchingPostProcessor WARNING  Orphan pdf_cell 136 recovered to col=1 by nearest-column fallback (row=2, x=750.4, dist=51.4)
2026-09-07 00:58:48,512 MatchingPostProcessor WARNING  Orphan pdf_cell 137 recovered to col=1 by nearest-column fallback (row=2, x=761.5, dist=40.3)
2026-09-07 00:58:48,512 MatchingPostProcessor WARNING  Orphan pdf_cell 138 recovered to col=1 by nearest-column fallback (row=2, x=772.6, dist=29.2)
2026-09-07 00:58:48,513 MatchingPostProcessor WARNING  Orphan pdf_cell 166 recovered to col=1 by nearest-column fallback (row=3, x=617.4, dist=184.4)
2026-09-07 00:58:48,513 MatchingPostProcessor WARNING  Orphan pdf_cell 167 recovered to col=1 by nearest-column fallback (row=3, x=628.4, dist=173.3)
2026-09-07 00:58:48,513 MatchingPostProcessor WARNING  Orphan pdf_cell 168 recovered to col=1 by nearest-column fallback (row=3, x=639.5, dist=162.2)
2026-09-07 00:58:48,513 MatchingPostProcessor WARNING  Orphan pdf_cell 169 recovered to col=1 by nearest-column fallback (row=3, x=650.6, dist=151.1)
2026-09-07 00:58:48,513 MatchingPostProcessor WARNING  Orphan pdf_cell 170 recovered to col=1 by nearest-column fallback (row=3, x=661.7, dist=140.1)
2026-09-07 00:58:48,513 MatchingPostProcessor WARNING  Orphan pdf_cell 171 recovered to col=1 by nearest-column fallback (row=3, x=672.8, dist=129.0)
2026-09-07 00:58:48,513 MatchingPostProcessor WARNING  Orphan pdf_cell 172 recovered to col=1 by nearest-column fallback (row=3, x=683.9, dist=117.9)
2026-09-07 00:58:48,513 MatchingPostProcessor WARNING  Orphan pdf_cell 173 recovered to col=1 by nearest-column fallback (row=3, x=695.0, dist=106.8)
2026-09-07 00:58:48,513 MatchingPostProcessor WARNING  Orphan pdf_cell 174 recovered to col=1 by nearest-column fallback (row=3, x=706.1, dist=95.7)
2026-09-07 00:58:48,513 MatchingPostProcessor WARNING  Orphan pdf_cell 175 recovered to col=1 by nearest-column fallback (row=3, x=717.2, dist=84.6)
2026-09-07 00:58:48,513 MatchingPostProcessor WARNING  Orphan pdf_cell 176 recovered to col=1 by nearest-column fallback (row=3, x=728.2, dist=73.5)
2026-09-07 00:58:48,513 MatchingPostProcessor WARNING  Orphan pdf_cell 177 recovered to col=1 by nearest-column fallback (row=3, x=739.3, dist=62.4)
2026-09-07 00:58:48,513 MatchingPostProcessor WARNING  Orphan pdf_cell 178 recovered to col=1 by nearest-column fallback (row=3, x=750.4, dist=51.4)
2026-09-07 00:58:48,513 MatchingPostProcessor WARNING  Orphan pdf_cell 179 recovered to col=1 by nearest-column fallback (row=3, x=761.5, dist=40.3)
2026-09-07 00:58:48,513 MatchingPostProcessor WARNING  Orphan pdf_cell 180 recovered to col=1 by nearest-column fallback (row=3, x=772.6, dist=29.2)
2026-09-07 00:58:48,513 MatchingPostProcessor WARNING  Orphan pdf_cell 209 recovered to col=1 by nearest-column fallback (row=4, x=617.4, dist=184.4)
2026-09-07 00:58:48,513 MatchingPostProcessor WARNING  Orphan pdf_cell 210 recovered to col=1 by nearest-column fallback (row=4, x=628.4, dist=173.3)
2026-09-07 00:58:48,513 MatchingPostProcessor WARNING  Orphan pdf_cell 211 recovered to col=1 by nearest-column fallback (row=4, x=639.5, dist=162.2)
2026-09-07 00:58:48,513 MatchingPostProcessor WARNING  Orphan pdf_cell 212 recovered to col=1 by nearest-column fallback (row=4, x=650.6, dist=151.1)
2026-09-07 00:58:48,513 MatchingPostProcessor WARNING  Orphan pdf_cell 213 recovered to col=1 by nearest-column fallback (row=4, x=661.7, dist=140.1)
2026-09-07 00:58:48,513 MatchingPostProcessor WARNING  Orphan pdf_cell 214 recovered to col=1 by nearest-column fallback (row=4, x=672.8, dist=129.0)
2026-09-07 00:58:48,513 MatchingPostProcessor WARNING  Orphan pdf_cell 215 recovered to col=1 by nearest-column fallback (row=4, x=683.9, dist=117.9)
2026-09-07 00:58:48,514 MatchingPostProcessor WARNING  Orphan pdf_cell 216 recovered to col=1 by nearest-column fallback (row=4, x=695.0, dist=106.8)
2026-09-07 00:58:48,514 MatchingPostProcessor WARNING  Orphan pdf_cell 217 recovered to col=1 by nearest-column fallback (row=4, x=706.1, dist=95.7)
2026-09-07 00:58:48,514 MatchingPostProcessor WARNING  Orphan pdf_cell 218 recovered to col=1 by nearest-column fallback (row=4, x=717.2, dist=84.6)
2026-09-07 00:58:48,514 MatchingPostProcessor WARNING  Orphan pdf_cell 219 recovered to col=1 by nearest-column fallback (row=4, x=728.2, dist=73.5)
2026-09-07 00:58:48,514 MatchingPostProcessor WARNING  Orphan pdf_cell 220 recovered to col=1 by nearest-column fallback (row=4, x=739.3, dist=62.4)
2026-09-07 00:58:48,514 MatchingPostProcessor WARNING  Orphan pdf_cell 221 recovered to col=1 by nearest-column fallback (row=4, x=750.4, dist=51.4)
2026-09-07 00:58:48,514 MatchingPostProcessor WARNING  Orphan pdf_cell 222 recovered to col=1 by nearest-column fallback (row=4, x=761.5, dist=40.3)
2026-09-07 00:58:48,514 MatchingPostProcessor WARNING  Orphan pdf_cell 223 recovered to col=1 by nearest-column fallback (row=4, x=772.6, dist=29.2)
2026-09-07 00:58:48,514 MatchingPostProcessor WARNING  Orphan pdf_cell 255 recovered to col=1 by nearest-column fallback (row=5, x=617.4, dist=184.4)
2026-09-07 00:58:48,514 MatchingPostProcessor WARNING  Orphan pdf_cell 256 recovered to col=1 by nearest-column fallback (row=5, x=628.4, dist=173.3)
2026-09-07 00:58:48,514 MatchingPostProcessor WARNING  Orphan pdf_cell 257 recovered to col=1 by nearest-column fallback (row=5, x=639.5, dist=162.2)
2026-09-07 00:58:48,514 MatchingPostProcessor WARNING  Orphan pdf_cell 258 recovered to col=1 by nearest-column fallback (row=5, x=650.6, dist=151.1)
2026-09-07 00:58:48,514 MatchingPostProcessor WARNING  Orphan pdf_cell 259 recovered to col=1 by nearest-column fallback (row=5, x=661.7, dist=140.1)
2026-09-07 00:58:48,514 MatchingPostProcessor WARNING  Orphan pdf_cell 260 recovered to col=1 by nearest-column fallback (row=5, x=672.8, dist=129.0)
2026-09-07 00:58:48,514 MatchingPostProcessor WARNING  Orphan pdf_cell 261 recovered to col=1 by nearest-column fallback (row=5, x=683.9, dist=117.9)
2026-09-07 00:58:48,514 MatchingPostProcessor WARNING  Orphan pdf_cell 262 recovered to col=1 by nearest-column fallback (row=5, x=695.0, dist=106.8)
2026-09-07 00:58:48,514 MatchingPostProcessor WARNING  Orphan pdf_cell 263 recovered to col=1 by nearest-column fallback (row=5, x=706.1, dist=95.7)
2026-09-07 00:58:48,514 MatchingPostProcessor WARNING  Orphan pdf_cell 264 recovered to col=1 by nearest-column fallback (row=5, x=717.2, dist=84.6)
2026-09-07 00:58:48,514 MatchingPostProcessor WARNING  Orphan pdf_cell 265 recovered to col=1 by nearest-column fallback (row=5, x=728.2, dist=73.5)
2026-09-07 00:58:48,514 MatchingPostProcessor WARNING  Orphan pdf_cell 266 recovered to col=1 by nearest-column fallback (row=5, x=739.3, dist=62.4)
2026-09-07 00:58:48,514 MatchingPostProcessor WARNING  Orphan pdf_cell 267 recovered to col=1 by nearest-column fallback (row=5, x=750.4, dist=51.4)
2026-09-07 00:58:48,514 MatchingPostProcessor WARNING  Orphan pdf_cell 268 recovered to col=1 by nearest-column fallback (row=5, x=761.5, dist=40.3)
2026-09-07 00:58:48,514 MatchingPostProcessor WARNING  Orphan pdf_cell 269 recovered to col=1 by nearest-column fallback (row=5, x=772.6, dist=29.2)
2026-09-07 00:58:48,515 MatchingPostProcessor WARNING  Orphan pdf_cell 293 recovered to col=1 by nearest-column fallback (row=6, x=617.4, dist=184.4)
2026-09-07 00:58:48,515 MatchingPostProcessor WARNING  Orphan pdf_cell 294 recovered to col=1 by nearest-column fallback (row=6, x=628.4, dist=173.3)
2026-09-07 00:58:48,515 MatchingPostProcessor WARNING  Orphan pdf_cell 295 recovered to col=1 by nearest-column fallback (row=6, x=639.5, dist=162.2)
2026-09-07 00:58:48,515 MatchingPostProcessor WARNING  Orphan pdf_cell 296 recovered to col=1 by nearest-column fallback (row=6, x=650.6, dist=151.1)
2026-09-07 00:58:48,515 MatchingPostProcessor WARNING  Orphan pdf_cell 297 recovered to col=1 by nearest-column fallback (row=6, x=661.7, dist=140.1)
2026-09-07 00:58:48,515 MatchingPostProcessor WARNING  Orphan pdf_cell 298 recovered to col=1 by nearest-column fallback (row=6, x=672.8, dist=129.0)
2026-09-07 00:58:48,515 MatchingPostProcessor WARNING  Orphan pdf_cell 299 recovered to col=1 by nearest-column fallback (row=6, x=683.9, dist=117.9)
2026-09-07 00:58:48,515 MatchingPostProcessor WARNING  Orphan pdf_cell 300 recovered to col=1 by nearest-column fallback (row=6, x=695.0, dist=106.8)
2026-09-07 00:58:48,515 MatchingPostProcessor WARNING  Orphan pdf_cell 301 recovered to col=1 by nearest-column fallback (row=6, x=706.1, dist=95.7)
2026-09-07 00:58:48,515 MatchingPostProcessor WARNING  Orphan pdf_cell 302 recovered to col=1 by nearest-column fallback (row=6, x=717.2, dist=84.6)
2026-09-07 00:58:48,515 MatchingPostProcessor WARNING  Orphan pdf_cell 303 recovered to col=1 by nearest-column fallback (row=6, x=728.2, dist=73.5)
2026-09-07 00:58:48,515 MatchingPostProcessor WARNING  Orphan pdf_cell 304 recovered to col=1 by nearest-column fallback (row=6, x=739.3, dist=62.4)
2026-09-07 00:58:48,515 MatchingPostProcessor WARNING  Orphan pdf_cell 305 recovered to col=1 by nearest-column fallback (row=6, x=750.4, dist=51.4)
2026-09-07 00:58:48,515 MatchingPostProcessor WARNING  Orphan pdf_cell 306 recovered to col=1 by nearest-column fallback (row=6, x=761.5, dist=40.3)
2026-09-07 00:58:48,515 MatchingPostProcessor WARNING  Orphan pdf_cell 307 recovered to col=1 by nearest-column fallback (row=6, x=772.6, dist=29.2)
2026-09-07 00:58:48,515 MatchingPostProcessor WARNING  Orphan pdf_cell 324 recovered to col=1 by nearest-column fallback (row=7, x=617.4, dist=184.4)
2026-09-07 00:58:48,515 MatchingPostProcessor WARNING  Orphan pdf_cell 325 recovered to col=1 by nearest-column fallback (row=7, x=628.4, dist=173.3)
2026-09-07 00:58:48,515 MatchingPostProcessor WARNING  Orphan pdf_cell 326 recovered to col=1 by nearest-column fallback (row=7, x=639.5, dist=162.2)
2026-09-07 00:58:48,515 MatchingPostProcessor WARNING  Orphan pdf_cell 327 recovered to col=1 by nearest-column fallback (row=7, x=650.6, dist=151.1)
2026-09-07 00:58:48,515 MatchingPostProcessor WARNING  Orphan pdf_cell 328 recovered to col=1 by nearest-column fallback (row=7, x=661.7, dist=140.1)
2026-09-07 00:58:48,515 MatchingPostProcessor WARNING  Orphan pdf_cell 329 recovered to col=1 by nearest-column fallback (row=7, x=672.8, dist=129.0)
2026-09-07 00:58:48,515 MatchingPostProcessor WARNING  Orphan pdf_cell 330 recovered to col=1 by nearest-column fallback (row=7, x=683.9, dist=117.9)
2026-09-07 00:58:48,515 MatchingPostProcessor WARNING  Orphan pdf_cell 331 recovered to col=1 by nearest-column fallback (row=7, x=695.0, dist=106.8)
2026-09-07 00:58:48,515 MatchingPostProcessor WARNING  Orphan pdf_cell 332 recovered to col=1 by nearest-column fallback (row=7, x=706.1, dist=95.7)
2026-09-07 00:58:48,515 MatchingPostProcessor WARNING  Orphan pdf_cell 333 recovered to col=1 by nearest-column fallback (row=7, x=717.2, dist=84.6)
2026-09-07 00:58:48,515 MatchingPostProcessor WARNING  Orphan pdf_cell 334 recovered to col=1 by nearest-column fallback (row=7, x=728.2, dist=73.5)
2026-09-07 00:58:48,515 MatchingPostProcessor WARNING  Orphan pdf_cell 335 recovered to col=1 by nearest-column fallback (row=7, x=739.3, dist=62.4)
2026-09-07 00:58:48,515 MatchingPostProcessor WARNING  Orphan pdf_cell 336 recovered to col=1 by nearest-column fallback (row=7, x=750.4, dist=51.4)
2026-09-07 00:58:48,515 MatchingPostProcessor WARNING  Orphan pdf_cell 337 recovered to col=1 by nearest-column fallback (row=7, x=761.5, dist=40.3)
2026-09-07 00:58:48,515 MatchingPostProcessor WARNING  Orphan pdf_cell 338 recovered to col=1 by nearest-column fallback (row=7, x=772.6, dist=29.2)
2026-09-07 00:58:48,516 MatchingPostProcessor WARNING  Orphan pdf_cell 371 recovered to col=1 by nearest-column fallback (row=8, x=617.4, dist=184.4)
2026-09-07 00:58:48,516 MatchingPostProcessor WARNING  Orphan pdf_cell 372 recovered to col=1 by nearest-column fallback (row=8, x=628.4, dist=173.3)
2026-09-07 00:58:48,516 MatchingPostProcessor WARNING  Orphan pdf_cell 373 recovered to col=1 by nearest-column fallback (row=8, x=639.5, dist=162.2)
2026-09-07 00:58:48,516 MatchingPostProcessor WARNING  Orphan pdf_cell 374 recovered to col=1 by nearest-column fallback (row=8, x=650.6, dist=151.1)
2026-09-07 00:58:48,516 MatchingPostProcessor WARNING  Orphan pdf_cell 375 recovered to col=1 by nearest-column fallback (row=8, x=661.7, dist=140.1)
2026-09-07 00:58:48,516 MatchingPostProcessor WARNING  Orphan pdf_cell 376 recovered to col=1 by nearest-column fallback (row=8, x=672.8, dist=129.0)
2026-09-07 00:58:48,516 MatchingPostProcessor WARNING  Orphan pdf_cell 377 recovered to col=1 by nearest-column fallback (row=8, x=683.9, dist=117.9)
2026-09-07 00:58:48,516 MatchingPostProcessor WARNING  Orphan pdf_cell 378 recovered to col=1 by nearest-column fallback (row=8, x=695.0, dist=106.8)
2026-09-07 00:58:48,516 MatchingPostProcessor WARNING  Orphan pdf_cell 379 recovered to col=1 by nearest-column fallback (row=8, x=706.1, dist=95.7)
2026-09-07 00:58:48,516 MatchingPostProcessor WARNING  Orphan pdf_cell 380 recovered to col=1 by nearest-column fallback (row=8, x=717.2, dist=84.6)
2026-09-07 00:58:48,516 MatchingPostProcessor WARNING  Orphan pdf_cell 381 recovered to col=1 by nearest-column fallback (row=8, x=728.2, dist=73.5)
2026-09-07 00:58:48,516 MatchingPostProcessor WARNING  Orphan pdf_cell 382 recovered to col=1 by nearest-column fallback (row=8, x=739.3, dist=62.4)
2026-09-07 00:58:48,516 MatchingPostProcessor WARNING  Orphan pdf_cell 383 recovered to col=1 by nearest-column fallback (row=8, x=750.4, dist=51.4)
2026-09-07 00:58:48,516 MatchingPostProcessor WARNING  Orphan pdf_cell 384 recovered to col=1 by nearest-column fallback (row=8, x=761.5, dist=40.3)
2026-09-07 00:58:48,516 MatchingPostProcessor WARNING  Orphan pdf_cell 385 recovered to col=1 by nearest-column fallback (row=8, x=772.6, dist=29.2)
2026-09-07 00:58:48,517 MatchingPostProcessor WARNING  Orphan pdf_cell 428 recovered to col=1 by nearest-column fallback (row=9, x=617.4, dist=184.4)
2026-09-07 00:58:48,517 MatchingPostProcessor WARNING  Orphan pdf_cell 429 recovered to col=1 by nearest-column fallback (row=9, x=628.4, dist=173.3)
2026-09-07 00:58:48,517 MatchingPostProcessor WARNING  Orphan pdf_cell 430 recovered to col=1 by nearest-column fallback (row=9, x=639.5, dist=162.2)
2026-09-07 00:58:48,517 MatchingPostProcessor WARNING  Orphan pdf_cell 431 recovered to col=1 by nearest-column fallback (row=9, x=650.6, dist=151.1)
2026-09-07 00:58:48,517 MatchingPostProcessor WARNING  Orphan pdf_cell 432 recovered to col=1 by nearest-column fallback (row=9, x=661.7, dist=140.1)
2026-09-07 00:58:48,517 MatchingPostProcessor WARNING  Orphan pdf_cell 433 recovered to col=1 by nearest-column fallback (row=9, x=672.8, dist=129.0)
2026-09-07 00:58:48,517 MatchingPostProcessor WARNING  Orphan pdf_cell 434 recovered to col=1 by nearest-column fallback (row=9, x=683.9, dist=117.9)
2026-09-07 00:58:48,517 MatchingPostProcessor WARNING  Orphan pdf_cell 435 recovered to col=1 by nearest-column fallback (row=9, x=695.0, dist=106.8)
2026-09-07 00:58:48,517 MatchingPostProcessor WARNING  Orphan pdf_cell 436 recovered to col=1 by nearest-column fallback (row=9, x=706.1, dist=95.7)
2026-09-07 00:58:48,517 MatchingPostProcessor WARNING  Orphan pdf_cell 437 recovered to col=1 by nearest-column fallback (row=9, x=717.2, dist=84.6)
2026-09-07 00:58:48,517 MatchingPostProcessor WARNING  Orphan pdf_cell 438 recovered to col=1 by nearest-column fallback (row=9, x=728.2, dist=73.5)
2026-09-07 00:58:48,517 MatchingPostProcessor WARNING  Orphan pdf_cell 439 recovered to col=1 by nearest-column fallback (row=9, x=739.3, dist=62.4)
2026-09-07 00:58:48,517 MatchingPostProcessor WARNING  Orphan pdf_cell 440 recovered to col=1 by nearest-column fallback (row=9, x=750.4, dist=51.4)
2026-09-07 00:58:48,517 MatchingPostProcessor WARNING  Orphan pdf_cell 441 recovered to col=1 by nearest-column fallback (row=9, x=761.5, dist=40.3)
2026-09-07 00:58:48,517 MatchingPostProcessor WARNING  Orphan pdf_cell 442 recovered to col=1 by nearest-column fallback (row=9, x=772.6, dist=29.2)
2026-09-07 00:58:48,517 MatchingPostProcessor WARNING  Orphan pdf_cell 482 recovered to col=1 by nearest-column fallback (row=12, x=617.4, dist=184.4)
2026-09-07 00:58:48,517 MatchingPostProcessor WARNING  Orphan pdf_cell 483 recovered to col=1 by nearest-column fallback (row=12, x=628.5, dist=173.3)
2026-09-07 00:58:48,517 MatchingPostProcessor WARNING  Orphan pdf_cell 484 recovered to col=1 by nearest-column fallback (row=12, x=639.5, dist=162.2)
2026-09-07 00:58:48,517 MatchingPostProcessor WARNING  Orphan pdf_cell 485 recovered to col=1 by nearest-column fallback (row=12, x=650.6, dist=151.1)
2026-09-07 00:58:48,517 MatchingPostProcessor WARNING  Orphan pdf_cell 486 recovered to col=1 by nearest-column fallback (row=12, x=661.7, dist=140.1)
2026-09-07 00:58:48,517 MatchingPostProcessor WARNING  Orphan pdf_cell 487 recovered to col=1 by nearest-column fallback (row=12, x=672.8, dist=129.0)
2026-09-07 00:58:48,517 MatchingPostProcessor WARNING  Orphan pdf_cell 488 recovered to col=1 by nearest-column fallback (row=12, x=683.9, dist=117.9)
2026-09-07 00:58:48,517 MatchingPostProcessor WARNING  Orphan pdf_cell 489 recovered to col=1 by nearest-column fallback (row=12, x=695.0, dist=106.8)
2026-09-07 00:58:48,517 MatchingPostProcessor WARNING  Orphan pdf_cell 490 recovered to col=1 by nearest-column fallback (row=12, x=706.1, dist=95.7)
2026-09-07 00:58:48,518 MatchingPostProcessor WARNING  Orphan pdf_cell 491 recovered to col=1 by nearest-column fallback (row=12, x=717.2, dist=84.6)
2026-09-07 00:58:48,518 MatchingPostProcessor WARNING  Orphan pdf_cell 492 recovered to col=1 by nearest-column fallback (row=12, x=728.2, dist=73.5)
2026-09-07 00:58:48,518 MatchingPostProcessor WARNING  Orphan pdf_cell 493 recovered to col=1 by nearest-column fallback (row=12, x=739.3, dist=62.4)
2026-09-07 00:58:48,518 MatchingPostProcessor WARNING  Orphan pdf_cell 494 recovered to col=1 by nearest-column fallback (row=12, x=750.4, dist=51.4)
2026-09-07 00:58:48,518 MatchingPostProcessor WARNING  Orphan pdf_cell 495 recovered to col=1 by nearest-column fallback (row=12, x=761.5, dist=40.3)
2026-09-07 00:58:48,518 MatchingPostProcessor WARNING  Orphan pdf_cell 496 recovered to col=1 by nearest-column fallback (row=12, x=772.6, dist=29.2)
2026-09-07 00:58:48,518 MatchingPostProcessor WARNING  Orphan pdf_cell 532 recovered to col=1 by nearest-column fallback (row=13, x=617.4, dist=184.4)
2026-09-07 00:58:48,518 MatchingPostProcessor WARNING  Orphan pdf_cell 533 recovered to col=1 by nearest-column fallback (row=13, x=628.5, dist=173.3)
2026-09-07 00:58:48,518 MatchingPostProcessor WARNING  Orphan pdf_cell 534 recovered to col=1 by nearest-column fallback (row=13, x=639.5, dist=162.2)
2026-09-07 00:58:48,518 MatchingPostProcessor WARNING  Orphan pdf_cell 535 recovered to col=1 by nearest-column fallback (row=13, x=650.6, dist=151.1)
2026-09-07 00:58:48,518 MatchingPostProcessor WARNING  Orphan pdf_cell 536 recovered to col=1 by nearest-column fallback (row=13, x=661.7, dist=140.1)
2026-09-07 00:58:48,518 MatchingPostProcessor WARNING  Orphan pdf_cell 537 recovered to col=1 by nearest-column fallback (row=13, x=672.8, dist=129.0)
2026-09-07 00:58:48,518 MatchingPostProcessor WARNING  Orphan pdf_cell 538 recovered to col=1 by nearest-column fallback (row=13, x=683.9, dist=117.9)
2026-09-07 00:58:48,518 MatchingPostProcessor WARNING  Orphan pdf_cell 539 recovered to col=1 by nearest-column fallback (row=13, x=695.0, dist=106.8)
2026-09-07 00:58:48,518 MatchingPostProcessor WARNING  Orphan pdf_cell 540 recovered to col=1 by nearest-column fallback (row=13, x=706.1, dist=95.7)
2026-09-07 00:58:48,518 MatchingPostProcessor WARNING  Orphan pdf_cell 541 recovered to col=1 by nearest-column fallback (row=13, x=717.2, dist=84.6)
2026-09-07 00:58:48,518 MatchingPostProcessor WARNING  Orphan pdf_cell 542 recovered to col=1 by nearest-column fallback (row=13, x=728.2, dist=73.5)
2026-09-07 00:58:48,518 MatchingPostProcessor WARNING  Orphan pdf_cell 543 recovered to col=1 by nearest-column fallback (row=13, x=739.3, dist=62.4)
2026-09-07 00:58:48,518 MatchingPostProcessor WARNING  Orphan pdf_cell 544 recovered to col=1 by nearest-column fallback (row=13, x=750.4, dist=51.4)
2026-09-07 00:58:48,518 MatchingPostProcessor WARNING  Orphan pdf_cell 545 recovered to col=1 by nearest-column fallback (row=13, x=761.5, dist=40.3)
2026-09-07 00:58:48,518 MatchingPostProcessor WARNING  Orphan pdf_cell 546 recovered to col=1 by nearest-column fallback (row=13, x=772.6, dist=29.2)
2026-09-07 00:58:48,519 MatchingPostProcessor WARNING  Orphan pdf_cell 573 recovered to col=1 by nearest-column fallback (row=14, x=617.4, dist=184.4)
2026-09-07 00:58:48,519 MatchingPostProcessor WARNING  Orphan pdf_cell 574 recovered to col=1 by nearest-column fallback (row=14, x=628.5, dist=173.3)
2026-09-07 00:58:48,519 MatchingPostProcessor WARNING  Orphan pdf_cell 575 recovered to col=1 by nearest-column fallback (row=14, x=639.5, dist=162.2)
2026-09-07 00:58:48,519 MatchingPostProcessor WARNING  Orphan pdf_cell 576 recovered to col=1 by nearest-column fallback (row=14, x=650.6, dist=151.1)
2026-09-07 00:58:48,519 MatchingPostProcessor WARNING  Orphan pdf_cell 577 recovered to col=1 by nearest-column fallback (row=14, x=661.7, dist=140.1)
2026-09-07 00:58:48,519 MatchingPostProcessor WARNING  Orphan pdf_cell 578 recovered to col=1 by nearest-column fallback (row=14, x=672.8, dist=129.0)
2026-09-07 00:58:48,519 MatchingPostProcessor WARNING  Orphan pdf_cell 579 recovered to col=1 by nearest-column fallback (row=14, x=683.9, dist=117.9)
2026-09-07 00:58:48,519 MatchingPostProcessor WARNING  Orphan pdf_cell 580 recovered to col=1 by nearest-column fallback (row=14, x=695.0, dist=106.8)
2026-09-07 00:58:48,519 MatchingPostProcessor WARNING  Orphan pdf_cell 581 recovered to col=1 by nearest-column fallback (row=14, x=706.1, dist=95.7)
2026-09-07 00:58:48,519 MatchingPostProcessor WARNING  Orphan pdf_cell 582 recovered to col=1 by nearest-column fallback (row=14, x=717.2, dist=84.6)
2026-09-07 00:58:48,519 MatchingPostProcessor WARNING  Orphan pdf_cell 583 recovered to col=1 by nearest-column fallback (row=14, x=728.2, dist=73.5)
2026-09-07 00:58:48,519 MatchingPostProcessor WARNING  Orphan pdf_cell 584 recovered to col=1 by nearest-column fallback (row=14, x=739.3, dist=62.4)
2026-09-07 00:58:48,519 MatchingPostProcessor WARNING  Orphan pdf_cell 585 recovered to col=1 by nearest-column fallback (row=14, x=750.4, dist=51.4)
2026-09-07 00:58:48,519 MatchingPostProcessor WARNING  Orphan pdf_cell 586 recovered to col=1 by nearest-column fallback (row=14, x=761.5, dist=40.3)
2026-09-07 00:58:48,519 MatchingPostProcessor WARNING  Orphan pdf_cell 587 recovered to col=1 by nearest-column fallback (row=14, x=772.6, dist=29.2)
2026-09-07 00:58:48,519 MatchingPostProcessor WARNING  Orphan pdf_cell 621 recovered to col=1 by nearest-column fallback (row=15, x=617.4, dist=184.4)
2026-09-07 00:58:48,520 MatchingPostProcessor WARNING  Orphan pdf_cell 622 recovered to col=1 by nearest-column fallback (row=15, x=628.5, dist=173.3)
2026-09-07 00:58:48,520 MatchingPostProcessor WARNING  Orphan pdf_cell 623 recovered to col=1 by nearest-column fallback (row=15, x=639.5, dist=162.2)
2026-09-07 00:58:48,520 MatchingPostProcessor WARNING  Orphan pdf_cell 624 recovered to col=1 by nearest-column fallback (row=15, x=650.6, dist=151.1)
2026-09-07 00:58:48,520 MatchingPostProcessor WARNING  Orphan pdf_cell 625 recovered to col=1 by nearest-column fallback (row=15, x=661.7, dist=140.1)
2026-09-07 00:58:48,520 MatchingPostProcessor WARNING  Orphan pdf_cell 626 recovered to col=1 by nearest-column fallback (row=15, x=672.8, dist=129.0)
2026-09-07 00:58:48,520 MatchingPostProcessor WARNING  Orphan pdf_cell 627 recovered to col=1 by nearest-column fallback (row=15, x=683.9, dist=117.9)
2026-09-07 00:58:48,520 MatchingPostProcessor WARNING  Orphan pdf_cell 628 recovered to col=1 by nearest-column fallback (row=15, x=695.0, dist=106.8)
2026-09-07 00:58:48,520 MatchingPostProcessor WARNING  Orphan pdf_cell 629 recovered to col=1 by nearest-column fallback (row=15, x=706.1, dist=95.7)
2026-09-07 00:58:48,520 MatchingPostProcessor WARNING  Orphan pdf_cell 630 recovered to col=1 by nearest-column fallback (row=15, x=717.2, dist=84.6)
2026-09-07 00:58:48,520 MatchingPostProcessor WARNING  Orphan pdf_cell 631 recovered to col=1 by nearest-column fallback (row=15, x=728.2, dist=73.5)
2026-09-07 00:58:48,520 MatchingPostProcessor WARNING  Orphan pdf_cell 632 recovered to col=1 by nearest-column fallback (row=15, x=739.3, dist=62.4)
2026-09-07 00:58:48,520 MatchingPostProcessor WARNING  Orphan pdf_cell 633 recovered to col=1 by nearest-column fallback (row=15, x=750.4, dist=51.4)
2026-09-07 00:58:48,520 MatchingPostProcessor WARNING  Orphan pdf_cell 634 recovered to col=1 by nearest-column fallback (row=15, x=761.5, dist=40.3)
2026-09-07 00:58:48,520 MatchingPostProcessor WARNING  Orphan pdf_cell 635 recovered to col=1 by nearest-column fallback (row=15, x=772.6, dist=29.2)
2026-09-07 00:58:48,520 MatchingPostProcessor WARNING  Orphan pdf_cell 652 recovered to col=1 by nearest-column fallback (row=16, x=617.4, dist=184.4)
2026-09-07 00:58:48,520 MatchingPostProcessor WARNING  Orphan pdf_cell 653 recovered to col=1 by nearest-column fallback (row=16, x=628.5, dist=173.3)
2026-09-07 00:58:48,520 MatchingPostProcessor WARNING  Orphan pdf_cell 654 recovered to col=1 by nearest-column fallback (row=16, x=639.5, dist=162.2)
2026-09-07 00:58:48,520 MatchingPostProcessor WARNING  Orphan pdf_cell 655 recovered to col=1 by nearest-column fallback (row=16, x=650.6, dist=151.1)
2026-09-07 00:58:48,520 MatchingPostProcessor WARNING  Orphan pdf_cell 656 recovered to col=1 by nearest-column fallback (row=16, x=661.7, dist=140.1)
2026-09-07 00:58:48,520 MatchingPostProcessor WARNING  Orphan pdf_cell 657 recovered to col=1 by nearest-column fallback (row=16, x=672.8, dist=129.0)
2026-09-07 00:58:48,520 MatchingPostProcessor WARNING  Orphan pdf_cell 658 recovered to col=1 by nearest-column fallback (row=16, x=683.9, dist=117.9)
2026-09-07 00:58:48,520 MatchingPostProcessor WARNING  Orphan pdf_cell 659 recovered to col=1 by nearest-column fallback (row=16, x=695.0, dist=106.8)
2026-09-07 00:58:48,520 MatchingPostProcessor WARNING  Orphan pdf_cell 660 recovered to col=1 by nearest-column fallback (row=16, x=706.1, dist=95.7)
2026-09-07 00:58:48,520 MatchingPostProcessor WARNING  Orphan pdf_cell 661 recovered to col=1 by nearest-column fallback (row=16, x=717.2, dist=84.6)
2026-09-07 00:58:48,520 MatchingPostProcessor WARNING  Orphan pdf_cell 662 recovered to col=1 by nearest-column fallback (row=16, x=728.2, dist=73.5)
2026-09-07 00:58:48,520 MatchingPostProcessor WARNING  Orphan pdf_cell 663 recovered to col=1 by nearest-column fallback (row=16, x=739.3, dist=62.4)
2026-09-07 00:58:48,520 MatchingPostProcessor WARNING  Orphan pdf_cell 664 recovered to col=1 by nearest-column fallback (row=16, x=750.4, dist=51.4)
2026-09-07 00:58:48,520 MatchingPostProcessor WARNING  Orphan pdf_cell 665 recovered to col=1 by nearest-column fallback (row=16, x=761.5, dist=40.3)
2026-09-07 00:58:48,520 MatchingPostProcessor WARNING  Orphan pdf_cell 666 recovered to col=1 by nearest-column fallback (row=16, x=772.6, dist=29.2)
2026-09-07 00:58:48,521 MatchingPostProcessor WARNING  Orphan pdf_cell 691 recovered to col=1 by nearest-column fallback (row=17, x=617.4, dist=184.4)
2026-09-07 00:58:48,521 MatchingPostProcessor WARNING  Orphan pdf_cell 692 recovered to col=1 by nearest-column fallback (row=17, x=628.5, dist=173.3)
2026-09-07 00:58:48,521 MatchingPostProcessor WARNING  Orphan pdf_cell 693 recovered to col=1 by nearest-column fallback (row=17, x=639.5, dist=162.2)
2026-09-07 00:58:48,521 MatchingPostProcessor WARNING  Orphan pdf_cell 694 recovered to col=1 by nearest-column fallback (row=17, x=650.6, dist=151.1)
2026-09-07 00:58:48,521 MatchingPostProcessor WARNING  Orphan pdf_cell 695 recovered to col=1 by nearest-column fallback (row=17, x=661.7, dist=140.1)
2026-09-07 00:58:48,521 MatchingPostProcessor WARNING  Orphan pdf_cell 696 recovered to col=1 by nearest-column fallback (row=17, x=672.8, dist=129.0)
2026-09-07 00:58:48,521 MatchingPostProcessor WARNING  Orphan pdf_cell 697 recovered to col=1 by nearest-column fallback (row=17, x=683.9, dist=117.9)
2026-09-07 00:58:48,521 MatchingPostProcessor WARNING  Orphan pdf_cell 698 recovered to col=1 by nearest-column fallback (row=17, x=695.0, dist=106.8)
2026-09-07 00:58:48,521 MatchingPostProcessor WARNING  Orphan pdf_cell 699 recovered to col=1 by nearest-column fallback (row=17, x=706.1, dist=95.7)
2026-09-07 00:58:48,521 MatchingPostProcessor WARNING  Orphan pdf_cell 700 recovered to col=1 by nearest-column fallback (row=17, x=717.2, dist=84.6)
2026-09-07 00:58:48,521 MatchingPostProcessor WARNING  Orphan pdf_cell 701 recovered to col=1 by nearest-column fallback (row=17, x=728.2, dist=73.5)
2026-09-07 00:58:48,521 MatchingPostProcessor WARNING  Orphan pdf_cell 702 recovered to col=1 by nearest-column fallback (row=17, x=739.3, dist=62.4)
2026-09-07 00:58:48,521 MatchingPostProcessor WARNING  Orphan pdf_cell 703 recovered to col=1 by nearest-column fallback (row=17, x=750.4, dist=51.4)
2026-09-07 00:58:48,521 MatchingPostProcessor WARNING  Orphan pdf_cell 704 recovered to col=1 by nearest-column fallback (row=17, x=761.5, dist=40.3)
2026-09-07 00:58:48,521 MatchingPostProcessor WARNING  Orphan pdf_cell 705 recovered to col=1 by nearest-column fallback (row=17, x=772.6, dist=29.2)
2026-09-07 00:58:48,521 MatchingPostProcessor WARNING  Orphan pdf_cell 742 recovered to col=1 by nearest-column fallback (row=18, x=617.4, dist=184.4)
2026-09-07 00:58:48,521 MatchingPostProcessor WARNING  Orphan pdf_cell 743 recovered to col=1 by nearest-column fallback (row=18, x=628.5, dist=173.3)
2026-09-07 00:58:48,521 MatchingPostProcessor WARNING  Orphan pdf_cell 744 recovered to col=1 by nearest-column fallback (row=18, x=639.5, dist=162.2)
2026-09-07 00:58:48,522 MatchingPostProcessor WARNING  Orphan pdf_cell 745 recovered to col=1 by nearest-column fallback (row=18, x=650.6, dist=151.1)
2026-09-07 00:58:48,522 MatchingPostProcessor WARNING  Orphan pdf_cell 746 recovered to col=1 by nearest-column fallback (row=18, x=661.7, dist=140.1)
2026-09-07 00:58:48,522 MatchingPostProcessor WARNING  Orphan pdf_cell 747 recovered to col=1 by nearest-column fallback (row=18, x=672.8, dist=129.0)
2026-09-07 00:58:48,522 MatchingPostProcessor WARNING  Orphan pdf_cell 748 recovered to col=1 by nearest-column fallback (row=18, x=683.9, dist=117.9)
2026-09-07 00:58:48,522 MatchingPostProcessor WARNING  Orphan pdf_cell 749 recovered to col=1 by nearest-column fallback (row=18, x=695.0, dist=106.8)
2026-09-07 00:58:48,522 MatchingPostProcessor WARNING  Orphan pdf_cell 750 recovered to col=1 by nearest-column fallback (row=18, x=706.1, dist=95.7)
2026-09-07 00:58:48,522 MatchingPostProcessor WARNING  Orphan pdf_cell 751 recovered to col=1 by nearest-column fallback (row=18, x=717.2, dist=84.6)
2026-09-07 00:58:48,522 MatchingPostProcessor WARNING  Orphan pdf_cell 752 recovered to col=1 by nearest-column fallback (row=18, x=728.2, dist=73.5)
2026-09-07 00:58:48,522 MatchingPostProcessor WARNING  Orphan pdf_cell 753 recovered to col=1 by nearest-column fallback (row=18, x=739.3, dist=62.4)
2026-09-07 00:58:48,522 MatchingPostProcessor WARNING  Orphan pdf_cell 754 recovered to col=1 by nearest-column fallback (row=18, x=750.4, dist=51.4)
2026-09-07 00:58:48,522 MatchingPostProcessor WARNING  Orphan pdf_cell 755 recovered to col=1 by nearest-column fallback (row=18, x=761.5, dist=40.3)
2026-09-07 00:58:48,522 MatchingPostProcessor WARNING  Orphan pdf_cell 756 recovered to col=1 by nearest-column fallback (row=18, x=772.6, dist=29.2)
2026-09-07 00:58:48,522 MatchingPostProcessor WARNING  Orphan pdf_cell 783 recovered to col=1 by nearest-column fallback (row=19, x=617.4, dist=184.4)
2026-09-07 00:58:48,522 MatchingPostProcessor WARNING  Orphan pdf_cell 784 recovered to col=1 by nearest-column fallback (row=19, x=628.5, dist=173.3)
2026-09-07 00:58:48,522 MatchingPostProcessor WARNING  Orphan pdf_cell 785 recovered to col=1 by nearest-column fallback (row=19, x=639.5, dist=162.2)
2026-09-07 00:58:48,522 MatchingPostProcessor WARNING  Orphan pdf_cell 786 recovered to col=1 by nearest-column fallback (row=19, x=650.6, dist=151.1)
2026-09-07 00:58:48,522 MatchingPostProcessor WARNING  Orphan pdf_cell 787 recovered to col=1 by nearest-column fallback (row=19, x=661.7, dist=140.1)
2026-09-07 00:58:48,522 MatchingPostProcessor WARNING  Orphan pdf_cell 788 recovered to col=1 by nearest-column fallback (row=19, x=672.8, dist=129.0)
2026-09-07 00:58:48,522 MatchingPostProcessor WARNING  Orphan pdf_cell 789 recovered to col=1 by nearest-column fallback (row=19, x=683.9, dist=117.9)
2026-09-07 00:58:48,522 MatchingPostProcessor WARNING  Orphan pdf_cell 790 recovered to col=1 by nearest-column fallback (row=19, x=695.0, dist=106.8)
2026-09-07 00:58:48,522 MatchingPostProcessor WARNING  Orphan pdf_cell 791 recovered to col=1 by nearest-column fallback (row=19, x=706.1, dist=95.7)
2026-09-07 00:58:48,522 MatchingPostProcessor WARNING  Orphan pdf_cell 792 recovered to col=1 by nearest-column fallback (row=19, x=717.2, dist=84.6)
2026-09-07 00:58:48,522 MatchingPostProcessor WARNING  Orphan pdf_cell 793 recovered to col=1 by nearest-column fallback (row=19, x=728.2, dist=73.5)
2026-09-07 00:58:48,522 MatchingPostProcessor WARNING  Orphan pdf_cell 794 recovered to col=1 by nearest-column fallback (row=19, x=739.3, dist=62.4)
2026-09-07 00:58:48,522 MatchingPostProcessor WARNING  Orphan pdf_cell 795 recovered to col=1 by nearest-column fallback (row=19, x=750.4, dist=51.4)
2026-09-07 00:58:48,522 MatchingPostProcessor WARNING  Orphan pdf_cell 796 recovered to col=1 by nearest-column fallback (row=19, x=761.5, dist=40.3)
2026-09-07 00:58:48,522 MatchingPostProcessor WARNING  Orphan pdf_cell 797 recovered to col=1 by nearest-column fallback (row=19, x=772.6, dist=29.2)
2026-09-07 00:58:48,523 MatchingPostProcessor WARNING  Orphan pdf_cell 831 recovered to col=1 by nearest-column fallback (row=20, x=617.4, dist=184.4)
2026-09-07 00:58:48,523 MatchingPostProcessor WARNING  Orphan pdf_cell 832 recovered to col=1 by nearest-column fallback (row=20, x=628.5, dist=173.3)
2026-09-07 00:58:48,523 MatchingPostProcessor WARNING  Orphan pdf_cell 833 recovered to col=1 by nearest-column fallback (row=20, x=639.5, dist=162.2)
2026-09-07 00:58:48,523 MatchingPostProcessor WARNING  Orphan pdf_cell 834 recovered to col=1 by nearest-column fallback (row=20, x=650.6, dist=151.1)
2026-09-07 00:58:48,523 MatchingPostProcessor WARNING  Orphan pdf_cell 835 recovered to col=1 by nearest-column fallback (row=20, x=661.7, dist=140.1)
2026-09-07 00:58:48,523 MatchingPostProcessor WARNING  Orphan pdf_cell 836 recovered to col=1 by nearest-column fallback (row=20, x=672.8, dist=129.0)
2026-09-07 00:58:48,523 MatchingPostProcessor WARNING  Orphan pdf_cell 837 recovered to col=1 by nearest-column fallback (row=20, x=683.9, dist=117.9)
2026-09-07 00:58:48,523 MatchingPostProcessor WARNING  Orphan pdf_cell 838 recovered to col=1 by nearest-column fallback (row=20, x=695.0, dist=106.8)
2026-09-07 00:58:48,523 MatchingPostProcessor WARNING  Orphan pdf_cell 839 recovered to col=1 by nearest-column fallback (row=20, x=706.1, dist=95.7)
2026-09-07 00:58:48,523 MatchingPostProcessor WARNING  Orphan pdf_cell 840 recovered to col=1 by nearest-column fallback (row=20, x=717.2, dist=84.6)
2026-09-07 00:58:48,523 MatchingPostProcessor WARNING  Orphan pdf_cell 841 recovered to col=1 by nearest-column fallback (row=20, x=728.2, dist=73.5)
2026-09-07 00:58:48,523 MatchingPostProcessor WARNING  Orphan pdf_cell 842 recovered to col=1 by nearest-column fallback (row=20, x=739.3, dist=62.4)
2026-09-07 00:58:48,523 MatchingPostProcessor WARNING  Orphan pdf_cell 843 recovered to col=1 by nearest-column fallback (row=20, x=750.4, dist=51.4)
2026-09-07 00:58:48,523 MatchingPostProcessor WARNING  Orphan pdf_cell 844 recovered to col=1 by nearest-column fallback (row=20, x=761.5, dist=40.3)
2026-09-07 00:58:48,523 MatchingPostProcessor WARNING  Orphan pdf_cell 845 recovered to col=1 by nearest-column fallback (row=20, x=772.6, dist=29.2)
2026-09-07 00:58:48,524 MatchingPostProcessor WARNING  Orphan pdf_cell 871 recovered to col=1 by nearest-column fallback (row=21, x=617.4, dist=184.4)
2026-09-07 00:58:48,524 MatchingPostProcessor WARNING  Orphan pdf_cell 872 recovered to col=1 by nearest-column fallback (row=21, x=628.5, dist=173.3)
2026-09-07 00:58:48,524 MatchingPostProcessor WARNING  Orphan pdf_cell 873 recovered to col=1 by nearest-column fallback (row=21, x=639.5, dist=162.2)
2026-09-07 00:58:48,524 MatchingPostProcessor WARNING  Orphan pdf_cell 874 recovered to col=1 by nearest-column fallback (row=21, x=650.6, dist=151.1)
2026-09-07 00:58:48,524 MatchingPostProcessor WARNING  Orphan pdf_cell 875 recovered to col=1 by nearest-column fallback (row=21, x=661.7, dist=140.1)
2026-09-07 00:58:48,524 MatchingPostProcessor WARNING  Orphan pdf_cell 876 recovered to col=1 by nearest-column fallback (row=21, x=672.8, dist=129.0)
2026-09-07 00:58:48,524 MatchingPostProcessor WARNING  Orphan pdf_cell 877 recovered to col=1 by nearest-column fallback (row=21, x=683.9, dist=117.9)
2026-09-07 00:58:48,524 MatchingPostProcessor WARNING  Orphan pdf_cell 878 recovered to col=1 by nearest-column fallback (row=21, x=695.0, dist=106.8)
2026-09-07 00:58:48,524 MatchingPostProcessor WARNING  Orphan pdf_cell 879 recovered to col=1 by nearest-column fallback (row=21, x=706.1, dist=95.7)
2026-09-07 00:58:48,524 MatchingPostProcessor WARNING  Orphan pdf_cell 880 recovered to col=1 by nearest-column fallback (row=21, x=717.2, dist=84.6)
2026-09-07 00:58:48,524 MatchingPostProcessor WARNING  Orphan pdf_cell 881 recovered to col=1 by nearest-column fallback (row=21, x=728.2, dist=73.5)
2026-09-07 00:58:48,524 MatchingPostProcessor WARNING  Orphan pdf_cell 882 recovered to col=1 by nearest-column fallback (row=21, x=739.3, dist=62.4)
2026-09-07 00:58:48,524 MatchingPostProcessor WARNING  Orphan pdf_cell 883 recovered to col=1 by nearest-column fallback (row=21, x=750.4, dist=51.4)
2026-09-07 00:58:48,524 MatchingPostProcessor WARNING  Orphan pdf_cell 884 recovered to col=1 by nearest-column fallback (row=21, x=761.5, dist=40.3)
2026-09-07 00:58:48,524 MatchingPostProcessor WARNING  Orphan pdf_cell 885 recovered to col=1 by nearest-column fallback (row=21, x=772.6, dist=29.2)
2026-09-07 00:58:48,525 MatchingPostProcessor WARNING  Orphan pdf_cell 923 recovered to col=1 by nearest-column fallback (row=22, x=617.4, dist=184.4)
2026-09-07 00:58:48,525 MatchingPostProcessor WARNING  Orphan pdf_cell 924 recovered to col=1 by nearest-column fallback (row=22, x=628.5, dist=173.3)
2026-09-07 00:58:48,525 MatchingPostProcessor WARNING  Orphan pdf_cell 925 recovered to col=1 by nearest-column fallback (row=22, x=639.5, dist=162.2)
2026-09-07 00:58:48,525 MatchingPostProcessor WARNING  Orphan pdf_cell 926 recovered to col=1 by nearest-column fallback (row=22, x=650.6, dist=151.1)
2026-09-07 00:58:48,525 MatchingPostProcessor WARNING  Orphan pdf_cell 927 recovered to col=1 by nearest-column fallback (row=22, x=661.7, dist=140.1)
2026-09-07 00:58:48,525 MatchingPostProcessor WARNING  Orphan pdf_cell 928 recovered to col=1 by nearest-column fallback (row=22, x=672.8, dist=129.0)
2026-09-07 00:58:48,525 MatchingPostProcessor WARNING  Orphan pdf_cell 929 recovered to col=1 by nearest-column fallback (row=22, x=683.9, dist=117.9)
2026-09-07 00:58:48,525 MatchingPostProcessor WARNING  Orphan pdf_cell 930 recovered to col=1 by nearest-column fallback (row=22, x=695.0, dist=106.8)
2026-09-07 00:58:48,525 MatchingPostProcessor WARNING  Orphan pdf_cell 931 recovered to col=1 by nearest-column fallback (row=22, x=706.1, dist=95.7)
2026-09-07 00:58:48,525 MatchingPostProcessor WARNING  Orphan pdf_cell 932 recovered to col=1 by nearest-column fallback (row=22, x=717.2, dist=84.6)
2026-09-07 00:58:48,525 MatchingPostProcessor WARNING  Orphan pdf_cell 933 recovered to col=1 by nearest-column fallback (row=22, x=728.2, dist=73.5)
2026-09-07 00:58:48,525 MatchingPostProcessor WARNING  Orphan pdf_cell 934 recovered to col=1 by nearest-column fallback (row=22, x=739.3, dist=62.4)
2026-09-07 00:58:48,525 MatchingPostProcessor WARNING  Orphan pdf_cell 935 recovered to col=1 by nearest-column fallback (row=22, x=750.4, dist=51.4)
2026-09-07 00:58:48,525 MatchingPostProcessor WARNING  Orphan pdf_cell 936 recovered to col=1 by nearest-column fallback (row=22, x=761.5, dist=40.3)
2026-09-07 00:58:48,525 MatchingPostProcessor WARNING  Orphan pdf_cell 937 recovered to col=1 by nearest-column fallback (row=22, x=772.6, dist=29.2)
2026-09-07 00:58:48,525 MatchingPostProcessor WARNING  Orphan pdf_cell 974 recovered to col=1 by nearest-column fallback (row=23, x=617.4, dist=184.4)
2026-09-07 00:58:48,525 MatchingPostProcessor WARNING  Orphan pdf_cell 975 recovered to col=1 by nearest-column fallback (row=23, x=628.5, dist=173.3)
2026-09-07 00:58:48,525 MatchingPostProcessor WARNING  Orphan pdf_cell 976 recovered to col=1 by nearest-column fallback (row=23, x=639.5, dist=162.2)
2026-09-07 00:58:48,526 MatchingPostProcessor WARNING  Orphan pdf_cell 977 recovered to col=1 by nearest-column fallback (row=23, x=650.6, dist=151.1)
2026-09-07 00:58:48,526 MatchingPostProcessor WARNING  Orphan pdf_cell 978 recovered to col=1 by nearest-column fallback (row=23, x=661.7, dist=140.1)
2026-09-07 00:58:48,526 MatchingPostProcessor WARNING  Orphan pdf_cell 979 recovered to col=1 by nearest-column fallback (row=23, x=672.8, dist=129.0)
2026-09-07 00:58:48,526 MatchingPostProcessor WARNING  Orphan pdf_cell 980 recovered to col=1 by nearest-column fallback (row=23, x=683.9, dist=117.9)
2026-09-07 00:58:48,526 MatchingPostProcessor WARNING  Orphan pdf_cell 981 recovered to col=1 by nearest-column fallback (row=23, x=695.0, dist=106.8)
2026-09-07 00:58:48,526 MatchingPostProcessor WARNING  Orphan pdf_cell 982 recovered to col=1 by nearest-column fallback (row=23, x=706.1, dist=95.7)
2026-09-07 00:58:48,526 MatchingPostProcessor WARNING  Orphan pdf_cell 983 recovered to col=1 by nearest-column fallback (row=23, x=717.2, dist=84.6)
2026-09-07 00:58:48,526 MatchingPostProcessor WARNING  Orphan pdf_cell 984 recovered to col=1 by nearest-column fallback (row=23, x=728.2, dist=73.5)
2026-09-07 00:58:48,526 MatchingPostProcessor WARNING  Orphan pdf_cell 985 recovered to col=1 by nearest-column fallback (row=23, x=739.3, dist=62.4)
2026-09-07 00:58:48,526 MatchingPostProcessor WARNING  Orphan pdf_cell 986 recovered to col=1 by nearest-column fallback (row=23, x=750.4, dist=51.4)
2026-09-07 00:58:48,526 MatchingPostProcessor WARNING  Orphan pdf_cell 987 recovered to col=1 by nearest-column fallback (row=23, x=761.5, dist=40.3)
2026-09-07 00:58:48,526 MatchingPostProcessor WARNING  Orphan pdf_cell 988 recovered to col=1 by nearest-column fallback (row=23, x=772.6, dist=29.2)
2026-09-07 00:58:48,526 MatchingPostProcessor WARNING  Orphan pdf_cell 1021 recovered to col=1 by nearest-column fallback (row=24, x=617.4, dist=184.4)
2026-09-07 00:58:48,526 MatchingPostProcessor WARNING  Orphan pdf_cell 1022 recovered to col=1 by nearest-column fallback (row=24, x=628.5, dist=173.3)
2026-09-07 00:58:48,526 MatchingPostProcessor WARNING  Orphan pdf_cell 1023 recovered to col=1 by nearest-column fallback (row=24, x=639.5, dist=162.2)
2026-09-07 00:58:48,526 MatchingPostProcessor WARNING  Orphan pdf_cell 1024 recovered to col=1 by nearest-column fallback (row=24, x=650.6, dist=151.1)
2026-09-07 00:58:48,526 MatchingPostProcessor WARNING  Orphan pdf_cell 1025 recovered to col=1 by nearest-column fallback (row=24, x=661.7, dist=140.1)
2026-09-07 00:58:48,526 MatchingPostProcessor WARNING  Orphan pdf_cell 1026 recovered to col=1 by nearest-column fallback (row=24, x=672.8, dist=129.0)
2026-09-07 00:58:48,526 MatchingPostProcessor WARNING  Orphan pdf_cell 1027 recovered to col=1 by nearest-column fallback (row=24, x=683.9, dist=117.9)
2026-09-07 00:58:48,526 MatchingPostProcessor WARNING  Orphan pdf_cell 1028 recovered to col=1 by nearest-column fallback (row=24, x=695.0, dist=106.8)
2026-09-07 00:58:48,526 MatchingPostProcessor WARNING  Orphan pdf_cell 1029 recovered to col=1 by nearest-column fallback (row=24, x=706.1, dist=95.7)
2026-09-07 00:58:48,526 MatchingPostProcessor WARNING  Orphan pdf_cell 1030 recovered to col=1 by nearest-column fallback (row=24, x=717.2, dist=84.6)
2026-09-07 00:58:48,527 MatchingPostProcessor WARNING  Orphan pdf_cell 1031 recovered to col=1 by nearest-column fallback (row=24, x=728.2, dist=73.5)
2026-09-07 00:58:48,527 MatchingPostProcessor WARNING  Orphan pdf_cell 1032 recovered to col=1 by nearest-column fallback (row=24, x=739.3, dist=62.4)
2026-09-07 00:58:48,527 MatchingPostProcessor WARNING  Orphan pdf_cell 1033 recovered to col=1 by nearest-column fallback (row=24, x=750.4, dist=51.4)
2026-09-07 00:58:48,527 MatchingPostProcessor WARNING  Orphan pdf_cell 1034 recovered to col=1 by nearest-column fallback (row=24, x=761.5, dist=40.3)
2026-09-07 00:58:48,527 MatchingPostProcessor WARNING  Orphan pdf_cell 1035 recovered to col=1 by nearest-column fallback (row=24, x=772.6, dist=29.2)
2026-09-07 00:58:48,527 MatchingPostProcessor WARNING  Orphan pdf_cell 1055 recovered to col=1 by nearest-column fallback (row=25, x=617.4, dist=184.4)
2026-09-07 00:58:48,527 MatchingPostProcessor WARNING  Orphan pdf_cell 1056 recovered to col=1 by nearest-column fallback (row=25, x=628.5, dist=173.3)
2026-09-07 00:58:48,527 MatchingPostProcessor WARNING  Orphan pdf_cell 1057 recovered to col=1 by nearest-column fallback (row=25, x=639.5, dist=162.2)
2026-09-07 00:58:48,527 MatchingPostProcessor WARNING  Orphan pdf_cell 1058 recovered to col=1 by nearest-column fallback (row=25, x=650.6, dist=151.1)
2026-09-07 00:58:48,527 MatchingPostProcessor WARNING  Orphan pdf_cell 1059 recovered to col=1 by nearest-column fallback (row=25, x=661.7, dist=140.1)
2026-09-07 00:58:48,527 MatchingPostProcessor WARNING  Orphan pdf_cell 1060 recovered to col=1 by nearest-column fallback (row=25, x=672.8, dist=129.0)
2026-09-07 00:58:48,527 MatchingPostProcessor WARNING  Orphan pdf_cell 1061 recovered to col=1 by nearest-column fallback (row=25, x=683.9, dist=117.9)
2026-09-07 00:58:48,527 MatchingPostProcessor WARNING  Orphan pdf_cell 1062 recovered to col=1 by nearest-column fallback (row=25, x=695.0, dist=106.8)
2026-09-07 00:58:48,527 MatchingPostProcessor WARNING  Orphan pdf_cell 1063 recovered to col=1 by nearest-column fallback (row=25, x=706.1, dist=95.7)
2026-09-07 00:58:48,527 MatchingPostProcessor WARNING  Orphan pdf_cell 1064 recovered to col=1 by nearest-column fallback (row=25, x=717.2, dist=84.6)
2026-09-07 00:58:48,527 MatchingPostProcessor WARNING  Orphan pdf_cell 1065 recovered to col=1 by nearest-column fallback (row=25, x=728.2, dist=73.5)
2026-09-07 00:58:48,527 MatchingPostProcessor WARNING  Orphan pdf_cell 1066 recovered to col=1 by nearest-column fallback (row=25, x=739.3, dist=62.4)
2026-09-07 00:58:48,527 MatchingPostProcessor WARNING  Orphan pdf_cell 1067 recovered to col=1 by nearest-column fallback (row=25, x=750.4, dist=51.4)
2026-09-07 00:58:48,527 MatchingPostProcessor WARNING  Orphan pdf_cell 1068 recovered to col=1 by nearest-column fallback (row=25, x=761.5, dist=40.3)
2026-09-07 00:58:48,527 MatchingPostProcessor WARNING  Orphan pdf_cell 1069 recovered to col=1 by nearest-column fallback (row=25, x=772.6, dist=29.2)
2026-09-07 00:58:48,527 MatchingPostProcessor WARNING  Orphan pdf_cell 1086 recovered to col=1 by nearest-column fallback (row=26, x=617.4, dist=184.4)
2026-09-07 00:58:48,527 MatchingPostProcessor WARNING  Orphan pdf_cell 1087 recovered to col=1 by nearest-column fallback (row=26, x=628.5, dist=173.3)
2026-09-07 00:58:48,527 MatchingPostProcessor WARNING  Orphan pdf_cell 1088 recovered to col=1 by nearest-column fallback (row=26, x=639.5, dist=162.2)
2026-09-07 00:58:48,527 MatchingPostProcessor WARNING  Orphan pdf_cell 1089 recovered to col=1 by nearest-column fallback (row=26, x=650.6, dist=151.1)
2026-09-07 00:58:48,527 MatchingPostProcessor WARNING  Orphan pdf_cell 1090 recovered to col=1 by nearest-column fallback (row=26, x=661.7, dist=140.1)
2026-09-07 00:58:48,527 MatchingPostProcessor WARNING  Orphan pdf_cell 1091 recovered to col=1 by nearest-column fallback (row=26, x=672.8, dist=129.0)
2026-09-07 00:58:48,528 MatchingPostProcessor WARNING  Orphan pdf_cell 1092 recovered to col=1 by nearest-column fallback (row=26, x=683.9, dist=117.9)
2026-09-07 00:58:48,528 MatchingPostProcessor WARNING  Orphan pdf_cell 1093 recovered to col=1 by nearest-column fallback (row=26, x=695.0, dist=106.8)
2026-09-07 00:58:48,528 MatchingPostProcessor WARNING  Orphan pdf_cell 1094 recovered to col=1 by nearest-column fallback (row=26, x=706.1, dist=95.7)
2026-09-07 00:58:48,528 MatchingPostProcessor WARNING  Orphan pdf_cell 1095 recovered to col=1 by nearest-column fallback (row=26, x=717.2, dist=84.6)
2026-09-07 00:58:48,528 MatchingPostProcessor WARNING  Orphan pdf_cell 1096 recovered to col=1 by nearest-column fallback (row=26, x=728.2, dist=73.5)
2026-09-07 00:58:48,528 MatchingPostProcessor WARNING  Orphan pdf_cell 1097 recovered to col=1 by nearest-column fallback (row=26, x=739.3, dist=62.4)
2026-09-07 00:58:48,528 MatchingPostProcessor WARNING  Orphan pdf_cell 1098 recovered to col=1 by nearest-column fallback (row=26, x=750.4, dist=51.4)
2026-09-07 00:58:48,528 MatchingPostProcessor WARNING  Orphan pdf_cell 1099 recovered to col=1 by nearest-column fallback (row=26, x=761.5, dist=40.3)
2026-09-07 00:58:48,528 MatchingPostProcessor WARNING  Orphan pdf_cell 1100 recovered to col=1 by nearest-column fallback (row=26, x=772.6, dist=29.2)
2026-09-07 00:58:48,528 MatchingPostProcessor WARNING  Orphan pdf_cell 1143 recovered to col=1 by nearest-column fallback (row=27, x=617.4, dist=184.4)
2026-09-07 00:58:48,528 MatchingPostProcessor WARNING  Orphan pdf_cell 1144 recovered to col=1 by nearest-column fallback (row=27, x=628.5, dist=173.3)
2026-09-07 00:58:48,528 MatchingPostProcessor WARNING  Orphan pdf_cell 1145 recovered to col=1 by nearest-column fallback (row=27, x=639.5, dist=162.2)
2026-09-07 00:58:48,528 MatchingPostProcessor WARNING  Orphan pdf_cell 1146 recovered to col=1 by nearest-column fallback (row=27, x=650.6, dist=151.1)
2026-09-07 00:58:48,528 MatchingPostProcessor WARNING  Orphan pdf_cell 1147 recovered to col=1 by nearest-column fallback (row=27, x=661.7, dist=140.1)
2026-09-07 00:58:48,528 MatchingPostProcessor WARNING  Orphan pdf_cell 1148 recovered to col=1 by nearest-column fallback (row=27, x=672.8, dist=129.0)
2026-09-07 00:58:48,528 MatchingPostProcessor WARNING  Orphan pdf_cell 1149 recovered to col=1 by nearest-column fallback (row=27, x=683.9, dist=117.9)
2026-09-07 00:58:48,528 MatchingPostProcessor WARNING  Orphan pdf_cell 1150 recovered to col=1 by nearest-column fallback (row=27, x=695.0, dist=106.8)
2026-09-07 00:58:48,529 MatchingPostProcessor WARNING  Orphan pdf_cell 1151 recovered to col=1 by nearest-column fallback (row=27, x=706.1, dist=95.7)
2026-09-07 00:58:48,529 MatchingPostProcessor WARNING  Orphan pdf_cell 1152 recovered to col=1 by nearest-column fallback (row=27, x=717.2, dist=84.6)
2026-09-07 00:58:48,529 MatchingPostProcessor WARNING  Orphan pdf_cell 1153 recovered to col=1 by nearest-column fallback (row=27, x=728.2, dist=73.5)
2026-09-07 00:58:48,529 MatchingPostProcessor WARNING  Orphan pdf_cell 1154 recovered to col=1 by nearest-column fallback (row=27, x=739.3, dist=62.4)
2026-09-07 00:58:48,529 MatchingPostProcessor WARNING  Orphan pdf_cell 1155 recovered to col=1 by nearest-column fallback (row=27, x=750.4, dist=51.4)
2026-09-07 00:58:48,529 MatchingPostProcessor WARNING  Orphan pdf_cell 1156 recovered to col=1 by nearest-column fallback (row=27, x=761.5, dist=40.3)
2026-09-07 00:58:48,529 MatchingPostProcessor WARNING  Orphan pdf_cell 1157 recovered to col=1 by nearest-column fallback (row=27, x=772.6, dist=29.2)
2026-09-07 00:58:48,529 MatchingPostProcessor WARNING  Orphan pdf_cell 1201 recovered to col=1 by nearest-column fallback (row=30, x=617.4, dist=184.4)
2026-09-07 00:58:48,529 MatchingPostProcessor WARNING  Orphan pdf_cell 1202 recovered to col=1 by nearest-column fallback (row=30, x=628.5, dist=173.3)
2026-09-07 00:58:48,529 MatchingPostProcessor WARNING  Orphan pdf_cell 1203 recovered to col=1 by nearest-column fallback (row=30, x=639.5, dist=162.2)
2026-09-07 00:58:48,529 MatchingPostProcessor WARNING  Orphan pdf_cell 1204 recovered to col=1 by nearest-column fallback (row=30, x=650.6, dist=151.1)
2026-09-07 00:58:48,529 MatchingPostProcessor WARNING  Orphan pdf_cell 1205 recovered to col=1 by nearest-column fallback (row=30, x=661.7, dist=140.1)
2026-09-07 00:58:48,529 MatchingPostProcessor WARNING  Orphan pdf_cell 1206 recovered to col=1 by nearest-column fallback (row=30, x=672.8, dist=129.0)
2026-09-07 00:58:48,529 MatchingPostProcessor WARNING  Orphan pdf_cell 1207 recovered to col=1 by nearest-column fallback (row=30, x=683.9, dist=117.9)
2026-09-07 00:58:48,529 MatchingPostProcessor WARNING  Orphan pdf_cell 1208 recovered to col=1 by nearest-column fallback (row=30, x=695.0, dist=106.8)
2026-09-07 00:58:48,529 MatchingPostProcessor WARNING  Orphan pdf_cell 1209 recovered to col=1 by nearest-column fallback (row=30, x=706.1, dist=95.7)
2026-09-07 00:58:48,529 MatchingPostProcessor WARNING  Orphan pdf_cell 1210 recovered to col=1 by nearest-column fallback (row=30, x=717.2, dist=84.6)
2026-09-07 00:58:48,529 MatchingPostProcessor WARNING  Orphan pdf_cell 1211 recovered to col=1 by nearest-column fallback (row=30, x=728.2, dist=73.5)
2026-09-07 00:58:48,529 MatchingPostProcessor WARNING  Orphan pdf_cell 1212 recovered to col=1 by nearest-column fallback (row=30, x=739.3, dist=62.4)
2026-09-07 00:58:48,529 MatchingPostProcessor WARNING  Orphan pdf_cell 1213 recovered to col=1 by nearest-column fallback (row=30, x=750.4, dist=51.4)
2026-09-07 00:58:48,529 MatchingPostProcessor WARNING  Orphan pdf_cell 1214 recovered to col=1 by nearest-column fallback (row=30, x=761.5, dist=40.3)
2026-09-07 00:58:48,530 MatchingPostProcessor WARNING  Orphan pdf_cell 1215 recovered to col=1 by nearest-column fallback (row=30, x=772.6, dist=29.2)
2026-09-07 00:58:48,530 MatchingPostProcessor WARNING  Orphan pdf_cell 1254 recovered to col=1 by nearest-column fallback (row=31, x=617.4, dist=184.4)
2026-09-07 00:58:48,530 MatchingPostProcessor WARNING  Orphan pdf_cell 1255 recovered to col=1 by nearest-column fallback (row=31, x=628.5, dist=173.3)
2026-09-07 00:58:48,530 MatchingPostProcessor WARNING  Orphan pdf_cell 1256 recovered to col=1 by nearest-column fallback (row=31, x=639.5, dist=162.2)
2026-09-07 00:58:48,530 MatchingPostProcessor WARNING  Orphan pdf_cell 1257 recovered to col=1 by nearest-column fallback (row=31, x=650.6, dist=151.1)
2026-09-07 00:58:48,530 MatchingPostProcessor WARNING  Orphan pdf_cell 1258 recovered to col=1 by nearest-column fallback (row=31, x=661.7, dist=140.1)
2026-09-07 00:58:48,530 MatchingPostProcessor WARNING  Orphan pdf_cell 1259 recovered to col=1 by nearest-column fallback (row=31, x=672.8, dist=129.0)
2026-09-07 00:58:48,530 MatchingPostProcessor WARNING  Orphan pdf_cell 1260 recovered to col=1 by nearest-column fallback (row=31, x=683.9, dist=117.9)
2026-09-07 00:58:48,530 MatchingPostProcessor WARNING  Orphan pdf_cell 1261 recovered to col=1 by nearest-column fallback (row=31, x=695.0, dist=106.8)
2026-09-07 00:58:48,530 MatchingPostProcessor WARNING  Orphan pdf_cell 1262 recovered to col=1 by nearest-column fallback (row=31, x=706.1, dist=95.7)
2026-09-07 00:58:48,530 MatchingPostProcessor WARNING  Orphan pdf_cell 1263 recovered to col=1 by nearest-column fallback (row=31, x=717.2, dist=84.6)
2026-09-07 00:58:48,530 MatchingPostProcessor WARNING  Orphan pdf_cell 1264 recovered to col=1 by nearest-column fallback (row=31, x=728.2, dist=73.5)
2026-09-07 00:58:48,530 MatchingPostProcessor WARNING  Orphan pdf_cell 1265 recovered to col=1 by nearest-column fallback (row=31, x=739.3, dist=62.4)
2026-09-07 00:58:48,530 MatchingPostProcessor WARNING  Orphan pdf_cell 1266 recovered to col=1 by nearest-column fallback (row=31, x=750.4, dist=51.4)
2026-09-07 00:58:48,530 MatchingPostProcessor WARNING  Orphan pdf_cell 1267 recovered to col=1 by nearest-column fallback (row=31, x=761.5, dist=40.3)
2026-09-07 00:58:48,530 MatchingPostProcessor WARNING  Orphan pdf_cell 1268 recovered to col=1 by nearest-column fallback (row=31, x=772.6, dist=29.2)
2026-09-07 00:58:48,531 MatchingPostProcessor WARNING  Orphan pdf_cell 1305 recovered to col=1 by nearest-column fallback (row=32, x=617.4, dist=184.4)
2026-09-07 00:58:48,531 MatchingPostProcessor WARNING  Orphan pdf_cell 1306 recovered to col=1 by nearest-column fallback (row=32, x=628.5, dist=173.3)
2026-09-07 00:58:48,531 MatchingPostProcessor WARNING  Orphan pdf_cell 1307 recovered to col=1 by nearest-column fallback (row=32, x=639.5, dist=162.2)
2026-09-07 00:58:48,531 MatchingPostProcessor WARNING  Orphan pdf_cell 1308 recovered to col=1 by nearest-column fallback (row=32, x=650.6, dist=151.1)
2026-09-07 00:58:48,531 MatchingPostProcessor WARNING  Orphan pdf_cell 1309 recovered to col=1 by nearest-column fallback (row=32, x=661.7, dist=140.1)
2026-09-07 00:58:48,531 MatchingPostProcessor WARNING  Orphan pdf_cell 1310 recovered to col=1 by nearest-column fallback (row=32, x=672.8, dist=129.0)
2026-09-07 00:58:48,531 MatchingPostProcessor WARNING  Orphan pdf_cell 1311 recovered to col=1 by nearest-column fallback (row=32, x=683.9, dist=117.9)
2026-09-07 00:58:48,531 MatchingPostProcessor WARNING  Orphan pdf_cell 1312 recovered to col=1 by nearest-column fallback (row=32, x=695.0, dist=106.8)
2026-09-07 00:58:48,531 MatchingPostProcessor WARNING  Orphan pdf_cell 1313 recovered to col=1 by nearest-column fallback (row=32, x=706.1, dist=95.7)
2026-09-07 00:58:48,531 MatchingPostProcessor WARNING  Orphan pdf_cell 1314 recovered to col=1 by nearest-column fallback (row=32, x=717.2, dist=84.6)
2026-09-07 00:58:48,531 MatchingPostProcessor WARNING  Orphan pdf_cell 1315 recovered to col=1 by nearest-column fallback (row=32, x=728.2, dist=73.5)
2026-09-07 00:58:48,531 MatchingPostProcessor WARNING  Orphan pdf_cell 1316 recovered to col=1 by nearest-column fallback (row=32, x=739.3, dist=62.4)
2026-09-07 00:58:48,531 MatchingPostProcessor WARNING  Orphan pdf_cell 1317 recovered to col=1 by nearest-column fallback (row=32, x=750.4, dist=51.4)
2026-09-07 00:58:48,531 MatchingPostProcessor WARNING  Orphan pdf_cell 1318 recovered to col=1 by nearest-column fallback (row=32, x=761.5, dist=40.3)
2026-09-07 00:58:48,531 MatchingPostProcessor WARNING  Orphan pdf_cell 1319 recovered to col=1 by nearest-column fallback (row=32, x=772.6, dist=29.2)
2026-09-07 00:58:48,532 MatchingPostProcessor WARNING  Orphan pdf_cell 1357 recovered to col=1 by nearest-column fallback (row=33, x=617.4, dist=184.4)
2026-09-07 00:58:48,532 MatchingPostProcessor WARNING  Orphan pdf_cell 1358 recovered to col=1 by nearest-column fallback (row=33, x=628.5, dist=173.3)
2026-09-07 00:58:48,532 MatchingPostProcessor WARNING  Orphan pdf_cell 1359 recovered to col=1 by nearest-column fallback (row=33, x=639.5, dist=162.2)
2026-09-07 00:58:48,532 MatchingPostProcessor WARNING  Orphan pdf_cell 1360 recovered to col=1 by nearest-column fallback (row=33, x=650.6, dist=151.1)
2026-09-07 00:58:48,532 MatchingPostProcessor WARNING  Orphan pdf_cell 1361 recovered to col=1 by nearest-column fallback (row=33, x=661.7, dist=140.1)
2026-09-07 00:58:48,532 MatchingPostProcessor WARNING  Orphan pdf_cell 1362 recovered to col=1 by nearest-column fallback (row=33, x=672.8, dist=129.0)
2026-09-07 00:58:48,532 MatchingPostProcessor WARNING  Orphan pdf_cell 1363 recovered to col=1 by nearest-column fallback (row=33, x=683.9, dist=117.9)
2026-09-07 00:58:48,532 MatchingPostProcessor WARNING  Orphan pdf_cell 1364 recovered to col=1 by nearest-column fallback (row=33, x=695.0, dist=106.8)
2026-09-07 00:58:48,532 MatchingPostProcessor WARNING  Orphan pdf_cell 1365 recovered to col=1 by nearest-column fallback (row=33, x=706.1, dist=95.7)
2026-09-07 00:58:48,532 MatchingPostProcessor WARNING  Orphan pdf_cell 1366 recovered to col=1 by nearest-column fallback (row=33, x=717.2, dist=84.6)
2026-09-07 00:58:48,532 MatchingPostProcessor WARNING  Orphan pdf_cell 1367 recovered to col=1 by nearest-column fallback (row=33, x=728.2, dist=73.5)
2026-09-07 00:58:48,532 MatchingPostProcessor WARNING  Orphan pdf_cell 1368 recovered to col=1 by nearest-column fallback (row=33, x=739.3, dist=62.4)
2026-09-07 00:58:48,532 MatchingPostProcessor WARNING  Orphan pdf_cell 1369 recovered to col=1 by nearest-column fallback (row=33, x=750.4, dist=51.4)
2026-09-07 00:58:48,532 MatchingPostProcessor WARNING  Orphan pdf_cell 1370 recovered to col=1 by nearest-column fallback (row=33, x=761.5, dist=40.3)
2026-09-07 00:58:48,532 MatchingPostProcessor WARNING  Orphan pdf_cell 1371 recovered to col=1 by nearest-column fallback (row=33, x=772.6, dist=29.2)
2026-09-07 00:58:48,533 MatchingPostProcessor WARNING  Orphan pdf_cell 1401 recovered to col=1 by nearest-column fallback (row=34, x=617.4, dist=184.4)
2026-09-07 00:58:48,533 MatchingPostProcessor WARNING  Orphan pdf_cell 1402 recovered to col=1 by nearest-column fallback (row=34, x=628.5, dist=173.3)
2026-09-07 00:58:48,533 MatchingPostProcessor WARNING  Orphan pdf_cell 1403 recovered to col=1 by nearest-column fallback (row=34, x=639.5, dist=162.2)
2026-09-07 00:58:48,533 MatchingPostProcessor WARNING  Orphan pdf_cell 1404 recovered to col=1 by nearest-column fallback (row=34, x=650.6, dist=151.1)
2026-09-07 00:58:48,533 MatchingPostProcessor WARNING  Orphan pdf_cell 1405 recovered to col=1 by nearest-column fallback (row=34, x=661.7, dist=140.1)
2026-09-07 00:58:48,533 MatchingPostProcessor WARNING  Orphan pdf_cell 1406 recovered to col=1 by nearest-column fallback (row=34, x=672.8, dist=129.0)
2026-09-07 00:58:48,533 MatchingPostProcessor WARNING  Orphan pdf_cell 1407 recovered to col=1 by nearest-column fallback (row=34, x=683.9, dist=117.9)
2026-09-07 00:58:48,533 MatchingPostProcessor WARNING  Orphan pdf_cell 1408 recovered to col=1 by nearest-column fallback (row=34, x=695.0, dist=106.8)
2026-09-07 00:58:48,533 MatchingPostProcessor WARNING  Orphan pdf_cell 1409 recovered to col=1 by nearest-column fallback (row=34, x=706.1, dist=95.7)
2026-09-07 00:58:48,533 MatchingPostProcessor WARNING  Orphan pdf_cell 1410 recovered to col=1 by nearest-column fallback (row=34, x=717.2, dist=84.6)
2026-09-07 00:58:48,533 MatchingPostProcessor WARNING  Orphan pdf_cell 1411 recovered to col=1 by nearest-column fallback (row=34, x=728.2, dist=73.5)
2026-09-07 00:58:48,533 MatchingPostProcessor WARNING  Orphan pdf_cell 1412 recovered to col=1 by nearest-column fallback (row=34, x=739.3, dist=62.4)
2026-09-07 00:58:48,533 MatchingPostProcessor WARNING  Orphan pdf_cell 1413 recovered to col=1 by nearest-column fallback (row=34, x=750.4, dist=51.4)
2026-09-07 00:58:48,533 MatchingPostProcessor WARNING  Orphan pdf_cell 1414 recovered to col=1 by nearest-column fallback (row=34, x=761.5, dist=40.3)
2026-09-07 00:58:48,533 MatchingPostProcessor WARNING  Orphan pdf_cell 1415 recovered to col=1 by nearest-column fallback (row=34, x=772.6, dist=29.2)
2026-09-07 00:58:48,533 MatchingPostProcessor WARNING  Orphan pdf_cell 1429 recovered to col=1 by nearest-column fallback (row=35, x=617.4, dist=184.4)
2026-09-07 00:58:48,533 MatchingPostProcessor WARNING  Orphan pdf_cell 1430 recovered to col=1 by nearest-column fallback (row=35, x=628.5, dist=173.3)
2026-09-07 00:58:48,533 MatchingPostProcessor WARNING  Orphan pdf_cell 1431 recovered to col=1 by nearest-column fallback (row=35, x=639.5, dist=162.2)
2026-09-07 00:58:48,533 MatchingPostProcessor WARNING  Orphan pdf_cell 1432 recovered to col=1 by nearest-column fallback (row=35, x=650.6, dist=151.1)
2026-09-07 00:58:48,533 MatchingPostProcessor WARNING  Orphan pdf_cell 1433 recovered to col=1 by nearest-column fallback (row=35, x=661.7, dist=140.1)
2026-09-07 00:58:48,533 MatchingPostProcessor WARNING  Orphan pdf_cell 1434 recovered to col=1 by nearest-column fallback (row=35, x=672.8, dist=129.0)
2026-09-07 00:58:48,533 MatchingPostProcessor WARNING  Orphan pdf_cell 1435 recovered to col=1 by nearest-column fallback (row=35, x=683.9, dist=117.9)
2026-09-07 00:58:48,533 MatchingPostProcessor WARNING  Orphan pdf_cell 1436 recovered to col=1 by nearest-column fallback (row=35, x=695.0, dist=106.8)
2026-09-07 00:58:48,533 MatchingPostProcessor WARNING  Orphan pdf_cell 1437 recovered to col=1 by nearest-column fallback (row=35, x=706.1, dist=95.7)
2026-09-07 00:58:48,533 MatchingPostProcessor WARNING  Orphan pdf_cell 1438 recovered to col=1 by nearest-column fallback (row=35, x=717.2, dist=84.6)
2026-09-07 00:58:48,533 MatchingPostProcessor WARNING  Orphan pdf_cell 1439 recovered to col=1 by nearest-column fallback (row=35, x=728.2, dist=73.5)
2026-09-07 00:58:48,533 MatchingPostProcessor WARNING  Orphan pdf_cell 1440 recovered to col=1 by nearest-column fallback (row=35, x=739.3, dist=62.4)
2026-09-07 00:58:48,533 MatchingPostProcessor WARNING  Orphan pdf_cell 1441 recovered to col=1 by nearest-column fallback (row=35, x=750.4, dist=51.4)
2026-09-07 00:58:48,534 MatchingPostProcessor WARNING  Orphan pdf_cell 1442 recovered to col=1 by nearest-column fallback (row=35, x=761.5, dist=40.3)
2026-09-07 00:58:48,534 MatchingPostProcessor WARNING  Orphan pdf_cell 1443 recovered to col=1 by nearest-column fallback (row=35, x=772.6, dist=29.2)
2026-09-07 00:58:48,534 MatchingPostProcessor WARNING  Orphan pdf_cell 1465 recovered to col=1 by nearest-column fallback (row=36, x=617.4, dist=184.4)
2026-09-07 00:58:48,534 MatchingPostProcessor WARNING  Orphan pdf_cell 1466 recovered to col=1 by nearest-column fallback (row=36, x=628.5, dist=173.3)
2026-09-07 00:58:48,534 MatchingPostProcessor WARNING  Orphan pdf_cell 1467 recovered to col=1 by nearest-column fallback (row=36, x=639.5, dist=162.2)
2026-09-07 00:58:48,534 MatchingPostProcessor WARNING  Orphan pdf_cell 1468 recovered to col=1 by nearest-column fallback (row=36, x=650.6, dist=151.1)
2026-09-07 00:58:48,534 MatchingPostProcessor WARNING  Orphan pdf_cell 1469 recovered to col=1 by nearest-column fallback (row=36, x=661.7, dist=140.1)
2026-09-07 00:58:48,534 MatchingPostProcessor WARNING  Orphan pdf_cell 1470 recovered to col=1 by nearest-column fallback (row=36, x=672.8, dist=129.0)
2026-09-07 00:58:48,534 MatchingPostProcessor WARNING  Orphan pdf_cell 1471 recovered to col=1 by nearest-column fallback (row=36, x=683.9, dist=117.9)
2026-09-07 00:58:48,534 MatchingPostProcessor WARNING  Orphan pdf_cell 1472 recovered to col=1 by nearest-column fallback (row=36, x=695.0, dist=106.8)
2026-09-07 00:58:48,534 MatchingPostProcessor WARNING  Orphan pdf_cell 1473 recovered to col=1 by nearest-column fallback (row=36, x=706.1, dist=95.7)
2026-09-07 00:58:48,534 MatchingPostProcessor WARNING  Orphan pdf_cell 1474 recovered to col=1 by nearest-column fallback (row=36, x=717.2, dist=84.6)
2026-09-07 00:58:48,534 MatchingPostProcessor WARNING  Orphan pdf_cell 1475 recovered to col=1 by nearest-column fallback (row=36, x=728.2, dist=73.5)
2026-09-07 00:58:48,534 MatchingPostProcessor WARNING  Orphan pdf_cell 1476 recovered to col=1 by nearest-column fallback (row=36, x=739.3, dist=62.4)
2026-09-07 00:58:48,534 MatchingPostProcessor WARNING  Orphan pdf_cell 1477 recovered to col=1 by nearest-column fallback (row=36, x=750.4, dist=51.4)
2026-09-07 00:58:48,534 MatchingPostProcessor WARNING  Orphan pdf_cell 1478 recovered to col=1 by nearest-column fallback (row=36, x=761.5, dist=40.3)
2026-09-07 00:58:48,534 MatchingPostProcessor WARNING  Orphan pdf_cell 1479 recovered to col=1 by nearest-column fallback (row=36, x=772.6, dist=29.2)
2026-09-07 00:58:48,534 MatchingPostProcessor WARNING  Orphan pdf_cell 1494 recovered to col=1 by nearest-column fallback (row=37, x=617.4, dist=184.4)
2026-09-07 00:58:48,534 MatchingPostProcessor WARNING  Orphan pdf_cell 1495 recovered to col=1 by nearest-column fallback (row=37, x=628.5, dist=173.3)
2026-09-07 00:58:48,534 MatchingPostProcessor WARNING  Orphan pdf_cell 1496 recovered to col=1 by nearest-column fallback (row=37, x=639.5, dist=162.2)
2026-09-07 00:58:48,534 MatchingPostProcessor WARNING  Orphan pdf_cell 1497 recovered to col=1 by nearest-column fallback (row=37, x=650.6, dist=151.1)
2026-09-07 00:58:48,534 MatchingPostProcessor WARNING  Orphan pdf_cell 1498 recovered to col=1 by nearest-column fallback (row=37, x=661.7, dist=140.1)
2026-09-07 00:58:48,534 MatchingPostProcessor WARNING  Orphan pdf_cell 1499 recovered to col=1 by nearest-column fallback (row=37, x=672.8, dist=129.0)
2026-09-07 00:58:48,534 MatchingPostProcessor WARNING  Orphan pdf_cell 1500 recovered to col=1 by nearest-column fallback (row=37, x=683.9, dist=117.9)
2026-09-07 00:58:48,534 MatchingPostProcessor WARNING  Orphan pdf_cell 1501 recovered to col=1 by nearest-column fallback (row=37, x=695.0, dist=106.8)
2026-09-07 00:58:48,534 MatchingPostProcessor WARNING  Orphan pdf_cell 1502 recovered to col=1 by nearest-column fallback (row=37, x=706.1, dist=95.7)
2026-09-07 00:58:48,534 MatchingPostProcessor WARNING  Orphan pdf_cell 1503 recovered to col=1 by nearest-column fallback (row=37, x=717.2, dist=84.6)
2026-09-07 00:58:48,534 MatchingPostProcessor WARNING  Orphan pdf_cell 1504 recovered to col=1 by nearest-column fallback (row=37, x=728.2, dist=73.5)
2026-09-07 00:58:48,534 MatchingPostProcessor WARNING  Orphan pdf_cell 1505 recovered to col=1 by nearest-column fallback (row=37, x=739.3, dist=62.4)
2026-09-07 00:58:48,534 MatchingPostProcessor WARNING  Orphan pdf_cell 1506 recovered to col=1 by nearest-column fallback (row=37, x=750.4, dist=51.4)
2026-09-07 00:58:48,535 MatchingPostProcessor WARNING  Orphan pdf_cell 1507 recovered to col=1 by nearest-column fallback (row=37, x=761.5, dist=40.3)
2026-09-07 00:58:48,535 MatchingPostProcessor WARNING  Orphan pdf_cell 1508 recovered to col=1 by nearest-column fallback (row=37, x=772.6, dist=29.2)
2026-09-07 00:58:48,535 MatchingPostProcessor WARNING  Orphan pdf_cell 1537 recovered to col=1 by nearest-column fallback (row=38, x=617.4, dist=184.4)
2026-09-07 00:58:48,535 MatchingPostProcessor WARNING  Orphan pdf_cell 1538 recovered to col=1 by nearest-column fallback (row=38, x=628.5, dist=173.3)
2026-09-07 00:58:48,535 MatchingPostProcessor WARNING  Orphan pdf_cell 1539 recovered to col=1 by nearest-column fallback (row=38, x=639.5, dist=162.2)
2026-09-07 00:58:48,535 MatchingPostProcessor WARNING  Orphan pdf_cell 1540 recovered to col=1 by nearest-column fallback (row=38, x=650.6, dist=151.1)
2026-09-07 00:58:48,535 MatchingPostProcessor WARNING  Orphan pdf_cell 1541 recovered to col=1 by nearest-column fallback (row=38, x=661.7, dist=140.1)
2026-09-07 00:58:48,535 MatchingPostProcessor WARNING  Orphan pdf_cell 1542 recovered to col=1 by nearest-column fallback (row=38, x=672.8, dist=129.0)
2026-09-07 00:58:48,535 MatchingPostProcessor WARNING  Orphan pdf_cell 1543 recovered to col=1 by nearest-column fallback (row=38, x=683.9, dist=117.9)
2026-09-07 00:58:48,535 MatchingPostProcessor WARNING  Orphan pdf_cell 1544 recovered to col=1 by nearest-column fallback (row=38, x=695.0, dist=106.8)
2026-09-07 00:58:48,535 MatchingPostProcessor WARNING  Orphan pdf_cell 1545 recovered to col=1 by nearest-column fallback (row=38, x=706.1, dist=95.7)
2026-09-07 00:58:48,535 MatchingPostProcessor WARNING  Orphan pdf_cell 1546 recovered to col=1 by nearest-column fallback (row=38, x=717.2, dist=84.6)
2026-09-07 00:58:48,535 MatchingPostProcessor WARNING  Orphan pdf_cell 1547 recovered to col=1 by nearest-column fallback (row=38, x=728.2, dist=73.5)
2026-09-07 00:58:48,535 MatchingPostProcessor WARNING  Orphan pdf_cell 1548 recovered to col=1 by nearest-column fallback (row=38, x=739.3, dist=62.4)
2026-09-07 00:58:48,535 MatchingPostProcessor WARNING  Orphan pdf_cell 1549 recovered to col=1 by nearest-column fallback (row=38, x=750.4, dist=51.4)
2026-09-07 00:58:48,535 MatchingPostProcessor WARNING  Orphan pdf_cell 1550 recovered to col=1 by nearest-column fallback (row=38, x=761.5, dist=40.3)
2026-09-07 00:58:48,535 MatchingPostProcessor WARNING  Orphan pdf_cell 1551 recovered to col=1 by nearest-column fallback (row=38, x=772.6, dist=29.2)
2026-09-07 00:58:48,536 MatchingPostProcessor WARNING  Orphan pdf_cell 1574 recovered to col=1 by nearest-column fallback (row=39, x=617.4, dist=184.4)
2026-09-07 00:58:48,536 MatchingPostProcessor WARNING  Orphan pdf_cell 1575 recovered to col=1 by nearest-column fallback (row=39, x=628.5, dist=173.3)
2026-09-07 00:58:48,536 MatchingPostProcessor WARNING  Orphan pdf_cell 1576 recovered to col=1 by nearest-column fallback (row=39, x=639.5, dist=162.2)
2026-09-07 00:58:48,536 MatchingPostProcessor WARNING  Orphan pdf_cell 1577 recovered to col=1 by nearest-column fallback (row=39, x=650.6, dist=151.1)
2026-09-07 00:58:48,536 MatchingPostProcessor WARNING  Orphan pdf_cell 1578 recovered to col=1 by nearest-column fallback (row=39, x=661.7, dist=140.1)
2026-09-07 00:58:48,536 MatchingPostProcessor WARNING  Orphan pdf_cell 1579 recovered to col=1 by nearest-column fallback (row=39, x=672.8, dist=129.0)
2026-09-07 00:58:48,536 MatchingPostProcessor WARNING  Orphan pdf_cell 1580 recovered to col=1 by nearest-column fallback (row=39, x=683.9, dist=117.9)
2026-09-07 00:58:48,536 MatchingPostProcessor WARNING  Orphan pdf_cell 1581 recovered to col=1 by nearest-column fallback (row=39, x=695.0, dist=106.8)
2026-09-07 00:58:48,536 MatchingPostProcessor WARNING  Orphan pdf_cell 1582 recovered to col=1 by nearest-column fallback (row=39, x=706.1, dist=95.7)
2026-09-07 00:58:48,536 MatchingPostProcessor WARNING  Orphan pdf_cell 1583 recovered to col=1 by nearest-column fallback (row=39, x=717.2, dist=84.6)
2026-09-07 00:58:48,536 MatchingPostProcessor WARNING  Orphan pdf_cell 1584 recovered to col=1 by nearest-column fallback (row=39, x=728.2, dist=73.5)
2026-09-07 00:58:48,536 MatchingPostProcessor WARNING  Orphan pdf_cell 1585 recovered to col=1 by nearest-column fallback (row=39, x=739.3, dist=62.4)
2026-09-07 00:58:48,536 MatchingPostProcessor WARNING  Orphan pdf_cell 1586 recovered to col=1 by nearest-column fallback (row=39, x=750.4, dist=51.4)
2026-09-07 00:58:48,536 MatchingPostProcessor WARNING  Orphan pdf_cell 1587 recovered to col=1 by nearest-column fallback (row=39, x=761.5, dist=40.3)
2026-09-07 00:58:48,536 MatchingPostProcessor WARNING  Orphan pdf_cell 1588 recovered to col=1 by nearest-column fallback (row=39, x=772.6, dist=29.2)
2026-09-07 00:58:48,536 MatchingPostProcessor WARNING  Orphan pdf_cell 1609 recovered to col=1 by nearest-column fallback (row=40, x=617.4, dist=184.4)
2026-09-07 00:58:48,536 MatchingPostProcessor WARNING  Orphan pdf_cell 1610 recovered to col=1 by nearest-column fallback (row=40, x=628.5, dist=173.3)
2026-09-07 00:58:48,536 MatchingPostProcessor WARNING  Orphan pdf_cell 1611 recovered to col=1 by nearest-column fallback (row=40, x=639.5, dist=162.2)
2026-09-07 00:58:48,537 MatchingPostProcessor WARNING  Orphan pdf_cell 1612 recovered to col=1 by nearest-column fallback (row=40, x=650.6, dist=151.1)
2026-09-07 00:58:48,537 MatchingPostProcessor WARNING  Orphan pdf_cell 1613 recovered to col=1 by nearest-column fallback (row=40, x=661.7, dist=140.1)
2026-09-07 00:58:48,537 MatchingPostProcessor WARNING  Orphan pdf_cell 1614 recovered to col=1 by nearest-column fallback (row=40, x=672.8, dist=129.0)
2026-09-07 00:58:48,537 MatchingPostProcessor WARNING  Orphan pdf_cell 1615 recovered to col=1 by nearest-column fallback (row=40, x=683.9, dist=117.9)
2026-09-07 00:58:48,537 MatchingPostProcessor WARNING  Orphan pdf_cell 1616 recovered to col=1 by nearest-column fallback (row=40, x=695.0, dist=106.8)
2026-09-07 00:58:48,537 MatchingPostProcessor WARNING  Orphan pdf_cell 1617 recovered to col=1 by nearest-column fallback (row=40, x=706.1, dist=95.7)
2026-09-07 00:58:48,537 MatchingPostProcessor WARNING  Orphan pdf_cell 1618 recovered to col=1 by nearest-column fallback (row=40, x=717.2, dist=84.6)
2026-09-07 00:58:48,537 MatchingPostProcessor WARNING  Orphan pdf_cell 1619 recovered to col=1 by nearest-column fallback (row=40, x=728.2, dist=73.5)
2026-09-07 00:58:48,537 MatchingPostProcessor WARNING  Orphan pdf_cell 1620 recovered to col=1 by nearest-column fallback (row=40, x=739.3, dist=62.4)
2026-09-07 00:58:48,537 MatchingPostProcessor WARNING  Orphan pdf_cell 1621 recovered to col=1 by nearest-column fallback (row=40, x=750.4, dist=51.4)
2026-09-07 00:58:48,537 MatchingPostProcessor WARNING  Orphan pdf_cell 1622 recovered to col=1 by nearest-column fallback (row=40, x=761.5, dist=40.3)
2026-09-07 00:58:48,537 MatchingPostProcessor WARNING  Orphan pdf_cell 1623 recovered to col=1 by nearest-column fallback (row=40, x=772.6, dist=29.2)
2026-09-07 00:58:48,537 MatchingPostProcessor WARNING  Orphan pdf_cell 1644 recovered to col=1 by nearest-column fallback (row=41, x=617.4, dist=184.4)
2026-09-07 00:58:48,537 MatchingPostProcessor WARNING  Orphan pdf_cell 1645 recovered to col=1 by nearest-column fallback (row=41, x=628.5, dist=173.3)
2026-09-07 00:58:48,537 MatchingPostProcessor WARNING  Orphan pdf_cell 1646 recovered to col=1 by nearest-column fallback (row=41, x=639.5, dist=162.2)
2026-09-07 00:58:48,537 MatchingPostProcessor WARNING  Orphan pdf_cell 1647 recovered to col=1 by nearest-column fallback (row=41, x=650.6, dist=151.1)
2026-09-07 00:58:48,537 MatchingPostProcessor WARNING  Orphan pdf_cell 1648 recovered to col=1 by nearest-column fallback (row=41, x=661.7, dist=140.1)
2026-09-07 00:58:48,537 MatchingPostProcessor WARNING  Orphan pdf_cell 1649 recovered to col=1 by nearest-column fallback (row=41, x=672.8, dist=129.0)
2026-09-07 00:58:48,537 MatchingPostProcessor WARNING  Orphan pdf_cell 1650 recovered to col=1 by nearest-column fallback (row=41, x=683.9, dist=117.9)
2026-09-07 00:58:48,537 MatchingPostProcessor WARNING  Orphan pdf_cell 1651 recovered to col=1 by nearest-column fallback (row=41, x=695.0, dist=106.8)
2026-09-07 00:58:48,537 MatchingPostProcessor WARNING  Orphan pdf_cell 1652 recovered to col=1 by nearest-column fallback (row=41, x=706.1, dist=95.7)
2026-09-07 00:58:48,537 MatchingPostProcessor WARNING  Orphan pdf_cell 1653 recovered to col=1 by nearest-column fallback (row=41, x=717.2, dist=84.6)
2026-09-07 00:58:48,538 MatchingPostProcessor WARNING  Orphan pdf_cell 1654 recovered to col=1 by nearest-column fallback (row=41, x=728.2, dist=73.5)
2026-09-07 00:58:48,538 MatchingPostProcessor WARNING  Orphan pdf_cell 1655 recovered to col=1 by nearest-column fallback (row=41, x=739.3, dist=62.4)
2026-09-07 00:58:48,538 MatchingPostProcessor WARNING  Orphan pdf_cell 1656 recovered to col=1 by nearest-column fallback (row=41, x=750.4, dist=51.4)
2026-09-07 00:58:48,538 MatchingPostProcessor WARNING  Orphan pdf_cell 1657 recovered to col=1 by nearest-column fallback (row=41, x=761.5, dist=40.3)
2026-09-07 00:58:48,538 MatchingPostProcessor WARNING  Orphan pdf_cell 1658 recovered to col=1 by nearest-column fallback (row=41, x=772.6, dist=29.2)
2026-09-07 00:58:48,538 MatchingPostProcessor WARNING  Orphan pdf_cell 1700 recovered to col=1 by nearest-column fallback (row=42, x=617.4, dist=184.4)
2026-09-07 00:58:48,538 MatchingPostProcessor WARNING  Orphan pdf_cell 1701 recovered to col=1 by nearest-column fallback (row=42, x=628.5, dist=173.3)
2026-09-07 00:58:48,538 MatchingPostProcessor WARNING  Orphan pdf_cell 1702 recovered to col=1 by nearest-column fallback (row=42, x=639.5, dist=162.2)
2026-09-07 00:58:48,538 MatchingPostProcessor WARNING  Orphan pdf_cell 1703 recovered to col=1 by nearest-column fallback (row=42, x=650.6, dist=151.1)
2026-09-07 00:58:48,538 MatchingPostProcessor WARNING  Orphan pdf_cell 1704 recovered to col=1 by nearest-column fallback (row=42, x=661.7, dist=140.1)
2026-09-07 00:58:48,538 MatchingPostProcessor WARNING  Orphan pdf_cell 1705 recovered to col=1 by nearest-column fallback (row=42, x=672.8, dist=129.0)
2026-09-07 00:58:48,538 MatchingPostProcessor WARNING  Orphan pdf_cell 1706 recovered to col=1 by nearest-column fallback (row=42, x=683.9, dist=117.9)
2026-09-07 00:58:48,538 MatchingPostProcessor WARNING  Orphan pdf_cell 1707 recovered to col=1 by nearest-column fallback (row=42, x=695.0, dist=106.8)
2026-09-07 00:58:48,538 MatchingPostProcessor WARNING  Orphan pdf_cell 1708 recovered to col=1 by nearest-column fallback (row=42, x=706.1, dist=95.7)
2026-09-07 00:58:48,538 MatchingPostProcessor WARNING  Orphan pdf_cell 1709 recovered to col=1 by nearest-column fallback (row=42, x=717.2, dist=84.6)
2026-09-07 00:58:48,538 MatchingPostProcessor WARNING  Orphan pdf_cell 1710 recovered to col=1 by nearest-column fallback (row=42, x=728.2, dist=73.5)
2026-09-07 00:58:48,538 MatchingPostProcessor WARNING  Orphan pdf_cell 1711 recovered to col=1 by nearest-column fallback (row=42, x=739.3, dist=62.4)
2026-09-07 00:58:48,538 MatchingPostProcessor WARNING  Orphan pdf_cell 1712 recovered to col=1 by nearest-column fallback (row=42, x=750.4, dist=51.4)
2026-09-07 00:58:48,538 MatchingPostProcessor WARNING  Orphan pdf_cell 1713 recovered to col=1 by nearest-column fallback (row=42, x=761.5, dist=40.3)
2026-09-07 00:58:48,538 MatchingPostProcessor WARNING  Orphan pdf_cell 1714 recovered to col=1 by nearest-column fallback (row=42, x=772.6, dist=29.2)
2026-09-07 00:58:49,767 MatchingPostProcessor WARNING  Orphan pdf_cell 25 recovered to col=0 by nearest-column fallback (row=1, x=484.3, dist=198.3)
2026-09-07 00:58:49,767 MatchingPostProcessor WARNING  Orphan pdf_cell 26 recovered to col=0 by nearest-column fallback (row=1, x=495.4, dist=209.4)
2026-09-07 00:58:49,767 MatchingPostProcessor WARNING  Orphan pdf_cell 27 recovered to col=0 by nearest-column fallback (row=1, x=506.5, dist=220.5)
2026-09-07 00:58:49,767 MatchingPostProcessor WARNING  Orphan pdf_cell 28 recovered to col=0 by nearest-column fallback (row=1, x=517.6, dist=231.6)
2026-09-07 00:58:49,767 MatchingPostProcessor WARNING  Orphan pdf_cell 29 recovered to col=0 by nearest-column fallback (row=1, x=528.7, dist=242.7)
2026-09-07 00:58:49,767 MatchingPostProcessor WARNING  Orphan pdf_cell 30 recovered to col=0 by nearest-column fallback (row=1, x=539.7, dist=253.8)
2026-09-07 00:58:49,767 MatchingPostProcessor WARNING  Orphan pdf_cell 31 recovered to col=1 by nearest-column fallback (row=1, x=550.8, dist=245.4)
2026-09-07 00:58:49,767 MatchingPostProcessor WARNING  Orphan pdf_cell 32 recovered to col=1 by nearest-column fallback (row=1, x=561.9, dist=234.3)
2026-09-07 00:58:49,767 MatchingPostProcessor WARNING  Orphan pdf_cell 33 recovered to col=1 by nearest-column fallback (row=1, x=573.0, dist=223.3)
2026-09-07 00:58:49,767 MatchingPostProcessor WARNING  Orphan pdf_cell 34 recovered to col=1 by nearest-column fallback (row=1, x=584.1, dist=212.2)
2026-09-07 00:58:49,767 MatchingPostProcessor WARNING  Orphan pdf_cell 35 recovered to col=1 by nearest-column fallback (row=1, x=595.2, dist=201.1)
2026-09-07 00:58:49,767 MatchingPostProcessor WARNING  Orphan pdf_cell 36 recovered to col=1 by nearest-column fallback (row=1, x=606.3, dist=190.0)
2026-09-07 00:58:49,767 MatchingPostProcessor WARNING  Orphan pdf_cell 37 recovered to col=1 by nearest-column fallback (row=1, x=617.4, dist=178.9)
2026-09-07 00:58:49,767 MatchingPostProcessor WARNING  Orphan pdf_cell 38 recovered to col=1 by nearest-column fallback (row=1, x=628.5, dist=167.8)
2026-09-07 00:58:49,767 MatchingPostProcessor WARNING  Orphan pdf_cell 39 recovered to col=1 by nearest-column fallback (row=1, x=639.5, dist=156.7)
2026-09-07 00:58:49,767 MatchingPostProcessor WARNING  Orphan pdf_cell 40 recovered to col=1 by nearest-column fallback (row=1, x=650.6, dist=145.6)
2026-09-07 00:58:49,768 MatchingPostProcessor WARNING  Orphan pdf_cell 41 recovered to col=1 by nearest-column fallback (row=1, x=661.7, dist=134.6)
2026-09-07 00:58:49,768 MatchingPostProcessor WARNING  Orphan pdf_cell 42 recovered to col=1 by nearest-column fallback (row=1, x=672.8, dist=123.5)
2026-09-07 00:58:49,768 MatchingPostProcessor WARNING  Orphan pdf_cell 43 recovered to col=1 by nearest-column fallback (row=1, x=683.9, dist=112.4)
2026-09-07 00:58:49,768 MatchingPostProcessor WARNING  Orphan pdf_cell 44 recovered to col=1 by nearest-column fallback (row=1, x=695.0, dist=101.3)
2026-09-07 00:58:49,768 MatchingPostProcessor WARNING  Orphan pdf_cell 45 recovered to col=1 by nearest-column fallback (row=1, x=706.1, dist=90.2)
2026-09-07 00:58:49,768 MatchingPostProcessor WARNING  Orphan pdf_cell 46 recovered to col=1 by nearest-column fallback (row=1, x=717.2, dist=79.1)
2026-09-07 00:58:49,768 MatchingPostProcessor WARNING  Orphan pdf_cell 47 recovered to col=1 by nearest-column fallback (row=1, x=728.2, dist=68.0)
2026-09-07 00:58:49,768 MatchingPostProcessor WARNING  Orphan pdf_cell 48 recovered to col=1 by nearest-column fallback (row=1, x=739.3, dist=56.9)
2026-09-07 00:58:49,768 MatchingPostProcessor WARNING  Orphan pdf_cell 49 recovered to col=1 by nearest-column fallback (row=1, x=750.4, dist=45.9)
2026-09-07 00:58:49,768 MatchingPostProcessor WARNING  Orphan pdf_cell 50 recovered to col=1 by nearest-column fallback (row=1, x=761.5, dist=34.8)
2026-09-07 00:58:49,768 MatchingPostProcessor WARNING  Orphan pdf_cell 69 recovered to col=0 by nearest-column fallback (row=2, x=484.3, dist=198.3)
2026-09-07 00:58:49,768 MatchingPostProcessor WARNING  Orphan pdf_cell 70 recovered to col=0 by nearest-column fallback (row=2, x=495.4, dist=209.4)
2026-09-07 00:58:49,768 MatchingPostProcessor WARNING  Orphan pdf_cell 71 recovered to col=0 by nearest-column fallback (row=2, x=506.5, dist=220.5)
2026-09-07 00:58:49,768 MatchingPostProcessor WARNING  Orphan pdf_cell 72 recovered to col=0 by nearest-column fallback (row=2, x=517.6, dist=231.6)
2026-09-07 00:58:49,768 MatchingPostProcessor WARNING  Orphan pdf_cell 73 recovered to col=0 by nearest-column fallback (row=2, x=528.7, dist=242.7)
2026-09-07 00:58:49,768 MatchingPostProcessor WARNING  Orphan pdf_cell 74 recovered to col=0 by nearest-column fallback (row=2, x=539.7, dist=253.8)
2026-09-07 00:58:49,768 MatchingPostProcessor WARNING  Orphan pdf_cell 75 recovered to col=1 by nearest-column fallback (row=2, x=550.8, dist=245.4)
2026-09-07 00:58:49,768 MatchingPostProcessor WARNING  Orphan pdf_cell 76 recovered to col=1 by nearest-column fallback (row=2, x=561.9, dist=234.3)
2026-09-07 00:58:49,768 MatchingPostProcessor WARNING  Orphan pdf_cell 77 recovered to col=1 by nearest-column fallback (row=2, x=573.0, dist=223.3)
2026-09-07 00:58:49,768 MatchingPostProcessor WARNING  Orphan pdf_cell 78 recovered to col=1 by nearest-column fallback (row=2, x=584.1, dist=212.2)
2026-09-07 00:58:49,768 MatchingPostProcessor WARNING  Orphan pdf_cell 79 recovered to col=1 by nearest-column fallback (row=2, x=595.2, dist=201.1)
2026-09-07 00:58:49,768 MatchingPostProcessor WARNING  Orphan pdf_cell 80 recovered to col=1 by nearest-column fallback (row=2, x=606.3, dist=190.0)
2026-09-07 00:58:49,768 MatchingPostProcessor WARNING  Orphan pdf_cell 81 recovered to col=1 by nearest-column fallback (row=2, x=617.4, dist=178.9)
2026-09-07 00:58:49,768 MatchingPostProcessor WARNING  Orphan pdf_cell 82 recovered to col=1 by nearest-column fallback (row=2, x=628.5, dist=167.8)
2026-09-07 00:58:49,768 MatchingPostProcessor WARNING  Orphan pdf_cell 83 recovered to col=1 by nearest-column fallback (row=2, x=639.5, dist=156.7)
2026-09-07 00:58:49,768 MatchingPostProcessor WARNING  Orphan pdf_cell 84 recovered to col=1 by nearest-column fallback (row=2, x=650.6, dist=145.6)
2026-09-07 00:58:49,768 MatchingPostProcessor WARNING  Orphan pdf_cell 85 recovered to col=1 by nearest-column fallback (row=2, x=661.7, dist=134.6)
2026-09-07 00:58:49,768 MatchingPostProcessor WARNING  Orphan pdf_cell 86 recovered to col=1 by nearest-column fallback (row=2, x=672.8, dist=123.5)
2026-09-07 00:58:49,768 MatchingPostProcessor WARNING  Orphan pdf_cell 87 recovered to col=1 by nearest-column fallback (row=2, x=683.9, dist=112.4)
2026-09-07 00:58:49,768 MatchingPostProcessor WARNING  Orphan pdf_cell 88 recovered to col=1 by nearest-column fallback (row=2, x=695.0, dist=101.3)
2026-09-07 00:58:49,768 MatchingPostProcessor WARNING  Orphan pdf_cell 89 recovered to col=1 by nearest-column fallback (row=2, x=706.1, dist=90.2)
2026-09-07 00:58:49,768 MatchingPostProcessor WARNING  Orphan pdf_cell 90 recovered to col=1 by nearest-column fallback (row=2, x=717.2, dist=79.1)
2026-09-07 00:58:49,768 MatchingPostProcessor WARNING  Orphan pdf_cell 91 recovered to col=1 by nearest-column fallback (row=2, x=728.2, dist=68.0)
2026-09-07 00:58:49,768 MatchingPostProcessor WARNING  Orphan pdf_cell 92 recovered to col=1 by nearest-column fallback (row=2, x=739.3, dist=56.9)
2026-09-07 00:58:49,768 MatchingPostProcessor WARNING  Orphan pdf_cell 93 recovered to col=1 by nearest-column fallback (row=2, x=750.4, dist=45.9)
2026-09-07 00:58:49,769 MatchingPostProcessor WARNING  Orphan pdf_cell 94 recovered to col=1 by nearest-column fallback (row=2, x=761.5, dist=34.8)
2026-09-07 00:58:49,769 MatchingPostProcessor WARNING  Orphan pdf_cell 120 recovered to col=0 by nearest-column fallback (row=3, x=484.3, dist=198.3)
2026-09-07 00:58:49,769 MatchingPostProcessor WARNING  Orphan pdf_cell 121 recovered to col=0 by nearest-column fallback (row=3, x=495.4, dist=209.4)
2026-09-07 00:58:49,769 MatchingPostProcessor WARNING  Orphan pdf_cell 122 recovered to col=0 by nearest-column fallback (row=3, x=506.5, dist=220.5)
2026-09-07 00:58:49,769 MatchingPostProcessor WARNING  Orphan pdf_cell 123 recovered to col=0 by nearest-column fallback (row=3, x=517.6, dist=231.6)
2026-09-07 00:58:49,769 MatchingPostProcessor WARNING  Orphan pdf_cell 124 recovered to col=0 by nearest-column fallback (row=3, x=528.7, dist=242.7)
2026-09-07 00:58:49,769 MatchingPostProcessor WARNING  Orphan pdf_cell 125 recovered to col=0 by nearest-column fallback (row=3, x=539.7, dist=253.8)
2026-09-07 00:58:49,769 MatchingPostProcessor WARNING  Orphan pdf_cell 126 recovered to col=1 by nearest-column fallback (row=3, x=550.8, dist=245.4)
2026-09-07 00:58:49,769 MatchingPostProcessor WARNING  Orphan pdf_cell 127 recovered to col=1 by nearest-column fallback (row=3, x=561.9, dist=234.3)
2026-09-07 00:58:49,769 MatchingPostProcessor WARNING  Orphan pdf_cell 128 recovered to col=1 by nearest-column fallback (row=3, x=573.0, dist=223.3)
2026-09-07 00:58:49,769 MatchingPostProcessor WARNING  Orphan pdf_cell 129 recovered to col=1 by nearest-column fallback (row=3, x=584.1, dist=212.2)
2026-09-07 00:58:49,769 MatchingPostProcessor WARNING  Orphan pdf_cell 130 recovered to col=1 by nearest-column fallback (row=3, x=595.2, dist=201.1)
2026-09-07 00:58:49,769 MatchingPostProcessor WARNING  Orphan pdf_cell 131 recovered to col=1 by nearest-column fallback (row=3, x=606.3, dist=190.0)
2026-09-07 00:58:49,769 MatchingPostProcessor WARNING  Orphan pdf_cell 132 recovered to col=1 by nearest-column fallback (row=3, x=617.4, dist=178.9)
2026-09-07 00:58:49,769 MatchingPostProcessor WARNING  Orphan pdf_cell 133 recovered to col=1 by nearest-column fallback (row=3, x=628.5, dist=167.8)
2026-09-07 00:58:49,769 MatchingPostProcessor WARNING  Orphan pdf_cell 134 recovered to col=1 by nearest-column fallback (row=3, x=639.5, dist=156.7)
2026-09-07 00:58:49,769 MatchingPostProcessor WARNING  Orphan pdf_cell 135 recovered to col=1 by nearest-column fallback (row=3, x=650.6, dist=145.6)
2026-09-07 00:58:49,769 MatchingPostProcessor WARNING  Orphan pdf_cell 136 recovered to col=1 by nearest-column fallback (row=3, x=661.7, dist=134.6)
2026-09-07 00:58:49,769 MatchingPostProcessor WARNING  Orphan pdf_cell 137 recovered to col=1 by nearest-column fallback (row=3, x=672.8, dist=123.5)
2026-09-07 00:58:49,769 MatchingPostProcessor WARNING  Orphan pdf_cell 138 recovered to col=1 by nearest-column fallback (row=3, x=683.9, dist=112.4)
2026-09-07 00:58:49,769 MatchingPostProcessor WARNING  Orphan pdf_cell 139 recovered to col=1 by nearest-column fallback (row=3, x=695.0, dist=101.3)
2026-09-07 00:58:49,769 MatchingPostProcessor WARNING  Orphan pdf_cell 140 recovered to col=1 by nearest-column fallback (row=3, x=706.1, dist=90.2)
2026-09-07 00:58:49,769 MatchingPostProcessor WARNING  Orphan pdf_cell 141 recovered to col=1 by nearest-column fallback (row=3, x=717.2, dist=79.1)
2026-09-07 00:58:49,769 MatchingPostProcessor WARNING  Orphan pdf_cell 142 recovered to col=1 by nearest-column fallback (row=3, x=728.2, dist=68.0)
2026-09-07 00:58:49,769 MatchingPostProcessor WARNING  Orphan pdf_cell 143 recovered to col=1 by nearest-column fallback (row=3, x=739.3, dist=56.9)
2026-09-07 00:58:49,769 MatchingPostProcessor WARNING  Orphan pdf_cell 144 recovered to col=1 by nearest-column fallback (row=3, x=750.4, dist=45.9)
2026-09-07 00:58:49,769 MatchingPostProcessor WARNING  Orphan pdf_cell 145 recovered to col=1 by nearest-column fallback (row=3, x=761.5, dist=34.8)
2026-09-07 00:58:49,769 MatchingPostProcessor WARNING  Orphan pdf_cell 157 recovered to col=0 by nearest-column fallback (row=4, x=484.3, dist=198.3)
2026-09-07 00:58:49,769 MatchingPostProcessor WARNING  Orphan pdf_cell 158 recovered to col=0 by nearest-column fallback (row=4, x=495.4, dist=209.4)
2026-09-07 00:58:49,769 MatchingPostProcessor WARNING  Orphan pdf_cell 159 recovered to col=0 by nearest-column fallback (row=4, x=506.5, dist=220.5)
2026-09-07 00:58:49,769 MatchingPostProcessor WARNING  Orphan pdf_cell 160 recovered to col=0 by nearest-column fallback (row=4, x=517.6, dist=231.6)
2026-09-07 00:58:49,769 MatchingPostProcessor WARNING  Orphan pdf_cell 161 recovered to col=0 by nearest-column fallback (row=4, x=528.7, dist=242.7)
2026-09-07 00:58:49,770 MatchingPostProcessor WARNING  Orphan pdf_cell 162 recovered to col=0 by nearest-column fallback (row=4, x=539.7, dist=253.8)
2026-09-07 00:58:49,770 MatchingPostProcessor WARNING  Orphan pdf_cell 163 recovered to col=1 by nearest-column fallback (row=4, x=550.8, dist=245.4)
2026-09-07 00:58:49,770 MatchingPostProcessor WARNING  Orphan pdf_cell 164 recovered to col=1 by nearest-column fallback (row=4, x=561.9, dist=234.3)
2026-09-07 00:58:49,770 MatchingPostProcessor WARNING  Orphan pdf_cell 165 recovered to col=1 by nearest-column fallback (row=4, x=573.0, dist=223.3)
2026-09-07 00:58:49,770 MatchingPostProcessor WARNING  Orphan pdf_cell 166 recovered to col=1 by nearest-column fallback (row=4, x=584.1, dist=212.2)
2026-09-07 00:58:49,770 MatchingPostProcessor WARNING  Orphan pdf_cell 167 recovered to col=1 by nearest-column fallback (row=4, x=595.2, dist=201.1)
2026-09-07 00:58:49,770 MatchingPostProcessor WARNING  Orphan pdf_cell 168 recovered to col=1 by nearest-column fallback (row=4, x=606.3, dist=190.0)
2026-09-07 00:58:49,770 MatchingPostProcessor WARNING  Orphan pdf_cell 169 recovered to col=1 by nearest-column fallback (row=4, x=617.4, dist=178.9)
2026-09-07 00:58:49,770 MatchingPostProcessor WARNING  Orphan pdf_cell 170 recovered to col=1 by nearest-column fallback (row=4, x=628.5, dist=167.8)
2026-09-07 00:58:49,770 MatchingPostProcessor WARNING  Orphan pdf_cell 171 recovered to col=1 by nearest-column fallback (row=4, x=639.5, dist=156.7)
2026-09-07 00:58:49,770 MatchingPostProcessor WARNING  Orphan pdf_cell 172 recovered to col=1 by nearest-column fallback (row=4, x=650.6, dist=145.6)
2026-09-07 00:58:49,770 MatchingPostProcessor WARNING  Orphan pdf_cell 173 recovered to col=1 by nearest-column fallback (row=4, x=661.7, dist=134.6)
2026-09-07 00:58:49,770 MatchingPostProcessor WARNING  Orphan pdf_cell 174 recovered to col=1 by nearest-column fallback (row=4, x=672.8, dist=123.5)
2026-09-07 00:58:49,770 MatchingPostProcessor WARNING  Orphan pdf_cell 175 recovered to col=1 by nearest-column fallback (row=4, x=683.9, dist=112.4)
2026-09-07 00:58:49,770 MatchingPostProcessor WARNING  Orphan pdf_cell 176 recovered to col=1 by nearest-column fallback (row=4, x=695.0, dist=101.3)
2026-09-07 00:58:49,770 MatchingPostProcessor WARNING  Orphan pdf_cell 177 recovered to col=1 by nearest-column fallback (row=4, x=706.1, dist=90.2)
2026-09-07 00:58:49,770 MatchingPostProcessor WARNING  Orphan pdf_cell 178 recovered to col=1 by nearest-column fallback (row=4, x=717.2, dist=79.1)
2026-09-07 00:58:49,770 MatchingPostProcessor WARNING  Orphan pdf_cell 179 recovered to col=1 by nearest-column fallback (row=4, x=728.2, dist=68.0)
2026-09-07 00:58:49,770 MatchingPostProcessor WARNING  Orphan pdf_cell 180 recovered to col=1 by nearest-column fallback (row=4, x=739.3, dist=56.9)
2026-09-07 00:58:49,770 MatchingPostProcessor WARNING  Orphan pdf_cell 181 recovered to col=1 by nearest-column fallback (row=4, x=750.4, dist=45.9)
2026-09-07 00:58:49,770 MatchingPostProcessor WARNING  Orphan pdf_cell 182 recovered to col=1 by nearest-column fallback (row=4, x=761.5, dist=34.8)
2026-09-07 00:58:49,770 MatchingPostProcessor WARNING  Orphan pdf_cell 203 recovered to col=0 by nearest-column fallback (row=5, x=484.3, dist=198.3)
2026-09-07 00:58:49,770 MatchingPostProcessor WARNING  Orphan pdf_cell 204 recovered to col=0 by nearest-column fallback (row=5, x=495.4, dist=209.4)
2026-09-07 00:58:49,770 MatchingPostProcessor WARNING  Orphan pdf_cell 205 recovered to col=0 by nearest-column fallback (row=5, x=506.5, dist=220.5)
2026-09-07 00:58:49,770 MatchingPostProcessor WARNING  Orphan pdf_cell 206 recovered to col=0 by nearest-column fallback (row=5, x=517.6, dist=231.6)
2026-09-07 00:58:49,770 MatchingPostProcessor WARNING  Orphan pdf_cell 207 recovered to col=0 by nearest-column fallback (row=5, x=528.7, dist=242.7)
2026-09-07 00:58:49,770 MatchingPostProcessor WARNING  Orphan pdf_cell 208 recovered to col=0 by nearest-column fallback (row=5, x=539.7, dist=253.8)
2026-09-07 00:58:49,770 MatchingPostProcessor WARNING  Orphan pdf_cell 209 recovered to col=1 by nearest-column fallback (row=5, x=550.8, dist=245.4)
2026-09-07 00:58:49,770 MatchingPostProcessor WARNING  Orphan pdf_cell 210 recovered to col=1 by nearest-column fallback (row=5, x=561.9, dist=234.3)
2026-09-07 00:58:49,770 MatchingPostProcessor WARNING  Orphan pdf_cell 211 recovered to col=1 by nearest-column fallback (row=5, x=573.0, dist=223.3)
2026-09-07 00:58:49,770 MatchingPostProcessor WARNING  Orphan pdf_cell 212 recovered to col=1 by nearest-column fallback (row=5, x=584.1, dist=212.2)
2026-09-07 00:58:49,770 MatchingPostProcessor WARNING  Orphan pdf_cell 213 recovered to col=1 by nearest-column fallback (row=5, x=595.2, dist=201.1)
2026-09-07 00:58:49,770 MatchingPostProcessor WARNING  Orphan pdf_cell 214 recovered to col=1 by nearest-column fallback (row=5, x=606.3, dist=190.0)
2026-09-07 00:58:49,771 MatchingPostProcessor WARNING  Orphan pdf_cell 215 recovered to col=1 by nearest-column fallback (row=5, x=617.4, dist=178.9)
2026-09-07 00:58:49,771 MatchingPostProcessor WARNING  Orphan pdf_cell 216 recovered to col=1 by nearest-column fallback (row=5, x=628.5, dist=167.8)
2026-09-07 00:58:49,771 MatchingPostProcessor WARNING  Orphan pdf_cell 217 recovered to col=1 by nearest-column fallback (row=5, x=639.5, dist=156.7)
2026-09-07 00:58:49,771 MatchingPostProcessor WARNING  Orphan pdf_cell 218 recovered to col=1 by nearest-column fallback (row=5, x=650.6, dist=145.6)
2026-09-07 00:58:49,771 MatchingPostProcessor WARNING  Orphan pdf_cell 219 recovered to col=1 by nearest-column fallback (row=5, x=661.7, dist=134.6)
2026-09-07 00:58:49,771 MatchingPostProcessor WARNING  Orphan pdf_cell 220 recovered to col=1 by nearest-column fallback (row=5, x=672.8, dist=123.5)
2026-09-07 00:58:49,771 MatchingPostProcessor WARNING  Orphan pdf_cell 221 recovered to col=1 by nearest-column fallback (row=5, x=683.9, dist=112.4)
2026-09-07 00:58:49,771 MatchingPostProcessor WARNING  Orphan pdf_cell 222 recovered to col=1 by nearest-column fallback (row=5, x=695.0, dist=101.3)
2026-09-07 00:58:49,771 MatchingPostProcessor WARNING  Orphan pdf_cell 223 recovered to col=1 by nearest-column fallback (row=5, x=706.1, dist=90.2)
2026-09-07 00:58:49,771 MatchingPostProcessor WARNING  Orphan pdf_cell 224 recovered to col=1 by nearest-column fallback (row=5, x=717.2, dist=79.1)
2026-09-07 00:58:49,771 MatchingPostProcessor WARNING  Orphan pdf_cell 225 recovered to col=1 by nearest-column fallback (row=5, x=728.2, dist=68.0)
2026-09-07 00:58:49,771 MatchingPostProcessor WARNING  Orphan pdf_cell 226 recovered to col=1 by nearest-column fallback (row=5, x=739.3, dist=56.9)
2026-09-07 00:58:49,771 MatchingPostProcessor WARNING  Orphan pdf_cell 227 recovered to col=1 by nearest-column fallback (row=5, x=750.4, dist=45.9)
2026-09-07 00:58:49,771 MatchingPostProcessor WARNING  Orphan pdf_cell 228 recovered to col=1 by nearest-column fallback (row=5, x=761.5, dist=34.8)
2026-09-07 00:58:49,771 MatchingPostProcessor WARNING  Orphan pdf_cell 242 recovered to col=0 by nearest-column fallback (row=6, x=484.3, dist=198.3)
2026-09-07 00:58:49,771 MatchingPostProcessor WARNING  Orphan pdf_cell 243 recovered to col=0 by nearest-column fallback (row=6, x=495.4, dist=209.4)
2026-09-07 00:58:49,771 MatchingPostProcessor WARNING  Orphan pdf_cell 244 recovered to col=0 by nearest-column fallback (row=6, x=506.5, dist=220.5)
2026-09-07 00:58:49,771 MatchingPostProcessor WARNING  Orphan pdf_cell 245 recovered to col=0 by nearest-column fallback (row=6, x=517.6, dist=231.6)
2026-09-07 00:58:49,771 MatchingPostProcessor WARNING  Orphan pdf_cell 246 recovered to col=0 by nearest-column fallback (row=6, x=528.7, dist=242.7)
2026-09-07 00:58:49,771 MatchingPostProcessor WARNING  Orphan pdf_cell 247 recovered to col=0 by nearest-column fallback (row=6, x=539.7, dist=253.8)
2026-09-07 00:58:49,771 MatchingPostProcessor WARNING  Orphan pdf_cell 248 recovered to col=1 by nearest-column fallback (row=6, x=550.8, dist=245.4)
2026-09-07 00:58:49,771 MatchingPostProcessor WARNING  Orphan pdf_cell 249 recovered to col=1 by nearest-column fallback (row=6, x=561.9, dist=234.3)
2026-09-07 00:58:49,771 MatchingPostProcessor WARNING  Orphan pdf_cell 250 recovered to col=1 by nearest-column fallback (row=6, x=573.0, dist=223.3)
2026-09-07 00:58:49,771 MatchingPostProcessor WARNING  Orphan pdf_cell 251 recovered to col=1 by nearest-column fallback (row=6, x=584.1, dist=212.2)
2026-09-07 00:58:49,771 MatchingPostProcessor WARNING  Orphan pdf_cell 252 recovered to col=1 by nearest-column fallback (row=6, x=595.2, dist=201.1)
2026-09-07 00:58:49,771 MatchingPostProcessor WARNING  Orphan pdf_cell 253 recovered to col=1 by nearest-column fallback (row=6, x=606.3, dist=190.0)
2026-09-07 00:58:49,771 MatchingPostProcessor WARNING  Orphan pdf_cell 254 recovered to col=1 by nearest-column fallback (row=6, x=617.4, dist=178.9)
2026-09-07 00:58:49,771 MatchingPostProcessor WARNING  Orphan pdf_cell 255 recovered to col=1 by nearest-column fallback (row=6, x=628.5, dist=167.8)
2026-09-07 00:58:49,771 MatchingPostProcessor WARNING  Orphan pdf_cell 256 recovered to col=1 by nearest-column fallback (row=6, x=639.5, dist=156.7)
2026-09-07 00:58:49,771 MatchingPostProcessor WARNING  Orphan pdf_cell 257 recovered to col=1 by nearest-column fallback (row=6, x=650.6, dist=145.6)
2026-09-07 00:58:49,771 MatchingPostProcessor WARNING  Orphan pdf_cell 258 recovered to col=1 by nearest-column fallback (row=6, x=661.7, dist=134.6)
2026-09-07 00:58:49,771 MatchingPostProcessor WARNING  Orphan pdf_cell 259 recovered to col=1 by nearest-column fallback (row=6, x=672.8, dist=123.5)
2026-09-07 00:58:49,771 MatchingPostProcessor WARNING  Orphan pdf_cell 260 recovered to col=1 by nearest-column fallback (row=6, x=683.9, dist=112.4)
2026-09-07 00:58:49,771 MatchingPostProcessor WARNING  Orphan pdf_cell 261 recovered to col=1 by nearest-column fallback (row=6, x=695.0, dist=101.3)
2026-09-07 00:58:49,771 MatchingPostProcessor WARNING  Orphan pdf_cell 262 recovered to col=1 by nearest-column fallback (row=6, x=706.1, dist=90.2)
2026-09-07 00:58:49,771 MatchingPostProcessor WARNING  Orphan pdf_cell 263 recovered to col=1 by nearest-column fallback (row=6, x=717.2, dist=79.1)
2026-09-07 00:58:49,771 MatchingPostProcessor WARNING  Orphan pdf_cell 264 recovered to col=1 by nearest-column fallback (row=6, x=728.2, dist=68.0)
2026-09-07 00:58:49,771 MatchingPostProcessor WARNING  Orphan pdf_cell 265 recovered to col=1 by nearest-column fallback (row=6, x=739.3, dist=56.9)
2026-09-07 00:58:49,772 MatchingPostProcessor WARNING  Orphan pdf_cell 266 recovered to col=1 by nearest-column fallback (row=6, x=750.4, dist=45.9)
2026-09-07 00:58:49,772 MatchingPostProcessor WARNING  Orphan pdf_cell 267 recovered to col=1 by nearest-column fallback (row=6, x=761.5, dist=34.8)
2026-09-07 00:58:49,772 MatchingPostProcessor WARNING  Orphan pdf_cell 282 recovered to col=0 by nearest-column fallback (row=7, x=484.3, dist=198.3)
2026-09-07 00:58:49,772 MatchingPostProcessor WARNING  Orphan pdf_cell 283 recovered to col=0 by nearest-column fallback (row=7, x=495.4, dist=209.4)
2026-09-07 00:58:49,772 MatchingPostProcessor WARNING  Orphan pdf_cell 284 recovered to col=0 by nearest-column fallback (row=7, x=506.5, dist=220.5)
2026-09-07 00:58:49,772 MatchingPostProcessor WARNING  Orphan pdf_cell 285 recovered to col=0 by nearest-column fallback (row=7, x=517.6, dist=231.6)
2026-09-07 00:58:49,772 MatchingPostProcessor WARNING  Orphan pdf_cell 286 recovered to col=0 by nearest-column fallback (row=7, x=528.7, dist=242.7)
2026-09-07 00:58:49,772 MatchingPostProcessor WARNING  Orphan pdf_cell 287 recovered to col=0 by nearest-column fallback (row=7, x=539.7, dist=253.8)
2026-09-07 00:58:49,772 MatchingPostProcessor WARNING  Orphan pdf_cell 288 recovered to col=1 by nearest-column fallback (row=7, x=550.8, dist=245.4)
2026-09-07 00:58:49,772 MatchingPostProcessor WARNING  Orphan pdf_cell 289 recovered to col=1 by nearest-column fallback (row=7, x=561.9, dist=234.3)
2026-09-07 00:58:49,772 MatchingPostProcessor WARNING  Orphan pdf_cell 290 recovered to col=1 by nearest-column fallback (row=7, x=573.0, dist=223.3)
2026-09-07 00:58:49,772 MatchingPostProcessor WARNING  Orphan pdf_cell 291 recovered to col=1 by nearest-column fallback (row=7, x=584.1, dist=212.2)
2026-09-07 00:58:49,772 MatchingPostProcessor WARNING  Orphan pdf_cell 292 recovered to col=1 by nearest-column fallback (row=7, x=595.2, dist=201.1)
2026-09-07 00:58:49,772 MatchingPostProcessor WARNING  Orphan pdf_cell 293 recovered to col=1 by nearest-column fallback (row=7, x=606.3, dist=190.0)
2026-09-07 00:58:49,772 MatchingPostProcessor WARNING  Orphan pdf_cell 294 recovered to col=1 by nearest-column fallback (row=7, x=617.4, dist=178.9)
2026-09-07 00:58:49,772 MatchingPostProcessor WARNING  Orphan pdf_cell 295 recovered to col=1 by nearest-column fallback (row=7, x=628.5, dist=167.8)
2026-09-07 00:58:49,772 MatchingPostProcessor WARNING  Orphan pdf_cell 296 recovered to col=1 by nearest-column fallback (row=7, x=639.5, dist=156.7)
2026-09-07 00:58:49,772 MatchingPostProcessor WARNING  Orphan pdf_cell 297 recovered to col=1 by nearest-column fallback (row=7, x=650.6, dist=145.6)
2026-09-07 00:58:49,772 MatchingPostProcessor WARNING  Orphan pdf_cell 298 recovered to col=1 by nearest-column fallback (row=7, x=661.7, dist=134.6)
2026-09-07 00:58:49,772 MatchingPostProcessor WARNING  Orphan pdf_cell 299 recovered to col=1 by nearest-column fallback (row=7, x=672.8, dist=123.5)
2026-09-07 00:58:49,772 MatchingPostProcessor WARNING  Orphan pdf_cell 300 recovered to col=1 by nearest-column fallback (row=7, x=683.9, dist=112.4)
2026-09-07 00:58:49,772 MatchingPostProcessor WARNING  Orphan pdf_cell 301 recovered to col=1 by nearest-column fallback (row=7, x=695.0, dist=101.3)
2026-09-07 00:58:49,772 MatchingPostProcessor WARNING  Orphan pdf_cell 302 recovered to col=1 by nearest-column fallback (row=7, x=706.1, dist=90.2)
2026-09-07 00:58:49,772 MatchingPostProcessor WARNING  Orphan pdf_cell 303 recovered to col=1 by nearest-column fallback (row=7, x=717.2, dist=79.1)
2026-09-07 00:58:49,772 MatchingPostProcessor WARNING  Orphan pdf_cell 304 recovered to col=1 by nearest-column fallback (row=7, x=728.2, dist=68.0)
2026-09-07 00:58:49,772 MatchingPostProcessor WARNING  Orphan pdf_cell 305 recovered to col=1 by nearest-column fallback (row=7, x=739.3, dist=56.9)
2026-09-07 00:58:49,772 MatchingPostProcessor WARNING  Orphan pdf_cell 306 recovered to col=1 by nearest-column fallback (row=7, x=750.4, dist=45.9)
2026-09-07 00:58:49,772 MatchingPostProcessor WARNING  Orphan pdf_cell 307 recovered to col=1 by nearest-column fallback (row=7, x=761.5, dist=34.8)
2026-09-07 00:58:49,772 MatchingPostProcessor WARNING  Orphan pdf_cell 332 recovered to col=0 by nearest-column fallback (row=8, x=484.3, dist=198.3)
2026-09-07 00:58:49,772 MatchingPostProcessor WARNING  Orphan pdf_cell 333 recovered to col=0 by nearest-column fallback (row=8, x=495.4, dist=209.4)
2026-09-07 00:58:49,773 MatchingPostProcessor WARNING  Orphan pdf_cell 334 recovered to col=0 by nearest-column fallback (row=8, x=506.5, dist=220.5)
2026-09-07 00:58:49,773 MatchingPostProcessor WARNING  Orphan pdf_cell 335 recovered to col=0 by nearest-column fallback (row=8, x=517.6, dist=231.6)
2026-09-07 00:58:49,773 MatchingPostProcessor WARNING  Orphan pdf_cell 336 recovered to col=0 by nearest-column fallback (row=8, x=528.7, dist=242.7)
2026-09-07 00:58:49,773 MatchingPostProcessor WARNING  Orphan pdf_cell 337 recovered to col=0 by nearest-column fallback (row=8, x=539.7, dist=253.8)
2026-09-07 00:58:49,773 MatchingPostProcessor WARNING  Orphan pdf_cell 338 recovered to col=1 by nearest-column fallback (row=8, x=550.8, dist=245.4)
2026-09-07 00:58:49,773 MatchingPostProcessor WARNING  Orphan pdf_cell 339 recovered to col=1 by nearest-column fallback (row=8, x=561.9, dist=234.3)
2026-09-07 00:58:49,773 MatchingPostProcessor WARNING  Orphan pdf_cell 340 recovered to col=1 by nearest-column fallback (row=8, x=573.0, dist=223.3)
2026-09-07 00:58:49,773 MatchingPostProcessor WARNING  Orphan pdf_cell 341 recovered to col=1 by nearest-column fallback (row=8, x=584.1, dist=212.2)
2026-09-07 00:58:49,773 MatchingPostProcessor WARNING  Orphan pdf_cell 342 recovered to col=1 by nearest-column fallback (row=8, x=595.2, dist=201.1)
2026-09-07 00:58:49,773 MatchingPostProcessor WARNING  Orphan pdf_cell 343 recovered to col=1 by nearest-column fallback (row=8, x=606.3, dist=190.0)
2026-09-07 00:58:49,773 MatchingPostProcessor WARNING  Orphan pdf_cell 344 recovered to col=1 by nearest-column fallback (row=8, x=617.4, dist=178.9)
2026-09-07 00:58:49,773 MatchingPostProcessor WARNING  Orphan pdf_cell 345 recovered to col=1 by nearest-column fallback (row=8, x=628.5, dist=167.8)
2026-09-07 00:58:49,773 MatchingPostProcessor WARNING  Orphan pdf_cell 346 recovered to col=1 by nearest-column fallback (row=8, x=639.5, dist=156.7)
2026-09-07 00:58:49,773 MatchingPostProcessor WARNING  Orphan pdf_cell 347 recovered to col=1 by nearest-column fallback (row=8, x=650.6, dist=145.6)
2026-09-07 00:58:49,773 MatchingPostProcessor WARNING  Orphan pdf_cell 348 recovered to col=1 by nearest-column fallback (row=8, x=661.7, dist=134.6)
2026-09-07 00:58:49,773 MatchingPostProcessor WARNING  Orphan pdf_cell 349 recovered to col=1 by nearest-column fallback (row=8, x=672.8, dist=123.5)
2026-09-07 00:58:49,773 MatchingPostProcessor WARNING  Orphan pdf_cell 350 recovered to col=1 by nearest-column fallback (row=8, x=683.9, dist=112.4)
2026-09-07 00:58:49,773 MatchingPostProcessor WARNING  Orphan pdf_cell 351 recovered to col=1 by nearest-column fallback (row=8, x=695.0, dist=101.3)
2026-09-07 00:58:49,773 MatchingPostProcessor WARNING  Orphan pdf_cell 352 recovered to col=1 by nearest-column fallback (row=8, x=706.1, dist=90.2)
2026-09-07 00:58:49,773 MatchingPostProcessor WARNING  Orphan pdf_cell 353 recovered to col=1 by nearest-column fallback (row=8, x=717.2, dist=79.1)
2026-09-07 00:58:49,773 MatchingPostProcessor WARNING  Orphan pdf_cell 354 recovered to col=1 by nearest-column fallback (row=8, x=728.2, dist=68.0)
2026-09-07 00:58:49,773 MatchingPostProcessor WARNING  Orphan pdf_cell 355 recovered to col=1 by nearest-column fallback (row=8, x=739.3, dist=56.9)
2026-09-07 00:58:49,773 MatchingPostProcessor WARNING  Orphan pdf_cell 356 recovered to col=1 by nearest-column fallback (row=8, x=750.4, dist=45.9)
2026-09-07 00:58:49,773 MatchingPostProcessor WARNING  Orphan pdf_cell 357 recovered to col=1 by nearest-column fallback (row=8, x=761.5, dist=34.8)
2026-09-07 00:58:49,773 MatchingPostProcessor WARNING  Orphan pdf_cell 381 recovered to col=0 by nearest-column fallback (row=9, x=484.3, dist=198.3)
2026-09-07 00:58:49,773 MatchingPostProcessor WARNING  Orphan pdf_cell 382 recovered to col=0 by nearest-column fallback (row=9, x=495.4, dist=209.4)
2026-09-07 00:58:49,773 MatchingPostProcessor WARNING  Orphan pdf_cell 383 recovered to col=0 by nearest-column fallback (row=9, x=506.5, dist=220.5)
2026-09-07 00:58:49,773 MatchingPostProcessor WARNING  Orphan pdf_cell 384 recovered to col=0 by nearest-column fallback (row=9, x=517.6, dist=231.6)
2026-09-07 00:58:49,773 MatchingPostProcessor WARNING  Orphan pdf_cell 385 recovered to col=0 by nearest-column fallback (row=9, x=528.7, dist=242.7)
2026-09-07 00:58:49,773 MatchingPostProcessor WARNING  Orphan pdf_cell 386 recovered to col=0 by nearest-column fallback (row=9, x=539.7, dist=253.8)
2026-09-07 00:58:49,773 MatchingPostProcessor WARNING  Orphan pdf_cell 387 recovered to col=1 by nearest-column fallback (row=9, x=550.8, dist=245.4)
2026-09-07 00:58:49,773 MatchingPostProcessor WARNING  Orphan pdf_cell 388 recovered to col=1 by nearest-column fallback (row=9, x=561.9, dist=234.3)
2026-09-07 00:58:49,773 MatchingPostProcessor WARNING  Orphan pdf_cell 389 recovered to col=1 by nearest-column fallback (row=9, x=573.0, dist=223.3)
2026-09-07 00:58:49,774 MatchingPostProcessor WARNING  Orphan pdf_cell 390 recovered to col=1 by nearest-column fallback (row=9, x=584.1, dist=212.2)
2026-09-07 00:58:49,774 MatchingPostProcessor WARNING  Orphan pdf_cell 391 recovered to col=1 by nearest-column fallback (row=9, x=595.2, dist=201.1)
2026-09-07 00:58:49,774 MatchingPostProcessor WARNING  Orphan pdf_cell 392 recovered to col=1 by nearest-column fallback (row=9, x=606.3, dist=190.0)
2026-09-07 00:58:49,774 MatchingPostProcessor WARNING  Orphan pdf_cell 393 recovered to col=1 by nearest-column fallback (row=9, x=617.4, dist=178.9)
2026-09-07 00:58:49,774 MatchingPostProcessor WARNING  Orphan pdf_cell 394 recovered to col=1 by nearest-column fallback (row=9, x=628.5, dist=167.8)
2026-09-07 00:58:49,774 MatchingPostProcessor WARNING  Orphan pdf_cell 395 recovered to col=1 by nearest-column fallback (row=9, x=639.5, dist=156.7)
2026-09-07 00:58:49,774 MatchingPostProcessor WARNING  Orphan pdf_cell 396 recovered to col=1 by nearest-column fallback (row=9, x=650.6, dist=145.6)
2026-09-07 00:58:49,774 MatchingPostProcessor WARNING  Orphan pdf_cell 397 recovered to col=1 by nearest-column fallback (row=9, x=661.7, dist=134.6)
2026-09-07 00:58:49,774 MatchingPostProcessor WARNING  Orphan pdf_cell 398 recovered to col=1 by nearest-column fallback (row=9, x=672.8, dist=123.5)
2026-09-07 00:58:49,774 MatchingPostProcessor WARNING  Orphan pdf_cell 399 recovered to col=1 by nearest-column fallback (row=9, x=683.9, dist=112.4)
2026-09-07 00:58:49,774 MatchingPostProcessor WARNING  Orphan pdf_cell 400 recovered to col=1 by nearest-column fallback (row=9, x=695.0, dist=101.3)
2026-09-07 00:58:49,774 MatchingPostProcessor WARNING  Orphan pdf_cell 401 recovered to col=1 by nearest-column fallback (row=9, x=706.1, dist=90.2)
2026-09-07 00:58:49,774 MatchingPostProcessor WARNING  Orphan pdf_cell 402 recovered to col=1 by nearest-column fallback (row=9, x=717.2, dist=79.1)
2026-09-07 00:58:49,774 MatchingPostProcessor WARNING  Orphan pdf_cell 403 recovered to col=1 by nearest-column fallback (row=9, x=728.2, dist=68.0)
2026-09-07 00:58:49,774 MatchingPostProcessor WARNING  Orphan pdf_cell 404 recovered to col=1 by nearest-column fallback (row=9, x=739.3, dist=56.9)
2026-09-07 00:58:49,774 MatchingPostProcessor WARNING  Orphan pdf_cell 405 recovered to col=1 by nearest-column fallback (row=9, x=750.4, dist=45.9)
2026-09-07 00:58:49,774 MatchingPostProcessor WARNING  Orphan pdf_cell 406 recovered to col=1 by nearest-column fallback (row=9, x=761.5, dist=34.8)
2026-09-07 00:58:49,774 MatchingPostProcessor WARNING  Orphan pdf_cell 428 recovered to col=0 by nearest-column fallback (row=10, x=484.3, dist=198.3)
2026-09-07 00:58:49,774 MatchingPostProcessor WARNING  Orphan pdf_cell 429 recovered to col=0 by nearest-column fallback (row=10, x=495.4, dist=209.4)
2026-09-07 00:58:49,774 MatchingPostProcessor WARNING  Orphan pdf_cell 430 recovered to col=0 by nearest-column fallback (row=10, x=506.5, dist=220.5)
2026-09-07 00:58:49,774 MatchingPostProcessor WARNING  Orphan pdf_cell 431 recovered to col=0 by nearest-column fallback (row=10, x=517.6, dist=231.6)
2026-09-07 00:58:49,774 MatchingPostProcessor WARNING  Orphan pdf_cell 432 recovered to col=0 by nearest-column fallback (row=10, x=528.7, dist=242.7)
2026-09-07 00:58:49,774 MatchingPostProcessor WARNING  Orphan pdf_cell 433 recovered to col=0 by nearest-column fallback (row=10, x=539.7, dist=253.8)
2026-09-07 00:58:49,774 MatchingPostProcessor WARNING  Orphan pdf_cell 434 recovered to col=1 by nearest-column fallback (row=10, x=550.8, dist=245.4)
2026-09-07 00:58:49,774 MatchingPostProcessor WARNING  Orphan pdf_cell 435 recovered to col=1 by nearest-column fallback (row=10, x=561.9, dist=234.3)
2026-09-07 00:58:49,774 MatchingPostProcessor WARNING  Orphan pdf_cell 436 recovered to col=1 by nearest-column fallback (row=10, x=573.0, dist=223.3)
2026-09-07 00:58:49,774 MatchingPostProcessor WARNING  Orphan pdf_cell 437 recovered to col=1 by nearest-column fallback (row=10, x=584.1, dist=212.2)
2026-09-07 00:58:49,774 MatchingPostProcessor WARNING  Orphan pdf_cell 438 recovered to col=1 by nearest-column fallback (row=10, x=595.2, dist=201.1)
2026-09-07 00:58:49,774 MatchingPostProcessor WARNING  Orphan pdf_cell 439 recovered to col=1 by nearest-column fallback (row=10, x=606.3, dist=190.0)
2026-09-07 00:58:49,774 MatchingPostProcessor WARNING  Orphan pdf_cell 440 recovered to col=1 by nearest-column fallback (row=10, x=617.4, dist=178.9)
2026-09-07 00:58:49,774 MatchingPostProcessor WARNING  Orphan pdf_cell 441 recovered to col=1 by nearest-column fallback (row=10, x=628.5, dist=167.8)
2026-09-07 00:58:49,774 MatchingPostProcessor WARNING  Orphan pdf_cell 442 recovered to col=1 by nearest-column fallback (row=10, x=639.5, dist=156.7)
2026-09-07 00:58:49,774 MatchingPostProcessor WARNING  Orphan pdf_cell 443 recovered to col=1 by nearest-column fallback (row=10, x=650.6, dist=145.6)
2026-09-07 00:58:49,774 MatchingPostProcessor WARNING  Orphan pdf_cell 444 recovered to col=1 by nearest-column fallback (row=10, x=661.7, dist=134.6)
2026-09-07 00:58:49,774 MatchingPostProcessor WARNING  Orphan pdf_cell 445 recovered to col=1 by nearest-column fallback (row=10, x=672.8, dist=123.5)
2026-09-07 00:58:49,775 MatchingPostProcessor WARNING  Orphan pdf_cell 446 recovered to col=1 by nearest-column fallback (row=10, x=683.9, dist=112.4)
2026-09-07 00:58:49,775 MatchingPostProcessor WARNING  Orphan pdf_cell 447 recovered to col=1 by nearest-column fallback (row=10, x=695.0, dist=101.3)
2026-09-07 00:58:49,775 MatchingPostProcessor WARNING  Orphan pdf_cell 448 recovered to col=1 by nearest-column fallback (row=10, x=706.1, dist=90.2)
2026-09-07 00:58:49,775 MatchingPostProcessor WARNING  Orphan pdf_cell 449 recovered to col=1 by nearest-column fallback (row=10, x=717.2, dist=79.1)
2026-09-07 00:58:49,775 MatchingPostProcessor WARNING  Orphan pdf_cell 450 recovered to col=1 by nearest-column fallback (row=10, x=728.2, dist=68.0)
2026-09-07 00:58:49,775 MatchingPostProcessor WARNING  Orphan pdf_cell 451 recovered to col=1 by nearest-column fallback (row=10, x=739.3, dist=56.9)
2026-09-07 00:58:49,775 MatchingPostProcessor WARNING  Orphan pdf_cell 452 recovered to col=1 by nearest-column fallback (row=10, x=750.4, dist=45.9)
2026-09-07 00:58:49,775 MatchingPostProcessor WARNING  Orphan pdf_cell 453 recovered to col=1 by nearest-column fallback (row=10, x=761.5, dist=34.8)
2026-09-07 00:58:49,775 MatchingPostProcessor WARNING  Orphan pdf_cell 472 recovered to col=0 by nearest-column fallback (row=11, x=484.3, dist=198.3)
2026-09-07 00:58:49,775 MatchingPostProcessor WARNING  Orphan pdf_cell 473 recovered to col=0 by nearest-column fallback (row=11, x=495.4, dist=209.4)
2026-09-07 00:58:49,775 MatchingPostProcessor WARNING  Orphan pdf_cell 474 recovered to col=0 by nearest-column fallback (row=11, x=506.5, dist=220.5)
2026-09-07 00:58:49,775 MatchingPostProcessor WARNING  Orphan pdf_cell 475 recovered to col=0 by nearest-column fallback (row=11, x=517.6, dist=231.6)
2026-09-07 00:58:49,775 MatchingPostProcessor WARNING  Orphan pdf_cell 476 recovered to col=0 by nearest-column fallback (row=11, x=528.7, dist=242.7)
2026-09-07 00:58:49,775 MatchingPostProcessor WARNING  Orphan pdf_cell 477 recovered to col=0 by nearest-column fallback (row=11, x=539.7, dist=253.8)
2026-09-07 00:58:49,775 MatchingPostProcessor WARNING  Orphan pdf_cell 478 recovered to col=1 by nearest-column fallback (row=11, x=550.8, dist=245.4)
2026-09-07 00:58:49,775 MatchingPostProcessor WARNING  Orphan pdf_cell 479 recovered to col=1 by nearest-column fallback (row=11, x=561.9, dist=234.3)
2026-09-07 00:58:49,775 MatchingPostProcessor WARNING  Orphan pdf_cell 480 recovered to col=1 by nearest-column fallback (row=11, x=573.0, dist=223.3)
2026-09-07 00:58:49,775 MatchingPostProcessor WARNING  Orphan pdf_cell 481 recovered to col=1 by nearest-column fallback (row=11, x=584.1, dist=212.2)
2026-09-07 00:58:49,775 MatchingPostProcessor WARNING  Orphan pdf_cell 482 recovered to col=1 by nearest-column fallback (row=11, x=595.2, dist=201.1)
2026-09-07 00:58:49,775 MatchingPostProcessor WARNING  Orphan pdf_cell 483 recovered to col=1 by nearest-column fallback (row=11, x=606.3, dist=190.0)
2026-09-07 00:58:49,775 MatchingPostProcessor WARNING  Orphan pdf_cell 484 recovered to col=1 by nearest-column fallback (row=11, x=617.4, dist=178.9)
2026-09-07 00:58:49,775 MatchingPostProcessor WARNING  Orphan pdf_cell 485 recovered to col=1 by nearest-column fallback (row=11, x=628.5, dist=167.8)
2026-09-07 00:58:49,775 MatchingPostProcessor WARNING  Orphan pdf_cell 486 recovered to col=1 by nearest-column fallback (row=11, x=639.5, dist=156.7)
2026-09-07 00:58:49,775 MatchingPostProcessor WARNING  Orphan pdf_cell 487 recovered to col=1 by nearest-column fallback (row=11, x=650.6, dist=145.6)
2026-09-07 00:58:49,775 MatchingPostProcessor WARNING  Orphan pdf_cell 488 recovered to col=1 by nearest-column fallback (row=11, x=661.7, dist=134.6)
2026-09-07 00:58:49,775 MatchingPostProcessor WARNING  Orphan pdf_cell 489 recovered to col=1 by nearest-column fallback (row=11, x=672.8, dist=123.5)
2026-09-07 00:58:49,775 MatchingPostProcessor WARNING  Orphan pdf_cell 490 recovered to col=1 by nearest-column fallback (row=11, x=683.9, dist=112.4)
2026-09-07 00:58:49,775 MatchingPostProcessor WARNING  Orphan pdf_cell 491 recovered to col=1 by nearest-column fallback (row=11, x=695.0, dist=101.3)
2026-09-07 00:58:49,775 MatchingPostProcessor WARNING  Orphan pdf_cell 492 recovered to col=1 by nearest-column fallback (row=11, x=706.1, dist=90.2)
2026-09-07 00:58:49,775 MatchingPostProcessor WARNING  Orphan pdf_cell 493 recovered to col=1 by nearest-column fallback (row=11, x=717.2, dist=79.1)
2026-09-07 00:58:49,775 MatchingPostProcessor WARNING  Orphan pdf_cell 494 recovered to col=1 by nearest-column fallback (row=11, x=728.2, dist=68.0)
2026-09-07 00:58:49,775 MatchingPostProcessor WARNING  Orphan pdf_cell 495 recovered to col=1 by nearest-column fallback (row=11, x=739.3, dist=56.9)
2026-09-07 00:58:49,775 MatchingPostProcessor WARNING  Orphan pdf_cell 496 recovered to col=1 by nearest-column fallback (row=11, x=750.4, dist=45.9)
2026-09-07 00:58:49,775 MatchingPostProcessor WARNING  Orphan pdf_cell 497 recovered to col=1 by nearest-column fallback (row=11, x=761.5, dist=34.8)
2026-09-07 00:58:49,776 MatchingPostProcessor WARNING  Orphan pdf_cell 510 recovered to col=0 by nearest-column fallback (row=12, x=484.3, dist=198.3)
2026-09-07 00:58:49,776 MatchingPostProcessor WARNING  Orphan pdf_cell 511 recovered to col=0 by nearest-column fallback (row=12, x=495.4, dist=209.4)
2026-09-07 00:58:49,776 MatchingPostProcessor WARNING  Orphan pdf_cell 512 recovered to col=0 by nearest-column fallback (row=12, x=506.5, dist=220.5)
2026-09-07 00:58:49,776 MatchingPostProcessor WARNING  Orphan pdf_cell 513 recovered to col=0 by nearest-column fallback (row=12, x=517.6, dist=231.6)
2026-09-07 00:58:49,776 MatchingPostProcessor WARNING  Orphan pdf_cell 514 recovered to col=0 by nearest-column fallback (row=12, x=528.7, dist=242.7)
2026-09-07 00:58:49,776 MatchingPostProcessor WARNING  Orphan pdf_cell 515 recovered to col=0 by nearest-column fallback (row=12, x=539.7, dist=253.8)
2026-09-07 00:58:49,776 MatchingPostProcessor WARNING  Orphan pdf_cell 516 recovered to col=1 by nearest-column fallback (row=12, x=550.8, dist=245.4)
2026-09-07 00:58:49,776 MatchingPostProcessor WARNING  Orphan pdf_cell 517 recovered to col=1 by nearest-column fallback (row=12, x=561.9, dist=234.3)
2026-09-07 00:58:49,776 MatchingPostProcessor WARNING  Orphan pdf_cell 518 recovered to col=1 by nearest-column fallback (row=12, x=573.0, dist=223.3)
2026-09-07 00:58:49,776 MatchingPostProcessor WARNING  Orphan pdf_cell 519 recovered to col=1 by nearest-column fallback (row=12, x=584.1, dist=212.2)
2026-09-07 00:58:49,776 MatchingPostProcessor WARNING  Orphan pdf_cell 520 recovered to col=1 by nearest-column fallback (row=12, x=595.2, dist=201.1)
2026-09-07 00:58:49,776 MatchingPostProcessor WARNING  Orphan pdf_cell 521 recovered to col=1 by nearest-column fallback (row=12, x=606.3, dist=190.0)
2026-09-07 00:58:49,776 MatchingPostProcessor WARNING  Orphan pdf_cell 522 recovered to col=1 by nearest-column fallback (row=12, x=617.4, dist=178.9)
2026-09-07 00:58:49,776 MatchingPostProcessor WARNING  Orphan pdf_cell 523 recovered to col=1 by nearest-column fallback (row=12, x=628.5, dist=167.8)
2026-09-07 00:58:49,776 MatchingPostProcessor WARNING  Orphan pdf_cell 524 recovered to col=1 by nearest-column fallback (row=12, x=639.5, dist=156.7)
2026-09-07 00:58:49,776 MatchingPostProcessor WARNING  Orphan pdf_cell 525 recovered to col=1 by nearest-column fallback (row=12, x=650.6, dist=145.6)
2026-09-07 00:58:49,776 MatchingPostProcessor WARNING  Orphan pdf_cell 526 recovered to col=1 by nearest-column fallback (row=12, x=661.7, dist=134.6)
2026-09-07 00:58:49,776 MatchingPostProcessor WARNING  Orphan pdf_cell 527 recovered to col=1 by nearest-column fallback (row=12, x=672.8, dist=123.5)
2026-09-07 00:58:49,776 MatchingPostProcessor WARNING  Orphan pdf_cell 528 recovered to col=1 by nearest-column fallback (row=12, x=683.9, dist=112.4)
2026-09-07 00:58:49,776 MatchingPostProcessor WARNING  Orphan pdf_cell 529 recovered to col=1 by nearest-column fallback (row=12, x=695.0, dist=101.3)
2026-09-07 00:58:49,776 MatchingPostProcessor WARNING  Orphan pdf_cell 530 recovered to col=1 by nearest-column fallback (row=12, x=706.1, dist=90.2)
2026-09-07 00:58:49,776 MatchingPostProcessor WARNING  Orphan pdf_cell 531 recovered to col=1 by nearest-column fallback (row=12, x=717.2, dist=79.1)
2026-09-07 00:58:49,776 MatchingPostProcessor WARNING  Orphan pdf_cell 532 recovered to col=1 by nearest-column fallback (row=12, x=728.2, dist=68.0)
2026-09-07 00:58:49,776 MatchingPostProcessor WARNING  Orphan pdf_cell 533 recovered to col=1 by nearest-column fallback (row=12, x=739.3, dist=56.9)
2026-09-07 00:58:49,776 MatchingPostProcessor WARNING  Orphan pdf_cell 534 recovered to col=1 by nearest-column fallback (row=12, x=750.4, dist=45.9)
2026-09-07 00:58:49,776 MatchingPostProcessor WARNING  Orphan pdf_cell 535 recovered to col=1 by nearest-column fallback (row=12, x=761.5, dist=34.8)
2026-09-07 00:58:49,776 MatchingPostProcessor WARNING  Orphan pdf_cell 558 recovered to col=0 by nearest-column fallback (row=13, x=484.3, dist=198.3)
2026-09-07 00:58:49,776 MatchingPostProcessor WARNING  Orphan pdf_cell 559 recovered to col=0 by nearest-column fallback (row=13, x=495.4, dist=209.4)
2026-09-07 00:58:49,776 MatchingPostProcessor WARNING  Orphan pdf_cell 560 recovered to col=0 by nearest-column fallback (row=13, x=506.5, dist=220.5)
2026-09-07 00:58:49,777 MatchingPostProcessor WARNING  Orphan pdf_cell 561 recovered to col=0 by nearest-column fallback (row=13, x=517.6, dist=231.6)
2026-09-07 00:58:49,777 MatchingPostProcessor WARNING  Orphan pdf_cell 562 recovered to col=0 by nearest-column fallback (row=13, x=528.7, dist=242.7)
2026-09-07 00:58:49,777 MatchingPostProcessor WARNING  Orphan pdf_cell 563 recovered to col=0 by nearest-column fallback (row=13, x=539.7, dist=253.8)
2026-09-07 00:58:49,777 MatchingPostProcessor WARNING  Orphan pdf_cell 564 recovered to col=1 by nearest-column fallback (row=13, x=550.8, dist=245.4)
2026-09-07 00:58:49,777 MatchingPostProcessor WARNING  Orphan pdf_cell 565 recovered to col=1 by nearest-column fallback (row=13, x=561.9, dist=234.3)
2026-09-07 00:58:49,777 MatchingPostProcessor WARNING  Orphan pdf_cell 566 recovered to col=1 by nearest-column fallback (row=13, x=573.0, dist=223.3)
2026-09-07 00:58:49,777 MatchingPostProcessor WARNING  Orphan pdf_cell 567 recovered to col=1 by nearest-column fallback (row=13, x=584.1, dist=212.2)
2026-09-07 00:58:49,777 MatchingPostProcessor WARNING  Orphan pdf_cell 568 recovered to col=1 by nearest-column fallback (row=13, x=595.2, dist=201.1)
2026-09-07 00:58:49,777 MatchingPostProcessor WARNING  Orphan pdf_cell 569 recovered to col=1 by nearest-column fallback (row=13, x=606.3, dist=190.0)
2026-09-07 00:58:49,777 MatchingPostProcessor WARNING  Orphan pdf_cell 570 recovered to col=1 by nearest-column fallback (row=13, x=617.4, dist=178.9)
2026-09-07 00:58:49,777 MatchingPostProcessor WARNING  Orphan pdf_cell 571 recovered to col=1 by nearest-column fallback (row=13, x=628.5, dist=167.8)
2026-09-07 00:58:49,777 MatchingPostProcessor WARNING  Orphan pdf_cell 572 recovered to col=1 by nearest-column fallback (row=13, x=639.5, dist=156.7)
2026-09-07 00:58:49,777 MatchingPostProcessor WARNING  Orphan pdf_cell 573 recovered to col=1 by nearest-column fallback (row=13, x=650.6, dist=145.6)
2026-09-07 00:58:49,777 MatchingPostProcessor WARNING  Orphan pdf_cell 574 recovered to col=1 by nearest-column fallback (row=13, x=661.7, dist=134.6)
2026-09-07 00:58:49,777 MatchingPostProcessor WARNING  Orphan pdf_cell 575 recovered to col=1 by nearest-column fallback (row=13, x=672.8, dist=123.5)
2026-09-07 00:58:49,777 MatchingPostProcessor WARNING  Orphan pdf_cell 576 recovered to col=1 by nearest-column fallback (row=13, x=683.9, dist=112.4)
2026-09-07 00:58:49,777 MatchingPostProcessor WARNING  Orphan pdf_cell 577 recovered to col=1 by nearest-column fallback (row=13, x=695.0, dist=101.3)
2026-09-07 00:58:49,777 MatchingPostProcessor WARNING  Orphan pdf_cell 578 recovered to col=1 by nearest-column fallback (row=13, x=706.1, dist=90.2)
2026-09-07 00:58:49,777 MatchingPostProcessor WARNING  Orphan pdf_cell 579 recovered to col=1 by nearest-column fallback (row=13, x=717.2, dist=79.1)
2026-09-07 00:58:49,777 MatchingPostProcessor WARNING  Orphan pdf_cell 580 recovered to col=1 by nearest-column fallback (row=13, x=728.2, dist=68.0)
2026-09-07 00:58:49,777 MatchingPostProcessor WARNING  Orphan pdf_cell 581 recovered to col=1 by nearest-column fallback (row=13, x=739.3, dist=56.9)
2026-09-07 00:58:49,777 MatchingPostProcessor WARNING  Orphan pdf_cell 582 recovered to col=1 by nearest-column fallback (row=13, x=750.4, dist=45.9)
2026-09-07 00:58:49,777 MatchingPostProcessor WARNING  Orphan pdf_cell 583 recovered to col=1 by nearest-column fallback (row=13, x=761.5, dist=34.8)
2026-09-07 00:58:49,777 MatchingPostProcessor WARNING  Orphan pdf_cell 614 recovered to col=0 by nearest-column fallback (row=14, x=484.3, dist=198.3)
2026-09-07 00:58:49,777 MatchingPostProcessor WARNING  Orphan pdf_cell 615 recovered to col=0 by nearest-column fallback (row=14, x=495.4, dist=209.4)
2026-09-07 00:58:49,777 MatchingPostProcessor WARNING  Orphan pdf_cell 616 recovered to col=0 by nearest-column fallback (row=14, x=506.5, dist=220.5)
2026-09-07 00:58:49,777 MatchingPostProcessor WARNING  Orphan pdf_cell 617 recovered to col=0 by nearest-column fallback (row=14, x=517.6, dist=231.6)
2026-09-07 00:58:49,777 MatchingPostProcessor WARNING  Orphan pdf_cell 618 recovered to col=0 by nearest-column fallback (row=14, x=528.7, dist=242.7)
2026-09-07 00:58:49,777 MatchingPostProcessor WARNING  Orphan pdf_cell 619 recovered to col=0 by nearest-column fallback (row=14, x=539.7, dist=253.8)
2026-09-07 00:58:49,778 MatchingPostProcessor WARNING  Orphan pdf_cell 620 recovered to col=1 by nearest-column fallback (row=14, x=550.8, dist=245.4)
2026-09-07 00:58:49,778 MatchingPostProcessor WARNING  Orphan pdf_cell 621 recovered to col=1 by nearest-column fallback (row=14, x=561.9, dist=234.3)
2026-09-07 00:58:49,778 MatchingPostProcessor WARNING  Orphan pdf_cell 622 recovered to col=1 by nearest-column fallback (row=14, x=573.0, dist=223.3)
2026-09-07 00:58:49,778 MatchingPostProcessor WARNING  Orphan pdf_cell 623 recovered to col=1 by nearest-column fallback (row=14, x=584.1, dist=212.2)
2026-09-07 00:58:49,778 MatchingPostProcessor WARNING  Orphan pdf_cell 624 recovered to col=1 by nearest-column fallback (row=14, x=595.2, dist=201.1)
2026-09-07 00:58:49,778 MatchingPostProcessor WARNING  Orphan pdf_cell 625 recovered to col=1 by nearest-column fallback (row=14, x=606.3, dist=190.0)
2026-09-07 00:58:49,778 MatchingPostProcessor WARNING  Orphan pdf_cell 626 recovered to col=1 by nearest-column fallback (row=14, x=617.4, dist=178.9)
2026-09-07 00:58:49,778 MatchingPostProcessor WARNING  Orphan pdf_cell 627 recovered to col=1 by nearest-column fallback (row=14, x=628.5, dist=167.8)
2026-09-07 00:58:49,778 MatchingPostProcessor WARNING  Orphan pdf_cell 628 recovered to col=1 by nearest-column fallback (row=14, x=639.5, dist=156.7)
2026-09-07 00:58:49,778 MatchingPostProcessor WARNING  Orphan pdf_cell 629 recovered to col=1 by nearest-column fallback (row=14, x=650.6, dist=145.6)
2026-09-07 00:58:49,778 MatchingPostProcessor WARNING  Orphan pdf_cell 630 recovered to col=1 by nearest-column fallback (row=14, x=661.7, dist=134.6)
2026-09-07 00:58:49,778 MatchingPostProcessor WARNING  Orphan pdf_cell 631 recovered to col=1 by nearest-column fallback (row=14, x=672.8, dist=123.5)
2026-09-07 00:58:49,778 MatchingPostProcessor WARNING  Orphan pdf_cell 632 recovered to col=1 by nearest-column fallback (row=14, x=683.9, dist=112.4)
2026-09-07 00:58:49,778 MatchingPostProcessor WARNING  Orphan pdf_cell 633 recovered to col=1 by nearest-column fallback (row=14, x=695.0, dist=101.3)
2026-09-07 00:58:49,778 MatchingPostProcessor WARNING  Orphan pdf_cell 634 recovered to col=1 by nearest-column fallback (row=14, x=706.1, dist=90.2)
2026-09-07 00:58:49,778 MatchingPostProcessor WARNING  Orphan pdf_cell 635 recovered to col=1 by nearest-column fallback (row=14, x=717.2, dist=79.1)
2026-09-07 00:58:49,778 MatchingPostProcessor WARNING  Orphan pdf_cell 636 recovered to col=1 by nearest-column fallback (row=14, x=728.2, dist=68.0)
2026-09-07 00:58:49,778 MatchingPostProcessor WARNING  Orphan pdf_cell 637 recovered to col=1 by nearest-column fallback (row=14, x=739.3, dist=56.9)
2026-09-07 00:58:49,778 MatchingPostProcessor WARNING  Orphan pdf_cell 638 recovered to col=1 by nearest-column fallback (row=14, x=750.4, dist=45.9)
2026-09-07 00:58:49,778 MatchingPostProcessor WARNING  Orphan pdf_cell 639 recovered to col=1 by nearest-column fallback (row=14, x=761.5, dist=34.8)
2026-09-07 00:58:49,778 MatchingPostProcessor WARNING  Orphan pdf_cell 671 recovered to col=0 by nearest-column fallback (row=17, x=484.3, dist=198.3)
2026-09-07 00:58:49,778 MatchingPostProcessor WARNING  Orphan pdf_cell 672 recovered to col=0 by nearest-column fallback (row=17, x=495.4, dist=209.4)
2026-09-07 00:58:49,778 MatchingPostProcessor WARNING  Orphan pdf_cell 673 recovered to col=0 by nearest-column fallback (row=17, x=506.5, dist=220.5)
2026-09-07 00:58:49,778 MatchingPostProcessor WARNING  Orphan pdf_cell 674 recovered to col=0 by nearest-column fallback (row=17, x=517.6, dist=231.6)
2026-09-07 00:58:49,778 MatchingPostProcessor WARNING  Orphan pdf_cell 675 recovered to col=0 by nearest-column fallback (row=17, x=528.7, dist=242.7)
2026-09-07 00:58:49,778 MatchingPostProcessor WARNING  Orphan pdf_cell 676 recovered to col=0 by nearest-column fallback (row=17, x=539.7, dist=253.8)
2026-09-07 00:58:49,778 MatchingPostProcessor WARNING  Orphan pdf_cell 677 recovered to col=1 by nearest-column fallback (row=17, x=550.8, dist=245.4)
2026-09-07 00:58:49,778 MatchingPostProcessor WARNING  Orphan pdf_cell 678 recovered to col=1 by nearest-column fallback (row=17, x=561.9, dist=234.3)
2026-09-07 00:58:49,778 MatchingPostProcessor WARNING  Orphan pdf_cell 679 recovered to col=1 by nearest-column fallback (row=17, x=573.0, dist=223.3)
2026-09-07 00:58:49,778 MatchingPostProcessor WARNING  Orphan pdf_cell 680 recovered to col=1 by nearest-column fallback (row=17, x=584.1, dist=212.2)
2026-09-07 00:58:49,778 MatchingPostProcessor WARNING  Orphan pdf_cell 681 recovered to col=1 by nearest-column fallback (row=17, x=595.2, dist=201.1)
2026-09-07 00:58:49,778 MatchingPostProcessor WARNING  Orphan pdf_cell 682 recovered to col=1 by nearest-column fallback (row=17, x=606.3, dist=190.0)
2026-09-07 00:58:49,779 MatchingPostProcessor WARNING  Orphan pdf_cell 683 recovered to col=1 by nearest-column fallback (row=17, x=617.4, dist=178.9)
2026-09-07 00:58:49,779 MatchingPostProcessor WARNING  Orphan pdf_cell 684 recovered to col=1 by nearest-column fallback (row=17, x=628.5, dist=167.8)
2026-09-07 00:58:49,779 MatchingPostProcessor WARNING  Orphan pdf_cell 685 recovered to col=1 by nearest-column fallback (row=17, x=639.5, dist=156.7)
2026-09-07 00:58:49,779 MatchingPostProcessor WARNING  Orphan pdf_cell 686 recovered to col=1 by nearest-column fallback (row=17, x=650.6, dist=145.6)
2026-09-07 00:58:49,779 MatchingPostProcessor WARNING  Orphan pdf_cell 687 recovered to col=1 by nearest-column fallback (row=17, x=661.7, dist=134.6)
2026-09-07 00:58:49,779 MatchingPostProcessor WARNING  Orphan pdf_cell 688 recovered to col=1 by nearest-column fallback (row=17, x=672.8, dist=123.5)
2026-09-07 00:58:49,779 MatchingPostProcessor WARNING  Orphan pdf_cell 689 recovered to col=1 by nearest-column fallback (row=17, x=683.9, dist=112.4)
2026-09-07 00:58:49,779 MatchingPostProcessor WARNING  Orphan pdf_cell 690 recovered to col=1 by nearest-column fallback (row=17, x=695.0, dist=101.3)
2026-09-07 00:58:49,779 MatchingPostProcessor WARNING  Orphan pdf_cell 691 recovered to col=1 by nearest-column fallback (row=17, x=706.1, dist=90.2)
2026-09-07 00:58:49,779 MatchingPostProcessor WARNING  Orphan pdf_cell 692 recovered to col=1 by nearest-column fallback (row=17, x=717.2, dist=79.1)
2026-09-07 00:58:49,779 MatchingPostProcessor WARNING  Orphan pdf_cell 693 recovered to col=1 by nearest-column fallback (row=17, x=728.2, dist=68.0)
2026-09-07 00:58:49,779 MatchingPostProcessor WARNING  Orphan pdf_cell 694 recovered to col=1 by nearest-column fallback (row=17, x=739.3, dist=56.9)
2026-09-07 00:58:49,779 MatchingPostProcessor WARNING  Orphan pdf_cell 695 recovered to col=1 by nearest-column fallback (row=17, x=750.4, dist=45.9)
2026-09-07 00:58:49,779 MatchingPostProcessor WARNING  Orphan pdf_cell 696 recovered to col=1 by nearest-column fallback (row=17, x=761.5, dist=34.8)
2026-09-07 00:58:49,779 MatchingPostProcessor WARNING  Orphan pdf_cell 721 recovered to col=0 by nearest-column fallback (row=18, x=484.3, dist=198.3)
2026-09-07 00:58:49,779 MatchingPostProcessor WARNING  Orphan pdf_cell 722 recovered to col=0 by nearest-column fallback (row=18, x=495.4, dist=209.4)
2026-09-07 00:58:49,779 MatchingPostProcessor WARNING  Orphan pdf_cell 723 recovered to col=0 by nearest-column fallback (row=18, x=506.5, dist=220.5)
2026-09-07 00:58:49,779 MatchingPostProcessor WARNING  Orphan pdf_cell 724 recovered to col=0 by nearest-column fallback (row=18, x=517.6, dist=231.6)
2026-09-07 00:58:49,779 MatchingPostProcessor WARNING  Orphan pdf_cell 725 recovered to col=0 by nearest-column fallback (row=18, x=528.7, dist=242.7)
2026-09-07 00:58:49,779 MatchingPostProcessor WARNING  Orphan pdf_cell 726 recovered to col=0 by nearest-column fallback (row=18, x=539.7, dist=253.8)
2026-09-07 00:58:49,779 MatchingPostProcessor WARNING  Orphan pdf_cell 727 recovered to col=1 by nearest-column fallback (row=18, x=550.8, dist=245.4)
2026-09-07 00:58:49,779 MatchingPostProcessor WARNING  Orphan pdf_cell 728 recovered to col=1 by nearest-column fallback (row=18, x=561.9, dist=234.3)
2026-09-07 00:58:49,779 MatchingPostProcessor WARNING  Orphan pdf_cell 729 recovered to col=1 by nearest-column fallback (row=18, x=573.0, dist=223.3)
2026-09-07 00:58:49,779 MatchingPostProcessor WARNING  Orphan pdf_cell 730 recovered to col=1 by nearest-column fallback (row=18, x=584.1, dist=212.2)
2026-09-07 00:58:49,779 MatchingPostProcessor WARNING  Orphan pdf_cell 731 recovered to col=1 by nearest-column fallback (row=18, x=595.2, dist=201.1)
2026-09-07 00:58:49,779 MatchingPostProcessor WARNING  Orphan pdf_cell 732 recovered to col=1 by nearest-column fallback (row=18, x=606.3, dist=190.0)
2026-09-07 00:58:49,779 MatchingPostProcessor WARNING  Orphan pdf_cell 733 recovered to col=1 by nearest-column fallback (row=18, x=617.4, dist=178.9)
2026-09-07 00:58:49,779 MatchingPostProcessor WARNING  Orphan pdf_cell 734 recovered to col=1 by nearest-column fallback (row=18, x=628.5, dist=167.8)
2026-09-07 00:58:49,779 MatchingPostProcessor WARNING  Orphan pdf_cell 735 recovered to col=1 by nearest-column fallback (row=18, x=639.5, dist=156.7)
2026-09-07 00:58:49,780 MatchingPostProcessor WARNING  Orphan pdf_cell 736 recovered to col=1 by nearest-column fallback (row=18, x=650.6, dist=145.6)
2026-09-07 00:58:49,780 MatchingPostProcessor WARNING  Orphan pdf_cell 737 recovered to col=1 by nearest-column fallback (row=18, x=661.7, dist=134.6)
2026-09-07 00:58:49,780 MatchingPostProcessor WARNING  Orphan pdf_cell 738 recovered to col=1 by nearest-column fallback (row=18, x=672.8, dist=123.5)
2026-09-07 00:58:49,780 MatchingPostProcessor WARNING  Orphan pdf_cell 739 recovered to col=1 by nearest-column fallback (row=18, x=683.9, dist=112.4)
2026-09-07 00:58:49,780 MatchingPostProcessor WARNING  Orphan pdf_cell 740 recovered to col=1 by nearest-column fallback (row=18, x=695.0, dist=101.3)
2026-09-07 00:58:49,780 MatchingPostProcessor WARNING  Orphan pdf_cell 741 recovered to col=1 by nearest-column fallback (row=18, x=706.1, dist=90.2)
2026-09-07 00:58:49,780 MatchingPostProcessor WARNING  Orphan pdf_cell 742 recovered to col=1 by nearest-column fallback (row=18, x=717.2, dist=79.1)
2026-09-07 00:58:49,780 MatchingPostProcessor WARNING  Orphan pdf_cell 743 recovered to col=1 by nearest-column fallback (row=18, x=728.2, dist=68.0)
2026-09-07 00:58:49,780 MatchingPostProcessor WARNING  Orphan pdf_cell 744 recovered to col=1 by nearest-column fallback (row=18, x=739.3, dist=56.9)
2026-09-07 00:58:49,780 MatchingPostProcessor WARNING  Orphan pdf_cell 745 recovered to col=1 by nearest-column fallback (row=18, x=750.4, dist=45.9)
2026-09-07 00:58:49,780 MatchingPostProcessor WARNING  Orphan pdf_cell 746 recovered to col=1 by nearest-column fallback (row=18, x=761.5, dist=34.8)
2026-09-07 00:58:49,780 MatchingPostProcessor WARNING  Orphan pdf_cell 770 recovered to col=0 by nearest-column fallback (row=19, x=484.3, dist=198.3)
2026-09-07 00:58:49,780 MatchingPostProcessor WARNING  Orphan pdf_cell 771 recovered to col=0 by nearest-column fallback (row=19, x=495.4, dist=209.4)
2026-09-07 00:58:49,780 MatchingPostProcessor WARNING  Orphan pdf_cell 772 recovered to col=0 by nearest-column fallback (row=19, x=506.5, dist=220.5)
2026-09-07 00:58:49,780 MatchingPostProcessor WARNING  Orphan pdf_cell 773 recovered to col=0 by nearest-column fallback (row=19, x=517.6, dist=231.6)
2026-09-07 00:58:49,780 MatchingPostProcessor WARNING  Orphan pdf_cell 774 recovered to col=0 by nearest-column fallback (row=19, x=528.7, dist=242.7)
2026-09-07 00:58:49,780 MatchingPostProcessor WARNING  Orphan pdf_cell 775 recovered to col=0 by nearest-column fallback (row=19, x=539.7, dist=253.8)
2026-09-07 00:58:49,780 MatchingPostProcessor WARNING  Orphan pdf_cell 776 recovered to col=1 by nearest-column fallback (row=19, x=550.8, dist=245.4)
2026-09-07 00:58:49,780 MatchingPostProcessor WARNING  Orphan pdf_cell 777 recovered to col=1 by nearest-column fallback (row=19, x=561.9, dist=234.3)
2026-09-07 00:58:49,780 MatchingPostProcessor WARNING  Orphan pdf_cell 778 recovered to col=1 by nearest-column fallback (row=19, x=573.0, dist=223.3)
2026-09-07 00:58:49,780 MatchingPostProcessor WARNING  Orphan pdf_cell 779 recovered to col=1 by nearest-column fallback (row=19, x=584.1, dist=212.2)
2026-09-07 00:58:49,780 MatchingPostProcessor WARNING  Orphan pdf_cell 780 recovered to col=1 by nearest-column fallback (row=19, x=595.2, dist=201.1)
2026-09-07 00:58:49,780 MatchingPostProcessor WARNING  Orphan pdf_cell 781 recovered to col=1 by nearest-column fallback (row=19, x=606.3, dist=190.0)
2026-09-07 00:58:49,780 MatchingPostProcessor WARNING  Orphan pdf_cell 782 recovered to col=1 by nearest-column fallback (row=19, x=617.4, dist=178.9)
2026-09-07 00:58:49,780 MatchingPostProcessor WARNING  Orphan pdf_cell 783 recovered to col=1 by nearest-column fallback (row=19, x=628.5, dist=167.8)
2026-09-07 00:58:49,780 MatchingPostProcessor WARNING  Orphan pdf_cell 784 recovered to col=1 by nearest-column fallback (row=19, x=639.5, dist=156.7)
2026-09-07 00:58:49,780 MatchingPostProcessor WARNING  Orphan pdf_cell 785 recovered to col=1 by nearest-column fallback (row=19, x=650.6, dist=145.6)
2026-09-07 00:58:49,780 MatchingPostProcessor WARNING  Orphan pdf_cell 786 recovered to col=1 by nearest-column fallback (row=19, x=661.7, dist=134.6)
2026-09-07 00:58:49,780 MatchingPostProcessor WARNING  Orphan pdf_cell 787 recovered to col=1 by nearest-column fallback (row=19, x=672.8, dist=123.5)
2026-09-07 00:58:49,780 MatchingPostProcessor WARNING  Orphan pdf_cell 788 recovered to col=1 by nearest-column fallback (row=19, x=683.9, dist=112.4)
2026-09-07 00:58:49,780 MatchingPostProcessor WARNING  Orphan pdf_cell 789 recovered to col=1 by nearest-column fallback (row=19, x=695.0, dist=101.3)
2026-09-07 00:58:49,781 MatchingPostProcessor WARNING  Orphan pdf_cell 790 recovered to col=1 by nearest-column fallback (row=19, x=706.1, dist=90.2)
2026-09-07 00:58:49,781 MatchingPostProcessor WARNING  Orphan pdf_cell 791 recovered to col=1 by nearest-column fallback (row=19, x=717.2, dist=79.1)
2026-09-07 00:58:49,781 MatchingPostProcessor WARNING  Orphan pdf_cell 792 recovered to col=1 by nearest-column fallback (row=19, x=728.2, dist=68.0)
2026-09-07 00:58:49,781 MatchingPostProcessor WARNING  Orphan pdf_cell 793 recovered to col=1 by nearest-column fallback (row=19, x=739.3, dist=56.9)
2026-09-07 00:58:49,781 MatchingPostProcessor WARNING  Orphan pdf_cell 794 recovered to col=1 by nearest-column fallback (row=19, x=750.4, dist=45.9)
2026-09-07 00:58:49,781 MatchingPostProcessor WARNING  Orphan pdf_cell 795 recovered to col=1 by nearest-column fallback (row=19, x=761.5, dist=34.8)
2026-09-07 00:58:49,781 MatchingPostProcessor WARNING  Orphan pdf_cell 806 recovered to col=0 by nearest-column fallback (row=20, x=484.3, dist=198.3)
2026-09-07 00:58:49,781 MatchingPostProcessor WARNING  Orphan pdf_cell 807 recovered to col=0 by nearest-column fallback (row=20, x=495.4, dist=209.4)
2026-09-07 00:58:49,781 MatchingPostProcessor WARNING  Orphan pdf_cell 808 recovered to col=0 by nearest-column fallback (row=20, x=506.5, dist=220.5)
2026-09-07 00:58:49,781 MatchingPostProcessor WARNING  Orphan pdf_cell 809 recovered to col=0 by nearest-column fallback (row=20, x=517.6, dist=231.6)
2026-09-07 00:58:49,781 MatchingPostProcessor WARNING  Orphan pdf_cell 810 recovered to col=0 by nearest-column fallback (row=20, x=528.7, dist=242.7)
2026-09-07 00:58:49,781 MatchingPostProcessor WARNING  Orphan pdf_cell 811 recovered to col=0 by nearest-column fallback (row=20, x=539.7, dist=253.8)
2026-09-07 00:58:49,781 MatchingPostProcessor WARNING  Orphan pdf_cell 812 recovered to col=1 by nearest-column fallback (row=20, x=550.8, dist=245.4)
2026-09-07 00:58:49,781 MatchingPostProcessor WARNING  Orphan pdf_cell 813 recovered to col=1 by nearest-column fallback (row=20, x=561.9, dist=234.3)
2026-09-07 00:58:49,781 MatchingPostProcessor WARNING  Orphan pdf_cell 814 recovered to col=1 by nearest-column fallback (row=20, x=573.0, dist=223.3)
2026-09-07 00:58:49,781 MatchingPostProcessor WARNING  Orphan pdf_cell 815 recovered to col=1 by nearest-column fallback (row=20, x=584.1, dist=212.2)
2026-09-07 00:58:49,781 MatchingPostProcessor WARNING  Orphan pdf_cell 816 recovered to col=1 by nearest-column fallback (row=20, x=595.2, dist=201.1)
2026-09-07 00:58:49,781 MatchingPostProcessor WARNING  Orphan pdf_cell 817 recovered to col=1 by nearest-column fallback (row=20, x=606.3, dist=190.0)
2026-09-07 00:58:49,781 MatchingPostProcessor WARNING  Orphan pdf_cell 818 recovered to col=1 by nearest-column fallback (row=20, x=617.4, dist=178.9)
2026-09-07 00:58:49,781 MatchingPostProcessor WARNING  Orphan pdf_cell 819 recovered to col=1 by nearest-column fallback (row=20, x=628.5, dist=167.8)
2026-09-07 00:58:49,781 MatchingPostProcessor WARNING  Orphan pdf_cell 820 recovered to col=1 by nearest-column fallback (row=20, x=639.5, dist=156.7)
2026-09-07 00:58:49,781 MatchingPostProcessor WARNING  Orphan pdf_cell 821 recovered to col=1 by nearest-column fallback (row=20, x=650.6, dist=145.6)
2026-09-07 00:58:49,781 MatchingPostProcessor WARNING  Orphan pdf_cell 822 recovered to col=1 by nearest-column fallback (row=20, x=661.7, dist=134.6)
2026-09-07 00:58:49,781 MatchingPostProcessor WARNING  Orphan pdf_cell 823 recovered to col=1 by nearest-column fallback (row=20, x=672.8, dist=123.5)
2026-09-07 00:58:49,781 MatchingPostProcessor WARNING  Orphan pdf_cell 824 recovered to col=1 by nearest-column fallback (row=20, x=683.9, dist=112.4)
2026-09-07 00:58:49,781 MatchingPostProcessor WARNING  Orphan pdf_cell 825 recovered to col=1 by nearest-column fallback (row=20, x=695.0, dist=101.3)
2026-09-07 00:58:49,781 MatchingPostProcessor WARNING  Orphan pdf_cell 826 recovered to col=1 by nearest-column fallback (row=20, x=706.1, dist=90.2)
2026-09-07 00:58:49,781 MatchingPostProcessor WARNING  Orphan pdf_cell 827 recovered to col=1 by nearest-column fallback (row=20, x=717.2, dist=79.1)
2026-09-07 00:58:49,781 MatchingPostProcessor WARNING  Orphan pdf_cell 828 recovered to col=1 by nearest-column fallback (row=20, x=728.2, dist=68.0)
2026-09-07 00:58:49,781 MatchingPostProcessor WARNING  Orphan pdf_cell 829 recovered to col=1 by nearest-column fallback (row=20, x=739.3, dist=56.9)
2026-09-07 00:58:49,781 MatchingPostProcessor WARNING  Orphan pdf_cell 830 recovered to col=1 by nearest-column fallback (row=20, x=750.4, dist=45.9)
2026-09-07 00:58:49,781 MatchingPostProcessor WARNING  Orphan pdf_cell 831 recovered to col=1 by nearest-column fallback (row=20, x=761.5, dist=34.8)
2026-09-07 00:58:49,781 MatchingPostProcessor WARNING  Orphan pdf_cell 845 recovered to col=0 by nearest-column fallback (row=21, x=484.3, dist=198.3)
2026-09-07 00:58:49,781 MatchingPostProcessor WARNING  Orphan pdf_cell 846 recovered to col=0 by nearest-column fallback (row=21, x=495.4, dist=209.4)
2026-09-07 00:58:49,782 MatchingPostProcessor WARNING  Orphan pdf_cell 847 recovered to col=0 by nearest-column fallback (row=21, x=506.5, dist=220.5)
2026-09-07 00:58:49,782 MatchingPostProcessor WARNING  Orphan pdf_cell 848 recovered to col=0 by nearest-column fallback (row=21, x=517.6, dist=231.6)
2026-09-07 00:58:49,782 MatchingPostProcessor WARNING  Orphan pdf_cell 849 recovered to col=0 by nearest-column fallback (row=21, x=528.7, dist=242.7)
2026-09-07 00:58:49,782 MatchingPostProcessor WARNING  Orphan pdf_cell 850 recovered to col=0 by nearest-column fallback (row=21, x=539.7, dist=253.8)
2026-09-07 00:58:49,782 MatchingPostProcessor WARNING  Orphan pdf_cell 851 recovered to col=1 by nearest-column fallback (row=21, x=550.8, dist=245.4)
2026-09-07 00:58:49,782 MatchingPostProcessor WARNING  Orphan pdf_cell 852 recovered to col=1 by nearest-column fallback (row=21, x=561.9, dist=234.3)
2026-09-07 00:58:49,782 MatchingPostProcessor WARNING  Orphan pdf_cell 853 recovered to col=1 by nearest-column fallback (row=21, x=573.0, dist=223.3)
2026-09-07 00:58:49,782 MatchingPostProcessor WARNING  Orphan pdf_cell 854 recovered to col=1 by nearest-column fallback (row=21, x=584.1, dist=212.2)
2026-09-07 00:58:49,782 MatchingPostProcessor WARNING  Orphan pdf_cell 855 recovered to col=1 by nearest-column fallback (row=21, x=595.2, dist=201.1)
2026-09-07 00:58:49,782 MatchingPostProcessor WARNING  Orphan pdf_cell 856 recovered to col=1 by nearest-column fallback (row=21, x=606.3, dist=190.0)
2026-09-07 00:58:49,782 MatchingPostProcessor WARNING  Orphan pdf_cell 857 recovered to col=1 by nearest-column fallback (row=21, x=617.4, dist=178.9)
2026-09-07 00:58:49,782 MatchingPostProcessor WARNING  Orphan pdf_cell 858 recovered to col=1 by nearest-column fallback (row=21, x=628.5, dist=167.8)
2026-09-07 00:58:49,782 MatchingPostProcessor WARNING  Orphan pdf_cell 859 recovered to col=1 by nearest-column fallback (row=21, x=639.5, dist=156.7)
2026-09-07 00:58:49,782 MatchingPostProcessor WARNING  Orphan pdf_cell 860 recovered to col=1 by nearest-column fallback (row=21, x=650.6, dist=145.6)
2026-09-07 00:58:49,782 MatchingPostProcessor WARNING  Orphan pdf_cell 861 recovered to col=1 by nearest-column fallback (row=21, x=661.7, dist=134.6)
2026-09-07 00:58:49,782 MatchingPostProcessor WARNING  Orphan pdf_cell 862 recovered to col=1 by nearest-column fallback (row=21, x=672.8, dist=123.5)
2026-09-07 00:58:49,782 MatchingPostProcessor WARNING  Orphan pdf_cell 863 recovered to col=1 by nearest-column fallback (row=21, x=683.9, dist=112.4)
2026-09-07 00:58:49,782 MatchingPostProcessor WARNING  Orphan pdf_cell 864 recovered to col=1 by nearest-column fallback (row=21, x=695.0, dist=101.3)
2026-09-07 00:58:49,782 MatchingPostProcessor WARNING  Orphan pdf_cell 865 recovered to col=1 by nearest-column fallback (row=21, x=706.1, dist=90.2)
2026-09-07 00:58:49,782 MatchingPostProcessor WARNING  Orphan pdf_cell 866 recovered to col=1 by nearest-column fallback (row=21, x=717.2, dist=79.1)
2026-09-07 00:58:49,782 MatchingPostProcessor WARNING  Orphan pdf_cell 867 recovered to col=1 by nearest-column fallback (row=21, x=728.2, dist=68.0)
2026-09-07 00:58:49,782 MatchingPostProcessor WARNING  Orphan pdf_cell 868 recovered to col=1 by nearest-column fallback (row=21, x=739.3, dist=56.9)
2026-09-07 00:58:49,782 MatchingPostProcessor WARNING  Orphan pdf_cell 869 recovered to col=1 by nearest-column fallback (row=21, x=750.4, dist=45.9)
2026-09-07 00:58:49,782 MatchingPostProcessor WARNING  Orphan pdf_cell 870 recovered to col=1 by nearest-column fallback (row=21, x=761.5, dist=34.8)
2026-09-07 00:58:49,782 MatchingPostProcessor WARNING  Orphan pdf_cell 893 recovered to col=0 by nearest-column fallback (row=22, x=484.3, dist=198.3)
2026-09-07 00:58:49,782 MatchingPostProcessor WARNING  Orphan pdf_cell 894 recovered to col=0 by nearest-column fallback (row=22, x=495.4, dist=209.4)
2026-09-07 00:58:49,782 MatchingPostProcessor WARNING  Orphan pdf_cell 895 recovered to col=0 by nearest-column fallback (row=22, x=506.5, dist=220.5)
2026-09-07 00:58:49,782 MatchingPostProcessor WARNING  Orphan pdf_cell 896 recovered to col=0 by nearest-column fallback (row=22, x=517.6, dist=231.6)
2026-09-07 00:58:49,782 MatchingPostProcessor WARNING  Orphan pdf_cell 897 recovered to col=0 by nearest-column fallback (row=22, x=528.7, dist=242.7)
2026-09-07 00:58:49,782 MatchingPostProcessor WARNING  Orphan pdf_cell 898 recovered to col=0 by nearest-column fallback (row=22, x=539.7, dist=253.8)
2026-09-07 00:58:49,782 MatchingPostProcessor WARNING  Orphan pdf_cell 899 recovered to col=1 by nearest-column fallback (row=22, x=550.8, dist=245.4)
2026-09-07 00:58:49,782 MatchingPostProcessor WARNING  Orphan pdf_cell 900 recovered to col=1 by nearest-column fallback (row=22, x=561.9, dist=234.3)
2026-09-07 00:58:49,782 MatchingPostProcessor WARNING  Orphan pdf_cell 901 recovered to col=1 by nearest-column fallback (row=22, x=573.0, dist=223.3)
2026-09-07 00:58:49,782 MatchingPostProcessor WARNING  Orphan pdf_cell 902 recovered to col=1 by nearest-column fallback (row=22, x=584.1, dist=212.2)
2026-09-07 00:58:49,782 MatchingPostProcessor WARNING  Orphan pdf_cell 903 recovered to col=1 by nearest-column fallback (row=22, x=595.2, dist=201.1)
2026-09-07 00:58:49,783 MatchingPostProcessor WARNING  Orphan pdf_cell 904 recovered to col=1 by nearest-column fallback (row=22, x=606.3, dist=190.0)
2026-09-07 00:58:49,783 MatchingPostProcessor WARNING  Orphan pdf_cell 905 recovered to col=1 by nearest-column fallback (row=22, x=617.4, dist=178.9)
2026-09-07 00:58:49,783 MatchingPostProcessor WARNING  Orphan pdf_cell 906 recovered to col=1 by nearest-column fallback (row=22, x=628.5, dist=167.8)
2026-09-07 00:58:49,783 MatchingPostProcessor WARNING  Orphan pdf_cell 907 recovered to col=1 by nearest-column fallback (row=22, x=639.5, dist=156.7)
2026-09-07 00:58:49,783 MatchingPostProcessor WARNING  Orphan pdf_cell 908 recovered to col=1 by nearest-column fallback (row=22, x=650.6, dist=145.6)
2026-09-07 00:58:49,783 MatchingPostProcessor WARNING  Orphan pdf_cell 909 recovered to col=1 by nearest-column fallback (row=22, x=661.7, dist=134.6)
2026-09-07 00:58:49,783 MatchingPostProcessor WARNING  Orphan pdf_cell 910 recovered to col=1 by nearest-column fallback (row=22, x=672.8, dist=123.5)
2026-09-07 00:58:49,783 MatchingPostProcessor WARNING  Orphan pdf_cell 911 recovered to col=1 by nearest-column fallback (row=22, x=683.9, dist=112.4)
2026-09-07 00:58:49,783 MatchingPostProcessor WARNING  Orphan pdf_cell 912 recovered to col=1 by nearest-column fallback (row=22, x=695.0, dist=101.3)
2026-09-07 00:58:49,783 MatchingPostProcessor WARNING  Orphan pdf_cell 913 recovered to col=1 by nearest-column fallback (row=22, x=706.1, dist=90.2)
2026-09-07 00:58:49,783 MatchingPostProcessor WARNING  Orphan pdf_cell 914 recovered to col=1 by nearest-column fallback (row=22, x=717.2, dist=79.1)
2026-09-07 00:58:49,783 MatchingPostProcessor WARNING  Orphan pdf_cell 915 recovered to col=1 by nearest-column fallback (row=22, x=728.2, dist=68.0)
2026-09-07 00:58:49,783 MatchingPostProcessor WARNING  Orphan pdf_cell 916 recovered to col=1 by nearest-column fallback (row=22, x=739.3, dist=56.9)
2026-09-07 00:58:49,783 MatchingPostProcessor WARNING  Orphan pdf_cell 917 recovered to col=1 by nearest-column fallback (row=22, x=750.4, dist=45.9)
2026-09-07 00:58:49,783 MatchingPostProcessor WARNING  Orphan pdf_cell 918 recovered to col=1 by nearest-column fallback (row=22, x=761.5, dist=34.8)
2026-09-07 00:58:49,783 MatchingPostProcessor WARNING  Orphan pdf_cell 931 recovered to col=0 by nearest-column fallback (row=23, x=484.3, dist=198.3)
2026-09-07 00:58:49,783 MatchingPostProcessor WARNING  Orphan pdf_cell 932 recovered to col=0 by nearest-column fallback (row=23, x=495.4, dist=209.4)
2026-09-07 00:58:49,783 MatchingPostProcessor WARNING  Orphan pdf_cell 933 recovered to col=0 by nearest-column fallback (row=23, x=506.5, dist=220.5)
2026-09-07 00:58:49,783 MatchingPostProcessor WARNING  Orphan pdf_cell 934 recovered to col=0 by nearest-column fallback (row=23, x=517.6, dist=231.6)
2026-09-07 00:58:49,783 MatchingPostProcessor WARNING  Orphan pdf_cell 935 recovered to col=0 by nearest-column fallback (row=23, x=528.7, dist=242.7)
2026-09-07 00:58:49,783 MatchingPostProcessor WARNING  Orphan pdf_cell 936 recovered to col=0 by nearest-column fallback (row=23, x=539.7, dist=253.8)
2026-09-07 00:58:49,783 MatchingPostProcessor WARNING  Orphan pdf_cell 937 recovered to col=1 by nearest-column fallback (row=23, x=550.8, dist=245.4)
2026-09-07 00:58:49,783 MatchingPostProcessor WARNING  Orphan pdf_cell 938 recovered to col=1 by nearest-column fallback (row=23, x=561.9, dist=234.3)
2026-09-07 00:58:49,783 MatchingPostProcessor WARNING  Orphan pdf_cell 939 recovered to col=1 by nearest-column fallback (row=23, x=573.0, dist=223.3)
2026-09-07 00:58:49,783 MatchingPostProcessor WARNING  Orphan pdf_cell 940 recovered to col=1 by nearest-column fallback (row=23, x=584.1, dist=212.2)
2026-09-07 00:58:49,783 MatchingPostProcessor WARNING  Orphan pdf_cell 941 recovered to col=1 by nearest-column fallback (row=23, x=595.2, dist=201.1)
2026-09-07 00:58:49,783 MatchingPostProcessor WARNING  Orphan pdf_cell 942 recovered to col=1 by nearest-column fallback (row=23, x=606.3, dist=190.0)
2026-09-07 00:58:49,783 MatchingPostProcessor WARNING  Orphan pdf_cell 943 recovered to col=1 by nearest-column fallback (row=23, x=617.4, dist=178.9)
2026-09-07 00:58:49,783 MatchingPostProcessor WARNING  Orphan pdf_cell 944 recovered to col=1 by nearest-column fallback (row=23, x=628.5, dist=167.8)
2026-09-07 00:58:49,783 MatchingPostProcessor WARNING  Orphan pdf_cell 945 recovered to col=1 by nearest-column fallback (row=23, x=639.5, dist=156.7)
2026-09-07 00:58:49,783 MatchingPostProcessor WARNING  Orphan pdf_cell 946 recovered to col=1 by nearest-column fallback (row=23, x=650.6, dist=145.6)
2026-09-07 00:58:49,783 MatchingPostProcessor WARNING  Orphan pdf_cell 947 recovered to col=1 by nearest-column fallback (row=23, x=661.7, dist=134.6)
2026-09-07 00:58:49,783 MatchingPostProcessor WARNING  Orphan pdf_cell 948 recovered to col=1 by nearest-column fallback (row=23, x=672.8, dist=123.5)
2026-09-07 00:58:49,783 MatchingPostProcessor WARNING  Orphan pdf_cell 949 recovered to col=1 by nearest-column fallback (row=23, x=683.9, dist=112.4)
2026-09-07 00:58:49,784 MatchingPostProcessor WARNING  Orphan pdf_cell 950 recovered to col=1 by nearest-column fallback (row=23, x=695.0, dist=101.3)
2026-09-07 00:58:49,784 MatchingPostProcessor WARNING  Orphan pdf_cell 951 recovered to col=1 by nearest-column fallback (row=23, x=706.1, dist=90.2)
2026-09-07 00:58:49,784 MatchingPostProcessor WARNING  Orphan pdf_cell 952 recovered to col=1 by nearest-column fallback (row=23, x=717.2, dist=79.1)
2026-09-07 00:58:49,784 MatchingPostProcessor WARNING  Orphan pdf_cell 953 recovered to col=1 by nearest-column fallback (row=23, x=728.2, dist=68.0)
2026-09-07 00:58:49,784 MatchingPostProcessor WARNING  Orphan pdf_cell 954 recovered to col=1 by nearest-column fallback (row=23, x=739.3, dist=56.9)
2026-09-07 00:58:49,784 MatchingPostProcessor WARNING  Orphan pdf_cell 955 recovered to col=1 by nearest-column fallback (row=23, x=750.4, dist=45.9)
2026-09-07 00:58:49,784 MatchingPostProcessor WARNING  Orphan pdf_cell 956 recovered to col=1 by nearest-column fallback (row=23, x=761.5, dist=34.8)
2026-09-07 00:58:49,784 MatchingPostProcessor WARNING  Orphan pdf_cell 975 recovered to col=0 by nearest-column fallback (row=24, x=484.3, dist=198.3)
2026-09-07 00:58:49,784 MatchingPostProcessor WARNING  Orphan pdf_cell 976 recovered to col=0 by nearest-column fallback (row=24, x=495.4, dist=209.4)
2026-09-07 00:58:49,784 MatchingPostProcessor WARNING  Orphan pdf_cell 977 recovered to col=0 by nearest-column fallback (row=24, x=506.5, dist=220.5)
2026-09-07 00:58:49,784 MatchingPostProcessor WARNING  Orphan pdf_cell 978 recovered to col=0 by nearest-column fallback (row=24, x=517.6, dist=231.6)
2026-09-07 00:58:49,784 MatchingPostProcessor WARNING  Orphan pdf_cell 979 recovered to col=0 by nearest-column fallback (row=24, x=528.7, dist=242.7)
2026-09-07 00:58:49,784 MatchingPostProcessor WARNING  Orphan pdf_cell 980 recovered to col=0 by nearest-column fallback (row=24, x=539.7, dist=253.8)
2026-09-07 00:58:49,784 MatchingPostProcessor WARNING  Orphan pdf_cell 981 recovered to col=1 by nearest-column fallback (row=24, x=550.8, dist=245.4)
2026-09-07 00:58:49,784 MatchingPostProcessor WARNING  Orphan pdf_cell 982 recovered to col=1 by nearest-column fallback (row=24, x=561.9, dist=234.3)
2026-09-07 00:58:49,784 MatchingPostProcessor WARNING  Orphan pdf_cell 983 recovered to col=1 by nearest-column fallback (row=24, x=573.0, dist=223.3)
2026-09-07 00:58:49,784 MatchingPostProcessor WARNING  Orphan pdf_cell 984 recovered to col=1 by nearest-column fallback (row=24, x=584.1, dist=212.2)
2026-09-07 00:58:49,784 MatchingPostProcessor WARNING  Orphan pdf_cell 985 recovered to col=1 by nearest-column fallback (row=24, x=595.2, dist=201.1)
2026-09-07 00:58:49,784 MatchingPostProcessor WARNING  Orphan pdf_cell 986 recovered to col=1 by nearest-column fallback (row=24, x=606.3, dist=190.0)
2026-09-07 00:58:49,784 MatchingPostProcessor WARNING  Orphan pdf_cell 987 recovered to col=1 by nearest-column fallback (row=24, x=617.4, dist=178.9)
2026-09-07 00:58:49,784 MatchingPostProcessor WARNING  Orphan pdf_cell 988 recovered to col=1 by nearest-column fallback (row=24, x=628.5, dist=167.8)
2026-09-07 00:58:49,784 MatchingPostProcessor WARNING  Orphan pdf_cell 989 recovered to col=1 by nearest-column fallback (row=24, x=639.5, dist=156.7)
2026-09-07 00:58:49,784 MatchingPostProcessor WARNING  Orphan pdf_cell 990 recovered to col=1 by nearest-column fallback (row=24, x=650.6, dist=145.6)
2026-09-07 00:58:49,784 MatchingPostProcessor WARNING  Orphan pdf_cell 991 recovered to col=1 by nearest-column fallback (row=24, x=661.7, dist=134.6)
2026-09-07 00:58:49,784 MatchingPostProcessor WARNING  Orphan pdf_cell 992 recovered to col=1 by nearest-column fallback (row=24, x=672.8, dist=123.5)
2026-09-07 00:58:49,784 MatchingPostProcessor WARNING  Orphan pdf_cell 993 recovered to col=1 by nearest-column fallback (row=24, x=683.9, dist=112.4)
2026-09-07 00:58:49,784 MatchingPostProcessor WARNING  Orphan pdf_cell 994 recovered to col=1 by nearest-column fallback (row=24, x=695.0, dist=101.3)
2026-09-07 00:58:49,784 MatchingPostProcessor WARNING  Orphan pdf_cell 995 recovered to col=1 by nearest-column fallback (row=24, x=706.1, dist=90.2)
2026-09-07 00:58:49,784 MatchingPostProcessor WARNING  Orphan pdf_cell 996 recovered to col=1 by nearest-column fallback (row=24, x=717.2, dist=79.1)
2026-09-07 00:58:49,784 MatchingPostProcessor WARNING  Orphan pdf_cell 997 recovered to col=1 by nearest-column fallback (row=24, x=728.2, dist=68.0)
2026-09-07 00:58:49,784 MatchingPostProcessor WARNING  Orphan pdf_cell 998 recovered to col=1 by nearest-column fallback (row=24, x=739.3, dist=56.9)
2026-09-07 00:58:49,784 MatchingPostProcessor WARNING  Orphan pdf_cell 999 recovered to col=1 by nearest-column fallback (row=24, x=750.4, dist=45.9)
2026-09-07 00:58:49,784 MatchingPostProcessor WARNING  Orphan pdf_cell 1000 recovered to col=1 by nearest-column fallback (row=24, x=761.5, dist=34.8)
2026-09-07 00:58:49,785 MatchingPostProcessor WARNING  Orphan pdf_cell 1028 recovered to col=0 by nearest-column fallback (row=25, x=484.3, dist=198.3)
2026-09-07 00:58:49,785 MatchingPostProcessor WARNING  Orphan pdf_cell 1029 recovered to col=0 by nearest-column fallback (row=25, x=495.4, dist=209.4)
2026-09-07 00:58:49,785 MatchingPostProcessor WARNING  Orphan pdf_cell 1030 recovered to col=0 by nearest-column fallback (row=25, x=506.5, dist=220.5)
2026-09-07 00:58:49,785 MatchingPostProcessor WARNING  Orphan pdf_cell 1031 recovered to col=0 by nearest-column fallback (row=25, x=517.6, dist=231.6)
2026-09-07 00:58:49,785 MatchingPostProcessor WARNING  Orphan pdf_cell 1032 recovered to col=0 by nearest-column fallback (row=25, x=528.7, dist=242.7)
2026-09-07 00:58:49,785 MatchingPostProcessor WARNING  Orphan pdf_cell 1033 recovered to col=0 by nearest-column fallback (row=25, x=539.7, dist=253.8)
2026-09-07 00:58:49,785 MatchingPostProcessor WARNING  Orphan pdf_cell 1034 recovered to col=1 by nearest-column fallback (row=25, x=550.8, dist=245.4)
2026-09-07 00:58:49,785 MatchingPostProcessor WARNING  Orphan pdf_cell 1035 recovered to col=1 by nearest-column fallback (row=25, x=561.9, dist=234.3)
2026-09-07 00:58:49,785 MatchingPostProcessor WARNING  Orphan pdf_cell 1036 recovered to col=1 by nearest-column fallback (row=25, x=573.0, dist=223.3)
2026-09-07 00:58:49,785 MatchingPostProcessor WARNING  Orphan pdf_cell 1037 recovered to col=1 by nearest-column fallback (row=25, x=584.1, dist=212.2)
2026-09-07 00:58:49,785 MatchingPostProcessor WARNING  Orphan pdf_cell 1038 recovered to col=1 by nearest-column fallback (row=25, x=595.2, dist=201.1)
2026-09-07 00:58:49,785 MatchingPostProcessor WARNING  Orphan pdf_cell 1039 recovered to col=1 by nearest-column fallback (row=25, x=606.3, dist=190.0)
2026-09-07 00:58:49,785 MatchingPostProcessor WARNING  Orphan pdf_cell 1040 recovered to col=1 by nearest-column fallback (row=25, x=617.4, dist=178.9)
2026-09-07 00:58:49,785 MatchingPostProcessor WARNING  Orphan pdf_cell 1041 recovered to col=1 by nearest-column fallback (row=25, x=628.5, dist=167.8)
2026-09-07 00:58:49,785 MatchingPostProcessor WARNING  Orphan pdf_cell 1042 recovered to col=1 by nearest-column fallback (row=25, x=639.5, dist=156.7)
2026-09-07 00:58:49,785 MatchingPostProcessor WARNING  Orphan pdf_cell 1043 recovered to col=1 by nearest-column fallback (row=25, x=650.6, dist=145.6)
2026-09-07 00:58:49,785 MatchingPostProcessor WARNING  Orphan pdf_cell 1044 recovered to col=1 by nearest-column fallback (row=25, x=661.7, dist=134.6)
2026-09-07 00:58:49,785 MatchingPostProcessor WARNING  Orphan pdf_cell 1045 recovered to col=1 by nearest-column fallback (row=25, x=672.8, dist=123.5)
2026-09-07 00:58:49,785 MatchingPostProcessor WARNING  Orphan pdf_cell 1046 recovered to col=1 by nearest-column fallback (row=25, x=683.9, dist=112.4)
2026-09-07 00:58:49,785 MatchingPostProcessor WARNING  Orphan pdf_cell 1047 recovered to col=1 by nearest-column fallback (row=25, x=695.0, dist=101.3)
2026-09-07 00:58:49,785 MatchingPostProcessor WARNING  Orphan pdf_cell 1048 recovered to col=1 by nearest-column fallback (row=25, x=706.1, dist=90.2)
2026-09-07 00:58:49,785 MatchingPostProcessor WARNING  Orphan pdf_cell 1049 recovered to col=1 by nearest-column fallback (row=25, x=717.2, dist=79.1)
2026-09-07 00:58:49,785 MatchingPostProcessor WARNING  Orphan pdf_cell 1050 recovered to col=1 by nearest-column fallback (row=25, x=728.2, dist=68.0)
2026-09-07 00:58:49,785 MatchingPostProcessor WARNING  Orphan pdf_cell 1051 recovered to col=1 by nearest-column fallback (row=25, x=739.3, dist=56.9)
2026-09-07 00:58:49,785 MatchingPostProcessor WARNING  Orphan pdf_cell 1052 recovered to col=1 by nearest-column fallback (row=25, x=750.4, dist=45.9)
2026-09-07 00:58:49,785 MatchingPostProcessor WARNING  Orphan pdf_cell 1053 recovered to col=1 by nearest-column fallback (row=25, x=761.5, dist=34.8)
2026-09-07 00:58:49,786 MatchingPostProcessor WARNING  Orphan pdf_cell 1072 recovered to col=0 by nearest-column fallback (row=26, x=484.3, dist=198.3)
2026-09-07 00:58:49,786 MatchingPostProcessor WARNING  Orphan pdf_cell 1073 recovered to col=0 by nearest-column fallback (row=26, x=495.4, dist=209.4)
2026-09-07 00:58:49,786 MatchingPostProcessor WARNING  Orphan pdf_cell 1074 recovered to col=0 by nearest-column fallback (row=26, x=506.5, dist=220.5)
2026-09-07 00:58:49,786 MatchingPostProcessor WARNING  Orphan pdf_cell 1075 recovered to col=0 by nearest-column fallback (row=26, x=517.6, dist=231.6)
2026-09-07 00:58:49,786 MatchingPostProcessor WARNING  Orphan pdf_cell 1076 recovered to col=0 by nearest-column fallback (row=26, x=528.7, dist=242.7)
2026-09-07 00:58:49,786 MatchingPostProcessor WARNING  Orphan pdf_cell 1077 recovered to col=0 by nearest-column fallback (row=26, x=539.7, dist=253.8)
2026-09-07 00:58:49,786 MatchingPostProcessor WARNING  Orphan pdf_cell 1078 recovered to col=1 by nearest-column fallback (row=26, x=550.8, dist=245.4)
2026-09-07 00:58:49,786 MatchingPostProcessor WARNING  Orphan pdf_cell 1079 recovered to col=1 by nearest-column fallback (row=26, x=561.9, dist=234.3)
2026-09-07 00:58:49,786 MatchingPostProcessor WARNING  Orphan pdf_cell 1080 recovered to col=1 by nearest-column fallback (row=26, x=573.0, dist=223.3)
2026-09-07 00:58:49,786 MatchingPostProcessor WARNING  Orphan pdf_cell 1081 recovered to col=1 by nearest-column fallback (row=26, x=584.1, dist=212.2)
2026-09-07 00:58:49,786 MatchingPostProcessor WARNING  Orphan pdf_cell 1082 recovered to col=1 by nearest-column fallback (row=26, x=595.2, dist=201.1)
2026-09-07 00:58:49,786 MatchingPostProcessor WARNING  Orphan pdf_cell 1083 recovered to col=1 by nearest-column fallback (row=26, x=606.3, dist=190.0)
2026-09-07 00:58:49,786 MatchingPostProcessor WARNING  Orphan pdf_cell 1084 recovered to col=1 by nearest-column fallback (row=26, x=617.4, dist=178.9)
2026-09-07 00:58:49,786 MatchingPostProcessor WARNING  Orphan pdf_cell 1085 recovered to col=1 by nearest-column fallback (row=26, x=628.5, dist=167.8)
2026-09-07 00:58:49,786 MatchingPostProcessor WARNING  Orphan pdf_cell 1086 recovered to col=1 by nearest-column fallback (row=26, x=639.5, dist=156.7)
2026-09-07 00:58:49,786 MatchingPostProcessor WARNING  Orphan pdf_cell 1087 recovered to col=1 by nearest-column fallback (row=26, x=650.6, dist=145.6)
2026-09-07 00:58:49,786 MatchingPostProcessor WARNING  Orphan pdf_cell 1088 recovered to col=1 by nearest-column fallback (row=26, x=661.7, dist=134.6)
2026-09-07 00:58:49,786 MatchingPostProcessor WARNING  Orphan pdf_cell 1089 recovered to col=1 by nearest-column fallback (row=26, x=672.8, dist=123.5)
2026-09-07 00:58:49,786 MatchingPostProcessor WARNING  Orphan pdf_cell 1090 recovered to col=1 by nearest-column fallback (row=26, x=683.9, dist=112.4)
2026-09-07 00:58:49,786 MatchingPostProcessor WARNING  Orphan pdf_cell 1091 recovered to col=1 by nearest-column fallback (row=26, x=695.0, dist=101.3)
2026-09-07 00:58:49,786 MatchingPostProcessor WARNING  Orphan pdf_cell 1092 recovered to col=1 by nearest-column fallback (row=26, x=706.1, dist=90.2)
2026-09-07 00:58:49,786 MatchingPostProcessor WARNING  Orphan pdf_cell 1093 recovered to col=1 by nearest-column fallback (row=26, x=717.2, dist=79.1)
2026-09-07 00:58:49,786 MatchingPostProcessor WARNING  Orphan pdf_cell 1094 recovered to col=1 by nearest-column fallback (row=26, x=728.2, dist=68.0)
2026-09-07 00:58:49,786 MatchingPostProcessor WARNING  Orphan pdf_cell 1095 recovered to col=1 by nearest-column fallback (row=26, x=739.3, dist=56.9)
2026-09-07 00:58:49,786 MatchingPostProcessor WARNING  Orphan pdf_cell 1096 recovered to col=1 by nearest-column fallback (row=26, x=750.4, dist=45.9)
2026-09-07 00:58:49,786 MatchingPostProcessor WARNING  Orphan pdf_cell 1097 recovered to col=1 by nearest-column fallback (row=26, x=761.5, dist=34.8)
2026-09-07 00:58:49,786 MatchingPostProcessor WARNING  Orphan pdf_cell 1119 recovered to col=0 by nearest-column fallback (row=27, x=484.3, dist=198.3)
2026-09-07 00:58:49,786 MatchingPostProcessor WARNING  Orphan pdf_cell 1120 recovered to col=0 by nearest-column fallback (row=27, x=495.4, dist=209.4)
2026-09-07 00:58:49,786 MatchingPostProcessor WARNING  Orphan pdf_cell 1121 recovered to col=0 by nearest-column fallback (row=27, x=506.5, dist=220.5)
2026-09-07 00:58:49,787 MatchingPostProcessor WARNING  Orphan pdf_cell 1122 recovered to col=0 by nearest-column fallback (row=27, x=517.6, dist=231.6)
2026-09-07 00:58:49,787 MatchingPostProcessor WARNING  Orphan pdf_cell 1123 recovered to col=0 by nearest-column fallback (row=27, x=528.7, dist=242.7)
2026-09-07 00:58:49,787 MatchingPostProcessor WARNING  Orphan pdf_cell 1124 recovered to col=0 by nearest-column fallback (row=27, x=539.7, dist=253.8)
2026-09-07 00:58:49,787 MatchingPostProcessor WARNING  Orphan pdf_cell 1125 recovered to col=1 by nearest-column fallback (row=27, x=550.8, dist=245.4)
2026-09-07 00:58:49,787 MatchingPostProcessor WARNING  Orphan pdf_cell 1126 recovered to col=1 by nearest-column fallback (row=27, x=561.9, dist=234.3)
2026-09-07 00:58:49,787 MatchingPostProcessor WARNING  Orphan pdf_cell 1127 recovered to col=1 by nearest-column fallback (row=27, x=573.0, dist=223.3)
2026-09-07 00:58:49,787 MatchingPostProcessor WARNING  Orphan pdf_cell 1128 recovered to col=1 by nearest-column fallback (row=27, x=584.1, dist=212.2)
2026-09-07 00:58:49,787 MatchingPostProcessor WARNING  Orphan pdf_cell 1129 recovered to col=1 by nearest-column fallback (row=27, x=595.2, dist=201.1)
2026-09-07 00:58:49,787 MatchingPostProcessor WARNING  Orphan pdf_cell 1130 recovered to col=1 by nearest-column fallback (row=27, x=606.3, dist=190.0)
2026-09-07 00:58:49,787 MatchingPostProcessor WARNING  Orphan pdf_cell 1131 recovered to col=1 by nearest-column fallback (row=27, x=617.4, dist=178.9)
2026-09-07 00:58:49,787 MatchingPostProcessor WARNING  Orphan pdf_cell 1132 recovered to col=1 by nearest-column fallback (row=27, x=628.5, dist=167.8)
2026-09-07 00:58:49,787 MatchingPostProcessor WARNING  Orphan pdf_cell 1133 recovered to col=1 by nearest-column fallback (row=27, x=639.5, dist=156.7)
2026-09-07 00:58:49,787 MatchingPostProcessor WARNING  Orphan pdf_cell 1134 recovered to col=1 by nearest-column fallback (row=27, x=650.6, dist=145.6)
2026-09-07 00:58:49,787 MatchingPostProcessor WARNING  Orphan pdf_cell 1135 recovered to col=1 by nearest-column fallback (row=27, x=661.7, dist=134.6)
2026-09-07 00:58:49,787 MatchingPostProcessor WARNING  Orphan pdf_cell 1136 recovered to col=1 by nearest-column fallback (row=27, x=672.8, dist=123.5)
2026-09-07 00:58:49,787 MatchingPostProcessor WARNING  Orphan pdf_cell 1137 recovered to col=1 by nearest-column fallback (row=27, x=683.9, dist=112.4)
2026-09-07 00:58:49,787 MatchingPostProcessor WARNING  Orphan pdf_cell 1138 recovered to col=1 by nearest-column fallback (row=27, x=695.0, dist=101.3)
2026-09-07 00:58:49,787 MatchingPostProcessor WARNING  Orphan pdf_cell 1139 recovered to col=1 by nearest-column fallback (row=27, x=706.1, dist=90.2)
2026-09-07 00:58:49,787 MatchingPostProcessor WARNING  Orphan pdf_cell 1140 recovered to col=1 by nearest-column fallback (row=27, x=717.2, dist=79.1)
2026-09-07 00:58:49,787 MatchingPostProcessor WARNING  Orphan pdf_cell 1141 recovered to col=1 by nearest-column fallback (row=27, x=728.2, dist=68.0)
2026-09-07 00:58:49,787 MatchingPostProcessor WARNING  Orphan pdf_cell 1142 recovered to col=1 by nearest-column fallback (row=27, x=739.3, dist=56.9)
2026-09-07 00:58:49,787 MatchingPostProcessor WARNING  Orphan pdf_cell 1143 recovered to col=1 by nearest-column fallback (row=27, x=750.4, dist=45.9)
2026-09-07 00:58:49,787 MatchingPostProcessor WARNING  Orphan pdf_cell 1144 recovered to col=1 by nearest-column fallback (row=27, x=761.5, dist=34.8)
2026-09-07 00:58:49,787 MatchingPostProcessor WARNING  Orphan pdf_cell 1164 recovered to col=0 by nearest-column fallback (row=28, x=484.3, dist=198.3)
2026-09-07 00:58:49,787 MatchingPostProcessor WARNING  Orphan pdf_cell 1165 recovered to col=0 by nearest-column fallback (row=28, x=495.4, dist=209.4)
2026-09-07 00:58:49,787 MatchingPostProcessor WARNING  Orphan pdf_cell 1166 recovered to col=0 by nearest-column fallback (row=28, x=506.5, dist=220.5)
2026-09-07 00:58:49,787 MatchingPostProcessor WARNING  Orphan pdf_cell 1167 recovered to col=0 by nearest-column fallback (row=28, x=517.6, dist=231.6)
2026-09-07 00:58:49,787 MatchingPostProcessor WARNING  Orphan pdf_cell 1168 recovered to col=0 by nearest-column fallback (row=28, x=528.7, dist=242.7)
2026-09-07 00:58:49,787 MatchingPostProcessor WARNING  Orphan pdf_cell 1169 recovered to col=0 by nearest-column fallback (row=28, x=539.7, dist=253.8)
2026-09-07 00:58:49,787 MatchingPostProcessor WARNING  Orphan pdf_cell 1170 recovered to col=1 by nearest-column fallback (row=28, x=550.8, dist=245.4)
2026-09-07 00:58:49,787 MatchingPostProcessor WARNING  Orphan pdf_cell 1171 recovered to col=1 by nearest-column fallback (row=28, x=561.9, dist=234.3)
2026-09-07 00:58:49,787 MatchingPostProcessor WARNING  Orphan pdf_cell 1172 recovered to col=1 by nearest-column fallback (row=28, x=573.0, dist=223.3)
2026-09-07 00:58:49,787 MatchingPostProcessor WARNING  Orphan pdf_cell 1173 recovered to col=1 by nearest-column fallback (row=28, x=584.1, dist=212.2)
2026-09-07 00:58:49,787 MatchingPostProcessor WARNING  Orphan pdf_cell 1174 recovered to col=1 by nearest-column fallback (row=28, x=595.2, dist=201.1)
2026-09-07 00:58:49,788 MatchingPostProcessor WARNING  Orphan pdf_cell 1175 recovered to col=1 by nearest-column fallback (row=28, x=606.3, dist=190.0)
2026-09-07 00:58:49,788 MatchingPostProcessor WARNING  Orphan pdf_cell 1176 recovered to col=1 by nearest-column fallback (row=28, x=617.4, dist=178.9)
2026-09-07 00:58:49,788 MatchingPostProcessor WARNING  Orphan pdf_cell 1177 recovered to col=1 by nearest-column fallback (row=28, x=628.5, dist=167.8)
2026-09-07 00:58:49,788 MatchingPostProcessor WARNING  Orphan pdf_cell 1178 recovered to col=1 by nearest-column fallback (row=28, x=639.5, dist=156.7)
2026-09-07 00:58:49,788 MatchingPostProcessor WARNING  Orphan pdf_cell 1179 recovered to col=1 by nearest-column fallback (row=28, x=650.6, dist=145.6)
2026-09-07 00:58:49,788 MatchingPostProcessor WARNING  Orphan pdf_cell 1180 recovered to col=1 by nearest-column fallback (row=28, x=661.7, dist=134.6)
2026-09-07 00:58:49,788 MatchingPostProcessor WARNING  Orphan pdf_cell 1181 recovered to col=1 by nearest-column fallback (row=28, x=672.8, dist=123.5)
2026-09-07 00:58:49,788 MatchingPostProcessor WARNING  Orphan pdf_cell 1182 recovered to col=1 by nearest-column fallback (row=28, x=683.9, dist=112.4)
2026-09-07 00:58:49,788 MatchingPostProcessor WARNING  Orphan pdf_cell 1183 recovered to col=1 by nearest-column fallback (row=28, x=695.0, dist=101.3)
2026-09-07 00:58:49,788 MatchingPostProcessor WARNING  Orphan pdf_cell 1184 recovered to col=1 by nearest-column fallback (row=28, x=706.1, dist=90.2)
2026-09-07 00:58:49,788 MatchingPostProcessor WARNING  Orphan pdf_cell 1185 recovered to col=1 by nearest-column fallback (row=28, x=717.2, dist=79.1)
2026-09-07 00:58:49,788 MatchingPostProcessor WARNING  Orphan pdf_cell 1186 recovered to col=1 by nearest-column fallback (row=28, x=728.2, dist=68.0)
2026-09-07 00:58:49,788 MatchingPostProcessor WARNING  Orphan pdf_cell 1187 recovered to col=1 by nearest-column fallback (row=28, x=739.3, dist=56.9)
2026-09-07 00:58:49,788 MatchingPostProcessor WARNING  Orphan pdf_cell 1188 recovered to col=1 by nearest-column fallback (row=28, x=750.4, dist=45.9)
2026-09-07 00:58:49,788 MatchingPostProcessor WARNING  Orphan pdf_cell 1189 recovered to col=1 by nearest-column fallback (row=28, x=761.5, dist=34.8)
2026-09-07 00:58:49,788 MatchingPostProcessor WARNING  Orphan pdf_cell 1200 recovered to col=0 by nearest-column fallback (row=29, x=484.3, dist=198.3)
2026-09-07 00:58:49,788 MatchingPostProcessor WARNING  Orphan pdf_cell 1201 recovered to col=0 by nearest-column fallback (row=29, x=495.4, dist=209.4)
2026-09-07 00:58:49,788 MatchingPostProcessor WARNING  Orphan pdf_cell 1202 recovered to col=0 by nearest-column fallback (row=29, x=506.5, dist=220.5)
2026-09-07 00:58:49,788 MatchingPostProcessor WARNING  Orphan pdf_cell 1203 recovered to col=0 by nearest-column fallback (row=29, x=517.6, dist=231.6)
2026-09-07 00:58:49,788 MatchingPostProcessor WARNING  Orphan pdf_cell 1204 recovered to col=0 by nearest-column fallback (row=29, x=528.7, dist=242.7)
2026-09-07 00:58:49,788 MatchingPostProcessor WARNING  Orphan pdf_cell 1205 recovered to col=0 by nearest-column fallback (row=29, x=539.7, dist=253.8)
2026-09-07 00:58:49,788 MatchingPostProcessor WARNING  Orphan pdf_cell 1206 recovered to col=1 by nearest-column fallback (row=29, x=550.8, dist=245.4)
2026-09-07 00:58:49,788 MatchingPostProcessor WARNING  Orphan pdf_cell 1207 recovered to col=1 by nearest-column fallback (row=29, x=561.9, dist=234.3)
2026-09-07 00:58:49,788 MatchingPostProcessor WARNING  Orphan pdf_cell 1208 recovered to col=1 by nearest-column fallback (row=29, x=573.0, dist=223.3)
2026-09-07 00:58:49,788 MatchingPostProcessor WARNING  Orphan pdf_cell 1209 recovered to col=1 by nearest-column fallback (row=29, x=584.1, dist=212.2)
2026-09-07 00:58:49,788 MatchingPostProcessor WARNING  Orphan pdf_cell 1210 recovered to col=1 by nearest-column fallback (row=29, x=595.2, dist=201.1)
2026-09-07 00:58:49,788 MatchingPostProcessor WARNING  Orphan pdf_cell 1211 recovered to col=1 by nearest-column fallback (row=29, x=606.3, dist=190.0)
2026-09-07 00:58:49,788 MatchingPostProcessor WARNING  Orphan pdf_cell 1212 recovered to col=1 by nearest-column fallback (row=29, x=617.4, dist=178.9)
2026-09-07 00:58:49,788 MatchingPostProcessor WARNING  Orphan pdf_cell 1213 recovered to col=1 by nearest-column fallback (row=29, x=628.5, dist=167.8)
2026-09-07 00:58:49,788 MatchingPostProcessor WARNING  Orphan pdf_cell 1214 recovered to col=1 by nearest-column fallback (row=29, x=639.5, dist=156.7)
2026-09-07 00:58:49,788 MatchingPostProcessor WARNING  Orphan pdf_cell 1215 recovered to col=1 by nearest-column fallback (row=29, x=650.6, dist=145.6)
2026-09-07 00:58:49,788 MatchingPostProcessor WARNING  Orphan pdf_cell 1216 recovered to col=1 by nearest-column fallback (row=29, x=661.7, dist=134.6)
2026-09-07 00:58:49,788 MatchingPostProcessor WARNING  Orphan pdf_cell 1217 recovered to col=1 by nearest-column fallback (row=29, x=672.8, dist=123.5)
2026-09-07 00:58:49,788 MatchingPostProcessor WARNING  Orphan pdf_cell 1218 recovered to col=1 by nearest-column fallback (row=29, x=683.9, dist=112.4)
2026-09-07 00:58:49,788 MatchingPostProcessor WARNING  Orphan pdf_cell 1219 recovered to col=1 by nearest-column fallback (row=29, x=695.0, dist=101.3)
2026-09-07 00:58:49,788 MatchingPostProcessor WARNING  Orphan pdf_cell 1220 recovered to col=1 by nearest-column fallback (row=29, x=706.1, dist=90.2)
2026-09-07 00:58:49,788 MatchingPostProcessor WARNING  Orphan pdf_cell 1221 recovered to col=1 by nearest-column fallback (row=29, x=717.2, dist=79.1)
2026-09-07 00:58:49,788 MatchingPostProcessor WARNING  Orphan pdf_cell 1222 recovered to col=1 by nearest-column fallback (row=29, x=728.2, dist=68.0)
2026-09-07 00:58:49,789 MatchingPostProcessor WARNING  Orphan pdf_cell 1223 recovered to col=1 by nearest-column fallback (row=29, x=739.3, dist=56.9)
2026-09-07 00:58:49,789 MatchingPostProcessor WARNING  Orphan pdf_cell 1224 recovered to col=1 by nearest-column fallback (row=29, x=750.4, dist=45.9)
2026-09-07 00:58:49,789 MatchingPostProcessor WARNING  Orphan pdf_cell 1225 recovered to col=1 by nearest-column fallback (row=29, x=761.5, dist=34.8)
2026-09-07 00:58:49,789 MatchingPostProcessor WARNING  Orphan pdf_cell 1242 recovered to col=0 by nearest-column fallback (row=30, x=484.3, dist=198.3)
2026-09-07 00:58:49,789 MatchingPostProcessor WARNING  Orphan pdf_cell 1243 recovered to col=0 by nearest-column fallback (row=30, x=495.4, dist=209.4)
2026-09-07 00:58:49,789 MatchingPostProcessor WARNING  Orphan pdf_cell 1244 recovered to col=0 by nearest-column fallback (row=30, x=506.5, dist=220.5)
2026-09-07 00:58:49,789 MatchingPostProcessor WARNING  Orphan pdf_cell 1245 recovered to col=0 by nearest-column fallback (row=30, x=517.6, dist=231.6)
2026-09-07 00:58:49,789 MatchingPostProcessor WARNING  Orphan pdf_cell 1246 recovered to col=0 by nearest-column fallback (row=30, x=528.7, dist=242.7)
2026-09-07 00:58:49,789 MatchingPostProcessor WARNING  Orphan pdf_cell 1247 recovered to col=0 by nearest-column fallback (row=30, x=539.7, dist=253.8)
2026-09-07 00:58:49,789 MatchingPostProcessor WARNING  Orphan pdf_cell 1248 recovered to col=1 by nearest-column fallback (row=30, x=550.8, dist=245.4)
2026-09-07 00:58:49,789 MatchingPostProcessor WARNING  Orphan pdf_cell 1249 recovered to col=1 by nearest-column fallback (row=30, x=561.9, dist=234.3)
2026-09-07 00:58:49,789 MatchingPostProcessor WARNING  Orphan pdf_cell 1250 recovered to col=1 by nearest-column fallback (row=30, x=573.0, dist=223.3)
2026-09-07 00:58:49,789 MatchingPostProcessor WARNING  Orphan pdf_cell 1251 recovered to col=1 by nearest-column fallback (row=30, x=584.1, dist=212.2)
2026-09-07 00:58:49,789 MatchingPostProcessor WARNING  Orphan pdf_cell 1252 recovered to col=1 by nearest-column fallback (row=30, x=595.2, dist=201.1)
2026-09-07 00:58:49,789 MatchingPostProcessor WARNING  Orphan pdf_cell 1253 recovered to col=1 by nearest-column fallback (row=30, x=606.3, dist=190.0)
2026-09-07 00:58:49,789 MatchingPostProcessor WARNING  Orphan pdf_cell 1254 recovered to col=1 by nearest-column fallback (row=30, x=617.4, dist=178.9)
2026-09-07 00:58:49,789 MatchingPostProcessor WARNING  Orphan pdf_cell 1255 recovered to col=1 by nearest-column fallback (row=30, x=628.5, dist=167.8)
2026-09-07 00:58:49,789 MatchingPostProcessor WARNING  Orphan pdf_cell 1256 recovered to col=1 by nearest-column fallback (row=30, x=639.5, dist=156.7)
2026-09-07 00:58:49,789 MatchingPostProcessor WARNING  Orphan pdf_cell 1257 recovered to col=1 by nearest-column fallback (row=30, x=650.6, dist=145.6)
2026-09-07 00:58:49,789 MatchingPostProcessor WARNING  Orphan pdf_cell 1258 recovered to col=1 by nearest-column fallback (row=30, x=661.7, dist=134.6)
2026-09-07 00:58:49,789 MatchingPostProcessor WARNING  Orphan pdf_cell 1259 recovered to col=1 by nearest-column fallback (row=30, x=672.8, dist=123.5)
2026-09-07 00:58:49,789 MatchingPostProcessor WARNING  Orphan pdf_cell 1260 recovered to col=1 by nearest-column fallback (row=30, x=683.9, dist=112.4)
2026-09-07 00:58:49,789 MatchingPostProcessor WARNING  Orphan pdf_cell 1261 recovered to col=1 by nearest-column fallback (row=30, x=695.0, dist=101.3)
2026-09-07 00:58:49,789 MatchingPostProcessor WARNING  Orphan pdf_cell 1262 recovered to col=1 by nearest-column fallback (row=30, x=706.1, dist=90.2)
2026-09-07 00:58:49,789 MatchingPostProcessor WARNING  Orphan pdf_cell 1263 recovered to col=1 by nearest-column fallback (row=30, x=717.2, dist=79.1)
2026-09-07 00:58:49,789 MatchingPostProcessor WARNING  Orphan pdf_cell 1264 recovered to col=1 by nearest-column fallback (row=30, x=728.2, dist=68.0)
2026-09-07 00:58:49,789 MatchingPostProcessor WARNING  Orphan pdf_cell 1265 recovered to col=1 by nearest-column fallback (row=30, x=739.3, dist=56.9)
2026-09-07 00:58:49,789 MatchingPostProcessor WARNING  Orphan pdf_cell 1266 recovered to col=1 by nearest-column fallback (row=30, x=750.4, dist=45.9)
2026-09-07 00:58:49,789 MatchingPostProcessor WARNING  Orphan pdf_cell 1267 recovered to col=1 by nearest-column fallback (row=30, x=761.5, dist=34.8)
2026-09-07 00:58:49,789 MatchingPostProcessor WARNING  Orphan pdf_cell 1280 recovered to col=0 by nearest-column fallback (row=31, x=484.3, dist=198.3)
2026-09-07 00:58:49,789 MatchingPostProcessor WARNING  Orphan pdf_cell 1281 recovered to col=0 by nearest-column fallback (row=31, x=495.4, dist=209.4)
2026-09-07 00:58:49,789 MatchingPostProcessor WARNING  Orphan pdf_cell 1282 recovered to col=0 by nearest-column fallback (row=31, x=506.5, dist=220.5)
2026-09-07 00:58:49,790 MatchingPostProcessor WARNING  Orphan pdf_cell 1283 recovered to col=0 by nearest-column fallback (row=31, x=517.6, dist=231.6)
2026-09-07 00:58:49,790 MatchingPostProcessor WARNING  Orphan pdf_cell 1284 recovered to col=0 by nearest-column fallback (row=31, x=528.7, dist=242.7)
2026-09-07 00:58:49,790 MatchingPostProcessor WARNING  Orphan pdf_cell 1285 recovered to col=0 by nearest-column fallback (row=31, x=539.7, dist=253.8)
2026-09-07 00:58:49,790 MatchingPostProcessor WARNING  Orphan pdf_cell 1286 recovered to col=1 by nearest-column fallback (row=31, x=550.8, dist=245.4)
2026-09-07 00:58:49,790 MatchingPostProcessor WARNING  Orphan pdf_cell 1287 recovered to col=1 by nearest-column fallback (row=31, x=561.9, dist=234.3)
2026-09-07 00:58:49,790 MatchingPostProcessor WARNING  Orphan pdf_cell 1288 recovered to col=1 by nearest-column fallback (row=31, x=573.0, dist=223.3)
2026-09-07 00:58:49,790 MatchingPostProcessor WARNING  Orphan pdf_cell 1289 recovered to col=1 by nearest-column fallback (row=31, x=584.1, dist=212.2)
2026-09-07 00:58:49,790 MatchingPostProcessor WARNING  Orphan pdf_cell 1290 recovered to col=1 by nearest-column fallback (row=31, x=595.2, dist=201.1)
2026-09-07 00:58:49,790 MatchingPostProcessor WARNING  Orphan pdf_cell 1291 recovered to col=1 by nearest-column fallback (row=31, x=606.3, dist=190.0)
2026-09-07 00:58:49,790 MatchingPostProcessor WARNING  Orphan pdf_cell 1292 recovered to col=1 by nearest-column fallback (row=31, x=617.4, dist=178.9)
2026-09-07 00:58:49,790 MatchingPostProcessor WARNING  Orphan pdf_cell 1293 recovered to col=1 by nearest-column fallback (row=31, x=628.5, dist=167.8)
2026-09-07 00:58:49,790 MatchingPostProcessor WARNING  Orphan pdf_cell 1294 recovered to col=1 by nearest-column fallback (row=31, x=639.5, dist=156.7)
2026-09-07 00:58:49,790 MatchingPostProcessor WARNING  Orphan pdf_cell 1295 recovered to col=1 by nearest-column fallback (row=31, x=650.6, dist=145.6)
2026-09-07 00:58:49,790 MatchingPostProcessor WARNING  Orphan pdf_cell 1296 recovered to col=1 by nearest-column fallback (row=31, x=661.7, dist=134.6)
2026-09-07 00:58:49,790 MatchingPostProcessor WARNING  Orphan pdf_cell 1297 recovered to col=1 by nearest-column fallback (row=31, x=672.8, dist=123.5)
2026-09-07 00:58:49,790 MatchingPostProcessor WARNING  Orphan pdf_cell 1298 recovered to col=1 by nearest-column fallback (row=31, x=683.9, dist=112.4)
2026-09-07 00:58:49,790 MatchingPostProcessor WARNING  Orphan pdf_cell 1299 recovered to col=1 by nearest-column fallback (row=31, x=695.0, dist=101.3)
2026-09-07 00:58:49,790 MatchingPostProcessor WARNING  Orphan pdf_cell 1300 recovered to col=1 by nearest-column fallback (row=31, x=706.1, dist=90.2)
2026-09-07 00:58:49,790 MatchingPostProcessor WARNING  Orphan pdf_cell 1301 recovered to col=1 by nearest-column fallback (row=31, x=717.2, dist=79.1)
2026-09-07 00:58:49,790 MatchingPostProcessor WARNING  Orphan pdf_cell 1302 recovered to col=1 by nearest-column fallback (row=31, x=728.2, dist=68.0)
2026-09-07 00:58:49,790 MatchingPostProcessor WARNING  Orphan pdf_cell 1303 recovered to col=1 by nearest-column fallback (row=31, x=739.3, dist=56.9)
2026-09-07 00:58:49,790 MatchingPostProcessor WARNING  Orphan pdf_cell 1304 recovered to col=1 by nearest-column fallback (row=31, x=750.4, dist=45.9)
2026-09-07 00:58:49,790 MatchingPostProcessor WARNING  Orphan pdf_cell 1305 recovered to col=1 by nearest-column fallback (row=31, x=761.5, dist=34.8)
2026-09-07 00:58:49,790 MatchingPostProcessor WARNING  Orphan pdf_cell 1320 recovered to col=0 by nearest-column fallback (row=32, x=484.3, dist=198.3)
2026-09-07 00:58:49,790 MatchingPostProcessor WARNING  Orphan pdf_cell 1321 recovered to col=0 by nearest-column fallback (row=32, x=495.4, dist=209.4)
2026-09-07 00:58:49,790 MatchingPostProcessor WARNING  Orphan pdf_cell 1322 recovered to col=0 by nearest-column fallback (row=32, x=506.5, dist=220.5)
2026-09-07 00:58:49,790 MatchingPostProcessor WARNING  Orphan pdf_cell 1323 recovered to col=0 by nearest-column fallback (row=32, x=517.6, dist=231.6)
2026-09-07 00:58:49,790 MatchingPostProcessor WARNING  Orphan pdf_cell 1324 recovered to col=0 by nearest-column fallback (row=32, x=528.7, dist=242.7)
2026-09-07 00:58:49,790 MatchingPostProcessor WARNING  Orphan pdf_cell 1325 recovered to col=0 by nearest-column fallback (row=32, x=539.7, dist=253.8)
2026-09-07 00:58:49,790 MatchingPostProcessor WARNING  Orphan pdf_cell 1326 recovered to col=1 by nearest-column fallback (row=32, x=550.8, dist=245.4)
2026-09-07 00:58:49,790 MatchingPostProcessor WARNING  Orphan pdf_cell 1327 recovered to col=1 by nearest-column fallback (row=32, x=561.9, dist=234.3)
2026-09-07 00:58:49,790 MatchingPostProcessor WARNING  Orphan pdf_cell 1328 recovered to col=1 by nearest-column fallback (row=32, x=573.0, dist=223.3)
2026-09-07 00:58:49,790 MatchingPostProcessor WARNING  Orphan pdf_cell 1329 recovered to col=1 by nearest-column fallback (row=32, x=584.1, dist=212.2)
2026-09-07 00:58:49,790 MatchingPostProcessor WARNING  Orphan pdf_cell 1330 recovered to col=1 by nearest-column fallback (row=32, x=595.2, dist=201.1)
2026-09-07 00:58:49,790 MatchingPostProcessor WARNING  Orphan pdf_cell 1331 recovered to col=1 by nearest-column fallback (row=32, x=606.3, dist=190.0)
2026-09-07 00:58:49,790 MatchingPostProcessor WARNING  Orphan pdf_cell 1332 recovered to col=1 by nearest-column fallback (row=32, x=617.4, dist=178.9)
2026-09-07 00:58:49,790 MatchingPostProcessor WARNING  Orphan pdf_cell 1333 recovered to col=1 by nearest-column fallback (row=32, x=628.5, dist=167.8)
2026-09-07 00:58:49,790 MatchingPostProcessor WARNING  Orphan pdf_cell 1334 recovered to col=1 by nearest-column fallback (row=32, x=639.5, dist=156.7)
2026-09-07 00:58:49,791 MatchingPostProcessor WARNING  Orphan pdf_cell 1335 recovered to col=1 by nearest-column fallback (row=32, x=650.6, dist=145.6)
2026-09-07 00:58:49,791 MatchingPostProcessor WARNING  Orphan pdf_cell 1336 recovered to col=1 by nearest-column fallback (row=32, x=661.7, dist=134.6)
2026-09-07 00:58:49,791 MatchingPostProcessor WARNING  Orphan pdf_cell 1337 recovered to col=1 by nearest-column fallback (row=32, x=672.8, dist=123.5)
2026-09-07 00:58:49,791 MatchingPostProcessor WARNING  Orphan pdf_cell 1338 recovered to col=1 by nearest-column fallback (row=32, x=683.9, dist=112.4)
2026-09-07 00:58:49,791 MatchingPostProcessor WARNING  Orphan pdf_cell 1339 recovered to col=1 by nearest-column fallback (row=32, x=695.0, dist=101.3)
2026-09-07 00:58:49,791 MatchingPostProcessor WARNING  Orphan pdf_cell 1340 recovered to col=1 by nearest-column fallback (row=32, x=706.1, dist=90.2)
2026-09-07 00:58:49,791 MatchingPostProcessor WARNING  Orphan pdf_cell 1341 recovered to col=1 by nearest-column fallback (row=32, x=717.2, dist=79.1)
2026-09-07 00:58:49,791 MatchingPostProcessor WARNING  Orphan pdf_cell 1342 recovered to col=1 by nearest-column fallback (row=32, x=728.2, dist=68.0)
2026-09-07 00:58:49,791 MatchingPostProcessor WARNING  Orphan pdf_cell 1343 recovered to col=1 by nearest-column fallback (row=32, x=739.3, dist=56.9)
2026-09-07 00:58:49,791 MatchingPostProcessor WARNING  Orphan pdf_cell 1344 recovered to col=1 by nearest-column fallback (row=32, x=750.4, dist=45.9)
2026-09-07 00:58:49,791 MatchingPostProcessor WARNING  Orphan pdf_cell 1345 recovered to col=1 by nearest-column fallback (row=32, x=761.5, dist=34.8)
2026-09-07 00:58:49,791 MatchingPostProcessor WARNING  Orphan pdf_cell 1358 recovered to col=0 by nearest-column fallback (row=33, x=484.3, dist=198.3)
2026-09-07 00:58:49,791 MatchingPostProcessor WARNING  Orphan pdf_cell 1359 recovered to col=0 by nearest-column fallback (row=33, x=495.4, dist=209.4)
2026-09-07 00:58:49,791 MatchingPostProcessor WARNING  Orphan pdf_cell 1360 recovered to col=0 by nearest-column fallback (row=33, x=506.5, dist=220.5)
2026-09-07 00:58:49,791 MatchingPostProcessor WARNING  Orphan pdf_cell 1361 recovered to col=0 by nearest-column fallback (row=33, x=517.6, dist=231.6)
2026-09-07 00:58:49,791 MatchingPostProcessor WARNING  Orphan pdf_cell 1362 recovered to col=0 by nearest-column fallback (row=33, x=528.7, dist=242.7)
2026-09-07 00:58:49,791 MatchingPostProcessor WARNING  Orphan pdf_cell 1363 recovered to col=0 by nearest-column fallback (row=33, x=539.7, dist=253.8)
2026-09-07 00:58:49,791 MatchingPostProcessor WARNING  Orphan pdf_cell 1364 recovered to col=1 by nearest-column fallback (row=33, x=550.8, dist=245.4)
2026-09-07 00:58:49,791 MatchingPostProcessor WARNING  Orphan pdf_cell 1365 recovered to col=1 by nearest-column fallback (row=33, x=561.9, dist=234.3)
2026-09-07 00:58:49,791 MatchingPostProcessor WARNING  Orphan pdf_cell 1366 recovered to col=1 by nearest-column fallback (row=33, x=573.0, dist=223.3)
2026-09-07 00:58:49,791 MatchingPostProcessor WARNING  Orphan pdf_cell 1367 recovered to col=1 by nearest-column fallback (row=33, x=584.1, dist=212.2)
2026-09-07 00:58:49,791 MatchingPostProcessor WARNING  Orphan pdf_cell 1368 recovered to col=1 by nearest-column fallback (row=33, x=595.2, dist=201.1)
2026-09-07 00:58:49,791 MatchingPostProcessor WARNING  Orphan pdf_cell 1369 recovered to col=1 by nearest-column fallback (row=33, x=606.3, dist=190.0)
2026-09-07 00:58:49,791 MatchingPostProcessor WARNING  Orphan pdf_cell 1370 recovered to col=1 by nearest-column fallback (row=33, x=617.4, dist=178.9)
2026-09-07 00:58:49,791 MatchingPostProcessor WARNING  Orphan pdf_cell 1371 recovered to col=1 by nearest-column fallback (row=33, x=628.5, dist=167.8)
2026-09-07 00:58:49,791 MatchingPostProcessor WARNING  Orphan pdf_cell 1372 recovered to col=1 by nearest-column fallback (row=33, x=639.5, dist=156.7)
2026-09-07 00:58:49,791 MatchingPostProcessor WARNING  Orphan pdf_cell 1373 recovered to col=1 by nearest-column fallback (row=33, x=650.6, dist=145.6)
2026-09-07 00:58:49,791 MatchingPostProcessor WARNING  Orphan pdf_cell 1374 recovered to col=1 by nearest-column fallback (row=33, x=661.7, dist=134.6)
2026-09-07 00:58:49,791 MatchingPostProcessor WARNING  Orphan pdf_cell 1375 recovered to col=1 by nearest-column fallback (row=33, x=672.8, dist=123.5)
2026-09-07 00:58:49,791 MatchingPostProcessor WARNING  Orphan pdf_cell 1376 recovered to col=1 by nearest-column fallback (row=33, x=683.9, dist=112.4)
2026-09-07 00:58:49,791 MatchingPostProcessor WARNING  Orphan pdf_cell 1377 recovered to col=1 by nearest-column fallback (row=33, x=695.0, dist=101.3)
2026-09-07 00:58:49,791 MatchingPostProcessor WARNING  Orphan pdf_cell 1378 recovered to col=1 by nearest-column fallback (row=33, x=706.1, dist=90.2)
2026-09-07 00:58:49,791 MatchingPostProcessor WARNING  Orphan pdf_cell 1379 recovered to col=1 by nearest-column fallback (row=33, x=717.2, dist=79.1)
2026-09-07 00:58:49,791 MatchingPostProcessor WARNING  Orphan pdf_cell 1380 recovered to col=1 by nearest-column fallback (row=33, x=728.2, dist=68.0)
2026-09-07 00:58:49,791 MatchingPostProcessor WARNING  Orphan pdf_cell 1381 recovered to col=1 by nearest-column fallback (row=33, x=739.3, dist=56.9)
2026-09-07 00:58:49,791 MatchingPostProcessor WARNING  Orphan pdf_cell 1382 recovered to col=1 by nearest-column fallback (row=33, x=750.4, dist=45.9)
2026-09-07 00:58:49,791 MatchingPostProcessor WARNING  Orphan pdf_cell 1383 recovered to col=1 by nearest-column fallback (row=33, x=761.5, dist=34.8)
2026-09-07 00:58:49,792 MatchingPostProcessor WARNING  Orphan pdf_cell 1399 recovered to col=0 by nearest-column fallback (row=34, x=484.3, dist=198.3)
2026-09-07 00:58:49,792 MatchingPostProcessor WARNING  Orphan pdf_cell 1400 recovered to col=0 by nearest-column fallback (row=34, x=495.4, dist=209.4)
2026-09-07 00:58:49,792 MatchingPostProcessor WARNING  Orphan pdf_cell 1401 recovered to col=0 by nearest-column fallback (row=34, x=506.5, dist=220.5)
2026-09-07 00:58:49,792 MatchingPostProcessor WARNING  Orphan pdf_cell 1402 recovered to col=0 by nearest-column fallback (row=34, x=517.6, dist=231.6)
2026-09-07 00:58:49,792 MatchingPostProcessor WARNING  Orphan pdf_cell 1403 recovered to col=0 by nearest-column fallback (row=34, x=528.7, dist=242.7)
2026-09-07 00:58:49,792 MatchingPostProcessor WARNING  Orphan pdf_cell 1404 recovered to col=0 by nearest-column fallback (row=34, x=539.7, dist=253.8)
2026-09-07 00:58:49,792 MatchingPostProcessor WARNING  Orphan pdf_cell 1405 recovered to col=1 by nearest-column fallback (row=34, x=550.8, dist=245.4)
2026-09-07 00:58:49,792 MatchingPostProcessor WARNING  Orphan pdf_cell 1406 recovered to col=1 by nearest-column fallback (row=34, x=561.9, dist=234.3)
2026-09-07 00:58:49,792 MatchingPostProcessor WARNING  Orphan pdf_cell 1407 recovered to col=1 by nearest-column fallback (row=34, x=573.0, dist=223.3)
2026-09-07 00:58:49,792 MatchingPostProcessor WARNING  Orphan pdf_cell 1408 recovered to col=1 by nearest-column fallback (row=34, x=584.1, dist=212.2)
2026-09-07 00:58:49,792 MatchingPostProcessor WARNING  Orphan pdf_cell 1409 recovered to col=1 by nearest-column fallback (row=34, x=595.2, dist=201.1)
2026-09-07 00:58:49,792 MatchingPostProcessor WARNING  Orphan pdf_cell 1410 recovered to col=1 by nearest-column fallback (row=34, x=606.3, dist=190.0)
2026-09-07 00:58:49,792 MatchingPostProcessor WARNING  Orphan pdf_cell 1411 recovered to col=1 by nearest-column fallback (row=34, x=617.4, dist=178.9)
2026-09-07 00:58:49,792 MatchingPostProcessor WARNING  Orphan pdf_cell 1412 recovered to col=1 by nearest-column fallback (row=34, x=628.5, dist=167.8)
2026-09-07 00:58:49,792 MatchingPostProcessor WARNING  Orphan pdf_cell 1413 recovered to col=1 by nearest-column fallback (row=34, x=639.5, dist=156.7)
2026-09-07 00:58:49,792 MatchingPostProcessor WARNING  Orphan pdf_cell 1414 recovered to col=1 by nearest-column fallback (row=34, x=650.6, dist=145.6)
2026-09-07 00:58:49,792 MatchingPostProcessor WARNING  Orphan pdf_cell 1415 recovered to col=1 by nearest-column fallback (row=34, x=661.7, dist=134.6)
2026-09-07 00:58:49,792 MatchingPostProcessor WARNING  Orphan pdf_cell 1416 recovered to col=1 by nearest-column fallback (row=34, x=672.8, dist=123.5)
2026-09-07 00:58:49,792 MatchingPostProcessor WARNING  Orphan pdf_cell 1417 recovered to col=1 by nearest-column fallback (row=34, x=683.9, dist=112.4)
2026-09-07 00:58:49,792 MatchingPostProcessor WARNING  Orphan pdf_cell 1418 recovered to col=1 by nearest-column fallback (row=34, x=695.0, dist=101.3)
2026-09-07 00:58:49,792 MatchingPostProcessor WARNING  Orphan pdf_cell 1419 recovered to col=1 by nearest-column fallback (row=34, x=706.1, dist=90.2)
2026-09-07 00:58:49,792 MatchingPostProcessor WARNING  Orphan pdf_cell 1420 recovered to col=1 by nearest-column fallback (row=34, x=717.2, dist=79.1)
2026-09-07 00:58:49,792 MatchingPostProcessor WARNING  Orphan pdf_cell 1421 recovered to col=1 by nearest-column fallback (row=34, x=728.2, dist=68.0)
2026-09-07 00:58:49,792 MatchingPostProcessor WARNING  Orphan pdf_cell 1422 recovered to col=1 by nearest-column fallback (row=34, x=739.3, dist=56.9)
2026-09-07 00:58:49,792 MatchingPostProcessor WARNING  Orphan pdf_cell 1423 recovered to col=1 by nearest-column fallback (row=34, x=750.4, dist=45.9)
2026-09-07 00:58:49,792 MatchingPostProcessor WARNING  Orphan pdf_cell 1424 recovered to col=1 by nearest-column fallback (row=34, x=761.5, dist=34.8)
2026-09-07 00:58:49,792 MatchingPostProcessor WARNING  Orphan pdf_cell 1444 recovered to col=0 by nearest-column fallback (row=35, x=484.3, dist=198.3)
2026-09-07 00:58:49,792 MatchingPostProcessor WARNING  Orphan pdf_cell 1445 recovered to col=0 by nearest-column fallback (row=35, x=495.4, dist=209.4)
2026-09-07 00:58:49,792 MatchingPostProcessor WARNING  Orphan pdf_cell 1446 recovered to col=0 by nearest-column fallback (row=35, x=506.5, dist=220.5)
2026-09-07 00:58:49,792 MatchingPostProcessor WARNING  Orphan pdf_cell 1447 recovered to col=0 by nearest-column fallback (row=35, x=517.6, dist=231.6)
2026-09-07 00:58:49,792 MatchingPostProcessor WARNING  Orphan pdf_cell 1448 recovered to col=0 by nearest-column fallback (row=35, x=528.7, dist=242.7)
2026-09-07 00:58:49,792 MatchingPostProcessor WARNING  Orphan pdf_cell 1449 recovered to col=0 by nearest-column fallback (row=35, x=539.7, dist=253.8)
2026-09-07 00:58:49,792 MatchingPostProcessor WARNING  Orphan pdf_cell 1450 recovered to col=1 by nearest-column fallback (row=35, x=550.8, dist=245.4)
2026-09-07 00:58:49,792 MatchingPostProcessor WARNING  Orphan pdf_cell 1451 recovered to col=1 by nearest-column fallback (row=35, x=561.9, dist=234.3)
2026-09-07 00:58:49,792 MatchingPostProcessor WARNING  Orphan pdf_cell 1452 recovered to col=1 by nearest-column fallback (row=35, x=573.0, dist=223.3)
2026-09-07 00:58:49,793 MatchingPostProcessor WARNING  Orphan pdf_cell 1453 recovered to col=1 by nearest-column fallback (row=35, x=584.1, dist=212.2)
2026-09-07 00:58:49,793 MatchingPostProcessor WARNING  Orphan pdf_cell 1454 recovered to col=1 by nearest-column fallback (row=35, x=595.2, dist=201.1)
2026-09-07 00:58:49,793 MatchingPostProcessor WARNING  Orphan pdf_cell 1455 recovered to col=1 by nearest-column fallback (row=35, x=606.3, dist=190.0)
2026-09-07 00:58:49,793 MatchingPostProcessor WARNING  Orphan pdf_cell 1456 recovered to col=1 by nearest-column fallback (row=35, x=617.4, dist=178.9)
2026-09-07 00:58:49,793 MatchingPostProcessor WARNING  Orphan pdf_cell 1457 recovered to col=1 by nearest-column fallback (row=35, x=628.5, dist=167.8)
2026-09-07 00:58:49,793 MatchingPostProcessor WARNING  Orphan pdf_cell 1458 recovered to col=1 by nearest-column fallback (row=35, x=639.5, dist=156.7)
2026-09-07 00:58:49,793 MatchingPostProcessor WARNING  Orphan pdf_cell 1459 recovered to col=1 by nearest-column fallback (row=35, x=650.6, dist=145.6)
2026-09-07 00:58:49,793 MatchingPostProcessor WARNING  Orphan pdf_cell 1460 recovered to col=1 by nearest-column fallback (row=35, x=661.7, dist=134.6)
2026-09-07 00:58:49,793 MatchingPostProcessor WARNING  Orphan pdf_cell 1461 recovered to col=1 by nearest-column fallback (row=35, x=672.8, dist=123.5)
2026-09-07 00:58:49,793 MatchingPostProcessor WARNING  Orphan pdf_cell 1462 recovered to col=1 by nearest-column fallback (row=35, x=683.9, dist=112.4)
2026-09-07 00:58:49,793 MatchingPostProcessor WARNING  Orphan pdf_cell 1463 recovered to col=1 by nearest-column fallback (row=35, x=695.0, dist=101.3)
2026-09-07 00:58:49,793 MatchingPostProcessor WARNING  Orphan pdf_cell 1464 recovered to col=1 by nearest-column fallback (row=35, x=706.1, dist=90.2)
2026-09-07 00:58:49,793 MatchingPostProcessor WARNING  Orphan pdf_cell 1465 recovered to col=1 by nearest-column fallback (row=35, x=717.2, dist=79.1)
2026-09-07 00:58:49,793 MatchingPostProcessor WARNING  Orphan pdf_cell 1466 recovered to col=1 by nearest-column fallback (row=35, x=728.2, dist=68.0)
2026-09-07 00:58:49,793 MatchingPostProcessor WARNING  Orphan pdf_cell 1467 recovered to col=1 by nearest-column fallback (row=35, x=739.3, dist=56.9)
2026-09-07 00:58:49,793 MatchingPostProcessor WARNING  Orphan pdf_cell 1468 recovered to col=1 by nearest-column fallback (row=35, x=750.4, dist=45.9)
2026-09-07 00:58:49,793 MatchingPostProcessor WARNING  Orphan pdf_cell 1469 recovered to col=1 by nearest-column fallback (row=35, x=761.5, dist=34.8)
2026-09-07 00:58:49,793 MatchingPostProcessor WARNING  Orphan pdf_cell 1488 recovered to col=0 by nearest-column fallback (row=36, x=484.3, dist=198.3)
2026-09-07 00:58:49,793 MatchingPostProcessor WARNING  Orphan pdf_cell 1489 recovered to col=0 by nearest-column fallback (row=36, x=495.4, dist=209.4)
2026-09-07 00:58:49,793 MatchingPostProcessor WARNING  Orphan pdf_cell 1490 recovered to col=0 by nearest-column fallback (row=36, x=506.5, dist=220.5)
2026-09-07 00:58:49,793 MatchingPostProcessor WARNING  Orphan pdf_cell 1491 recovered to col=0 by nearest-column fallback (row=36, x=517.6, dist=231.6)
2026-09-07 00:58:49,793 MatchingPostProcessor WARNING  Orphan pdf_cell 1492 recovered to col=0 by nearest-column fallback (row=36, x=528.7, dist=242.7)
2026-09-07 00:58:49,793 MatchingPostProcessor WARNING  Orphan pdf_cell 1493 recovered to col=0 by nearest-column fallback (row=36, x=539.7, dist=253.8)
2026-09-07 00:58:49,793 MatchingPostProcessor WARNING  Orphan pdf_cell 1494 recovered to col=1 by nearest-column fallback (row=36, x=550.8, dist=245.4)
2026-09-07 00:58:49,793 MatchingPostProcessor WARNING  Orphan pdf_cell 1495 recovered to col=1 by nearest-column fallback (row=36, x=561.9, dist=234.3)
2026-09-07 00:58:49,793 MatchingPostProcessor WARNING  Orphan pdf_cell 1496 recovered to col=1 by nearest-column fallback (row=36, x=573.0, dist=223.3)
2026-09-07 00:58:49,793 MatchingPostProcessor WARNING  Orphan pdf_cell 1497 recovered to col=1 by nearest-column fallback (row=36, x=584.1, dist=212.2)
2026-09-07 00:58:49,793 MatchingPostProcessor WARNING  Orphan pdf_cell 1498 recovered to col=1 by nearest-column fallback (row=36, x=595.2, dist=201.1)
2026-09-07 00:58:49,793 MatchingPostProcessor WARNING  Orphan pdf_cell 1499 recovered to col=1 by nearest-column fallback (row=36, x=606.3, dist=190.0)
2026-09-07 00:58:49,828 MatchingPostProcessor WARNING  Orphan pdf_cell 1500 recovered to col=1 by nearest-column fallback (row=36, x=617.4, dist=178.9)
2026-09-07 00:58:49,828 MatchingPostProcessor WARNING  Orphan pdf_cell 1501 recovered to col=1 by nearest-column fallback (row=36, x=628.5, dist=167.8)
2026-09-07 00:58:49,828 MatchingPostProcessor WARNING  Orphan pdf_cell 1502 recovered to col=1 by nearest-column fallback (row=36, x=639.5, dist=156.7)
2026-09-07 00:58:49,828 MatchingPostProcessor WARNING  Orphan pdf_cell 1503 recovered to col=1 by nearest-column fallback (row=36, x=650.6, dist=145.6)
2026-09-07 00:58:49,828 MatchingPostProcessor WARNING  Orphan pdf_cell 1504 recovered to col=1 by nearest-column fallback (row=36, x=661.7, dist=134.6)
2026-09-07 00:58:49,828 MatchingPostProcessor WARNING  Orphan pdf_cell 1505 recovered to col=1 by nearest-column fallback (row=36, x=672.8, dist=123.5)
2026-09-07 00:58:49,828 MatchingPostProcessor WARNING  Orphan pdf_cell 1506 recovered to col=1 by nearest-column fallback (row=36, x=683.9, dist=112.4)
2026-09-07 00:58:49,828 MatchingPostProcessor WARNING  Orphan pdf_cell 1507 recovered to col=1 by nearest-column fallback (row=36, x=695.0, dist=101.3)
2026-09-07 00:58:49,828 MatchingPostProcessor WARNING  Orphan pdf_cell 1508 recovered to col=1 by nearest-column fallback (row=36, x=706.1, dist=90.2)
2026-09-07 00:58:49,828 MatchingPostProcessor WARNING  Orphan pdf_cell 1509 recovered to col=1 by nearest-column fallback (row=36, x=717.2, dist=79.1)
2026-09-07 00:58:49,828 MatchingPostProcessor WARNING  Orphan pdf_cell 1510 recovered to col=1 by nearest-column fallback (row=36, x=728.2, dist=68.0)
2026-09-07 00:58:49,828 MatchingPostProcessor WARNING  Orphan pdf_cell 1511 recovered to col=1 by nearest-column fallback (row=36, x=739.3, dist=56.9)
2026-09-07 00:58:49,828 MatchingPostProcessor WARNING  Orphan pdf_cell 1512 recovered to col=1 by nearest-column fallback (row=36, x=750.4, dist=45.9)
2026-09-07 00:58:49,828 MatchingPostProcessor WARNING  Orphan pdf_cell 1513 recovered to col=1 by nearest-column fallback (row=36, x=761.5, dist=34.8)
2026-09-07 00:58:49,828 MatchingPostProcessor WARNING  Orphan pdf_cell 1531 recovered to col=0 by nearest-column fallback (row=37, x=484.3, dist=198.3)
2026-09-07 00:58:49,828 MatchingPostProcessor WARNING  Orphan pdf_cell 1532 recovered to col=0 by nearest-column fallback (row=37, x=495.4, dist=209.4)
2026-09-07 00:58:49,828 MatchingPostProcessor WARNING  Orphan pdf_cell 1533 recovered to col=0 by nearest-column fallback (row=37, x=506.5, dist=220.5)
2026-09-07 00:58:49,828 MatchingPostProcessor WARNING  Orphan pdf_cell 1534 recovered to col=0 by nearest-column fallback (row=37, x=517.6, dist=231.6)
2026-09-07 00:58:49,828 MatchingPostProcessor WARNING  Orphan pdf_cell 1535 recovered to col=0 by nearest-column fallback (row=37, x=528.7, dist=242.7)
2026-09-07 00:58:49,828 MatchingPostProcessor WARNING  Orphan pdf_cell 1536 recovered to col=0 by nearest-column fallback (row=37, x=539.7, dist=253.8)
2026-09-07 00:58:49,828 MatchingPostProcessor WARNING  Orphan pdf_cell 1537 recovered to col=1 by nearest-column fallback (row=37, x=550.8, dist=245.4)
2026-09-07 00:58:49,828 MatchingPostProcessor WARNING  Orphan pdf_cell 1538 recovered to col=1 by nearest-column fallback (row=37, x=561.9, dist=234.3)
2026-09-07 00:58:49,828 MatchingPostProcessor WARNING  Orphan pdf_cell 1539 recovered to col=1 by nearest-column fallback (row=37, x=573.0, dist=223.3)
2026-09-07 00:58:49,828 MatchingPostProcessor WARNING  Orphan pdf_cell 1540 recovered to col=1 by nearest-column fallback (row=37, x=584.1, dist=212.2)
2026-09-07 00:58:49,828 MatchingPostProcessor WARNING  Orphan pdf_cell 1541 recovered to col=1 by nearest-column fallback (row=37, x=595.2, dist=201.1)
2026-09-07 00:58:49,828 MatchingPostProcessor WARNING  Orphan pdf_cell 1542 recovered to col=1 by nearest-column fallback (row=37, x=606.3, dist=190.0)
2026-09-07 00:58:49,828 MatchingPostProcessor WARNING  Orphan pdf_cell 1543 recovered to col=1 by nearest-column fallback (row=37, x=617.4, dist=178.9)
2026-09-07 00:58:49,828 MatchingPostProcessor WARNING  Orphan pdf_cell 1544 recovered to col=1 by nearest-column fallback (row=37, x=628.5, dist=167.8)
2026-09-07 00:58:49,828 MatchingPostProcessor WARNING  Orphan pdf_cell 1545 recovered to col=1 by nearest-column fallback (row=37, x=639.5, dist=156.7)
2026-09-07 00:58:49,828 MatchingPostProcessor WARNING  Orphan pdf_cell 1546 recovered to col=1 by nearest-column fallback (row=37, x=650.6, dist=145.6)
2026-09-07 00:58:49,829 MatchingPostProcessor WARNING  Orphan pdf_cell 1547 recovered to col=1 by nearest-column fallback (row=37, x=661.7, dist=134.6)
2026-09-07 00:58:49,829 MatchingPostProcessor WARNING  Orphan pdf_cell 1548 recovered to col=1 by nearest-column fallback (row=37, x=672.8, dist=123.5)
2026-09-07 00:58:49,829 MatchingPostProcessor WARNING  Orphan pdf_cell 1549 recovered to col=1 by nearest-column fallback (row=37, x=683.9, dist=112.4)
2026-09-07 00:58:49,829 MatchingPostProcessor WARNING  Orphan pdf_cell 1550 recovered to col=1 by nearest-column fallback (row=37, x=695.0, dist=101.3)
2026-09-07 00:58:49,829 MatchingPostProcessor WARNING  Orphan pdf_cell 1551 recovered to col=1 by nearest-column fallback (row=37, x=706.1, dist=90.2)
2026-09-07 00:58:49,829 MatchingPostProcessor WARNING  Orphan pdf_cell 1552 recovered to col=1 by nearest-column fallback (row=37, x=717.2, dist=79.1)
2026-09-07 00:58:49,829 MatchingPostProcessor WARNING  Orphan pdf_cell 1553 recovered to col=1 by nearest-column fallback (row=37, x=728.2, dist=68.0)
2026-09-07 00:58:49,829 MatchingPostProcessor WARNING  Orphan pdf_cell 1554 recovered to col=1 by nearest-column fallback (row=37, x=739.3, dist=56.9)
2026-09-07 00:58:49,829 MatchingPostProcessor WARNING  Orphan pdf_cell 1555 recovered to col=1 by nearest-column fallback (row=37, x=750.4, dist=45.9)
2026-09-07 00:58:49,829 MatchingPostProcessor WARNING  Orphan pdf_cell 1556 recovered to col=1 by nearest-column fallback (row=37, x=761.5, dist=34.8)
2026-09-07 00:58:49,829 MatchingPostProcessor WARNING  Orphan pdf_cell 1569 recovered to col=0 by nearest-column fallback (row=38, x=484.3, dist=198.3)
2026-09-07 00:58:49,829 MatchingPostProcessor WARNING  Orphan pdf_cell 1570 recovered to col=0 by nearest-column fallback (row=38, x=495.4, dist=209.4)
2026-09-07 00:58:49,829 MatchingPostProcessor WARNING  Orphan pdf_cell 1571 recovered to col=0 by nearest-column fallback (row=38, x=506.5, dist=220.5)
2026-09-07 00:58:49,829 MatchingPostProcessor WARNING  Orphan pdf_cell 1572 recovered to col=0 by nearest-column fallback (row=38, x=517.6, dist=231.6)
2026-09-07 00:58:49,829 MatchingPostProcessor WARNING  Orphan pdf_cell 1573 recovered to col=0 by nearest-column fallback (row=38, x=528.7, dist=242.7)
2026-09-07 00:58:49,829 MatchingPostProcessor WARNING  Orphan pdf_cell 1574 recovered to col=0 by nearest-column fallback (row=38, x=539.7, dist=253.8)
2026-09-07 00:58:49,829 MatchingPostProcessor WARNING  Orphan pdf_cell 1575 recovered to col=1 by nearest-column fallback (row=38, x=550.8, dist=245.4)
2026-09-07 00:58:49,829 MatchingPostProcessor WARNING  Orphan pdf_cell 1576 recovered to col=1 by nearest-column fallback (row=38, x=561.9, dist=234.3)
2026-09-07 00:58:49,829 MatchingPostProcessor WARNING  Orphan pdf_cell 1577 recovered to col=1 by nearest-column fallback (row=38, x=573.0, dist=223.3)
2026-09-07 00:58:49,829 MatchingPostProcessor WARNING  Orphan pdf_cell 1578 recovered to col=1 by nearest-column fallback (row=38, x=584.1, dist=212.2)
2026-09-07 00:58:49,829 MatchingPostProcessor WARNING  Orphan pdf_cell 1579 recovered to col=1 by nearest-column fallback (row=38, x=595.2, dist=201.1)
2026-09-07 00:58:49,829 MatchingPostProcessor WARNING  Orphan pdf_cell 1580 recovered to col=1 by nearest-column fallback (row=38, x=606.3, dist=190.0)
2026-09-07 00:58:49,829 MatchingPostProcessor WARNING  Orphan pdf_cell 1581 recovered to col=1 by nearest-column fallback (row=38, x=617.4, dist=178.9)
2026-09-07 00:58:49,829 MatchingPostProcessor WARNING  Orphan pdf_cell 1582 recovered to col=1 by nearest-column fallback (row=38, x=628.5, dist=167.8)
2026-09-07 00:58:49,829 MatchingPostProcessor WARNING  Orphan pdf_cell 1583 recovered to col=1 by nearest-column fallback (row=38, x=639.5, dist=156.7)
2026-09-07 00:58:49,829 MatchingPostProcessor WARNING  Orphan pdf_cell 1584 recovered to col=1 by nearest-column fallback (row=38, x=650.6, dist=145.6)
2026-09-07 00:58:49,829 MatchingPostProcessor WARNING  Orphan pdf_cell 1585 recovered to col=1 by nearest-column fallback (row=38, x=661.7, dist=134.6)
2026-09-07 00:58:49,829 MatchingPostProcessor WARNING  Orphan pdf_cell 1586 recovered to col=1 by nearest-column fallback (row=38, x=672.8, dist=123.5)
2026-09-07 00:58:49,829 MatchingPostProcessor WARNING  Orphan pdf_cell 1587 recovered to col=1 by nearest-column fallback (row=38, x=683.9, dist=112.4)
2026-09-07 00:58:49,829 MatchingPostProcessor WARNING  Orphan pdf_cell 1588 recovered to col=1 by nearest-column fallback (row=38, x=695.0, dist=101.3)
2026-09-07 00:58:49,829 MatchingPostProcessor WARNING  Orphan pdf_cell 1589 recovered to col=1 by nearest-column fallback (row=38, x=706.1, dist=90.2)
2026-09-07 00:58:49,829 MatchingPostProcessor WARNING  Orphan pdf_cell 1590 recovered to col=1 by nearest-column fallback (row=38, x=717.2, dist=79.1)
2026-09-07 00:58:49,829 MatchingPostProcessor WARNING  Orphan pdf_cell 1591 recovered to col=1 by nearest-column fallback (row=38, x=728.2, dist=68.0)
2026-09-07 00:58:49,829 MatchingPostProcessor WARNING  Orphan pdf_cell 1592 recovered to col=1 by nearest-column fallback (row=38, x=739.3, dist=56.9)
2026-09-07 00:58:49,829 MatchingPostProcessor WARNING  Orphan pdf_cell 1593 recovered to col=1 by nearest-column fallback (row=38, x=750.4, dist=45.9)
2026-09-07 00:58:49,829 MatchingPostProcessor WARNING  Orphan pdf_cell 1594 recovered to col=1 by nearest-column fallback (row=38, x=761.5, dist=34.8)
2026-09-07 00:58:49,830 MatchingPostProcessor WARNING  Orphan pdf_cell 1625 recovered to col=0 by nearest-column fallback (row=38, x=484.3, dist=198.3)
2026-09-07 00:58:49,830 MatchingPostProcessor WARNING  Orphan pdf_cell 1626 recovered to col=0 by nearest-column fallback (row=38, x=495.4, dist=209.4)
2026-09-07 00:58:49,830 MatchingPostProcessor WARNING  Orphan pdf_cell 1627 recovered to col=0 by nearest-column fallback (row=38, x=506.5, dist=220.5)
2026-09-07 00:58:49,830 MatchingPostProcessor WARNING  Orphan pdf_cell 1628 recovered to col=0 by nearest-column fallback (row=38, x=517.6, dist=231.6)
2026-09-07 00:58:49,830 MatchingPostProcessor WARNING  Orphan pdf_cell 1629 recovered to col=0 by nearest-column fallback (row=38, x=528.7, dist=242.7)
2026-09-07 00:58:49,830 MatchingPostProcessor WARNING  Orphan pdf_cell 1630 recovered to col=0 by nearest-column fallback (row=38, x=539.7, dist=253.8)
2026-09-07 00:58:49,830 MatchingPostProcessor WARNING  Orphan pdf_cell 1631 recovered to col=1 by nearest-column fallback (row=38, x=550.8, dist=245.4)
2026-09-07 00:58:49,830 MatchingPostProcessor WARNING  Orphan pdf_cell 1632 recovered to col=1 by nearest-column fallback (row=38, x=561.9, dist=234.3)
2026-09-07 00:58:49,830 MatchingPostProcessor WARNING  Orphan pdf_cell 1633 recovered to col=1 by nearest-column fallback (row=38, x=573.0, dist=223.3)
2026-09-07 00:58:49,830 MatchingPostProcessor WARNING  Orphan pdf_cell 1634 recovered to col=1 by nearest-column fallback (row=38, x=584.1, dist=212.2)
2026-09-07 00:58:49,830 MatchingPostProcessor WARNING  Orphan pdf_cell 1635 recovered to col=1 by nearest-column fallback (row=38, x=595.2, dist=201.1)
2026-09-07 00:58:49,830 MatchingPostProcessor WARNING  Orphan pdf_cell 1636 recovered to col=1 by nearest-column fallback (row=38, x=606.3, dist=190.0)
2026-09-07 00:58:49,830 MatchingPostProcessor WARNING  Orphan pdf_cell 1637 recovered to col=1 by nearest-column fallback (row=38, x=617.4, dist=178.9)
2026-09-07 00:58:49,830 MatchingPostProcessor WARNING  Orphan pdf_cell 1638 recovered to col=1 by nearest-column fallback (row=38, x=628.5, dist=167.8)
2026-09-07 00:58:49,830 MatchingPostProcessor WARNING  Orphan pdf_cell 1639 recovered to col=1 by nearest-column fallback (row=38, x=639.5, dist=156.7)
2026-09-07 00:58:49,830 MatchingPostProcessor WARNING  Orphan pdf_cell 1640 recovered to col=1 by nearest-column fallback (row=38, x=650.6, dist=145.6)
2026-09-07 00:58:49,830 MatchingPostProcessor WARNING  Orphan pdf_cell 1641 recovered to col=1 by nearest-column fallback (row=38, x=661.7, dist=134.6)
2026-09-07 00:58:49,830 MatchingPostProcessor WARNING  Orphan pdf_cell 1642 recovered to col=1 by nearest-column fallback (row=38, x=672.8, dist=123.5)
2026-09-07 00:58:49,830 MatchingPostProcessor WARNING  Orphan pdf_cell 1643 recovered to col=1 by nearest-column fallback (row=38, x=683.9, dist=112.4)
2026-09-07 00:58:49,830 MatchingPostProcessor WARNING  Orphan pdf_cell 1644 recovered to col=1 by nearest-column fallback (row=38, x=695.0, dist=101.3)
2026-09-07 00:58:49,830 MatchingPostProcessor WARNING  Orphan pdf_cell 1645 recovered to col=1 by nearest-column fallback (row=38, x=706.1, dist=90.2)
2026-09-07 00:58:49,830 MatchingPostProcessor WARNING  Orphan pdf_cell 1646 recovered to col=1 by nearest-column fallback (row=38, x=717.2, dist=79.1)
2026-09-07 00:58:49,830 MatchingPostProcessor WARNING  Orphan pdf_cell 1647 recovered to col=1 by nearest-column fallback (row=38, x=728.2, dist=68.0)
2026-09-07 00:58:49,830 MatchingPostProcessor WARNING  Orphan pdf_cell 1648 recovered to col=1 by nearest-column fallback (row=38, x=739.3, dist=56.9)
2026-09-07 00:58:49,830 MatchingPostProcessor WARNING  Orphan pdf_cell 1649 recovered to col=1 by nearest-column fallback (row=38, x=750.4, dist=45.9)
2026-09-07 00:58:49,830 MatchingPostProcessor WARNING  Orphan pdf_cell 1650 recovered to col=1 by nearest-column fallback (row=38, x=761.5, dist=34.8)
2026-09-07 00:58:49,831 MatchingPostProcessor WARNING  Orphan pdf_cell 1670 recovered to col=0 by nearest-column fallback (row=41, x=484.3, dist=198.3)
2026-09-07 00:58:49,831 MatchingPostProcessor WARNING  Orphan pdf_cell 1671 recovered to col=0 by nearest-column fallback (row=41, x=495.4, dist=209.4)
2026-09-07 00:58:49,831 MatchingPostProcessor WARNING  Orphan pdf_cell 1672 recovered to col=0 by nearest-column fallback (row=41, x=506.5, dist=220.5)
2026-09-07 00:58:49,831 MatchingPostProcessor WARNING  Orphan pdf_cell 1673 recovered to col=0 by nearest-column fallback (row=41, x=517.6, dist=231.6)
2026-09-07 00:58:49,831 MatchingPostProcessor WARNING  Orphan pdf_cell 1674 recovered to col=0 by nearest-column fallback (row=41, x=528.7, dist=242.7)
2026-09-07 00:58:49,831 MatchingPostProcessor WARNING  Orphan pdf_cell 1675 recovered to col=0 by nearest-column fallback (row=41, x=539.7, dist=253.8)
2026-09-07 00:58:49,831 MatchingPostProcessor WARNING  Orphan pdf_cell 1676 recovered to col=1 by nearest-column fallback (row=41, x=550.8, dist=245.4)
2026-09-07 00:58:49,831 MatchingPostProcessor WARNING  Orphan pdf_cell 1677 recovered to col=1 by nearest-column fallback (row=41, x=561.9, dist=234.3)
2026-09-07 00:58:49,831 MatchingPostProcessor WARNING  Orphan pdf_cell 1678 recovered to col=1 by nearest-column fallback (row=41, x=573.0, dist=223.3)
2026-09-07 00:58:49,831 MatchingPostProcessor WARNING  Orphan pdf_cell 1679 recovered to col=1 by nearest-column fallback (row=41, x=584.1, dist=212.2)
2026-09-07 00:58:49,831 MatchingPostProcessor WARNING  Orphan pdf_cell 1680 recovered to col=1 by nearest-column fallback (row=41, x=595.2, dist=201.1)
2026-09-07 00:58:49,831 MatchingPostProcessor WARNING  Orphan pdf_cell 1681 recovered to col=1 by nearest-column fallback (row=41, x=606.3, dist=190.0)
2026-09-07 00:58:49,831 MatchingPostProcessor WARNING  Orphan pdf_cell 1682 recovered to col=1 by nearest-column fallback (row=41, x=617.4, dist=178.9)
2026-09-07 00:58:49,831 MatchingPostProcessor WARNING  Orphan pdf_cell 1683 recovered to col=1 by nearest-column fallback (row=41, x=628.5, dist=167.8)
2026-09-07 00:58:49,831 MatchingPostProcessor WARNING  Orphan pdf_cell 1684 recovered to col=1 by nearest-column fallback (row=41, x=639.5, dist=156.7)
2026-09-07 00:58:49,831 MatchingPostProcessor WARNING  Orphan pdf_cell 1685 recovered to col=1 by nearest-column fallback (row=41, x=650.6, dist=145.6)
2026-09-07 00:58:49,831 MatchingPostProcessor WARNING  Orphan pdf_cell 1686 recovered to col=1 by nearest-column fallback (row=41, x=661.7, dist=134.6)
2026-09-07 00:58:49,831 MatchingPostProcessor WARNING  Orphan pdf_cell 1687 recovered to col=1 by nearest-column fallback (row=41, x=672.8, dist=123.5)
2026-09-07 00:58:49,831 MatchingPostProcessor WARNING  Orphan pdf_cell 1688 recovered to col=1 by nearest-column fallback (row=41, x=683.9, dist=112.4)
2026-09-07 00:58:49,831 MatchingPostProcessor WARNING  Orphan pdf_cell 1689 recovered to col=1 by nearest-column fallback (row=41, x=695.0, dist=101.3)
2026-09-07 00:58:49,831 MatchingPostProcessor WARNING  Orphan pdf_cell 1690 recovered to col=1 by nearest-column fallback (row=41, x=706.1, dist=90.2)
2026-09-07 00:58:49,831 MatchingPostProcessor WARNING  Orphan pdf_cell 1691 recovered to col=1 by nearest-column fallback (row=41, x=717.2, dist=79.1)
2026-09-07 00:58:49,831 MatchingPostProcessor WARNING  Orphan pdf_cell 1692 recovered to col=1 by nearest-column fallback (row=41, x=728.2, dist=68.0)
2026-09-07 00:58:49,831 MatchingPostProcessor WARNING  Orphan pdf_cell 1693 recovered to col=1 by nearest-column fallback (row=41, x=739.3, dist=56.9)
2026-09-07 00:58:49,831 MatchingPostProcessor WARNING  Orphan pdf_cell 1694 recovered to col=1 by nearest-column fallback (row=41, x=750.4, dist=45.9)
2026-09-07 00:58:49,831 MatchingPostProcessor WARNING  Orphan pdf_cell 1695 recovered to col=1 by nearest-column fallback (row=41, x=761.5, dist=34.8)
2026-09-07 00:58:49,831 MatchingPostProcessor WARNING  Orphan pdf_cell 1720 recovered to col=0 by nearest-column fallback (row=42, x=484.3, dist=198.3)
2026-09-07 00:58:49,831 MatchingPostProcessor WARNING  Orphan pdf_cell 1721 recovered to col=0 by nearest-column fallback (row=42, x=495.4, dist=209.4)
2026-09-07 00:58:49,831 MatchingPostProcessor WARNING  Orphan pdf_cell 1722 recovered to col=0 by nearest-column fallback (row=42, x=506.5, dist=220.5)
2026-09-07 00:58:49,832 MatchingPostProcessor WARNING  Orphan pdf_cell 1723 recovered to col=0 by nearest-column fallback (row=42, x=517.6, dist=231.6)
2026-09-07 00:58:49,832 MatchingPostProcessor WARNING  Orphan pdf_cell 1724 recovered to col=0 by nearest-column fallback (row=42, x=528.7, dist=242.7)
2026-09-07 00:58:49,832 MatchingPostProcessor WARNING  Orphan pdf_cell 1725 recovered to col=0 by nearest-column fallback (row=42, x=539.7, dist=253.8)
2026-09-07 00:58:49,832 MatchingPostProcessor WARNING  Orphan pdf_cell 1726 recovered to col=1 by nearest-column fallback (row=42, x=550.8, dist=245.4)
2026-09-07 00:58:49,832 MatchingPostProcessor WARNING  Orphan pdf_cell 1727 recovered to col=1 by nearest-column fallback (row=42, x=561.9, dist=234.3)
2026-09-07 00:58:49,832 MatchingPostProcessor WARNING  Orphan pdf_cell 1728 recovered to col=1 by nearest-column fallback (row=42, x=573.0, dist=223.3)
2026-09-07 00:58:49,832 MatchingPostProcessor WARNING  Orphan pdf_cell 1729 recovered to col=1 by nearest-column fallback (row=42, x=584.1, dist=212.2)
2026-09-07 00:58:49,832 MatchingPostProcessor WARNING  Orphan pdf_cell 1730 recovered to col=1 by nearest-column fallback (row=42, x=595.2, dist=201.1)
2026-09-07 00:58:49,832 MatchingPostProcessor WARNING  Orphan pdf_cell 1731 recovered to col=1 by nearest-column fallback (row=42, x=606.3, dist=190.0)
2026-09-07 00:58:49,832 MatchingPostProcessor WARNING  Orphan pdf_cell 1732 recovered to col=1 by nearest-column fallback (row=42, x=617.4, dist=178.9)
2026-09-07 00:58:49,832 MatchingPostProcessor WARNING  Orphan pdf_cell 1733 recovered to col=1 by nearest-column fallback (row=42, x=628.5, dist=167.8)
2026-09-07 00:58:49,832 MatchingPostProcessor WARNING  Orphan pdf_cell 1734 recovered to col=1 by nearest-column fallback (row=42, x=639.5, dist=156.7)
2026-09-07 00:58:49,832 MatchingPostProcessor WARNING  Orphan pdf_cell 1735 recovered to col=1 by nearest-column fallback (row=42, x=650.6, dist=145.6)
2026-09-07 00:58:49,832 MatchingPostProcessor WARNING  Orphan pdf_cell 1736 recovered to col=1 by nearest-column fallback (row=42, x=661.7, dist=134.6)
2026-09-07 00:58:49,832 MatchingPostProcessor WARNING  Orphan pdf_cell 1737 recovered to col=1 by nearest-column fallback (row=42, x=672.8, dist=123.5)
2026-09-07 00:58:49,832 MatchingPostProcessor WARNING  Orphan pdf_cell 1738 recovered to col=1 by nearest-column fallback (row=42, x=683.9, dist=112.4)
2026-09-07 00:58:49,832 MatchingPostProcessor WARNING  Orphan pdf_cell 1739 recovered to col=1 by nearest-column fallback (row=42, x=695.0, dist=101.3)
2026-09-07 00:58:49,832 MatchingPostProcessor WARNING  Orphan pdf_cell 1740 recovered to col=1 by nearest-column fallback (row=42, x=706.1, dist=90.2)
2026-09-07 00:58:49,832 MatchingPostProcessor WARNING  Orphan pdf_cell 1741 recovered to col=1 by nearest-column fallback (row=42, x=717.2, dist=79.1)
2026-09-07 00:58:49,832 MatchingPostProcessor WARNING  Orphan pdf_cell 1742 recovered to col=1 by nearest-column fallback (row=42, x=728.2, dist=68.0)
2026-09-07 00:58:49,832 MatchingPostProcessor WARNING  Orphan pdf_cell 1743 recovered to col=1 by nearest-column fallback (row=42, x=739.3, dist=56.9)
2026-09-07 00:58:49,832 MatchingPostProcessor WARNING  Orphan pdf_cell 1744 recovered to col=1 by nearest-column fallback (row=42, x=750.4, dist=45.9)
2026-09-07 00:58:49,832 MatchingPostProcessor WARNING  Orphan pdf_cell 1745 recovered to col=1 by nearest-column fallback (row=42, x=761.5, dist=34.8)
2026-09-07 00:58:49,832 MatchingPostProcessor WARNING  Orphan pdf_cell 1761 recovered to col=0 by nearest-column fallback (row=43, x=484.3, dist=198.3)
2026-09-07 00:58:49,832 MatchingPostProcessor WARNING  Orphan pdf_cell 1762 recovered to col=0 by nearest-column fallback (row=43, x=495.4, dist=209.4)
2026-09-07 00:58:49,832 MatchingPostProcessor WARNING  Orphan pdf_cell 1763 recovered to col=0 by nearest-column fallback (row=43, x=506.5, dist=220.5)
2026-09-07 00:58:49,832 MatchingPostProcessor WARNING  Orphan pdf_cell 1764 recovered to col=0 by nearest-column fallback (row=43, x=517.6, dist=231.6)
2026-09-07 00:58:49,832 MatchingPostProcessor WARNING  Orphan pdf_cell 1765 recovered to col=0 by nearest-column fallback (row=43, x=528.7, dist=242.7)
2026-09-07 00:58:49,832 MatchingPostProcessor WARNING  Orphan pdf_cell 1766 recovered to col=0 by nearest-column fallback (row=43, x=539.7, dist=253.8)
2026-09-07 00:58:49,832 MatchingPostProcessor WARNING  Orphan pdf_cell 1767 recovered to col=1 by nearest-column fallback (row=43, x=550.8, dist=245.4)
2026-09-07 00:58:49,832 MatchingPostProcessor WARNING  Orphan pdf_cell 1768 recovered to col=1 by nearest-column fallback (row=43, x=561.9, dist=234.3)
2026-09-07 00:58:49,832 MatchingPostProcessor WARNING  Orphan pdf_cell 1769 recovered to col=1 by nearest-column fallback (row=43, x=573.0, dist=223.3)
2026-09-07 00:58:49,832 MatchingPostProcessor WARNING  Orphan pdf_cell 1770 recovered to col=1 by nearest-column fallback (row=43, x=584.1, dist=212.2)
2026-09-07 00:58:49,832 MatchingPostProcessor WARNING  Orphan pdf_cell 1771 recovered to col=1 by nearest-column fallback (row=43, x=595.2, dist=201.1)
2026-09-07 00:58:49,832 MatchingPostProcessor WARNING  Orphan pdf_cell 1772 recovered to col=1 by nearest-column fallback (row=43, x=606.3, dist=190.0)
2026-09-07 00:58:49,832 MatchingPostProcessor WARNING  Orphan pdf_cell 1773 recovered to col=1 by nearest-column fallback (row=43, x=617.4, dist=178.9)
2026-09-07 00:58:49,832 MatchingPostProcessor WARNING  Orphan pdf_cell 1774 recovered to col=1 by nearest-column fallback (row=43, x=628.5, dist=167.8)
2026-09-07 00:58:49,832 MatchingPostProcessor WARNING  Orphan pdf_cell 1775 recovered to col=1 by nearest-column fallback (row=43, x=639.5, dist=156.7)
2026-09-07 00:58:49,832 MatchingPostProcessor WARNING  Orphan pdf_cell 1776 recovered to col=1 by nearest-column fallback (row=43, x=650.6, dist=145.6)
2026-09-07 00:58:49,832 MatchingPostProcessor WARNING  Orphan pdf_cell 1777 recovered to col=1 by nearest-column fallback (row=43, x=661.7, dist=134.6)
2026-09-07 00:58:49,833 MatchingPostProcessor WARNING  Orphan pdf_cell 1778 recovered to col=1 by nearest-column fallback (row=43, x=672.8, dist=123.5)
2026-09-07 00:58:49,833 MatchingPostProcessor WARNING  Orphan pdf_cell 1779 recovered to col=1 by nearest-column fallback (row=43, x=683.9, dist=112.4)
2026-09-07 00:58:49,833 MatchingPostProcessor WARNING  Orphan pdf_cell 1780 recovered to col=1 by nearest-column fallback (row=43, x=695.0, dist=101.3)
2026-09-07 00:58:49,833 MatchingPostProcessor WARNING  Orphan pdf_cell 1781 recovered to col=1 by nearest-column fallback (row=43, x=706.1, dist=90.2)
2026-09-07 00:58:49,833 MatchingPostProcessor WARNING  Orphan pdf_cell 1782 recovered to col=1 by nearest-column fallback (row=43, x=717.2, dist=79.1)
2026-09-07 00:58:49,833 MatchingPostProcessor WARNING  Orphan pdf_cell 1783 recovered to col=1 by nearest-column fallback (row=43, x=728.2, dist=68.0)
2026-09-07 00:58:49,833 MatchingPostProcessor WARNING  Orphan pdf_cell 1784 recovered to col=1 by nearest-column fallback (row=43, x=739.3, dist=56.9)
2026-09-07 00:58:49,833 MatchingPostProcessor WARNING  Orphan pdf_cell 1785 recovered to col=1 by nearest-column fallback (row=43, x=750.4, dist=45.9)
2026-09-07 00:58:49,833 MatchingPostProcessor WARNING  Orphan pdf_cell 1786 recovered to col=1 by nearest-column fallback (row=43, x=761.5, dist=34.8)
2026-09-07 00:58:49,833 MatchingPostProcessor WARNING  Orphan pdf_cell 1801 recovered to col=0 by nearest-column fallback (row=44, x=484.3, dist=198.3)
2026-09-07 00:58:49,833 MatchingPostProcessor WARNING  Orphan pdf_cell 1802 recovered to col=0 by nearest-column fallback (row=44, x=495.4, dist=209.4)
2026-09-07 00:58:49,833 MatchingPostProcessor WARNING  Orphan pdf_cell 1803 recovered to col=0 by nearest-column fallback (row=44, x=506.5, dist=220.5)
2026-09-07 00:58:49,833 MatchingPostProcessor WARNING  Orphan pdf_cell 1804 recovered to col=0 by nearest-column fallback (row=44, x=517.6, dist=231.6)
2026-09-07 00:58:49,833 MatchingPostProcessor WARNING  Orphan pdf_cell 1805 recovered to col=0 by nearest-column fallback (row=44, x=528.7, dist=242.7)
2026-09-07 00:58:49,833 MatchingPostProcessor WARNING  Orphan pdf_cell 1806 recovered to col=0 by nearest-column fallback (row=44, x=539.7, dist=253.8)
2026-09-07 00:58:49,833 MatchingPostProcessor WARNING  Orphan pdf_cell 1807 recovered to col=1 by nearest-column fallback (row=44, x=550.8, dist=245.4)
2026-09-07 00:58:49,833 MatchingPostProcessor WARNING  Orphan pdf_cell 1808 recovered to col=1 by nearest-column fallback (row=44, x=561.9, dist=234.3)
2026-09-07 00:58:49,833 MatchingPostProcessor WARNING  Orphan pdf_cell 1809 recovered to col=1 by nearest-column fallback (row=44, x=573.0, dist=223.3)
2026-09-07 00:58:49,833 MatchingPostProcessor WARNING  Orphan pdf_cell 1810 recovered to col=1 by nearest-column fallback (row=44, x=584.1, dist=212.2)
2026-09-07 00:58:49,833 MatchingPostProcessor WARNING  Orphan pdf_cell 1811 recovered to col=1 by nearest-column fallback (row=44, x=595.2, dist=201.1)
2026-09-07 00:58:49,833 MatchingPostProcessor WARNING  Orphan pdf_cell 1812 recovered to col=1 by nearest-column fallback (row=44, x=606.3, dist=190.0)
2026-09-07 00:58:49,833 MatchingPostProcessor WARNING  Orphan pdf_cell 1813 recovered to col=1 by nearest-column fallback (row=44, x=617.4, dist=178.9)
2026-09-07 00:58:49,833 MatchingPostProcessor WARNING  Orphan pdf_cell 1814 recovered to col=1 by nearest-column fallback (row=44, x=628.5, dist=167.8)
2026-09-07 00:58:49,833 MatchingPostProcessor WARNING  Orphan pdf_cell 1815 recovered to col=1 by nearest-column fallback (row=44, x=639.5, dist=156.7)
2026-09-07 00:58:49,833 MatchingPostProcessor WARNING  Orphan pdf_cell 1816 recovered to col=1 by nearest-column fallback (row=44, x=650.6, dist=145.6)
2026-09-07 00:58:49,833 MatchingPostProcessor WARNING  Orphan pdf_cell 1817 recovered to col=1 by nearest-column fallback (row=44, x=661.7, dist=134.6)
2026-09-07 00:58:49,833 MatchingPostProcessor WARNING  Orphan pdf_cell 1818 recovered to col=1 by nearest-column fallback (row=44, x=672.8, dist=123.5)
2026-09-07 00:58:49,833 MatchingPostProcessor WARNING  Orphan pdf_cell 1819 recovered to col=1 by nearest-column fallback (row=44, x=683.9, dist=112.4)
2026-09-07 00:58:49,833 MatchingPostProcessor WARNING  Orphan pdf_cell 1820 recovered to col=1 by nearest-column fallback (row=44, x=695.0, dist=101.3)
2026-09-07 00:58:49,833 MatchingPostProcessor WARNING  Orphan pdf_cell 1821 recovered to col=1 by nearest-column fallback (row=44, x=706.1, dist=90.2)
2026-09-07 00:58:49,833 MatchingPostProcessor WARNING  Orphan pdf_cell 1822 recovered to col=1 by nearest-column fallback (row=44, x=717.2, dist=79.1)
2026-09-07 00:58:49,833 MatchingPostProcessor WARNING  Orphan pdf_cell 1823 recovered to col=1 by nearest-column fallback (row=44, x=728.2, dist=68.0)
2026-09-07 00:58:49,833 MatchingPostProcessor WARNING  Orphan pdf_cell 1824 recovered to col=1 by nearest-column fallback (row=44, x=739.3, dist=56.9)
2026-09-07 00:58:49,833 MatchingPostProcessor WARNING  Orphan pdf_cell 1825 recovered to col=1 by nearest-column fallback (row=44, x=750.4, dist=45.9)
2026-09-07 00:58:49,833 MatchingPostProcessor WARNING  Orphan pdf_cell 1826 recovered to col=1 by nearest-column fallback (row=44, x=761.5, dist=34.8)
2026-09-07 00:58:51,276 MatchingPostProcessor WARNING  Orphan pdf_cell 41 recovered to col=1 by nearest-column fallback (row=0, x=639.5, dist=157.7)
2026-09-07 00:58:51,276 MatchingPostProcessor WARNING  Orphan pdf_cell 42 recovered to col=1 by nearest-column fallback (row=0, x=650.6, dist=146.6)
2026-09-07 00:58:51,276 MatchingPostProcessor WARNING  Orphan pdf_cell 43 recovered to col=1 by nearest-column fallback (row=0, x=661.7, dist=135.6)
2026-09-07 00:58:51,276 MatchingPostProcessor WARNING  Orphan pdf_cell 44 recovered to col=1 by nearest-column fallback (row=0, x=672.8, dist=124.5)
2026-09-07 00:58:51,276 MatchingPostProcessor WARNING  Orphan pdf_cell 45 recovered to col=1 by nearest-column fallback (row=0, x=683.9, dist=113.4)
2026-09-07 00:58:51,276 MatchingPostProcessor WARNING  Orphan pdf_cell 46 recovered to col=1 by nearest-column fallback (row=0, x=695.0, dist=102.3)
2026-09-07 00:58:51,276 MatchingPostProcessor WARNING  Orphan pdf_cell 47 recovered to col=1 by nearest-column fallback (row=0, x=706.1, dist=91.2)
2026-09-07 00:58:51,276 MatchingPostProcessor WARNING  Orphan pdf_cell 48 recovered to col=1 by nearest-column fallback (row=0, x=717.2, dist=80.1)
2026-09-07 00:58:51,276 MatchingPostProcessor WARNING  Orphan pdf_cell 49 recovered to col=1 by nearest-column fallback (row=0, x=728.2, dist=69.0)
2026-09-07 00:58:51,276 MatchingPostProcessor WARNING  Orphan pdf_cell 50 recovered to col=1 by nearest-column fallback (row=0, x=739.3, dist=57.9)
2026-09-07 00:58:51,276 MatchingPostProcessor WARNING  Orphan pdf_cell 51 recovered to col=1 by nearest-column fallback (row=0, x=750.4, dist=46.8)
2026-09-07 00:58:51,276 MatchingPostProcessor WARNING  Orphan pdf_cell 52 recovered to col=1 by nearest-column fallback (row=0, x=761.5, dist=35.8)
2026-09-07 00:58:51,276 MatchingPostProcessor WARNING  Orphan pdf_cell 83 recovered to col=1 by nearest-column fallback (row=1, x=639.5, dist=157.7)
2026-09-07 00:58:51,276 MatchingPostProcessor WARNING  Orphan pdf_cell 84 recovered to col=1 by nearest-column fallback (row=1, x=650.6, dist=146.6)
2026-09-07 00:58:51,277 MatchingPostProcessor WARNING  Orphan pdf_cell 85 recovered to col=1 by nearest-column fallback (row=1, x=661.7, dist=135.6)
2026-09-07 00:58:51,277 MatchingPostProcessor WARNING  Orphan pdf_cell 86 recovered to col=1 by nearest-column fallback (row=1, x=672.8, dist=124.5)
2026-09-07 00:58:51,277 MatchingPostProcessor WARNING  Orphan pdf_cell 87 recovered to col=1 by nearest-column fallback (row=1, x=683.9, dist=113.4)
2026-09-07 00:58:51,277 MatchingPostProcessor WARNING  Orphan pdf_cell 88 recovered to col=1 by nearest-column fallback (row=1, x=695.0, dist=102.3)
2026-09-07 00:58:51,277 MatchingPostProcessor WARNING  Orphan pdf_cell 89 recovered to col=1 by nearest-column fallback (row=1, x=706.1, dist=91.2)
2026-09-07 00:58:51,277 MatchingPostProcessor WARNING  Orphan pdf_cell 90 recovered to col=1 by nearest-column fallback (row=1, x=717.2, dist=80.1)
2026-09-07 00:58:51,277 MatchingPostProcessor WARNING  Orphan pdf_cell 91 recovered to col=1 by nearest-column fallback (row=1, x=728.2, dist=69.0)
2026-09-07 00:58:51,277 MatchingPostProcessor WARNING  Orphan pdf_cell 92 recovered to col=1 by nearest-column fallback (row=1, x=739.3, dist=57.9)
2026-09-07 00:58:51,277 MatchingPostProcessor WARNING  Orphan pdf_cell 93 recovered to col=1 by nearest-column fallback (row=1, x=750.4, dist=46.8)
2026-09-07 00:58:51,277 MatchingPostProcessor WARNING  Orphan pdf_cell 94 recovered to col=1 by nearest-column fallback (row=1, x=761.5, dist=35.8)
2026-09-07 00:58:51,277 MatchingPostProcessor WARNING  Orphan pdf_cell 123 recovered to col=1 by nearest-column fallback (row=2, x=639.5, dist=157.7)
2026-09-07 00:58:51,277 MatchingPostProcessor WARNING  Orphan pdf_cell 124 recovered to col=1 by nearest-column fallback (row=2, x=650.6, dist=146.6)
2026-09-07 00:58:51,277 MatchingPostProcessor WARNING  Orphan pdf_cell 125 recovered to col=1 by nearest-column fallback (row=2, x=661.7, dist=135.6)
2026-09-07 00:58:51,277 MatchingPostProcessor WARNING  Orphan pdf_cell 126 recovered to col=1 by nearest-column fallback (row=2, x=672.8, dist=124.5)
2026-09-07 00:58:51,278 MatchingPostProcessor WARNING  Orphan pdf_cell 127 recovered to col=1 by nearest-column fallback (row=2, x=683.9, dist=113.4)
2026-09-07 00:58:51,278 MatchingPostProcessor WARNING  Orphan pdf_cell 128 recovered to col=1 by nearest-column fallback (row=2, x=695.0, dist=102.3)
2026-09-07 00:58:51,278 MatchingPostProcessor WARNING  Orphan pdf_cell 129 recovered to col=1 by nearest-column fallback (row=2, x=706.1, dist=91.2)
2026-09-07 00:58:51,278 MatchingPostProcessor WARNING  Orphan pdf_cell 130 recovered to col=1 by nearest-column fallback (row=2, x=717.2, dist=80.1)
2026-09-07 00:58:51,278 MatchingPostProcessor WARNING  Orphan pdf_cell 131 recovered to col=1 by nearest-column fallback (row=2, x=728.2, dist=69.0)
2026-09-07 00:58:51,278 MatchingPostProcessor WARNING  Orphan pdf_cell 132 recovered to col=1 by nearest-column fallback (row=2, x=739.3, dist=57.9)
2026-09-07 00:58:51,278 MatchingPostProcessor WARNING  Orphan pdf_cell 133 recovered to col=1 by nearest-column fallback (row=2, x=750.4, dist=46.8)
2026-09-07 00:58:51,278 MatchingPostProcessor WARNING  Orphan pdf_cell 134 recovered to col=1 by nearest-column fallback (row=2, x=761.5, dist=35.8)
2026-09-07 00:58:51,278 MatchingPostProcessor WARNING  Orphan pdf_cell 167 recovered to col=1 by nearest-column fallback (row=3, x=639.5, dist=157.7)
2026-09-07 00:58:51,278 MatchingPostProcessor WARNING  Orphan pdf_cell 168 recovered to col=1 by nearest-column fallback (row=3, x=650.6, dist=146.6)
2026-09-07 00:58:51,278 MatchingPostProcessor WARNING  Orphan pdf_cell 169 recovered to col=1 by nearest-column fallback (row=3, x=661.7, dist=135.6)
2026-09-07 00:58:51,278 MatchingPostProcessor WARNING  Orphan pdf_cell 170 recovered to col=1 by nearest-column fallback (row=3, x=672.8, dist=124.5)
2026-09-07 00:58:51,278 MatchingPostProcessor WARNING  Orphan pdf_cell 171 recovered to col=1 by nearest-column fallback (row=3, x=683.9, dist=113.4)
2026-09-07 00:58:51,278 MatchingPostProcessor WARNING  Orphan pdf_cell 172 recovered to col=1 by nearest-column fallback (row=3, x=695.0, dist=102.3)
2026-09-07 00:58:51,278 MatchingPostProcessor WARNING  Orphan pdf_cell 173 recovered to col=1 by nearest-column fallback (row=3, x=706.1, dist=91.2)
2026-09-07 00:58:51,278 MatchingPostProcessor WARNING  Orphan pdf_cell 174 recovered to col=1 by nearest-column fallback (row=3, x=717.2, dist=80.1)
2026-09-07 00:58:51,278 MatchingPostProcessor WARNING  Orphan pdf_cell 175 recovered to col=1 by nearest-column fallback (row=3, x=728.2, dist=69.0)
2026-09-07 00:58:51,278 MatchingPostProcessor WARNING  Orphan pdf_cell 176 recovered to col=1 by nearest-column fallback (row=3, x=739.3, dist=57.9)
2026-09-07 00:58:51,278 MatchingPostProcessor WARNING  Orphan pdf_cell 177 recovered to col=1 by nearest-column fallback (row=3, x=750.4, dist=46.8)
2026-09-07 00:58:51,278 MatchingPostProcessor WARNING  Orphan pdf_cell 178 recovered to col=1 by nearest-column fallback (row=3, x=761.5, dist=35.8)
2026-09-07 00:58:51,279 MatchingPostProcessor WARNING  Orphan pdf_cell 217 recovered to col=1 by nearest-column fallback (row=4, x=639.5, dist=157.7)
2026-09-07 00:58:51,279 MatchingPostProcessor WARNING  Orphan pdf_cell 218 recovered to col=1 by nearest-column fallback (row=4, x=650.6, dist=146.6)
2026-09-07 00:58:51,279 MatchingPostProcessor WARNING  Orphan pdf_cell 219 recovered to col=1 by nearest-column fallback (row=4, x=661.7, dist=135.6)
2026-09-07 00:58:51,279 MatchingPostProcessor WARNING  Orphan pdf_cell 220 recovered to col=1 by nearest-column fallback (row=4, x=672.8, dist=124.5)
2026-09-07 00:58:51,279 MatchingPostProcessor WARNING  Orphan pdf_cell 221 recovered to col=1 by nearest-column fallback (row=4, x=683.9, dist=113.4)
2026-09-07 00:58:51,279 MatchingPostProcessor WARNING  Orphan pdf_cell 222 recovered to col=1 by nearest-column fallback (row=4, x=695.0, dist=102.3)
2026-09-07 00:58:51,279 MatchingPostProcessor WARNING  Orphan pdf_cell 223 recovered to col=1 by nearest-column fallback (row=4, x=706.1, dist=91.2)
2026-09-07 00:58:51,279 MatchingPostProcessor WARNING  Orphan pdf_cell 224 recovered to col=1 by nearest-column fallback (row=4, x=717.2, dist=80.1)
2026-09-07 00:58:51,279 MatchingPostProcessor WARNING  Orphan pdf_cell 225 recovered to col=1 by nearest-column fallback (row=4, x=728.2, dist=69.0)
2026-09-07 00:58:51,279 MatchingPostProcessor WARNING  Orphan pdf_cell 226 recovered to col=1 by nearest-column fallback (row=4, x=739.3, dist=57.9)
2026-09-07 00:58:51,279 MatchingPostProcessor WARNING  Orphan pdf_cell 227 recovered to col=1 by nearest-column fallback (row=4, x=750.4, dist=46.8)
2026-09-07 00:58:51,279 MatchingPostProcessor WARNING  Orphan pdf_cell 228 recovered to col=1 by nearest-column fallback (row=4, x=761.5, dist=35.8)
2026-09-07 00:58:51,279 MatchingPostProcessor WARNING  Orphan pdf_cell 263 recovered to col=1 by nearest-column fallback (row=5, x=639.5, dist=157.7)
2026-09-07 00:58:51,279 MatchingPostProcessor WARNING  Orphan pdf_cell 264 recovered to col=1 by nearest-column fallback (row=5, x=650.6, dist=146.6)
2026-09-07 00:58:51,279 MatchingPostProcessor WARNING  Orphan pdf_cell 265 recovered to col=1 by nearest-column fallback (row=5, x=661.7, dist=135.6)
2026-09-07 00:58:51,279 MatchingPostProcessor WARNING  Orphan pdf_cell 266 recovered to col=1 by nearest-column fallback (row=5, x=672.8, dist=124.5)
2026-09-07 00:58:51,280 MatchingPostProcessor WARNING  Orphan pdf_cell 267 recovered to col=1 by nearest-column fallback (row=5, x=683.9, dist=113.4)
2026-09-07 00:58:51,280 MatchingPostProcessor WARNING  Orphan pdf_cell 268 recovered to col=1 by nearest-column fallback (row=5, x=695.0, dist=102.3)
2026-09-07 00:58:51,280 MatchingPostProcessor WARNING  Orphan pdf_cell 269 recovered to col=1 by nearest-column fallback (row=5, x=706.1, dist=91.2)
2026-09-07 00:58:51,280 MatchingPostProcessor WARNING  Orphan pdf_cell 270 recovered to col=1 by nearest-column fallback (row=5, x=717.2, dist=80.1)
2026-09-07 00:58:51,280 MatchingPostProcessor WARNING  Orphan pdf_cell 271 recovered to col=1 by nearest-column fallback (row=5, x=728.2, dist=69.0)
2026-09-07 00:58:51,280 MatchingPostProcessor WARNING  Orphan pdf_cell 272 recovered to col=1 by nearest-column fallback (row=5, x=739.3, dist=57.9)
2026-09-07 00:58:51,280 MatchingPostProcessor WARNING  Orphan pdf_cell 273 recovered to col=1 by nearest-column fallback (row=5, x=750.4, dist=46.8)
2026-09-07 00:58:51,280 MatchingPostProcessor WARNING  Orphan pdf_cell 274 recovered to col=1 by nearest-column fallback (row=5, x=761.5, dist=35.8)
2026-09-07 00:58:51,280 MatchingPostProcessor WARNING  Orphan pdf_cell 313 recovered to col=1 by nearest-column fallback (row=6, x=639.5, dist=157.7)
2026-09-07 00:58:51,280 MatchingPostProcessor WARNING  Orphan pdf_cell 314 recovered to col=1 by nearest-column fallback (row=6, x=650.6, dist=146.6)
2026-09-07 00:58:51,280 MatchingPostProcessor WARNING  Orphan pdf_cell 315 recovered to col=1 by nearest-column fallback (row=6, x=661.7, dist=135.6)
2026-09-07 00:58:51,280 MatchingPostProcessor WARNING  Orphan pdf_cell 316 recovered to col=1 by nearest-column fallback (row=6, x=672.8, dist=124.5)
2026-09-07 00:58:51,280 MatchingPostProcessor WARNING  Orphan pdf_cell 317 recovered to col=1 by nearest-column fallback (row=6, x=683.9, dist=113.4)
2026-09-07 00:58:51,280 MatchingPostProcessor WARNING  Orphan pdf_cell 318 recovered to col=1 by nearest-column fallback (row=6, x=695.0, dist=102.3)
2026-09-07 00:58:51,280 MatchingPostProcessor WARNING  Orphan pdf_cell 319 recovered to col=1 by nearest-column fallback (row=6, x=706.1, dist=91.2)
2026-09-07 00:58:51,280 MatchingPostProcessor WARNING  Orphan pdf_cell 320 recovered to col=1 by nearest-column fallback (row=6, x=717.2, dist=80.1)
2026-09-07 00:58:51,280 MatchingPostProcessor WARNING  Orphan pdf_cell 321 recovered to col=1 by nearest-column fallback (row=6, x=728.2, dist=69.0)
2026-09-07 00:58:51,280 MatchingPostProcessor WARNING  Orphan pdf_cell 322 recovered to col=1 by nearest-column fallback (row=6, x=739.3, dist=57.9)
2026-09-07 00:58:51,280 MatchingPostProcessor WARNING  Orphan pdf_cell 323 recovered to col=1 by nearest-column fallback (row=6, x=750.4, dist=46.8)
2026-09-07 00:58:51,280 MatchingPostProcessor WARNING  Orphan pdf_cell 324 recovered to col=1 by nearest-column fallback (row=6, x=761.5, dist=35.8)
2026-09-07 00:58:51,281 MatchingPostProcessor WARNING  Orphan pdf_cell 365 recovered to col=1 by nearest-column fallback (row=7, x=639.5, dist=157.7)
2026-09-07 00:58:51,281 MatchingPostProcessor WARNING  Orphan pdf_cell 366 recovered to col=1 by nearest-column fallback (row=7, x=650.6, dist=146.6)
2026-09-07 00:58:51,281 MatchingPostProcessor WARNING  Orphan pdf_cell 367 recovered to col=1 by nearest-column fallback (row=7, x=661.7, dist=135.6)
2026-09-07 00:58:51,281 MatchingPostProcessor WARNING  Orphan pdf_cell 368 recovered to col=1 by nearest-column fallback (row=7, x=672.8, dist=124.5)
2026-09-07 00:58:51,281 MatchingPostProcessor WARNING  Orphan pdf_cell 369 recovered to col=1 by nearest-column fallback (row=7, x=683.9, dist=113.4)
2026-09-07 00:58:51,281 MatchingPostProcessor WARNING  Orphan pdf_cell 370 recovered to col=1 by nearest-column fallback (row=7, x=695.0, dist=102.3)
2026-09-07 00:58:51,281 MatchingPostProcessor WARNING  Orphan pdf_cell 371 recovered to col=1 by nearest-column fallback (row=7, x=706.1, dist=91.2)
2026-09-07 00:58:51,281 MatchingPostProcessor WARNING  Orphan pdf_cell 372 recovered to col=1 by nearest-column fallback (row=7, x=717.2, dist=80.1)
2026-09-07 00:58:51,281 MatchingPostProcessor WARNING  Orphan pdf_cell 373 recovered to col=1 by nearest-column fallback (row=7, x=728.2, dist=69.0)
2026-09-07 00:58:51,281 MatchingPostProcessor WARNING  Orphan pdf_cell 374 recovered to col=1 by nearest-column fallback (row=7, x=739.3, dist=57.9)
2026-09-07 00:58:51,281 MatchingPostProcessor WARNING  Orphan pdf_cell 375 recovered to col=1 by nearest-column fallback (row=7, x=750.4, dist=46.8)
2026-09-07 00:58:51,281 MatchingPostProcessor WARNING  Orphan pdf_cell 376 recovered to col=1 by nearest-column fallback (row=7, x=761.5, dist=35.8)
2026-09-07 00:58:51,281 MatchingPostProcessor WARNING  Orphan pdf_cell 407 recovered to col=1 by nearest-column fallback (row=8, x=639.5, dist=157.7)
2026-09-07 00:58:51,282 MatchingPostProcessor WARNING  Orphan pdf_cell 408 recovered to col=1 by nearest-column fallback (row=8, x=650.6, dist=146.6)
2026-09-07 00:58:51,282 MatchingPostProcessor WARNING  Orphan pdf_cell 409 recovered to col=1 by nearest-column fallback (row=8, x=661.7, dist=135.6)
2026-09-07 00:58:51,282 MatchingPostProcessor WARNING  Orphan pdf_cell 410 recovered to col=1 by nearest-column fallback (row=8, x=672.8, dist=124.5)
2026-09-07 00:58:51,282 MatchingPostProcessor WARNING  Orphan pdf_cell 411 recovered to col=1 by nearest-column fallback (row=8, x=683.9, dist=113.4)
2026-09-07 00:58:51,282 MatchingPostProcessor WARNING  Orphan pdf_cell 412 recovered to col=1 by nearest-column fallback (row=8, x=695.0, dist=102.3)
2026-09-07 00:58:51,282 MatchingPostProcessor WARNING  Orphan pdf_cell 413 recovered to col=1 by nearest-column fallback (row=8, x=706.1, dist=91.2)
2026-09-07 00:58:51,282 MatchingPostProcessor WARNING  Orphan pdf_cell 414 recovered to col=1 by nearest-column fallback (row=8, x=717.2, dist=80.1)
2026-09-07 00:58:51,282 MatchingPostProcessor WARNING  Orphan pdf_cell 415 recovered to col=1 by nearest-column fallback (row=8, x=728.2, dist=69.0)
2026-09-07 00:58:51,282 MatchingPostProcessor WARNING  Orphan pdf_cell 416 recovered to col=1 by nearest-column fallback (row=8, x=739.3, dist=57.9)
2026-09-07 00:58:51,282 MatchingPostProcessor WARNING  Orphan pdf_cell 417 recovered to col=1 by nearest-column fallback (row=8, x=750.4, dist=46.8)
2026-09-07 00:58:51,282 MatchingPostProcessor WARNING  Orphan pdf_cell 418 recovered to col=1 by nearest-column fallback (row=8, x=761.5, dist=35.8)
2026-09-07 00:58:51,282 MatchingPostProcessor WARNING  Orphan pdf_cell 446 recovered to col=1 by nearest-column fallback (row=9, x=639.5, dist=157.7)
2026-09-07 00:58:51,282 MatchingPostProcessor WARNING  Orphan pdf_cell 447 recovered to col=1 by nearest-column fallback (row=9, x=650.6, dist=146.6)
2026-09-07 00:58:51,282 MatchingPostProcessor WARNING  Orphan pdf_cell 448 recovered to col=1 by nearest-column fallback (row=9, x=661.7, dist=135.6)
2026-09-07 00:58:51,282 MatchingPostProcessor WARNING  Orphan pdf_cell 449 recovered to col=1 by nearest-column fallback (row=9, x=672.8, dist=124.5)
2026-09-07 00:58:51,282 MatchingPostProcessor WARNING  Orphan pdf_cell 450 recovered to col=1 by nearest-column fallback (row=9, x=683.9, dist=113.4)
2026-09-07 00:58:51,282 MatchingPostProcessor WARNING  Orphan pdf_cell 451 recovered to col=1 by nearest-column fallback (row=9, x=695.0, dist=102.3)
2026-09-07 00:58:51,282 MatchingPostProcessor WARNING  Orphan pdf_cell 452 recovered to col=1 by nearest-column fallback (row=9, x=706.1, dist=91.2)
2026-09-07 00:58:51,282 MatchingPostProcessor WARNING  Orphan pdf_cell 453 recovered to col=1 by nearest-column fallback (row=9, x=717.2, dist=80.1)
2026-09-07 00:58:51,282 MatchingPostProcessor WARNING  Orphan pdf_cell 454 recovered to col=1 by nearest-column fallback (row=9, x=728.2, dist=69.0)
2026-09-07 00:58:51,282 MatchingPostProcessor WARNING  Orphan pdf_cell 455 recovered to col=1 by nearest-column fallback (row=9, x=739.3, dist=57.9)
2026-09-07 00:58:51,282 MatchingPostProcessor WARNING  Orphan pdf_cell 456 recovered to col=1 by nearest-column fallback (row=9, x=750.4, dist=46.8)
2026-09-07 00:58:51,282 MatchingPostProcessor WARNING  Orphan pdf_cell 457 recovered to col=1 by nearest-column fallback (row=9, x=761.5, dist=35.8)
2026-09-07 00:58:51,283 MatchingPostProcessor WARNING  Orphan pdf_cell 486 recovered to col=1 by nearest-column fallback (row=10, x=639.5, dist=157.7)
2026-09-07 00:58:51,283 MatchingPostProcessor WARNING  Orphan pdf_cell 487 recovered to col=1 by nearest-column fallback (row=10, x=650.6, dist=146.6)
2026-09-07 00:58:51,283 MatchingPostProcessor WARNING  Orphan pdf_cell 488 recovered to col=1 by nearest-column fallback (row=10, x=661.7, dist=135.6)
2026-09-07 00:58:51,283 MatchingPostProcessor WARNING  Orphan pdf_cell 489 recovered to col=1 by nearest-column fallback (row=10, x=672.8, dist=124.5)
2026-09-07 00:58:51,283 MatchingPostProcessor WARNING  Orphan pdf_cell 490 recovered to col=1 by nearest-column fallback (row=10, x=683.9, dist=113.4)
2026-09-07 00:58:51,283 MatchingPostProcessor WARNING  Orphan pdf_cell 491 recovered to col=1 by nearest-column fallback (row=10, x=695.0, dist=102.3)
2026-09-07 00:58:51,283 MatchingPostProcessor WARNING  Orphan pdf_cell 492 recovered to col=1 by nearest-column fallback (row=10, x=706.1, dist=91.2)
2026-09-07 00:58:51,283 MatchingPostProcessor WARNING  Orphan pdf_cell 493 recovered to col=1 by nearest-column fallback (row=10, x=717.2, dist=80.1)
2026-09-07 00:58:51,283 MatchingPostProcessor WARNING  Orphan pdf_cell 494 recovered to col=1 by nearest-column fallback (row=10, x=728.2, dist=69.0)
2026-09-07 00:58:51,283 MatchingPostProcessor WARNING  Orphan pdf_cell 495 recovered to col=1 by nearest-column fallback (row=10, x=739.3, dist=57.9)
2026-09-07 00:58:51,283 MatchingPostProcessor WARNING  Orphan pdf_cell 496 recovered to col=1 by nearest-column fallback (row=10, x=750.4, dist=46.8)
2026-09-07 00:58:51,283 MatchingPostProcessor WARNING  Orphan pdf_cell 497 recovered to col=1 by nearest-column fallback (row=10, x=761.5, dist=35.8)
2026-09-07 00:58:51,283 MatchingPostProcessor WARNING  Orphan pdf_cell 521 recovered to col=1 by nearest-column fallback (row=11, x=639.5, dist=157.7)
2026-09-07 00:58:51,283 MatchingPostProcessor WARNING  Orphan pdf_cell 522 recovered to col=1 by nearest-column fallback (row=11, x=650.6, dist=146.6)
2026-09-07 00:58:51,283 MatchingPostProcessor WARNING  Orphan pdf_cell 523 recovered to col=1 by nearest-column fallback (row=11, x=661.7, dist=135.6)
2026-09-07 00:58:51,283 MatchingPostProcessor WARNING  Orphan pdf_cell 524 recovered to col=1 by nearest-column fallback (row=11, x=672.8, dist=124.5)
2026-09-07 00:58:51,283 MatchingPostProcessor WARNING  Orphan pdf_cell 525 recovered to col=1 by nearest-column fallback (row=11, x=683.9, dist=113.4)
2026-09-07 00:58:51,283 MatchingPostProcessor WARNING  Orphan pdf_cell 526 recovered to col=1 by nearest-column fallback (row=11, x=695.0, dist=102.3)
2026-09-07 00:58:51,283 MatchingPostProcessor WARNING  Orphan pdf_cell 527 recovered to col=1 by nearest-column fallback (row=11, x=706.1, dist=91.2)
2026-09-07 00:58:51,283 MatchingPostProcessor WARNING  Orphan pdf_cell 528 recovered to col=1 by nearest-column fallback (row=11, x=717.2, dist=80.1)
2026-09-07 00:58:51,283 MatchingPostProcessor WARNING  Orphan pdf_cell 529 recovered to col=1 by nearest-column fallback (row=11, x=728.2, dist=69.0)
2026-09-07 00:58:51,283 MatchingPostProcessor WARNING  Orphan pdf_cell 530 recovered to col=1 by nearest-column fallback (row=11, x=739.3, dist=57.9)
2026-09-07 00:58:51,284 MatchingPostProcessor WARNING  Orphan pdf_cell 531 recovered to col=1 by nearest-column fallback (row=11, x=750.4, dist=46.8)
2026-09-07 00:58:51,284 MatchingPostProcessor WARNING  Orphan pdf_cell 532 recovered to col=1 by nearest-column fallback (row=11, x=761.5, dist=35.8)
2026-09-07 00:58:51,284 MatchingPostProcessor WARNING  Orphan pdf_cell 563 recovered to col=1 by nearest-column fallback (row=12, x=639.5, dist=157.7)
2026-09-07 00:58:51,284 MatchingPostProcessor WARNING  Orphan pdf_cell 564 recovered to col=1 by nearest-column fallback (row=12, x=650.6, dist=146.6)
2026-09-07 00:58:51,284 MatchingPostProcessor WARNING  Orphan pdf_cell 565 recovered to col=1 by nearest-column fallback (row=12, x=661.7, dist=135.6)
2026-09-07 00:58:51,284 MatchingPostProcessor WARNING  Orphan pdf_cell 566 recovered to col=1 by nearest-column fallback (row=12, x=672.8, dist=124.5)
2026-09-07 00:58:51,284 MatchingPostProcessor WARNING  Orphan pdf_cell 567 recovered to col=1 by nearest-column fallback (row=12, x=683.9, dist=113.4)
2026-09-07 00:58:51,284 MatchingPostProcessor WARNING  Orphan pdf_cell 568 recovered to col=1 by nearest-column fallback (row=12, x=695.0, dist=102.3)
2026-09-07 00:58:51,284 MatchingPostProcessor WARNING  Orphan pdf_cell 569 recovered to col=1 by nearest-column fallback (row=12, x=706.1, dist=91.2)
2026-09-07 00:58:51,284 MatchingPostProcessor WARNING  Orphan pdf_cell 570 recovered to col=1 by nearest-column fallback (row=12, x=717.2, dist=80.1)
2026-09-07 00:58:51,284 MatchingPostProcessor WARNING  Orphan pdf_cell 571 recovered to col=1 by nearest-column fallback (row=12, x=728.2, dist=69.0)
2026-09-07 00:58:51,284 MatchingPostProcessor WARNING  Orphan pdf_cell 572 recovered to col=1 by nearest-column fallback (row=12, x=739.3, dist=57.9)
2026-09-07 00:58:51,284 MatchingPostProcessor WARNING  Orphan pdf_cell 573 recovered to col=1 by nearest-column fallback (row=12, x=750.4, dist=46.8)
2026-09-07 00:58:51,284 MatchingPostProcessor WARNING  Orphan pdf_cell 574 recovered to col=1 by nearest-column fallback (row=12, x=761.5, dist=35.8)
2026-09-07 00:58:51,285 MatchingPostProcessor WARNING  Orphan pdf_cell 601 recovered to col=1 by nearest-column fallback (row=13, x=639.5, dist=157.7)
2026-09-07 00:58:51,285 MatchingPostProcessor WARNING  Orphan pdf_cell 602 recovered to col=1 by nearest-column fallback (row=13, x=650.6, dist=146.6)
2026-09-07 00:58:51,285 MatchingPostProcessor WARNING  Orphan pdf_cell 603 recovered to col=1 by nearest-column fallback (row=13, x=661.7, dist=135.6)
2026-09-07 00:58:51,285 MatchingPostProcessor WARNING  Orphan pdf_cell 604 recovered to col=1 by nearest-column fallback (row=13, x=672.8, dist=124.5)
2026-09-07 00:58:51,285 MatchingPostProcessor WARNING  Orphan pdf_cell 605 recovered to col=1 by nearest-column fallback (row=13, x=683.9, dist=113.4)
2026-09-07 00:58:51,285 MatchingPostProcessor WARNING  Orphan pdf_cell 606 recovered to col=1 by nearest-column fallback (row=13, x=695.0, dist=102.3)
2026-09-07 00:58:51,285 MatchingPostProcessor WARNING  Orphan pdf_cell 607 recovered to col=1 by nearest-column fallback (row=13, x=706.1, dist=91.2)
2026-09-07 00:58:51,285 MatchingPostProcessor WARNING  Orphan pdf_cell 608 recovered to col=1 by nearest-column fallback (row=13, x=717.2, dist=80.1)
2026-09-07 00:58:51,285 MatchingPostProcessor WARNING  Orphan pdf_cell 609 recovered to col=1 by nearest-column fallback (row=13, x=728.2, dist=69.0)
2026-09-07 00:58:51,285 MatchingPostProcessor WARNING  Orphan pdf_cell 610 recovered to col=1 by nearest-column fallback (row=13, x=739.3, dist=57.9)
2026-09-07 00:58:51,285 MatchingPostProcessor WARNING  Orphan pdf_cell 611 recovered to col=1 by nearest-column fallback (row=13, x=750.4, dist=46.8)
2026-09-07 00:58:51,285 MatchingPostProcessor WARNING  Orphan pdf_cell 612 recovered to col=1 by nearest-column fallback (row=13, x=761.5, dist=35.8)
2026-09-07 00:58:51,285 MatchingPostProcessor WARNING  Orphan pdf_cell 641 recovered to col=1 by nearest-column fallback (row=14, x=639.5, dist=157.7)
2026-09-07 00:58:51,285 MatchingPostProcessor WARNING  Orphan pdf_cell 642 recovered to col=1 by nearest-column fallback (row=14, x=650.6, dist=146.6)
2026-09-07 00:58:51,285 MatchingPostProcessor WARNING  Orphan pdf_cell 643 recovered to col=1 by nearest-column fallback (row=14, x=661.7, dist=135.6)
2026-09-07 00:58:51,285 MatchingPostProcessor WARNING  Orphan pdf_cell 644 recovered to col=1 by nearest-column fallback (row=14, x=672.8, dist=124.5)
2026-09-07 00:58:51,285 MatchingPostProcessor WARNING  Orphan pdf_cell 645 recovered to col=1 by nearest-column fallback (row=14, x=683.9, dist=113.4)
2026-09-07 00:58:51,285 MatchingPostProcessor WARNING  Orphan pdf_cell 646 recovered to col=1 by nearest-column fallback (row=14, x=695.0, dist=102.3)
2026-09-07 00:58:51,285 MatchingPostProcessor WARNING  Orphan pdf_cell 647 recovered to col=1 by nearest-column fallback (row=14, x=706.1, dist=91.2)
2026-09-07 00:58:51,285 MatchingPostProcessor WARNING  Orphan pdf_cell 648 recovered to col=1 by nearest-column fallback (row=14, x=717.2, dist=80.1)
2026-09-07 00:58:51,285 MatchingPostProcessor WARNING  Orphan pdf_cell 649 recovered to col=1 by nearest-column fallback (row=14, x=728.2, dist=69.0)
2026-09-07 00:58:51,285 MatchingPostProcessor WARNING  Orphan pdf_cell 650 recovered to col=1 by nearest-column fallback (row=14, x=739.3, dist=57.9)
2026-09-07 00:58:51,286 MatchingPostProcessor WARNING  Orphan pdf_cell 651 recovered to col=1 by nearest-column fallback (row=14, x=750.4, dist=46.8)
2026-09-07 00:58:51,286 MatchingPostProcessor WARNING  Orphan pdf_cell 652 recovered to col=1 by nearest-column fallback (row=14, x=761.5, dist=35.8)
2026-09-07 00:58:51,286 MatchingPostProcessor WARNING  Orphan pdf_cell 697 recovered to col=1 by nearest-column fallback (row=15, x=639.5, dist=157.7)
2026-09-07 00:58:51,286 MatchingPostProcessor WARNING  Orphan pdf_cell 698 recovered to col=1 by nearest-column fallback (row=15, x=650.6, dist=146.6)
2026-09-07 00:58:51,286 MatchingPostProcessor WARNING  Orphan pdf_cell 699 recovered to col=1 by nearest-column fallback (row=15, x=661.7, dist=135.6)
2026-09-07 00:58:51,286 MatchingPostProcessor WARNING  Orphan pdf_cell 700 recovered to col=1 by nearest-column fallback (row=15, x=672.8, dist=124.5)
2026-09-07 00:58:51,286 MatchingPostProcessor WARNING  Orphan pdf_cell 701 recovered to col=1 by nearest-column fallback (row=15, x=683.9, dist=113.4)
2026-09-07 00:58:51,286 MatchingPostProcessor WARNING  Orphan pdf_cell 702 recovered to col=1 by nearest-column fallback (row=15, x=695.0, dist=102.3)
2026-09-07 00:58:51,286 MatchingPostProcessor WARNING  Orphan pdf_cell 703 recovered to col=1 by nearest-column fallback (row=15, x=706.1, dist=91.2)
2026-09-07 00:58:51,286 MatchingPostProcessor WARNING  Orphan pdf_cell 704 recovered to col=1 by nearest-column fallback (row=15, x=717.2, dist=80.1)
2026-09-07 00:58:51,286 MatchingPostProcessor WARNING  Orphan pdf_cell 705 recovered to col=1 by nearest-column fallback (row=15, x=728.2, dist=69.0)
2026-09-07 00:58:51,286 MatchingPostProcessor WARNING  Orphan pdf_cell 706 recovered to col=1 by nearest-column fallback (row=15, x=739.3, dist=57.9)
2026-09-07 00:58:51,286 MatchingPostProcessor WARNING  Orphan pdf_cell 707 recovered to col=1 by nearest-column fallback (row=15, x=750.4, dist=46.8)
2026-09-07 00:58:51,286 MatchingPostProcessor WARNING  Orphan pdf_cell 708 recovered to col=1 by nearest-column fallback (row=15, x=761.5, dist=35.8)
2026-09-07 00:58:51,287 MatchingPostProcessor WARNING  Orphan pdf_cell 755 recovered to col=1 by nearest-column fallback (row=18, x=639.5, dist=157.7)
2026-09-07 00:58:51,287 MatchingPostProcessor WARNING  Orphan pdf_cell 756 recovered to col=1 by nearest-column fallback (row=18, x=650.6, dist=146.6)
2026-09-07 00:58:51,287 MatchingPostProcessor WARNING  Orphan pdf_cell 757 recovered to col=1 by nearest-column fallback (row=18, x=661.7, dist=135.6)
2026-09-07 00:58:51,287 MatchingPostProcessor WARNING  Orphan pdf_cell 758 recovered to col=1 by nearest-column fallback (row=18, x=672.8, dist=124.5)
2026-09-07 00:58:51,287 MatchingPostProcessor WARNING  Orphan pdf_cell 759 recovered to col=1 by nearest-column fallback (row=18, x=683.9, dist=113.4)
2026-09-07 00:58:51,287 MatchingPostProcessor WARNING  Orphan pdf_cell 760 recovered to col=1 by nearest-column fallback (row=18, x=695.0, dist=102.3)
2026-09-07 00:58:51,287 MatchingPostProcessor WARNING  Orphan pdf_cell 761 recovered to col=1 by nearest-column fallback (row=18, x=706.1, dist=91.2)
2026-09-07 00:58:51,287 MatchingPostProcessor WARNING  Orphan pdf_cell 762 recovered to col=1 by nearest-column fallback (row=18, x=717.2, dist=80.1)
2026-09-07 00:58:51,287 MatchingPostProcessor WARNING  Orphan pdf_cell 763 recovered to col=1 by nearest-column fallback (row=18, x=728.2, dist=69.0)
2026-09-07 00:58:51,287 MatchingPostProcessor WARNING  Orphan pdf_cell 764 recovered to col=1 by nearest-column fallback (row=18, x=739.3, dist=57.9)
2026-09-07 00:58:51,287 MatchingPostProcessor WARNING  Orphan pdf_cell 765 recovered to col=1 by nearest-column fallback (row=18, x=750.4, dist=46.8)
2026-09-07 00:58:51,287 MatchingPostProcessor WARNING  Orphan pdf_cell 766 recovered to col=1 by nearest-column fallback (row=18, x=761.5, dist=35.8)
2026-09-07 00:58:51,288 MatchingPostProcessor WARNING  Orphan pdf_cell 798 recovered to col=1 by nearest-column fallback (row=19, x=639.5, dist=157.7)
2026-09-07 00:58:51,288 MatchingPostProcessor WARNING  Orphan pdf_cell 799 recovered to col=1 by nearest-column fallback (row=19, x=650.6, dist=146.6)
2026-09-07 00:58:51,288 MatchingPostProcessor WARNING  Orphan pdf_cell 800 recovered to col=1 by nearest-column fallback (row=19, x=661.7, dist=135.6)
2026-09-07 00:58:51,288 MatchingPostProcessor WARNING  Orphan pdf_cell 801 recovered to col=1 by nearest-column fallback (row=19, x=672.8, dist=124.5)
2026-09-07 00:58:51,288 MatchingPostProcessor WARNING  Orphan pdf_cell 802 recovered to col=1 by nearest-column fallback (row=19, x=683.9, dist=113.4)
2026-09-07 00:58:51,288 MatchingPostProcessor WARNING  Orphan pdf_cell 803 recovered to col=1 by nearest-column fallback (row=19, x=695.0, dist=102.3)
2026-09-07 00:58:51,288 MatchingPostProcessor WARNING  Orphan pdf_cell 804 recovered to col=1 by nearest-column fallback (row=19, x=706.1, dist=91.2)
2026-09-07 00:58:51,288 MatchingPostProcessor WARNING  Orphan pdf_cell 805 recovered to col=1 by nearest-column fallback (row=19, x=717.2, dist=80.1)
2026-09-07 00:58:51,288 MatchingPostProcessor WARNING  Orphan pdf_cell 806 recovered to col=1 by nearest-column fallback (row=19, x=728.2, dist=69.0)
2026-09-07 00:58:51,288 MatchingPostProcessor WARNING  Orphan pdf_cell 807 recovered to col=1 by nearest-column fallback (row=19, x=739.3, dist=57.9)
2026-09-07 00:58:51,288 MatchingPostProcessor WARNING  Orphan pdf_cell 808 recovered to col=1 by nearest-column fallback (row=19, x=750.4, dist=46.8)
2026-09-07 00:58:51,288 MatchingPostProcessor WARNING  Orphan pdf_cell 809 recovered to col=1 by nearest-column fallback (row=19, x=761.5, dist=35.8)
2026-09-07 00:58:51,289 MatchingPostProcessor WARNING  Orphan pdf_cell 838 recovered to col=1 by nearest-column fallback (row=20, x=639.5, dist=157.7)
2026-09-07 00:58:51,289 MatchingPostProcessor WARNING  Orphan pdf_cell 839 recovered to col=1 by nearest-column fallback (row=20, x=650.6, dist=146.6)
2026-09-07 00:58:51,289 MatchingPostProcessor WARNING  Orphan pdf_cell 840 recovered to col=1 by nearest-column fallback (row=20, x=661.7, dist=135.6)
2026-09-07 00:58:51,289 MatchingPostProcessor WARNING  Orphan pdf_cell 841 recovered to col=1 by nearest-column fallback (row=20, x=672.8, dist=124.5)
2026-09-07 00:58:51,289 MatchingPostProcessor WARNING  Orphan pdf_cell 842 recovered to col=1 by nearest-column fallback (row=20, x=683.9, dist=113.4)
2026-09-07 00:58:51,289 MatchingPostProcessor WARNING  Orphan pdf_cell 843 recovered to col=1 by nearest-column fallback (row=20, x=695.0, dist=102.3)
2026-09-07 00:58:51,289 MatchingPostProcessor WARNING  Orphan pdf_cell 844 recovered to col=1 by nearest-column fallback (row=20, x=706.1, dist=91.2)
2026-09-07 00:58:51,289 MatchingPostProcessor WARNING  Orphan pdf_cell 845 recovered to col=1 by nearest-column fallback (row=20, x=717.2, dist=80.1)
2026-09-07 00:58:51,289 MatchingPostProcessor WARNING  Orphan pdf_cell 846 recovered to col=1 by nearest-column fallback (row=20, x=728.2, dist=69.0)
2026-09-07 00:58:51,289 MatchingPostProcessor WARNING  Orphan pdf_cell 847 recovered to col=1 by nearest-column fallback (row=20, x=739.3, dist=57.9)
2026-09-07 00:58:51,289 MatchingPostProcessor WARNING  Orphan pdf_cell 848 recovered to col=1 by nearest-column fallback (row=20, x=750.4, dist=46.8)
2026-09-07 00:58:51,289 MatchingPostProcessor WARNING  Orphan pdf_cell 849 recovered to col=1 by nearest-column fallback (row=20, x=761.5, dist=35.8)
2026-09-07 00:58:51,289 MatchingPostProcessor WARNING  Orphan pdf_cell 885 recovered to col=1 by nearest-column fallback (row=21, x=639.5, dist=157.7)
2026-09-07 00:58:51,289 MatchingPostProcessor WARNING  Orphan pdf_cell 886 recovered to col=1 by nearest-column fallback (row=21, x=650.6, dist=146.6)
2026-09-07 00:58:51,290 MatchingPostProcessor WARNING  Orphan pdf_cell 887 recovered to col=1 by nearest-column fallback (row=21, x=661.7, dist=135.6)
2026-09-07 00:58:51,290 MatchingPostProcessor WARNING  Orphan pdf_cell 888 recovered to col=1 by nearest-column fallback (row=21, x=672.8, dist=124.5)
2026-09-07 00:58:51,290 MatchingPostProcessor WARNING  Orphan pdf_cell 889 recovered to col=1 by nearest-column fallback (row=21, x=683.9, dist=113.4)
2026-09-07 00:58:51,290 MatchingPostProcessor WARNING  Orphan pdf_cell 890 recovered to col=1 by nearest-column fallback (row=21, x=695.0, dist=102.3)
2026-09-07 00:58:51,290 MatchingPostProcessor WARNING  Orphan pdf_cell 891 recovered to col=1 by nearest-column fallback (row=21, x=706.1, dist=91.2)
2026-09-07 00:58:51,290 MatchingPostProcessor WARNING  Orphan pdf_cell 892 recovered to col=1 by nearest-column fallback (row=21, x=717.2, dist=80.1)
2026-09-07 00:58:51,290 MatchingPostProcessor WARNING  Orphan pdf_cell 893 recovered to col=1 by nearest-column fallback (row=21, x=728.2, dist=69.0)
2026-09-07 00:58:51,290 MatchingPostProcessor WARNING  Orphan pdf_cell 894 recovered to col=1 by nearest-column fallback (row=21, x=739.3, dist=57.9)
2026-09-07 00:58:51,290 MatchingPostProcessor WARNING  Orphan pdf_cell 895 recovered to col=1 by nearest-column fallback (row=21, x=750.4, dist=46.8)
2026-09-07 00:58:51,290 MatchingPostProcessor WARNING  Orphan pdf_cell 896 recovered to col=1 by nearest-column fallback (row=21, x=761.5, dist=35.8)
2026-09-07 00:58:51,290 MatchingPostProcessor WARNING  Orphan pdf_cell 921 recovered to col=1 by nearest-column fallback (row=22, x=639.5, dist=157.7)
2026-09-07 00:58:51,290 MatchingPostProcessor WARNING  Orphan pdf_cell 922 recovered to col=1 by nearest-column fallback (row=22, x=650.6, dist=146.6)
2026-09-07 00:58:51,290 MatchingPostProcessor WARNING  Orphan pdf_cell 923 recovered to col=1 by nearest-column fallback (row=22, x=661.7, dist=135.6)
2026-09-07 00:58:51,290 MatchingPostProcessor WARNING  Orphan pdf_cell 924 recovered to col=1 by nearest-column fallback (row=22, x=672.8, dist=124.5)
2026-09-07 00:58:51,290 MatchingPostProcessor WARNING  Orphan pdf_cell 925 recovered to col=1 by nearest-column fallback (row=22, x=683.9, dist=113.4)
2026-09-07 00:58:51,290 MatchingPostProcessor WARNING  Orphan pdf_cell 926 recovered to col=1 by nearest-column fallback (row=22, x=695.0, dist=102.3)
2026-09-07 00:58:51,290 MatchingPostProcessor WARNING  Orphan pdf_cell 927 recovered to col=1 by nearest-column fallback (row=22, x=706.1, dist=91.2)
2026-09-07 00:58:51,290 MatchingPostProcessor WARNING  Orphan pdf_cell 928 recovered to col=1 by nearest-column fallback (row=22, x=717.2, dist=80.1)
2026-09-07 00:58:51,290 MatchingPostProcessor WARNING  Orphan pdf_cell 929 recovered to col=1 by nearest-column fallback (row=22, x=728.2, dist=69.0)
2026-09-07 00:58:51,290 MatchingPostProcessor WARNING  Orphan pdf_cell 930 recovered to col=1 by nearest-column fallback (row=22, x=739.3, dist=57.9)
2026-09-07 00:58:51,290 MatchingPostProcessor WARNING  Orphan pdf_cell 931 recovered to col=1 by nearest-column fallback (row=22, x=750.4, dist=46.8)
2026-09-07 00:58:51,290 MatchingPostProcessor WARNING  Orphan pdf_cell 932 recovered to col=1 by nearest-column fallback (row=22, x=761.5, dist=35.8)
2026-09-07 00:58:51,291 MatchingPostProcessor WARNING  Orphan pdf_cell 967 recovered to col=1 by nearest-column fallback (row=23, x=639.5, dist=157.7)
2026-09-07 00:58:51,291 MatchingPostProcessor WARNING  Orphan pdf_cell 968 recovered to col=1 by nearest-column fallback (row=23, x=650.6, dist=146.6)
2026-09-07 00:58:51,291 MatchingPostProcessor WARNING  Orphan pdf_cell 969 recovered to col=1 by nearest-column fallback (row=23, x=661.7, dist=135.6)
2026-09-07 00:58:51,291 MatchingPostProcessor WARNING  Orphan pdf_cell 970 recovered to col=1 by nearest-column fallback (row=23, x=672.8, dist=124.5)
2026-09-07 00:58:51,291 MatchingPostProcessor WARNING  Orphan pdf_cell 971 recovered to col=1 by nearest-column fallback (row=23, x=683.9, dist=113.4)
2026-09-07 00:58:51,291 MatchingPostProcessor WARNING  Orphan pdf_cell 972 recovered to col=1 by nearest-column fallback (row=23, x=695.0, dist=102.3)
2026-09-07 00:58:51,291 MatchingPostProcessor WARNING  Orphan pdf_cell 973 recovered to col=1 by nearest-column fallback (row=23, x=706.1, dist=91.2)
2026-09-07 00:58:51,291 MatchingPostProcessor WARNING  Orphan pdf_cell 974 recovered to col=1 by nearest-column fallback (row=23, x=717.2, dist=80.1)
2026-09-07 00:58:51,291 MatchingPostProcessor WARNING  Orphan pdf_cell 975 recovered to col=1 by nearest-column fallback (row=23, x=728.2, dist=69.0)
2026-09-07 00:58:51,291 MatchingPostProcessor WARNING  Orphan pdf_cell 976 recovered to col=1 by nearest-column fallback (row=23, x=739.3, dist=57.9)
2026-09-07 00:58:51,291 MatchingPostProcessor WARNING  Orphan pdf_cell 977 recovered to col=1 by nearest-column fallback (row=23, x=750.4, dist=46.8)
2026-09-07 00:58:51,291 MatchingPostProcessor WARNING  Orphan pdf_cell 978 recovered to col=1 by nearest-column fallback (row=23, x=761.5, dist=35.8)
2026-09-07 00:58:51,292 MatchingPostProcessor WARNING  Orphan pdf_cell 1007 recovered to col=1 by nearest-column fallback (row=24, x=639.5, dist=157.7)
2026-09-07 00:58:51,292 MatchingPostProcessor WARNING  Orphan pdf_cell 1008 recovered to col=1 by nearest-column fallback (row=24, x=650.6, dist=146.6)
2026-09-07 00:58:51,292 MatchingPostProcessor WARNING  Orphan pdf_cell 1009 recovered to col=1 by nearest-column fallback (row=24, x=661.7, dist=135.6)
2026-09-07 00:58:51,292 MatchingPostProcessor WARNING  Orphan pdf_cell 1010 recovered to col=1 by nearest-column fallback (row=24, x=672.8, dist=124.5)
2026-09-07 00:58:51,292 MatchingPostProcessor WARNING  Orphan pdf_cell 1011 recovered to col=1 by nearest-column fallback (row=24, x=683.9, dist=113.4)
2026-09-07 00:58:51,292 MatchingPostProcessor WARNING  Orphan pdf_cell 1012 recovered to col=1 by nearest-column fallback (row=24, x=695.0, dist=102.3)
2026-09-07 00:58:51,292 MatchingPostProcessor WARNING  Orphan pdf_cell 1013 recovered to col=1 by nearest-column fallback (row=24, x=706.1, dist=91.2)
2026-09-07 00:58:51,292 MatchingPostProcessor WARNING  Orphan pdf_cell 1014 recovered to col=1 by nearest-column fallback (row=24, x=717.2, dist=80.1)
2026-09-07 00:58:51,292 MatchingPostProcessor WARNING  Orphan pdf_cell 1015 recovered to col=1 by nearest-column fallback (row=24, x=728.2, dist=69.0)
2026-09-07 00:58:51,292 MatchingPostProcessor WARNING  Orphan pdf_cell 1016 recovered to col=1 by nearest-column fallback (row=24, x=739.3, dist=57.9)
2026-09-07 00:58:51,292 MatchingPostProcessor WARNING  Orphan pdf_cell 1017 recovered to col=1 by nearest-column fallback (row=24, x=750.4, dist=46.8)
2026-09-07 00:58:51,292 MatchingPostProcessor WARNING  Orphan pdf_cell 1018 recovered to col=1 by nearest-column fallback (row=24, x=761.5, dist=35.8)
2026-09-07 00:58:51,293 MatchingPostProcessor WARNING  Orphan pdf_cell 1061 recovered to col=1 by nearest-column fallback (row=25, x=639.5, dist=157.7)
2026-09-07 00:58:51,293 MatchingPostProcessor WARNING  Orphan pdf_cell 1062 recovered to col=1 by nearest-column fallback (row=25, x=650.6, dist=146.6)
2026-09-07 00:58:51,293 MatchingPostProcessor WARNING  Orphan pdf_cell 1063 recovered to col=1 by nearest-column fallback (row=25, x=661.7, dist=135.6)
2026-09-07 00:58:51,293 MatchingPostProcessor WARNING  Orphan pdf_cell 1064 recovered to col=1 by nearest-column fallback (row=25, x=672.8, dist=124.5)
2026-09-07 00:58:51,293 MatchingPostProcessor WARNING  Orphan pdf_cell 1065 recovered to col=1 by nearest-column fallback (row=25, x=683.9, dist=113.4)
2026-09-07 00:58:51,293 MatchingPostProcessor WARNING  Orphan pdf_cell 1066 recovered to col=1 by nearest-column fallback (row=25, x=695.0, dist=102.3)
2026-09-07 00:58:51,293 MatchingPostProcessor WARNING  Orphan pdf_cell 1067 recovered to col=1 by nearest-column fallback (row=25, x=706.1, dist=91.2)
2026-09-07 00:58:51,293 MatchingPostProcessor WARNING  Orphan pdf_cell 1068 recovered to col=1 by nearest-column fallback (row=25, x=717.2, dist=80.1)
2026-09-07 00:58:51,293 MatchingPostProcessor WARNING  Orphan pdf_cell 1069 recovered to col=1 by nearest-column fallback (row=25, x=728.2, dist=69.0)
2026-09-07 00:58:51,293 MatchingPostProcessor WARNING  Orphan pdf_cell 1070 recovered to col=1 by nearest-column fallback (row=25, x=739.3, dist=57.9)
2026-09-07 00:58:51,293 MatchingPostProcessor WARNING  Orphan pdf_cell 1071 recovered to col=1 by nearest-column fallback (row=25, x=750.4, dist=46.8)
2026-09-07 00:58:51,293 MatchingPostProcessor WARNING  Orphan pdf_cell 1072 recovered to col=1 by nearest-column fallback (row=25, x=761.5, dist=35.8)
2026-09-07 00:58:51,293 MatchingPostProcessor WARNING  Orphan pdf_cell 1104 recovered to col=1 by nearest-column fallback (row=26, x=639.5, dist=157.7)
2026-09-07 00:58:51,293 MatchingPostProcessor WARNING  Orphan pdf_cell 1105 recovered to col=1 by nearest-column fallback (row=26, x=650.6, dist=146.6)
2026-09-07 00:58:51,293 MatchingPostProcessor WARNING  Orphan pdf_cell 1106 recovered to col=1 by nearest-column fallback (row=26, x=661.7, dist=135.6)
2026-09-07 00:58:51,294 MatchingPostProcessor WARNING  Orphan pdf_cell 1107 recovered to col=1 by nearest-column fallback (row=26, x=672.8, dist=124.5)
2026-09-07 00:58:51,294 MatchingPostProcessor WARNING  Orphan pdf_cell 1108 recovered to col=1 by nearest-column fallback (row=26, x=683.9, dist=113.4)
2026-09-07 00:58:51,294 MatchingPostProcessor WARNING  Orphan pdf_cell 1109 recovered to col=1 by nearest-column fallback (row=26, x=695.0, dist=102.3)
2026-09-07 00:58:51,294 MatchingPostProcessor WARNING  Orphan pdf_cell 1110 recovered to col=1 by nearest-column fallback (row=26, x=706.1, dist=91.2)
2026-09-07 00:58:51,294 MatchingPostProcessor WARNING  Orphan pdf_cell 1111 recovered to col=1 by nearest-column fallback (row=26, x=717.2, dist=80.1)
2026-09-07 00:58:51,294 MatchingPostProcessor WARNING  Orphan pdf_cell 1112 recovered to col=1 by nearest-column fallback (row=26, x=728.2, dist=69.0)
2026-09-07 00:58:51,294 MatchingPostProcessor WARNING  Orphan pdf_cell 1113 recovered to col=1 by nearest-column fallback (row=26, x=739.3, dist=57.9)
2026-09-07 00:58:51,294 MatchingPostProcessor WARNING  Orphan pdf_cell 1114 recovered to col=1 by nearest-column fallback (row=26, x=750.4, dist=46.8)
2026-09-07 00:58:51,294 MatchingPostProcessor WARNING  Orphan pdf_cell 1115 recovered to col=1 by nearest-column fallback (row=26, x=761.5, dist=35.8)
2026-09-07 00:58:51,294 MatchingPostProcessor WARNING  Orphan pdf_cell 1152 recovered to col=1 by nearest-column fallback (row=27, x=639.5, dist=157.7)
2026-09-07 00:58:51,294 MatchingPostProcessor WARNING  Orphan pdf_cell 1153 recovered to col=1 by nearest-column fallback (row=27, x=650.6, dist=146.6)
2026-09-07 00:58:51,294 MatchingPostProcessor WARNING  Orphan pdf_cell 1154 recovered to col=1 by nearest-column fallback (row=27, x=661.7, dist=135.6)
2026-09-07 00:58:51,294 MatchingPostProcessor WARNING  Orphan pdf_cell 1155 recovered to col=1 by nearest-column fallback (row=27, x=672.8, dist=124.5)
2026-09-07 00:58:51,294 MatchingPostProcessor WARNING  Orphan pdf_cell 1156 recovered to col=1 by nearest-column fallback (row=27, x=683.9, dist=113.4)
2026-09-07 00:58:51,294 MatchingPostProcessor WARNING  Orphan pdf_cell 1157 recovered to col=1 by nearest-column fallback (row=27, x=695.0, dist=102.3)
2026-09-07 00:58:51,294 MatchingPostProcessor WARNING  Orphan pdf_cell 1158 recovered to col=1 by nearest-column fallback (row=27, x=706.1, dist=91.2)
2026-09-07 00:58:51,294 MatchingPostProcessor WARNING  Orphan pdf_cell 1159 recovered to col=1 by nearest-column fallback (row=27, x=717.2, dist=80.1)
2026-09-07 00:58:51,295 MatchingPostProcessor WARNING  Orphan pdf_cell 1160 recovered to col=1 by nearest-column fallback (row=27, x=728.2, dist=69.0)
2026-09-07 00:58:51,295 MatchingPostProcessor WARNING  Orphan pdf_cell 1161 recovered to col=1 by nearest-column fallback (row=27, x=739.3, dist=57.9)
2026-09-07 00:58:51,295 MatchingPostProcessor WARNING  Orphan pdf_cell 1162 recovered to col=1 by nearest-column fallback (row=27, x=750.4, dist=46.8)
2026-09-07 00:58:51,295 MatchingPostProcessor WARNING  Orphan pdf_cell 1163 recovered to col=1 by nearest-column fallback (row=27, x=761.5, dist=35.8)
2026-09-07 00:58:51,295 MatchingPostProcessor WARNING  Orphan pdf_cell 1185 recovered to col=1 by nearest-column fallback (row=28, x=639.5, dist=157.7)
2026-09-07 00:58:51,295 MatchingPostProcessor WARNING  Orphan pdf_cell 1186 recovered to col=1 by nearest-column fallback (row=28, x=650.6, dist=146.6)
2026-09-07 00:58:51,295 MatchingPostProcessor WARNING  Orphan pdf_cell 1187 recovered to col=1 by nearest-column fallback (row=28, x=661.7, dist=135.6)
2026-09-07 00:58:51,295 MatchingPostProcessor WARNING  Orphan pdf_cell 1188 recovered to col=1 by nearest-column fallback (row=28, x=672.8, dist=124.5)
2026-09-07 00:58:51,295 MatchingPostProcessor WARNING  Orphan pdf_cell 1189 recovered to col=1 by nearest-column fallback (row=28, x=683.9, dist=113.4)
2026-09-07 00:58:51,295 MatchingPostProcessor WARNING  Orphan pdf_cell 1190 recovered to col=1 by nearest-column fallback (row=28, x=695.0, dist=102.3)
2026-09-07 00:58:51,295 MatchingPostProcessor WARNING  Orphan pdf_cell 1191 recovered to col=1 by nearest-column fallback (row=28, x=706.1, dist=91.2)
2026-09-07 00:58:51,295 MatchingPostProcessor WARNING  Orphan pdf_cell 1192 recovered to col=1 by nearest-column fallback (row=28, x=717.2, dist=80.1)
2026-09-07 00:58:51,295 MatchingPostProcessor WARNING  Orphan pdf_cell 1193 recovered to col=1 by nearest-column fallback (row=28, x=728.2, dist=69.0)
2026-09-07 00:58:51,295 MatchingPostProcessor WARNING  Orphan pdf_cell 1194 recovered to col=1 by nearest-column fallback (row=28, x=739.3, dist=57.9)
2026-09-07 00:58:51,295 MatchingPostProcessor WARNING  Orphan pdf_cell 1195 recovered to col=1 by nearest-column fallback (row=28, x=750.4, dist=46.8)
2026-09-07 00:58:51,295 MatchingPostProcessor WARNING  Orphan pdf_cell 1196 recovered to col=1 by nearest-column fallback (row=28, x=761.5, dist=35.8)
2026-09-07 00:58:51,296 MatchingPostProcessor WARNING  Orphan pdf_cell 1219 recovered to col=1 by nearest-column fallback (row=29, x=639.5, dist=157.7)
2026-09-07 00:58:51,296 MatchingPostProcessor WARNING  Orphan pdf_cell 1220 recovered to col=1 by nearest-column fallback (row=29, x=650.6, dist=146.6)
2026-09-07 00:58:51,296 MatchingPostProcessor WARNING  Orphan pdf_cell 1221 recovered to col=1 by nearest-column fallback (row=29, x=661.7, dist=135.6)
2026-09-07 00:58:51,296 MatchingPostProcessor WARNING  Orphan pdf_cell 1222 recovered to col=1 by nearest-column fallback (row=29, x=672.8, dist=124.5)
2026-09-07 00:58:51,296 MatchingPostProcessor WARNING  Orphan pdf_cell 1223 recovered to col=1 by nearest-column fallback (row=29, x=683.9, dist=113.4)
2026-09-07 00:58:51,296 MatchingPostProcessor WARNING  Orphan pdf_cell 1224 recovered to col=1 by nearest-column fallback (row=29, x=695.0, dist=102.3)
2026-09-07 00:58:51,296 MatchingPostProcessor WARNING  Orphan pdf_cell 1225 recovered to col=1 by nearest-column fallback (row=29, x=706.1, dist=91.2)
2026-09-07 00:58:51,296 MatchingPostProcessor WARNING  Orphan pdf_cell 1226 recovered to col=1 by nearest-column fallback (row=29, x=717.2, dist=80.1)
2026-09-07 00:58:51,296 MatchingPostProcessor WARNING  Orphan pdf_cell 1227 recovered to col=1 by nearest-column fallback (row=29, x=728.2, dist=69.0)
2026-09-07 00:58:51,296 MatchingPostProcessor WARNING  Orphan pdf_cell 1228 recovered to col=1 by nearest-column fallback (row=29, x=739.3, dist=57.9)
2026-09-07 00:58:51,296 MatchingPostProcessor WARNING  Orphan pdf_cell 1229 recovered to col=1 by nearest-column fallback (row=29, x=750.4, dist=46.8)
2026-09-07 00:58:51,296 MatchingPostProcessor WARNING  Orphan pdf_cell 1230 recovered to col=1 by nearest-column fallback (row=29, x=761.5, dist=35.8)
2026-09-07 00:58:51,296 MatchingPostProcessor WARNING  Orphan pdf_cell 1263 recovered to col=1 by nearest-column fallback (row=30, x=639.5, dist=157.7)
2026-09-07 00:58:51,296 MatchingPostProcessor WARNING  Orphan pdf_cell 1264 recovered to col=1 by nearest-column fallback (row=30, x=650.6, dist=146.6)
2026-09-07 00:58:51,296 MatchingPostProcessor WARNING  Orphan pdf_cell 1265 recovered to col=1 by nearest-column fallback (row=30, x=661.7, dist=135.6)
2026-09-07 00:58:51,296 MatchingPostProcessor WARNING  Orphan pdf_cell 1266 recovered to col=1 by nearest-column fallback (row=30, x=672.8, dist=124.5)
2026-09-07 00:58:51,297 MatchingPostProcessor WARNING  Orphan pdf_cell 1267 recovered to col=1 by nearest-column fallback (row=30, x=683.9, dist=113.4)
2026-09-07 00:58:51,297 MatchingPostProcessor WARNING  Orphan pdf_cell 1268 recovered to col=1 by nearest-column fallback (row=30, x=695.0, dist=102.3)
2026-09-07 00:58:51,297 MatchingPostProcessor WARNING  Orphan pdf_cell 1269 recovered to col=1 by nearest-column fallback (row=30, x=706.1, dist=91.2)
2026-09-07 00:58:51,297 MatchingPostProcessor WARNING  Orphan pdf_cell 1270 recovered to col=1 by nearest-column fallback (row=30, x=717.2, dist=80.1)
2026-09-07 00:58:51,297 MatchingPostProcessor WARNING  Orphan pdf_cell 1271 recovered to col=1 by nearest-column fallback (row=30, x=728.2, dist=69.0)
2026-09-07 00:58:51,297 MatchingPostProcessor WARNING  Orphan pdf_cell 1272 recovered to col=1 by nearest-column fallback (row=30, x=739.3, dist=57.9)
2026-09-07 00:58:51,297 MatchingPostProcessor WARNING  Orphan pdf_cell 1273 recovered to col=1 by nearest-column fallback (row=30, x=750.4, dist=46.8)
2026-09-07 00:58:51,297 MatchingPostProcessor WARNING  Orphan pdf_cell 1274 recovered to col=1 by nearest-column fallback (row=30, x=761.5, dist=35.8)
2026-09-07 00:58:51,297 MatchingPostProcessor WARNING  Orphan pdf_cell 1308 recovered to col=1 by nearest-column fallback (row=31, x=639.5, dist=157.7)
2026-09-07 00:58:51,297 MatchingPostProcessor WARNING  Orphan pdf_cell 1309 recovered to col=1 by nearest-column fallback (row=31, x=650.6, dist=146.6)
2026-09-07 00:58:51,297 MatchingPostProcessor WARNING  Orphan pdf_cell 1310 recovered to col=1 by nearest-column fallback (row=31, x=661.7, dist=135.6)
2026-09-07 00:58:51,297 MatchingPostProcessor WARNING  Orphan pdf_cell 1311 recovered to col=1 by nearest-column fallback (row=31, x=672.8, dist=124.5)
2026-09-07 00:58:51,297 MatchingPostProcessor WARNING  Orphan pdf_cell 1312 recovered to col=1 by nearest-column fallback (row=31, x=683.9, dist=113.4)
2026-09-07 00:58:51,297 MatchingPostProcessor WARNING  Orphan pdf_cell 1313 recovered to col=1 by nearest-column fallback (row=31, x=695.0, dist=102.3)
2026-09-07 00:58:51,297 MatchingPostProcessor WARNING  Orphan pdf_cell 1314 recovered to col=1 by nearest-column fallback (row=31, x=706.1, dist=91.2)
2026-09-07 00:58:51,297 MatchingPostProcessor WARNING  Orphan pdf_cell 1315 recovered to col=1 by nearest-column fallback (row=31, x=717.2, dist=80.1)
2026-09-07 00:58:51,297 MatchingPostProcessor WARNING  Orphan pdf_cell 1316 recovered to col=1 by nearest-column fallback (row=31, x=728.2, dist=69.0)
2026-09-07 00:58:51,297 MatchingPostProcessor WARNING  Orphan pdf_cell 1317 recovered to col=1 by nearest-column fallback (row=31, x=739.3, dist=57.9)
2026-09-07 00:58:51,298 MatchingPostProcessor WARNING  Orphan pdf_cell 1318 recovered to col=1 by nearest-column fallback (row=31, x=750.4, dist=46.8)
2026-09-07 00:58:51,298 MatchingPostProcessor WARNING  Orphan pdf_cell 1319 recovered to col=1 by nearest-column fallback (row=31, x=761.5, dist=35.8)
2026-09-07 00:58:51,298 MatchingPostProcessor WARNING  Orphan pdf_cell 1349 recovered to col=1 by nearest-column fallback (row=31, x=639.5, dist=157.7)
2026-09-07 00:58:51,298 MatchingPostProcessor WARNING  Orphan pdf_cell 1350 recovered to col=1 by nearest-column fallback (row=31, x=650.6, dist=146.6)
2026-09-07 00:58:51,298 MatchingPostProcessor WARNING  Orphan pdf_cell 1351 recovered to col=1 by nearest-column fallback (row=31, x=661.7, dist=135.6)
2026-09-07 00:58:51,298 MatchingPostProcessor WARNING  Orphan pdf_cell 1352 recovered to col=1 by nearest-column fallback (row=31, x=672.8, dist=124.5)
2026-09-07 00:58:51,298 MatchingPostProcessor WARNING  Orphan pdf_cell 1353 recovered to col=1 by nearest-column fallback (row=31, x=683.9, dist=113.4)
2026-09-07 00:58:51,298 MatchingPostProcessor WARNING  Orphan pdf_cell 1354 recovered to col=1 by nearest-column fallback (row=31, x=695.0, dist=102.3)
2026-09-07 00:58:51,298 MatchingPostProcessor WARNING  Orphan pdf_cell 1355 recovered to col=1 by nearest-column fallback (row=31, x=706.1, dist=91.2)
2026-09-07 00:58:51,298 MatchingPostProcessor WARNING  Orphan pdf_cell 1356 recovered to col=1 by nearest-column fallback (row=31, x=717.2, dist=80.1)
2026-09-07 00:58:51,298 MatchingPostProcessor WARNING  Orphan pdf_cell 1357 recovered to col=1 by nearest-column fallback (row=31, x=728.2, dist=69.0)
2026-09-07 00:58:51,298 MatchingPostProcessor WARNING  Orphan pdf_cell 1358 recovered to col=1 by nearest-column fallback (row=31, x=739.3, dist=57.9)
2026-09-07 00:58:51,298 MatchingPostProcessor WARNING  Orphan pdf_cell 1359 recovered to col=1 by nearest-column fallback (row=31, x=750.4, dist=46.8)
2026-09-07 00:58:51,298 MatchingPostProcessor WARNING  Orphan pdf_cell 1360 recovered to col=1 by nearest-column fallback (row=31, x=761.5, dist=35.8)
2026-09-07 00:58:51,299 MatchingPostProcessor WARNING  Orphan pdf_cell 1384 recovered to col=1 by nearest-column fallback (row=32, x=639.5, dist=157.7)
2026-09-07 00:58:51,299 MatchingPostProcessor WARNING  Orphan pdf_cell 1385 recovered to col=1 by nearest-column fallback (row=32, x=650.6, dist=146.6)
2026-09-07 00:58:51,299 MatchingPostProcessor WARNING  Orphan pdf_cell 1386 recovered to col=1 by nearest-column fallback (row=32, x=661.7, dist=135.6)
2026-09-07 00:58:51,299 MatchingPostProcessor WARNING  Orphan pdf_cell 1387 recovered to col=1 by nearest-column fallback (row=32, x=672.8, dist=124.5)
2026-09-07 00:58:51,299 MatchingPostProcessor WARNING  Orphan pdf_cell 1388 recovered to col=1 by nearest-column fallback (row=32, x=683.9, dist=113.4)
2026-09-07 00:58:51,299 MatchingPostProcessor WARNING  Orphan pdf_cell 1389 recovered to col=1 by nearest-column fallback (row=32, x=695.0, dist=102.3)
2026-09-07 00:58:51,299 MatchingPostProcessor WARNING  Orphan pdf_cell 1390 recovered to col=1 by nearest-column fallback (row=32, x=706.1, dist=91.2)
2026-09-07 00:58:51,299 MatchingPostProcessor WARNING  Orphan pdf_cell 1391 recovered to col=1 by nearest-column fallback (row=32, x=717.2, dist=80.1)
2026-09-07 00:58:51,299 MatchingPostProcessor WARNING  Orphan pdf_cell 1392 recovered to col=1 by nearest-column fallback (row=32, x=728.2, dist=69.0)
2026-09-07 00:58:51,299 MatchingPostProcessor WARNING  Orphan pdf_cell 1393 recovered to col=1 by nearest-column fallback (row=32, x=739.3, dist=57.9)
2026-09-07 00:58:51,299 MatchingPostProcessor WARNING  Orphan pdf_cell 1394 recovered to col=1 by nearest-column fallback (row=32, x=750.4, dist=46.8)
2026-09-07 00:58:51,299 MatchingPostProcessor WARNING  Orphan pdf_cell 1395 recovered to col=1 by nearest-column fallback (row=32, x=761.5, dist=35.8)
2026-09-07 00:58:51,299 MatchingPostProcessor WARNING  Orphan pdf_cell 1426 recovered to col=1 by nearest-column fallback (row=33, x=639.5, dist=157.7)
2026-09-07 00:58:51,299 MatchingPostProcessor WARNING  Orphan pdf_cell 1427 recovered to col=1 by nearest-column fallback (row=33, x=650.6, dist=146.6)
2026-09-07 00:58:51,300 MatchingPostProcessor WARNING  Orphan pdf_cell 1428 recovered to col=1 by nearest-column fallback (row=33, x=661.7, dist=135.6)
2026-09-07 00:58:51,300 MatchingPostProcessor WARNING  Orphan pdf_cell 1429 recovered to col=1 by nearest-column fallback (row=33, x=672.8, dist=124.5)
2026-09-07 00:58:51,300 MatchingPostProcessor WARNING  Orphan pdf_cell 1430 recovered to col=1 by nearest-column fallback (row=33, x=683.9, dist=113.4)
2026-09-07 00:58:51,300 MatchingPostProcessor WARNING  Orphan pdf_cell 1431 recovered to col=1 by nearest-column fallback (row=33, x=695.0, dist=102.3)
2026-09-07 00:58:51,300 MatchingPostProcessor WARNING  Orphan pdf_cell 1432 recovered to col=1 by nearest-column fallback (row=33, x=706.1, dist=91.2)
2026-09-07 00:58:51,300 MatchingPostProcessor WARNING  Orphan pdf_cell 1433 recovered to col=1 by nearest-column fallback (row=33, x=717.2, dist=80.1)
2026-09-07 00:58:51,300 MatchingPostProcessor WARNING  Orphan pdf_cell 1434 recovered to col=1 by nearest-column fallback (row=33, x=728.2, dist=69.0)
2026-09-07 00:58:51,300 MatchingPostProcessor WARNING  Orphan pdf_cell 1435 recovered to col=1 by nearest-column fallback (row=33, x=739.3, dist=57.9)
2026-09-07 00:58:51,300 MatchingPostProcessor WARNING  Orphan pdf_cell 1436 recovered to col=1 by nearest-column fallback (row=33, x=750.4, dist=46.8)
2026-09-07 00:58:51,300 MatchingPostProcessor WARNING  Orphan pdf_cell 1437 recovered to col=1 by nearest-column fallback (row=33, x=761.5, dist=35.8)
2026-09-07 00:58:51,300 MatchingPostProcessor WARNING  Orphan pdf_cell 1471 recovered to col=1 by nearest-column fallback (row=34, x=639.5, dist=157.7)
2026-09-07 00:58:51,300 MatchingPostProcessor WARNING  Orphan pdf_cell 1472 recovered to col=1 by nearest-column fallback (row=34, x=650.6, dist=146.6)
2026-09-07 00:58:51,300 MatchingPostProcessor WARNING  Orphan pdf_cell 1473 recovered to col=1 by nearest-column fallback (row=34, x=661.7, dist=135.6)
2026-09-07 00:58:51,300 MatchingPostProcessor WARNING  Orphan pdf_cell 1474 recovered to col=1 by nearest-column fallback (row=34, x=672.8, dist=124.5)
2026-09-07 00:58:51,300 MatchingPostProcessor WARNING  Orphan pdf_cell 1475 recovered to col=1 by nearest-column fallback (row=34, x=683.9, dist=113.4)
2026-09-07 00:58:51,300 MatchingPostProcessor WARNING  Orphan pdf_cell 1476 recovered to col=1 by nearest-column fallback (row=34, x=695.0, dist=102.3)
2026-09-07 00:58:51,300 MatchingPostProcessor WARNING  Orphan pdf_cell 1477 recovered to col=1 by nearest-column fallback (row=34, x=706.1, dist=91.2)
2026-09-07 00:58:51,301 MatchingPostProcessor WARNING  Orphan pdf_cell 1478 recovered to col=1 by nearest-column fallback (row=34, x=717.2, dist=80.1)
2026-09-07 00:58:51,301 MatchingPostProcessor WARNING  Orphan pdf_cell 1479 recovered to col=1 by nearest-column fallback (row=34, x=728.2, dist=69.0)
2026-09-07 00:58:51,301 MatchingPostProcessor WARNING  Orphan pdf_cell 1480 recovered to col=1 by nearest-column fallback (row=34, x=739.3, dist=57.9)
2026-09-07 00:58:51,301 MatchingPostProcessor WARNING  Orphan pdf_cell 1481 recovered to col=1 by nearest-column fallback (row=34, x=750.4, dist=46.8)
2026-09-07 00:58:51,301 MatchingPostProcessor WARNING  Orphan pdf_cell 1482 recovered to col=1 by nearest-column fallback (row=34, x=761.5, dist=35.8)
2026-09-07 00:58:51,301 MatchingPostProcessor WARNING  Orphan pdf_cell 1514 recovered to col=1 by nearest-column fallback (row=35, x=639.5, dist=157.7)
2026-09-07 00:58:51,301 MatchingPostProcessor WARNING  Orphan pdf_cell 1515 recovered to col=1 by nearest-column fallback (row=35, x=650.6, dist=146.6)
2026-09-07 00:58:51,301 MatchingPostProcessor WARNING  Orphan pdf_cell 1516 recovered to col=1 by nearest-column fallback (row=35, x=661.7, dist=135.6)
2026-09-07 00:58:51,301 MatchingPostProcessor WARNING  Orphan pdf_cell 1517 recovered to col=1 by nearest-column fallback (row=35, x=672.8, dist=124.5)
2026-09-07 00:58:51,301 MatchingPostProcessor WARNING  Orphan pdf_cell 1518 recovered to col=1 by nearest-column fallback (row=35, x=683.9, dist=113.4)
2026-09-07 00:58:51,301 MatchingPostProcessor WARNING  Orphan pdf_cell 1519 recovered to col=1 by nearest-column fallback (row=35, x=695.0, dist=102.3)
2026-09-07 00:58:51,301 MatchingPostProcessor WARNING  Orphan pdf_cell 1520 recovered to col=1 by nearest-column fallback (row=35, x=706.1, dist=91.2)
2026-09-07 00:58:51,301 MatchingPostProcessor WARNING  Orphan pdf_cell 1521 recovered to col=1 by nearest-column fallback (row=35, x=717.2, dist=80.1)
2026-09-07 00:58:51,301 MatchingPostProcessor WARNING  Orphan pdf_cell 1522 recovered to col=1 by nearest-column fallback (row=35, x=728.2, dist=69.0)
2026-09-07 00:58:51,301 MatchingPostProcessor WARNING  Orphan pdf_cell 1523 recovered to col=1 by nearest-column fallback (row=35, x=739.3, dist=57.9)
2026-09-07 00:58:51,301 MatchingPostProcessor WARNING  Orphan pdf_cell 1524 recovered to col=1 by nearest-column fallback (row=35, x=750.4, dist=46.8)
2026-09-07 00:58:51,302 MatchingPostProcessor WARNING  Orphan pdf_cell 1525 recovered to col=1 by nearest-column fallback (row=35, x=761.5, dist=35.8)
2026-09-07 00:58:51,302 MatchingPostProcessor WARNING  Orphan pdf_cell 1570 recovered to col=1 by nearest-column fallback (row=36, x=639.5, dist=157.7)
2026-09-07 00:58:51,302 MatchingPostProcessor WARNING  Orphan pdf_cell 1571 recovered to col=1 by nearest-column fallback (row=36, x=650.6, dist=146.6)
2026-09-07 00:58:51,302 MatchingPostProcessor WARNING  Orphan pdf_cell 1572 recovered to col=1 by nearest-column fallback (row=36, x=661.7, dist=135.6)
2026-09-07 00:58:51,302 MatchingPostProcessor WARNING  Orphan pdf_cell 1573 recovered to col=1 by nearest-column fallback (row=36, x=672.8, dist=124.5)
2026-09-07 00:58:51,302 MatchingPostProcessor WARNING  Orphan pdf_cell 1574 recovered to col=1 by nearest-column fallback (row=36, x=683.9, dist=113.4)
2026-09-07 00:58:51,302 MatchingPostProcessor WARNING  Orphan pdf_cell 1575 recovered to col=1 by nearest-column fallback (row=36, x=695.0, dist=102.3)
2026-09-07 00:58:51,303 MatchingPostProcessor WARNING  Orphan pdf_cell 1576 recovered to col=1 by nearest-column fallback (row=36, x=706.1, dist=91.2)
2026-09-07 00:58:51,303 MatchingPostProcessor WARNING  Orphan pdf_cell 1577 recovered to col=1 by nearest-column fallback (row=36, x=717.2, dist=80.1)
2026-09-07 00:58:51,303 MatchingPostProcessor WARNING  Orphan pdf_cell 1578 recovered to col=1 by nearest-column fallback (row=36, x=728.2, dist=69.0)
2026-09-07 00:58:51,303 MatchingPostProcessor WARNING  Orphan pdf_cell 1579 recovered to col=1 by nearest-column fallback (row=36, x=739.3, dist=57.9)
2026-09-07 00:58:51,303 MatchingPostProcessor WARNING  Orphan pdf_cell 1580 recovered to col=1 by nearest-column fallback (row=36, x=750.4, dist=46.8)
2026-09-07 00:58:51,303 MatchingPostProcessor WARNING  Orphan pdf_cell 1581 recovered to col=1 by nearest-column fallback (row=36, x=761.5, dist=35.8)
2026-09-07 00:58:51,303 MatchingPostProcessor WARNING  Orphan pdf_cell 1612 recovered to col=1 by nearest-column fallback (row=39, x=639.5, dist=157.7)
2026-09-07 00:58:51,303 MatchingPostProcessor WARNING  Orphan pdf_cell 1613 recovered to col=1 by nearest-column fallback (row=39, x=650.6, dist=146.6)
2026-09-07 00:58:51,303 MatchingPostProcessor WARNING  Orphan pdf_cell 1614 recovered to col=1 by nearest-column fallback (row=39, x=661.7, dist=135.6)
2026-09-07 00:58:51,303 MatchingPostProcessor WARNING  Orphan pdf_cell 1615 recovered to col=1 by nearest-column fallback (row=39, x=672.8, dist=124.5)
2026-09-07 00:58:51,303 MatchingPostProcessor WARNING  Orphan pdf_cell 1616 recovered to col=1 by nearest-column fallback (row=39, x=683.9, dist=113.4)
2026-09-07 00:58:51,303 MatchingPostProcessor WARNING  Orphan pdf_cell 1617 recovered to col=1 by nearest-column fallback (row=39, x=695.0, dist=102.3)
2026-09-07 00:58:51,303 MatchingPostProcessor WARNING  Orphan pdf_cell 1618 recovered to col=1 by nearest-column fallback (row=39, x=706.1, dist=91.2)
2026-09-07 00:58:51,303 MatchingPostProcessor WARNING  Orphan pdf_cell 1619 recovered to col=1 by nearest-column fallback (row=39, x=717.2, dist=80.1)
2026-09-07 00:58:51,303 MatchingPostProcessor WARNING  Orphan pdf_cell 1620 recovered to col=1 by nearest-column fallback (row=39, x=728.2, dist=69.0)
2026-09-07 00:58:51,303 MatchingPostProcessor WARNING  Orphan pdf_cell 1621 recovered to col=1 by nearest-column fallback (row=39, x=739.3, dist=57.9)
2026-09-07 00:58:51,303 MatchingPostProcessor WARNING  Orphan pdf_cell 1622 recovered to col=1 by nearest-column fallback (row=39, x=750.4, dist=46.8)
2026-09-07 00:58:51,303 MatchingPostProcessor WARNING  Orphan pdf_cell 1623 recovered to col=1 by nearest-column fallback (row=39, x=761.5, dist=35.8)
2026-09-07 00:58:51,304 MatchingPostProcessor WARNING  Orphan pdf_cell 1659 recovered to col=1 by nearest-column fallback (row=40, x=639.5, dist=157.7)
2026-09-07 00:58:51,304 MatchingPostProcessor WARNING  Orphan pdf_cell 1660 recovered to col=1 by nearest-column fallback (row=40, x=650.6, dist=146.6)
2026-09-07 00:58:51,304 MatchingPostProcessor WARNING  Orphan pdf_cell 1661 recovered to col=1 by nearest-column fallback (row=40, x=661.7, dist=135.6)
2026-09-07 00:58:51,304 MatchingPostProcessor WARNING  Orphan pdf_cell 1662 recovered to col=1 by nearest-column fallback (row=40, x=672.8, dist=124.5)
2026-09-07 00:58:51,304 MatchingPostProcessor WARNING  Orphan pdf_cell 1663 recovered to col=1 by nearest-column fallback (row=40, x=683.9, dist=113.4)
2026-09-07 00:58:51,304 MatchingPostProcessor WARNING  Orphan pdf_cell 1664 recovered to col=1 by nearest-column fallback (row=40, x=695.0, dist=102.3)
2026-09-07 00:58:51,304 MatchingPostProcessor WARNING  Orphan pdf_cell 1665 recovered to col=1 by nearest-column fallback (row=40, x=706.1, dist=91.2)
2026-09-07 00:58:51,304 MatchingPostProcessor WARNING  Orphan pdf_cell 1666 recovered to col=1 by nearest-column fallback (row=40, x=717.2, dist=80.1)
2026-09-07 00:58:51,304 MatchingPostProcessor WARNING  Orphan pdf_cell 1667 recovered to col=1 by nearest-column fallback (row=40, x=728.2, dist=69.0)
2026-09-07 00:58:51,304 MatchingPostProcessor WARNING  Orphan pdf_cell 1668 recovered to col=1 by nearest-column fallback (row=40, x=739.3, dist=57.9)
2026-09-07 00:58:51,304 MatchingPostProcessor WARNING  Orphan pdf_cell 1669 recovered to col=1 by nearest-column fallback (row=40, x=750.4, dist=46.8)
2026-09-07 00:58:51,304 MatchingPostProcessor WARNING  Orphan pdf_cell 1670 recovered to col=1 by nearest-column fallback (row=40, x=761.5, dist=35.8)
2026-09-07 00:58:51,305 MatchingPostProcessor WARNING  Orphan pdf_cell 1702 recovered to col=1 by nearest-column fallback (row=41, x=639.5, dist=157.7)
2026-09-07 00:58:51,305 MatchingPostProcessor WARNING  Orphan pdf_cell 1703 recovered to col=1 by nearest-column fallback (row=41, x=650.6, dist=146.6)
2026-09-07 00:58:51,305 MatchingPostProcessor WARNING  Orphan pdf_cell 1704 recovered to col=1 by nearest-column fallback (row=41, x=661.7, dist=135.6)
2026-09-07 00:58:51,305 MatchingPostProcessor WARNING  Orphan pdf_cell 1705 recovered to col=1 by nearest-column fallback (row=41, x=672.8, dist=124.5)
2026-09-07 00:58:51,305 MatchingPostProcessor WARNING  Orphan pdf_cell 1706 recovered to col=1 by nearest-column fallback (row=41, x=683.9, dist=113.4)
2026-09-07 00:58:51,305 MatchingPostProcessor WARNING  Orphan pdf_cell 1707 recovered to col=1 by nearest-column fallback (row=41, x=695.0, dist=102.3)
2026-09-07 00:58:51,305 MatchingPostProcessor WARNING  Orphan pdf_cell 1708 recovered to col=1 by nearest-column fallback (row=41, x=706.1, dist=91.2)
2026-09-07 00:58:51,305 MatchingPostProcessor WARNING  Orphan pdf_cell 1709 recovered to col=1 by nearest-column fallback (row=41, x=717.2, dist=80.1)
2026-09-07 00:58:51,305 MatchingPostProcessor WARNING  Orphan pdf_cell 1710 recovered to col=1 by nearest-column fallback (row=41, x=728.2, dist=69.0)
2026-09-07 00:58:51,305 MatchingPostProcessor WARNING  Orphan pdf_cell 1711 recovered to col=1 by nearest-column fallback (row=41, x=739.3, dist=57.9)
2026-09-07 00:58:51,305 MatchingPostProcessor WARNING  Orphan pdf_cell 1712 recovered to col=1 by nearest-column fallback (row=41, x=750.4, dist=46.8)
2026-09-07 00:58:51,305 MatchingPostProcessor WARNING  Orphan pdf_cell 1713 recovered to col=1 by nearest-column fallback (row=41, x=761.5, dist=35.8)
2026-09-07 00:58:51,306 MatchingPostProcessor WARNING  Orphan pdf_cell 1755 recovered to col=1 by nearest-column fallback (row=42, x=639.5, dist=157.7)
2026-09-07 00:58:51,306 MatchingPostProcessor WARNING  Orphan pdf_cell 1756 recovered to col=1 by nearest-column fallback (row=42, x=650.6, dist=146.6)
2026-09-07 00:58:51,306 MatchingPostProcessor WARNING  Orphan pdf_cell 1757 recovered to col=1 by nearest-column fallback (row=42, x=661.7, dist=135.6)
2026-09-07 00:58:51,306 MatchingPostProcessor WARNING  Orphan pdf_cell 1758 recovered to col=1 by nearest-column fallback (row=42, x=672.8, dist=124.5)
2026-09-07 00:58:51,306 MatchingPostProcessor WARNING  Orphan pdf_cell 1759 recovered to col=1 by nearest-column fallback (row=42, x=683.9, dist=113.4)
2026-09-07 00:58:51,306 MatchingPostProcessor WARNING  Orphan pdf_cell 1760 recovered to col=1 by nearest-column fallback (row=42, x=695.0, dist=102.3)
2026-09-07 00:58:51,306 MatchingPostProcessor WARNING  Orphan pdf_cell 1761 recovered to col=1 by nearest-column fallback (row=42, x=706.1, dist=91.2)
2026-09-07 00:58:51,306 MatchingPostProcessor WARNING  Orphan pdf_cell 1762 recovered to col=1 by nearest-column fallback (row=42, x=717.2, dist=80.1)
2026-09-07 00:58:51,306 MatchingPostProcessor WARNING  Orphan pdf_cell 1763 recovered to col=1 by nearest-column fallback (row=42, x=728.2, dist=69.0)
2026-09-07 00:58:51,306 MatchingPostProcessor WARNING  Orphan pdf_cell 1764 recovered to col=1 by nearest-column fallback (row=42, x=739.3, dist=57.9)
2026-09-07 00:58:51,306 MatchingPostProcessor WARNING  Orphan pdf_cell 1765 recovered to col=1 by nearest-column fallback (row=42, x=750.4, dist=46.8)
2026-09-07 00:58:51,306 MatchingPostProcessor WARNING  Orphan pdf_cell 1766 recovered to col=1 by nearest-column fallback (row=42, x=761.5, dist=35.8)
2026-09-07 00:58:51,307 MatchingPostProcessor WARNING  Orphan pdf_cell 1799 recovered to col=1 by nearest-column fallback (row=43, x=639.5, dist=157.7)
2026-09-07 00:58:51,307 MatchingPostProcessor WARNING  Orphan pdf_cell 1800 recovered to col=1 by nearest-column fallback (row=43, x=650.6, dist=146.6)
2026-09-07 00:58:51,307 MatchingPostProcessor WARNING  Orphan pdf_cell 1801 recovered to col=1 by nearest-column fallback (row=43, x=661.7, dist=135.6)
2026-09-07 00:58:51,307 MatchingPostProcessor WARNING  Orphan pdf_cell 1802 recovered to col=1 by nearest-column fallback (row=43, x=672.8, dist=124.5)
2026-09-07 00:58:51,307 MatchingPostProcessor WARNING  Orphan pdf_cell 1803 recovered to col=1 by nearest-column fallback (row=43, x=683.9, dist=113.4)
2026-09-07 00:58:51,307 MatchingPostProcessor WARNING  Orphan pdf_cell 1804 recovered to col=1 by nearest-column fallback (row=43, x=695.0, dist=102.3)
2026-09-07 00:58:51,307 MatchingPostProcessor WARNING  Orphan pdf_cell 1805 recovered to col=1 by nearest-column fallback (row=43, x=706.1, dist=91.2)
2026-09-07 00:58:51,307 MatchingPostProcessor WARNING  Orphan pdf_cell 1806 recovered to col=1 by nearest-column fallback (row=43, x=717.2, dist=80.1)
2026-09-07 00:58:51,307 MatchingPostProcessor WARNING  Orphan pdf_cell 1807 recovered to col=1 by nearest-column fallback (row=43, x=728.2, dist=69.0)
2026-09-07 00:58:51,307 MatchingPostProcessor WARNING  Orphan pdf_cell 1808 recovered to col=1 by nearest-column fallback (row=43, x=739.3, dist=57.9)
2026-09-07 00:58:51,307 MatchingPostProcessor WARNING  Orphan pdf_cell 1809 recovered to col=1 by nearest-column fallback (row=43, x=750.4, dist=46.8)
2026-09-07 00:58:51,307 MatchingPostProcessor WARNING  Orphan pdf_cell 1810 recovered to col=1 by nearest-column fallback (row=43, x=761.5, dist=35.8)
2026-09-07 00:58:51,308 MatchingPostProcessor WARNING  Orphan pdf_cell 1838 recovered to col=1 by nearest-column fallback (row=44, x=639.5, dist=157.7)
2026-09-07 00:58:51,308 MatchingPostProcessor WARNING  Orphan pdf_cell 1839 recovered to col=1 by nearest-column fallback (row=44, x=650.6, dist=146.6)
2026-09-07 00:58:51,308 MatchingPostProcessor WARNING  Orphan pdf_cell 1840 recovered to col=1 by nearest-column fallback (row=44, x=661.7, dist=135.6)
2026-09-07 00:58:51,308 MatchingPostProcessor WARNING  Orphan pdf_cell 1841 recovered to col=1 by nearest-column fallback (row=44, x=672.8, dist=124.5)
2026-09-07 00:58:51,308 MatchingPostProcessor WARNING  Orphan pdf_cell 1842 recovered to col=1 by nearest-column fallback (row=44, x=683.9, dist=113.4)
2026-09-07 00:58:51,308 MatchingPostProcessor WARNING  Orphan pdf_cell 1843 recovered to col=1 by nearest-column fallback (row=44, x=695.0, dist=102.3)
2026-09-07 00:58:51,308 MatchingPostProcessor WARNING  Orphan pdf_cell 1844 recovered to col=1 by nearest-column fallback (row=44, x=706.1, dist=91.2)
2026-09-07 00:58:51,308 MatchingPostProcessor WARNING  Orphan pdf_cell 1845 recovered to col=1 by nearest-column fallback (row=44, x=717.2, dist=80.1)
2026-09-07 00:58:51,308 MatchingPostProcessor WARNING  Orphan pdf_cell 1846 recovered to col=1 by nearest-column fallback (row=44, x=728.2, dist=69.0)
2026-09-07 00:58:51,308 MatchingPostProcessor WARNING  Orphan pdf_cell 1847 recovered to col=1 by nearest-column fallback (row=44, x=739.3, dist=57.9)
2026-09-07 00:58:51,308 MatchingPostProcessor WARNING  Orphan pdf_cell 1848 recovered to col=1 by nearest-column fallback (row=44, x=750.4, dist=46.8)
2026-09-07 00:58:51,308 MatchingPostProcessor WARNING  Orphan pdf_cell 1849 recovered to col=1 by nearest-column fallback (row=44, x=761.5, dist=35.8)
2026-09-07 00:58:51,309 MatchingPostProcessor WARNING  Orphan pdf_cell 1878 recovered to col=1 by nearest-column fallback (row=45, x=639.5, dist=157.7)
2026-09-07 00:58:51,309 MatchingPostProcessor WARNING  Orphan pdf_cell 1879 recovered to col=1 by nearest-column fallback (row=45, x=650.6, dist=146.6)
2026-09-07 00:58:51,309 MatchingPostProcessor WARNING  Orphan pdf_cell 1880 recovered to col=1 by nearest-column fallback (row=45, x=661.7, dist=135.6)
2026-09-07 00:58:51,309 MatchingPostProcessor WARNING  Orphan pdf_cell 1881 recovered to col=1 by nearest-column fallback (row=45, x=672.8, dist=124.5)
2026-09-07 00:58:51,309 MatchingPostProcessor WARNING  Orphan pdf_cell 1882 recovered to col=1 by nearest-column fallback (row=45, x=683.9, dist=113.4)
2026-09-07 00:58:51,309 MatchingPostProcessor WARNING  Orphan pdf_cell 1883 recovered to col=1 by nearest-column fallback (row=45, x=695.0, dist=102.3)
2026-09-07 00:58:51,309 MatchingPostProcessor WARNING  Orphan pdf_cell 1884 recovered to col=1 by nearest-column fallback (row=45, x=706.1, dist=91.2)
2026-09-07 00:58:51,309 MatchingPostProcessor WARNING  Orphan pdf_cell 1885 recovered to col=1 by nearest-column fallback (row=45, x=717.2, dist=80.1)
2026-09-07 00:58:51,309 MatchingPostProcessor WARNING  Orphan pdf_cell 1886 recovered to col=1 by nearest-column fallback (row=45, x=728.2, dist=69.0)
2026-09-07 00:58:51,309 MatchingPostProcessor WARNING  Orphan pdf_cell 1887 recovered to col=1 by nearest-column fallback (row=45, x=739.3, dist=57.9)
2026-09-07 00:58:51,309 MatchingPostProcessor WARNING  Orphan pdf_cell 1888 recovered to col=1 by nearest-column fallback (row=45, x=750.4, dist=46.8)
2026-09-07 00:58:51,309 MatchingPostProcessor WARNING  Orphan pdf_cell 1889 recovered to col=1 by nearest-column fallback (row=45, x=761.5, dist=35.8)
2026-09-07 00:58:51,310 MatchingPostProcessor WARNING  Orphan pdf_cell 1925 recovered to col=1 by nearest-column fallback (row=46, x=639.5, dist=157.7)
2026-09-07 00:58:51,310 MatchingPostProcessor WARNING  Orphan pdf_cell 1926 recovered to col=1 by nearest-column fallback (row=46, x=650.6, dist=146.6)
2026-09-07 00:58:51,310 MatchingPostProcessor WARNING  Orphan pdf_cell 1927 recovered to col=1 by nearest-column fallback (row=46, x=661.7, dist=135.6)
2026-09-07 00:58:51,310 MatchingPostProcessor WARNING  Orphan pdf_cell 1928 recovered to col=1 by nearest-column fallback (row=46, x=672.8, dist=124.5)
2026-09-07 00:58:51,310 MatchingPostProcessor WARNING  Orphan pdf_cell 1929 recovered to col=1 by nearest-column fallback (row=46, x=683.9, dist=113.4)
2026-09-07 00:58:51,310 MatchingPostProcessor WARNING  Orphan pdf_cell 1930 recovered to col=1 by nearest-column fallback (row=46, x=695.0, dist=102.3)
2026-09-07 00:58:51,310 MatchingPostProcessor WARNING  Orphan pdf_cell 1931 recovered to col=1 by nearest-column fallback (row=46, x=706.1, dist=91.2)
2026-09-07 00:58:51,310 MatchingPostProcessor WARNING  Orphan pdf_cell 1932 recovered to col=1 by nearest-column fallback (row=46, x=717.2, dist=80.1)
2026-09-07 00:58:51,310 MatchingPostProcessor WARNING  Orphan pdf_cell 1933 recovered to col=1 by nearest-column fallback (row=46, x=728.2, dist=69.0)
2026-09-07 00:58:51,310 MatchingPostProcessor WARNING  Orphan pdf_cell 1934 recovered to col=1 by nearest-column fallback (row=46, x=739.3, dist=57.9)
2026-09-07 00:58:51,310 MatchingPostProcessor WARNING  Orphan pdf_cell 1935 recovered to col=1 by nearest-column fallback (row=46, x=750.4, dist=46.8)
2026-09-07 00:58:51,310 MatchingPostProcessor WARNING  Orphan pdf_cell 1936 recovered to col=1 by nearest-column fallback (row=46, x=761.5, dist=35.8)
2026-09-07 00:58:52,273 MatchingPostProcessor WARNING  Orphan pdf_cell 38 recovered to col=0 by nearest-column fallback (row=1, x=539.7, dist=226.9)
2026-09-07 00:58:52,273 MatchingPostProcessor WARNING  Orphan pdf_cell 39 recovered to col=0 by nearest-column fallback (row=1, x=550.8, dist=237.9)
2026-09-07 00:58:52,273 MatchingPostProcessor WARNING  Orphan pdf_cell 40 recovered to col=1 by nearest-column fallback (row=1, x=561.9, dist=233.8)
2026-09-07 00:58:52,273 MatchingPostProcessor WARNING  Orphan pdf_cell 41 recovered to col=1 by nearest-column fallback (row=1, x=573.0, dist=222.7)
2026-09-07 00:58:52,273 MatchingPostProcessor WARNING  Orphan pdf_cell 42 recovered to col=1 by nearest-column fallback (row=1, x=584.1, dist=211.7)
2026-09-07 00:58:52,273 MatchingPostProcessor WARNING  Orphan pdf_cell 43 recovered to col=1 by nearest-column fallback (row=1, x=595.2, dist=200.6)
2026-09-07 00:58:52,273 MatchingPostProcessor WARNING  Orphan pdf_cell 44 recovered to col=1 by nearest-column fallback (row=1, x=606.3, dist=189.5)
2026-09-07 00:58:52,273 MatchingPostProcessor WARNING  Orphan pdf_cell 45 recovered to col=1 by nearest-column fallback (row=1, x=617.4, dist=178.4)
2026-09-07 00:58:52,273 MatchingPostProcessor WARNING  Orphan pdf_cell 46 recovered to col=1 by nearest-column fallback (row=1, x=628.5, dist=167.3)
2026-09-07 00:58:52,273 MatchingPostProcessor WARNING  Orphan pdf_cell 47 recovered to col=1 by nearest-column fallback (row=1, x=639.5, dist=156.2)
2026-09-07 00:58:52,273 MatchingPostProcessor WARNING  Orphan pdf_cell 48 recovered to col=1 by nearest-column fallback (row=1, x=650.6, dist=145.1)
2026-09-07 00:58:52,273 MatchingPostProcessor WARNING  Orphan pdf_cell 49 recovered to col=1 by nearest-column fallback (row=1, x=661.7, dist=134.0)
2026-09-07 00:58:52,273 MatchingPostProcessor WARNING  Orphan pdf_cell 50 recovered to col=1 by nearest-column fallback (row=1, x=672.8, dist=122.9)
2026-09-07 00:58:52,273 MatchingPostProcessor WARNING  Orphan pdf_cell 51 recovered to col=1 by nearest-column fallback (row=1, x=683.9, dist=111.9)
2026-09-07 00:58:52,273 MatchingPostProcessor WARNING  Orphan pdf_cell 52 recovered to col=1 by nearest-column fallback (row=1, x=695.0, dist=100.8)
2026-09-07 00:58:52,273 MatchingPostProcessor WARNING  Orphan pdf_cell 53 recovered to col=1 by nearest-column fallback (row=1, x=706.1, dist=89.7)
2026-09-07 00:58:52,273 MatchingPostProcessor WARNING  Orphan pdf_cell 54 recovered to col=1 by nearest-column fallback (row=1, x=717.2, dist=78.6)
2026-09-07 00:58:52,273 MatchingPostProcessor WARNING  Orphan pdf_cell 55 recovered to col=1 by nearest-column fallback (row=1, x=728.2, dist=67.5)
2026-09-07 00:58:52,273 MatchingPostProcessor WARNING  Orphan pdf_cell 56 recovered to col=1 by nearest-column fallback (row=1, x=739.3, dist=56.4)
2026-09-07 00:58:52,273 MatchingPostProcessor WARNING  Orphan pdf_cell 57 recovered to col=1 by nearest-column fallback (row=1, x=750.4, dist=45.3)
2026-09-07 00:58:52,273 MatchingPostProcessor WARNING  Orphan pdf_cell 58 recovered to col=1 by nearest-column fallback (row=1, x=761.5, dist=34.2)
2026-09-07 00:58:52,274 MatchingPostProcessor WARNING  Orphan pdf_cell 90 recovered to col=0 by nearest-column fallback (row=2, x=539.7, dist=226.9)
2026-09-07 00:58:52,274 MatchingPostProcessor WARNING  Orphan pdf_cell 91 recovered to col=0 by nearest-column fallback (row=2, x=550.8, dist=237.9)
2026-09-07 00:58:52,274 MatchingPostProcessor WARNING  Orphan pdf_cell 92 recovered to col=1 by nearest-column fallback (row=2, x=561.9, dist=233.8)
2026-09-07 00:58:52,274 MatchingPostProcessor WARNING  Orphan pdf_cell 93 recovered to col=1 by nearest-column fallback (row=2, x=573.0, dist=222.7)
2026-09-07 00:58:52,274 MatchingPostProcessor WARNING  Orphan pdf_cell 94 recovered to col=1 by nearest-column fallback (row=2, x=584.1, dist=211.7)
2026-09-07 00:58:52,274 MatchingPostProcessor WARNING  Orphan pdf_cell 95 recovered to col=1 by nearest-column fallback (row=2, x=595.2, dist=200.6)
2026-09-07 00:58:52,274 MatchingPostProcessor WARNING  Orphan pdf_cell 96 recovered to col=1 by nearest-column fallback (row=2, x=606.3, dist=189.5)
2026-09-07 00:58:52,274 MatchingPostProcessor WARNING  Orphan pdf_cell 97 recovered to col=1 by nearest-column fallback (row=2, x=617.4, dist=178.4)
2026-09-07 00:58:52,274 MatchingPostProcessor WARNING  Orphan pdf_cell 98 recovered to col=1 by nearest-column fallback (row=2, x=628.5, dist=167.3)
2026-09-07 00:58:52,274 MatchingPostProcessor WARNING  Orphan pdf_cell 99 recovered to col=1 by nearest-column fallback (row=2, x=639.5, dist=156.2)
2026-09-07 00:58:52,274 MatchingPostProcessor WARNING  Orphan pdf_cell 100 recovered to col=1 by nearest-column fallback (row=2, x=650.6, dist=145.1)
2026-09-07 00:58:52,274 MatchingPostProcessor WARNING  Orphan pdf_cell 101 recovered to col=1 by nearest-column fallback (row=2, x=661.7, dist=134.0)
2026-09-07 00:58:52,274 MatchingPostProcessor WARNING  Orphan pdf_cell 102 recovered to col=1 by nearest-column fallback (row=2, x=672.8, dist=122.9)
2026-09-07 00:58:52,274 MatchingPostProcessor WARNING  Orphan pdf_cell 103 recovered to col=1 by nearest-column fallback (row=2, x=683.9, dist=111.9)
2026-09-07 00:58:52,274 MatchingPostProcessor WARNING  Orphan pdf_cell 104 recovered to col=1 by nearest-column fallback (row=2, x=695.0, dist=100.8)
2026-09-07 00:58:52,274 MatchingPostProcessor WARNING  Orphan pdf_cell 105 recovered to col=1 by nearest-column fallback (row=2, x=706.1, dist=89.7)
2026-09-07 00:58:52,274 MatchingPostProcessor WARNING  Orphan pdf_cell 106 recovered to col=1 by nearest-column fallback (row=2, x=717.2, dist=78.6)
2026-09-07 00:58:52,274 MatchingPostProcessor WARNING  Orphan pdf_cell 107 recovered to col=1 by nearest-column fallback (row=2, x=728.2, dist=67.5)
2026-09-07 00:58:52,274 MatchingPostProcessor WARNING  Orphan pdf_cell 108 recovered to col=1 by nearest-column fallback (row=2, x=739.3, dist=56.4)
2026-09-07 00:58:52,274 MatchingPostProcessor WARNING  Orphan pdf_cell 109 recovered to col=1 by nearest-column fallback (row=2, x=750.4, dist=45.3)
2026-09-07 00:58:52,274 MatchingPostProcessor WARNING  Orphan pdf_cell 110 recovered to col=1 by nearest-column fallback (row=2, x=761.5, dist=34.2)
2026-09-07 00:58:52,274 MatchingPostProcessor WARNING  Orphan pdf_cell 142 recovered to col=0 by nearest-column fallback (row=3, x=539.7, dist=226.9)
2026-09-07 00:58:52,274 MatchingPostProcessor WARNING  Orphan pdf_cell 143 recovered to col=0 by nearest-column fallback (row=3, x=550.8, dist=237.9)
2026-09-07 00:58:52,274 MatchingPostProcessor WARNING  Orphan pdf_cell 144 recovered to col=1 by nearest-column fallback (row=3, x=561.9, dist=233.8)
2026-09-07 00:58:52,274 MatchingPostProcessor WARNING  Orphan pdf_cell 145 recovered to col=1 by nearest-column fallback (row=3, x=573.0, dist=222.7)
2026-09-07 00:58:52,274 MatchingPostProcessor WARNING  Orphan pdf_cell 146 recovered to col=1 by nearest-column fallback (row=3, x=584.1, dist=211.7)
2026-09-07 00:58:52,274 MatchingPostProcessor WARNING  Orphan pdf_cell 147 recovered to col=1 by nearest-column fallback (row=3, x=595.2, dist=200.6)
2026-09-07 00:58:52,274 MatchingPostProcessor WARNING  Orphan pdf_cell 148 recovered to col=1 by nearest-column fallback (row=3, x=606.3, dist=189.5)
2026-09-07 00:58:52,274 MatchingPostProcessor WARNING  Orphan pdf_cell 149 recovered to col=1 by nearest-column fallback (row=3, x=617.4, dist=178.4)
2026-09-07 00:58:52,274 MatchingPostProcessor WARNING  Orphan pdf_cell 150 recovered to col=1 by nearest-column fallback (row=3, x=628.5, dist=167.3)
2026-09-07 00:58:52,275 MatchingPostProcessor WARNING  Orphan pdf_cell 151 recovered to col=1 by nearest-column fallback (row=3, x=639.5, dist=156.2)
2026-09-07 00:58:52,275 MatchingPostProcessor WARNING  Orphan pdf_cell 152 recovered to col=1 by nearest-column fallback (row=3, x=650.6, dist=145.1)
2026-09-07 00:58:52,275 MatchingPostProcessor WARNING  Orphan pdf_cell 153 recovered to col=1 by nearest-column fallback (row=3, x=661.7, dist=134.0)
2026-09-07 00:58:52,275 MatchingPostProcessor WARNING  Orphan pdf_cell 154 recovered to col=1 by nearest-column fallback (row=3, x=672.8, dist=122.9)
2026-09-07 00:58:52,275 MatchingPostProcessor WARNING  Orphan pdf_cell 155 recovered to col=1 by nearest-column fallback (row=3, x=683.9, dist=111.9)
2026-09-07 00:58:52,275 MatchingPostProcessor WARNING  Orphan pdf_cell 156 recovered to col=1 by nearest-column fallback (row=3, x=695.0, dist=100.8)
2026-09-07 00:58:52,275 MatchingPostProcessor WARNING  Orphan pdf_cell 157 recovered to col=1 by nearest-column fallback (row=3, x=706.1, dist=89.7)
2026-09-07 00:58:52,275 MatchingPostProcessor WARNING  Orphan pdf_cell 158 recovered to col=1 by nearest-column fallback (row=3, x=717.2, dist=78.6)
2026-09-07 00:58:52,275 MatchingPostProcessor WARNING  Orphan pdf_cell 159 recovered to col=1 by nearest-column fallback (row=3, x=728.2, dist=67.5)
2026-09-07 00:58:52,275 MatchingPostProcessor WARNING  Orphan pdf_cell 160 recovered to col=1 by nearest-column fallback (row=3, x=739.3, dist=56.4)
2026-09-07 00:58:52,275 MatchingPostProcessor WARNING  Orphan pdf_cell 161 recovered to col=1 by nearest-column fallback (row=3, x=750.4, dist=45.3)
2026-09-07 00:58:52,275 MatchingPostProcessor WARNING  Orphan pdf_cell 162 recovered to col=1 by nearest-column fallback (row=3, x=761.5, dist=34.2)
2026-09-07 00:58:52,275 MatchingPostProcessor WARNING  Orphan pdf_cell 182 recovered to col=0 by nearest-column fallback (row=4, x=539.7, dist=226.9)
2026-09-07 00:58:52,275 MatchingPostProcessor WARNING  Orphan pdf_cell 183 recovered to col=0 by nearest-column fallback (row=4, x=550.8, dist=237.9)
2026-09-07 00:58:52,275 MatchingPostProcessor WARNING  Orphan pdf_cell 184 recovered to col=1 by nearest-column fallback (row=4, x=561.9, dist=233.8)
2026-09-07 00:58:52,275 MatchingPostProcessor WARNING  Orphan pdf_cell 185 recovered to col=1 by nearest-column fallback (row=4, x=573.0, dist=222.7)
2026-09-07 00:58:52,275 MatchingPostProcessor WARNING  Orphan pdf_cell 186 recovered to col=1 by nearest-column fallback (row=4, x=584.1, dist=211.7)
2026-09-07 00:58:52,275 MatchingPostProcessor WARNING  Orphan pdf_cell 187 recovered to col=1 by nearest-column fallback (row=4, x=595.2, dist=200.6)
2026-09-07 00:58:52,275 MatchingPostProcessor WARNING  Orphan pdf_cell 188 recovered to col=1 by nearest-column fallback (row=4, x=606.3, dist=189.5)
2026-09-07 00:58:52,275 MatchingPostProcessor WARNING  Orphan pdf_cell 189 recovered to col=1 by nearest-column fallback (row=4, x=617.4, dist=178.4)
2026-09-07 00:58:52,275 MatchingPostProcessor WARNING  Orphan pdf_cell 190 recovered to col=1 by nearest-column fallback (row=4, x=628.5, dist=167.3)
2026-09-07 00:58:52,275 MatchingPostProcessor WARNING  Orphan pdf_cell 191 recovered to col=1 by nearest-column fallback (row=4, x=639.5, dist=156.2)
2026-09-07 00:58:52,275 MatchingPostProcessor WARNING  Orphan pdf_cell 192 recovered to col=1 by nearest-column fallback (row=4, x=650.6, dist=145.1)
2026-09-07 00:58:52,275 MatchingPostProcessor WARNING  Orphan pdf_cell 193 recovered to col=1 by nearest-column fallback (row=4, x=661.7, dist=134.0)
2026-09-07 00:58:52,275 MatchingPostProcessor WARNING  Orphan pdf_cell 194 recovered to col=1 by nearest-column fallback (row=4, x=672.8, dist=122.9)
2026-09-07 00:58:52,275 MatchingPostProcessor WARNING  Orphan pdf_cell 195 recovered to col=1 by nearest-column fallback (row=4, x=683.9, dist=111.9)
2026-09-07 00:58:52,275 MatchingPostProcessor WARNING  Orphan pdf_cell 196 recovered to col=1 by nearest-column fallback (row=4, x=695.0, dist=100.8)
2026-09-07 00:58:52,275 MatchingPostProcessor WARNING  Orphan pdf_cell 197 recovered to col=1 by nearest-column fallback (row=4, x=706.1, dist=89.7)
2026-09-07 00:58:52,275 MatchingPostProcessor WARNING  Orphan pdf_cell 198 recovered to col=1 by nearest-column fallback (row=4, x=717.2, dist=78.6)
2026-09-07 00:58:52,275 MatchingPostProcessor WARNING  Orphan pdf_cell 199 recovered to col=1 by nearest-column fallback (row=4, x=728.2, dist=67.5)
2026-09-07 00:58:52,275 MatchingPostProcessor WARNING  Orphan pdf_cell 200 recovered to col=1 by nearest-column fallback (row=4, x=739.3, dist=56.4)
2026-09-07 00:58:52,275 MatchingPostProcessor WARNING  Orphan pdf_cell 201 recovered to col=1 by nearest-column fallback (row=4, x=750.4, dist=45.3)
2026-09-07 00:58:52,275 MatchingPostProcessor WARNING  Orphan pdf_cell 202 recovered to col=1 by nearest-column fallback (row=4, x=761.5, dist=34.2)
2026-09-07 00:58:52,275 MatchingPostProcessor WARNING  Orphan pdf_cell 221 recovered to col=0 by nearest-column fallback (row=5, x=539.7, dist=226.9)
2026-09-07 00:58:52,276 MatchingPostProcessor WARNING  Orphan pdf_cell 222 recovered to col=0 by nearest-column fallback (row=5, x=550.8, dist=237.9)
2026-09-07 00:58:52,276 MatchingPostProcessor WARNING  Orphan pdf_cell 223 recovered to col=1 by nearest-column fallback (row=5, x=561.9, dist=233.8)
2026-09-07 00:58:52,276 MatchingPostProcessor WARNING  Orphan pdf_cell 224 recovered to col=1 by nearest-column fallback (row=5, x=573.0, dist=222.7)
2026-09-07 00:58:52,276 MatchingPostProcessor WARNING  Orphan pdf_cell 225 recovered to col=1 by nearest-column fallback (row=5, x=584.1, dist=211.7)
2026-09-07 00:58:52,276 MatchingPostProcessor WARNING  Orphan pdf_cell 226 recovered to col=1 by nearest-column fallback (row=5, x=595.2, dist=200.6)
2026-09-07 00:58:52,276 MatchingPostProcessor WARNING  Orphan pdf_cell 227 recovered to col=1 by nearest-column fallback (row=5, x=606.3, dist=189.5)
2026-09-07 00:58:52,276 MatchingPostProcessor WARNING  Orphan pdf_cell 228 recovered to col=1 by nearest-column fallback (row=5, x=617.4, dist=178.4)
2026-09-07 00:58:52,276 MatchingPostProcessor WARNING  Orphan pdf_cell 229 recovered to col=1 by nearest-column fallback (row=5, x=628.5, dist=167.3)
2026-09-07 00:58:52,276 MatchingPostProcessor WARNING  Orphan pdf_cell 230 recovered to col=1 by nearest-column fallback (row=5, x=639.5, dist=156.2)
2026-09-07 00:58:52,276 MatchingPostProcessor WARNING  Orphan pdf_cell 231 recovered to col=1 by nearest-column fallback (row=5, x=650.6, dist=145.1)
2026-09-07 00:58:52,276 MatchingPostProcessor WARNING  Orphan pdf_cell 232 recovered to col=1 by nearest-column fallback (row=5, x=661.7, dist=134.0)
2026-09-07 00:58:52,276 MatchingPostProcessor WARNING  Orphan pdf_cell 233 recovered to col=1 by nearest-column fallback (row=5, x=672.8, dist=122.9)
2026-09-07 00:58:52,276 MatchingPostProcessor WARNING  Orphan pdf_cell 234 recovered to col=1 by nearest-column fallback (row=5, x=683.9, dist=111.9)
2026-09-07 00:58:52,276 MatchingPostProcessor WARNING  Orphan pdf_cell 235 recovered to col=1 by nearest-column fallback (row=5, x=695.0, dist=100.8)
2026-09-07 00:58:52,276 MatchingPostProcessor WARNING  Orphan pdf_cell 236 recovered to col=1 by nearest-column fallback (row=5, x=706.1, dist=89.7)
2026-09-07 00:58:52,276 MatchingPostProcessor WARNING  Orphan pdf_cell 237 recovered to col=1 by nearest-column fallback (row=5, x=717.2, dist=78.6)
2026-09-07 00:58:52,276 MatchingPostProcessor WARNING  Orphan pdf_cell 238 recovered to col=1 by nearest-column fallback (row=5, x=728.2, dist=67.5)
2026-09-07 00:58:52,276 MatchingPostProcessor WARNING  Orphan pdf_cell 239 recovered to col=1 by nearest-column fallback (row=5, x=739.3, dist=56.4)
2026-09-07 00:58:52,276 MatchingPostProcessor WARNING  Orphan pdf_cell 240 recovered to col=1 by nearest-column fallback (row=5, x=750.4, dist=45.3)
2026-09-07 00:58:52,276 MatchingPostProcessor WARNING  Orphan pdf_cell 241 recovered to col=1 by nearest-column fallback (row=5, x=761.5, dist=34.2)
2026-09-07 00:58:52,276 MatchingPostProcessor WARNING  Orphan pdf_cell 261 recovered to col=0 by nearest-column fallback (row=6, x=539.7, dist=226.9)
2026-09-07 00:58:52,276 MatchingPostProcessor WARNING  Orphan pdf_cell 262 recovered to col=0 by nearest-column fallback (row=6, x=550.8, dist=237.9)
2026-09-07 00:58:52,276 MatchingPostProcessor WARNING  Orphan pdf_cell 263 recovered to col=1 by nearest-column fallback (row=6, x=561.9, dist=233.8)
2026-09-07 00:58:52,276 MatchingPostProcessor WARNING  Orphan pdf_cell 264 recovered to col=1 by nearest-column fallback (row=6, x=573.0, dist=222.7)
2026-09-07 00:58:52,276 MatchingPostProcessor WARNING  Orphan pdf_cell 265 recovered to col=1 by nearest-column fallback (row=6, x=584.1, dist=211.7)
2026-09-07 00:58:52,276 MatchingPostProcessor WARNING  Orphan pdf_cell 266 recovered to col=1 by nearest-column fallback (row=6, x=595.2, dist=200.6)
2026-09-07 00:58:52,276 MatchingPostProcessor WARNING  Orphan pdf_cell 267 recovered to col=1 by nearest-column fallback (row=6, x=606.3, dist=189.5)
2026-09-07 00:58:52,276 MatchingPostProcessor WARNING  Orphan pdf_cell 268 recovered to col=1 by nearest-column fallback (row=6, x=617.4, dist=178.4)
2026-09-07 00:58:52,276 MatchingPostProcessor WARNING  Orphan pdf_cell 269 recovered to col=1 by nearest-column fallback (row=6, x=628.5, dist=167.3)
2026-09-07 00:58:52,276 MatchingPostProcessor WARNING  Orphan pdf_cell 270 recovered to col=1 by nearest-column fallback (row=6, x=639.5, dist=156.2)
2026-09-07 00:58:52,276 MatchingPostProcessor WARNING  Orphan pdf_cell 271 recovered to col=1 by nearest-column fallback (row=6, x=650.6, dist=145.1)
2026-09-07 00:58:52,276 MatchingPostProcessor WARNING  Orphan pdf_cell 272 recovered to col=1 by nearest-column fallback (row=6, x=661.7, dist=134.0)
2026-09-07 00:58:52,276 MatchingPostProcessor WARNING  Orphan pdf_cell 273 recovered to col=1 by nearest-column fallback (row=6, x=672.8, dist=122.9)
2026-09-07 00:58:52,276 MatchingPostProcessor WARNING  Orphan pdf_cell 274 recovered to col=1 by nearest-column fallback (row=6, x=683.9, dist=111.9)
2026-09-07 00:58:52,276 MatchingPostProcessor WARNING  Orphan pdf_cell 275 recovered to col=1 by nearest-column fallback (row=6, x=695.0, dist=100.8)
2026-09-07 00:58:52,276 MatchingPostProcessor WARNING  Orphan pdf_cell 276 recovered to col=1 by nearest-column fallback (row=6, x=706.1, dist=89.7)
2026-09-07 00:58:52,276 MatchingPostProcessor WARNING  Orphan pdf_cell 277 recovered to col=1 by nearest-column fallback (row=6, x=717.2, dist=78.6)
2026-09-07 00:58:52,277 MatchingPostProcessor WARNING  Orphan pdf_cell 278 recovered to col=1 by nearest-column fallback (row=6, x=728.2, dist=67.5)
2026-09-07 00:58:52,277 MatchingPostProcessor WARNING  Orphan pdf_cell 279 recovered to col=1 by nearest-column fallback (row=6, x=739.3, dist=56.4)
2026-09-07 00:58:52,277 MatchingPostProcessor WARNING  Orphan pdf_cell 280 recovered to col=1 by nearest-column fallback (row=6, x=750.4, dist=45.3)
2026-09-07 00:58:52,277 MatchingPostProcessor WARNING  Orphan pdf_cell 281 recovered to col=1 by nearest-column fallback (row=6, x=761.5, dist=34.2)
2026-09-07 00:58:52,277 MatchingPostProcessor WARNING  Orphan pdf_cell 296 recovered to col=0 by nearest-column fallback (row=7, x=539.7, dist=226.9)
2026-09-07 00:58:52,277 MatchingPostProcessor WARNING  Orphan pdf_cell 297 recovered to col=0 by nearest-column fallback (row=7, x=550.8, dist=237.9)
2026-09-07 00:58:52,277 MatchingPostProcessor WARNING  Orphan pdf_cell 298 recovered to col=1 by nearest-column fallback (row=7, x=561.9, dist=233.8)
2026-09-07 00:58:52,277 MatchingPostProcessor WARNING  Orphan pdf_cell 299 recovered to col=1 by nearest-column fallback (row=7, x=573.0, dist=222.7)
2026-09-07 00:58:52,277 MatchingPostProcessor WARNING  Orphan pdf_cell 300 recovered to col=1 by nearest-column fallback (row=7, x=584.1, dist=211.7)
2026-09-07 00:58:52,277 MatchingPostProcessor WARNING  Orphan pdf_cell 301 recovered to col=1 by nearest-column fallback (row=7, x=595.2, dist=200.6)
2026-09-07 00:58:52,277 MatchingPostProcessor WARNING  Orphan pdf_cell 302 recovered to col=1 by nearest-column fallback (row=7, x=606.3, dist=189.5)
2026-09-07 00:58:52,277 MatchingPostProcessor WARNING  Orphan pdf_cell 303 recovered to col=1 by nearest-column fallback (row=7, x=617.4, dist=178.4)
2026-09-07 00:58:52,277 MatchingPostProcessor WARNING  Orphan pdf_cell 304 recovered to col=1 by nearest-column fallback (row=7, x=628.5, dist=167.3)
2026-09-07 00:58:52,277 MatchingPostProcessor WARNING  Orphan pdf_cell 305 recovered to col=1 by nearest-column fallback (row=7, x=639.5, dist=156.2)
2026-09-07 00:58:52,277 MatchingPostProcessor WARNING  Orphan pdf_cell 306 recovered to col=1 by nearest-column fallback (row=7, x=650.6, dist=145.1)
2026-09-07 00:58:52,277 MatchingPostProcessor WARNING  Orphan pdf_cell 307 recovered to col=1 by nearest-column fallback (row=7, x=661.7, dist=134.0)
2026-09-07 00:58:52,277 MatchingPostProcessor WARNING  Orphan pdf_cell 308 recovered to col=1 by nearest-column fallback (row=7, x=672.8, dist=122.9)
2026-09-07 00:58:52,277 MatchingPostProcessor WARNING  Orphan pdf_cell 309 recovered to col=1 by nearest-column fallback (row=7, x=683.9, dist=111.9)
2026-09-07 00:58:52,277 MatchingPostProcessor WARNING  Orphan pdf_cell 310 recovered to col=1 by nearest-column fallback (row=7, x=695.0, dist=100.8)
2026-09-07 00:58:52,277 MatchingPostProcessor WARNING  Orphan pdf_cell 311 recovered to col=1 by nearest-column fallback (row=7, x=706.1, dist=89.7)
2026-09-07 00:58:52,277 MatchingPostProcessor WARNING  Orphan pdf_cell 312 recovered to col=1 by nearest-column fallback (row=7, x=717.2, dist=78.6)
2026-09-07 00:58:52,277 MatchingPostProcessor WARNING  Orphan pdf_cell 313 recovered to col=1 by nearest-column fallback (row=7, x=728.2, dist=67.5)
2026-09-07 00:58:52,277 MatchingPostProcessor WARNING  Orphan pdf_cell 314 recovered to col=1 by nearest-column fallback (row=7, x=739.3, dist=56.4)
2026-09-07 00:58:52,277 MatchingPostProcessor WARNING  Orphan pdf_cell 315 recovered to col=1 by nearest-column fallback (row=7, x=750.4, dist=45.3)
2026-09-07 00:58:52,277 MatchingPostProcessor WARNING  Orphan pdf_cell 316 recovered to col=1 by nearest-column fallback (row=7, x=761.5, dist=34.2)
2026-09-07 00:58:52,277 MatchingPostProcessor WARNING  Orphan pdf_cell 340 recovered to col=0 by nearest-column fallback (row=8, x=539.7, dist=226.9)
2026-09-07 00:58:52,277 MatchingPostProcessor WARNING  Orphan pdf_cell 341 recovered to col=0 by nearest-column fallback (row=8, x=550.8, dist=237.9)
2026-09-07 00:58:52,277 MatchingPostProcessor WARNING  Orphan pdf_cell 342 recovered to col=1 by nearest-column fallback (row=8, x=561.9, dist=233.8)
2026-09-07 00:58:52,277 MatchingPostProcessor WARNING  Orphan pdf_cell 343 recovered to col=1 by nearest-column fallback (row=8, x=573.0, dist=222.7)
2026-09-07 00:58:52,277 MatchingPostProcessor WARNING  Orphan pdf_cell 344 recovered to col=1 by nearest-column fallback (row=8, x=584.1, dist=211.7)
2026-09-07 00:58:52,277 MatchingPostProcessor WARNING  Orphan pdf_cell 345 recovered to col=1 by nearest-column fallback (row=8, x=595.2, dist=200.6)
2026-09-07 00:58:52,277 MatchingPostProcessor WARNING  Orphan pdf_cell 346 recovered to col=1 by nearest-column fallback (row=8, x=606.3, dist=189.5)
2026-09-07 00:58:52,277 MatchingPostProcessor WARNING  Orphan pdf_cell 347 recovered to col=1 by nearest-column fallback (row=8, x=617.4, dist=178.4)
2026-09-07 00:58:52,277 MatchingPostProcessor WARNING  Orphan pdf_cell 348 recovered to col=1 by nearest-column fallback (row=8, x=628.5, dist=167.3)
2026-09-07 00:58:52,277 MatchingPostProcessor WARNING  Orphan pdf_cell 349 recovered to col=1 by nearest-column fallback (row=8, x=639.5, dist=156.2)
2026-09-07 00:58:52,277 MatchingPostProcessor WARNING  Orphan pdf_cell 350 recovered to col=1 by nearest-column fallback (row=8, x=650.6, dist=145.1)
2026-09-07 00:58:52,278 MatchingPostProcessor WARNING  Orphan pdf_cell 351 recovered to col=1 by nearest-column fallback (row=8, x=661.7, dist=134.0)
2026-09-07 00:58:52,278 MatchingPostProcessor WARNING  Orphan pdf_cell 352 recovered to col=1 by nearest-column fallback (row=8, x=672.8, dist=122.9)
2026-09-07 00:58:52,278 MatchingPostProcessor WARNING  Orphan pdf_cell 353 recovered to col=1 by nearest-column fallback (row=8, x=683.9, dist=111.9)
2026-09-07 00:58:52,278 MatchingPostProcessor WARNING  Orphan pdf_cell 354 recovered to col=1 by nearest-column fallback (row=8, x=695.0, dist=100.8)
2026-09-07 00:58:52,278 MatchingPostProcessor WARNING  Orphan pdf_cell 355 recovered to col=1 by nearest-column fallback (row=8, x=706.1, dist=89.7)
2026-09-07 00:58:52,278 MatchingPostProcessor WARNING  Orphan pdf_cell 356 recovered to col=1 by nearest-column fallback (row=8, x=717.2, dist=78.6)
2026-09-07 00:58:52,278 MatchingPostProcessor WARNING  Orphan pdf_cell 357 recovered to col=1 by nearest-column fallback (row=8, x=728.2, dist=67.5)
2026-09-07 00:58:52,278 MatchingPostProcessor WARNING  Orphan pdf_cell 358 recovered to col=1 by nearest-column fallback (row=8, x=739.3, dist=56.4)
2026-09-07 00:58:52,278 MatchingPostProcessor WARNING  Orphan pdf_cell 359 recovered to col=1 by nearest-column fallback (row=8, x=750.4, dist=45.3)
2026-09-07 00:58:52,278 MatchingPostProcessor WARNING  Orphan pdf_cell 360 recovered to col=1 by nearest-column fallback (row=8, x=761.5, dist=34.2)
2026-09-07 00:58:52,278 MatchingPostProcessor WARNING  Orphan pdf_cell 387 recovered to col=0 by nearest-column fallback (row=9, x=539.7, dist=226.9)
2026-09-07 00:58:52,278 MatchingPostProcessor WARNING  Orphan pdf_cell 388 recovered to col=0 by nearest-column fallback (row=9, x=550.8, dist=237.9)
2026-09-07 00:58:52,278 MatchingPostProcessor WARNING  Orphan pdf_cell 389 recovered to col=1 by nearest-column fallback (row=9, x=561.9, dist=233.8)
2026-09-07 00:58:52,278 MatchingPostProcessor WARNING  Orphan pdf_cell 390 recovered to col=1 by nearest-column fallback (row=9, x=573.0, dist=222.7)
2026-09-07 00:58:52,278 MatchingPostProcessor WARNING  Orphan pdf_cell 391 recovered to col=1 by nearest-column fallback (row=9, x=584.1, dist=211.7)
2026-09-07 00:58:52,278 MatchingPostProcessor WARNING  Orphan pdf_cell 392 recovered to col=1 by nearest-column fallback (row=9, x=595.2, dist=200.6)
2026-09-07 00:58:52,278 MatchingPostProcessor WARNING  Orphan pdf_cell 393 recovered to col=1 by nearest-column fallback (row=9, x=606.3, dist=189.5)
2026-09-07 00:58:52,278 MatchingPostProcessor WARNING  Orphan pdf_cell 394 recovered to col=1 by nearest-column fallback (row=9, x=617.4, dist=178.4)
2026-09-07 00:58:52,278 MatchingPostProcessor WARNING  Orphan pdf_cell 395 recovered to col=1 by nearest-column fallback (row=9, x=628.5, dist=167.3)
2026-09-07 00:58:52,278 MatchingPostProcessor WARNING  Orphan pdf_cell 396 recovered to col=1 by nearest-column fallback (row=9, x=639.5, dist=156.2)
2026-09-07 00:58:52,278 MatchingPostProcessor WARNING  Orphan pdf_cell 397 recovered to col=1 by nearest-column fallback (row=9, x=650.6, dist=145.1)
2026-09-07 00:58:52,278 MatchingPostProcessor WARNING  Orphan pdf_cell 398 recovered to col=1 by nearest-column fallback (row=9, x=661.7, dist=134.0)
2026-09-07 00:58:52,278 MatchingPostProcessor WARNING  Orphan pdf_cell 399 recovered to col=1 by nearest-column fallback (row=9, x=672.8, dist=122.9)
2026-09-07 00:58:52,278 MatchingPostProcessor WARNING  Orphan pdf_cell 400 recovered to col=1 by nearest-column fallback (row=9, x=683.9, dist=111.9)
2026-09-07 00:58:52,278 MatchingPostProcessor WARNING  Orphan pdf_cell 401 recovered to col=1 by nearest-column fallback (row=9, x=695.0, dist=100.8)
2026-09-07 00:58:52,278 MatchingPostProcessor WARNING  Orphan pdf_cell 402 recovered to col=1 by nearest-column fallback (row=9, x=706.1, dist=89.7)
2026-09-07 00:58:52,278 MatchingPostProcessor WARNING  Orphan pdf_cell 403 recovered to col=1 by nearest-column fallback (row=9, x=717.2, dist=78.6)
2026-09-07 00:58:52,278 MatchingPostProcessor WARNING  Orphan pdf_cell 404 recovered to col=1 by nearest-column fallback (row=9, x=728.2, dist=67.5)
2026-09-07 00:58:52,278 MatchingPostProcessor WARNING  Orphan pdf_cell 405 recovered to col=1 by nearest-column fallback (row=9, x=739.3, dist=56.4)
2026-09-07 00:58:52,278 MatchingPostProcessor WARNING  Orphan pdf_cell 406 recovered to col=1 by nearest-column fallback (row=9, x=750.4, dist=45.3)
2026-09-07 00:58:52,278 MatchingPostProcessor WARNING  Orphan pdf_cell 407 recovered to col=1 by nearest-column fallback (row=9, x=761.5, dist=34.2)
2026-09-07 00:58:52,279 MatchingPostProcessor WARNING  Orphan pdf_cell 428 recovered to col=0 by nearest-column fallback (row=10, x=539.7, dist=226.9)
2026-09-07 00:58:52,279 MatchingPostProcessor WARNING  Orphan pdf_cell 429 recovered to col=0 by nearest-column fallback (row=10, x=550.8, dist=237.9)
2026-09-07 00:58:52,279 MatchingPostProcessor WARNING  Orphan pdf_cell 430 recovered to col=1 by nearest-column fallback (row=10, x=561.9, dist=233.8)
2026-09-07 00:58:52,279 MatchingPostProcessor WARNING  Orphan pdf_cell 431 recovered to col=1 by nearest-column fallback (row=10, x=573.0, dist=222.7)
2026-09-07 00:58:52,279 MatchingPostProcessor WARNING  Orphan pdf_cell 432 recovered to col=1 by nearest-column fallback (row=10, x=584.1, dist=211.7)
2026-09-07 00:58:52,279 MatchingPostProcessor WARNING  Orphan pdf_cell 433 recovered to col=1 by nearest-column fallback (row=10, x=595.2, dist=200.6)
2026-09-07 00:58:52,279 MatchingPostProcessor WARNING  Orphan pdf_cell 434 recovered to col=1 by nearest-column fallback (row=10, x=606.3, dist=189.5)
2026-09-07 00:58:52,279 MatchingPostProcessor WARNING  Orphan pdf_cell 435 recovered to col=1 by nearest-column fallback (row=10, x=617.4, dist=178.4)
2026-09-07 00:58:52,279 MatchingPostProcessor WARNING  Orphan pdf_cell 436 recovered to col=1 by nearest-column fallback (row=10, x=628.5, dist=167.3)
2026-09-07 00:58:52,279 MatchingPostProcessor WARNING  Orphan pdf_cell 437 recovered to col=1 by nearest-column fallback (row=10, x=639.5, dist=156.2)
2026-09-07 00:58:52,279 MatchingPostProcessor WARNING  Orphan pdf_cell 438 recovered to col=1 by nearest-column fallback (row=10, x=650.6, dist=145.1)
2026-09-07 00:58:52,279 MatchingPostProcessor WARNING  Orphan pdf_cell 439 recovered to col=1 by nearest-column fallback (row=10, x=661.7, dist=134.0)
2026-09-07 00:58:52,279 MatchingPostProcessor WARNING  Orphan pdf_cell 440 recovered to col=1 by nearest-column fallback (row=10, x=672.8, dist=122.9)
2026-09-07 00:58:52,279 MatchingPostProcessor WARNING  Orphan pdf_cell 441 recovered to col=1 by nearest-column fallback (row=10, x=683.9, dist=111.9)
2026-09-07 00:58:52,279 MatchingPostProcessor WARNING  Orphan pdf_cell 442 recovered to col=1 by nearest-column fallback (row=10, x=695.0, dist=100.8)
2026-09-07 00:58:52,279 MatchingPostProcessor WARNING  Orphan pdf_cell 443 recovered to col=1 by nearest-column fallback (row=10, x=706.1, dist=89.7)
2026-09-07 00:58:52,279 MatchingPostProcessor WARNING  Orphan pdf_cell 444 recovered to col=1 by nearest-column fallback (row=10, x=717.2, dist=78.6)
2026-09-07 00:58:52,279 MatchingPostProcessor WARNING  Orphan pdf_cell 445 recovered to col=1 by nearest-column fallback (row=10, x=728.2, dist=67.5)
2026-09-07 00:58:52,279 MatchingPostProcessor WARNING  Orphan pdf_cell 446 recovered to col=1 by nearest-column fallback (row=10, x=739.3, dist=56.4)
2026-09-07 00:58:52,279 MatchingPostProcessor WARNING  Orphan pdf_cell 447 recovered to col=1 by nearest-column fallback (row=10, x=750.4, dist=45.3)
2026-09-07 00:58:52,279 MatchingPostProcessor WARNING  Orphan pdf_cell 448 recovered to col=1 by nearest-column fallback (row=10, x=761.5, dist=34.2)
2026-09-07 00:58:52,279 MatchingPostProcessor WARNING  Orphan pdf_cell 469 recovered to col=0 by nearest-column fallback (row=11, x=539.7, dist=226.9)
2026-09-07 00:58:52,279 MatchingPostProcessor WARNING  Orphan pdf_cell 470 recovered to col=0 by nearest-column fallback (row=11, x=550.8, dist=237.9)
2026-09-07 00:58:52,279 MatchingPostProcessor WARNING  Orphan pdf_cell 471 recovered to col=1 by nearest-column fallback (row=11, x=561.9, dist=233.8)
2026-09-07 00:58:52,279 MatchingPostProcessor WARNING  Orphan pdf_cell 472 recovered to col=1 by nearest-column fallback (row=11, x=573.0, dist=222.7)
2026-09-07 00:58:52,279 MatchingPostProcessor WARNING  Orphan pdf_cell 473 recovered to col=1 by nearest-column fallback (row=11, x=584.1, dist=211.7)
2026-09-07 00:58:52,279 MatchingPostProcessor WARNING  Orphan pdf_cell 474 recovered to col=1 by nearest-column fallback (row=11, x=595.2, dist=200.6)
2026-09-07 00:58:52,279 MatchingPostProcessor WARNING  Orphan pdf_cell 475 recovered to col=1 by nearest-column fallback (row=11, x=606.3, dist=189.5)
2026-09-07 00:58:52,279 MatchingPostProcessor WARNING  Orphan pdf_cell 476 recovered to col=1 by nearest-column fallback (row=11, x=617.4, dist=178.4)
2026-09-07 00:58:52,279 MatchingPostProcessor WARNING  Orphan pdf_cell 477 recovered to col=1 by nearest-column fallback (row=11, x=628.5, dist=167.3)
2026-09-07 00:58:52,279 MatchingPostProcessor WARNING  Orphan pdf_cell 478 recovered to col=1 by nearest-column fallback (row=11, x=639.5, dist=156.2)
2026-09-07 00:58:52,279 MatchingPostProcessor WARNING  Orphan pdf_cell 479 recovered to col=1 by nearest-column fallback (row=11, x=650.6, dist=145.1)
2026-09-07 00:58:52,279 MatchingPostProcessor WARNING  Orphan pdf_cell 480 recovered to col=1 by nearest-column fallback (row=11, x=661.7, dist=134.0)
2026-09-07 00:58:52,279 MatchingPostProcessor WARNING  Orphan pdf_cell 481 recovered to col=1 by nearest-column fallback (row=11, x=672.8, dist=122.9)
2026-09-07 00:58:52,279 MatchingPostProcessor WARNING  Orphan pdf_cell 482 recovered to col=1 by nearest-column fallback (row=11, x=683.9, dist=111.9)
2026-09-07 00:58:52,279 MatchingPostProcessor WARNING  Orphan pdf_cell 483 recovered to col=1 by nearest-column fallback (row=11, x=695.0, dist=100.8)
2026-09-07 00:58:52,279 MatchingPostProcessor WARNING  Orphan pdf_cell 484 recovered to col=1 by nearest-column fallback (row=11, x=706.1, dist=89.7)
2026-09-07 00:58:52,279 MatchingPostProcessor WARNING  Orphan pdf_cell 485 recovered to col=1 by nearest-column fallback (row=11, x=717.2, dist=78.6)
2026-09-07 00:58:52,280 MatchingPostProcessor WARNING  Orphan pdf_cell 486 recovered to col=1 by nearest-column fallback (row=11, x=728.2, dist=67.5)
2026-09-07 00:58:52,280 MatchingPostProcessor WARNING  Orphan pdf_cell 487 recovered to col=1 by nearest-column fallback (row=11, x=739.3, dist=56.4)
2026-09-07 00:58:52,280 MatchingPostProcessor WARNING  Orphan pdf_cell 488 recovered to col=1 by nearest-column fallback (row=11, x=750.4, dist=45.3)
2026-09-07 00:58:52,280 MatchingPostProcessor WARNING  Orphan pdf_cell 489 recovered to col=1 by nearest-column fallback (row=11, x=761.5, dist=34.2)
2026-09-07 00:58:52,280 MatchingPostProcessor WARNING  Orphan pdf_cell 518 recovered to col=0 by nearest-column fallback (row=12, x=539.7, dist=226.9)
2026-09-07 00:58:52,280 MatchingPostProcessor WARNING  Orphan pdf_cell 519 recovered to col=0 by nearest-column fallback (row=12, x=550.8, dist=237.9)
2026-09-07 00:58:52,280 MatchingPostProcessor WARNING  Orphan pdf_cell 520 recovered to col=1 by nearest-column fallback (row=12, x=561.9, dist=233.8)
2026-09-07 00:58:52,280 MatchingPostProcessor WARNING  Orphan pdf_cell 521 recovered to col=1 by nearest-column fallback (row=12, x=573.0, dist=222.7)
2026-09-07 00:58:52,280 MatchingPostProcessor WARNING  Orphan pdf_cell 522 recovered to col=1 by nearest-column fallback (row=12, x=584.1, dist=211.7)
2026-09-07 00:58:52,280 MatchingPostProcessor WARNING  Orphan pdf_cell 523 recovered to col=1 by nearest-column fallback (row=12, x=595.2, dist=200.6)
2026-09-07 00:58:52,280 MatchingPostProcessor WARNING  Orphan pdf_cell 524 recovered to col=1 by nearest-column fallback (row=12, x=606.3, dist=189.5)
2026-09-07 00:58:52,280 MatchingPostProcessor WARNING  Orphan pdf_cell 525 recovered to col=1 by nearest-column fallback (row=12, x=617.4, dist=178.4)
2026-09-07 00:58:52,280 MatchingPostProcessor WARNING  Orphan pdf_cell 526 recovered to col=1 by nearest-column fallback (row=12, x=628.5, dist=167.3)
2026-09-07 00:58:52,280 MatchingPostProcessor WARNING  Orphan pdf_cell 527 recovered to col=1 by nearest-column fallback (row=12, x=639.5, dist=156.2)
2026-09-07 00:58:52,280 MatchingPostProcessor WARNING  Orphan pdf_cell 528 recovered to col=1 by nearest-column fallback (row=12, x=650.6, dist=145.1)
2026-09-07 00:58:52,280 MatchingPostProcessor WARNING  Orphan pdf_cell 529 recovered to col=1 by nearest-column fallback (row=12, x=661.7, dist=134.0)
2026-09-07 00:58:52,280 MatchingPostProcessor WARNING  Orphan pdf_cell 530 recovered to col=1 by nearest-column fallback (row=12, x=672.8, dist=122.9)
2026-09-07 00:58:52,280 MatchingPostProcessor WARNING  Orphan pdf_cell 531 recovered to col=1 by nearest-column fallback (row=12, x=683.9, dist=111.9)
2026-09-07 00:58:52,280 MatchingPostProcessor WARNING  Orphan pdf_cell 532 recovered to col=1 by nearest-column fallback (row=12, x=695.0, dist=100.8)
2026-09-07 00:58:52,280 MatchingPostProcessor WARNING  Orphan pdf_cell 533 recovered to col=1 by nearest-column fallback (row=12, x=706.1, dist=89.7)
2026-09-07 00:58:52,280 MatchingPostProcessor WARNING  Orphan pdf_cell 534 recovered to col=1 by nearest-column fallback (row=12, x=717.2, dist=78.6)
2026-09-07 00:58:52,280 MatchingPostProcessor WARNING  Orphan pdf_cell 535 recovered to col=1 by nearest-column fallback (row=12, x=728.2, dist=67.5)
2026-09-07 00:58:52,280 MatchingPostProcessor WARNING  Orphan pdf_cell 536 recovered to col=1 by nearest-column fallback (row=12, x=739.3, dist=56.4)
2026-09-07 00:58:52,280 MatchingPostProcessor WARNING  Orphan pdf_cell 537 recovered to col=1 by nearest-column fallback (row=12, x=750.4, dist=45.3)
2026-09-07 00:58:52,280 MatchingPostProcessor WARNING  Orphan pdf_cell 538 recovered to col=1 by nearest-column fallback (row=12, x=761.5, dist=34.2)
2026-09-07 00:58:52,281 MatchingPostProcessor WARNING  Orphan pdf_cell 564 recovered to col=0 by nearest-column fallback (row=13, x=539.7, dist=226.9)
2026-09-07 00:58:52,281 MatchingPostProcessor WARNING  Orphan pdf_cell 565 recovered to col=0 by nearest-column fallback (row=13, x=550.8, dist=237.9)
2026-09-07 00:58:52,281 MatchingPostProcessor WARNING  Orphan pdf_cell 566 recovered to col=1 by nearest-column fallback (row=13, x=561.9, dist=233.8)
2026-09-07 00:58:52,281 MatchingPostProcessor WARNING  Orphan pdf_cell 567 recovered to col=1 by nearest-column fallback (row=13, x=573.0, dist=222.7)
2026-09-07 00:58:52,281 MatchingPostProcessor WARNING  Orphan pdf_cell 568 recovered to col=1 by nearest-column fallback (row=13, x=584.1, dist=211.7)
2026-09-07 00:58:52,281 MatchingPostProcessor WARNING  Orphan pdf_cell 569 recovered to col=1 by nearest-column fallback (row=13, x=595.2, dist=200.6)
2026-09-07 00:58:52,281 MatchingPostProcessor WARNING  Orphan pdf_cell 570 recovered to col=1 by nearest-column fallback (row=13, x=606.3, dist=189.5)
2026-09-07 00:58:52,281 MatchingPostProcessor WARNING  Orphan pdf_cell 571 recovered to col=1 by nearest-column fallback (row=13, x=617.4, dist=178.4)
2026-09-07 00:58:52,281 MatchingPostProcessor WARNING  Orphan pdf_cell 572 recovered to col=1 by nearest-column fallback (row=13, x=628.5, dist=167.3)
2026-09-07 00:58:52,281 MatchingPostProcessor WARNING  Orphan pdf_cell 573 recovered to col=1 by nearest-column fallback (row=13, x=639.5, dist=156.2)
2026-09-07 00:58:52,281 MatchingPostProcessor WARNING  Orphan pdf_cell 574 recovered to col=1 by nearest-column fallback (row=13, x=650.6, dist=145.1)
2026-09-07 00:58:52,281 MatchingPostProcessor WARNING  Orphan pdf_cell 575 recovered to col=1 by nearest-column fallback (row=13, x=661.7, dist=134.0)
2026-09-07 00:58:52,281 MatchingPostProcessor WARNING  Orphan pdf_cell 576 recovered to col=1 by nearest-column fallback (row=13, x=672.8, dist=122.9)
2026-09-07 00:58:52,281 MatchingPostProcessor WARNING  Orphan pdf_cell 577 recovered to col=1 by nearest-column fallback (row=13, x=683.9, dist=111.9)
2026-09-07 00:58:52,281 MatchingPostProcessor WARNING  Orphan pdf_cell 578 recovered to col=1 by nearest-column fallback (row=13, x=695.0, dist=100.8)
2026-09-07 00:58:52,281 MatchingPostProcessor WARNING  Orphan pdf_cell 579 recovered to col=1 by nearest-column fallback (row=13, x=706.1, dist=89.7)
2026-09-07 00:58:52,281 MatchingPostProcessor WARNING  Orphan pdf_cell 580 recovered to col=1 by nearest-column fallback (row=13, x=717.2, dist=78.6)
2026-09-07 00:58:52,281 MatchingPostProcessor WARNING  Orphan pdf_cell 581 recovered to col=1 by nearest-column fallback (row=13, x=728.2, dist=67.5)
2026-09-07 00:58:52,281 MatchingPostProcessor WARNING  Orphan pdf_cell 582 recovered to col=1 by nearest-column fallback (row=13, x=739.3, dist=56.4)
2026-09-07 00:58:52,281 MatchingPostProcessor WARNING  Orphan pdf_cell 583 recovered to col=1 by nearest-column fallback (row=13, x=750.4, dist=45.3)
2026-09-07 00:58:52,281 MatchingPostProcessor WARNING  Orphan pdf_cell 584 recovered to col=1 by nearest-column fallback (row=13, x=761.5, dist=34.2)
2026-09-07 00:58:52,281 MatchingPostProcessor WARNING  Orphan pdf_cell 616 recovered to col=0 by nearest-column fallback (row=14, x=539.7, dist=226.9)
2026-09-07 00:58:52,281 MatchingPostProcessor WARNING  Orphan pdf_cell 617 recovered to col=0 by nearest-column fallback (row=14, x=550.8, dist=237.9)
2026-09-07 00:58:52,281 MatchingPostProcessor WARNING  Orphan pdf_cell 618 recovered to col=1 by nearest-column fallback (row=14, x=561.9, dist=233.8)
2026-09-07 00:58:52,281 MatchingPostProcessor WARNING  Orphan pdf_cell 619 recovered to col=1 by nearest-column fallback (row=14, x=573.0, dist=222.7)
2026-09-07 00:58:52,281 MatchingPostProcessor WARNING  Orphan pdf_cell 620 recovered to col=1 by nearest-column fallback (row=14, x=584.1, dist=211.7)
2026-09-07 00:58:52,281 MatchingPostProcessor WARNING  Orphan pdf_cell 621 recovered to col=1 by nearest-column fallback (row=14, x=595.2, dist=200.6)
2026-09-07 00:58:52,281 MatchingPostProcessor WARNING  Orphan pdf_cell 622 recovered to col=1 by nearest-column fallback (row=14, x=606.3, dist=189.5)
2026-09-07 00:58:52,281 MatchingPostProcessor WARNING  Orphan pdf_cell 623 recovered to col=1 by nearest-column fallback (row=14, x=617.4, dist=178.4)
2026-09-07 00:58:52,281 MatchingPostProcessor WARNING  Orphan pdf_cell 624 recovered to col=1 by nearest-column fallback (row=14, x=628.5, dist=167.3)
2026-09-07 00:58:52,282 MatchingPostProcessor WARNING  Orphan pdf_cell 625 recovered to col=1 by nearest-column fallback (row=14, x=639.5, dist=156.2)
2026-09-07 00:58:52,282 MatchingPostProcessor WARNING  Orphan pdf_cell 626 recovered to col=1 by nearest-column fallback (row=14, x=650.6, dist=145.1)
2026-09-07 00:58:52,282 MatchingPostProcessor WARNING  Orphan pdf_cell 627 recovered to col=1 by nearest-column fallback (row=14, x=661.7, dist=134.0)
2026-09-07 00:58:52,282 MatchingPostProcessor WARNING  Orphan pdf_cell 628 recovered to col=1 by nearest-column fallback (row=14, x=672.8, dist=122.9)
2026-09-07 00:58:52,282 MatchingPostProcessor WARNING  Orphan pdf_cell 629 recovered to col=1 by nearest-column fallback (row=14, x=683.9, dist=111.9)
2026-09-07 00:58:52,282 MatchingPostProcessor WARNING  Orphan pdf_cell 630 recovered to col=1 by nearest-column fallback (row=14, x=695.0, dist=100.8)
2026-09-07 00:58:52,282 MatchingPostProcessor WARNING  Orphan pdf_cell 631 recovered to col=1 by nearest-column fallback (row=14, x=706.1, dist=89.7)
2026-09-07 00:58:52,282 MatchingPostProcessor WARNING  Orphan pdf_cell 632 recovered to col=1 by nearest-column fallback (row=14, x=717.2, dist=78.6)
2026-09-07 00:58:52,282 MatchingPostProcessor WARNING  Orphan pdf_cell 633 recovered to col=1 by nearest-column fallback (row=14, x=728.2, dist=67.5)
2026-09-07 00:58:52,282 MatchingPostProcessor WARNING  Orphan pdf_cell 634 recovered to col=1 by nearest-column fallback (row=14, x=739.3, dist=56.4)
2026-09-07 00:58:52,282 MatchingPostProcessor WARNING  Orphan pdf_cell 635 recovered to col=1 by nearest-column fallback (row=14, x=750.4, dist=45.3)
2026-09-07 00:58:52,282 MatchingPostProcessor WARNING  Orphan pdf_cell 636 recovered to col=1 by nearest-column fallback (row=14, x=761.5, dist=34.2)
2026-09-07 00:58:52,282 MatchingPostProcessor WARNING  Orphan pdf_cell 653 recovered to col=0 by nearest-column fallback (row=15, x=539.7, dist=226.9)
2026-09-07 00:58:52,282 MatchingPostProcessor WARNING  Orphan pdf_cell 654 recovered to col=0 by nearest-column fallback (row=15, x=550.8, dist=237.9)
2026-09-07 00:58:52,282 MatchingPostProcessor WARNING  Orphan pdf_cell 655 recovered to col=1 by nearest-column fallback (row=15, x=561.9, dist=233.8)
2026-09-07 00:58:52,282 MatchingPostProcessor WARNING  Orphan pdf_cell 656 recovered to col=1 by nearest-column fallback (row=15, x=573.0, dist=222.7)
2026-09-07 00:58:52,282 MatchingPostProcessor WARNING  Orphan pdf_cell 657 recovered to col=1 by nearest-column fallback (row=15, x=584.1, dist=211.7)
2026-09-07 00:58:52,282 MatchingPostProcessor WARNING  Orphan pdf_cell 658 recovered to col=1 by nearest-column fallback (row=15, x=595.2, dist=200.6)
2026-09-07 00:58:52,282 MatchingPostProcessor WARNING  Orphan pdf_cell 659 recovered to col=1 by nearest-column fallback (row=15, x=606.3, dist=189.5)
2026-09-07 00:58:52,282 MatchingPostProcessor WARNING  Orphan pdf_cell 660 recovered to col=1 by nearest-column fallback (row=15, x=617.4, dist=178.4)
2026-09-07 00:58:52,282 MatchingPostProcessor WARNING  Orphan pdf_cell 661 recovered to col=1 by nearest-column fallback (row=15, x=628.5, dist=167.3)
2026-09-07 00:58:52,282 MatchingPostProcessor WARNING  Orphan pdf_cell 662 recovered to col=1 by nearest-column fallback (row=15, x=639.5, dist=156.2)
2026-09-07 00:58:52,282 MatchingPostProcessor WARNING  Orphan pdf_cell 663 recovered to col=1 by nearest-column fallback (row=15, x=650.6, dist=145.1)
2026-09-07 00:58:52,282 MatchingPostProcessor WARNING  Orphan pdf_cell 664 recovered to col=1 by nearest-column fallback (row=15, x=661.7, dist=134.0)
2026-09-07 00:58:52,282 MatchingPostProcessor WARNING  Orphan pdf_cell 665 recovered to col=1 by nearest-column fallback (row=15, x=672.8, dist=122.9)
2026-09-07 00:58:52,282 MatchingPostProcessor WARNING  Orphan pdf_cell 666 recovered to col=1 by nearest-column fallback (row=15, x=683.9, dist=111.9)
2026-09-07 00:58:52,282 MatchingPostProcessor WARNING  Orphan pdf_cell 667 recovered to col=1 by nearest-column fallback (row=15, x=695.0, dist=100.8)
2026-09-07 00:58:52,282 MatchingPostProcessor WARNING  Orphan pdf_cell 668 recovered to col=1 by nearest-column fallback (row=15, x=706.1, dist=89.7)
2026-09-07 00:58:52,282 MatchingPostProcessor WARNING  Orphan pdf_cell 669 recovered to col=1 by nearest-column fallback (row=15, x=717.2, dist=78.6)
2026-09-07 00:58:52,282 MatchingPostProcessor WARNING  Orphan pdf_cell 670 recovered to col=1 by nearest-column fallback (row=15, x=728.2, dist=67.5)
2026-09-07 00:58:52,282 MatchingPostProcessor WARNING  Orphan pdf_cell 671 recovered to col=1 by nearest-column fallback (row=15, x=739.3, dist=56.4)
2026-09-07 00:58:52,282 MatchingPostProcessor WARNING  Orphan pdf_cell 672 recovered to col=1 by nearest-column fallback (row=15, x=750.4, dist=45.3)
2026-09-07 00:58:52,282 MatchingPostProcessor WARNING  Orphan pdf_cell 673 recovered to col=1 by nearest-column fallback (row=15, x=761.5, dist=34.2)
2026-09-07 00:58:52,282 MatchingPostProcessor WARNING  Orphan pdf_cell 687 recovered to col=0 by nearest-column fallback (row=16, x=539.7, dist=226.9)
2026-09-07 00:58:52,282 MatchingPostProcessor WARNING  Orphan pdf_cell 688 recovered to col=0 by nearest-column fallback (row=16, x=550.8, dist=237.9)
2026-09-07 00:58:52,283 MatchingPostProcessor WARNING  Orphan pdf_cell 689 recovered to col=1 by nearest-column fallback (row=16, x=561.9, dist=233.8)
2026-09-07 00:58:52,283 MatchingPostProcessor WARNING  Orphan pdf_cell 690 recovered to col=1 by nearest-column fallback (row=16, x=573.0, dist=222.7)
2026-09-07 00:58:52,283 MatchingPostProcessor WARNING  Orphan pdf_cell 691 recovered to col=1 by nearest-column fallback (row=16, x=584.1, dist=211.7)
2026-09-07 00:58:52,283 MatchingPostProcessor WARNING  Orphan pdf_cell 692 recovered to col=1 by nearest-column fallback (row=16, x=595.2, dist=200.6)
2026-09-07 00:58:52,283 MatchingPostProcessor WARNING  Orphan pdf_cell 693 recovered to col=1 by nearest-column fallback (row=16, x=606.3, dist=189.5)
2026-09-07 00:58:52,283 MatchingPostProcessor WARNING  Orphan pdf_cell 694 recovered to col=1 by nearest-column fallback (row=16, x=617.4, dist=178.4)
2026-09-07 00:58:52,283 MatchingPostProcessor WARNING  Orphan pdf_cell 695 recovered to col=1 by nearest-column fallback (row=16, x=628.5, dist=167.3)
2026-09-07 00:58:52,283 MatchingPostProcessor WARNING  Orphan pdf_cell 696 recovered to col=1 by nearest-column fallback (row=16, x=639.5, dist=156.2)
2026-09-07 00:58:52,283 MatchingPostProcessor WARNING  Orphan pdf_cell 697 recovered to col=1 by nearest-column fallback (row=16, x=650.6, dist=145.1)
2026-09-07 00:58:52,283 MatchingPostProcessor WARNING  Orphan pdf_cell 698 recovered to col=1 by nearest-column fallback (row=16, x=661.7, dist=134.0)
2026-09-07 00:58:52,283 MatchingPostProcessor WARNING  Orphan pdf_cell 699 recovered to col=1 by nearest-column fallback (row=16, x=672.8, dist=122.9)
2026-09-07 00:58:52,283 MatchingPostProcessor WARNING  Orphan pdf_cell 700 recovered to col=1 by nearest-column fallback (row=16, x=683.9, dist=111.9)
2026-09-07 00:58:52,283 MatchingPostProcessor WARNING  Orphan pdf_cell 701 recovered to col=1 by nearest-column fallback (row=16, x=695.0, dist=100.8)
2026-09-07 00:58:52,283 MatchingPostProcessor WARNING  Orphan pdf_cell 702 recovered to col=1 by nearest-column fallback (row=16, x=706.1, dist=89.7)
2026-09-07 00:58:52,283 MatchingPostProcessor WARNING  Orphan pdf_cell 703 recovered to col=1 by nearest-column fallback (row=16, x=717.2, dist=78.6)
2026-09-07 00:58:52,283 MatchingPostProcessor WARNING  Orphan pdf_cell 704 recovered to col=1 by nearest-column fallback (row=16, x=728.2, dist=67.5)
2026-09-07 00:58:52,283 MatchingPostProcessor WARNING  Orphan pdf_cell 705 recovered to col=1 by nearest-column fallback (row=16, x=739.3, dist=56.4)
2026-09-07 00:58:52,283 MatchingPostProcessor WARNING  Orphan pdf_cell 706 recovered to col=1 by nearest-column fallback (row=16, x=750.4, dist=45.3)
2026-09-07 00:58:52,283 MatchingPostProcessor WARNING  Orphan pdf_cell 707 recovered to col=1 by nearest-column fallback (row=16, x=761.5, dist=34.2)
2026-09-07 00:58:52,283 MatchingPostProcessor WARNING  Orphan pdf_cell 743 recovered to col=0 by nearest-column fallback (row=17, x=539.7, dist=226.9)
2026-09-07 00:58:52,283 MatchingPostProcessor WARNING  Orphan pdf_cell 744 recovered to col=0 by nearest-column fallback (row=17, x=550.8, dist=237.9)
2026-09-07 00:58:52,283 MatchingPostProcessor WARNING  Orphan pdf_cell 745 recovered to col=1 by nearest-column fallback (row=17, x=561.9, dist=233.8)
2026-09-07 00:58:52,283 MatchingPostProcessor WARNING  Orphan pdf_cell 746 recovered to col=1 by nearest-column fallback (row=17, x=573.0, dist=222.7)
2026-09-07 00:58:52,283 MatchingPostProcessor WARNING  Orphan pdf_cell 747 recovered to col=1 by nearest-column fallback (row=17, x=584.1, dist=211.7)
2026-09-07 00:58:52,283 MatchingPostProcessor WARNING  Orphan pdf_cell 748 recovered to col=1 by nearest-column fallback (row=17, x=595.2, dist=200.6)
2026-09-07 00:58:52,283 MatchingPostProcessor WARNING  Orphan pdf_cell 749 recovered to col=1 by nearest-column fallback (row=17, x=606.3, dist=189.5)
2026-09-07 00:58:52,283 MatchingPostProcessor WARNING  Orphan pdf_cell 750 recovered to col=1 by nearest-column fallback (row=17, x=617.4, dist=178.4)
2026-09-07 00:58:52,283 MatchingPostProcessor WARNING  Orphan pdf_cell 751 recovered to col=1 by nearest-column fallback (row=17, x=628.5, dist=167.3)
2026-09-07 00:58:52,283 MatchingPostProcessor WARNING  Orphan pdf_cell 752 recovered to col=1 by nearest-column fallback (row=17, x=639.5, dist=156.2)
2026-09-07 00:58:52,283 MatchingPostProcessor WARNING  Orphan pdf_cell 753 recovered to col=1 by nearest-column fallback (row=17, x=650.6, dist=145.1)
2026-09-07 00:58:52,283 MatchingPostProcessor WARNING  Orphan pdf_cell 754 recovered to col=1 by nearest-column fallback (row=17, x=661.7, dist=134.0)
2026-09-07 00:58:52,284 MatchingPostProcessor WARNING  Orphan pdf_cell 755 recovered to col=1 by nearest-column fallback (row=17, x=672.8, dist=122.9)
2026-09-07 00:58:52,284 MatchingPostProcessor WARNING  Orphan pdf_cell 756 recovered to col=1 by nearest-column fallback (row=17, x=683.9, dist=111.9)
2026-09-07 00:58:52,284 MatchingPostProcessor WARNING  Orphan pdf_cell 757 recovered to col=1 by nearest-column fallback (row=17, x=695.0, dist=100.8)
2026-09-07 00:58:52,284 MatchingPostProcessor WARNING  Orphan pdf_cell 758 recovered to col=1 by nearest-column fallback (row=17, x=706.1, dist=89.7)
2026-09-07 00:58:52,284 MatchingPostProcessor WARNING  Orphan pdf_cell 759 recovered to col=1 by nearest-column fallback (row=17, x=717.2, dist=78.6)
2026-09-07 00:58:52,284 MatchingPostProcessor WARNING  Orphan pdf_cell 760 recovered to col=1 by nearest-column fallback (row=17, x=728.2, dist=67.5)
2026-09-07 00:58:52,284 MatchingPostProcessor WARNING  Orphan pdf_cell 761 recovered to col=1 by nearest-column fallback (row=17, x=739.3, dist=56.4)
2026-09-07 00:58:52,284 MatchingPostProcessor WARNING  Orphan pdf_cell 762 recovered to col=1 by nearest-column fallback (row=17, x=750.4, dist=45.3)
2026-09-07 00:58:52,284 MatchingPostProcessor WARNING  Orphan pdf_cell 763 recovered to col=1 by nearest-column fallback (row=17, x=761.5, dist=34.2)
2026-09-07 00:58:52,284 MatchingPostProcessor WARNING  Orphan pdf_cell 799 recovered to col=0 by nearest-column fallback (row=20, x=539.7, dist=226.9)
2026-09-07 00:58:52,284 MatchingPostProcessor WARNING  Orphan pdf_cell 800 recovered to col=0 by nearest-column fallback (row=20, x=550.8, dist=237.9)
2026-09-07 00:58:52,284 MatchingPostProcessor WARNING  Orphan pdf_cell 801 recovered to col=1 by nearest-column fallback (row=20, x=561.9, dist=233.8)
2026-09-07 00:58:52,284 MatchingPostProcessor WARNING  Orphan pdf_cell 802 recovered to col=1 by nearest-column fallback (row=20, x=573.0, dist=222.7)
2026-09-07 00:58:52,284 MatchingPostProcessor WARNING  Orphan pdf_cell 803 recovered to col=1 by nearest-column fallback (row=20, x=584.1, dist=211.7)
2026-09-07 00:58:52,284 MatchingPostProcessor WARNING  Orphan pdf_cell 804 recovered to col=1 by nearest-column fallback (row=20, x=595.2, dist=200.6)
2026-09-07 00:58:52,284 MatchingPostProcessor WARNING  Orphan pdf_cell 805 recovered to col=1 by nearest-column fallback (row=20, x=606.3, dist=189.5)
2026-09-07 00:58:52,284 MatchingPostProcessor WARNING  Orphan pdf_cell 806 recovered to col=1 by nearest-column fallback (row=20, x=617.4, dist=178.4)
2026-09-07 00:58:52,284 MatchingPostProcessor WARNING  Orphan pdf_cell 807 recovered to col=1 by nearest-column fallback (row=20, x=628.5, dist=167.3)
2026-09-07 00:58:52,284 MatchingPostProcessor WARNING  Orphan pdf_cell 808 recovered to col=1 by nearest-column fallback (row=20, x=639.5, dist=156.2)
2026-09-07 00:58:52,284 MatchingPostProcessor WARNING  Orphan pdf_cell 809 recovered to col=1 by nearest-column fallback (row=20, x=650.6, dist=145.1)
2026-09-07 00:58:52,284 MatchingPostProcessor WARNING  Orphan pdf_cell 810 recovered to col=1 by nearest-column fallback (row=20, x=661.7, dist=134.0)
2026-09-07 00:58:52,284 MatchingPostProcessor WARNING  Orphan pdf_cell 811 recovered to col=1 by nearest-column fallback (row=20, x=672.8, dist=122.9)
2026-09-07 00:58:52,284 MatchingPostProcessor WARNING  Orphan pdf_cell 812 recovered to col=1 by nearest-column fallback (row=20, x=683.9, dist=111.9)
2026-09-07 00:58:52,284 MatchingPostProcessor WARNING  Orphan pdf_cell 813 recovered to col=1 by nearest-column fallback (row=20, x=695.0, dist=100.8)
2026-09-07 00:58:52,284 MatchingPostProcessor WARNING  Orphan pdf_cell 814 recovered to col=1 by nearest-column fallback (row=20, x=706.1, dist=89.7)
2026-09-07 00:58:52,284 MatchingPostProcessor WARNING  Orphan pdf_cell 815 recovered to col=1 by nearest-column fallback (row=20, x=717.2, dist=78.6)
2026-09-07 00:58:52,284 MatchingPostProcessor WARNING  Orphan pdf_cell 816 recovered to col=1 by nearest-column fallback (row=20, x=728.2, dist=67.5)
2026-09-07 00:58:52,284 MatchingPostProcessor WARNING  Orphan pdf_cell 817 recovered to col=1 by nearest-column fallback (row=20, x=739.3, dist=56.4)
2026-09-07 00:58:52,284 MatchingPostProcessor WARNING  Orphan pdf_cell 818 recovered to col=1 by nearest-column fallback (row=20, x=750.4, dist=45.3)
2026-09-07 00:58:52,284 MatchingPostProcessor WARNING  Orphan pdf_cell 819 recovered to col=1 by nearest-column fallback (row=20, x=761.5, dist=34.2)
2026-09-07 00:58:52,285 MatchingPostProcessor WARNING  Orphan pdf_cell 843 recovered to col=0 by nearest-column fallback (row=21, x=539.7, dist=226.9)
2026-09-07 00:58:52,285 MatchingPostProcessor WARNING  Orphan pdf_cell 844 recovered to col=0 by nearest-column fallback (row=21, x=550.8, dist=237.9)
2026-09-07 00:58:52,285 MatchingPostProcessor WARNING  Orphan pdf_cell 845 recovered to col=1 by nearest-column fallback (row=21, x=561.9, dist=233.8)
2026-09-07 00:58:52,285 MatchingPostProcessor WARNING  Orphan pdf_cell 846 recovered to col=1 by nearest-column fallback (row=21, x=573.0, dist=222.7)
2026-09-07 00:58:52,285 MatchingPostProcessor WARNING  Orphan pdf_cell 847 recovered to col=1 by nearest-column fallback (row=21, x=584.1, dist=211.7)
2026-09-07 00:58:52,285 MatchingPostProcessor WARNING  Orphan pdf_cell 848 recovered to col=1 by nearest-column fallback (row=21, x=595.2, dist=200.6)
2026-09-07 00:58:52,285 MatchingPostProcessor WARNING  Orphan pdf_cell 849 recovered to col=1 by nearest-column fallback (row=21, x=606.3, dist=189.5)
2026-09-07 00:58:52,285 MatchingPostProcessor WARNING  Orphan pdf_cell 850 recovered to col=1 by nearest-column fallback (row=21, x=617.4, dist=178.4)
2026-09-07 00:58:52,285 MatchingPostProcessor WARNING  Orphan pdf_cell 851 recovered to col=1 by nearest-column fallback (row=21, x=628.5, dist=167.3)
2026-09-07 00:58:52,285 MatchingPostProcessor WARNING  Orphan pdf_cell 852 recovered to col=1 by nearest-column fallback (row=21, x=639.5, dist=156.2)
2026-09-07 00:58:52,285 MatchingPostProcessor WARNING  Orphan pdf_cell 853 recovered to col=1 by nearest-column fallback (row=21, x=650.6, dist=145.1)
2026-09-07 00:58:52,285 MatchingPostProcessor WARNING  Orphan pdf_cell 854 recovered to col=1 by nearest-column fallback (row=21, x=661.7, dist=134.0)
2026-09-07 00:58:52,285 MatchingPostProcessor WARNING  Orphan pdf_cell 855 recovered to col=1 by nearest-column fallback (row=21, x=672.8, dist=122.9)
2026-09-07 00:58:52,285 MatchingPostProcessor WARNING  Orphan pdf_cell 856 recovered to col=1 by nearest-column fallback (row=21, x=683.9, dist=111.9)
2026-09-07 00:58:52,285 MatchingPostProcessor WARNING  Orphan pdf_cell 857 recovered to col=1 by nearest-column fallback (row=21, x=695.0, dist=100.8)
2026-09-07 00:58:52,285 MatchingPostProcessor WARNING  Orphan pdf_cell 858 recovered to col=1 by nearest-column fallback (row=21, x=706.1, dist=89.7)
2026-09-07 00:58:52,285 MatchingPostProcessor WARNING  Orphan pdf_cell 859 recovered to col=1 by nearest-column fallback (row=21, x=717.2, dist=78.6)
2026-09-07 00:58:52,285 MatchingPostProcessor WARNING  Orphan pdf_cell 860 recovered to col=1 by nearest-column fallback (row=21, x=728.2, dist=67.5)
2026-09-07 00:58:52,285 MatchingPostProcessor WARNING  Orphan pdf_cell 861 recovered to col=1 by nearest-column fallback (row=21, x=739.3, dist=56.4)
2026-09-07 00:58:52,285 MatchingPostProcessor WARNING  Orphan pdf_cell 862 recovered to col=1 by nearest-column fallback (row=21, x=750.4, dist=45.3)
2026-09-07 00:58:52,285 MatchingPostProcessor WARNING  Orphan pdf_cell 863 recovered to col=1 by nearest-column fallback (row=21, x=761.5, dist=34.2)
2026-09-07 00:58:52,285 MatchingPostProcessor WARNING  Orphan pdf_cell 891 recovered to col=0 by nearest-column fallback (row=22, x=539.7, dist=226.9)
2026-09-07 00:58:52,285 MatchingPostProcessor WARNING  Orphan pdf_cell 892 recovered to col=0 by nearest-column fallback (row=22, x=550.8, dist=237.9)
2026-09-07 00:58:52,285 MatchingPostProcessor WARNING  Orphan pdf_cell 893 recovered to col=1 by nearest-column fallback (row=22, x=561.9, dist=233.8)
2026-09-07 00:58:52,285 MatchingPostProcessor WARNING  Orphan pdf_cell 894 recovered to col=1 by nearest-column fallback (row=22, x=573.0, dist=222.7)
2026-09-07 00:58:52,286 MatchingPostProcessor WARNING  Orphan pdf_cell 895 recovered to col=1 by nearest-column fallback (row=22, x=584.1, dist=211.7)
2026-09-07 00:58:52,286 MatchingPostProcessor WARNING  Orphan pdf_cell 896 recovered to col=1 by nearest-column fallback (row=22, x=595.2, dist=200.6)
2026-09-07 00:58:52,286 MatchingPostProcessor WARNING  Orphan pdf_cell 897 recovered to col=1 by nearest-column fallback (row=22, x=606.3, dist=189.5)
2026-09-07 00:58:52,286 MatchingPostProcessor WARNING  Orphan pdf_cell 898 recovered to col=1 by nearest-column fallback (row=22, x=617.4, dist=178.4)
2026-09-07 00:58:52,286 MatchingPostProcessor WARNING  Orphan pdf_cell 899 recovered to col=1 by nearest-column fallback (row=22, x=628.5, dist=167.3)
2026-09-07 00:58:52,286 MatchingPostProcessor WARNING  Orphan pdf_cell 900 recovered to col=1 by nearest-column fallback (row=22, x=639.5, dist=156.2)
2026-09-07 00:58:52,286 MatchingPostProcessor WARNING  Orphan pdf_cell 901 recovered to col=1 by nearest-column fallback (row=22, x=650.6, dist=145.1)
2026-09-07 00:58:52,286 MatchingPostProcessor WARNING  Orphan pdf_cell 902 recovered to col=1 by nearest-column fallback (row=22, x=661.7, dist=134.0)
2026-09-07 00:58:52,286 MatchingPostProcessor WARNING  Orphan pdf_cell 903 recovered to col=1 by nearest-column fallback (row=22, x=672.8, dist=122.9)
2026-09-07 00:58:52,286 MatchingPostProcessor WARNING  Orphan pdf_cell 904 recovered to col=1 by nearest-column fallback (row=22, x=683.9, dist=111.9)
2026-09-07 00:58:52,286 MatchingPostProcessor WARNING  Orphan pdf_cell 905 recovered to col=1 by nearest-column fallback (row=22, x=695.0, dist=100.8)
2026-09-07 00:58:52,286 MatchingPostProcessor WARNING  Orphan pdf_cell 906 recovered to col=1 by nearest-column fallback (row=22, x=706.1, dist=89.7)
2026-09-07 00:58:52,286 MatchingPostProcessor WARNING  Orphan pdf_cell 907 recovered to col=1 by nearest-column fallback (row=22, x=717.2, dist=78.6)
2026-09-07 00:58:52,286 MatchingPostProcessor WARNING  Orphan pdf_cell 908 recovered to col=1 by nearest-column fallback (row=22, x=728.2, dist=67.5)
2026-09-07 00:58:52,286 MatchingPostProcessor WARNING  Orphan pdf_cell 909 recovered to col=1 by nearest-column fallback (row=22, x=739.3, dist=56.4)
2026-09-07 00:58:52,286 MatchingPostProcessor WARNING  Orphan pdf_cell 910 recovered to col=1 by nearest-column fallback (row=22, x=750.4, dist=45.3)
2026-09-07 00:58:52,286 MatchingPostProcessor WARNING  Orphan pdf_cell 911 recovered to col=1 by nearest-column fallback (row=22, x=761.5, dist=34.2)
2026-09-07 00:58:52,286 MatchingPostProcessor WARNING  Orphan pdf_cell 942 recovered to col=0 by nearest-column fallback (row=23, x=539.7, dist=226.9)
2026-09-07 00:58:52,286 MatchingPostProcessor WARNING  Orphan pdf_cell 943 recovered to col=0 by nearest-column fallback (row=23, x=550.8, dist=237.9)
2026-09-07 00:58:52,286 MatchingPostProcessor WARNING  Orphan pdf_cell 944 recovered to col=1 by nearest-column fallback (row=23, x=561.9, dist=233.8)
2026-09-07 00:58:52,286 MatchingPostProcessor WARNING  Orphan pdf_cell 945 recovered to col=1 by nearest-column fallback (row=23, x=573.0, dist=222.7)
2026-09-07 00:58:52,286 MatchingPostProcessor WARNING  Orphan pdf_cell 946 recovered to col=1 by nearest-column fallback (row=23, x=584.1, dist=211.7)
2026-09-07 00:58:52,286 MatchingPostProcessor WARNING  Orphan pdf_cell 947 recovered to col=1 by nearest-column fallback (row=23, x=595.2, dist=200.6)
2026-09-07 00:58:52,286 MatchingPostProcessor WARNING  Orphan pdf_cell 948 recovered to col=1 by nearest-column fallback (row=23, x=606.3, dist=189.5)
2026-09-07 00:58:52,286 MatchingPostProcessor WARNING  Orphan pdf_cell 949 recovered to col=1 by nearest-column fallback (row=23, x=617.4, dist=178.4)
2026-09-07 00:58:52,286 MatchingPostProcessor WARNING  Orphan pdf_cell 950 recovered to col=1 by nearest-column fallback (row=23, x=628.5, dist=167.3)
2026-09-07 00:58:52,286 MatchingPostProcessor WARNING  Orphan pdf_cell 951 recovered to col=1 by nearest-column fallback (row=23, x=639.5, dist=156.2)
2026-09-07 00:58:52,286 MatchingPostProcessor WARNING  Orphan pdf_cell 952 recovered to col=1 by nearest-column fallback (row=23, x=650.6, dist=145.1)
2026-09-07 00:58:52,286 MatchingPostProcessor WARNING  Orphan pdf_cell 953 recovered to col=1 by nearest-column fallback (row=23, x=661.7, dist=134.0)
2026-09-07 00:58:52,286 MatchingPostProcessor WARNING  Orphan pdf_cell 954 recovered to col=1 by nearest-column fallback (row=23, x=672.8, dist=122.9)
2026-09-07 00:58:52,286 MatchingPostProcessor WARNING  Orphan pdf_cell 955 recovered to col=1 by nearest-column fallback (row=23, x=683.9, dist=111.9)
2026-09-07 00:58:52,287 MatchingPostProcessor WARNING  Orphan pdf_cell 956 recovered to col=1 by nearest-column fallback (row=23, x=695.0, dist=100.8)
2026-09-07 00:58:52,287 MatchingPostProcessor WARNING  Orphan pdf_cell 957 recovered to col=1 by nearest-column fallback (row=23, x=706.1, dist=89.7)
2026-09-07 00:58:52,287 MatchingPostProcessor WARNING  Orphan pdf_cell 958 recovered to col=1 by nearest-column fallback (row=23, x=717.2, dist=78.6)
2026-09-07 00:58:52,287 MatchingPostProcessor WARNING  Orphan pdf_cell 959 recovered to col=1 by nearest-column fallback (row=23, x=728.2, dist=67.5)
2026-09-07 00:58:52,287 MatchingPostProcessor WARNING  Orphan pdf_cell 960 recovered to col=1 by nearest-column fallback (row=23, x=739.3, dist=56.4)
2026-09-07 00:58:52,287 MatchingPostProcessor WARNING  Orphan pdf_cell 961 recovered to col=1 by nearest-column fallback (row=23, x=750.4, dist=45.3)
2026-09-07 00:58:52,287 MatchingPostProcessor WARNING  Orphan pdf_cell 962 recovered to col=1 by nearest-column fallback (row=23, x=761.5, dist=34.2)
2026-09-07 00:58:52,287 MatchingPostProcessor WARNING  Orphan pdf_cell 993 recovered to col=0 by nearest-column fallback (row=24, x=539.7, dist=226.9)
2026-09-07 00:58:52,287 MatchingPostProcessor WARNING  Orphan pdf_cell 994 recovered to col=0 by nearest-column fallback (row=24, x=550.8, dist=237.9)
2026-09-07 00:58:52,287 MatchingPostProcessor WARNING  Orphan pdf_cell 995 recovered to col=1 by nearest-column fallback (row=24, x=561.9, dist=233.8)
2026-09-07 00:58:52,287 MatchingPostProcessor WARNING  Orphan pdf_cell 996 recovered to col=1 by nearest-column fallback (row=24, x=573.0, dist=222.7)
2026-09-07 00:58:52,287 MatchingPostProcessor WARNING  Orphan pdf_cell 997 recovered to col=1 by nearest-column fallback (row=24, x=584.1, dist=211.7)
2026-09-07 00:58:52,287 MatchingPostProcessor WARNING  Orphan pdf_cell 998 recovered to col=1 by nearest-column fallback (row=24, x=595.2, dist=200.6)
2026-09-07 00:58:52,287 MatchingPostProcessor WARNING  Orphan pdf_cell 999 recovered to col=1 by nearest-column fallback (row=24, x=606.3, dist=189.5)
2026-09-07 00:58:52,287 MatchingPostProcessor WARNING  Orphan pdf_cell 1000 recovered to col=1 by nearest-column fallback (row=24, x=617.4, dist=178.4)
2026-09-07 00:58:52,287 MatchingPostProcessor WARNING  Orphan pdf_cell 1001 recovered to col=1 by nearest-column fallback (row=24, x=628.5, dist=167.3)
2026-09-07 00:58:52,287 MatchingPostProcessor WARNING  Orphan pdf_cell 1002 recovered to col=1 by nearest-column fallback (row=24, x=639.5, dist=156.2)
2026-09-07 00:58:52,287 MatchingPostProcessor WARNING  Orphan pdf_cell 1003 recovered to col=1 by nearest-column fallback (row=24, x=650.6, dist=145.1)
2026-09-07 00:58:52,287 MatchingPostProcessor WARNING  Orphan pdf_cell 1004 recovered to col=1 by nearest-column fallback (row=24, x=661.7, dist=134.0)
2026-09-07 00:58:52,287 MatchingPostProcessor WARNING  Orphan pdf_cell 1005 recovered to col=1 by nearest-column fallback (row=24, x=672.8, dist=122.9)
2026-09-07 00:58:52,287 MatchingPostProcessor WARNING  Orphan pdf_cell 1006 recovered to col=1 by nearest-column fallback (row=24, x=683.9, dist=111.9)
2026-09-07 00:58:52,287 MatchingPostProcessor WARNING  Orphan pdf_cell 1007 recovered to col=1 by nearest-column fallback (row=24, x=695.0, dist=100.8)
2026-09-07 00:58:52,287 MatchingPostProcessor WARNING  Orphan pdf_cell 1008 recovered to col=1 by nearest-column fallback (row=24, x=706.1, dist=89.7)
2026-09-07 00:58:52,287 MatchingPostProcessor WARNING  Orphan pdf_cell 1009 recovered to col=1 by nearest-column fallback (row=24, x=717.2, dist=78.6)
2026-09-07 00:58:52,287 MatchingPostProcessor WARNING  Orphan pdf_cell 1010 recovered to col=1 by nearest-column fallback (row=24, x=728.2, dist=67.5)
2026-09-07 00:58:52,287 MatchingPostProcessor WARNING  Orphan pdf_cell 1011 recovered to col=1 by nearest-column fallback (row=24, x=739.3, dist=56.4)
2026-09-07 00:58:52,287 MatchingPostProcessor WARNING  Orphan pdf_cell 1012 recovered to col=1 by nearest-column fallback (row=24, x=750.4, dist=45.3)
2026-09-07 00:58:52,287 MatchingPostProcessor WARNING  Orphan pdf_cell 1013 recovered to col=1 by nearest-column fallback (row=24, x=761.5, dist=34.2)
2026-09-07 00:58:52,288 MatchingPostProcessor WARNING  Orphan pdf_cell 1034 recovered to col=0 by nearest-column fallback (row=25, x=539.7, dist=226.9)
2026-09-07 00:58:52,288 MatchingPostProcessor WARNING  Orphan pdf_cell 1035 recovered to col=0 by nearest-column fallback (row=25, x=550.8, dist=237.9)
2026-09-07 00:58:52,288 MatchingPostProcessor WARNING  Orphan pdf_cell 1036 recovered to col=1 by nearest-column fallback (row=25, x=561.9, dist=233.8)
2026-09-07 00:58:52,288 MatchingPostProcessor WARNING  Orphan pdf_cell 1037 recovered to col=1 by nearest-column fallback (row=25, x=573.0, dist=222.7)
2026-09-07 00:58:52,288 MatchingPostProcessor WARNING  Orphan pdf_cell 1038 recovered to col=1 by nearest-column fallback (row=25, x=584.1, dist=211.7)
2026-09-07 00:58:52,288 MatchingPostProcessor WARNING  Orphan pdf_cell 1039 recovered to col=1 by nearest-column fallback (row=25, x=595.2, dist=200.6)
2026-09-07 00:58:52,288 MatchingPostProcessor WARNING  Orphan pdf_cell 1040 recovered to col=1 by nearest-column fallback (row=25, x=606.3, dist=189.5)
2026-09-07 00:58:52,288 MatchingPostProcessor WARNING  Orphan pdf_cell 1041 recovered to col=1 by nearest-column fallback (row=25, x=617.4, dist=178.4)
2026-09-07 00:58:52,288 MatchingPostProcessor WARNING  Orphan pdf_cell 1042 recovered to col=1 by nearest-column fallback (row=25, x=628.5, dist=167.3)
2026-09-07 00:58:52,288 MatchingPostProcessor WARNING  Orphan pdf_cell 1043 recovered to col=1 by nearest-column fallback (row=25, x=639.5, dist=156.2)
2026-09-07 00:58:52,288 MatchingPostProcessor WARNING  Orphan pdf_cell 1044 recovered to col=1 by nearest-column fallback (row=25, x=650.6, dist=145.1)
2026-09-07 00:58:52,288 MatchingPostProcessor WARNING  Orphan pdf_cell 1045 recovered to col=1 by nearest-column fallback (row=25, x=661.7, dist=134.0)
2026-09-07 00:58:52,288 MatchingPostProcessor WARNING  Orphan pdf_cell 1046 recovered to col=1 by nearest-column fallback (row=25, x=672.8, dist=122.9)
2026-09-07 00:58:52,288 MatchingPostProcessor WARNING  Orphan pdf_cell 1047 recovered to col=1 by nearest-column fallback (row=25, x=683.9, dist=111.9)
2026-09-07 00:58:52,288 MatchingPostProcessor WARNING  Orphan pdf_cell 1048 recovered to col=1 by nearest-column fallback (row=25, x=695.0, dist=100.8)
2026-09-07 00:58:52,288 MatchingPostProcessor WARNING  Orphan pdf_cell 1049 recovered to col=1 by nearest-column fallback (row=25, x=706.1, dist=89.7)
2026-09-07 00:58:52,288 MatchingPostProcessor WARNING  Orphan pdf_cell 1050 recovered to col=1 by nearest-column fallback (row=25, x=717.2, dist=78.6)
2026-09-07 00:58:52,288 MatchingPostProcessor WARNING  Orphan pdf_cell 1051 recovered to col=1 by nearest-column fallback (row=25, x=728.2, dist=67.5)
2026-09-07 00:58:52,288 MatchingPostProcessor WARNING  Orphan pdf_cell 1052 recovered to col=1 by nearest-column fallback (row=25, x=739.3, dist=56.4)
2026-09-07 00:58:52,288 MatchingPostProcessor WARNING  Orphan pdf_cell 1053 recovered to col=1 by nearest-column fallback (row=25, x=750.4, dist=45.3)
2026-09-07 00:58:52,288 MatchingPostProcessor WARNING  Orphan pdf_cell 1054 recovered to col=1 by nearest-column fallback (row=25, x=761.5, dist=34.2)
2026-09-07 00:58:52,288 MatchingPostProcessor WARNING  Orphan pdf_cell 1084 recovered to col=0 by nearest-column fallback (row=28, x=539.7, dist=226.9)
2026-09-07 00:58:52,288 MatchingPostProcessor WARNING  Orphan pdf_cell 1085 recovered to col=0 by nearest-column fallback (row=28, x=550.8, dist=237.9)
2026-09-07 00:58:52,288 MatchingPostProcessor WARNING  Orphan pdf_cell 1086 recovered to col=1 by nearest-column fallback (row=28, x=561.9, dist=233.8)
2026-09-07 00:58:52,288 MatchingPostProcessor WARNING  Orphan pdf_cell 1087 recovered to col=1 by nearest-column fallback (row=28, x=573.0, dist=222.7)
2026-09-07 00:58:52,288 MatchingPostProcessor WARNING  Orphan pdf_cell 1088 recovered to col=1 by nearest-column fallback (row=28, x=584.1, dist=211.7)
2026-09-07 00:58:52,288 MatchingPostProcessor WARNING  Orphan pdf_cell 1089 recovered to col=1 by nearest-column fallback (row=28, x=595.2, dist=200.6)
2026-09-07 00:58:52,288 MatchingPostProcessor WARNING  Orphan pdf_cell 1090 recovered to col=1 by nearest-column fallback (row=28, x=606.3, dist=189.5)
2026-09-07 00:58:52,288 MatchingPostProcessor WARNING  Orphan pdf_cell 1091 recovered to col=1 by nearest-column fallback (row=28, x=617.4, dist=178.4)
2026-09-07 00:58:52,288 MatchingPostProcessor WARNING  Orphan pdf_cell 1092 recovered to col=1 by nearest-column fallback (row=28, x=628.5, dist=167.3)
2026-09-07 00:58:52,289 MatchingPostProcessor WARNING  Orphan pdf_cell 1093 recovered to col=1 by nearest-column fallback (row=28, x=639.5, dist=156.2)
2026-09-07 00:58:52,289 MatchingPostProcessor WARNING  Orphan pdf_cell 1094 recovered to col=1 by nearest-column fallback (row=28, x=650.6, dist=145.1)
2026-09-07 00:58:52,289 MatchingPostProcessor WARNING  Orphan pdf_cell 1095 recovered to col=1 by nearest-column fallback (row=28, x=661.7, dist=134.0)
2026-09-07 00:58:52,289 MatchingPostProcessor WARNING  Orphan pdf_cell 1096 recovered to col=1 by nearest-column fallback (row=28, x=672.8, dist=122.9)
2026-09-07 00:58:52,289 MatchingPostProcessor WARNING  Orphan pdf_cell 1097 recovered to col=1 by nearest-column fallback (row=28, x=683.9, dist=111.9)
2026-09-07 00:58:52,289 MatchingPostProcessor WARNING  Orphan pdf_cell 1098 recovered to col=1 by nearest-column fallback (row=28, x=695.0, dist=100.8)
2026-09-07 00:58:52,289 MatchingPostProcessor WARNING  Orphan pdf_cell 1099 recovered to col=1 by nearest-column fallback (row=28, x=706.1, dist=89.7)
2026-09-07 00:58:52,289 MatchingPostProcessor WARNING  Orphan pdf_cell 1100 recovered to col=1 by nearest-column fallback (row=28, x=717.2, dist=78.6)
2026-09-07 00:58:52,289 MatchingPostProcessor WARNING  Orphan pdf_cell 1101 recovered to col=1 by nearest-column fallback (row=28, x=728.2, dist=67.5)
2026-09-07 00:58:52,289 MatchingPostProcessor WARNING  Orphan pdf_cell 1102 recovered to col=1 by nearest-column fallback (row=28, x=739.3, dist=56.4)
2026-09-07 00:58:52,289 MatchingPostProcessor WARNING  Orphan pdf_cell 1103 recovered to col=1 by nearest-column fallback (row=28, x=750.4, dist=45.3)
2026-09-07 00:58:52,289 MatchingPostProcessor WARNING  Orphan pdf_cell 1104 recovered to col=1 by nearest-column fallback (row=28, x=761.5, dist=34.2)
2026-09-07 00:58:52,289 MatchingPostProcessor WARNING  Orphan pdf_cell 1128 recovered to col=0 by nearest-column fallback (row=29, x=539.7, dist=226.9)
2026-09-07 00:58:52,289 MatchingPostProcessor WARNING  Orphan pdf_cell 1129 recovered to col=0 by nearest-column fallback (row=29, x=550.8, dist=237.9)
2026-09-07 00:58:52,289 MatchingPostProcessor WARNING  Orphan pdf_cell 1130 recovered to col=1 by nearest-column fallback (row=29, x=561.9, dist=233.8)
2026-09-07 00:58:52,289 MatchingPostProcessor WARNING  Orphan pdf_cell 1131 recovered to col=1 by nearest-column fallback (row=29, x=573.0, dist=222.7)
2026-09-07 00:58:52,289 MatchingPostProcessor WARNING  Orphan pdf_cell 1132 recovered to col=1 by nearest-column fallback (row=29, x=584.1, dist=211.7)
2026-09-07 00:58:52,289 MatchingPostProcessor WARNING  Orphan pdf_cell 1133 recovered to col=1 by nearest-column fallback (row=29, x=595.2, dist=200.6)
2026-09-07 00:58:52,289 MatchingPostProcessor WARNING  Orphan pdf_cell 1134 recovered to col=1 by nearest-column fallback (row=29, x=606.3, dist=189.5)
2026-09-07 00:58:52,289 MatchingPostProcessor WARNING  Orphan pdf_cell 1135 recovered to col=1 by nearest-column fallback (row=29, x=617.4, dist=178.4)
2026-09-07 00:58:52,289 MatchingPostProcessor WARNING  Orphan pdf_cell 1136 recovered to col=1 by nearest-column fallback (row=29, x=628.5, dist=167.3)
2026-09-07 00:58:52,289 MatchingPostProcessor WARNING  Orphan pdf_cell 1137 recovered to col=1 by nearest-column fallback (row=29, x=639.5, dist=156.2)
2026-09-07 00:58:52,289 MatchingPostProcessor WARNING  Orphan pdf_cell 1138 recovered to col=1 by nearest-column fallback (row=29, x=650.6, dist=145.1)
2026-09-07 00:58:52,289 MatchingPostProcessor WARNING  Orphan pdf_cell 1139 recovered to col=1 by nearest-column fallback (row=29, x=661.7, dist=134.0)
2026-09-07 00:58:52,289 MatchingPostProcessor WARNING  Orphan pdf_cell 1140 recovered to col=1 by nearest-column fallback (row=29, x=672.8, dist=122.9)
2026-09-07 00:58:52,289 MatchingPostProcessor WARNING  Orphan pdf_cell 1141 recovered to col=1 by nearest-column fallback (row=29, x=683.9, dist=111.9)
2026-09-07 00:58:52,289 MatchingPostProcessor WARNING  Orphan pdf_cell 1142 recovered to col=1 by nearest-column fallback (row=29, x=695.0, dist=100.8)
2026-09-07 00:58:52,289 MatchingPostProcessor WARNING  Orphan pdf_cell 1143 recovered to col=1 by nearest-column fallback (row=29, x=706.1, dist=89.7)
2026-09-07 00:58:52,289 MatchingPostProcessor WARNING  Orphan pdf_cell 1144 recovered to col=1 by nearest-column fallback (row=29, x=717.2, dist=78.6)
2026-09-07 00:58:52,289 MatchingPostProcessor WARNING  Orphan pdf_cell 1145 recovered to col=1 by nearest-column fallback (row=29, x=728.2, dist=67.5)
2026-09-07 00:58:52,289 MatchingPostProcessor WARNING  Orphan pdf_cell 1146 recovered to col=1 by nearest-column fallback (row=29, x=739.3, dist=56.4)
2026-09-07 00:58:52,289 MatchingPostProcessor WARNING  Orphan pdf_cell 1147 recovered to col=1 by nearest-column fallback (row=29, x=750.4, dist=45.3)
2026-09-07 00:58:52,289 MatchingPostProcessor WARNING  Orphan pdf_cell 1148 recovered to col=1 by nearest-column fallback (row=29, x=761.5, dist=34.2)
2026-09-07 00:58:52,290 MatchingPostProcessor WARNING  Orphan pdf_cell 1171 recovered to col=0 by nearest-column fallback (row=30, x=539.7, dist=226.9)
2026-09-07 00:58:52,290 MatchingPostProcessor WARNING  Orphan pdf_cell 1172 recovered to col=0 by nearest-column fallback (row=30, x=550.8, dist=237.9)
2026-09-07 00:58:52,290 MatchingPostProcessor WARNING  Orphan pdf_cell 1173 recovered to col=1 by nearest-column fallback (row=30, x=561.9, dist=233.8)
2026-09-07 00:58:52,290 MatchingPostProcessor WARNING  Orphan pdf_cell 1174 recovered to col=1 by nearest-column fallback (row=30, x=573.0, dist=222.7)
2026-09-07 00:58:52,290 MatchingPostProcessor WARNING  Orphan pdf_cell 1175 recovered to col=1 by nearest-column fallback (row=30, x=584.1, dist=211.7)
2026-09-07 00:58:52,290 MatchingPostProcessor WARNING  Orphan pdf_cell 1176 recovered to col=1 by nearest-column fallback (row=30, x=595.2, dist=200.6)
2026-09-07 00:58:52,290 MatchingPostProcessor WARNING  Orphan pdf_cell 1177 recovered to col=1 by nearest-column fallback (row=30, x=606.3, dist=189.5)
2026-09-07 00:58:52,290 MatchingPostProcessor WARNING  Orphan pdf_cell 1178 recovered to col=1 by nearest-column fallback (row=30, x=617.4, dist=178.4)
2026-09-07 00:58:52,290 MatchingPostProcessor WARNING  Orphan pdf_cell 1179 recovered to col=1 by nearest-column fallback (row=30, x=628.5, dist=167.3)
2026-09-07 00:58:52,290 MatchingPostProcessor WARNING  Orphan pdf_cell 1180 recovered to col=1 by nearest-column fallback (row=30, x=639.5, dist=156.2)
2026-09-07 00:58:52,290 MatchingPostProcessor WARNING  Orphan pdf_cell 1181 recovered to col=1 by nearest-column fallback (row=30, x=650.6, dist=145.1)
2026-09-07 00:58:52,290 MatchingPostProcessor WARNING  Orphan pdf_cell 1182 recovered to col=1 by nearest-column fallback (row=30, x=661.7, dist=134.0)
2026-09-07 00:58:52,290 MatchingPostProcessor WARNING  Orphan pdf_cell 1183 recovered to col=1 by nearest-column fallback (row=30, x=672.8, dist=122.9)
2026-09-07 00:58:52,290 MatchingPostProcessor WARNING  Orphan pdf_cell 1184 recovered to col=1 by nearest-column fallback (row=30, x=683.9, dist=111.9)
2026-09-07 00:58:52,290 MatchingPostProcessor WARNING  Orphan pdf_cell 1185 recovered to col=1 by nearest-column fallback (row=30, x=695.0, dist=100.8)
2026-09-07 00:58:52,290 MatchingPostProcessor WARNING  Orphan pdf_cell 1186 recovered to col=1 by nearest-column fallback (row=30, x=706.1, dist=89.7)
2026-09-07 00:58:52,290 MatchingPostProcessor WARNING  Orphan pdf_cell 1187 recovered to col=1 by nearest-column fallback (row=30, x=717.2, dist=78.6)
2026-09-07 00:58:52,290 MatchingPostProcessor WARNING  Orphan pdf_cell 1188 recovered to col=1 by nearest-column fallback (row=30, x=728.2, dist=67.5)
2026-09-07 00:58:52,290 MatchingPostProcessor WARNING  Orphan pdf_cell 1189 recovered to col=1 by nearest-column fallback (row=30, x=739.3, dist=56.4)
2026-09-07 00:58:52,290 MatchingPostProcessor WARNING  Orphan pdf_cell 1190 recovered to col=1 by nearest-column fallback (row=30, x=750.4, dist=45.3)
2026-09-07 00:58:52,290 MatchingPostProcessor WARNING  Orphan pdf_cell 1191 recovered to col=1 by nearest-column fallback (row=30, x=761.5, dist=34.2)
2026-09-07 00:58:52,290 MatchingPostProcessor WARNING  Orphan pdf_cell 1209 recovered to col=0 by nearest-column fallback (row=31, x=539.7, dist=226.9)
2026-09-07 00:58:52,290 MatchingPostProcessor WARNING  Orphan pdf_cell 1210 recovered to col=0 by nearest-column fallback (row=31, x=550.8, dist=237.9)
2026-09-07 00:58:52,290 MatchingPostProcessor WARNING  Orphan pdf_cell 1211 recovered to col=1 by nearest-column fallback (row=31, x=561.9, dist=233.8)
2026-09-07 00:58:52,290 MatchingPostProcessor WARNING  Orphan pdf_cell 1212 recovered to col=1 by nearest-column fallback (row=31, x=573.0, dist=222.7)
2026-09-07 00:58:52,290 MatchingPostProcessor WARNING  Orphan pdf_cell 1213 recovered to col=1 by nearest-column fallback (row=31, x=584.1, dist=211.7)
2026-09-07 00:58:52,290 MatchingPostProcessor WARNING  Orphan pdf_cell 1214 recovered to col=1 by nearest-column fallback (row=31, x=595.2, dist=200.6)
2026-09-07 00:58:52,290 MatchingPostProcessor WARNING  Orphan pdf_cell 1215 recovered to col=1 by nearest-column fallback (row=31, x=606.3, dist=189.5)
2026-09-07 00:58:52,290 MatchingPostProcessor WARNING  Orphan pdf_cell 1216 recovered to col=1 by nearest-column fallback (row=31, x=617.4, dist=178.4)
2026-09-07 00:58:52,290 MatchingPostProcessor WARNING  Orphan pdf_cell 1217 recovered to col=1 by nearest-column fallback (row=31, x=628.5, dist=167.3)
2026-09-07 00:58:52,290 MatchingPostProcessor WARNING  Orphan pdf_cell 1218 recovered to col=1 by nearest-column fallback (row=31, x=639.5, dist=156.2)
2026-09-07 00:58:52,290 MatchingPostProcessor WARNING  Orphan pdf_cell 1219 recovered to col=1 by nearest-column fallback (row=31, x=650.6, dist=145.1)
2026-09-07 00:58:52,290 MatchingPostProcessor WARNING  Orphan pdf_cell 1220 recovered to col=1 by nearest-column fallback (row=31, x=661.7, dist=134.0)
2026-09-07 00:58:52,290 MatchingPostProcessor WARNING  Orphan pdf_cell 1221 recovered to col=1 by nearest-column fallback (row=31, x=672.8, dist=122.9)
2026-09-07 00:58:52,290 MatchingPostProcessor WARNING  Orphan pdf_cell 1222 recovered to col=1 by nearest-column fallback (row=31, x=683.9, dist=111.9)
2026-09-07 00:58:52,290 MatchingPostProcessor WARNING  Orphan pdf_cell 1223 recovered to col=1 by nearest-column fallback (row=31, x=695.0, dist=100.8)
2026-09-07 00:58:52,290 MatchingPostProcessor WARNING  Orphan pdf_cell 1224 recovered to col=1 by nearest-column fallback (row=31, x=706.1, dist=89.7)
2026-09-07 00:58:52,290 MatchingPostProcessor WARNING  Orphan pdf_cell 1225 recovered to col=1 by nearest-column fallback (row=31, x=717.2, dist=78.6)
2026-09-07 00:58:52,290 MatchingPostProcessor WARNING  Orphan pdf_cell 1226 recovered to col=1 by nearest-column fallback (row=31, x=728.2, dist=67.5)
2026-09-07 00:58:52,290 MatchingPostProcessor WARNING  Orphan pdf_cell 1227 recovered to col=1 by nearest-column fallback (row=31, x=739.3, dist=56.4)
2026-09-07 00:58:52,291 MatchingPostProcessor WARNING  Orphan pdf_cell 1228 recovered to col=1 by nearest-column fallback (row=31, x=750.4, dist=45.3)
2026-09-07 00:58:52,291 MatchingPostProcessor WARNING  Orphan pdf_cell 1229 recovered to col=1 by nearest-column fallback (row=31, x=761.5, dist=34.2)
2026-09-07 00:58:52,291 MatchingPostProcessor WARNING  Orphan pdf_cell 1241 recovered to col=0 by nearest-column fallback (row=32, x=539.7, dist=226.9)
2026-09-07 00:58:52,291 MatchingPostProcessor WARNING  Orphan pdf_cell 1242 recovered to col=0 by nearest-column fallback (row=32, x=550.8, dist=237.9)
2026-09-07 00:58:52,291 MatchingPostProcessor WARNING  Orphan pdf_cell 1243 recovered to col=1 by nearest-column fallback (row=32, x=561.9, dist=233.8)
2026-09-07 00:58:52,291 MatchingPostProcessor WARNING  Orphan pdf_cell 1244 recovered to col=1 by nearest-column fallback (row=32, x=573.0, dist=222.7)
2026-09-07 00:58:52,291 MatchingPostProcessor WARNING  Orphan pdf_cell 1245 recovered to col=1 by nearest-column fallback (row=32, x=584.1, dist=211.7)
2026-09-07 00:58:52,291 MatchingPostProcessor WARNING  Orphan pdf_cell 1246 recovered to col=1 by nearest-column fallback (row=32, x=595.2, dist=200.6)
2026-09-07 00:58:52,291 MatchingPostProcessor WARNING  Orphan pdf_cell 1247 recovered to col=1 by nearest-column fallback (row=32, x=606.3, dist=189.5)
2026-09-07 00:58:52,291 MatchingPostProcessor WARNING  Orphan pdf_cell 1248 recovered to col=1 by nearest-column fallback (row=32, x=617.4, dist=178.4)
2026-09-07 00:58:52,291 MatchingPostProcessor WARNING  Orphan pdf_cell 1249 recovered to col=1 by nearest-column fallback (row=32, x=628.5, dist=167.3)
2026-09-07 00:58:52,291 MatchingPostProcessor WARNING  Orphan pdf_cell 1250 recovered to col=1 by nearest-column fallback (row=32, x=639.5, dist=156.2)
2026-09-07 00:58:52,291 MatchingPostProcessor WARNING  Orphan pdf_cell 1251 recovered to col=1 by nearest-column fallback (row=32, x=650.6, dist=145.1)
2026-09-07 00:58:52,291 MatchingPostProcessor WARNING  Orphan pdf_cell 1252 recovered to col=1 by nearest-column fallback (row=32, x=661.7, dist=134.0)
2026-09-07 00:58:52,291 MatchingPostProcessor WARNING  Orphan pdf_cell 1253 recovered to col=1 by nearest-column fallback (row=32, x=672.8, dist=122.9)
2026-09-07 00:58:52,291 MatchingPostProcessor WARNING  Orphan pdf_cell 1254 recovered to col=1 by nearest-column fallback (row=32, x=683.9, dist=111.9)
2026-09-07 00:58:52,291 MatchingPostProcessor WARNING  Orphan pdf_cell 1255 recovered to col=1 by nearest-column fallback (row=32, x=695.0, dist=100.8)
2026-09-07 00:58:52,291 MatchingPostProcessor WARNING  Orphan pdf_cell 1256 recovered to col=1 by nearest-column fallback (row=32, x=706.1, dist=89.7)
2026-09-07 00:58:52,291 MatchingPostProcessor WARNING  Orphan pdf_cell 1257 recovered to col=1 by nearest-column fallback (row=32, x=717.2, dist=78.6)
2026-09-07 00:58:52,291 MatchingPostProcessor WARNING  Orphan pdf_cell 1258 recovered to col=1 by nearest-column fallback (row=32, x=728.2, dist=67.5)
2026-09-07 00:58:52,291 MatchingPostProcessor WARNING  Orphan pdf_cell 1259 recovered to col=1 by nearest-column fallback (row=32, x=739.3, dist=56.4)
2026-09-07 00:58:52,291 MatchingPostProcessor WARNING  Orphan pdf_cell 1260 recovered to col=1 by nearest-column fallback (row=32, x=750.4, dist=45.3)
2026-09-07 00:58:52,291 MatchingPostProcessor WARNING  Orphan pdf_cell 1261 recovered to col=1 by nearest-column fallback (row=32, x=761.5, dist=34.2)
2026-09-07 00:58:52,291 MatchingPostProcessor WARNING  Orphan pdf_cell 1285 recovered to col=0 by nearest-column fallback (row=33, x=539.7, dist=226.9)
2026-09-07 00:58:52,291 MatchingPostProcessor WARNING  Orphan pdf_cell 1286 recovered to col=0 by nearest-column fallback (row=33, x=550.8, dist=237.9)
2026-09-07 00:58:52,291 MatchingPostProcessor WARNING  Orphan pdf_cell 1287 recovered to col=1 by nearest-column fallback (row=33, x=561.9, dist=233.8)
2026-09-07 00:58:52,291 MatchingPostProcessor WARNING  Orphan pdf_cell 1288 recovered to col=1 by nearest-column fallback (row=33, x=573.0, dist=222.7)
2026-09-07 00:58:52,291 MatchingPostProcessor WARNING  Orphan pdf_cell 1289 recovered to col=1 by nearest-column fallback (row=33, x=584.1, dist=211.7)
2026-09-07 00:58:52,291 MatchingPostProcessor WARNING  Orphan pdf_cell 1290 recovered to col=1 by nearest-column fallback (row=33, x=595.2, dist=200.6)
2026-09-07 00:58:52,291 MatchingPostProcessor WARNING  Orphan pdf_cell 1291 recovered to col=1 by nearest-column fallback (row=33, x=606.3, dist=189.5)
2026-09-07 00:58:52,292 MatchingPostProcessor WARNING  Orphan pdf_cell 1292 recovered to col=1 by nearest-column fallback (row=33, x=617.4, dist=178.4)
2026-09-07 00:58:52,292 MatchingPostProcessor WARNING  Orphan pdf_cell 1293 recovered to col=1 by nearest-column fallback (row=33, x=628.5, dist=167.3)
2026-09-07 00:58:52,292 MatchingPostProcessor WARNING  Orphan pdf_cell 1294 recovered to col=1 by nearest-column fallback (row=33, x=639.5, dist=156.2)
2026-09-07 00:58:52,292 MatchingPostProcessor WARNING  Orphan pdf_cell 1295 recovered to col=1 by nearest-column fallback (row=33, x=650.6, dist=145.1)
2026-09-07 00:58:52,292 MatchingPostProcessor WARNING  Orphan pdf_cell 1296 recovered to col=1 by nearest-column fallback (row=33, x=661.7, dist=134.0)
2026-09-07 00:58:52,292 MatchingPostProcessor WARNING  Orphan pdf_cell 1297 recovered to col=1 by nearest-column fallback (row=33, x=672.8, dist=122.9)
2026-09-07 00:58:52,292 MatchingPostProcessor WARNING  Orphan pdf_cell 1298 recovered to col=1 by nearest-column fallback (row=33, x=683.9, dist=111.9)
2026-09-07 00:58:52,292 MatchingPostProcessor WARNING  Orphan pdf_cell 1299 recovered to col=1 by nearest-column fallback (row=33, x=695.0, dist=100.8)
2026-09-07 00:58:52,292 MatchingPostProcessor WARNING  Orphan pdf_cell 1300 recovered to col=1 by nearest-column fallback (row=33, x=706.1, dist=89.7)
2026-09-07 00:58:52,292 MatchingPostProcessor WARNING  Orphan pdf_cell 1301 recovered to col=1 by nearest-column fallback (row=33, x=717.2, dist=78.6)
2026-09-07 00:58:52,292 MatchingPostProcessor WARNING  Orphan pdf_cell 1302 recovered to col=1 by nearest-column fallback (row=33, x=728.2, dist=67.5)
2026-09-07 00:58:52,292 MatchingPostProcessor WARNING  Orphan pdf_cell 1303 recovered to col=1 by nearest-column fallback (row=33, x=739.3, dist=56.4)
2026-09-07 00:58:52,292 MatchingPostProcessor WARNING  Orphan pdf_cell 1304 recovered to col=1 by nearest-column fallback (row=33, x=750.4, dist=45.3)
2026-09-07 00:58:52,292 MatchingPostProcessor WARNING  Orphan pdf_cell 1305 recovered to col=1 by nearest-column fallback (row=33, x=761.5, dist=34.2)
2026-09-07 00:58:52,292 MatchingPostProcessor WARNING  Orphan pdf_cell 1323 recovered to col=0 by nearest-column fallback (row=34, x=539.7, dist=226.9)
2026-09-07 00:58:52,292 MatchingPostProcessor WARNING  Orphan pdf_cell 1324 recovered to col=0 by nearest-column fallback (row=34, x=550.8, dist=237.9)
2026-09-07 00:58:52,292 MatchingPostProcessor WARNING  Orphan pdf_cell 1325 recovered to col=1 by nearest-column fallback (row=34, x=561.9, dist=233.8)
2026-09-07 00:58:52,292 MatchingPostProcessor WARNING  Orphan pdf_cell 1326 recovered to col=1 by nearest-column fallback (row=34, x=573.0, dist=222.7)
2026-09-07 00:58:52,292 MatchingPostProcessor WARNING  Orphan pdf_cell 1327 recovered to col=1 by nearest-column fallback (row=34, x=584.1, dist=211.7)
2026-09-07 00:58:52,292 MatchingPostProcessor WARNING  Orphan pdf_cell 1328 recovered to col=1 by nearest-column fallback (row=34, x=595.2, dist=200.6)
2026-09-07 00:58:52,292 MatchingPostProcessor WARNING  Orphan pdf_cell 1329 recovered to col=1 by nearest-column fallback (row=34, x=606.3, dist=189.5)
2026-09-07 00:58:52,292 MatchingPostProcessor WARNING  Orphan pdf_cell 1330 recovered to col=1 by nearest-column fallback (row=34, x=617.4, dist=178.4)
2026-09-07 00:58:52,292 MatchingPostProcessor WARNING  Orphan pdf_cell 1331 recovered to col=1 by nearest-column fallback (row=34, x=628.5, dist=167.3)
2026-09-07 00:58:52,292 MatchingPostProcessor WARNING  Orphan pdf_cell 1332 recovered to col=1 by nearest-column fallback (row=34, x=639.5, dist=156.2)
2026-09-07 00:58:52,292 MatchingPostProcessor WARNING  Orphan pdf_cell 1333 recovered to col=1 by nearest-column fallback (row=34, x=650.6, dist=145.1)
2026-09-07 00:58:52,292 MatchingPostProcessor WARNING  Orphan pdf_cell 1334 recovered to col=1 by nearest-column fallback (row=34, x=661.7, dist=134.0)
2026-09-07 00:58:52,292 MatchingPostProcessor WARNING  Orphan pdf_cell 1335 recovered to col=1 by nearest-column fallback (row=34, x=672.8, dist=122.9)
2026-09-07 00:58:52,292 MatchingPostProcessor WARNING  Orphan pdf_cell 1336 recovered to col=1 by nearest-column fallback (row=34, x=683.9, dist=111.9)
2026-09-07 00:58:52,292 MatchingPostProcessor WARNING  Orphan pdf_cell 1337 recovered to col=1 by nearest-column fallback (row=34, x=695.0, dist=100.8)
2026-09-07 00:58:52,292 MatchingPostProcessor WARNING  Orphan pdf_cell 1338 recovered to col=1 by nearest-column fallback (row=34, x=706.1, dist=89.7)
2026-09-07 00:58:52,292 MatchingPostProcessor WARNING  Orphan pdf_cell 1339 recovered to col=1 by nearest-column fallback (row=34, x=717.2, dist=78.6)
2026-09-07 00:58:52,292 MatchingPostProcessor WARNING  Orphan pdf_cell 1340 recovered to col=1 by nearest-column fallback (row=34, x=728.2, dist=67.5)
2026-09-07 00:58:52,292 MatchingPostProcessor WARNING  Orphan pdf_cell 1341 recovered to col=1 by nearest-column fallback (row=34, x=739.3, dist=56.4)
2026-09-07 00:58:52,292 MatchingPostProcessor WARNING  Orphan pdf_cell 1342 recovered to col=1 by nearest-column fallback (row=34, x=750.4, dist=45.3)
2026-09-07 00:58:52,292 MatchingPostProcessor WARNING  Orphan pdf_cell 1343 recovered to col=1 by nearest-column fallback (row=34, x=761.5, dist=34.2)
2026-09-07 00:58:53,524 MatchingPostProcessor WARNING  Orphan pdf_cell 23 recovered to col=0 by nearest-column fallback (row=0, x=550.8, dist=231.7)
2026-09-07 00:58:53,524 MatchingPostProcessor WARNING  Orphan pdf_cell 24 recovered to col=1 by nearest-column fallback (row=0, x=561.9, dist=235.7)
2026-09-07 00:58:53,524 MatchingPostProcessor WARNING  Orphan pdf_cell 25 recovered to col=1 by nearest-column fallback (row=0, x=573.0, dist=224.6)
2026-09-07 00:58:53,524 MatchingPostProcessor WARNING  Orphan pdf_cell 26 recovered to col=1 by nearest-column fallback (row=0, x=584.1, dist=213.5)
2026-09-07 00:58:53,524 MatchingPostProcessor WARNING  Orphan pdf_cell 27 recovered to col=1 by nearest-column fallback (row=0, x=595.2, dist=202.4)
2026-09-07 00:58:53,524 MatchingPostProcessor WARNING  Orphan pdf_cell 28 recovered to col=1 by nearest-column fallback (row=0, x=606.3, dist=191.3)
2026-09-07 00:58:53,524 MatchingPostProcessor WARNING  Orphan pdf_cell 29 recovered to col=1 by nearest-column fallback (row=0, x=617.4, dist=180.2)
2026-09-07 00:58:53,524 MatchingPostProcessor WARNING  Orphan pdf_cell 30 recovered to col=1 by nearest-column fallback (row=0, x=628.5, dist=169.1)
2026-09-07 00:58:53,524 MatchingPostProcessor WARNING  Orphan pdf_cell 31 recovered to col=1 by nearest-column fallback (row=0, x=639.5, dist=158.0)
2026-09-07 00:58:53,524 MatchingPostProcessor WARNING  Orphan pdf_cell 32 recovered to col=1 by nearest-column fallback (row=0, x=650.6, dist=146.9)
2026-09-07 00:58:53,524 MatchingPostProcessor WARNING  Orphan pdf_cell 33 recovered to col=1 by nearest-column fallback (row=0, x=661.7, dist=135.9)
2026-09-07 00:58:53,524 MatchingPostProcessor WARNING  Orphan pdf_cell 34 recovered to col=1 by nearest-column fallback (row=0, x=672.8, dist=124.8)
2026-09-07 00:58:53,524 MatchingPostProcessor WARNING  Orphan pdf_cell 35 recovered to col=1 by nearest-column fallback (row=0, x=683.9, dist=113.7)
2026-09-07 00:58:53,524 MatchingPostProcessor WARNING  Orphan pdf_cell 36 recovered to col=1 by nearest-column fallback (row=0, x=695.0, dist=102.6)
2026-09-07 00:58:53,524 MatchingPostProcessor WARNING  Orphan pdf_cell 37 recovered to col=1 by nearest-column fallback (row=0, x=706.1, dist=91.5)
2026-09-07 00:58:53,524 MatchingPostProcessor WARNING  Orphan pdf_cell 38 recovered to col=1 by nearest-column fallback (row=0, x=717.2, dist=80.4)
2026-09-07 00:58:53,524 MatchingPostProcessor WARNING  Orphan pdf_cell 39 recovered to col=1 by nearest-column fallback (row=0, x=728.2, dist=69.3)
2026-09-07 00:58:53,524 MatchingPostProcessor WARNING  Orphan pdf_cell 40 recovered to col=1 by nearest-column fallback (row=0, x=739.3, dist=58.2)
2026-09-07 00:58:53,524 MatchingPostProcessor WARNING  Orphan pdf_cell 41 recovered to col=1 by nearest-column fallback (row=0, x=750.4, dist=47.2)
2026-09-07 00:58:53,524 MatchingPostProcessor WARNING  Orphan pdf_cell 42 recovered to col=1 by nearest-column fallback (row=0, x=761.5, dist=36.1)
2026-09-07 00:58:53,525 MatchingPostProcessor WARNING  Orphan pdf_cell 61 recovered to col=0 by nearest-column fallback (row=1, x=550.8, dist=231.7)
2026-09-07 00:58:53,525 MatchingPostProcessor WARNING  Orphan pdf_cell 62 recovered to col=1 by nearest-column fallback (row=1, x=561.9, dist=235.7)
2026-09-07 00:58:53,525 MatchingPostProcessor WARNING  Orphan pdf_cell 63 recovered to col=1 by nearest-column fallback (row=1, x=573.0, dist=224.6)
2026-09-07 00:58:53,525 MatchingPostProcessor WARNING  Orphan pdf_cell 64 recovered to col=1 by nearest-column fallback (row=1, x=584.1, dist=213.5)
2026-09-07 00:58:53,525 MatchingPostProcessor WARNING  Orphan pdf_cell 65 recovered to col=1 by nearest-column fallback (row=1, x=595.2, dist=202.4)
2026-09-07 00:58:53,525 MatchingPostProcessor WARNING  Orphan pdf_cell 66 recovered to col=1 by nearest-column fallback (row=1, x=606.3, dist=191.3)
2026-09-07 00:58:53,525 MatchingPostProcessor WARNING  Orphan pdf_cell 67 recovered to col=1 by nearest-column fallback (row=1, x=617.4, dist=180.2)
2026-09-07 00:58:53,525 MatchingPostProcessor WARNING  Orphan pdf_cell 68 recovered to col=1 by nearest-column fallback (row=1, x=628.5, dist=169.1)
2026-09-07 00:58:53,525 MatchingPostProcessor WARNING  Orphan pdf_cell 69 recovered to col=1 by nearest-column fallback (row=1, x=639.5, dist=158.0)
2026-09-07 00:58:53,525 MatchingPostProcessor WARNING  Orphan pdf_cell 70 recovered to col=1 by nearest-column fallback (row=1, x=650.6, dist=146.9)
2026-09-07 00:58:53,525 MatchingPostProcessor WARNING  Orphan pdf_cell 71 recovered to col=1 by nearest-column fallback (row=1, x=661.7, dist=135.9)
2026-09-07 00:58:53,525 MatchingPostProcessor WARNING  Orphan pdf_cell 72 recovered to col=1 by nearest-column fallback (row=1, x=672.8, dist=124.8)
2026-09-07 00:58:53,525 MatchingPostProcessor WARNING  Orphan pdf_cell 73 recovered to col=1 by nearest-column fallback (row=1, x=683.9, dist=113.7)
2026-09-07 00:58:53,525 MatchingPostProcessor WARNING  Orphan pdf_cell 74 recovered to col=1 by nearest-column fallback (row=1, x=695.0, dist=102.6)
2026-09-07 00:58:53,525 MatchingPostProcessor WARNING  Orphan pdf_cell 75 recovered to col=1 by nearest-column fallback (row=1, x=706.1, dist=91.5)
2026-09-07 00:58:53,525 MatchingPostProcessor WARNING  Orphan pdf_cell 76 recovered to col=1 by nearest-column fallback (row=1, x=717.2, dist=80.4)
2026-09-07 00:58:53,525 MatchingPostProcessor WARNING  Orphan pdf_cell 77 recovered to col=1 by nearest-column fallback (row=1, x=728.2, dist=69.3)
2026-09-07 00:58:53,525 MatchingPostProcessor WARNING  Orphan pdf_cell 78 recovered to col=1 by nearest-column fallback (row=1, x=739.3, dist=58.2)
2026-09-07 00:58:53,525 MatchingPostProcessor WARNING  Orphan pdf_cell 79 recovered to col=1 by nearest-column fallback (row=1, x=750.4, dist=47.2)
2026-09-07 00:58:53,525 MatchingPostProcessor WARNING  Orphan pdf_cell 80 recovered to col=1 by nearest-column fallback (row=1, x=761.5, dist=36.1)
2026-09-07 00:58:53,525 MatchingPostProcessor WARNING  Orphan pdf_cell 99 recovered to col=0 by nearest-column fallback (row=2, x=550.8, dist=231.7)
2026-09-07 00:58:53,525 MatchingPostProcessor WARNING  Orphan pdf_cell 100 recovered to col=1 by nearest-column fallback (row=2, x=561.9, dist=235.7)
2026-09-07 00:58:53,525 MatchingPostProcessor WARNING  Orphan pdf_cell 101 recovered to col=1 by nearest-column fallback (row=2, x=573.0, dist=224.6)
2026-09-07 00:58:53,525 MatchingPostProcessor WARNING  Orphan pdf_cell 102 recovered to col=1 by nearest-column fallback (row=2, x=584.1, dist=213.5)
2026-09-07 00:58:53,525 MatchingPostProcessor WARNING  Orphan pdf_cell 103 recovered to col=1 by nearest-column fallback (row=2, x=595.2, dist=202.4)
2026-09-07 00:58:53,525 MatchingPostProcessor WARNING  Orphan pdf_cell 104 recovered to col=1 by nearest-column fallback (row=2, x=606.3, dist=191.3)
2026-09-07 00:58:53,525 MatchingPostProcessor WARNING  Orphan pdf_cell 105 recovered to col=1 by nearest-column fallback (row=2, x=617.4, dist=180.2)
2026-09-07 00:58:53,525 MatchingPostProcessor WARNING  Orphan pdf_cell 106 recovered to col=1 by nearest-column fallback (row=2, x=628.5, dist=169.1)
2026-09-07 00:58:53,525 MatchingPostProcessor WARNING  Orphan pdf_cell 107 recovered to col=1 by nearest-column fallback (row=2, x=639.5, dist=158.0)
2026-09-07 00:58:53,525 MatchingPostProcessor WARNING  Orphan pdf_cell 108 recovered to col=1 by nearest-column fallback (row=2, x=650.6, dist=146.9)
2026-09-07 00:58:53,525 MatchingPostProcessor WARNING  Orphan pdf_cell 109 recovered to col=1 by nearest-column fallback (row=2, x=661.7, dist=135.9)
2026-09-07 00:58:53,526 MatchingPostProcessor WARNING  Orphan pdf_cell 110 recovered to col=1 by nearest-column fallback (row=2, x=672.8, dist=124.8)
2026-09-07 00:58:53,526 MatchingPostProcessor WARNING  Orphan pdf_cell 111 recovered to col=1 by nearest-column fallback (row=2, x=683.9, dist=113.7)
2026-09-07 00:58:53,526 MatchingPostProcessor WARNING  Orphan pdf_cell 112 recovered to col=1 by nearest-column fallback (row=2, x=695.0, dist=102.6)
2026-09-07 00:58:53,526 MatchingPostProcessor WARNING  Orphan pdf_cell 113 recovered to col=1 by nearest-column fallback (row=2, x=706.1, dist=91.5)
2026-09-07 00:58:53,526 MatchingPostProcessor WARNING  Orphan pdf_cell 114 recovered to col=1 by nearest-column fallback (row=2, x=717.2, dist=80.4)
2026-09-07 00:58:53,526 MatchingPostProcessor WARNING  Orphan pdf_cell 115 recovered to col=1 by nearest-column fallback (row=2, x=728.2, dist=69.3)
2026-09-07 00:58:53,526 MatchingPostProcessor WARNING  Orphan pdf_cell 116 recovered to col=1 by nearest-column fallback (row=2, x=739.3, dist=58.2)
2026-09-07 00:58:53,526 MatchingPostProcessor WARNING  Orphan pdf_cell 117 recovered to col=1 by nearest-column fallback (row=2, x=750.4, dist=47.2)
2026-09-07 00:58:53,526 MatchingPostProcessor WARNING  Orphan pdf_cell 118 recovered to col=1 by nearest-column fallback (row=2, x=761.5, dist=36.1)
2026-09-07 00:58:53,526 MatchingPostProcessor WARNING  Orphan pdf_cell 150 recovered to col=0 by nearest-column fallback (row=3, x=550.8, dist=231.7)
2026-09-07 00:58:53,526 MatchingPostProcessor WARNING  Orphan pdf_cell 151 recovered to col=1 by nearest-column fallback (row=3, x=561.9, dist=235.7)
2026-09-07 00:58:53,526 MatchingPostProcessor WARNING  Orphan pdf_cell 152 recovered to col=1 by nearest-column fallback (row=3, x=573.0, dist=224.6)
2026-09-07 00:58:53,526 MatchingPostProcessor WARNING  Orphan pdf_cell 153 recovered to col=1 by nearest-column fallback (row=3, x=584.1, dist=213.5)
2026-09-07 00:58:53,526 MatchingPostProcessor WARNING  Orphan pdf_cell 154 recovered to col=1 by nearest-column fallback (row=3, x=595.2, dist=202.4)
2026-09-07 00:58:53,526 MatchingPostProcessor WARNING  Orphan pdf_cell 155 recovered to col=1 by nearest-column fallback (row=3, x=606.3, dist=191.3)
2026-09-07 00:58:53,526 MatchingPostProcessor WARNING  Orphan pdf_cell 156 recovered to col=1 by nearest-column fallback (row=3, x=617.4, dist=180.2)
2026-09-07 00:58:53,526 MatchingPostProcessor WARNING  Orphan pdf_cell 157 recovered to col=1 by nearest-column fallback (row=3, x=628.5, dist=169.1)
2026-09-07 00:58:53,526 MatchingPostProcessor WARNING  Orphan pdf_cell 158 recovered to col=1 by nearest-column fallback (row=3, x=639.5, dist=158.0)
2026-09-07 00:58:53,526 MatchingPostProcessor WARNING  Orphan pdf_cell 159 recovered to col=1 by nearest-column fallback (row=3, x=650.6, dist=146.9)
2026-09-07 00:58:53,526 MatchingPostProcessor WARNING  Orphan pdf_cell 160 recovered to col=1 by nearest-column fallback (row=3, x=661.7, dist=135.9)
2026-09-07 00:58:53,526 MatchingPostProcessor WARNING  Orphan pdf_cell 161 recovered to col=1 by nearest-column fallback (row=3, x=672.8, dist=124.8)
2026-09-07 00:58:53,526 MatchingPostProcessor WARNING  Orphan pdf_cell 162 recovered to col=1 by nearest-column fallback (row=3, x=683.9, dist=113.7)
2026-09-07 00:58:53,526 MatchingPostProcessor WARNING  Orphan pdf_cell 163 recovered to col=1 by nearest-column fallback (row=3, x=695.0, dist=102.6)
2026-09-07 00:58:53,526 MatchingPostProcessor WARNING  Orphan pdf_cell 164 recovered to col=1 by nearest-column fallback (row=3, x=706.1, dist=91.5)
2026-09-07 00:58:53,526 MatchingPostProcessor WARNING  Orphan pdf_cell 165 recovered to col=1 by nearest-column fallback (row=3, x=717.2, dist=80.4)
2026-09-07 00:58:53,526 MatchingPostProcessor WARNING  Orphan pdf_cell 166 recovered to col=1 by nearest-column fallback (row=3, x=728.2, dist=69.3)
2026-09-07 00:58:53,527 MatchingPostProcessor WARNING  Orphan pdf_cell 167 recovered to col=1 by nearest-column fallback (row=3, x=739.3, dist=58.2)
2026-09-07 00:58:53,527 MatchingPostProcessor WARNING  Orphan pdf_cell 168 recovered to col=1 by nearest-column fallback (row=3, x=750.4, dist=47.2)
2026-09-07 00:58:53,527 MatchingPostProcessor WARNING  Orphan pdf_cell 169 recovered to col=1 by nearest-column fallback (row=3, x=761.5, dist=36.1)
2026-09-07 00:58:53,527 MatchingPostProcessor WARNING  Orphan pdf_cell 196 recovered to col=0 by nearest-column fallback (row=4, x=550.8, dist=231.7)
2026-09-07 00:58:53,527 MatchingPostProcessor WARNING  Orphan pdf_cell 197 recovered to col=1 by nearest-column fallback (row=4, x=561.9, dist=235.7)
2026-09-07 00:58:53,527 MatchingPostProcessor WARNING  Orphan pdf_cell 198 recovered to col=1 by nearest-column fallback (row=4, x=573.0, dist=224.6)
2026-09-07 00:58:53,527 MatchingPostProcessor WARNING  Orphan pdf_cell 199 recovered to col=1 by nearest-column fallback (row=4, x=584.1, dist=213.5)
2026-09-07 00:58:53,527 MatchingPostProcessor WARNING  Orphan pdf_cell 200 recovered to col=1 by nearest-column fallback (row=4, x=595.2, dist=202.4)
2026-09-07 00:58:53,527 MatchingPostProcessor WARNING  Orphan pdf_cell 201 recovered to col=1 by nearest-column fallback (row=4, x=606.3, dist=191.3)
2026-09-07 00:58:53,527 MatchingPostProcessor WARNING  Orphan pdf_cell 202 recovered to col=1 by nearest-column fallback (row=4, x=617.4, dist=180.2)
2026-09-07 00:58:53,527 MatchingPostProcessor WARNING  Orphan pdf_cell 203 recovered to col=1 by nearest-column fallback (row=4, x=628.5, dist=169.1)
2026-09-07 00:58:53,527 MatchingPostProcessor WARNING  Orphan pdf_cell 204 recovered to col=1 by nearest-column fallback (row=4, x=639.5, dist=158.0)
2026-09-07 00:58:53,527 MatchingPostProcessor WARNING  Orphan pdf_cell 205 recovered to col=1 by nearest-column fallback (row=4, x=650.6, dist=146.9)
2026-09-07 00:58:53,527 MatchingPostProcessor WARNING  Orphan pdf_cell 206 recovered to col=1 by nearest-column fallback (row=4, x=661.7, dist=135.9)
2026-09-07 00:58:53,527 MatchingPostProcessor WARNING  Orphan pdf_cell 207 recovered to col=1 by nearest-column fallback (row=4, x=672.8, dist=124.8)
2026-09-07 00:58:53,527 MatchingPostProcessor WARNING  Orphan pdf_cell 208 recovered to col=1 by nearest-column fallback (row=4, x=683.9, dist=113.7)
2026-09-07 00:58:53,527 MatchingPostProcessor WARNING  Orphan pdf_cell 209 recovered to col=1 by nearest-column fallback (row=4, x=695.0, dist=102.6)
2026-09-07 00:58:53,527 MatchingPostProcessor WARNING  Orphan pdf_cell 210 recovered to col=1 by nearest-column fallback (row=4, x=706.1, dist=91.5)
2026-09-07 00:58:53,527 MatchingPostProcessor WARNING  Orphan pdf_cell 211 recovered to col=1 by nearest-column fallback (row=4, x=717.2, dist=80.4)
2026-09-07 00:58:53,527 MatchingPostProcessor WARNING  Orphan pdf_cell 212 recovered to col=1 by nearest-column fallback (row=4, x=728.2, dist=69.3)
2026-09-07 00:58:53,527 MatchingPostProcessor WARNING  Orphan pdf_cell 213 recovered to col=1 by nearest-column fallback (row=4, x=739.3, dist=58.2)
2026-09-07 00:58:53,527 MatchingPostProcessor WARNING  Orphan pdf_cell 214 recovered to col=1 by nearest-column fallback (row=4, x=750.4, dist=47.2)
2026-09-07 00:58:53,527 MatchingPostProcessor WARNING  Orphan pdf_cell 215 recovered to col=1 by nearest-column fallback (row=4, x=761.5, dist=36.1)
2026-09-07 00:58:53,527 MatchingPostProcessor WARNING  Orphan pdf_cell 231 recovered to col=0 by nearest-column fallback (row=5, x=550.8, dist=231.7)
2026-09-07 00:58:53,528 MatchingPostProcessor WARNING  Orphan pdf_cell 232 recovered to col=1 by nearest-column fallback (row=5, x=561.9, dist=235.7)
2026-09-07 00:58:53,528 MatchingPostProcessor WARNING  Orphan pdf_cell 233 recovered to col=1 by nearest-column fallback (row=5, x=573.0, dist=224.6)
2026-09-07 00:58:53,528 MatchingPostProcessor WARNING  Orphan pdf_cell 234 recovered to col=1 by nearest-column fallback (row=5, x=584.1, dist=213.5)
2026-09-07 00:58:53,528 MatchingPostProcessor WARNING  Orphan pdf_cell 235 recovered to col=1 by nearest-column fallback (row=5, x=595.2, dist=202.4)
2026-09-07 00:58:53,528 MatchingPostProcessor WARNING  Orphan pdf_cell 236 recovered to col=1 by nearest-column fallback (row=5, x=606.3, dist=191.3)
2026-09-07 00:58:53,528 MatchingPostProcessor WARNING  Orphan pdf_cell 237 recovered to col=1 by nearest-column fallback (row=5, x=617.4, dist=180.2)
2026-09-07 00:58:53,528 MatchingPostProcessor WARNING  Orphan pdf_cell 238 recovered to col=1 by nearest-column fallback (row=5, x=628.5, dist=169.1)
2026-09-07 00:58:53,528 MatchingPostProcessor WARNING  Orphan pdf_cell 239 recovered to col=1 by nearest-column fallback (row=5, x=639.5, dist=158.0)
2026-09-07 00:58:53,528 MatchingPostProcessor WARNING  Orphan pdf_cell 240 recovered to col=1 by nearest-column fallback (row=5, x=650.6, dist=146.9)
2026-09-07 00:58:53,528 MatchingPostProcessor WARNING  Orphan pdf_cell 241 recovered to col=1 by nearest-column fallback (row=5, x=661.7, dist=135.9)
2026-09-07 00:58:53,528 MatchingPostProcessor WARNING  Orphan pdf_cell 242 recovered to col=1 by nearest-column fallback (row=5, x=672.8, dist=124.8)
2026-09-07 00:58:53,528 MatchingPostProcessor WARNING  Orphan pdf_cell 243 recovered to col=1 by nearest-column fallback (row=5, x=683.9, dist=113.7)
2026-09-07 00:58:53,528 MatchingPostProcessor WARNING  Orphan pdf_cell 244 recovered to col=1 by nearest-column fallback (row=5, x=695.0, dist=102.6)
2026-09-07 00:58:53,528 MatchingPostProcessor WARNING  Orphan pdf_cell 245 recovered to col=1 by nearest-column fallback (row=5, x=706.1, dist=91.5)
2026-09-07 00:58:53,528 MatchingPostProcessor WARNING  Orphan pdf_cell 246 recovered to col=1 by nearest-column fallback (row=5, x=717.2, dist=80.4)
2026-09-07 00:58:53,528 MatchingPostProcessor WARNING  Orphan pdf_cell 247 recovered to col=1 by nearest-column fallback (row=5, x=728.2, dist=69.3)
2026-09-07 00:58:53,528 MatchingPostProcessor WARNING  Orphan pdf_cell 248 recovered to col=1 by nearest-column fallback (row=5, x=739.3, dist=58.2)
2026-09-07 00:58:53,528 MatchingPostProcessor WARNING  Orphan pdf_cell 249 recovered to col=1 by nearest-column fallback (row=5, x=750.4, dist=47.2)
2026-09-07 00:58:53,528 MatchingPostProcessor WARNING  Orphan pdf_cell 250 recovered to col=1 by nearest-column fallback (row=5, x=761.5, dist=36.1)
2026-09-07 00:58:53,528 MatchingPostProcessor WARNING  Orphan pdf_cell 265 recovered to col=0 by nearest-column fallback (row=6, x=550.8, dist=231.7)
2026-09-07 00:58:53,528 MatchingPostProcessor WARNING  Orphan pdf_cell 266 recovered to col=1 by nearest-column fallback (row=6, x=561.9, dist=235.7)
2026-09-07 00:58:53,528 MatchingPostProcessor WARNING  Orphan pdf_cell 267 recovered to col=1 by nearest-column fallback (row=6, x=573.0, dist=224.6)
2026-09-07 00:58:53,528 MatchingPostProcessor WARNING  Orphan pdf_cell 268 recovered to col=1 by nearest-column fallback (row=6, x=584.1, dist=213.5)
2026-09-07 00:58:53,528 MatchingPostProcessor WARNING  Orphan pdf_cell 269 recovered to col=1 by nearest-column fallback (row=6, x=595.2, dist=202.4)
2026-09-07 00:58:53,528 MatchingPostProcessor WARNING  Orphan pdf_cell 270 recovered to col=1 by nearest-column fallback (row=6, x=606.3, dist=191.3)
2026-09-07 00:58:53,528 MatchingPostProcessor WARNING  Orphan pdf_cell 271 recovered to col=1 by nearest-column fallback (row=6, x=617.4, dist=180.2)
2026-09-07 00:58:53,528 MatchingPostProcessor WARNING  Orphan pdf_cell 272 recovered to col=1 by nearest-column fallback (row=6, x=628.5, dist=169.1)
2026-09-07 00:58:53,528 MatchingPostProcessor WARNING  Orphan pdf_cell 273 recovered to col=1 by nearest-column fallback (row=6, x=639.5, dist=158.0)
2026-09-07 00:58:53,528 MatchingPostProcessor WARNING  Orphan pdf_cell 274 recovered to col=1 by nearest-column fallback (row=6, x=650.6, dist=146.9)
2026-09-07 00:58:53,528 MatchingPostProcessor WARNING  Orphan pdf_cell 275 recovered to col=1 by nearest-column fallback (row=6, x=661.7, dist=135.9)
2026-09-07 00:58:53,528 MatchingPostProcessor WARNING  Orphan pdf_cell 276 recovered to col=1 by nearest-column fallback (row=6, x=672.8, dist=124.8)
2026-09-07 00:58:53,528 MatchingPostProcessor WARNING  Orphan pdf_cell 277 recovered to col=1 by nearest-column fallback (row=6, x=683.9, dist=113.7)
2026-09-07 00:58:53,528 MatchingPostProcessor WARNING  Orphan pdf_cell 278 recovered to col=1 by nearest-column fallback (row=6, x=695.0, dist=102.6)
2026-09-07 00:58:53,529 MatchingPostProcessor WARNING  Orphan pdf_cell 279 recovered to col=1 by nearest-column fallback (row=6, x=706.1, dist=91.5)
2026-09-07 00:58:53,529 MatchingPostProcessor WARNING  Orphan pdf_cell 280 recovered to col=1 by nearest-column fallback (row=6, x=717.2, dist=80.4)
2026-09-07 00:58:53,529 MatchingPostProcessor WARNING  Orphan pdf_cell 281 recovered to col=1 by nearest-column fallback (row=6, x=728.2, dist=69.3)
2026-09-07 00:58:53,529 MatchingPostProcessor WARNING  Orphan pdf_cell 282 recovered to col=1 by nearest-column fallback (row=6, x=739.3, dist=58.2)
2026-09-07 00:58:53,529 MatchingPostProcessor WARNING  Orphan pdf_cell 283 recovered to col=1 by nearest-column fallback (row=6, x=750.4, dist=47.2)
2026-09-07 00:58:53,529 MatchingPostProcessor WARNING  Orphan pdf_cell 284 recovered to col=1 by nearest-column fallback (row=6, x=761.5, dist=36.1)
2026-09-07 00:58:53,529 MatchingPostProcessor WARNING  Orphan pdf_cell 308 recovered to col=0 by nearest-column fallback (row=7, x=550.8, dist=231.7)
2026-09-07 00:58:53,529 MatchingPostProcessor WARNING  Orphan pdf_cell 309 recovered to col=1 by nearest-column fallback (row=7, x=561.9, dist=235.7)
2026-09-07 00:58:53,529 MatchingPostProcessor WARNING  Orphan pdf_cell 310 recovered to col=1 by nearest-column fallback (row=7, x=573.0, dist=224.6)
2026-09-07 00:58:53,529 MatchingPostProcessor WARNING  Orphan pdf_cell 311 recovered to col=1 by nearest-column fallback (row=7, x=584.1, dist=213.5)
2026-09-07 00:58:53,529 MatchingPostProcessor WARNING  Orphan pdf_cell 312 recovered to col=1 by nearest-column fallback (row=7, x=595.2, dist=202.4)
2026-09-07 00:58:53,529 MatchingPostProcessor WARNING  Orphan pdf_cell 313 recovered to col=1 by nearest-column fallback (row=7, x=606.3, dist=191.3)
2026-09-07 00:58:53,529 MatchingPostProcessor WARNING  Orphan pdf_cell 314 recovered to col=1 by nearest-column fallback (row=7, x=617.4, dist=180.2)
2026-09-07 00:58:53,529 MatchingPostProcessor WARNING  Orphan pdf_cell 315 recovered to col=1 by nearest-column fallback (row=7, x=628.5, dist=169.1)
2026-09-07 00:58:53,529 MatchingPostProcessor WARNING  Orphan pdf_cell 316 recovered to col=1 by nearest-column fallback (row=7, x=639.5, dist=158.0)
2026-09-07 00:58:53,529 MatchingPostProcessor WARNING  Orphan pdf_cell 317 recovered to col=1 by nearest-column fallback (row=7, x=650.6, dist=146.9)
2026-09-07 00:58:53,529 MatchingPostProcessor WARNING  Orphan pdf_cell 318 recovered to col=1 by nearest-column fallback (row=7, x=661.7, dist=135.9)
2026-09-07 00:58:53,529 MatchingPostProcessor WARNING  Orphan pdf_cell 319 recovered to col=1 by nearest-column fallback (row=7, x=672.8, dist=124.8)
2026-09-07 00:58:53,529 MatchingPostProcessor WARNING  Orphan pdf_cell 320 recovered to col=1 by nearest-column fallback (row=7, x=683.9, dist=113.7)
2026-09-07 00:58:53,529 MatchingPostProcessor WARNING  Orphan pdf_cell 321 recovered to col=1 by nearest-column fallback (row=7, x=695.0, dist=102.6)
2026-09-07 00:58:53,529 MatchingPostProcessor WARNING  Orphan pdf_cell 322 recovered to col=1 by nearest-column fallback (row=7, x=706.1, dist=91.5)
2026-09-07 00:58:53,529 MatchingPostProcessor WARNING  Orphan pdf_cell 323 recovered to col=1 by nearest-column fallback (row=7, x=717.2, dist=80.4)
2026-09-07 00:58:53,529 MatchingPostProcessor WARNING  Orphan pdf_cell 324 recovered to col=1 by nearest-column fallback (row=7, x=728.2, dist=69.3)
2026-09-07 00:58:53,529 MatchingPostProcessor WARNING  Orphan pdf_cell 325 recovered to col=1 by nearest-column fallback (row=7, x=739.3, dist=58.2)
2026-09-07 00:58:53,529 MatchingPostProcessor WARNING  Orphan pdf_cell 326 recovered to col=1 by nearest-column fallback (row=7, x=750.4, dist=47.2)
2026-09-07 00:58:53,529 MatchingPostProcessor WARNING  Orphan pdf_cell 327 recovered to col=1 by nearest-column fallback (row=7, x=761.5, dist=36.1)
2026-09-07 00:58:53,530 MatchingPostProcessor WARNING  Orphan pdf_cell 348 recovered to col=0 by nearest-column fallback (row=8, x=550.8, dist=231.7)
2026-09-07 00:58:53,530 MatchingPostProcessor WARNING  Orphan pdf_cell 349 recovered to col=1 by nearest-column fallback (row=8, x=561.9, dist=235.7)
2026-09-07 00:58:53,530 MatchingPostProcessor WARNING  Orphan pdf_cell 350 recovered to col=1 by nearest-column fallback (row=8, x=573.0, dist=224.6)
2026-09-07 00:58:53,530 MatchingPostProcessor WARNING  Orphan pdf_cell 351 recovered to col=1 by nearest-column fallback (row=8, x=584.1, dist=213.5)
2026-09-07 00:58:53,530 MatchingPostProcessor WARNING  Orphan pdf_cell 352 recovered to col=1 by nearest-column fallback (row=8, x=595.2, dist=202.4)
2026-09-07 00:58:53,530 MatchingPostProcessor WARNING  Orphan pdf_cell 353 recovered to col=1 by nearest-column fallback (row=8, x=606.3, dist=191.3)
2026-09-07 00:58:53,530 MatchingPostProcessor WARNING  Orphan pdf_cell 354 recovered to col=1 by nearest-column fallback (row=8, x=617.4, dist=180.2)
2026-09-07 00:58:53,530 MatchingPostProcessor WARNING  Orphan pdf_cell 355 recovered to col=1 by nearest-column fallback (row=8, x=628.5, dist=169.1)
2026-09-07 00:58:53,530 MatchingPostProcessor WARNING  Orphan pdf_cell 356 recovered to col=1 by nearest-column fallback (row=8, x=639.5, dist=158.0)
2026-09-07 00:58:53,530 MatchingPostProcessor WARNING  Orphan pdf_cell 357 recovered to col=1 by nearest-column fallback (row=8, x=650.6, dist=146.9)
2026-09-07 00:58:53,530 MatchingPostProcessor WARNING  Orphan pdf_cell 358 recovered to col=1 by nearest-column fallback (row=8, x=661.7, dist=135.9)
2026-09-07 00:58:53,530 MatchingPostProcessor WARNING  Orphan pdf_cell 359 recovered to col=1 by nearest-column fallback (row=8, x=672.8, dist=124.8)
2026-09-07 00:58:53,530 MatchingPostProcessor WARNING  Orphan pdf_cell 360 recovered to col=1 by nearest-column fallback (row=8, x=683.9, dist=113.7)
2026-09-07 00:58:53,530 MatchingPostProcessor WARNING  Orphan pdf_cell 361 recovered to col=1 by nearest-column fallback (row=8, x=695.0, dist=102.6)
2026-09-07 00:58:53,530 MatchingPostProcessor WARNING  Orphan pdf_cell 362 recovered to col=1 by nearest-column fallback (row=8, x=706.1, dist=91.5)
2026-09-07 00:58:53,530 MatchingPostProcessor WARNING  Orphan pdf_cell 363 recovered to col=1 by nearest-column fallback (row=8, x=717.2, dist=80.4)
2026-09-07 00:58:53,530 MatchingPostProcessor WARNING  Orphan pdf_cell 364 recovered to col=1 by nearest-column fallback (row=8, x=728.2, dist=69.3)
2026-09-07 00:58:53,530 MatchingPostProcessor WARNING  Orphan pdf_cell 365 recovered to col=1 by nearest-column fallback (row=8, x=739.3, dist=58.2)
2026-09-07 00:58:53,530 MatchingPostProcessor WARNING  Orphan pdf_cell 366 recovered to col=1 by nearest-column fallback (row=8, x=750.4, dist=47.2)
2026-09-07 00:58:53,530 MatchingPostProcessor WARNING  Orphan pdf_cell 367 recovered to col=1 by nearest-column fallback (row=8, x=761.5, dist=36.1)
2026-09-07 00:58:53,530 MatchingPostProcessor WARNING  Orphan pdf_cell 387 recovered to col=0 by nearest-column fallback (row=9, x=550.8, dist=231.7)
2026-09-07 00:58:53,530 MatchingPostProcessor WARNING  Orphan pdf_cell 388 recovered to col=1 by nearest-column fallback (row=9, x=561.9, dist=235.7)
2026-09-07 00:58:53,530 MatchingPostProcessor WARNING  Orphan pdf_cell 389 recovered to col=1 by nearest-column fallback (row=9, x=573.0, dist=224.6)
2026-09-07 00:58:53,531 MatchingPostProcessor WARNING  Orphan pdf_cell 390 recovered to col=1 by nearest-column fallback (row=9, x=584.1, dist=213.5)
2026-09-07 00:58:53,531 MatchingPostProcessor WARNING  Orphan pdf_cell 391 recovered to col=1 by nearest-column fallback (row=9, x=595.2, dist=202.4)
2026-09-07 00:58:53,531 MatchingPostProcessor WARNING  Orphan pdf_cell 392 recovered to col=1 by nearest-column fallback (row=9, x=606.3, dist=191.3)
2026-09-07 00:58:53,531 MatchingPostProcessor WARNING  Orphan pdf_cell 393 recovered to col=1 by nearest-column fallback (row=9, x=617.4, dist=180.2)
2026-09-07 00:58:53,531 MatchingPostProcessor WARNING  Orphan pdf_cell 394 recovered to col=1 by nearest-column fallback (row=9, x=628.5, dist=169.1)
2026-09-07 00:58:53,531 MatchingPostProcessor WARNING  Orphan pdf_cell 395 recovered to col=1 by nearest-column fallback (row=9, x=639.5, dist=158.0)
2026-09-07 00:58:53,531 MatchingPostProcessor WARNING  Orphan pdf_cell 396 recovered to col=1 by nearest-column fallback (row=9, x=650.6, dist=146.9)
2026-09-07 00:58:53,531 MatchingPostProcessor WARNING  Orphan pdf_cell 397 recovered to col=1 by nearest-column fallback (row=9, x=661.7, dist=135.9)
2026-09-07 00:58:53,531 MatchingPostProcessor WARNING  Orphan pdf_cell 398 recovered to col=1 by nearest-column fallback (row=9, x=672.8, dist=124.8)
2026-09-07 00:58:53,531 MatchingPostProcessor WARNING  Orphan pdf_cell 399 recovered to col=1 by nearest-column fallback (row=9, x=683.9, dist=113.7)
2026-09-07 00:58:53,531 MatchingPostProcessor WARNING  Orphan pdf_cell 400 recovered to col=1 by nearest-column fallback (row=9, x=695.0, dist=102.6)
2026-09-07 00:58:53,531 MatchingPostProcessor WARNING  Orphan pdf_cell 401 recovered to col=1 by nearest-column fallback (row=9, x=706.1, dist=91.5)
2026-09-07 00:58:53,531 MatchingPostProcessor WARNING  Orphan pdf_cell 402 recovered to col=1 by nearest-column fallback (row=9, x=717.2, dist=80.4)
2026-09-07 00:58:53,531 MatchingPostProcessor WARNING  Orphan pdf_cell 403 recovered to col=1 by nearest-column fallback (row=9, x=728.2, dist=69.3)
2026-09-07 00:58:53,531 MatchingPostProcessor WARNING  Orphan pdf_cell 404 recovered to col=1 by nearest-column fallback (row=9, x=739.3, dist=58.2)
2026-09-07 00:58:53,531 MatchingPostProcessor WARNING  Orphan pdf_cell 405 recovered to col=1 by nearest-column fallback (row=9, x=750.4, dist=47.2)
2026-09-07 00:58:53,531 MatchingPostProcessor WARNING  Orphan pdf_cell 406 recovered to col=1 by nearest-column fallback (row=9, x=761.5, dist=36.1)
2026-09-07 00:58:53,531 MatchingPostProcessor WARNING  Orphan pdf_cell 435 recovered to col=0 by nearest-column fallback (row=10, x=550.8, dist=231.7)
2026-09-07 00:58:53,531 MatchingPostProcessor WARNING  Orphan pdf_cell 436 recovered to col=1 by nearest-column fallback (row=10, x=561.9, dist=235.7)
2026-09-07 00:58:53,531 MatchingPostProcessor WARNING  Orphan pdf_cell 437 recovered to col=1 by nearest-column fallback (row=10, x=573.0, dist=224.6)
2026-09-07 00:58:53,531 MatchingPostProcessor WARNING  Orphan pdf_cell 438 recovered to col=1 by nearest-column fallback (row=10, x=584.1, dist=213.5)
2026-09-07 00:58:53,531 MatchingPostProcessor WARNING  Orphan pdf_cell 439 recovered to col=1 by nearest-column fallback (row=10, x=595.2, dist=202.4)
2026-09-07 00:58:53,531 MatchingPostProcessor WARNING  Orphan pdf_cell 440 recovered to col=1 by nearest-column fallback (row=10, x=606.3, dist=191.3)
2026-09-07 00:58:53,531 MatchingPostProcessor WARNING  Orphan pdf_cell 441 recovered to col=1 by nearest-column fallback (row=10, x=617.4, dist=180.2)
2026-09-07 00:58:53,531 MatchingPostProcessor WARNING  Orphan pdf_cell 442 recovered to col=1 by nearest-column fallback (row=10, x=628.5, dist=169.1)
2026-09-07 00:58:53,532 MatchingPostProcessor WARNING  Orphan pdf_cell 443 recovered to col=1 by nearest-column fallback (row=10, x=639.5, dist=158.0)
2026-09-07 00:58:53,532 MatchingPostProcessor WARNING  Orphan pdf_cell 444 recovered to col=1 by nearest-column fallback (row=10, x=650.6, dist=146.9)
2026-09-07 00:58:53,532 MatchingPostProcessor WARNING  Orphan pdf_cell 445 recovered to col=1 by nearest-column fallback (row=10, x=661.7, dist=135.9)
2026-09-07 00:58:53,532 MatchingPostProcessor WARNING  Orphan pdf_cell 446 recovered to col=1 by nearest-column fallback (row=10, x=672.8, dist=124.8)
2026-09-07 00:58:53,532 MatchingPostProcessor WARNING  Orphan pdf_cell 447 recovered to col=1 by nearest-column fallback (row=10, x=683.9, dist=113.7)
2026-09-07 00:58:53,532 MatchingPostProcessor WARNING  Orphan pdf_cell 448 recovered to col=1 by nearest-column fallback (row=10, x=695.0, dist=102.6)
2026-09-07 00:58:53,532 MatchingPostProcessor WARNING  Orphan pdf_cell 449 recovered to col=1 by nearest-column fallback (row=10, x=706.1, dist=91.5)
2026-09-07 00:58:53,532 MatchingPostProcessor WARNING  Orphan pdf_cell 450 recovered to col=1 by nearest-column fallback (row=10, x=717.2, dist=80.4)
2026-09-07 00:58:53,532 MatchingPostProcessor WARNING  Orphan pdf_cell 451 recovered to col=1 by nearest-column fallback (row=10, x=728.2, dist=69.3)
2026-09-07 00:58:53,532 MatchingPostProcessor WARNING  Orphan pdf_cell 452 recovered to col=1 by nearest-column fallback (row=10, x=739.3, dist=58.2)
2026-09-07 00:58:53,532 MatchingPostProcessor WARNING  Orphan pdf_cell 453 recovered to col=1 by nearest-column fallback (row=10, x=750.4, dist=47.2)
2026-09-07 00:58:53,532 MatchingPostProcessor WARNING  Orphan pdf_cell 454 recovered to col=1 by nearest-column fallback (row=10, x=761.5, dist=36.1)
2026-09-07 00:58:53,532 MatchingPostProcessor WARNING  Orphan pdf_cell 471 recovered to col=0 by nearest-column fallback (row=11, x=550.8, dist=231.7)
2026-09-07 00:58:53,532 MatchingPostProcessor WARNING  Orphan pdf_cell 472 recovered to col=1 by nearest-column fallback (row=11, x=561.9, dist=235.7)
2026-09-07 00:58:53,532 MatchingPostProcessor WARNING  Orphan pdf_cell 473 recovered to col=1 by nearest-column fallback (row=11, x=573.0, dist=224.6)
2026-09-07 00:58:53,532 MatchingPostProcessor WARNING  Orphan pdf_cell 474 recovered to col=1 by nearest-column fallback (row=11, x=584.1, dist=213.5)
2026-09-07 00:58:53,532 MatchingPostProcessor WARNING  Orphan pdf_cell 475 recovered to col=1 by nearest-column fallback (row=11, x=595.2, dist=202.4)
2026-09-07 00:58:53,532 MatchingPostProcessor WARNING  Orphan pdf_cell 476 recovered to col=1 by nearest-column fallback (row=11, x=606.3, dist=191.3)
2026-09-07 00:58:53,532 MatchingPostProcessor WARNING  Orphan pdf_cell 477 recovered to col=1 by nearest-column fallback (row=11, x=617.4, dist=180.2)
2026-09-07 00:58:53,532 MatchingPostProcessor WARNING  Orphan pdf_cell 478 recovered to col=1 by nearest-column fallback (row=11, x=628.5, dist=169.1)
2026-09-07 00:58:53,532 MatchingPostProcessor WARNING  Orphan pdf_cell 479 recovered to col=1 by nearest-column fallback (row=11, x=639.5, dist=158.0)
2026-09-07 00:58:53,532 MatchingPostProcessor WARNING  Orphan pdf_cell 480 recovered to col=1 by nearest-column fallback (row=11, x=650.6, dist=146.9)
2026-09-07 00:58:53,532 MatchingPostProcessor WARNING  Orphan pdf_cell 481 recovered to col=1 by nearest-column fallback (row=11, x=661.7, dist=135.9)
2026-09-07 00:58:53,532 MatchingPostProcessor WARNING  Orphan pdf_cell 482 recovered to col=1 by nearest-column fallback (row=11, x=672.8, dist=124.8)
2026-09-07 00:58:53,532 MatchingPostProcessor WARNING  Orphan pdf_cell 483 recovered to col=1 by nearest-column fallback (row=11, x=683.9, dist=113.7)
2026-09-07 00:58:53,532 MatchingPostProcessor WARNING  Orphan pdf_cell 484 recovered to col=1 by nearest-column fallback (row=11, x=695.0, dist=102.6)
2026-09-07 00:58:53,532 MatchingPostProcessor WARNING  Orphan pdf_cell 485 recovered to col=1 by nearest-column fallback (row=11, x=706.1, dist=91.5)
2026-09-07 00:58:53,532 MatchingPostProcessor WARNING  Orphan pdf_cell 486 recovered to col=1 by nearest-column fallback (row=11, x=717.2, dist=80.4)
2026-09-07 00:58:53,532 MatchingPostProcessor WARNING  Orphan pdf_cell 487 recovered to col=1 by nearest-column fallback (row=11, x=728.2, dist=69.3)
2026-09-07 00:58:53,532 MatchingPostProcessor WARNING  Orphan pdf_cell 488 recovered to col=1 by nearest-column fallback (row=11, x=739.3, dist=58.2)
2026-09-07 00:58:53,532 MatchingPostProcessor WARNING  Orphan pdf_cell 489 recovered to col=1 by nearest-column fallback (row=11, x=750.4, dist=47.2)
2026-09-07 00:58:53,533 MatchingPostProcessor WARNING  Orphan pdf_cell 490 recovered to col=1 by nearest-column fallback (row=11, x=761.5, dist=36.1)
2026-09-07 00:58:53,533 MatchingPostProcessor WARNING  Orphan pdf_cell 527 recovered to col=0 by nearest-column fallback (row=12, x=550.8, dist=231.7)
2026-09-07 00:58:53,533 MatchingPostProcessor WARNING  Orphan pdf_cell 528 recovered to col=1 by nearest-column fallback (row=12, x=561.9, dist=235.7)
2026-09-07 00:58:53,533 MatchingPostProcessor WARNING  Orphan pdf_cell 529 recovered to col=1 by nearest-column fallback (row=12, x=573.0, dist=224.6)
2026-09-07 00:58:53,533 MatchingPostProcessor WARNING  Orphan pdf_cell 530 recovered to col=1 by nearest-column fallback (row=12, x=584.1, dist=213.5)
2026-09-07 00:58:53,533 MatchingPostProcessor WARNING  Orphan pdf_cell 531 recovered to col=1 by nearest-column fallback (row=12, x=595.2, dist=202.4)
2026-09-07 00:58:53,533 MatchingPostProcessor WARNING  Orphan pdf_cell 532 recovered to col=1 by nearest-column fallback (row=12, x=606.3, dist=191.3)
2026-09-07 00:58:53,533 MatchingPostProcessor WARNING  Orphan pdf_cell 533 recovered to col=1 by nearest-column fallback (row=12, x=617.4, dist=180.2)
2026-09-07 00:58:53,533 MatchingPostProcessor WARNING  Orphan pdf_cell 534 recovered to col=1 by nearest-column fallback (row=12, x=628.5, dist=169.1)
2026-09-07 00:58:53,533 MatchingPostProcessor WARNING  Orphan pdf_cell 535 recovered to col=1 by nearest-column fallback (row=12, x=639.5, dist=158.0)
2026-09-07 00:58:53,533 MatchingPostProcessor WARNING  Orphan pdf_cell 536 recovered to col=1 by nearest-column fallback (row=12, x=650.6, dist=146.9)
2026-09-07 00:58:53,533 MatchingPostProcessor WARNING  Orphan pdf_cell 537 recovered to col=1 by nearest-column fallback (row=12, x=661.7, dist=135.9)
2026-09-07 00:58:53,533 MatchingPostProcessor WARNING  Orphan pdf_cell 538 recovered to col=1 by nearest-column fallback (row=12, x=672.8, dist=124.8)
2026-09-07 00:58:53,533 MatchingPostProcessor WARNING  Orphan pdf_cell 539 recovered to col=1 by nearest-column fallback (row=12, x=683.9, dist=113.7)
2026-09-07 00:58:53,533 MatchingPostProcessor WARNING  Orphan pdf_cell 540 recovered to col=1 by nearest-column fallback (row=12, x=695.0, dist=102.6)
2026-09-07 00:58:53,533 MatchingPostProcessor WARNING  Orphan pdf_cell 541 recovered to col=1 by nearest-column fallback (row=12, x=706.1, dist=91.5)
2026-09-07 00:58:53,533 MatchingPostProcessor WARNING  Orphan pdf_cell 542 recovered to col=1 by nearest-column fallback (row=12, x=717.2, dist=80.4)
2026-09-07 00:58:53,533 MatchingPostProcessor WARNING  Orphan pdf_cell 543 recovered to col=1 by nearest-column fallback (row=12, x=728.2, dist=69.3)
2026-09-07 00:58:53,533 MatchingPostProcessor WARNING  Orphan pdf_cell 544 recovered to col=1 by nearest-column fallback (row=12, x=739.3, dist=58.2)
2026-09-07 00:58:53,533 MatchingPostProcessor WARNING  Orphan pdf_cell 545 recovered to col=1 by nearest-column fallback (row=12, x=750.4, dist=47.2)
2026-09-07 00:58:53,533 MatchingPostProcessor WARNING  Orphan pdf_cell 546 recovered to col=1 by nearest-column fallback (row=12, x=761.5, dist=36.1)
2026-09-07 00:58:53,534 MatchingPostProcessor WARNING  Orphan pdf_cell 586 recovered to col=0 by nearest-column fallback (row=15, x=550.8, dist=231.7)
2026-09-07 00:58:53,534 MatchingPostProcessor WARNING  Orphan pdf_cell 587 recovered to col=1 by nearest-column fallback (row=15, x=561.9, dist=235.7)
2026-09-07 00:58:53,534 MatchingPostProcessor WARNING  Orphan pdf_cell 588 recovered to col=1 by nearest-column fallback (row=15, x=573.0, dist=224.6)
2026-09-07 00:58:53,534 MatchingPostProcessor WARNING  Orphan pdf_cell 589 recovered to col=1 by nearest-column fallback (row=15, x=584.1, dist=213.5)
2026-09-07 00:58:53,534 MatchingPostProcessor WARNING  Orphan pdf_cell 590 recovered to col=1 by nearest-column fallback (row=15, x=595.2, dist=202.4)
2026-09-07 00:58:53,534 MatchingPostProcessor WARNING  Orphan pdf_cell 591 recovered to col=1 by nearest-column fallback (row=15, x=606.3, dist=191.3)
2026-09-07 00:58:53,534 MatchingPostProcessor WARNING  Orphan pdf_cell 592 recovered to col=1 by nearest-column fallback (row=15, x=617.4, dist=180.2)
2026-09-07 00:58:53,534 MatchingPostProcessor WARNING  Orphan pdf_cell 593 recovered to col=1 by nearest-column fallback (row=15, x=628.5, dist=169.1)
2026-09-07 00:58:53,534 MatchingPostProcessor WARNING  Orphan pdf_cell 594 recovered to col=1 by nearest-column fallback (row=15, x=639.5, dist=158.0)
2026-09-07 00:58:53,534 MatchingPostProcessor WARNING  Orphan pdf_cell 595 recovered to col=1 by nearest-column fallback (row=15, x=650.6, dist=146.9)
2026-09-07 00:58:53,534 MatchingPostProcessor WARNING  Orphan pdf_cell 596 recovered to col=1 by nearest-column fallback (row=15, x=661.7, dist=135.9)
2026-09-07 00:58:53,534 MatchingPostProcessor WARNING  Orphan pdf_cell 597 recovered to col=1 by nearest-column fallback (row=15, x=672.8, dist=124.8)
2026-09-07 00:58:53,534 MatchingPostProcessor WARNING  Orphan pdf_cell 598 recovered to col=1 by nearest-column fallback (row=15, x=683.9, dist=113.7)
2026-09-07 00:58:53,534 MatchingPostProcessor WARNING  Orphan pdf_cell 599 recovered to col=1 by nearest-column fallback (row=15, x=695.0, dist=102.6)
2026-09-07 00:58:53,534 MatchingPostProcessor WARNING  Orphan pdf_cell 600 recovered to col=1 by nearest-column fallback (row=15, x=706.1, dist=91.5)
2026-09-07 00:58:53,534 MatchingPostProcessor WARNING  Orphan pdf_cell 601 recovered to col=1 by nearest-column fallback (row=15, x=717.2, dist=80.4)
2026-09-07 00:58:53,534 MatchingPostProcessor WARNING  Orphan pdf_cell 602 recovered to col=1 by nearest-column fallback (row=15, x=728.2, dist=69.3)
2026-09-07 00:58:53,534 MatchingPostProcessor WARNING  Orphan pdf_cell 603 recovered to col=1 by nearest-column fallback (row=15, x=739.3, dist=58.2)
2026-09-07 00:58:53,534 MatchingPostProcessor WARNING  Orphan pdf_cell 604 recovered to col=1 by nearest-column fallback (row=15, x=750.4, dist=47.2)
2026-09-07 00:58:53,534 MatchingPostProcessor WARNING  Orphan pdf_cell 605 recovered to col=1 by nearest-column fallback (row=15, x=761.5, dist=36.1)
2026-09-07 00:58:53,535 MatchingPostProcessor WARNING  Orphan pdf_cell 627 recovered to col=0 by nearest-column fallback (row=16, x=550.8, dist=231.7)
2026-09-07 00:58:53,535 MatchingPostProcessor WARNING  Orphan pdf_cell 628 recovered to col=1 by nearest-column fallback (row=16, x=561.9, dist=235.7)
2026-09-07 00:58:53,535 MatchingPostProcessor WARNING  Orphan pdf_cell 629 recovered to col=1 by nearest-column fallback (row=16, x=573.0, dist=224.6)
2026-09-07 00:58:53,535 MatchingPostProcessor WARNING  Orphan pdf_cell 630 recovered to col=1 by nearest-column fallback (row=16, x=584.1, dist=213.5)
2026-09-07 00:58:53,535 MatchingPostProcessor WARNING  Orphan pdf_cell 631 recovered to col=1 by nearest-column fallback (row=16, x=595.2, dist=202.4)
2026-09-07 00:58:53,535 MatchingPostProcessor WARNING  Orphan pdf_cell 632 recovered to col=1 by nearest-column fallback (row=16, x=606.3, dist=191.3)
2026-09-07 00:58:53,535 MatchingPostProcessor WARNING  Orphan pdf_cell 633 recovered to col=1 by nearest-column fallback (row=16, x=617.4, dist=180.2)
2026-09-07 00:58:53,535 MatchingPostProcessor WARNING  Orphan pdf_cell 634 recovered to col=1 by nearest-column fallback (row=16, x=628.5, dist=169.1)
2026-09-07 00:58:53,535 MatchingPostProcessor WARNING  Orphan pdf_cell 635 recovered to col=1 by nearest-column fallback (row=16, x=639.5, dist=158.0)
2026-09-07 00:58:53,535 MatchingPostProcessor WARNING  Orphan pdf_cell 636 recovered to col=1 by nearest-column fallback (row=16, x=650.6, dist=146.9)
2026-09-07 00:58:53,535 MatchingPostProcessor WARNING  Orphan pdf_cell 637 recovered to col=1 by nearest-column fallback (row=16, x=661.7, dist=135.9)
2026-09-07 00:58:53,535 MatchingPostProcessor WARNING  Orphan pdf_cell 638 recovered to col=1 by nearest-column fallback (row=16, x=672.8, dist=124.8)
2026-09-07 00:58:53,535 MatchingPostProcessor WARNING  Orphan pdf_cell 639 recovered to col=1 by nearest-column fallback (row=16, x=683.9, dist=113.7)
2026-09-07 00:58:53,535 MatchingPostProcessor WARNING  Orphan pdf_cell 640 recovered to col=1 by nearest-column fallback (row=16, x=695.0, dist=102.6)
2026-09-07 00:58:53,535 MatchingPostProcessor WARNING  Orphan pdf_cell 641 recovered to col=1 by nearest-column fallback (row=16, x=706.1, dist=91.5)
2026-09-07 00:58:53,535 MatchingPostProcessor WARNING  Orphan pdf_cell 642 recovered to col=1 by nearest-column fallback (row=16, x=717.2, dist=80.4)
2026-09-07 00:58:53,535 MatchingPostProcessor WARNING  Orphan pdf_cell 643 recovered to col=1 by nearest-column fallback (row=16, x=728.2, dist=69.3)
2026-09-07 00:58:53,535 MatchingPostProcessor WARNING  Orphan pdf_cell 644 recovered to col=1 by nearest-column fallback (row=16, x=739.3, dist=58.2)
2026-09-07 00:58:53,535 MatchingPostProcessor WARNING  Orphan pdf_cell 645 recovered to col=1 by nearest-column fallback (row=16, x=750.4, dist=47.2)
2026-09-07 00:58:53,535 MatchingPostProcessor WARNING  Orphan pdf_cell 646 recovered to col=1 by nearest-column fallback (row=16, x=761.5, dist=36.1)
2026-09-07 00:58:53,536 MatchingPostProcessor WARNING  Orphan pdf_cell 676 recovered to col=0 by nearest-column fallback (row=17, x=550.8, dist=231.7)
2026-09-07 00:58:53,536 MatchingPostProcessor WARNING  Orphan pdf_cell 677 recovered to col=1 by nearest-column fallback (row=17, x=561.9, dist=235.7)
2026-09-07 00:58:53,536 MatchingPostProcessor WARNING  Orphan pdf_cell 678 recovered to col=1 by nearest-column fallback (row=17, x=573.0, dist=224.6)
2026-09-07 00:58:53,536 MatchingPostProcessor WARNING  Orphan pdf_cell 679 recovered to col=1 by nearest-column fallback (row=17, x=584.1, dist=213.5)
2026-09-07 00:58:53,536 MatchingPostProcessor WARNING  Orphan pdf_cell 680 recovered to col=1 by nearest-column fallback (row=17, x=595.2, dist=202.4)
2026-09-07 00:58:53,536 MatchingPostProcessor WARNING  Orphan pdf_cell 681 recovered to col=1 by nearest-column fallback (row=17, x=606.3, dist=191.3)
2026-09-07 00:58:53,536 MatchingPostProcessor WARNING  Orphan pdf_cell 682 recovered to col=1 by nearest-column fallback (row=17, x=617.4, dist=180.2)
2026-09-07 00:58:53,536 MatchingPostProcessor WARNING  Orphan pdf_cell 683 recovered to col=1 by nearest-column fallback (row=17, x=628.5, dist=169.1)
2026-09-07 00:58:53,536 MatchingPostProcessor WARNING  Orphan pdf_cell 684 recovered to col=1 by nearest-column fallback (row=17, x=639.5, dist=158.0)
2026-09-07 00:58:53,536 MatchingPostProcessor WARNING  Orphan pdf_cell 685 recovered to col=1 by nearest-column fallback (row=17, x=650.6, dist=146.9)
2026-09-07 00:58:53,536 MatchingPostProcessor WARNING  Orphan pdf_cell 686 recovered to col=1 by nearest-column fallback (row=17, x=661.7, dist=135.9)
2026-09-07 00:58:53,536 MatchingPostProcessor WARNING  Orphan pdf_cell 687 recovered to col=1 by nearest-column fallback (row=17, x=672.8, dist=124.8)
2026-09-07 00:58:53,536 MatchingPostProcessor WARNING  Orphan pdf_cell 688 recovered to col=1 by nearest-column fallback (row=17, x=683.9, dist=113.7)
2026-09-07 00:58:53,536 MatchingPostProcessor WARNING  Orphan pdf_cell 689 recovered to col=1 by nearest-column fallback (row=17, x=695.0, dist=102.6)
2026-09-07 00:58:53,536 MatchingPostProcessor WARNING  Orphan pdf_cell 690 recovered to col=1 by nearest-column fallback (row=17, x=706.1, dist=91.5)
2026-09-07 00:58:53,536 MatchingPostProcessor WARNING  Orphan pdf_cell 691 recovered to col=1 by nearest-column fallback (row=17, x=717.2, dist=80.4)
2026-09-07 00:58:53,536 MatchingPostProcessor WARNING  Orphan pdf_cell 692 recovered to col=1 by nearest-column fallback (row=17, x=728.2, dist=69.3)
2026-09-07 00:58:53,536 MatchingPostProcessor WARNING  Orphan pdf_cell 693 recovered to col=1 by nearest-column fallback (row=17, x=739.3, dist=58.2)
2026-09-07 00:58:53,536 MatchingPostProcessor WARNING  Orphan pdf_cell 694 recovered to col=1 by nearest-column fallback (row=17, x=750.4, dist=47.2)
2026-09-07 00:58:53,536 MatchingPostProcessor WARNING  Orphan pdf_cell 695 recovered to col=1 by nearest-column fallback (row=17, x=761.5, dist=36.1)
2026-09-07 00:58:53,536 MatchingPostProcessor WARNING  Orphan pdf_cell 716 recovered to col=0 by nearest-column fallback (row=18, x=550.8, dist=231.7)
2026-09-07 00:58:53,536 MatchingPostProcessor WARNING  Orphan pdf_cell 717 recovered to col=1 by nearest-column fallback (row=18, x=561.9, dist=235.7)
2026-09-07 00:58:53,536 MatchingPostProcessor WARNING  Orphan pdf_cell 718 recovered to col=1 by nearest-column fallback (row=18, x=573.0, dist=224.6)
2026-09-07 00:58:53,536 MatchingPostProcessor WARNING  Orphan pdf_cell 719 recovered to col=1 by nearest-column fallback (row=18, x=584.1, dist=213.5)
2026-09-07 00:58:53,536 MatchingPostProcessor WARNING  Orphan pdf_cell 720 recovered to col=1 by nearest-column fallback (row=18, x=595.2, dist=202.4)
2026-09-07 00:58:53,536 MatchingPostProcessor WARNING  Orphan pdf_cell 721 recovered to col=1 by nearest-column fallback (row=18, x=606.3, dist=191.3)
2026-09-07 00:58:53,536 MatchingPostProcessor WARNING  Orphan pdf_cell 722 recovered to col=1 by nearest-column fallback (row=18, x=617.4, dist=180.2)
2026-09-07 00:58:53,536 MatchingPostProcessor WARNING  Orphan pdf_cell 723 recovered to col=1 by nearest-column fallback (row=18, x=628.5, dist=169.1)
2026-09-07 00:58:53,537 MatchingPostProcessor WARNING  Orphan pdf_cell 724 recovered to col=1 by nearest-column fallback (row=18, x=639.5, dist=158.0)
2026-09-07 00:58:53,537 MatchingPostProcessor WARNING  Orphan pdf_cell 725 recovered to col=1 by nearest-column fallback (row=18, x=650.6, dist=146.9)
2026-09-07 00:58:53,537 MatchingPostProcessor WARNING  Orphan pdf_cell 726 recovered to col=1 by nearest-column fallback (row=18, x=661.7, dist=135.9)
2026-09-07 00:58:53,537 MatchingPostProcessor WARNING  Orphan pdf_cell 727 recovered to col=1 by nearest-column fallback (row=18, x=672.8, dist=124.8)
2026-09-07 00:58:53,537 MatchingPostProcessor WARNING  Orphan pdf_cell 728 recovered to col=1 by nearest-column fallback (row=18, x=683.9, dist=113.7)
2026-09-07 00:58:53,537 MatchingPostProcessor WARNING  Orphan pdf_cell 729 recovered to col=1 by nearest-column fallback (row=18, x=695.0, dist=102.6)
2026-09-07 00:58:53,537 MatchingPostProcessor WARNING  Orphan pdf_cell 730 recovered to col=1 by nearest-column fallback (row=18, x=706.1, dist=91.5)
2026-09-07 00:58:53,537 MatchingPostProcessor WARNING  Orphan pdf_cell 731 recovered to col=1 by nearest-column fallback (row=18, x=717.2, dist=80.4)
2026-09-07 00:58:53,537 MatchingPostProcessor WARNING  Orphan pdf_cell 732 recovered to col=1 by nearest-column fallback (row=18, x=728.2, dist=69.3)
2026-09-07 00:58:53,537 MatchingPostProcessor WARNING  Orphan pdf_cell 733 recovered to col=1 by nearest-column fallback (row=18, x=739.3, dist=58.2)
2026-09-07 00:58:53,537 MatchingPostProcessor WARNING  Orphan pdf_cell 734 recovered to col=1 by nearest-column fallback (row=18, x=750.4, dist=47.2)
2026-09-07 00:58:53,537 MatchingPostProcessor WARNING  Orphan pdf_cell 735 recovered to col=1 by nearest-column fallback (row=18, x=761.5, dist=36.1)
2026-09-07 00:58:53,537 MatchingPostProcessor WARNING  Orphan pdf_cell 753 recovered to col=0 by nearest-column fallback (row=19, x=550.8, dist=231.7)
2026-09-07 00:58:53,537 MatchingPostProcessor WARNING  Orphan pdf_cell 754 recovered to col=1 by nearest-column fallback (row=19, x=561.9, dist=235.7)
2026-09-07 00:58:53,537 MatchingPostProcessor WARNING  Orphan pdf_cell 755 recovered to col=1 by nearest-column fallback (row=19, x=573.0, dist=224.6)
2026-09-07 00:58:53,537 MatchingPostProcessor WARNING  Orphan pdf_cell 756 recovered to col=1 by nearest-column fallback (row=19, x=584.1, dist=213.5)
2026-09-07 00:58:53,537 MatchingPostProcessor WARNING  Orphan pdf_cell 757 recovered to col=1 by nearest-column fallback (row=19, x=595.2, dist=202.4)
2026-09-07 00:58:53,537 MatchingPostProcessor WARNING  Orphan pdf_cell 758 recovered to col=1 by nearest-column fallback (row=19, x=606.3, dist=191.3)
2026-09-07 00:58:53,537 MatchingPostProcessor WARNING  Orphan pdf_cell 759 recovered to col=1 by nearest-column fallback (row=19, x=617.4, dist=180.2)
2026-09-07 00:58:53,537 MatchingPostProcessor WARNING  Orphan pdf_cell 760 recovered to col=1 by nearest-column fallback (row=19, x=628.5, dist=169.1)
2026-09-07 00:58:53,537 MatchingPostProcessor WARNING  Orphan pdf_cell 761 recovered to col=1 by nearest-column fallback (row=19, x=639.5, dist=158.0)
2026-09-07 00:58:53,537 MatchingPostProcessor WARNING  Orphan pdf_cell 762 recovered to col=1 by nearest-column fallback (row=19, x=650.6, dist=146.9)
2026-09-07 00:58:53,537 MatchingPostProcessor WARNING  Orphan pdf_cell 763 recovered to col=1 by nearest-column fallback (row=19, x=661.7, dist=135.9)
2026-09-07 00:58:53,537 MatchingPostProcessor WARNING  Orphan pdf_cell 764 recovered to col=1 by nearest-column fallback (row=19, x=672.8, dist=124.8)
2026-09-07 00:58:53,537 MatchingPostProcessor WARNING  Orphan pdf_cell 765 recovered to col=1 by nearest-column fallback (row=19, x=683.9, dist=113.7)
2026-09-07 00:58:53,537 MatchingPostProcessor WARNING  Orphan pdf_cell 766 recovered to col=1 by nearest-column fallback (row=19, x=695.0, dist=102.6)
2026-09-07 00:58:53,537 MatchingPostProcessor WARNING  Orphan pdf_cell 767 recovered to col=1 by nearest-column fallback (row=19, x=706.1, dist=91.5)
2026-09-07 00:58:53,537 MatchingPostProcessor WARNING  Orphan pdf_cell 768 recovered to col=1 by nearest-column fallback (row=19, x=717.2, dist=80.4)
2026-09-07 00:58:53,537 MatchingPostProcessor WARNING  Orphan pdf_cell 769 recovered to col=1 by nearest-column fallback (row=19, x=728.2, dist=69.3)
2026-09-07 00:58:53,537 MatchingPostProcessor WARNING  Orphan pdf_cell 770 recovered to col=1 by nearest-column fallback (row=19, x=739.3, dist=58.2)
2026-09-07 00:58:53,537 MatchingPostProcessor WARNING  Orphan pdf_cell 771 recovered to col=1 by nearest-column fallback (row=19, x=750.4, dist=47.2)
2026-09-07 00:58:53,537 MatchingPostProcessor WARNING  Orphan pdf_cell 772 recovered to col=1 by nearest-column fallback (row=19, x=761.5, dist=36.1)
2026-09-07 00:58:53,538 MatchingPostProcessor WARNING  Orphan pdf_cell 790 recovered to col=0 by nearest-column fallback (row=20, x=550.8, dist=231.7)
2026-09-07 00:58:53,538 MatchingPostProcessor WARNING  Orphan pdf_cell 791 recovered to col=1 by nearest-column fallback (row=20, x=561.9, dist=235.7)
2026-09-07 00:58:53,538 MatchingPostProcessor WARNING  Orphan pdf_cell 792 recovered to col=1 by nearest-column fallback (row=20, x=573.0, dist=224.6)
2026-09-07 00:58:53,538 MatchingPostProcessor WARNING  Orphan pdf_cell 793 recovered to col=1 by nearest-column fallback (row=20, x=584.1, dist=213.5)
2026-09-07 00:58:53,538 MatchingPostProcessor WARNING  Orphan pdf_cell 794 recovered to col=1 by nearest-column fallback (row=20, x=595.2, dist=202.4)
2026-09-07 00:58:53,538 MatchingPostProcessor WARNING  Orphan pdf_cell 795 recovered to col=1 by nearest-column fallback (row=20, x=606.3, dist=191.3)
2026-09-07 00:58:53,538 MatchingPostProcessor WARNING  Orphan pdf_cell 796 recovered to col=1 by nearest-column fallback (row=20, x=617.4, dist=180.2)
2026-09-07 00:58:53,538 MatchingPostProcessor WARNING  Orphan pdf_cell 797 recovered to col=1 by nearest-column fallback (row=20, x=628.5, dist=169.1)
2026-09-07 00:58:53,538 MatchingPostProcessor WARNING  Orphan pdf_cell 798 recovered to col=1 by nearest-column fallback (row=20, x=639.5, dist=158.0)
2026-09-07 00:58:53,538 MatchingPostProcessor WARNING  Orphan pdf_cell 799 recovered to col=1 by nearest-column fallback (row=20, x=650.6, dist=146.9)
2026-09-07 00:58:53,538 MatchingPostProcessor WARNING  Orphan pdf_cell 800 recovered to col=1 by nearest-column fallback (row=20, x=661.7, dist=135.9)
2026-09-07 00:58:53,538 MatchingPostProcessor WARNING  Orphan pdf_cell 801 recovered to col=1 by nearest-column fallback (row=20, x=672.8, dist=124.8)
2026-09-07 00:58:53,538 MatchingPostProcessor WARNING  Orphan pdf_cell 802 recovered to col=1 by nearest-column fallback (row=20, x=683.9, dist=113.7)
2026-09-07 00:58:53,538 MatchingPostProcessor WARNING  Orphan pdf_cell 803 recovered to col=1 by nearest-column fallback (row=20, x=695.0, dist=102.6)
2026-09-07 00:58:53,538 MatchingPostProcessor WARNING  Orphan pdf_cell 804 recovered to col=1 by nearest-column fallback (row=20, x=706.1, dist=91.5)
2026-09-07 00:58:53,538 MatchingPostProcessor WARNING  Orphan pdf_cell 805 recovered to col=1 by nearest-column fallback (row=20, x=717.2, dist=80.4)
2026-09-07 00:58:53,538 MatchingPostProcessor WARNING  Orphan pdf_cell 806 recovered to col=1 by nearest-column fallback (row=20, x=728.2, dist=69.3)
2026-09-07 00:58:53,538 MatchingPostProcessor WARNING  Orphan pdf_cell 807 recovered to col=1 by nearest-column fallback (row=20, x=739.3, dist=58.2)
2026-09-07 00:58:53,538 MatchingPostProcessor WARNING  Orphan pdf_cell 808 recovered to col=1 by nearest-column fallback (row=20, x=750.4, dist=47.2)
2026-09-07 00:58:53,538 MatchingPostProcessor WARNING  Orphan pdf_cell 809 recovered to col=1 by nearest-column fallback (row=20, x=761.5, dist=36.1)
2026-09-07 00:58:53,538 MatchingPostProcessor WARNING  Orphan pdf_cell 819 recovered to col=1 by nearest-column fallback (row=21, x=561.9, dist=235.7)
2026-09-07 00:58:53,538 MatchingPostProcessor WARNING  Orphan pdf_cell 820 recovered to col=1 by nearest-column fallback (row=21, x=573.0, dist=224.6)
2026-09-07 00:58:53,538 MatchingPostProcessor WARNING  Orphan pdf_cell 821 recovered to col=1 by nearest-column fallback (row=21, x=584.1, dist=213.5)
2026-09-07 00:58:53,538 MatchingPostProcessor WARNING  Orphan pdf_cell 822 recovered to col=1 by nearest-column fallback (row=21, x=595.2, dist=202.4)
2026-09-07 00:58:53,538 MatchingPostProcessor WARNING  Orphan pdf_cell 823 recovered to col=1 by nearest-column fallback (row=21, x=606.3, dist=191.3)
2026-09-07 00:58:53,538 MatchingPostProcessor WARNING  Orphan pdf_cell 824 recovered to col=1 by nearest-column fallback (row=21, x=617.4, dist=180.2)
2026-09-07 00:58:53,538 MatchingPostProcessor WARNING  Orphan pdf_cell 825 recovered to col=1 by nearest-column fallback (row=21, x=628.5, dist=169.1)
2026-09-07 00:58:53,538 MatchingPostProcessor WARNING  Orphan pdf_cell 826 recovered to col=1 by nearest-column fallback (row=21, x=639.5, dist=158.0)
2026-09-07 00:58:53,538 MatchingPostProcessor WARNING  Orphan pdf_cell 827 recovered to col=1 by nearest-column fallback (row=21, x=650.6, dist=146.9)
2026-09-07 00:58:53,538 MatchingPostProcessor WARNING  Orphan pdf_cell 828 recovered to col=1 by nearest-column fallback (row=21, x=661.7, dist=135.9)
2026-09-07 00:58:53,538 MatchingPostProcessor WARNING  Orphan pdf_cell 829 recovered to col=1 by nearest-column fallback (row=21, x=672.8, dist=124.8)
2026-09-07 00:58:53,538 MatchingPostProcessor WARNING  Orphan pdf_cell 830 recovered to col=1 by nearest-column fallback (row=21, x=683.9, dist=113.7)
2026-09-07 00:58:53,539 MatchingPostProcessor WARNING  Orphan pdf_cell 831 recovered to col=1 by nearest-column fallback (row=21, x=695.0, dist=102.6)
2026-09-07 00:58:53,539 MatchingPostProcessor WARNING  Orphan pdf_cell 832 recovered to col=1 by nearest-column fallback (row=21, x=706.1, dist=91.5)
2026-09-07 00:58:53,539 MatchingPostProcessor WARNING  Orphan pdf_cell 833 recovered to col=1 by nearest-column fallback (row=21, x=717.2, dist=80.4)
2026-09-07 00:58:53,539 MatchingPostProcessor WARNING  Orphan pdf_cell 834 recovered to col=1 by nearest-column fallback (row=21, x=728.2, dist=69.3)
2026-09-07 00:58:53,539 MatchingPostProcessor WARNING  Orphan pdf_cell 835 recovered to col=1 by nearest-column fallback (row=21, x=739.3, dist=58.2)
2026-09-07 00:58:53,539 MatchingPostProcessor WARNING  Orphan pdf_cell 836 recovered to col=1 by nearest-column fallback (row=21, x=750.4, dist=47.2)
2026-09-07 00:58:53,539 MatchingPostProcessor WARNING  Orphan pdf_cell 837 recovered to col=1 by nearest-column fallback (row=21, x=761.5, dist=36.1)
2026-09-07 00:58:53,539 MatchingPostProcessor WARNING  Orphan pdf_cell 867 recovered to col=0 by nearest-column fallback (row=22, x=550.8, dist=231.7)
2026-09-07 00:58:53,539 MatchingPostProcessor WARNING  Orphan pdf_cell 868 recovered to col=1 by nearest-column fallback (row=22, x=561.9, dist=235.7)
2026-09-07 00:58:53,539 MatchingPostProcessor WARNING  Orphan pdf_cell 869 recovered to col=1 by nearest-column fallback (row=22, x=573.0, dist=224.6)
2026-09-07 00:58:53,539 MatchingPostProcessor WARNING  Orphan pdf_cell 870 recovered to col=1 by nearest-column fallback (row=22, x=584.1, dist=213.5)
2026-09-07 00:58:53,539 MatchingPostProcessor WARNING  Orphan pdf_cell 871 recovered to col=1 by nearest-column fallback (row=22, x=595.2, dist=202.4)
2026-09-07 00:58:53,539 MatchingPostProcessor WARNING  Orphan pdf_cell 872 recovered to col=1 by nearest-column fallback (row=22, x=606.3, dist=191.3)
2026-09-07 00:58:53,539 MatchingPostProcessor WARNING  Orphan pdf_cell 873 recovered to col=1 by nearest-column fallback (row=22, x=617.4, dist=180.2)
2026-09-07 00:58:53,539 MatchingPostProcessor WARNING  Orphan pdf_cell 874 recovered to col=1 by nearest-column fallback (row=22, x=628.5, dist=169.1)
2026-09-07 00:58:53,539 MatchingPostProcessor WARNING  Orphan pdf_cell 875 recovered to col=1 by nearest-column fallback (row=22, x=639.5, dist=158.0)
2026-09-07 00:58:53,539 MatchingPostProcessor WARNING  Orphan pdf_cell 876 recovered to col=1 by nearest-column fallback (row=22, x=650.6, dist=146.9)
2026-09-07 00:58:53,539 MatchingPostProcessor WARNING  Orphan pdf_cell 877 recovered to col=1 by nearest-column fallback (row=22, x=661.7, dist=135.9)
2026-09-07 00:58:53,539 MatchingPostProcessor WARNING  Orphan pdf_cell 878 recovered to col=1 by nearest-column fallback (row=22, x=672.8, dist=124.8)
2026-09-07 00:58:53,539 MatchingPostProcessor WARNING  Orphan pdf_cell 879 recovered to col=1 by nearest-column fallback (row=22, x=683.9, dist=113.7)
2026-09-07 00:58:53,539 MatchingPostProcessor WARNING  Orphan pdf_cell 880 recovered to col=1 by nearest-column fallback (row=22, x=695.0, dist=102.6)
2026-09-07 00:58:53,539 MatchingPostProcessor WARNING  Orphan pdf_cell 881 recovered to col=1 by nearest-column fallback (row=22, x=706.1, dist=91.5)
2026-09-07 00:58:53,539 MatchingPostProcessor WARNING  Orphan pdf_cell 882 recovered to col=1 by nearest-column fallback (row=22, x=717.2, dist=80.4)
2026-09-07 00:58:53,540 MatchingPostProcessor WARNING  Orphan pdf_cell 883 recovered to col=1 by nearest-column fallback (row=22, x=728.2, dist=69.3)
2026-09-07 00:58:53,540 MatchingPostProcessor WARNING  Orphan pdf_cell 884 recovered to col=1 by nearest-column fallback (row=22, x=739.3, dist=58.2)
2026-09-07 00:58:53,540 MatchingPostProcessor WARNING  Orphan pdf_cell 885 recovered to col=1 by nearest-column fallback (row=22, x=750.4, dist=47.2)
2026-09-07 00:58:53,540 MatchingPostProcessor WARNING  Orphan pdf_cell 886 recovered to col=1 by nearest-column fallback (row=22, x=761.5, dist=36.1)
2026-09-07 00:58:53,540 MatchingPostProcessor WARNING  Orphan pdf_cell 904 recovered to col=0 by nearest-column fallback (row=23, x=550.8, dist=231.7)
2026-09-07 00:58:53,540 MatchingPostProcessor WARNING  Orphan pdf_cell 905 recovered to col=1 by nearest-column fallback (row=23, x=561.9, dist=235.7)
2026-09-07 00:58:53,540 MatchingPostProcessor WARNING  Orphan pdf_cell 906 recovered to col=1 by nearest-column fallback (row=23, x=573.0, dist=224.6)
2026-09-07 00:58:53,540 MatchingPostProcessor WARNING  Orphan pdf_cell 907 recovered to col=1 by nearest-column fallback (row=23, x=584.1, dist=213.5)
2026-09-07 00:58:53,540 MatchingPostProcessor WARNING  Orphan pdf_cell 908 recovered to col=1 by nearest-column fallback (row=23, x=595.2, dist=202.4)
2026-09-07 00:58:53,540 MatchingPostProcessor WARNING  Orphan pdf_cell 909 recovered to col=1 by nearest-column fallback (row=23, x=606.3, dist=191.3)
2026-09-07 00:58:53,540 MatchingPostProcessor WARNING  Orphan pdf_cell 910 recovered to col=1 by nearest-column fallback (row=23, x=617.4, dist=180.2)
2026-09-07 00:58:53,540 MatchingPostProcessor WARNING  Orphan pdf_cell 911 recovered to col=1 by nearest-column fallback (row=23, x=628.5, dist=169.1)
2026-09-07 00:58:53,540 MatchingPostProcessor WARNING  Orphan pdf_cell 912 recovered to col=1 by nearest-column fallback (row=23, x=639.5, dist=158.0)
2026-09-07 00:58:53,540 MatchingPostProcessor WARNING  Orphan pdf_cell 913 recovered to col=1 by nearest-column fallback (row=23, x=650.6, dist=146.9)
2026-09-07 00:58:53,540 MatchingPostProcessor WARNING  Orphan pdf_cell 914 recovered to col=1 by nearest-column fallback (row=23, x=661.7, dist=135.9)
2026-09-07 00:58:53,540 MatchingPostProcessor WARNING  Orphan pdf_cell 915 recovered to col=1 by nearest-column fallback (row=23, x=672.8, dist=124.8)
2026-09-07 00:58:53,540 MatchingPostProcessor WARNING  Orphan pdf_cell 916 recovered to col=1 by nearest-column fallback (row=23, x=683.9, dist=113.7)
2026-09-07 00:58:53,540 MatchingPostProcessor WARNING  Orphan pdf_cell 917 recovered to col=1 by nearest-column fallback (row=23, x=695.0, dist=102.6)
2026-09-07 00:58:53,540 MatchingPostProcessor WARNING  Orphan pdf_cell 918 recovered to col=1 by nearest-column fallback (row=23, x=706.1, dist=91.5)
2026-09-07 00:58:53,540 MatchingPostProcessor WARNING  Orphan pdf_cell 919 recovered to col=1 by nearest-column fallback (row=23, x=717.2, dist=80.4)
2026-09-07 00:58:53,540 MatchingPostProcessor WARNING  Orphan pdf_cell 920 recovered to col=1 by nearest-column fallback (row=23, x=728.2, dist=69.3)
2026-09-07 00:58:53,540 MatchingPostProcessor WARNING  Orphan pdf_cell 921 recovered to col=1 by nearest-column fallback (row=23, x=739.3, dist=58.2)
2026-09-07 00:58:53,540 MatchingPostProcessor WARNING  Orphan pdf_cell 922 recovered to col=1 by nearest-column fallback (row=23, x=750.4, dist=47.2)
2026-09-07 00:58:53,540 MatchingPostProcessor WARNING  Orphan pdf_cell 923 recovered to col=1 by nearest-column fallback (row=23, x=761.5, dist=36.1)
2026-09-07 00:58:53,541 MatchingPostProcessor WARNING  Orphan pdf_cell 944 recovered to col=0 by nearest-column fallback (row=24, x=550.8, dist=231.7)
2026-09-07 00:58:53,541 MatchingPostProcessor WARNING  Orphan pdf_cell 945 recovered to col=1 by nearest-column fallback (row=24, x=561.9, dist=235.7)
2026-09-07 00:58:53,541 MatchingPostProcessor WARNING  Orphan pdf_cell 946 recovered to col=1 by nearest-column fallback (row=24, x=573.0, dist=224.6)
2026-09-07 00:58:53,541 MatchingPostProcessor WARNING  Orphan pdf_cell 947 recovered to col=1 by nearest-column fallback (row=24, x=584.1, dist=213.5)
2026-09-07 00:58:53,541 MatchingPostProcessor WARNING  Orphan pdf_cell 948 recovered to col=1 by nearest-column fallback (row=24, x=595.2, dist=202.4)
2026-09-07 00:58:53,541 MatchingPostProcessor WARNING  Orphan pdf_cell 949 recovered to col=1 by nearest-column fallback (row=24, x=606.3, dist=191.3)
2026-09-07 00:58:53,541 MatchingPostProcessor WARNING  Orphan pdf_cell 950 recovered to col=1 by nearest-column fallback (row=24, x=617.4, dist=180.2)
2026-09-07 00:58:53,541 MatchingPostProcessor WARNING  Orphan pdf_cell 951 recovered to col=1 by nearest-column fallback (row=24, x=628.5, dist=169.1)
2026-09-07 00:58:53,541 MatchingPostProcessor WARNING  Orphan pdf_cell 952 recovered to col=1 by nearest-column fallback (row=24, x=639.5, dist=158.0)
2026-09-07 00:58:53,541 MatchingPostProcessor WARNING  Orphan pdf_cell 953 recovered to col=1 by nearest-column fallback (row=24, x=650.6, dist=146.9)
2026-09-07 00:58:53,541 MatchingPostProcessor WARNING  Orphan pdf_cell 954 recovered to col=1 by nearest-column fallback (row=24, x=661.7, dist=135.9)
2026-09-07 00:58:53,541 MatchingPostProcessor WARNING  Orphan pdf_cell 955 recovered to col=1 by nearest-column fallback (row=24, x=672.8, dist=124.8)
2026-09-07 00:58:53,541 MatchingPostProcessor WARNING  Orphan pdf_cell 956 recovered to col=1 by nearest-column fallback (row=24, x=683.9, dist=113.7)
2026-09-07 00:58:53,541 MatchingPostProcessor WARNING  Orphan pdf_cell 957 recovered to col=1 by nearest-column fallback (row=24, x=695.0, dist=102.6)
2026-09-07 00:58:53,541 MatchingPostProcessor WARNING  Orphan pdf_cell 958 recovered to col=1 by nearest-column fallback (row=24, x=706.1, dist=91.5)
2026-09-07 00:58:53,541 MatchingPostProcessor WARNING  Orphan pdf_cell 959 recovered to col=1 by nearest-column fallback (row=24, x=717.2, dist=80.4)
2026-09-07 00:58:53,541 MatchingPostProcessor WARNING  Orphan pdf_cell 960 recovered to col=1 by nearest-column fallback (row=24, x=728.2, dist=69.3)
2026-09-07 00:58:53,541 MatchingPostProcessor WARNING  Orphan pdf_cell 961 recovered to col=1 by nearest-column fallback (row=24, x=739.3, dist=58.2)
2026-09-07 00:58:53,541 MatchingPostProcessor WARNING  Orphan pdf_cell 962 recovered to col=1 by nearest-column fallback (row=24, x=750.4, dist=47.2)
2026-09-07 00:58:53,541 MatchingPostProcessor WARNING  Orphan pdf_cell 963 recovered to col=1 by nearest-column fallback (row=24, x=761.5, dist=36.1)
2026-09-07 00:58:53,542 MatchingPostProcessor WARNING  Orphan pdf_cell 991 recovered to col=0 by nearest-column fallback (row=25, x=550.8, dist=231.7)
2026-09-07 00:58:53,542 MatchingPostProcessor WARNING  Orphan pdf_cell 992 recovered to col=1 by nearest-column fallback (row=25, x=561.9, dist=235.7)
2026-09-07 00:58:53,542 MatchingPostProcessor WARNING  Orphan pdf_cell 993 recovered to col=1 by nearest-column fallback (row=25, x=573.0, dist=224.6)
2026-09-07 00:58:53,542 MatchingPostProcessor WARNING  Orphan pdf_cell 994 recovered to col=1 by nearest-column fallback (row=25, x=584.1, dist=213.5)
2026-09-07 00:58:53,542 MatchingPostProcessor WARNING  Orphan pdf_cell 995 recovered to col=1 by nearest-column fallback (row=25, x=595.2, dist=202.4)
2026-09-07 00:58:53,542 MatchingPostProcessor WARNING  Orphan pdf_cell 996 recovered to col=1 by nearest-column fallback (row=25, x=606.3, dist=191.3)
2026-09-07 00:58:53,542 MatchingPostProcessor WARNING  Orphan pdf_cell 997 recovered to col=1 by nearest-column fallback (row=25, x=617.4, dist=180.2)
2026-09-07 00:58:53,542 MatchingPostProcessor WARNING  Orphan pdf_cell 998 recovered to col=1 by nearest-column fallback (row=25, x=628.5, dist=169.1)
2026-09-07 00:58:53,542 MatchingPostProcessor WARNING  Orphan pdf_cell 999 recovered to col=1 by nearest-column fallback (row=25, x=639.5, dist=158.0)
2026-09-07 00:58:53,542 MatchingPostProcessor WARNING  Orphan pdf_cell 1000 recovered to col=1 by nearest-column fallback (row=25, x=650.6, dist=146.9)
2026-09-07 00:58:53,542 MatchingPostProcessor WARNING  Orphan pdf_cell 1001 recovered to col=1 by nearest-column fallback (row=25, x=661.7, dist=135.9)
2026-09-07 00:58:53,542 MatchingPostProcessor WARNING  Orphan pdf_cell 1002 recovered to col=1 by nearest-column fallback (row=25, x=672.8, dist=124.8)
2026-09-07 00:58:53,542 MatchingPostProcessor WARNING  Orphan pdf_cell 1003 recovered to col=1 by nearest-column fallback (row=25, x=683.9, dist=113.7)
2026-09-07 00:58:53,542 MatchingPostProcessor WARNING  Orphan pdf_cell 1004 recovered to col=1 by nearest-column fallback (row=25, x=695.0, dist=102.6)
2026-09-07 00:58:53,542 MatchingPostProcessor WARNING  Orphan pdf_cell 1005 recovered to col=1 by nearest-column fallback (row=25, x=706.1, dist=91.5)
2026-09-07 00:58:53,542 MatchingPostProcessor WARNING  Orphan pdf_cell 1006 recovered to col=1 by nearest-column fallback (row=25, x=717.2, dist=80.4)
2026-09-07 00:58:53,542 MatchingPostProcessor WARNING  Orphan pdf_cell 1007 recovered to col=1 by nearest-column fallback (row=25, x=728.2, dist=69.3)
2026-09-07 00:58:53,542 MatchingPostProcessor WARNING  Orphan pdf_cell 1008 recovered to col=1 by nearest-column fallback (row=25, x=739.3, dist=58.2)
2026-09-07 00:58:53,542 MatchingPostProcessor WARNING  Orphan pdf_cell 1009 recovered to col=1 by nearest-column fallback (row=25, x=750.4, dist=47.2)
2026-09-07 00:58:53,542 MatchingPostProcessor WARNING  Orphan pdf_cell 1010 recovered to col=1 by nearest-column fallback (row=25, x=761.5, dist=36.1)
2026-09-07 00:58:53,542 MatchingPostProcessor WARNING  Orphan pdf_cell 1035 recovered to col=0 by nearest-column fallback (row=26, x=550.8, dist=231.7)
2026-09-07 00:58:53,542 MatchingPostProcessor WARNING  Orphan pdf_cell 1036 recovered to col=1 by nearest-column fallback (row=26, x=561.9, dist=235.7)
2026-09-07 00:58:53,542 MatchingPostProcessor WARNING  Orphan pdf_cell 1037 recovered to col=1 by nearest-column fallback (row=26, x=573.0, dist=224.6)
2026-09-07 00:58:53,542 MatchingPostProcessor WARNING  Orphan pdf_cell 1038 recovered to col=1 by nearest-column fallback (row=26, x=584.1, dist=213.5)
2026-09-07 00:58:53,542 MatchingPostProcessor WARNING  Orphan pdf_cell 1039 recovered to col=1 by nearest-column fallback (row=26, x=595.2, dist=202.4)
2026-09-07 00:58:53,543 MatchingPostProcessor WARNING  Orphan pdf_cell 1040 recovered to col=1 by nearest-column fallback (row=26, x=606.3, dist=191.3)
2026-09-07 00:58:53,543 MatchingPostProcessor WARNING  Orphan pdf_cell 1041 recovered to col=1 by nearest-column fallback (row=26, x=617.4, dist=180.2)
2026-09-07 00:58:53,543 MatchingPostProcessor WARNING  Orphan pdf_cell 1042 recovered to col=1 by nearest-column fallback (row=26, x=628.5, dist=169.1)
2026-09-07 00:58:53,543 MatchingPostProcessor WARNING  Orphan pdf_cell 1043 recovered to col=1 by nearest-column fallback (row=26, x=639.5, dist=158.0)
2026-09-07 00:58:53,543 MatchingPostProcessor WARNING  Orphan pdf_cell 1044 recovered to col=1 by nearest-column fallback (row=26, x=650.6, dist=146.9)
2026-09-07 00:58:53,543 MatchingPostProcessor WARNING  Orphan pdf_cell 1045 recovered to col=1 by nearest-column fallback (row=26, x=661.7, dist=135.9)
2026-09-07 00:58:53,543 MatchingPostProcessor WARNING  Orphan pdf_cell 1046 recovered to col=1 by nearest-column fallback (row=26, x=672.8, dist=124.8)
2026-09-07 00:58:53,543 MatchingPostProcessor WARNING  Orphan pdf_cell 1047 recovered to col=1 by nearest-column fallback (row=26, x=683.9, dist=113.7)
2026-09-07 00:58:53,543 MatchingPostProcessor WARNING  Orphan pdf_cell 1048 recovered to col=1 by nearest-column fallback (row=26, x=695.0, dist=102.6)
2026-09-07 00:58:53,543 MatchingPostProcessor WARNING  Orphan pdf_cell 1049 recovered to col=1 by nearest-column fallback (row=26, x=706.1, dist=91.5)
2026-09-07 00:58:53,543 MatchingPostProcessor WARNING  Orphan pdf_cell 1050 recovered to col=1 by nearest-column fallback (row=26, x=717.2, dist=80.4)
2026-09-07 00:58:53,543 MatchingPostProcessor WARNING  Orphan pdf_cell 1051 recovered to col=1 by nearest-column fallback (row=26, x=728.2, dist=69.3)
2026-09-07 00:58:53,543 MatchingPostProcessor WARNING  Orphan pdf_cell 1052 recovered to col=1 by nearest-column fallback (row=26, x=739.3, dist=58.2)
2026-09-07 00:58:53,543 MatchingPostProcessor WARNING  Orphan pdf_cell 1053 recovered to col=1 by nearest-column fallback (row=26, x=750.4, dist=47.2)
2026-09-07 00:58:53,543 MatchingPostProcessor WARNING  Orphan pdf_cell 1054 recovered to col=1 by nearest-column fallback (row=26, x=761.5, dist=36.1)
2026-09-07 00:58:53,543 MatchingPostProcessor WARNING  Orphan pdf_cell 1071 recovered to col=0 by nearest-column fallback (row=27, x=550.8, dist=231.7)
2026-09-07 00:58:53,543 MatchingPostProcessor WARNING  Orphan pdf_cell 1072 recovered to col=1 by nearest-column fallback (row=27, x=561.9, dist=235.7)
2026-09-07 00:58:53,543 MatchingPostProcessor WARNING  Orphan pdf_cell 1073 recovered to col=1 by nearest-column fallback (row=27, x=573.0, dist=224.6)
2026-09-07 00:58:53,543 MatchingPostProcessor WARNING  Orphan pdf_cell 1074 recovered to col=1 by nearest-column fallback (row=27, x=584.1, dist=213.5)
2026-09-07 00:58:53,543 MatchingPostProcessor WARNING  Orphan pdf_cell 1075 recovered to col=1 by nearest-column fallback (row=27, x=595.2, dist=202.4)
2026-09-07 00:58:53,543 MatchingPostProcessor WARNING  Orphan pdf_cell 1076 recovered to col=1 by nearest-column fallback (row=27, x=606.3, dist=191.3)
2026-09-07 00:58:53,543 MatchingPostProcessor WARNING  Orphan pdf_cell 1077 recovered to col=1 by nearest-column fallback (row=27, x=617.4, dist=180.2)
2026-09-07 00:58:53,543 MatchingPostProcessor WARNING  Orphan pdf_cell 1078 recovered to col=1 by nearest-column fallback (row=27, x=628.5, dist=169.1)
2026-09-07 00:58:53,543 MatchingPostProcessor WARNING  Orphan pdf_cell 1079 recovered to col=1 by nearest-column fallback (row=27, x=639.5, dist=158.0)
2026-09-07 00:58:53,543 MatchingPostProcessor WARNING  Orphan pdf_cell 1080 recovered to col=1 by nearest-column fallback (row=27, x=650.6, dist=146.9)
2026-09-07 00:58:53,543 MatchingPostProcessor WARNING  Orphan pdf_cell 1081 recovered to col=1 by nearest-column fallback (row=27, x=661.7, dist=135.9)
2026-09-07 00:58:53,543 MatchingPostProcessor WARNING  Orphan pdf_cell 1082 recovered to col=1 by nearest-column fallback (row=27, x=672.8, dist=124.8)
2026-09-07 00:58:53,543 MatchingPostProcessor WARNING  Orphan pdf_cell 1083 recovered to col=1 by nearest-column fallback (row=27, x=683.9, dist=113.7)
2026-09-07 00:58:53,543 MatchingPostProcessor WARNING  Orphan pdf_cell 1084 recovered to col=1 by nearest-column fallback (row=27, x=695.0, dist=102.6)
2026-09-07 00:58:53,543 MatchingPostProcessor WARNING  Orphan pdf_cell 1085 recovered to col=1 by nearest-column fallback (row=27, x=706.1, dist=91.5)
2026-09-07 00:58:53,543 MatchingPostProcessor WARNING  Orphan pdf_cell 1086 recovered to col=1 by nearest-column fallback (row=27, x=717.2, dist=80.4)
2026-09-07 00:58:53,544 MatchingPostProcessor WARNING  Orphan pdf_cell 1087 recovered to col=1 by nearest-column fallback (row=27, x=728.2, dist=69.3)
2026-09-07 00:58:53,544 MatchingPostProcessor WARNING  Orphan pdf_cell 1088 recovered to col=1 by nearest-column fallback (row=27, x=739.3, dist=58.2)
2026-09-07 00:58:53,544 MatchingPostProcessor WARNING  Orphan pdf_cell 1089 recovered to col=1 by nearest-column fallback (row=27, x=750.4, dist=47.2)
2026-09-07 00:58:53,544 MatchingPostProcessor WARNING  Orphan pdf_cell 1090 recovered to col=1 by nearest-column fallback (row=27, x=761.5, dist=36.1)
2026-09-07 00:58:53,544 MatchingPostProcessor WARNING  Orphan pdf_cell 1118 recovered to col=0 by nearest-column fallback (row=27, x=550.8, dist=231.7)
2026-09-07 00:58:53,544 MatchingPostProcessor WARNING  Orphan pdf_cell 1119 recovered to col=1 by nearest-column fallback (row=27, x=561.9, dist=235.7)
2026-09-07 00:58:53,544 MatchingPostProcessor WARNING  Orphan pdf_cell 1120 recovered to col=1 by nearest-column fallback (row=27, x=573.0, dist=224.6)
2026-09-07 00:58:53,544 MatchingPostProcessor WARNING  Orphan pdf_cell 1121 recovered to col=1 by nearest-column fallback (row=27, x=584.1, dist=213.5)
2026-09-07 00:58:53,544 MatchingPostProcessor WARNING  Orphan pdf_cell 1122 recovered to col=1 by nearest-column fallback (row=27, x=595.2, dist=202.4)
2026-09-07 00:58:53,544 MatchingPostProcessor WARNING  Orphan pdf_cell 1123 recovered to col=1 by nearest-column fallback (row=27, x=606.3, dist=191.3)
2026-09-07 00:58:53,544 MatchingPostProcessor WARNING  Orphan pdf_cell 1124 recovered to col=1 by nearest-column fallback (row=27, x=617.4, dist=180.2)
2026-09-07 00:58:53,544 MatchingPostProcessor WARNING  Orphan pdf_cell 1125 recovered to col=1 by nearest-column fallback (row=27, x=628.5, dist=169.1)
2026-09-07 00:58:53,544 MatchingPostProcessor WARNING  Orphan pdf_cell 1126 recovered to col=1 by nearest-column fallback (row=27, x=639.5, dist=158.0)
2026-09-07 00:58:53,544 MatchingPostProcessor WARNING  Orphan pdf_cell 1127 recovered to col=1 by nearest-column fallback (row=27, x=650.6, dist=146.9)
2026-09-07 00:58:53,544 MatchingPostProcessor WARNING  Orphan pdf_cell 1128 recovered to col=1 by nearest-column fallback (row=27, x=661.7, dist=135.9)
2026-09-07 00:58:53,544 MatchingPostProcessor WARNING  Orphan pdf_cell 1129 recovered to col=1 by nearest-column fallback (row=27, x=672.8, dist=124.8)
2026-09-07 00:58:53,544 MatchingPostProcessor WARNING  Orphan pdf_cell 1130 recovered to col=1 by nearest-column fallback (row=27, x=683.9, dist=113.7)
2026-09-07 00:58:53,544 MatchingPostProcessor WARNING  Orphan pdf_cell 1131 recovered to col=1 by nearest-column fallback (row=27, x=695.0, dist=102.6)
2026-09-07 00:58:53,544 MatchingPostProcessor WARNING  Orphan pdf_cell 1132 recovered to col=1 by nearest-column fallback (row=27, x=706.1, dist=91.5)
2026-09-07 00:58:53,544 MatchingPostProcessor WARNING  Orphan pdf_cell 1133 recovered to col=1 by nearest-column fallback (row=27, x=717.2, dist=80.4)
2026-09-07 00:58:53,544 MatchingPostProcessor WARNING  Orphan pdf_cell 1134 recovered to col=1 by nearest-column fallback (row=27, x=728.2, dist=69.3)
2026-09-07 00:58:53,544 MatchingPostProcessor WARNING  Orphan pdf_cell 1135 recovered to col=1 by nearest-column fallback (row=27, x=739.3, dist=58.2)
2026-09-07 00:58:53,544 MatchingPostProcessor WARNING  Orphan pdf_cell 1136 recovered to col=1 by nearest-column fallback (row=27, x=750.4, dist=47.2)
2026-09-07 00:58:53,544 MatchingPostProcessor WARNING  Orphan pdf_cell 1137 recovered to col=1 by nearest-column fallback (row=27, x=761.5, dist=36.1)
2026-09-07 00:58:53,544 MatchingPostProcessor WARNING  Orphan pdf_cell 1152 recovered to col=0 by nearest-column fallback (row=28, x=550.8, dist=231.7)
2026-09-07 00:58:53,545 MatchingPostProcessor WARNING  Orphan pdf_cell 1153 recovered to col=1 by nearest-column fallback (row=28, x=561.9, dist=235.7)
2026-09-07 00:58:53,545 MatchingPostProcessor WARNING  Orphan pdf_cell 1154 recovered to col=1 by nearest-column fallback (row=28, x=573.0, dist=224.6)
2026-09-07 00:58:53,545 MatchingPostProcessor WARNING  Orphan pdf_cell 1155 recovered to col=1 by nearest-column fallback (row=28, x=584.1, dist=213.5)
2026-09-07 00:58:53,545 MatchingPostProcessor WARNING  Orphan pdf_cell 1156 recovered to col=1 by nearest-column fallback (row=28, x=595.2, dist=202.4)
2026-09-07 00:58:53,545 MatchingPostProcessor WARNING  Orphan pdf_cell 1157 recovered to col=1 by nearest-column fallback (row=28, x=606.3, dist=191.3)
2026-09-07 00:58:53,545 MatchingPostProcessor WARNING  Orphan pdf_cell 1158 recovered to col=1 by nearest-column fallback (row=28, x=617.4, dist=180.2)
2026-09-07 00:58:53,545 MatchingPostProcessor WARNING  Orphan pdf_cell 1159 recovered to col=1 by nearest-column fallback (row=28, x=628.5, dist=169.1)
2026-09-07 00:58:53,545 MatchingPostProcessor WARNING  Orphan pdf_cell 1160 recovered to col=1 by nearest-column fallback (row=28, x=639.5, dist=158.0)
2026-09-07 00:58:53,545 MatchingPostProcessor WARNING  Orphan pdf_cell 1161 recovered to col=1 by nearest-column fallback (row=28, x=650.6, dist=146.9)
2026-09-07 00:58:53,545 MatchingPostProcessor WARNING  Orphan pdf_cell 1162 recovered to col=1 by nearest-column fallback (row=28, x=661.7, dist=135.9)
2026-09-07 00:58:53,545 MatchingPostProcessor WARNING  Orphan pdf_cell 1163 recovered to col=1 by nearest-column fallback (row=28, x=672.8, dist=124.8)
2026-09-07 00:58:53,545 MatchingPostProcessor WARNING  Orphan pdf_cell 1164 recovered to col=1 by nearest-column fallback (row=28, x=683.9, dist=113.7)
2026-09-07 00:58:53,545 MatchingPostProcessor WARNING  Orphan pdf_cell 1165 recovered to col=1 by nearest-column fallback (row=28, x=695.0, dist=102.6)
2026-09-07 00:58:53,545 MatchingPostProcessor WARNING  Orphan pdf_cell 1166 recovered to col=1 by nearest-column fallback (row=28, x=706.1, dist=91.5)
2026-09-07 00:58:53,545 MatchingPostProcessor WARNING  Orphan pdf_cell 1167 recovered to col=1 by nearest-column fallback (row=28, x=717.2, dist=80.4)
2026-09-07 00:58:53,545 MatchingPostProcessor WARNING  Orphan pdf_cell 1168 recovered to col=1 by nearest-column fallback (row=28, x=728.2, dist=69.3)
2026-09-07 00:58:53,545 MatchingPostProcessor WARNING  Orphan pdf_cell 1169 recovered to col=1 by nearest-column fallback (row=28, x=739.3, dist=58.2)
2026-09-07 00:58:53,545 MatchingPostProcessor WARNING  Orphan pdf_cell 1170 recovered to col=1 by nearest-column fallback (row=28, x=750.4, dist=47.2)
2026-09-07 00:58:53,545 MatchingPostProcessor WARNING  Orphan pdf_cell 1171 recovered to col=1 by nearest-column fallback (row=28, x=761.5, dist=36.1)
2026-09-07 00:58:53,545 MatchingPostProcessor WARNING  Orphan pdf_cell 1190 recovered to col=0 by nearest-column fallback (row=30, x=550.8, dist=231.7)
2026-09-07 00:58:53,545 MatchingPostProcessor WARNING  Orphan pdf_cell 1191 recovered to col=1 by nearest-column fallback (row=30, x=561.9, dist=235.7)
2026-09-07 00:58:53,545 MatchingPostProcessor WARNING  Orphan pdf_cell 1192 recovered to col=1 by nearest-column fallback (row=30, x=573.0, dist=224.6)
2026-09-07 00:58:53,545 MatchingPostProcessor WARNING  Orphan pdf_cell 1193 recovered to col=1 by nearest-column fallback (row=30, x=584.1, dist=213.5)
2026-09-07 00:58:53,545 MatchingPostProcessor WARNING  Orphan pdf_cell 1194 recovered to col=1 by nearest-column fallback (row=30, x=595.2, dist=202.4)
2026-09-07 00:58:53,545 MatchingPostProcessor WARNING  Orphan pdf_cell 1195 recovered to col=1 by nearest-column fallback (row=30, x=606.3, dist=191.3)
2026-09-07 00:58:53,545 MatchingPostProcessor WARNING  Orphan pdf_cell 1196 recovered to col=1 by nearest-column fallback (row=30, x=617.4, dist=180.2)
2026-09-07 00:58:53,545 MatchingPostProcessor WARNING  Orphan pdf_cell 1197 recovered to col=1 by nearest-column fallback (row=30, x=628.5, dist=169.1)
2026-09-07 00:58:53,545 MatchingPostProcessor WARNING  Orphan pdf_cell 1198 recovered to col=1 by nearest-column fallback (row=30, x=639.5, dist=158.0)
2026-09-07 00:58:53,545 MatchingPostProcessor WARNING  Orphan pdf_cell 1199 recovered to col=1 by nearest-column fallback (row=30, x=650.6, dist=146.9)
2026-09-07 00:58:53,545 MatchingPostProcessor WARNING  Orphan pdf_cell 1200 recovered to col=1 by nearest-column fallback (row=30, x=661.7, dist=135.9)
2026-09-07 00:58:53,546 MatchingPostProcessor WARNING  Orphan pdf_cell 1201 recovered to col=1 by nearest-column fallback (row=30, x=672.8, dist=124.8)
2026-09-07 00:58:53,546 MatchingPostProcessor WARNING  Orphan pdf_cell 1202 recovered to col=1 by nearest-column fallback (row=30, x=683.9, dist=113.7)
2026-09-07 00:58:53,546 MatchingPostProcessor WARNING  Orphan pdf_cell 1203 recovered to col=1 by nearest-column fallback (row=30, x=695.0, dist=102.6)
2026-09-07 00:58:53,546 MatchingPostProcessor WARNING  Orphan pdf_cell 1204 recovered to col=1 by nearest-column fallback (row=30, x=706.1, dist=91.5)
2026-09-07 00:58:53,546 MatchingPostProcessor WARNING  Orphan pdf_cell 1205 recovered to col=1 by nearest-column fallback (row=30, x=717.2, dist=80.4)
2026-09-07 00:58:53,546 MatchingPostProcessor WARNING  Orphan pdf_cell 1206 recovered to col=1 by nearest-column fallback (row=30, x=728.2, dist=69.3)
2026-09-07 00:58:53,546 MatchingPostProcessor WARNING  Orphan pdf_cell 1207 recovered to col=1 by nearest-column fallback (row=30, x=739.3, dist=58.2)
2026-09-07 00:58:53,546 MatchingPostProcessor WARNING  Orphan pdf_cell 1208 recovered to col=1 by nearest-column fallback (row=30, x=750.4, dist=47.2)
2026-09-07 00:58:53,546 MatchingPostProcessor WARNING  Orphan pdf_cell 1209 recovered to col=1 by nearest-column fallback (row=30, x=761.5, dist=36.1)
2026-09-07 00:58:53,546 MatchingPostProcessor WARNING  Orphan pdf_cell 1227 recovered to col=0 by nearest-column fallback (row=31, x=550.8, dist=231.7)
2026-09-07 00:58:53,546 MatchingPostProcessor WARNING  Orphan pdf_cell 1228 recovered to col=1 by nearest-column fallback (row=31, x=561.9, dist=235.7)
2026-09-07 00:58:53,546 MatchingPostProcessor WARNING  Orphan pdf_cell 1229 recovered to col=1 by nearest-column fallback (row=31, x=573.0, dist=224.6)
2026-09-07 00:58:53,546 MatchingPostProcessor WARNING  Orphan pdf_cell 1230 recovered to col=1 by nearest-column fallback (row=31, x=584.1, dist=213.5)
2026-09-07 00:58:53,546 MatchingPostProcessor WARNING  Orphan pdf_cell 1231 recovered to col=1 by nearest-column fallback (row=31, x=595.2, dist=202.4)
2026-09-07 00:58:53,546 MatchingPostProcessor WARNING  Orphan pdf_cell 1232 recovered to col=1 by nearest-column fallback (row=31, x=606.3, dist=191.3)
2026-09-07 00:58:53,546 MatchingPostProcessor WARNING  Orphan pdf_cell 1233 recovered to col=1 by nearest-column fallback (row=31, x=617.4, dist=180.2)
2026-09-07 00:58:53,546 MatchingPostProcessor WARNING  Orphan pdf_cell 1234 recovered to col=1 by nearest-column fallback (row=31, x=628.5, dist=169.1)
2026-09-07 00:58:53,546 MatchingPostProcessor WARNING  Orphan pdf_cell 1235 recovered to col=1 by nearest-column fallback (row=31, x=639.5, dist=158.0)
2026-09-07 00:58:53,546 MatchingPostProcessor WARNING  Orphan pdf_cell 1236 recovered to col=1 by nearest-column fallback (row=31, x=650.6, dist=146.9)
2026-09-07 00:58:53,546 MatchingPostProcessor WARNING  Orphan pdf_cell 1237 recovered to col=1 by nearest-column fallback (row=31, x=661.7, dist=135.9)
2026-09-07 00:58:53,546 MatchingPostProcessor WARNING  Orphan pdf_cell 1238 recovered to col=1 by nearest-column fallback (row=31, x=672.8, dist=124.8)
2026-09-07 00:58:53,546 MatchingPostProcessor WARNING  Orphan pdf_cell 1239 recovered to col=1 by nearest-column fallback (row=31, x=683.9, dist=113.7)
2026-09-07 00:58:53,546 MatchingPostProcessor WARNING  Orphan pdf_cell 1240 recovered to col=1 by nearest-column fallback (row=31, x=695.0, dist=102.6)
2026-09-07 00:58:53,546 MatchingPostProcessor WARNING  Orphan pdf_cell 1241 recovered to col=1 by nearest-column fallback (row=31, x=706.1, dist=91.5)
2026-09-07 00:58:53,546 MatchingPostProcessor WARNING  Orphan pdf_cell 1242 recovered to col=1 by nearest-column fallback (row=31, x=717.2, dist=80.4)
2026-09-07 00:58:53,546 MatchingPostProcessor WARNING  Orphan pdf_cell 1243 recovered to col=1 by nearest-column fallback (row=31, x=728.2, dist=69.3)
2026-09-07 00:58:53,546 MatchingPostProcessor WARNING  Orphan pdf_cell 1244 recovered to col=1 by nearest-column fallback (row=31, x=739.3, dist=58.2)
2026-09-07 00:58:53,547 MatchingPostProcessor WARNING  Orphan pdf_cell 1245 recovered to col=1 by nearest-column fallback (row=31, x=750.4, dist=47.2)
2026-09-07 00:58:53,547 MatchingPostProcessor WARNING  Orphan pdf_cell 1246 recovered to col=1 by nearest-column fallback (row=31, x=761.5, dist=36.1)
2026-09-07 00:58:53,547 MatchingPostProcessor WARNING  Orphan pdf_cell 1278 recovered to col=0 by nearest-column fallback (row=32, x=550.8, dist=231.7)
2026-09-07 00:58:53,547 MatchingPostProcessor WARNING  Orphan pdf_cell 1279 recovered to col=1 by nearest-column fallback (row=32, x=561.9, dist=235.7)
2026-09-07 00:58:53,547 MatchingPostProcessor WARNING  Orphan pdf_cell 1280 recovered to col=1 by nearest-column fallback (row=32, x=573.0, dist=224.6)
2026-09-07 00:58:53,547 MatchingPostProcessor WARNING  Orphan pdf_cell 1281 recovered to col=1 by nearest-column fallback (row=32, x=584.1, dist=213.5)
2026-09-07 00:58:53,547 MatchingPostProcessor WARNING  Orphan pdf_cell 1282 recovered to col=1 by nearest-column fallback (row=32, x=595.2, dist=202.4)
2026-09-07 00:58:53,547 MatchingPostProcessor WARNING  Orphan pdf_cell 1283 recovered to col=1 by nearest-column fallback (row=32, x=606.3, dist=191.3)
2026-09-07 00:58:53,547 MatchingPostProcessor WARNING  Orphan pdf_cell 1284 recovered to col=1 by nearest-column fallback (row=32, x=617.4, dist=180.2)
2026-09-07 00:58:53,547 MatchingPostProcessor WARNING  Orphan pdf_cell 1285 recovered to col=1 by nearest-column fallback (row=32, x=628.5, dist=169.1)
2026-09-07 00:58:53,547 MatchingPostProcessor WARNING  Orphan pdf_cell 1286 recovered to col=1 by nearest-column fallback (row=32, x=639.5, dist=158.0)
2026-09-07 00:58:53,547 MatchingPostProcessor WARNING  Orphan pdf_cell 1287 recovered to col=1 by nearest-column fallback (row=32, x=650.6, dist=146.9)
2026-09-07 00:58:53,547 MatchingPostProcessor WARNING  Orphan pdf_cell 1288 recovered to col=1 by nearest-column fallback (row=32, x=661.7, dist=135.9)
2026-09-07 00:58:53,547 MatchingPostProcessor WARNING  Orphan pdf_cell 1289 recovered to col=1 by nearest-column fallback (row=32, x=672.8, dist=124.8)
2026-09-07 00:58:53,547 MatchingPostProcessor WARNING  Orphan pdf_cell 1290 recovered to col=1 by nearest-column fallback (row=32, x=683.9, dist=113.7)
2026-09-07 00:58:53,547 MatchingPostProcessor WARNING  Orphan pdf_cell 1291 recovered to col=1 by nearest-column fallback (row=32, x=695.0, dist=102.6)
2026-09-07 00:58:53,547 MatchingPostProcessor WARNING  Orphan pdf_cell 1292 recovered to col=1 by nearest-column fallback (row=32, x=706.1, dist=91.5)
2026-09-07 00:58:53,547 MatchingPostProcessor WARNING  Orphan pdf_cell 1293 recovered to col=1 by nearest-column fallback (row=32, x=717.2, dist=80.4)
2026-09-07 00:58:53,547 MatchingPostProcessor WARNING  Orphan pdf_cell 1294 recovered to col=1 by nearest-column fallback (row=32, x=728.2, dist=69.3)
2026-09-07 00:58:53,547 MatchingPostProcessor WARNING  Orphan pdf_cell 1295 recovered to col=1 by nearest-column fallback (row=32, x=739.3, dist=58.2)
2026-09-07 00:58:53,547 MatchingPostProcessor WARNING  Orphan pdf_cell 1296 recovered to col=1 by nearest-column fallback (row=32, x=750.4, dist=47.2)
2026-09-07 00:58:53,547 MatchingPostProcessor WARNING  Orphan pdf_cell 1297 recovered to col=1 by nearest-column fallback (row=32, x=761.5, dist=36.1)
2026-09-07 00:58:53,547 MatchingPostProcessor WARNING  Orphan pdf_cell 1311 recovered to col=0 by nearest-column fallback (row=32, x=550.8, dist=231.7)
2026-09-07 00:58:53,548 MatchingPostProcessor WARNING  Orphan pdf_cell 1312 recovered to col=1 by nearest-column fallback (row=32, x=561.9, dist=235.7)
2026-09-07 00:58:53,548 MatchingPostProcessor WARNING  Orphan pdf_cell 1313 recovered to col=1 by nearest-column fallback (row=32, x=573.0, dist=224.6)
2026-09-07 00:58:53,548 MatchingPostProcessor WARNING  Orphan pdf_cell 1314 recovered to col=1 by nearest-column fallback (row=32, x=584.1, dist=213.5)
2026-09-07 00:58:53,548 MatchingPostProcessor WARNING  Orphan pdf_cell 1315 recovered to col=1 by nearest-column fallback (row=32, x=595.2, dist=202.4)
2026-09-07 00:58:53,548 MatchingPostProcessor WARNING  Orphan pdf_cell 1316 recovered to col=1 by nearest-column fallback (row=32, x=606.3, dist=191.3)
2026-09-07 00:58:53,548 MatchingPostProcessor WARNING  Orphan pdf_cell 1317 recovered to col=1 by nearest-column fallback (row=32, x=617.4, dist=180.2)
2026-09-07 00:58:53,548 MatchingPostProcessor WARNING  Orphan pdf_cell 1318 recovered to col=1 by nearest-column fallback (row=32, x=628.5, dist=169.1)
2026-09-07 00:58:53,548 MatchingPostProcessor WARNING  Orphan pdf_cell 1319 recovered to col=1 by nearest-column fallback (row=32, x=639.5, dist=158.0)
2026-09-07 00:58:53,548 MatchingPostProcessor WARNING  Orphan pdf_cell 1320 recovered to col=1 by nearest-column fallback (row=32, x=650.6, dist=146.9)
2026-09-07 00:58:53,548 MatchingPostProcessor WARNING  Orphan pdf_cell 1321 recovered to col=1 by nearest-column fallback (row=32, x=661.7, dist=135.9)
2026-09-07 00:58:53,548 MatchingPostProcessor WARNING  Orphan pdf_cell 1322 recovered to col=1 by nearest-column fallback (row=32, x=672.8, dist=124.8)
2026-09-07 00:58:53,548 MatchingPostProcessor WARNING  Orphan pdf_cell 1323 recovered to col=1 by nearest-column fallback (row=32, x=683.9, dist=113.7)
2026-09-07 00:58:53,548 MatchingPostProcessor WARNING  Orphan pdf_cell 1324 recovered to col=1 by nearest-column fallback (row=32, x=695.0, dist=102.6)
2026-09-07 00:58:53,548 MatchingPostProcessor WARNING  Orphan pdf_cell 1325 recovered to col=1 by nearest-column fallback (row=32, x=706.1, dist=91.5)
2026-09-07 00:58:53,548 MatchingPostProcessor WARNING  Orphan pdf_cell 1326 recovered to col=1 by nearest-column fallback (row=32, x=717.2, dist=80.4)
2026-09-07 00:58:53,548 MatchingPostProcessor WARNING  Orphan pdf_cell 1327 recovered to col=1 by nearest-column fallback (row=32, x=728.2, dist=69.3)
2026-09-07 00:58:53,548 MatchingPostProcessor WARNING  Orphan pdf_cell 1328 recovered to col=1 by nearest-column fallback (row=32, x=739.3, dist=58.2)
2026-09-07 00:58:53,548 MatchingPostProcessor WARNING  Orphan pdf_cell 1329 recovered to col=1 by nearest-column fallback (row=32, x=750.4, dist=47.2)
2026-09-07 00:58:53,548 MatchingPostProcessor WARNING  Orphan pdf_cell 1330 recovered to col=1 by nearest-column fallback (row=32, x=761.5, dist=36.1)
2026-09-07 00:58:53,548 MatchingPostProcessor WARNING  Orphan pdf_cell 1347 recovered to col=0 by nearest-column fallback (row=33, x=550.8, dist=231.7)
2026-09-07 00:58:53,548 MatchingPostProcessor WARNING  Orphan pdf_cell 1348 recovered to col=1 by nearest-column fallback (row=33, x=561.9, dist=235.7)
2026-09-07 00:58:53,548 MatchingPostProcessor WARNING  Orphan pdf_cell 1349 recovered to col=1 by nearest-column fallback (row=33, x=573.0, dist=224.6)
2026-09-07 00:58:53,548 MatchingPostProcessor WARNING  Orphan pdf_cell 1350 recovered to col=1 by nearest-column fallback (row=33, x=584.1, dist=213.5)
2026-09-07 00:58:53,548 MatchingPostProcessor WARNING  Orphan pdf_cell 1351 recovered to col=1 by nearest-column fallback (row=33, x=595.2, dist=202.4)
2026-09-07 00:58:53,548 MatchingPostProcessor WARNING  Orphan pdf_cell 1352 recovered to col=1 by nearest-column fallback (row=33, x=606.3, dist=191.3)
2026-09-07 00:58:53,548 MatchingPostProcessor WARNING  Orphan pdf_cell 1353 recovered to col=1 by nearest-column fallback (row=33, x=617.4, dist=180.2)
2026-09-07 00:58:53,548 MatchingPostProcessor WARNING  Orphan pdf_cell 1354 recovered to col=1 by nearest-column fallback (row=33, x=628.5, dist=169.1)
2026-09-07 00:58:53,548 MatchingPostProcessor WARNING  Orphan pdf_cell 1355 recovered to col=1 by nearest-column fallback (row=33, x=639.5, dist=158.0)
2026-09-07 00:58:53,548 MatchingPostProcessor WARNING  Orphan pdf_cell 1356 recovered to col=1 by nearest-column fallback (row=33, x=650.6, dist=146.9)
2026-09-07 00:58:53,548 MatchingPostProcessor WARNING  Orphan pdf_cell 1357 recovered to col=1 by nearest-column fallback (row=33, x=661.7, dist=135.9)
2026-09-07 00:58:53,549 MatchingPostProcessor WARNING  Orphan pdf_cell 1358 recovered to col=1 by nearest-column fallback (row=33, x=672.8, dist=124.8)
2026-09-07 00:58:53,549 MatchingPostProcessor WARNING  Orphan pdf_cell 1359 recovered to col=1 by nearest-column fallback (row=33, x=683.9, dist=113.7)
2026-09-07 00:58:53,549 MatchingPostProcessor WARNING  Orphan pdf_cell 1360 recovered to col=1 by nearest-column fallback (row=33, x=695.0, dist=102.6)
2026-09-07 00:58:53,549 MatchingPostProcessor WARNING  Orphan pdf_cell 1361 recovered to col=1 by nearest-column fallback (row=33, x=706.1, dist=91.5)
2026-09-07 00:58:53,549 MatchingPostProcessor WARNING  Orphan pdf_cell 1362 recovered to col=1 by nearest-column fallback (row=33, x=717.2, dist=80.4)
2026-09-07 00:58:53,549 MatchingPostProcessor WARNING  Orphan pdf_cell 1363 recovered to col=1 by nearest-column fallback (row=33, x=728.2, dist=69.3)
2026-09-07 00:58:53,549 MatchingPostProcessor WARNING  Orphan pdf_cell 1364 recovered to col=1 by nearest-column fallback (row=33, x=739.3, dist=58.2)
2026-09-07 00:58:53,549 MatchingPostProcessor WARNING  Orphan pdf_cell 1365 recovered to col=1 by nearest-column fallback (row=33, x=750.4, dist=47.2)
2026-09-07 00:58:53,549 MatchingPostProcessor WARNING  Orphan pdf_cell 1366 recovered to col=1 by nearest-column fallback (row=33, x=761.5, dist=36.1)
2026-09-07 00:58:53,549 MatchingPostProcessor WARNING  Orphan pdf_cell 1383 recovered to col=0 by nearest-column fallback (row=34, x=550.8, dist=231.7)
2026-09-07 00:58:53,549 MatchingPostProcessor WARNING  Orphan pdf_cell 1384 recovered to col=1 by nearest-column fallback (row=34, x=561.9, dist=235.7)
2026-09-07 00:58:53,549 MatchingPostProcessor WARNING  Orphan pdf_cell 1385 recovered to col=1 by nearest-column fallback (row=34, x=573.0, dist=224.6)
2026-09-07 00:58:53,549 MatchingPostProcessor WARNING  Orphan pdf_cell 1386 recovered to col=1 by nearest-column fallback (row=34, x=584.1, dist=213.5)
2026-09-07 00:58:53,549 MatchingPostProcessor WARNING  Orphan pdf_cell 1387 recovered to col=1 by nearest-column fallback (row=34, x=595.2, dist=202.4)
2026-09-07 00:58:53,549 MatchingPostProcessor WARNING  Orphan pdf_cell 1388 recovered to col=1 by nearest-column fallback (row=34, x=606.3, dist=191.3)
2026-09-07 00:58:53,549 MatchingPostProcessor WARNING  Orphan pdf_cell 1389 recovered to col=1 by nearest-column fallback (row=34, x=617.4, dist=180.2)
2026-09-07 00:58:53,549 MatchingPostProcessor WARNING  Orphan pdf_cell 1390 recovered to col=1 by nearest-column fallback (row=34, x=628.5, dist=169.1)
2026-09-07 00:58:53,549 MatchingPostProcessor WARNING  Orphan pdf_cell 1391 recovered to col=1 by nearest-column fallback (row=34, x=639.5, dist=158.0)
2026-09-07 00:58:53,549 MatchingPostProcessor WARNING  Orphan pdf_cell 1392 recovered to col=1 by nearest-column fallback (row=34, x=650.6, dist=146.9)
2026-09-07 00:58:53,549 MatchingPostProcessor WARNING  Orphan pdf_cell 1393 recovered to col=1 by nearest-column fallback (row=34, x=661.7, dist=135.9)
2026-09-07 00:58:53,549 MatchingPostProcessor WARNING  Orphan pdf_cell 1394 recovered to col=1 by nearest-column fallback (row=34, x=672.8, dist=124.8)
2026-09-07 00:58:53,549 MatchingPostProcessor WARNING  Orphan pdf_cell 1395 recovered to col=1 by nearest-column fallback (row=34, x=683.9, dist=113.7)
2026-09-07 00:58:53,549 MatchingPostProcessor WARNING  Orphan pdf_cell 1396 recovered to col=1 by nearest-column fallback (row=34, x=695.0, dist=102.6)
2026-09-07 00:58:53,549 MatchingPostProcessor WARNING  Orphan pdf_cell 1397 recovered to col=1 by nearest-column fallback (row=34, x=706.1, dist=91.5)
2026-09-07 00:58:53,549 MatchingPostProcessor WARNING  Orphan pdf_cell 1398 recovered to col=1 by nearest-column fallback (row=34, x=717.2, dist=80.4)
2026-09-07 00:58:53,549 MatchingPostProcessor WARNING  Orphan pdf_cell 1399 recovered to col=1 by nearest-column fallback (row=34, x=728.2, dist=69.3)
2026-09-07 00:58:53,549 MatchingPostProcessor WARNING  Orphan pdf_cell 1400 recovered to col=1 by nearest-column fallback (row=34, x=739.3, dist=58.2)
2026-09-07 00:58:53,549 MatchingPostProcessor WARNING  Orphan pdf_cell 1401 recovered to col=1 by nearest-column fallback (row=34, x=750.4, dist=47.2)
2026-09-07 00:58:53,549 MatchingPostProcessor WARNING  Orphan pdf_cell 1402 recovered to col=1 by nearest-column fallback (row=34, x=761.5, dist=36.1)
2026-09-07 00:58:53,550 MatchingPostProcessor WARNING  Orphan pdf_cell 1412 recovered to col=0 by nearest-column fallback (row=35, x=550.8, dist=231.7)
2026-09-07 00:58:53,550 MatchingPostProcessor WARNING  Orphan pdf_cell 1413 recovered to col=1 by nearest-column fallback (row=35, x=561.9, dist=235.7)
2026-09-07 00:58:53,550 MatchingPostProcessor WARNING  Orphan pdf_cell 1414 recovered to col=1 by nearest-column fallback (row=35, x=573.0, dist=224.6)
2026-09-07 00:58:53,550 MatchingPostProcessor WARNING  Orphan pdf_cell 1415 recovered to col=1 by nearest-column fallback (row=35, x=584.1, dist=213.5)
2026-09-07 00:58:53,550 MatchingPostProcessor WARNING  Orphan pdf_cell 1416 recovered to col=1 by nearest-column fallback (row=35, x=595.2, dist=202.4)
2026-09-07 00:58:53,550 MatchingPostProcessor WARNING  Orphan pdf_cell 1417 recovered to col=1 by nearest-column fallback (row=35, x=606.3, dist=191.3)
2026-09-07 00:58:53,550 MatchingPostProcessor WARNING  Orphan pdf_cell 1418 recovered to col=1 by nearest-column fallback (row=35, x=617.4, dist=180.2)
2026-09-07 00:58:53,550 MatchingPostProcessor WARNING  Orphan pdf_cell 1419 recovered to col=1 by nearest-column fallback (row=35, x=628.5, dist=169.1)
2026-09-07 00:58:53,550 MatchingPostProcessor WARNING  Orphan pdf_cell 1420 recovered to col=1 by nearest-column fallback (row=35, x=639.5, dist=158.0)
2026-09-07 00:58:53,550 MatchingPostProcessor WARNING  Orphan pdf_cell 1421 recovered to col=1 by nearest-column fallback (row=35, x=650.6, dist=146.9)
2026-09-07 00:58:53,550 MatchingPostProcessor WARNING  Orphan pdf_cell 1422 recovered to col=1 by nearest-column fallback (row=35, x=661.7, dist=135.9)
2026-09-07 00:58:53,550 MatchingPostProcessor WARNING  Orphan pdf_cell 1423 recovered to col=1 by nearest-column fallback (row=35, x=672.8, dist=124.8)
2026-09-07 00:58:53,550 MatchingPostProcessor WARNING  Orphan pdf_cell 1424 recovered to col=1 by nearest-column fallback (row=35, x=683.9, dist=113.7)
2026-09-07 00:58:53,550 MatchingPostProcessor WARNING  Orphan pdf_cell 1425 recovered to col=1 by nearest-column fallback (row=35, x=695.0, dist=102.6)
2026-09-07 00:58:53,550 MatchingPostProcessor WARNING  Orphan pdf_cell 1426 recovered to col=1 by nearest-column fallback (row=35, x=706.1, dist=91.5)
2026-09-07 00:58:53,550 MatchingPostProcessor WARNING  Orphan pdf_cell 1427 recovered to col=1 by nearest-column fallback (row=35, x=717.2, dist=80.4)
2026-09-07 00:58:53,550 MatchingPostProcessor WARNING  Orphan pdf_cell 1428 recovered to col=1 by nearest-column fallback (row=35, x=728.2, dist=69.3)
2026-09-07 00:58:53,550 MatchingPostProcessor WARNING  Orphan pdf_cell 1429 recovered to col=1 by nearest-column fallback (row=35, x=739.3, dist=58.2)
2026-09-07 00:58:53,550 MatchingPostProcessor WARNING  Orphan pdf_cell 1430 recovered to col=1 by nearest-column fallback (row=35, x=750.4, dist=47.2)
2026-09-07 00:58:53,550 MatchingPostProcessor WARNING  Orphan pdf_cell 1431 recovered to col=1 by nearest-column fallback (row=35, x=761.5, dist=36.1)
2026-09-07 00:58:53,550 MatchingPostProcessor WARNING  Orphan pdf_cell 1450 recovered to col=0 by nearest-column fallback (row=36, x=550.8, dist=231.7)
2026-09-07 00:58:53,550 MatchingPostProcessor WARNING  Orphan pdf_cell 1451 recovered to col=1 by nearest-column fallback (row=36, x=561.9, dist=235.7)
2026-09-07 00:58:53,550 MatchingPostProcessor WARNING  Orphan pdf_cell 1452 recovered to col=1 by nearest-column fallback (row=36, x=573.0, dist=224.6)
2026-09-07 00:58:53,550 MatchingPostProcessor WARNING  Orphan pdf_cell 1453 recovered to col=1 by nearest-column fallback (row=36, x=584.1, dist=213.5)
2026-09-07 00:58:53,550 MatchingPostProcessor WARNING  Orphan pdf_cell 1454 recovered to col=1 by nearest-column fallback (row=36, x=595.2, dist=202.4)
2026-09-07 00:58:53,550 MatchingPostProcessor WARNING  Orphan pdf_cell 1455 recovered to col=1 by nearest-column fallback (row=36, x=606.3, dist=191.3)
2026-09-07 00:58:53,550 MatchingPostProcessor WARNING  Orphan pdf_cell 1456 recovered to col=1 by nearest-column fallback (row=36, x=617.4, dist=180.2)
2026-09-07 00:58:53,550 MatchingPostProcessor WARNING  Orphan pdf_cell 1457 recovered to col=1 by nearest-column fallback (row=36, x=628.5, dist=169.1)
2026-09-07 00:58:53,551 MatchingPostProcessor WARNING  Orphan pdf_cell 1458 recovered to col=1 by nearest-column fallback (row=36, x=639.5, dist=158.0)
2026-09-07 00:58:53,551 MatchingPostProcessor WARNING  Orphan pdf_cell 1459 recovered to col=1 by nearest-column fallback (row=36, x=650.6, dist=146.9)
2026-09-07 00:58:53,551 MatchingPostProcessor WARNING  Orphan pdf_cell 1460 recovered to col=1 by nearest-column fallback (row=36, x=661.7, dist=135.9)
2026-09-07 00:58:53,551 MatchingPostProcessor WARNING  Orphan pdf_cell 1461 recovered to col=1 by nearest-column fallback (row=36, x=672.8, dist=124.8)
2026-09-07 00:58:53,551 MatchingPostProcessor WARNING  Orphan pdf_cell 1462 recovered to col=1 by nearest-column fallback (row=36, x=683.9, dist=113.7)
2026-09-07 00:58:53,551 MatchingPostProcessor WARNING  Orphan pdf_cell 1463 recovered to col=1 by nearest-column fallback (row=36, x=695.0, dist=102.6)
2026-09-07 00:58:53,551 MatchingPostProcessor WARNING  Orphan pdf_cell 1464 recovered to col=1 by nearest-column fallback (row=36, x=706.1, dist=91.5)
2026-09-07 00:58:53,551 MatchingPostProcessor WARNING  Orphan pdf_cell 1465 recovered to col=1 by nearest-column fallback (row=36, x=717.2, dist=80.4)
2026-09-07 00:58:53,551 MatchingPostProcessor WARNING  Orphan pdf_cell 1466 recovered to col=1 by nearest-column fallback (row=36, x=728.2, dist=69.3)
2026-09-07 00:58:53,551 MatchingPostProcessor WARNING  Orphan pdf_cell 1467 recovered to col=1 by nearest-column fallback (row=36, x=739.3, dist=58.2)
2026-09-07 00:58:53,551 MatchingPostProcessor WARNING  Orphan pdf_cell 1468 recovered to col=1 by nearest-column fallback (row=36, x=750.4, dist=47.2)
2026-09-07 00:58:53,551 MatchingPostProcessor WARNING  Orphan pdf_cell 1469 recovered to col=1 by nearest-column fallback (row=36, x=761.5, dist=36.1)
2026-09-07 00:58:53,551 MatchingPostProcessor WARNING  Orphan pdf_cell 1501 recovered to col=0 by nearest-column fallback (row=37, x=550.8, dist=231.7)
2026-09-07 00:58:53,551 MatchingPostProcessor WARNING  Orphan pdf_cell 1502 recovered to col=1 by nearest-column fallback (row=37, x=561.9, dist=235.7)
2026-09-07 00:58:53,551 MatchingPostProcessor WARNING  Orphan pdf_cell 1503 recovered to col=1 by nearest-column fallback (row=37, x=573.0, dist=224.6)
2026-09-07 00:58:53,551 MatchingPostProcessor WARNING  Orphan pdf_cell 1504 recovered to col=1 by nearest-column fallback (row=37, x=584.1, dist=213.5)
2026-09-07 00:58:53,551 MatchingPostProcessor WARNING  Orphan pdf_cell 1505 recovered to col=1 by nearest-column fallback (row=37, x=595.2, dist=202.4)
2026-09-07 00:58:53,551 MatchingPostProcessor WARNING  Orphan pdf_cell 1506 recovered to col=1 by nearest-column fallback (row=37, x=606.3, dist=191.3)
2026-09-07 00:58:53,551 MatchingPostProcessor WARNING  Orphan pdf_cell 1507 recovered to col=1 by nearest-column fallback (row=37, x=617.4, dist=180.2)
2026-09-07 00:58:53,551 MatchingPostProcessor WARNING  Orphan pdf_cell 1508 recovered to col=1 by nearest-column fallback (row=37, x=628.5, dist=169.1)
2026-09-07 00:58:53,551 MatchingPostProcessor WARNING  Orphan pdf_cell 1509 recovered to col=1 by nearest-column fallback (row=37, x=639.5, dist=158.0)
2026-09-07 00:58:53,551 MatchingPostProcessor WARNING  Orphan pdf_cell 1510 recovered to col=1 by nearest-column fallback (row=37, x=650.6, dist=146.9)
2026-09-07 00:58:53,551 MatchingPostProcessor WARNING  Orphan pdf_cell 1511 recovered to col=1 by nearest-column fallback (row=37, x=661.7, dist=135.9)
2026-09-07 00:58:53,551 MatchingPostProcessor WARNING  Orphan pdf_cell 1512 recovered to col=1 by nearest-column fallback (row=37, x=672.8, dist=124.8)
2026-09-07 00:58:53,552 MatchingPostProcessor WARNING  Orphan pdf_cell 1513 recovered to col=1 by nearest-column fallback (row=37, x=683.9, dist=113.7)
2026-09-07 00:58:53,552 MatchingPostProcessor WARNING  Orphan pdf_cell 1514 recovered to col=1 by nearest-column fallback (row=37, x=695.0, dist=102.6)
2026-09-07 00:58:53,552 MatchingPostProcessor WARNING  Orphan pdf_cell 1515 recovered to col=1 by nearest-column fallback (row=37, x=706.1, dist=91.5)
2026-09-07 00:58:53,552 MatchingPostProcessor WARNING  Orphan pdf_cell 1516 recovered to col=1 by nearest-column fallback (row=37, x=717.2, dist=80.4)
2026-09-07 00:58:53,552 MatchingPostProcessor WARNING  Orphan pdf_cell 1517 recovered to col=1 by nearest-column fallback (row=37, x=728.2, dist=69.3)
2026-09-07 00:58:53,552 MatchingPostProcessor WARNING  Orphan pdf_cell 1518 recovered to col=1 by nearest-column fallback (row=37, x=739.3, dist=58.2)
2026-09-07 00:58:53,552 MatchingPostProcessor WARNING  Orphan pdf_cell 1519 recovered to col=1 by nearest-column fallback (row=37, x=750.4, dist=47.2)
2026-09-07 00:58:53,552 MatchingPostProcessor WARNING  Orphan pdf_cell 1520 recovered to col=1 by nearest-column fallback (row=37, x=761.5, dist=36.1)
2026-09-07 00:58:53,552 MatchingPostProcessor WARNING  Orphan pdf_cell 1548 recovered to col=0 by nearest-column fallback (row=38, x=550.8, dist=231.7)
2026-09-07 00:58:53,552 MatchingPostProcessor WARNING  Orphan pdf_cell 1549 recovered to col=1 by nearest-column fallback (row=38, x=561.9, dist=235.7)
2026-09-07 00:58:53,552 MatchingPostProcessor WARNING  Orphan pdf_cell 1550 recovered to col=1 by nearest-column fallback (row=38, x=573.0, dist=224.6)
2026-09-07 00:58:53,552 MatchingPostProcessor WARNING  Orphan pdf_cell 1551 recovered to col=1 by nearest-column fallback (row=38, x=584.1, dist=213.5)
2026-09-07 00:58:53,552 MatchingPostProcessor WARNING  Orphan pdf_cell 1552 recovered to col=1 by nearest-column fallback (row=38, x=595.2, dist=202.4)
2026-09-07 00:58:53,552 MatchingPostProcessor WARNING  Orphan pdf_cell 1553 recovered to col=1 by nearest-column fallback (row=38, x=606.3, dist=191.3)
2026-09-07 00:58:53,552 MatchingPostProcessor WARNING  Orphan pdf_cell 1554 recovered to col=1 by nearest-column fallback (row=38, x=617.4, dist=180.2)
2026-09-07 00:58:53,552 MatchingPostProcessor WARNING  Orphan pdf_cell 1555 recovered to col=1 by nearest-column fallback (row=38, x=628.5, dist=169.1)
2026-09-07 00:58:53,552 MatchingPostProcessor WARNING  Orphan pdf_cell 1556 recovered to col=1 by nearest-column fallback (row=38, x=639.5, dist=158.0)
2026-09-07 00:58:53,552 MatchingPostProcessor WARNING  Orphan pdf_cell 1557 recovered to col=1 by nearest-column fallback (row=38, x=650.6, dist=146.9)
2026-09-07 00:58:53,552 MatchingPostProcessor WARNING  Orphan pdf_cell 1558 recovered to col=1 by nearest-column fallback (row=38, x=661.7, dist=135.9)
2026-09-07 00:58:53,552 MatchingPostProcessor WARNING  Orphan pdf_cell 1559 recovered to col=1 by nearest-column fallback (row=38, x=672.8, dist=124.8)
2026-09-07 00:58:53,552 MatchingPostProcessor WARNING  Orphan pdf_cell 1560 recovered to col=1 by nearest-column fallback (row=38, x=683.9, dist=113.7)
2026-09-07 00:58:53,553 MatchingPostProcessor WARNING  Orphan pdf_cell 1561 recovered to col=1 by nearest-column fallback (row=38, x=695.0, dist=102.6)
2026-09-07 00:58:53,553 MatchingPostProcessor WARNING  Orphan pdf_cell 1562 recovered to col=1 by nearest-column fallback (row=38, x=706.1, dist=91.5)
2026-09-07 00:58:53,553 MatchingPostProcessor WARNING  Orphan pdf_cell 1563 recovered to col=1 by nearest-column fallback (row=38, x=717.2, dist=80.4)
2026-09-07 00:58:53,553 MatchingPostProcessor WARNING  Orphan pdf_cell 1564 recovered to col=1 by nearest-column fallback (row=38, x=728.2, dist=69.3)
2026-09-07 00:58:53,553 MatchingPostProcessor WARNING  Orphan pdf_cell 1565 recovered to col=1 by nearest-column fallback (row=38, x=739.3, dist=58.2)
2026-09-07 00:58:53,553 MatchingPostProcessor WARNING  Orphan pdf_cell 1566 recovered to col=1 by nearest-column fallback (row=38, x=750.4, dist=47.2)
2026-09-07 00:58:53,553 MatchingPostProcessor WARNING  Orphan pdf_cell 1567 recovered to col=1 by nearest-column fallback (row=38, x=761.5, dist=36.1)
2026-09-07 00:58:53,553 MatchingPostProcessor WARNING  Orphan pdf_cell 1589 recovered to col=0 by nearest-column fallback (row=39, x=550.8, dist=231.7)
2026-09-07 00:58:53,553 MatchingPostProcessor WARNING  Orphan pdf_cell 1590 recovered to col=1 by nearest-column fallback (row=39, x=561.9, dist=235.7)
2026-09-07 00:58:53,553 MatchingPostProcessor WARNING  Orphan pdf_cell 1591 recovered to col=1 by nearest-column fallback (row=39, x=573.0, dist=224.6)
2026-09-07 00:58:53,553 MatchingPostProcessor WARNING  Orphan pdf_cell 1592 recovered to col=1 by nearest-column fallback (row=39, x=584.1, dist=213.5)
2026-09-07 00:58:53,553 MatchingPostProcessor WARNING  Orphan pdf_cell 1593 recovered to col=1 by nearest-column fallback (row=39, x=595.2, dist=202.4)
2026-09-07 00:58:53,553 MatchingPostProcessor WARNING  Orphan pdf_cell 1594 recovered to col=1 by nearest-column fallback (row=39, x=606.3, dist=191.3)
2026-09-07 00:58:53,553 MatchingPostProcessor WARNING  Orphan pdf_cell 1595 recovered to col=1 by nearest-column fallback (row=39, x=617.4, dist=180.2)
2026-09-07 00:58:53,553 MatchingPostProcessor WARNING  Orphan pdf_cell 1596 recovered to col=1 by nearest-column fallback (row=39, x=628.5, dist=169.1)
2026-09-07 00:58:53,553 MatchingPostProcessor WARNING  Orphan pdf_cell 1597 recovered to col=1 by nearest-column fallback (row=39, x=639.5, dist=158.0)
2026-09-07 00:58:53,553 MatchingPostProcessor WARNING  Orphan pdf_cell 1598 recovered to col=1 by nearest-column fallback (row=39, x=650.6, dist=146.9)
2026-09-07 00:58:53,553 MatchingPostProcessor WARNING  Orphan pdf_cell 1599 recovered to col=1 by nearest-column fallback (row=39, x=661.7, dist=135.9)
2026-09-07 00:58:53,553 MatchingPostProcessor WARNING  Orphan pdf_cell 1600 recovered to col=1 by nearest-column fallback (row=39, x=672.8, dist=124.8)
2026-09-07 00:58:53,553 MatchingPostProcessor WARNING  Orphan pdf_cell 1601 recovered to col=1 by nearest-column fallback (row=39, x=683.9, dist=113.7)
2026-09-07 00:58:53,553 MatchingPostProcessor WARNING  Orphan pdf_cell 1602 recovered to col=1 by nearest-column fallback (row=39, x=695.0, dist=102.6)
2026-09-07 00:58:53,553 MatchingPostProcessor WARNING  Orphan pdf_cell 1603 recovered to col=1 by nearest-column fallback (row=39, x=706.1, dist=91.5)
2026-09-07 00:58:53,553 MatchingPostProcessor WARNING  Orphan pdf_cell 1604 recovered to col=1 by nearest-column fallback (row=39, x=717.2, dist=80.4)
2026-09-07 00:58:53,553 MatchingPostProcessor WARNING  Orphan pdf_cell 1605 recovered to col=1 by nearest-column fallback (row=39, x=728.2, dist=69.3)
2026-09-07 00:58:53,553 MatchingPostProcessor WARNING  Orphan pdf_cell 1606 recovered to col=1 by nearest-column fallback (row=39, x=739.3, dist=58.2)
2026-09-07 00:58:53,553 MatchingPostProcessor WARNING  Orphan pdf_cell 1607 recovered to col=1 by nearest-column fallback (row=39, x=750.4, dist=47.2)
2026-09-07 00:58:53,553 MatchingPostProcessor WARNING  Orphan pdf_cell 1608 recovered to col=1 by nearest-column fallback (row=39, x=761.5, dist=36.1)
2026-09-07 00:58:53,553 MatchingPostProcessor WARNING  Orphan pdf_cell 1617 recovered to col=0 by nearest-column fallback (row=40, x=550.8, dist=231.7)
2026-09-07 00:58:53,554 MatchingPostProcessor WARNING  Orphan pdf_cell 1618 recovered to col=1 by nearest-column fallback (row=40, x=561.9, dist=235.7)
2026-09-07 00:58:53,554 MatchingPostProcessor WARNING  Orphan pdf_cell 1619 recovered to col=1 by nearest-column fallback (row=40, x=573.0, dist=224.6)
2026-09-07 00:58:53,554 MatchingPostProcessor WARNING  Orphan pdf_cell 1620 recovered to col=1 by nearest-column fallback (row=40, x=584.1, dist=213.5)
2026-09-07 00:58:53,554 MatchingPostProcessor WARNING  Orphan pdf_cell 1621 recovered to col=1 by nearest-column fallback (row=40, x=595.2, dist=202.4)
2026-09-07 00:58:53,554 MatchingPostProcessor WARNING  Orphan pdf_cell 1622 recovered to col=1 by nearest-column fallback (row=40, x=606.3, dist=191.3)
2026-09-07 00:58:53,554 MatchingPostProcessor WARNING  Orphan pdf_cell 1623 recovered to col=1 by nearest-column fallback (row=40, x=617.4, dist=180.2)
2026-09-07 00:58:53,554 MatchingPostProcessor WARNING  Orphan pdf_cell 1624 recovered to col=1 by nearest-column fallback (row=40, x=628.5, dist=169.1)
2026-09-07 00:58:53,554 MatchingPostProcessor WARNING  Orphan pdf_cell 1625 recovered to col=1 by nearest-column fallback (row=40, x=639.5, dist=158.0)
2026-09-07 00:58:53,554 MatchingPostProcessor WARNING  Orphan pdf_cell 1626 recovered to col=1 by nearest-column fallback (row=40, x=650.6, dist=146.9)
2026-09-07 00:58:53,554 MatchingPostProcessor WARNING  Orphan pdf_cell 1627 recovered to col=1 by nearest-column fallback (row=40, x=661.7, dist=135.9)
2026-09-07 00:58:53,554 MatchingPostProcessor WARNING  Orphan pdf_cell 1628 recovered to col=1 by nearest-column fallback (row=40, x=672.8, dist=124.8)
2026-09-07 00:58:53,554 MatchingPostProcessor WARNING  Orphan pdf_cell 1629 recovered to col=1 by nearest-column fallback (row=40, x=683.9, dist=113.7)
2026-09-07 00:58:53,554 MatchingPostProcessor WARNING  Orphan pdf_cell 1630 recovered to col=1 by nearest-column fallback (row=40, x=695.0, dist=102.6)
2026-09-07 00:58:53,554 MatchingPostProcessor WARNING  Orphan pdf_cell 1631 recovered to col=1 by nearest-column fallback (row=40, x=706.1, dist=91.5)
2026-09-07 00:58:53,554 MatchingPostProcessor WARNING  Orphan pdf_cell 1632 recovered to col=1 by nearest-column fallback (row=40, x=717.2, dist=80.4)
2026-09-07 00:58:53,554 MatchingPostProcessor WARNING  Orphan pdf_cell 1633 recovered to col=1 by nearest-column fallback (row=40, x=728.2, dist=69.3)
2026-09-07 00:58:53,554 MatchingPostProcessor WARNING  Orphan pdf_cell 1634 recovered to col=1 by nearest-column fallback (row=40, x=739.3, dist=58.2)
2026-09-07 00:58:53,554 MatchingPostProcessor WARNING  Orphan pdf_cell 1635 recovered to col=1 by nearest-column fallback (row=40, x=750.4, dist=47.2)
2026-09-07 00:58:53,554 MatchingPostProcessor WARNING  Orphan pdf_cell 1636 recovered to col=1 by nearest-column fallback (row=40, x=761.5, dist=36.1)
2026-09-07 00:58:53,554 MatchingPostProcessor WARNING  Orphan pdf_cell 1648 recovered to col=0 by nearest-column fallback (row=41, x=550.8, dist=231.7)
2026-09-07 00:58:53,554 MatchingPostProcessor WARNING  Orphan pdf_cell 1649 recovered to col=1 by nearest-column fallback (row=41, x=561.9, dist=235.7)
2026-09-07 00:58:53,554 MatchingPostProcessor WARNING  Orphan pdf_cell 1650 recovered to col=1 by nearest-column fallback (row=41, x=573.0, dist=224.6)
2026-09-07 00:58:53,554 MatchingPostProcessor WARNING  Orphan pdf_cell 1651 recovered to col=1 by nearest-column fallback (row=41, x=584.1, dist=213.5)
2026-09-07 00:58:53,554 MatchingPostProcessor WARNING  Orphan pdf_cell 1652 recovered to col=1 by nearest-column fallback (row=41, x=595.2, dist=202.4)
2026-09-07 00:58:53,554 MatchingPostProcessor WARNING  Orphan pdf_cell 1653 recovered to col=1 by nearest-column fallback (row=41, x=606.3, dist=191.3)
2026-09-07 00:58:53,554 MatchingPostProcessor WARNING  Orphan pdf_cell 1654 recovered to col=1 by nearest-column fallback (row=41, x=617.4, dist=180.2)
2026-09-07 00:58:53,554 MatchingPostProcessor WARNING  Orphan pdf_cell 1655 recovered to col=1 by nearest-column fallback (row=41, x=628.5, dist=169.1)
2026-09-07 00:58:53,554 MatchingPostProcessor WARNING  Orphan pdf_cell 1656 recovered to col=1 by nearest-column fallback (row=41, x=639.5, dist=158.0)
2026-09-07 00:58:53,554 MatchingPostProcessor WARNING  Orphan pdf_cell 1657 recovered to col=1 by nearest-column fallback (row=41, x=650.6, dist=146.9)
2026-09-07 00:58:53,554 MatchingPostProcessor WARNING  Orphan pdf_cell 1658 recovered to col=1 by nearest-column fallback (row=41, x=661.7, dist=135.9)
2026-09-07 00:58:53,554 MatchingPostProcessor WARNING  Orphan pdf_cell 1659 recovered to col=1 by nearest-column fallback (row=41, x=672.8, dist=124.8)
2026-09-07 00:58:53,554 MatchingPostProcessor WARNING  Orphan pdf_cell 1660 recovered to col=1 by nearest-column fallback (row=41, x=683.9, dist=113.7)
2026-09-07 00:58:53,554 MatchingPostProcessor WARNING  Orphan pdf_cell 1661 recovered to col=1 by nearest-column fallback (row=41, x=695.0, dist=102.6)
2026-09-07 00:58:53,555 MatchingPostProcessor WARNING  Orphan pdf_cell 1662 recovered to col=1 by nearest-column fallback (row=41, x=706.1, dist=91.5)
2026-09-07 00:58:53,555 MatchingPostProcessor WARNING  Orphan pdf_cell 1663 recovered to col=1 by nearest-column fallback (row=41, x=717.2, dist=80.4)
2026-09-07 00:58:53,555 MatchingPostProcessor WARNING  Orphan pdf_cell 1664 recovered to col=1 by nearest-column fallback (row=41, x=728.2, dist=69.3)
2026-09-07 00:58:53,555 MatchingPostProcessor WARNING  Orphan pdf_cell 1665 recovered to col=1 by nearest-column fallback (row=41, x=739.3, dist=58.2)
2026-09-07 00:58:53,555 MatchingPostProcessor WARNING  Orphan pdf_cell 1666 recovered to col=1 by nearest-column fallback (row=41, x=750.4, dist=47.2)
2026-09-07 00:58:53,555 MatchingPostProcessor WARNING  Orphan pdf_cell 1667 recovered to col=1 by nearest-column fallback (row=41, x=761.5, dist=36.1)
2026-09-07 00:58:53,555 MatchingPostProcessor WARNING  Orphan pdf_cell 1684 recovered to col=0 by nearest-column fallback (row=42, x=550.8, dist=231.7)
2026-09-07 00:58:53,555 MatchingPostProcessor WARNING  Orphan pdf_cell 1685 recovered to col=1 by nearest-column fallback (row=42, x=561.9, dist=235.7)
2026-09-07 00:58:53,555 MatchingPostProcessor WARNING  Orphan pdf_cell 1686 recovered to col=1 by nearest-column fallback (row=42, x=573.0, dist=224.6)
2026-09-07 00:58:53,555 MatchingPostProcessor WARNING  Orphan pdf_cell 1687 recovered to col=1 by nearest-column fallback (row=42, x=584.1, dist=213.5)
2026-09-07 00:58:53,555 MatchingPostProcessor WARNING  Orphan pdf_cell 1688 recovered to col=1 by nearest-column fallback (row=42, x=595.2, dist=202.4)
2026-09-07 00:58:53,555 MatchingPostProcessor WARNING  Orphan pdf_cell 1689 recovered to col=1 by nearest-column fallback (row=42, x=606.3, dist=191.3)
2026-09-07 00:58:53,555 MatchingPostProcessor WARNING  Orphan pdf_cell 1690 recovered to col=1 by nearest-column fallback (row=42, x=617.4, dist=180.2)
2026-09-07 00:58:53,555 MatchingPostProcessor WARNING  Orphan pdf_cell 1691 recovered to col=1 by nearest-column fallback (row=42, x=628.5, dist=169.1)
2026-09-07 00:58:53,555 MatchingPostProcessor WARNING  Orphan pdf_cell 1692 recovered to col=1 by nearest-column fallback (row=42, x=639.5, dist=158.0)
2026-09-07 00:58:53,555 MatchingPostProcessor WARNING  Orphan pdf_cell 1693 recovered to col=1 by nearest-column fallback (row=42, x=650.6, dist=146.9)
2026-09-07 00:58:53,555 MatchingPostProcessor WARNING  Orphan pdf_cell 1694 recovered to col=1 by nearest-column fallback (row=42, x=661.7, dist=135.9)
2026-09-07 00:58:53,555 MatchingPostProcessor WARNING  Orphan pdf_cell 1695 recovered to col=1 by nearest-column fallback (row=42, x=672.8, dist=124.8)
2026-09-07 00:58:53,555 MatchingPostProcessor WARNING  Orphan pdf_cell 1696 recovered to col=1 by nearest-column fallback (row=42, x=683.9, dist=113.7)
2026-09-07 00:58:53,555 MatchingPostProcessor WARNING  Orphan pdf_cell 1697 recovered to col=1 by nearest-column fallback (row=42, x=695.0, dist=102.6)
2026-09-07 00:58:53,555 MatchingPostProcessor WARNING  Orphan pdf_cell 1698 recovered to col=1 by nearest-column fallback (row=42, x=706.1, dist=91.5)
2026-09-07 00:58:53,555 MatchingPostProcessor WARNING  Orphan pdf_cell 1699 recovered to col=1 by nearest-column fallback (row=42, x=717.2, dist=80.4)
2026-09-07 00:58:53,555 MatchingPostProcessor WARNING  Orphan pdf_cell 1700 recovered to col=1 by nearest-column fallback (row=42, x=728.2, dist=69.3)
2026-09-07 00:58:53,555 MatchingPostProcessor WARNING  Orphan pdf_cell 1701 recovered to col=1 by nearest-column fallback (row=42, x=739.3, dist=58.2)
2026-09-07 00:58:53,555 MatchingPostProcessor WARNING  Orphan pdf_cell 1702 recovered to col=1 by nearest-column fallback (row=42, x=750.4, dist=47.2)
2026-09-07 00:58:53,555 MatchingPostProcessor WARNING  Orphan pdf_cell 1703 recovered to col=1 by nearest-column fallback (row=42, x=761.5, dist=36.1)
2026-09-07 00:58:53,556 MatchingPostProcessor WARNING  Orphan pdf_cell 1731 recovered to col=0 by nearest-column fallback (row=43, x=550.8, dist=231.7)
2026-09-07 00:58:53,556 MatchingPostProcessor WARNING  Orphan pdf_cell 1732 recovered to col=1 by nearest-column fallback (row=43, x=561.9, dist=235.7)
2026-09-07 00:58:53,556 MatchingPostProcessor WARNING  Orphan pdf_cell 1733 recovered to col=1 by nearest-column fallback (row=43, x=573.0, dist=224.6)
2026-09-07 00:58:53,556 MatchingPostProcessor WARNING  Orphan pdf_cell 1734 recovered to col=1 by nearest-column fallback (row=43, x=584.1, dist=213.5)
2026-09-07 00:58:53,556 MatchingPostProcessor WARNING  Orphan pdf_cell 1735 recovered to col=1 by nearest-column fallback (row=43, x=595.2, dist=202.4)
2026-09-07 00:58:53,556 MatchingPostProcessor WARNING  Orphan pdf_cell 1736 recovered to col=1 by nearest-column fallback (row=43, x=606.3, dist=191.3)
2026-09-07 00:58:53,556 MatchingPostProcessor WARNING  Orphan pdf_cell 1737 recovered to col=1 by nearest-column fallback (row=43, x=617.4, dist=180.2)
2026-09-07 00:58:53,556 MatchingPostProcessor WARNING  Orphan pdf_cell 1738 recovered to col=1 by nearest-column fallback (row=43, x=628.5, dist=169.1)
2026-09-07 00:58:53,556 MatchingPostProcessor WARNING  Orphan pdf_cell 1739 recovered to col=1 by nearest-column fallback (row=43, x=639.5, dist=158.0)
2026-09-07 00:58:53,556 MatchingPostProcessor WARNING  Orphan pdf_cell 1740 recovered to col=1 by nearest-column fallback (row=43, x=650.6, dist=146.9)
2026-09-07 00:58:53,556 MatchingPostProcessor WARNING  Orphan pdf_cell 1741 recovered to col=1 by nearest-column fallback (row=43, x=661.7, dist=135.9)
2026-09-07 00:58:53,556 MatchingPostProcessor WARNING  Orphan pdf_cell 1742 recovered to col=1 by nearest-column fallback (row=43, x=672.8, dist=124.8)
2026-09-07 00:58:53,556 MatchingPostProcessor WARNING  Orphan pdf_cell 1743 recovered to col=1 by nearest-column fallback (row=43, x=683.9, dist=113.7)
2026-09-07 00:58:53,556 MatchingPostProcessor WARNING  Orphan pdf_cell 1744 recovered to col=1 by nearest-column fallback (row=43, x=695.0, dist=102.6)
2026-09-07 00:58:53,556 MatchingPostProcessor WARNING  Orphan pdf_cell 1745 recovered to col=1 by nearest-column fallback (row=43, x=706.1, dist=91.5)
2026-09-07 00:58:53,556 MatchingPostProcessor WARNING  Orphan pdf_cell 1746 recovered to col=1 by nearest-column fallback (row=43, x=717.2, dist=80.4)
2026-09-07 00:58:53,556 MatchingPostProcessor WARNING  Orphan pdf_cell 1747 recovered to col=1 by nearest-column fallback (row=43, x=728.2, dist=69.3)
2026-09-07 00:58:53,556 MatchingPostProcessor WARNING  Orphan pdf_cell 1748 recovered to col=1 by nearest-column fallback (row=43, x=739.3, dist=58.2)
2026-09-07 00:58:53,556 MatchingPostProcessor WARNING  Orphan pdf_cell 1749 recovered to col=1 by nearest-column fallback (row=43, x=750.4, dist=47.2)
2026-09-07 00:58:53,556 MatchingPostProcessor WARNING  Orphan pdf_cell 1750 recovered to col=1 by nearest-column fallback (row=43, x=761.5, dist=36.1)
2026-09-07 00:58:53,556 MatchingPostProcessor WARNING  Orphan pdf_cell 1770 recovered to col=0 by nearest-column fallback (row=44, x=550.8, dist=231.7)
2026-09-07 00:58:53,556 MatchingPostProcessor WARNING  Orphan pdf_cell 1771 recovered to col=1 by nearest-column fallback (row=44, x=561.9, dist=235.7)
2026-09-07 00:58:53,556 MatchingPostProcessor WARNING  Orphan pdf_cell 1772 recovered to col=1 by nearest-column fallback (row=44, x=573.0, dist=224.6)
2026-09-07 00:58:53,556 MatchingPostProcessor WARNING  Orphan pdf_cell 1773 recovered to col=1 by nearest-column fallback (row=44, x=584.1, dist=213.5)
2026-09-07 00:58:53,556 MatchingPostProcessor WARNING  Orphan pdf_cell 1774 recovered to col=1 by nearest-column fallback (row=44, x=595.2, dist=202.4)
2026-09-07 00:58:53,556 MatchingPostProcessor WARNING  Orphan pdf_cell 1775 recovered to col=1 by nearest-column fallback (row=44, x=606.3, dist=191.3)
2026-09-07 00:58:53,556 MatchingPostProcessor WARNING  Orphan pdf_cell 1776 recovered to col=1 by nearest-column fallback (row=44, x=617.4, dist=180.2)
2026-09-07 00:58:53,557 MatchingPostProcessor WARNING  Orphan pdf_cell 1777 recovered to col=1 by nearest-column fallback (row=44, x=628.5, dist=169.1)
2026-09-07 00:58:53,557 MatchingPostProcessor WARNING  Orphan pdf_cell 1778 recovered to col=1 by nearest-column fallback (row=44, x=639.5, dist=158.0)
2026-09-07 00:58:53,557 MatchingPostProcessor WARNING  Orphan pdf_cell 1779 recovered to col=1 by nearest-column fallback (row=44, x=650.6, dist=146.9)
2026-09-07 00:58:53,557 MatchingPostProcessor WARNING  Orphan pdf_cell 1780 recovered to col=1 by nearest-column fallback (row=44, x=661.7, dist=135.9)
2026-09-07 00:58:53,557 MatchingPostProcessor WARNING  Orphan pdf_cell 1781 recovered to col=1 by nearest-column fallback (row=44, x=672.8, dist=124.8)
2026-09-07 00:58:53,557 MatchingPostProcessor WARNING  Orphan pdf_cell 1782 recovered to col=1 by nearest-column fallback (row=44, x=683.9, dist=113.7)
2026-09-07 00:58:53,557 MatchingPostProcessor WARNING  Orphan pdf_cell 1783 recovered to col=1 by nearest-column fallback (row=44, x=695.0, dist=102.6)
2026-09-07 00:58:53,557 MatchingPostProcessor WARNING  Orphan pdf_cell 1784 recovered to col=1 by nearest-column fallback (row=44, x=706.1, dist=91.5)
2026-09-07 00:58:53,557 MatchingPostProcessor WARNING  Orphan pdf_cell 1785 recovered to col=1 by nearest-column fallback (row=44, x=717.2, dist=80.4)
2026-09-07 00:58:53,557 MatchingPostProcessor WARNING  Orphan pdf_cell 1786 recovered to col=1 by nearest-column fallback (row=44, x=728.2, dist=69.3)
2026-09-07 00:58:53,557 MatchingPostProcessor WARNING  Orphan pdf_cell 1787 recovered to col=1 by nearest-column fallback (row=44, x=739.3, dist=58.2)
2026-09-07 00:58:53,557 MatchingPostProcessor WARNING  Orphan pdf_cell 1788 recovered to col=1 by nearest-column fallback (row=44, x=750.4, dist=47.2)
2026-09-07 00:58:53,557 MatchingPostProcessor WARNING  Orphan pdf_cell 1789 recovered to col=1 by nearest-column fallback (row=44, x=761.5, dist=36.1)
2026-09-07 00:58:53,557 MatchingPostProcessor WARNING  Orphan pdf_cell 1808 recovered to col=0 by nearest-column fallback (row=45, x=550.8, dist=231.7)
2026-09-07 00:58:53,557 MatchingPostProcessor WARNING  Orphan pdf_cell 1809 recovered to col=1 by nearest-column fallback (row=45, x=561.9, dist=235.7)
2026-09-07 00:58:53,557 MatchingPostProcessor WARNING  Orphan pdf_cell 1810 recovered to col=1 by nearest-column fallback (row=45, x=573.0, dist=224.6)
2026-09-07 00:58:53,557 MatchingPostProcessor WARNING  Orphan pdf_cell 1811 recovered to col=1 by nearest-column fallback (row=45, x=584.1, dist=213.5)
2026-09-07 00:58:53,557 MatchingPostProcessor WARNING  Orphan pdf_cell 1812 recovered to col=1 by nearest-column fallback (row=45, x=595.2, dist=202.4)
2026-09-07 00:58:53,557 MatchingPostProcessor WARNING  Orphan pdf_cell 1813 recovered to col=1 by nearest-column fallback (row=45, x=606.3, dist=191.3)
2026-09-07 00:58:53,557 MatchingPostProcessor WARNING  Orphan pdf_cell 1814 recovered to col=1 by nearest-column fallback (row=45, x=617.4, dist=180.2)
2026-09-07 00:58:53,557 MatchingPostProcessor WARNING  Orphan pdf_cell 1815 recovered to col=1 by nearest-column fallback (row=45, x=628.5, dist=169.1)
2026-09-07 00:58:53,557 MatchingPostProcessor WARNING  Orphan pdf_cell 1816 recovered to col=1 by nearest-column fallback (row=45, x=639.5, dist=158.0)
2026-09-07 00:58:53,557 MatchingPostProcessor WARNING  Orphan pdf_cell 1817 recovered to col=1 by nearest-column fallback (row=45, x=650.6, dist=146.9)
2026-09-07 00:58:53,557 MatchingPostProcessor WARNING  Orphan pdf_cell 1818 recovered to col=1 by nearest-column fallback (row=45, x=661.7, dist=135.9)
2026-09-07 00:58:53,557 MatchingPostProcessor WARNING  Orphan pdf_cell 1819 recovered to col=1 by nearest-column fallback (row=45, x=672.8, dist=124.8)
2026-09-07 00:58:53,557 MatchingPostProcessor WARNING  Orphan pdf_cell 1820 recovered to col=1 by nearest-column fallback (row=45, x=683.9, dist=113.7)
2026-09-07 00:58:53,557 MatchingPostProcessor WARNING  Orphan pdf_cell 1821 recovered to col=1 by nearest-column fallback (row=45, x=695.0, dist=102.6)
2026-09-07 00:58:53,557 MatchingPostProcessor WARNING  Orphan pdf_cell 1822 recovered to col=1 by nearest-column fallback (row=45, x=706.1, dist=91.5)
2026-09-07 00:58:53,557 MatchingPostProcessor WARNING  Orphan pdf_cell 1823 recovered to col=1 by nearest-column fallback (row=45, x=717.2, dist=80.4)
2026-09-07 00:58:53,558 MatchingPostProcessor WARNING  Orphan pdf_cell 1824 recovered to col=1 by nearest-column fallback (row=45, x=728.2, dist=69.3)
2026-09-07 00:58:53,558 MatchingPostProcessor WARNING  Orphan pdf_cell 1825 recovered to col=1 by nearest-column fallback (row=45, x=739.3, dist=58.2)
2026-09-07 00:58:53,558 MatchingPostProcessor WARNING  Orphan pdf_cell 1826 recovered to col=1 by nearest-column fallback (row=45, x=750.4, dist=47.2)
2026-09-07 00:58:53,558 MatchingPostProcessor WARNING  Orphan pdf_cell 1827 recovered to col=1 by nearest-column fallback (row=45, x=761.5, dist=36.1)
2026-09-07 00:58:53,558 MatchingPostProcessor WARNING  Orphan pdf_cell 1846 recovered to col=0 by nearest-column fallback (row=46, x=550.8, dist=231.7)
2026-09-07 00:58:53,558 MatchingPostProcessor WARNING  Orphan pdf_cell 1847 recovered to col=1 by nearest-column fallback (row=46, x=561.9, dist=235.7)
2026-09-07 00:58:53,558 MatchingPostProcessor WARNING  Orphan pdf_cell 1848 recovered to col=1 by nearest-column fallback (row=46, x=573.0, dist=224.6)
2026-09-07 00:58:53,558 MatchingPostProcessor WARNING  Orphan pdf_cell 1849 recovered to col=1 by nearest-column fallback (row=46, x=584.1, dist=213.5)
2026-09-07 00:58:53,558 MatchingPostProcessor WARNING  Orphan pdf_cell 1850 recovered to col=1 by nearest-column fallback (row=46, x=595.2, dist=202.4)
2026-09-07 00:58:53,558 MatchingPostProcessor WARNING  Orphan pdf_cell 1851 recovered to col=1 by nearest-column fallback (row=46, x=606.3, dist=191.3)
2026-09-07 00:58:53,558 MatchingPostProcessor WARNING  Orphan pdf_cell 1852 recovered to col=1 by nearest-column fallback (row=46, x=617.4, dist=180.2)
2026-09-07 00:58:53,558 MatchingPostProcessor WARNING  Orphan pdf_cell 1853 recovered to col=1 by nearest-column fallback (row=46, x=628.5, dist=169.1)
2026-09-07 00:58:53,558 MatchingPostProcessor WARNING  Orphan pdf_cell 1854 recovered to col=1 by nearest-column fallback (row=46, x=639.5, dist=158.0)
2026-09-07 00:58:53,558 MatchingPostProcessor WARNING  Orphan pdf_cell 1855 recovered to col=1 by nearest-column fallback (row=46, x=650.6, dist=146.9)
2026-09-07 00:58:53,558 MatchingPostProcessor WARNING  Orphan pdf_cell 1856 recovered to col=1 by nearest-column fallback (row=46, x=661.7, dist=135.9)
2026-09-07 00:58:53,558 MatchingPostProcessor WARNING  Orphan pdf_cell 1857 recovered to col=1 by nearest-column fallback (row=46, x=672.8, dist=124.8)
2026-09-07 00:58:53,558 MatchingPostProcessor WARNING  Orphan pdf_cell 1858 recovered to col=1 by nearest-column fallback (row=46, x=683.9, dist=113.7)
2026-09-07 00:58:53,558 MatchingPostProcessor WARNING  Orphan pdf_cell 1859 recovered to col=1 by nearest-column fallback (row=46, x=695.0, dist=102.6)
2026-09-07 00:58:53,558 MatchingPostProcessor WARNING  Orphan pdf_cell 1860 recovered to col=1 by nearest-column fallback (row=46, x=706.1, dist=91.5)
2026-09-07 00:58:53,558 MatchingPostProcessor WARNING  Orphan pdf_cell 1861 recovered to col=1 by nearest-column fallback (row=46, x=717.2, dist=80.4)
2026-09-07 00:58:53,558 MatchingPostProcessor WARNING  Orphan pdf_cell 1862 recovered to col=1 by nearest-column fallback (row=46, x=728.2, dist=69.3)
2026-09-07 00:58:53,558 MatchingPostProcessor WARNING  Orphan pdf_cell 1863 recovered to col=1 by nearest-column fallback (row=46, x=739.3, dist=58.2)
2026-09-07 00:58:53,558 MatchingPostProcessor WARNING  Orphan pdf_cell 1864 recovered to col=1 by nearest-column fallback (row=46, x=750.4, dist=47.2)
2026-09-07 00:58:53,558 MatchingPostProcessor WARNING  Orphan pdf_cell 1865 recovered to col=1 by nearest-column fallback (row=46, x=761.5, dist=36.1)
2026-09-07 00:58:53,559 MatchingPostProcessor WARNING  Orphan pdf_cell 1883 recovered to col=0 by nearest-column fallback (row=47, x=550.8, dist=231.7)
2026-09-07 00:58:53,559 MatchingPostProcessor WARNING  Orphan pdf_cell 1884 recovered to col=1 by nearest-column fallback (row=47, x=561.9, dist=235.7)
2026-09-07 00:58:53,559 MatchingPostProcessor WARNING  Orphan pdf_cell 1885 recovered to col=1 by nearest-column fallback (row=47, x=573.0, dist=224.6)
2026-09-07 00:58:53,559 MatchingPostProcessor WARNING  Orphan pdf_cell 1886 recovered to col=1 by nearest-column fallback (row=47, x=584.1, dist=213.5)
2026-09-07 00:58:53,559 MatchingPostProcessor WARNING  Orphan pdf_cell 1887 recovered to col=1 by nearest-column fallback (row=47, x=595.2, dist=202.4)
2026-09-07 00:58:53,559 MatchingPostProcessor WARNING  Orphan pdf_cell 1888 recovered to col=1 by nearest-column fallback (row=47, x=606.3, dist=191.3)
2026-09-07 00:58:53,559 MatchingPostProcessor WARNING  Orphan pdf_cell 1889 recovered to col=1 by nearest-column fallback (row=47, x=617.4, dist=180.2)
2026-09-07 00:58:53,559 MatchingPostProcessor WARNING  Orphan pdf_cell 1890 recovered to col=1 by nearest-column fallback (row=47, x=628.5, dist=169.1)
2026-09-07 00:58:53,559 MatchingPostProcessor WARNING  Orphan pdf_cell 1891 recovered to col=1 by nearest-column fallback (row=47, x=639.5, dist=158.0)
2026-09-07 00:58:53,559 MatchingPostProcessor WARNING  Orphan pdf_cell 1892 recovered to col=1 by nearest-column fallback (row=47, x=650.6, dist=146.9)
2026-09-07 00:58:53,559 MatchingPostProcessor WARNING  Orphan pdf_cell 1893 recovered to col=1 by nearest-column fallback (row=47, x=661.7, dist=135.9)
2026-09-07 00:58:53,559 MatchingPostProcessor WARNING  Orphan pdf_cell 1894 recovered to col=1 by nearest-column fallback (row=47, x=672.8, dist=124.8)
2026-09-07 00:58:53,559 MatchingPostProcessor WARNING  Orphan pdf_cell 1895 recovered to col=1 by nearest-column fallback (row=47, x=683.9, dist=113.7)
2026-09-07 00:58:53,559 MatchingPostProcessor WARNING  Orphan pdf_cell 1896 recovered to col=1 by nearest-column fallback (row=47, x=695.0, dist=102.6)
2026-09-07 00:58:53,630 MatchingPostProcessor WARNING  Orphan pdf_cell 1897 recovered to col=1 by nearest-column fallback (row=47, x=706.1, dist=91.5)
2026-09-07 00:58:53,630 MatchingPostProcessor WARNING  Orphan pdf_cell 1898 recovered to col=1 by nearest-column fallback (row=47, x=717.2, dist=80.4)
2026-09-07 00:58:53,631 MatchingPostProcessor WARNING  Orphan pdf_cell 1899 recovered to col=1 by nearest-column fallback (row=47, x=728.2, dist=69.3)
2026-09-07 00:58:53,631 MatchingPostProcessor WARNING  Orphan pdf_cell 1900 recovered to col=1 by nearest-column fallback (row=47, x=739.3, dist=58.2)
2026-09-07 00:58:53,631 MatchingPostProcessor WARNING  Orphan pdf_cell 1901 recovered to col=1 by nearest-column fallback (row=47, x=750.4, dist=47.2)
2026-09-07 00:58:53,631 MatchingPostProcessor WARNING  Orphan pdf_cell 1902 recovered to col=1 by nearest-column fallback (row=47, x=761.5, dist=36.1)
2026-09-07 00:58:53,631 MatchingPostProcessor WARNING  Orphan pdf_cell 1939 recovered to col=0 by nearest-column fallback (row=48, x=550.8, dist=231.7)
2026-09-07 00:58:53,631 MatchingPostProcessor WARNING  Orphan pdf_cell 1940 recovered to col=1 by nearest-column fallback (row=48, x=561.9, dist=235.7)
2026-09-07 00:58:53,631 MatchingPostProcessor WARNING  Orphan pdf_cell 1941 recovered to col=1 by nearest-column fallback (row=48, x=573.0, dist=224.6)
2026-09-07 00:58:53,631 MatchingPostProcessor WARNING  Orphan pdf_cell 1942 recovered to col=1 by nearest-column fallback (row=48, x=584.1, dist=213.5)
2026-09-07 00:58:53,631 MatchingPostProcessor WARNING  Orphan pdf_cell 1943 recovered to col=1 by nearest-column fallback (row=48, x=595.2, dist=202.4)
2026-09-07 00:58:53,631 MatchingPostProcessor WARNING  Orphan pdf_cell 1944 recovered to col=1 by nearest-column fallback (row=48, x=606.3, dist=191.3)
2026-09-07 00:58:53,631 MatchingPostProcessor WARNING  Orphan pdf_cell 1945 recovered to col=1 by nearest-column fallback (row=48, x=617.4, dist=180.2)
2026-09-07 00:58:53,631 MatchingPostProcessor WARNING  Orphan pdf_cell 1946 recovered to col=1 by nearest-column fallback (row=48, x=628.5, dist=169.1)
2026-09-07 00:58:53,631 MatchingPostProcessor WARNING  Orphan pdf_cell 1947 recovered to col=1 by nearest-column fallback (row=48, x=639.5, dist=158.0)
2026-09-07 00:58:53,631 MatchingPostProcessor WARNING  Orphan pdf_cell 1948 recovered to col=1 by nearest-column fallback (row=48, x=650.6, dist=146.9)
2026-09-07 00:58:53,631 MatchingPostProcessor WARNING  Orphan pdf_cell 1949 recovered to col=1 by nearest-column fallback (row=48, x=661.7, dist=135.9)
2026-09-07 00:58:53,631 MatchingPostProcessor WARNING  Orphan pdf_cell 1950 recovered to col=1 by nearest-column fallback (row=48, x=672.8, dist=124.8)
2026-09-07 00:58:53,631 MatchingPostProcessor WARNING  Orphan pdf_cell 1951 recovered to col=1 by nearest-column fallback (row=48, x=683.9, dist=113.7)
2026-09-07 00:58:53,631 MatchingPostProcessor WARNING  Orphan pdf_cell 1952 recovered to col=1 by nearest-column fallback (row=48, x=695.0, dist=102.6)
2026-09-07 00:58:53,631 MatchingPostProcessor WARNING  Orphan pdf_cell 1953 recovered to col=1 by nearest-column fallback (row=48, x=706.1, dist=91.5)
2026-09-07 00:58:53,631 MatchingPostProcessor WARNING  Orphan pdf_cell 1954 recovered to col=1 by nearest-column fallback (row=48, x=717.2, dist=80.4)
2026-09-07 00:58:53,631 MatchingPostProcessor WARNING  Orphan pdf_cell 1955 recovered to col=1 by nearest-column fallback (row=48, x=728.2, dist=69.3)
2026-09-07 00:58:53,632 MatchingPostProcessor WARNING  Orphan pdf_cell 1956 recovered to col=1 by nearest-column fallback (row=48, x=739.3, dist=58.2)
2026-09-07 00:58:53,632 MatchingPostProcessor WARNING  Orphan pdf_cell 1957 recovered to col=1 by nearest-column fallback (row=48, x=750.4, dist=47.2)
2026-09-07 00:58:53,632 MatchingPostProcessor WARNING  Orphan pdf_cell 1958 recovered to col=1 by nearest-column fallback (row=48, x=761.5, dist=36.1)
2026-09-07 00:59:15,146 MatchingPostProcessor WARNING  Orphan pdf_cell 196 recovered to col=0 by nearest-column fallback (row=0, x=599.0, dist=198.8)
2026-09-07 00:59:22,523 MatchingPostProcessor WARNING  94 of 316 pdf cells matched neither a row nor a column band of the 2x2 grid and were dropped from the table
2026-09-07 00:59:30,365 MatchingPostProcessor WARNING  Orphan pdf_cell 135 recovered to row=0 by nearest-row fallback (col=0, y=1124.7, dist=524.6)
2026-09-07 00:59:30,365 MatchingPostProcessor WARNING  Orphan pdf_cell 136 recovered to row=0 by nearest-row fallback (col=0, y=1146.1, dist=546.0)
2026-09-07 00:59:30,365 MatchingPostProcessor WARNING  Orphan pdf_cell 137 recovered to row=0 by nearest-row fallback (col=0, y=1146.1, dist=546.0)
2026-09-07 00:59:30,365 MatchingPostProcessor WARNING  Orphan pdf_cell 138 recovered to row=0 by nearest-row fallback (col=0, y=1168.7, dist=568.6)
2026-09-07 00:59:30,365 MatchingPostProcessor WARNING  Orphan pdf_cell 139 recovered to row=0 by nearest-row fallback (col=0, y=1168.1, dist=568.0)
2026-09-07 00:59:30,365 MatchingPostProcessor WARNING  Orphan pdf_cell 140 recovered to row=0 by nearest-row fallback (col=0, y=1190.1, dist=590.0)
2026-09-07 00:59:30,365 MatchingPostProcessor WARNING  Orphan pdf_cell 141 recovered to row=0 by nearest-row fallback (col=0, y=1190.1, dist=590.0)
2026-09-07 00:59:30,365 MatchingPostProcessor WARNING  Orphan pdf_cell 142 recovered to row=0 by nearest-row fallback (col=0, y=1190.1, dist=590.0)
2026-09-07 00:59:30,365 MatchingPostProcessor WARNING  Orphan pdf_cell 143 recovered to row=0 by nearest-row fallback (col=0, y=1212.7, dist=612.6)
2026-09-07 00:59:30,365 MatchingPostProcessor WARNING  Orphan pdf_cell 144 recovered to row=0 by nearest-row fallback (col=0, y=1212.1, dist=612.0)
2026-09-07 00:59:30,366 MatchingPostProcessor WARNING  Orphan pdf_cell 272 recovered to row=0 by nearest-row fallback (col=1, y=1132.1, dist=532.0)
2026-09-07 00:59:30,366 MatchingPostProcessor WARNING  Orphan pdf_cell 273 recovered to row=0 by nearest-row fallback (col=1, y=1154.1, dist=553.9)
2026-09-07 00:59:30,366 MatchingPostProcessor WARNING  Orphan pdf_cell 274 recovered to row=0 by nearest-row fallback (col=1, y=1154.1, dist=553.9)
2026-09-07 00:59:30,366 MatchingPostProcessor WARNING  Orphan pdf_cell 275 recovered to row=0 by nearest-row fallback (col=1, y=1176.7, dist=576.6)
2026-09-07 00:59:30,366 MatchingPostProcessor WARNING  Orphan pdf_cell 276 recovered to row=0 by nearest-row fallback (col=1, y=1176.1, dist=576.0)
2026-09-07 00:59:30,366 MatchingPostProcessor WARNING  Orphan pdf_cell 277 recovered to row=0 by nearest-row fallback (col=1, y=1176.1, dist=576.0)
2026-09-07 00:59:30,366 MatchingPostProcessor WARNING  Orphan pdf_cell 278 recovered to row=0 by nearest-row fallback (col=1, y=1198.7, dist=598.6)
2026-09-07 00:59:30,366 MatchingPostProcessor WARNING  Orphan pdf_cell 279 recovered to row=0 by nearest-row fallback (col=1, y=1198.1, dist=598.0)
2026-09-07 00:59:30,366 MatchingPostProcessor WARNING  Orphan pdf_cell 280 recovered to row=0 by nearest-row fallback (col=1, y=1198.1, dist=598.0)
2026-09-07 00:59:30,366 MatchingPostProcessor WARNING  Orphan pdf_cell 281 recovered to row=0 by nearest-row fallback (col=1, y=1220.1, dist=620.0)
2026-09-07 00:59:30,366 MatchingPostProcessor WARNING  Orphan pdf_cell 282 recovered to row=0 by nearest-row fallback (col=1, y=1220.1, dist=620.0)
2026-09-07 00:59:30,366 MatchingPostProcessor WARNING  Orphan pdf_cell 283 recovered to row=0 by nearest-row fallback (col=1, y=1220.1, dist=620.0)
2026-09-07 00:59:44,877 MatchingPostProcessor WARNING  Orphan pdf_cell 146 recovered to row=0 by nearest-row fallback (col=0, y=1188.8, dist=553.7)
2026-09-07 00:59:44,877 MatchingPostProcessor WARNING  Orphan pdf_cell 283 recovered to row=0 by nearest-row fallback (col=1, y=1194.1, dist=559.0)
2026-09-07 00:59:44,877 MatchingPostProcessor WARNING  Orphan pdf_cell 284 recovered to row=0 by nearest-row fallback (col=1, y=1194.1, dist=559.0)
2026-09-07 00:59:44,877 MatchingPostProcessor WARNING  Orphan pdf_cell 285 recovered to row=0 by nearest-row fallback (col=1, y=1194.1, dist=559.0)
2026-09-07 00:59:44,877 MatchingPostProcessor WARNING  Orphan pdf_cell 286 recovered to row=0 by nearest-row fallback (col=1, y=1194.1, dist=559.0)
/Users/sunfish/dev/20.survey/large-files-embedding/.venv/lib/python3.12/site-packages/docling_core/types/doc/document.py:325: UserWarning: Table cell bbox coordinate t on page 342 is outside page bounds: value=-8.453026056289673 < lo=0.0; clamping to 0.0
  cell.bbox = self._clamp_bbox_to_page(
sample-input/pdf/09-Understanding ECMAScript 6.pdf chunks=375 collection=market_quality_chunks_hybrid json=6b3099611b7cfe13/docling.json
=== end 2026-09-07T01:01:48+09:00 ===
