YY,JD,TM,Rn,LE,H,G_1,G_2,PAR,Air T,Soil T1_0,Soil T1_5,Soil T1_10,Soil T2_0,Soil T2_5,Soil T2_10,RH,Rain,WD,WS,u*,FCO2,FH2O
,,(AST),(W m-2),(W m-2),(W m-2),(W m-2),(W m-2),(microE m-2 s-1),(C),(C),(C),(C),(C),(C),(C),(%),(mm),(d),(m s-1),(m s-1),(gC m-2 hr-1),(mg m-2 s-1)
2002,139,0,-99.99,0.13,-3.97,-99.99,-99.99,-99.99,-99.99,-99.99,-99.99,-99.99,-99.99,-99.99,-99.99,-99.99,-99.99,52,4.49,0.18,-0.02,0.05
2002,139,30,-99.99,-0.31,-4.94,-99.99,-99.99,-99.99,-99.99,-99.99,-99.99,-99.99,-99.99,-99.99,-99.99,-99.99,-99.99,49,4.57,0.17,-0.02,-0.12
2002,139,100,-99.99,-1,-6.18,-99.99,-99.99,-99.99,-99.99,-99.99,-99.99,-99.99,-99.99,-99.99,-99.99,-99.99,-99.99,55,4.49,0.18,-0.02,-0.4
2002,139,130,-99.99,-1.08,-5.07,-99.99,-99.99,-99.99,-99.99,-99.99,-99.99,-99.99,-99.99,-99.99,-99.99,-99.99,-99.99,61,3.73,0.12,-0.01,-0.43
2002,139,200,-99.99,-1.63,-6.55,-99.99,-99.99,-99.99,-99.99,-99.99,-99.99,-99.99,-99.99,-99.99,-99.99,-99.99,-99.99,60,4.05,0.15,-0.02,-0.65
2002,139,230,-99.99,-1.4,-5.33,-99.99,-99.99,-99.99,-99.99,-99.99,-99.99,-99.99,-99.99,-99.99,-99.99,-99.99,-99.99,55,4.36,0.16,-0.02,-0.56
2002,139,300,-99.99,-1.46,-6.03,-99.99,-99.99,-99.99,-99.99,-99.99,-99.99,-99.99,-99.99,-99.99,-99.99,-99.99,-99.99,57,4.4,0.16,-0.02,-0.58
2002,139,330,-99.99,-1.52,-6.74,-99.99,-99.99,-99.99,-99.99,-99.99,-99.99,-99.99,-99.99,-99.99,-99.99,-99.99,-99.99,59,4.43,0.17,-0.02,-0.61
2002,139,400,-99.99,-1.87,-7.76,-99.99,-99.99,-99.99,-99.99,-99.99,-99.99,-99.99,-99.99,-99.99,-99.99,-99.99,-99.99,59,4.51,0.17,-0.02,-0.74
2002,139,430,-99.99,-2.78,-11.72,-99.99,-99.99,-99.99,-99.99,-99.99,-99.99,-99.99,-99.99,-99.99,-99.99,-99.99,-99.99,62,4.72,0.17,-0.02,-1.11
2002,139,500,-99.99,-2.34,-9.61,-99.99,-99.99,-99.99,-99.99,-99.99,-99.99,-99.99,-99.99,-99.99,-99.99,-99.99,-99.99,61,4.79,0.17,-0.02,-0.93
2002,139,530,-99.99,-1.99,-8.94,-99.99,-99.99,-99.99,-99.99,-99.99,-99.99,-99.99,-99.99,-99.99,-99.99,-99.99,-99.99,61,5.32,0.21,-0.02,-0.79
2002,139,600,-99.99,-2.01,-9.88,-99.99,-99.99,-99.99,-99.99,-99.99,-99.99,-99.99,-99.99,-99.99,-99.99,-99.99,-99.99,67,5.75,0.23,-0.01,-0.8
2002,139,630,-99.99,-0.85,-5.01,-99.99,-99.99,-99.99,-99.99,-99.99,-99.99,-99.99,-99.99,-99.99,-99.99,-99.99,-99.99,67,5.48,0.21,-0.01,-0.34
2002,139,700,-99.99,1.96,2.61,-99.99,-99.99,-99.99,-99.99,-99.99,-99.99,-99.99,-99.99,-99.99,-99.99,-99.99,-99.99,72,5.89,0.25,-0.01,0.78
2002,139,730,-99.99,1.82,3.14,-99.99,-99.99,-99.99,-99.99,-99.99,-99.99,-99.99,-99.99,-99.99,-99.99,-99.99,-99.99,79,6.19,0.25,-0.01,0.72
2002,139,800,-99.99,2.94,4.66,-99.99,-99.99,-99.99,-99.99,-99.99,-99.99,-99.99,-99.99,-99.99,-99.99,-99.99,-99.99,82,6.66,0.28,-0.01,1.17
2002,139,830,-99.99,2.21,3.71,-99.99,-99.99,-99.99,-99.99,-99.99,-99.99,-99.99,-99.99,-99.99,-99.99,-99.99,-99.99,79,6.71,0.27,-0.01,0.88
2002,139,900,-99.99,3.48,7.54,-99.99,-99.99,-99.99,-99.99,-99.99,-99.99,-99.99,-99.99,-99.99,-99.99,-99.99,-99.99,78,6.98,0.29,-0.01,1.38
2002,139,930,-99.99,2.73,6.43,-99.99,-99.99,-99.99,-99.99,-99.99,-99.99,-99.99,-99.99,-99.99,-99.99,-99.99,-99.99,77.5,7.34,0.29,-0.01,1.09
2002,139,1000,-99.99,1.98,5.33,-99.99,-99.99,-99.99,-99.99,-99.99,-99.99,-99.99,-99.99,-99.99,-99.99,-99.99,-99.99,77,7.69,0.28,-0.01,0.79
2002,139,1030,-99.99,3.09,10.7,-99.99,-99.99,-99.99,-99.99,-99.99,-99.99,-99.99,-99.99,-99.99,-99.99,-99.99,-99.99,78,7.89,0.31,0,1.23
2002,139,1100,-99.99,4.2,16.07,-99.99,-99.99,-99.99,-99.99,-99.99,-99.99,-99.99,-99.99,-99.99,-99.99,-99.99,-99.99,79,8.09,0.34,0,1.67
2002,139,1130,-99.99,3.74,14.4,-99.99,-99.99,-99.99,-99.99,-99.99,-99.99,-99.99,-99.99,-99.99,-99.99,-99.99,-99.99,78,8.18,0.34,0,1.49
2002,139,1200,-99.99,4.14,16.55,-99.99,-99.99,-99.99,-99.99,-99.99,-99.99,-99.99,-99.99,-99.99,-99.99,-99.99,-99.99,79,8.39,0.35,0.01,1.65
2002,139,1230,-99.99,4.22,17.52,-99.99,-99.99,-99.99,-99.99,-99.99,-99.99,-99.99,-99.99,-99.99,-99.99,-99.99,-99.99,80,8.41,0.34,0.01,1.68
2002,139,1300,-99.99,4.41,19.61,-99.99,-99.99,-99.99,-99.99,-99.99,-99.99,-99.99,-99.99,-99.99,-99.99,-99.99,-99.99,83,8.54,0.36,0.01,1.76
2002,139,1330,-99.99,4.32,18.93,-99.99,-99.99,-99.99,-99.99,-99.99,-99.99,-99.99,-99.99,-99.99,-99.99,-99.99,-99.99,83.5,8.57,0.36,0,1.72
2002,139,1400,-99.99,4.23,18.24,-99.99,-99.99,-99.99,-99.99,-99.99,-99.99,-99.99,-99.99,-99.99,-99.99,-99.99,-99.99,84,8.6,0.36,0,1.69
2002,139,1430,-99.99,4.04,18.28,-99.99,-99.99,-99.99,-99.99,-99.99,-99.99,-99.99,-99.99,-99.99,-99.99,-99.99,-99.99,83,8.66,0.35,0,1.61
2002,139,1500,-99.99,4.65,29.51,-99.99,-99.99,-99.99,-99.99,-99.99,-99.99,-99.99,-99.99,-99.99,-99.99,-99.99,-99.99,82,9.38,0.42,0,1.85
2002,139,1530,-99.99,4.49,27.18,-99.99,-99.99,-99.99,-99.99,-99.99,-99.99,-99.99,-99.99,-99.99,-99.99,-99.99,-99.99,83,8.96,0.4,0.01,1.79
2002,139,1600,-99.99,3.42,16.54,-99.99,-99.99,-99.99,-99.99,-99.99,-99.99,-99.99,-99.99,-99.99,-99.99,-99.99,-99.99,84,8.85,0.36,0,1.36
2002,139,1630,-99.99,3.56,18.44,-99.99,-99.99,-99.99,-99.99,-99.99,-99.99,-99.99,-99.99,-99.99,-99.99,-99.99,-99.99,84,8.52,0.38,0,1.42
2002,139,1700,-99.99,2.74,14.04,-99.99,-99.99,-99.99,-99.99,-99.99,-99.99,-99.99,-99.99,-99.99,-99.99,-99.99,-99.99,86,8.46,0.36,0,1.09
2002,139,1730,-99.99,2.64,13.18,-99.99,-99.99,-99.99,-99.99,-99.99,-99.99,-99.99,-99.99,-99.99,-99.99,-99.99,-99.99,86,8.56,0.36,0,1.05
2002,139,1800,-99.99,2.73,12.7,-99.99,-99.99,-99.99,-99.99,-99.99,-99.99,-99.99,-99.99,-99.99,-99.99,-99.99,-99.99,85,8.41,0.37,0,1.09
2002,139,1830,-99.99,2.23,9.95,-99.99,-99.99,-99.99,-99.99,-99.99,-99.99,-99.99,-99.99,-99.99,-99.99,-99.99,-99.99,86,8.68,0.37,-0.01,0.89
2002,139,1900,-99.99,2.25,11.07,-99.99,-99.99,-99.99,-99.99,-99.99,-99.99,-99.99,-99.99,-99.99,-99.99,-99.99,-99.99,89,8.59,0.38,-0.01,0.9
2002,139,1930,-99.99,1.55,3.88,-99.99,-99.99,-99.99,-99.99,-99.99,-99.99,-99.99,-99.99,-99.99,-99.99,-99.99,-99.99,89,9.26,0.38,-0.01,0.62
2002,139,2000,-99.99,1.6,5.41,-99.99,-99.99,-99.99,-99.99,-99.99,-99.99,-99.99,-99.99,-99.99,-99.99,-99.99,-99.99,90,9.34,0.4,0,0.64
2002,139,2030,-99.99,1.27,3.48,-99.99,-99.99,-99.99,-99.99,-99.99,-99.99,-99.99,-99.99,-99.99,-99.99,-99.99,-99.99,89,9.79,0.42,-0.01,0.51
2002,139,2100,-99.99,-0.42,-3.4,-99.99,-99.99,-99.99,-99.99,-99.99,-99.99,-99.99,-99.99,-99.99,-99.99,-99.99,-99.99,89,9.39,0.4,-0.01,-0.17
2002,139,2130,-99.99,-0.21,-1.18,-99.99,-99.99,-99.99,-99.99,-99.99,-99.99,-99.99,-99.99,-99.99,-99.99,-99.99,-99.99,88,9.21,0.38,0,-0.08
2002,139,2200,-99.99,1.65,18.12,-99.99,-99.99,-99.99,-99.99,-99.99,-99.99,-99.99,-99.99,-99.99,-99.99,-99.99,-99.99,86,9.15,0.43,0,0.66
2002,139,2230,-99.99,2.63,24.39,-99.99,-99.99,-99.99,-99.99,-99.99,-99.99,-99.99,-99.99,-99.99,-99.99,-99.99,-99.99,90,9.11,0.43,0,1.05
2002,139,2300,-99.99,2.78,25.62,-99.99,-99.99,-99.99,-99.99,-99.99,-99.99,-99.99,-99.99,-99.99,-99.99,-99.99,-99.99,93,8.46,0.39,0.01,1.11
2002,139,2330,-99.99,3.27,26.91,-99.99,-99.99,-99.99,-99.99,-99.99,-99.99,-99.99,-99.99,-99.99,-99.99,-99.99,-99.99,91,8.93,0.41,0,1.3
2002,140,0,-99.99,3.77,28.21,-99.99,-99.99,-99.99,-99.99,-99.99,-99.99,-99.99,-99.99,-99.99,-99.99,-99.99,-99.99,89,9.39,0.44,0,1.5
2002,140,30,-99.99,3.08,23.64,-99.99,-99.99,-99.99,-99.99,-99.99,-99.99,-99.99,-99.99,-99.99,-99.99,-99.99,-99.99,88,9.13,0.4,0,1.22
2002,140,100,-99.99,3.77,20.87,-99.99,-99.99,-99.99,-99.99,-99.99,-99.99,-99.99,-99.99,-99.99,-99.99,-99.99,-99.99,94,8.81,0.41,0,1.5
2002,140,130,-99.99,4.1,22.36,-99.99,-99.99,-99.99,-99.99,-99.99,-99.99,-99.99,-99.99,-99.99,-99.99,-99.99,-99.99,94,9.61,0.44,0,1.63
2002,140,200,-99.99,2.87,9.06,-99.99,-99.99,-99.99,-99.99,-99.99,-99.99,-99.99,-99.99,-99.99,-99.99,-99.99,-99.99,98,8.95,0.41,-0.01,1.14
2002,140,230,-99.99,3.17,13.73,-99.99,-99.99,-99.99,-99.99,-99.99,-99.99,-99.99,-99.99,-99.99,-99.99,-99.99,-99.99,103,8.74,0.4,0,1.26
2002,140,300,-99.99,-99.99,-99.99,-99.99,-99.99,-99.99,-99.99,-99.99,-99.99,-99.99,-99.99,-99.99,-99.99,-99.99,-99.99,-99.99,-99.99,-99.99,-99.99,-99.99
2002,140,330,-99.99,-99.99,-99.99,-99.99,-99.99,-99.99,-99.99,-99.99,-99.99,-99.99,-99.99,-99.99,-99.99,-99.99,-99.99,-99.99,-99.99,-99.99,-99.99,-99.99
2002,140,400,-99.99,-99.99,-99.99,-99.99,-99.99,-99.99,-99.99,-99.99,-99.99,-99.99,-99.99,-99.99,-99.99,-99.99,-99.99,-99.99,-99.99,-99.99,-99.99,-99.99
2002,140,430,-99.99,-99.99,-99.99,-99.99,-99.99,-99.99,-99.99,-99.99,-99.99,-99.99,-99.99,-99.99,-99.99,-99.99,-99.99,-99.99,-99.99,-99.99,-99.99,-99.99
2002,140,500,-99.99,-99.99,-99.99,-99.99,-99.99,-99.99,-99.99,-99.99,-99.99,-99.99,-99.99,-99.99,-99.99,-99.99,-99.99,-99.99,-99.99,-99.99,-99.99,-99.99
2002,140,530,-99.99,-99.99,-99.99,-99.99,-99.99,-99.99,-99.99,-99.99,-99.99,-99.99,-99.99,-99.99,-99.99,-99.99,-99.99,-99.99,-99.99,-99.99,-99.99,-99.99
2002,140,600,-99.99,-99.99,-99.99,-99.99,-99.99,-99.99,-99.99,-99.99,-99.99,-99.99,-99.99,-99.99,-99.99,-99.99,-99.99,-99.99,-99.99,-99.99,-99.99,-99.99
2002,140,630,-99.99,-99.99,-99.99,-99.99,-99.99,-99.99,-99.99,-99.99,-99.99,-99.99,-99.99,-99.99,-99.99,-99.99,-99.99,-99.99,-99.99,-99.99,-99.99,-99.99
2002,140,700,-99.99,-99.99,-99.99,-99.99,-99.99,-99.99,-99.99,-99.99,-99.99,-99.99,-99.99,-99.99,-99.99,-99.99,-99.99,-99.99,-99.99,-99.99,-99.99,-99.99
2002,140,730,-99.99,-99.99,-99.99,-99.99,-99.99,-99.99,-99.99,-99.99,-99.99,-99.99,-99.99,-99.99,-99.99,-99.99,-99.99,-99.99,-99.99,-99.99,-99.99,-99.99
2002,140,800,-99.99,-99.99,-99.99,-99.99,-99.99,-99.99,-99.99,-99.99,-99.99,-99.99,-99.99,-99.99,-99.99,-99.99,-99.99,-99.99,-99.99,-99.99,-99.99,-99.99
2002,140,830,-99.99,-99.99,-99.99,-99.99,-99.99,-99.99,-99.99,-99.99,-99.99,-99.99,-99.99,-99.99,-99.99,-99.99,-99.99,-99.99,-99.99,-99.99,-99.99,-99.99
2002,140,900,-99.99,-99.99,-99.99,-99.99,-99.99,-99.99,-99.99,-99.99,-99.99,-99.99,-99.99,-99.99,-99.99,-99.99,-99.99,-99.99,-99.99,-99.99,-99.99,-99.99
2002,140,930,-99.99,-99.99,-99.99,-99.99,-99.99,-99.99,-99.99,-99.99,-99.99,-99.99,-99.99,-99.99,-99.99,-99.99,-99.99,-99.99,-99.99,-99.99,-99.99,-99.99
2002,140,1000,-99.99,-99.99,-99.99,-99.99,-99.99,-99.99,-99.99,-99.99,-99.99,-99.99,-99.99,-99.99,-99.99,-99.99,-99.99,-99.99,-99.99,-99.99,-99.99,-99.99
2002,140,1030,-99.99,-99.99,-99.99,-99.99,-99.99,-99.99,-99.99,-99.99,-99.99,-99.99,-99.99,-99.99,-99.99,-99.99,-99.99,-99.99,-99.99,-99.99,-99.99,-99.99
2002,140,1100,-99.99,8.51,32.1,-99.99,-99.99,-99.99,-99.99,-99.99,-99.99,-99.99,-99.99,-99.99,-99.99,-99.99,-99.99,90,5.43,0.26,-0.04,3.38
2002,140,1130,-99.99,7.62,31.09,-99.99,-99.99,-99.99,-99.99,-99.99,-99.99,-99.99,-99.99,-99.99,-99.99,-99.99,-99.99,96,5.38,0.27,-0.03,3.03
2002,140,1200,-99.99,8.51,34.12,-99.99,-99.99,-99.99,-99.99,-99.99,-99.99,-99.99,-99.99,-99.99,-99.99,-99.99,-99.99,98,5.4,0.26,-0.03,3.39
2002,140,1230,-99.99,8.57,36.1,-99.99,-99.99,-99.99,-99.99,-99.99,-99.99,-99.99,-99.99,-99.99,-99.99,-99.99,-99.99,97,5.19,0.25,-0.03,3.41
2002,140,1300,-99.99,6.87,30.4,-99.99,-99.99,-99.99,-99.99,-99.99,-99.99,-99.99,-99.99,-99.99,-99.99,-99.99,-99.99,96,5.63,0.26,-0.03,2.73
2002,140,1330,-99.99,9.34,35.25,-99.99,-99.99,-99.99,-99.99,-99.99,-99.99,-99.99,-99.99,-99.99,-99.99,-99.99,-99.99,105,4.83,0.24,-0.03,3.72
2002,140,1400,-99.99,10.01,40.45,-99.99,-99.99,-99.99,-99.99,-99.99,-99.99,-99.99,-99.99,-99.99,-99.99,-99.99,-99.99,98,4.25,0.22,-0.04,3.98
2002,140,1430,-99.99,4.94,20.12,-99.99,-99.99,-99.99,-99.99,-99.99,-99.99,-99.99,-99.99,-99.99,-99.99,-99.99,-99.99,77,3.48,0.14,-0.04,1.96
2002,140,1500,-99.99,3.13,12.2,-99.99,-99.99,-99.99,-99.99,-99.99,-99.99,-99.99,-99.99,-99.99,-99.99,-99.99,-99.99,72,3.85,0.17,-0.03,1.25
2002,140,1530,-99.99,2.91,12.77,-99.99,-99.99,-99.99,-99.99,-99.99,-99.99,-99.99,-99.99,-99.99,-99.99,-99.99,-99.99,72,4.28,0.19,-0.02,1.16
2002,140,1600,-99.99,4.74,18.56,-99.99,-99.99,-99.99,-99.99,-99.99,-99.99,-99.99,-99.99,-99.99,-99.99,-99.99,-99.99,76,4.42,0.18,-0.02,1.89
2002,140,1630,-99.99,4.39,16.93,-99.99,-99.99,-99.99,-99.99,-99.99,-99.99,-99.99,-99.99,-99.99,-99.99,-99.99,-99.99,77,4.03,0.17,-0.02,1.75
2002,140,1700,-99.99,3.09,10.73,-99.99,-99.99,-99.99,-99.99,-99.99,-99.99,-99.99,-99.99,-99.99,-99.99,-99.99,-99.99,62,3.7,0.17,-0.03,1.23
2002,140,1730,-99.99,3.31,12.06,-99.99,-99.99,-99.99,-99.99,-99.99,-99.99,-99.99,-99.99,-99.99,-99.99,-99.99,-99.99,59,3.98,0.16,-0.03,1.32
2002,140,1800,-99.99,3.7,14.17,-99.99,-99.99,-99.99,-99.99,-99.99,-99.99,-99.99,-99.99,-99.99,-99.99,-99.99,-99.99,54,4.23,0.19,-0.04,1.47
2002,140,1830,-99.99,3.24,13.32,-99.99,-99.99,-99.99,-99.99,-99.99,-99.99,-99.99,-99.99,-99.99,-99.99,-99.99,-99.99,53,4.37,0.19,-0.03,1.29
2002,140,1900,-99.99,4.06,13.94,-99.99,-99.99,-99.99,-99.99,-99.99,-99.99,-99.99,-99.99,-99.99,-99.99,-99.99,-99.99,56,4.03,0.2,-0.04,1.61
2002,140,1930,-99.99,3.68,13.2,-99.99,-99.99,-99.99,-99.99,-99.99,-99.99,-99.99,-99.99,-99.99,-99.99,-99.99,-99.99,52,4.09,0.2,-0.03,1.47
2002,140,2000,-99.99,4.99,16.24,-99.99,-99.99,-99.99,-99.99,-99.99,-99.99,-99.99,-99.99,-99.99,-99.99,-99.99,-99.99,52,4.3,0.2,-0.04,1.98
2002,140,2030,-99.99,4.4,13.86,-99.99,-99.99,-99.99,-99.99,-99.99,-99.99,-99.99,-99.99,-99.99,-99.99,-99.99,-99.99,67,4.48,0.2,-0.02,1.75
2002,140,2100,-99.99,4.4,12.82,-99.99,-99.99,-99.99,-99.99,-99.99,-99.99,-99.99,-99.99,-99.99,-99.99,-99.99,-99.99,66,4.28,0.17,-0.02,1.75
2002,140,2130,-99.99,-99.99,-99.99,-99.99,-99.99,-99.99,-99.99,-99.99,-99.99,-99.99,-99.99,-99.99,-99.99,-99.99,-99.99,-99.99,-99.99,-99.99,-99.99,-99.99
2002,140,2200,-99.99,-99.99,-99.99,-99.99,-99.99,-99.99,-99.99,-99.99,-99.99,-99.99,-99.99,-99.99,-99.99,-99.99,-99.99,-99.99,-99.99,-99.99,-99.99,-99.99
2002,140,2230,-99.99,-99.99,-99.99,-99.99,-99.99,-99.99,-99.99,-99.99,-99.99,-99.99,-99.99,-99.99,-99.99,-99.99,-99.99,-99.99,-99.99,-99.99,-99.99,-99.99
2002,140,2300,-99.99,-99.99,-99.99,-99.99,-99.99,-99.99,-99.99,-99.99,-99.99,-99.99,-99.99,-99.99,-99.99,-99.99,-99.99,-99.99,-99.99,-99.99,-99.99,-99.99
2002,140,2330,-99.99,-99.99,-99.99,-99.99,-99.99,-99.99,-99.99,-99.99,-99.99,-99.99,-99.99,-99.99,-99.99,-99.99,-99.99,-99.99,-99.99,-99.99,-99.99,-99.99
2002,141,0,-99.99,-99.99,-99.99,-99.99,-99.99,-99.99,-99.99,-99.99,-99.99,-99.99,-99.99,-99.99,-99.99,-99.99,-99.99,-99.99,-99.99,-99.99,-99.99,-99.99
2002,141,30,-99.99,-99.99,-99.99,-99.99,-99.99,-99.99,-99.99,-99.99,-99.99,-99.99,-99.99,-99.99,-99.99,-99.99,-99.99,-99.99,-99.99,-99.99,-99.99,-99.99
2002,141,100,-99.99,-99.99,-99.99,-99.99,-99.99,-99.99,-99.99,-99.99,-99.99,-99.99,-99.99,-99.99,-99.99,-99.99,-99.99,-99.99,-99.99,-99.99,-99.99,-99.99
2002,141,130,-99.99,-99.99,-99.99,-99.99,-99.99,-99.99,-99.99,-99.99,-99.99,-99.99,-99.99,-99.99,-99.99,-99.99,-99.99,-99.99,-99.99,-99.99,-99.99,-99.99
2002,141,200,-99.99,-99.99,-99.99,-99.99,-99.99,-99.99,-99.99,-99.99,-99.99,-99.99,-99.99,-99.99,-99.99,-99.99,-99.99,-99.99,-99.99,-99.99,-99.99,-99.99
2002,141,230,-99.99,-99.99,-99.99,-99.99,-99.99,-99.99,-99.99,-99.99,-99.99,-99.99,-99.99,-99.99,-99.99,-99.99,-99.99,-99.99,-99.99,-99.99,-99.99,-99.99
2002,141,300,-99.99,-99.99,-99.99,-99.99,-99.99,-99.99,-99.99,-99.99,-99.99,-99.99,-99.99,-99.99,-99.99,-99.99,-99.99,-99.99,-99.99,-99.99,-99.99,-99.99
2002,141,330,-99.99,-99.99,-99.99,-99.99,-99.99,-99.99,-99.99,-99.99,-99.99,-99.99,-99.99,-99.99,-99.99,-99.99,-99.99,-99.99,-99.99,-99.99,-99.99,-99.99
2002,141,400,-99.99,-99.99,-99.99,-99.99,-99.99,-99.99,-99.99,-99.99,-99.99,-99.99,-99.99,-99.99,-99.99,-99.99,-99.99,-99.99,-99.99,-99.99,-99.99,-99.99
2002,141,430,-99.99,-99.99,-99.99,-99.99,-99.99,-99.99,-99.99,-99.99,-99.99,-99.99,-99.99,-99.99,-99.99,-99.99,-99.99,-99.99,-99.99,-99.99,-99.99,-99.99
2002,141,500,-99.99,-99.99,-99.99,-99.99,-99.99,-99.99,-99.99,-99.99,-99.99,-99.99,-99.99,-99.99,-99.99,-99.99,-99.99,-99.99,-99.99,-99.99,-99.99,-99.99
2002,141,530,-99.99,-99.99,-99.99,-99.99,-99.99,-99.99,-99.99,-99.99,-99.99,-99.99,-99.99,-99.99,-99.99,-99.99,-99.99,-99.99,-99.99,-99.99,-99.99,-99.99
2002,141,600,-99.99,-99.99,-99.99,-99.99,-99.99,-99.99,-99.99,-99.99,-99.99,-99.99,-99.99,-99.99,-99.99,-99.99,-99.99,-99.99,-99.99,-99.99,-99.99,-99.99
2002,141,630,-99.99,-99.99,-99.99,-99.99,-99.99,-99.99,-99.99,-99.99,-99.99,-99.99,-99.99,-99.99,-99.99,-99.99,-99.99,-99.99,-99.99,-99.99,-99.99,-99.99
2002,141,700,-99.99,-99.99,-99.99,-99.99,-99.99,-99.99,-99.99,-99.99,-99.99,-99.99,-99.99,-99.99,-99.99,-99.99,-99.99,-99.99,-99.99,-99.99,-99.99,-99.99
2002,141,730,-99.99,-99.99,-99.99,-99.99,-99.99,-99.99,-99.99,-99.99,-99.99,-99.99,-99.99,-99.99,-99.99,-99.99,-99.99,-99.99,-99.99,-99.99,-99.99,-99.99
2002,141,800,-99.99,-99.99,-99.99,-99.99,-99.99,-99.99,-99.99,-99.99,-99.99,-99.99,-99.99,-99.99,-99.99,-99.99,-99.99,-99.99,-99.99,-99.99,-99.99,-99.99
2002,141,830,-99.99,-99.99,-99.99,-99.99,-99.99,-99.99,-99.99,-99.99,-99.99,-99.99,-99.99,-99.99,-99.99,-99.99,-99.99,-99.99,-99.99,-99.99,-99.99,-99.99
2002,141,900,-99.99,-99.99,-99.99,-99.99,-99.99,-99.99,-99.99,-99.99,-99.99,-99.99,-99.99,-99.99,-99.99,-99.99,-99.99,-99.99,-99.99,-99.99,-99.99,-99.99
2002,141,930,-99.99,-99.99,-99.99,-99.99,-99.99,-99.99,-99.99,-99.99,-99.99,-99.99,-99.99,-99.99,-99.99,-99.99,-99.99,-99.99,-99.99,-99.99,-99.99,-99.99
2002,141,1000,-99.99,-99.99,-99.99,-99.99,-99.99,-99.99,-99.99,-99.99,-99.99,-99.99,-99.99,-99.99,-99.99,-99.99,-99.99,-99.99,-99.99,-99.99,-99.99,-99.99
2002,141,1030,-99.99,-99.99,-99.99,-99.99,-99.99,-99.99,-99.99,-99.99,-99.99,-99.99,-99.99,-99.99,-99.99,-99.99,-99.99,-99.99,-99.99,-99.99,-99.99,-99.99
2002,141,1100,-99.99,-99.99,-99.99,-99.99,-99.99,-99.99,-99.99,-99.99,-99.99,-99.99,-99.99,-99.99,-99.99,-99.99,-99.99,-99.99,-99.99,-99.99,-99.99,-99.99
2002,141,1130,-99.99,-99.99,-99.99,-99.99,-99.99,-99.99,-99.99,-99.99,-99.99,-99.99,-99.99,-99.99,-99.99,-99.99,-99.99,-99.99,-99.99,-99.99,-99.99,-99.99
2002,141,1200,-99.99,-99.99,-99.99,-99.99,-99.99,-99.99,-99.99,-99.99,-99.99,-99.99,-99.99,-99.99,-99.99,-99.99,-99.99,-99.99,-99.99,-99.99,-99.99,-99.99
2002,141,1230,-99.99,14.17,54.54,-99.99,-99.99,-99.99,-99.99,-99.99,-99.99,-99.99,-99.99,-99.99,-99.99,-99.99,-99.99,50,5.32,0.26,-0.07,5.63
2002,141,1300,-99.99,10.88,46.39,-99.99,-99.99,-99.99,-99.99,-99.99,-99.99,-99.99,-99.99,-99.99,-99.99,-99.99,-99.99,48,5.28,0.25,-0.06,4.32
2002,141,1330,-99.99,12.89,48.06,-99.99,-99.99,-99.99,-99.99,-99.99,-99.99,-99.99,-99.99,-99.99,-99.99,-99.99,-99.99,51,5.19,0.25,-0.05,5.12
2002,141,1400,-99.99,11.2,39.86,-99.99,-99.99,-99.99,-99.99,-99.99,-99.99,-99.99,-99.99,-99.99,-99.99,-99.99,-99.99,55,5.07,0.24,-0.04,4.45
2002,141,1430,-99.99,9.48,36.61,-99.99,-99.99,-99.99,-99.99,-99.99,-99.99,-99.99,-99.99,-99.99,-99.99,-99.99,-99.99,60,5.13,0.23,-0.03,3.77
2002,141,1500,-99.99,10.96,42.85,-99.99,-99.99,-99.99,-99.99,-99.99,-99.99,-99.99,-99.99,-99.99,-99.99,-99.99,-99.99,53,4.94,0.25,-0.05,4.36
2002,141,1530,-99.99,11.65,45.27,-99.99,-99.99,-99.99,-99.99,-99.99,-99.99,-99.99,-99.99,-99.99,-99.99,-99.99,-99.99,52,5.15,0.26,-0.05,4.63
2002,141,1600,-99.99,11.36,46.92,-99.99,-99.99,-99.99,-99.99,-99.99,-99.99,-99.99,-99.99,-99.99,-99.99,-99.99,-99.99,51,5.25,0.26,-0.05,4.51
2002,141,1630,-99.99,7.28,31.06,-99.99,-99.99,-99.99,-99.99,-99.99,-99.99,-99.99,-99.99,-99.99,-99.99,-99.99,-99.99,44,5.54,0.23,-0.04,2.89
2002,141,1700,-99.99,8.59,37.17,-99.99,-99.99,-99.99,-99.99,-99.99,-99.99,-99.99,-99.99,-99.99,-99.99,-99.99,-99.99,50,5.24,0.25,-0.04,3.41
2002,141,1730,-99.99,14.88,16.97,-99.99,-99.99,-99.99,-99.99,-99.99,-99.99,-99.99,-99.99,-99.99,-99.99,-99.99,-99.99,49,5.03,0.25,-0.05,5.91
2002,141,1800,-99.99,7.9,32.69,-99.99,-99.99,-99.99,-99.99,-99.99,-99.99,-99.99,-99.99,-99.99,-99.99,-99.99,-99.99,49,5.3,0.27,-0.05,3.14
2002,141,1830,-99.99,6.6,28.32,-99.99,-99.99,-99.99,-99.99,-99.99,-99.99,-99.99,-99.99,-99.99,-99.99,-99.99,-99.99,49,5.62,0.27,-0.04,2.62
2002,141,1900,-99.99,5.48,22.69,-99.99,-99.99,-99.99,-99.99,-99.99,-99.99,-99.99,-99.99,-99.99,-99.99,-99.99,-99.99,49,5.77,0.27,-0.03,2.18
2002,141,1930,-99.99,4.8,18.83,-99.99,-99.99,-99.99,-99.99,-99.99,-99.99,-99.99,-99.99,-99.99,-99.99,-99.99,-99.99,48,5.53,0.27,-0.04,1.91
2002,141,2000,-99.99,3.42,11.67,-99.99,-99.99,-99.99,-99.99,-99.99,-99.99,-99.99,-99.99,-99.99,-99.99,-99.99,-99.99,47,5.06,0.26,-0.04,1.36
2002,141,2030,-99.99,1.98,3.41,-99.99,-99.99,-99.99,-99.99,-99.99,-99.99,-99.99,-99.99,-99.99,-99.99,-99.99,-99.99,45,4.71,0.22,-0.04,0.79
2002,141,2100,-99.99,1.45,2.58,-99.99,-99.99,-99.99,-99.99,-99.99,-99.99,-99.99,-99.99,-99.99,-99.99,-99.99,-99.99,43,5.17,0.25,-0.03,0.58
2002,141,2130,-99.99,0.57,-0.02,-99.99,-99.99,-99.99,-99.99,-99.99,-99.99,-99.99,-99.99,-99.99,-99.99,-99.99,-99.99,45,4.72,0.22,-0.04,0.23
2002,141,2200,-99.99,-0.37,-4.23,-99.99,-99.99,-99.99,-99.99,-99.99,-99.99,-99.99,-99.99,-99.99,-99.99,-99.99,-99.99,42,4.21,0.19,-0.03,-0.15
2002,141,2230,-99.99,-0.79,-6.16,-99.99,-99.99,-99.99,-99.99,-99.99,-99.99,-99.99,-99.99,-99.99,-99.99,-99.99,-99.99,40,4.13,0.18,-0.03,-0.31
2002,141,2300,-99.99,-1.11,-8.2,-99.99,-99.99,-99.99,-99.99,-99.99,-99.99,-99.99,-99.99,-99.99,-99.99,-99.99,-99.99,42,4.37,0.2,-0.03,-0.44
2002,141,2330,-99.99,-1.21,-8.1,-99.99,-99.99,-99.99,-99.99,-99.99,-99.99,-99.99,-99.99,-99.99,-99.99,-99.99,-99.99,43,4.15,0.19,-0.03,-0.48
2002,142,0,-99.99,-1.6,-9.5,-99.99,-99.99,-99.99,-99.99,-99.99,-99.99,-99.99,-99.99,-99.99,-99.99,-99.99,-99.99,45,3.72,0.17,-0.03,-0.64
2002,142,30,-99.99,-1.82,-10.22,-99.99,-99.99,-99.99,-99.99,-99.99,-99.99,-99.99,-99.99,-99.99,-99.99,-99.99,-99.99,42,3.8,0.17,-0.02,-0.72
2002,142,100,-99.99,-1.85,-9.28,-99.99,-99.99,-99.99,-99.99,-99.99,-99.99,-99.99,-99.99,-99.99,-99.99,-99.99,-99.99,46,3.43,0.17,-0.03,-0.73
2002,142,130,-99.99,-1.94,-9.06,-99.99,-99.99,-99.99,-99.99,-99.99,-99.99,-99.99,-99.99,-99.99,-99.99,-99.99,-99.99,43,2.95,0.14,-0.03,-0.77
2002,142,200,-99.99,-1.64,-7.86,-99.99,-99.99,-99.99,-99.99,-99.99,-99.99,-99.99,-99.99,-99.99,-99.99,-99.99,-99.99,41,2.77,0.11,-0.02,-0.65
2002,142,230,-99.99,-1.54,-6.74,-99.99,-99.99,-99.99,-99.99,-99.99,-99.99,-99.99,-99.99,-99.99,-99.99,-99.99,-99.99,35,2.18,0.09,-0.02,-0.61
2002,142,300,-99.99,-1.76,-8.19,-99.99,-99.99,-99.99,-99.99,-99.99,-99.99,-99.99,-99.99,-99.99,-99.99,-99.99,-99.99,26,2.51,0.11,-0.01,-0.7
2002,142,330,-99.99,-1.41,-7.07,-99.99,-99.99,-99.99,-99.99,-99.99,-99.99,-99.99,-99.99,-99.99,-99.99,-99.99,-99.99,21,2.84,0.13,-0.01,-0.56
2002,142,400,-99.99,-1.47,-6.91,-99.99,-99.99,-99.99,-99.99,-99.99,-99.99,-99.99,-99.99,-99.99,-99.99,-99.99,-99.99,26,3.34,0.17,-0.02,-0.58
2002,142,430,-99.99,-1.43,-6.39,-99.99,-99.99,-99.99,-99.99,-99.99,-99.99,-99.99,-99.99,-99.99,-99.99,-99.99,-99.99,31,3.74,0.18,-0.03,-0.57
2002,142,500,-99.99,-0.59,-3.04,-99.99,-99.99,-99.99,-99.99,-99.99,-99.99,-99.99,-99.99,-99.99,-99.99,-99.99,-99.99,36,4.03,0.18,-0.03,-0.23
2002,142,530,-99.99,-0.14,-3.07,-99.99,-99.99,-99.99,-99.99,-99.99,-99.99,-99.99,-99.99,-99.99,-99.99,-99.99,-99.99,35,4.32,0.21,-0.04,-0.05
2002,142,600,-99.99,0.84,0.02,-99.99,-99.99,-99.99,-99.99,-99.99,-99.99,-99.99,-99.99,-99.99,-99.99,-99.99,-99.99,37,4.16,0.19,-0.03,0.33
2002,142,630,-99.99,1.9,3.6,-99.99,-99.99,-99.99,-99.99,-99.99,-99.99,-99.99,-99.99,-99.99,-99.99,-99.99,-99.99,39,3.86,0.17,-0.04,0.75
2002,142,700,-99.99,3.4,10.42,-99.99,-99.99,-99.99,-99.99,-99.99,-99.99,-99.99,-99.99,-99.99,-99.99,-99.99,-99.99,46,4.03,0.19,-0.05,1.35
2002,142,730,-99.99,4.83,14.86,-99.99,-99.99,-99.99,-99.99,-99.99,-99.99,-99.99,-99.99,-99.99,-99.99,-99.99,-99.99,44,4.39,0.21,-0.05,1.92
2002,142,800,-99.99,6.05,16.31,-99.99,-99.99,-99.99,-99.99,-99.99,-99.99,-99.99,-99.99,-99.99,-99.99,-99.99,-99.99,43,4.57,0.22,-0.05,2.4
2002,142,830,-99.99,6.79,19.25,-99.99,-99.99,-99.99,-99.99,-99.99,-99.99,-99.99,-99.99,-99.99,-99.99,-99.99,-99.99,44,4.5,0.22,-0.06,2.7
2002,142,900,-99.99,7.09,17.94,-99.99,-99.99,-99.99,-99.99,-99.99,-99.99,-99.99,-99.99,-99.99,-99.99,-99.99,-99.99,43,4.23,0.21,-0.06,2.82
2002,142,930,-99.99,6.74,14.51,-99.99,-99.99,-99.99,-99.99,-99.99,-99.99,-99.99,-99.99,-99.99,-99.99,-99.99,-99.99,41,4.04,0.21,-0.06,2.68
2002,142,1000,-99.99,8.09,18.33,-99.99,-99.99,-99.99,-99.99,-99.99,-99.99,-99.99,-99.99,-99.99,-99.99,-99.99,-99.99,48,4.94,0.23,-0.04,3.22
2002,142,1030,-99.99,10.06,24.64,-99.99,-99.99,-99.99,-99.99,-99.99,-99.99,-99.99,-99.99,-99.99,-99.99,-99.99,-99.99,50,4.93,0.26,-0.06,4.01
2002,142,1100,-99.99,10.12,25.63,-99.99,-99.99,-99.99,-99.99,-99.99,-99.99,-99.99,-99.99,-99.99,-99.99,-99.99,-99.99,50,4.92,0.25,-0.06,4.03
2002,142,1130,-99.99,9.63,24.81,-99.99,-99.99,-99.99,-99.99,-99.99,-99.99,-99.99,-99.99,-99.99,-99.99,-99.99,-99.99,51,4.47,0.22,-0.06,3.83
2002,142,1200,-99.99,9.2,20.56,-99.99,-99.99,-99.99,-99.99,-99.99,-99.99,-99.99,-99.99,-99.99,-99.99,-99.99,-99.99,43,4.22,0.22,-0.06,3.66
2002,142,1230,-99.99,6.85,3.5,-99.99,-99.99,-99.99,-99.99,-99.99,-99.99,-99.99,-99.99,-99.99,-99.99,-99.99,-99.99,36,4.7,0.22,-0.05,2.73
2002,142,1300,-99.99,7.86,5.82,-99.99,-99.99,-99.99,-99.99,-99.99,-99.99,-99.99,-99.99,-99.99,-99.99,-99.99,-99.99,39,4.82,0.23,-0.05,3.13
2002,142,1330,-99.99,9.67,12.01,-99.99,-99.99,-99.99,-99.99,-99.99,-99.99,-99.99,-99.99,-99.99,-99.99,-99.99,-99.99,44,4.93,0.24,-0.05,3.86
2002,142,1400,-99.99,11.48,18.21,-99.99,-99.99,-99.99,-99.99,-99.99,-99.99,-99.99,-99.99,-99.99,-99.99,-99.99,-99.99,49,5.03,0.26,-0.05,4.58
2002,142,1430,-99.99,-99.99,-99.99,-99.99,-99.99,-99.99,-99.99,-99.99,-99.99,-99.99,-99.99,-99.99,-99.99,-99.99,-99.99,-99.99,-99.99,-99.99,-99.99,-99.99
2002,142,1500,-99.99,-99.99,-99.99,-99.99,-99.99,-99.99,-99.99,-99.99,-99.99,-99.99,-99.99,-99.99,-99.99,-99.99,-99.99,-99.99,-99.99,-99.99,-99.99,-99.99
2002,142,1530,-99.99,-99.99,-99.99,-99.99,-99.99,-99.99,-99.99,-99.99,-99.99,-99.99,-99.99,-99.99,-99.99,-99.99,-99.99,-99.99,-99.99,-99.99,-99.99,-99.99
2002,142,1600,73,-99.99,-99.99,35.46,46.07,1093,1.55,-3.84,-4.42,-4.93,-3.88,-99.99,-5.03,84.5,0,-99.99,-99.99,-99.99,-99.99,-99.99
2002,142,1630,46.12,-99.99,-99.99,38.97,49.57,1057,1.56,-3.84,-4.41,-4.93,-3.91,-99.99,-5.05,84,0,-99.99,-99.99,-99.99,-99.99,-99.99
2002,142,1700,15.86,-99.99,-99.99,43.65,44.55,988,1.69,-3.82,-4.4,-4.94,-3.94,-99.99,-5.08,82.4,0,-99.99,-99.99,-99.99,-99.99,-99.99
2002,142,1730,-19.67,10.41,6.12,44.06,44.62,917,1.69,-3.8,-4.38,-4.92,-3.93,-99.99,-5.07,81.8,0,43,5.38,0.26,-0.04,4.15
2002,142,1800,-59.35,10.31,5.87,46.18,38.59,845,1.7,-3.79,-4.36,-4.92,-3.93,-99.99,-5.07,81.2,0,45,5.5,0.27,-0.04,4.11
2002,142,1830,-90.8,10.19,2.62,44.71,24.5,769,1.65,-3.78,-4.35,-4.9,-3.92,-99.99,-5.06,81.4,0,44,5.42,0.27,-0.05,4.06
2002,142,1900,-124.1,8.32,-0.74,36.26,10.52,683.7,1.56,-3.77,-4.34,-4.87,-3.87,-99.99,-5.03,82.1,0,41,5.43,0.27,-0.05,3.32
2002,142,1930,-135.7,8.59,-2.12,29,6.21,605.2,1.58,-3.77,-4.34,-4.88,-3.88,-99.99,-5.04,81.9,0,44,5.39,0.27,-0.05,3.43
2002,142,2000,-129.8,7.72,-4.11,19.53,2.11,525.9,1.52,-3.77,-4.33,-4.88,-3.88,-99.99,-5.04,82.1,0,44,5.11,0.26,-0.05,3.08
2002,142,2030,-122.4,6.82,-7.91,12.44,-1.48,452,1.41,-3.76,-4.31,-4.85,-3.86,-99.99,-5.01,82.2,0,41,5.34,0.25,-0.04,2.72
2002,142,2100,-111.7,7.69,-14.29,6.57,-3.79,384.2,1.43,-3.77,-4.31,-4.84,-3.85,-99.99,-5.01,81,0,44,5.58,0.28,-0.04,3.07
2002,142,2130,-120.4,7.19,-16.54,1.52,-6.94,318.8,1.27,-3.77,-4.31,-4.84,-3.86,-99.99,-5.01,80.8,0,45,5.4,0.26,-0.04,2.86
2002,142,2200,-128.3,5.68,-13.81,-3.2,-7.28,271.9,1.12,-3.8,-4.33,-4.86,-3.89,-99.99,-5,80.8,0,54,4.59,0.23,-0.04,2.26
2002,142,2230,-116.6,3.73,-12.82,-10.03,-2.82,228,0.71,-3.79,-4.31,-4.85,-3.87,-99.99,-4.99,82.4,0,51,4.04,0.19,-0.03,1.49
2002,142,2300,-93.6,4.35,-19.29,-9.24,-0.51,176.6,0.68,-3.8,-4.32,-4.85,-3.88,-99.99,-4.99,80.9,0,51,4.44,0.21,-0.03,1.73
2002,142,2330,-65.83,2.38,-13.42,-6.08,1.21,141.9,0.17,-3.79,-4.3,-4.83,-3.85,-99.99,-4.99,83.2,0,45,4.28,0.18,-0.02,0.95
2002,143,0,-57.68,2.76,-18.24,-4.18,3.42,102.7,-0.13,-3.8,-4.3,-4.81,-3.83,-99.99,-4.99,84.7,0,43,4.84,0.22,-0.03,1.1
2002,143,30,-54.26,2.87,-19.19,-2.92,5.12,87.9,-0.2,-3.81,-4.32,-4.82,-3.84,-99.99,-4.98,84.2,0,47,4.79,0.22,-0.03,1.14
2002,143,100,-48.73,2.7,-20.87,-1.84,6.05,86.4,-0.23,-3.83,-4.33,-4.83,-3.85,-99.99,-4.99,83.7,0,49,4.8,0.22,-0.03,1.08
2002,143,130,-42.39,2.2,-20.16,-0.86,6.23,85.3,-0.4,-3.84,-4.33,-4.82,-3.85,-99.99,-5,84.1,0,47,4.9,0.22,-0.03,0.87
2002,143,200,-33.61,1.41,-17.62,-0.37,5.43,81.9,-0.64,-3.85,-4.34,-4.82,-3.86,-99.99,-5,85,0,46,4.46,0.19,-0.03,0.56
2002,143,230,-17.72,1.86,-18.81,-0.03,3.38,89.6,-0.65,-3.86,-4.35,-4.84,-3.87,-99.99,-5.01,84.4,0,48,4.63,0.2,-0.02,0.74
2002,143,300,1.85,1.42,-15.6,0.59,1.63,108.7,-0.8,-3.87,-4.36,-4.84,-3.89,-99.99,-5.01,84.9,0,48,4.42,0.19,-0.02,0.57
2002,143,330,23.61,1.85,-18.96,1.48,0.28,138.8,-0.81,-3.87,-4.36,-4.83,-3.9,-99.99,-5.02,85.1,0,45,4.76,0.22,-0.03,0.74
2002,143,400,50.07,2.93,-16.41,2.48,-0.6,176.8,-0.63,-3.89,-4.37,-4.83,-3.91,-99.99,-5.02,84.3,0,49,4.86,0.24,-0.03,1.17
2002,143,430,77.4,2.79,-10.53,4.69,-2.72,225.2,-0.52,-3.89,-4.37,-4.83,-3.92,-99.99,-5.03,84,0,50,5.07,0.24,-0.03,1.11
2002,143,500,107.1,3.67,-8.67,5.26,-4.14,280.3,-0.37,-3.9,-4.37,-4.83,-3.93,-99.99,-5.02,83.6,0,52,4.93,0.23,-0.03,1.46
2002,143,530,140.8,4.06,-6.32,4.41,3.39,351.4,-0.22,-3.91,-4.38,-4.83,-3.94,-99.99,-5.03,83.3,0,49,4.87,0.23,-0.04,1.62
2002,143,600,177.1,5,-3.25,4,14.09,425.9,-0.09,-3.91,-4.38,-4.83,-3.94,-99.99,-5.03,83.4,0,52,4.73,0.23,-0.04,1.99
2002,143,630,213.3,5.88,0.57,4.62,15.06,508.5,0.13,-3.91,-4.38,-4.83,-3.93,-99.99,-5.02,83.5,0,54,5.06,0.25,-0.04,2.34
2002,143,700,247.4,6.9,-1.04,6,13.56,595.8,0.44,-3.91,-4.38,-4.84,-3.93,-99.99,-5.02,83,0,59,5.05,0.25,-0.04,2.75
2002,143,730,278.3,8.7,2.91,7.49,11.69,683.4,0.73,-3.91,-4.38,-4.84,-3.92,-99.99,-5.01,82.9,0,60,4.95,0.26,-0.04,3.46
2002,143,800,305.7,8.23,7.93,8.26,9.3,771,0.99,-3.91,-4.39,-4.83,-3.91,-99.99,-5.01,82.9,0,56,4.97,0.25,-0.04,3.28
2002,143,830,329.5,9.2,4.7,6.37,6.97,854,1.29,-3.9,-4.38,-4.82,-3.89,-99.99,-5,81.5,0,59,5.06,0.26,-0.04,3.66
2002,143,900,349.9,8.74,0.27,6.24,10.27,933,1.52,-3.88,-4.38,-4.82,-3.88,-99.99,-5,80.4,0,67,5.18,0.23,-0.03,3.48
2002,143,930,369.7,9.75,7.64,6.91,27.14,1008,1.63,-3.89,-4.39,-4.84,-3.87,-99.99,-5,80.9,0,72,4.76,0.22,-0.03,3.88
2002,143,1000,389.1,8.57,3.7,12.77,41.09,1076,1.61,-3.89,-4.39,-4.84,-3.85,-99.99,-4.98,81.7,0,67,5.34,0.24,-0.03,3.41
2002,143,1030,405.8,10.27,8.43,32.93,55.07,1129,1.72,-3.88,-4.39,-4.83,-3.82,-99.99,-4.97,81.8,0,63,5.59,0.27,-0.03,4.09
2002,143,1100,417,11.18,8.84,52.75,66.97,1180,1.84,-3.87,-4.39,-4.82,-3.81,-99.99,-4.96,81.3,0,63,5.58,0.28,-0.04,4.46
2002,143,1130,422.5,13.03,7.41,75.9,71.4,1224,1.91,-3.87,-4.39,-4.82,-3.8,-99.99,-4.94,80.9,0,66,5.61,0.28,-0.03,5.19
2002,143,1200,420.5,11.05,7.39,86.5,73,1258,1.92,-3.86,-4.37,-4.81,-3.78,-99.99,-4.92,81.2,0,70,5.74,0.27,-0.02,4.4
2002,143,1230,410.5,10.54,8.64,83.1,70.8,1280,1.85,-3.82,-4.35,-4.78,-3.76,-99.99,-4.9,82,0,68,6.04,0.28,-0.02,4.2
2002,143,1300,393.3,12.72,11.97,76.8,66.67,1285,1.87,-3.81,-4.34,-4.77,-3.74,-99.99,-4.89,81.9,0,65,6.28,0.3,-0.02,5.07
2002,143,1330,367.4,15.18,13.38,69.37,69.58,1284,2.05,-3.8,-4.33,-4.77,-3.72,-99.99,-4.89,80.1,0,71,6.18,0.31,-0.02,6.05
2002,143,1400,335.2,15.1,10.06,63.07,74,1274,2.12,-3.78,-4.32,-4.76,-3.71,-99.99,-4.88,78.8,0,70,6.46,0.31,-0.02,6.02
2002,143,1430,297.1,15.1,11.98,57.23,75.9,1256,2.15,-3.75,-4.3,-4.75,-3.71,-99.99,-4.87,79.1,0,71,6.33,0.31,-0.02,6.02
2002,143,1500,257.3,15.1,13.9,53.32,73.8,1224,2.06,-3.73,-4.29,-4.75,-3.7,-99.99,-4.87,80.1,0,72,6.2,0.31,-0.02,6.02
2002,143,1530,211.3,20.67,37.64,53.37,80.7,1182,2.11,-3.73,-4.28,-4.75,-3.7,-99.99,-4.87,80.6,0,77,5.99,0.33,-0.02,8.25
2002,143,1600,167.9,16.85,32.44,58.41,89.1,1133,2,-3.73,-4.28,-4.75,-3.71,-99.99,-4.87,81.7,0,76,5.68,0.29,-0.03,6.72
2002,143,1630,121.2,17.27,28.06,62.12,89.3,1073,1.94,-3.71,-4.26,-4.74,-3.7,-99.99,-4.87,82,0,76,6.14,0.32,-0.02,6.89
2002,143,1700,91.8,13.37,23.59,59.46,86.4,1006,1.85,-3.7,-4.24,-4.72,-3.68,-99.99,-4.85,82.5,0,77,6.49,0.31,-0.02,5.33
2002,143,1730,51.41,16.19,44.78,51.47,87.8,934,1.91,-3.7,-4.23,-4.72,-3.68,-99.99,-4.85,83.4,0,84,5.84,0.3,-0.02,6.46
2002,143,1800,-1.05,15.55,42.98,43.59,87.1,854,1.87,-3.7,-4.23,-4.72,-3.69,-99.99,-4.84,84.1,0,82,5.48,0.3,-0.03,6.2
2002,143,1830,-30.52,10.37,26.36,38.64,81.7,775,1.65,-3.69,-4.21,-4.71,-3.68,-99.99,-4.83,85.6,0,77,5.29,0.27,-0.03,4.13
2002,143,1900,-68.74,10.49,26.24,37.68,68.23,694,1.64,-3.68,-4.2,-4.7,-3.68,-99.99,-4.82,86.2,0,78,4.99,0.26,-0.03,4.18
2002,143,1930,-86.2,6.12,13.37,30.79,54.64,613.7,1.52,-3.67,-4.2,-4.7,-3.67,-99.99,-4.82,86.9,0,75,4.56,0.21,-0.03,2.44
2002,143,2000,-87,5.53,10.86,23.68,40.56,531,1.36,-3.66,-4.18,-4.68,-3.66,-99.99,-4.81,87.8,0,75,4.77,0.23,-0.03,2.2
2002,143,2030,-86.8,5.3,12.68,19.84,28.52,460.7,1.33,-3.65,-4.16,-4.67,-3.65,-99.99,-4.81,87.9,0,78,4.73,0.24,-0.02,2.11
2002,143,2100,-81.8,4.03,5.19,12.15,27.62,387.2,1.17,-3.64,-4.15,-4.66,-3.64,-99.99,-4.8,88.4,0,77,4.51,0.23,-0.02,1.6
2002,143,2130,-94.5,2.87,2,6.03,22.12,319.3,0.93,-3.63,-4.14,-4.64,-3.62,-99.99,-4.79,89.1,0,77,4.54,0.22,-0.02,1.14
2002,143,2200,-106.3,2.43,0.59,2.91,16.87,262.8,0.84,-3.63,-4.13,-4.63,-3.61,-99.99,-4.78,88.9,0,81,4.21,0.22,-0.02,0.97
2002,143,2230,-100.1,1.62,-2.29,-5.22,9.01,213.6,0.61,-3.62,-4.12,-4.61,-3.6,-99.99,-4.78,89.4,0,81,4.04,0.2,-0.02,0.64
2002,143,2300,-81.3,0.74,-3.35,-10.19,-0.89,171.8,0.26,-3.62,-4.11,-4.6,-3.59,-99.99,-4.78,90.3,0,84,3.58,0.16,-0.02,0.29
2002,143,2330,-57.35,0.48,-2.05,-10.77,-8.25,141,-0.12,-3.62,-4.11,-4.6,-3.59,-99.99,-4.79,91.1,0,86,2.89,0.12,-0.02,0.19
2002,144,0,-50.05,-0.02,-3.52,-6.35,-4.6,103.5,-0.51,-3.62,-4.11,-4.6,-3.6,-99.99,-4.79,91.7,0,82,2.55,0.09,-0.01,-0.01
2002,144,30,-47.75,-0.15,-3.72,-5.67,-4.27,84.6,-0.87,-3.62,-4.11,-4.6,-3.6,-99.99,-4.79,92.4,0,87,2.59,0.1,-0.01,-0.06
2002,144,100,-42.03,-0.25,-2.55,-5.71,-3.99,79.7,-1.06,-3.63,-4.11,-4.6,-3.6,-99.99,-4.79,93.1,0,94,2.05,0.05,-0.01,-0.1
2002,144,130,-34.14,-0.38,-2.57,-5.71,-3.86,77.6,-1.22,-3.64,-4.11,-4.6,-3.62,-99.99,-4.79,93.3,0,104,1.92,0.03,0,-0.15
2002,144,200,-23.22,-1.48,-6.69,-5.74,-3.84,84.6,-0.47,-3.65,-4.13,-4.61,-3.63,-99.99,-4.79,93.1,0,124,2.25,0.05,0,-0.59
2002,144,230,-7.36,0.06,-0.23,-5.74,-3.88,94.5,-0.03,-3.66,-4.13,-4.61,-3.64,-99.99,-4.79,92.5,0,120,2.39,0.01,0.01,0.02
2002,144,300,9.28,-0.63,-3.21,-5.62,-3.88,111.1,-0.08,-3.67,-4.14,-4.6,-3.64,-99.99,-4.79,92.6,0,124,2.09,0.05,0,-0.25
2002,144,330,28.86,-0.13,-0.58,-5.69,-3.91,142.4,0.11,-3.68,-4.14,-4.6,-3.64,-99.99,-4.78,92.1,0,135,1.63,0.01,0,-0.05
2002,144,400,53.59,-99.99,-99.99,-5.79,-4.11,174.4,0.39,-3.69,-4.15,-4.59,-3.63,-99.99,-4.77,90.8,0,-99.99,-99.99,-99.99,-99.99,-99.99
2002,144,430,85.8,-99.99,-99.99,-5.83,-4.49,223.1,1.09,-3.71,-4.16,-4.58,-3.62,-99.99,-4.76,89.4,0,-99.99,-99.99,-99.99,-99.99,-99.99
2002,144,500,124,-99.99,-99.99,-5.86,-4.82,279.2,2.05,-3.7,-4.15,-4.57,-3.6,-99.99,-4.75,87.9,0,-99.99,-99.99,-99.99,-99.99,-99.99
2002,144,530,155.3,-0.72,-6.67,-5.75,-5.23,330.5,2.25,-3.68,-4.14,-4.57,-3.6,-99.99,-4.75,89.8,0,220,2.28,0.06,-0.01,-0.29
2002,144,600,190.5,-2.15,-3.02,-5.83,-6.24,393.2,1.58,-3.67,-4.13,-4.57,-3.6,-99.99,-4.74,93.7,0,235,3.24,0.18,-0.07,-0.86
2002,144,630,258.9,-0.63,3.09,-5.97,-8.41,502.8,1.63,-3.66,-4.13,-4.57,-3.59,-99.99,-4.73,93.7,0,238,2.94,0.15,-0.05,-0.25
2002,144,700,304.8,1.09,11.09,-7.3,29.48,594.9,2.3,-3.66,-4.13,-4.57,-3.6,-99.99,-4.73,90.4,0,234,2.89,0.16,-0.06,0.43
2002,144,730,349.3,1.97,10.81,-0.72,53.86,682.1,2.46,-3.66,-4.14,-4.57,-3.61,-99.99,-4.72,88.8,0,238,3.07,0.17,-0.05,0.79
2002,144,800,393.3,2.81,13.8,27.02,63.26,761,3.11,-3.66,-4.14,-4.58,-3.61,-99.99,-4.72,86.4,0,236,2.93,0.17,-0.08,1.12
2002,144,830,431.8,0.78,5.35,48.32,68.1,837,3.72,-3.65,-4.13,-4.57,-3.62,-99.99,-4.72,86.2,0,236,3.4,0.14,-0.03,0.31
2002,144,900,464.3,4.53,16.59,59.68,70.5,923,4.1,-3.64,-4.12,-4.55,-3.61,-99.99,-4.72,84.1,0,237,3.71,0.18,-0.04,1.81
2002,144,930,491,4.82,7.08,69.94,72.2,1003,4.48,-3.65,-4.13,-4.55,-3.59,-99.99,-4.7,81.7,0,240,3.46,0.14,-0.03,1.93
2002,144,1000,510.7,9.67,18.83,86.8,75.3,1076,4.88,-3.69,-4.17,-4.57,-3.61,-99.99,-4.7,79,0,238,3.64,0.16,-0.02,3.87
2002,144,1030,522.6,9.66,10.95,93.4,75.3,1138,5.18,-3.7,-4.19,-4.58,-3.62,-99.99,-4.69,77.5,0,240,3.69,0.18,-0.03,3.87
2002,144,1100,526,14.85,27.77,94.4,76.6,1187,5.39,-3.7,-4.19,-4.58,-3.62,-99.99,-4.69,76.4,0,236,3.76,0.2,-0.03,5.95
2002,144,1130,525,18.94,33.33,73.5,79.9,1231,6.08,-3.71,-4.2,-4.58,-3.62,-99.99,-4.7,74.6,0,233,4.02,0.22,-0.03,7.6
2002,144,1200,518.1,27.57,57.07,69.5,84.1,1263,6.48,-3.67,-4.17,-4.55,-3.57,-99.99,-4.68,74.5,0,227,4.52,0.26,-0.04,11.07
2002,144,1230,507.1,27.32,35.01,61.85,85.7,1281,6.84,-3.63,-4.13,-4.52,-3.53,-99.99,-4.67,70.4,0,222,4.91,0.24,-0.02,10.97
2002,144,1300,488.5,28.47,37.95,104.5,83.9,1292,6.69,-3.6,-4.1,-4.51,-3.52,-99.99,-4.66,68.88,0,222,5.49,0.24,-0.02,11.43
2002,144,1330,462.2,37.74,46.05,117.3,83.4,1288,6.54,-3.59,-4.1,-4.5,-3.5,-99.99,-4.66,69.1,0,227,5.15,0.3,-0.04,15.15
2002,144,1400,429.6,37.79,55.44,110.2,78,1275,6.14,-3.58,-4.1,-4.51,-3.49,-99.99,-4.65,69.77,0,233,5.78,0.34,-0.04,15.16
2002,144,1430,393,22.49,36.41,53.03,72.6,1244,5.42,-3.56,-4.08,-4.49,-3.45,-99.99,-4.65,73.1,0,238,6.04,0.33,-0.03,9.02
2002,144,1500,353.4,19.62,19.36,22.97,66.91,1165,5.04,-3.52,-4.04,-4.48,-3.38,-99.99,-4.65,75.3,0,246,5.69,0.4,-0.05,7.87
2002,144,1530,309.1,13.86,10.46,13.56,67.27,1149,4.62,-3.49,-4.02,-4.48,-3.28,-99.99,-4.65,76.9,0,249,4.88,0.36,-0.03,5.55
2002,144,1600,259.8,12.02,8.01,18.98,70.8,1099,4.84,-3.49,-4.04,-4.5,-3.16,-99.99,-4.67,76.5,0,247,4.49,0.28,-0.03,4.82
2002,144,1630,204.2,11.63,14.94,19.37,71.4,1045,4.86,-3.41,-4.04,-4.51,-3.03,-99.99,-4.69,77.4,0,245,4.51,0.26,-0.04,4.66
2002,144,1700,161,10.34,15.93,20.09,69.19,982,4.29,-3.25,-3.99,-4.5,-2.89,-99.99,-4.69,79.1,0,248,4.33,0.27,-0.04,4.14
2002,144,1730,114.3,10.11,17.97,21.09,65.6,911,3.94,-3.1,-3.95,-4.48,-2.81,-99.99,-4.66,79.9,0,251,4.32,0.32,-0.05,4.04
2002,144,1800,64.57,10.48,18.55,22.15,59.92,838,3.75,-3.05,-3.91,-4.46,-2.83,-99.99,-4.64,80.3,0,251,4.08,0.32,-0.05,4.19
2002,144,1830,21.02,8.23,15.46,24,54.04,761,3.39,-3.05,-3.9,-4.45,-2.95,-99.99,-4.63,82,0,250,4.12,0.29,-0.04,3.29
2002,144,1900,-11.27,7.41,14.99,22.96,46.25,681.2,3.06,-3.1,-3.89,-4.43,-2.96,-99.99,-4.61,83.1,0,252,3.96,0.3,-0.04,2.96
2002,144,1930,-36.97,5.05,8.17,21.65,38.43,603,2.77,-3.22,-3.88,-4.42,-3.02,-99.99,-4.6,83.8,0,257,3.78,0.32,-0.04,2.02
2002,144,2000,-44.91,6.02,6.06,23.84,29.93,526.5,2.68,-3.31,-3.87,-4.4,-3.06,-99.99,-4.58,83.8,0,261,3.28,0.28,-0.04,2.41
2002,144,2030,-58.79,2.44,10.09,20.26,21.22,451.3,2.45,-3.34,-3.87,-4.39,-3.1,-99.99,-4.57,84.3,0,273,3.05,0.27,-0.21,0.97
2002,144,2100,-51.61,1.49,6.89,15.49,18.23,374,2.12,-3.33,-3.86,-4.38,-3.17,-99.99,-4.56,85.7,0,278,3.02,0.24,-0.15,0.6
2002,144,2130,-65.83,0.39,4.47,11.39,14.54,308.2,1.94,-3.34,-3.86,-4.38,-3.26,-99.99,-4.56,86.4,0,276,2.7,0.2,-0.15,0.16
2002,144,2200,-78.6,-0.84,0.14,6.54,11.88,251.2,1.76,-3.34,-3.85,-4.37,-3.41,-99.99,-4.55,86.9,0,269,2.37,0.21,-0.21,-0.33
2002,144,2230,-76.2,-0.64,-1.93,-0.89,7.04,207.6,1.56,-3.34,-3.84,-4.35,-3.44,-99.99,-4.53,87.8,0,257,2.22,0.16,-0.11,-0.25
2002,144,2300,-63.6,-0.67,-4.29,-8.8,1.25,161.7,1.27,-3.33,-3.82,-4.33,-3.41,-99.99,-4.52,88.7,0,247,2.27,0.14,-0.06,-0.27
2002,144,2330,-46.21,-0.92,-3.19,-13.03,-3.41,133.2,1.04,-3.33,-3.81,-4.32,-3.4,-99.99,-4.5,89.3,0,248,1.98,0.14,-0.08,-0.37
2002,145,0,-42.2,-2.04,-4.7,-3.56,-8.41,105.4,0.64,-3.33,-3.81,-4.31,-3.39,-99.99,-4.5,90.5,0,265,1.7,0.14,-0.12,-0.81
2002,145,30,-41.38,-1.86,-4.42,-4.31,-7.27,92.3,0.22,-3.32,-3.8,-4.29,-3.4,-99.99,-4.48,92.1,0,275,1.63,0.13,-0.12,-0.74
2002,145,100,-37.94,-2.16,-5.58,-5.77,-3.51,94,0.13,-3.33,-3.8,-4.29,-3.43,-99.99,-4.47,92.2,0,274,1.61,0.13,-0.12,-0.86
2002,145,130,-33.41,-2.24,-4.49,-6.11,-4.11,83,-0.04,-3.32,-3.79,-4.27,-3.43,-99.99,-4.45,92.8,0,273,1.67,0.13,-0.12,-0.89
2002,145,200,-25.67,-2.16,-5.5,-6.14,-3.98,80.7,-0.2,-3.33,-3.8,-4.28,-3.45,-99.99,-4.45,93.1,0,272,1.58,0.11,-0.1,-0.86
2002,145,230,-12.45,-0.45,-2.11,-6.25,-3.88,85.5,-0.42,-3.34,-3.8,-4.28,-3.47,-99.99,-4.46,93.8,0,296,1.5,0.05,-0.01,-0.18
2002,145,300,4.98,-0.35,-1.51,-6.45,-3.9,100.9,-0.34,-3.33,-3.79,-4.27,-3.45,-99.99,-4.44,93.7,0,303,1.52,0.04,-0.01,-0.14
2002,145,330,24.41,-0.48,-1.97,-6.72,-3.99,126.5,-0.41,-3.33,-3.79,-4.27,-3.44,-99.99,-4.44,93.9,0,304,1.58,0.06,-0.02,-0.19
2002,145,400,48.52,-0.27,-0.89,-6.97,-4.19,168.5,-0.36,-3.34,-3.79,-4.26,-3.42,-99.99,-4.43,93.6,0,316,1.54,0.06,-0.02,-0.11
2002,145,430,83.6,0.64,1.85,-7.56,-4.55,221.6,-0.2,-3.34,-3.79,-4.26,-3.4,-99.99,-4.43,92.5,0,346,1.62,0.08,0,0.26
2002,145,500,127.1,2.1,6.82,-8.79,-5.02,288.1,-0.36,-3.33,-3.78,-4.24,-3.35,-99.99,-4.42,92.3,0,1,1.84,0.1,-0.03,0.84
2002,145,530,172.4,4.03,16.89,-9.48,-5.51,359.9,-0.69,-3.32,-3.77,-4.23,-3.29,-99.99,-4.41,91.9,0,30,2.07,0.13,-0.09,1.6
2002,145,600,130,2.8,13.17,-9.06,-5.76,328.5,-1.14,-3.33,-3.77,-4.25,-3.33,-99.99,-4.42,93.2,0,52,2.3,0.12,-0.05,1.11
2002,145,630,193.1,4.23,17.66,-8.62,-7.45,408.7,-0.95,-3.34,-3.78,-4.25,-3.26,-99.99,-4.41,92.7,0,62,2.18,0.12,-0.07,1.68
2002,145,700,132.9,4.47,21.14,-7.34,3.62,365.9,-1.79,-3.35,-3.79,-4.25,-3.33,-99.99,-4.41,96.4,0,61,2.22,0.11,-0.06,1.77
2002,145,730,163,8.17,31.59,-1.13,22.55,440.4,-1.82,-3.36,-3.8,-4.26,-3.28,-99.99,-4.41,97.1,0,52,2.38,0.12,-0.1,3.24
2002,145,800,215.7,10.11,40.55,16.93,31.06,532.9,-1.74,-3.36,-3.8,-4.25,-3.21,-99.99,-4.41,97.1,0,51,2.53,0.16,-0.14,4.02
2002,145,830,232.9,12.78,50.7,36.17,37.38,569.2,-1.64,-3.35,-3.8,-4.25,-3.14,-99.99,-4.41,96.9,0,51,2.56,0.16,-0.13,5.07
2002,145,900,263.4,13.58,53.83,40.6,45.62,622.2,-1.52,-3.33,-3.81,-4.25,-3.04,-99.99,-4.39,96.7,0,62,2.58,0.16,-0.12,5.39
2002,145,930,263.3,16.29,58.87,38.5,48.34,634.5,-1.51,-3.28,-3.8,-4.23,-2.96,-99.99,-4.39,96.7,0,47,2.4,0.16,-0.13,6.47
2002,145,1000,297.8,16.13,57.31,37.86,46.79,689.3,-1.61,-3.18,-3.78,-4.21,-2.86,-99.99,-4.38,96.7,0,40,2.49,0.14,-0.16,6.4
2002,145,1030,342.9,20,70.48,42.73,50.2,778,-1.47,-3.07,-3.76,-4.2,-2.73,-99.99,-4.36,96.4,0,37,2.81,0.16,-0.15,7.94
2002,145,1100,356.3,26.57,96.82,45.36,52.27,807,-1.44,-2.97,-3.73,-4.18,-2.62,-99.99,-4.34,96.5,0,31,3.27,0.2,-0.14,10.55
2002,145,1130,371.8,26.82,95.76,44.71,50.38,849,-1.38,-2.9,-3.73,-4.17,-2.49,-99.99,-4.33,96.4,0,36,3.22,0.18,-0.15,10.65
2002,145,1200,449.7,24.81,102.06,58.3,57.92,998,-0.97,-2.8,-3.76,-4.21,-2.03,-99.99,-4.34,95.6,0,55,2.57,0.15,-0.18,9.85
2002,145,1230,460.6,26.86,104.3,55.77,61.21,1092,-0.77,-2.6,-3.72,-4.17,-1.78,-99.99,-4.3,94.4,0,41,2.55,0.13,-0.17,10.67
2002,145,1300,372.3,27.63,99.93,35.59,50.72,927,-1.08,-2.46,-3.63,-4.12,-1.72,-99.99,-4.28,95.8,0,18,3.55,0.2,-0.12,10.98
2002,145,1330,388.6,27.84,103.32,34.69,40.79,984,-1.08,-2.45,-3.62,-4.11,-1.46,-99.99,-4.28,96.3,0,25,4.03,0.21,-0.09,11.06
2002,145,1400,343,31,107.57,33.71,42.93,897,-0.93,-2.41,-3.62,-4.11,-1.26,-99.99,-4.28,96.6,0,21,4.07,0.24,-0.11,12.32
2002,145,1430,362.1,38.23,137.61,43.42,45.91,988,-0.75,-2.31,-3.52,-4.03,-0.65,-99.99,-4.26,96.2,0,27,3.95,0.27,-0.15,15.19
2002,145,1500,329.7,36.43,134.71,29.68,37.87,1002,-0.77,-2.19,-3.3,-3.73,-0.39,-99.99,-4.26,96.1,0,23,4.11,0.25,-0.13,14.48
2002,145,1530,293.1,30.05,112.4,18.99,33.45,968,-0.77,-2.15,-3.21,-3.61,-0.27,-99.99,-4.26,96.3,0,18,4.42,0.24,-0.07,11.94
2002,145,1600,259.7,35.14,129.2,12.77,28.8,971,-0.63,-2.09,-3.16,-3.53,-0.09,-99.99,-4.27,96.3,0,21,4.61,0.27,-0.1,13.96
2002,145,1630,229.2,30.67,108,10.32,27.8,910,-0.69,-2.11,-3.12,-3.44,-0.16,-99.99,-4.26,96.3,0,21,4.9,0.28,-0.06,12.18
2002,145,1700,195,33.71,123.62,8.01,22.76,725,-0.63,-2.19,-3.08,-3.4,-0.47,-99.99,-4.25,96.5,0,18,5.09,0.32,-0.08,13.4
2002,145,1730,151.7,25.61,105.11,8.9,17.62,707,-0.66,-2.32,-3.08,-3.38,-0.84,-99.99,-4.23,96.4,0,24,5.43,0.3,-0.06,10.18
2002,145,1800,117.2,25.5,99.15,8.51,16.29,677,-0.66,-2.39,-3.07,-3.38,-1.1,-99.99,-4.25,95.7,0,22,5.19,0.31,-0.06,10.14
2002,145,1830,84,21.42,83.16,6.78,14.59,674.3,-0.72,-2.43,-3.07,-3.38,-1.27,-99.99,-4.25,95.5,0,21,5.24,0.28,-0.05,8.52
2002,145,1900,81.3,19.22,79.99,2.56,8.38,524.8,-0.81,-2.55,-3.06,-3.36,-1.63,-99.99,-4.23,95.9,0,26,5.23,0.32,-0.05,7.64
2002,145,1930,84.5,15.89,65.47,6.06,10.11,524.1,-0.99,-2.63,-3.07,-3.35,-1.73,-99.99,-4.22,96.1,0,20,5.58,0.28,-0.03,6.32
2002,145,2000,61.18,15.45,53.01,-2.95,0.7,400.6,-1.19,-2.72,-3.06,-3.35,-2.07,-99.99,-4.21,97,0,22,5.56,0.3,-0.03,6.14
2002,145,2030,34.49,16.29,66.45,-2.86,-2.29,372.8,-1.17,-2.85,-3.09,-3.36,-2.34,-99.99,-4.22,96.1,0,26,5.56,0.35,-0.06,6.47
2002,145,2100,10.26,12.57,49.12,-7.55,-6.51,323.5,-1.34,-2.95,-3.08,-3.36,-2.74,-99.99,-4.21,95.8,0,31,5.73,0.34,-0.04,4.99
2002,145,2130,5.78,11.97,43.64,-7.28,-6.85,289.9,-1.49,-3.02,-3.09,-3.36,-3.07,-99.99,-4.21,96.1,0,26,5.89,0.33,-0.04,4.76
2002,145,2200,13.86,10.48,52.15,-12.03,-15.87,145,-1.88,-3.08,-3.1,-3.37,-3.26,-99.99,-4.2,97.1,0,32,6.29,0.36,0.01,4.16
2002,145,2230,20.07,10.5,41.83,-8.32,-13.31,124.7,-1.97,-3.11,-3.12,-3.39,-3.28,-99.99,-4.2,95.5,0,33,6.56,0.37,-0.01,4.16
2002,145,2300,20.75,9.85,30.9,-6.99,-11.56,90.3,-1.96,-3.14,-3.14,-3.42,-3.29,-99.99,-4.21,93.5,0,34,6.68,0.35,-0.02,3.91
2002,145,2330,9.44,8.75,13.29,-6.27,-10.05,56.14,-2.11,-3.16,-3.16,-3.45,-3.34,-99.99,-4.26,93.7,0,46,6.7,0.36,-0.04,3.47
2002,146,0,7.77,-99.99,-99.99,-5.87,-8.35,40.97,-2.06,-3.17,-3.17,-3.47,-3.36,-99.99,-4.27,93.7,0,-99.99,-99.99,-99.99,-99.99,-99.99
2002,146,30,2.85,8.29,23.7,-4.38,-7.01,34.62,-2.6,-3.16,-3.16,-3.46,-3.39,-99.99,-4.24,93.6,0,39,6.84,0.35,-0.03,3.29
2002,146,100,-1.67,9.54,32.82,-5.27,-5.46,28.13,-2.48,-3.18,-3.18,-3.48,-3.41,-99.99,-4.24,92.8,0,40,6.84,0.39,-0.01,3.79
2002,146,130,-0.3,8.05,28.49,-8.98,-3.79,26.22,-2.49,-3.18,-3.19,-3.5,-3.42,-99.99,-4.25,93.5,0,38,6.64,0.38,-0.02,3.2
2002,146,200,0.62,9.97,24.78,-13.48,-2.94,27.26,-2.81,-3.18,-3.19,-3.5,-3.44,-99.99,-4.22,93.4,0,35,6.64,0.38,-0.03,3.96
2002,146,230,2.39,9,26.32,-14.28,-4.59,26.1,-2.98,-3.18,-3.2,-3.52,-3.48,-99.99,-4.26,94,0,42,6.99,0.39,-0.03,3.57
2002,146,300,3.58,8.68,27.2,-13.44,-7.42,27.74,-2.66,-3.2,-3.22,-3.55,-3.49,-99.99,-4.29,93.4,0,51,7.05,0.41,-0.02,3.45
2002,146,330,6.38,8.59,20.24,-13.12,-9.39,35.6,-2.51,-3.2,-3.23,-3.57,-3.49,-99.99,-4.3,92.7,0,54,7.18,0.42,-0.03,3.41
2002,146,400,12.6,9.96,20.47,-13.57,-10.26,52.51,-2.41,-3.19,-3.23,-3.56,-3.48,-99.99,-4.28,91.9,0,52,7.45,0.43,-0.02,3.96
2002,146,430,20.7,6.76,23.78,-13.51,-11.01,76.5,-2.49,-3.19,-3.23,-3.57,-3.47,-99.99,-4.28,92.4,0,49,7.56,0.42,-0.02,2.68
2002,146,500,30.14,8.71,27.95,-14.71,-12.53,103.8,-2.88,-3.18,-3.22,-3.56,-3.47,-99.99,-4.26,92.7,0,44,7.63,0.42,-0.04,3.46
2002,146,530,48.1,9.16,38.52,-14.37,-13.11,162.5,-3.2,-3.18,-3.22,-3.57,-3.48,-99.99,-4.27,93.2,0,48,7.74,0.41,-0.01,3.63
2002,146,600,71.7,11.89,53.62,-14.63,-13.39,218,-3.39,-3.19,-3.23,-3.59,-3.49,-99.99,-4.28,93.6,0,51,7.91,0.46,-0.01,4.72
2002,146,630,94.6,11.35,48.5,-12.56,-11.34,274.6,-3.34,-3.2,-3.24,-3.6,-3.47,-99.99,-4.29,92.8,0,53,7.55,0.42,-0.03,4.5
2002,146,700,98,11.83,46.9,-9.1,-8.34,293.8,-3.1,-3.2,-3.25,-3.6,-3.44,-99.99,-4.28,92,0,50,7.61,0.4,-0.01,4.69
2002,146,730,127.1,13.6,61.54,-7.34,-6.89,357.2,-3.22,-3.2,-3.25,-3.6,-3.41,-99.99,-4.27,92.1,0,47,8.18,0.45,-0.02,5.39
2002,146,800,125.8,15.01,59.66,-5.93,-6.38,376.9,-2.87,-3.22,-3.27,-3.61,-3.4,-99.99,-4.28,90.1,0,55,7.6,0.44,-0.03,5.95
2002,146,830,113.5,15.09,58.68,-5.09,-6.03,354,-2.92,-3.23,-3.27,-3.62,-3.39,-99.99,-4.28,91.1,0,55,7.58,0.44,-0.03,5.99
2002,146,900,122,18.11,83.31,-4.61,-5.66,380.9,-3.14,-3.22,-3.27,-3.62,-3.4,-99.99,-4.27,91.8,0,58,7.8,0.47,-0.03,7.18
2002,146,930,158.1,17.62,89.82,-4.43,-5.29,469.4,-3.39,-3.22,-3.27,-3.63,-3.39,-99.99,-4.28,91,0,59,8.08,0.46,-0.02,6.98
2002,146,1000,141.6,14.37,78.6,-4,-4.84,431.6,-3.71,-3.22,-3.27,-3.63,-3.4,-99.99,-4.27,92.5,0,59,8.03,0.43,-0.02,5.7
2002,146,1030,154.6,17.79,100.79,-3.34,-4.63,465.1,-3.75,-3.23,-3.28,-3.64,-3.41,-99.99,-4.27,92.5,0,63,8.17,0.45,-0.02,7.05
2002,146,1100,207.6,18.26,104.8,-1.56,-4.29,584.5,-3.76,-3.22,-3.29,-3.64,-3.38,-99.99,-4.27,91.2,0,59,8.06,0.45,-0.01,7.24
2002,146,1130,249.3,25.51,138.83,3.86,-2.84,681.2,-3.75,-3.22,-3.29,-3.64,-3.3,-99.99,-4.27,90.5,0,58,7.87,0.47,-0.04,10.11
2002,146,1200,173.2,18.29,99.77,3.45,-2.58,510.1,-3.85,-3.2,-3.27,-3.63,-3.35,-99.99,-4.27,92.1,0,50,7.7,0.43,-0.04,7.25
2002,146,1230,220.7,21.46,111.71,8.17,-0.72,628.4,-3.68,-3.2,-3.28,-3.63,-3.3,-99.99,-4.26,90.2,0,50,8.15,0.46,-0.03,8.51
2002,146,1300,294.4,29.17,145.52,10.81,-1.62,814,-3.41,-3.16,-3.29,-3.64,-3.19,-99.99,-4.26,87.6,0,54,8.11,0.47,-0.04,11.57
2002,146,1330,456.9,46.01,212.78,21.13,14.43,1198,-2.85,-2.93,-3.31,-3.65,-2.82,-99.99,-4.25,83.2,0,60,8.41,0.51,-0.06,18.24
2002,146,1400,412,43.51,195.64,19.43,23.62,1126,-2.8,-2.65,-3.26,-3.64,-2.67,-99.99,-4.24,82.2,0,58,9.02,0.5,-0.03,17.25
2002,146,1430,327.6,42.06,186.64,9.81,10.93,957,-3.06,-2.66,-3.23,-3.62,-2.77,-99.99,-4.24,82.2,0,55,9.17,0.52,-0.03,16.67
2002,146,1500,388.3,45.58,213.34,16.85,18.09,1209,-2.85,-2.61,-3.26,-3.65,-2.39,-99.99,-4.25,81.4,0,59,8.94,0.51,-0.03,18.07
2002,146,1530,259.3,44.27,183.94,8.18,10.62,852,-3.11,-2.57,-3.23,-3.64,-2.65,-99.99,-4.25,81.7,0,57,8.67,0.5,-0.04,17.55
2002,146,1600,219.6,35.4,148.31,1.83,5.54,661.4,-3.33,-2.72,-3.22,-3.62,-2.95,-99.99,-4.25,82.4,0,52,8.72,0.48,-0.04,14.03
2002,146,1630,196.7,30.77,130.13,-0.87,0.8,568.7,-3.45,-2.85,-3.22,-3.62,-3.13,-99.99,-4.24,83.5,0,48,8.81,0.51,-0.04,12.2
2002,146,1700,190.6,34.29,147.96,1.45,1.52,593.2,-3.51,-2.95,-3.25,-3.64,-3.19,-99.99,-4.25,82.3,0,54,9.1,0.54,-0.02,13.59
2002,146,1730,155.8,25.68,102.62,-2.85,-3.12,455.2,-3.59,-3,-3.26,-3.63,-3.33,-99.99,-4.25,82.5,0,49,8.96,0.49,-0.03,10.18
2002,146,1800,139.6,22.88,94.21,-3.81,-5.14,404.7,-3.6,-3.07,-3.26,-3.63,-3.37,-99.99,-4.23,82.7,0,50,8.71,0.47,-0.02,9.07
2002,146,1830,131.6,28.18,111.99,-2.06,-3.29,415.2,-3.65,-3.13,-3.29,-3.65,-3.38,-99.99,-4.25,81,0,56,9.01,0.53,-0.01,11.17
2002,146,1900,111.4,22.9,88.85,-4.87,-7.18,337,-3.7,-3.17,-3.28,-3.65,-3.44,-99.99,-4.24,81.2,0,52,8.89,0.49,-0.02,9.07
2002,146,1930,88.8,20.88,81.07,-6.29,-7.05,265.6,-3.67,-3.2,-3.29,-3.65,-3.51,-99.99,-4.25,81.7,0,51,8.93,0.51,-0.02,8.28
2002,146,2000,75.5,21.96,82.98,-5.75,-5.82,232.6,-3.51,-3.23,-3.31,-3.67,-3.57,-99.99,-4.25,81.9,0,57,8.53,0.53,-0.01,8.71
2002,146,2030,55.23,19.14,74.88,-5.12,-5.49,172.4,-3.33,-3.23,-3.31,-3.68,-3.62,-99.99,-4.25,82.5,0,62,8.71,0.51,0,7.59
2002,146,2100,45.03,19.47,66.32,-3.46,-4.45,149.4,-3.22,-3.22,-3.31,-3.68,-3.65,-99.99,-4.25,82.4,0,60,8.81,0.53,0.01,7.72
2002,146,2130,25.68,12.9,45.38,-8.8,-2.9,93.7,-3.27,-3.21,-3.3,-3.67,-3.68,-99.99,-4.24,84.6,0,54,8.38,0.44,-0.01,5.12
2002,146,2200,19.8,12.97,54.09,-14.84,-8.16,78.4,-3.34,-3.2,-3.3,-3.66,-3.74,-99.99,-4.24,83.5,0,55,9.35,0.51,0,5.14
2002,146,2230,12.29,12.29,49.22,-17.08,-12.34,59.06,-3.37,-3.22,-3.32,-3.68,-3.79,-99.99,-4.25,83.8,0,67,9.13,0.46,0.01,4.87
2002,146,2300,5.1,12.59,38.36,-20.06,-16.51,42.62,-3.22,-3.21,-3.32,-3.68,-3.78,-99.99,-4.25,85.5,0,58,8.25,0.44,0,4.99
2002,146,2330,1.02,12.36,34.65,-22.51,-22.03,32.38,-3.28,-3.21,-3.31,-3.67,-3.78,-99.99,-4.24,87.3,0,49,8.11,0.47,-0.02,4.9
2002,147,0,-1.61,9.82,29.01,-24.03,-28.31,25.38,-3.43,-3.21,-3.31,-3.67,-3.82,-99.99,-4.24,87.5,0,47,8.22,0.43,-0.03,3.89
2002,147,30,-3.22,9.75,24.59,-25.01,-34.94,20.98,-3.47,-3.21,-3.32,-3.67,-3.83,-99.99,-4.23,87.7,0,44,7.85,0.43,-0.03,3.87
2002,147,100,-3.82,7.65,22.81,-24.96,-37.5,18.56,-3.5,-3.22,-3.32,-3.67,-3.84,-99.99,-4.22,88.8,0,42,7.57,0.4,-0.04,3.03
2002,147,130,-3.74,11.12,29.45,-26.08,-41.45,19.37,-3.65,-3.23,-3.33,-3.67,-3.88,-99.99,-4.22,88.2,0,42,8.11,0.45,-0.03,4.41
2002,147,200,-3.84,8.95,26.4,-26.81,-43.85,18.47,-3.86,-3.23,-3.33,-3.68,-3.91,-99.99,-4.23,88.9,0,42,7.56,0.41,-0.03,3.55
2002,147,230,-2.62,8.48,31.29,-27.57,-46.79,21.12,-4.2,-3.23,-3.33,-3.68,-3.96,-99.99,-4.23,89.9,0,42,7.76,0.39,-0.03,3.36
2002,147,300,-1.24,8.94,28.13,-26.11,-45.24,25.13,-4.32,-3.26,-3.35,-3.72,-3.99,-99.99,-4.27,90.1,0,47,6.98,0.37,-0.03,3.55
2002,147,330,1.31,7.76,33.95,-26.84,-46.72,31.09,-4.54,-3.26,-3.35,-3.7,-4.01,-99.99,-4.25,91,0,41,7.01,0.38,-0.03,3.07
2002,147,400,3.9,6.64,31.78,-25.86,-45.43,37.62,-4.55,-3.27,-3.36,-3.71,-4.01,-99.99,-4.25,92,0,42,6.99,0.36,-0.03,2.63
2002,147,430,8,9.71,31.8,-23.67,-42.42,49.25,-4.34,-3.28,-3.38,-3.73,-4.01,-99.99,-4.28,90.7,0,48,6.64,0.36,-0.03,3.85
2002,147,500,10.85,7.61,31.79,-22.61,-40.43,56.7,-4.27,-3.28,-3.38,-3.73,-3.99,-99.99,-4.28,91.2,0,48,6.66,0.37,-0.03,3.01
2002,147,530,15.26,9.58,39.9,-22.13,-39.62,69.67,-4.46,-3.27,-3.38,-3.73,-4.01,-99.99,-4.27,92.2,0,44,6.69,0.38,-0.03,3.8
2002,147,600,19.66,8.47,37.14,-21.06,-38.42,81.9,-4.59,-3.28,-3.38,-3.73,-4.01,-99.99,-4.27,92.9,0,45,6.19,0.34,-0.03,3.36
2002,147,630,31.96,10.47,39.37,-18.42,-33.3,119.4,-4.52,-3.28,-3.39,-3.74,-3.97,-99.99,-4.28,91.9,0,46,6.04,0.35,-0.04,4.15
2002,147,700,36.03,8.44,40.93,-17.26,-31.07,130.2,-4.51,-3.28,-3.39,-3.73,-3.94,-99.99,-4.26,92.3,0,42,5.91,0.33,-0.04,3.35
2002,147,730,38.05,7.79,44.52,-16.98,-30.35,136,-4.72,-3.28,-3.39,-3.73,-3.96,-99.99,-4.26,94.7,0,35,5.76,0.32,-0.04,3.09
2002,147,800,54.34,8.53,52.62,-16.21,-29.33,185.4,-5.15,-3.27,-3.39,-3.73,-3.96,-99.99,-4.24,94.9,0,30,5.85,0.33,-0.04,3.38
2002,147,830,75.5,10.43,61.88,-13.29,-25.14,247.3,-5.43,-3.28,-3.4,-3.74,-3.95,-99.99,-4.26,93.7,0,34,5.78,0.34,-0.04,4.13
2002,147,900,97.8,12.5,78.68,-8.28,-17.22,311.6,-5.61,-3.29,-3.42,-3.76,-3.9,-99.99,-4.29,93.4,0,41,5.7,0.33,-0.06,4.95
2002,147,930,90.7,9.81,67.89,-12.18,-20.67,294.5,-5.82,-3.28,-3.41,-3.75,-3.93,-99.99,-4.26,94.6,0,22,5.75,0.31,-0.04,3.88
2002,147,1000,114.4,12.65,88.17,-6.8,-14.35,362.5,-5.84,-3.29,-3.42,-3.76,-3.86,-99.99,-4.27,95.3,0,33,5.28,0.35,-0.06,5.01
2002,147,1030,127.6,9.33,77.09,-4.48,-9.22,401.9,-5.88,-3.28,-3.43,-3.76,-3.81,-99.99,-4.26,94.6,0,27,5.64,0.32,-0.04,3.69
2002,147,1100,156.1,13.4,90.62,-2.86,-7.62,479.3,-5.9,-3.3,-3.43,-3.76,-3.76,-99.99,-4.25,94.2,0,27,6.08,0.31,-0.05,5.3
2002,147,1130,180,14.16,98.26,0.44,-5.15,545.2,-5.68,-3.32,-3.45,-3.78,-3.65,-99.99,-4.29,92.8,0,40,5.64,0.29,-0.07,5.61
2002,147,1200,156.2,12.89,95.2,-0.53,-2.86,482.2,-5.57,-3.31,-3.45,-3.78,-3.66,-99.99,-4.28,93.2,0,28,5.59,0.32,-0.06,5.1
2002,147,1230,177.2,15.25,106.35,1.24,-0.91,541.8,-5.59,-3.3,-3.45,-3.77,-3.59,-99.99,-4.27,92.7,0,29,5.58,0.32,-0.07,6.04
2002,147,1300,182.1,15.71,106.11,2.5,-1.87,556.4,-5.47,-3.3,-3.46,-3.78,-3.56,-99.99,-4.28,92,0,28,5.13,0.31,-0.08,6.22
2002,147,1330,191.2,15.16,104.9,5.95,-2.06,581.3,-5.15,-3.29,-3.46,-3.79,-3.5,-99.99,-4.29,91.1,0,31,4.87,0.3,-0.07,6
2002,147,1400,193.9,15.13,102.81,9.4,-1.32,578.1,-5.17,-3.29,-3.47,-3.82,-3.46,-99.99,-4.32,91.3,0,47,4.83,0.29,-0.1,5.99
2002,147,1430,177.8,13.78,89.3,5.74,-1.69,518.5,-5.09,-3.27,-3.45,-3.79,-3.49,-99.99,-4.29,92,0,29,5.11,0.29,-0.06,5.46
2002,147,1500,198.8,17.38,106.83,7.84,-0.44,573.3,-4.92,-3.26,-3.45,-3.78,-3.47,-99.99,-4.27,90.2,0,27,5.52,0.3,-0.06,6.88
2002,147,1530,213.4,19.35,110.71,11.12,2.63,610.8,-4.84,-3.26,-3.46,-3.79,-3.42,-99.99,-4.29,88.5,0,31,5.31,0.31,-0.08,7.66
2002,147,1600,220,18.84,114.33,12.81,6.67,625,-4.64,-3.26,-3.47,-3.8,-3.38,-99.99,-4.29,88,0,32,5.2,0.31,-0.08,7.46
2002,147,1630,202.8,20.32,113.3,11.11,9.29,580.5,-4.58,-3.26,-3.47,-3.8,-3.39,-99.99,-4.29,87.7,0,28,5.13,0.35,-0.08,8.05
2002,147,1700,-99.99,-99.99,-99.99,-99.99,-99.99,-99.99,-99.99,-99.99,-99.99,-99.99,-99.99,-99.99,-99.99,-99.99,-99.99,-99.99,-99.99,-99.99,-99.99,-99.99
2002,147,1730,-99.99,-99.99,-99.99,-99.99,-99.99,-99.99,-99.99,-99.99,-99.99,-99.99,-99.99,-99.99,-99.99,-99.99,-99.99,-99.99,-99.99,-99.99,-99.99,-99.99
2002,147,1800,-99.99,-99.99,-99.99,-99.99,-99.99,-99.99,-99.99,-99.99,-99.99,-99.99,-99.99,-99.99,-99.99,-99.99,-99.99,-99.99,-99.99,-99.99,-99.99,-99.99
2002,147,1830,-99.99,-99.99,-99.99,-99.99,-99.99,-99.99,-99.99,-99.99,-99.99,-99.99,-99.99,-99.99,-99.99,-99.99,-99.99,-99.99,-99.99,-99.99,-99.99,-99.99
2002,147,1900,-99.99,-99.99,-99.99,-99.99,-99.99,-99.99,-99.99,-99.99,-99.99,-99.99,-99.99,-99.99,-99.99,-99.99,-99.99,-99.99,-99.99,-99.99,-99.99,-99.99
2002,147,1930,-99.99,-99.99,-99.99,-99.99,-99.99,-99.99,-99.99,-99.99,-99.99,-99.99,-99.99,-99.99,-99.99,-99.99,-99.99,-99.99,-99.99,-99.99,-99.99,-99.99
2002,147,2000,-99.99,-99.99,-99.99,-99.99,-99.99,-99.99,-99.99,-99.99,-99.99,-99.99,-99.99,-99.99,-99.99,-99.99,-99.99,-99.99,-99.99,-99.99,-99.99,-99.99
2002,147,2030,-99.99,-99.99,-99.99,-99.99,-99.99,-99.99,-99.99,-99.99,-99.99,-99.99,-99.99,-99.99,-99.99,-99.99,-99.99,-99.99,-99.99,-99.99,-99.99,-99.99
2002,147,2100,-99.99,-99.99,-99.99,-99.99,-99.99,-99.99,-99.99,-99.99,-99.99,-99.99,-99.99,-99.99,-99.99,-99.99,-99.99,-99.99,-99.99,-99.99,-99.99,-99.99
2002,147,2130,-99.99,-99.99,-99.99,-99.99,-99.99,-99.99,-99.99,-99.99,-99.99,-99.99,-99.99,-99.99,-99.99,-99.99,-99.99,-99.99,-99.99,-99.99,-99.99,-99.99
2002,147,2200,-99.99,-99.99,-99.99,-99.99,-99.99,-99.99,-99.99,-99.99,-99.99,-99.99,-99.99,-99.99,-99.99,-99.99,-99.99,-99.99,-99.99,-99.99,-99.99,-99.99
2002,147,2230,-99.99,-99.99,-99.99,-99.99,-99.99,-99.99,-99.99,-99.99,-99.99,-99.99,-99.99,-99.99,-99.99,-99.99,-99.99,-99.99,-99.99,-99.99,-99.99,-99.99
2002,147,2300,-99.99,-99.99,-99.99,-99.99,-99.99,-99.99,-99.99,-99.99,-99.99,-99.99,-99.99,-99.99,-99.99,-99.99,-99.99,-99.99,-99.99,-99.99,-99.99,-99.99
2002,147,2330,-99.99,-99.99,-99.99,-99.99,-99.99,-99.99,-99.99,-99.99,-99.99,-99.99,-99.99,-99.99,-99.99,-99.99,-99.99,-99.99,-99.99,-99.99,-99.99,-99.99
2002,148,0,-99.99,-99.99,-99.99,-99.99,-99.99,-99.99,-99.99,-99.99,-99.99,-99.99,-99.99,-99.99,-99.99,-99.99,-99.99,-99.99,-99.99,-99.99,-99.99,-99.99
2002,148,30,-99.99,-99.99,-99.99,-99.99,-99.99,-99.99,-99.99,-99.99,-99.99,-99.99,-99.99,-99.99,-99.99,-99.99,-99.99,-99.99,-99.99,-99.99,-99.99,-99.99
2002,148,100,-99.99,-99.99,-99.99,-99.99,-99.99,-99.99,-99.99,-99.99,-99.99,-99.99,-99.99,-99.99,-99.99,-99.99,-99.99,-99.99,-99.99,-99.99,-99.99,-99.99
2002,148,130,-99.99,-99.99,-99.99,-99.99,-99.99,-99.99,-99.99,-99.99,-99.99,-99.99,-99.99,-99.99,-99.99,-99.99,-99.99,-99.99,-99.99,-99.99,-99.99,-99.99
2002,148,200,-99.99,-99.99,-99.99,-99.99,-99.99,-99.99,-99.99,-99.99,-99.99,-99.99,-99.99,-99.99,-99.99,-99.99,-99.99,-99.99,-99.99,-99.99,-99.99,-99.99
2002,148,230,-99.99,-99.99,-99.99,-99.99,-99.99,-99.99,-99.99,-99.99,-99.99,-99.99,-99.99,-99.99,-99.99,-99.99,-99.99,-99.99,-99.99,-99.99,-99.99,-99.99
2002,148,300,-99.99,-99.99,-99.99,-99.99,-99.99,-99.99,-99.99,-99.99,-99.99,-99.99,-99.99,-99.99,-99.99,-99.99,-99.99,-99.99,-99.99,-99.99,-99.99,-99.99
2002,148,330,-99.99,-99.99,-99.99,-99.99,-99.99,-99.99,-99.99,-99.99,-99.99,-99.99,-99.99,-99.99,-99.99,-99.99,-99.99,-99.99,-99.99,-99.99,-99.99,-99.99
2002,148,400,-99.99,-99.99,-99.99,-99.99,-99.99,-99.99,-99.99,-99.99,-99.99,-99.99,-99.99,-99.99,-99.99,-99.99,-99.99,-99.99,-99.99,-99.99,-99.99,-99.99
2002,148,430,-99.99,-99.99,-99.99,-99.99,-99.99,-99.99,-99.99,-99.99,-99.99,-99.99,-99.99,-99.99,-99.99,-99.99,-99.99,-99.99,-99.99,-99.99,-99.99,-99.99
2002,148,500,-99.99,-99.99,-99.99,-99.99,-99.99,-99.99,-99.99,-99.99,-99.99,-99.99,-99.99,-99.99,-99.99,-99.99,-99.99,-99.99,-99.99,-99.99,-99.99,-99.99
2002,148,530,-99.99,-99.99,-99.99,-99.99,-99.99,-99.99,-99.99,-99.99,-99.99,-99.99,-99.99,-99.99,-99.99,-99.99,-99.99,-99.99,-99.99,-99.99,-99.99,-99.99
2002,148,600,-99.99,-99.99,-99.99,-99.99,-99.99,-99.99,-99.99,-99.99,-99.99,-99.99,-99.99,-99.99,-99.99,-99.99,-99.99,-99.99,-99.99,-99.99,-99.99,-99.99
2002,148,630,-99.99,-99.99,-99.99,-99.99,-99.99,-99.99,-99.99,-99.99,-99.99,-99.99,-99.99,-99.99,-99.99,-99.99,-99.99,-99.99,-99.99,-99.99,-99.99,-99.99
2002,148,700,-99.99,-99.99,-99.99,-99.99,-99.99,-99.99,-99.99,-99.99,-99.99,-99.99,-99.99,-99.99,-99.99,-99.99,-99.99,-99.99,-99.99,-99.99,-99.99,-99.99
2002,148,730,-99.99,-99.99,-99.99,-99.99,-99.99,-99.99,-99.99,-99.99,-99.99,-99.99,-99.99,-99.99,-99.99,-99.99,-99.99,-99.99,-99.99,-99.99,-99.99,-99.99
2002,148,800,-99.99,-99.99,-99.99,-99.99,-99.99,-99.99,-99.99,-99.99,-99.99,-99.99,-99.99,-99.99,-99.99,-99.99,-99.99,-99.99,-99.99,-99.99,-99.99,-99.99
2002,148,830,-99.99,-99.99,-99.99,-99.99,-99.99,-99.99,-99.99,-99.99,-99.99,-99.99,-99.99,-99.99,-99.99,-99.99,-99.99,-99.99,-99.99,-99.99,-99.99,-99.99
2002,148,900,-99.99,-99.99,-99.99,-99.99,-99.99,-99.99,-99.99,-99.99,-99.99,-99.99,-99.99,-99.99,-99.99,-99.99,-99.99,-99.99,-99.99,-99.99,-99.99,-99.99
2002,148,930,-99.99,-99.99,-99.99,-99.99,-99.99,-99.99,-99.99,-99.99,-99.99,-99.99,-99.99,-99.99,-99.99,-99.99,-99.99,-99.99,-99.99,-99.99,-99.99,-99.99
2002,148,1000,-99.99,-99.99,-99.99,-99.99,-99.99,-99.99,-99.99,-99.99,-99.99,-99.99,-99.99,-99.99,-99.99,-99.99,-99.99,-99.99,-99.99,-99.99,-99.99,-99.99
2002,148,1030,-99.99,-99.99,-99.99,-99.99,-99.99,-99.99,-99.99,-99.99,-99.99,-99.99,-99.99,-99.99,-99.99,-99.99,-99.99,-99.99,-99.99,-99.99,-99.99,-99.99
2002,148,1100,-99.99,-99.99,-99.99,-99.99,-99.99,-99.99,-99.99,-99.99,-99.99,-99.99,-99.99,-99.99,-99.99,-99.99,-99.99,-99.99,-99.99,-99.99,-99.99,-99.99
2002,148,1130,-99.99,-99.99,-99.99,-99.99,-99.99,-99.99,-99.99,-99.99,-99.99,-99.99,-99.99,-99.99,-99.99,-99.99,-99.99,-99.99,-99.99,-99.99,-99.99,-99.99
2002,148,1200,-99.99,-99.99,-99.99,-99.99,-99.99,-99.99,-99.99,-99.99,-99.99,-99.99,-99.99,-99.99,-99.99,-99.99,-99.99,-99.99,-99.99,-99.99,-99.99,-99.99
2002,148,1230,-99.99,-99.99,-99.99,-99.99,-99.99,-99.99,-99.99,-99.99,-99.99,-99.99,-99.99,-99.99,-99.99,-99.99,-99.99,-99.99,-99.99,-99.99,-99.99,-99.99
2002,148,1300,-99.99,-99.99,-99.99,-99.99,-99.99,-99.99,-99.99,-99.99,-99.99,-99.99,-99.99,-99.99,-99.99,-99.99,-99.99,-99.99,-99.99,-99.99,-99.99,-99.99
2002,148,1330,-99.99,-99.99,-99.99,-99.99,-99.99,-99.99,-99.99,-99.99,-99.99,-99.99,-99.99,-99.99,-99.99,-99.99,-99.99,-99.99,-99.99,-99.99,-99.99,-99.99
2002,148,1400,-99.99,-99.99,-99.99,-99.99,-99.99,-99.99,-99.99,-99.99,-99.99,-99.99,-99.99,-99.99,-99.99,-99.99,-99.99,-99.99,-99.99,-99.99,-99.99,-99.99
2002,148,1430,-99.99,-99.99,-99.99,-99.99,-99.99,-99.99,-99.99,-99.99,-99.99,-99.99,-99.99,-99.99,-99.99,-99.99,-99.99,-99.99,-99.99,-99.99,-99.99,-99.99
2002,148,1500,-99.99,-99.99,-99.99,-99.99,-99.99,-99.99,-99.99,-99.99,-99.99,-99.99,-99.99,-99.99,-99.99,-99.99,-99.99,-99.99,-99.99,-99.99,-99.99,-99.99
2002,148,1530,-99.99,-99.99,-99.99,-99.99,-99.99,-99.99,-99.99,-99.99,-99.99,-99.99,-99.99,-99.99,-99.99,-99.99,-99.99,-99.99,-99.99,-99.99,-99.99,-99.99
2002,148,1600,-99.99,-99.99,-99.99,-99.99,-99.99,-99.99,-99.99,-99.99,-99.99,-99.99,-99.99,-99.99,-99.99,-99.99,-99.99,-99.99,-99.99,-99.99,-99.99,-99.99
2002,148,1630,-99.99,-99.99,-99.99,-99.99,-99.99,-99.99,-99.99,-99.99,-99.99,-99.99,-99.99,-99.99,-99.99,-99.99,-99.99,-99.99,-99.99,-99.99,-99.99,-99.99
2002,148,1700,-99.99,-99.99,-99.99,-99.99,-99.99,-99.99,-99.99,-99.99,-99.99,-99.99,-99.99,-99.99,-99.99,-99.99,-99.99,-99.99,-99.99,-99.99,-99.99,-99.99
2002,148,1730,-99.99,-99.99,-99.99,-99.99,-99.99,-99.99,-99.99,-99.99,-99.99,-99.99,-99.99,-99.99,-99.99,-99.99,-99.99,-99.99,-99.99,-99.99,-99.99,-99.99
2002,148,1800,-99.99,-99.99,-99.99,-99.99,-99.99,-99.99,-99.99,-99.99,-99.99,-99.99,-99.99,-99.99,-99.99,-99.99,-99.99,-99.99,-99.99,-99.99,-99.99,-99.99
2002,148,1830,-99.99,-99.99,-99.99,-99.99,-99.99,-99.99,-99.99,-99.99,-99.99,-99.99,-99.99,-99.99,-99.99,-99.99,-99.99,-99.99,-99.99,-99.99,-99.99,-99.99
2002,148,1900,-99.99,-99.99,-99.99,-99.99,-99.99,-99.99,-99.99,-99.99,-99.99,-99.99,-99.99,-99.99,-99.99,-99.99,-99.99,-99.99,-99.99,-99.99,-99.99,-99.99
2002,148,1930,-99.99,-99.99,-99.99,-99.99,-99.99,-99.99,-99.99,-99.99,-99.99,-99.99,-99.99,-99.99,-99.99,-99.99,-99.99,-99.99,-99.99,-99.99,-99.99,-99.99
2002,148,2000,-99.99,-99.99,-99.99,-99.99,-99.99,-99.99,-99.99,-99.99,-99.99,-99.99,-99.99,-99.99,-99.99,-99.99,-99.99,-99.99,-99.99,-99.99,-99.99,-99.99
2002,148,2030,-99.99,-99.99,-99.99,-99.99,-99.99,-99.99,-99.99,-99.99,-99.99,-99.99,-99.99,-99.99,-99.99,-99.99,-99.99,-99.99,-99.99,-99.99,-99.99,-99.99
2002,148,2100,-99.99,-99.99,-99.99,-99.99,-99.99,-99.99,-99.99,-99.99,-99.99,-99.99,-99.99,-99.99,-99.99,-99.99,-99.99,-99.99,-99.99,-99.99,-99.99,-99.99
2002,148,2130,-99.99,-99.99,-99.99,-99.99,-99.99,-99.99,-99.99,-99.99,-99.99,-99.99,-99.99,-99.99,-99.99,-99.99,-99.99,-99.99,-99.99,-99.99,-99.99,-99.99
2002,148,2200,-99.99,-99.99,-99.99,-99.99,-99.99,-99.99,-99.99,-99.99,-99.99,-99.99,-99.99,-99.99,-99.99,-99.99,-99.99,-99.99,-99.99,-99.99,-99.99,-99.99
2002,148,2230,-99.99,-99.99,-99.99,-99.99,-99.99,-99.99,-99.99,-99.99,-99.99,-99.99,-99.99,-99.99,-99.99,-99.99,-99.99,-99.99,-99.99,-99.99,-99.99,-99.99
2002,148,2300,-99.99,-99.99,-99.99,-99.99,-99.99,-99.99,-99.99,-99.99,-99.99,-99.99,-99.99,-99.99,-99.99,-99.99,-99.99,-99.99,-99.99,-99.99,-99.99,-99.99
2002,148,2330,-99.99,-99.99,-99.99,-99.99,-99.99,-99.99,-99.99,-99.99,-99.99,-99.99,-99.99,-99.99,-99.99,-99.99,-99.99,-99.99,-99.99,-99.99,-99.99,-99.99
2002,149,0,-99.99,-99.99,-99.99,-99.99,-99.99,-99.99,-99.99,-99.99,-99.99,-99.99,-99.99,-99.99,-99.99,-99.99,-99.99,-99.99,-99.99,-99.99,-99.99,-99.99
2002,149,30,-99.99,-99.99,-99.99,-99.99,-99.99,-99.99,-99.99,-99.99,-99.99,-99.99,-99.99,-99.99,-99.99,-99.99,-99.99,-99.99,-99.99,-99.99,-99.99,-99.99
2002,149,100,-99.99,-99.99,-99.99,-99.99,-99.99,-99.99,-99.99,-99.99,-99.99,-99.99,-99.99,-99.99,-99.99,-99.99,-99.99,-99.99,-99.99,-99.99,-99.99,-99.99
2002,149,130,-99.99,-99.99,-99.99,-99.99,-99.99,-99.99,-99.99,-99.99,-99.99,-99.99,-99.99,-99.99,-99.99,-99.99,-99.99,-99.99,-99.99,-99.99,-99.99,-99.99
2002,149,200,-99.99,-99.99,-99.99,-99.99,-99.99,-99.99,-99.99,-99.99,-99.99,-99.99,-99.99,-99.99,-99.99,-99.99,-99.99,-99.99,-99.99,-99.99,-99.99,-99.99
2002,149,230,-99.99,-99.99,-99.99,-99.99,-99.99,-99.99,-99.99,-99.99,-99.99,-99.99,-99.99,-99.99,-99.99,-99.99,-99.99,-99.99,-99.99,-99.99,-99.99,-99.99
2002,149,300,-99.99,-99.99,-99.99,-99.99,-99.99,-99.99,-99.99,-99.99,-99.99,-99.99,-99.99,-99.99,-99.99,-99.99,-99.99,-99.99,-99.99,-99.99,-99.99,-99.99
2002,149,330,-99.99,-99.99,-99.99,-99.99,-99.99,-99.99,-99.99,-99.99,-99.99,-99.99,-99.99,-99.99,-99.99,-99.99,-99.99,-99.99,-99.99,-99.99,-99.99,-99.99
2002,149,400,-99.99,-99.99,-99.99,-99.99,-99.99,-99.99,-99.99,-99.99,-99.99,-99.99,-99.99,-99.99,-99.99,-99.99,-99.99,-99.99,-99.99,-99.99,-99.99,-99.99
2002,149,430,-99.99,-99.99,-99.99,-99.99,-99.99,-99.99,-99.99,-99.99,-99.99,-99.99,-99.99,-99.99,-99.99,-99.99,-99.99,-99.99,-99.99,-99.99,-99.99,-99.99
2002,149,500,-99.99,-99.99,-99.99,-99.99,-99.99,-99.99,-99.99,-99.99,-99.99,-99.99,-99.99,-99.99,-99.99,-99.99,-99.99,-99.99,-99.99,-99.99,-99.99,-99.99
2002,149,530,-99.99,-99.99,-99.99,-99.99,-99.99,-99.99,-99.99,-99.99,-99.99,-99.99,-99.99,-99.99,-99.99,-99.99,-99.99,-99.99,-99.99,-99.99,-99.99,-99.99
2002,149,600,-99.99,-99.99,-99.99,-99.99,-99.99,-99.99,-99.99,-99.99,-99.99,-99.99,-99.99,-99.99,-99.99,-99.99,-99.99,-99.99,-99.99,-99.99,-99.99,-99.99
2002,149,630,-99.99,-99.99,-99.99,-99.99,-99.99,-99.99,-99.99,-99.99,-99.99,-99.99,-99.99,-99.99,-99.99,-99.99,-99.99,-99.99,-99.99,-99.99,-99.99,-99.99
2002,149,700,-99.99,-99.99,-99.99,-99.99,-99.99,-99.99,-99.99,-99.99,-99.99,-99.99,-99.99,-99.99,-99.99,-99.99,-99.99,-99.99,-99.99,-99.99,-99.99,-99.99
2002,149,730,-99.99,-99.99,-99.99,-99.99,-99.99,-99.99,-99.99,-99.99,-99.99,-99.99,-99.99,-99.99,-99.99,-99.99,-99.99,-99.99,-99.99,-99.99,-99.99,-99.99
2002,149,800,-99.99,-99.99,-99.99,-99.99,-99.99,-99.99,-99.99,-99.99,-99.99,-99.99,-99.99,-99.99,-99.99,-99.99,-99.99,-99.99,-99.99,-99.99,-99.99,-99.99
2002,149,830,-99.99,-99.99,-99.99,-99.99,-99.99,-99.99,-99.99,-99.99,-99.99,-99.99,-99.99,-99.99,-99.99,-99.99,-99.99,-99.99,-99.99,-99.99,-99.99,-99.99
2002,149,900,-99.99,-99.99,-99.99,-99.99,-99.99,-99.99,-99.99,-99.99,-99.99,-99.99,-99.99,-99.99,-99.99,-99.99,-99.99,-99.99,-99.99,-99.99,-99.99,-99.99
2002,149,930,-99.99,-99.99,-99.99,-99.99,-99.99,-99.99,-99.99,-99.99,-99.99,-99.99,-99.99,-99.99,-99.99,-99.99,-99.99,-99.99,-99.99,-99.99,-99.99,-99.99
2002,149,1000,-99.99,-99.99,-99.99,-99.99,-99.99,-99.99,-99.99,-99.99,-99.99,-99.99,-99.99,-99.99,-99.99,-99.99,-99.99,-99.99,-99.99,-99.99,-99.99,-99.99
2002,149,1030,-99.99,-99.99,-99.99,-99.99,-99.99,-99.99,-99.99,-99.99,-99.99,-99.99,-99.99,-99.99,-99.99,-99.99,-99.99,-99.99,-99.99,-99.99,-99.99,-99.99
2002,149,1100,-99.99,-99.99,-99.99,-99.99,-99.99,-99.99,-99.99,-99.99,-99.99,-99.99,-99.99,-99.99,-99.99,-99.99,-99.99,-99.99,-99.99,-99.99,-99.99,-99.99
2002,149,1130,-99.99,-99.99,-99.99,-99.99,-99.99,-99.99,-99.99,-99.99,-99.99,-99.99,-99.99,-99.99,-99.99,-99.99,-99.99,-99.99,-99.99,-99.99,-99.99,-99.99
2002,149,1200,-99.99,-99.99,-99.99,-99.99,-99.99,-99.99,-99.99,-99.99,-99.99,-99.99,-99.99,-99.99,-99.99,-99.99,-99.99,-99.99,-99.99,-99.99,-99.99,-99.99
2002,149,1230,-99.99,-99.99,-99.99,-99.99,-99.99,-99.99,-99.99,-99.99,-99.99,-99.99,-99.99,-99.99,-99.99,-99.99,-99.99,-99.99,-99.99,-99.99,-99.99,-99.99
2002,149,1300,-99.99,-99.99,-99.99,-99.99,-99.99,-99.99,-99.99,-99.99,-99.99,-99.99,-99.99,-99.99,-99.99,-99.99,-99.99,-99.99,-99.99,-99.99,-99.99,-99.99
2002,149,1330,-99.99,-99.99,-99.99,-99.99,-99.99,-99.99,-99.99,-99.99,-99.99,-99.99,-99.99,-99.99,-99.99,-99.99,-99.99,-99.99,-99.99,-99.99,-99.99,-99.99
2002,149,1400,-99.99,-99.99,-99.99,-99.99,-99.99,-99.99,-99.99,-99.99,-99.99,-99.99,-99.99,-99.99,-99.99,-99.99,-99.99,-99.99,-99.99,-99.99,-99.99,-99.99
2002,149,1430,-99.99,-99.99,-99.99,-99.99,-99.99,-99.99,-99.99,-99.99,-99.99,-99.99,-99.99,-99.99,-99.99,-99.99,-99.99,-99.99,-99.99,-99.99,-99.99,-99.99
2002,149,1500,-99.99,-99.99,-99.99,-99.99,-99.99,-99.99,-99.99,-99.99,-99.99,-99.99,-99.99,-99.99,-99.99,-99.99,-99.99,-99.99,-99.99,-99.99,-99.99,-99.99
2002,149,1530,-99.99,-99.99,-99.99,-99.99,-99.99,-99.99,-99.99,-99.99,-99.99,-99.99,-99.99,-99.99,-99.99,-99.99,-99.99,-99.99,-99.99,-99.99,-99.99,-99.99
2002,149,1600,-99.99,-99.99,-99.99,-99.99,-99.99,-99.99,-99.99,-99.99,-99.99,-99.99,-99.99,-99.99,-99.99,-99.99,-99.99,-99.99,-99.99,-99.99,-99.99,-99.99
2002,149,1630,-99.99,-99.99,-99.99,-99.99,-99.99,-99.99,-99.99,-99.99,-99.99,-99.99,-99.99,-99.99,-99.99,-99.99,-99.99,-99.99,-99.99,-99.99,-99.99,-99.99
2002,149,1700,-99.99,14.82,93.38,-99.99,-99.99,-99.99,-99.99,-99.99,-99.99,-99.99,-99.99,-99.99,-99.99,-99.99,-99.99,19,7.32,0.4,-0.01,5.87
2002,149,1730,-99.99,14.54,89.59,-99.99,-99.99,-99.99,-99.99,-99.99,-99.99,-99.99,-99.99,-99.99,-99.99,-99.99,-99.99,21,7.35,0.41,-0.02,5.76
2002,149,1800,-99.99,11.5,83.06,-99.99,-99.99,-99.99,-99.99,-99.99,-99.99,-99.99,-99.99,-99.99,-99.99,-99.99,-99.99,24,7.56,0.41,-0.01,4.55
2002,149,1830,-99.99,11.06,74.51,-99.99,-99.99,-99.99,-99.99,-99.99,-99.99,-99.99,-99.99,-99.99,-99.99,-99.99,-99.99,26,7.74,0.4,-0.02,4.38
2002,149,1900,-99.99,10.67,73.66,-99.99,-99.99,-99.99,-99.99,-99.99,-99.99,-99.99,-99.99,-99.99,-99.99,-99.99,-99.99,28,7.31,0.41,-0.03,4.22
2002,149,1930,-99.99,9.59,67,-99.99,-99.99,-99.99,-99.99,-99.99,-99.99,-99.99,-99.99,-99.99,-99.99,-99.99,-99.99,30,7.1,0.4,-0.03,3.8
2002,149,2000,-99.99,10.3,59.52,-99.99,-99.99,-99.99,-99.99,-99.99,-99.99,-99.99,-99.99,-99.99,-99.99,-99.99,-99.99,26,6.89,0.38,-0.03,4.08
2002,149,2030,-99.99,8.18,52.52,-99.99,-99.99,-99.99,-99.99,-99.99,-99.99,-99.99,-99.99,-99.99,-99.99,-99.99,-99.99,27,6.46,0.35,-0.03,3.24
2002,149,2100,-99.99,9.68,51.93,-99.99,-99.99,-99.99,-99.99,-99.99,-99.99,-99.99,-99.99,-99.99,-99.99,-99.99,-99.99,23,6.11,0.36,-0.03,3.83
2002,149,2130,-99.99,8.25,45.2,-99.99,-99.99,-99.99,-99.99,-99.99,-99.99,-99.99,-99.99,-99.99,-99.99,-99.99,-99.99,19,6.65,0.39,-0.01,3.27
2002,149,2200,-99.99,6.9,38.66,-99.99,-99.99,-99.99,-99.99,-99.99,-99.99,-99.99,-99.99,-99.99,-99.99,-99.99,-99.99,21,6.7,0.38,-0.01,2.73
2002,149,2230,-99.99,6.86,39.44,-99.99,-99.99,-99.99,-99.99,-99.99,-99.99,-99.99,-99.99,-99.99,-99.99,-99.99,-99.99,20,6.85,0.4,-0.01,2.71
2002,149,2300,-99.99,5.84,32.88,-99.99,-99.99,-99.99,-99.99,-99.99,-99.99,-99.99,-99.99,-99.99,-99.99,-99.99,-99.99,17,6.63,0.37,-0.02,2.31
2002,149,2330,-99.99,4.33,27.18,-99.99,-99.99,-99.99,-99.99,-99.99,-99.99,-99.99,-99.99,-99.99,-99.99,-99.99,-99.99,19,6.97,0.37,-0.01,1.71
2002,150,0,-99.99,5.32,35.2,-99.99,-99.99,-99.99,-99.99,-99.99,-99.99,-99.99,-99.99,-99.99,-99.99,-99.99,-99.99,25,7.04,0.4,-0.02,2.11
2002,150,30,-99.99,5.53,34.33,-99.99,-99.99,-99.99,-99.99,-99.99,-99.99,-99.99,-99.99,-99.99,-99.99,-99.99,-99.99,25,7.16,0.37,-0.01,2.19
2002,150,100,-99.99,4.65,34.11,-99.99,-99.99,-99.99,-99.99,-99.99,-99.99,-99.99,-99.99,-99.99,-99.99,-99.99,-99.99,27,6.62,0.39,-0.03,1.84
2002,150,130,-99.99,3.07,21.38,-99.99,-99.99,-99.99,-99.99,-99.99,-99.99,-99.99,-99.99,-99.99,-99.99,-99.99,-99.99,35,6.69,0.33,-0.04,1.22
2002,150,200,-99.99,3.27,28.75,-99.99,-99.99,-99.99,-99.99,-99.99,-99.99,-99.99,-99.99,-99.99,-99.99,-99.99,-99.99,33,6.42,0.35,-0.03,1.3
2002,150,230,-99.99,4.22,26.05,-99.99,-99.99,-99.99,-99.99,-99.99,-99.99,-99.99,-99.99,-99.99,-99.99,-99.99,-99.99,35,6.32,0.36,-0.03,1.67
2002,150,300,-99.99,4.94,23.15,-99.99,-99.99,-99.99,-99.99,-99.99,-99.99,-99.99,-99.99,-99.99,-99.99,-99.99,-99.99,30,5.96,0.32,-0.03,1.96
2002,150,330,-99.99,4.6,19.2,-99.99,-99.99,-99.99,-99.99,-99.99,-99.99,-99.99,-99.99,-99.99,-99.99,-99.99,-99.99,30,5.76,0.32,-0.04,1.82
2002,150,400,-99.99,4.31,24.65,-99.99,-99.99,-99.99,-99.99,-99.99,-99.99,-99.99,-99.99,-99.99,-99.99,-99.99,-99.99,27,5.85,0.33,-0.03,1.71
2002,150,430,-99.99,4.85,25.64,-99.99,-99.99,-99.99,-99.99,-99.99,-99.99,-99.99,-99.99,-99.99,-99.99,-99.99,-99.99,29,6.3,0.35,-0.03,1.92
2002,150,500,-99.99,5.46,26.3,-99.99,-99.99,-99.99,-99.99,-99.99,-99.99,-99.99,-99.99,-99.99,-99.99,-99.99,-99.99,20,6.48,0.35,-0.01,2.16
2002,150,530,-99.99,6.17,28.48,-99.99,-99.99,-99.99,-99.99,-99.99,-99.99,-99.99,-99.99,-99.99,-99.99,-99.99,-99.99,31,6.26,0.34,-0.03,2.44
2002,150,600,-99.99,6.95,33.83,-99.99,-99.99,-99.99,-99.99,-99.99,-99.99,-99.99,-99.99,-99.99,-99.99,-99.99,-99.99,31,6.43,0.37,-0.04,2.75
2002,150,630,-99.99,6.85,36.8,-99.99,-99.99,-99.99,-99.99,-99.99,-99.99,-99.99,-99.99,-99.99,-99.99,-99.99,-99.99,29,6.65,0.37,-0.03,2.71
2002,150,700,-99.99,6.2,32.15,-99.99,-99.99,-99.99,-99.99,-99.99,-99.99,-99.99,-99.99,-99.99,-99.99,-99.99,-99.99,32,6.38,0.3,-0.03,2.45
2002,150,730,-99.99,10.06,48.82,-99.99,-99.99,-99.99,-99.99,-99.99,-99.99,-99.99,-99.99,-99.99,-99.99,-99.99,-99.99,31,6.42,0.39,-0.05,3.98
2002,150,800,-99.99,9.8,47.68,-99.99,-99.99,-99.99,-99.99,-99.99,-99.99,-99.99,-99.99,-99.99,-99.99,-99.99,-99.99,28,6.78,0.38,-0.03,3.88
2002,150,830,-99.99,9.89,53.02,-99.99,-99.99,-99.99,-99.99,-99.99,-99.99,-99.99,-99.99,-99.99,-99.99,-99.99,-99.99,29,6.91,0.37,-0.02,3.92
2002,150,900,-99.99,10.94,51.71,-99.99,-99.99,-99.99,-99.99,-99.99,-99.99,-99.99,-99.99,-99.99,-99.99,-99.99,-99.99,36,6.47,0.37,-0.04,4.34
2002,150,930,-99.99,9.46,62.32,-99.99,-99.99,-99.99,-99.99,-99.99,-99.99,-99.99,-99.99,-99.99,-99.99,-99.99,-99.99,37,6.62,0.39,-0.04,3.75
2002,150,1000,-99.99,10.31,72.22,-99.99,-99.99,-99.99,-99.99,-99.99,-99.99,-99.99,-99.99,-99.99,-99.99,-99.99,-99.99,31,6.74,0.39,-0.05,4.09
2002,150,1030,-99.99,9.79,76.25,-99.99,-99.99,-99.99,-99.99,-99.99,-99.99,-99.99,-99.99,-99.99,-99.99,-99.99,-99.99,30,6.85,0.39,-0.04,3.88
2002,150,1100,-99.99,12.96,97.25,-99.99,-99.99,-99.99,-99.99,-99.99,-99.99,-99.99,-99.99,-99.99,-99.99,-99.99,-99.99,32,7.23,0.42,-0.04,5.14
2002,150,1130,-99.99,17.23,130.14,-99.99,-99.99,-99.99,-99.99,-99.99,-99.99,-99.99,-99.99,-99.99,-99.99,-99.99,-99.99,31,7.69,0.45,-0.04,6.83
2002,150,1200,-99.99,12.66,115.36,-99.99,-99.99,-99.99,-99.99,-99.99,-99.99,-99.99,-99.99,-99.99,-99.99,-99.99,-99.99,29,7.91,0.42,-0.02,5.02
2002,150,1230,-99.99,14.99,133.14,-99.99,-99.99,-99.99,-99.99,-99.99,-99.99,-99.99,-99.99,-99.99,-99.99,-99.99,-99.99,31,7.73,0.47,-0.03,5.94
2002,150,1300,-99.99,13.36,127.11,-99.99,-99.99,-99.99,-99.99,-99.99,-99.99,-99.99,-99.99,-99.99,-99.99,-99.99,-99.99,28,7.82,0.48,-0.03,5.3
2002,150,1330,-99.99,9.5,92.68,-99.99,-99.99,-99.99,-99.99,-99.99,-99.99,-99.99,-99.99,-99.99,-99.99,-99.99,-99.99,34,7.79,0.42,-0.03,3.77
2002,150,1400,-99.99,10.44,106.96,-99.99,-99.99,-99.99,-99.99,-99.99,-99.99,-99.99,-99.99,-99.99,-99.99,-99.99,-99.99,31,7.57,0.44,-0.04,4.14
2002,150,1430,-99.99,15.92,114.66,-99.99,-99.99,-99.99,-99.99,-99.99,-99.99,-99.99,-99.99,-99.99,-99.99,-99.99,-99.99,37,7.93,0.45,-0.05,6.32
2002,150,1500,-99.99,15.53,126.78,-99.99,-99.99,-99.99,-99.99,-99.99,-99.99,-99.99,-99.99,-99.99,-99.99,-99.99,-99.99,30,8.19,0.48,-0.03,6.16
2002,150,1530,-99.99,15.38,121.12,-99.99,-99.99,-99.99,-99.99,-99.99,-99.99,-99.99,-99.99,-99.99,-99.99,-99.99,-99.99,27,8.74,0.49,-0.01,6.11
2002,150,1600,-99.99,13.85,101.44,-99.99,-99.99,-99.99,-99.99,-99.99,-99.99,-99.99,-99.99,-99.99,-99.99,-99.99,-99.99,30,8.55,0.46,-0.03,5.5
2002,150,1630,-99.99,14.11,107.56,-99.99,-99.99,-99.99,-99.99,-99.99,-99.99,-99.99,-99.99,-99.99,-99.99,-99.99,-99.99,29,8.85,0.5,-0.03,5.6
2002,150,1700,-99.99,10.48,83.75,-99.99,-99.99,-99.99,-99.99,-99.99,-99.99,-99.99,-99.99,-99.99,-99.99,-99.99,-99.99,35,8.54,0.46,-0.04,4.16
2002,150,1730,-99.99,12.2,84.82,-99.99,-99.99,-99.99,-99.99,-99.99,-99.99,-99.99,-99.99,-99.99,-99.99,-99.99,-99.99,30,8.34,0.51,-0.03,4.84
2002,150,1800,-99.99,9.95,75.17,-99.99,-99.99,-99.99,-99.99,-99.99,-99.99,-99.99,-99.99,-99.99,-99.99,-99.99,-99.99,28,8.29,0.47,-0.02,3.95
2002,150,1830,-99.99,8.21,65.71,-99.99,-99.99,-99.99,-99.99,-99.99,-99.99,-99.99,-99.99,-99.99,-99.99,-99.99,-99.99,28,8.16,0.43,-0.03,3.26
2002,150,1900,-99.99,11.66,63.6,-99.99,-99.99,-99.99,-99.99,-99.99,-99.99,-99.99,-99.99,-99.99,-99.99,-99.99,-99.99,33,7.54,0.43,-0.03,4.63
2002,150,1930,-99.99,10.51,49.06,-99.99,-99.99,-99.99,-99.99,-99.99,-99.99,-99.99,-99.99,-99.99,-99.99,-99.99,-99.99,29,7.8,0.42,-0.01,4.17
2002,150,2000,-99.99,9.54,59.32,-99.99,-99.99,-99.99,-99.99,-99.99,-99.99,-99.99,-99.99,-99.99,-99.99,-99.99,-99.99,24,8.14,0.46,-0.01,3.79
2002,150,2030,-99.99,8.69,55.6,-99.99,-99.99,-99.99,-99.99,-99.99,-99.99,-99.99,-99.99,-99.99,-99.99,-99.99,-99.99,24,7.69,0.43,0,3.45
2002,150,2100,-99.99,6.74,42.23,-99.99,-99.99,-99.99,-99.99,-99.99,-99.99,-99.99,-99.99,-99.99,-99.99,-99.99,-99.99,31,7.1,0.4,-0.03,2.67
2002,150,2130,-99.99,5.92,23.32,-99.99,-99.99,-99.99,-99.99,-99.99,-99.99,-99.99,-99.99,-99.99,-99.99,-99.99,-99.99,22,7.24,0.41,-0.02,2.35
2002,150,2200,-99.99,5.67,29.95,-99.99,-99.99,-99.99,-99.99,-99.99,-99.99,-99.99,-99.99,-99.99,-99.99,-99.99,-99.99,22,6.63,0.41,-0.01,2.25
2002,150,2230,-99.99,5.08,31.25,-99.99,-99.99,-99.99,-99.99,-99.99,-99.99,-99.99,-99.99,-99.99,-99.99,-99.99,-99.99,21,6.89,0.4,-0.01,2.02
2002,150,2300,-99.99,3.06,22.67,-99.99,-99.99,-99.99,-99.99,-99.99,-99.99,-99.99,-99.99,-99.99,-99.99,-99.99,-99.99,29,6.41,0.35,-0.04,1.21
2002,150,2330,-99.99,4.38,21.48,-99.99,-99.99,-99.99,-99.99,-99.99,-99.99,-99.99,-99.99,-99.99,-99.99,-99.99,-99.99,37,6,0.35,-0.04,1.74
2002,151,0,-99.99,4.86,15.56,-99.99,-99.99,-99.99,-99.99,-99.99,-99.99,-99.99,-99.99,-99.99,-99.99,-99.99,-99.99,36,6.13,0.34,-0.04,1.93
2002,151,30,-99.99,4.23,14.63,-99.99,-99.99,-99.99,-99.99,-99.99,-99.99,-99.99,-99.99,-99.99,-99.99,-99.99,-99.99,28,6.26,0.35,-0.03,1.68
2002,151,100,-99.99,3.19,13.12,-99.99,-99.99,-99.99,-99.99,-99.99,-99.99,-99.99,-99.99,-99.99,-99.99,-99.99,-99.99,31,6.1,0.34,-0.04,1.26
2002,151,130,-99.99,2.98,12.49,-99.99,-99.99,-99.99,-99.99,-99.99,-99.99,-99.99,-99.99,-99.99,-99.99,-99.99,-99.99,32,5.74,0.33,-0.04,1.18
2002,151,200,-99.99,3.55,13.19,-99.99,-99.99,-99.99,-99.99,-99.99,-99.99,-99.99,-99.99,-99.99,-99.99,-99.99,-99.99,28,5.68,0.32,-0.03,1.41
2002,151,230,-99.99,2.39,11.96,-99.99,-99.99,-99.99,-99.99,-99.99,-99.99,-99.99,-99.99,-99.99,-99.99,-99.99,-99.99,20,5.41,0.33,-0.02,0.95
2002,151,300,-99.99,3.61,7.6,-99.99,-99.99,-99.99,-99.99,-99.99,-99.99,-99.99,-99.99,-99.99,-99.99,-99.99,-99.99,23,4.34,0.25,-0.01,1.43
2002,151,330,-99.99,2.49,1.03,-99.99,-99.99,-99.99,-99.99,-99.99,-99.99,-99.99,-99.99,-99.99,-99.99,-99.99,-99.99,21,3.97,0.2,-0.02,0.99
2002,151,400,-99.99,2.31,8.11,-99.99,-99.99,-99.99,-99.99,-99.99,-99.99,-99.99,-99.99,-99.99,-99.99,-99.99,-99.99,23,3.76,0.19,-0.02,0.91
2002,151,430,-99.99,1.95,4.53,-99.99,-99.99,-99.99,-99.99,-99.99,-99.99,-99.99,-99.99,-99.99,-99.99,-99.99,-99.99,17,4.03,0.22,0.04,0.77
2002,151,500,-99.99,1.66,4.3,-99.99,-99.99,-99.99,-99.99,-99.99,-99.99,-99.99,-99.99,-99.99,-99.99,-99.99,-99.99,13,3.94,0.21,-0.02,0.66
2002,151,530,-99.99,1.9,5.06,-99.99,-99.99,-99.99,-99.99,-99.99,-99.99,-99.99,-99.99,-99.99,-99.99,-99.99,-99.99,10,3.56,0.19,0,0.75
2002,151,600,-99.99,2.35,6.56,-99.99,-99.99,-99.99,-99.99,-99.99,-99.99,-99.99,-99.99,-99.99,-99.99,-99.99,-99.99,9,3.74,0.2,-0.01,0.93
2002,151,630,-99.99,4.41,11.43,-99.99,-99.99,-99.99,-99.99,-99.99,-99.99,-99.99,-99.99,-99.99,-99.99,-99.99,-99.99,13,3.99,0.21,-0.03,1.75
2002,151,700,-99.99,6.17,17.32,-99.99,-99.99,-99.99,-99.99,-99.99,-99.99,-99.99,-99.99,-99.99,-99.99,-99.99,-99.99,21,4.03,0.22,-0.02,2.45
2002,151,730,-99.99,5.21,16.19,-99.99,-99.99,-99.99,-99.99,-99.99,-99.99,-99.99,-99.99,-99.99,-99.99,-99.99,-99.99,18,3.66,0.19,-0.02,2.06
2002,151,800,-99.99,5.33,17.8,-99.99,-99.99,-99.99,-99.99,-99.99,-99.99,-99.99,-99.99,-99.99,-99.99,-99.99,-99.99,21,3.36,0.17,-0.03,2.11
2002,151,830,-99.99,6.27,21.42,-99.99,-99.99,-99.99,-99.99,-99.99,-99.99,-99.99,-99.99,-99.99,-99.99,-99.99,-99.99,16,3.35,0.17,-0.03,2.49
2002,151,900,-99.99,10.37,36.18,-99.99,-99.99,-99.99,-99.99,-99.99,-99.99,-99.99,-99.99,-99.99,-99.99,-99.99,-99.99,15,3.33,0.2,-0.05,4.11
2002,151,930,-99.99,13.1,42.12,-99.99,-99.99,-99.99,-99.99,-99.99,-99.99,-99.99,-99.99,-99.99,-99.99,-99.99,-99.99,9,3.25,0.21,-0.06,5.19
2002,151,1000,-99.99,15.54,47.34,-99.99,-99.99,-99.99,-99.99,-99.99,-99.99,-99.99,-99.99,-99.99,-99.99,-99.99,-99.99,7,3.43,0.21,-0.05,6.16
2002,151,1030,-99.99,18.35,57.69,-99.99,-99.99,-99.99,-99.99,-99.99,-99.99,-99.99,-99.99,-99.99,-99.99,-99.99,-99.99,12,3.15,0.2,-0.07,7.28
2002,151,1100,-99.99,14.96,45.46,-99.99,-99.99,-99.99,-99.99,-99.99,-99.99,-99.99,-99.99,-99.99,-99.99,-99.99,-99.99,17,2.45,0.12,-0.11,5.93
2002,151,1130,-99.99,19.18,61.36,-99.99,-99.99,-99.99,-99.99,-99.99,-99.99,-99.99,-99.99,-99.99,-99.99,-99.99,-99.99,10,2.02,0.12,-0.11,7.6
2002,151,1200,-99.99,29.45,92.09,-99.99,-99.99,-99.99,-99.99,-99.99,-99.99,-99.99,-99.99,-99.99,-99.99,-99.99,-99.99,354,1.81,0.08,-0.17,11.68
2002,151,1230,-99.99,28.61,104.29,-99.99,-99.99,-99.99,-99.99,-99.99,-99.99,-99.99,-99.99,-99.99,-99.99,-99.99,-99.99,344,1.8,0.15,-0.21,11.35
2002,151,1300,-99.99,29.37,120.56,-99.99,-99.99,-99.99,-99.99,-99.99,-99.99,-99.99,-99.99,-99.99,-99.99,-99.99,-99.99,321,1.6,0.08,-0.33,11.65
2002,151,1330,-99.99,33.58,143.44,-99.99,-99.99,-99.99,-99.99,-99.99,-99.99,-99.99,-99.99,-99.99,-99.99,-99.99,-99.99,311,2.06,0.1,-0.35,13.32
2002,151,1400,-99.99,33.74,158.75,-99.99,-99.99,-99.99,-99.99,-99.99,-99.99,-99.99,-99.99,-99.99,-99.99,-99.99,-99.99,308,2.26,0.18,-0.32,13.38
2002,151,1430,-99.99,40.48,177.1,-99.99,-99.99,-99.99,-99.99,-99.99,-99.99,-99.99,-99.99,-99.99,-99.99,-99.99,-99.99,298,2.36,0.24,-0.34,16.06
2002,151,1500,-99.99,27.01,123.04,-99.99,-99.99,-99.99,-99.99,-99.99,-99.99,-99.99,-99.99,-99.99,-99.99,-99.99,-99.99,283,2.65,0.22,-0.27,10.72
2002,151,1530,-99.99,21.16,82.57,-99.99,-99.99,-99.99,-99.99,-99.99,-99.99,-99.99,-99.99,-99.99,-99.99,-99.99,-99.99,270,2.73,0.2,-0.21,8.39
2002,151,1600,-99.99,13.99,65.83,-99.99,-99.99,-99.99,-99.99,-99.99,-99.99,-99.99,-99.99,-99.99,-99.99,-99.99,-99.99,268,2.71,0.2,-0.22,5.55
2002,151,1630,-99.99,14.37,63.82,-99.99,-99.99,-99.99,-99.99,-99.99,-99.99,-99.99,-99.99,-99.99,-99.99,-99.99,-99.99,262,2.83,0.23,-0.19,5.7
2002,151,1700,-99.99,15.12,69.1,-99.99,-99.99,-99.99,-99.99,-99.99,-99.99,-99.99,-99.99,-99.99,-99.99,-99.99,-99.99,268,2.94,0.24,-0.21,6
2002,151,1730,-99.99,9.21,46.93,-99.99,-99.99,-99.99,-99.99,-99.99,-99.99,-99.99,-99.99,-99.99,-99.99,-99.99,-99.99,276,3.15,0.26,-0.19,3.65
2002,151,1800,-99.99,10.3,42.41,-99.99,-99.99,-99.99,-99.99,-99.99,-99.99,-99.99,-99.99,-99.99,-99.99,-99.99,-99.99,269,2.64,0.22,-0.21,4.09
2002,151,1830,-99.99,11.56,46.57,-99.99,-99.99,-99.99,-99.99,-99.99,-99.99,-99.99,-99.99,-99.99,-99.99,-99.99,-99.99,267,2.94,0.26,-0.19,4.59
2002,151,1900,-99.99,8.46,39.92,-99.99,-99.99,-99.99,-99.99,-99.99,-99.99,-99.99,-99.99,-99.99,-99.99,-99.99,-99.99,269,3.08,0.26,-0.21,3.36
2002,151,1930,-99.99,9.22,34.02,-99.99,-99.99,-99.99,-99.99,-99.99,-99.99,-99.99,-99.99,-99.99,-99.99,-99.99,-99.99,280,3.52,0.24,-0.16,3.66
2002,151,2000,-99.99,9.18,37.19,-99.99,-99.99,-99.99,-99.99,-99.99,-99.99,-99.99,-99.99,-99.99,-99.99,-99.99,-99.99,277,3.55,0.28,-0.18,3.64
2002,151,2030,-99.99,7.6,29.77,-99.99,-99.99,-99.99,-99.99,-99.99,-99.99,-99.99,-99.99,-99.99,-99.99,-99.99,-99.99,272,3.41,0.26,-0.17,3.01
2002,151,2100,-99.99,8.13,32.26,-99.99,-99.99,-99.99,-99.99,-99.99,-99.99,-99.99,-99.99,-99.99,-99.99,-99.99,-99.99,275,3.27,0.3,-0.2,3.23
2002,151,2130,-99.99,6.22,18.74,-99.99,-99.99,-99.99,-99.99,-99.99,-99.99,-99.99,-99.99,-99.99,-99.99,-99.99,-99.99,275,3.26,0.26,-0.17,2.47
2002,151,2200,-99.99,5.94,27.28,-99.99,-99.99,-99.99,-99.99,-99.99,-99.99,-99.99,-99.99,-99.99,-99.99,-99.99,-99.99,272,3.19,0.31,-0.2,2.36
2002,151,2230,-99.99,5.17,15.54,-99.99,-99.99,-99.99,-99.99,-99.99,-99.99,-99.99,-99.99,-99.99,-99.99,-99.99,-99.99,268,3.17,0.29,-0.17,2.05
2002,151,2300,-99.99,4.45,15.35,-99.99,-99.99,-99.99,-99.99,-99.99,-99.99,-99.99,-99.99,-99.99,-99.99,-99.99,-99.99,272,3.29,0.29,-0.17,1.77
2002,151,2330,-99.99,1.8,9.79,-99.99,-99.99,-99.99,-99.99,-99.99,-99.99,-99.99,-99.99,-99.99,-99.99,-99.99,-99.99,274,3.18,0.24,-0.14,0.71
2002,152,0,-99.99,-99.99,-99.99,-99.99,-99.99,-99.99,-99.99,-99.99,-99.99,-99.99,-99.99,-99.99,-99.99,-99.99,-99.99,-99.99,-99.99,-99.99,-99.99,-99.99
2002,152,30,-99.99,0.14,5.02,-99.99,-99.99,-99.99,-99.99,-99.99,-99.99,-99.99,-99.99,-99.99,-99.99,-99.99,-99.99,272,3.08,0.25,-0.16,0.05
2002,152,100,-99.99,2.11,9.48,-99.99,-99.99,-99.99,-99.99,-99.99,-99.99,-99.99,-99.99,-99.99,-99.99,-99.99,-99.99,277,3.3,0.25,-0.15,0.84
2002,152,130,-99.99,1.2,7.03,-99.99,-99.99,-99.99,-99.99,-99.99,-99.99,-99.99,-99.99,-99.99,-99.99,-99.99,-99.99,272,3.06,0.25,-0.16,0.48
2002,152,200,-99.99,-1.11,-0.51,-99.99,-99.99,-99.99,-99.99,-99.99,-99.99,-99.99,-99.99,-99.99,-99.99,-99.99,-99.99,272,2.4,0.18,-0.12,-0.44
2002,152,230,-99.99,-1.11,-0.15,-99.99,-99.99,-99.99,-99.99,-99.99,-99.99,-99.99,-99.99,-99.99,-99.99,-99.99,-99.99,274,2.14,0.16,-0.13,-0.44
2002,152,300,-99.99,0.61,4.95,-99.99,-99.99,-99.99,-99.99,-99.99,-99.99,-99.99,-99.99,-99.99,-99.99,-99.99,-99.99,276,2.36,0.19,-0.15,0.24
2002,152,330,-99.99,0.55,3.9,-99.99,-99.99,-99.99,-99.99,-99.99,-99.99,-99.99,-99.99,-99.99,-99.99,-99.99,-99.99,274,2.71,0.19,-0.14,0.22
2002,152,400,-99.99,-0.64,2.18,-99.99,-99.99,-99.99,-99.99,-99.99,-99.99,-99.99,-99.99,-99.99,-99.99,-99.99,-99.99,274,2.39,0.19,-0.16,-0.25
2002,152,430,-99.99,-0.87,1.87,-99.99,-99.99,-99.99,-99.99,-99.99,-99.99,-99.99,-99.99,-99.99,-99.99,-99.99,-99.99,273,2.11,0.17,-0.14,-0.34
2002,152,500,-99.99,0.32,6.52,-99.99,-99.99,-99.99,-99.99,-99.99,-99.99,-99.99,-99.99,-99.99,-99.99,-99.99,-99.99,274,2,0.16,-0.18,0.13
2002,152,530,-99.99,0.78,9.19,-99.99,-99.99,-99.99,-99.99,-99.99,-99.99,-99.99,-99.99,-99.99,-99.99,-99.99,-99.99,279,2.09,0.16,-0.16,0.31
2002,152,600,-99.99,1.89,19.25,-99.99,-99.99,-99.99,-99.99,-99.99,-99.99,-99.99,-99.99,-99.99,-99.99,-99.99,-99.99,272,1.93,0.16,-0.21,0.75
2002,152,630,-99.99,4.68,38.93,-99.99,-99.99,-99.99,-99.99,-99.99,-99.99,-99.99,-99.99,-99.99,-99.99,-99.99,-99.99,286,2.04,0.17,-0.2,1.85
2002,152,700,-99.99,5.74,49.2,-99.99,-99.99,-99.99,-99.99,-99.99,-99.99,-99.99,-99.99,-99.99,-99.99,-99.99,-99.99,288,2.07,0.16,-0.22,2.27
2002,152,730,-99.99,10.67,82.12,-99.99,-99.99,-99.99,-99.99,-99.99,-99.99,-99.99,-99.99,-99.99,-99.99,-99.99,-99.99,302,2.13,0.16,-0.22,4.22
2002,152,800,-99.99,9.79,63.5,-99.99,-99.99,-99.99,-99.99,-99.99,-99.99,-99.99,-99.99,-99.99,-99.99,-99.99,-99.99,314,2.27,0.13,-0.18,3.88
2002,152,830,-99.99,12.89,93.66,-99.99,-99.99,-99.99,-99.99,-99.99,-99.99,-99.99,-99.99,-99.99,-99.99,-99.99,-99.99,310,1.63,0.09,-0.32,5.11
2002,152,900,-99.99,15.52,107.64,-99.99,-99.99,-99.99,-99.99,-99.99,-99.99,-99.99,-99.99,-99.99,-99.99,-99.99,-99.99,315,1.85,0.13,-0.32,6.14
2002,152,930,-99.99,22.89,134.1,-99.99,-99.99,-99.99,-99.99,-99.99,-99.99,-99.99,-99.99,-99.99,-99.99,-99.99,-99.99,313,2.11,0.13,-0.32,9.06
2002,152,1000,-99.99,19.45,116.34,-99.99,-99.99,-99.99,-99.99,-99.99,-99.99,-99.99,-99.99,-99.99,-99.99,-99.99,-99.99,312,2.09,0.1,-0.29,7.7
2002,152,1030,-99.99,25.62,153.29,-99.99,-99.99,-99.99,-99.99,-99.99,-99.99,-99.99,-99.99,-99.99,-99.99,-99.99,-99.99,320,1.92,0.16,-0.33,10.15
2002,152,1100,-99.99,34.64,189.83,-99.99,-99.99,-99.99,-99.99,-99.99,-99.99,-99.99,-99.99,-99.99,-99.99,-99.99,-99.99,326,2.02,0.06,-0.28,13.72
2002,152,1130,-99.99,34.41,177.09,-99.99,-99.99,-99.99,-99.99,-99.99,-99.99,-99.99,-99.99,-99.99,-99.99,-99.99,-99.99,325,1.92,0.18,-0.38,13.63
2002,152,1200,-99.99,41.22,215.78,-99.99,-99.99,-99.99,-99.99,-99.99,-99.99,-99.99,-99.99,-99.99,-99.99,-99.99,-99.99,330,2.01,0.12,-0.31,16.33
2002,152,1230,-99.99,41.54,210.24,-99.99,-99.99,-99.99,-99.99,-99.99,-99.99,-99.99,-99.99,-99.99,-99.99,-99.99,-99.99,330,2.17,0.12,-0.36,16.46
2002,152,1300,-99.99,36.17,170.51,-99.99,-99.99,-99.99,-99.99,-99.99,-99.99,-99.99,-99.99,-99.99,-99.99,-99.99,-99.99,349,2.51,0.15,-0.12,14.33
2002,152,1330,-99.99,34.83,167.15,-99.99,-99.99,-99.99,-99.99,-99.99,-99.99,-99.99,-99.99,-99.99,-99.99,-99.99,-99.99,3,2.61,0.16,-0.16,13.8
2002,152,1400,-99.99,29.97,151.32,-99.99,-99.99,-99.99,-99.99,-99.99,-99.99,-99.99,-99.99,-99.99,-99.99,-99.99,-99.99,20,2.85,0.18,-0.19,11.87
2002,152,1430,-99.99,33.13,167.82,-99.99,-99.99,-99.99,-99.99,-99.99,-99.99,-99.99,-99.99,-99.99,-99.99,-99.99,-99.99,33,2.61,0.17,-0.28,13.13
2002,152,1500,-99.99,35.74,184.62,-99.99,-99.99,-99.99,-99.99,-99.99,-99.99,-99.99,-99.99,-99.99,-99.99,-99.99,-99.99,31,2.86,0.2,-0.25,14.16
2002,152,1530,-99.99,28.9,149.45,-99.99,-99.99,-99.99,-99.99,-99.99,-99.99,-99.99,-99.99,-99.99,-99.99,-99.99,-99.99,33,3.04,0.17,-0.2,11.45
2002,152,1600,-99.99,16.26,82.91,-99.99,-99.99,-99.99,-99.99,-99.99,-99.99,-99.99,-99.99,-99.99,-99.99,-99.99,-99.99,37,3.03,0.17,-0.13,6.44
2002,152,1630,-99.99,26.76,148.18,-99.99,-99.99,-99.99,-99.99,-99.99,-99.99,-99.99,-99.99,-99.99,-99.99,-99.99,-99.99,34,2.79,0.18,-0.24,10.6
2002,152,1700,-99.99,23.08,129.69,-99.99,-99.99,-99.99,-99.99,-99.99,-99.99,-99.99,-99.99,-99.99,-99.99,-99.99,-99.99,37,2.88,0.21,-0.26,9.15
2002,152,1730,-99.99,18.77,107.29,-99.99,-99.99,-99.99,-99.99,-99.99,-99.99,-99.99,-99.99,-99.99,-99.99,-99.99,-99.99,31,2.81,0.16,-0.17,7.44
2002,152,1800,-99.99,18.91,109.05,-99.99,-99.99,-99.99,-99.99,-99.99,-99.99,-99.99,-99.99,-99.99,-99.99,-99.99,-99.99,43,3.13,0.18,-0.16,7.49
2002,152,1830,-99.99,20.82,119.49,-99.99,-99.99,-99.99,-99.99,-99.99,-99.99,-99.99,-99.99,-99.99,-99.99,-99.99,-99.99,41,3.32,0.21,-0.16,8.25
2002,152,1900,-99.99,18,99.8,-99.99,-99.99,-99.99,-99.99,-99.99,-99.99,-99.99,-99.99,-99.99,-99.99,-99.99,-99.99,47,3.46,0.18,-0.14,7.13
2002,152,1930,-99.99,14.17,81.9,-99.99,-99.99,-99.99,-99.99,-99.99,-99.99,-99.99,-99.99,-99.99,-99.99,-99.99,-99.99,41,3.53,0.18,-0.12,5.61
2002,152,2000,-99.99,11.8,71.34,-99.99,-99.99,-99.99,-99.99,-99.99,-99.99,-99.99,-99.99,-99.99,-99.99,-99.99,-99.99,42,3.62,0.17,-0.11,4.67
2002,152,2030,-99.99,8.81,55.24,-99.99,-99.99,-99.99,-99.99,-99.99,-99.99,-99.99,-99.99,-99.99,-99.99,-99.99,-99.99,45,3.59,0.19,-0.1,3.49
2002,152,2100,-99.99,7.1,46.44,-99.99,-99.99,-99.99,-99.99,-99.99,-99.99,-99.99,-99.99,-99.99,-99.99,-99.99,-99.99,50,3.54,0.2,-0.09,2.81
2002,152,2130,-99.99,6.56,36.98,-99.99,-99.99,-99.99,-99.99,-99.99,-99.99,-99.99,-99.99,-99.99,-99.99,-99.99,-99.99,44,3.93,0.2,-0.06,2.6
2002,152,2200,-99.99,6.43,39.15,-99.99,-99.99,-99.99,-99.99,-99.99,-99.99,-99.99,-99.99,-99.99,-99.99,-99.99,-99.99,45,3.8,0.22,-0.08,2.54
2002,152,2230,-99.99,5.16,31.06,-99.99,-99.99,-99.99,-99.99,-99.99,-99.99,-99.99,-99.99,-99.99,-99.99,-99.99,-99.99,41,4.03,0.23,-0.07,2.04
2002,152,2300,-99.99,3.74,25.71,-99.99,-99.99,-99.99,-99.99,-99.99,-99.99,-99.99,-99.99,-99.99,-99.99,-99.99,-99.99,38,3.85,0.23,-0.07,1.48
2002,152,2330,-99.99,2.4,18.36,-99.99,-99.99,-99.99,-99.99,-99.99,-99.99,-99.99,-99.99,-99.99,-99.99,-99.99,-99.99,38,3.55,0.21,-0.07,0.95
2002,153,0,-99.99,1.26,10.19,-99.99,-99.99,-99.99,-99.99,-99.99,-99.99,-99.99,-99.99,-99.99,-99.99,-99.99,-99.99,36,3.39,0.19,-0.06,0.5
2002,153,30,-99.99,0.9,7.18,-99.99,-99.99,-99.99,-99.99,-99.99,-99.99,-99.99,-99.99,-99.99,-99.99,-99.99,-99.99,38,3.56,0.2,-0.06,0.35
2002,153,100,-99.99,0.16,4.54,-99.99,-99.99,-99.99,-99.99,-99.99,-99.99,-99.99,-99.99,-99.99,-99.99,-99.99,-99.99,44,3.45,0.2,-0.06,0.06
2002,153,130,-99.99,0.7,4.96,-99.99,-99.99,-99.99,-99.99,-99.99,-99.99,-99.99,-99.99,-99.99,-99.99,-99.99,-99.99,46,3.49,0.21,-0.06,0.28
2002,153,200,-99.99,0.47,4.9,-99.99,-99.99,-99.99,-99.99,-99.99,-99.99,-99.99,-99.99,-99.99,-99.99,-99.99,-99.99,48,3.74,0.21,-0.05,0.19
2002,153,230,-99.99,0.41,7.12,-99.99,-99.99,-99.99,-99.99,-99.99,-99.99,-99.99,-99.99,-99.99,-99.99,-99.99,-99.99,45,3.62,0.22,-0.06,0.16
2002,153,300,-99.99,1.06,13.86,-99.99,-99.99,-99.99,-99.99,-99.99,-99.99,-99.99,-99.99,-99.99,-99.99,-99.99,-99.99,47,4.1,0.24,-0.05,0.42
2002,153,330,-99.99,2.27,19.96,-99.99,-99.99,-99.99,-99.99,-99.99,-99.99,-99.99,-99.99,-99.99,-99.99,-99.99,-99.99,52,4.12,0.26,-0.06,0.9
2002,153,400,-99.99,2.57,24.53,-99.99,-99.99,-99.99,-99.99,-99.99,-99.99,-99.99,-99.99,-99.99,-99.99,-99.99,-99.99,52,4.53,0.26,-0.06,1.02
2002,153,430,-99.99,3.55,29.65,-99.99,-99.99,-99.99,-99.99,-99.99,-99.99,-99.99,-99.99,-99.99,-99.99,-99.99,-99.99,58,4.49,0.24,-0.06,1.4
2002,153,500,-99.99,6.75,49.24,-99.99,-99.99,-99.99,-99.99,-99.99,-99.99,-99.99,-99.99,-99.99,-99.99,-99.99,-99.99,55,4.45,0.29,-0.09,2.67
2002,153,530,-99.99,6.42,48.07,-99.99,-99.99,-99.99,-99.99,-99.99,-99.99,-99.99,-99.99,-99.99,-99.99,-99.99,-99.99,55,4.22,0.25,-0.07,2.54
2002,153,600,-99.99,9.08,61.26,-99.99,-99.99,-99.99,-99.99,-99.99,-99.99,-99.99,-99.99,-99.99,-99.99,-99.99,-99.99,57,4.45,0.27,-0.08,3.59
2002,153,630,-99.99,12.02,78.96,-99.99,-99.99,-99.99,-99.99,-99.99,-99.99,-99.99,-99.99,-99.99,-99.99,-99.99,-99.99,56,4.68,0.28,-0.08,4.75
2002,153,700,-99.99,15.08,96.98,-99.99,-99.99,-99.99,-99.99,-99.99,-99.99,-99.99,-99.99,-99.99,-99.99,-99.99,-99.99,57,5.03,0.32,-0.09,5.96
2002,153,730,-99.99,14.76,97.74,-99.99,-99.99,-99.99,-99.99,-99.99,-99.99,-99.99,-99.99,-99.99,-99.99,-99.99,-99.99,57,5.52,0.31,-0.06,5.83
2002,153,800,-99.99,16.06,116.9,-99.99,-99.99,-99.99,-99.99,-99.99,-99.99,-99.99,-99.99,-99.99,-99.99,-99.99,-99.99,54,5.4,0.3,-0.08,6.35
2002,153,830,-99.99,17.5,127.47,-99.99,-99.99,-99.99,-99.99,-99.99,-99.99,-99.99,-99.99,-99.99,-99.99,-99.99,-99.99,56,5.41,0.31,-0.08,6.92
2002,153,900,-99.99,19.45,155.33,-99.99,-99.99,-99.99,-99.99,-99.99,-99.99,-99.99,-99.99,-99.99,-99.99,-99.99,-99.99,55,5.4,0.33,-0.1,7.69
2002,153,930,-99.99,21.89,172.31,-99.99,-99.99,-99.99,-99.99,-99.99,-99.99,-99.99,-99.99,-99.99,-99.99,-99.99,-99.99,52,5.38,0.33,-0.13,8.66
2002,153,1000,-99.99,19.9,170.48,-99.99,-99.99,-99.99,-99.99,-99.99,-99.99,-99.99,-99.99,-99.99,-99.99,-99.99,-99.99,54,5.28,0.32,-0.12,7.87
2002,153,1030,-99.99,27.99,210.86,-99.99,-99.99,-99.99,-99.99,-99.99,-99.99,-99.99,-99.99,-99.99,-99.99,-99.99,-99.99,54,5.29,0.36,-0.14,11.07
2002,153,1100,-99.99,24.24,180.64,-99.99,-99.99,-99.99,-99.99,-99.99,-99.99,-99.99,-99.99,-99.99,-99.99,-99.99,-99.99,52,5.57,0.32,-0.08,9.59
2002,153,1130,-99.99,30.3,203.4,-99.99,-99.99,-99.99,-99.99,-99.99,-99.99,-99.99,-99.99,-99.99,-99.99,-99.99,-99.99,49,5.4,0.33,-0.12,11.98
2002,153,1200,-99.99,34.96,223.57,-99.99,-99.99,-99.99,-99.99,-99.99,-99.99,-99.99,-99.99,-99.99,-99.99,-99.99,-99.99,47,5.49,0.33,-0.16,13.83
2002,153,1230,-99.99,33.13,189.54,-99.99,-99.99,-99.99,-99.99,-99.99,-99.99,-99.99,-99.99,-99.99,-99.99,-99.99,-99.99,45,5.1,0.31,-0.12,13.11
2002,153,1300,-99.99,35.25,226.04,-99.99,-99.99,-99.99,-99.99,-99.99,-99.99,-99.99,-99.99,-99.99,-99.99,-99.99,-99.99,50,5.24,0.33,-0.14,13.95
2002,153,1330,-99.99,36.79,231.15,-99.99,-99.99,-99.99,-99.99,-99.99,-99.99,-99.99,-99.99,-99.99,-99.99,-99.99,-99.99,44,5.14,0.31,-0.15,14.56
2002,153,1400,-99.99,39.45,240.12,-99.99,-99.99,-99.99,-99.99,-99.99,-99.99,-99.99,-99.99,-99.99,-99.99,-99.99,-99.99,48,5.19,0.32,-0.15,15.62
2002,153,1430,-99.99,37.56,216.88,-99.99,-99.99,-99.99,-99.99,-99.99,-99.99,-99.99,-99.99,-99.99,-99.99,-99.99,-99.99,47,5.33,0.32,-0.13,14.87
2002,153,1500,-99.99,39.31,234.05,-99.99,-99.99,-99.99,-99.99,-99.99,-99.99,-99.99,-99.99,-99.99,-99.99,-99.99,-99.99,47,5.37,0.33,-0.15,15.56
2002,153,1530,-99.99,36.77,227.73,-99.99,-99.99,-99.99,-99.99,-99.99,-99.99,-99.99,-99.99,-99.99,-99.99,-99.99,-99.99,48,5.39,0.33,-0.14,14.56
2002,153,1600,-99.99,26.83,155.17,-99.99,-99.99,-99.99,-99.99,-99.99,-99.99,-99.99,-99.99,-99.99,-99.99,-99.99,-99.99,40,5.23,0.3,-0.11,10.62
2002,153,1630,-99.99,28.72,166.33,-99.99,-99.99,-99.99,-99.99,-99.99,-99.99,-99.99,-99.99,-99.99,-99.99,-99.99,-99.99,41,5.39,0.32,-0.11,11.37
2002,153,1700,-99.99,28.05,167.24,-99.99,-99.99,-99.99,-99.99,-99.99,-99.99,-99.99,-99.99,-99.99,-99.99,-99.99,-99.99,45,5.25,0.3,-0.1,11.11
2002,153,1730,-99.99,22.36,135.27,-99.99,-99.99,-99.99,-99.99,-99.99,-99.99,-99.99,-99.99,-99.99,-99.99,-99.99,-99.99,47,5.38,0.3,-0.09,8.85
2002,153,1800,-99.99,27.48,159.42,-99.99,-99.99,-99.99,-99.99,-99.99,-99.99,-99.99,-99.99,-99.99,-99.99,-99.99,-99.99,47,5.11,0.32,-0.11,10.88
2002,153,1830,-99.99,18.89,109.87,-99.99,-99.99,-99.99,-99.99,-99.99,-99.99,-99.99,-99.99,-99.99,-99.99,-99.99,-99.99,48,5.11,0.31,-0.07,7.48
2002,153,1900,-99.99,14.63,93.56,-99.99,-99.99,-99.99,-99.99,-99.99,-99.99,-99.99,-99.99,-99.99,-99.99,-99.99,-99.99,48,4.87,0.29,-0.09,5.79
2002,153,1930,-99.99,14.48,82.56,-99.99,-99.99,-99.99,-99.99,-99.99,-99.99,-99.99,-99.99,-99.99,-99.99,-99.99,-99.99,48,5.14,0.3,-0.08,5.74
2002,153,2000,-99.99,13.31,78.85,-99.99,-99.99,-99.99,-99.99,-99.99,-99.99,-99.99,-99.99,-99.99,-99.99,-99.99,-99.99,54,4.78,0.3,-0.05,5.27
2002,153,2030,-99.99,9.83,60.6,-99.99,-99.99,-99.99,-99.99,-99.99,-99.99,-99.99,-99.99,-99.99,-99.99,-99.99,-99.99,52,5.21,0.28,-0.06,3.89
2002,153,2100,-99.99,10.15,57.42,-99.99,-99.99,-99.99,-99.99,-99.99,-99.99,-99.99,-99.99,-99.99,-99.99,-99.99,-99.99,47,4.85,0.28,-0.05,4.02
2002,153,2130,-99.99,9.11,54.5,-99.99,-99.99,-99.99,-99.99,-99.99,-99.99,-99.99,-99.99,-99.99,-99.99,-99.99,-99.99,41,5.25,0.3,-0.06,3.61
2002,153,2200,-99.99,8.63,51.79,-99.99,-99.99,-99.99,-99.99,-99.99,-99.99,-99.99,-99.99,-99.99,-99.99,-99.99,-99.99,48,5.03,0.3,-0.05,3.42
2002,153,2230,-99.99,8.83,51.72,-99.99,-99.99,-99.99,-99.99,-99.99,-99.99,-99.99,-99.99,-99.99,-99.99,-99.99,-99.99,47,4.97,0.32,-0.05,3.5
2002,153,2300,-99.99,6.59,41.98,-99.99,-99.99,-99.99,-99.99,-99.99,-99.99,-99.99,-99.99,-99.99,-99.99,-99.99,-99.99,46,4.97,0.3,-0.04,2.61
2002,153,2330,-99.99,4.39,22.76,-99.99,-99.99,-99.99,-99.99,-99.99,-99.99,-99.99,-99.99,-99.99,-99.99,-99.99,-99.99,46,4.71,0.26,-0.05,1.74
2002,154,0,-99.99,-99.99,-99.99,-99.99,-99.99,-99.99,-99.99,-99.99,-99.99,-99.99,-99.99,-99.99,-99.99,-99.99,-99.99,-99.99,-99.99,-99.99,-99.99,-99.99
2002,154,30,-99.99,2.27,20.27,-99.99,-99.99,-99.99,-99.99,-99.99,-99.99,-99.99,-99.99,-99.99,-99.99,-99.99,-99.99,41,4.15,0.23,-0.05,0.9
2002,154,100,-99.99,0.76,6.57,-99.99,-99.99,-99.99,-99.99,-99.99,-99.99,-99.99,-99.99,-99.99,-99.99,-99.99,-99.99,32,3.75,0.21,-0.04,0.3
2002,154,130,-99.99,2.38,17.92,-99.99,-99.99,-99.99,-99.99,-99.99,-99.99,-99.99,-99.99,-99.99,-99.99,-99.99,-99.99,33,3.93,0.24,-0.05,0.94
2002,154,200,-99.99,-99.99,-99.99,-99.99,-99.99,-99.99,-99.99,-99.99,-99.99,-99.99,-99.99,-99.99,-99.99,-99.99,-99.99,-99.99,-99.99,-99.99,-99.99,-99.99
2002,154,230,-99.99,-99.99,-99.99,-99.99,-99.99,-99.99,-99.99,-99.99,-99.99,-99.99,-99.99,-99.99,-99.99,-99.99,-99.99,-99.99,-99.99,-99.99,-99.99,-99.99
2002,154,300,-99.99,-99.99,-99.99,-99.99,-99.99,-99.99,-99.99,-99.99,-99.99,-99.99,-99.99,-99.99,-99.99,-99.99,-99.99,-99.99,-99.99,-99.99,-99.99,-99.99
2002,154,330,-99.99,-99.99,-99.99,-99.99,-99.99,-99.99,-99.99,-99.99,-99.99,-99.99,-99.99,-99.99,-99.99,-99.99,-99.99,-99.99,-99.99,-99.99,-99.99,-99.99
2002,154,400,-99.99,-99.99,-99.99,-99.99,-99.99,-99.99,-99.99,-99.99,-99.99,-99.99,-99.99,-99.99,-99.99,-99.99,-99.99,-99.99,-99.99,-99.99,-99.99,-99.99
2002,154,430,-99.99,-99.99,-99.99,-99.99,-99.99,-99.99,-99.99,-99.99,-99.99,-99.99,-99.99,-99.99,-99.99,-99.99,-99.99,-99.99,-99.99,-99.99,-99.99,-99.99
2002,154,500,-99.99,-99.99,-99.99,-99.99,-99.99,-99.99,-99.99,-99.99,-99.99,-99.99,-99.99,-99.99,-99.99,-99.99,-99.99,-99.99,-99.99,-99.99,-99.99,-99.99
2002,154,530,-99.99,-99.99,-99.99,-99.99,-99.99,-99.99,-99.99,-99.99,-99.99,-99.99,-99.99,-99.99,-99.99,-99.99,-99.99,-99.99,-99.99,-99.99,-99.99,-99.99
2002,154,600,-99.99,-99.99,-99.99,-99.99,-99.99,-99.99,-99.99,-99.99,-99.99,-99.99,-99.99,-99.99,-99.99,-99.99,-99.99,-99.99,-99.99,-99.99,-99.99,-99.99
2002,154,630,-99.99,-99.99,-99.99,-99.99,-99.99,-99.99,-99.99,-99.99,-99.99,-99.99,-99.99,-99.99,-99.99,-99.99,-99.99,-99.99,-99.99,-99.99,-99.99,-99.99
2002,154,700,-99.99,-99.99,-99.99,-99.99,-99.99,-99.99,-99.99,-99.99,-99.99,-99.99,-99.99,-99.99,-99.99,-99.99,-99.99,-99.99,-99.99,-99.99,-99.99,-99.99
2002,154,730,-99.99,-99.99,-99.99,-99.99,-99.99,-99.99,-99.99,-99.99,-99.99,-99.99,-99.99,-99.99,-99.99,-99.99,-99.99,-99.99,-99.99,-99.99,-99.99,-99.99
2002,154,800,-99.99,-99.99,-99.99,-99.99,-99.99,-99.99,-99.99,-99.99,-99.99,-99.99,-99.99,-99.99,-99.99,-99.99,-99.99,-99.99,-99.99,-99.99,-99.99,-99.99
2002,154,830,-99.99,-99.99,-99.99,-99.99,-99.99,-99.99,-99.99,-99.99,-99.99,-99.99,-99.99,-99.99,-99.99,-99.99,-99.99,-99.99,-99.99,-99.99,-99.99,-99.99
2002,154,900,-99.99,-99.99,-99.99,-99.99,-99.99,-99.99,-99.99,-99.99,-99.99,-99.99,-99.99,-99.99,-99.99,-99.99,-99.99,-99.99,-99.99,-99.99,-99.99,-99.99
2002,154,930,-99.99,-99.99,-99.99,-99.99,-99.99,-99.99,-99.99,-99.99,-99.99,-99.99,-99.99,-99.99,-99.99,-99.99,-99.99,-99.99,-99.99,-99.99,-99.99,-99.99
2002,154,1000,-99.99,-99.99,-99.99,-99.99,-99.99,-99.99,-99.99,-99.99,-99.99,-99.99,-99.99,-99.99,-99.99,-99.99,-99.99,-99.99,-99.99,-99.99,-99.99,-99.99
2002,154,1030,-99.99,-99.99,-99.99,-99.99,-99.99,-99.99,-99.99,-99.99,-99.99,-99.99,-99.99,-99.99,-99.99,-99.99,-99.99,-99.99,-99.99,-99.99,-99.99,-99.99
2002,154,1100,-99.99,-99.99,-99.99,-99.99,-99.99,-99.99,-99.99,-99.99,-99.99,-99.99,-99.99,-99.99,-99.99,-99.99,-99.99,-99.99,-99.99,-99.99,-99.99,-99.99
2002,154,1130,-99.99,-99.99,-99.99,-99.99,-99.99,-99.99,-99.99,-99.99,-99.99,-99.99,-99.99,-99.99,-99.99,-99.99,-99.99,-99.99,-99.99,-99.99,-99.99,-99.99
2002,154,1200,-99.99,-99.99,-99.99,-99.99,-99.99,-99.99,-99.99,-99.99,-99.99,-99.99,-99.99,-99.99,-99.99,-99.99,-99.99,-99.99,-99.99,-99.99,-99.99,-99.99
2002,154,1230,-99.99,27.45,184.4,-99.99,-99.99,-99.99,-99.99,-99.99,-99.99,-99.99,-99.99,-99.99,-99.99,-99.99,-99.99,43,4.35,0.26,-0.14,10.87
2002,154,1300,-99.99,31.34,202.35,-99.99,-99.99,-99.99,-99.99,-99.99,-99.99,-99.99,-99.99,-99.99,-99.99,-99.99,-99.99,49,4.34,0.27,-0.16,12.42
2002,154,1330,-99.99,28.04,190.85,-99.99,-99.99,-99.99,-99.99,-99.99,-99.99,-99.99,-99.99,-99.99,-99.99,-99.99,-99.99,51,4.42,0.27,-0.15,11.11
2002,154,1400,-99.99,25.99,172.13,-99.99,-99.99,-99.99,-99.99,-99.99,-99.99,-99.99,-99.99,-99.99,-99.99,-99.99,-99.99,45,4.36,0.23,-0.13,10.3
2002,154,1430,-99.99,32.24,213.24,-99.99,-99.99,-99.99,-99.99,-99.99,-99.99,-99.99,-99.99,-99.99,-99.99,-99.99,-99.99,47,4.44,0.28,-0.14,12.78
2002,154,1500,-99.99,22.51,153.49,-99.99,-99.99,-99.99,-99.99,-99.99,-99.99,-99.99,-99.99,-99.99,-99.99,-99.99,-99.99,45,4.63,0.25,-0.11,8.92
2002,154,1530,-99.99,26.3,175.46,-99.99,-99.99,-99.99,-99.99,-99.99,-99.99,-99.99,-99.99,-99.99,-99.99,-99.99,-99.99,52,4.79,0.27,-0.1,10.43
2002,154,1600,-99.99,31.7,198.57,-99.99,-99.99,-99.99,-99.99,-99.99,-99.99,-99.99,-99.99,-99.99,-99.99,-99.99,-99.99,52,4.87,0.29,-0.12,12.57
2002,154,1630,-99.99,29.51,197.7,-99.99,-99.99,-99.99,-99.99,-99.99,-99.99,-99.99,-99.99,-99.99,-99.99,-99.99,-99.99,58,4.9,0.28,-0.11,11.7
2002,154,1700,-99.99,27.75,177.08,-99.99,-99.99,-99.99,-99.99,-99.99,-99.99,-99.99,-99.99,-99.99,-99.99,-99.99,-99.99,53,4.62,0.28,-0.12,11
2002,154,1730,-99.99,22.41,139.58,-99.99,-99.99,-99.99,-99.99,-99.99,-99.99,-99.99,-99.99,-99.99,-99.99,-99.99,-99.99,48,4.73,0.25,-0.09,8.88
2002,154,1800,-99.99,20.44,136.56,-99.99,-99.99,-99.99,-99.99,-99.99,-99.99,-99.99,-99.99,-99.99,-99.99,-99.99,-99.99,49,4.79,0.29,-0.09,8.1
2002,154,1830,-99.99,20.41,134.84,-99.99,-99.99,-99.99,-99.99,-99.99,-99.99,-99.99,-99.99,-99.99,-99.99,-99.99,-99.99,53,4.78,0.29,-0.1,8.09
2002,154,1900,-99.99,17.87,122.95,-99.99,-99.99,-99.99,-99.99,-99.99,-99.99,-99.99,-99.99,-99.99,-99.99,-99.99,-99.99,48,4.89,0.29,-0.1,7.08
2002,154,1930,-99.99,16.82,118.88,-99.99,-99.99,-99.99,-99.99,-99.99,-99.99,-99.99,-99.99,-99.99,-99.99,-99.99,-99.99,57,5.11,0.3,-0.09,6.67
2002,154,2000,-99.99,14.76,106.72,-99.99,-99.99,-99.99,-99.99,-99.99,-99.99,-99.99,-99.99,-99.99,-99.99,-99.99,-99.99,59,5.17,0.32,-0.08,5.85
2002,154,2030,-99.99,11.49,87.15,-99.99,-99.99,-99.99,-99.99,-99.99,-99.99,-99.99,-99.99,-99.99,-99.99,-99.99,-99.99,62,5.16,0.31,-0.05,4.55
2002,154,2100,-99.99,11.82,59.44,-99.99,-99.99,-99.99,-99.99,-99.99,-99.99,-99.99,-99.99,-99.99,-99.99,-99.99,-99.99,58,4.93,0.28,-0.05,4.68
2002,154,2130,-99.99,9.37,43.97,-99.99,-99.99,-99.99,-99.99,-99.99,-99.99,-99.99,-99.99,-99.99,-99.99,-99.99,-99.99,63,4.78,0.26,-0.04,3.72
2002,154,2200,-99.99,8.9,37.28,-99.99,-99.99,-99.99,-99.99,-99.99,-99.99,-99.99,-99.99,-99.99,-99.99,-99.99,-99.99,62,4.65,0.26,-0.04,3.53
2002,154,2230,-99.99,7.2,33.5,-99.99,-99.99,-99.99,-99.99,-99.99,-99.99,-99.99,-99.99,-99.99,-99.99,-99.99,-99.99,58,4.45,0.27,-0.05,2.85
2002,154,2300,-99.99,6.3,25.39,-99.99,-99.99,-99.99,-99.99,-99.99,-99.99,-99.99,-99.99,-99.99,-99.99,-99.99,-99.99,57,4.47,0.26,-0.04,2.5
2002,154,2330,-99.99,4.84,25.03,-99.99,-99.99,-99.99,-99.99,-99.99,-99.99,-99.99,-99.99,-99.99,-99.99,-99.99,-99.99,57,4.51,0.24,-0.02,1.93
2002,155,0,-99.99,-99.99,-99.99,-99.99,-99.99,-99.99,-99.99,-99.99,-99.99,-99.99,-99.99,-99.99,-99.99,-99.99,-99.99,-99.99,-99.99,-99.99,-99.99,-99.99
2002,155,30,-99.99,-99.99,-99.99,-99.99,-99.99,-99.99,-99.99,-99.99,-99.99,-99.99,-99.99,-99.99,-99.99,-99.99,-99.99,-99.99,-99.99,-99.99,-99.99,-99.99
2002,155,100,-99.99,-99.99,-99.99,-99.99,-99.99,-99.99,-99.99,-99.99,-99.99,-99.99,-99.99,-99.99,-99.99,-99.99,-99.99,-99.99,-99.99,-99.99,-99.99,-99.99
2002,155,130,-99.99,-99.99,-99.99,-99.99,-99.99,-99.99,-99.99,-99.99,-99.99,-99.99,-99.99,-99.99,-99.99,-99.99,-99.99,-99.99,-99.99,-99.99,-99.99,-99.99
2002,155,200,-99.99,-99.99,-99.99,-99.99,-99.99,-99.99,-99.99,-99.99,-99.99,-99.99,-99.99,-99.99,-99.99,-99.99,-99.99,-99.99,-99.99,-99.99,-99.99,-99.99
2002,155,230,-99.99,-99.99,-99.99,-99.99,-99.99,-99.99,-99.99,-99.99,-99.99,-99.99,-99.99,-99.99,-99.99,-99.99,-99.99,-99.99,-99.99,-99.99,-99.99,-99.99
2002,155,300,-99.99,-99.99,-99.99,-99.99,-99.99,-99.99,-99.99,-99.99,-99.99,-99.99,-99.99,-99.99,-99.99,-99.99,-99.99,-99.99,-99.99,-99.99,-99.99,-99.99
2002,155,330,-99.99,-99.99,-99.99,-99.99,-99.99,-99.99,-99.99,-99.99,-99.99,-99.99,-99.99,-99.99,-99.99,-99.99,-99.99,-99.99,-99.99,-99.99,-99.99,-99.99
2002,155,400,-99.99,-99.99,-99.99,-99.99,-99.99,-99.99,-99.99,-99.99,-99.99,-99.99,-99.99,-99.99,-99.99,-99.99,-99.99,-99.99,-99.99,-99.99,-99.99,-99.99
2002,155,430,-99.99,-99.99,-99.99,-99.99,-99.99,-99.99,-99.99,-99.99,-99.99,-99.99,-99.99,-99.99,-99.99,-99.99,-99.99,-99.99,-99.99,-99.99,-99.99,-99.99
2002,155,500,-99.99,-99.99,-99.99,-99.99,-99.99,-99.99,-99.99,-99.99,-99.99,-99.99,-99.99,-99.99,-99.99,-99.99,-99.99,-99.99,-99.99,-99.99,-99.99,-99.99
2002,155,530,-99.99,-99.99,-99.99,-99.99,-99.99,-99.99,-99.99,-99.99,-99.99,-99.99,-99.99,-99.99,-99.99,-99.99,-99.99,-99.99,-99.99,-99.99,-99.99,-99.99
2002,155,600,-99.99,-99.99,-99.99,-99.99,-99.99,-99.99,-99.99,-99.99,-99.99,-99.99,-99.99,-99.99,-99.99,-99.99,-99.99,-99.99,-99.99,-99.99,-99.99,-99.99
2002,155,630,-99.99,-99.99,-99.99,-99.99,-99.99,-99.99,-99.99,-99.99,-99.99,-99.99,-99.99,-99.99,-99.99,-99.99,-99.99,-99.99,-99.99,-99.99,-99.99,-99.99
2002,155,700,-99.99,-99.99,-99.99,-99.99,-99.99,-99.99,-99.99,-99.99,-99.99,-99.99,-99.99,-99.99,-99.99,-99.99,-99.99,-99.99,-99.99,-99.99,-99.99,-99.99
2002,155,730,-99.99,-99.99,-99.99,-99.99,-99.99,-99.99,-99.99,-99.99,-99.99,-99.99,-99.99,-99.99,-99.99,-99.99,-99.99,-99.99,-99.99,-99.99,-99.99,-99.99
2002,155,800,-99.99,-99.99,-99.99,-99.99,-99.99,-99.99,-99.99,-99.99,-99.99,-99.99,-99.99,-99.99,-99.99,-99.99,-99.99,-99.99,-99.99,-99.99,-99.99,-99.99
2002,155,830,-99.99,-99.99,-99.99,-99.99,-99.99,-99.99,-99.99,-99.99,-99.99,-99.99,-99.99,-99.99,-99.99,-99.99,-99.99,-99.99,-99.99,-99.99,-99.99,-99.99
2002,155,900,-99.99,-99.99,-99.99,-99.99,-99.99,-99.99,-99.99,-99.99,-99.99,-99.99,-99.99,-99.99,-99.99,-99.99,-99.99,-99.99,-99.99,-99.99,-99.99,-99.99
2002,155,930,-99.99,-99.99,-99.99,-99.99,-99.99,-99.99,-99.99,-99.99,-99.99,-99.99,-99.99,-99.99,-99.99,-99.99,-99.99,-99.99,-99.99,-99.99,-99.99,-99.99
2002,155,1000,-99.99,-99.99,-99.99,-99.99,-99.99,-99.99,-99.99,-99.99,-99.99,-99.99,-99.99,-99.99,-99.99,-99.99,-99.99,-99.99,-99.99,-99.99,-99.99,-99.99
2002,155,1030,-99.99,-99.99,-99.99,-99.99,-99.99,-99.99,-99.99,-99.99,-99.99,-99.99,-99.99,-99.99,-99.99,-99.99,-99.99,-99.99,-99.99,-99.99,-99.99,-99.99
2002,155,1100,271.3,-99.99,-99.99,33.18,56.36,831,-0.78,       ,-3.91,-4.22,-1.71,-99.99,-4.48,95.2,0,-99.99,-99.99,-99.99,-99.99,-99.99
2002,155,1130,266.4,-99.99,-99.99,31.5,53.13,797,-0.9,       ,-3.9,-4.21,-1.71,-99.99,-4.47,94.2,0,-99.99,-99.99,-99.99,-99.99,-99.99
2002,155,1200,305.2,-99.99,-99.99,32.82,55.38,851,-0.48,       ,-3.89,-4.21,-1.42,-99.99,-4.47,93,0,-99.99,-99.99,-99.99,-99.99,-99.99
2002,155,1230,332.3,-99.99,-99.99,33.72,58.26,883,-0.18,       ,-3.89,-4.22,-1.28,-99.99,-4.47,91.2,0,-99.99,-99.99,-99.99,-99.99,-99.99
2002,155,1300,352.1,-99.99,-99.99,34.54,57.51,944,0.22,       ,-3.88,-4.22,-1,-99.99,-4.46,89.7,0,-99.99,-99.99,-99.99,-99.99,-99.99
2002,155,1330,345,-99.99,-99.99,34.45,56.72,926,0.45,       ,-3.87,-4.21,-0.95,-99.99,-4.45,89.3,0,-99.99,-99.99,-99.99,-99.99,-99.99
2002,155,1400,356.1,-99.99,-99.99,33.27,52.47,953,0.44,       ,-3.86,-4.2,-0.86,-99.99,-4.45,89.2,0,-99.99,-99.99,-99.99,-99.99,-99.99
2002,155,1430,348.7,-99.99,-99.99,31.04,47.54,936,0.58,       ,-3.83,-4.19,-0.85,-99.99,-4.45,89.1,0,-99.99,-99.99,-99.99,-99.99,-99.99
2002,155,1500,319.3,-99.99,-99.99,29.54,44.35,880,0.64,       ,-3.82,-4.17,-0.97,-99.99,-4.47,88.9,0,-99.99,-99.99,-99.99,-99.99,-99.99
2002,155,1530,313,51.76,167.24,29.86,43.63,851,0.61,       ,-3.81,-4.16,-1.05,-99.99,-4.46,89.7,0,45,5.32,0.35,0.07,20.61
2002,155,1600,313.5,39.09,142.05,27.78,41.26,869,0.72,       ,-3.81,-4.17,-1.07,-99.99,-4.47,89.7,0,49,5.72,0.32,0,15.57
2002,155,1630,313.5,49.37,177.15,28.67,42.45,869,0.83,       ,-3.81,-4.18,-1.05,-99.99,-4.49,89.7,0,55,5.64,0.36,0.01,19.66
2002,155,1700,290.9,34.39,130.57,26.32,37.92,828,0.7,       ,-3.8,-4.18,-1.23,-99.99,-4.49,90.2,0,53,5.76,0.32,0.01,13.7
2002,155,1730,259.7,39.39,151.65,23.46,33.77,770,0.68,       ,-3.79,-4.18,-1.41,-99.99,-4.49,90.7,0,51,5.39,0.36,0.01,15.69
2002,155,1800,238.3,28.46,115.78,21.42,29.56,716,0.46,       ,-3.79,-4.18,-1.65,-99.99,-4.5,91.7,0,54,5.4,0.32,0,11.33
2002,155,1830,167.9,24.43,111.81,14.6,25.2,462,-0.02,       ,-3.79,-4.17,-2.16,-99.99,-4.48,94.2,0,58,5.65,0.36,-0.02,9.73
2002,155,1900,157.2,13.56,87.45,11.19,19.14,413.9,-0.44,       ,-3.79,-4.16,-2.48,-99.99,-4.48,96.6,0,55,5.85,0.34,-0.1,5.4
2002,155,1930,135.2,13.18,82.95,8.04,16.31,362.9,-0.59,       ,-3.81,-4.17,-2.69,-99.99,-4.48,96.8,0,63,6.18,0.37,-0.07,5.24
2002,155,2000,99.6,3.68,63.8,4.2,11.23,263.4,-0.61,       ,-3.82,-4.17,-2.99,-99.99,-4.48,97.3,0,65,6.14,0.37,-0.13,1.46
2002,155,2030,90.2,6.45,51.73,2.92,8.77,228.6,-0.64,       ,-3.83,-4.17,-3.11,-99.99,-4.48,97.5,0,62,5.86,0.34,-0.1,2.56
2002,155,2100,100.9,7.9,49.8,3.99,9.95,244.9,-0.76,       ,-3.84,-4.18,-3.09,-99.99,-4.48,97.7,0,63,5.92,0.33,-0.07,3.14
2002,155,2130,68.77,7.51,39.81,0.35,4.93,158.1,-0.88,       ,-3.84,-4.18,-3.33,-99.99,-4.48,98,0,59,5.68,0.34,-0.06,2.99
2002,155,2200,54.97,7.07,25.73,-1.28,3.03,104.7,-0.86,       ,-3.85,-4.18,-3.46,-99.99,-4.48,98.2,0,67,5.5,0.31,-0.03,2.82
2002,155,2230,51.52,1.12,23.64,-1.98,1.72,121.9,-0.86,       ,-3.86,-4.19,-3.53,-99.99,-4.49,98.4,0,62,5.13,0.29,-0.08,0.45
2002,155,2300,37.62,-3.67,20.93,-3.16,-0.06,105,-0.69,       ,-3.86,-4.18,-3.58,-99.99,-4.49,98.6,0,58,4.89,0.3,-0.12,-1.46
2002,155,2330,32.28,-0.84,18.08,-3.67,-1.14,96.6,-0.7,       ,-3.86,-4.18,-3.61,-99.99,-4.49,98.6,0,49,4.76,0.26,-0.05,-0.34
2002,156,0,25.06,1.43,17.37,-5.21,-3.61,80.2,-1.01,       ,-3.85,-4.18,-3.73,-99.99,-4.5,98.7,0,47,5.07,0.27,-0.03,0.57
2002,156,30,17.3,1.99,9.19,-6.53,-5.75,64.16,-1.19,       ,-3.85,-4.19,-3.78,-99.99,-4.5,98.6,0,48,4.48,0.23,-0.01,0.79
2002,156,100,13.37,2.95,6.65,-6.65,-5.98,58.65,-0.96,       ,-3.86,-4.19,-3.79,-99.99,-4.5,97.6,0,49,4.11,0.23,0,1.18
2002,156,130,11.65,2.39,9.66,-6.65,-6.1,56.03,-0.79,       ,-3.86,-4.18,-3.78,-99.99,-4.5,96.5,0,57,4.92,0.3,0,0.95
2002,156,200,10.62,2.47,8.86,-6.31,-5.43,53.9,-0.54,       ,-3.86,-4.18,-3.77,-99.99,-4.48,96.7,0,71,6.11,0.35,0.01,0.99
2002,156,230,14.36,3.46,18.91,-6.31,-5.01,62.07,-0.56,       ,-3.86,-4.18,-3.78,-99.99,-4.49,95.7,0,76,5.83,0.32,0.02,1.38
2002,156,300,13.31,3.48,19.53,-6.44,-5.1,59.22,-0.58,       ,-3.86,-4.18,-3.78,-99.99,-4.49,96.3,0,85,6.44,0.36,-0.02,1.39
2002,156,330,19.51,5.05,15.34,-6.06,-4.51,72.9,-0.55,       ,-3.86,-4.18,-3.78,-99.99,-4.49,95.9,0,83,6.97,0.39,0.01,2.02
2002,156,400,27.77,6.08,12.85,-4.93,-2.63,96.3,-0.4,       ,-3.86,-4.18,-3.74,-99.99,-4.48,96.4,0,83,6.72,0.4,0,2.43
2002,156,430,29.91,6.07,23.01,-4.49,-1.91,94.7,-0.38,       ,-3.87,-4.18,-3.72,-99.99,-4.48,95.9,0,80,7.07,0.42,-0.04,2.43
2002,156,500,33.68,5.68,28.12,-4.17,-1.53,94.2,-0.54,       ,-3.86,-4.18,-3.71,-99.99,-4.48,96.5,0,80,7.17,0.42,0.03,2.27
2002,156,530,31.97,2.65,33.5,-4.28,-1.68,93.8,-0.62,       ,-3.86,-4.18,-3.72,-99.99,-4.48,97.3,0,85,7.12,0.46,-0.05,1.06
2002,156,600,52.28,5.23,33.96,-2.44,0.87,149.1,-0.67,       ,-3.86,-4.18,-3.67,-99.99,-4.48,97.3,0,82,7.42,0.41,-0.01,2.09
2002,156,630,81.5,9.28,56.26,0.54,4.98,225.8,-0.58,       ,-3.86,-4.17,-3.53,-99.99,-4.47,97,0,81,7.73,0.45,-0.02,3.71
2002,156,700,106.3,11.57,73.53,2.81,10.13,269.4,-0.64,       ,-3.86,-4.17,-3.29,-99.99,-4.47,97.2,0,81,7.45,0.43,-0.02,4.63
2002,156,730,90.6,5.92,68.78,3.18,10.27,205.9,-0.51,       ,-3.86,-4.17,-3.26,-99.99,-4.47,97.5,0,81,6.87,0.74,-0.03,2.37
2002,156,800,101.6,-99.99,-99.99,4.3,11.62,210.8,-0.44,       ,-3.85,-4.17,-3.16,-99.99,-4.47,97.9,0,80,6.42,-99.99,-99.99,-99.99
2002,156,830,126.2,-99.99,-99.99,7.63,16.4,285.2,-0.28,-99.99,-3.85,-4.17,-2.94,-99.99,-4.47,97.8,0,81,5.86,-99.99,-99.99,-99.99
2002,156,900,124.2,-99.99,-99.99,8.01,16.54,300.2,-0.16,-99.99,-3.84,-4.16,-2.88,-99.99,-4.47,97.8,0,79,8.17,-99.99,-99.99,-99.99
2002,156,930,135.2,-99.99,-99.99,10.23,20.49,328,0.03,-99.99,-3.84,-4.16,-2.66,-99.99,-4.46,97.7,0,77,8.62,-99.99,-99.99,-99.99
2002,156,1000,136.1,-99.99,-99.99,10.79,21.54,342,0.24,-99.99,-3.84,-4.17,-2.55,-99.99,-4.46,97,0,81,6.62,-99.99,-99.99,-99.99
2002,156,1030,204.7,-99.99,-99.99,18.52,30.45,511.2,0.53,-99.99,-3.84,-4.17,-2.1,-99.99,-4.45,97,0,81,6.26,-99.99,-99.99,-99.99
2002,156,1100,203.6,22.75,94.77,20.46,36.34,517.2,0.69,-99.99,-3.83,-4.16,-1.8,-99.99,-4.44,96.5,0,77,6.16,0.35,-0.07,9.07
2002,156,1130,247.4,30.43,141.46,24.27,40.67,636,0.97,-99.99,-3.82,-4.15,-1.39,-99.99,-4.42,95.4,0,78,6.64,0.42,-0.06,12.13
2002,156,1200,229.3,25.28,120.99,21.37,36.2,593.9,0.92,-99.99,-3.81,-4.14,-1.52,-99.99,-4.42,95,0,76,6.84,0.41,-0.01,10.08
2002,156,1230,256.5,28.53,137.9,23.32,37.8,663.9,1.02,-99.99,-3.8,-4.14,-1.38,-99.99,-4.42,94.7,0,76,7.07,0.42,0,11.38
2002,156,1300,278.1,28.47,135.63,25.53,40.6,724,1.08,-99.99,-3.79,-4.13,-1.13,-99.99,-4.41,94.6,0,74.5,6.84,0.4,0,11.35
2002,156,1330,267,28.41,133.36,26.01,41.34,704,1.19,-99.99,-3.79,-4.13,-1.03,-99.99,-4.4,94.4,0,73,6.61,0.37,0,11.33
2002,156,1400,239.3,25.42,123.93,23,36.5,641.1,1.15,-99.99,-3.79,-4.13,-1.27,-99.99,-4.41,94.9,0,75,6.48,0.39,-0.02,10.14
2002,156,1430,242.2,24.83,117.89,24.77,39.61,650.9,1.28,-99.99,-3.78,-4.13,-1.12,-99.99,-4.4,94.3,0,75,6.26,0.36,-0.01,9.9
2002,156,1500,280.8,25.31,115.3,27.69,40.74,746,1.23,-99.99,-3.78,-4.12,-0.92,-99.99,-4.4,95,0,71,5.99,0.34,-0.02,10.09
2002,156,1530,289.5,28.56,132.42,27.26,39.25,765,1.23,-99.99,-3.75,-4.12,-0.74,-99.99,-4.4,95.2,0,66,6.38,0.37,-0.05,11.38
2002,156,1600,247,28.18,127.15,23.42,34.46,657.1,1.08,-99.99,-3.74,-4.11,-1.06,-99.99,-4.4,95.8,0,64,6.4,0.39,-0.1,11.23
2002,156,1630,211.3,23.81,111.5,20,30.81,562.7,0.93,-99.99,-3.74,-4.1,-1.35,-99.99,-4.39,96.2,0,67,6.24,0.37,-0.13,9.49
2002,156,1700,-99.99,-99.99,-99.99,-99.99,-99.99,-99.99,-99.99,-99.99,-99.99,-99.99,-99.99,-99.99,-99.99,-99.99,-99.99,-99.99,-99.99,-99.99,-99.99,-99.99
2002,156,1730,-99.99,-99.99,-99.99,-99.99,-99.99,-99.99,-99.99,-99.99,-99.99,-99.99,-99.99,-99.99,-99.99,-99.99,-99.99,-99.99,-99.99,-99.99,-99.99,-99.99
2002,156,1800,162,-99.99,-99.99,15.72,25.91,417.4,0.45,-99.99,-3.75,-4.09,-1.84,-99.99,-4.38,97.3,0,-99.99,-99.99,-99.99,-99.99,-99.99
2002,156,1830,160.7,-99.99,-99.99,14.71,24.27,410.2,0.42,-99.99,-3.75,-4.1,-1.91,-99.99,-4.39,97.3,0,-99.99,-99.99,-99.99,-99.99,-99.99
2002,156,1900,156.8,-99.99,-99.99,14.36,23.81,401,0.27,-99.99,-3.76,-4.11,-1.99,-99.99,-4.41,97.5,0,-99.99,-99.99,-99.99,-99.99,-99.99
2002,156,1930,149,-99.99,-99.99,12.55,22.15,383.9,0.16,-99.99,-3.76,-4.12,-2.1,-99.99,-4.42,97.5,0,-99.99,-99.99,-99.99,-99.99,-99.99
2002,156,2000,136.7,-99.99,-99.99,9.31,18.16,366.6,-0.02,-99.99,-3.75,-4.11,-2.33,-99.99,-4.43,97.6,0,-99.99,-99.99,-99.99,-99.99,-99.99
2002,156,2030,119.3,18.43,62.11,6.24,14.43,330.5,-0.21,-99.99,-3.76,-4.12,-2.57,-99.99,-4.43,97.5,0,77,5.23,0.27,-0.03,7.33
2002,156,2100,99.9,17.61,42.52,2.83,10.6,287.6,-0.35,-99.99,-3.76,-4.12,-2.85,-99.99,-4.44,97.5,0,80,5.25,0.29,-0.04,7
2002,156,2130,69.08,14.87,45.12,-0.7,5.4,208.6,-0.43,-99.99,-3.76,-4.11,-3.16,-99.99,-4.44,97.7,0,81,5.1,0.31,0,5.91
2002,156,2200,61.6,10.91,38.78,-2,3.88,186.6,-0.56,-99.99,-3.77,-4.11,-3.32,-99.99,-4.44,97.8,0,82,5.13,0.28,0.02,4.34
2002,156,2230,46.3,10.21,23.64,-3.73,1.36,153.6,-0.69,-99.99,-3.78,-4.11,-3.49,-99.99,-4.43,98.1,0,85,4.86,0.25,0.01,4.05
2002,156,2300,36.22,6.68,5.17,-4.99,-0.36,132.4,-0.76,-99.99,-3.79,-4.12,-3.61,-99.99,-4.44,98.2,0,87,4.56,0.28,-0.04,2.65
2002,156,2330,25.97,-99.99,-99.99,-5.88,-2.23,97.2,-0.73,-99.99,-3.79,-4.11,-3.7,-99.99,-4.43,98.5,0,-99.99,-99.99,-99.99,-99.99,-99.99
2002,157,0,16.2,-99.99,-99.99,-7.29,-4.5,74.6,-0.71,-99.99,-3.8,-4.12,-3.79,-99.99,-4.43,98.7,0,-99.99,-99.99,-99.99,-99.99,-99.99
2002,157,30,13.1,-99.99,-99.99,-7.33,-6.01,81.8,-0.73,-99.99,-3.79,-4.12,-3.8,-99.99,-4.43,98.7,0,-99.99,-99.99,-99.99,-99.99,-99.99
2002,157,100,9.38,-99.99,-99.99,-7.27,-6.47,82.5,-0.87,-99.99,-3.8,-4.12,-3.86,-99.99,-4.44,98.8,0,-99.99,-99.99,-99.99,-99.99,-99.99
2002,157,130,16.24,-99.99,-99.99,-7.61,-4.63,92,-0.9,-99.99,-3.79,-4.12,-3.89,-99.99,-4.44,98.6,0,-99.99,-99.99,-99.99,-99.99,-99.99
2002,157,200,22.5,-99.99,-99.99,-7.82,-4.57,103.9,-0.82,-99.99,-3.79,-4.12,-3.94,-99.99,-4.44,98,0,-99.99,-99.99,-99.99,-99.99,-99.99
2002,157,230,26.79,-99.99,-99.99,-8.71,-4.59,116,-0.72,-99.99,-3.79,-4.11,-3.93,-99.99,-4.43,97.2,0,-99.99,-99.99,-99.99,-99.99,-99.99
2002,157,300,33.96,-99.99,-99.99,-8.89,-4.7,137.7,-0.62,-99.99,-3.79,-4.11,-3.89,-99.99,-4.44,97.1,0,-99.99,-99.99,-99.99,-99.99,-99.99
2002,157,330,38.36,-99.99,-99.99,-8.7,-4.98,154.7,-0.32,-99.99,-3.8,-4.11,-3.83,-99.99,-4.43,96.7,0,-99.99,-99.99,-99.99,-99.99,-99.99
2002,157,400,55.04,-99.99,-99.99,-8.3,-5.36,208.2,-0.08,-99.99,-3.79,-4.11,-3.74,-99.99,-4.43,96.3,0,-99.99,-99.99,-99.99,-99.99,-99.99
2002,157,430,60,-99.99,-99.99,-7.75,-5.74,255,0.28,-99.99,-3.79,-4.1,-3.55,-99.99,-4.42,95.4,0,-99.99,-99.99,-99.99,-99.99,-99.99
2002,157,500,42.04,0.2,15.18,-7.19,-6.21,313.8,0.84,-99.99,-3.78,-4.1,-3.24,-99.99,-4.41,94.2,0,97,1.41,0.06,-0.03,-0.68
2002,157,530,52.63,-99.99,-99.99,-6.3,-7.51,373.6,0.93,-99.99,-3.77,-4.09,-2.86,-99.99,-4.4,95.4,0,-99.99,-99.99,-99.99,-99.99,-99.99
2002,157,600,63.33,-99.99,-99.99,-2.5,10.54,427.1,0.71,-99.99,-3.77,-4.09,-2.43,-99.99,-4.4,94.9,0,-99.99,-99.99,-99.99,-99.99,-99.99
2002,157,630,80.3,-99.99,-99.99,0.11,23.53,484.3,0.24,-99.99,-3.76,-4.08,-2.02,-99.99,-4.4,95.4,0,-99.99,-99.99,-99.99,-99.99,-99.99
2002,157,700,102.5,-99.99,-99.99,7.74,35.41,564.2,1.47,-99.99,-3.79,-4.08,-1.38,-99.99,-4.38,94.9,0,-99.99,-99.99,-99.99,-99.99,-99.99
2002,157,730,135.8,-99.99,-99.99,12.51,35.32,659.9,3.29,-99.99,-3.8,-4.08,-0.67,-99.99,-4.36,88,0,-99.99,-99.99,-99.99,-99.99,-99.99
2002,157,800,174.4,-99.99,-99.99,13.56,31.15,748,2.92,-99.99,-3.77,-4.07,-0.31,-99.99,-4.35,84.3,0,-99.99,-99.99,-99.99,-99.99,-99.99
2002,157,830,213.8,-99.99,-99.99,14.99,29.69,812,2.76,-99.99,-3.75,-4.06,-0.1,-99.99,-4.34,82.7,0,-99.99,-99.99,-99.99,-99.99,-99.99
2002,157,900,259.7,-99.99,-99.99,17.97,30.5,917,3.04,-99.99,-3.73,-4.05,0.32,-99.99,-4.33,81.9,0,-99.99,-99.99,-99.99,-99.99,-99.99
2002,157,930,307.7,-99.99,-99.99,20.5,28.27,1024,3,-99.99,-3.72,-4.05,0.59,-99.99,-4.32,82.6,0,-99.99,-99.99,-99.99,-99.99,-99.99
2002,157,1000,254,12.09,125.98,24.15,32.28,817,2.78,-99.99,-3.72,-4.06,0.27,-99.99,-4.31,83.6,0,232,6.1,0.36,0.01,0.64
2002,157,1030,230.1,10.3,109.2,26.09,31.7,726,2.58,-99.99,-3.71,-4.05,-0.41,-99.99,-4.32,84.8,0,224,5.69,0.35,0.02,0.92
2002,157,1100,331.8,17.29,168.24,31.86,37.46,1027,3.7,-99.99,-3.72,-4.06,0.58,-99.99,-4.3,81.3,0,218,6.34,0.38,0.06,0.97
2002,157,1130,351.3,19.53,163.55,39.63,44.36,1063,5.24,-99.99,-3.72,-4.05,1.29,-99.99,-4.27,75.6,0,212,7.04,0.42,0.04,0.72
2002,157,1200,152.2,9.66,74.89,21.3,28.52,507.6,5.02,-99.99,-3.68,-4.02,-0.27,-99.99,-4.27,76.5,0,207,6.56,0.37,0.03,0.59
2002,157,1230,121.7,8.22,50.41,17.22,21.44,407,5.07,-99.99,-3.69,-4.03,-1.01,-99.99,-4.29,75.8,0,209,6.54,0.38,0.02,0.54
2002,157,1300,174.7,-99.99,-99.99,24.77,30.61,541.9,5.3,-99.99,-3.7,-4.03,-0.62,-99.99,-4.29,75.6,0,-99.99,-99.99,-99.99,-99.99,-99.99
2002,157,1330,231.9,-99.99,-99.99,32.09,38.84,709,5.86,-99.99,-3.69,-4.01,0.07,-99.99,-4.26,75.4,0,-99.99,-99.99,-99.99,-99.99,-99.99
2002,157,1400,296.1,-99.99,-99.99,39.29,43.15,882,6.11,-99.99,-3.68,-4.02,0.6,-99.99,-4.26,75.4,0,-99.99,-99.99,-99.99,-99.99,-99.99
2002,157,1430,307.1,12.56,117.14,37.57,39.89,927,6.12,-99.99,-3.68,-4.03,1.04,-99.99,-4.28,75.2,0,214,7.41,0.39,0.06,1.66
2002,157,1500,279.9,16.6,137.6,36.33,39.75,842,6.07,-99.99,-3.66,-4.03,1.06,-99.99,-4.28,75.5,0,216,7.46,0.45,0.07,2.11
2002,157,1530,352.2,18.57,169.55,33.16,30.46,1065,5.66,-99.99,-3.63,-4.02,1.23,-99.99,-4.28,75.8,0,220,8.46,0.52,0.08,2.73
2002,157,1600,371.3,13.48,153.15,29.67,26.46,1133,5.41,-99.99,-3.62,-4.03,1.46,-99.99,-4.3,76,0,221,9.51,0.48,0.12,3.24
2002,157,1630,362,19.04,211.71,28.62,24.37,1138,4.73,-99.99,-3.59,-4.01,1.16,-99.99,-4.3,78.3,0,220,10.32,0.62,0.15,3.56
2002,157,1700,340.6,16.37,201.34,29.81,21.4,1088,4.4,-99.99,-3.58,-4.01,0.74,-99.99,-4.3,78.8,0,220,11.16,0.62,0.14,3.44
2002,157,1730,306.1,19.02,216.04,28.65,22.11,1010,4.49,-99.99,-3.59,-4.01,0.43,-99.99,-4.3,78.6,0,217,11.02,0.68,0.16,3.3
2002,157,1800,256,12.5,166.15,21.24,16.97,878,3.87,-99.99,-3.58,-4,-0.17,-99.99,-4.3,80.7,0,217,11.65,0.64,0.14,2.88
2002,157,1830,238.6,12.69,159.7,18.24,16.29,823,3.61,-99.99,-3.58,-3.99,-0.53,-99.99,-4.3,81.6,0,216,11.46,0.65,0.13,2.44
2002,157,1900,211.1,9.66,130.2,14.47,14.51,749,3.27,-99.99,-3.6,-4.01,-0.85,-99.99,-4.31,82.8,0,218,10.47,0.58,0.1,2.06
2002,157,1930,180.8,8.4,112.71,11.63,12.81,660.4,3.04,-99.99,-3.61,-4.01,-1.2,-99.99,-4.32,83.4,0,218,9.71,0.54,0.08,1.76
2002,157,2000,151.6,5.51,87.46,8.12,8.27,576.4,2.72,-99.99,-3.62,-4.01,-1.56,-99.99,-4.31,84.3,0,223,9.96,0.55,0.08,1.5
2002,157,2030,111.6,4.89,73.29,5.02,5.02,470.4,2.47,-99.99,-3.63,-4.01,-1.89,-99.99,-4.31,85,0,225,9.25,0.53,0.07,1.08
2002,157,2100,35.88,1.35,24.12,-2.48,-2.57,271.5,1.83,-99.99,-3.63,-3.98,-2.71,-99.99,-4.29,87.4,0,229,8.27,0.47,0.05,0.76
2002,157,2130,46.56,1.99,24.54,0.05,0.95,260.7,1.88,-99.99,-3.65,-3.99,-2.71,-99.99,-4.29,87.4,0,230,8.09,0.45,0.02,0.62
2002,157,2200,31.66,2.07,16.69,-1.01,0.35,167.8,1.6,-99.99,-3.67,-4,-2.86,-99.99,-4.29,88.6,0,219,7.46,0.42,0.03,0.62
2002,157,2230,21.91,1.25,9,-2.05,-0.97,127.3,1.55,-99.99,-3.68,-4,-2.98,-99.99,-4.29,88.8,0,219,7.56,0.4,0.03,0.51
2002,157,2300,17.74,1.09,7.73,-2.86,-1.57,121,1.35,-99.99,-3.69,-4,-3.1,-99.99,-4.3,89.7,0,222,7.23,0.4,0.02,0.43
2002,157,2330,4.6,-0.07,-2.02,-4.86,-3.46,107.6,1.3,-99.99,-3.69,-4,-3.28,-99.99,-4.3,90.1,0,215,7.32,0.39,0.01,0.36
2002,158,0,2.9,0.4,-0.36,-4.59,-1.12,118.8,1.68,-99.99,-3.69,-3.99,-3.16,-99.99,-4.27,88.8,0,207,7.68,0.39,0.02,0.42
2002,158,30,-15.68,-0.49,-13.29,-8.32,-4.94,120.6,1.56,-99.99,-3.69,-3.99,-3.39,-99.99,-4.29,88.8,0,210,7.76,0.4,0.01,0.41
2002,158,100,-27.04,-0.66,-19.01,-9.4,-8.65,107.8,1.32,-99.99,-3.69,-3.98,-3.63,-99.99,-4.26,89.9,0,202,6.62,0.35,0.02,0.4
2002,158,130,-22.26,-0.24,-17.66,-7.24,-6.67,113.8,1.66,-99.99,-3.71,-3.99,-3.62,-99.99,-4.27,88.8,0,205,7.03,0.36,0.02,0.38
2002,158,200,-20.98,-0.85,-25.2,-7.79,-6.2,117.8,1.77,-99.99,-3.71,-3.99,-3.59,-99.99,-4.26,88.5,0,200,6.3,0.35,0.01,0.46
2002,158,230,-16.84,-0.12,-19.33,-7.6,-4.87,127.6,2,-99.99,-3.71,-3.99,-3.49,-99.99,-4.26,88,0,203,6.91,0.36,0.02,0.52
2002,158,300,-12.36,0.08,-14.74,-7.43,-3.19,143.8,2.24,-99.99,-3.71,-3.98,-3.36,-99.99,-4.25,87.2,0,206,7.73,0.41,0.03,0.59
2002,158,330,-2.84,0.31,-11.21,-6.83,-3.02,171.2,2.15,-99.99,-3.7,-3.98,-3.29,-99.99,-4.26,87.1,0,206,7.26,0.4,0.02,0.58
2002,158,400,6.17,0.65,-6.75,-5.1,-1.24,197,2.14,-99.99,-3.7,-3.98,-3.17,-99.99,-4.27,87.1,0,210,7.73,0.42,0.03,0.65
2002,158,430,18.09,1.05,0.3,-3.7,0.41,235,2.28,-99.99,-3.7,-3.98,-2.95,-99.99,-4.26,86.9,0,209,7.98,0.41,0.02,0.78
2002,158,500,35,1.8,11.36,-2.24,1.76,291.4,2.4,-99.99,-3.69,-3.97,-2.69,-99.99,-4.25,86.6,0,209,8.23,0.44,0.03,0.95
2002,158,530,58.54,3.42,24.26,0.15,8.5,358.9,2.55,-99.99,-3.69,-3.97,-2.37,-99.99,-4.25,85.9,0,213,8.45,0.47,0.04,0.98
2002,158,600,73.9,3.36,34.65,1.62,10.97,400.4,2.47,-99.99,-3.68,-3.97,-2.12,-99.99,-4.25,86,0,212,8.32,0.44,0.04,0.91
2002,158,630,94.3,3.69,39.1,3.27,11.73,456.9,2.46,-99.99,-3.67,-3.97,-1.94,-99.99,-4.25,86,0,213,8.36,0.42,0.03,0.9
2002,158,700,130.2,5.24,59.09,5.82,16.71,566.9,2.69,-99.99,-3.66,-3.96,-1.42,-99.99,-4.23,84.8,0,214,8.73,0.46,0.04,0.95
2002,158,730,106.9,5.76,61.65,3.62,10.99,503.2,2.56,-99.99,-3.65,-3.96,-1.66,-99.99,-4.24,85.1,0,215,8.34,0.5,0.04,1.04
2002,158,800,115.9,5.13,55.59,5.24,9.94,519,2.52,-99.99,-3.65,-3.96,-1.73,-99.99,-4.24,85.5,0,215,8.28,0.44,0.04,1.03
2002,158,830,198.9,7.93,93.88,13.13,20.02,740,2.82,-99.99,-3.65,-3.96,-0.9,-99.99,-4.23,84.2,0,215,8.39,0.46,0.05,1.1
2002,158,900,209.1,8.4,100.79,14.89,19.33,765,2.81,-99.99,-3.65,-3.97,-0.61,-99.99,-4.23,84,0,216,8.33,0.44,0.04,1.19
2002,158,930,246.2,11.55,131.93,18.29,20.34,862,2.77,-99.99,-3.63,-3.95,-0.35,-99.99,-4.21,84.1,0,215,8.34,0.47,0.05,1.19
2002,158,1000,328,13.26,164.81,25.51,24.65,1084,2.97,-99.99,-3.63,-3.96,0.36,-99.99,-4.2,83.3,0,218,8.73,0.49,0.06,1.07
2002,158,1030,314.3,15.01,177.57,22.97,21.49,1057,3.12,-99.99,-3.62,-3.96,0.79,-99.99,-4.19,82.6,0,221,8.27,0.47,0.04,1.12
2002,158,1100,298.2,12.86,171.23,21.64,19.01,998,2.93,-99.99,-3.61,-3.95,0.74,-99.99,-4.19,83.1,0,221,8.23,0.48,0.03,1.29
2002,158,1130,351.5,14.45,185.6,26.47,21.55,1132,3.07,-99.99,-3.61,-3.95,1.11,-99.99,-4.19,82.8,0,222,7.95,0.47,0.07,1.45
2002,158,1200,426,16.38,210.93,32.7,27.72,1308,3.42,-99.99,-3.6,-3.95,1.94,-99.99,-4.17,81.5,0,223,8.45,0.46,0.06,1.52
2002,158,1230,446.8,16.81,209.81,30.95,24.78,1373,3.79,-99.99,-3.58,-3.95,2.68,-99.99,-4.15,79.9,0,223,8.28,0.44,0.06,1.47
2002,158,1300,480,18.85,230.68,34.36,27.26,1449,3.94,-99.99,-3.56,-3.94,3.01,-99.99,-4.13,79.6,0,222,8.21,0.44,0.07,1.03
2002,158,1330,469.8,21.15,248.01,32.72,27.91,1433,3.92,-99.99,-3.53,-3.93,3.34,-99.99,-4.12,79.6,0,224,7.78,0.44,0.06,0.38
2002,158,1400,434,24.2,245.84,33.71,24.14,1347,3.85,-99.99,-3.51,-3.92,3.3,-99.99,-4.11,80.2,0,231,6.83,0.46,0,0.32
2002,158,1430,400.2,19.78,223.89,36.06,27.38,1224,3.73,-99.99,-3.49,-3.93,2.97,-99.99,-4.12,80.6,0,229,6.6,0.42,-0.01,0.32
2002,158,1500,393.8,14.18,143.07,29.64,24.15,1263,3.39,-99.99,-3.48,-3.93,2.88,-99.99,-4.13,81.6,0,235,6.68,0.33,0.05,0.5
2002,158,1530,380.9,21.53,238.48,30.63,21.44,1259,3.59,-99.99,-3.46,-3.93,2.95,-99.99,-4.15,81.2,0,231,6.15,0.43,0,0.36
2002,158,1600,355.6,17.17,192.93,27.47,21.75,1215,3.42,-99.99,-3.44,-3.94,2.72,-99.99,-4.17,81.6,0,230,6.6,0.38,0.01,0.58
2002,158,1630,328.5,14.53,180.5,25.51,18.55,1158,2.99,-99.99,-3.42,-3.93,2.18,-99.99,-4.18,83.3,0,230,7.12,0.41,0.03,0.66
2002,158,1700,298.7,11.43,150.25,25.43,18.16,1098,2.81,-99.99,-3.42,-3.93,1.72,-99.99,-4.19,84.1,0,230,7.28,0.37,0.03,0.12
2002,158,1730,268.1,13.67,186.73,24.86,19.12,1027,2.69,-99.99,-3.42,-3.93,1.24,-99.99,-4.18,84.2,0,224,7.19,0.42,0.03,0.02
2002,158,1800,241.1,13.33,115.13,24.07,19.25,959,2.66,-99.99,-3.43,-3.93,0.95,-99.99,-4.18,84.5,0,222,6.71,0.44,-0.04,-0.03
2002,158,1830,216.4,11.82,153.11,20.21,17.88,879,2.69,-99.99,-3.43,-3.93,0.51,-99.99,-4.18,84.2,0,221,6.47,0.4,0.01,0.36
2002,158,1900,194.5,8.38,114.26,16.66,17.8,800,2.8,-99.99,-3.45,-3.93,0.22,-99.99,-4.19,83.5,0,223,5.89,0.34,0.02,0.25
2002,158,1930,174.1,7.13,98.38,13.55,15.29,720,2.71,-99.99,-3.47,-3.94,-0.17,-99.99,-4.18,83.6,0,228,5.2,0.32,0.01,0.16
2002,158,2000,152.1,7.33,94.97,11.12,11.97,643.1,2.74,-99.99,-3.49,-3.94,-0.47,-99.99,-4.18,83.3,0,226,4.66,0.3,0,0.13
2002,158,2030,125.8,5,64.5,8.76,7.99,567.4,2.89,-99.99,-3.51,-3.94,-0.74,-99.99,-4.18,82.6,0,229,4.34,0.26,0.01,0.24
2002,158,2100,97.6,3.27,45.22,6.34,10.19,493.1,2.94,-99.99,-3.53,-3.94,-1.01,-99.99,-4.17,82.3,0,218,3.67,0.22,0.01,0.29
2002,158,2130,68.96,2.83,26.92,3.79,10.74,422.1,3.76,-99.99,-3.55,-3.94,-1.31,-99.99,-4.16,78.6,0,213,3.24,0.16,0.01,0.22
2002,158,2200,46.14,1.71,14.11,1.08,8.19,359.4,3.92,-99.99,-3.55,-3.92,-1.62,-99.99,-4.16,77.1,0,216,2.56,0.14,0.01,0.2
2002,158,2230,28.63,0.73,3.77,-2.04,7.42,307.9,3.94,-99.99,-3.55,-3.92,-1.88,-99.99,-4.15,77.4,0,195,2.24,0.13,0,0.14
2002,158,2300,13.56,0.23,-0.16,-7.92,5.28,253.2,3.96,-99.99,-3.55,-3.91,-2.34,-99.99,-4.16,77.5,0,199,1.7,0.05,0.01,0.27
2002,158,2330,6.88,-99.99,-99.99,-9.42,1.76,224.2,4.14,-99.99,-3.56,-3.9,-2.84,-99.99,-4.17,78.5,0,-99.99,-99.99,-99.99,-99.99,-99.99
2002,159,0,-18.95,-99.99,-99.99,-7.82,-1.46,190.6,4.03,-99.99,-3.55,-3.89,-3.23,-99.99,-4.18,79.9,0,-99.99,-99.99,-99.99,-99.99,-99.99
2002,159,30,-9.13,-0.1,-0.99,-10.23,-5.93,142.8,3.28,-99.99,-3.53,-3.88,-3.29,-99.99,-4.17,83.3,0,127,2.12,0.04,0,0.07
2002,159,100,-12.64,0,-0.46,-12.47,-7.99,148.9,3.22,-99.99,-3.53,-3.87,-3.6,-99.99,-4.17,84.4,0,134,2.03,0.01,0,0.05
2002,159,130,-15.38,0.07,-2.14,-13.58,-4.84,143.1,2.5,-99.99,-3.54,-3.87,-3.8,-99.99,-4.17,87.5,0,123,1.89,0.03,0,0.09
2002,159,200,-13.78,-0.06,-1.28,-13.86,-4.55,144.8,2.81,-99.99,-3.55,-3.87,-3.8,-99.99,-4.16,88.5,0,126,1.75,0.02,0,0.15
2002,159,230,-11.35,-0.05,-0.88,-11.89,-4.47,156.2,2.7,-99.99,-3.56,-3.88,-3.75,-99.99,-4.17,89.5,0,123,1.76,0.03,0.01,0.2
2002,159,300,-6.86,-0.24,-2.35,-9.91,-4.76,179.9,2.55,-99.99,-3.56,-3.88,-3.68,-99.99,-4.17,88,0,113,1.88,0.03,0.01,0.26
2002,159,330,1.17,-0.06,-2.07,-8.17,-5.03,212,2.69,-99.99,-3.58,-3.88,-3.56,-99.99,-4.16,86.5,0,102,1.51,0.05,0.01,0.33
2002,159,400,10.18,-0.18,-4.69,-6.83,-5.6,251.5,2.59,-99.99,-3.57,-3.88,-3.3,-99.99,-4.16,86.7,0,108,1.84,0.09,0.02,0.41
2002,159,430,23,-0.17,-1.65,-5.33,-6.21,300.7,3.05,-99.99,-3.57,-3.87,-2.89,-99.99,-4.15,86.5,0,114,1.98,0.11,0.02,0.42
2002,159,500,40.02,-0.02,3.58,-3.38,-7.12,365.3,3.95,-99.99,-3.58,-3.88,-2.3,-99.99,-4.14,86.2,0,124,1.86,0.13,0.02,0.36
2002,159,530,59.24,1.25,13.72,1.72,2.69,433.9,4.63,-99.99,-3.59,-3.88,-1.68,-99.99,-4.13,84.1,0,106,2.04,0.11,0.02,0.17
2002,159,600,82.2,1.52,17.36,7.09,27.64,504.7,4.87,-99.99,-3.58,-3.88,-0.94,-99.99,-4.12,83.3,0,90,1.98,0.12,0.01,0.05
2002,159,630,108.1,3.82,43.5,7.28,34.87,586,5.23,-99.99,-3.58,-3.88,-0.08,-99.99,-4.1,82.8,0,90,2.27,0.17,-0.01,-0.06
2002,159,700,138.1,4.15,49.91,10.87,42.85,680.5,5.76,-99.99,-3.58,-3.87,0.7,-99.99,-4.08,81.5,0,95,2.29,0.18,0,-0.19
2002,159,730,133.5,4.12,39.3,10.75,38.32,654,5.72,-99.99,-3.57,-3.87,0.78,-99.99,-4.08,81.4,0,83,2.28,0.12,0,-0.38
2002,159,800,215.1,8.73,82.79,19.54,48.71,896,6.02,-99.99,-3.54,-3.87,1.92,-99.99,-4.07,81,0,83,2.46,0.13,-0.02,-0.44
2002,159,830,224.2,10.7,94.96,19.19,43.54,955,5.97,-99.99,-3.49,-3.86,2.55,-99.99,-4.06,80.7,0,71,2.88,0.19,-0.02,-0.54
2002,159,900,214.6,9.71,90.43,19.6,36.51,936,6.04,-99.99,-3.47,-3.85,2.63,-99.99,-4.04,80.8,0,67,2.62,0.18,-0.01,-0.62
2002,159,930,262.6,15.63,128.63,24.23,35.91,1069,6.28,-99.99,-3.46,-3.85,3.22,-99.99,-4.02,81.2,0,54,2.6,0.21,-0.04,-0.76
2002,159,1000,287.5,15.35,143.46,28.17,37.3,1134,5.94,-99.99,-3.43,-3.86,3.54,-99.99,-4.02,82.5,0,67,3.02,0.2,-0.03,-0.85
2002,159,1030,316.2,15.89,152.31,30.99,38.94,1197,6.46,-99.99,-3.42,-3.88,3.87,-99.99,-4.04,82.7,0,65,3.05,0.2,-0.03,-1.14
2002,159,1100,338.8,19.96,170.5,28.19,32.09,1214,5.91,-99.99,-3.37,-3.88,3.97,-99.99,-4.04,84.4,0,57,3.65,0.26,-0.05,-1.28
2002,159,1130,327,17.9,169.05,23.23,26.75,1152,5.66,-99.99,-3.34,-3.86,3.97,-99.99,-4.02,85.2,0,60,4.04,0.28,-0.07,-1.38
2002,159,1200,381.5,18.49,147.65,28.98,31.44,1265,6.06,-99.99,-3.32,-3.86,4.51,-99.99,-3.99,85.3,0,58,4.12,0.28,-0.05,-1.35
2002,159,1230,344.3,21.8,190.57,24.07,32.3,1170,5.95,-99.99,-3.3,-3.86,4.74,-99.99,-3.99,84.8,0,67,4.78,0.32,-0.06,-1.15
2002,159,1300,249.6,13.9,113.92,18.76,21.37,891,4.55,-99.99,-3.23,-3.82,2.38,-99.99,-4.01,87.5,0,69,4.78,0.32,-0.06,-1
2002,159,1330,354.2,18.09,149.25,29.95,40.15,1171,4.91,-99.99,-3.26,-3.83,3.76,-99.99,-3.99,84,0,73,5.06,0.29,-0.02,-0.86
2002,159,1400,246.4,15.21,126.2,22.73,32.51,888,4.52,-99.99,-3.24,-3.82,2.64,-99.99,-3.99,84.6,0,72,4.75,0.3,-0.04,-0.96
2002,159,1430,319.4,18.68,148.49,29.86,37.46,1063,4.92,-99.99,-3.25,-3.82,3.24,-99.99,-3.98,83.4,0,68,4.56,0.27,-0.05,-1.4
2002,159,1500,263.6,17.36,124.63,27.06,36.51,916,5.13,-99.99,-3.24,-3.83,2.9,-99.99,-3.99,82,0,71,4.52,0.3,-0.03,-1.49
2002,159,1530,252.8,19.25,115.88,26.06,35.28,880,5.43,-99.99,-3.23,-3.83,2.57,-99.99,-3.99,80.2,0,72,4.69,0.3,-0.1,-1.39
2002,159,1600,188.1,16.88,91.53,19.92,29.02,692.5,5.23,-99.99,-3.22,-3.82,1.99,-99.99,-4,81,0,64,4.37,0.3,-0.06,-0.71
2002,159,1630,171.5,11.04,74.56,16.21,23.02,620.8,4.21,-99.99,-3.22,-3.8,1.24,-99.99,-3.99,84.8,0,70,4.84,0.29,-0.02,-0.3
2002,159,1700,167,9.33,79.34,15.89,22.98,605.4,3.72,-99.99,-3.24,-3.79,0.94,-99.99,-3.99,85.5,0,77,4.52,0.3,-0.01,-0.23
2002,159,1730,125.1,8.46,62.65,11.76,19.24,480.2,3.58,-99.99,-3.26,-3.79,0.47,-99.99,-4,86,0,76,4.08,0.27,-0.01,-0.2
2002,159,1800,115.9,7.49,60.53,11.69,17.82,439.7,3.42,-99.99,-3.29,-3.8,0.14,-99.99,-4,87,0,74,3.5,0.25,-0.01,-0.26
2002,159,1830,108.2,5.05,41.97,10.96,18.1,410.1,3.37,-99.99,-3.3,-3.79,0.01,-99.99,-4,87.7,0,75,3.53,0.22,-0.01,-0.25
2002,159,1900,142.3,6.16,58.39,14.49,21.1,498.3,3.23,-99.99,-3.3,-3.79,0.13,-99.99,-4,88,0,80,4.31,0.26,-0.01,-0.22
2002,159,1930,90,5.8,36.08,8.58,16.63,354.6,3.41,-99.99,-3.31,-3.8,-0.14,-99.99,-4,86.1,0,71,3.51,0.22,-0.01,-0.08
2002,159,2000,65.46,4.61,22.81,5.23,8.94,269.8,3.11,-99.99,-3.33,-3.8,-0.76,-99.99,-4.01,87.1,0,67,2.9,0.19,0,0
2002,159,2030,39.62,2.65,18.44,1.27,4.47,193.7,2.78,-99.99,-3.34,-3.8,-1.3,-99.99,-4.02,88.7,0,73,3.06,0.2,0,0.05
2002,159,2100,41.92,2.34,13.32,1.72,4.33,190.9,2.59,-99.99,-3.36,-3.79,-1.55,-99.99,-4.01,89.3,0,72,2.96,0.18,0,0.19
2002,159,2130,30.45,1.87,7.54,-0.2,2.21,152.1,2.48,-99.99,-3.37,-3.79,-1.83,-99.99,-4.02,89.1,0,69,3.25,0.2,0,0.4
2002,159,2200,21.13,1.33,2.6,-1.38,0.46,126.7,2.3,-99.99,-3.39,-3.8,-2.1,-99.99,-4.03,89.4,0,54,2.85,0.17,0.02,0.45
2002,159,2230,11.95,0.61,-3.02,-3.49,-2.47,117,2.04,-99.99,-3.4,-3.78,-2.45,-99.99,-4.04,90.5,0,51,3.24,0.19,0.03,0.52
2002,159,2300,18.36,0.68,-3.38,-2.5,-0.65,143.7,2.28,-99.99,-3.43,-3.79,-2.44,-99.99,-4.03,90,0,64,3.32,0.19,0.01,0.46
2002,159,2330,25.71,0.83,-1.25,-0.86,2.46,181.2,2.38,-99.99,-3.44,-3.8,-2.38,-99.99,-4.03,90,0,51,2.46,0.16,0.03,0.73
2002,160,0,8.72,-99.99,-99.99,-4.54,-1.28,153.7,2.11,-99.99,-3.44,-3.79,-2.69,-99.99,-4.04,91,0,-99.99,-99.99,-99.99,-99.99,-99.99
2002,160,30,-2.29,-99.99,-99.99,-6.92,-5.44,125,1.84,-99.99,-3.45,-3.79,-3.06,-99.99,-4.04,92.5,0,-99.99,-99.99,-99.99,-99.99,-99.99
2002,160,100,-10.66,-99.99,-99.99,-9.13,-8.19,115.4,1.55,-99.99,-3.45,-3.79,-3.47,-99.99,-4.06,93.5,0,-99.99,-99.99,-99.99,-99.99,-99.99
2002,160,130,-15.6,-99.99,-99.99,-8.96,-10.02,102.4,1.5,-99.99,-3.48,-3.8,-3.75,-99.99,-4.07,93.6,0,-99.99,-99.99,-99.99,-99.99,-99.99
2002,160,200,2.07,-99.99,-99.99,-6.78,-6.21,112.9,1.32,-99.99,-3.5,-3.8,-3.58,-99.99,-4.05,94.1,0,-99.99,-99.99,-99.99,-99.99,-99.99
2002,160,230,1.45,-99.99,-99.99,-5.93,-2.67,106.4,1.64,-99.99,-3.51,-3.8,-3.32,-99.99,-4.06,93.4,0,-99.99,-99.99,-99.99,-99.99,-99.99
2002,160,300,1.65,-99.99,-99.99,-6.02,-3.79,124.9,1.44,-99.99,-3.5,-3.8,-3.39,-99.99,-4.06,93.3,0,-99.99,-99.99,-99.99,-99.99,-99.99
2002,160,330,8.18,-99.99,-99.99,-5.68,-3.76,158.5,1.45,-99.99,-3.49,-3.79,-3.33,-99.99,-4.07,93.1,0,-99.99,-99.99,-99.99,-99.99,-99.99
2002,160,400,16.28,-99.99,-99.99,-4.44,-1.43,184.4,1.38,-99.99,-3.49,-3.79,-3.1,-99.99,-4.05,92.6,0,-99.99,-99.99,-99.99,-99.99,-99.99
2002,160,430,25.9,-99.99,-99.99,-2.96,0.26,175.7,1.05,-99.99,-3.48,-3.78,-3,-99.99,-4.04,93.9,0,-99.99,-99.99,-99.99,-99.99,-99.99
2002,160,500,29.64,-99.99,-99.99,-2.32,0.88,170,1.34,-99.99,-3.47,-3.77,-2.8,-99.99,-4.03,92.7,0,-99.99,-99.99,-99.99,-99.99,-99.99
2002,160,530,37.45,-99.99,-99.99,-0.81,2.68,189.7,1.8,-99.99,-3.47,-3.77,-2.53,-99.99,-4.01,91.3,0,-99.99,-99.99,-99.99,-99.99,-99.99
2002,160,600,49.13,-99.99,-99.99,0.14,5.61,254.6,1.82,-99.99,-3.45,-3.76,-2.25,-99.99,-4.01,91,0,-99.99,-99.99,-99.99,-99.99,-99.99
2002,160,630,66.13,-99.99,-99.99,1.62,8.92,335.5,2.33,-99.99,-3.45,-3.76,-1.82,-99.99,-4,89.4,0,-99.99,-99.99,-99.99,-99.99,-99.99
2002,160,700,119.8,-99.99,-99.99,5.56,20.61,542.9,2.85,-99.99,-3.43,-3.76,-0.61,-99.99,-3.97,87.3,0,-99.99,-99.99,-99.99,-99.99,-99.99
2002,160,730,109.1,-99.99,-99.99,4.29,17.03,509.4,2.82,-99.99,-3.39,-3.74,-0.48,-99.99,-3.97,86.9,0,-99.99,-99.99,-99.99,-99.99,-99.99
2002,160,800,150.3,-99.99,-99.99,13.11,24.31,562.5,3.22,-99.99,-3.38,-3.75,0.08,-99.99,-3.95,86.4,0,-99.99,-99.99,-99.99,-99.99,-99.99
2002,160,830,169.2,-99.99,-99.99,16.46,28.43,608.4,4.15,-99.99,-3.34,-3.74,0.87,-99.99,-3.93,83.6,0,-99.99,-99.99,-99.99,-99.99,-99.99
2002,160,900,279.8,-99.99,-99.99,22.25,37.8,936,4.97,-99.99,-3.29,-3.73,2.4,-99.99,-3.89,80.9,0,-99.99,-99.99,-99.99,-99.99,-99.99
2002,160,930,315.6,-99.99,-99.99,17.9,33.07,1119,5.24,-99.99,-3.19,-3.7,3.61,-99.99,-3.84,79.7,0,-99.99,-99.99,-99.99,-99.99,-99.99
2002,160,1000,281.4,-99.99,-99.99,15.35,17.15,1054,3.46,-99.99,-3.09,-3.66,2.93,-99.99,-3.82,83.7,0,-99.99,-99.99,-99.99,-99.99,-99.99
2002,160,1030,378.7,-99.99,-99.99,19.21,16.64,1306,2.94,-99.99,-3.03,-3.65,3.22,-99.99,-3.82,85.5,0,-99.99,-99.99,-99.99,-99.99,-99.99
2002,160,1100,325,-99.99,-99.99,11.65,11.68,1123,2.63,-99.99,-2.96,-3.65,3.09,-99.99,-3.81,86.6,0,-99.99,-99.99,-99.99,-99.99,-99.99
2002,160,1130,323.6,-99.99,-99.99,16.4,13.6,1082,2.19,-99.99,-2.94,-3.63,2.55,-99.99,-3.81,89.1,0,-99.99,-99.99,-99.99,-99.99,-99.99
2002,160,1200,195.4,-99.99,-99.99,12.25,10.07,664.7,0.77,-99.99,-2.91,-3.62,1.08,-99.99,-3.84,94.1,0,-99.99,-99.99,-99.99,-99.99,-99.99
2002,160,1230,212.8,-99.99,-99.99,16.9,15.01,683.4,0.45,-99.99,-2.93,-3.63,0.8,-99.99,-3.86,95.7,0,-99.99,-99.99,-99.99,-99.99,-99.99
2002,160,1300,210.6,-99.99,-99.99,18.09,17.3,675.3,0.35,-99.99,-2.95,-3.65,0.76,-99.99,-3.87,95.4,0,-99.99,-99.99,-99.99,-99.99,-99.99
2002,160,1330,241.6,-99.99,-99.99,19.75,18.46,754,0.44,-99.99,-2.94,-3.65,0.94,-99.99,-3.86,95,0,-99.99,-99.99,-99.99,-99.99,-99.99
2002,160,1400,298,-99.99,-99.99,22.88,23.54,890,0.67,-99.99,-2.92,-3.64,1.64,-99.99,-3.83,94,0,-99.99,-99.99,-99.99,-99.99,-99.99
2002,160,1430,249.3,-99.99,-99.99,14.74,16.27,767,0.45,-99.99,-2.9,-3.64,1.3,-99.99,-3.85,93.7,0,-99.99,-99.99,-99.99,-99.99,-99.99
2002,160,1500,280.2,-99.99,-99.99,19.69,22.45,823,0.33,-99.99,-2.89,-3.64,1.88,-99.99,-3.84,94,0,-99.99,-99.99,-99.99,-99.99,-99.99
2002,160,1530,273,-99.99,-99.99,17.95,16.67,781,0.06,-99.99,-2.88,-3.64,1.28,-99.99,-3.85,95.5,0,-99.99,-99.99,-99.99,-99.99,-99.99
2002,160,1600,369.9,-99.99,-99.99,23.96,25.6,1050,0.36,-99.99,-2.86,-3.66,2.82,-99.99,-3.82,93.9,0,-99.99,-99.99,-99.99,-99.99,-99.99
2002,160,1630,266.5,-99.99,-99.99,16.4,17.61,772,0.17,-99.99,-2.81,-3.64,1.78,-99.99,-3.82,95.4,0,-99.99,-99.99,-99.99,-99.99,-99.99
2002,160,1700,254.9,-99.99,-99.99,15.02,14.59,732,0.01,-99.99,-2.8,-3.63,1.38,-99.99,-3.83,95.4,0,-99.99,-99.99,-99.99,-99.99,-99.99
2002,160,1730,237.4,-99.99,-99.99,14.13,13.5,692.6,-0.06,-99.99,-2.83,-3.65,1.06,-99.99,-3.85,95.5,0,-99.99,-99.99,-99.99,-99.99,-99.99
2002,160,1800,273.7,-99.99,-99.99,17.6,17.18,784,-0.16,-99.99,-2.83,-3.65,1.29,-99.99,-3.85,95.2,0,-99.99,-99.99,-99.99,-99.99,-99.99
2002,160,1830,222.8,-99.99,-99.99,12.01,10.96,672.8,-0.2,-99.99,-2.81,-3.65,0.82,-99.99,-3.85,95.2,0,-99.99,-99.99,-99.99,-99.99,-99.99
2002,160,1900,147.5,-99.99,-99.99,3.04,0.6,496.5,-0.43,-99.99,-2.85,-3.63,-0.36,-99.99,-3.86,95.2,0,-99.99,-99.99,-99.99,-99.99,-99.99
2002,160,1930,148.1,-99.99,-99.99,4.78,3.7,453.7,-0.36,-99.99,-2.9,-3.64,-0.62,-99.99,-3.87,96.3,0,-99.99,-99.99,-99.99,-99.99,-99.99
2002,160,2000,119.9,-99.99,-99.99,1.19,-0.57,390.2,-0.65,-99.99,-2.96,-3.64,-1.32,-99.99,-3.87,96.7,0,-99.99,-99.99,-99.99,-99.99,-99.99
2002,160,2030,102.9,-99.99,-99.99,-0.53,-1.62,347.1,-0.74,-99.99,-3.02,-3.65,-1.7,-99.99,-3.88,96.9,0,-99.99,-99.99,-99.99,-99.99,-99.99
2002,160,2100,116.6,-99.99,-99.99,1.99,1.41,367.5,-0.81,-99.99,-3.07,-3.65,-1.79,-99.99,-3.88,96.8,0,-99.99,-99.99,-99.99,-99.99,-99.99
2002,160,2130,106.8,-99.99,-99.99,2,2.99,309.5,-0.76,-99.99,-3.11,-3.66,-1.88,-99.99,-3.89,97,0,-99.99,-99.99,-99.99,-99.99,-99.99
2002,160,2200,69.07,-99.99,-99.99,-2.54,-1.55,219.3,-0.76,-99.99,-3.14,-3.66,-2.3,-99.99,-3.9,97.4,0,-99.99,-99.99,-99.99,-99.99,-99.99
2002,160,2230,62.26,-99.99,-99.99,-3.23,-3.77,201,-1.07,-99.99,-3.19,-3.68,-2.7,-99.99,-3.92,97.3,0,-99.99,-99.99,-99.99,-99.99,-99.99
2002,160,2300,26.09,-99.99,-99.99,-6.93,-8.19,107.9,-1.28,-99.99,-3.23,-3.69,-3.28,-99.99,-3.95,97.8,0,-99.99,-99.99,-99.99,-99.99,-99.99
2002,160,2330,25.42,-99.99,-99.99,-6.58,-8.26,103.9,-1.5,-99.99,-3.28,-3.69,-3.58,-99.99,-3.96,98.2,0,-99.99,-99.99,-99.99,-99.99,-99.99
2002,161,0,21.07,0.21,18.51,-6.92,-7.75,94,-1.61,-99.99,-3.32,-3.69,-3.73,-99.99,-3.97,98.2,0,13,3.6,0.17,-0.07,-1.94
2002,161,30,15.66,-0.43,28.78,-7.47,-8.47,76.4,-1.7,-99.99,-3.36,-3.7,-3.9,-99.99,-3.98,98.3,0,21,3.64,0.21,-0.1,-2.31
2002,161,100,17.31,-99.99,-99.99,-7.17,-6.79,76.5,-1.53,-99.99,-3.39,-3.7,-3.84,-99.99,-3.98,98.3,0,-99.99,-99.99,-99.99,-99.99,-99.99
2002,161,130,9.49,-99.99,-99.99,-7.66,-5.31,65.25,-1.66,-99.99,-3.41,-3.71,-3.87,-99.99,-3.98,98.2,0,-99.99,-99.99,-99.99,-99.99,-99.99
2002,161,200,11.37,-99.99,-99.99,-7.15,-5.46,59.11,-1.59,-99.99,-3.43,-3.71,-3.84,-99.99,-3.99,98.3,0,-99.99,-99.99,-99.99,-99.99,-99.99
2002,161,230,16.92,-99.99,-99.99,-6.52,-5.75,66.99,-1.61,-99.99,-3.44,-3.72,-3.79,-99.99,-4.01,98.5,0,-99.99,-99.99,-99.99,-99.99,-99.99
2002,161,300,19.9,-99.99,-99.99,-6.73,-5.77,72.3,-1.65,-99.99,-3.43,-3.71,-3.78,-99.99,-4,98.5,0,-99.99,-99.99,-99.99,-99.99,-99.99
2002,161,330,29.16,0.87,17.9,-7.57,-5.56,106.6,-1.85,-99.99,-3.42,-3.7,-3.83,-99.99,-3.99,98.3,0,9,3.9,0.22,-0.06,-1.51
2002,161,400,31.07,1.98,18.71,-9.21,-5.19,120.3,-2.16,-99.99,-3.43,-3.7,-3.91,-99.99,-3.98,98,0,3,4.22,0.24,-0.03,-2.02
2002,161,430,69.66,1.82,31.02,-5.23,-5.85,205.7,-2.13,-99.99,-3.45,-3.71,-3.69,-99.99,-3.99,98,0,4,3.75,0.22,-0.1,-2.49
2002,161,500,74.7,2.91,33.29,-3.66,-4.53,246.4,-2.05,-99.99,-3.44,-3.7,-3.57,-99.99,-3.97,97.6,0,360,4.41,0.25,-0.12,-2.14
2002,161,530,61.25,2.3,29.77,-4.55,-3.48,199,-2.09,-99.99,-3.43,-3.7,-3.65,-99.99,-3.98,97.2,0,3,4.28,0.24,-0.09,-1.67
2002,161,600,67.45,4.02,27.1,-3.54,-1.68,216.8,-2.09,-99.99,-3.42,-3.71,-3.61,-99.99,-3.99,96.3,0,14,4.06,0.23,-0.06,-1.57
2002,161,630,78.3,3.93,24.75,-1.67,0.53,236.6,-1.97,-99.99,-3.42,-3.72,-3.49,-99.99,-3.99,95.4,0,17,3.81,0.19,-0.06,-1.86
2002,161,700,92,4.72,33.57,-0.28,2.69,269.7,-1.69,-99.99,-3.4,-3.71,-3.17,-99.99,-3.98,95.5,0,17,4.02,0.22,-0.08,-1.55
2002,161,730,125.6,7.01,50.21,1.66,6.62,378.2,-1.55,-99.99,-3.38,-3.71,-2.61,-99.99,-3.97,95,0,21,4.22,0.25,-0.1,-1.52
2002,161,800,145.5,6.64,96.75,2.55,9.44,448,-1.54,-99.99,-3.34,-3.7,-2.07,-99.99,-3.96,94.9,0,23,4.24,0.44,-0.02,-1.73
2002,161,830,134.5,8.85,103.54,0.7,5.17,422.4,-1.77,-99.99,-3.31,-3.7,-2.16,-99.99,-3.95,95.8,0,37.5,3.74,0.39,-0.07,-1.02
2002,161,900,146.3,11.06,110.33,4.56,9.95,446.9,-1.55,-99.99,-3.29,-3.7,-1.75,-99.99,-3.96,94.9,0,52,3.24,0.34,-0.12,-0.31
2002,161,930,215.2,12.1,162.81,12.24,18.15,611.8,-1.01,-99.99,-3.26,-3.7,-0.86,-99.99,-3.95,91.7,0,31.5,3.63,0.32,-0.01,-0.35
2002,161,1000,209.5,13.13,215.3,11.5,20.85,604.3,-0.71,-99.99,-3.19,-3.68,-0.06,-99.99,-3.9,90.4,0,11,4.02,0.31,0.1,-0.39
2002,161,1030,253.5,17.75,140.92,15.87,24.1,743,-0.27,-99.99,-3.11,-3.67,0.81,-99.99,-3.87,90,0,17,4.18,0.29,-0.1,-1.48
2002,161,1100,179,10.19,94.54,9.52,11.42,559.4,-0.33,-99.99,-3.07,-3.65,-0.08,-99.99,-3.87,90.3,0,21,4.13,0.21,-0.05,-1.06
2002,161,1130,202.7,9.18,88.41,15.78,18.37,628.1,-0.07,-99.99,-3.05,-3.66,0.42,-99.99,-3.87,89.8,0,24,3.55,0.18,-0.04,-0.96
2002,161,1200,196.7,-99.99,-99.99,13.37,18.19,621.2,0.17,-99.99,-3.01,-3.64,0.62,-99.99,-3.85,89.7,0,-99.99,-99.99,-99.99,-99.99,-99.99
2002,161,1230,219.4,-99.99,-99.99,16.19,20.31,712,0.23,-99.99,-2.96,-3.63,0.81,-99.99,-3.83,89.3,0,-99.99,-99.99,-99.99,-99.99,-99.99
2002,161,1300,223.8,13.97,112,16.5,20.1,779,0.4,-99.99,-2.92,-3.62,1.07,-99.99,-3.81,88.8,0,23,4.21,0.25,-0.03,-0.88
2002,161,1330,195.6,12.31,97.51,13.79,15.31,687.2,0.22,-99.99,-2.89,-3.61,0.68,-99.99,-3.81,91.4,0,23,4.03,0.25,-0.03,-0.91
2002,161,1400,219.8,19.53,127.73,16.3,18.8,748,0.42,-99.99,-2.88,-3.61,0.97,-99.99,-3.81,91.8,0,16,3.93,0.25,-0.06,-1.18
2002,161,1430,255.1,18.82,145.38,17.08,21.94,847,0.67,-99.99,-2.83,-3.6,1.49,-99.99,-3.79,90.6,0,359,4.21,0.27,-0.03,-1.44
2002,161,1500,240.2,13.69,127.07,12.95,15.15,793,0.37,-99.99,-2.77,-3.58,1.13,-99.99,-3.79,93,0,353,4.82,0.27,-0.06,-1.88
2002,161,1530,226.7,14.64,139.78,12.18,12.68,722,0.54,-99.99,-2.76,-3.59,0.87,-99.99,-3.78,93.8,0,355,4.89,0.32,-0.09,-2.22
2002,161,1600,170.7,9.84,101.89,6.45,6.64,560.7,0.42,-99.99,-2.75,-3.57,0.28,-99.99,-3.77,93.2,0,359,5.19,0.3,-0.09,-2.5
2002,161,1630,152.1,7.89,91.57,6.09,6.04,477.8,0.16,-99.99,-2.78,-3.58,-0.35,-99.99,-3.8,96.4,0,184,4.77,0.27,-0.11,-2.36
2002,161,1700,161.8,5.94,81.25,9.59,9.14,495.4,0.03,-99.99,-2.83,-3.59,-0.27,-99.99,-3.81,96.2,0,9,4.34,0.23,-0.13,-2.21
2002,161,1730,200.6,9.45,99.58,14.58,17.18,602.5,0.13,-99.99,-2.83,-3.6,0.44,-99.99,-3.82,94.3,0,11.5,4.13,0.25,-0.09,-1.59
2002,161,1800,190.8,12.95,117.9,13.67,15.31,583.2,0.09,-99.99,-2.81,-3.59,0.46,-99.99,-3.81,93.2,0,14,3.92,0.26,-0.06,-0.97
2002,161,1830,158.6,10.04,90.2,9.27,11,501.3,-0.01,-99.99,-2.8,-3.58,0.04,-99.99,-3.81,92.9,0,9,3.97,0.25,-0.05,-0.66
2002,161,1900,126.8,8.67,66.65,5.89,5.38,415.4,-0.25,-99.99,-2.81,-3.58,-0.52,-99.99,-3.81,91.3,0,15,3.83,0.21,-0.01,-0.42
2002,161,1930,123.4,8.52,67.59,5.11,3.26,435.2,-0.45,-99.99,-2.86,-3.59,-0.77,-99.99,-3.83,91.2,0,23,3.93,0.22,-0.02,-0.61
2002,161,2000,51.67,4.88,43.88,-4.02,-6.7,220,-0.85,-99.99,-2.92,-3.58,-2.06,-99.99,-3.84,92.9,0,24,4.06,0.22,-0.02,-0.82
2002,161,2030,76.3,5.2,52.14,1.04,-1.29,265.6,-0.91,-99.99,-3,-3.6,-2.13,-99.99,-3.87,94.9,0,19,3.58,0.24,-0.04,-0.88
2002,161,2100,81.7,3.87,48.27,1.03,2.19,274.6,-0.98,-99.99,-3.03,-3.6,-1.96,-99.99,-3.86,95.5,0,3,3.72,0.22,-0.05,-0.69
2002,161,2130,45.8,2.97,34.27,-3.93,-4.79,182.3,-1.11,-99.99,-3.07,-3.6,-2.64,-99.99,-3.87,95.6,0,6,3.71,0.22,-0.02,-0.29
2002,161,2200,21.76,1.5,20.15,-5.88,-8.15,117.9,-1.19,-99.99,-3.15,-3.62,-3.19,-99.99,-3.91,96.1,0,30,3.39,0.21,-0.01,-0.09
2002,161,2230,21.57,1.61,14.77,-6.32,-7.9,131,-1.25,-99.99,-3.21,-3.62,-3.41,-99.99,-3.91,95.1,0,20,3.62,0.17,0,0.04
2002,161,2300,16.3,1.26,10.99,-6.18,-7.42,107.4,-1.2,-99.99,-3.26,-3.64,-3.57,-99.99,-3.93,95.8,0,20,3.25,0.18,0,0.09
2002,161,2330,18.32,2.07,12.26,-5.24,-5.75,108.1,-0.92,-99.99,-3.31,-3.64,-3.53,-99.99,-3.93,94.2,0,23,3,0.2,0,0.16
2002,162,0,12.72,1.64,7.39,-5.96,-5.88,94.9,-0.73,-99.99,-3.34,-3.65,-3.56,-99.99,-3.94,93.4,0,17,3.08,0.17,0.01,0.24
2002,162,30,9.65,1.94,7.86,-6.57,-6.84,83.2,-0.63,-99.99,-3.36,-3.64,-3.65,-99.99,-3.92,93.3,0,0,3.66,0.22,0.01,0.22
2002,162,100,9.91,1.67,6.76,-6.65,-6.79,88.5,-0.62,-99.99,-3.37,-3.63,-3.69,-99.99,-3.89,93,0,1,4.03,0.24,0.01,0.22
2002,162,130,7.83,1.09,5.06,-6.87,-6.92,89.5,-0.69,-99.99,-3.37,-3.63,-3.75,-99.99,-3.91,94.1,0,355,3.63,0.19,0.01,0.18
2002,162,200,6.99,0.62,4.86,-6.85,-6.8,89.6,-0.72,-99.99,-3.39,-3.63,-3.78,-99.99,-3.92,95.1,0,354,3.47,0.19,0.01,0.17
2002,162,230,6.16,0.47,3.96,-6.88,-6.79,89.4,-0.7,-99.99,-3.4,-3.64,-3.8,-99.99,-3.92,95.7,0,354,3.38,0.19,0.01,0.1
2002,162,300,8.51,0.41,5.3,-6.29,-5.94,88.5,-0.66,-99.99,-3.41,-3.64,-3.75,-99.99,-3.93,96.3,0,355,3.18,0.19,0,0.1
2002,162,330,11.96,0.51,6.49,-5.72,-4.93,92.6,-0.62,-99.99,-3.42,-3.65,-3.66,-99.99,-3.94,96.6,0,355,3.01,0.16,0,-0.22
2002,162,400,14.23,0.35,6.49,-5.21,-4.18,92.6,-0.64,-99.99,-3.41,-3.64,-3.57,-99.99,-3.94,97.3,0,6,2.91,0.15,0.01,-0.49
2002,162,430,17.67,-0.02,8.08,-4.87,-3.6,103.4,-0.56,-99.99,-3.4,-3.64,-3.47,-99.99,-3.93,97.8,0,359,2.92,0.17,-0.04,-0.6
2002,162,500,23.83,0.47,14.86,-4.06,-2.59,121.6,-0.48,-99.99,-3.4,-3.65,-3.34,-99.99,-3.94,97.2,0,347,2.76,0.19,-0.03,-0.45
2002,162,530,38.69,1.19,12,-2.25,-0.26,167.6,-0.41,-99.99,-3.38,-3.64,-3.07,-99.99,-3.93,96.2,0,346,2.85,0.14,-0.01,-0.34
2002,162,600,54.06,1.85,19.28,-0.75,2.07,216.4,-0.37,-99.99,-3.34,-3.63,-2.75,-99.99,-3.92,95.8,0,346,3,0.16,-0.02,-0.57
2002,162,630,56.32,2.74,25.14,-1.39,1.81,230.6,-0.35,-99.99,-3.31,-3.62,-2.59,-99.99,-3.91,95.4,0,350,2.93,0.18,-0.02,-1.13
2002,162,700,119.6,7.1,56.27,4.77,12.65,411.4,-0.21,-99.99,-3.27,-3.61,-1.56,-99.99,-3.89,93.7,0,356,3.13,0.18,-0.04,-1.56
2002,162,730,142.6,6.84,70.63,7.68,17.03,464.2,-0.46,-99.99,-3.2,-3.61,-0.89,-99.99,-3.87,95.4,0,355,2.92,0.2,-0.09,-1.65
2002,162,800,162.1,9.67,84.26,9.43,18.57,534,-0.24,-99.99,-3.11,-3.61,-0.24,-99.99,-3.86,94.7,0,344,2.84,0.19,-0.07,-1.46
2002,162,830,188.3,10.89,96.85,10.62,17.47,608.3,-0.07,-99.99,-3.03,-3.59,0.14,-99.99,-3.83,93.1,0,347,3.08,0.2,-0.05,-1.24
2002,162,900,205.5,11.61,115.4,8.61,16.06,738,-0.12,-99.99,-2.91,-3.57,0.88,-99.99,-3.81,92.1,0,336,2.92,0.19,-0.06,-1.26
2002,162,930,319.4,23.16,175.35,13.35,18.54,1170,0.6,-99.99,-2.81,-3.55,2.61,-99.99,-3.75,88,0,328,2.97,0.22,-0.05,-1.1
2002,162,1000,272.4,18.33,143.42,11.81,15.44,1163,0.56,-99.99,-2.68,-3.54,3.01,-99.99,-3.73,88.6,0,344,2.86,0.2,-0.05,-1.43
2002,162,1030,310.2,27.09,191.36,15.7,16.93,1208,0.94,-99.99,-2.54,-3.54,4.06,-99.99,-3.71,86.3,0,345,3,0.21,-0.04,-1.45
2002,162,1100,345.9,29.32,218.65,18.21,17.33,1250,1.11,-99.99,-2.39,-3.53,4.71,-99.99,-3.67,85.5,0,343,3.4,0.22,-0.09,-1.35
2002,162,1130,355.4,26.57,208.12,22.54,15.49,1259,1.03,-99.99,-2.23,-3.5,4.6,-99.99,-3.63,86.6,0,320,3.75,0.25,-0.05,-0.88
2002,162,1200,353.9,29.84,230.58,23.56,17.57,1238,1.1,-99.99,-2.05,-3.47,5.2,-99.99,-3.6,87.4,0,318,3.45,0.25,-0.03,-0.8
2002,162,1230,162.2,14.12,100.23,5.33,2.56,669.3,0.58,-99.99,-2,-3.45,2.32,-99.99,-3.65,88.9,0,314,3.19,0.21,-0.03,-0.74
2002,162,1300,231.2,17.38,127.32,15.57,9.21,809,0.76,-99.99,-2.05,-3.45,2.29,-99.99,-3.67,87.5,0,314,3.55,0.2,-0.04,-0.81
2002,162,1330,201.4,19.47,121.19,12.95,11.67,720,0.82,-99.99,-2.07,-3.45,2.12,-99.99,-3.66,88.7,0,320,3.68,0.24,-0.02,-0.5
2002,162,1400,302.1,23.06,166.12,16.48,13.28,1013,0.98,-99.99,-2.11,-3.46,3.76,-99.99,-3.63,87.7,0,343,3.89,0.24,-0.04,-0.35
2002,162,1430,385.5,25.67,175.87,18.28,17.48,1281,1.09,-99.99,-2.08,-3.47,6.13,-99.99,-3.61,85.6,0,360,3.92,0.17,0,-0.04
2002,162,1500,403,32.11,223.18,17.11,16.1,1354,1.26,-99.99,-2.06,-3.62,7.28,-99.99,-3.71,84.4,0,353,3.94,0.27,0,0.29
2002,162,1530,368.8,26.74,191.1,18.43,17.85,1214,1.12,-99.99,-1.91,-3.59,6.26,-99.99,-3.69,84.9,0,348,4.02,0.23,0,0.06
2002,162,1600,246.4,19,127.58,13.82,11.93,803,0.66,-99.99,-1.89,-3.58,3.03,-99.99,-3.74,85.6,0,353,3.98,0.23,0.04,-0.58
2002,162,1630,247.6,22.2,155.11,17.47,16.1,801,0.81,-99.99,-1.94,-3.57,3.13,-99.99,-3.72,84.6,0,348,3.6,0.24,-0.03,-1.34
2002,162,1700,195.1,17.99,108.11,12.93,14.04,650.3,0.5,-99.99,-2.01,-3.58,2.19,-99.99,-3.74,89,0,6,3.09,0.19,-0.08,-1.03
2002,162,1730,175.6,23.89,114.17,7.74,4.34,662.3,0.49,-99.99,-2.13,-3.6,1.39,-99.99,-3.77,89,0,18,3.64,0.26,-0.06,-0.57
2002,162,1800,189.5,15.37,95.29,12.56,11.56,661,0.71,-99.99,-2.23,-3.61,1.65,-99.99,-3.76,84,0,20,3.73,0.22,0.01,-0.08
2002,162,1830,148,15.55,88.46,6.84,4.33,551.1,0.43,-99.99,-2.33,-3.6,0.64,-99.99,-3.77,85.5,0,24,3.84,0.23,-0.02,-0.34
2002,162,1900,132.5,15.6,72.77,6.65,5.36,493.9,0.6,-99.99,-2.44,-3.6,0.21,-99.99,-3.77,84,0,23,3.78,0.25,0,-0.36
2002,162,1930,138.1,11.25,86.31,3.68,2.04,566.5,0.48,-99.99,-2.53,-3.61,0.15,-99.99,-3.8,87.3,0,15,3.55,0.25,-0.03,-0.35
2002,162,2000,99.2,15.82,80.33,-1.16,-3.18,497,0.6,-99.99,-2.64,-3.62,-0.41,-99.99,-3.82,80.3,0,29,3.96,0.29,-0.02,-0.13
2002,162,2030,94.9,8.69,41.14,3.37,1.71,376.4,0.46,-99.99,-2.75,-3.61,-1.05,-99.99,-3.8,80.7,0,24,3.54,0.23,0,0.04
2002,162,2100,60.12,6.01,27.89,-1.74,-2.36,305.9,0.36,-99.99,-2.84,-3.61,-1.7,-99.99,-3.82,83.9,0,14,3.43,0.19,0,-0.04
2002,162,2130,58.99,5.76,31.18,-2.57,-2.75,307.8,0.27,-99.99,-2.93,-3.62,-1.88,-99.99,-3.84,87.9,0,10,3.73,0.22,0,-0.08
2002,162,2200,46.42,3.3,21.35,-2.43,-2.79,245.3,-0.11,-99.99,-3.03,-3.63,-2.4,-99.99,-3.85,91.9,0,25,3,0.18,-0.01,-0.06
2002,162,2230,31.62,1.83,15.91,-4.23,-3.02,221.5,-0.23,-99.99,-3.1,-3.64,-2.7,-99.99,-3.86,92.9,0,39,2.25,0.12,0,0.05
2002,162,2300,19.62,1.93,6.68,-6.24,-6.31,185.2,-0.51,-99.99,-3.19,-3.64,-3.25,-99.99,-3.88,92.9,0,42,2.14,0.13,0,0.16
2002,162,2330,20.35,2.81,7.01,-5.51,-5.86,150.4,-0.46,-99.99,-3.25,-3.65,-3.31,-99.99,-3.89,89.6,0,26,2.7,0.16,0.01,0.25
2002,163,0,15.52,3.44,5.38,-6.43,-6.63,144.6,-0.35,-99.99,-3.32,-3.65,-3.49,-99.99,-3.89,87.1,0,43,2.92,0.18,0.01,0.24
2002,163,30,5.36,2.41,-0.25,-8.21,-9.12,128.1,-0.61,-99.99,-3.37,-3.66,-3.83,-99.99,-3.91,91.1,0,21,3.15,0.18,0.01,0.22
2002,163,100,10.07,1.3,4.02,-6.75,-7.1,118.7,-0.65,-99.99,-3.42,-3.67,-3.78,-99.99,-3.91,92.5,0,27,3.05,0.17,0.01,0.23
2002,163,130,6.64,1.37,1.48,-7.31,-6.73,121.2,-0.74,-99.99,-3.47,-3.67,-3.86,-99.99,-3.92,92.7,0,35,2.66,0.14,0.01,0.29
2002,163,200,8.43,2.63,2.99,-6.93,-6.28,113.6,-0.75,-99.99,-3.5,-3.68,-3.85,-99.99,-3.92,90.6,0,26,2.39,0.15,0.01,0.31
2002,163,230,10.24,3.25,1.42,-7.1,-6.14,115.1,-0.74,-99.99,-3.52,-3.68,-3.85,-99.99,-3.93,86.4,0,16,2.77,0.15,0.01,0.29
2002,163,300,12.96,3.75,1.85,-7.2,-5.97,127,-0.73,-99.99,-3.53,-3.69,-3.85,-99.99,-3.93,84.9,0,14,3.1,0.19,0.01,0.26
2002,163,330,16.4,4.4,3.12,-6.9,-5.95,126.4,-0.67,-99.99,-3.54,-3.69,-3.81,-99.99,-3.94,82.7,0,12,3.39,0.2,0.01,0.23
2002,163,400,21.99,5.05,5.46,-6.53,-5.92,149.4,-0.65,-99.99,-3.55,-3.7,-3.75,-99.99,-3.94,81.9,0,19,3.46,0.18,0.01,0.18
2002,163,430,26.78,3.26,7.52,-6.24,-5.78,184.1,-0.86,-99.99,-3.55,-3.69,-3.7,-99.99,-3.93,86,0,28,3.11,0.17,0.01,-0.04
2002,163,500,33.95,2.02,11.96,-5.86,-5.63,206.1,-1.09,-99.99,-3.54,-3.69,-3.59,-99.99,-3.93,91.4,0,30,2.66,0.16,0,-0.3
2002,163,530,37.47,2.01,13.76,-6.28,-4.16,262.5,-1.17,-99.99,-3.53,-3.69,-3.49,-99.99,-3.94,94.6,0,17,2.87,0.16,-0.02,-0.5
2002,163,600,68.67,3.92,20.91,-2.15,1.96,301.1,-1.21,-99.99,-3.51,-3.69,-3.11,-99.99,-3.93,94.1,0,16,3.28,0.18,-0.02,-0.5
2002,163,630,76.2,6.51,30.48,1.26,5.67,303.6,-1.05,-99.99,-3.47,-3.7,-2.62,-99.99,-3.93,92,0,24,2.62,0.16,-0.02,-0.53
2002,163,700,103.7,7.24,38.58,4.1,10.34,397.7,-0.79,-99.99,-3.39,-3.69,-1.77,-99.99,-3.9,89.2,0,30,2.66,0.13,-0.02,-0.54
2002,163,730,126.6,11.48,73.67,6.04,17.61,525.3,-0.36,-99.99,-3.28,-3.67,-0.57,-99.99,-3.87,86.5,0,37,2.46,0.19,-0.03,-0.52
2002,163,800,139.2,12.82,78.57,5.25,13.65,525.9,-0.23,-99.99,-3.17,-3.67,-0.42,-99.99,-3.86,82.7,0,26,3.35,0.21,-0.02,-0.48
2002,163,830,160.1,13.08,78.86,7.56,14.89,576.6,-0.07,-99.99,-3.07,-3.66,0.1,-99.99,-3.85,79.3,0,24,3.36,0.21,-0.01,-0.59
2002,163,900,185.8,14.98,93.07,10.92,18.99,671.1,0.03,-99.99,-2.96,-3.64,0.92,-99.99,-3.82,79.9,0,33,3.34,0.19,-0.02,-0.65
2002,163,930,207.4,17.13,128.86,13.6,20.32,734,0,-99.99,-2.84,-3.63,1.44,-99.99,-3.79,81.9,0,31,3.32,0.24,-0.04,-0.84
2002,163,1000,265.4,19.47,154.78,16.11,24.57,1025,0.36,-99.99,-2.69,-3.6,3.33,-99.99,-3.74,81.1,0,35,3.4,0.19,-0.02,-0.83
2002,163,1030,241,18.4,134.7,16.17,23.17,869,0.03,-99.99,-2.59,-3.6,2.48,-99.99,-3.72,86.3,0,59,3.65,0.21,-0.05,-1.4
2002,163,1100,260.5,22.18,143.16,15.85,19.4,887,-0.02,-99.99,-2.46,-3.58,2.82,-99.99,-3.7,87.5,0,50,3.82,0.21,-0.04,-1.5
2002,163,1130,343.3,32.4,150.06,19.37,20.77,1118,0.07,-99.99,-2.36,-3.57,3.83,-99.99,-3.69,89.5,0,40,4.15,0.2,-0.09,-1.5
2002,163,1200,396.4,30.28,226.64,17.91,14.13,1371,0.38,-99.99,-2.19,-3.56,6.07,-99.99,-3.64,87.7,0,41,4.67,0.29,-0.06,-0.87
2002,163,1230,368.2,29.67,220.08,17.32,16.38,1258,0.21,-99.99,-2.03,-3.53,6.12,-99.99,-3.59,87.2,0,47,4.49,0.29,-0.04,-0.59
2002,163,1300,378.5,29.86,218.64,18.51,15.46,1280,0.39,-99.99,-1.91,-3.51,6.12,-99.99,-3.57,84,0,48,4.98,0.3,-0.01,-0.32
2002,163,1330,392,33.45,248.52,16.61,11.81,1356,0.61,-99.99,-1.8,-3.5,6.74,-99.99,-3.55,82,0,41,5.32,0.33,-0.02,-0.33
2002,163,1400,401.2,39.26,289.53,18.77,13.92,1337,0.52,-99.99,-1.72,-3.48,6.58,-99.99,-3.53,81.7,0,42,5.56,0.39,0,-0.08
2002,163,1430,397.5,33.05,248,16.58,10.76,1335,0.26,-99.99,-1.64,-3.47,6.53,-99.99,-3.52,82.9,0,39,5.87,0.35,-0.01,-0.26
2002,163,1500,383.1,32.65,248.41,17.95,12.07,1257,0.16,-99.99,-1.61,-3.46,6,-99.99,-3.51,81.4,0,39,5.75,0.36,0.01,-0.23
2002,163,1530,350.9,27.92,202.51,20.67,14.72,1172,0.12,-99.99,-1.6,-3.45,5.66,-99.99,-3.49,79.3,0,44,4.88,0.27,-0.03,-0.52
2002,163,1600,246.5,21.95,160.56,14.29,12.43,838,0.14,-99.99,-1.63,-3.44,3.36,-99.99,-3.5,80.5,0,43,4.97,0.28,-0.01,-0.4
2002,163,1630,161.5,18.61,130.64,8.01,5.14,570.7,-0.24,-99.99,-1.78,-3.44,0.98,-99.99,-3.55,81.9,0,53,4.45,0.32,-0.03,-0.36
2002,163,1700,211,16.77,131.89,13.3,11.91,701,-0.36,-99.99,-1.93,-3.45,1.18,-99.99,-3.57,82.2,0,65,5.17,0.3,-0.01,-1.03
2002,163,1730,189.4,12.96,104.25,12.15,13.11,654.9,-0.4,-99.99,-2.05,-3.46,1.07,-99.99,-3.59,81.8,0,71,4.75,0.26,-0.01,-1.86
2002,163,1800,164.2,9.53,37.98,10.13,11.08,561.9,-0.3,-99.99,-2.17,-3.47,0.45,-99.99,-3.61,82.4,0,67,4.58,0.29,-0.11,-1.9
2002,163,1830,158.5,12.94,48.43,9.01,9.11,534.6,-0.41,-99.99,-2.28,-3.47,0.05,-99.99,-3.62,82.7,0,63,4.96,0.28,-0.12,-1.21
2002,163,1900,123,13.51,61.17,4.6,4.68,464.3,-0.44,-99.99,-2.4,-3.48,-0.7,-99.99,-3.65,84,0,70,4.41,0.28,-0.01,-0.36
2002,163,1930,161.3,12.3,93.49,9.11,11.06,620.8,-0.13,-99.99,-2.47,-3.51,0.34,-99.99,-3.67,84.1,0,67,4.04,0.24,-0.03,-0.35
2002,163,2000,102.5,7.88,60.7,1.36,1.92,449.1,-0.18,-99.99,-2.57,-3.5,-0.82,-99.99,-3.68,83.6,0,65,4.47,0.26,-0.01,-0.15
2002,163,2030,107.6,9.11,66.08,0.89,0.27,483.7,-0.24,-99.99,-2.69,-3.51,-1.15,-99.99,-3.7,85,0,63,4.4,0.3,-0.01,0.02
2002,163,2100,106.6,8.48,58.81,-0.73,-1.68,535.8,-0.37,-99.99,-2.81,-3.54,-0.83,-99.99,-3.73,86.1,0,50,3.92,0.26,0,0.13
2002,163,2130,60.96,3.63,25.2,-6.25,-7.57,413.5,-0.83,-99.99,-2.94,-3.55,-1.74,-99.99,-3.76,87.6,0,45,3.65,0.19,0.01,0.2
2002,163,2200,34.94,1.85,15.81,-9.3,-11.9,330.1,-1.4,-99.99,-3.06,-3.55,-2.92,-99.99,-3.79,90,0,38,3.43,0.2,0,0.22
2002,163,2230,-1.01,0.51,-0.28,-12.7,-13.48,222.2,-2.14,-99.99,-3.18,-3.54,-4.23,-99.99,-3.82,92.8,0,30,3.38,0.19,0.01,0.22
2002,163,2300,7.58,0.66,2.22,-13.4,-8.38,228.1,-2.18,-99.99,-3.29,-3.58,-4.06,-99.99,-3.86,93,0,33,2.96,0.18,0.02,0.19
2002,163,2330,16.7,0.55,3.51,-12.62,-6.56,223,-2.28,-99.99,-3.36,-3.58,-4.27,-99.99,-3.87,94.7,0,30,3.27,0.18,0,0.13
2002,164,0,13.1,0.46,4.24,-14.62,-5.45,196.9,-2.47,-99.99,-3.43,-3.59,-4.18,-99.99,-3.87,94.9,0,34,3.18,0.18,0,0.01
2002,164,30,-4.81,0.49,2.05,-15.35,-6.66,133.3,-2.65,-99.99,-3.47,-3.6,-4.61,-99.99,-3.88,96,0,32,3.45,0.21,0.01,-0.28
2002,164,100,5.3,0.39,8.01,-11.61,-8.12,109.9,-2.2,-99.99,-3.52,-3.62,-4.41,-99.99,-3.89,96.6,0,36,4.04,0.24,-0.01,-0.62
2002,164,130,8.5,-0.17,11.27,-10.36,-8.49,124,-1.91,-99.99,-3.54,-3.62,-4.33,-99.99,-3.89,97.1,0,44,4.69,0.27,-0.03,-1.08
2002,164,200,11.97,0.94,14.28,-10.52,-8.75,130.5,-2.14,-99.99,-3.54,-3.63,-4.35,-99.99,-3.89,97.8,0,41,4.81,0.28,-0.04,-1.06
2002,164,230,10.55,0.03,14.37,-12.09,-9.87,127.8,-2.47,-99.99,-3.55,-3.63,-4.55,-99.99,-3.9,98.3,0,43,4.76,0.29,-0.07,-1.51
2002,164,300,8.73,0.63,12.29,-13.12,-11.39,135.3,-2.57,-99.99,-3.56,-3.63,-4.63,-99.99,-3.9,98.3,0,46,4.62,0.25,-0.03,-1.88
2002,164,330,21.75,-0.54,18.42,-11.62,-11,178.2,-2.7,-99.99,-3.56,-3.64,-4.47,-99.99,-3.9,98.2,0,41,4.26,0.27,-0.09,-2.22
2002,164,400,29.37,-0.3,22.82,-11.64,-11.73,227,-2.97,-99.99,-3.56,-3.63,-4.43,-99.99,-3.9,97.9,0,44,4.21,0.26,-0.12,-1.96
2002,164,430,43.05,1.74,30.4,-9.51,-10.6,284.7,-2.85,-99.99,-3.57,-3.64,-4.17,-99.99,-3.9,97.6,0,42,4.39,0.27,-0.07,-1.44
2002,164,500,50.15,2.07,34.61,-9.03,-9.84,334.9,-2.86,-99.99,-3.56,-3.64,-3.98,-99.99,-3.9,97.2,0,40,4.36,0.26,-0.06,-1.21
2002,164,530,41.27,1.44,22.92,-8.49,-8.88,308.5,-2.93,-99.99,-3.56,-3.64,-4.13,-99.99,-3.9,96.9,0,43,4.19,0.24,-0.05,-1.32
2002,164,600,34.95,1.58,20.61,-9.93,-8.36,299,-2.94,-99.99,-3.57,-3.64,-4.16,-99.99,-3.9,96.7,0,45,3.75,0.23,-0.04,-2
2002,164,630,72.7,2.98,47.06,0.58,-6.63,324.2,-2.77,-99.99,-3.59,-3.65,-3.74,-99.99,-3.89,97,0,63,4.76,0.29,-0.07,-2.29
2002,164,700,79.5,2.79,53.06,1.47,-5.28,307.2,-2.47,-99.99,-3.58,-3.66,-3.62,-99.99,-3.89,97.8,0,69,4.86,0.32,-0.14,-2.69
2002,164,730,107.7,4.56,61.75,5.6,-1.61,435.9,-2.63,-99.99,-3.56,-3.65,-3.02,-99.99,-3.88,97.5,0,74,4.92,0.28,-0.08,-2.7
2002,164,800,116.3,3.73,72.69,8.14,2.91,425.5,-2.26,-99.99,-3.54,-3.65,-2.7,-99.99,-3.88,97.4,0,66,4.56,0.28,-0.12,-3.31
2002,164,830,138.3,5.97,88.16,11.85,13.11,497.5,-2.05,-99.99,-3.51,-3.64,-2.11,-99.99,-3.87,97.2,0,55,4.65,0.29,-0.14,-3.44
2002,164,900,165.6,7.23,114.95,15.72,17.87,624.9,-2.03,-99.99,-3.46,-3.64,-1.21,-99.99,-3.86,96.6,0,48,4.87,0.32,-0.16,-3.29
2002,164,930,192.1,10.42,138.57,17.31,20.76,756,-1.82,-99.99,-3.34,-3.63,-0.11,-99.99,-3.84,96,0,45.5,5.18,0.33,-0.14,-3.06
2002,164,1000,218.9,13.61,162.19,15.83,17.67,948,-1.4,-99.99,-3.17,-3.61,1.25,-99.99,-3.8,94.1,0,43,5.48,0.33,-0.12,-2.83
2002,164,1030,262.1,-99.99,-99.99,12.76,14.29,1173,-0.86,-99.99,-2.94,-3.59,2.81,-99.99,-3.74,91.4,0,-99.99,-99.99,-99.99,-99.99,-99.99
2002,164,1100,313.5,-99.99,-99.99,12.27,11.08,1228,-0.77,-99.99,-2.72,-3.58,3.34,-99.99,-3.7,91.4,0,-99.99,-99.99,-99.99,-99.99,-99.99
2002,164,1130,358.8,-99.99,-99.99,14.7,9.01,1345,-0.23,-99.99,-2.49,-3.56,4.34,-99.99,-3.63,89.1,0,-99.99,-99.99,-99.99,-99.99,-99.99
2002,164,1200,381.6,21.48,186.81,13.22,8.27,1390,0.12,-99.99,-2.27,-3.52,5.5,-99.99,-3.56,87.8,0,42,5.92,0.32,-0.05,-0.8
2002,164,1230,393,26.56,215.57,15.22,9.35,1411,0.52,-99.99,-2.05,-3.48,6.51,-99.99,-3.49,86.2,0,45,5.72,0.35,-0.04,-0.61
2002,164,1300,399.2,29.39,236.33,13.83,9.21,1424,0.7,-99.99,-1.83,-3.44,7.25,-99.99,-3.43,85.8,0,42,5.55,0.35,-0.01,-0.45
2002,164,1330,411,31.8,247.81,12.9,8.44,1447,0.88,-99.99,-1.65,-3.41,7.41,-99.99,-3.39,85.5,0,42,6.12,0.38,-0.02,-0.53
2002,164,1400,412.3,28.01,219.02,14.58,10.27,1442,0.89,-99.99,-1.51,-3.38,7.82,-99.99,-3.34,85.3,0,47,5.78,0.34,-0.02,-0.51
2002,164,1430,410.9,23.76,194.18,14.03,8.82,1428,0.8,-99.99,-1.38,-3.35,7.76,-99.99,-3.29,86.5,0,46,5.95,0.32,-0.02,-0.47
2002,164,1500,405.4,25.33,204.25,15.02,10.63,1405,0.97,-99.99,-1.27,-3.33,8.16,-99.99,-3.25,87.3,0,45,5.45,0.32,-0.02,-0.42
2002,164,1530,392.6,29.57,232.94,13.53,10.16,1371,0.96,-99.99,-1.18,-3.31,7.72,-99.99,-3.22,87.5,0,44,5.7,0.36,-0.02,-0.38
2002,164,1600,383.1,26.15,205.22,13.06,10.36,1341,0.84,-99.99,-1.14,-3.29,7.08,-99.99,-3.21,87.4,0,45,5.81,0.34,-0.01,-0.44
2002,164,1630,366.5,23.49,195.67,14.03,10.27,1293,0.76,-99.99,-1.12,-3.27,6.54,-99.99,-3.21,87.4,0,46,5.68,0.32,-0.02,-0.54
2002,164,1700,346,28,219.75,18.6,9.69,1234,0.81,-99.99,-1.13,-3.26,6.1,-99.99,-3.21,87.5,0,47,5.47,0.35,-0.02,-0.52
2002,164,1730,319.3,22.38,186.16,17.85,10.57,1162,0.8,-99.99,-1.17,-3.26,5.52,-99.99,-3.21,87.8,0,49,5.24,0.32,-0.03,-0.41
2002,164,1800,299.9,19.24,168.13,20.3,11.26,1106,0.75,-99.99,-1.21,-3.26,5.33,-99.99,-3.22,88.4,0,47,4.76,0.3,-0.02,-0.35
2002,164,1830,266.3,13.72,127.27,13.62,6.2,1010,0.51,-99.99,-1.27,-3.25,4.22,-99.99,-3.24,88.7,0,46,5.11,0.27,-0.01,-0.26
2002,164,1900,206.1,12.97,120,9.1,4.2,820,0.32,-99.99,-1.42,-3.23,2.47,-99.99,-3.28,89.5,0,44,4.71,0.3,-0.02,-0.35
2002,164,1930,173.9,11.8,104.53,6.54,2.84,736,0.17,-99.99,-1.59,-3.24,1.73,-99.99,-3.32,90.1,0,47,4.25,0.27,0,-0.44
2002,164,2000,180,9.31,97.96,4.95,0.39,761,0.01,-99.99,-1.78,-3.25,1.73,-99.99,-3.36,90.2,0,43,4.45,0.27,-0.02,-0.54
2002,164,2030,143.9,10.64,106.73,2.88,-1.93,645.2,-0.1,-99.99,-2.01,-3.28,0.86,-99.99,-3.4,90.1,0,46,4.32,0.31,-0.03,-0.54
2002,164,2100,101.7,5.65,55.25,0.9,-0.21,452.3,-0.57,-99.99,-2.21,-3.29,-0.66,-99.99,-3.45,91.9,0,49,4.23,0.24,-0.02,-0.5
2002,164,2130,70.3,4.35,50.66,-1.16,-2.32,310.2,-0.75,-99.99,-2.4,-3.3,-1.87,-99.99,-3.5,93.4,0,56,4.67,0.28,-0.02,-0.78
2002,164,2200,50.81,3.52,47.37,-3.05,-4.52,237.3,-1.02,-99.99,-2.56,-3.33,-2.53,-99.99,-3.56,94.9,0,57,4.75,0.29,-0.02,-0.91
2002,164,2230,15.19,-0.5,22.28,-7.48,-9.99,130.1,-1.53,-99.99,-2.73,-3.36,-3.54,-99.99,-3.62,96.8,0,61,4.32,0.27,-0.05,-1.26
2002,164,2300,12.69,-99.99,-99.99,-7.6,-10.4,107.3,-1.89,-99.99,-2.89,-3.39,-3.99,-99.99,-3.69,98,0,-99.99,-99.99,-99.99,-99.99,-99.99
2002,164,2330,21.04,-99.99,-99.99,-6.52,-8.21,123.1,-2.01,-99.99,-3.03,-3.43,-4.01,-99.99,-3.74,98.3,0,-99.99,-99.99,-99.99,-99.99,-99.99
2002,165,0,26.6,0.84,24.25,-5.98,-6.69,138.1,-2.17,-99.99,-3.13,-3.46,-4.02,-99.99,-3.77,98.4,0,57,3.98,0.24,-0.09,-1.76
2002,165,30,17.95,1.07,20.9,-7.2,-6.8,117.6,-2.2,-99.99,-3.23,-3.48,-4.15,-99.99,-3.8,98.3,0,48,3.71,0.22,-0.06,-1.35
2002,165,100,10.52,1.14,13.08,-8.23,-5.7,103.3,-2.29,-99.99,-3.32,-3.5,-4.34,-99.99,-3.81,98.3,0,62,3.91,0.21,-0.07,-0.6
2002,165,130,10.1,1.29,23.54,-9.42,-5.11,105.3,-2.59,-99.99,-3.38,-3.52,-4.55,-99.99,-3.82,98.2,0,75,3.88,0.21,-0.04,-0.09
2002,165,200,11.43,2.05,33.55,-9.88,-5.47,107.4,-2.75,-99.99,-3.43,-3.54,-4.59,-99.99,-3.83,98,0,81,3.42,0.13,0.03,0.75
2002,165,230,11.99,-99.99,-99.99,-11.48,-6.43,121.6,-2.99,-99.99,-3.46,-3.55,-4.74,-99.99,-3.84,97.8,0,-99.99,-99.99,-99.99,-99.99,-99.99
2002,165,300,19.18,-99.99,-99.99,-9.67,-7,124.1,-3,-99.99,-3.49,-3.56,-4.6,-99.99,-3.84,97.7,0,-99.99,-99.99,-99.99,-99.99,-99.99
2002,165,330,14.44,-99.99,-99.99,-9.74,-7.13,111,-2.77,-99.99,-3.52,-3.57,-4.54,-99.99,-3.83,97.8,0,-99.99,-99.99,-99.99,-99.99,-99.99
2002,165,400,15.49,-99.99,-99.99,-9.44,-7.4,114.5,-2.69,-99.99,-3.53,-3.57,-4.46,-99.99,-3.83,97.8,0,-99.99,-99.99,-99.99,-99.99,-99.99
2002,165,430,29.34,-99.99,-99.99,-6.19,-6.99,154.9,-2.4,-99.99,-3.54,-3.58,-4.25,-99.99,-3.83,97.9,0,-99.99,-99.99,-99.99,-99.99,-99.99
2002,165,500,46.28,-99.99,-99.99,-3.62,-6.41,209.6,-2.45,-99.99,-3.55,-3.58,-4.05,-99.99,-3.83,97.8,0,-99.99,-99.99,-99.99,-99.99,-99.99
2002,165,530,47.87,-99.99,-99.99,-3.12,-5.96,220.7,-2.38,-99.99,-3.53,-3.58,-3.95,-99.99,-3.83,97.6,0,-99.99,-99.99,-99.99,-99.99,-99.99
2002,165,600,37.93,-99.99,-99.99,-4.14,-5.73,190.4,-2.33,-99.99,-3.53,-3.58,-4.02,-99.99,-3.83,97.4,0,-99.99,-99.99,-99.99,-99.99,-99.99
2002,165,630,41.67,-99.99,-99.99,-2.66,-4.89,201.6,-2.09,-99.99,-3.53,-3.57,-3.83,-99.99,-3.82,97.7,0,-99.99,-99.99,-99.99,-99.99,-99.99
2002,165,700,43.87,-99.99,-99.99,-2.36,-3.43,207.9,-2.06,-99.99,-3.54,-3.58,-3.76,-99.99,-3.83,97.8,0,-99.99,-99.99,-99.99,-99.99,-99.99
2002,165,730,70.1,-99.99,-99.99,1.5,2.85,283.8,-1.84,-99.99,-3.51,-3.58,-3.35,-99.99,-3.82,97.8,0,-99.99,-99.99,-99.99,-99.99,-99.99
2002,165,800,99.5,-99.99,-99.99,5.47,10.89,372,-1.47,-99.99,-3.43,-3.57,-2.54,-99.99,-3.81,97.8,0,-99.99,-99.99,-99.99,-99.99,-99.99
2002,165,830,136.4,-99.99,-99.99,9.86,19.37,540.5,-1.18,-99.99,-3.29,-3.55,-1.46,-99.99,-3.79,97.6,0,-99.99,-99.99,-99.99,-99.99,-99.99
2002,165,900,102.4,-99.99,-99.99,5.17,10.44,395.1,-1.3,-99.99,-3.19,-3.53,-1.76,-99.99,-3.76,97.3,0,-99.99,-99.99,-99.99,-99.99,-99.99
2002,165,930,109.4,-99.99,-99.99,5.6,9.17,402.5,-1.13,-99.99,-3.11,-3.51,-1.52,-99.99,-3.72,97.3,0,-99.99,-99.99,-99.99,-99.99,-99.99
2002,165,1000,154.5,-99.99,-99.99,12.24,19.51,562.9,-0.46,-99.99,-2.95,-3.49,0.02,-99.99,-3.65,96.9,0,-99.99,-99.99,-99.99,-99.99,-99.99
2002,165,1030,140.6,-99.99,-99.99,8.09,14.41,595.8,-0.27,-99.99,-2.84,-3.47,-0.01,-99.99,-3.62,96.2,0,-99.99,-99.99,-99.99,-99.99,-99.99
2002,165,1100,142.1,5.06,78.58,8.72,13.91,604.8,0.01,-99.99,-2.76,-3.45,0.03,-99.99,-3.6,95.8,0,66,3.68,0.19,-0.05,-2.27
2002,165,1130,169,7.41,97.68,12.44,19.85,597.2,0.42,-99.99,-2.64,-3.43,1.01,-99.99,-3.55,94.8,0,63,3.8,0.24,-0.1,-3.12
2002,165,1200,202.7,10.04,93.59,16.52,24.1,676.5,0.58,-99.99,-2.51,-3.41,1.65,-99.99,-3.5,95.4,0,62.5,3.77,0.22,-0.13,-3.34
2002,165,1230,197.2,12.66,89.49,15.78,23.78,668.1,0.72,-99.99,-2.37,-3.38,1.84,-99.99,-3.45,96.1,0,62,3.74,0.21,-0.16,-3.55
2002,165,1300,204.6,14.55,135.48,15.05,22.8,715,0.95,-99.99,-2.25,-3.35,2.29,-99.99,-3.4,95.4,0,64,3.98,0.26,-0.15,-4.26
2002,165,1330,243.4,16.07,134.7,16.32,24.47,836,1.27,-99.99,-2.11,-3.32,2.92,-99.99,-3.36,95.4,0,69,4.69,0.27,-0.14,-3.85
2002,165,1400,359,24.26,218.8,22.4,26.89,1188,1.98,-99.99,-1.95,-3.3,5.55,-99.99,-3.27,94.5,0,72,5.59,0.37,-0.25,-3.12
2002,165,1430,281.7,18.34,186.64,15.55,20.14,1006,2.29,-99.99,-1.79,-3.25,5.57,-99.99,-3.18,92.6,0,74,5.24,0.33,-0.1,-1.53
2002,165,1500,347.5,19.49,204.39,20.02,26.1,1179,2.6,-99.99,-1.61,-3.21,6.44,-99.99,-3.1,91.8,0,73,5.72,0.36,-0.05,-0.63
2002,165,1530,383.1,22.78,238.76,23.26,27.24,1300,3.15,-99.99,-1.37,-3.17,8.5,-99.99,-3,90.4,0,80,5.4,0.36,-0.05,-0.4
2002,165,1600,384.9,19.06,185.06,23.6,28.26,1305,3.63,-99.99,-1.19,-3.12,8.67,-99.99,-2.94,89.6,0,74,5.28,0.3,0.02,-0.47
2002,165,1630,314.1,15.68,167.06,22.02,27.12,1079,3.33,-99.99,-1.07,-3.06,6.78,-99.99,-2.9,91,0,71,5.55,0.34,-0.02,-0.8
2002,165,1700,165.2,9.44,111.79,8.96,13.98,600.1,2.37,-99.99,-1.15,-3,2.65,-99.99,-2.94,93.4,0,72,5.55,0.35,-0.06,-2.85
2002,165,1730,204.5,11.09,126.67,13.85,17.94,697.6,2.44,-99.99,-1.24,-3.01,2.91,-99.99,-2.97,92.8,0,78,6.02,0.39,-0.03,-2.76
2002,165,1800,126.9,5.22,92.91,5.54,10.07,466.8,2.21,-99.99,-1.4,-3.01,1.15,-99.99,-3.03,94.2,0,81,6.22,0.38,-0.28,-3.71
2002,165,1830,83.1,2.32,55.38,0.26,2.66,295.5,1.84,-99.99,-1.6,-3.03,-0.17,-99.99,-3.13,96.5,0.2,81,6.12,0.38,-0.05,-3.38
2002,165,1900,61.97,2.85,34.24,-1.28,0.54,218.2,1.67,-99.99,-1.82,-3.07,-0.87,-99.99,-3.21,97.1,0.5,89,6.06,0.33,-0.15,-3.76
2002,165,1930,37.48,1.96,16.3,-2.77,-1.22,154.2,1.57,-99.99,-2.05,-3.13,-1.37,-99.99,-3.3,97.5,0.5,91,5.31,0.29,-0.24,-3.18
2002,165,2000,74.3,4.68,23.21,2.49,5.56,251.3,2.31,-99.99,-2.2,-3.18,-0.63,-99.99,-3.36,97.8,0,93,5.78,0.31,-0.09,-1.49
2002,165,2030,66.74,2.52,13.8,3.33,9.07,231.8,3.22,-99.99,-2.29,-3.22,-0.06,-99.99,-3.38,97.7,0,96,5.16,0.29,-0.07,-0.5
2002,165,2100,68.12,3.26,10.07,5.25,11.61,241.7,4.44,-99.99,-2.35,-3.25,0.61,-99.99,-3.37,96.7,0,104.5,5.84,0.33,-0.02,-0.13
2002,165,2130,53.99,4.01,6.34,3.87,10.34,230.1,5.83,-99.99,-2.34,-3.24,1.22,-99.99,-3.33,93.6,0,113,6.51,0.38,0.03,0.25
2002,165,2200,49.56,1.66,-5.88,3.77,9.44,237.2,6.25,-99.99,-2.33,-3.23,1.45,-99.99,-3.3,93.2,0,125,6.5,0.38,0,0.05
2002,165,2230,46.57,2.63,-1.91,3.45,9.63,255.5,6.47,-99.99,-2.31,-3.21,1.52,-99.99,-3.27,92.2,0,138,6.45,0.36,0,0.47
2002,165,2300,37.52,3.45,-12.51,2.3,10.16,261.8,6.82,-99.99,-2.3,-3.21,1.59,-99.99,-3.27,89.5,0,153,6.12,0.34,0,0.73
2002,165,2330,7.04,7.32,-33.29,-0.67,3.58,171.5,6.44,-99.99,-2.35,-3.21,0.65,-99.99,-3.28,87.7,0,168,4.19,0.18,0.05,0.71
2002,166,0,3.71,4.27,-21.51,-0.99,1.84,138.3,6.02,-99.99,-2.4,-3.2,0.29,-99.99,-3.27,84.2,0,189,5.32,0.28,0.03,0.22
2002,166,30,5.92,4.19,-34.29,-0.92,1.53,138.8,5.42,-99.99,-2.43,-3.2,0.03,-99.99,-3.28,84.9,0,194,6.44,0.35,0,0.45
2002,166,100,0.15,1.2,-25.06,-2.55,-0.73,142.3,4.49,-99.99,-2.49,-3.2,-0.57,-99.99,-3.33,86.6,0,205,7.41,0.35,-0.01,0.7
2002,166,130,12.31,4.5,-6.25,-1.61,-0.58,128,3.33,-99.99,-2.55,-3.22,-1.15,-99.99,-3.41,89.9,0,211,7.31,0.4,0.06,0.99
2002,166,200,2.11,1.92,-1.76,-4.43,-3.64,104.4,2.51,-99.99,-2.62,-3.23,-1.77,-99.99,-3.45,92.1,0,207,6.98,0.38,0.03,0.77
2002,166,230,6.1,1.38,-2.62,-4.02,-3.53,102.1,2.09,-99.99,-2.73,-3.26,-2.03,-99.99,-3.5,93.3,0,211,7.55,0.37,0.03,0.43
2002,166,300,22.43,2.09,17.93,-2.06,-1.43,123,1.71,-99.99,-2.79,-3.29,-2.09,-99.99,-3.55,94.8,0,215,7.82,0.4,0.04,0.01
2002,166,330,28.31,3.19,21.72,-1.61,-0.66,132.8,1.31,-99.99,-2.86,-3.32,-2.22,-99.99,-3.57,95.9,0.1,220,7.15,0.4,-0.01,-0.73
2002,166,400,19.42,0.66,13.41,-3.47,-2.76,110,0.94,-99.99,-2.93,-3.34,-2.55,-99.99,-3.6,96.8,0,222,6.53,0.37,-0.03,-1.15
2002,166,430,20.29,0.33,15.78,-3.87,-3.48,104.7,0.61,-99.99,-2.99,-3.36,-2.77,-99.99,-3.62,97.4,0,227,6.17,0.38,-0.06,-2.27
2002,166,500,36.64,0.19,16.6,-1.8,-1.17,159.8,0.47,-99.99,-3.03,-3.38,-2.68,-99.99,-3.63,97.9,0,225,5.8,0.33,-0.06,-2.78
2002,166,530,54.64,0.31,26.49,0.68,2.07,213.9,0.49,-99.99,-3.03,-3.39,-2.44,-99.99,-3.64,98,0,217,5.75,0.33,-0.17,-3.11
2002,166,600,57.96,0.42,25.28,1.6,3.68,227.7,0.61,-99.99,-3.01,-3.38,-2.23,-99.99,-3.62,97.9,0,210,5.86,0.34,-0.12,-2.77
2002,166,630,52.1,0.62,23.43,0.79,2.17,215.4,0.62,-99.99,-3.02,-3.39,-2.28,-99.99,-3.62,97.8,0,216,5.44,0.3,-0.1,-2.41
2002,166,700,64.05,0.88,26.33,2.19,3.2,242.2,0.6,-99.99,-3.01,-3.39,-2.16,-99.99,-3.62,97.9,0,216,5.36,0.29,-0.13,-2.38
2002,166,730,71.7,2.08,27.72,3.55,5.31,261.4,0.73,-99.99,-2.98,-3.39,-1.92,-99.99,-3.6,97.9,0,212,5.42,0.28,-0.08,-3.2
2002,166,800,81.7,2.3,31.48,4.76,6.29,287.2,0.76,-99.99,-2.95,-3.38,-1.73,-99.99,-3.59,97.7,0,216,5.5,0.27,-0.1,-4.29
2002,166,830,97.2,2.32,43.46,7.47,9.26,347.6,0.76,-99.99,-2.9,-3.38,-1.37,-99.99,-3.57,97.6,0,218,4.99,0.29,-0.23,-4.97
2002,166,900,155.1,5.46,67.59,14.27,17.23,595.1,0.9,-99.99,-2.81,-3.37,-0.46,-99.99,-3.52,97.4,0,222,5.03,0.3,-0.22,-4.35
2002,166,930,196.2,11.19,96.19,18.19,23.4,710,1.18,-99.99,-2.66,-3.34,0.68,-99.99,-3.46,95.7,0,224,5.24,0.32,-0.19,-4.12
2002,166,1000,227.3,11.35,101.38,20.01,24.45,787,1.1,-99.99,-2.5,-3.3,1.41,-99.99,-3.38,94.9,0,232,5.16,0.32,-0.15,-4.74
2002,166,1030,217.1,11.24,110.75,18.16,22.17,742,0.87,-99.99,-2.35,-3.27,1.4,-99.99,-3.33,95.7,0,233,4.93,0.34,-0.19,-5.56
2002,166,1100,232.2,8.49,105.84,18.22,19.97,772,0.78,-99.99,-2.24,-3.22,1.59,-99.99,-3.26,96.3,0,234,5.17,0.32,-0.26,-5.81
2002,166,1130,251.6,12.31,126.64,19.65,21.37,852,0.91,-99.99,-2.1,-3.19,2.28,-99.99,-3.2,96,0,236,5.07,0.32,-0.25,-5.68
2002,166,1200,303.9,17.09,145.83,22.29,23.62,994,0.77,-99.99,-1.92,-3.14,3.26,-99.99,-3.13,95.6,0,240,5.02,0.38,-0.22,-5.87
2002,166,1230,332,15.64,153.41,25.65,24.44,1064,0.64,-99.99,-1.75,-3.1,3.78,-99.99,-3.07,95.8,0,237,5.29,0.36,-0.25,-6.07
2002,166,1300,337.1,20.02,178.94,24.07,24.17,1093,0.76,-99.99,-1.58,-3.05,4.38,-99.99,-3,95.3,0,241,4.99,0.4,-0.28,-6.01
2002,166,1330,365.6,23.95,190.34,28.42,27.36,1176,0.84,-99.99,-1.39,-3,5.24,-99.99,-2.91,95,0,240,4.82,0.37,-0.25,-4.78
2002,166,1400,351.9,21.33,167.87,25.69,26.08,1152,0.82,-99.99,-1.2,-2.94,5.32,-99.99,-2.85,94.4,0,240,4.5,0.35,-0.24,-4.44
2002,166,1430,382.1,21.92,154.55,21.47,19.72,1221,0.68,-99.99,-0.99,-2.87,6.74,-99.99,-2.75,93.9,0,255,3.89,0.34,-0.12,-3.62
2002,166,1500,348.4,25.81,183.44,20,19.25,1149,0.83,-99.99,-0.83,-2.82,6.22,-99.99,-2.7,93.6,0,254,3.68,0.37,-0.2,-3.59
2002,166,1530,397.4,26.79,190.65,27.27,21.16,1318,0.87,-99.99,-0.63,-2.76,7.6,-99.99,-2.62,92.7,0,251,3.53,0.31,-0.14,-2.47
2002,166,1600,336.1,22.76,163.01,18.81,17.07,1209,0.73,-99.99,-0.46,-2.7,7.07,-99.99,-2.57,92.1,0,254,3.34,0.32,-0.12,-2.07
2002,166,1630,253.8,18.22,134.38,13.18,7.04,953,0.37,-99.99,-0.42,-2.64,4.77,-99.99,-2.58,92.4,0,250,3.54,0.3,-0.06,-1.62
2002,166,1700,191.1,12.37,108.73,16.49,15.03,730,0.34,-99.99,-0.52,-2.61,2.5,-99.99,-2.61,93,0,239,3.34,0.27,-0.09,-1.4
2002,166,1730,127.4,7.86,62.32,6.39,6.1,518.5,0.2,-99.99,-0.69,-2.61,0.97,-99.99,-2.69,93.1,0,248,2.76,0.22,-0.06,-0.93
2002,166,1800,119.9,6.97,57.59,8.09,6.14,474.7,0.29,-99.99,-0.89,-2.64,0.48,-99.99,-2.77,92.6,0,236,2.84,0.21,-0.03,-0.65
2002,166,1830,110.6,7.82,68.8,7.27,6.2,450,0.38,-99.99,-1.09,-2.68,0.13,-99.99,-2.85,91.9,0,230,3.54,0.23,-0.03,-0.71
2002,166,1900,84.6,4.75,40.96,3.27,2.32,356.8,0.16,-99.99,-1.31,-2.74,-0.48,-99.99,-2.95,93.3,0,244,2.76,0.21,-0.03,-0.79
2002,166,1930,135.4,8.67,60.48,11.61,12.09,500.5,0.46,-99.99,-1.44,-2.79,0.46,-99.99,-3,91.7,0,244,2.71,0.23,-0.04,-0.75
2002,166,2000,114.7,6.75,53.83,8.84,9.8,448.4,0.39,-99.99,-1.56,-2.84,0.14,-99.99,-3.05,92.3,0,241,2.74,0.17,-0.04,-0.61
2002,166,2030,84.9,4.19,31.71,3.19,4.51,358.3,0.25,-99.99,-1.66,-2.86,-0.54,-99.99,-3.1,92.3,0,253,2.48,0.19,-0.02,-0.46
2002,166,2100,72.3,4.64,32.98,1.22,1.32,309.1,0.14,-99.99,-1.77,-2.88,-1.05,-99.99,-3.14,93.5,0,264,2.29,0.24,-0.02,-0.42
2002,166,2130,54.6,3.23,24.19,-0.54,0.16,252.1,0.07,-99.99,-1.89,-2.91,-1.35,-99.99,-3.18,93.8,0,262,2,0.2,-0.02,-0.42
2002,166,2200,65.6,3.23,24.73,1.1,1.93,283.1,0.15,-99.99,-2.01,-2.95,-1.3,-99.99,-3.23,93.9,0,253,2.08,0.19,-0.02,-0.48
2002,166,2230,60.88,3.53,26.52,0.62,3.42,270.1,0.15,-99.99,-2.09,-2.98,-1.28,-99.99,-3.27,93.7,0,257,2.1,0.21,-0.02,-0.92
2002,166,2300,25.44,2.43,17.86,-5.3,-5.56,159.8,-0.22,-99.99,-2.22,-3.01,-2.32,-99.99,-3.32,95,0,281,2.07,0.19,-0.02,-1.26
2002,166,2330,23.56,1.28,12.9,-5.32,-7,122.7,-0.56,-99.99,-2.35,-3.04,-2.69,-99.99,-3.36,97.2,0,300,2.5,0.17,-0.07,-1.77
2002,167,0,31.5,1.26,14.7,-2.99,-3.25,131.2,-0.65,-99.99,-2.46,-3.08,-2.67,-99.99,-3.42,98,0,277,1.86,0.17,-0.07,-1.47
2002,167,30,28.01,0.59,15.13,-3.35,-2.86,118.2,-0.62,-99.99,-2.55,-3.12,-2.7,-99.99,-3.46,98.3,0,284,1.81,0.16,-0.09,-1.28
2002,167,100,14.02,0.75,11.22,-5.78,-5.54,91.8,-0.74,-99.99,-2.65,-3.16,-3.1,-99.99,-3.5,98.3,0,272,1.62,0.16,-0.03,-0.92
2002,167,130,16.01,0.25,10.48,-5.56,-5.84,95.2,-0.78,-99.99,-2.74,-3.18,-3.19,-99.99,-3.54,98.2,0,286,1.7,0.14,-0.04,-0.91
2002,167,200,26.85,1.05,11.3,-4.19,-2.89,125.2,-0.81,-99.99,-2.8,-3.21,-3.04,-99.99,-3.57,98.3,0,281,1.69,0.13,-0.04,-0.74
2002,167,230,28.07,0.64,11.78,-4.84,-2.71,148,-0.78,-99.99,-2.85,-3.24,-3,-99.99,-3.59,98,0,287,1.81,0.14,-0.03,-0.63
2002,167,300,23.16,0.8,7.07,-6.22,-5.29,171.3,-0.63,-99.99,-2.93,-3.27,-3.32,-99.99,-3.61,96.1,0,274,1.68,0.15,-0.02,-0.47
2002,167,330,16.21,1.01,5.34,-7.48,-6.38,162.9,-0.74,-99.99,-3,-3.29,-3.55,-99.99,-3.64,95.2,0,288,2.19,0.17,-0.03,-0.67
2002,167,400,21.56,0.84,7.34,-6.4,-5.32,176.8,-0.83,-99.99,-3.07,-3.31,-3.47,-99.99,-3.66,95,0,289,2.03,0.14,-0.01,-0.82
2002,167,430,51.8,2.33,23.57,-1.99,0.51,257.6,-0.79,-99.99,-3.09,-3.33,-2.65,-99.99,-3.65,95.9,0,292,2.16,0.17,-0.04,-1
2002,167,500,52.3,3.61,31.87,-3.32,1.89,329.4,-0.65,-99.99,-3.06,-3.33,-2.12,-99.99,-3.62,94.4,0,290,2.34,0.2,-0.05,-1.03
2002,167,530,63.99,5.14,37.91,-3.31,2.66,400.1,-0.74,-99.99,-3.07,-3.34,-1.91,-99.99,-3.61,93.3,0,297,2.63,0.2,-0.04,-1
2002,167,600,79,6.2,49.61,-1.37,8.74,504.5,-0.65,-99.99,-3.03,-3.33,-1.17,-99.99,-3.56,92,0,297,2.47,0.19,-0.05,-0.96
2002,167,630,179,13.27,97.34,12.42,33.17,797,-0.12,-99.99,-2.85,-3.32,1.46,-99.99,-3.45,89.4,0,304,2.52,0.19,-0.04,-0.9
2002,167,700,146.9,12.66,95.44,3.95,26.17,764,-0.1,-99.99,-2.67,-3.26,1.76,-99.99,-3.36,89,0,304,2.75,0.2,-0.03,-1.21
2002,167,730,126.8,12.32,103.15,0.9,16.75,722,-0.35,-99.99,-2.58,-3.23,0.97,-99.99,-3.31,90.1,0,309,2.43,0.19,-0.04,-2.07
2002,167,800,147.3,12.07,92.85,4.49,15.05,667.5,-0.98,-99.99,-2.45,-3.18,0.97,-99.99,-3.25,93.6,0,308,2.34,0.17,-0.08,-2.88
2002,167,830,188.7,13.87,123.34,7.12,17.46,783,-1.3,-99.99,-2.28,-3.13,1.56,-99.99,-3.18,94.2,0,316,2.59,0.16,-0.14,-3.2
2002,167,900,179.4,15,126.48,6.16,14.19,727,-1.36,-99.99,-2.12,-3.08,1.5,-99.99,-3.13,94.7,0,310,2.63,0.18,-0.14,-3.92
2002,167,930,246.7,17.15,142.09,9.91,15.74,979,-1.08,-99.99,-1.9,-3.01,2.8,-99.99,-3.03,93.8,0,312,3.12,0.21,-0.12,-3.97
2002,167,1000,249.6,18.86,157.99,13.21,18.08,902,-0.88,-99.99,-1.69,-2.96,3.2,-99.99,-2.95,94.7,0,312,2.94,0.24,-0.23,-4.28
2002,167,1030,293.2,27.71,196.92,17.65,21.66,1034,-0.62,-99.99,-1.41,-2.88,4.86,-99.99,-2.83,93.4,0,313,2.87,0.24,-0.15,-3.57
2002,167,1100,305.8,22.25,161.93,19,20.95,1060,-0.52,-99.99,-1.14,-2.78,5.01,-99.99,-2.73,94.5,0,308,2.85,0.19,-0.16,-3.04
2002,167,1130,342,29.98,203.85,17.73,16.2,1244,-0.26,-99.99,-0.85,-2.68,6.78,-99.99,-2.59,92.4,0,303,2.76,0.19,-0.14,-2.58
2002,167,1200,371.3,29.04,198.13,16.22,11.89,1338,-0.14,-99.99,-0.51,-2.56,7.79,-99.99,-2.44,91.2,0,312,3.16,0.19,-0.08,-2.07
2002,167,1230,398.6,33.99,238.19,16.33,9.95,1427,0.09,-99.99,-0.19,-2.44,8.72,-99.99,-2.3,90.9,0,312,3.24,0.19,-0.1,-1.88
2002,167,1300,420.3,36.8,243.22,15.76,10.46,1500,0.3,-99.99,0.13,-2.31,9.65,-99.99,-2.17,89.5,0,315,3.25,0.19,-0.08,-1.92
2002,167,1330,302.6,31.34,196.45,12.13,5.68,1123,0.1,-99.99,0.27,-2.19,6.88,-99.99,-2.12,89.9,0,313,3.05,0.19,-0.06,-1.76
2002,167,1400,371.5,29.86,189.62,22.63,18.32,1325,0.34,-99.99,0.5,-2.1,9.26,-99.99,-2,90.1,0,311,2.85,0.19,-0.11,-1.49
2002,167,1430,425.5,31.37,210.72,16.66,11.43,1475,0.49,-99.99,0.71,-2,9.84,-99.99,-1.93,88.8,0,317,3.69,0.19,-0.06,-1.23
2002,167,1500,388,36.77,253.37,15.68,9.51,1337,0.57,-99.99,0.84,-1.91,8.7,-99.99,-1.88,89.1,0,321,3.95,0.19,-0.02,-1.09
2002,167,1530,382.6,30.42,212.39,16.36,11.29,1314,0.61,-99.99,0.94,-1.83,8.67,-99.99,-1.83,89.4,0,322,3.62,0.19,-0.07,-1.25
2002,167,1600,388.3,32.85,217.49,16.65,12.37,1331,0.66,-99.99,1.05,-1.76,8.84,-99.99,-1.78,89.1,0,319,3.57,0.19,-0.04,-1.14
2002,167,1630,344.7,26.29,184.49,15.52,9.11,1223,0.44,-99.99,1.07,-1.71,7.83,-99.99,-1.76,89.4,0,314,3.53,0.19,-0.04,-1.28
2002,167,1700,336.4,23.78,177.56,18.73,9.61,1165,0.24,-99.99,1.05,-1.66,7.04,-99.99,-1.78,90.4,0,319,3.88,0.19,-0.06,-1.47
2002,167,1730,327.8,22.2,178.6,16.29,12.25,1137,0.32,-99.99,0.99,-1.65,7.05,-99.99,-1.81,90.3,0,336,4.07,0.19,-0.06,-1.34
2002,167,1800,269.8,17.93,142.31,10.82,5.82,981,0.04,-99.99,0.8,-1.67,5.85,-99.99,-1.89,91.4,0,348,3.98,0.19,-0.07,-1.38
2002,167,1830,252.2,17.93,148.78,13.92,9.91,915,0.28,-99.99,0.65,-1.71,5.33,-99.99,-1.97,91,0,338,3.42,0.19,-0.04,-1.19
2002,167,1900,133.2,9.65,81.26,-1.75,-4.83,582.8,-0.41,-99.99,0.36,-1.73,2.2,-99.99,-2.11,93.4,0,347,3.79,0.19,-0.06,-1.14
2002,167,1930,208.1,10.9,100.02,4.6,-1.44,772,-0.38,-99.99,0.09,-1.81,2.93,-99.99,-2.22,93.5,0,349,4.21,0.19,-0.05,-0.74
2002,167,2000,189.3,11.95,106.82,2.53,-1.87,751,-0.05,-99.99,-0.14,-1.91,3.1,-99.99,-2.31,92,0,354,4.45,0.19,-0.04,-0.6
2002,167,2030,159.5,6.74,61.66,0.03,-4.7,667.6,-0.06,-99.99,-0.52,-2.01,2.36,-99.99,-2.44,91.7,0,355,4.02,0.19,-0.01,-0.52
2002,167,2100,132.2,9.19,81.29,-1.56,-3.77,584.5,0.06,-99.99,-0.82,-2.13,1.8,-99.99,-2.54,91.4,0,358,3.86,0.19,-0.03,-0.94
2002,167,2130,124.4,6.52,60.24,0.18,-0.55,499.1,-0.23,-99.99,-1.09,-2.24,1.23,-99.99,-2.65,92.3,0,353,3.83,0.19,-0.03,-1.11
2002,167,2200,23.53,2.2,24.49,-10.56,-14.6,214.5,-1.43,-99.99,-1.42,-2.33,-2.7,-99.99,-2.84,96.1,0,17,3.7,0.19,-0.07,-1.29
2002,167,2230,26.11,1.34,14.33,-9.77,-15.05,189.1,-1.89,-99.99,-1.75,-2.46,-3.54,-99.99,-3,97.6,0,15,3.85,0.19,-0.05,-0.85
2002,167,2300,20.64,1.54,13.23,-10.18,-13.81,172.1,-2.05,-99.99,-2.05,-2.6,-3.89,-99.99,-3.16,98,0,16,3.41,0.19,-0.05,-0.9
2002,167,2330,15.76,0.68,6.09,-11.83,-9.37,127.9,-2.24,-99.99,-2.31,-2.73,-4.33,-99.99,-3.32,98.1,0,17,3.81,0.19,-0.01,-0.69
2002,168,0,30,1.52,20.56,-8.42,-7.54,118.2,-1.92,-99.99,-2.49,-2.86,-3.93,-99.99,-3.43,98.2,0,10,3.9,0.25,-0.05,-0.53
2002,168,30,20.36,1.11,8.57,-10.24,-6.7,92.2,-1.99,-99.99,-2.69,-2.97,-4.24,-99.99,-3.53,98.3,0,21,3.46,0.2,-0.03,-0.19
2002,168,100,11.54,1.75,10.09,-12.47,-5.74,69.27,-2.25,-99.99,-2.84,-3.05,-4.61,-99.99,-3.61,98.3,0,26,3.91,0.21,0.01,-0.3
2002,168,130,15.92,1.7,13.32,-9.33,-6.48,63.15,-1.81,-99.99,-2.96,-3.15,-4.24,-99.99,-3.66,97.8,0,27,3.7,0.21,-0.01,-0.48
2002,168,200,18.53,1.65,16.55,-9.49,-6.65,68.54,-2.32,-99.99,-3.06,-3.2,-4.33,-99.99,-3.7,98,0,28,3.48,0.2,-0.04,-0.66
2002,168,230,17.64,1.44,11.26,-9.81,-6.85,68.12,-2.18,-99.99,-3.14,-3.26,-4.34,-99.99,-3.73,98,0,38,3.64,0.22,-0.02,-0.8
2002,168,300,19.07,1.23,10.16,-8.98,-7.01,74.2,-1.73,-99.99,-3.21,-3.31,-4.22,-99.99,-3.75,98.1,0,38,4.05,0.23,-0.03,-0.96
2002,168,330,28.32,2.16,7.21,-6.54,-6.95,99.6,-1.45,-99.99,-3.25,-3.34,-3.98,-99.99,-3.75,97.9,0,36,3.71,0.24,-0.06,-1.17
2002,168,400,38.08,1.41,13.98,-6.3,-6.66,136.6,-1.39,-99.99,-3.28,-3.37,-3.87,-99.99,-3.76,98,0,38,4.11,0.24,-0.04,-1.18
2002,168,430,43.56,1.25,13.59,-6.46,-6.44,170.2,-1.5,-99.99,-3.32,-3.39,-3.84,-99.99,-3.77,98.2,0,40,3.73,0.22,-0.06,-2.06
2002,168,500,61.14,2.4,18.11,-2.47,-5.25,222.3,-1.32,-99.99,-3.32,-3.41,-3.44,-99.99,-3.77,98.2,0,40,3.84,0.21,-0.06,-2.4
2002,168,530,76.7,3.1,26.26,-0.09,-3.36,294,-1.23,-99.99,-3.31,-3.42,-3.09,-99.99,-3.74,98.2,0,55,3.64,0.23,-0.15,-2.64
2002,168,600,75.1,3.21,20.12,0.77,-0.96,277.2,-1.16,-99.99,-3.27,-3.42,-3.01,-99.99,-3.74,98.3,0,61,4.4,0.25,-0.1,-2.21
2002,168,630,97,6.42,40.32,5.25,7.82,356.2,-0.62,-99.99,-3.18,-3.41,-2.29,-99.99,-3.71,98.2,0,61,4.65,0.26,-0.09,-2.11
2002,168,700,116.1,-99.99,-99.99,5.4,13.52,391.6,-0.44,-99.99,-3.08,-3.39,-1.65,-99.99,-3.67,98.1,0,-99.99,-99.99,-99.99,-99.99,-99.99
2002,168,730,130.3,-99.99,-99.99,5.15,16.24,421.4,-0.45,-99.99,-2.96,-3.35,-1.13,-99.99,-3.59,98.1,0,-99.99,-99.99,-99.99,-99.99,-99.99
2002,168,800,139.4,-99.99,-99.99,6.23,17.57,438.8,-0.3,-99.99,-2.84,-3.31,-0.69,-99.99,-3.49,97.6,0,-99.99,-99.99,-99.99,-99.99,-99.99
2002,168,830,123.1,-99.99,-99.99,4.87,11.87,371.9,0.04,-99.99,-2.74,-3.26,-0.89,-99.99,-3.41,97,0,-99.99,-99.99,-99.99,-99.99,-99.99
2002,168,900,154.4,-99.99,-99.99,8.9,16.75,459.9,0.42,-99.99,-2.62,-3.22,-0.04,-99.99,-3.32,96,0,-99.99,-99.99,-99.99,-99.99,-99.99
2002,168,930,183.6,-99.99,-99.99,12.73,23.42,558.4,0.91,-99.99,-2.43,-3.16,1.15,-99.99,-3.21,95.3,0,-99.99,-99.99,-99.99,-99.99,-99.99
2002,168,1000,201.8,16.55,91.37,13.86,25.37,649.3,1.17,-99.99,-2.25,-3.09,1.79,-99.99,-3.09,94.4,0,75,4.77,0.28,-0.17,-2.79
2002,168,1030,210.4,19.06,111.71,13.97,25.69,673.8,1.27,-99.99,-2.06,-3.02,2.16,-99.99,-2.98,93,0,77,5.12,0.31,-0.12,-1.81
2002,168,1100,210,19.51,128.46,12.3,22.33,634.9,1.36,-99.99,-1.91,-2.93,2.2,-99.99,-2.87,91.2,0,70,5.46,0.35,-0.06,-1.08
2002,168,1130,200.7,17.46,132.2,9.55,17.66,604.7,1.26,-99.99,-1.81,-2.86,1.88,-99.99,-2.81,91,0,68,5.86,0.37,-0.05,-0.7
2002,168,1200,214,16.41,124.93,11.59,19.48,640.2,1.42,-99.99,-1.7,-2.79,2.08,-99.99,-2.74,90.4,0,70,6.34,0.36,-0.03,-0.79
2002,168,1230,235.3,17.07,143.78,14.9,22.44,701,1.7,-99.99,-1.58,-2.73,2.67,-99.99,-2.67,88.9,0,71,6.38,0.39,-0.01,-0.94
2002,168,1300,255,24.03,194.27,18.45,24.87,764,1.71,-99.99,-1.44,-2.66,3.38,-99.99,-2.6,90.2,0,66,5.9,0.42,-0.06,-1.18
2002,168,1330,281.7,22.21,183.66,22.81,29.58,843,1.77,-99.99,-1.26,-2.61,4.54,-99.99,-2.51,89.9,0,64,5.14,0.33,-0.05,-1.23
2002,168,1400,294.2,17.87,157.62,23.21,28.78,882,1.69,-99.99,-1.08,-2.53,4.96,-99.99,-2.42,90.8,0,64,5.44,0.3,-0.04,-1.22
2002,168,1430,301.2,23.02,207.13,22.35,26.1,905,1.78,-99.99,-0.91,-2.45,5.13,-99.99,-2.33,91.2,0,64,5.71,0.39,-0.06,-1.23
2002,168,1500,282.7,18.54,171.55,21.23,25.16,854,1.69,-99.99,-0.78,-2.37,4.77,-99.99,-2.26,92,0,65,5.68,0.34,-0.05,-1.14
2002,168,1530,280,18.21,167.05,21.06,23.6,842,1.8,-99.99,-0.7,-2.3,4.57,-99.99,-2.21,91.6,0,65,5.84,0.35,-0.04,-1.01
2002,168,1600,278.2,17.34,157.28,19.97,21.69,840,1.68,-99.99,-0.62,-2.25,4.65,-99.99,-2.16,92,0,63,5.97,0.34,-0.05,-1
2002,168,1630,254.2,17.35,150.3,19.37,21.01,771,1.82,-99.99,-0.58,-2.19,4.18,-99.99,-2.15,91.6,0,64,5.65,0.36,-0.03,-0.92
2002,168,1700,248.5,16.91,150.45,18.9,20.79,757,1.88,-99.99,-0.53,-2.16,4.27,-99.99,-2.13,90.9,0,63,5.54,0.36,-0.04,-0.94
2002,168,1730,217.8,15.28,139.69,15.3,16.38,670.1,1.83,-99.99,-0.55,-2.12,3.42,-99.99,-2.14,91.7,0,62,5.75,0.35,-0.04,-0.85
2002,168,1800,210.3,14.07,137.03,13.7,14.51,644.7,1.74,-99.99,-0.59,-2.11,3.03,-99.99,-2.17,92.3,0,63,6.05,0.37,-0.04,-0.73
2002,168,1830,194.9,12.67,117.99,13.46,15.2,613.4,1.82,-99.99,-0.63,-2.11,2.99,-99.99,-2.19,91.9,0,67,5.44,0.33,-0.03,-0.83
2002,168,1900,177,13.09,122.74,9.35,10.55,612.4,1.89,-99.99,-0.69,-2.12,2.68,-99.99,-2.24,91.7,0,67,5.75,0.38,-0.03,-0.86
2002,168,1930,188.6,15.54,144.67,10.34,11.71,654.4,2.05,-99.99,-0.74,-2.14,3.02,-99.99,-2.28,91.1,0,68,5.47,0.41,-0.05,-1.74
2002,168,2000,132.9,9.56,98.85,4.76,5.99,483.3,1.4,-99.99,-0.87,-2.15,1.31,-99.99,-2.35,93.1,0,67,5.85,0.39,-0.04,-1.92
2002,168,2030,116,4.89,71,1.66,1.16,410.9,0.62,-99.99,-1.06,-2.18,0.16,-99.99,-2.46,96.6,0,64,5.86,0.35,-0.14,-1.97
2002,168,2100,112.1,3.5,67.46,0.35,-0.33,441.9,1.1,-99.99,-1.22,-2.24,0.32,-99.99,-2.54,94.9,0,64,6.01,0.37,-0.07,-1.66
2002,168,2130,84.5,2.49,48.78,-2.1,-1.67,395.4,1.03,-99.99,-1.41,-2.32,0.02,-99.99,-2.63,94,0,69,5.83,0.34,-0.04,-1.66
2002,168,2200,50.23,3.5,37.87,-5.05,-5.23,246.6,0.08,-99.99,-1.61,-2.38,-1.93,-99.99,-2.78,97.1,0,71,5.98,0.35,-0.1,-2.3
2002,168,2230,37.7,-99.99,-99.99,-5.6,-6.54,195,-0.14,-99.99,-1.82,-2.46,-2.54,-99.99,-2.92,97.9,0,-99.99,-99.99,-99.99,-99.99,-99.99
2002,168,2300,32.71,-99.99,-99.99,-5.37,-5.82,152.9,-0.38,-99.99,-2.01,-2.55,-2.87,-99.99,-3.03,98.3,0,-99.99,-99.99,-99.99,-99.99,-99.99
2002,168,2330,28.87,0.94,21.2,-5.71,-6.22,135.9,-0.52,-99.99,-2.18,-2.65,-3.16,-99.99,-3.15,98.7,0,69,6.27,0.35,-0.07,-1.43
2002,169,0,28.72,-99.99,-99.99,-4.94,-4.71,124.3,-0.43,-99.99,-2.32,-2.74,-3.15,-99.99,-3.25,98.8,0,-99.99,-99.99,-99.99,-99.99,-99.99
2002,169,30,22.89,1.55,21.15,-6.02,-5.41,116,-0.62,-99.99,-2.45,-2.82,-3.37,-99.99,-3.33,98.9,0,73,6.11,0.35,-0.05,-1.2
2002,169,100,16.63,-99.99,-99.99,-7.17,-7.13,105.6,-0.92,-99.99,-2.59,-2.9,-3.76,-99.99,-3.41,99,0,-99.99,-99.99,-99.99,-99.99,-99.99
2002,169,130,11.64,-99.99,-99.99,-7.98,-7.82,102.8,-1.07,-99.99,-2.73,-2.97,-4,-99.99,-3.49,99,0,-99.99,-99.99,-99.99,-99.99,-99.99
2002,169,200,10.42,-99.99,-99.99,-9.03,-8.3,113,-1.4,-99.99,-2.86,-3.03,-4.28,-99.99,-3.56,99.1,0,-99.99,-99.99,-99.99,-99.99,-99.99
2002,169,230,17.43,-99.99,-99.99,-7.29,-6.3,115,-1.21,-99.99,-2.97,-3.11,-4.09,-99.99,-3.62,99.1,0,-99.99,-99.99,-99.99,-99.99,-99.99
2002,169,300,21.2,-99.99,-99.99,-6.39,-6.05,124.3,-0.86,-99.99,-3.03,-3.16,-3.85,-99.99,-3.64,98.9,0,-99.99,-99.99,-99.99,-99.99,-99.99
2002,169,330,11.59,-99.99,-99.99,-9.35,-6.16,149.6,-1.15,-99.99,-3.12,-3.21,-4.29,-99.99,-3.69,98.4,0,-99.99,-99.99,-99.99,-99.99,-99.99
2002,169,400,35.26,-99.99,-99.99,-5.76,-5.94,182.7,-0.91,-99.99,-3.17,-3.25,-3.81,-99.99,-3.71,98.3,0,-99.99,-99.99,-99.99,-99.99,-99.99
2002,169,430,55.74,-99.99,-99.99,-1.64,-0.7,204.8,-0.38,-99.99,-3.18,-3.3,-3.1,-99.99,-3.7,98.6,0,-99.99,-99.99,-99.99,-99.99,-99.99
2002,169,500,79.8,-99.99,-99.99,0.6,5.6,263.7,-0.24,-99.99,-3.14,-3.32,-2.51,-99.99,-3.68,98.7,0,-99.99,-99.99,-99.99,-99.99,-99.99
2002,169,530,100.8,-99.99,-99.99,3.03,10.61,320.6,0.09,-99.99,-3.05,-3.32,-1.68,-99.99,-3.63,98.7,0,-99.99,-99.99,-99.99,-99.99,-99.99
2002,169,600,112.4,-99.99,-99.99,1.03,9.73,448.2,0.09,-99.99,-2.97,-3.3,-1.32,-99.99,-3.56,97.9,0,-99.99,-99.99,-99.99,-99.99,-99.99
2002,169,630,139.3,9.59,91.84,3.56,15.24,571.3,0.03,-99.99,-2.88,-3.27,-0.75,-99.99,-3.48,95.5,0,75,6.72,0.4,-0.07,-1.16
2002,169,700,109.6,8.06,77.37,0.27,12.22,494.5,0.1,-99.99,-2.82,-3.24,-0.78,-99.99,-3.4,94.5,0,73,6.3,0.37,-0.04,-0.97
2002,169,730,68.21,4.58,47.44,-3.71,0.91,365.2,0,-99.99,-2.84,-3.22,-1.76,-99.99,-3.39,94.7,0,73,5.78,0.36,-0.03,-0.73
2002,169,800,129.3,6.88,73.67,2.5,8.81,568.2,0.1,-99.99,-2.77,-3.19,-0.71,-99.99,-3.34,94.2,0,70,6.19,0.35,-0.05,-0.79
2002,169,830,217.1,13.48,140.07,9.67,24.86,862,0.57,-99.99,-2.55,-3.15,1.66,-99.99,-3.22,92.8,0,71,6.84,0.41,-0.01,-0.6
2002,169,900,178.6,12.7,137.1,5.96,17.56,756,0.51,-99.99,-2.42,-3.11,1.49,-99.99,-3.14,94.2,0,72,6.5,0.4,-0.04,-0.72
2002,169,930,207.4,11.62,128.91,7.03,16.09,875,0.7,-99.99,-2.29,-3.05,2.37,-99.99,-3.04,94.2,0,71,6.62,0.37,-0.02,-0.45
2002,169,1000,304.1,22.41,230.94,13.77,24.55,1197,1.38,-99.99,-1.99,-2.97,4.91,-99.99,-2.86,91.8,0,72,7.4,0.44,-0.03,-0.49
2002,169,1030,325.5,25.31,250.07,14.33,24.81,1260,1.76,-99.99,-1.72,-2.88,5.97,-99.99,-2.7,90,0,70,7.52,0.48,0,-0.36
2002,169,1100,283.6,15.76,168.22,12.46,20.07,1100,1.66,-99.99,-1.54,-2.78,4.76,-99.99,-2.6,90.3,0,73,7.21,0.4,-0.03,-0.49
2002,169,1130,294.1,19.24,191.65,15.54,22.24,1100,1.8,-99.99,-1.33,-2.67,5.24,-99.99,-2.46,90.2,0,73,6.95,0.4,-0.01,-0.51
2002,169,1200,312,21.43,210.52,15.84,19.75,1106,1.88,-99.99,-1.16,-2.55,5.25,-99.99,-2.36,90.5,0,65,7.46,0.45,-0.02,-0.44
2002,169,1230,346.6,23.86,236.04,15.19,17.73,1218,1.86,-99.99,-0.94,-2.44,6.49,-99.99,-2.23,89.7,0,64,7.59,0.46,-0.03,-0.58
2002,169,1300,321.8,20.94,189.02,14.95,15.68,1174,1.88,-99.99,-0.79,-2.36,6.79,-99.99,-2.15,87.5,0,74,6.53,0.38,0,-0.52
2002,169,1330,395.4,24.8,213.72,23.17,26.83,1387,2.27,-99.99,-0.47,-2.25,9.61,-99.99,-1.96,84,0,78,5.79,0.34,-0.04,-0.57
2002,169,1400,343.3,30.44,237.66,17.08,18.85,1234,2.32,-99.99,-0.28,-2.14,8.35,-99.99,-1.88,84,0,68,5.94,0.39,-0.02,-0.42
2002,169,1430,296.7,22.73,189.14,12.34,12.57,1080,2.01,-99.99,-0.2,-2.03,6.37,-99.99,-1.85,85.4,0,64,6.67,0.4,-0.01,-0.37
2002,169,1500,287.6,20.04,171.48,12.63,11.04,1046,1.88,-99.99,-0.18,-1.95,5.79,-99.99,-1.83,86.4,0,65,6.76,0.39,-0.02,-0.34
2002,169,1530,220.4,18.61,149.24,12.2,12.65,833,1.84,-99.99,-0.19,-1.89,4.36,-99.99,-1.85,85.7,0,70,5.91,0.36,-0.02,-0.44
2002,169,1600,279.1,19.07,151.84,18.79,18.21,962,1.88,-99.99,-0.2,-1.86,4.78,-99.99,-1.88,85,0,67,6.18,0.36,-0.01,-0.46
2002,169,1630,239.7,20.49,156.29,16.67,18.29,843,1.77,-99.99,-0.2,-1.84,3.85,-99.99,-1.9,85.5,0,65,6.2,0.37,-0.03,-0.57
2002,169,1700,194,14.45,116.81,12.81,13.59,691,1.7,-99.99,-0.3,-1.83,2.62,-99.99,-1.98,85.9,0,68,6.03,0.34,-0.02,-0.42
2002,169,1730,149.8,13.57,102.84,7.83,8.53,552.5,1.69,-99.99,-0.43,-1.85,1.85,-99.99,-2.05,86.9,0,63,5.49,0.36,-0.02,-0.44
2002,169,1800,126.2,9.31,74.93,5.18,4.64,477.6,1.59,-99.99,-0.59,-1.88,1.3,-99.99,-2.13,87.9,0,65,5.6,0.32,-0.01,-0.38
2002,169,1830,143.2,11.83,95.54,8.08,8.11,518.1,1.63,-99.99,-0.69,-1.93,1.46,-99.99,-2.2,88.7,0,64,5.62,0.36,-0.02,-0.32
2002,169,1900,120.2,8.81,75.15,3.97,3.45,477.2,1.54,-99.99,-0.82,-1.98,1.05,-99.99,-2.29,89.4,0,66,5.86,0.35,-0.01,-0.29
2002,169,1930,119.6,9.84,65.98,1.99,0.12,512.1,1.5,-99.99,-0.96,-2.04,0.83,-99.99,-2.39,86.8,0,67,5.57,0.36,0,-0.29
2002,169,2000,224.9,14.86,124.44,12.57,12.48,825,1.99,-99.99,-0.92,-2.13,3.65,-99.99,-2.37,82.2,0,71,5.51,0.34,-0.02,-0.17
2002,169,2030,123.5,8.7,70.53,1.34,-0.41,555.7,1.45,-99.99,-1.15,-2.17,1.37,-99.99,-2.48,84.4,0,70,5.42,0.32,-0.01,-0.02
2002,169,2100,79.9,5.22,34.37,-3.4,-6.37,429.6,0.94,-99.99,-1.41,-2.22,-0.2,-99.99,-2.59,86.6,0,69,4.81,0.29,0.01,0.11
2002,169,2130,106.8,5.87,52.99,-1.02,-0.96,507.9,1.22,-99.99,-1.54,-2.31,0.97,-99.99,-2.62,85.3,0,71,4.95,0.29,0,0.05
2002,169,2200,80,4.76,33.04,-3.94,-3.29,425.4,0.94,-99.99,-1.67,-2.38,-0.09,-99.99,-2.74,86.2,0,65,4.72,0.29,0,0.1
2002,169,2230,60.94,2.68,23.95,-5.65,-4.54,362.2,0.69,-99.99,-1.83,-2.45,-0.73,-99.99,-2.84,87.3,0,64,4.26,0.26,0,0.17
2002,169,2300,35.56,1.3,11.19,-8.87,-6.42,286.6,0.29,-99.99,-2.04,-2.54,-1.78,-99.99,-2.96,88.8,0,62,4.3,0.25,0.01,-1.39
2002,169,2330,28.7,0.5,4.25,-9.4,-8.52,254,-0.06,-99.99,-2.24,-2.62,-2.83,-99.99,-3.09,89.8,0,62,4.16,0.25,0.01,-1.49
2002,170,0,17.06,-0.09,0.98,-11.16,-9.99,215.4,-0.55,-99.99,-2.46,-2.71,-2.86,-99.99,-3.21,91.4,0,62,3.63,0.19,0.02,-0.04
2002,170,30,6.71,-0.22,4.45,-11.29,-10.8,141.4,-1.12,-99.99,-2.64,-2.8,-3.63,-99.99,-3.33,94.1,0,59,4.4,0.22,0.02,-0.78
2002,170,100,12.46,0.94,21.63,-8.36,-8.12,96.9,-1.69,-99.99,-2.76,-2.9,-4.21,-99.99,-3.47,97.8,0,66,5.61,0.33,-0.04,-1.48
2002,170,130,10.51,1.11,18.91,-9.18,-7.72,87.3,-1.93,-99.99,-2.87,-2.99,-4.41,-99.99,-3.55,98.4,0,68,5.14,0.28,-0.08,-1.56
2002,170,200,11.84,0.99,18.95,-9.78,-7.57,87.5,-2.13,-99.99,-2.97,-3.06,-4.58,-99.99,-3.63,98.5,0,69,4.97,0.29,-0.07,-1.42
2002,170,230,13.47,1.6,15.95,-9.43,-7.29,89.3,-2.3,-99.99,-3.06,-3.13,-4.66,-99.99,-3.67,98.5,0,79,4.77,0.26,-0.05,-1.19
2002,170,300,12.16,-99.99,-99.99,-10.45,-7.55,92,-2.57,-99.99,-3.14,-3.19,-4.84,-99.99,-3.71,98.3,0,-99.99,-99.99,-99.99,-99.99,-99.99
2002,170,330,21.9,-99.99,-99.99,-10.04,-7.53,123.7,-2.7,-99.99,-3.2,-3.24,-4.75,-99.99,-3.74,98.2,0,-99.99,-99.99,-99.99,-99.99,-99.99
2002,170,400,34.8,-99.99,-99.99,-6.83,-6.8,154.9,-2.71,-99.99,-3.24,-3.28,-4.42,-99.99,-3.74,98,0,-99.99,-99.99,-99.99,-99.99,-99.99
2002,170,430,48.48,-99.99,-99.99,-2.5,-4.61,187.7,-2.64,-99.99,-3.26,-3.32,-3.94,-99.99,-3.74,97.8,0,-99.99,-99.99,-99.99,-99.99,-99.99
2002,170,500,36.94,-99.99,-99.99,-6.32,-5.27,199.1,-2.97,-99.99,-3.3,-3.34,-4.36,-99.99,-3.76,97.5,0,-99.99,-99.99,-99.99,-99.99,-99.99
2002,170,530,29.72,-99.99,-99.99,-8.68,-6.36,191.7,-3,-99.99,-3.35,-3.37,-4.5,-99.99,-3.78,97.5,0,-99.99,-99.99,-99.99,-99.99,-99.99
2002,170,600,104.6,-99.99,-99.99,5.04,10.06,439.9,-2.74,-99.99,-3.32,-3.39,-2.92,-99.99,-3.75,97.5,0,-99.99,-99.99,-99.99,-99.99,-99.99
2002,170,630,103.8,-99.99,-99.99,8.25,17.14,426.1,-2.3,-99.99,-3.22,-3.39,-2.01,-99.99,-3.68,97.3,0,-99.99,-99.99,-99.99,-99.99,-99.99
2002,170,700,66.96,-99.99,-99.99,0.25,4.51,261.8,-2.24,-99.99,-3.24,-3.4,-3.01,-99.99,-3.72,97.7,0,-99.99,-99.99,-99.99,-99.99,-99.99
2002,170,730,87.4,-99.99,-99.99,3.41,8.68,319.3,-1.92,-99.99,-3.15,-3.39,-2.22,-99.99,-3.67,97.9,0,-99.99,-99.99,-99.99,-99.99,-99.99
2002,170,800,80.2,-99.99,-99.99,3.26,9.6,306.6,-1.33,-99.99,-3.04,-3.36,-1.67,-99.99,-3.59,98,0,-99.99,-99.99,-99.99,-99.99,-99.99
2002,170,830,124.8,-99.99,-99.99,12.34,21.18,439.8,-0.7,-99.99,-2.86,-3.32,-0.03,-99.99,-3.46,97.6,0,-99.99,-99.99,-99.99,-99.99,-99.99
2002,170,900,108.4,5.46,104.47,12.06,21.22,389.9,0.04,-99.99,-2.66,-3.23,0.34,-99.99,-3.31,95.2,0,146,1.7,0.21,0,-1.2
2002,170,930,93.9,4.54,56.29,7.75,16.61,366.6,0.38,-99.99,-2.52,-3.17,0.42,-99.99,-3.19,92.9,0,124,1.38,0.07,-0.08,-2.35
2002,170,1000,118.4,4.87,73.27,7.34,11.96,437.3,0.21,-99.99,-2.39,-3.09,0.61,-99.99,-3.1,93.4,0,63,2.74,0.13,-0.07,-2.6
2002,170,1030,182.2,10.11,142.36,16.27,23.37,622.6,0.3,-99.99,-2.16,-3,2.27,-99.99,-2.96,92.8,0,61,2.88,0.19,-0.15,-2.92
2002,170,1100,164.4,9.58,132.46,13.99,20.94,566.1,0.41,-99.99,-1.98,-2.91,2.17,-99.99,-2.85,91.8,0,64,2.8,0.18,-0.12,-2.52
2002,170,1130,178.5,8.94,132.56,16.52,23.75,602.1,0.48,-99.99,-1.79,-2.83,2.71,-99.99,-2.74,91.6,0,65,2.75,0.17,-0.11,-2.49
2002,170,1200,163.1,7.77,132.11,13.01,19.33,566,0.48,-99.99,-1.68,-2.75,2.2,-99.99,-2.65,92.4,0,71,3.17,0.2,-0.1,-2.3
2002,170,1230,176.9,9.82,153.71,14.89,20.92,596.9,0.66,-99.99,-1.52,-2.66,2.72,-99.99,-2.55,93.6,0,66,3.29,0.22,-0.11,-2.33
2002,170,1300,150.8,13.84,108.32,10.41,16.61,516.8,0.64,-99.99,-1.47,-2.58,1.67,-99.99,-2.52,95.2,0,70,2.9,0.19,-0.09,-2.03
2002,170,1330,125.6,-99.99,-99.99,6.32,11.78,413.6,0.79,-99.99,-1.42,-2.51,0.96,-99.99,-2.51,96,0,-99.99,-99.99,-99.99,-99.99,-99.99
2002,170,1400,112.1,-99.99,-99.99,5.31,9.58,358.2,0.78,-99.99,-1.41,-2.46,0.67,-99.99,-2.5,96.5,0,-99.99,-99.99,-99.99,-99.99,-99.99
2002,170,1430,89.5,-99.99,-99.99,2.31,5.24,293.9,0.63,-99.99,-1.44,-2.43,0.02,-99.99,-2.52,96.9,0.2,-99.99,-99.99,-99.99,-99.99,-99.99
2002,170,1500,74.6,-99.99,-99.99,2.18,5.19,245.8,0.69,-99.99,-1.48,-2.42,-0.09,-99.99,-2.55,97.1,0,-99.99,-99.99,-99.99,-99.99,-99.99
2002,170,1530,68.12,-99.99,-99.99,1.67,3.93,225.6,0.64,-99.99,-1.53,-2.42,-0.25,-99.99,-2.59,96.9,0,-99.99,-99.99,-99.99,-99.99,-99.99
2002,170,1600,90.6,-99.99,-99.99,5.15,7.77,288.6,0.65,-99.99,-1.53,-2.41,0.1,-99.99,-2.62,97.1,0,-99.99,-99.99,-99.99,-99.99,-99.99
2002,170,1630,91.3,-99.99,-99.99,4.28,7.72,290,0.62,-99.99,-1.52,-2.41,0.08,-99.99,-2.64,97.2,0.1,-99.99,-99.99,-99.99,-99.99,-99.99
2002,170,1700,64.82,-99.99,-99.99,-6.52,-5.04,222.1,0.43,-99.99,-1.6,-2.43,-1.1,-99.99,-2.72,97.5,0.3,-99.99,-99.99,-99.99,-99.99,-99.99
2002,170,1730,63.78,-99.99,-99.99,-10.72,-15.08,227.6,-0.06,-99.99,-1.81,-2.44,-2.35,-99.99,-2.81,97.9,0.2,-99.99,-99.99,-99.99,-99.99,-99.99
2002,170,1800,72.7,-99.99,-99.99,-5.15,-7.5,262.7,-0.12,-99.99,-1.93,-2.49,-2.13,-99.99,-2.88,98.2,0.5,-99.99,-99.99,-99.99,-99.99,-99.99
2002,170,1830,73.5,-99.99,-99.99,-8.02,-7.92,241.6,-0.27,-99.99,-2.06,-2.54,-2.51,-99.99,-2.97,98.4,0.2,-99.99,-99.99,-99.99,-99.99,-99.99
2002,170,1900,71.7,-99.99,-99.99,-4.45,-5.52,228,-0.4,-99.99,-2.15,-2.61,-2.39,-99.99,-3.06,98.5,0.1,-99.99,-99.99,-99.99,-99.99,-99.99
2002,170,1930,49.68,-99.99,-99.99,-7.6,-7.06,195.8,-0.56,-99.99,-2.28,-2.68,-2.79,-99.99,-3.14,98.6,0,-99.99,-99.99,-99.99,-99.99,-99.99
2002,170,2000,38.97,-99.99,-99.99,-6.56,-6.5,190,-0.69,-99.99,-2.38,-2.74,-2.67,-99.99,-3.21,98.8,0,-99.99,-99.99,-99.99,-99.99,-99.99
2002,170,2030,39.14,-99.99,-99.99,-6.68,-6.15,203.4,-0.88,-99.99,-2.46,-2.79,-2.66,-99.99,-3.25,98.8,0,-99.99,-99.99,-99.99,-99.99,-99.99
2002,170,2100,35.98,-99.99,-99.99,-5.37,-5.54,188.6,-0.92,-99.99,-2.52,-2.85,-2.51,-99.99,-3.29,98.8,0.1,-99.99,-99.99,-99.99,-99.99,-99.99
2002,170,2130,19.3,-99.99,-99.99,-7,-6.48,110.1,-1.07,-99.99,-2.61,-2.9,-3.11,-99.99,-3.35,98.8,0,-99.99,-99.99,-99.99,-99.99,-99.99
2002,170,2200,22.55,-99.99,-99.99,-6.4,-5.96,114.9,-1.05,-99.99,-2.68,-2.95,-3.05,-99.99,-3.38,98.8,0,-99.99,-99.99,-99.99,-99.99,-99.99
2002,170,2230,11.89,-99.99,-99.99,-7.57,-6.59,68.85,-1.07,-99.99,-2.76,-3,-3.44,-99.99,-3.43,98.6,0,-99.99,-99.99,-99.99,-99.99,-99.99
2002,170,2300,15.45,-99.99,-99.99,-7.11,-6.28,79.7,-1.02,-99.99,-2.82,-3.03,-3.41,-99.99,-3.46,98.5,0,-99.99,-99.99,-99.99,-99.99,-99.99
2002,170,2330,10.78,-99.99,-99.99,-7.13,-6.29,60.84,-0.96,-99.99,-2.89,-3.08,-3.49,-99.99,-3.5,98.5,0,-99.99,-99.99,-99.99,-99.99,-99.99
2002,171,0,4.85,-99.99,-99.99,-7.43,-6.63,36.63,-0.96,-99.99,-2.96,-3.12,-3.68,-99.99,-3.53,98.5,0,-99.99,-99.99,-99.99,-99.99,-99.99
2002,171,30,3.16,-99.99,-99.99,-7.33,-6.65,28.97,-0.94,-99.99,-3.02,-3.15,-3.76,-99.99,-3.56,98.4,0,-99.99,-99.99,-99.99,-99.99,-99.99
2002,171,100,3.78,-99.99,-99.99,-7.11,-6.43,29.69,-0.94,-99.99,-3.07,-3.19,-3.8,-99.99,-3.59,98.4,0,-99.99,-99.99,-99.99,-99.99,-99.99
2002,171,130,4.11,-99.99,-99.99,-7.01,-6.3,33.04,-0.96,-99.99,-3.13,-3.23,-3.83,-99.99,-3.62,98.4,0,-99.99,-99.99,-99.99,-99.99,-99.99
2002,171,200,6.95,-99.99,-99.99,-6.91,-6.06,45.41,-0.9,-99.99,-3.18,-3.26,-3.8,-99.99,-3.64,98.3,0,-99.99,-99.99,-99.99,-99.99,-99.99
2002,171,230,9.37,3.82,13.72,-6.89,-5.95,55.2,-0.85,-99.99,-3.21,-3.28,-3.74,-99.99,-3.65,98.2,0,293,4.59,0.29,0.05,0.93
2002,171,300,5.73,3.22,16.08,-7.02,-6.05,41.84,-0.84,-99.99,-3.24,-3.31,-3.8,-99.99,-3.67,98,0,296,4.81,0.28,0.04,0.54
2002,171,330,5.13,2.61,18.43,-6.99,-6,41.01,-0.77,-99.99,-3.27,-3.33,-3.82,-99.99,-3.67,97.8,0,299,5.02,0.28,0.03,0.15
2002,171,400,8.58,3.28,9.6,-6.94,-5.84,53.34,-0.61,-99.99,-3.3,-3.35,-3.75,-99.99,-3.68,98.2,0,295,4.22,0.29,0.01,-0.62
2002,171,430,13.41,3.92,9.63,-6.9,-5.8,77.2,-0.64,-99.99,-3.31,-3.36,-3.68,-99.99,-3.68,98.2,0,291.5,4.77,0.36,-0.03,-0.43
2002,171,500,19.6,4.55,9.65,-6.87,-5.74,105.4,-0.66,-99.99,-3.32,-3.38,-3.56,-99.99,-3.69,98,0,288,5.32,0.43,-0.06,-0.25
2002,171,530,26.99,3.8,32.33,-6.84,-5.68,137.3,-0.72,-99.99,-3.31,-3.39,-3.39,-99.99,-3.69,97.9,0,285,5.64,0.45,0.01,-0.18
2002,171,600,34.71,3.22,38.3,-6.72,-5.57,176.2,-0.62,-99.99,-3.29,-3.39,-3.13,-99.99,-3.68,98,0,287,5.6,0.45,0.03,-0.62
2002,171,630,46.24,2.95,25.09,-4.98,-5.21,244.7,-0.5,-99.99,-3.26,-3.38,-2.78,-99.99,-3.65,97.9,0.1,292,5.81,0.42,-0.05,-1.02
2002,171,700,56.48,3.77,25.31,-3.04,-4.61,278,-0.36,-99.99,-3.21,-3.38,-2.58,-99.99,-3.62,97.3,0,293,5.92,0.42,-0.05,-0.89
2002,171,730,60.56,4.43,30.86,-3.39,-4.59,287.5,-0.3,-99.99,-3.18,-3.37,-2.6,-99.99,-3.59,96.6,0.1,296,5.93,0.41,-0.02,-0.77
2002,171,800,81.7,6.35,30.13,-2.22,-3.56,362,-0.18,-99.99,-3.12,-3.35,-2.15,-99.99,-3.54,95.6,0,294,5.87,0.41,-0.04,-0.84
2002,171,830,84.5,7.43,33.25,-2.09,-2.79,390.2,-0.11,-99.99,-3.04,-3.33,-2.07,-99.99,-3.5,94.7,0.1,289,5.67,0.42,-0.04,-0.87
2002,171,900,122.1,9.54,42.73,2.05,0.25,462.5,0.05,-99.99,-2.93,-3.29,-1.44,-99.99,-3.44,94,0,291,5.93,0.42,-0.03,-1.08
2002,171,930,156.3,11.79,55.67,4.49,8.23,523.8,0.24,-99.99,-2.8,-3.26,-0.86,-99.99,-3.37,93.6,0,294,6.11,0.42,-0.04,-0.96
2002,171,1000,180,15.34,74.04,7.78,17.64,561.7,0.58,-99.99,-2.63,-3.21,-0.2,-99.99,-3.29,93.6,0,285,5.27,0.46,-0.06,-1.09
2002,171,1030,211.7,20.73,106.67,7.33,16.13,648.3,0.71,-99.99,-2.45,-3.13,0.27,-99.99,-3.18,92.4,0,287,6.28,0.54,-0.02,-1.23
2002,171,1100,235.6,24.96,125.17,9.54,18.59,746,0.91,-99.99,-2.24,-3.05,0.96,-99.99,-3.07,92.4,0,287,6.06,0.52,-0.06,-1.68
2002,171,1130,217,25.38,136.99,7.51,17.36,712,0.91,-99.99,-2.05,-2.95,0.9,-99.99,-2.96,93.6,0,284,5.47,0.53,-0.08,-1.61
2002,171,1200,193.4,14.21,84.28,4.76,12.99,630.2,0.81,-99.99,-1.92,-2.86,0.38,-99.99,-2.89,94,0,281,5.49,0.47,-0.08,-1.12
2002,171,1230,166.3,12.39,76.98,2.44,8.34,544,0.72,-99.99,-1.85,-2.78,-0.08,-99.99,-2.84,93.8,0,280,5.5,0.46,-0.05,-0.7
2002,171,1300,158.9,11.45,69.93,1.43,5.46,518.8,0.68,-99.99,-1.8,-2.7,-0.33,-99.99,-2.81,92.5,0,280,5.72,0.46,-0.02,-0.51
2002,171,1330,160.5,12.44,71.8,3.45,8.19,531.3,0.78,-99.99,-1.75,-2.65,-0.12,-99.99,-2.79,91.6,0,280,5.36,0.43,-0.02,-0.32
2002,171,1400,152.8,12.17,65.19,3.04,8.57,521.6,0.81,-99.99,-1.7,-2.61,-0.17,-99.99,-2.79,91.1,0,277,5.14,0.43,-0.02,-0.15
2002,171,1430,126,7.22,44.9,-1.06,2.49,436.7,0.62,-99.99,-1.72,-2.57,-0.84,-99.99,-2.81,91.1,0,274,5.48,0.45,0.01,0.04
2002,171,1500,176.9,8.84,54.32,5.51,11.3,584.9,0.75,-99.99,-1.67,-2.55,-0.08,-99.99,-2.8,90.7,0,274,5.33,0.42,0,-0.05
2002,171,1530,160.6,9.92,59.91,3.92,9.71,547.8,0.65,-99.99,-1.65,-2.53,-0.26,-99.99,-2.81,91,0,271,5.04,0.43,0,-0.07
2002,171,1600,121.9,8.27,52.11,-0.76,4.78,423.6,0.46,-99.99,-1.64,-2.51,-0.68,-99.99,-2.82,92.8,0,271,5.05,0.43,0,-0.21
2002,171,1630,123.8,7.96,52.96,0.25,4.48,426.4,0.47,-99.99,-1.66,-2.5,-0.8,-99.99,-2.83,92.1,0,273,4.87,0.44,0,-0.19
2002,171,1700,104.7,6.89,44.31,-0.43,3.67,369.4,0.37,-99.99,-1.68,-2.5,-1.06,-99.99,-2.85,92,0,269,4.52,0.4,-0.02,-0.3
2002,171,1730,93.5,6.55,43.56,-2.26,0.95,333.9,0.31,-99.99,-1.73,-2.5,-1.37,-99.99,-2.88,92,0,271,4.57,0.42,0,-0.28
2002,171,1800,98.3,8.01,47.14,0.85,4.43,346,0.35,-99.99,-1.76,-2.51,-1.14,-99.99,-2.91,92.8,0,269,3.97,0.41,-0.02,-0.43
2002,171,1830,67.76,6.48,35.85,-3.39,-0.48,252.5,0.24,-99.99,-1.83,-2.52,-1.71,-99.99,-2.95,92.7,0,268,4.15,0.4,-0.02,-0.44
2002,171,1900,69.84,5.77,31.1,-1.72,0.69,255.1,0.16,-99.99,-1.89,-2.55,-1.75,-99.99,-2.99,93,0,271,3.64,0.36,-0.02,-0.42
2002,171,1930,60.99,5.23,30.13,-2.01,0.75,228.5,0.15,-99.99,-1.94,-2.57,-1.84,-99.99,-3.03,92.9,0,266,3.49,0.33,-0.02,-0.32
2002,171,2000,48.36,5.28,29.49,-3.29,-1.27,188.1,0.13,-99.99,-2.03,-2.6,-2.12,-99.99,-3.07,93.3,0,257,3.43,0.33,-0.01,-0.21
2002,171,2030,35.98,3.69,21.78,-4.49,-2.67,150.2,0.04,-99.99,-2.11,-2.64,-2.38,-99.99,-3.12,94.2,0,255,3.25,0.3,-0.01,-0.15
2002,171,2100,29.68,3.57,18.04,-4.92,-3.92,130.2,-0.08,-99.99,-2.2,-2.68,-2.63,-99.99,-3.18,94.2,0,252,3.31,0.31,-0.01,-0.09
2002,171,2130,29.09,3.44,18.15,-4.76,-3.8,127.2,-0.12,-99.99,-2.3,-2.72,-2.74,-99.99,-3.23,94.1,0,251,3.3,0.29,-0.01,-0.07
2002,171,2200,20.18,2.19,13.74,-5.66,-4.74,100.3,-0.19,-99.99,-2.39,-2.77,-2.95,-99.99,-3.28,94.9,0,245,3.37,0.25,0,-0.22
2002,171,2230,17.1,2.09,12.58,-6.11,-5.57,89.8,-0.32,-99.99,-2.49,-2.82,-3.14,-99.99,-3.33,95.7,0,246,3.43,0.27,0,-0.23
2002,171,2300,12.59,1.49,9.38,-6.47,-6.05,76.5,-0.44,-99.99,-2.58,-2.87,-3.31,-99.99,-3.38,97,0,247,3.05,0.26,-0.02,-0.22
2002,171,2330,12.71,1.74,7.41,-6.14,-5.47,78.1,-0.37,-99.99,-2.66,-2.92,-3.32,-99.99,-3.43,95.2,0,249,2.61,0.24,0,-0.04
2002,172,0,9.61,1.22,5.93,-6.45,-5.78,68.56,-0.4,-99.99,-2.73,-2.96,-3.4,-99.99,-3.46,95.3,0,256,2.14,0.18,0,0.08
2002,172,30,6.68,1.14,5.25,-6.77,-6.18,60.23,-0.45,-99.99,-2.81,-3.01,-3.51,-99.99,-3.5,95.7,0,244,2.11,0.18,0.01,0.17
2002,172,100,7.4,1.13,4.84,-6.61,-5.97,60.45,-0.47,-99.99,-2.87,-3.05,-3.55,-99.99,-3.53,95.3,0,245,2.07,0.16,0.01,0.19
2002,172,130,7.63,1.04,3.43,-6.32,-5.74,61.28,-0.51,-99.99,-2.93,-3.09,-3.6,-99.99,-3.56,95.2,0,230,2.15,0.13,0.01,0.19
2002,172,200,10.46,1.12,4.09,-6.07,-5.25,71.9,-0.55,-99.99,-2.98,-3.12,-3.6,-99.99,-3.59,94.6,0,238,2,0.15,0.01,0.16
2002,172,230,12.3,1.42,5.38,-5.69,-4.57,77.1,-0.54,-99.99,-3.02,-3.16,-3.54,-99.99,-3.61,94.1,0,247,1.65,0.15,0.01,0.18
2002,172,300,12.36,0.57,3.16,-5.35,-4.12,78.8,-0.57,-99.99,-3.06,-3.19,-3.52,-99.99,-3.62,94.5,0,231,1.38,0.08,0.01,0.21
2002,172,330,13.24,1.01,3.87,-5.14,-3.84,81.1,-0.5,-99.99,-3.08,-3.22,-3.46,-99.99,-3.63,94,0,232,1.26,0.08,0.01,0.17
2002,172,400,16.33,1.58,5.11,-4.71,-3.01,91.1,-0.43,-99.99,-3.1,-3.24,-3.35,-99.99,-3.63,93.5,0,234,1.32,0.09,0.01,-0.12
2002,172,430,21.55,1.6,6.22,-3.73,-1.61,103.3,-0.36,-99.99,-3.11,-3.25,-3.15,-99.99,-3.62,93.3,0,244,1.05,0.08,0,-0.4
2002,172,500,28.45,1.44,7.48,-1.72,1.14,122.6,-0.22,-99.99,-3.1,-3.26,-2.78,-99.99,-3.61,93.7,0,254,0.65,0.07,-0.03,-0.75
2002,172,530,36.37,1.78,10.44,-0.05,4.03,149.2,-0.03,-99.99,-3.05,-3.26,-2.35,-99.99,-3.57,93.6,0,273,0.55,0.06,-0.03,-1.02
2002,172,600,54.12,3.88,23.31,3.32,9.26,211.7,0.24,-99.99,-2.96,-3.24,-1.68,-99.99,-3.51,92.9,0,290,0.64,0.07,-0.04,-1.26
2002,172,630,83.6,5.99,36.18,6.14,15.93,333,0.35,-99.99,-2.83,-3.21,-0.65,-99.99,-3.44,92.7,0,307,0.73,0.08,-0.06,-1.49
2002,172,700,95.5,7.41,47.13,8.12,17.48,347.8,0.51,-99.99,-2.68,-3.18,0.11,-99.99,-3.34,92.1,0,39,1.28,0.19,-0.06,-1.37
2002,172,730,146.7,12.76,73.34,15.41,31.32,527.5,0.89,-99.99,-2.44,-3.11,1.88,-99.99,-3.2,90.3,0,1,1.3,0.12,-0.07,-1.64
2002,172,800,165.8,14.67,83.36,10.22,38.24,753,1.15,-99.99,-2.15,-3,3.24,-99.99,-3.03,88.7,0,8,1.79,0.09,-0.05,-1.74
2002,172,830,196,16.7,114.66,10.11,38.37,845,0.71,-99.99,-1.91,-2.9,4.13,-99.99,-2.87,91.7,0,6,2.47,0.16,-0.1,-1.85
2002,172,900,145.4,10.16,68.97,6.79,17.06,519.4,-0.32,-99.99,-1.81,-2.82,1.9,-99.99,-2.79,95.3,0,10,2.52,0.14,-0.08,-1.57
2002,172,930,119,8.58,61.37,3.61,5.62,405.1,-0.38,-99.99,-1.77,-2.74,0.57,-99.99,-2.76,95.3,0,23,2.72,0.18,-0.06,-1.51
2002,172,1000,170,10.77,78.01,11.66,16.91,546.8,-0.07,-99.99,-1.65,-2.65,1.61,-99.99,-2.66,93,0,44,2.83,0.18,-0.06,-1.58
2002,172,1030,191.9,13.58,102.32,14.03,22.25,602.2,0.16,-99.99,-1.5,-2.57,2.31,-99.99,-2.6,92.2,0,51,2.95,0.19,-0.07,-1.46
2002,172,1100,196.8,12.33,98.31,13.63,20.67,610.2,0.13,-99.99,-1.39,-2.5,2.33,-99.99,-2.55,92.9,0,58,3.39,0.2,-0.07,-1.32
2002,172,1130,141.3,9.46,75.49,5.9,9.9,467.1,0.2,-99.99,-1.34,-2.43,1.18,-99.99,-2.52,92.9,0,59,3.69,0.21,-0.05,-1.47
2002,172,1200,162.3,9.49,72.37,9.37,14.83,511.3,0.5,-99.99,-1.29,-2.38,1.47,-99.99,-2.48,91.8,0,63,3.9,0.21,-0.05,-1.43
2002,172,1230,221.7,14.26,115.12,15.55,21.81,665.6,0.92,-99.99,-1.23,-2.34,2.54,-99.99,-2.44,91.8,0,67,4.25,0.26,-0.09,-1.53
2002,172,1300,205.8,14.03,105.67,13.71,24,647.7,1.52,-99.99,-1.07,-2.28,3.11,-99.99,-2.36,90.2,0,66,4.55,0.26,-0.04,-0.63
2002,172,1330,189.4,12.56,93.72,12.47,18.79,611.4,1.75,-99.99,-1.03,-2.24,2.86,-99.99,-2.34,90.2,0,64,4.04,0.24,-0.07,-0.43
2002,172,1400,319.7,34.77,138.97,31.58,47.64,1018,4.71,-99.99,-0.78,-2.19,6.41,-99.99,-2.17,81.1,0,137,4.79,0.37,0.03,-0.4
2002,172,1430,227.3,32.03,117.96,20.64,30.09,810,4.65,-99.99,-0.64,-2.1,4.77,-99.99,-2.11,83.7,0.1,183.5,4.08,0.3,-0.02,-0.15
2002,172,1500,251.9,29.28,96.95,29.12,36.06,902,4.55,-99.99,-0.41,-2.01,6.27,-99.99,-1.95,83.4,0,230,3.36,0.23,-0.06,0.1
2002,172,1530,324.8,37.51,159.41,34.67,43.16,1135,5.44,-99.99,-0.19,-1.96,8.43,-99.99,-1.83,76.2,0,234,3.26,0.27,-0.02,0.27
2002,172,1600,276.4,27.1,115.23,24.75,32.38,989,5.59,-99.99,0.02,-1.85,7.38,-99.99,-1.71,72.4,0,231,4.3,0.26,0.09,0.25
2002,172,1630,392.4,29.94,169.69,41.69,42.83,1364,6.29,-99.99,0.32,-1.75,10.72,-99.99,-1.54,69.82,0,220,4.05,0.22,-0.04,-0.69
2002,172,1700,215.4,23.65,90.14,19.42,24.45,883,5.72,-99.99,0.48,-1.62,7.97,-99.99,-1.45,73.8,0,64,1.25,0.1,-0.02,-0.49
2002,172,1730,169.2,16.61,80.39,10.94,13.13,652.6,4.09,-99.99,0.43,-1.49,5.2,-99.99,-1.46,80.5,0,46,2.99,0.19,-0.03,-0.97
2002,172,1800,122,12.11,40.79,8.68,15.86,471.4,5.18,-99.99,0.36,-1.42,4.23,-99.99,-1.47,77.6,0,113,2.9,0.2,-0.01,-0.58
2002,172,1830,43.66,0.18,-19.69,-1.26,0.81,236.5,5.75,-99.99,0.16,-1.37,2.05,-99.99,-1.57,75.2,0,183,3.96,0.3,-0.08,-0.51
2002,172,1900,127.6,9.88,49.66,12.73,15.18,525.8,4.99,-99.99,0.08,-1.36,3.04,-99.99,-1.65,80.5,0,199,4.38,0.27,0.02,0.2
2002,172,1930,120.8,12.29,56.37,11.38,15.13,509.7,4.91,-99.99,0,-1.39,2.88,-99.99,-1.73,82.7,0,196,4.97,0.29,0,0.58
2002,172,2000,64.34,4.78,22.72,4.09,6.11,291.2,4.53,-99.99,-0.18,-1.45,1.65,-99.99,-1.86,84.7,0,198,5.06,0.21,0.01,1.45
2002,172,2030,38.55,7.23,17.06,-0.07,0.72,195.6,4.32,-99.99,-0.37,-1.5,0.82,-99.99,-1.95,84.6,0,180,5.56,0.26,0.07,2.52
2002,172,2100,44.64,7.85,7.94,0.84,2.4,201.5,4.19,-99.99,-0.54,-1.57,0.37,-99.99,-2.09,86.3,0,165.5,5.86,0.3,0.11,2.96
2002,172,2130,17.49,8.46,-1.19,-2.52,-1.29,105.5,3.67,-99.99,-0.74,-1.68,-0.27,-99.99,-2.27,90.8,0.4,151,6.15,0.35,0.14,3.41
2002,172,2200,15.41,1.62,-1.84,-2.19,-1,92.9,3.58,-99.99,-0.9,-1.77,-0.32,-99.99,-2.4,93.5,0.8,144,6.19,0.35,0.16,2.98
2002,172,2230,11.91,4.67,-1.88,-1.99,-0.37,80.9,3.79,-99.99,-1.05,-1.85,-0.22,-99.99,-2.48,94.5,0.4,138,7.1,0.4,0.13,2.53
2002,172,2300,17.82,7.71,-1.92,-0.65,1.76,92.1,4.21,-99.99,-1.16,-1.93,0.15,-99.99,-2.53,94.4,0.3,132,8.01,0.46,0.09,2.08
2002,172,2330,10.62,-99.99,-99.99,-0.92,2.2,72,4.49,-99.99,-1.25,-2.01,0.35,-99.99,-2.57,94.6,0.5,-99.99,-99.99,-99.99,-99.99,-99.99
2002,173,0,7.05,-99.99,-99.99,-3.5,-0.55,59.78,3.17,-99.99,-1.34,-2.05,-0.7,-99.99,-2.63,94,0.4,-99.99,-99.99,-99.99,-99.99,-99.99
2002,173,30,5.8,-99.99,-99.99,-6.07,-5.71,49.35,1.43,-99.99,-1.51,-2.11,-2.02,-99.99,-2.73,95.6,0,-99.99,-99.99,-99.99,-99.99,-99.99
2002,173,100,8.23,-99.99,-99.99,-6.42,-6.94,51.64,0.71,-99.99,-1.69,-2.2,-2.58,-99.99,-2.86,96.7,0,-99.99,-99.99,-99.99,-99.99,-99.99
2002,173,130,8.25,-99.99,-99.99,-6.63,-7.24,39.84,0.43,-99.99,-1.86,-2.3,-2.85,-99.99,-2.98,97.3,0,-99.99,-99.99,-99.99,-99.99,-99.99
2002,173,200,7.72,-99.99,-99.99,-6.67,-7.07,1.99,0.33,-99.99,-2.01,-2.38,-3,-99.99,-3.07,97.3,0.1,-99.99,-99.99,-99.99,-99.99,-99.99
2002,173,230,12.79,-99.99,-99.99,-7.81,-7.99,56.98,0.12,-99.99,-2.14,-2.46,-3.34,-99.99,-3.15,96.4,0,-99.99,-99.99,-99.99,-99.99,-99.99
2002,173,300,14.29,-99.99,-99.99,-8.04,-8.35,107.8,-0.01,-99.99,-2.28,-2.54,-3.56,-99.99,-3.23,90.5,0,-99.99,-99.99,-99.99,-99.99,-99.99
2002,173,330,24.57,9.51,5.68,-6.71,-6.72,118.1,-0.19,-99.99,-2.42,-2.63,-3.61,-99.99,-3.31,91.1,0,240,7.48,0.49,0.03,0.47
2002,173,400,24.94,7.74,6.84,-7.27,-6.01,141,-0.31,-99.99,-2.53,-2.71,-3.64,-99.99,-3.38,91.4,0,239,7.24,0.45,0.02,0.34
2002,173,430,32.98,4.76,5.92,-5.8,-4.87,142.2,-0.46,-99.99,-2.65,-2.8,-3.64,-99.99,-3.45,92.9,0,237,6.57,0.38,0.01,0.33
2002,173,500,42.38,4.84,1.76,-4.21,-2.8,159.5,-0.26,-99.99,-2.72,-2.88,-3.52,-99.99,-3.5,91.6,0,231,6.9,0.36,0.01,0.39
2002,173,530,40.3,5.41,7.98,-3.47,-1.97,150.6,-0.17,-99.99,-2.77,-2.94,-3.44,-99.99,-3.53,92.4,0,221,6.82,0.4,0.02,0.58
2002,173,600,48.52,6.08,12.88,-2.29,-0.89,174.4,-0.04,-99.99,-2.82,-2.99,-3.29,-99.99,-3.54,91.8,0,219,7.11,0.38,0.02,0.62
2002,173,630,54.56,7.07,18.75,-1.13,0.69,191.9,0.03,-99.99,-2.84,-3.02,-3.07,-99.99,-3.55,91.8,0,217,6.8,0.39,0.03,0.59
2002,173,700,53.73,6.13,17.46,-1.12,0.64,194.7,0.01,-99.99,-2.85,-3.05,-2.99,-99.99,-3.54,91.8,0,218,6.67,0.35,0.02,0.38
2002,173,730,64.53,8.04,22.91,-0.01,1.15,228.2,0.04,-99.99,-2.86,-3.07,-2.88,-99.99,-3.53,91.5,0,215,6.84,0.38,0.02,0.35
2002,173,800,93.9,10.83,37.57,4.52,6.99,309.1,0.26,-99.99,-2.82,-3.08,-2.28,-99.99,-3.49,90.9,0,214,6.83,0.39,0.01,0.4
2002,173,830,83.2,10.83,37.32,3.28,5.57,281.6,0.32,-99.99,-2.79,-3.08,-2.25,-99.99,-3.47,90.7,0,213,7.01,0.38,0.02,0.48
2002,173,900,107.1,13.35,52.74,5.7,7.84,371.8,0.43,-99.99,-2.75,-3.07,-1.94,-99.99,-3.42,90.4,0,212,7.24,0.45,0.02,0.51
2002,173,930,104.8,11.21,45.42,5.49,7.54,374.8,0.49,-99.99,-2.71,-3.06,-1.82,-99.99,-3.38,90.2,0,214,7,0.4,0.02,0.51
2002,173,1000,131.7,13.71,56.92,8.55,10.52,470.5,0.56,-99.99,-2.65,-3.04,-1.47,-99.99,-3.34,89.3,0,215,6.81,0.39,0.02,0.72
2002,173,1030,205.4,19.39,84.59,18.32,23.27,699.8,0.9,-99.99,-2.51,-3.01,-0.13,-99.99,-3.25,88.3,0,214,6.96,0.39,0.02,0.68
2002,173,1100,195.6,20.27,94.82,16.45,22.74,694.3,0.98,-99.99,-2.36,-2.96,0.2,-99.99,-3.16,87.2,0,217,6.96,0.39,0.05,0.5
2002,173,1130,113.1,11.26,51.13,4.56,4.19,440.7,0.58,-99.99,-2.34,-2.91,-1.38,-99.99,-3.12,86.7,0,213,7.06,0.36,0.02,0.22
2002,173,1200,171.1,17.5,70.91,13.14,14.26,614.5,0.94,-99.99,-2.27,-2.86,-0.63,-99.99,-3.03,83,0,210,7.03,0.4,0,0.35
2002,173,1230,235,19.98,94.41,21.28,23.21,814,1.31,-99.99,-2.15,-2.81,0.57,-99.99,-2.96,79.5,0,213,7.04,0.4,0.01,0.62
2002,173,1300,329.1,31.83,150,31.16,35.22,1107,1.81,-99.99,-1.91,-2.75,2.83,-99.99,-2.84,77.4,0,213,6.65,0.41,0.04,0.78
2002,173,1330,318.7,25.98,130.54,29.5,32.8,1101,2.11,-99.99,-1.64,-2.66,3.17,-99.99,-2.69,75.9,0,210,7.41,0.42,0.03,0.6
2002,173,1400,230.8,20.13,111.09,18.04,17.71,860,1.75,-99.99,-1.56,-2.55,1,-99.99,-2.6,77.7,0,207,8.17,0.44,0.03,0.43
2002,173,1430,347.3,29.69,179.01,28.59,25.33,1193,1.8,-99.99,-1.43,-2.47,2.91,-99.99,-2.51,79.7,0,214,7.77,0.43,0,0.39
2002,173,1500,346.7,28.13,164.16,30.9,28.79,1202,2.07,-99.99,-1.15,-2.37,4.43,-99.99,-2.35,77.7,0,210,6.94,0.41,0.02,0.39
2002,173,1530,269.5,26.39,148.86,25.73,24.46,952,1.95,-99.99,-1.07,-2.28,2.7,-99.99,-2.31,75.7,0,215,6.34,0.39,0.03,0.38
2002,173,1600,246.8,27.07,123.87,24.34,24.84,877,2.07,-99.99,-0.99,-2.19,2.29,-99.99,-2.25,71.7,0,214,6.01,0.36,0,0.19
2002,173,1630,148,20.96,74.25,9.25,8.29,557.6,2.12,-99.99,-1.01,-2.1,0.56,-99.99,-2.22,71.6,0,208,6.52,0.36,0.02,0.21
2002,173,1700,111.1,15.51,52.57,5,1.87,435.3,1.76,-99.99,-1.1,-2.06,-0.3,-99.99,-2.25,73.2,0,210,5.84,0.34,0,0.09
2002,173,1730,89.8,14.27,42.91,2.62,0.4,367.3,1.53,-99.99,-1.21,-2.06,-0.7,-99.99,-2.32,73.3,0,219,5.28,0.32,0.01,0.05
2002,173,1800,63.32,8.56,30.1,-0.49,-1.95,279.7,1.19,-99.99,-1.34,-2.08,-1.15,-99.99,-2.42,76.4,0,228,4.37,0.26,0,0
2002,173,1830,57.28,5.23,16.66,-5.01,-3.87,251.1,0.93,-99.99,-1.47,-2.12,-1.58,-99.99,-2.53,79.6,0,224,3.84,0.19,0,-0.05
2002,173,1900,79.7,5.86,25.03,-2.17,0.4,303.8,0.61,-99.99,-1.58,-2.17,-1.49,-99.99,-2.63,85.2,0,215,3.33,0.17,0,-0.03
2002,173,1930,80.6,6.49,33.39,-0.91,3.43,293.1,0.3,-99.99,-1.68,-2.23,-1.66,-99.99,-2.72,91.7,0.1,206,2.81,0.16,0,-0.02
2002,173,2000,58.59,-99.99,-99.99,-1.19,1.77,225.4,0.23,-99.99,-1.76,-2.29,-1.99,-99.99,-2.8,93.6,0,-99.99,-99.99,-99.99,-99.99,-99.99
2002,173,2030,58.5,-99.99,-99.99,-4.56,-2.76,207.8,-0.01,-99.99,-1.87,-2.33,-2.57,-99.99,-2.89,94.9,0.2,-99.99,-99.99,-99.99,-99.99,-99.99
2002,173,2100,70.9,3.64,17.14,1.07,4.96,238.8,0.08,-99.99,-1.94,-2.4,-2.07,-99.99,-2.95,95.7,0.1,175,2.36,0.13,0.04,0.85
2002,173,2130,55.55,6.42,14.51,2.18,5.67,198.7,0.25,-99.99,-2,-2.46,-1.97,-99.99,-3,94.7,0,194,2.78,0.08,0.03,0.49
2002,173,2200,50.72,7.66,13.78,1.04,3.31,181.7,0.32,-99.99,-2.07,-2.51,-2.1,-99.99,-3.05,93,0,184,2.42,0.13,0.04,0.33
2002,173,2230,52.48,8.71,13.92,2.08,6.23,185.2,0.43,-99.99,-2.1,-2.55,-1.9,-99.99,-3.06,91.6,0,157,2.55,0.15,-0.01,0.15
2002,173,2300,25.82,6.67,6.35,-2.97,-0.27,121.3,0.4,-99.99,-2.17,-2.59,-2.44,-99.99,-3.1,91.9,0,152,2.54,0.16,0.01,0.18
2002,173,2330,19.17,3.25,2.18,-5.23,-3.94,110.7,0.3,-99.99,-2.25,-2.62,-2.76,-99.99,-3.13,93,0,140,2.48,0.13,0.02,0.2
2002,174,0,10.35,2.08,-0.58,-6.96,-6.36,83.8,0.15,-99.99,-2.34,-2.66,-3.09,-99.99,-3.17,93.5,0,143,2.01,0.11,0,0.31
2002,174,30,5.58,0.69,-1.03,-7.43,-7.68,70.7,0.05,-99.99,-2.44,-2.7,-3.27,-99.99,-3.22,94.9,0,138,1.28,0.07,0.02,0.46
2002,174,100,5.17,1.27,-1.6,-7.11,-7.21,57.65,0.11,-99.99,-2.53,-2.75,-3.3,-99.99,-3.27,96.4,0,107,1.52,0.09,0.02,0.4
2002,174,130,7.24,0.34,1.35,-6.92,-6.53,58.17,-0.09,-99.99,-2.59,-2.81,-3.38,-99.99,-3.34,96.9,0,99,2.75,0.14,0.02,0.25
2002,174,200,8.46,1.14,2.92,-6.5,-6,55.33,-0.27,-99.99,-2.67,-2.85,-3.44,-99.99,-3.39,97.4,0,95,2.94,0.13,0.01,0.19
2002,174,230,10.12,1.56,3.33,-6.11,-5.16,64.78,-0.24,-99.99,-2.73,-2.9,-3.42,-99.99,-3.43,97.6,0,95,2.86,0.17,0,0.08
2002,174,300,7.4,1.31,2.84,-6.59,-5.83,63.72,-0.37,-99.99,-2.79,-2.94,-3.53,-99.99,-3.47,97.6,0,92,2.4,0.13,0.01,0.06
2002,174,330,9.15,1.44,2.36,-6.67,-5.93,62.75,-0.68,-99.99,-2.85,-2.99,-3.57,-99.99,-3.51,97.6,0,86,1.82,0.11,0,-0.08
2002,174,400,16.53,0.8,2.04,-5.84,-4.77,85.9,-0.68,-99.99,-2.9,-3.03,-3.49,-99.99,-3.53,97.8,0,81,1.43,0.07,0,0.08
2002,174,430,24.74,0.78,1.32,-4.22,-1.41,106.4,-0.42,-99.99,-2.93,-3.07,-3.25,-99.99,-3.54,97.9,0,98,1.74,0.09,-0.01,0.17
2002,174,500,40.88,2.62,1.42,-0.96,4.51,169.1,0.17,-99.99,-2.93,-3.09,-2.48,-99.99,-3.53,97,0,147,0.85,0.04,0.02,0.28
2002,174,530,35.51,2.52,4.46,1.05,6.24,146,0.32,-99.99,-2.9,-3.11,-2.24,-99.99,-3.5,94,0,115,1,0.04,0.01,0.12
2002,174,600,27.21,2.42,7.5,-1.76,2.06,119.4,0.07,-99.99,-2.88,-3.12,-2.39,-99.99,-3.49,96.5,0,83,1.14,0.04,0.01,-0.04
2002,174,630,46.25,4.1,14.19,0.28,4.37,168.6,-0.02,-99.99,-2.84,-3.11,-2.07,-99.99,-3.45,96.3,0,80,1.77,0.1,-0.01,0
2002,174,700,52.89,4.76,15.39,1.7,7.23,186.1,0.19,-99.99,-2.78,-3.1,-1.69,-99.99,-3.41,96.2,0,77,1.71,0.11,0,0.1
2002,174,730,84.8,7.43,20.49,5.3,12.61,279,0.39,-99.99,-2.68,-3.07,-0.86,-99.99,-3.35,96.3,0,64,1.7,0.1,0.01,0.26
2002,174,800,68.7,-99.99,-99.99,-0.85,1.44,244,0.21,-99.99,-2.66,-3.04,-1.73,-99.99,-3.32,96.9,0.2,-99.99,-99.99,-99.99,-99.99,-99.99
2002,174,830,85.6,-99.99,-99.99,3.09,5.08,297.5,0.22,-99.99,-2.61,-3.01,-1.17,-99.99,-3.27,97.2,0.1,-99.99,-99.99,-99.99,-99.99,-99.99
2002,174,900,113,-99.99,-99.99,10.9,19.68,354.4,0.39,-99.99,-2.45,-2.98,0.16,-99.99,-3.2,96.6,0,-99.99,-99.99,-99.99,-99.99,-99.99
2002,174,930,74.4,-99.99,-99.99,3.03,6.46,239,-0.04,-99.99,-2.38,-2.92,-1.14,-99.99,-3.15,97.1,0,-99.99,-99.99,-99.99,-99.99,-99.99
2002,174,1000,103.9,-99.99,-99.99,7.54,13.41,320.1,0.21,-99.99,-2.28,-2.88,-0.04,-99.99,-3.09,97.1,0,-99.99,-99.99,-99.99,-99.99,-99.99
2002,174,1030,155.7,-99.99,-99.99,16.03,27.26,460.8,0.51,-99.99,-2.11,-2.83,1.59,-99.99,-2.98,95.9,0,-99.99,-99.99,-99.99,-99.99,-99.99
2002,174,1100,192.2,-99.99,-99.99,18.04,26.44,570,0.48,-99.99,-1.88,-2.73,1.62,-99.99,-2.86,96.5,0,-99.99,-99.99,-99.99,-99.99,-99.99
2002,174,1130,235,-99.99,-99.99,19.49,30.7,738,0.7,-99.99,-1.6,-2.63,2.89,-99.99,-2.72,95.3,0,-99.99,-99.99,-99.99,-99.99,-99.99
2002,174,1200,272,-99.99,-99.99,22.31,34.25,877,0.7,-99.99,-1.27,-2.5,4.19,-99.99,-2.55,94.2,0,-99.99,-99.99,-99.99,-99.99,-99.99
2002,174,1230,319.9,-99.99,-99.99,20.1,32.73,1077,1.18,-99.99,-0.95,-2.36,6.91,-99.99,-2.36,92.3,0,-99.99,-99.99,-99.99,-99.99,-99.99
2002,174,1300,310.4,-99.99,-99.99,12.77,24.5,1103,1.48,-99.99,-0.58,-2.19,9.62,-99.99,-2.08,89.8,0,-99.99,-99.99,-99.99,-99.99,-99.99
2002,174,1330,186.1,-99.99,-99.99,4.38,9.46,725,1.12,-99.99,-0.48,-2.02,4.84,-99.99,-2,89,0,-99.99,-99.99,-99.99,-99.99,-99.99
2002,174,1400,233.4,-99.99,-99.99,13.46,24.04,829,1.33,-99.99,-0.28,-1.85,5.61,-99.99,-1.85,88,0,-99.99,-99.99,-99.99,-99.99,-99.99
2002,174,1430,280.6,-99.99,-99.99,18.45,27.38,993,1.29,-99.99,-0.14,-1.72,6,-99.99,-1.77,88.3,0,-99.99,-99.99,-99.99,-99.99,-99.99
2002,174,1500,304,-99.99,-99.99,20.54,30.39,1088,1.26,-99.99,0.05,-1.6,6.49,-99.99,-1.69,86.7,0,-99.99,-99.99,-99.99,-99.99,-99.99
2002,174,1530,258.9,23.11,121.44,16.18,22.39,919,0.99,-99.99,0.16,-1.5,5.44,-99.99,-1.62,90.1,0,22,3.64,0.21,-0.02,-0.43
2002,174,1600,197.1,20.98,113.95,9.94,11.94,682.4,0.53,-99.99,0.16,-1.41,3.49,-99.99,-1.6,91.8,0,27,3.57,0.2,-0.02,-0.5
2002,174,1630,195.2,20.72,121.36,11.23,12.05,656.7,0.27,-99.99,0.15,-1.34,2.98,-99.99,-1.59,92.7,0,38,3.56,0.24,-0.01,-0.8
2002,174,1700,200.3,18.36,103.51,12.94,14.25,653.8,0.06,-99.99,0.13,-1.3,3.04,-99.99,-1.61,92.8,0,37,3.21,0.2,-0.03,-1.03
2002,174,1730,209.5,21.65,127.79,15.32,19.33,673.2,0.17,-99.99,0.14,-1.28,3.61,-99.99,-1.62,92.1,0,28,2.89,0.2,-0.06,-1.42
2002,174,1800,197.7,-99.99,-99.99,12.21,17.41,629.9,0.33,-99.99,0.13,-1.27,3.22,-99.99,-1.66,91,0,-99.99,-99.99,-99.99,-99.99,-99.99
2002,174,1830,301.3,-99.99,-99.99,24.32,32.6,979,0.96,-99.99,0.25,-1.28,6.19,-99.99,-1.62,86.1,0,-99.99,-99.99,-99.99,-99.99,-99.99
2002,174,1900,244.9,22.57,121.69,18.22,24.92,814,0.99,-99.99,0.33,-1.26,5.41,-99.99,-1.59,85.5,0,6,2.66,0.19,-0.05,-0.95
2002,174,1930,121.9,13.44,69.49,-1.15,-0.59,513.4,0.54,-99.99,0.26,-1.2,2.5,-99.99,-1.62,85.1,0,355,2.63,0.15,-0.04,-0.97
2002,174,2000,215.1,13.64,84.47,9.62,4.79,794,0.95,-99.99,0.22,-1.23,4.67,-99.99,-1.62,82.5,0,343,1.84,0.09,-0.03,-0.84
2002,174,2030,187.3,15.21,90.91,8.32,6.92,718,1,-99.99,0.1,-1.24,4.37,-99.99,-1.64,82.6,0,326,1.94,0.11,-0.06,-0.64
2002,174,2100,130.9,9.03,53.46,-0.48,-2.8,573.7,0.89,-99.99,-0.06,-1.26,3.2,-99.99,-1.72,82.6,0,306,2.01,0.11,-0.02,-0.35
2002,174,2130,68.95,5.77,27.66,-3.28,-6.19,339.1,0.33,-99.99,-0.3,-1.28,0.3,-99.99,-1.84,85.9,0,303,1.69,0.12,0,-0.23
2002,174,2200,67.15,9.26,33.16,0.11,1.44,284.9,0.41,-99.99,-0.46,-1.36,0.11,-99.99,-1.93,85,0,317,1.77,0.12,-0.02,-0.06
2002,174,2230,44.31,5.74,34.17,-3.81,-3.97,200.3,0.07,-99.99,-0.65,-1.46,-0.93,-99.99,-2.07,88.7,0,40,1.88,0.18,-0.01,0.14
2002,174,2300,20.43,3.6,16.89,-5.89,-7.26,116.4,-0.34,-99.99,-0.86,-1.56,-1.76,-99.99,-2.21,91.6,0,331,1.08,0.1,0.02,0.38
2002,174,2330,18.47,4.67,13.75,-6.87,-8.29,105.1,-0.42,-99.99,-1.04,-1.66,-2.27,-99.99,-2.36,91.4,0,272,1.9,0.19,0.01,0.37
2002,175,0,17.33,4,9.63,-8.28,-9.79,101.5,-0.6,-99.99,-1.22,-1.76,-2.75,-99.99,-2.51,91,0,271,2.16,0.2,0.02,0.41
2002,175,30,12.97,3.07,5.89,-7.78,-9.45,89.5,-0.77,-99.99,-1.41,-1.88,-2.99,-99.99,-2.67,91.8,0,288,1.81,0.15,0.01,0.33
2002,175,100,10.48,5.28,11.54,-7.87,-9.15,74.1,-0.81,-99.99,-1.57,-1.98,-3.21,-99.99,-2.79,91.6,0,283,2.41,0.23,0.02,0.35
2002,175,130,11.83,5.16,10.21,-7.69,-8.75,77.1,-0.98,-99.99,-1.74,-2.1,-3.42,-99.99,-2.93,90.3,0,270,2.03,0.22,0.01,0.28
2002,175,200,9.55,3.68,6.11,-7.46,-7.42,95.9,-0.89,-99.99,-1.91,-2.22,-3.43,-99.99,-3.03,87.5,0,237,1.04,0.1,0.01,0.27
2002,175,230,7.69,1.23,-0.12,-7.79,-7.71,130.7,-0.6,-99.99,-2.06,-2.32,-3.53,-99.99,-3.13,84.5,0,210,1.19,0.04,0.01,0.23
2002,175,300,14.31,2.43,3.21,-6.59,-6.59,102,-0.78,-99.99,-2.19,-2.41,-3.6,-99.99,-3.22,86.3,0,227,2.36,0.11,0.01,0.24
2002,175,330,7.85,2.09,1.04,-7.61,-6.82,121.9,-0.91,-99.99,-2.32,-2.51,-3.78,-99.99,-3.31,88.6,0,226,2.33,0.14,0.01,0.17
2002,175,400,23.37,2.72,5.76,-5.38,-5.36,116.2,-0.83,-99.99,-2.43,-2.6,-3.66,-99.99,-3.38,87.6,0,220,3.26,0.17,0.01,0.12
2002,175,430,34.32,5.57,10.34,-4.21,-3.59,153.7,-0.77,-99.99,-2.51,-2.68,-3.55,-99.99,-3.44,83.7,0,224,3.49,0.21,0.01,0.05
2002,175,500,42.37,5.89,17.01,-2.63,-1.15,172.1,-0.73,-99.99,-2.58,-2.74,-3.42,-99.99,-3.47,83.7,0,220,3.84,0.23,0,0.07
2002,175,530,45.42,5.64,18.09,-5.03,-1.27,264,-0.74,-99.99,-2.63,-2.8,-3.33,-99.99,-3.5,81.8,0,226,4.16,0.24,0,0.05
2002,175,600,71.7,7.32,25.4,0.02,7.45,329.3,-0.23,-99.99,-2.65,-2.84,-2.6,-99.99,-3.49,77.7,0,211,4.38,0.23,0.01,0.03
2002,175,630,109.8,7.09,41.43,6.17,12.72,405.5,-0.15,-99.99,-2.63,-2.87,-2.08,-99.99,-3.48,81,0,202,4.89,0.26,0,-0.04
2002,175,700,99.8,8.78,45.12,5.29,10.46,372.8,-0.1,-99.99,-2.6,-2.89,-2.03,-99.99,-3.45,84,0,201,5.2,0.27,0,0.05
2002,175,730,121.6,9.47,50.2,6.84,11.72,450,-0.01,-99.99,-2.56,-2.9,-1.68,-99.99,-3.41,83.4,0,204,5.87,0.3,0,0.17
2002,175,800,136,12.96,67.28,8.31,12.46,494.3,0.15,-99.99,-2.5,-2.89,-1.43,-99.99,-3.36,82.8,0,206,6.41,0.37,0.01,0.46
2002,175,830,242.4,17.71,108.91,19.63,29.08,856,0.57,-99.99,-2.38,-2.88,0.32,-99.99,-3.28,80.9,0,209,6.45,0.36,0.01,0.54
2002,175,900,221.4,19.91,130.47,18.03,27.79,806,0.73,-99.99,-2.19,-2.82,0.6,-99.99,-3.14,80.3,0,208,7.09,0.4,0.04,0.56
2002,175,930,192.2,13.42,85.94,14.64,18.36,696.7,0.76,-99.99,-2.1,-2.76,0.02,-99.99,-3.05,81.5,0,205,7.17,0.35,0.02,0.67
2002,175,1000,191.4,16.7,93.34,14.53,16.83,679.4,1.05,-99.99,-2.02,-2.71,0.11,-99.99,-2.95,80.8,0,199,6.98,0.39,0.02,0.76
2002,175,1030,219.6,20.96,125.68,16.62,21.24,781,1.55,-99.99,-1.88,-2.64,0.88,-99.99,-2.85,79.6,0,199,7.38,0.4,0.05,0.94
2002,175,1100,174,16.46,105.03,12.62,12.72,621.1,1.56,-99.99,-1.84,-2.58,0.12,-99.99,-2.79,80.5,0,202,7.59,0.45,0.03,1
2002,175,1130,231.4,18.45,121.9,20.39,21.68,794,2.12,-99.99,-1.73,-2.52,1.19,-99.99,-2.71,80.2,0,202,7.81,0.42,0.04,0.88
2002,175,1200,202.2,14.98,107.57,16.54,17.82,730,2.41,-99.99,-1.62,-2.45,1.2,-99.99,-2.64,79.7,0,205,8.24,0.43,0.06,1.47
2002,175,1230,325.2,24.92,170.41,28.23,28.53,1109,2.86,-99.99,-1.46,-2.39,3.56,-99.99,-2.56,80,0,209,8.13,0.48,0.02,1.97
2002,175,1300,370.1,25.53,179.63,24.51,25.69,1286,3.29,-99.99,-1.18,-2.3,5.25,-99.99,-2.4,79,0,207,9.04,0.5,0.11,2.51
2002,175,1330,403.8,31.57,212.68,26.36,22.34,1373,3.7,-99.99,-0.95,-2.21,6.13,-99.99,-2.27,79.3,0,210,9.25,0.52,0.12,2.67
2002,175,1400,379,29.38,214.07,29.84,26.73,1318,3.5,-99.99,-0.68,-2.08,6.26,-99.99,-2.1,81.8,0,215,8.23,0.49,0.09,1.76
2002,175,1430,325.9,28.33,182.75,24.6,21.06,1152,3.38,-99.99,-0.52,-1.95,5.04,-99.99,-2.01,81.2,0,210,8.68,0.49,0.13,1.84
2002,175,1500,350.8,29.96,212.54,29.13,23.31,1178,3.24,-99.99,-0.39,-1.83,5.31,-99.99,-1.93,82.1,0,214,8.22,0.51,0,1.24
2002,175,1530,331,23.75,175.95,24.74,18.89,1138,3.26,-99.99,-0.33,-1.72,4.84,-99.99,-1.91,82.5,0,216,8.44,0.5,0.1,1.51
2002,175,1600,334.9,27.27,190.75,27.88,22.41,1185,3.6,-99.99,-0.17,-1.63,5.5,-99.99,-1.9,80.6,0,219,8.28,0.47,0.06,1.06
2002,175,1630,236.5,21.11,137.59,18.42,13.73,857,3.26,-99.99,-0.19,-1.54,3.55,-99.99,-1.92,81.7,0,218,7.73,0.45,0.04,1.25
2002,175,1700,303.8,27.12,193.59,22.08,12.46,1119,3.71,-99.99,-0.1,-1.49,5.75,-99.99,-1.84,80.4,0,215,8.41,0.5,0.04,1.32
2002,175,1730,305.5,24.95,181.55,23.22,14.42,1145,3.64,-99.99,-0.02,-1.43,5.75,-99.99,-1.83,80.8,0,214,8.73,0.52,0.08,1.45
2002,175,1800,244.2,18.1,143.85,15.32,8.78,952,3.21,-99.99,-0.01,-1.4,4.42,-99.99,-1.87,83.4,0,220,8.55,0.48,0.05,1.37
2002,175,1830,178.8,13.59,120.23,8.19,3.05,738,2.67,-99.99,-0.09,-1.35,2.51,-99.99,-1.92,86.3,0,220,8.08,0.46,0.05,1.35
2002,175,1900,230.6,14.07,140.78,16.2,10.01,822,2.09,-99.99,-0.16,-1.34,2.57,-99.99,-1.94,90.1,0,220,8.36,0.48,0.07,1.24
2002,175,1930,179.7,11.52,121.16,8.9,5.39,703,2.19,-99.99,-0.22,-1.36,2.2,-99.99,-1.99,90.5,0,219,8.16,0.47,0.05,1.26
2002,175,2000,138.5,9.1,93.94,6.42,2.69,524.4,2.03,-99.99,-0.39,-1.38,0.99,-99.99,-2.07,91.6,0,219,8.3,0.47,0.04,1.25
2002,175,2030,131.6,7.54,82.87,4.87,1.34,535.5,2.4,-99.99,-0.54,-1.43,1.07,-99.99,-2.16,90.4,0,214,8.27,0.47,0.07,1.22
2002,175,2100,93.4,6.84,69.76,3.19,0.99,368.4,2.13,-99.99,-0.69,-1.48,0.05,-99.99,-2.26,92.1,0,214,8.47,0.5,0.04,0.97
2002,175,2130,63.63,3.82,46.88,0.07,-2.24,261.1,1.76,-99.99,-0.84,-1.53,-0.71,-99.99,-2.37,94.3,0,213,9.02,0.49,0.04,0.94
2002,175,2200,54.25,3.53,39.87,-0.38,-1.81,223.3,1.76,-99.99,-1,-1.62,-0.94,-99.99,-2.48,94.6,0,213,9.1,0.49,0.04,0.9
2002,175,2230,36.11,2.6,33.82,-1.78,-3.1,151.6,1.74,-99.99,-1.14,-1.7,-1.26,-99.99,-2.6,94.3,0,212,9.19,0.5,0.04,0.86
2002,175,2300,27.53,1.72,30.45,-2.64,-3.79,114.6,1.36,-99.99,-1.29,-1.79,-1.64,-99.99,-2.74,96.4,0,211,8.91,0.48,0.03,0.82
2002,175,2330,22.33,1.27,25.48,-3.28,-4.15,99.9,1.23,-99.99,-1.43,-1.88,-1.86,-99.99,-2.86,97.2,0,214,8.86,0.47,0.04,0.87
2002,176,0,18.11,-99.99,-99.99,-3.29,-3.41,88.5,1.44,-99.99,-1.56,-1.98,-1.83,-99.99,-2.94,97.3,0,-99.99,-99.99,-99.99,-99.99,-99.99
2002,176,30,14.75,-99.99,-99.99,-3.09,-2.64,73.4,1.69,-99.99,-1.66,-2.05,-1.76,-99.99,-3.01,96.6,0,-99.99,-99.99,-99.99,-99.99,-99.99
2002,176,100,12.8,-99.99,-99.99,-3.37,-2.64,64.76,1.59,-99.99,-1.76,-2.13,-1.87,-99.99,-3.1,97.3,0,-99.99,-99.99,-99.99,-99.99,-99.99
2002,176,130,12.14,-99.99,-99.99,-3.35,-2.38,57.66,1.6,-99.99,-1.85,-2.2,-1.88,-99.99,-3.16,97.7,0,-99.99,-99.99,-99.99,-99.99,-99.99
2002,176,200,11.43,-99.99,-99.99,-3.61,-2.78,54.67,1.42,-99.99,-1.94,-2.27,-2.05,-99.99,-3.25,97.9,0,-99.99,-99.99,-99.99,-99.99,-99.99
2002,176,230,12.25,-99.99,-99.99,-3.87,-3.3,57.17,1.17,-99.99,-2.03,-2.33,-2.25,-99.99,-3.35,98.1,0,-99.99,-99.99,-99.99,-99.99,-99.99
2002,176,300,14.58,-99.99,-99.99,-3.66,-2.82,62.62,1.12,-99.99,-2.1,-2.39,-2.27,-99.99,-3.4,98.4,0,-99.99,-99.99,-99.99,-99.99,-99.99
2002,176,330,19.9,-99.99,-99.99,-2.93,-1.71,74.3,1.18,-99.99,-2.17,-2.45,-2.17,-99.99,-3.37,98.5,0,-99.99,-99.99,-99.99,-99.99,-99.99
2002,176,400,24.63,-99.99,-99.99,-2.32,-0.82,85.9,1.24,-99.99,-2.22,-2.5,-2.09,-99.99,-3.4,98.5,0,-99.99,-99.99,-99.99,-99.99,-99.99
2002,176,430,30.58,-99.99,-99.99,-1.53,0.19,105.6,1.36,-99.99,-2.26,-2.55,-1.95,-99.99,-3.46,98.5,0,-99.99,-99.99,-99.99,-99.99,-99.99
2002,176,500,38.62,-99.99,-99.99,-0.62,1.23,124.8,1.41,-99.99,-2.29,-2.59,-1.82,-99.99,-3.48,98.5,0,-99.99,-99.99,-99.99,-99.99,-99.99
2002,176,530,46.89,-99.99,-99.99,0.52,2.62,147.5,1.41,-99.99,-2.3,-2.62,-1.67,-99.99,-3.47,98.5,0,-99.99,-99.99,-99.99,-99.99,-99.99
2002,176,600,60.81,-99.99,-99.99,1.98,4.4,182.1,1.48,-99.99,-2.31,-2.65,-1.46,-99.99,-3.5,98.5,0,-99.99,-99.99,-99.99,-99.99,-99.99
2002,176,630,73,-99.99,-99.99,3.49,6.25,212.8,1.58,-99.99,-2.29,-2.66,-1.21,-99.99,-3.46,98.5,0,-99.99,-99.99,-99.99,-99.99,-99.99
2002,176,700,84.1,-99.99,-99.99,4.84,7.75,241.4,1.71,-99.99,-2.25,-2.67,-0.97,-99.99,-3.44,98.4,0,-99.99,-99.99,-99.99,-99.99,-99.99
2002,176,730,99.8,-99.99,-99.99,6.73,10.33,283.7,1.91,-99.99,-2.2,-2.67,-0.6,-99.99,-3.37,98.3,0,-99.99,-99.99,-99.99,-99.99,-99.99
2002,176,800,108.1,-99.99,-99.99,8.03,11.11,304.7,2.1,-99.99,-2.15,-2.66,-0.31,-99.99,-3.32,98.2,0,-99.99,-99.99,-99.99,-99.99,-99.99
2002,176,830,132.8,-99.99,-99.99,10.76,14.15,366.3,2.45,-99.99,-2.06,-2.65,0.26,-99.99,-3.26,98,0,-99.99,-99.99,-99.99,-99.99,-99.99
2002,176,900,159.7,-99.99,-99.99,13.77,17.18,442,2.84,-99.99,-1.96,-2.61,0.92,-99.99,-3.19,97.4,0,-99.99,-99.99,-99.99,-99.99,-99.99
2002,176,930,284.6,-99.99,-99.99,23.27,33.84,833,4.05,-99.99,-1.74,-2.56,3.44,-99.99,-3.05,92.5,0,-99.99,-99.99,-99.99,-99.99,-99.99
2002,176,1000,173.3,-99.99,-99.99,15.97,19.39,578.1,4.97,-99.99,-1.6,-2.51,2.75,-99.99,-2.94,86.5,0,-99.99,-99.99,-99.99,-99.99,-99.99
2002,176,1030,148.3,-99.99,-99.99,13.1,14.49,513.2,5.01,-99.99,-1.52,-2.43,2.35,-99.99,-2.88,85.1,0,-99.99,-99.99,-99.99,-99.99,-99.99
2002,176,1100,271.7,-99.99,-99.99,25.24,28.31,912,5.65,-99.99,-1.42,-2.34,3.69,-99.99,-2.54,82.8,0,-99.99,-99.99,-99.99,-99.99,-99.99
2002,176,1130,204.6,-99.99,-99.99,19.75,21.4,733,5.51,-99.99,-1.25,-2.27,3.23,-99.99,-2.45,82.4,0,-99.99,-99.99,-99.99,-99.99,-99.99
2002,176,1200,249.3,-99.99,-99.99,22.74,22.49,878,5.38,-99.99,-1.12,-2.16,3.58,-99.99,-2.36,82.8,0,-99.99,-99.99,-99.99,-99.99,-99.99
2002,176,1230,206.3,-99.99,-99.99,19.66,18.03,732,5.19,-99.99,-1.01,-2.08,3.06,-99.99,-2.28,83.2,0,-99.99,-99.99,-99.99,-99.99,-99.99
2002,176,1300,311,-99.99,-99.99,27.96,25.24,1059,5.43,-99.99,-0.83,-1.99,4.56,-99.99,-2.18,82.8,0,-99.99,-99.99,-99.99,-99.99,-99.99
2002,176,1330,272.9,-99.99,-99.99,25.99,22.99,961,4.91,-99.99,-0.69,-1.89,3.99,-99.99,-2.1,84.2,0,-99.99,-99.99,-99.99,-99.99,-99.99
2002,176,1400,208.7,-99.99,-99.99,17.85,14.25,758,4.32,-99.99,-0.63,-1.81,3.05,-99.99,-2.06,85.3,0,-99.99,-99.99,-99.99,-99.99,-99.99
2002,176,1430,290.6,-99.99,-99.99,20.94,14.59,1013,4.34,-99.99,-0.57,-1.74,4.35,-99.99,-2,84.7,0,-99.99,-99.99,-99.99,-99.99,-99.99
2002,176,1500,409,-99.99,-99.99,29.37,23.07,1375,4.98,-99.99,-0.37,-1.65,6.97,-99.99,-1.86,81.9,0,-99.99,-99.99,-99.99,-99.99,-99.99
2002,176,1530,389.7,-99.99,-99.99,28.02,20.33,1337,4.76,-99.99,-0.16,-1.55,7.07,-99.99,-1.78,82.4,0,-99.99,-99.99,-99.99,-99.99,-99.99
2002,176,1600,372.7,-99.99,-99.99,24.49,16.47,1299,4.42,-99.99,0.03,-1.44,6.56,-99.99,-1.69,82.7,0,-99.99,-99.99,-99.99,-99.99,-99.99
2002,176,1630,354,-99.99,-99.99,25.27,16.81,1252,4.39,-99.99,0.17,-1.32,6.18,-99.99,-1.59,82.9,0,-99.99,-99.99,-99.99,-99.99,-99.99
2002,176,1700,333.6,-99.99,-99.99,26.73,17.52,1195,4.19,-99.99,0.26,-1.22,5.78,-99.99,-1.53,83.6,0,-99.99,-99.99,-99.99,-99.99,-99.99
2002,176,1730,301.8,-99.99,-99.99,24.27,15.66,1114,4.16,-99.99,0.32,-1.14,5.45,-99.99,-1.49,83.7,0,-99.99,-99.99,-99.99,-99.99,-99.99
2002,176,1800,191.5,-99.99,-99.99,15.95,8.82,660,3.05,-99.99,0.27,-1.05,2.83,-99.99,-1.48,87.6,0,-99.99,-99.99,-99.99,-99.99,-99.99
2002,176,1830,125.5,-99.99,-99.99,8.03,2.44,431.4,2.37,-99.99,0.14,-1.01,1.36,-99.99,-1.5,90.9,0,-99.99,-99.99,-99.99,-99.99,-99.99
2002,176,1900,76,-99.99,-99.99,1.85,-3.09,279.9,1.93,-99.99,-0.05,-1.03,0.2,-99.99,-1.59,92.9,0,-99.99,-99.99,-99.99,-99.99,-99.99
2002,176,1930,60.85,-99.99,-99.99,0.1,-3.57,223.4,1.75,-99.99,-0.26,-1.08,-0.35,-99.99,-1.7,93.3,0,-99.99,-99.99,-99.99,-99.99,-99.99
2002,176,2000,35.01,-99.99,-99.99,-3.11,-5.76,140.5,1.51,-99.99,-0.46,-1.17,-0.85,-99.99,-1.84,93.3,0,-99.99,-99.99,-99.99,-99.99,-99.99
2002,176,2030,25.34,-99.99,-99.99,-4,-6.17,107.4,1.24,-99.99,-0.65,-1.26,-1.39,-99.99,-1.99,95,0,-99.99,-99.99,-99.99,-99.99,-99.99
2002,176,2100,18.71,-99.99,-99.99,-4.43,-5.77,82.9,1.07,-99.99,-0.85,-1.38,-1.7,-99.99,-2.15,96.1,0,-99.99,-99.99,-99.99,-99.99,-99.99
2002,176,2130,18.91,-99.99,-99.99,-4.17,-4.91,80.9,0.97,-99.99,-1.01,-1.49,-1.84,-99.99,-2.29,96.3,0,-99.99,-99.99,-99.99,-99.99,-99.99
2002,176,2200,11.75,-99.99,-99.99,-4.86,-5.16,59.63,0.89,-99.99,-1.17,-1.6,-2.06,-99.99,-2.42,96.7,0.1,-99.99,-99.99,-99.99,-99.99,-99.99
2002,176,2230,10.93,-99.99,-99.99,-4.99,-5.31,55.75,0.87,-99.99,-1.34,-1.72,-2.23,-99.99,-2.55,96.9,0,-99.99,-99.99,-99.99,-99.99,-99.99
2002,176,2300,14.95,-99.99,-99.99,-4.11,-3.71,65.06,0.88,-99.99,-1.47,-1.83,-2.23,-99.99,-2.66,96.8,0,-99.99,-99.99,-99.99,-99.99,-99.99
2002,176,2330,13.85,-99.99,-99.99,-4.4,-3.92,62.1,0.77,-99.99,-1.59,-1.92,-2.33,-99.99,-2.76,97.1,0,-99.99,-99.99,-99.99,-99.99,-99.99
2002,177,0,12.19,0.94,6.91,-4.66,-4.16,56.07,0.61,-99.99,-1.71,-2.02,-2.45,-99.99,-2.84,97.7,0,232,4.14,0.25,0,-0.01
2002,177,30,9.03,-0.2,5.19,-4.96,-4.15,45.11,0.57,-99.99,-1.82,-2.11,-2.52,-99.99,-2.92,98,0,247,2.87,0.24,-0.01,0.03
2002,177,100,8.48,0.98,5.04,-5.23,-4.33,44.17,0.53,-99.99,-1.91,-2.18,-2.6,-99.99,-2.99,98.1,0,281,2.79,0.22,0.01,0.54
2002,177,130,8.27,1.76,7.37,-5.24,-4.24,45.06,0.49,-99.99,-1.99,-2.25,-2.64,-99.99,-3.04,98.1,0,292,2.63,0.23,0.01,0.67
2002,177,200,4.86,1.79,4.42,-5.72,-4.83,37.89,0.37,-99.99,-2.07,-2.31,-2.77,-99.99,-3.09,98.2,0,308,2.04,0.15,0.06,0.6
2002,177,230,8.3,1.5,2.97,-4.71,-3.57,45.8,0.36,-99.99,-2.15,-2.39,-2.73,-99.99,-3.15,98.5,0,300,0.66,0.08,0.02,0.26
2002,177,300,8.15,1.54,1.37,-4.25,-2.32,46.47,0.46,-99.99,-2.23,-2.46,-2.63,-99.99,-3.19,98.6,0,298,0.32,0.07,0,0.12
2002,177,330,7.93,0.66,1.03,-4.67,-2.99,45.79,0.52,-99.99,-2.27,-2.5,-2.69,-99.99,-3.22,98.6,0,285,0.27,0.1,0.01,0.09
2002,177,400,6.93,0.31,1.58,-5.21,-3.47,43.58,0.53,-99.99,-2.33,-2.55,-2.77,-99.99,-3.25,98.7,0,93,1.48,0.08,0.01,-0.07
2002,177,430,13.12,0.7,2.39,-3.95,-2.02,59.32,0.59,-99.99,-2.37,-2.59,-2.63,-99.99,-3.27,98.7,0,83,1.26,0.08,-0.01,-0.24
2002,177,500,12.33,0.3,3.2,-3.9,-1.64,58.21,0.57,-99.99,-2.41,-2.63,-2.58,-99.99,-3.29,98.8,0,42,1.14,0.05,-0.01,-0.41
2002,177,530,12.04,0.37,5.78,-4.51,-2.6,57.59,0.52,-99.99,-2.43,-2.65,-2.66,-99.99,-3.3,98.9,0,3,1.9,0.11,-0.02,-0.59
2002,177,600,16.41,-0.14,2.23,-4.38,-2.58,69.11,0.36,-99.99,-2.45,-2.67,-2.68,-99.99,-3.32,98.9,0,4,2.41,0.14,-0.03,-0.91
2002,177,630,23.16,-0.84,10.93,-3.53,-1.52,87.9,0.34,-99.99,-2.49,-2.72,-2.6,-99.99,-3.34,99,0.2,18,2.55,0.18,-0.03,-1.79
2002,177,700,42.46,-0.93,13.74,-0.73,1.73,137.4,0.35,-99.99,-2.5,-2.75,-2.26,-99.99,-3.34,99,0.1,38,2.71,0.17,-0.06,-2.61
2002,177,730,57.67,2.27,19.22,1.17,5.16,177.6,0.43,-99.99,-2.49,-2.77,-1.85,-99.99,-3.32,99,0,65,3.09,0.2,-0.14,-2.52
2002,177,800,93.4,9.39,40.01,5.48,11.31,267.2,0.6,-99.99,-2.44,-2.78,-1.1,-99.99,-3.28,98.9,0.1,61,3.29,0.22,-0.14,-1.75
2002,177,830,78.6,6.94,32.7,3.84,9.9,234.7,0.65,-99.99,-2.37,-2.77,-0.95,-99.99,-3.22,98.8,0,59,2.94,0.18,-0.04,-1.7
2002,177,900,58.03,4.58,26.3,0.36,3.74,184.2,0.56,-99.99,-2.33,-2.74,-1.4,-99.99,-3.18,98.8,0,47,2.91,0.18,-0.04,-2.97
2002,177,930,74.9,4.33,27.27,1.82,4.99,229.1,0.53,-99.99,-2.27,-2.71,-1.22,-99.99,-3.14,98.8,0,27,3.32,0.2,-0.13,-3.93
2002,177,1000,95.8,5.38,47.39,3.43,7.41,286,0.54,-99.99,-2.21,-2.68,-0.85,-99.99,-3.09,98.8,0,36,3.95,0.25,-0.21,-5.34
2002,177,1030,105.1,4.32,43.02,3.71,7.45,313.6,0.49,-99.99,-2.16,-2.65,-0.76,-99.99,-3.04,98.8,0,41,4.32,0.25,-0.17,-5.31
2002,177,1100,118.5,3.45,59.39,4.77,8.49,356.5,0.54,-99.99,-2.11,-2.62,-0.55,-99.99,-2.99,98.8,0,45,4.56,0.28,-0.31,-6.02
2002,177,1130,111.3,3.81,51.78,3.75,7.61,350,0.56,-99.99,-2.03,-2.57,-0.52,-99.99,-2.94,98.8,0,43,4.42,0.29,-0.2,-4.77
2002,177,1200,60.93,-99.99,-99.99,-2.78,-2.49,208,0.39,-99.99,-2.03,-2.54,-1.48,-99.99,-2.92,98.9,0.7,-99.99,-99.99,-99.99,-99.99,-99.99
2002,177,1230,56.45,-99.99,-99.99,-2.68,-3.02,193.1,0.38,-99.99,-2.04,-2.51,-1.7,-99.99,-2.89,98.9,1,-99.99,-99.99,-99.99,-99.99,-99.99
2002,177,1300,62.89,-99.99,-99.99,-0.86,0.12,212.2,0.42,-99.99,-2.05,-2.49,-1.55,-99.99,-2.88,98.9,1.1,-99.99,-99.99,-99.99,-99.99,-99.99
2002,177,1330,45.11,-99.99,-99.99,-3.61,-3.48,164.6,0.38,-99.99,-2.05,-2.48,-1.89,-99.99,-2.91,98.9,1.3,-99.99,-99.99,-99.99,-99.99,-99.99
2002,177,1400,58.46,-99.99,-99.99,-2.78,-3.59,196.7,0.26,-99.99,-2.07,-2.48,-1.99,-99.99,-2.94,98.9,1.1,-99.99,-99.99,-99.99,-99.99,-99.99
2002,177,1430,67.4,3.85,30.14,-1.22,-0.09,220.8,0.36,-99.99,-2.09,-2.49,-1.83,-99.99,-2.97,98.8,0.6,22,5.41,0.32,-0.25,-4.29
2002,177,1500,73.4,11.28,36.34,-0.86,0.43,236.1,0.4,-99.99,-2.12,-2.51,-1.83,-99.99,-3,98.5,0.8,28,5.98,0.36,-0.27,-3.5
2002,177,1530,78.2,13.74,41.09,-0.98,-0.91,246.4,0.4,-99.99,-2.13,-2.52,-1.88,-99.99,-3.01,97.9,0.7,32,6.6,0.41,-0.03,-0.63
2002,177,1600,72.1,-99.99,-99.99,-1.43,-0.28,226.6,0.43,-99.99,-2.13,-2.52,-1.87,-99.99,-3.01,97.4,0.1,-99.99,-99.99,-99.99,-99.99,-99.99
2002,177,1630,54.93,-99.99,-99.99,-3.35,-3.15,180.8,0.36,-99.99,-2.17,-2.53,-2.16,-99.99,-3.02,97.1,0.2,-99.99,-99.99,-99.99,-99.99,-99.99
2002,177,1700,42.45,-99.99,-99.99,-4.06,-4.27,147.2,0.32,-99.99,-2.22,-2.56,-2.38,-99.99,-3.06,97.1,0,-99.99,-99.99,-99.99,-99.99,-99.99
2002,177,1730,34.49,7.65,16.73,-4.89,-4.39,126.8,0.31,-99.99,-2.25,-2.57,-2.48,-99.99,-3.04,96.6,0,12,6.03,0.36,-0.01,-0.14
2002,177,1800,35.33,7.84,14.97,-4.58,-4.03,128.3,0.33,-99.99,-2.31,-2.59,-2.55,-99.99,-3.07,96,0,10,6.1,0.37,-0.02,0.03
2002,177,1830,52.48,8.77,22.19,-2.25,-0.53,169.4,0.4,-99.99,-2.34,-2.62,-2.34,-99.99,-3.1,96,0,4,5.83,0.36,0.01,0.06
2002,177,1900,65.77,9.62,31.53,-1.12,1.4,200.8,0.39,-99.99,-2.36,-2.64,-2.14,-99.99,-3.12,96.2,0,5,6.25,0.37,0.01,0.09
2002,177,1930,73.3,11.34,35.73,-0.48,3.25,219,0.37,-99.99,-2.35,-2.66,-1.94,-99.99,-3.13,96.3,0,1,6,0.37,-0.01,0.05
2002,177,2000,56.4,10.8,29.64,-2.81,0,174.8,0.19,-99.99,-2.37,-2.67,-2.2,-99.99,-3.14,96.3,0,360,5.75,0.36,0.01,0.13
2002,177,2030,41.07,7.16,15.16,-4.81,-3.87,138.2,0.1,-99.99,-2.39,-2.68,-2.55,-99.99,-3.14,95.5,0,1,5.76,0.32,0.01,0.03
2002,177,2100,62.36,8.23,21.34,-2.22,-0.32,198.5,0.16,-99.99,-2.4,-2.69,-2.35,-99.99,-3.15,94.2,0,359,5.79,0.33,0,-0.25
2002,177,2130,86.2,11.04,36.36,0.19,3.92,271.9,0.19,-99.99,-2.41,-2.71,-1.98,-99.99,-3.17,94.2,0,355,5.49,0.33,0,-0.26
2002,177,2200,196.6,21.36,75.11,7.84,16.18,561.8,0.55,-99.99,-2.34,-2.72,-0.34,-99.99,-3.14,91,0,357,5.86,0.36,-0.03,-0.17
2002,177,2230,120.1,12.87,49.32,-5.03,2.32,443.9,0.42,-99.99,-2.26,-2.68,-0.45,-99.99,-3.08,89.4,0,357,5.77,0.33,0,0.12
2002,177,2300,46.46,5.57,17.49,-13.18,-12.74,278.8,-0.19,-99.99,-2.31,-2.65,-2.24,-99.99,-3.07,91,0,353,5.44,0.3,0.01,0.23
2002,177,2330,29.27,4.23,10.16,-9.56,-14.66,241.8,-0.45,-99.99,-2.43,-2.65,-3.16,-99.99,-3.09,91.6,0,351,5.24,0.3,0.01,0.25
2002,178,0,8.93,2.63,5.8,-8.74,-11.76,189.2,-0.78,-99.99,-2.54,-2.68,-3.42,-99.99,-3.14,92.7,0,349,5.61,0.3,0.01,0.28
2002,178,30,1.03,1.81,3.62,-6.88,-9.09,136.6,-1.08,-99.99,-2.67,-2.75,-3.51,-99.99,-3.24,94.6,0,351,4.9,0.28,0.01,0.28
2002,178,100,-16.07,1.09,1.45,-10.6,-7.98,150.3,-1.29,-99.99,-2.76,-2.81,-3.82,-99.99,-3.33,95.3,0,353,4.87,0.27,0.01,0.26
2002,178,130,-12.76,0.77,0.39,-13.71,-7.03,140.7,-1.41,-99.99,-2.86,-2.88,-4,-99.99,-3.41,95.1,0,348,4.96,0.26,0.01,0.27
2002,178,200,-14.26,0.73,0.73,-15.03,-5.39,146.8,-1.63,-99.99,-2.95,-2.94,-4.15,-99.99,-3.47,95.9,0,348,4.58,0.27,0.01,0.26
2002,178,230,3.71,0.47,1.63,-15.99,-4.66,133.9,-1.85,-99.99,-3.01,-3,-4.24,-99.99,-3.53,96.2,0,347,4.18,0.24,0.01,0.26
2002,178,300,24.19,1.4,3.42,-14.86,-5.27,141.1,-1.74,-99.99,-3.07,-3.05,-4.29,-99.99,-3.57,95.7,0,350,4.29,0.26,0.01,0.2
2002,178,330,41.46,2.63,12.26,-12.53,-6.8,180.3,-1.85,-99.99,-3.11,-3.1,-4.13,-99.99,-3.61,96,0,352,4.64,0.27,0.01,0.14
2002,178,400,42,2.31,10.25,-13.37,-7.69,177.1,-2.02,-99.99,-3.17,-3.14,-4.18,-99.99,-3.65,96.9,0,352,4.53,0.25,0,0.09
2002,178,430,49.89,3.27,15.26,-14.02,-9.2,204.8,-2.08,-99.99,-3.21,-3.19,-4.12,-99.99,-3.67,96,0,354,4.71,0.27,0,0.02
2002,178,500,80.7,4.56,24.12,-11.44,-9.65,294.9,-2.01,-99.99,-3.25,-3.23,-3.83,-99.99,-3.69,95.5,0,356,4.67,0.27,0,-0.06
2002,178,530,84.5,5.57,33.96,-9.37,-7.3,322.4,-2.03,-99.99,-3.27,-3.26,-3.56,-99.99,-3.71,95.3,0,357,4.52,0.27,0,-0.15
2002,178,600,105.3,5.56,33.29,-6.26,-5.58,376.2,-2.05,-99.99,-3.29,-3.29,-3.24,-99.99,-3.73,96,0,357,4.82,0.25,-0.01,-0.27
2002,178,630,125,7.07,39.3,-5.03,-5.66,445.6,-1.92,-99.99,-3.29,-3.32,-2.86,-99.99,-3.74,95.1,0,1,4.66,0.25,-0.01,-0.37
2002,178,700,162,9.92,61.93,-5.27,-4.26,602.3,-1.51,-99.99,-3.26,-3.34,-2,-99.99,-3.72,93,0,359,4.5,0.26,-0.02,-0.65
2002,178,730,157.6,12.08,71.3,-0.01,1.11,646,-1.38,-99.99,-3.24,-3.34,-1.75,-99.99,-3.7,92.5,0,358,4.44,0.27,-0.02,-0.75
2002,178,800,202.1,16.35,101.24,12.61,29.95,825,-1.05,-99.99,-3.19,-3.36,-0.7,-99.99,-3.7,91.4,0,2,4.18,0.28,-0.04,-1.04
2002,178,830,-99.99,-99.99,-99.99,-99.99,-99.99,-99.99,-99.99,-99.99,-99.99,-99.99,-99.99,-99.99,-99.99,-99.99,-99.99,-99.99,-99.99,-99.99,-99.99,-99.99
2002,178,900,246.6,-99.99,-99.99,12.12,30.49,906,-1.09,-99.99,-2.99,-3.32,0.31,-99.99,-3.59,92.7,0,-99.99,-99.99,-99.99,-99.99,-99.99
2002,178,930,203.6,16.58,97.01,9.87,29.25,736,-0.92,-99.99,-2.81,-3.27,0.47,-99.99,-3.53,92.6,0,354,4.1,0.23,-0.02,-0.74
2002,178,1000,181.7,15.28,81.28,6.34,14.43,642.5,-0.95,-99.99,-2.64,-3.17,-0.42,-99.99,-3.46,91.7,0,356,4.47,0.27,-0.03,-1.02
2002,178,1030,170,15.1,83.68,5.75,15.78,608.6,-0.84,-99.99,-2.41,-3.04,-0.1,-99.99,-3.32,91.9,0,355,4.36,0.25,-0.04,-1.12
2002,178,1100,171.5,18.63,101.96,7.02,12.38,607.2,-0.79,-99.99,-2.26,-2.91,-0.3,-99.99,-3.19,91.3,0,350,3.81,0.29,-0.06,-1.13
2002,178,1130,212.5,19.33,95.78,11.66,20.11,743,-0.54,-99.99,-2.06,-2.8,0.68,-99.99,-3.09,89.4,0,9,4.05,0.25,-0.04,-0.92
2002,178,1200,174.3,18.18,96.86,7.55,14.93,659.4,-0.57,-99.99,-1.88,-2.67,0.63,-99.99,-2.96,89.8,0,19,4.14,0.27,-0.04,-0.81
2002,178,1230,118.6,13.36,67.99,1.49,2.54,485.9,-0.74,-99.99,-1.82,-2.55,-0.59,-99.99,-2.86,91,0,21,3.53,0.24,-0.03,-0.91
2002,178,1300,147.6,13.16,74.57,5.55,9.4,549.3,-0.73,-99.99,-1.72,-2.46,-0.06,-99.99,-2.78,93.5,0,13,3.84,0.24,-0.03,-1.03
2002,178,1330,172.7,17.19,88.81,6.97,11.95,615.4,-0.44,-99.99,-1.65,-2.37,0.18,-99.99,-2.72,90.4,0,0,4.1,0.26,-0.05,-1.17
2002,178,1400,211,19.08,101.2,12.59,22.41,732,-0.38,-99.99,-1.52,-2.3,1.21,-99.99,-2.62,89.5,0,356,3.72,0.22,-0.05,-0.94
2002,178,1430,148.7,14.97,93.22,5.2,11.01,551.3,-0.52,-99.99,-1.41,-2.21,0.22,-99.99,-2.55,92.7,0,340,3.64,0.26,-0.05,-0.73
2002,178,1500,93.2,9.14,56.31,-2.03,0.7,375,-0.83,-99.99,-1.37,-2.14,-0.66,-99.99,-2.53,94.8,0,358,3.66,0.21,-0.02,-0.52
2002,178,1530,-99.99,9.13,54.46,-99.99,-99.99,-99.99,-99.99,-99.99,-99.99,-99.99,-99.99,-99.99,-99.99,-99.99,-99.99,340.5,3.54,0.2,-0.02,-0.65
2002,178,1600,105.9,9.13,52.61,2.85,3.81,390,-0.81,-99.99,-1.41,-2.05,-1.08,-99.99,-2.49,94.6,0,323,3.41,0.19,-0.02,-0.78
2002,178,1630,152.4,13.19,78.26,7.63,11.23,522.6,-0.59,-99.99,-1.39,-2.04,-0.47,-99.99,-2.5,93.8,0,329,3.73,0.24,-0.04,-0.93
2002,178,1700,196.4,16.66,102.02,8.94,16.41,649.6,-0.36,-99.99,-1.3,-2.02,0.33,-99.99,-2.51,94,0,334,4.69,0.29,-0.04,-0.9
2002,178,1730,207.7,19.63,109.36,8.42,16.52,700,-0.09,-99.99,-1.21,-2,0.81,-99.99,-2.49,91.7,0,341,4.94,0.31,-0.04,-0.75
2002,178,1800,153.5,12.24,70.13,3.99,10.5,545.9,-0.3,-99.99,-1.14,-1.95,0.3,-99.99,-2.46,92.7,0,347,4.36,0.22,-0.04,-0.55
2002,178,1830,110.6,9.56,50.39,-0.26,3.58,417.2,-0.35,-99.99,-1.13,-1.9,-0.39,-99.99,-2.43,92.5,0,348,3.99,0.24,-0.02,-0.34
2002,178,1900,74.9,9.32,49.06,-2.81,-1.4,299.4,-0.36,-99.99,-1.16,-1.87,-1.07,-99.99,-2.42,92,0,336,3.63,0.23,-0.01,-0.33
2002,178,1930,66.59,7.76,36.76,-2.49,-3.7,264.7,-0.37,-99.99,-1.22,-1.86,-1.58,-99.99,-2.45,92.4,0,323,3.48,0.22,-0.01,-0.3
2002,178,2000,66.6,8.9,41.91,-2.47,-2.27,255.1,-0.36,-99.99,-1.29,-1.88,-1.68,-99.99,-2.5,92.7,0,323,3.63,0.25,-0.02,-0.25
2002,178,2030,87.6,9.75,46.24,0.29,1.34,311.9,-0.33,-99.99,-1.34,-1.9,-1.5,-99.99,-2.55,91.8,0,321,3.73,0.25,-0.01,-0.17
2002,178,2100,56.95,6.66,34.05,-2.79,-2.45,215.7,-0.42,-99.99,-1.42,-1.94,-1.93,-99.99,-2.62,93.3,0,322,3.6,0.22,0,-0.06
2002,178,2130,55.26,7.12,31.95,-2.54,-1.36,212.7,-0.4,-99.99,-1.49,-1.98,-1.94,-99.99,-2.68,91.8,0,327,3.25,0.2,-0.01,-0.05
2002,178,2200,44.2,5.24,24.21,-4.48,-4.24,183.1,-0.46,-99.99,-1.57,-2.02,-2.29,-99.99,-2.75,91.6,0,324,3.38,0.21,0,-0.1
2002,178,2230,51.72,5.34,23.98,-3.56,-3.65,203.1,-0.51,-99.99,-1.66,-2.07,-2.35,-99.99,-2.81,92,0,320,3.17,0.19,0,-0.11
2002,178,2300,60.49,8,35.37,-1.97,0.35,237.4,-0.44,-99.99,-1.71,-2.13,-1.91,-99.99,-2.85,92.9,0,314,3.07,0.24,-0.01,-0.02
2002,178,2330,16.3,4.36,15.47,-10.67,-11.56,167.1,-0.82,-99.99,-1.82,-2.17,-2.98,-99.99,-2.92,92.5,0,304,3.09,0.22,0,0.15
2002,179,0,19.75,3.25,18.66,-8.54,-10.49,117.3,-1.43,-99.99,-1.95,-2.24,-3.35,-99.99,-3,95.7,0,303,3.11,0.22,0.01,0.64
2002,179,30,13.75,2,13.59,-9.33,-11.21,81,-1.89,-99.99,-2.07,-2.32,-3.69,-99.99,-3.08,97.7,0,299,3.3,0.2,0.01,0.74
2002,179,100,12.78,5.32,23.27,-8.11,-9.67,42.43,-1.95,-99.99,-2.2,-2.4,-3.78,-99.99,-3.17,98.4,0,291,3.62,0.29,0.06,0.89
2002,179,130,4.01,3.77,14.74,-8.11,-8.26,58.81,-2.16,-99.99,-2.33,-2.48,-3.97,-99.99,-3.25,98.2,0,291,3.42,0.28,0.02,0.5
2002,179,200,-1.11,2,14.1,-7.68,-7.48,67.25,-2.25,-99.99,-2.46,-2.57,-4.21,-99.99,-3.35,97.6,0,287,2.72,0.21,0.03,0.43
2002,179,230,7,4.99,6.27,-7.89,-6.92,66.15,-2.18,-99.99,-2.59,-2.66,-4.15,-99.99,-3.41,96.1,0,293,3.16,0.24,0.01,0.3
2002,179,300,-2.06,1.77,-1.03,-7.68,-5.86,83.8,-2.35,-99.99,-2.69,-2.73,-4.4,-99.99,-3.46,94,0,307,3.06,0.18,0.01,0.28
2002,179,330,25.48,3.82,8.62,-7.99,-5.81,112.8,-2.33,-99.99,-2.77,-2.81,-4.14,-99.99,-3.51,93.7,0,305,3.14,0.2,0.01,0.25
2002,179,400,28.11,3.69,12.92,-7.71,-5.69,138.7,-2.55,-99.99,-2.84,-2.88,-4.06,-99.99,-3.55,94.6,0,301,2.97,0.21,0.01,0.19
2002,179,430,28.6,4.77,12.45,-7.62,-5.57,141.9,-2.59,-99.99,-2.91,-2.94,-4.1,-99.99,-3.59,93.9,0,289,3.32,0.25,0.01,0.06
2002,179,500,32.03,3.27,11.68,-7.4,-5.63,199.8,-2.43,-99.99,-2.97,-3,-3.95,-99.99,-3.63,94.3,0,282,2.34,0.22,0,-0.28
2002,179,530,52.19,3.29,9.44,-7.38,-6.19,246.9,-2.21,-99.99,-3.02,-3.06,-3.71,-99.99,-3.65,92.9,0,276,2.12,0.16,0,-0.38
2002,179,600,83.2,9.5,32.08,-7.33,-6.31,443.5,-1.67,-99.99,-3.02,-3.08,-2.62,-99.99,-3.64,88.6,0,282,2.28,0.22,-0.04,-0.42
2002,179,630,110.8,11.75,45.19,-5.51,-4.88,433.1,-1.79,-99.99,-3,-3.12,-2.6,-99.99,-3.65,90.7,0,282,2.58,0.24,-0.01,-0.32
2002,179,700,126.3,12.94,52.25,4.43,12.71,436.8,-1.76,-99.99,-2.89,-3.12,-2.14,-99.99,-3.64,90.1,0,286,2.77,0.22,-0.01,-0.6
2002,179,730,141.6,15.23,61.82,5.4,20.27,508.9,-1.92,-99.99,-2.77,-3.1,-1.72,-99.99,-3.61,88.3,0,286,2.59,0.24,-0.02,-0.81
2002,179,800,163.3,19,85.8,9.23,31.05,622,-1.49,-99.99,-2.6,-3.07,-0.66,-99.99,-3.54,86.3,0,274,2.51,0.25,-0.04,-0.9
2002,179,830,167.9,19.7,89.5,3.63,24.81,702,-1.41,-99.99,-2.42,-2.99,-0.49,-99.99,-3.44,84.2,0,269,2.82,0.31,-0.04,-1.45
2002,179,900,198,19.54,97.75,9.36,33.57,786,-1.17,-99.99,-2.29,-2.91,0.5,-99.99,-3.29,82.2,0,258,2.73,0.28,-0.03,-2.04
2002,179,930,210.1,23.35,115.19,8.4,28.6,817,-1.21,-99.99,-2.28,-2.85,1.03,-99.99,-3.14,86.4,0,262,2.66,0.28,-0.11,-1.8
2002,179,1000,268.7,28.5,142.83,15.95,37.36,996,-0.71,-99.99,-2.1,-2.75,2.54,-99.99,-2.97,82.9,0,249,2.81,0.26,-0.11,-1.64
2002,179,1030,222.5,22.66,93.25,10.06,26.26,791,-1.04,-99.99,-1.87,-2.63,1.79,-99.99,-2.81,86.4,0,266,2.59,0.23,0,-0.97
2002,179,1100,216.7,26.72,114.82,10.07,22.26,760,-0.95,-99.99,-1.64,-2.48,1.76,-99.99,-2.64,88,0,256,2.96,0.32,-0.09,-1.24
2002,179,1130,220.5,20.82,94.01,10.31,18.91,781,-0.95,-99.99,-1.45,-2.34,2.03,-99.99,-2.49,85.3,0,268,2.52,0.27,-0.03,-0.36
2002,179,1200,350.1,34.11,150.67,20.89,35.94,1189,-0.32,-99.99,-1.23,-2.2,4.99,-99.99,-2.3,83.5,0,254,2.99,0.25,-0.04,-0.21
2002,179,1230,277.4,31.37,132.84,8.6,19.01,989,-0.51,-99.99,-0.99,-2.04,3.95,-99.99,-2.16,83.2,0,253,3.47,0.3,0.02,-0.06
2002,179,1300,330,33.36,146.39,13.47,20.65,1108,-0.39,-99.99,-0.72,-1.87,4.97,-99.99,-1.98,78.5,0,265,3.15,0.32,-0.01,-0.67
2002,179,1330,392.4,38.37,171.91,30.04,37.23,1291,0.26,-99.99,-0.39,-1.63,6.85,-99.99,-1.74,76.6,0,244,2.58,0.21,-0.02,-1.24
2002,179,1400,336.8,40.8,191.72,31.15,38.07,1155,0.54,-99.99,-0.15,-1.52,6.37,-99.99,-1.61,76.2,0,223,2.68,0.25,-0.06,-1.26
2002,179,1430,317.2,29.35,167.79,14.8,16.2,1092,0.15,-99.99,0.06,-1.34,5.27,-99.99,-1.47,80.5,0,231,3.98,0.24,-0.08,-1.42
2002,179,1500,247.6,29.6,131.17,8.42,8.85,889,-0.21,-99.99,0.2,-1.17,3.56,-99.99,-1.35,81.8,0,232,4.35,0.23,-0.02,-1.4
2002,179,1530,417.7,36.74,197.87,26.68,22.27,1393,0.33,-99.99,0.33,-1.05,6.81,-99.99,-1.24,77.1,0,233,3.73,0.27,-0.08,-1.84
2002,179,1600,427.4,36.76,197.55,26.74,27.58,1432,0.59,-99.99,0.51,-0.95,7.69,-99.99,-1.14,80.4,0,237,3.75,0.28,-0.08,-1.35
2002,179,1630,374.8,36.78,197.23,24.73,20.4,1294,0.21,-99.99,0.69,-0.82,6.41,-99.99,-1.07,82.4,0,241,3.77,0.3,-0.08,-0.86
2002,179,1700,306.6,33.64,160.84,13.81,11.85,1103,-0.16,-99.99,0.86,-0.67,5.33,-99.99,-0.98,83.6,0,253,3.69,0.36,0,-0.48
2002,179,1730,204.7,21.97,121.99,5.57,4.38,778,-0.63,-99.99,0.94,-0.53,3.09,-99.99,-0.94,85.9,0,258,3.22,0.3,-0.03,-0.69
2002,179,1800,167.8,20.78,99.78,1.15,1.65,642,-0.93,-99.99,0.93,-0.44,1.65,-99.99,-0.95,83.7,0,260,3.34,0.32,-0.03,-0.67
2002,179,1830,187.1,17.42,93.74,9.72,10.05,723,-0.92,-99.99,0.84,-0.41,1.94,-99.99,-1.01,82.9,0,261,2.37,0.26,-0.03,-0.69
2002,179,1900,148.1,14.84,69.22,6.45,10.47,617,-0.84,-99.99,0.77,-0.43,1.88,-99.99,-1.1,81.3,0,260,2.2,0.18,-0.03,-1.03
2002,179,1930,88.1,12.43,56.36,0.26,0.52,409.4,-1,-99.99,0.63,-0.45,0.4,-99.99,-1.21,81.1,0,258,1.61,0.2,-0.03,-1.04
2002,179,2000,112.6,10.28,47.77,5.24,6.27,483.1,-0.86,-99.99,0.49,-0.51,0.79,-99.99,-1.31,79.7,0,277,1.23,0.13,-0.07,-0.9
2002,179,2030,66.16,10.76,42.09,-2.19,-0.93,333.9,-0.98,-99.99,0.36,-0.57,-0.19,-99.99,-1.44,81.8,0,272,1.43,0.15,-0.03,-0.54
2002,179,2100,61.65,6.95,28.67,-3.13,-3.99,303.1,-1.18,-99.99,0.2,-0.66,-0.72,-99.99,-1.58,83.7,0,273,1.45,0.14,-0.01,-0.35
2002,179,2130,49.75,6.74,28.28,-4.41,-5.47,268.6,-1.09,-99.99,0.02,-0.75,-1.11,-99.99,-1.71,82.4,0,279,1.28,0.15,-0.02,-0.26
2002,179,2200,43.9,6.36,20.71,-3.7,-3.9,245.5,-1.12,-99.99,-0.15,-0.86,-1.31,-99.99,-1.85,82,0,292,1.02,0.12,-0.01,-0.01
2002,179,2230,22.95,4.45,14.68,-6.7,-7.48,180.5,-1.22,-99.99,-0.35,-0.98,-1.88,-99.99,-1.99,82.5,0,178.5,1.31,0.12,0,0.09
2002,179,2300,11.42,2.55,8.65,-10.08,-12.07,141.6,-1.43,-99.99,-0.54,-1.1,-2.67,-99.99,-2.15,85.5,0,65,1.6,0.12,0.01,0.2
2002,179,2330,10.91,1.86,4.95,-10.16,-12.91,129.5,-1.64,-99.99,-0.74,-1.22,-3.14,-99.99,-2.31,88,0,75,1.75,0.08,0.01,0.22
2002,180,0,-0.08,1.88,2.67,-10.49,-14.27,93.7,-1.77,-99.99,-0.95,-1.36,-3.65,-99.99,-2.47,88.8,0,88,2.21,0.11,0.01,0.23
2002,180,30,7.33,2.34,2.94,-8.19,-11.34,95.8,-1.65,-99.99,-1.16,-1.51,-3.71,-99.99,-2.63,87.2,0,102,1.94,0.12,0.01,0.18
2002,180,100,11.79,3.46,3.52,-7.56,-8.36,105.1,-1.42,-99.99,-1.36,-1.66,-3.55,-99.99,-2.78,84.1,0,93,1.7,0.1,0.01,0.21
2002,180,130,6.92,1.54,2.57,-7.96,-8.92,98.5,-1.55,-99.99,-1.54,-1.79,-3.78,-99.99,-2.91,85.5,0,79,2,0.08,0,0.25
2002,180,200,7.75,2.19,3.59,-7.59,-8.12,79.1,-1.6,-99.99,-1.72,-1.93,-3.8,-99.99,-3.03,85.4,0,70,1.7,0.09,0.01,0.31
2002,180,230,7.05,1.77,3.08,-7.48,-7.5,76.4,-1.59,-99.99,-1.87,-2.05,-3.85,-99.99,-3.12,84.8,0,58,1.58,0.09,0.01,0.27
2002,180,300,13.38,3.08,4.75,-6.98,-6.61,86.6,-1.56,-99.99,-1.99,-2.17,-3.78,-99.99,-3.22,83.9,0,54,1.55,0.1,0.01,0.27
2002,180,330,15.47,2.93,7.68,-6.67,-6.15,88.4,-1.45,-99.99,-2.12,-2.28,-3.58,-99.99,-3.29,83.4,0,41,0.93,0.09,0.01,0.3
2002,180,400,13.77,2.07,5.94,-6.69,-6.12,83.7,-1.38,-99.99,-2.22,-2.37,-3.56,-99.99,-3.34,83.5,0,10,0.94,0.08,0.01,0.32
2002,180,430,14.33,2.56,5.92,-6.55,-5.96,84.4,-1.29,-99.99,-2.29,-2.45,-3.58,-99.99,-3.4,84.2,0,350,1.05,0.07,0.02,0.23
2002,180,500,19.29,3.02,7.52,-6.13,-5.51,96.5,-1.24,-99.99,-2.36,-2.52,-3.48,-99.99,-3.42,84.6,0,322,1.16,0.06,0.01,0.01
2002,180,530,25.8,2.28,9.35,-5.16,-4.46,112.8,-1.27,-99.99,-2.41,-2.57,-3.32,-99.99,-3.45,86.3,0,303,0.92,0.07,0,-0.22
2002,180,600,32.17,4.15,12.9,-4.11,-3.09,131.3,-1.28,-99.99,-2.46,-2.62,-3.15,-99.99,-3.47,85.5,0,299,1.08,0.1,-0.01,-0.4
2002,180,630,46.51,3.69,17.36,-1.13,2.1,175.8,-1.13,-99.99,-2.48,-2.67,-2.71,-99.99,-3.46,87.2,0,271,1.07,0.11,-0.02,-0.52
2002,180,700,50.37,4.17,23.24,0.24,3.78,188.4,-1.2,-99.99,-2.5,-2.7,-2.65,-99.99,-3.46,92.3,0,239,0.93,0.07,-0.02,-0.65
2002,180,730,83.7,6.6,35.14,8.1,14.05,306.1,-0.68,-99.99,-2.48,-2.73,-1.74,-99.99,-3.42,89.8,0,222,1.29,0.07,-0.03,-0.78
2002,180,800,103.1,7.89,42.81,9.18,16.04,393.1,-0.58,-99.99,-2.43,-2.73,-1.37,-99.99,-3.37,87.6,0,225.5,2.01,0.14,-0.03,-0.74
2002,180,830,116.6,9.18,50.49,9.73,16.54,463.7,-0.66,-99.99,-2.37,-2.71,-1.16,-99.99,-3.3,85.8,0,229,2.72,0.2,-0.04,-0.71
2002,180,900,123.8,9.77,58.21,6.13,16.25,554.5,-0.66,-99.99,-2.3,-2.69,-0.92,-99.99,-3.21,85.7,0,224,3.48,0.22,-0.01,-0.55
2002,180,930,214.5,16.41,108.78,10.1,29.02,898,-0.38,-99.99,-2.23,-2.65,0.84,-99.99,-3.09,84.7,0,231,4.11,0.26,-0.05,-0.71
2002,180,1000,295.1,25.86,166.72,17.13,43.37,1133,-0.24,-99.99,-2.06,-2.59,3.05,-99.99,-2.93,84.6,0,230,4.29,0.27,-0.02,-0.65
2002,180,1030,356.6,31.24,202.71,24.82,46.23,1291,0.06,-99.99,-1.85,-2.51,4.16,-99.99,-2.76,83.5,0,222,4.8,0.29,-0.03,-0.55
2002,180,1100,370.1,32.24,220.19,25.3,39.54,1260,-0.2,-99.99,-1.6,-2.41,4.58,-99.99,-2.57,85.3,0,223,5.06,0.34,-0.04,-0.44
2002,180,1130,294.1,28.99,186.05,12.51,22.85,1002,-0.25,-99.99,-1.36,-2.27,3.67,-99.99,-2.36,85.5,0,226,5.62,0.36,0,-0.57
2002,180,1200,352.4,31.33,208.75,18.16,23.33,1211,0.19,-99.99,-1.14,-2.11,4.7,-99.99,-2.15,84.2,0,220,5.9,0.37,-0.01,0.32
2002,180,1230,374.7,25.12,191.57,23.49,23.61,1244,0.5,-99.99,-0.93,-1.95,4.84,-99.99,-1.96,84.4,0,216,6.55,0.35,-0.06,1.05
2002,180,1300,379.8,25.72,189.35,22.84,20.62,1236,0.68,-99.99,-0.72,-1.79,4.72,-99.99,-1.81,84.6,0,212,7.2,0.39,0.11,2.46
2002,180,1330,444.5,32.61,232.97,28.09,23.46,1389,0.76,-99.99,-0.52,-1.64,5.29,-99.99,-1.66,84.9,0,211,7.87,0.41,0.08,1.92
2002,180,1400,356.7,30.69,208.86,26.25,22.41,1125,1,-99.99,-0.36,-1.5,4.13,-99.99,-1.55,84.9,0,215,8.15,0.47,0.12,1.55
2002,180,1430,300.8,27.13,163.77,23.62,17.82,949,0.88,-99.99,-0.24,-1.36,2.75,-99.99,-1.47,88.5,0,211,7.93,0.46,0.04,0.6
2002,180,1500,370.9,28.71,202.38,28.4,21.59,1242,1.75,-99.99,-0.15,-1.27,4.78,-99.99,-1.38,84,0,214,7.28,0.43,0.03,0.82
2002,180,1530,340.8,31.73,199.04,30.05,25.91,1141,2.12,-99.99,-0.07,-1.18,4.38,-99.99,-1.35,82.8,0,214,7.05,0.43,0,0.72
2002,180,1600,361.9,27.6,200.52,27.74,22.52,1223,2.48,-99.99,0.04,-1.09,4.85,-99.99,-1.27,82.3,0,217,8.19,0.46,0.07,0.9
2002,180,1630,324.2,25.22,182.17,22.19,13.97,1181,2.67,-99.99,0.14,-1.02,4.8,-99.99,-1.23,82.7,0,215,7.86,0.43,0.02,0.56
2002,180,1700,269.7,19.59,134.03,21.29,13.47,965,2.57,-99.99,0.2,-0.93,3.74,-99.99,-1.2,82.5,0,215,7.59,0.4,0.03,0.75
2002,180,1730,226.9,23.09,133.3,18.28,13.49,780,2.82,-99.99,0.22,-0.86,2.94,-99.99,-1.18,80.6,0,215,7.55,0.45,0.03,0.85
2002,180,1800,192.2,19.71,116.5,15.22,12.16,649.6,3.25,-99.99,0.19,-0.82,2.48,-99.99,-1.19,80.7,0,216,7.65,0.43,0.04,0.59
2002,180,1830,73.3,10.18,60.12,-0.86,-4.52,287.3,2.15,-99.99,0.12,-0.8,0.38,-99.99,-1.26,85.6,0,220,7.25,0.42,0.04,0.38
2002,180,1900,47.46,6.97,31.83,-3.41,-8.65,198.5,1.79,-99.99,0,-0.81,-0.65,-99.99,-1.36,88.4,0,213,7.62,0.42,-0.01,-0.17
2002,180,1930,57.12,-99.99,-99.99,-0.61,-3.39,215.9,1.8,-99.99,-0.15,-0.85,-0.74,-99.99,-1.47,92.1,0,-99.99,-99.99,-99.99,-99.99,-99.99
2002,180,2000,48.93,-99.99,-99.99,-0.97,-2.44,179.1,1.92,-99.99,-0.31,-0.93,-0.86,-99.99,-1.61,93.8,0,-99.99,-99.99,-99.99,-99.99,-99.99
2002,180,2030,61.04,7.36,22.39,0.91,0.49,204.5,2.14,-99.99,-0.45,-1.03,-0.75,-99.99,-1.74,93.4,0,201,8.15,0.39,0.04,0.78
2002,180,2100,46.35,8.35,25.95,-0.4,-0.51,161.1,2.22,-99.99,-0.6,-1.14,-0.86,-99.99,-1.88,93.5,0,202,8.08,0.42,0.04,0.7
2002,180,2130,43.4,5.22,19.7,-0.19,0.03,148.8,2.29,-99.99,-0.72,-1.23,-0.88,-99.99,-2,93.3,0,202,8.07,0.39,0.02,0.56
2002,180,2200,30.12,4.07,19.74,-1.57,-1.28,117.3,2.24,-99.99,-0.84,-1.32,-1.04,-99.99,-2.1,94.7,0,203,7.79,0.42,0.03,0.61
2002,180,2230,24.35,2.65,10.66,-1.77,-1.13,103.6,2.38,-99.99,-0.96,-1.41,-1.06,-99.99,-2.19,95,0,201,7.06,0.35,0.02,0.55
2002,180,2300,21.68,2.82,12.67,-1.54,-0.21,100.4,2.77,-99.99,-1.07,-1.49,-0.93,-99.99,-2.27,94.7,0,201,7.08,0.38,0.03,0.51
2002,180,2330,23.11,1.93,5.76,-1.01,0.91,109.3,2.98,-99.99,-1.15,-1.56,-0.8,-99.99,-2.35,94.7,0,198,7.05,0.38,0.02,0.45
2002,181,0,13.82,2.1,2.11,-1.7,0.58,94.3,3.46,-99.99,-1.24,-1.64,-0.73,-99.99,-2.4,93.4,0,196,5.76,0.32,0.02,0.66
2002,181,30,8.69,1.6,1.92,-2.19,0.06,66.12,3.31,-99.99,-1.33,-1.71,-0.88,-99.99,-2.47,93.1,0,206,5.69,0.31,0.03,0.74
2002,181,100,4.75,1.7,2.84,-3.18,-1.32,54.37,3.05,-99.99,-1.38,-1.76,-1.07,-99.99,-2.51,94.1,0,196,5.39,0.3,0.03,0.53
2002,181,130,3.01,-0.44,-10.73,-2.46,0.15,55.6,3.89,-99.99,-1.46,-1.82,-0.7,-99.99,-2.55,93.3,0,191,5.34,0.28,0.03,0.53
2002,181,200,1.7,-0.15,-14.31,-1.9,1.42,57.59,4.54,-99.99,-1.51,-1.88,-0.39,-99.99,-2.58,91.7,0,185,4.89,0.23,0.01,0.52
2002,181,230,2.4,1.42,-11.62,-1.58,1.92,64.49,4.79,-99.99,-1.55,-1.93,-0.24,-99.99,-2.6,91,0,182,5.04,0.25,0.03,0.55
2002,181,300,5.53,1.44,-11.86,-1.17,2.63,77.1,4.91,-99.99,-1.59,-1.97,-0.12,-99.99,-2.62,90.4,0,179,5.02,0.26,0.03,0.42
2002,181,330,5.66,1.48,-10.76,-1.23,2.57,79.8,4.91,-99.99,-1.61,-1.99,-0.12,-99.99,-2.62,89.9,0,181,5.13,0.23,0.01,0.25
2002,181,400,6.69,-99.99,-99.99,-1.17,2.61,73.3,4.78,-99.99,-1.61,-2,-0.11,-99.99,-2.62,91.3,0.2,-99.99,-99.99,-99.99,-99.99,-99.99
2002,181,430,6.9,-99.99,-99.99,-1.25,2.6,64.85,4.69,-99.99,-1.62,-2.03,-0.09,-99.99,-2.63,92.1,0.4,-99.99,-99.99,-99.99,-99.99,-99.99
2002,181,500,11.47,5.55,-16.1,-0.89,2.88,74.4,4.66,-99.99,-1.64,-2.05,-0.08,-99.99,-2.62,92,0.3,175,5.79,0.21,0.03,0.66
2002,181,530,21.66,-99.99,-99.99,0.34,4.75,99.3,4.72,-99.99,-1.65,-2.07,0.11,-99.99,-2.62,92.9,0.2,-99.99,-99.99,-99.99,-99.99,-99.99
2002,181,600,45.15,-99.99,-99.99,1.77,7.41,176.9,4.91,-99.99,-1.65,-2.08,0.39,-99.99,-2.61,92,0.1,-99.99,-99.99,-99.99,-99.99,-99.99
2002,181,630,45.74,-99.99,-99.99,2.94,9.66,181.2,5.05,-99.99,-1.65,-2.09,0.69,-99.99,-2.59,91.7,0,-99.99,-99.99,-99.99,-99.99,-99.99
2002,181,700,27.04,5.43,3.72,0.38,4.87,132.1,5.09,-99.99,-1.63,-2.08,0.44,-99.99,-2.56,89.8,0,159,8.28,0.44,0.04,0.56
2002,181,730,42.14,9.81,7.26,1.23,5.34,177.1,4.9,-99.99,-1.61,-2.07,0.37,-99.99,-2.54,88.2,0,154,8.54,0.52,0.02,0.35
2002,181,800,51.75,10.16,11.59,2.24,7.11,209.8,5.18,-99.99,-1.59,-2.05,0.62,-99.99,-2.5,86.9,0,156,9.08,0.51,0.01,0.4
2002,181,830,69.27,12.96,3.93,4.59,10.41,260.8,5.71,-99.99,-1.56,-2.05,1.07,-99.99,-2.47,85.1,0,160,9.29,0.49,0.01,0.36
2002,181,900,50.39,12.87,-8.17,2.57,7.61,212.3,6.24,-99.99,-1.55,-2.06,1.13,-99.99,-2.44,81.8,0,163,9.53,0.51,0.03,0.31
2002,181,930,63.21,15.29,-16.22,4.81,10.63,248.1,6.66,-99.99,-1.49,-2.04,1.52,-99.99,-2.39,80.5,0,169,8.39,0.42,0.01,0.15
2002,181,1000,82.5,14.39,-9.71,7.28,13.1,301.1,7.12,-99.99,-1.43,-2.01,1.92,-99.99,-2.35,77.4,0,179,8.37,0.35,0,0.08
2002,181,1030,60.83,-99.99,-99.99,5.53,9.69,249.9,6.31,-99.99,-1.38,-1.96,1.37,-99.99,-2.29,78.5,0,-99.99,-99.99,-99.99,-99.99,-99.99
2002,181,1100,77,-99.99,-99.99,5.45,6.16,286,3.91,-99.99,-1.33,-1.91,0.4,-99.99,-2.28,90.5,0,-99.99,-99.99,-99.99,-99.99,-99.99
2002,181,1130,137.2,-99.99,-99.99,11.85,12.97,452.1,3.06,-99.99,-1.31,-1.88,0.56,-99.99,-2.26,94.4,0,-99.99,-99.99,-99.99,-99.99,-99.99
2002,181,1200,222.9,-99.99,-99.99,22.52,24.77,705,2.74,-99.99,-1.26,-1.87,1.47,-99.99,-2.24,94.4,0,-99.99,-99.99,-99.99,-99.99,-99.99
2002,181,1230,209.7,2.98,137.1,19.46,21.26,676,2.16,-99.99,-1.21,-1.85,1.25,-99.99,-2.21,93.5,0,218,8.35,0.47,0.02,-1.12
2002,181,1300,214.6,12.95,111.58,18.92,18.75,684.7,1.77,-99.99,-1.15,-1.82,1.14,-99.99,-2.16,93.1,0,218,8.44,0.41,-0.1,-1.27
2002,181,1330,223.4,18.24,124.74,20.29,20.61,711,1.74,-99.99,-1.09,-1.78,1.32,-99.99,-2.1,93.2,0,219,8.02,0.43,-0.06,-0.15
2002,181,1400,173.1,14.79,102.59,13.34,13.48,569.8,1.51,-99.99,-1.05,-1.74,0.8,-99.99,-2.05,93,0,218,7.89,0.41,0,0.42
2002,181,1430,213.8,19.77,140.36,18.45,16.88,677.5,1.57,-99.99,-1.03,-1.72,1.17,-99.99,-2.02,92.6,0,219,7.75,0.45,0.04,0.14
2002,181,1500,246.3,21.67,138.43,23.5,23.79,781,1.62,-99.99,-0.98,-1.69,1.92,-99.99,-1.97,91.9,0,222,7.36,0.42,0.01,0.26
2002,181,1530,247.9,26.53,161.93,24.32,25.6,792,1.8,-99.99,-0.91,-1.66,2.45,-99.99,-1.92,90.8,0,225,6.39,0.42,-0.04,0.29
2002,181,1600,173.2,17.58,110.33,14.13,15.8,573.6,1.43,-99.99,-0.83,-1.6,1.4,-99.99,-1.87,91.2,0,221,6.66,0.37,0.06,0.81
2002,181,1630,141.7,14.43,96.69,8.77,7.33,482.8,1.19,-99.99,-0.81,-1.55,0.53,-99.99,-1.84,92.2,0,222,6.65,0.41,0.01,0.42
2002,181,1700,216.7,18.66,124.98,14.44,11.85,726,1.32,-99.99,-0.8,-1.52,1.24,-99.99,-1.82,89.9,0,221,7.36,0.42,0.03,0.64
2002,181,1730,161.9,16.61,110.48,10.58,11.05,553.6,1.29,-99.99,-0.79,-1.5,1.06,-99.99,-1.82,89.5,0,225,6.86,0.43,0.01,0.22
2002,181,1800,131.8,11.7,78.21,3.78,2.37,444.3,0.95,-99.99,-0.81,-1.48,-0.02,-99.99,-1.85,86.8,0,229,7.27,0.41,0.04,0.09
2002,181,1830,189.7,18.36,116.3,12.57,10.89,607.8,0.92,-99.99,-0.83,-1.48,0.57,-99.99,-1.86,86.4,0,230,6.8,0.45,-0.02,-0.17
2002,181,1900,171,15.84,91.28,7.95,8.63,608,0.65,-99.99,-0.84,-1.48,0.61,-99.99,-1.88,89.7,0,228,6.49,0.39,-0.01,0.17
2002,181,1930,235,17.71,127.46,13.4,11.18,791,0.72,-99.99,-0.85,-1.49,1.28,-99.99,-1.92,87.2,0,228,7.02,0.42,0.01,0.35
2002,181,2000,147.2,13.05,89.14,2.86,-0.09,544.5,0.51,-99.99,-0.86,-1.51,0.26,-99.99,-1.96,85.5,0,227,6.9,0.39,0.02,0.22
2002,181,2030,117.2,9.99,70.99,2.13,-0.61,416.6,0.1,-99.99,-0.93,-1.5,-0.68,-99.99,-1.99,88.5,0,221,6.62,0.37,0.02,-0.05
2002,181,2100,96.2,9.89,50.5,-1.9,-4.26,359,-0.33,-99.99,-1.02,-1.52,-1.41,-99.99,-2.04,91,0,228,5.98,0.36,-0.01,-0.09
2002,181,2130,90.9,8.38,48.77,-2.28,-5.12,375.5,-0.25,-99.99,-1.13,-1.57,-1.46,-99.99,-2.12,89.7,0,224,6.29,0.35,-0.02,0.04
2002,181,2200,42.99,5.31,28.77,-6.12,-8.27,201.8,-0.63,-99.99,-1.24,-1.62,-2.45,-99.99,-2.22,89.2,0,224,6.27,0.37,0.01,0.3
2002,181,2230,35.66,5.73,27.83,-7.04,-8.94,174.8,-0.83,-99.99,-1.38,-1.7,-2.83,-99.99,-2.33,89.7,0,223,6.15,0.37,0.01,0.35
2002,181,2300,31.88,4.2,20.76,-7.15,-9.55,155.9,-0.91,-99.99,-1.51,-1.77,-3.11,-99.99,-2.45,90,0,223,6.27,0.34,0.02,0.42
2002,181,2330,12.14,3.05,13.66,-9.48,-11.43,126,-1.1,-99.99,-1.65,-1.86,-3.49,-99.99,-2.57,90.9,0,221,6.05,0.32,0.02,0.42
2002,182,0,13.22,5.16,11.14,-7.98,-9.67,97.9,-1.09,-99.99,-1.79,-1.97,-3.58,-99.99,-2.7,92.9,0,216,5.7,0.31,0.02,2.05
2002,182,30,8.57,4.74,11.3,-7.65,-8.81,66.4,-0.87,-99.99,-1.92,-2.07,-3.58,-99.99,-2.82,94.1,0,215,5.66,0.31,0.03,1.89
2002,182,100,6.97,3.21,11.6,-7.37,-8.07,58.36,-0.72,-99.99,-2.03,-2.16,-3.58,-99.99,-2.92,96,0,215,5.72,0.32,0.02,1.28
2002,182,130,6.51,2.85,7.98,-7.3,-7.59,55.07,-0.52,-99.99,-2.15,-2.25,-3.57,-99.99,-3.02,95.3,0,222,6.31,0.34,0.03,1.13
2002,182,200,6.83,3.25,10.03,-7.05,-7.1,53.49,-0.47,-99.99,-2.24,-2.33,-3.57,-99.99,-3.11,95.4,0,224,6.15,0.34,0.03,1.29
2002,182,230,4.09,3.53,8.81,-7.36,-7.21,48.47,-0.48,-99.99,-2.32,-2.41,-3.63,-99.99,-3.18,95.5,0,225,6.26,0.35,0.03,1.41
2002,182,300,10.71,3.69,11.52,-6.56,-6.4,61.34,-0.48,-99.99,-2.4,-2.48,-3.6,-99.99,-3.25,95.7,0,228,6.33,0.36,0.03,1.47
2002,182,330,11.33,3.79,8.41,-6.41,-6.04,65.12,-0.46,-99.99,-2.48,-2.55,-3.58,-99.99,-3.3,95.4,0,227,5.81,0.31,0.02,1.51
2002,182,400,14.65,4.23,6.33,-6.1,-5.74,84,-0.39,-99.99,-2.54,-2.62,-3.58,-99.99,-3.35,93.7,0,221,5.47,0.28,0.02,1.68
2002,182,430,15.68,7.13,7.54,-5.98,-5.25,98.9,-0.31,-99.99,-2.6,-2.67,-3.57,-99.99,-3.39,91.7,0,220,5.88,0.33,0.02,2.84
2002,182,500,39.01,10.35,11.9,-5.14,-4.52,241.2,-0.19,-99.99,-2.65,-2.72,-3.25,-99.99,-3.43,88.6,0,228,5.65,0.34,0,4.12
2002,182,530,78.2,12.71,33.8,1.06,6.33,326.2,0.09,-99.99,-2.69,-2.78,-2.48,-99.99,-3.43,88.1,0,222,6.47,0.37,0,5.06
2002,182,600,97.2,19.12,52.7,1.48,8.69,376.4,-0.2,-99.99,-2.69,-2.81,-2.27,-99.99,-3.44,87.1,0,230,7.12,0.42,0,7.61
2002,182,630,71.8,13.44,33.77,-2.57,2.83,372.5,-0.41,-99.99,-2.69,-2.83,-2.77,-99.99,-3.43,87.7,0,227,6.12,0.35,0,5.35
2002,182,700,117.9,22.44,62.17,3.99,19.73,552.8,0.15,-99.99,-2.68,-2.84,-1.42,-99.99,-3.38,86.6,0,220,6.45,0.36,0,8.93
2002,182,730,124,25.15,72.17,3.76,14,527.2,0.07,-99.99,-2.66,-2.85,-1.51,-99.99,-3.35,87.2,0,223,6.62,0.39,-0.01,10.01
2002,182,800,161.6,32.48,111.98,3.42,20.55,703,-0.02,-99.99,-2.61,-2.84,-0.91,-99.99,-3.29,86.8,0,221,7.62,0.43,0.02,12.92
2002,182,830,170.8,30.27,95.64,6.42,16.56,661.2,-0.26,-99.99,-2.56,-2.83,-0.84,-99.99,-3.23,87.6,0,223,7.58,0.41,0.05,12.04
2002,182,900,240.5,43.34,141.81,10.52,28.22,913,0.43,-99.99,-2.48,-2.8,0.8,-99.99,-3.12,85.3,0,223,7.56,0.43,0.03,17.25
2002,182,930,239.6,50.49,157.67,14.44,23.97,870,0.61,-99.99,-2.36,-2.75,1.01,-99.99,-3.01,84.5,0,218,7.96,0.47,0.03,20.1
2002,182,1000,186,40.06,127.63,13.88,13.13,628,0.46,-99.99,-2.25,-2.69,-0.14,-99.99,-2.94,86.8,0,218,7.92,0.44,0.03,15.95
2002,182,1030,187,29.63,97.59,14.6,14.5,621.1,0.66,-99.99,-2.15,-2.62,-0.01,-99.99,-2.84,88.3,0,218,7.87,0.42,0.03,11.8
2002,182,1100,141.4,30.67,96.27,7.74,6.52,479.8,0.5,-99.99,-2.09,-2.56,-0.64,-99.99,-2.78,89.6,0,221,7.55,0.46,0.02,12.22
2002,182,1130,180.4,34.24,101.13,13.99,14.82,607.3,0.66,-99.99,-2.02,-2.51,0.05,-99.99,-2.7,88.9,0,221,7.14,0.4,0.01,13.64
2002,182,1200,264.5,57.17,161.22,23.65,23.59,872,0.99,-99.99,-1.93,-2.44,1.19,-99.99,-2.63,87.7,0,220,7.33,0.46,0.01,22.78
2002,182,1230,153.6,48.44,128.65,8.55,11.91,576.8,0.84,-99.99,-1.83,-2.37,0.27,-99.99,-2.55,84.9,0,224,7.03,0.47,0.02,19.3
2002,182,1300,148.3,33.84,66.19,4.16,3.91,516.2,0.22,-99.99,-1.78,-2.31,-0.82,-99.99,-2.5,90.9,0,224,6.82,0.39,0,13.47
2002,182,1330,115.3,43.94,53.12,4.37,3.67,433.1,0.17,-99.99,-1.76,-2.25,-1.13,-99.99,-2.47,92.3,0,220,5.88,0.38,-0.04,17.5
2002,182,1400,106.6,29.46,42.4,3.39,4.14,383.9,0.09,-99.99,-1.77,-2.22,-1.32,-99.99,-2.46,92.1,0,213,5.16,0.31,-0.01,11.73
2002,182,1430,117.8,23.17,19.65,4.6,6.33,405.1,-0.09,-99.99,-1.76,-2.18,-1.47,-99.99,-2.46,94.3,0,200,4.6,0.25,-0.05,9.22
2002,182,1500,137.5,31.88,40.25,9.16,14.1,448.9,0.29,-99.99,-1.76,-2.17,-1.07,-99.99,-2.45,94.3,0,181,4.85,0.24,-0.05,12.7
2002,182,1530,166.4,40.59,60.86,13.04,18.2,521.6,0.86,-99.99,-1.75,-2.18,-0.4,-99.99,-2.48,94.2,0.1,162,5.1,0.24,-0.04,16.18
2002,182,1600,172.4,-99.99,-99.99,13.76,21.48,547.9,1.4,-99.99,-1.67,-2.16,0.24,-99.99,-2.46,93,0,-99.99,-99.99,-99.99,-99.99,-99.99
2002,182,1630,196.4,-99.99,-99.99,14.5,22.21,625.4,1.79,-99.99,-1.6,-2.13,0.74,-99.99,-2.4,92.8,0,-99.99,-99.99,-99.99,-99.99,-99.99
2002,182,1700,157.2,-99.99,-99.99,9.67,15.8,505.1,1.87,-99.99,-1.51,-2.07,0.32,-99.99,-2.33,93.2,0.1,-99.99,-99.99,-99.99,-99.99,-99.99
2002,182,1730,110,-99.99,-99.99,3.53,6.54,361.3,1.37,-99.99,-1.46,-2.02,-0.7,-99.99,-2.29,94.8,0.2,-99.99,-99.99,-99.99,-99.99,-99.99
2002,182,1800,86.5,-99.99,-99.99,3.4,5.27,291.9,1.4,-99.99,-1.45,-1.98,-0.78,-99.99,-2.25,94.7,0.1,-99.99,-99.99,-99.99,-99.99,-99.99
2002,182,1830,100.5,-99.99,-99.99,5.6,6.39,330.2,1.16,-99.99,-1.46,-1.96,-0.81,-99.99,-2.25,94.2,0.1,-99.99,-99.99,-99.99,-99.99,-99.99
2002,182,1900,81.5,-99.99,-99.99,2.78,4.07,278.2,0.8,-99.99,-1.49,-1.96,-1.09,-99.99,-2.28,93.3,0.1,-99.99,-99.99,-99.99,-99.99,-99.99
2002,182,1930,84.4,-99.99,-99.99,3.94,5.44,287.4,0.61,-99.99,-1.52,-1.97,-0.96,-99.99,-2.3,94.2,0,-99.99,-99.99,-99.99,-99.99,-99.99
2002,182,2000,74.4,-99.99,-99.99,1.87,4.1,253.8,0.41,-99.99,-1.53,-1.97,-1.1,-99.99,-2.33,95.2,0,-99.99,-99.99,-99.99,-99.99,-99.99
2002,182,2030,35.77,-99.99,-99.99,-7.02,-6.36,138.9,0.09,-99.99,-1.57,-1.97,-2.21,-99.99,-2.37,95.8,0.1,-99.99,-99.99,-99.99,-99.99,-99.99
2002,182,2100,45.23,-99.99,-99.99,-7.59,-8.95,160.3,-0.54,-99.99,-1.64,-1.98,-2.67,-99.99,-2.42,96,0,-99.99,-99.99,-99.99,-99.99,-99.99
2002,182,2130,76,-99.99,-99.99,-2,-1.97,259.2,-0.55,-99.99,-1.72,-2.02,-2.32,-99.99,-2.5,95.4,0,-99.99,-99.99,-99.99,-99.99,-99.99
2002,182,2200,71.2,-99.99,-99.99,-1.99,0.2,225.1,-0.49,-99.99,-1.79,-2.07,-2.24,-99.99,-2.58,94.4,0,-99.99,-99.99,-99.99,-99.99,-99.99
2002,182,2230,34.5,-99.99,-99.99,-8.07,-8.17,141.9,-0.65,-99.99,-1.87,-2.11,-2.94,-99.99,-2.66,94.7,0,-99.99,-99.99,-99.99,-99.99,-99.99
2002,182,2300,25.09,-99.99,-99.99,-9,-10.18,130.7,-0.74,-99.99,-1.95,-2.16,-3.2,-99.99,-2.73,95.9,0,-99.99,-99.99,-99.99,-99.99,-99.99
2002,182,2330,34.02,-99.99,-99.99,-7.89,-8.18,129.5,-0.69,-99.99,-2.03,-2.22,-3.25,-99.99,-2.8,93.4,0,-99.99,-99.99,-99.99,-99.99,-99.99
2002,183,0,17.89,-99.99,-99.99,-8.52,-9.66,88.5,-0.88,-99.99,-2.13,-2.28,-3.52,-99.99,-2.89,93.2,0,-99.99,-99.99,-99.99,-99.99,-99.99
2002,183,30,11.64,24.94,43.11,-8.51,-9.26,100.6,-0.98,-99.99,-2.23,-2.34,-3.71,-99.99,-2.97,89.7,0,250,7.18,0.63,0.08,9.94
2002,183,100,5.45,25.56,24.38,-8.25,-8.62,83.8,-1.06,-99.99,-2.33,-2.41,-3.95,-99.99,-3.06,86.9,0,247,7.51,0.59,0.08,10.17
2002,183,130,7.4,18.17,-0.34,-7.49,-7.81,73.1,-1.04,-99.99,-2.43,-2.49,-4.01,-99.99,-3.16,87.5,0,238,7.52,0.46,0.02,7.22
2002,183,200,7.23,11.59,7.76,-7.29,-7.31,65.12,-1.25,-99.99,-2.52,-2.56,-4.04,-99.99,-3.24,92.5,0,234,7.97,0.46,0.04,4.61
2002,183,230,4.47,9.91,6.92,-7.82,-6.77,71.1,-1.29,-99.99,-2.59,-2.63,-4.16,-99.99,-3.31,93.3,0,231,8.41,0.48,0.04,3.94
2002,183,300,20.37,13.44,11.35,-7.69,-6.52,93.8,-1.04,-99.99,-2.67,-2.7,-3.97,-99.99,-3.36,92.1,0,233,8.25,0.46,0.02,5.34
2002,183,330,25.83,13.83,9.14,-7.43,-6.41,122.8,-0.97,-99.99,-2.74,-2.76,-3.9,-99.99,-3.41,91.1,0,233,7.39,0.4,0.03,5.5
2002,183,400,18.85,10.75,10.4,-7.44,-6.2,113.9,-1.05,-99.99,-2.8,-2.81,-4,-99.99,-3.46,92.1,0,229,7.52,0.44,0.01,4.27
2002,183,430,33.33,13.4,17.36,-7.26,-6.16,143.1,-0.85,-99.99,-2.85,-2.86,-3.85,-99.99,-3.49,93.4,0,231,8.1,0.5,0.04,5.33
2002,183,500,48.55,14.55,28.33,-7.46,-6.08,201.8,-0.77,-99.99,-2.89,-2.91,-3.71,-99.99,-3.52,92.9,0,234,8.56,0.53,0.05,5.78
2002,183,530,51.74,17.7,24.7,-7.87,-6.04,221.8,-0.89,-99.99,-2.94,-2.95,-3.61,-99.99,-3.55,92.2,0,236,7.64,0.47,0.01,7.04
2002,183,600,43.61,14.31,7.54,-7.37,-6.06,209,-0.97,-99.99,-2.98,-2.99,-3.63,-99.99,-3.57,93.4,0,235,8.04,0.46,0,5.69
2002,183,630,71.6,18.04,27.15,-6.9,-5.71,280.4,-0.87,-99.99,-3.01,-3.03,-3.47,-99.99,-3.59,90.8,0,238,8.25,0.46,0.03,7.17
2002,183,700,111.1,24.01,39.97,-5.09,-2.64,433.2,-0.7,-99.99,-3.04,-3.06,-2.98,-99.99,-3.59,91.2,0,236,7.88,0.47,0.01,9.55
2002,183,730,130.2,26.8,36.43,-0.13,9.69,462.4,-0.7,-99.99,-3.05,-3.09,-2.68,-99.99,-3.59,93.4,0,235,7.77,0.43,0.03,10.65
2002,183,800,166.6,38.69,65.93,3.47,19.1,613.4,-0.43,-99.99,-3.03,-3.1,-2.01,-99.99,-3.57,90.4,0,237,7.94,0.46,0.01,15.38
2002,183,830,163.5,35.78,61.27,4.52,12.52,530,-0.42,-99.99,-2.98,-3.11,-1.92,-99.99,-3.55,91,0,235,7.93,0.44,0.01,14.22
2002,183,900,212.6,51.08,106.77,10.86,22.34,713,0.09,-99.99,-2.89,-3.09,-0.62,-99.99,-3.47,91.1,0,231,7.56,0.46,0.05,20.32
2002,183,930,199.7,62.67,106.18,8.77,17.68,643.7,0.14,-99.99,-2.77,-3.05,-0.49,-99.99,-3.36,91.5,0,232,7.81,0.49,-0.03,24.93
2002,183,1000,278.9,77.68,132.59,6.05,16.98,944,-0.35,-99.99,-2.63,-2.96,0.33,-99.99,-3.24,90.3,0,251,6.47,0.6,-0.02,30.88
2002,183,1030,302,80.15,150.37,14,26.1,957,-0.18,-99.99,-2.49,-2.91,1.09,-99.99,-3.1,86.3,0,240,7.79,0.51,0.06,31.86
2002,183,1100,267.4,75.58,144.46,10.46,17.5,842,-0.06,-99.99,-2.33,-2.83,0.85,-99.99,-2.98,83.1,0,240,7.7,0.51,-0.01,30.06
2002,183,1130,272.4,71.12,137.1,11.55,15.9,867,0.02,-99.99,-2.17,-2.71,1.13,-99.99,-2.84,82.7,0,241,6.75,0.46,0,28.29
2002,183,1200,339.7,61.73,155.02,22.32,28.41,1095,0.39,-99.99,-1.99,-2.61,3.14,-99.99,-2.68,84.8,0,230,6.83,0.37,-0.03,24.55
2002,183,1230,336,80.14,168.78,22.78,24.86,1057,0.78,-99.99,-1.79,-2.48,2.99,-99.99,-2.53,87.9,0,222,7.59,0.46,0,31.9
2002,183,1300,333.2,78.93,195.53,15.73,14.91,1079,1,-99.99,-1.6,-2.35,3.15,-99.99,-2.37,86.5,0,230,8.49,0.53,0.09,31.43
2002,183,1330,396.7,67.6,210.04,18.93,18,1264,1.32,-99.99,-1.39,-2.21,4.77,-99.99,-2.2,85.1,0,231,8.36,0.48,-0.04,26.93
2002,183,1400,357.2,69,208.78,20.18,16.9,1115,1.23,-99.99,-1.22,-2.08,3.69,-99.99,-2.07,84.1,0,231,8.75,0.49,0.08,27.49
2002,183,1430,314.3,51.77,163.11,20.51,15.68,1010,1.09,-99.99,-1.05,-1.94,3.03,-99.99,-1.95,84.9,0,226,8.45,0.45,0.03,20.63
2002,183,1500,316.8,66.48,192.94,21.57,15.76,1017,1.14,-99.99,-0.93,-1.82,2.86,-99.99,-1.85,84.6,0,224,8.36,0.5,0.03,26.49
2002,183,1530,320.4,58.87,182.36,19.49,13.44,1039,1.09,-99.99,-0.82,-1.71,3.37,-99.99,-1.75,84.7,0,224,8.31,0.48,0.01,23.45
2002,183,1600,310.5,60.06,184.12,18.89,13.02,1004,1.02,-99.99,-0.73,-1.61,3.01,-99.99,-1.7,83.4,0,227,8.33,0.47,0.01,23.93
2002,183,1630,287.4,57.34,178.56,14.82,8.82,938,0.95,-99.99,-0.67,-1.53,2.58,-99.99,-1.66,82.9,0,229,8.53,0.5,0.03,22.84
2002,183,1700,320.7,57.55,182.56,14.77,8.35,1081,0.96,-99.99,-0.61,-1.46,2.97,-99.99,-1.64,81.5,0,229,8.84,0.5,0.03,22.92
2002,183,1730,261.9,63.93,150.84,11.55,4.79,921,0.57,-99.99,-0.56,-1.4,2.29,-99.99,-1.6,85.6,0,233,7.78,0.48,0.03,25.45
2002,183,1800,269.3,68.6,185.67,8.69,4.67,1051,0.49,-99.99,-0.52,-1.35,2.78,-99.99,-1.59,85,0,237,6.87,0.46,0.01,27.3
2002,183,1830,202,48.13,137.15,6.02,3.68,776,0.33,-99.99,-0.48,-1.31,1.69,-99.99,-1.6,83.4,0,235,6.43,0.42,0.02,19.16
2002,183,1900,166.7,32.44,92.35,3.67,1.61,623.2,0.09,-99.99,-0.5,-1.25,0.67,-99.99,-1.61,86.6,0,234,6.15,0.35,0,12.91
2002,183,1930,157.6,41.01,102.45,1.07,-1.76,694.6,0.01,-99.99,-0.52,-1.26,0.96,-99.99,-1.66,85.9,0,233,6.02,0.39,0.02,16.31
2002,183,2000,130,31.99,87.7,-1.27,-4.35,554.5,-0.42,-99.99,-0.61,-1.26,-0.18,-99.99,-1.73,86.1,0,237,5.94,0.37,-0.01,12.72
2002,183,2030,140.7,31.16,87.23,-0.7,-6.63,597.7,-0.29,-99.99,-0.72,-1.3,0.03,-99.99,-1.81,82.5,0,239,6.2,0.38,0,12.39
2002,183,2100,130.4,25,72.06,-0.92,-1.73,497.9,-0.56,-99.99,-0.83,-1.32,-0.59,-99.99,-1.88,83.9,0,243,5.59,0.37,0.01,9.94
2002,183,2130,89.1,21.47,55.55,-5.33,-7.15,445.6,-0.62,-99.99,-0.95,-1.39,-1.09,-99.99,-1.99,84.7,0,235,5.05,0.34,0,8.53
2002,183,2200,95.9,12.38,44.83,-5.37,-7.72,441.7,-0.77,-99.99,-1.08,-1.47,-1.35,-99.99,-2.1,85,0,231,5.13,0.29,0,4.92
2002,183,2230,74.3,11.07,31.75,-8.48,-10.12,372.7,-0.89,-99.99,-1.22,-1.55,-1.55,-99.99,-2.21,84.4,0,234,5.13,0.27,0,4.4
2002,183,2300,41.33,11.82,23.37,-10.36,-12.6,248.1,-1.23,-99.99,-1.38,-1.63,-2.66,-99.99,-2.32,86.1,0,232,5.41,0.31,0.01,4.69
2002,183,2330,36.36,14.63,26.01,-8.68,-10.05,169.2,-1.56,-99.99,-1.55,-1.73,-3.29,-99.99,-2.46,87.1,0,238,5.59,0.36,0.01,5.81
2002,184,0,16.91,8.92,11.6,-11.01,-11,195.3,-1.43,-99.99,-1.7,-1.84,-3.31,-99.99,-2.58,86.5,0,236,5.07,0.3,0.01,3.54
2002,184,30,-34.46,2.46,-1.48,-11.75,-9.85,123.2,-1.6,-99.99,-1.84,-1.95,-3.67,-99.99,-2.73,88.8,0,230,4.64,0.26,0.02,0.98
2002,184,100,-6.59,5.25,3.49,-10.99,-8.43,97.1,-1.75,-99.99,-1.98,-2.05,-4.06,-99.99,-2.85,91.1,0,234,5.01,0.29,0.02,2.09
2002,184,130,4.68,6.7,8.78,-9.61,-7.79,75.8,-1.57,-99.99,-2.11,-2.16,-3.99,-99.99,-2.96,91.4,0,235,5.13,0.31,0.02,2.66
2002,184,200,0.48,6.87,6.95,-9.85,-7.32,62.71,-1.55,-99.99,-2.21,-2.25,-4.06,-99.99,-3.06,91.8,0,233,4.99,0.31,0.02,2.73
2002,184,230,-2.7,7.71,4.92,-10.59,-6.65,56.14,-1.47,-99.99,-2.32,-2.35,-4.16,-99.99,-3.15,90.4,0,230,5.31,0.32,0.03,3.06
2002,184,300,-2.5,5.14,7.37,-11.48,-6.19,70.9,-1.51,-99.99,-2.41,-2.43,-4.17,-99.99,-3.24,92.3,0,232,5.96,0.35,0.03,2.04
2002,184,330,-5.78,11.14,5.59,-14.4,-6.87,106.3,-1.8,-99.99,-2.48,-2.49,-4.35,-99.99,-3.3,90.8,0,246,6.08,0.43,0.02,4.43
2002,184,400,-17.44,6.4,2.07,-16.78,-8.92,110.2,-2.14,-99.99,-2.58,-2.57,-4.64,-99.99,-3.38,90.8,0,243,5.73,0.36,0.02,2.54
2002,184,430,1.22,11.08,8.74,-16.05,-10.94,135.2,-2.23,-99.99,-2.67,-2.66,-4.55,-99.99,-3.44,90.3,0,243,5.83,0.41,0.03,4.4
2002,184,500,14.32,7.42,8.47,-14.13,-11.83,192.4,-2.44,-99.99,-2.74,-2.73,-4.54,-99.99,-3.5,91.7,0,239,5.69,0.33,0.01,2.94
2002,184,530,45.34,13.47,25.32,-9.09,-8.8,260.1,-2.23,-99.99,-2.81,-2.8,-4.11,-99.99,-3.54,90,0,241,5.79,0.39,0.01,5.35
2002,184,600,58.87,20.17,48.67,-7.75,-7.56,267.9,-2.48,-99.99,-2.85,-2.85,-4.12,-99.99,-3.58,89.2,0,241,6.78,0.5,0.03,8
2002,184,630,80.6,14.58,43.05,-5.14,-6.82,295,-2.57,-99.99,-2.9,-2.9,-3.94,-99.99,-3.59,89.4,0,244,6.12,0.42,0.01,5.79
2002,184,700,83.7,15.19,39.92,-3.72,-6.11,300.5,-2.3,-99.99,-2.95,-2.95,-3.8,-99.99,-3.62,87.4,0,237,6.38,0.36,0.01,6.03
2002,184,730,89.3,21.17,57.13,-3.17,-5.22,366.3,-2.26,-99.99,-2.99,-2.99,-3.73,-99.99,-3.63,85.7,0,236,6.32,0.38,0.01,8.4
2002,184,800,147.8,27.16,74.35,5.72,-3.18,537.2,-1.82,-99.99,-3.02,-3.04,-2.73,-99.99,-3.63,85.1,0,235,6.25,0.39,0,10.78
2002,184,830,192.9,32.26,108.12,11.51,4.58,702,-1.46,-99.99,-3.03,-3.06,-1.93,-99.99,-3.62,85.1,0,236,6.61,0.43,-0.02,12.81
2002,184,900,219.5,33.33,122.83,7.52,21.89,851,-1.19,-99.99,-3.01,-3.08,-1.08,-99.99,-3.6,85.4,0,237,6.97,0.43,0,13.23
2002,184,930,239.9,35.15,126.59,6.91,21.52,855,-1.21,-99.99,-2.96,-3.08,-0.66,-99.99,-3.56,86.4,0,235,7.38,0.4,0.03,13.96
2002,184,1000,286,62.24,189.19,9.5,24.92,1010,-0.8,-99.99,-2.85,-3.06,0.57,-99.99,-3.5,85.5,0,237,7.57,0.52,0.01,24.73
2002,184,1030,318.9,56.01,186.78,9.1,24.01,1151,-0.44,-99.99,-2.69,-3,1.93,-99.99,-3.39,82.3,0,242,6.8,0.48,0,22.26
2002,184,1100,347.4,55.89,200.51,14.14,25.67,1220,-0.17,-99.99,-2.47,-2.94,3.5,-99.99,-3.23,82.1,0,234,7.35,0.45,0.02,22.22
2002,184,1130,282.9,53.38,178.67,9.35,12.99,992,-0.21,-99.99,-2.27,-2.83,1.92,-99.99,-3.11,82.3,0,231,7.91,0.49,0,21.23
2002,184,1200,329.9,67.53,224.82,10.95,13.59,1101,0.12,-99.99,-2.09,-2.7,2.91,-99.99,-2.92,83.2,0,234,8.54,0.51,0,26.86
2002,184,1230,344.6,60.94,211.76,16.09,16.82,1129,0.41,-99.99,-1.91,-2.57,3.12,-99.99,-2.76,84.5,0,232,8.65,0.51,0.01,24.25
2002,184,1300,380.6,67.96,230.51,19.92,18.97,1232,0.81,-99.99,-1.72,-2.44,4.03,-99.99,-2.59,85.2,0,228,8.8,0.52,0.01,27.05
2002,184,1330,334.4,65.41,225.25,21.36,18.8,1070,0.79,-99.99,-1.52,-2.3,2.95,-99.99,-2.45,88.5,0,226,9.19,0.55,0.03,26.05
2002,184,1400,248.5,49.09,162.84,14.85,11.68,799,0.58,-99.99,-1.41,-2.18,1.3,-99.99,-2.35,91,0,228,8.82,0.51,0.03,19.55
2002,184,1430,228.8,38.36,147.18,13.1,10.84,731,0.72,-99.99,-1.32,-2.07,1.15,-99.99,-2.25,91.2,0,230,8.73,0.5,0.02,15.28
2002,184,1500,195.7,37.05,130.22,9.71,8.22,629.9,0.69,-99.99,-1.28,-1.98,0.66,-99.99,-2.19,92.1,0,234,8.05,0.48,0.01,14.76
2002,184,1530,203.4,37.95,130.25,9.55,8.92,645,0.83,-99.99,-1.25,-1.91,0.74,-99.99,-2.16,90.5,0,236,8.23,0.5,0.02,15.12
2002,184,1600,234.8,41.04,134.63,12.8,12.59,727,0.97,-99.99,-1.22,-1.86,1.36,-99.99,-2.12,89.7,0,238,7.91,0.48,0.02,16.35
2002,184,1630,230.8,48.56,162.34,11.81,13.94,722,1.2,-99.99,-1.16,-1.81,1.64,-99.99,-2.07,88.1,0,240,7.69,0.54,0.03,19.35
2002,184,1700,175,36.45,126.19,5.03,6.74,571.8,1,-99.99,-1.11,-1.75,0.73,-99.99,-2.06,88.6,0,241,7.64,0.54,0.04,14.53
2002,184,1730,151.4,35.44,126.14,2.01,1.44,494,0.64,-99.99,-1.09,-1.7,-0.03,-99.99,-2.05,90.7,0,242,7.98,0.57,0.03,14.12
2002,184,1800,154.1,28.22,108.38,3.44,3.22,490.9,0.56,-99.99,-1.11,-1.68,-0.1,-99.99,-2.06,91.4,0,240,8.2,0.51,0.04,11.24
2002,184,1830,109.9,21.54,86.19,0.05,-1.15,366.8,0.38,-99.99,-1.14,-1.68,-0.72,-99.99,-2.09,91.7,0,236,7.9,0.47,0.04,8.58
2002,184,1900,118.5,17.47,79.54,1.72,0.42,378.4,0.27,-99.99,-1.19,-1.68,-0.82,-99.99,-2.14,92.9,0,236,8.09,0.44,0.02,6.96
2002,184,1930,82.7,16.63,71.71,-1.73,-2.89,276.6,0.2,-99.99,-1.25,-1.69,-1.33,-99.99,-2.2,93.5,0,235,7.71,0.47,0.02,6.62
2002,184,2000,63.47,12.96,51.07,-4.13,-5.47,219,0.03,-99.99,-1.32,-1.72,-1.83,-99.99,-2.27,94.8,0,235,7.52,0.44,0.02,5.16
2002,184,2030,57.75,13.74,48.84,-3.87,-5.04,199.2,0,-99.99,-1.41,-1.76,-2.02,-99.99,-2.34,94.8,0,235,7.22,0.45,0.01,5.47
2002,184,2100,36.21,10.01,38.15,-6.15,-6.95,140.5,-0.03,-99.99,-1.5,-1.8,-2.36,-99.99,-2.43,94.5,0,235,7.49,0.42,0.03,3.99
2002,184,2130,34.17,8.8,31.28,-7.05,-8.24,130.4,-0.15,-99.99,-1.6,-1.86,-2.69,-99.99,-2.51,95,0,235,7.5,0.42,0.03,3.5
2002,184,2200,42.52,12.02,37.71,-4.3,-4.89,152.4,-0.09,-99.99,-1.69,-1.92,-2.56,-99.99,-2.6,94.4,0,233,7.44,0.44,0.03,4.79
2002,184,2230,25.15,7.45,32.08,-6.49,-7.31,104.1,-0.19,-99.99,-1.78,-1.99,-2.88,-99.99,-2.69,94.1,0,232,7.7,0.45,0.04,2.97
2002,184,2300,15.7,5.55,26.71,-7.56,-8.61,76.2,-0.36,-99.99,-1.87,-2.05,-3.18,-99.99,-2.78,95.2,0,236,7.98,0.44,0.03,2.21
2002,184,2330,13.54,5.79,17.35,-7.52,-8.43,67,-0.43,-99.99,-1.97,-2.12,-3.34,-99.99,-2.86,95.7,0,235,7.56,0.42,0.02,2.31
2002,185,0,10.69,4.32,18.82,-7.72,-8.49,60.35,-0.49,-99.99,-2.07,-2.2,-3.45,-99.99,-2.96,95.3,0,232,7.75,0.43,0.03,1.72
2002,185,30,5.36,4.09,14.07,-8.05,-8.73,51.27,-0.59,-99.99,-2.17,-2.27,-3.6,-99.99,-3.04,94.8,0,232,7.38,0.4,0.03,1.63
2002,185,100,4.06,4,13.34,-7.85,-8.11,47.48,-0.69,-99.99,-2.27,-2.34,-3.72,-99.99,-3.12,94.4,0,230,7.44,0.39,0.04,1.59
2002,185,130,4.99,6.2,22.78,-7.71,-7.51,49.08,-0.85,-99.99,-2.35,-2.42,-3.82,-99.99,-3.18,95.2,0,226,7.46,0.42,0.05,2.47
2002,185,200,7.91,9.12,21.4,-7.47,-7.07,55.29,-1,-99.99,-2.43,-2.48,-3.91,-99.99,-3.25,95.1,0,224,7.74,0.44,0.02,3.63
2002,185,230,7.06,8.89,20.62,-7.45,-6.82,57.36,-1.19,-99.99,-2.51,-2.55,-4.01,-99.99,-3.32,95.1,0,225,8.14,0.46,0.04,3.53
2002,185,300,5.11,8.55,22.97,-7.26,-6.63,54.39,-1.3,-99.99,-2.58,-2.61,-4.08,-99.99,-3.37,94.4,0,227,8.2,0.47,0.06,3.4
2002,185,330,3.61,9.02,23.06,-7.37,-6.37,55.87,-1.46,-99.99,-2.65,-2.67,-4.19,-99.99,-3.42,93.5,0,227,8.77,0.49,0.03,3.59
2002,185,400,7.76,8.67,24.23,-7.68,-6.06,70.7,-1.54,-99.99,-2.71,-2.73,-4.19,-99.99,-3.47,93.6,0,230,8.41,0.48,0.04,3.45
2002,185,430,14.41,10.43,22.98,-7.54,-5.98,96.5,-1.49,-99.99,-2.78,-2.79,-4.16,-99.99,-3.51,92.5,0,230,8.34,0.49,0.05,4.15
2002,185,500,13.35,11.25,21.86,-7.64,-5.89,87.8,-1.53,-99.99,-2.83,-2.84,-4.19,-99.99,-3.55,92.6,0,229,8.08,0.46,0.01,4.47
2002,185,530,23.44,13.7,23.46,-7.33,-5.9,111.3,-1.45,-99.99,-2.88,-2.89,-4.1,-99.99,-3.59,91.2,0,232,8.09,0.45,0.04,5.45
2002,185,600,33.86,13.62,23.59,-6.7,-6.03,149.8,-1.45,-99.99,-2.93,-2.94,-3.99,-99.99,-3.62,91.7,0,229,7.7,0.42,0.03,5.41
2002,185,630,41.63,16.41,29.98,-6.49,-6.08,170.8,-1.35,-99.99,-2.97,-2.98,-3.9,-99.99,-3.62,90.6,0,227,7.66,0.44,0.03,6.52
2002,185,700,73.9,16.92,33.45,-4.38,-6.03,276.2,-1.2,-99.99,-3,-3.02,-3.55,-99.99,-3.63,90.8,0,232,7.31,0.4,0,6.73
2002,185,730,81.9,21.92,39,-1.88,-5.34,302,-0.97,-99.99,-3.01,-3.04,-3.32,-99.99,-3.64,89.6,0,230,7.64,0.44,0.02,8.71
2002,185,800,88.9,21.6,47.73,-0.95,-0.9,313.3,-0.99,-99.99,-3,-3.04,-3.25,-99.99,-3.63,89.2,0,229,8.22,0.45,0.04,8.59
2002,185,830,113.9,23.91,53.33,2.11,6.32,389.9,-0.81,-99.99,-3,-3.08,-2.75,-99.99,-3.63,88.6,0,230,7.31,0.43,0.01,9.51
2002,185,900,161.6,35.43,84.01,6.2,10.77,539.2,-0.64,-99.99,-2.97,-3.09,-2,-99.99,-3.61,87.9,0,230,7.69,0.44,0.01,14.09
2002,185,930,190.1,41.01,107.89,7.78,14.44,672.6,-0.41,-99.99,-2.9,-3.08,-1.09,-99.99,-3.56,87.9,0,227,7.96,0.47,0.02,16.31
2002,185,1000,225.4,35.02,112.43,11.02,15.92,774,-0.34,-99.99,-2.8,-3.05,-0.34,-99.99,-3.47,86.3,0,229,8.37,0.45,0.03,13.93
2002,185,1030,170.6,32.05,106.34,6.31,8.18,580.5,-0.32,-99.99,-2.71,-3,-1.01,-99.99,-3.39,87.4,0,231,8.17,0.46,0.01,12.75
2002,185,1100,277.4,51.87,159.3,14.15,19.14,961,0.37,-99.99,-2.6,-2.95,1.44,-99.99,-3.25,84.3,0,231,8.35,0.47,0.03,20.64
2002,185,1130,278.8,53.11,168.61,18.46,21.17,964,0.62,-99.99,-2.45,-2.88,1.79,-99.99,-3.12,85.8,0,223,7.63,0.46,-0.01,21.14
2002,185,1200,318.7,54.81,181.27,20.24,22.31,1073,0.92,-99.99,-2.26,-2.78,2.99,-99.99,-2.95,86,0,221,8.44,0.46,0.03,21.83
2002,185,1230,215,46.48,135.96,12.08,9.99,714,0.59,-99.99,-2.12,-2.68,0.66,-99.99,-2.85,86,0,222,8.61,0.5,0.04,18.51
2002,185,1300,265.9,47.99,161.02,19.2,18.46,870,0.78,-99.99,-2.01,-2.59,1.6,-99.99,-2.72,85.4,0,228,7.51,0.46,0,19.11
2002,185,1330,275.1,53.32,177.9,20.78,19.22,900,0.93,-99.99,-1.86,-2.48,1.98,-99.99,-2.6,85.5,0,221,8.16,0.48,0.03,21.24
2002,185,1400,292,53.65,175.47,17.61,13.72,982,0.95,-99.99,-1.73,-2.38,2.66,-99.99,-2.48,85.7,0,220,8.06,0.45,0.01,21.37
2002,185,1430,368.6,59.86,207.51,20.84,15.94,1218,1.28,-99.99,-1.56,-2.28,4.3,-99.99,-2.35,83.8,0,221,8.69,0.49,0.03,23.85
2002,185,1500,356.7,71.79,224.62,22.32,17.84,1178,1.34,-99.99,-1.37,-2.16,4.5,-99.99,-2.21,85.8,0,223,8.26,0.5,0.02,28.6
2002,185,1530,400.2,76.29,244.04,24.47,18.95,1299,1.58,-99.99,-1.17,-2.04,5.37,-99.99,-2.08,84.9,0,222,8.58,0.48,0.08,30.4
2002,185,1600,324.7,58.33,203.21,21.89,16.51,1091,1.35,-99.99,-1.02,-1.91,3.7,-99.99,-1.98,85.3,0,220,8.2,0.45,0.02,23.24
2002,185,1630,279.8,56.26,180.53,16.56,10.79,943,1.14,-99.99,-0.88,-1.78,2.87,-99.99,-1.86,86.2,0,218,8.77,0.51,0.03,22.42
2002,185,1700,269.8,56.71,166.98,14.27,7.63,918,1.23,-99.99,-0.81,-1.68,2.74,-99.99,-1.8,87.2,0,221,8.61,0.49,0.03,22.6
2002,185,1730,238.4,53.26,140.86,12.06,5.32,838,1.05,-99.99,-0.77,-1.58,1.74,-99.99,-1.75,88,0,221,8.64,0.49,0.01,21.22
2002,185,1800,259.8,52.94,163.26,9.52,3.44,1025,1.08,-99.99,-0.75,-1.55,2.68,-99.99,-1.77,84.9,0,229,7.86,0.46,0.05,21.09
2002,185,1830,243.6,45.37,172.13,5.63,0.98,985,0.82,-99.99,-0.7,-1.51,2.42,-99.99,-1.78,81.4,0,231,7.83,0.48,0.03,18.06
2002,185,1900,200.8,34.2,135.87,5.26,-0.9,845,0.52,-99.99,-0.68,-1.47,1.92,-99.99,-1.79,82.3,0,230,7.05,0.41,0.01,13.61
2002,185,1930,183.5,31.79,118.01,5.71,-0.51,792,0.62,-99.99,-0.69,-1.44,1.57,-99.99,-1.81,84.1,0,223,6.94,0.41,0.02,12.65
2002,185,2000,98.4,20.94,67.4,-0.29,-5.2,404,0.26,-99.99,-0.77,-1.4,-0.6,-99.99,-1.85,83.8,0,222,7.35,0.4,0.02,8.33
2002,185,2030,82.8,23.18,71.4,-2.74,-6.58,316.4,0.13,-99.99,-0.89,-1.4,-1.42,-99.99,-1.92,83.8,0,226,8.41,0.51,0.04,9.23
2002,185,2100,63.91,8.18,32.48,-3.14,-6.38,272.6,-0.06,-99.99,-1.02,-1.44,-1.8,-99.99,-2.02,88.2,0,220,6.77,0.33,0.01,3.25
2002,185,2130,56.13,11.41,34.51,-4.08,-6.67,261,-0.25,-99.99,-1.15,-1.51,-2.2,-99.99,-2.13,89.7,0,220,7.22,0.38,0.02,4.54
2002,185,2200,36.65,13.6,30.81,-5.52,-7.73,161,-0.33,-99.99,-1.29,-1.58,-2.57,-99.99,-2.24,90.8,0,222,7.04,0.41,0.03,5.41
2002,185,2230,28.02,11.87,24.53,-7.3,-9.48,133.9,-0.48,-99.99,-1.43,-1.67,-2.98,-99.99,-2.38,89,0,227,7.4,0.41,0.03,4.73
2002,185,2300,21.8,8.64,16.16,-6.8,-8.59,110.2,-0.48,-99.99,-1.56,-1.77,-3.09,-99.99,-2.51,89.4,0,222,6.48,0.35,0.02,3.44
2002,185,2330,11.62,5.49,8.72,-8.03,-9.64,111.2,-0.62,-99.99,-1.69,-1.85,-3.34,-99.99,-2.62,92.4,0,217,6.4,0.34,0.02,2.19
2002,186,0,15.83,9.31,20.5,-6.64,-8.19,82.9,-0.53,-99.99,-1.81,-1.94,-3.36,-99.99,-2.73,90.7,0,217,7.2,0.41,0.04,3.7
2002,186,30,12.29,9.53,27.35,-7.39,-8.6,81.3,-0.73,-99.99,-1.92,-2.03,-3.57,-99.99,-2.84,90.4,0,218,7.88,0.46,0.05,3.79
2002,186,100,14.98,7.1,24.83,-6.85,-7.85,78.7,-0.76,-99.99,-2.03,-2.12,-3.61,-99.99,-2.95,90.6,0,220,7.72,0.42,0.04,2.83
2002,186,130,9.72,8.32,22.41,-7.19,-7.84,59.87,-0.68,-99.99,-2.14,-2.21,-3.66,-99.99,-3.04,90.4,0,221,7.62,0.44,0.04,3.31
2002,186,200,8.53,6.55,17,-7.46,-7.75,60.29,-0.64,-99.99,-2.24,-2.3,-3.71,-99.99,-3.13,89.1,0,224.5,7.3,0.4,0.04,2.61
2002,186,230,3.83,4.78,11.6,-7.79,-7.58,48.27,-0.67,-99.99,-2.33,-2.38,-3.78,-99.99,-3.18,90.1,0,228,6.97,0.36,0.04,1.9
2002,186,300,7.29,4.37,9.91,-7.07,-6.84,54.64,-0.79,-99.99,-2.42,-2.46,-3.81,-99.99,-3.25,91.7,0,229,6.13,0.34,0.03,1.74
2002,186,330,11.31,8.31,23.45,-6.94,-6.59,64.8,-0.93,-99.99,-2.49,-2.52,-3.88,-99.99,-3.31,91,0,222,7.5,0.44,0.05,3.31
2002,186,400,15.63,10.31,32.38,-6.81,-6.38,74.4,-0.92,-99.99,-2.55,-2.58,-3.89,-99.99,-3.37,90.6,0,222,8.17,0.51,0.06,4.1
2002,186,430,22.59,11.17,30.72,-6.99,-6.13,99.7,-1.02,-99.99,-2.63,-2.65,-3.9,-99.99,-3.41,91.4,0,225,8.09,0.5,0.05,4.44
2002,186,500,37.98,6.47,21.68,-5.94,-5.66,221.6,-0.97,-99.99,-2.68,-2.7,-3.59,-99.99,-3.45,92.7,0,220,7.04,0.38,0.01,2.57
2002,186,530,49.02,10.22,31.33,-3.29,-4.69,201.3,-0.69,-99.99,-2.73,-2.76,-3.43,-99.99,-3.48,91.8,0,217,7.06,0.41,0.02,4.07
2002,186,600,48.97,16.24,42.6,-3.48,-3.61,172.8,-0.66,-99.99,-2.77,-2.8,-3.46,-99.99,-3.51,88.6,0,219,8.43,0.49,0.04,6.46
2002,186,630,64.56,14.17,49.28,-1.42,-0.54,214.1,-0.63,-99.99,-2.8,-2.84,-3.24,-99.99,-3.52,89.3,0,218,8.24,0.47,0.04,5.64
2002,186,700,79.3,18.68,61.64,-0.53,0.53,263.5,-0.79,-99.99,-2.81,-2.87,-3.14,-99.99,-3.54,89.3,0,218,8.51,0.48,0.04,7.43
2002,186,730,100.7,16.75,69.39,1.42,3.56,343.9,-0.73,-99.99,-2.81,-2.89,-2.76,-99.99,-3.53,88.4,0,216,8.67,0.48,0.04,6.66
2002,186,800,143,21.93,87.09,6.26,9.42,481.9,-0.4,-99.99,-2.79,-2.9,-1.88,-99.99,-3.49,87.4,0,214,9.11,0.49,0.05,8.72
2002,186,830,140.2,19.69,99.84,6.68,7.91,453,-0.54,-99.99,-2.74,-2.9,-1.87,-99.99,-3.46,89.9,0,212,8.86,0.51,0.05,7.83
2002,186,900,128.5,20.78,100.14,6.08,6.13,412.1,-0.58,-99.99,-2.7,-2.9,-1.93,-99.99,-3.42,92.2,0,214,8.67,0.51,0.03,8.27
2002,186,930,126.8,15.39,91.49,6.15,5.01,404.3,-0.47,-99.99,-2.67,-2.88,-1.93,-99.99,-3.35,92.8,0,211,8.93,0.48,0.03,6.12
2002,186,1000,134.9,16.4,99.32,8.35,8.25,434.6,-0.29,-99.99,-2.62,-2.87,-1.56,-99.99,-3.31,93.5,0,206,8.3,0.48,0.03,6.52
2002,186,1030,165.8,18.17,99.73,12.13,11.33,528,-0.18,-99.99,-2.56,-2.83,-1.04,-99.99,-3.25,94.1,0,211,8.41,0.44,0.02,7.23
2002,186,1100,159.5,23.53,113.86,11.76,10.86,513.1,0.06,-99.99,-2.5,-2.81,-0.9,-99.99,-3.18,93.6,0,211,8.25,0.48,0.02,9.37
2002,186,1130,164.5,19.06,102.89,11.96,10.64,537.8,0.26,-99.99,-2.42,-2.76,-0.7,-99.99,-3.11,92.8,0,209,8.91,0.48,0.04,7.59
2002,186,1200,190.6,26.38,123.73,15.28,12.52,607.7,0.44,-99.99,-2.34,-2.72,-0.34,-99.99,-3.03,92.9,0,209,9.11,0.51,0.02,10.5
2002,186,1230,254.2,35.47,151.59,22.61,20.89,800,1.01,-99.99,-2.24,-2.67,1.04,-99.99,-2.93,90.4,0,209,9.21,0.51,0.03,14.13
2002,186,1300,263.2,33.59,159.43,22.81,19.19,843,1.21,-99.99,-2.12,-2.61,1.37,-99.99,-2.84,89.9,0,210,9.59,0.53,0.05,13.39
2002,186,1330,263.5,39.98,165.51,23.44,18.51,868,1.47,-99.99,-1.98,-2.52,1.53,-99.99,-2.72,89.9,0,207,9.51,0.53,0.04,15.94
2002,186,1400,355.3,51.85,201.04,26.82,21.26,1180,2.33,-99.99,-1.82,-2.45,4.16,-99.99,-2.57,86.9,0,211,9.57,0.54,0.08,20.69
2002,186,1430,368.3,54.08,211.4,29.72,21.86,1242,2.88,-99.99,-1.62,-2.34,4.73,-99.99,-2.42,85.8,0,210,9.59,0.53,0.02,21.59
2002,186,1500,247.4,45.32,141.22,21.91,16.3,875,3.28,-99.99,-1.44,-2.22,2.86,-99.99,-2.3,83.4,0,204,9.9,0.54,0.01,18.11
2002,186,1530,241.9,38.59,122.86,21.24,14.06,847,3.61,-99.99,-1.35,-2.11,2.55,-99.99,-2.19,81.4,0,207,10.06,0.52,0.03,15.44
2002,186,1600,233.2,40.41,131.28,20.55,13.42,816,3.44,-99.99,-1.25,-1.99,2.55,-99.99,-2.08,81.6,0,211,10.22,0.56,0.05,16.16
2002,186,1630,242.4,40.27,138.03,21.27,13.44,837,3.37,-99.99,-1.17,-1.9,2.67,-99.99,-2.01,82.2,0,213,10.01,0.54,0.04,16.1
2002,186,1700,287.3,44,159.85,23.61,15.92,969,3.24,-99.99,-1.08,-1.82,3.39,-99.99,-1.96,83.7,0,211,10.07,0.54,0.05,17.59
2002,186,1730,202.2,31.49,113.31,15.82,9.18,722,3.46,-99.99,-1.01,-1.75,2.55,-99.99,-1.9,82.4,0,208,9.5,0.5,0.05,12.6
2002,186,1800,155.6,26.1,96.42,11.15,4.82,564,3,-99.99,-0.96,-1.67,1.37,-99.99,-1.87,84,0,208,10.18,0.55,0.04,10.43
2002,186,1830,141.8,23.28,87.07,10.03,4.65,514.2,2.83,-99.99,-0.96,-1.62,0.98,-99.99,-1.86,85.4,0,208,9.73,0.52,0.04,9.3
2002,186,1900,121.3,19.38,80.35,8.3,4.01,450.4,2.53,-99.99,-0.98,-1.58,0.59,-99.99,-1.89,88,0,208,8.89,0.51,0.03,7.74
2002,186,1930,90.7,15.58,65.72,4.42,0.65,345.1,2.25,-99.99,-1.02,-1.57,0,-99.99,-1.93,89,0,208,9.2,0.5,0.03,6.22
2002,186,2000,85.6,12.4,55.2,3.41,0,324.1,2.08,-99.99,-1.07,-1.57,-0.3,-99.99,-1.98,89.7,0,209,9.44,0.49,0.02,4.95
2002,186,2030,64.09,8.83,38.8,1.16,-1.92,250.9,1.79,-99.99,-1.13,-1.59,-0.74,-99.99,-2.07,90.6,0,214,8.94,0.45,0.02,3.52
2002,186,2100,56.24,9.75,38.91,0.54,-1.98,214.3,1.75,-99.99,-1.2,-1.61,-0.96,-99.99,-2.13,90.6,0,210,8.94,0.47,0.02,3.89
2002,186,2130,42.03,8.55,34.67,-1.27,-3.58,166.9,1.66,-99.99,-1.27,-1.64,-1.26,-99.99,-2.2,90.8,0,211,9.32,0.51,0.04,3.41
2002,186,2200,38.49,5.3,25.71,-1.83,-3.92,152.9,1.51,-99.99,-1.35,-1.68,-1.59,-99.99,-2.29,92,0,212,9.34,0.47,-0.01,2.12
2002,186,2230,44.92,11.57,27.36,-0.73,-1.73,162.4,1.55,-99.99,-1.42,-1.74,-1.62,-99.99,-2.35,92.8,0,208,8.68,0.49,0.02,4.62
2002,186,2300,32.72,9.13,23.95,-2,-2.92,122.3,1.48,-99.99,-1.5,-1.78,-1.75,-99.99,-2.42,92.5,0,210,8.87,0.48,-0.01,3.64
2002,186,2330,20.34,-99.99,-99.99,-4.44,-5.52,83.8,1.09,-99.99,-1.55,-1.82,-2.32,-99.99,-2.49,94.5,0.1,-99.99,-99.99,-99.99,-99.99,-99.99
2002,187,0,13.08,-99.99,-99.99,-5.99,-7.01,65.87,0.75,-99.99,-1.65,-1.88,-2.72,-99.99,-2.58,95.4,0,-99.99,-99.99,-99.99,-99.99,-99.99
2002,187,30,8.8,-99.99,-99.99,-7.65,-8.19,47.85,0.44,-99.99,-1.75,-1.94,-3.1,-99.99,-2.68,96,0.1,-99.99,-99.99,-99.99,-99.99,-99.99
2002,187,100,8.04,-99.99,-99.99,-7.82,-8.31,44.66,0.25,-99.99,-1.86,-2.01,-3.33,-99.99,-2.76,96.6,0,-99.99,-99.99,-99.99,-99.99,-99.99
2002,187,130,6.97,-99.99,-99.99,-7.74,-7.76,43.31,0.17,-99.99,-1.96,-2.08,-3.36,-99.99,-2.85,97,0.1,-99.99,-99.99,-99.99,-99.99,-99.99
2002,187,200,5.19,-99.99,-99.99,-7.22,-7.26,43.25,0.12,-99.99,-2.06,-2.16,-3.38,-99.99,-2.94,96.8,0,-99.99,-99.99,-99.99,-99.99,-99.99
2002,187,230,6.62,-99.99,-99.99,-6.92,-6.74,47.4,0.11,-99.99,-2.15,-2.24,-3.4,-99.99,-3.01,96.6,0,-99.99,-99.99,-99.99,-99.99,-99.99
2002,187,300,10.8,-99.99,-99.99,-6.12,-5.94,55.37,0.11,-99.99,-2.23,-2.31,-3.39,-99.99,-3.08,96.4,0,-99.99,-99.99,-99.99,-99.99,-99.99
2002,187,330,13.35,-99.99,-99.99,-5.76,-5.46,62.98,0.09,-99.99,-2.3,-2.38,-3.38,-99.99,-3.15,96,0,-99.99,-99.99,-99.99,-99.99,-99.99
2002,187,400,15,-99.99,-99.99,-5.58,-5.07,68.42,0.07,-99.99,-2.36,-2.44,-3.37,-99.99,-3.2,95.9,0,-99.99,-99.99,-99.99,-99.99,-99.99
2002,187,430,21.01,-99.99,-99.99,-4.8,-4.22,80.1,0.09,-99.99,-2.42,-2.49,-3.31,-99.99,-3.24,95.4,0,-99.99,-99.99,-99.99,-99.99,-99.99
2002,187,500,25.78,30.96,0.55,-4.26,-3.49,90.2,0.1,-99.99,-2.46,-2.54,-3.23,-99.99,-3.29,95.2,0,225,6.36,0.33,-99.99,12.33
2002,187,530,28.96,25.19,-4.86,-4.13,-3.24,99.4,0.06,-99.99,-2.5,-2.6,-3.19,-99.99,-3.32,95.3,0,227,6.14,0.35,-99.99,10.03
2002,187,600,44.16,24.76,10.44,-2.24,-0.93,129.8,0.03,-99.99,-2.53,-2.63,-2.97,-99.99,-3.34,95.8,0,233,6.26,0.34,0.05,9.86
2002,187,630,79.4,40.08,32.86,0.56,3.73,230.3,0.01,-99.99,-2.53,-2.66,-2.44,-99.99,-3.33,95.6,0,240,5.91,0.38,0.01,15.96
2002,187,700,108.3,61.77,32.02,2.49,9.05,330.1,-0.04,-99.99,-2.53,-2.68,-1.89,-99.99,-3.32,92.7,0,238,6.23,0.38,0.02,24.59
2002,187,730,119.5,47.19,49.74,3.49,7.78,346.2,-0.27,-99.99,-2.51,-2.7,-1.82,-99.99,-3.3,93,0,234,6.47,0.35,0.01,18.8
2002,187,800,169.7,59.02,85.99,3.94,15.27,609.6,-0.28,-99.99,-2.45,-2.7,-0.95,-99.99,-3.25,92.7,0,233,6.93,0.39,0.01,23.5
2002,187,830,191.2,55.45,115.95,5.04,18.08,705,-0.31,-99.99,-2.4,-2.68,-0.23,-99.99,-3.17,93.1,0,238,6.36,0.44,-0.01,22.06
2002,187,900,214.1,79.43,127.67,8.84,17.63,732,-0.44,-99.99,-2.32,-2.65,0.12,-99.99,-3.09,93.3,0,234,6.46,0.44,0.07,31.58
2002,187,930,258.2,60.75,131.41,12.29,21.76,971,0.22,-99.99,-2.2,-2.61,1.97,-99.99,-2.98,90.6,0,226,6.09,0.34,0.08,24.15
2002,187,1000,297.4,64.1,160.15,12.96,19.09,1116,0.89,-99.99,-2.05,-2.53,3.21,-99.99,-2.83,86.8,0,223,7.06,0.41,0.04,25.5
2002,187,1030,250.1,60.19,110.02,10,11.24,834,0.36,-99.99,-1.92,-2.47,1.4,-99.99,-2.73,90.2,0,229,7.29,0.43,-0.01,23.95
2002,187,1100,340.4,99.03,174.53,13.28,15.69,1158,0.56,-99.99,-1.75,-2.37,4.17,-99.99,-2.59,89.2,0,230,7.05,0.43,0.02,39.42
2002,187,1130,348.3,74.75,183.52,14.4,15.84,1154,0.71,-99.99,-1.59,-2.28,4.41,-99.99,-2.44,84.8,0,232,7.64,0.44,0.04,29.75
2002,187,1200,355.3,95.97,243.18,18.91,18.09,1146,0.62,-99.99,-1.41,-2.17,4.19,-99.99,-2.32,86.4,0,230,7.32,0.49,0.04,38.18
2002,187,1230,350.7,72.16,227.84,15.93,12.85,1133,0.64,-99.99,-1.21,-2.04,4.38,-99.99,-2.17,84.4,0,228,7.94,0.5,0.1,28.7
2002,187,1300,370.4,70.63,229.21,13.68,11.65,1238,0.59,-99.99,-1.03,-1.91,4.89,-99.99,-2.03,85.9,0,230,7.73,0.45,0,28.09
2002,187,1330,463.7,94.92,297.42,18.27,16.75,1492,0.85,-99.99,-0.81,-1.77,7.58,-99.99,-1.84,85,0,236,6.89,0.49,-0.07,37.76
2002,187,1400,427.8,72.74,228.55,13.16,12.05,1403,0.58,-99.99,-0.56,-1.62,7.34,-99.99,-1.69,85.3,0,238,6.62,0.41,0.1,28.94
2002,187,1430,415.3,83.92,291.04,16.79,12.72,1314,0.39,-99.99,-0.34,-1.47,6.59,-99.99,-1.55,86.6,0,236,6.75,0.47,-0.01,33.38
2002,187,1500,397.1,76.91,264.8,14.95,8.72,1298,0.4,-99.99,-0.15,-1.31,6.52,-99.99,-1.42,85.8,0,238,6.68,0.46,-0.02,30.59
2002,187,1530,395.8,61.84,226.98,16.19,6.98,1286,0.22,-99.99,0.02,-1.16,6.37,-99.99,-1.31,86.3,0,236,7.1,0.42,-0.01,24.6
2002,187,1600,376.6,69.57,252.53,19.92,11.81,1217,0.3,-99.99,0.15,-1.04,5.91,-99.99,-1.24,86.5,0,236,6.8,0.42,-0.04,27.67
2002,187,1630,375.2,59.41,230.6,20.27,12.27,1250,0.47,-99.99,0.26,-0.92,5.98,-99.99,-1.17,84.5,0,236,6.71,0.41,0.01,23.64
2002,187,1700,313.4,52.71,199.65,15.93,6.4,1082,0.34,-99.99,0.34,-0.81,4.57,-99.99,-1.13,84.5,0,234,6.74,0.41,0.03,20.97
2002,187,1730,280.1,52.37,204.19,14.45,5.51,946,0.25,-99.99,0.37,-0.72,3.66,-99.99,-1.11,84,0,237,6.87,0.44,0,20.83
2002,187,1800,243.5,46.71,175.55,10.14,1.13,917,0.12,-99.99,0.36,-0.66,3.22,-99.99,-1.12,84.6,0,236,6.31,0.41,0.01,18.58
2002,187,1830,241.9,40.18,156.09,10.52,3.49,898,0.12,-99.99,0.33,-0.64,3.1,-99.99,-1.15,84.5,0,237,6.34,0.38,-0.03,15.98
2002,187,1900,182.5,40.35,146.97,6.63,0.48,728,0.15,-99.99,0.29,-0.62,2.24,-99.99,-1.19,84.4,0,239,5.84,0.41,-0.03,16.05
2002,187,1930,134.4,42.5,112.78,2.54,-1.13,483,-0.19,-99.99,0.2,-0.6,0.52,-99.99,-1.25,84.6,0,248,5.11,0.45,-0.01,16.91
2002,187,2000,112.5,26.15,76.34,-2.02,-8.76,525.8,-0.41,-99.99,0.07,-0.62,0,-99.99,-1.35,86.2,0,241,5.47,0.37,0.01,10.4
2002,187,2030,98.2,20.31,72.25,-1.21,-7.77,478.2,-0.39,-99.99,-0.08,-0.7,-0.19,-99.99,-1.48,85.4,0,238,5.37,0.34,-0.01,8.07
2002,187,2100,98.5,18.31,60.18,-1.18,-5.45,414.9,-0.61,-99.99,-0.24,-0.75,-0.8,-99.99,-1.6,85.9,0,238,5.53,0.35,0.01,7.28
2002,187,2130,94.7,16.42,61.19,-3.66,-8.9,469.2,-0.4,-99.99,-0.4,-0.86,-0.63,-99.99,-1.74,85.5,0,233,5.4,0.32,0.01,6.53
2002,187,2200,54.81,10.77,37.15,-7.87,-11.41,318.5,-0.74,-99.99,-0.56,-0.95,-1.66,-99.99,-1.88,87.5,0,235,5.29,0.31,0,4.28
2002,187,2230,51.46,11.41,39.18,-5.02,-7.98,235.2,-1.21,-99.99,-0.74,-1.05,-2.36,-99.99,-2.01,90.8,0,241,4.62,0.37,0,4.54
2002,187,2300,30.44,6.97,31.42,-7.64,-8.86,155.3,-1.63,-99.99,-0.9,-1.16,-2.86,-99.99,-2.15,93.2,0,242,4.58,0.33,0.01,2.77
2002,187,2330,15.41,4.18,17.11,-9.58,-12.93,111.6,-2.14,-99.99,-1.07,-1.28,-3.62,-99.99,-2.32,95.9,0,238,4.73,0.3,0.01,1.66
2002,188,0,19.12,5.47,20.59,-8.64,-10.61,98.5,-2.11,-99.99,-1.24,-1.41,-3.68,-99.99,-2.46,96.1,0,241,4.62,0.33,0.02,2.17
2002,188,30,5.77,6.62,11.27,-10.99,-9.92,97.3,-2.06,-99.99,-1.41,-1.53,-3.86,-99.99,-2.6,94.9,0,236,4.72,0.3,0.01,2.63
2002,188,100,10.37,8.04,15.04,-9.8,-8.69,73.6,-2.15,-99.99,-1.55,-1.65,-4.06,-99.99,-2.74,94.6,0,239,5.04,0.34,0.02,3.19
2002,188,130,-2.92,4.01,3.84,-11.03,-8.29,75.3,-2.17,-99.99,-1.7,-1.76,-4.25,-99.99,-2.87,96.1,0,228,4.54,0.26,-0.01,1.59
2002,188,200,0.65,5.29,3.02,-11.11,-8.18,70.9,-2.28,-99.99,-1.83,-1.88,-4.35,-99.99,-2.98,96.1,0,233,4.75,0.24,0.01,2.1
2002,188,230,3.73,3.66,3.1,-9.56,-7.72,89.1,-2.23,-99.99,-1.94,-1.98,-4.27,-99.99,-3.06,96.1,0,231,4.99,0.28,0.02,1.45
2002,188,300,-19.14,2.37,-5.34,-10.89,-8.09,96.8,-2.4,-99.99,-2.04,-2.08,-4.57,-99.99,-3.16,95.8,0,229,5.02,0.27,0.01,0.94
2002,188,330,-19.58,-1.04,-7.88,-11.47,-8.71,115.1,-2.46,-99.99,-2.15,-2.18,-4.75,-99.99,-3.26,95.6,0,228,4.53,0.23,0.02,-0.41
2002,188,400,20.65,8.94,6.12,-6.02,-7.55,154.5,-2.07,-99.99,-2.26,-2.28,-4.11,-99.99,-3.4,95.1,0,224,4.89,0.27,0.02,3.55
2002,188,430,-2.68,3.25,0.35,-6.77,-7.59,160.4,-2.25,-99.99,-2.33,-2.35,-4.37,-99.99,-3.51,94.5,0,220,5.27,0.27,0.02,1.29
2002,188,500,10.45,3.79,1.8,-6.66,-8.07,171.6,-2.35,-99.99,-2.42,-2.44,-4.33,-99.99,-3.59,94.8,0,226,5.14,0.27,0.01,1.5
2002,188,530,35.78,10.3,11.44,-3.33,-6.78,260.7,-2.2,-99.99,-2.49,-2.51,-3.89,-99.99,-3.63,93.6,0,230,5.4,0.29,0.02,4.09
2002,188,600,44.63,13.38,14.49,-1.93,-5.96,257,-2.1,-99.99,-2.55,-2.58,-3.69,-99.99,-3.66,92.7,0,230,5.21,0.29,0.01,5.31
2002,188,630,62.85,16.83,25.16,1.33,-4.4,350.8,-1.9,-99.99,-2.6,-2.63,-3.34,-99.99,-3.68,92.9,0,227,5.78,0.33,0.02,6.68
2002,188,700,67.79,15.89,24.17,1.29,-4.09,432,-1.91,-99.99,-2.63,-2.68,-3.13,-99.99,-3.71,91.7,0,224,5.89,0.3,0,6.31
2002,188,730,120.3,28.46,47.16,5.64,0.34,508.3,-1.68,-99.99,-2.66,-2.73,-2.31,-99.99,-3.68,91.9,0,227,5.82,0.33,0.01,11.3
2002,188,800,109.2,25.06,45.71,2.08,6.07,458.4,-1.82,-99.99,-2.65,-2.75,-2.45,-99.99,-3.69,90.6,0,232,5.94,0.34,0,9.95
2002,188,830,108.5,26.42,51.22,-1.15,3.82,469.4,-1.96,-99.99,-2.65,-2.77,-2.59,-99.99,-3.71,91.6,0,231,6.28,0.37,0,10.49
2002,188,900,219.4,52.72,110.05,7.4,21.32,921,-1.23,-99.99,-2.6,-2.76,-0.12,-99.99,-3.62,88.1,0,231,5.65,0.34,-0.03,20.93
2002,188,930,246.9,59.56,130.83,8.22,18.21,964,-1.07,-99.99,-2.5,-2.74,0.73,-99.99,-3.53,87.2,0,230,6.17,0.36,0.01,23.65
2002,188,1000,269.2,62.25,162.85,10.2,18.5,983,-0.86,-99.99,-2.37,-2.71,1.83,-99.99,-3.41,86.6,0,233,5.81,0.37,-0.03,24.72
2002,188,1030,312.3,61.93,182.39,11.86,17.33,1098,-0.87,-99.99,-2.2,-2.64,2.75,-99.99,-3.27,87.6,0,236,6.41,0.41,-0.01,24.6
2002,188,1100,255.1,49.52,117.36,8,14.44,854,-0.96,-99.99,-2.03,-2.57,1.96,-99.99,-3.13,90.8,0,239,5.67,0.33,-0.01,19.67
2002,188,1130,336.5,58.52,161.68,12.91,17.08,1119,-0.72,-99.99,-1.85,-2.47,3.9,-99.99,-2.99,88.1,0,235,5.91,0.36,0.02,23.25
2002,188,1200,292.6,44.79,156.07,8.29,11.39,1002,-0.52,-99.99,-1.64,-2.35,3.7,-99.99,-2.82,86.4,0,239,6,0.35,0,17.8
2002,188,1230,351.1,55.84,180.91,11.23,11.14,1182,-0.08,-99.99,-1.44,-2.22,5.39,-99.99,-2.64,85.4,0,237,5.82,0.35,0.02,22.2
2002,188,1300,391.3,77.66,243.55,19.03,17.6,1246,0.2,-99.99,-1.2,-2.08,6.58,-99.99,-2.45,85.2,0,233,5.58,0.35,-0.05,30.88
2002,188,1330,420.7,66.63,228.28,15.49,13.38,1401,0.3,-99.99,-0.91,-1.91,7.73,-99.99,-2.27,84,0,238,5.6,0.38,-0.02,26.49
2002,188,1400,397.1,64.93,220.68,18.98,12.08,1335,0.15,-99.99,-0.64,-1.74,7.37,-99.99,-2.08,84.7,0,235,5.43,0.32,0,25.82
2002,188,1430,434.8,81.41,250.35,27.44,21.63,1391,0.25,-99.99,-0.36,-1.56,8.34,-99.99,-1.89,85,0,239,4.59,0.35,0.01,32.36
2002,188,1500,390.1,77.57,239.5,24.88,19.28,1300,0.16,-99.99,-0.09,-1.37,7.91,-99.99,-1.71,85.1,0,237,4.51,0.34,0.03,30.83
2002,188,1530,397.2,71.71,237.52,26.04,19.16,1306,0.11,-99.99,0.16,-1.19,8.36,-99.99,-1.52,85.5,0,235,4.25,0.28,-0.07,28.5
2002,188,1600,353,59.84,207.5,17.79,10.9,1206,-0.15,-99.99,0.36,-1.01,7.37,-99.99,-1.41,85.5,0,243,4.09,0.29,-0.05,23.78
2002,188,1630,322.8,58.71,181.36,16.18,11.21,1132,-0.08,-99.99,0.53,-0.84,6.86,-99.99,-1.28,85.8,0,255,3.6,0.34,0,23.33
2002,188,1700,298.3,64.58,213.4,10.42,4.49,1100,-0.26,-99.99,0.66,-0.68,5.99,-99.99,-1.21,86.7,0,258,3.69,0.38,-0.04,25.67
2002,188,1730,245.2,52.86,166.14,7.25,1.62,951,-0.51,-99.99,0.76,-0.54,4.93,-99.99,-1.17,87.7,0,267,3.33,0.36,-0.04,21
2002,188,1800,246.9,37.87,134.58,11.32,5.49,994,-0.45,-99.99,0.82,-0.46,5.12,-99.99,-1.16,87.4,0,260,2.89,0.28,-0.05,15.05
2002,188,1830,225.2,41.16,147.16,10.33,5.76,955,-0.41,-99.99,0.87,-0.37,4.71,-99.99,-1.16,87,0,257,2.82,0.26,-0.07,16.35
2002,188,1900,169,33.85,115.73,3.57,-1.94,796,-0.53,-99.99,0.91,-0.29,3.88,-99.99,-1.19,86.9,0,267,2.66,0.28,-0.03,13.45
2002,188,1930,161.1,29.49,101.13,3.61,-3.34,783,-0.57,-99.99,0.86,-0.25,3.56,-99.99,-1.23,87.1,0,277,2.74,0.23,-0.04,11.71
2002,188,2000,122,23.3,83.59,2.58,-2.58,568.8,-0.92,-99.99,0.77,-0.22,2.01,-99.99,-1.3,89.5,0,267,2.42,0.23,-0.01,9.25
2002,188,2030,82.8,14.72,54.34,-1.97,-5.85,396.7,-1.39,-99.99,0.63,-0.22,0.41,-99.99,-1.4,91.4,0,267,2.12,0.19,-0.02,5.84
2002,188,2100,79.7,19.52,65.62,-1.76,-3.92,350,-1.49,-99.99,0.48,-0.25,-0.07,-99.99,-1.49,93.3,0,289,2.16,0.21,-0.04,7.75
2002,188,2130,72.5,12.02,42.18,-1.14,-2.71,307.7,-1.61,-99.99,0.31,-0.33,-0.48,-99.99,-1.62,94.1,0,275,1.81,0.2,-0.02,4.77
2002,188,2200,47.78,8.67,34.6,-3.94,-5.53,226.4,-1.9,-99.99,0.15,-0.42,-1.17,-99.99,-1.75,93.5,0,260,1.54,0.15,-0.01,3.44
2002,188,2230,34.97,10.99,31.61,-4.79,-7.11,161.9,-2.13,-99.99,-0.03,-0.52,-1.78,-99.99,-1.89,95.6,0,280,1.37,0.14,-0.01,4.36
2002,188,2300,24.22,9.02,23.17,-6.58,-9.34,126.8,-2.25,-99.99,-0.2,-0.63,-2.22,-99.99,-2.02,96.3,0,147,1.41,0.12,0,3.58
2002,188,2330,14.05,7.06,14.72,-10.57,-11.76,100.1,-2.51,-99.99,-0.37,-0.75,-2.78,-99.99,-2.18,96.7,0,14,1.45,0.09,0.01,2.8
2002,189,0,-1.93,2.84,5.86,-12.35,-14.67,84,-2.96,-99.99,-0.56,-0.86,-3.68,-99.99,-2.34,97.3,0,25,1.41,0.05,0.01,1.13
2002,189,30,1.02,3.2,4.49,-11.64,-11.77,80.6,-3,-99.99,-0.77,-1,-3.78,-99.99,-2.5,97.7,0,42.5,1.21,0.05,0.01,1.27
2002,189,100,-1.86,3.56,3.13,-12.28,-10.33,78.2,-2.92,-99.99,-0.97,-1.14,-3.99,-99.99,-2.66,96.3,0,60,1.01,0.05,0.02,1.41
2002,189,130,-9.96,1.74,1.44,-14.38,-9.93,60.06,-3.3,-99.99,-1.15,-1.28,-4.44,-99.99,-2.81,96.2,0,206.5,0.86,0.04,0.01,0.69
2002,189,200,-11.81,-0.08,-0.24,-16.19,-9.48,51.72,-3.46,-99.99,-1.33,-1.42,-4.51,-99.99,-2.96,96.7,0,353,0.7,0.04,0.01,-0.03
2002,189,230,-0.67,2.28,5.11,-14.27,-9.29,54.77,-3.38,-99.99,-1.49,-1.55,-4.47,-99.99,-3.09,97.2,0,13,1.49,0.1,0.02,0.91
2002,189,300,9.06,5.59,12.79,-11.55,-9,51.45,-3.54,-99.99,-1.63,-1.67,-4.52,-99.99,-3.19,97.7,0,72,2.17,0.13,0.01,2.22
2002,189,330,11.22,4.44,10.81,-11.83,-9.37,70.3,-3.69,-99.99,-1.76,-1.79,-4.54,-99.99,-3.31,97.8,0,57,1.94,0.12,0.01,1.76
2002,189,400,13.75,3.58,9.53,-12.55,-9.85,98,-3.63,-99.99,-1.88,-1.91,-4.55,-99.99,-3.41,97.2,0,42,2.23,0.12,0.01,1.42
2002,189,430,14.74,2.42,6.28,-13.57,-11.67,174,-3.68,-99.99,-2,-2,-4.55,-99.99,-3.5,96.7,0,23,1.99,0.1,0.01,0.96
2002,189,500,34.25,7.29,17.21,-9.1,-10.57,214.6,-3.43,-99.99,-2.1,-2.1,-3.93,-99.99,-3.55,95.8,0,27,2.29,0.13,0,2.89
2002,189,530,42.76,10.53,24.63,-6.87,-7.51,211,-3.61,-99.99,-2.18,-2.2,-3.86,-99.99,-3.61,97,0,21,2.45,0.17,0,4.17
2002,189,600,58.46,10.86,24.07,-2.2,-4.62,251.2,-3.51,-99.99,-2.26,-2.28,-3.53,-99.99,-3.66,97.2,0,18,2.75,0.17,-0.01,4.31
2002,189,630,70.6,16.61,36.77,-0.48,-2.65,291.6,-3.54,-99.99,-2.32,-2.36,-3.29,-99.99,-3.7,97,0,30,2.99,0.19,-0.02,6.59
2002,189,700,80.3,21.09,48.73,1.31,0.44,402.3,-3.44,-99.99,-2.35,-2.42,-2.72,-99.99,-3.72,96.5,0,34,3.19,0.19,-0.02,8.36
2002,189,730,102.2,25.86,64.74,4.98,5.95,511.4,-3.22,-99.99,-2.37,-2.47,-1.95,-99.99,-3.7,95.8,0,44,3.37,0.19,-0.04,10.25
2002,189,800,118.5,35.54,110.8,6.94,15.33,642.7,-2.97,-99.99,-2.32,-2.5,-0.82,-99.99,-3.7,95,0,30,3.38,0.26,-0.08,14.09
2002,189,830,144.1,35.78,120.93,4.87,24.3,841,-2.48,-99.99,-2.26,-2.51,0.98,-99.99,-3.65,93.2,0,24,3.33,0.22,-0.04,14.18
2002,189,900,128.1,26.96,98.46,-0.76,10.54,705,-2.38,-99.99,-2.18,-2.49,0.23,-99.99,-3.57,92.9,0,25,3.37,0.23,-0.05,10.69
2002,189,930,212,39.36,130.12,7.84,19.3,915,-2.03,-99.99,-2.04,-2.45,2.18,-99.99,-3.47,93.2,0,21,3.45,0.22,-0.06,15.61
2002,189,1000,242.2,44.3,145.39,7.64,18.11,980,-1.84,-99.99,-1.86,-2.39,3.26,-99.99,-3.36,92.7,0,21,3.9,0.22,-0.06,17.57
2002,189,1030,229.2,36.57,129.35,5.46,9.33,927,-1.65,-99.99,-1.68,-2.31,2.86,-99.99,-3.24,92.5,0,17,4.09,0.27,-0.05,14.51
2002,189,1100,313.2,61.55,201.23,13.32,16.7,1169,-1.31,-99.99,-1.48,-2.21,5.14,-99.99,-3.08,91.8,0,22,3.92,0.27,-99.99,24.43
2002,189,1130,291.3,56.64,167.4,8.08,13.52,1127,-0.69,-99.99,-1.25,-2.09,6.3,-99.99,-2.85,89.8,0,26,3.88,0.27,-99.99,22.49
2002,189,1200,362.7,57.08,175.25,9.38,12.19,1316,-0.45,-99.99,-0.98,-1.93,7.67,-99.99,-2.66,89.8,0,22,4.05,0.25,-0.06,22.68
2002,189,1230,336.2,66.92,203.65,7.32,7.5,1239,-0.14,-99.99,-0.69,-1.76,7.76,-99.99,-2.43,89.3,0,22,4.18,0.3,-0.07,26.59
2002,189,1300,319.2,62.16,180.08,5.29,4.63,1179,-0.15,-99.99,-0.44,-1.58,7.14,-99.99,-2.27,89.8,0,19,4.33,0.29,-0.07,24.71
2002,189,1330,336.5,70.16,213.14,6.02,4.38,1225,0.14,-99.99,-0.19,-1.4,7.47,-99.99,-2.12,89.4,0,16,4.67,0.32,-0.08,27.9
2002,189,1400,414.9,80.91,235.45,12.25,9.43,1432,0.58,-99.99,0.06,-1.23,9.35,-99.99,-1.93,88.6,0,18,4.66,0.32,-0.07,32.19
2002,189,1430,410.2,76.18,219.87,13.76,10.64,1408,0.83,-99.99,0.34,-1.04,9.53,-99.99,-1.69,88.1,0,19,4.68,0.3,-0.05,30.32
2002,189,1500,392.1,75.28,212.29,13.19,8.33,1349,0.64,-99.99,0.59,-0.86,9.27,-99.99,-1.57,89.1,0,24,4.75,0.28,-0.05,29.96
2002,189,1530,224.8,43.58,135.36,1.48,-5.26,870,0.25,-99.99,0.73,-0.67,5.06,-99.99,-1.51,90.7,0,29,4.74,0.3,-0.01,17.34
2002,189,1600,327.1,69.73,209.94,11.94,4.32,1152,0.58,-99.99,0.81,-0.52,6.59,-99.99,-1.4,90.3,0,28,4.76,0.33,-0.09,27.75
2002,189,1630,296.2,54.43,162.14,11.57,5.04,1052,0.68,-99.99,0.88,-0.42,6.21,-99.99,-1.32,90,0,26,4.82,0.27,-0.01,21.67
2002,189,1700,243.8,43.43,133.72,10.03,4.39,861,0.54,-99.99,0.92,-0.31,4.21,-99.99,-1.35,90.8,0,18,5.13,0.31,-0.04,17.29
2002,189,1730,246.9,48.36,145.85,12.61,8.02,820,0.74,-99.99,0.92,-0.24,4.02,-99.99,-1.33,90.3,0,19,5.31,0.33,-0.03,19.25
2002,189,1800,181.3,40.32,120.14,6.87,3.06,626.8,0.83,-99.99,0.89,-0.19,2.94,-99.99,-1.36,90.2,0,19,5.18,0.32,-0.04,16.06
2002,189,1830,170,36.39,105.16,7.95,2.52,580.8,0.89,-99.99,0.81,-0.19,2.48,-99.99,-1.39,90.8,0,23,5.01,0.31,-0.04,14.5
2002,189,1900,171.1,39.52,113.13,8.15,4.88,569.1,1.09,-99.99,0.75,-0.19,2.45,-99.99,-1.42,90.8,0,16,4.91,0.33,-0.04,15.75
2002,189,1930,111.1,25.33,74.63,1.65,-1.5,402.5,1,-99.99,0.65,-0.22,1.42,-99.99,-1.49,91.2,0,21,4.82,0.3,-0.02,10.09
2002,189,2000,93.6,19.91,56.96,0.47,-3.29,338.5,0.84,-99.99,0.54,-0.24,0.68,-99.99,-1.55,92.4,0,14,4.8,0.27,-0.01,7.94
2002,189,2030,63.92,15.08,43.81,-2.15,-5.16,240.6,0.75,-99.99,0.4,-0.29,0.01,-99.99,-1.6,93,0,14,4.69,0.28,0,6.01
2002,189,2100,57.95,14.62,40.66,-1.71,-4.9,215.3,0.75,-99.99,0.25,-0.36,-0.37,-99.99,-1.74,93.6,0,14,4.48,0.28,0,5.83
2002,189,2130,45.88,13.02,37.27,-3.67,-5.57,203.4,0.76,-99.99,0.12,-0.43,-0.67,-99.99,-1.58,93.7,0,9,4.58,0.31,0.01,5.19
2002,189,2200,38.41,8.47,23.19,-4.67,-8.34,202.4,0.7,-99.99,-0.05,-0.53,-1.16,-99.99,-1.89,94.3,0,14,4.56,0.28,0,3.38
2002,189,2230,53.2,10.92,33.42,-2.42,-3.02,218.7,0.86,-99.99,-0.2,-0.64,-0.6,-99.99,-2.08,93.7,0,15,4.59,0.28,0,4.35
2002,189,2300,10.04,3.94,11.05,-7.47,-9.65,141.3,0.55,-99.99,-0.35,-0.74,-1.87,-99.99,-2.26,95,0,14,4.06,0.26,0.02,1.57
2002,189,2330,-4,-0.33,-1.64,-9.34,-12.36,132.3,0.44,-99.99,-0.52,-0.84,-2.52,-99.99,-2.4,95.6,0,16,3.93,0.23,0.02,-0.13
2002,190,0,-12.93,-2.09,-6.9,-10.15,-13.27,118.6,0.4,-99.99,-0.69,-0.95,-2.97,-99.99,-2.54,95.6,0,17,3.95,0.21,0.02,-0.83
2002,190,30,-15.88,-3.34,-11.36,-10.51,-13.65,96.3,0.18,-99.99,-0.9,-1.08,-3.4,-99.99,-2.68,96.5,0,22,3.45,0.19,0.02,-1.33
2002,190,100,-8.4,-2.88,-10.84,-9.65,-12.18,104.2,0.22,-99.99,-1.07,-1.21,-3.35,-99.99,-2.84,96.6,0,18,3.65,0.2,0.02,-1.15
2002,190,130,10.83,-0.61,-6,-6.64,-8.51,123.8,0.46,-99.99,-1.24,-1.34,-3,-99.99,-2.96,95.4,0,26,3.77,0.22,0.02,-0.24
2002,190,200,28.91,4.42,4.64,-2.51,-2.55,135,0.73,-99.99,-1.33,-1.44,-2.35,-99.99,-3.02,94.9,0,16,3.72,0.22,0.01,1.76
2002,190,230,18.05,5.58,8.48,-3.32,-1.61,89.5,0.73,-99.99,-1.43,-1.55,-2.31,-99.99,-3.14,95.4,0,18,3.75,0.23,0.02,2.23
2002,190,300,16.52,5.16,8.81,-3.82,-2.79,79.2,0.64,-99.99,-1.5,-1.64,-2.41,-99.99,-3.19,95.8,0,16,3.78,0.24,0.02,2.06
2002,190,330,19.43,6.4,11.91,-4,-2.61,90.2,0.6,-99.99,-1.56,-1.72,-2.37,-99.99,-3.24,96,0,13,3.85,0.25,0.02,2.55
2002,190,400,19.41,5.38,10.43,-3.94,-2.67,86.7,0.6,-99.99,-1.62,-1.78,-2.38,-99.99,-3.28,96,0,18,3.83,0.23,0.02,2.14
2002,190,430,18.91,5.33,12.28,-4.11,-3.2,82.5,0.61,-99.99,-1.69,-1.85,-2.43,-99.99,-3.3,96,0,30,4.19,0.26,0.02,2.12
2002,190,500,38.85,6.63,17.88,-1.16,0.2,130.6,0.74,-99.99,-1.73,-1.9,-1.99,-99.99,-3.32,96.2,0,31,3.92,0.24,0,2.64
2002,190,530,25.52,4.99,12.68,-2.92,-0.66,105.1,0.69,-99.99,-1.76,-1.95,-2.03,-99.99,-3.33,97.2,0,21,2.95,0.18,0.01,1.99
2002,190,600,28.78,5.28,13.99,-2.57,-0.93,109.5,0.63,-99.99,-1.79,-1.99,-2.1,-99.99,-3.37,97.9,0,22,2.81,0.2,-0.03,2.1
2002,190,630,37.72,5.03,13.71,-1.7,0.84,133.4,0.64,-99.99,-1.8,-2.03,-1.84,-99.99,-3.37,98.3,0,17,3.04,0.18,-0.04,2
2002,190,700,30.08,5.56,16.68,-3.32,-1.41,111.7,0.56,-99.99,-1.82,-2.06,-2.08,-99.99,-3.37,98.6,0,12,3.03,0.21,-0.04,2.21
2002,190,730,51.16,6.55,20.23,-0.48,1.85,166.1,0.64,-99.99,-1.83,-2.08,-1.68,-99.99,-3.37,98.7,0,180,3.15,0.19,-0.09,2.61
2002,190,800,63.17,7.54,23.79,0.71,4.98,199.9,0.64,-99.99,-1.83,-2.08,-1.25,-99.99,-3.31,98.8,0,348,3.27,0.18,-0.14,3
2002,190,830,71.5,15.91,31.35,1.04,4.34,220.9,0.71,-99.99,-1.81,-2.1,-1.27,-99.99,-3.31,98.8,0,336,3.65,0.22,-0.09,6.34
2002,190,900,88.8,16.49,34.28,2.53,6.93,271.8,0.79,-99.99,-1.77,-2.1,-0.79,-99.99,-3.25,98.8,0,339,3.79,0.22,-0.1,6.57
2002,190,930,116.5,24.2,53.16,5.53,11.22,347.6,0.84,-99.99,-1.72,-2.09,-0.05,-99.99,-3.21,98.7,0,345,3.61,0.22,-0.11,9.65
2002,190,1000,141.9,25.72,54.23,7.76,15.83,418,1.02,-99.99,-1.62,-2.06,0.88,-99.99,-3.14,98,0,345,3.62,0.2,-0.05,10.26
2002,190,1030,153,30.39,68.02,9.82,17.15,454.6,1.08,-99.99,-1.51,-2.03,1.31,-99.99,-3.06,97.3,0,342,3.23,0.21,-0.09,12.12
2002,190,1100,220.7,44.23,107.87,17.76,27.75,630.4,1.46,-99.99,-1.34,-1.97,3.13,-99.99,-2.91,96.3,0,346,3.19,0.19,-0.11,17.65
2002,190,1130,185.3,42.13,102.73,16.49,24.85,549.6,1.63,-99.99,-1.16,-1.89,3.35,-99.99,-2.82,95.4,0,351,2.47,0.19,-0.11,16.82
2002,190,1200,160.1,30.86,74.59,13.89,19.15,496,1.49,-99.99,-0.99,-1.77,2.87,-99.99,-2.69,95.3,0,329,2.06,0.08,-0.07,12.32
2002,190,1230,173.2,37.55,82.46,14.02,17.38,540.8,1.22,-99.99,-0.81,-1.65,2.86,-99.99,-2.55,96.2,0,303,2.6,0.17,-0.07,14.99
2002,190,1300,190.5,39.39,90.59,15.63,21.07,602.8,1.29,-99.99,-0.66,-1.54,3.55,-99.99,-2.43,96.2,0,298,2.6,0.17,-0.07,15.72
2002,190,1330,189.1,45.44,109.83,14.26,18.71,604.1,1.21,-99.99,-0.51,-1.44,3.53,-99.99,-2.32,96.2,0,297,2.88,0.23,-0.08,18.13
2002,190,1400,221.6,49.28,122.31,17.63,21.13,685.7,1.33,-99.99,-0.38,-1.33,4.11,-99.99,-2.21,96.2,0,295,2.97,0.24,-0.08,19.67
2002,190,1430,268.7,67.74,175.62,22.66,26.17,855,1.65,-99.99,-0.18,-1.22,5.77,-99.99,-2.06,94.7,0,299,2.88,0.26,-0.11,27.04
2002,190,1500,304.1,71.58,186.22,24.48,27.26,994,1.77,-99.99,0.06,-1.1,7.12,-99.99,-1.87,93.3,0,296,3.14,0.26,-0.11,28.57
2002,190,1530,280,62.63,166.94,17.48,16.85,954,1.79,-99.99,0.27,-0.96,7.16,-99.99,-1.7,92.5,0,299,3.05,0.24,-0.08,24.99
2002,190,1600,263.1,65.83,171.93,15.5,13.5,923,1.73,-99.99,0.48,-0.8,6.98,-99.99,-1.54,92.9,0,295,3.2,0.25,-0.07,26.27
2002,190,1630,208,40.44,109.41,9.26,7.6,762,1.52,-99.99,0.62,-0.64,5.74,-99.99,-1.43,93.9,0,291,3.07,0.23,-0.04,16.12
2002,190,1700,232.7,56.43,153.85,13.09,9.79,806,1.52,-99.99,0.71,-0.51,5.03,-99.99,-1.37,94.1,0,292,3.51,0.3,-0.07,22.5
2002,190,1730,253.2,54.15,154.54,12.84,11.08,901,1.66,-99.99,0.81,-0.41,6.18,-99.99,-1.3,92.7,0,296,3.7,0.29,-0.08,21.59
2002,190,1800,252.9,43.9,129.9,12.82,9.72,905,1.68,-99.99,0.87,-0.33,6.16,-99.99,-1.26,92.1,0,300,3.78,0.27,-0.09,17.5
2002,190,1830,197.2,33.65,105.25,8.67,6.37,699.7,1.25,-99.99,0.94,-0.23,4.26,-99.99,-1.2,93.7,0,304,3.86,0.25,-0.11,13.41
2002,190,1900,166.6,35.08,71.38,7.08,5.04,577.1,0.9,-99.99,0.95,-0.15,3.01,-99.99,-1.19,96.4,0,311,3.55,0.22,-0.06,13.98
2002,190,1930,149.7,28.65,93.02,4.85,3.19,514.4,0.78,-99.99,0.91,-0.1,2.4,-99.99,-1.22,96.4,0,314,3.74,0.24,-0.15,11.42
2002,190,2000,91.4,21.63,51.57,-1.14,-3.47,340.1,0.17,-99.99,0.83,-0.1,0.83,-99.99,-1.31,97.1,0,317,3.31,0.21,-0.08,8.61
2002,190,2030,103.9,25.54,57.3,0.86,-0.89,369.1,-0.05,-99.99,0.72,-0.11,0.68,-99.99,-1.38,97.7,0,315,3.3,0.23,-0.08,10.16
2002,190,2100,90.6,19.27,48.21,-1.15,-3.19,352.3,-0.23,-99.99,0.58,-0.15,0.26,-99.99,-1.48,97.7,0,318,2.89,0.17,-0.06,7.67
2002,190,2130,75.7,14.98,36.2,-2.13,-3.13,308.3,-0.3,-99.99,0.44,-0.21,-0.02,-99.99,-1.6,97.4,0,313.5,2.44,0.15,-0.05,5.96
2002,190,2200,55.81,10.69,24.2,-4.87,-5.67,274.5,-0.47,-99.99,0.29,-0.29,-0.29,-99.99,-1.71,97.3,0,309,1.98,0.12,-0.03,4.25
2002,190,2230,31.51,7.14,18.73,-7.59,-10.04,197.4,-0.78,-99.99,0.12,-0.37,-1.38,-99.99,-1.85,97.6,0,303,1.99,0.15,-0.03,2.84
2002,190,2300,18.84,2.8,10,-9.69,-11.79,171.7,-0.96,-99.99,-0.06,-0.47,-1.98,-99.99,-1.99,97.8,0,323,1.97,0.11,-0.01,1.12
2002,190,2330,3.76,0.83,1.32,-11.54,-14.12,120.4,-1.13,-99.99,-0.25,-0.58,-2.68,-99.99,-2.15,97.7,0,324,1.55,0.07,0,0.33
2002,191,0,-3.78,-0.44,-0.79,-12.7,-15.71,93.4,-1.21,-99.99,-0.45,-0.71,-3.19,-99.99,-2.31,97.6,0,326,1.65,0.07,0.01,-0.18
2002,191,30,-9.09,2.98,1.1,-15.9,-13.47,77.5,-1.32,-99.99,-0.67,-0.84,-3.65,-99.99,-2.5,97.5,0,238,0.7,0.07,0.02,1.18
2002,191,100,1.52,0.31,0.29,-13.97,-10.91,76.2,-1.6,-99.99,-0.87,-0.99,-3.74,-99.99,-2.66,97,0,265,0.7,0.05,0,0.12
2002,191,130,11.55,-2.36,-0.51,-15.02,-11.05,69.4,-1.56,-99.99,-1.06,-1.13,-4.03,-99.99,-2.85,97.8,0,292,0.7,0.03,-0.01,-0.94
2002,191,200,12.11,-0.41,-0.17,-14.27,-10.84,62.81,-1.75,-99.99,-1.23,-1.27,-4.09,-99.99,-2.98,97.9,0,230,0.91,0.04,-0.01,-0.16
2002,191,230,37.32,-0.57,-0.63,-15.92,-13.39,94.9,-1.36,-99.99,-1.39,-1.39,-4.49,-99.99,-3.11,97.4,0,117.5,1.08,0.05,0,-0.22
2002,191,300,54.66,-0.72,-1.09,-11.4,-14.72,130.5,-0.88,-99.99,-1.54,-1.52,-4.29,-99.99,-3.22,95.2,0,5,1.25,0.05,0,-0.29
2002,191,330,61.45,0.01,-1.06,-9.11,-14.62,165.6,-0.72,-99.99,-1.65,-1.63,-3.99,-99.99,-3.32,94.4,0,6,1.8,0.07,0.01,0.01
2002,191,400,66.73,0.87,-1.35,-7.01,-13.76,222.3,-0.21,-99.99,-1.76,-1.73,-3.63,-99.99,-3.35,93.2,0,7,1.37,0.13,0,0.35
2002,191,430,67.87,1.52,3.15,-4.05,-10.73,306.9,0.13,-99.99,-1.86,-1.83,-2.96,-99.99,-3.33,91.9,0,37,1.4,0.11,0,0.61
2002,191,500,73.1,4.73,13.13,-2.37,-9.57,347.8,-0.02,-99.99,-1.96,-1.93,-2.38,-99.99,-3.48,91.2,0,95,1.55,0.08,0,1.88
2002,191,530,75.6,14.26,32.87,4.01,-1.66,407.6,0.24,-99.99,-2.01,-2.02,-1.22,-99.99,-3.53,90.7,0,89,1.86,0.12,-0.02,5.67
2002,191,600,52.05,8.03,21.87,-0.71,-1.37,388.4,-0.1,-99.99,-2.07,-2.09,-1.74,-99.99,-3.61,92.2,0,58,3.01,0.17,-0.01,3.19
2002,191,630,106.7,23.01,64.01,9.33,17.46,570.6,0.29,-99.99,-2.11,-2.16,0.08,-99.99,-3.59,90.8,0,70,2.47,0.17,-0.06,9.15
2002,191,700,117.2,16.85,55.79,8.42,19.91,469.7,0.4,-99.99,-2.1,-2.22,0.21,-99.99,-3.57,91.6,0,83,2.99,0.17,-0.04,6.71
2002,191,730,104.5,16.85,53.81,6.45,17.07,416.5,0.83,-99.99,-2.06,-2.25,0.05,-99.99,-3.59,92.4,0,86,3,0.17,-0.04,6.71
2002,191,800,125.3,19.59,64.93,10.86,22.04,460.3,1.7,-99.99,-1.99,-2.26,1.11,-99.99,-3.51,91.8,0,76,2.69,0.18,-0.05,7.82
2002,191,830,119.4,18.01,60.08,10.26,20.58,430.8,2.22,-99.99,-1.85,-2.22,1.58,-99.99,-3.41,90.8,0,76,3.07,0.17,-0.04,7.19
2002,191,900,90.8,11.5,42.2,4.31,9.05,329.2,1.63,-99.99,-1.75,-2.17,0.41,-99.99,-3.36,92.4,0,73,3.61,0.19,-0.02,4.59
2002,191,930,73.5,8.52,32.77,2.36,5.65,273.3,1.51,-99.99,-1.67,-2.11,-0.02,-99.99,-3.17,92.7,0,75,3.57,0.18,-0.01,3.4
2002,191,1000,98.8,11.41,40.77,6.12,9.14,338.2,1.64,-99.99,-1.62,-2.06,0.37,-99.99,-2.8,92.8,0,73,3.65,0.2,-0.02,4.55
2002,191,1030,127.7,20.8,71.62,10.09,14.95,420.6,2.14,-99.99,-1.55,-2.02,1.34,-99.99,-2.7,91.6,0,75,3.97,0.24,-0.04,8.3
2002,191,1100,154.5,20.44,74.12,13.28,19.21,491.2,2.28,-99.99,-1.45,-1.98,2.14,-99.99,-2.6,91.2,0,75,4.11,0.24,-0.04,8.16
2002,191,1130,187.3,36.62,117.59,17.27,23.04,584.4,2.9,-99.99,-1.34,-1.93,3.11,-99.99,-2.5,90.1,0,80,4.2,0.27,-0.05,14.63
2002,191,1200,202.8,33.31,113.73,20.29,27.59,651.2,3.81,-99.99,-1.19,-1.86,4.44,-99.99,-2.34,88,0,80,3.98,0.26,-0.06,13.33
2002,191,1230,361.7,73.18,224.22,28.16,36.35,1226,5.22,-99.99,-0.95,-1.77,9.71,-99.99,-2.09,85.1,0,77,4.19,0.3,-0.06,29.33
2002,191,1300,295.1,62.05,200.04,19.51,26.04,1100,5.13,-99.99,-0.64,-1.64,9.33,-99.99,-1.87,84.6,0,69,4.3,0.3,-0.04,24.87
2002,191,1330,298.7,49.19,169.97,15.05,15.8,1111,4.45,-99.99,-0.36,-1.45,8.31,-99.99,-1.66,86.8,0,70.5,4.44,0.29,-0.04,19.71
2002,191,1400,293.7,36.33,139.9,19.84,21.64,1086,4.87,-99.99,-0.09,-1.28,8.83,-99.99,-1.4,85.6,0,72,4.58,0.27,-0.05,14.55
2002,191,1430,291.7,38.09,144.7,22.27,23.55,1028,4.57,-99.99,0.12,-1.1,7.77,-99.99,-1.25,86.8,0,69,4.89,0.3,-0.06,15.26
2002,191,1500,323.9,45.17,158.72,24.03,24.57,1089,4.84,-99.99,0.32,-0.93,8.33,-99.99,-1.08,86.4,0,68,5.27,0.33,-0.04,18.1
2002,191,1530,221.8,24.82,95.11,16.06,15.09,786,4.36,-99.99,0.46,-0.76,6.06,-99.99,-0.96,87.4,0,71,5.26,0.3,-0.02,9.94
2002,191,1600,307.5,35.43,139.45,22.8,20.79,1027,4.41,-99.99,0.57,-0.63,7.2,-99.99,-0.85,87.5,0,72,5.48,0.32,-0.04,14.19
2002,191,1630,207.6,26.14,106.62,15.25,14.95,738,4.36,-99.99,0.65,-0.51,5.5,-99.99,-0.76,87.5,0,75,5.78,0.33,-0.02,10.47
2002,191,1700,248.9,33.83,134,18.11,17.15,835,4.32,-99.99,0.7,-0.41,5.84,-99.99,-0.71,87.7,0,74,5.8,0.37,-0.03,13.55
2002,191,1730,207.1,28.78,114.95,12.37,9.85,767,4.17,-99.99,0.73,-0.34,5.34,-99.99,-0.66,87.8,0,77,5.86,0.36,-0.02,11.52
2002,191,1800,186.7,22.23,90.81,10.6,8.58,673.3,3.84,-99.99,0.74,-0.27,4.19,-99.99,-0.64,88.7,0,76,5.85,0.35,-0.03,8.9
2002,191,1830,288.8,37.59,148.19,13.03,13.27,1020,4.35,-99.99,0.76,-0.26,6.62,-99.99,-0.61,86.3,0,75,5.99,0.35,-0.03,15.05
2002,191,1900,227.3,34.16,137.17,9.66,6.77,863,4.27,-99.99,0.78,-0.22,5.6,-99.99,-0.63,86.1,0,76,6.01,0.39,0,13.68
2002,191,1930,195.6,25.97,107.33,7.73,4.48,755,4.12,-99.99,0.78,-0.18,4.88,-99.99,-0.64,86.1,0,73,5.88,0.37,0,10.4
2002,191,2000,111.9,12.93,55.13,1.66,-1.58,495.2,3.67,-99.99,0.71,-0.14,3,-99.99,-0.68,87.9,0,72,5.08,0.32,0,5.18
2002,191,2030,77.3,9.52,35.47,2.15,1.04,338.6,3.34,-99.99,0.62,-0.12,1.67,-99.99,-0.74,89.6,0,75,4.73,0.3,0,3.81
2002,191,2100,62.55,8.27,29.68,1.55,1.58,266.9,3.4,-99.99,0.52,-0.15,1.46,-99.99,-0.81,89.9,0,76,4.53,0.28,0,3.31
2002,191,2130,48.83,5.52,21.38,-0.16,-0.3,206.5,3.06,-99.99,0.41,-0.2,0.9,-99.99,-0.92,91.2,0,72,4.55,0.29,0,2.21
2002,191,2200,30.82,3.57,14.49,-2,-2.39,146.1,2.99,-99.99,0.29,-0.25,0.38,-99.99,-1.03,91.6,0,76,4.71,0.28,0.02,1.43
2002,191,2230,20.24,0.89,6.73,-3.12,-3.6,110.9,2.88,-99.99,0.16,-0.33,-0.04,-99.99,-1.14,92.4,0,78,4.81,0.28,0.02,0.36
2002,191,2300,15.96,0.97,5.59,-3.41,-3.77,95.6,2.78,-99.99,0.03,-0.41,-0.31,-99.99,-1.26,92.7,0,81,4.62,0.28,0.02,0.39
2002,191,2330,15.46,0.87,4.92,-3.73,-3.71,105.9,2.61,-99.99,-0.09,-0.49,-0.53,-99.99,-1.37,93,0,81,4.87,0.3,0.02,0.35
2002,192,0,10.68,0.43,5.28,-4.53,-4.74,86.3,2.23,-99.99,-0.2,-0.56,-0.93,-99.99,-1.49,94.1,0,82,4.53,0.26,0.02,0.17
2002,192,30,9.71,0.73,6.16,-4.52,-4.46,72.7,2.08,-99.99,-0.33,-0.65,-1.05,-99.99,-1.61,94.8,0,79,4.36,0.26,0.03,0.29
2002,192,100,5.1,-1.47,-0.74,-5.43,-5.01,84.8,1.97,-99.99,-0.44,-0.73,-1.3,-99.99,-1.72,95,0,78,4.75,0.25,0.02,-0.59
2002,192,130,-5.05,-2.67,-6.69,-6.82,-7.54,74.4,1.76,-99.99,-0.55,-0.81,-1.78,-99.99,-1.83,95.4,0,80,4.57,0.25,0.02,-1.07
2002,192,200,3.5,-0.71,-2.25,-5.26,-5.29,69.59,1.7,-99.99,-0.68,-0.91,-1.72,-99.99,-1.95,95.6,0,83,4.3,0.24,0.02,-0.28
2002,192,230,7.69,0.47,0.55,-4.51,-4.05,67.34,1.76,-99.99,-0.79,-1,-1.65,-99.99,-2.05,95.4,0,80,4.42,0.25,0.02,0.19
2002,192,300,11.05,1.68,3.68,-3.88,-2.88,57.05,1.78,-99.99,-0.88,-1.09,-1.54,-99.99,-2.13,95.2,0,83,4.14,0.23,0.02,0.67
2002,192,330,10.1,1.63,3.69,-4.5,-3.41,55.07,1.61,-99.99,-0.95,-1.16,-1.71,-99.99,-2.21,95.5,0,77,4.4,0.25,-0.02,0.65
2002,192,400,17.94,3.39,7.65,-3.81,-2.58,74.9,1.46,-99.99,-1.03,-1.23,-1.74,-99.99,-2.29,96,0,90,4.93,0.29,0.02,1.35
2002,192,430,26,1.49,7.85,-2.81,-1.18,89.9,1.61,-99.99,-1.09,-1.3,-1.58,-99.99,-2.35,96.1,0.2,73,4.65,0.28,0.01,0.6
2002,192,500,16.11,-0.4,8.05,-4.54,-2.78,65.22,1.43,-99.99,-1.15,-1.36,-1.77,-99.99,-2.4,96.7,0.2,56,4.37,0.26,0.01,-0.16
2002,192,530,11.26,7.56,4.62,-5.04,-3.65,49.61,1.35,-99.99,-1.22,-1.42,-1.96,-99.99,-2.46,96.6,0,67,4.6,0.26,0.01,3.02
2002,192,600,19.34,-99.99,-99.99,-3.79,-2.21,68.29,1.45,-99.99,-1.28,-1.48,-1.85,-99.99,-2.5,96.6,0.9,-99.99,-99.99,-99.99,-99.99,-99.99
2002,192,630,27.09,-99.99,-99.99,-2.68,-0.45,88.5,1.72,-99.99,-1.32,-1.53,-1.6,-99.99,-2.54,96.8,0.9,-99.99,-99.99,-99.99,-99.99,-99.99
2002,192,700,26.85,-99.99,-99.99,-2.32,0.64,92.6,1.9,-99.99,-1.36,-1.58,-1.38,-99.99,-2.57,96.5,0.7,-99.99,-99.99,-99.99,-99.99,-99.99
2002,192,730,27.51,-99.99,-99.99,-3.57,-1.42,95.1,1.19,-99.99,-1.4,-1.62,-1.75,-99.99,-2.59,97.1,0.9,-99.99,-99.99,-99.99,-99.99,-99.99
2002,192,800,33.61,-99.99,-99.99,-3.57,-1.71,108.4,1.03,-99.99,-1.43,-1.66,-1.88,-99.99,-2.62,97.4,0.4,-99.99,-99.99,-99.99,-99.99,-99.99
2002,192,830,47.67,-99.99,-99.99,-1.63,0.61,148.7,1.12,-99.99,-1.47,-1.69,-1.68,-99.99,-2.64,97.2,0.2,-99.99,-99.99,-99.99,-99.99,-99.99
2002,192,900,59.82,-99.99,-99.99,-0.76,2.52,181.3,1.32,-99.99,-1.49,-1.72,-1.42,-99.99,-2.65,97,0.3,-99.99,-99.99,-99.99,-99.99,-99.99
2002,192,930,76,-99.99,-99.99,0.99,4.94,225.7,1.57,-99.99,-1.5,-1.76,-1,-99.99,-2.66,96.9,0.5,-99.99,-99.99,-99.99,-99.99,-99.99
2002,192,1000,90.5,19.28,35.83,3.58,8.65,270.7,1.96,-99.99,-1.49,-1.78,-0.42,-99.99,-2.63,97,0.4,85,5.35,0.3,-0.03,7.7
2002,192,1030,111.1,28.5,47.75,5.22,11,331.2,1.67,-99.99,-1.45,-1.78,-0.06,-99.99,-2.6,96.6,0.1,74,5.26,0.3,-0.06,11.39
2002,192,1100,137,37.73,59.67,6.85,12.53,397.4,1.61,-99.99,-1.39,-1.78,0.24,-99.99,-2.54,96.1,0,63,5.17,0.29,-0.1,15.07
2002,192,1130,184.6,57.06,91.5,9.52,17.51,535.6,1.85,-99.99,-1.31,-1.76,1.12,-99.99,-2.46,95.5,0,79,6.11,0.37,0,22.79
2002,192,1200,276.8,79.11,109,14.57,25.55,851,2.56,-99.99,-1.19,-1.72,3.64,-99.99,-2.34,94.2,0,83,5.91,0.35,0.05,31.62
2002,192,1230,278.3,88.14,130.09,10.23,20.62,942,2.74,-99.99,-1.01,-1.64,4.44,-99.99,-2.18,93.2,0,67,5.82,0.38,-0.01,35.24
2002,192,1300,243.4,79.68,130.99,6.81,14.19,855,2.64,-99.99,-0.82,-1.55,4.16,-99.99,-2.03,92.8,0,61,5.75,0.39,-0.06,31.84
2002,192,1330,320.6,94.41,164.76,10.97,18.09,1087,2.71,-99.99,-0.61,-1.43,5.49,-99.99,-1.86,91.8,0,64,6.11,0.39,0.01,37.71
2002,192,1400,440.2,110.59,203.68,12.26,20.18,1448,2.91,-99.99,-0.33,-1.3,7.87,-99.99,-1.65,90.8,0,64,6.47,0.4,0.02,44.16
2002,192,1430,333.1,81.42,169.55,5.95,12.14,1150,2.91,-99.99,-0.09,-1.16,6.66,-99.99,-1.48,90.5,0,68,6.38,0.39,-0.01,32.51
2002,192,1500,394.7,97.27,216.37,14.52,16.8,1291,2.87,-99.99,0.12,-1,7.1,-99.99,-1.32,90.3,0,72,6.16,0.42,-0.13,38.84
2002,192,1530,389.2,80.91,193.14,9.25,14.94,1293,3,-99.99,0.37,-0.83,8.03,-99.99,-1.11,89.8,0,65,6.22,0.36,-0.08,32.31
2002,192,1600,391,89.45,216.85,9.98,12.3,1302,2.92,-99.99,0.57,-0.67,8.01,-99.99,-0.97,90,0,68,5.77,0.38,-0.07,35.72
2002,192,1630,361.7,81.09,210.51,7.57,9.91,1228,2.79,-99.99,0.76,-0.51,7.29,-99.99,-0.83,90,0,68,6.23,0.42,-0.06,32.38
2002,192,1700,340.1,75.33,206.04,8.35,8.3,1169,2.76,-99.99,0.89,-0.36,6.8,-99.99,-0.72,89.8,0,70,6,0.4,-0.06,30.08
2002,192,1730,316.5,72.74,202.89,6.84,6.44,1103,2.54,-99.99,0.98,-0.23,6.16,-99.99,-0.63,90.1,0,69,5.75,0.4,-0.07,29.04
2002,192,1800,290.4,56.9,167.36,5.94,5.84,1024,2.58,-99.99,1.05,-0.11,5.13,-99.99,-0.58,89.8,0,69,6.06,0.38,-0.04,22.71
2002,192,1830,262.8,-99.99,-99.99,2.79,3.97,939,2.36,-99.99,1.06,-0.04,4.3,-99.99,-0.56,90.1,0,-99.99,-99.99,-99.99,-99.99,-99.99
2002,192,1900,234.6,-99.99,-99.99,3.08,2.53,857,2.26,-99.99,1.06,0.02,3.96,-99.99,-0.54,90,0,-99.99,-99.99,-99.99,-99.99,-99.99
2002,192,1930,205.8,-99.99,-99.99,2.14,0.07,770,2.06,-99.99,1.01,0.07,3.43,-99.99,-0.55,90.4,0,-99.99,-99.99,-99.99,-99.99,-99.99
2002,192,2000,176.9,-99.99,-99.99,-0.24,-3.28,681,1.87,-99.99,0.89,0.07,2.64,-99.99,-0.59,90.9,0,-99.99,-99.99,-99.99,-99.99,-99.99
2002,192,2030,147,-99.99,-99.99,-1.59,-6.42,589.8,1.73,-99.99,0.73,0.03,1.9,-99.99,-0.68,91,0,-99.99,-99.99,-99.99,-99.99,-99.99
2002,192,2100,108.3,18.05,66.77,-3.63,-5.81,476.7,1.64,-99.99,0.56,-0.05,1.21,-99.99,-0.8,91.3,0,73,5.1,0.33,0,7.2
2002,192,2130,68.7,10.67,38.14,-7.31,-9.18,362.2,1.37,-99.99,0.39,-0.11,-0.02,-99.99,-0.91,92.3,0,71,5.14,0.31,-0.01,4.26
2002,192,2200,40.89,6.58,23.82,-8.66,-9.32,279.3,1.21,-99.99,0.21,-0.2,-0.57,-99.99,-1.04,92.5,0,74,5.11,0.3,0,2.62
2002,192,2230,-14.91,-1.27,-4.55,-12.58,-15.61,131.3,0.55,-99.99,0.03,-0.28,-2.32,-99.99,-1.19,95.1,0,70,5.24,0.28,0.01,-0.51
2002,192,2300,-16.49,-2.76,-9.38,-11.86,-14.92,117.9,0.35,-99.99,-0.17,-0.4,-2.72,-99.99,-1.36,95.9,0,69,5.31,0.33,0.02,-1.1
2002,192,2330,-14.66,-2.39,-9.14,-11.36,-14.07,108.8,0.26,-99.99,-0.36,-0.53,-2.99,-99.99,-1.53,96.3,0,68,5.34,0.3,0.01,-0.95
2002,193,0,16.88,-1.19,-5.41,-10.19,-11.49,136.4,0.3,-99.99,-0.55,-0.67,-2.72,-99.99,-1.7,95.6,0,69,5.03,0.28,0.01,-0.47
2002,193,30,-20.9,-3.3,-12.41,-11.19,-12.55,98.4,0.16,-99.99,-0.73,-0.81,-2.94,-99.99,-1.86,95.5,0,72,4.7,0.28,0.01,-1.32
2002,193,100,-19.85,-3.53,-12.02,-9.44,-9.57,117.2,0.09,-99.99,-0.89,-0.94,-3.19,-99.99,-2.02,95.8,0,72,4.53,0.28,0.01,-1.41
2002,193,130,-2.51,-3.29,-10.63,-9.17,-7.88,111.2,0.04,-99.99,-1.04,-1.06,-3.42,-99.99,-2.17,95.9,0,70,4.94,0.29,0.01,-1.31
2002,193,200,8.37,-2.81,-9.79,-9.41,-7.87,112.2,-0.02,-99.99,-1.18,-1.18,-3.53,-99.99,-2.3,96,0,73,4.82,0.27,0.01,-1.12
2002,193,230,10.09,-1.62,-7,-9.08,-7.72,120.2,0.06,-99.99,-1.31,-1.3,-3.53,-99.99,-2.43,95.3,0,78,4.39,0.23,0.01,-0.65
2002,193,300,13.13,-1.44,-4.54,-8.44,-7.53,131.5,-0.04,-99.99,-1.43,-1.41,-3.47,-99.99,-2.55,95.8,0,75,4.54,0.25,0.01,-0.57
2002,193,330,16.04,0.03,-1.32,-8.14,-7.31,136.4,-0.18,-99.99,-1.53,-1.51,-3.42,-99.99,-2.64,96.7,0,78,4.37,0.27,0,0.01
2002,193,400,20.59,3.18,3.39,-7.81,-7.05,129,-0.49,-99.99,-1.62,-1.61,-3.43,-99.99,-2.74,97.9,0,78,4.82,0.25,0.01,1.26
2002,193,430,33.49,3.15,5.2,-7.92,-6.99,181.6,-0.58,-99.99,-1.71,-1.7,-3.48,-99.99,-2.82,98.2,0,81,5.42,0.32,0.01,1.25
2002,193,500,48.56,6.57,13.22,-6.88,-6.61,227,-0.51,-99.99,-1.8,-1.79,-3.2,-99.99,-2.89,98.1,0,83,4.65,0.29,0,2.61
2002,193,530,76.5,10.6,22.44,-4.89,-6.36,310.5,-0.42,-99.99,-1.87,-1.86,-2.66,-99.99,-2.94,97.8,0,80,5.03,0.28,-0.01,4.21
2002,193,600,92,19.68,37.44,-1.12,-3.19,336.5,-0.24,-99.99,-1.9,-1.93,-2.06,-99.99,-2.98,97.8,0,78,5.18,0.3,-0.03,7.83
2002,193,630,96.8,21.54,50.62,1.57,7.74,337.6,-0.07,-99.99,-1.92,-1.99,-1.66,-99.99,-3.01,98,0,74,5.11,0.32,-0.03,8.57
2002,193,700,91.5,19.77,40.38,-0.58,8.53,360.7,-0.2,-99.99,-1.91,-2.02,-1.66,-99.99,-3.02,98.1,0,70,5.16,0.29,-0.03,7.87
2002,193,730,136.9,29.13,62.03,2.34,19.55,584.9,-0.03,-99.99,-1.87,-2.03,-0.17,-99.99,-2.96,97.4,0,72,5.17,0.27,-0.03,11.6
2002,193,800,160.1,41.63,114.62,1.44,21.3,718,0.1,-99.99,-1.83,-2.05,0.45,-99.99,-2.91,95.8,0,73,6.07,0.4,-0.02,16.58
2002,193,830,174,43.08,134.13,2.37,22.19,777,0.23,-99.99,-1.79,-2.05,1.01,-99.99,-2.84,95.1,0,75,6.18,0.39,-0.06,17.16
2002,193,900,195.2,48.2,140.2,4.77,21.93,811,0.2,-99.99,-1.71,-2.05,1.6,-99.99,-2.76,95.7,0,75,6.15,0.37,0,19.19
2002,193,930,236.2,46.07,137.19,10.46,25.25,845,0.26,-99.99,-1.58,-2.01,2.29,-99.99,-2.65,95.8,0,73.5,6.42,0.37,-0.02,18.35
2002,193,1000,206.1,43.95,134.19,6.65,17.01,692.3,0.14,-99.99,-1.46,-1.96,1.37,-99.99,-2.57,95.3,0,72,6.68,0.37,-0.04,17.5
2002,193,1030,178.5,38.74,128.02,3.92,9.47,576.4,-0.01,-99.99,-1.36,-1.89,0.54,-99.99,-2.48,96.2,0,69,6.54,0.42,-0.06,15.43
2002,193,1100,192.7,31.38,108.33,5.85,12.01,611.4,0.02,-99.99,-1.26,-1.82,0.93,-99.99,-2.39,96.3,0,67,6.3,0.36,-0.04,12.5
2002,193,1130,257.8,54.6,191.8,8.37,18.34,874,0.53,-99.99,-1.15,-1.75,3.26,-99.99,-2.25,94,0,67,6.09,0.43,-0.04,21.75
2002,193,1200,343.7,70.56,247.63,14.32,25.35,1091,0.55,-99.99,-0.99,-1.67,5.13,-99.99,-2.11,94.5,0,70,6.53,0.42,-0.08,28.12
2002,193,1230,291.6,56.67,184.98,10.73,20.94,899,0.41,-99.99,-0.78,-1.56,4.04,-99.99,-1.97,95.3,0,64,6.37,0.39,-0.05,22.58
2002,193,1300,256.9,59.46,173.12,7.01,12.93,771,0.39,-99.99,-0.63,-1.45,2.93,-99.99,-1.87,96.6,0,64,6.72,0.42,-0.1,23.69
2002,193,1330,366,59.43,192.12,14.06,18.6,1051,0.37,-99.99,-0.47,-1.33,4.87,-99.99,-1.72,96.3,0,65.5,6.5,0.42,-0.1,23.68
2002,193,1400,315.8,59.41,211.13,8.64,13.7,961,0.26,-99.99,-0.32,-1.22,4.67,-99.99,-1.59,95.3,0,67,6.27,0.41,-0.1,23.67
2002,193,1430,452.6,76.53,255.68,22.73,28.1,1288,0.62,-99.99,-0.12,-1.11,6.98,-99.99,-1.43,94.6,0,69,6.71,0.38,-0.06,30.49
2002,193,1500,379.8,69.55,223,15.56,19.22,1118,0.55,-99.99,0.09,-0.97,5.99,-99.99,-1.29,95,0,67,6.75,0.38,-0.06,27.71
2002,193,1530,333.1,63.7,213.9,12.04,12.19,1000,0.4,-99.99,0.25,-0.83,5.1,-99.99,-1.17,95.5,0,66,6.8,0.42,-0.1,25.38
2002,193,1600,312.3,68.96,216.71,13.67,12.97,931,0.49,-99.99,0.36,-0.7,4.57,-99.99,-1.06,96,0,67,6.43,0.41,-0.13,27.47
2002,193,1630,229.2,44.89,139.09,5.95,3.78,707,0.2,-99.99,0.41,-0.6,2.79,-99.99,-1.02,96.6,0,68,6.51,0.37,-0.16,17.88
2002,193,1700,253.4,41.81,138.88,8.26,5.75,753,0.15,-99.99,0.4,-0.53,2.87,-99.99,-0.98,96.9,0,74,6.79,0.36,-0.08,16.65
2002,193,1730,258.9,50.36,176.9,7.6,4.44,789,0.26,-99.99,0.39,-0.48,2.96,-99.99,-0.96,96.4,0,73,7.2,0.44,-0.01,20.06
2002,193,1800,239.2,43.11,144.56,6.93,5,737,0.26,-99.99,0.38,-0.45,2.58,-99.99,-0.96,96.1,0,71,7.06,0.4,-0.07,17.17
2002,193,1830,231.7,46.21,143.02,8.55,6.47,707,0.17,-99.99,0.36,-0.43,2.29,-99.99,-0.98,96.2,0,76,6.54,0.4,-0.04,18.4
2002,193,1900,162.9,40.31,124.8,3.21,1.78,512.6,-0.05,-99.99,0.32,-0.41,1.09,-99.99,-1,96.6,0,72,6.42,0.4,-0.05,16.05
2002,193,1930,142.3,25.99,82.59,1.15,-1.13,450.5,-0.28,-99.99,0.24,-0.4,0.19,-99.99,-1.05,97.3,0,75,6.58,0.35,-0.03,10.35
2002,193,2000,120.2,28.93,78.93,-0.22,-2.36,376.5,-0.47,-99.99,0.14,-0.42,-0.42,-99.99,-1.12,97.8,0,70,6.48,0.39,-0.04,11.51
2002,193,2030,103.2,28.61,64.89,-0.88,-2.31,318.5,-0.52,-99.99,0.03,-0.46,-0.76,-99.99,-1.19,98.1,0,72,6.01,0.37,-0.03,11.38
2002,193,2100,85.3,23.33,67.96,-2.35,-3.37,267.5,-0.66,-99.99,-0.09,-0.52,-1.21,-99.99,-1.29,98.3,0,73,5.82,0.36,-0.01,9.26
2002,193,2130,68.1,19.5,53.17,-4.63,-6.34,224.5,-0.7,-99.99,-0.22,-0.59,-1.75,-99.99,-1.39,98.6,0,72.5,5.95,0.36,-0.01,7.75
2002,193,2200,60.87,15.66,38.39,-5.01,-6.84,207.5,-0.84,-99.99,-0.35,-0.67,-2.04,-99.99,-1.5,98.7,0,72,6.07,0.36,-0.01,6.24
2002,193,2230,41.49,10.72,67.69,-6.83,-8.56,158.8,-0.93,-99.99,-0.48,-0.74,-2.51,-99.99,-1.61,98.8,0,70,5.82,0.41,0.07,4.26
2002,193,2300,24.68,-99.99,-99.99,-8.61,-10.64,107.2,-1.13,-99.99,-0.63,-0.83,-3.04,-99.99,-1.75,98.9,0,-99.99,-99.99,-99.99,-99.99,-99.99
2002,193,2330,16.08,-99.99,-99.99,-9.24,-11.43,81.2,-1.28,-99.99,-0.78,-0.93,-3.39,-99.99,-1.88,99,0,-99.99,-99.99,-99.99,-99.99,-99.99
2002,194,0,7.24,-99.99,-99.99,-9.89,-11.59,65.75,-1.29,-99.99,-0.94,-1.04,-3.61,-99.99,-2.01,99,0,-99.99,-99.99,-99.99,-99.99,-99.99
2002,194,30,4.82,-99.99,-99.99,-10.29,-10.97,57.11,-1.34,-99.99,-1.09,-1.15,-3.77,-99.99,-2.14,99,0,-99.99,-99.99,-99.99,-99.99,-99.99
2002,194,100,2.25,-99.99,-99.99,-10.32,-9.34,46.31,-1.41,-99.99,-1.22,-1.25,-3.95,-99.99,-2.28,99.1,0,-99.99,-99.99,-99.99,-99.99,-99.99
2002,194,130,0.69,-99.99,-99.99,-12.38,-8.51,45.62,-1.68,-99.99,-1.36,-1.36,-4.21,-99.99,-2.4,99.1,0,-99.99,-99.99,-99.99,-99.99,-99.99
2002,194,200,3.04,-99.99,-99.99,-12.86,-8.24,44.91,-1.73,-99.99,-1.49,-1.47,-4.32,-99.99,-2.53,99.1,0,-99.99,-99.99,-99.99,-99.99,-99.99
2002,194,230,5.28,-99.99,-99.99,-12.5,-8.28,47.44,-1.71,-99.99,-1.61,-1.57,-4.33,-99.99,-2.63,99,0,-99.99,-99.99,-99.99,-99.99,-99.99
2002,194,300,11.77,-99.99,-99.99,-12.77,-8.28,66.84,-1.67,-99.99,-1.71,-1.67,-4.34,-99.99,-2.73,99,0,-99.99,-99.99,-99.99,-99.99,-99.99
2002,194,330,34.6,-99.99,-99.99,-11.44,-8.52,119.3,-1.65,-99.99,-1.81,-1.76,-4.3,-99.99,-2.81,98.7,0,-99.99,-99.99,-99.99,-99.99,-99.99
2002,194,400,37.79,-99.99,-99.99,-10.07,-8.61,141.1,-1.48,-99.99,-1.91,-1.85,-4.14,-99.99,-2.89,98.3,0,-99.99,-99.99,-99.99,-99.99,-99.99
2002,194,430,56.68,-99.99,-99.99,-6.82,-7.81,204.3,-1.17,-99.99,-1.99,-1.94,-3.76,-99.99,-2.96,98,0,-99.99,-99.99,-99.99,-99.99,-99.99
2002,194,500,52.16,-99.99,-99.99,-6.75,-7.16,204.9,-1.14,-99.99,-2.06,-2.01,-3.59,-99.99,-3.02,97.8,0,-99.99,-99.99,-99.99,-99.99,-99.99
2002,194,530,78.9,-99.99,-99.99,-4.84,-6.71,302,-0.92,-99.99,-2.13,-2.08,-3.16,-99.99,-3.07,97.7,0,-99.99,-99.99,-99.99,-99.99,-99.99
2002,194,600,95.5,-99.99,-99.99,-0.94,-4.52,370.5,-0.67,-99.99,-2.18,-2.14,-2.43,-99.99,-3.09,97.3,0,-99.99,-99.99,-99.99,-99.99,-99.99
2002,194,630,100.4,-99.99,-99.99,2.24,-1.48,421.4,-0.51,-99.99,-2.21,-2.2,-2,-99.99,-3.13,97.4,0,-99.99,-99.99,-99.99,-99.99,-99.99
2002,194,700,96.7,-99.99,-99.99,4.87,10.13,553.9,-0.08,-99.99,-2.22,-2.24,-0.83,-99.99,-3.15,97.3,0.1,-99.99,-99.99,-99.99,-99.99,-99.99
2002,194,730,92.2,-99.99,-99.99,4.08,23.44,671.1,0.08,-99.99,-2.19,-2.27,0.23,-99.99,-3.1,96.4,0,-99.99,-99.99,-99.99,-99.99,-99.99
2002,194,800,119.7,-99.99,-99.99,5.58,29.4,747,0.42,-99.99,-2.14,-2.28,1.22,-99.99,-3.05,95.8,0.1,-99.99,-99.99,-99.99,-99.99,-99.99
2002,194,830,150,-99.99,-99.99,6.39,31.83,843,0.86,-99.99,-2.05,-2.29,2.34,-99.99,-2.95,95,0,-99.99,-99.99,-99.99,-99.99,-99.99
2002,194,900,163.8,46.27,113.43,9.35,31.06,843,1.1,-99.99,-1.93,-2.27,3.39,-99.99,-2.81,96.2,0,75,3.82,0.24,-0.08,18.45
2002,194,930,187.3,47.69,115.57,10.2,29.2,891,1.51,-99.99,-1.74,-2.2,4.49,-99.99,-2.65,96.4,0,71,3.86,0.23,-0.08,19.02
2002,194,1000,217.3,43.62,135.49,9.42,27.39,1040,1.88,-99.99,-1.49,-2.09,6.26,-99.99,-2.45,95.5,0,62,3.7,0.21,-0.08,17.41
2002,194,1030,257.6,52.83,169.73,8.62,20.25,1162,1.86,-99.99,-1.22,-1.96,6.8,-99.99,-2.26,92.7,0,54,4.3,0.27,-0.08,21.09
2002,194,1100,289.3,55.99,182.48,9.16,19.9,1231,2.01,-99.99,-0.94,-1.83,7.36,-99.99,-2.07,91.5,0,54,4.45,0.29,-0.08,22.35
2002,194,1130,319.5,70.14,220.2,10.35,19.79,1291,2.37,-99.99,-0.65,-1.67,8.71,-99.99,-1.84,90.3,0,57,4.34,0.31,-0.1,28
2002,194,1200,344.1,62.17,197.44,11.27,18.68,1337,2.53,-99.99,-0.34,-1.47,9.44,-99.99,-1.6,89.7,0,64,4.43,0.27,-0.08,24.82
2002,194,1230,366.9,65.01,221.03,12.74,16.39,1371,2.84,-99.99,-0.02,-1.26,10.04,-99.99,-1.35,89.2,0,69,4.47,0.29,-0.1,25.96
2002,194,1300,383,65.09,207.81,13.72,17.84,1393,3.69,-99.99,0.29,-1.05,11.04,-99.99,-1.11,87.7,0,72,4.35,0.27,-0.05,26.02
2002,194,1330,391.2,57.21,179.19,12.79,16.16,1406,3.97,-99.99,0.61,-0.83,11.54,-99.99,-0.86,87.2,0,65,4.29,0.25,-0.05,22.89
2002,194,1400,393,69.62,209.33,13.78,14.66,1406,4.22,-99.99,0.92,-0.6,11.58,-99.99,-0.63,86.6,0,62,4.13,0.26,-0.06,27.87
2002,194,1430,390.6,63.58,192.35,14.85,13.43,1396,4.22,-99.99,1.22,-0.37,11.84,-99.99,-0.4,86.6,0,62,4.06,0.27,-0.06,25.45
2002,194,1500,382.6,65.39,191.39,18,16.57,1376,4.37,-99.99,1.49,-0.15,12.28,-99.99,-0.19,86,0,60,3.19,0.25,-0.08,26.18
2002,194,1530,349.7,60.41,164.62,16.86,14.99,1285,4.49,-99.99,1.75,0.06,12.66,-99.99,0.02,85.3,0,44,2.61,0.18,-0.08,24.18
2002,194,1600,340.3,66.29,175.62,23.8,22.8,1200,4.84,-99.99,1.95,0.27,11.77,-99.99,0.18,84.2,0,27,2.12,0.17,-0.09,26.55
2002,194,1630,350.3,69.54,187.26,19.67,16.77,1293,5.59,-99.99,2.15,0.41,12.89,-99.99,0.33,82.2,0,43,2.38,0.16,-0.08,27.88
2002,194,1700,175.6,30.5,93.87,12.5,7.17,707,5.01,-99.99,2.29,0.63,7.91,-99.99,0.39,84.3,0,42,1.92,0.12,-0.11,12.23
2002,194,1730,159.5,30.41,78.32,20.4,24.15,591.6,5.61,-99.99,2.35,0.8,7.42,-99.99,0.5,83.5,0,11,0.82,0.07,-0.06,12.2
2002,194,1800,139.3,28.76,70.94,16.12,19.14,516.2,5.89,-99.99,2.37,0.92,6.79,-99.99,0.53,84.1,0,16,1.31,0.12,-0.06,11.54
2002,194,1830,101,13.89,42.13,10.07,11.4,388.8,5.5,-99.99,2.32,0.99,5.58,-99.99,0.53,84.2,0,39,1.26,0.04,-0.02,5.57
2002,194,1900,87.8,13.77,40.38,10.17,10.87,343.4,5.63,-99.99,2.26,1.03,5.16,-99.99,0.52,86.5,0,296,0.2,0.11,-0.02,5.53
2002,194,1930,104.4,15.54,51.28,14.46,15.25,399.6,6.14,-99.99,2.19,1.04,5.26,-99.99,0.49,88.5,0,232,1.81,0.13,-0.02,6.24
2002,194,2000,97,15.1,51.52,8.9,11.5,383,5.18,-99.99,2.15,1.05,4.74,-99.99,0.43,90.2,0,257,1.82,0.16,-0.02,6.06
2002,194,2030,58.68,18.55,23.97,2.53,2.61,243.1,3.88,-99.99,2.05,1.05,3.05,-99.99,0.36,94.9,0,249,1.56,0.16,-0.02,7.43
2002,194,2100,61.35,12.08,18.82,5.83,6.52,235,4.02,-99.99,1.92,1,3.09,-99.99,0.29,96.2,0,200,0.74,0.03,-0.01,4.84
2002,194,2130,41.52,6.22,13.36,0.23,1.51,185.3,3.76,-99.99,1.8,0.96,2.57,-99.99,0.21,96.3,0,64,1.06,0.06,-0.01,2.49
2002,194,2200,28.07,5.02,12.13,-0.9,-0.18,142.6,3.75,-99.99,1.66,0.9,1.96,-99.99,0.1,96.7,0,135.5,1.6,0.08,0,2.01
2002,194,2230,28.16,3.82,10.9,-0.12,-0.02,131.1,4.13,-99.99,1.54,0.85,1.72,-99.99,-0.01,96.6,0,207,2.14,0.1,0.01,1.53
2002,194,2300,30.95,4.94,4.45,-1.47,-2,132.4,3.34,-99.99,1.43,0.8,1.07,-99.99,-0.13,96.8,0,220,2.75,0.14,0,1.98
2002,194,2330,19.29,3.25,5.7,-5.27,-5.61,130.7,2.76,-99.99,1.29,0.72,0.35,-99.99,-0.27,97.3,0,210,2.16,0.07,0.01,1.3
2002,195,0,18.44,-0.65,-2.8,-11.68,-13.2,139,2.68,-99.99,1.1,0.62,-0.51,-99.99,-0.42,95.6,0,216,1.51,0.02,0,-0.26
2002,195,30,-3.87,-0.71,-2.43,-13.42,-14.99,114.3,2.42,-99.99,0.91,0.52,-0.88,-99.99,-0.57,93.3,0,220,1.59,0.02,0,-0.28
2002,195,100,-0.44,-0.78,-2.07,-14.83,-17.94,100.1,1.95,-99.99,0.7,0.4,-2.02,-99.99,-0.77,94.1,0,224,1.66,0.02,0.01,-0.31
2002,195,130,2.87,-1.09,-4.08,-14.24,-17.69,83.1,1.15,-99.99,0.5,0.27,-2.55,-99.99,-0.98,95.7,0,241,2.05,0.08,0.02,-0.43
2002,195,200,9.33,-99.99,-99.99,-13.82,-13.82,82.3,0.88,-99.99,0.28,0.12,-2.91,-99.99,-1.18,96.6,0,-99.99,-99.99,-99.99,-99.99,-99.99
2002,195,230,16.05,-99.99,-99.99,-12.53,-11.49,92.4,1.03,-99.99,0.08,-0.02,-3.01,-99.99,-1.36,96.1,0,-99.99,-99.99,-99.99,-99.99,-99.99
2002,195,300,21.51,-99.99,-99.99,-9.92,-10.56,107.1,1.02,-99.99,-0.11,-0.17,-2.8,-99.99,-1.54,94.8,0,-99.99,-99.99,-99.99,-99.99,-99.99
2002,195,330,30.46,-0.87,-5.13,-7.99,-9.94,132.9,0.96,-99.99,-0.27,-0.31,-2.69,-99.99,-1.7,93.7,0,258,1.77,0.14,0.01,-0.34
2002,195,400,38.28,0.12,-2.82,-6.67,-9.32,171,1.24,-99.99,-0.42,-0.45,-2.49,-99.99,-1.83,92.3,0,246,1.51,0.09,0.01,0.05
2002,195,430,45.98,1.86,-0.21,-4.5,-8.71,212.5,1.33,-99.99,-0.54,-0.58,-2.06,-99.99,-1.95,91.2,0,253,1.53,0.14,0,0.74
2002,195,500,52.39,5.24,7.95,-4.29,-8.12,253.7,1.22,-99.99,-0.64,-0.69,-1.75,-99.99,-2.06,91.2,0,263,1.71,0.16,-0.01,2.09
2002,195,530,78.4,12.99,21.84,1.2,-2.26,330.3,1.25,-99.99,-0.71,-0.78,-0.73,-99.99,-2.13,91.2,0,282,2.39,0.23,-0.03,5.18
2002,195,600,70.5,14.77,26.51,1.03,6.84,357.2,1.42,-99.99,-0.75,-0.86,-0.03,-99.99,-2.17,91.4,0,294,2.04,0.18,-0.03,5.88
2002,195,630,81.6,19.94,42.52,6.11,18.03,383.3,1.9,-99.99,-0.76,-0.93,0.99,-99.99,-2.16,90.1,0,302,1.18,0.15,-0.07,7.95
2002,195,700,84.1,14.87,31.32,5.05,14.22,326.8,1.68,-99.99,-0.71,-0.97,0.73,-99.99,-2.16,91.4,0,301,2.02,0.15,-0.04,5.93
2002,195,730,100.7,17.64,39.16,6.83,14.98,365,1.55,-99.99,-0.63,-0.97,1.05,-99.99,-2.13,91.8,0,306,1.98,0.14,-0.05,7.04
2002,195,800,105.7,22.1,50.87,8.47,17.22,379.5,1.75,-99.99,-0.54,-0.97,1.66,-99.99,-2.08,90.6,0,319,1.67,0.1,-0.07,8.82
2002,195,830,87,19.07,47.08,3.83,9.78,321.9,1.53,-99.99,-0.45,-0.94,1.1,-99.99,-2.03,90.9,0,320,1.96,0.14,-0.06,7.61
2002,195,900,145.2,24.19,62.76,12.98,21.64,490.8,2.01,-99.99,-0.35,-0.91,2.56,-99.99,-1.95,89.8,0,340,1.84,0.11,-0.09,9.65
2002,195,930,174.5,29.57,76.66,16.92,26.14,579.3,2.5,-99.99,-0.22,-0.87,3.94,-99.99,-1.86,88.3,0,25,2.03,0.17,-0.1,11.8
2002,195,1000,217.9,39.58,101.67,22.93,34.88,743,2.89,-99.99,-0.05,-0.82,5.73,-99.99,-1.71,86.2,0,40,1.69,0.12,-0.11,15.8
2002,195,1030,179.9,38.95,102.69,18.16,27.55,659.6,3.05,-99.99,0.14,-0.73,5.42,-99.99,-1.55,85.8,0,34,1.68,0.08,-0.1,15.56
2002,195,1100,185.5,42.02,109.14,17.3,22.44,655.1,3.12,-99.99,0.31,-0.62,5.18,-99.99,-1.42,85.6,0,36,2.01,0.16,-0.11,16.79
2002,195,1130,214.4,44.03,125.92,21.62,27.47,746,3.41,-99.99,0.48,-0.52,6.16,-99.99,-1.25,85.1,0,51,2.33,0.15,-0.12,17.6
2002,195,1200,303.8,61.77,167.04,27.67,34.06,1045,4.4,-99.99,0.68,-0.41,9.3,-99.99,-1.04,83.2,0,57,2.49,0.17,-0.1,24.72
2002,195,1230,281.3,55.11,150.39,27.15,32.58,976,4.84,-99.99,0.93,-0.28,9.28,-99.99,-0.84,82.9,0,54,2.7,0.2,-0.09,22.08
2002,195,1300,232.4,44.46,125.59,21.6,23.85,809,4.68,-99.99,1.12,-0.14,7.57,-99.99,-0.69,83.8,0,60,2.95,0.2,-0.11,17.81
2002,195,1330,184.3,36.87,109.98,18.62,19.57,649.6,4.43,-99.99,1.24,0.01,6.06,-99.99,-0.56,85.6,0,68,2.72,0.21,-0.08,14.77
2002,195,1400,194,27.04,88.21,20.96,23.94,676.7,4.77,-99.99,1.33,0.13,6.48,-99.99,-0.43,85.6,0,69,2.81,0.17,-0.07,10.84
2002,195,1430,139.1,24.54,58.41,12.1,15.02,518.7,4.9,-99.99,1.37,0.23,5.14,-99.99,-0.36,86.6,0,69,2.74,0.17,-0.07,9.84
2002,195,1500,163.4,37.47,89.02,14.99,17.78,608.7,5.3,-99.99,1.38,0.3,5.45,-99.99,-0.3,86.6,0,77,2.94,0.22,-0.06,15.03
2002,195,1530,308.6,59.34,137.69,33.11,39.5,1040,6.63,-99.99,1.52,0.34,10.24,-99.99,-0.14,82.7,0,60,2.57,0.18,-0.06,23.83
2002,195,1600,234.8,53.33,131.16,23.03,26.05,835,5.79,-99.99,1.68,0.45,8.47,-99.99,-0.07,84.4,0,24,2.35,0.2,-0.15,21.4
2002,195,1630,179.5,43.55,98.62,17.6,19.8,664.3,5.51,-99.99,1.83,0.56,7.42,-99.99,0.05,85,0,12,2.17,0.12,-0.12,17.47
2002,195,1700,177.4,32.79,83.45,14.14,13.8,609.9,4.48,-99.99,1.93,0.69,6.21,-99.99,0.13,86.4,0,4,2.68,0.17,-0.1,13.14
2002,195,1730,207.8,42.35,112.66,20.76,18.86,720,5.17,-99.99,2,0.76,7.46,-99.99,0.22,85.3,0,35,2.67,0.21,-0.14,16.98
2002,195,1800,203.7,21.07,62.83,16.02,11.5,741,4.65,-99.99,2.04,0.83,6.94,-99.99,0.26,86.8,0,43,2.88,0.15,-0.06,8.44
2002,195,1830,147.8,28.19,71.89,9.4,6.37,613.9,4.83,-99.99,2.06,0.88,6.26,-99.99,0.27,86.8,0,25,2.5,0.15,-0.07,11.3
2002,195,1900,146.6,27.81,75.44,8.55,4.25,592.4,4.33,-99.99,2.05,0.95,5.16,-99.99,0.27,87.5,0,26,2.89,0.19,-0.08,11.14
2002,195,1930,191.8,31.92,93.33,13.36,9.87,713,4.45,-99.99,2.04,0.96,6.17,-99.99,0.27,86.6,0,28,3.16,0.22,-0.07,12.78
2002,195,2000,159.4,20.85,66.9,7.35,-0.52,677.7,4.73,-99.99,1.96,0.93,5.98,-99.99,0.23,85.3,0,48,3.19,0.19,-0.05,8.35
2002,195,2030,124.7,18.04,46.12,3.6,-5.26,561.8,4.49,-99.99,1.86,0.94,4.59,-99.99,0.16,85.7,0,46,3.15,0.18,-0.03,7.22
2002,195,2100,77.4,13.79,32.22,-0.66,-4.98,423.2,4.45,-99.99,1.71,0.92,3.57,-99.99,0.1,87.1,0,45,2.83,0.2,-0.02,5.52
2002,195,2130,84.2,12.23,28.18,0.64,-1.92,415,4.4,-99.99,1.57,0.88,3.13,-99.99,0.02,88.3,0,45,2.65,0.19,-0.03,4.9
2002,195,2200,52.17,6.76,17.14,-3.45,-4.89,323.2,4.25,-99.99,1.43,0.82,2.41,-99.99,-0.08,88.3,0,56,3.04,0.19,-0.01,2.71
2002,195,2230,34.8,2.02,4,-4.08,-5.51,264.6,3.94,-99.99,1.29,0.74,1.66,-99.99,-0.2,88.6,0,67,2.79,0.16,-0.01,0.81
2002,195,2300,14.5,1.05,2.34,-7.71,-9.23,197.3,3.52,-99.99,1.12,0.66,0.84,-99.99,-0.32,89.5,0,79,2.57,0.15,0,0.42
2002,195,2330,-11,-2.87,-8.3,-10.01,-12.77,115.3,2.59,-99.99,0.95,0.57,-0.8,-99.99,-0.49,92.5,0,75,2.77,0.14,0.01,-1.15
2002,196,0,-9.41,-3.63,-11.66,-10.2,-12.85,95.1,2.04,-99.99,0.76,0.46,-1.35,-99.99,-0.65,93.6,0,84,2.58,0.13,0.01,-1.45
2002,196,30,-13.8,-2.41,-8.01,-10.2,-12.75,76.1,1.99,-99.99,0.56,0.32,-1.67,-99.99,-0.84,94.1,0,93,2.37,0.1,0.01,-0.96
2002,196,100,-5.3,-2.08,-7.28,-7.43,-9.05,69.45,2.09,-99.99,0.39,0.19,-1.52,-99.99,-1,94.8,0,93,2.46,0.12,0.02,-0.83
2002,196,130,-4.98,-1.52,-4.72,-9.11,-10.52,77.1,2.02,-99.99,0.23,0.06,-1.86,-99.99,-1.17,95.1,0,96,2.04,0.06,0.01,-0.61
2002,196,200,-2.45,-0.61,-2.02,-11.33,-13.21,75.8,2.06,-99.99,0.07,-0.06,-2.42,-99.99,-1.33,95.3,0,98,1.84,0.03,0,-0.24
2002,196,230,10.45,-99.99,-99.99,-9.32,-12.02,96.4,2.45,-99.99,-0.08,-0.18,-2.47,-99.99,-1.47,94.7,0,-99.99,-99.99,-99.99,-99.99,-99.99
2002,196,300,2.64,-99.99,-99.99,-11.48,-12.99,83.2,3,-99.99,-0.23,-0.3,-2.7,-99.99,-1.61,95.8,0,-99.99,-99.99,-99.99,-99.99,-99.99
2002,196,330,13.78,-99.99,-99.99,-7.27,-7.24,99.4,2.98,-99.99,-0.37,-0.42,-2.03,-99.99,-1.73,95.1,0,-99.99,-99.99,-99.99,-99.99,-99.99
2002,196,400,44.53,3.03,1.15,-0.93,-1.53,198.5,3.71,-99.99,-0.49,-0.53,-1.25,-99.99,-1.83,92.5,0,237,0.7,0.04,0.02,1.21
2002,196,430,27.42,-0.45,-1.7,-1.25,-0.4,233.8,5.05,-99.99,-0.56,-0.63,-0.44,-99.99,-1.87,88.1,0,284,0.46,0.02,0.01,-0.18
2002,196,500,28.89,2.06,4.47,-0.22,-1.37,292.8,5.73,-99.99,-0.62,-0.71,0.06,-99.99,-1.93,84.4,0,281,0.62,0.1,-0.03,0.83
2002,196,530,37.36,3.49,6.25,1.9,5.93,358.6,6.4,-99.99,-0.66,-0.78,1.24,-99.99,-1.96,83,0,240,0.23,0.06,-0.06,1.4
2002,196,600,58.74,10.06,22.54,7.5,19.28,442.8,7.2,-99.99,-0.66,-0.84,2.87,-99.99,-1.95,80.6,0,279.5,0.71,0.07,-0.07,4.04
2002,196,630,101.5,16.62,38.83,14.3,32.38,530,7.38,-99.99,-0.62,-0.88,4,-99.99,-1.92,81.4,0,319,1.18,0.09,-0.07,6.67
2002,196,700,82.9,9.95,21.01,9.91,22.35,378.4,6.44,-99.99,-0.49,-0.89,3.55,-99.99,-1.89,87.5,0,345,1.4,0.07,-0.04,4
2002,196,730,94.1,14.01,33.84,10.45,21.49,397,6.29,-99.99,-0.37,-0.87,3.85,-99.99,-1.82,88.6,0,15,1.43,0.12,-0.04,5.63
2002,196,800,79.3,16.19,34.46,6.65,14.78,333.7,5.49,-99.99,-0.24,-0.82,3.27,-99.99,-1.74,88.4,0,37,1.57,0.1,-0.06,6.49
2002,196,830,150.6,22.78,63.35,15.27,28.27,561.7,6.03,-99.99,-0.08,-0.76,5.4,-99.99,-1.61,87.1,0,37,2.13,0.15,-0.07,9.14
2002,196,900,132.7,18.74,49.35,13.49,22.89,477.3,6.25,-99.99,0.05,-0.69,5.19,-99.99,-1.5,87.3,0,37,2.08,0.14,-0.04,7.53
2002,196,930,156.4,30.07,81.07,8.37,19.44,712,6.01,-99.99,0.22,-0.58,5.96,-99.99,-1.38,86.9,0,29,2.68,0.18,-0.08,12.07
2002,196,1000,252,42.64,121.19,15.46,29.31,1079,6.62,-99.99,0.45,-0.47,9.79,-99.99,-1.14,85.4,0,40,3.59,0.23,-0.1,17.12
2002,196,1030,242.6,46.44,148.7,12.77,20.3,1024,6.32,-99.99,0.64,-0.37,8.98,-99.99,-1.01,87.6,0,39,4,0.28,-0.15,18.64
2002,196,1100,307.7,41.17,130.86,18.49,25.11,1214,6.99,-99.99,0.88,-0.26,10.78,-99.99,-0.83,87.3,0,44,4.31,0.26,-0.09,16.54
2002,196,1130,321.2,51.3,150.47,18.07,24.96,1254,7.6,-99.99,1.12,-0.14,12.05,-99.99,-0.61,85.9,0,50,4.21,0.26,-0.08,20.63
2002,196,1200,330.5,60.1,186.15,17.72,21.67,1265,7.58,-99.99,1.42,0.03,12.36,-99.99,-0.39,84.9,0,53,4.39,0.3,-0.11,24.17
2002,196,1230,356.6,63.08,185.85,18.13,19.16,1323,8.1,-99.99,1.68,0.21,12.66,-99.99,-0.18,82.2,0,66,5.27,0.34,-0.06,25.39
2002,196,1300,360.9,92.57,204.16,19.79,20.72,1324,8.72,-99.99,1.93,0.39,13.17,-99.99,0.04,78.5,0,73,5.4,0.38,-0.05,37.29
2002,196,1330,380.4,72.31,181.29,18.45,18.61,1369,8.78,-99.99,2.17,0.57,13.31,-99.99,0.23,76.2,0,74,5.63,0.39,-0.04,29.13
2002,196,1400,386.1,73.91,207.14,21.64,20.4,1385,9.03,-99.99,2.43,0.77,14.21,-99.99,0.45,74.7,0,73,5.08,0.36,-0.03,29.78
2002,196,1430,392.5,66.29,185.33,22.1,20.26,1399,9.64,-99.99,2.68,0.96,14.92,-99.99,0.66,68.94,0,71,4.89,0.32,-0.04,26.73
2002,196,1500,386,58.37,163.07,25.79,24.68,1383,10.44,-99.99,2.9,1.14,15.57,-99.99,0.87,69.68,0,75,4.46,0.27,-0.03,23.56
2002,196,1530,356.6,51.79,143.37,25.3,25.73,1309,10.87,-99.99,3.14,1.34,15.96,-99.99,1.07,73.7,0,67,3.59,0.24,-0.03,20.92
2002,196,1600,347.1,54.35,133.89,26.74,26.52,1287,11.73,-99.99,3.2,1.35,16.08,-99.99,1.1,73.4,0,71,3.24,0.21,0,21.98
2002,196,1630,348.4,62.02,150.11,29.97,29,1293,12.63,-99.99,3.15,1.27,15.92,-99.99,1.05,71.2,0,67,2.99,0.21,-0.05,25.11
2002,196,1700,241.4,55.99,119.15,22.7,20.19,974,12.3,-99.99,3.33,1.5,13.17,-99.99,1.18,71,0,62,2.51,0.19,-0.07,22.66
2002,196,1730,297.8,56.08,92.98,28.68,28.23,1138,13.46,-99.99,3.44,1.62,15.26,-99.99,1.32,67.38,0,52,2.05,0.13,-0.06,22.73
2002,196,1800,259.8,66.93,77.76,29.11,30.52,1067,17.4,-99.99,3.56,1.71,15.85,-99.99,1.46,52.62,0,236,2.01,0.26,-0.01,27.25
2002,196,1830,215.9,54.74,95.5,23.4,17.15,943,17.14,-99.99,3.77,1.94,13.91,-99.99,1.62,50.79,0,229,5.39,0.36,0.03,22.28
2002,196,1900,201.9,27.22,73.98,19.61,10.98,887,13.67,-99.99,3.87,2.15,11.68,-99.99,1.7,62.06,0,229,5.34,0.3,0.03,11.03
2002,196,1930,178.2,18.63,59.71,15.51,5.72,797,10.54,-99.99,3.87,2.3,9.99,-99.99,1.74,72.5,0,234,4.7,0.28,0,7.53
2002,196,2000,150.7,19.7,63.66,12.99,4.23,700,10.47,-99.99,3.71,2.31,9.1,-99.99,1.71,74.8,0,238,4.25,0.29,-0.01,7.95
2002,196,2030,132.2,13,65.33,12.35,2.88,631.1,10.34,-99.99,3.54,2.29,8.55,-99.99,1.64,77,0,236,3.03,0.25,-0.01,5.25
2002,196,2100,106.5,-2.73,22.23,10.18,5.35,550.3,11.25,-99.99,3.32,2.24,8.3,-99.99,1.57,78.2,0,225,2.75,0.18,0.01,-1.1
2002,196,2130,83,7.95,30.45,4.43,2.17,477.2,10.8,-99.99,3.17,2.19,7.22,-99.99,1.46,81.3,0,230,3.97,0.2,0,3.21
2002,196,2200,55.31,-1.57,20.92,-1.72,-4.58,390.9,7.95,-99.99,3.09,2.2,5.09,-99.99,1.36,86.3,0,230,4.27,0.25,0.01,-0.63
2002,196,2230,34.15,-4.8,4.61,-4.03,-6.3,321.2,6.88,-99.99,2.92,2.14,4.2,-99.99,1.24,90.1,0,217,2.85,0.17,0.01,-1.93
2002,196,2300,21.92,-5.11,-7.29,-6.08,-5.62,272.9,7.76,-99.99,2.69,2.01,4.14,-99.99,1.09,90.4,0,207,2.1,0.08,0,-2.05
2002,196,2330,7.63,-0.28,-3.62,-6.94,-6.75,227.3,8.34,-99.99,2.46,1.87,3.11,-99.99,0.9,88.4,0,189,1.76,0.03,0,-0.11
2002,197,0,1.74,-0.68,-3.51,-8.81,-9.2,183.1,8,-99.99,2.25,1.75,1.98,-99.99,0.72,89.9,0,172,1.98,0.04,0,-0.27
2002,197,30,-24.65,-1.08,-3.39,-10.06,-10.77,155.9,7.39,-99.99,2.07,1.65,1.53,-99.99,0.55,91.1,0,155,2.2,0.04,0,-0.44
2002,197,100,-15.8,-4.55,-10.9,-9.67,-11,157.5,6.74,-99.99,1.9,1.53,0.81,-99.99,0.35,92.8,0,159,2.29,0.08,0.02,-1.83
2002,197,130,-1.57,-6.87,-18.03,-6.82,-8.37,151.5,7.05,-99.99,1.73,1.4,0.98,-99.99,0.17,92.8,0,157,2.91,0.12,0.01,-2.77
2002,197,200,7.96,-5.33,-17.24,-5,-5.31,152.9,7.85,-99.99,1.57,1.26,1.48,-99.99,0.01,92.2,0,166,2.75,0.11,0.01,-2.15
2002,197,230,6,-3.8,-15.84,-3.84,-3.95,158.8,8.17,-99.99,1.43,1.14,1.59,-99.99,-0.14,90,0,166,2.88,0.11,0.01,-1.53
2002,197,300,8.18,-3.9,-14.8,-3.63,-4.35,170.1,7.85,-99.99,1.32,1.03,1.37,-99.99,-0.28,91.1,0,165,2.7,0.11,0.01,-1.57
2002,197,330,11.75,-2.67,-15.21,-2.09,-2.92,195.8,8.07,-99.99,1.21,0.93,1.61,-99.99,-0.4,89.6,0,159,2.79,0.12,0.01,-1.08
2002,197,400,14.95,-1.35,-13.73,-0.39,-0.21,232.8,8.86,-99.99,1.11,0.82,2.17,-99.99,-0.51,87.1,0,163,2.81,0.13,0,-0.54
2002,197,430,19.57,0.2,-17.56,1.86,3.41,281.1,9.73,-99.99,1.04,0.72,3.03,-99.99,-0.58,84.8,0,161,3.3,0.17,0,0.08
2002,197,500,25.61,3.2,-13.43,3.81,6.32,335.7,10.6,-99.99,1,0.64,3.99,-99.99,-0.63,83.3,0,163,3.34,0.18,0,1.29
2002,197,530,36.76,3.5,-9.55,6.2,12.56,401.3,11.68,-99.99,0.97,0.57,5.05,-99.99,-0.66,80.7,0,163,3.33,0.17,0,1.42
2002,197,600,51.95,10.49,0.57,9.65,19.68,472.2,12.86,-99.99,0.97,0.51,6.36,-99.99,-0.65,77.5,0,166,3.84,0.2,-0.01,4.25
2002,197,630,69.36,12.19,1.17,13.06,29.49,553.1,13.96,-99.99,1.02,0.49,7.85,-99.99,-0.6,75.3,0,169,4.09,0.21,-0.01,4.95
2002,197,700,86.7,24.1,12.41,15.94,35.95,632.6,14.99,-99.99,1.09,0.46,9.21,-99.99,-0.52,73.4,0,172,4.34,0.25,-0.02,9.79
2002,197,730,110.6,23.23,24.22,17.34,38.53,724,15.76,-99.99,1.22,0.46,10.11,-99.99,-0.43,70.4,0,187,4.97,0.27,-0.02,9.45
2002,197,800,138.6,21.28,39.88,19.26,38.08,819,16.81,-99.99,1.36,0.48,11.08,-99.99,-0.32,65.59,0,201,6.88,0.31,0,8.66
2002,197,830,166.5,37.43,60.5,21.92,38.2,907,16.63,-99.99,1.5,0.54,11.68,-99.99,-0.2,66.11,0,208,6.94,0.41,0,15.23
2002,197,900,196.7,40.72,81.89,23.94,35.79,992,15.71,-99.99,1.7,0.63,12.13,-99.99,-0.07,69.83,0,214.5,6.75,0.4,0,16.55
2002,197,930,228,44.02,103.27,24,30.65,1075,14.52,-99.99,1.91,0.76,12.17,-99.99,0.1,68.26,0,221,6.56,0.39,0,17.86
2002,197,1000,257.9,40.27,115.27,21.99,26.82,1144,13.25,-99.99,2.13,0.89,12.29,-99.99,0.25,70.3,0,229,6.14,0.38,-0.01,16.31
2002,197,1030,284.3,60.27,145.15,25.23,30,1219,14.2,-99.99,2.32,1,13.53,-99.99,0.41,68.94,0,226,5.87,0.4,-0.02,24.44
2002,197,1100,307.4,49.81,129.2,29.22,32.73,1285,15.1,-99.99,2.54,1.11,15.34,-99.99,0.58,66.09,0,223,5.69,0.33,0.01,20.22
2002,197,1130,328.7,63.08,158.56,31.69,30.81,1335,15.06,-99.99,2.78,1.24,16.11,-99.99,0.77,65.69,0,226,5.59,0.36,0,25.6
2002,197,1200,347,64.73,159.98,34.12,28.97,1379,15.31,-99.99,3.06,1.41,16.63,-99.99,0.98,65.42,0,225,5.63,0.33,0,26.28
2002,197,1230,362.4,60.55,160.23,34.82,26.37,1412,15.27,-99.99,3.33,1.59,16.9,-99.99,1.18,66.6,0,225,5.81,0.33,0.03,24.58
2002,197,1300,374.2,63.05,156.14,32.06,23.92,1427,15.16,-99.99,3.6,1.78,17.06,-99.99,1.38,66.96,0,233,6.09,0.35,0,25.59
2002,197,1330,380.1,82.09,218.83,32.16,24.63,1428,14.92,-99.99,3.88,1.98,17.44,-99.99,1.57,68.23,0,238,5.36,0.42,-0.04,33.31
2002,197,1400,384,79.71,194.86,33.21,22.1,1421,14.47,-99.99,4.13,2.18,17.4,-99.99,1.76,66.41,0,237,5.77,0.38,-0.03,32.33
2002,197,1430,382.6,67.78,177.73,31.91,23.04,1406,14.35,-99.99,4.36,2.38,17.31,-99.99,1.93,64.96,0,242,5.56,0.4,0,27.48
2002,197,1500,375.9,66.86,188.28,29.93,22.89,1382,13.76,-99.99,4.57,2.56,17.06,-99.99,2.06,66.53,0,248,4.92,0.44,0,27.09
2002,197,1530,365.3,70.47,201.06,27.48,21.21,1349,12.92,-99.99,4.75,2.75,16.55,-99.99,2.19,69.44,0,256,4.54,0.47,0,28.53
2002,197,1600,351.1,67.13,187.29,26.37,19.69,1304,12.48,-99.99,4.91,2.9,15.9,-99.99,2.28,70.6,0,262,4.11,0.47,-0.01,27.16
2002,197,1630,331.1,61.48,178.65,26.06,19.88,1252,12.03,-99.99,5.04,3.05,15.32,-99.99,2.35,71.6,0,262,3.68,0.41,-0.02,24.86
2002,197,1700,308.3,59.38,163.5,24.36,20.47,1191,12.6,-99.99,5.13,3.18,14.99,-99.99,2.42,70.1,0,264,3.41,0.39,-0.02,24.03
2002,197,1730,283,49.06,120.28,23,20.16,1123,12.69,-99.99,5.17,3.28,14.74,-99.99,2.47,69.5,0,269,2.96,0.32,-0.03,19.85
2002,197,1800,256.6,53.75,116.76,23.14,21.09,1051,13.03,-99.99,5.22,3.36,14.69,-99.99,2.5,69,0,290,2.28,0.24,-0.06,21.76
2002,197,1830,224.6,46.74,99.75,22.05,18.4,962,13.25,-99.99,5.27,3.44,13.96,-99.99,2.53,68,0,284,2.14,0.24,-0.05,18.93
2002,197,1900,197.3,34.33,92.15,22.28,16.83,884,13.12,-99.99,5.26,3.5,13.28,-99.99,2.55,68.38,0,290,1.61,0.18,-0.04,13.9
2002,197,1930,172.7,33.78,78.23,18.23,12.39,796,12.38,-99.99,5.26,3.58,12.5,-99.99,2.57,71.1,0,302,1.84,0.13,-0.05,13.66
2002,197,2000,147.3,22.39,57.25,14.49,8.11,702,11.54,-99.99,5.16,3.64,11.12,-99.99,2.54,73.8,0,313,1.87,0.14,-0.04,9.05
2002,197,2030,124.7,23.63,55.42,12.29,4.68,616.9,11.51,-99.99,4.99,3.64,10.25,-99.99,2.48,74.4,0,319,1.55,0.12,-0.05,9.55
2002,197,2100,104.1,9.06,26.56,10.88,6.73,547.3,12.14,-99.99,4.76,3.56,9.96,-99.99,2.4,73.4,0,316,1.13,0.09,-0.03,3.66
2002,197,2130,92.5,13.49,31.18,8.16,6.43,487.3,11.93,-99.99,4.58,3.49,9.13,-99.99,2.29,74.1,0,309,1.27,0.09,-0.04,5.45
2002,197,2200,83.3,11.2,22.7,6.8,5.98,424.2,11.08,-99.99,4.45,3.44,8.3,-99.99,2.2,76.8,0,304,1.64,0.11,-0.02,4.52
2002,197,2230,53.47,7.97,11.73,6.38,7.73,313.6,11.06,-99.99,4.3,3.35,7.53,-99.99,2.11,77.1,0,297,1.08,0.08,-0.01,3.22
2002,197,2300,27.41,2.74,2.14,-0.83,0.1,245.6,10.58,-99.99,4.16,3.29,5.83,-99.99,1.98,78.6,0,285,0.86,0.03,0.01,1.11
2002,197,2330,16.92,-99.99,-99.99,-5.49,-5.47,219.3,11.2,-99.99,3.94,3.18,4.73,-99.99,1.83,76.2,0,-99.99,-99.99,-99.99,-99.99,-99.99
2002,198,0,11.62,-99.99,-99.99,-7.26,-7.46,179.4,11.17,-99.99,3.71,3.05,3.14,-99.99,1.63,77.5,0,-99.99,-99.99,-99.99,-99.99,-99.99
2002,198,30,-12.36,-99.99,-99.99,-7.73,-7.7,149.4,10.27,-99.99,3.51,2.93,2.99,-99.99,1.45,81,0,-99.99,-99.99,-99.99,-99.99,-99.99
2002,198,100,-16.23,-1.21,-2.31,-7.3,-8.19,144.5,9.12,-99.99,3.33,2.82,2.03,-99.99,1.26,82.9,0,285,0.8,0.13,0.05,-0.49
2002,198,130,-11.71,-2.82,-7.77,-6.66,-7.92,132,7.7,-99.99,3.19,2.73,1.67,-99.99,1.09,87,0,271,1.7,0.12,0.01,-1.14
2002,198,200,3.63,-3.34,-5.59,-5.47,-6.59,130.4,6.67,-99.99,3.02,2.61,1.43,-99.99,0.92,89.3,0,265,1.13,0.04,0.01,-1.34
2002,198,230,17.56,-0.83,-0.94,0.78,1.53,138.7,7.33,-99.99,2.84,2.46,2.31,-99.99,0.77,87.4,0,189,0.44,0.02,0,-0.33
2002,198,300,10.14,-0.35,-0.38,-1.5,-2.15,153.2,7.66,-99.99,2.7,2.33,1.89,-99.99,0.62,89.3,0,259,0.51,0.02,0,-0.14
2002,198,330,14.86,0.12,0.18,0.47,-0.56,179.3,9.24,-99.99,2.55,2.19,2.03,-99.99,0.49,84.6,0,329,0.58,0.03,0,0.05
2002,198,400,8.71,2.17,3.41,-0.44,-0.6,206.2,8.43,-99.99,2.45,2.09,2.15,-99.99,0.37,87.8,0,309,1.78,0.07,0.01,0.87
2002,198,430,15.79,-1.95,-1.22,0.6,0.79,245.1,7.66,-99.99,2.36,2.01,2.48,-99.99,0.28,91.1,0,305,1.97,0.08,0.01,-0.78
2002,198,500,24.21,0.25,2.54,0.6,0.66,295.6,7.41,-99.99,2.27,1.92,2.84,-99.99,0.19,89.2,0,330,0.95,0.02,-0.01,0.1
2002,198,530,35.33,3.08,6.58,2.21,5.93,357.5,7.82,-99.99,2.17,1.82,3.59,-99.99,0.11,87.5,0,349,1.22,0.08,-0.02,1.24
2002,198,600,50.98,4.24,16.43,4.53,12.52,428,7.77,-99.99,2.11,1.73,4.47,-99.99,0.05,87.2,0,336,1.99,0.11,-0.04,1.71
2002,198,630,68.42,12.97,32.44,6.99,21.74,504.7,8.03,-99.99,2.07,1.67,5.48,-99.99,0.03,86.8,0,337,2.37,0.15,-0.06,5.22
2002,198,700,86.8,18,44.84,8,26.65,588.3,8.22,-99.99,2.07,1.6,6.72,-99.99,0.03,85.1,0,1,2.34,0.17,-0.08,7.24
2002,198,730,109.6,15.52,46.09,8.35,29.09,677.4,8.5,-99.99,2.1,1.56,7.4,-99.99,0.04,82.9,0,5,2.62,0.17,-0.08,6.25
2002,198,800,134.9,22.48,70.87,8.34,27.11,759,8.35,-99.99,2.17,1.54,7.75,-99.99,0.07,84,0,9,3.14,0.21,-0.09,9.05
2002,198,830,162.8,24.63,72.29,10.72,28.16,844,8.5,-99.99,2.23,1.51,8.6,-99.99,0.12,84.1,0,23,3.48,0.22,-0.08,9.91
2002,198,900,192.5,34.03,103.51,13.09,26.48,926,8.37,-99.99,2.34,1.53,9.52,-99.99,0.21,84.3,0,35,3.72,0.25,-0.08,13.69
2002,198,930,222.6,35.89,122.37,12.66,20.83,1001,7.94,-99.99,2.46,1.57,9.81,-99.99,0.31,85,0,46,4.5,0.3,-0.09,14.44
2002,198,1000,251,40.25,137.3,15,21.96,1073,7.96,-99.99,2.61,1.63,10.59,-99.99,0.41,84.4,0,59,4.48,0.28,-0.1,16.19
2002,198,1030,275.6,40.56,129.12,19.72,25.87,1141,8.53,-99.99,2.76,1.68,11.68,-99.99,0.52,83.1,0,59,4.07,0.25,-0.08,16.32
2002,198,1100,300.4,43.18,134.12,20.88,27.54,1200,8.93,-99.99,2.96,1.75,12.78,-99.99,0.64,82.5,0,58,4.01,0.24,-0.08,17.39
2002,198,1130,322.6,59.33,161.22,22.77,27.07,1250,9.46,-99.99,3.19,1.84,14.41,-99.99,0.81,81.2,0,41,3.59,0.25,-0.11,23.9
2002,198,1200,342,56.97,147.22,22.36,24.41,1297,9.72,-99.99,3.46,1.98,15.23,-99.99,1.01,80.3,0,34,3.71,0.23,-0.1,22.96
2002,198,1230,359.9,63.16,171.58,20.44,22.75,1360,9.05,-99.99,3.8,2.17,15.88,-99.99,1.21,81.3,0,17,3.71,0.24,-0.12,25.43
2002,198,1300,372.1,61.44,158.15,19.04,19.33,1359,8.71,-99.99,4.1,2.36,16.11,-99.99,1.41,81.3,0,17,3.86,0.24,-0.1,24.73
2002,198,1330,386.7,74.71,199.81,20.13,20.15,1382,8.52,-99.99,4.38,2.54,16.71,-99.99,1.61,80.6,0,21,3.97,0.27,-0.12,30.07
2002,198,1400,332.9,65.3,177.85,21.17,19.19,1198,8.1,-99.99,4.58,2.72,14.46,-99.99,1.72,82.1,0,23,3.89,0.25,-0.1,26.27
2002,198,1430,391.1,61.54,178.02,23.59,22,1353,8.39,-99.99,4.79,2.9,16.27,-99.99,1.9,82.8,0,27,4,0.25,-0.09,24.76
2002,198,1500,369.6,73.8,202.95,21.14,18.57,1307,8.71,-99.99,4.95,3.06,15.98,-99.99,2.03,82.8,0,28,3.96,0.27,-0.12,29.71
2002,198,1530,360.3,60.04,164.47,21.17,20.54,1284,8.58,-99.99,5.12,3.21,16.17,-99.99,2.14,81.7,0,15,3.59,0.24,-0.1,24.17
2002,198,1600,362.7,53,159.52,22.77,20.17,1285,8.97,-99.99,5.24,3.34,15.82,-99.99,2.25,81.1,0,17,3.56,0.33,-0.1,21.35
2002,198,1630,344.9,59.04,157.39,27.32,24.53,1233,10.25,-99.99,5.31,3.43,15.97,-99.99,2.37,79.7,0,20,3.12,0.2,-0.11,23.82
2002,198,1700,310.6,41.59,119.24,22.16,21.76,1158,10.77,-99.99,5.4,3.54,15.42,-99.99,2.44,79.4,0,2,2.92,0.17,-0.08,16.79
2002,198,1730,287.8,55.04,153.55,17.17,16.85,1094,9.09,-99.99,5.47,3.66,13.83,-99.99,2.5,78.8,0,300,2.84,0.17,-0.07,22.17
2002,198,1800,266.6,36.07,133.91,11.56,9.62,1006,6.59,-99.99,5.53,3.82,11.55,-99.99,2.54,83.4,0,296,3.72,0.25,-0.05,14.49
2002,198,1830,240.6,25.91,102.75,13.98,11.72,924,7.71,-99.99,5.49,3.89,11.13,-99.99,2.58,83.4,0,300,3.43,0.25,-0.04,10.42
2002,198,1900,211.5,21.71,83.05,14.53,10.78,846,8.03,-99.99,5.4,3.88,10.82,-99.99,2.54,81,0,299,2.9,0.2,-0.06,8.73
2002,198,1930,184.3,17.42,72.79,12.23,6.6,749,6.98,-99.99,5.32,3.91,9.55,-99.99,2.5,82.9,0,304,2.82,0.17,-0.05,7
2002,198,2000,102,16.54,45.4,5.74,1.76,494.6,7.64,-99.99,5.11,3.88,7.63,-99.99,2.41,83.6,0,312,2.57,0.16,-0.03,6.65
2002,198,2030,84.6,-0.06,5.62,7.51,5.03,414.8,8.62,-99.99,4.87,3.79,6.98,-99.99,2.28,84.4,0,325,1.94,0.07,-0.03,-0.02
2002,198,2100,34.07,5.25,6.64,-0.42,-0.92,266.6,8.36,-99.99,4.66,3.73,5.16,-99.99,2.15,84.5,0,335,2.79,0.06,0,2.11
2002,198,2130,56.24,3.51,7.61,2.68,2.61,268.5,7.93,-99.99,4.45,3.61,5,-99.99,2,84.2,0,344,2.7,0.16,-0.02,1.41
2002,198,2200,47.43,7.21,5.74,1.59,2.77,253.4,7.84,-99.99,4.26,3.48,5.01,-99.99,1.87,82.6,0,351,2.71,0.15,-0.01,2.9
2002,198,2230,48.48,7.88,9.56,0.97,1.77,241.5,7.34,-99.99,4.08,3.37,4.77,-99.99,1.74,82,0,349,2.7,0.13,-0.01,3.17
2002,198,2300,-0.99,1.45,-2.53,-5.81,-6.6,147.3,7.11,-99.99,3.87,3.25,2.89,-99.99,1.58,83.4,0,359,2.15,0.07,0.01,0.58
2002,198,2330,-6.58,-2.25,-12.18,-5.96,-7.21,125.6,6.7,-99.99,3.64,3.11,2.19,-99.99,1.41,86.3,0,30,2.82,0.12,0.02,-0.9
2002,199,0,0.96,2.18,-8.58,-4,-4.01,115.2,6.59,-99.99,3.43,2.97,2.17,-99.99,1.26,86.2,0,44,2.93,0.17,0.02,0.88
2002,199,30,-0.6,-1.67,-21.55,-3.71,-2.72,91.9,6.32,-99.99,3.24,2.82,2.09,-99.99,1.09,86.7,0,38,2.88,0.22,0.03,-0.67
2002,199,100,1.43,-1,-16.29,-3.32,-2.68,79.6,6.08,-99.99,3.06,2.67,1.87,-99.99,0.92,87.2,0,30,3.37,0.21,0.03,-0.4
2002,199,130,-12.35,-2.34,-23.83,-5.71,-4.89,73.4,5.72,-99.99,2.89,2.54,1.38,-99.99,0.77,87.1,0,36,4,0.25,0.03,-0.94
2002,199,200,-11.54,-3.18,-28.2,-5.53,-5.17,79.8,5.33,-99.99,2.7,2.4,1.04,-99.99,0.6,88.1,0,44,4.6,0.31,0.03,-1.27
2002,199,230,-5.9,-0.79,-17.72,-5.78,-5.38,81.9,4.73,-99.99,2.53,2.26,0.73,-99.99,0.46,89.3,0,50,4.28,0.26,0.03,-0.32
2002,199,300,11.26,1.32,-9.89,-3.16,-1.73,82.1,4.75,-99.99,2.37,2.11,1.06,-99.99,0.31,88.8,0,54,4.32,0.26,0.03,0.53
2002,199,330,11.15,0.52,-5.99,-3.65,-2.1,81.7,4.56,-99.99,2.22,1.98,0.97,-99.99,0.18,89.9,0,56,4.25,0.26,0.03,0.21
2002,199,400,3.46,-2.38,-9.35,-5.33,-4.13,93.9,4.18,-99.99,2.1,1.87,0.56,-99.99,0.06,91.4,0,52,4.36,0.24,0.02,-0.95
2002,199,430,28.96,0.03,-5.42,-0.96,0.55,142.7,4.51,-99.99,1.97,1.74,1.08,-99.99,-0.06,91.7,0,49,4.7,0.27,0,0.01
2002,199,500,57.63,4.67,10.99,3.15,6.03,211.4,5.44,-99.99,1.88,1.62,2.4,-99.99,-0.11,88.9,0,53,4.76,0.29,-0.02,1.87
2002,199,530,44.02,2.79,10.15,1,4.25,168.5,5.45,-99.99,1.81,1.53,2.31,-99.99,-0.18,89.2,0,55,4.25,0.25,-0.01,1.12
2002,199,600,34.93,2.2,7.5,-0.07,2.46,129.9,5.33,-99.99,1.76,1.45,1.98,-99.99,-0.25,90.1,0,51,4.47,0.27,0,0.88
2002,199,630,53.97,2.11,10.78,2.09,5.03,200,5.55,-99.99,1.71,1.38,2.34,-99.99,-0.3,90.3,0,78,4.97,0.28,-0.01,0.85
2002,199,700,128.7,20.45,61.85,11.99,25.29,538.2,7.28,-99.99,1.71,1.31,5.41,-99.99,-0.27,84.9,0,87,5.07,0.29,-0.05,8.22
2002,199,730,129.5,22.94,77.33,10.2,25.58,609.3,7.5,-99.99,1.76,1.27,6.47,-99.99,-0.21,82,0,78,4.92,0.3,-0.06,9.22
2002,199,800,165.5,27.42,94.07,12.74,26.63,735,7.16,-99.99,1.8,1.25,6.65,-99.99,-0.18,82.9,0,73,4.82,0.3,-0.07,11.02
2002,199,830,117.1,15.8,58.23,9.08,15.13,506.9,6.82,-99.99,1.83,1.22,5.59,-99.99,-0.16,85.1,0,77,3.91,0.25,-0.08,6.35
2002,199,900,131.7,28.03,80.45,11.7,16.69,517.6,6.95,-99.99,1.87,1.23,5.83,-99.99,-0.12,85.4,0,58,3.69,0.28,-0.13,11.26
2002,199,930,162.8,26.75,83.85,13.48,17.26,578.2,6.85,-99.99,1.96,1.25,6.27,-99.99,-0.07,85.9,0,39,4.62,0.3,-0.13,10.75
2002,199,1000,212,41.04,119.06,18.1,23.76,778,7.01,-99.99,2.06,1.29,7.65,-99.99,0.02,84.3,0,53,4.02,0.28,-0.16,16.49
2002,199,1030,302.4,65.85,208.84,26.42,34.85,1114,7.57,-99.99,2.29,1.33,11.48,-99.99,0.2,82.2,0,56,4.17,0.29,-0.13,26.47
2002,199,1100,223.9,43.38,135.06,19.15,20.5,822,7.15,-99.99,2.39,1.4,8.6,-99.99,0.24,84.2,0,53,4.59,0.29,-0.14,17.43
2002,199,1130,352.1,68.25,218.92,24.91,31.35,1281,7.49,-99.99,2.64,1.49,12.73,-99.99,0.44,82.5,0,56,4.76,0.33,-0.14,27.43
2002,199,1200,340.3,73.9,238.11,18.03,22.13,1286,7.5,-99.99,2.87,1.61,12.91,-99.99,0.6,82.6,0,52,5.03,0.35,-0.13,29.7
2002,199,1230,357.8,72,222.86,16.41,18.1,1316,7.21,-99.99,3.11,1.76,13,-99.99,0.76,83,0,44,5.37,0.35,-0.12,28.93
2002,199,1300,366.9,61.63,205.03,16.84,18.27,1342,7.08,-99.99,3.34,1.89,13.61,-99.99,0.92,83.3,0,53,5.02,0.31,-0.12,24.76
2002,199,1330,376,77.44,259.97,15.81,16.89,1357,7.18,-99.99,3.56,2.04,13.94,-99.99,1.08,83.1,0,55,5.49,0.38,-0.15,31.11
2002,199,1400,377,73.64,236.89,16.61,17.47,1355,7.17,-99.99,3.78,2.2,14.28,-99.99,1.22,82.6,0,52,5.02,0.34,-0.13,29.58
2002,199,1430,374,60.34,201.69,18.3,19.26,1345,7.23,-99.99,3.96,2.34,14.18,-99.99,1.36,82.6,0,59,4.78,0.29,-0.11,24.24
2002,199,1500,369.2,60.67,211.95,18.62,19.16,1326,7.32,-99.99,4.11,2.48,14.13,-99.99,1.49,82.3,0,63,4.86,0.31,-0.09,24.38
2002,199,1530,360.1,70.24,218.26,18.05,17.58,1289,7.35,-99.99,4.23,2.62,13.91,-99.99,1.6,82.3,0,55,4.91,0.32,-0.11,28.23
2002,199,1600,346.9,61.33,203.78,18.04,16.47,1251,7.33,-99.99,4.32,2.73,13.32,-99.99,1.7,81.6,0,57,4.73,0.31,-0.1,24.65
2002,199,1630,328.6,52.3,176,16.43,14.23,1195,7.12,-99.99,4.38,2.83,12.45,-99.99,1.75,81.8,0,54,4.51,0.28,-0.1,21.02
2002,199,1700,307.6,56.61,183.51,15.99,14.46,1134,7.2,-99.99,4.42,2.9,12.09,-99.99,1.8,81.4,0,58,3.89,0.28,-0.11,22.75
2002,199,1730,285.1,46.57,159.72,14.99,13.93,1067,7.28,-99.99,4.42,2.97,11.52,-99.99,1.83,81.7,0,63,4.14,0.26,-0.09,18.71
2002,199,1800,261.8,44.17,159.24,14.05,12.58,991,7.4,-99.99,4.41,3.02,10.56,-99.99,1.84,81.9,0,58,4.18,0.29,-0.09,17.76
2002,199,1830,235.1,33.28,129.39,12.45,9.97,904,7.16,-99.99,4.39,3.06,9.78,-99.99,1.84,83.1,0,57,4.24,0.27,-0.08,13.38
2002,199,1900,206.7,41.41,138.56,12.62,8.54,815,7.11,-99.99,4.34,3.07,9.11,-99.99,1.84,83.1,0,54,3.84,0.27,-0.11,16.64
2002,199,1930,179.8,23.41,79.76,11.27,6.91,727,6.91,-99.99,4.26,3.07,8.38,-99.99,1.79,83.6,0,51,3.58,0.21,-0.06,9.41
2002,199,2000,152.5,22.36,78.27,8.73,3.64,636.2,6.9,-99.99,4.1,3.04,7.55,-99.99,1.72,84,0,46,3.69,0.23,-0.06,8.98
2002,199,2030,125.9,18.49,60.39,5.55,0.56,546.8,6.78,-99.99,3.93,3.01,6.67,-99.99,1.64,84.8,0,33,3.77,0.24,-0.05,7.43
2002,199,2100,99.3,15.28,50.98,3.03,0.78,461.3,6.66,-99.99,3.73,2.92,6,-99.99,1.55,85.6,0,31,3.06,0.23,-0.06,6.14
2002,199,2130,76.2,1.99,20.81,-1.77,-1.93,384.6,5.55,-99.99,3.56,2.84,4.98,-99.99,1.43,86.4,0,13,2.54,0.18,-0.04,0.8
2002,199,2200,55.05,3.69,22.17,-2.66,-3.27,309.2,5.53,-99.99,3.37,2.74,4.11,-99.99,1.31,88.8,0,32,2.53,0.17,-0.03,1.48
2002,199,2230,36.13,1.02,8.81,-4.18,-4.33,248.1,5.44,-99.99,3.16,2.62,3.57,-99.99,1.17,89.2,0,45,2.45,0.13,-0.01,0.41
2002,199,2300,22.46,-0.94,3.08,-6.58,-6.12,194.9,5.05,-99.99,2.95,2.5,2.77,-99.99,1.03,90.8,0,51,2.1,0.13,0,-0.38
2002,199,2330,8.7,-0.36,-0.68,-7.82,-7.47,153.1,5.44,-99.99,2.73,2.36,1.79,-99.99,0.85,89.8,0,65,1.13,0.06,0,-0.14
2002,200,0,1.65,0.06,0.64,-8.71,-8.75,120.2,5.06,-99.99,2.55,2.24,0.83,-99.99,0.68,89.4,0,321,0.93,0.14,0,0.02
2002,200,30,-21.39,-1.48,-2.94,-9.66,-9.63,92.5,4.47,-99.99,2.37,2.12,0.35,-99.99,0.52,91.3,0,332,1.66,0.04,0.01,-0.59
2002,200,100,-20.89,-0.51,-3.48,-9.04,-9.35,83.5,3.54,-99.99,2.2,2,-0.3,-99.99,0.34,92.6,0,318,2.01,0.1,0.02,-0.2
2002,200,130,-15.26,0.23,-2.13,-9.13,-9.5,75.4,2.94,-99.99,2.03,1.87,-0.67,-99.99,0.17,92.7,0,300,2.2,0.11,0.01,0.09
2002,200,200,-8.08,-1.12,-4.37,-9.14,-9.88,72.6,2.54,-99.99,1.84,1.72,-1.05,-99.99,-0.03,92.3,0,341,1.98,0.07,0.02,-0.45
2002,200,230,-5.18,-0.01,0.84,-8.53,-9.84,76.1,2.15,-99.99,1.66,1.56,-1.31,-99.99,-0.21,92.1,0,19,1.39,0.04,0.01,0
2002,200,300,-0.37,-0.41,-1.56,-7.14,-8.75,89.5,2.35,-99.99,1.48,1.41,-1.28,-99.99,-0.37,91.3,0,58,1.27,0.04,0.01,-0.16
2002,200,330,3.79,-0.39,-0.93,-5.77,-7.43,109.4,2.63,-99.99,1.34,1.28,-1.1,-99.99,-0.51,90.6,0,39,1.03,0.03,0.01,-0.16
2002,200,400,9.16,-0.37,-0.29,-4.07,-5.17,141.2,3.38,-99.99,1.21,1.15,-0.73,-99.99,-0.63,89.5,0,20,0.79,0.02,0.01,-0.15
2002,200,430,15.93,0.31,0.36,-2.27,-2.66,191.3,4.53,-99.99,1.1,1.04,-0.05,-99.99,-0.72,85.8,0,226,0.38,0.02,-0.01,0.12
2002,200,500,25.02,4.46,8.94,-0.29,0.66,255.2,5.23,-99.99,1.02,0.95,0.83,-99.99,-0.79,85.1,0,268,1.4,0.09,-0.02,1.79
2002,200,530,36.96,8.61,17.52,-0.57,3.35,312.5,4.23,-99.99,1,0.89,1.2,-99.99,-0.83,86.7,0,310,2.41,0.15,-0.03,3.45
2002,200,600,50.87,10.59,25.47,1.82,9.61,375.2,4.38,-99.99,0.96,0.81,2.18,-99.99,-0.87,86.7,0,330,2.05,0.12,-0.06,4.24
2002,200,630,67.01,15.43,40.41,4.85,20.4,458,5.43,-99.99,0.93,0.74,3.96,-99.99,-0.88,83.3,0,345,1.76,0.15,-0.09,6.18
2002,200,700,86.2,19.62,41.31,5.17,23.23,537.3,5.51,-99.99,0.96,0.7,4.93,-99.99,-0.86,81.6,0,353,2.48,0.14,-0.08,7.86
2002,200,730,106.9,19.59,38.33,7.31,26.8,617.4,5.66,-99.99,1.01,0.67,5.74,-99.99,-0.83,79.1,0,21,2.09,0.12,-0.08,7.85
2002,200,800,133.1,43.3,111.91,8.12,28.27,715,6.4,-99.99,1.08,0.64,6.75,-99.99,-0.77,75.9,0,10,2.22,0.18,-0.17,17.36
2002,200,830,174.4,34.76,90.34,11.59,27.15,783,5.98,-99.99,1.22,0.65,7.16,-99.99,-0.7,77.9,0,357,2.83,0.18,-0.12,13.94
2002,200,900,192.8,39.73,100.02,15.09,30,883,6.47,-99.99,1.35,0.67,8.82,-99.99,-0.58,76,0,22,2.23,0.18,-0.15,15.93
2002,200,930,141.8,29.97,78.49,6.27,12.72,684.3,6.1,-99.99,1.51,0.74,7.17,-99.99,-0.51,78.3,0,10,2.61,0.16,-0.12,12.02
2002,200,1000,140,27.84,76.01,8.56,14.44,637.3,5.54,-99.99,1.63,0.83,6.67,-99.99,-0.41,80.4,0,353,2.3,0.15,-0.14,11.16
2002,200,1030,227.2,41.47,113.82,17.18,25.18,890,5.59,-99.99,1.78,0.9,8.42,-99.99,-0.35,80.1,0,3,2.45,0.16,-0.16,16.63
2002,200,1100,291.6,44.73,137.19,23.43,34.61,1186,7.17,-99.99,2.02,0.95,13,-99.99,-0.17,77.1,0,20,1.8,0.1,-0.13,17.95
2002,200,1130,310.8,58.39,182.52,25.19,32.02,1241,8,-99.99,2.29,1.03,14.3,-99.99,-0.01,78.6,0,51,2.34,0.17,-0.14,23.47
2002,200,1200,318.5,62.78,160.01,24.65,30.63,1251,8.49,-99.99,2.6,1.19,15.08,-99.99,0.22,77.1,0,38,1.95,0.14,-0.11,25.25
2002,200,1230,343.7,67.64,170.61,22.31,28.22,1328,9.11,-99.99,2.95,1.37,16.17,-99.99,0.49,73.4,0,15,2.31,0.17,-0.12,27.23
2002,200,1300,355.8,73.25,184.84,18.87,23.56,1348,8.69,-99.99,3.34,1.61,16.43,-99.99,0.75,72.5,0,2,2.76,0.18,-0.13,29.47
2002,200,1330,366,80.76,191.45,15.08,19.27,1345,7.72,-99.99,3.71,1.87,16.11,-99.99,0.98,75.7,0,1,3.35,0.23,-0.16,32.46
2002,200,1400,368.3,68.54,167.98,17.39,20.34,1332,7.64,-99.99,4,2.1,16.18,-99.99,1.18,74.4,0,1,3.13,0.19,-0.14,27.55
2002,200,1430,368.8,75.45,181.09,17.69,20.13,1321,7.36,-99.99,4.24,2.31,15.9,-99.99,1.39,76.1,0,7,3.43,0.2,-0.14,30.31
2002,200,1500,367.4,57.02,155.21,14.82,16.3,1299,6.64,-99.99,4.46,2.53,14.83,-99.99,1.6,77.8,0,359,4.12,0.22,-0.1,22.89
2002,200,1530,359.7,59.41,167.21,15.99,15.62,1265,6.34,-99.99,4.58,2.7,14.45,-99.99,1.63,78.9,0,5,4.25,0.25,-0.11,23.84
2002,200,1600,348.7,46.28,162.37,15.85,12.74,1224,6.23,-99.99,4.64,2.83,13.33,-99.99,1.7,82.6,0,22,4.55,0.26,-0.06,18.57
2002,200,1630,331.3,55.15,173.45,12.59,11.03,1173,6.02,-99.99,4.66,2.94,12.32,-99.99,1.76,83.9,0,12,4.73,0.29,-0.11,22.13
2002,200,1700,310,50.93,166.23,12.31,10.41,1109,5.86,-99.99,4.66,3.04,11.45,-99.99,1.79,84.2,0,19,4.62,0.29,-0.1,20.43
2002,200,1730,287.7,49.61,159.37,12.19,10.37,1043,6.15,-99.99,4.59,3.08,10.87,-99.99,1.78,83.4,0,20,4.42,0.28,-0.11,19.91
2002,200,1800,263.3,46.38,145,10.79,9.4,967,6.09,-99.99,4.54,3.12,9.86,-99.99,1.77,82.7,0,15,4.62,0.29,-0.1,18.61
2002,200,1830,236.1,48.93,153.32,10.22,8.29,884,5.87,-99.99,4.47,3.14,9.25,-99.99,1.74,83.3,0,13,4.28,0.31,-0.13,19.63
2002,200,1900,209.2,39.55,123.26,9.4,6.01,796,5.75,-99.99,4.38,3.14,8.36,-99.99,1.68,83.5,0,16,4.47,0.29,-0.1,15.87
2002,200,1930,181.5,33.38,114.78,7.54,4.02,708,5.55,-99.99,4.28,3.12,7.62,-99.99,1.64,84,0,15,4.4,0.3,-0.09,13.39
2002,200,2000,154,23.45,84.34,6.65,1.34,615.4,5.45,-99.99,4.07,3.07,6.74,-99.99,1.66,84.6,0,22,4.22,0.27,-0.07,9.4
2002,200,2030,126.7,17.41,63.12,4.56,-1.09,523.3,5.82,-99.99,3.84,2.97,5.84,-99.99,1.52,84.2,0,32,4.32,0.28,-0.06,6.98
2002,200,2100,100.9,14.47,48.29,2.36,0.22,441.9,6.08,-99.99,3.62,2.88,5.35,-99.99,1.41,85.1,0,30,4.06,0.26,-0.05,5.81
2002,200,2130,78.5,9.01,30.27,-0.32,-1.24,365.7,6.1,-99.99,3.43,2.77,4.59,-99.99,1.29,85.1,0,32,4.08,0.24,-0.03,3.62
2002,200,2200,56.35,5.18,20.35,-1.82,-1.9,295,6.01,-99.99,3.24,2.66,4,-99.99,1.16,86.2,0,30,3.86,0.24,-0.02,2.08
2002,200,2230,37.3,1.34,10.43,-3.6,-3.51,231.1,5.57,-99.99,3.05,2.54,3.37,-99.99,1.01,88.1,0,28,3.63,0.23,-0.01,0.54
2002,200,2300,23.53,-0.59,1.62,-5.36,-4.91,180.7,5.19,-99.99,2.88,2.43,2.67,-99.99,0.87,89.2,0,25,3.5,0.18,0,-0.24
2002,200,2330,9.59,-0.49,-4.56,-5.93,-5.74,137.2,4.95,-99.99,2.68,2.31,1.65,-99.99,0.75,89.4,0,24,3.45,0.2,0.01,-0.2
2002,201,0,2.04,-0.6,-9.29,-6.47,-6.09,104.5,4.88,-99.99,2.49,2.18,1.01,-99.99,0.6,89,0,39,3.23,0.19,0.01,-0.24
2002,201,30,-19.07,-2.78,-9.86,-7.92,-7.64,84.1,4.38,-99.99,2.32,2.05,0.5,-99.99,0.37,89.6,0,55,2.85,0.15,0.01,-1.11
2002,201,100,-20.49,-2.83,-11.2,-7.22,-7.04,76.9,4.47,-99.99,2.14,1.92,0.17,-99.99,0.19,90.6,0,37,2.93,0.14,0.02,-1.13
2002,201,130,-15.87,-4.29,-14.2,-7.24,-7.28,70,4.06,-99.99,1.99,1.8,-0.14,-99.99,0.06,91.4,0,28,3.25,0.16,0.02,-1.72
2002,201,200,-12.05,-4.01,-13.82,-6.47,-6.26,69.36,4.21,-99.99,1.83,1.67,-0.16,-99.99,-0.07,92,0,25,3.34,0.16,0.02,-1.61
2002,201,230,-12.24,-4.19,-15.81,-5.75,-5.35,73.5,4.18,-99.99,1.69,1.54,-0.18,-99.99,-0.22,92,0,29,3.77,0.21,0.02,-1.68
2002,201,300,-9.19,-4.45,-15.81,-4.8,-4.38,83.6,4.48,-99.99,1.54,1.42,-0.06,-99.99,-0.31,91.7,0,31,3.51,0.21,0.02,-1.78
2002,201,330,-3.34,-3.21,-12.6,-4.45,-4.1,101.2,4.56,-99.99,1.43,1.3,-0.04,-99.99,-0.43,91.1,0,28,3.29,0.18,0.01,-1.29
2002,201,400,3.18,-2.52,-9.23,-3.61,-2.7,128.3,4.7,-99.99,1.31,1.19,0.15,-99.99,-0.53,91,0,31,3.32,0.19,0.01,-1.01
2002,201,430,11.3,-0.47,-3.05,-2.62,-1.57,169.1,4.85,-99.99,1.22,1.09,0.48,-99.99,-0.61,90.4,0,27,3.28,0.17,0,-0.19
2002,201,500,21.04,1.54,-0.04,-1.73,0.03,218.3,5.13,-99.99,1.15,1.01,0.99,-99.99,-0.69,89.3,0,33,3.54,0.2,-0.02,0.62
2002,201,530,31.45,5.95,11.27,-0.69,3.05,275.8,5.42,-99.99,1.08,0.93,1.66,-99.99,-0.76,87.8,0,36,3.03,0.2,-0.04,2.39
2002,201,600,45.61,7.84,18.24,1.6,8.22,346.8,5.76,-99.99,1.04,0.86,2.74,-99.99,-0.82,87.3,0,40,2.96,0.19,-0.06,3.14
2002,201,630,63.32,8.46,25.36,3.43,14.87,426.5,5.98,-99.99,1.02,0.79,3.99,-99.99,-0.85,86.4,0,35,3.5,0.18,-0.05,3.39
2002,201,700,82.2,14,40.81,4.53,18.94,507,6.13,-99.99,1.03,0.75,4.83,-99.99,-0.83,85.7,0,48,3.82,0.22,-0.07,5.62
2002,201,730,103.3,19.8,61.97,5.15,20.47,589.9,6.37,-99.99,1.07,0.72,5.38,-99.99,-0.77,85.1,0,47,4.18,0.25,-0.09,7.95
2002,201,800,128.3,31.64,100.8,6.1,21.01,676.3,6.53,-99.99,1.12,0.7,5.97,-99.99,-0.77,85.2,0,39,4.18,0.29,-0.12,12.7
2002,201,830,155.4,34.31,105.43,7.86,22.5,766,6.56,-99.99,1.21,0.69,6.76,-99.99,-0.74,84.5,0,35,4.2,0.27,-0.12,13.77
2002,201,900,185.1,35.32,114.18,9.78,22,853,6.72,-99.99,1.33,0.71,7.67,-99.99,-0.66,83.9,0,35,4.55,0.3,-0.11,14.18
2002,201,930,213.6,40.36,133.63,10.9,20.96,938,6.75,-99.99,1.49,0.77,8.52,-99.99,-0.56,84,0,34,4.63,0.3,-0.11,16.2
2002,201,1000,241.5,52.2,169.42,13.14,21.57,1013,6.95,-99.99,1.66,0.83,9.57,-99.99,-0.46,83.5,0,37,4.4,0.31,-0.14,20.97
2002,201,1030,267.6,54.09,172.8,16.3,23.08,1084,7.26,-99.99,1.83,0.9,10.47,-99.99,-0.34,82.4,0,41,4.46,0.3,-0.13,21.73
2002,201,1100,292.4,60.39,190.88,16.81,24.96,1150,7.46,-99.99,2.06,0.99,11.75,-99.99,-0.23,81.9,0,36,4.56,0.31,-0.14,24.27
2002,201,1130,315,69.51,215,18.09,24.22,1201,7.33,-99.99,2.3,1.11,12.68,-99.99,-0.06,81.8,0,35,4.57,0.34,-0.15,27.93
2002,201,1200,333.6,68.01,220.33,19.2,23.08,1242,7.51,-99.99,2.56,1.26,13.36,-99.99,0.37,82,0,36,4.47,0.31,-0.14,27.33
2002,201,1230,350.3,60.3,201.87,17.02,19.69,1277,7.46,-99.99,2.8,1.41,13.37,-99.99,0.61,82.6,0,42,5.16,0.34,-0.11,24.23
2002,201,1300,362.2,69.93,237.36,16.12,17.96,1299,7.61,-99.99,3.05,1.58,13.84,-99.99,0.79,82.8,0,46,5.16,0.37,-0.14,28.11
2002,201,1330,368.5,65.41,207.06,16.38,18.84,1311,7.94,-99.99,3.3,1.75,14.57,-99.99,0.96,81.6,0,47,5.02,0.33,-0.12,26.31
2002,201,1400,371.4,74.36,217.31,16.62,19.74,1309,8.29,-99.99,3.54,1.92,15.02,-99.99,1.12,81.5,0,37,4.89,0.34,-0.12,29.92
2002,201,1430,371.8,75.07,231.93,16.08,17.98,1306,8.22,-99.99,3.75,2.08,14.6,-99.99,1.28,81.9,0,36,5.47,0.36,-0.1,30.21
2002,201,1500,368.2,61.08,196.94,15.62,16.27,1280,7.95,-99.99,3.92,2.25,14.04,-99.99,1.41,82.7,0,37,5.61,0.36,-0.09,24.57
2002,201,1530,359.4,72.51,230.84,16.58,16.68,1252,8.06,-99.99,4.04,2.4,14.1,-99.99,1.52,82.7,0,39,5.58,0.4,-0.12,29.17
2002,201,1600,346,53.92,187.89,16.51,15.68,1217,8.19,-99.99,4.11,2.53,13.3,-99.99,1.63,83.3,0,46,5.49,0.35,-0.1,21.7
2002,201,1630,329,56.56,199.28,15.25,14.31,1171,8.22,-99.99,4.16,2.63,12.44,-99.99,1.69,84.2,0,48,5.62,0.39,-0.11,22.76
2002,201,1700,309,48.01,189.19,14.08,13.96,1117,8.24,-99.99,4.18,2.71,11.88,-99.99,1.74,84.7,0,56,5.44,0.37,-0.12,19.32
2002,201,1730,285.5,44.8,192.46,13.53,14.34,1050,8.41,-99.99,4.18,2.77,11.43,-99.99,1.77,85.2,0,60,5.25,0.38,-0.11,18.04
2002,201,1800,260.4,29.8,154.11,12.65,13.51,972,8.36,-99.99,4.17,2.82,10.46,-99.99,1.79,86.6,0,63,5.44,0.35,-0.09,12
2002,201,1830,234.9,19.38,112.21,11.3,10.98,889,8.06,-99.99,4.15,2.86,9.69,-99.99,1.8,87.9,0,67,5.67,0.33,-0.05,7.8
2002,201,1900,217.5,19.25,116.86,12.44,11.66,825,8.1,-99.99,4.11,2.88,9.29,-99.99,1.8,88.6,0,63,5.23,0.33,-0.07,7.75
2002,201,1930,180.1,14.15,85.37,10.27,8.36,709,8.05,-99.99,4.03,2.88,8.41,-99.99,1.76,89,0,52,5.14,0.33,-0.07,5.69
2002,201,2000,149.4,10.68,75.65,7.23,4.61,615.7,7.79,-99.99,3.89,2.86,7.53,-99.99,1.71,88.9,0,54,4.98,0.31,-0.06,4.3
2002,201,2030,122.1,6.98,66.08,5.16,1.96,525.4,7.56,-99.99,3.73,2.82,6.72,-99.99,1.64,90,0,61,4.23,0.3,-0.06,2.81
2002,201,2100,94.8,2.05,40.73,3,2.2,435.7,7.52,-99.99,3.55,2.75,6.14,-99.99,1.56,90.4,0,52,3.77,0.26,-0.05,0.82
2002,201,2130,72.1,2.31,27.46,-0.3,0.44,355.4,7.33,-99.99,3.4,2.69,5.23,-99.99,1.46,91.2,0,40,4.46,0.27,-0.02,0.93
2002,201,2200,50.93,-0.75,13.43,-2.58,-1.87,285.7,6.62,-99.99,3.24,2.61,4.28,-99.99,1.37,91.3,0,50,3.89,0.24,-0.02,-0.3
2002,201,2230,31.49,-4.01,2.92,-4.16,-3.47,221.1,6.17,-99.99,3.06,2.51,3.6,-99.99,1.26,91.7,0,53,3.74,0.22,0,-1.61
2002,201,2300,17.94,-4.81,-4.17,-5.29,-4.18,170.1,5.96,-99.99,2.88,2.41,2.89,-99.99,1.13,92.7,0,46,3.92,0.22,0.01,-1.93
2002,201,2330,-0.91,-6.08,-10.55,-6.32,-5.53,120,5.62,-99.99,2.71,2.31,1.84,-99.99,0.99,93.6,0,43,3.54,0.2,0.02,-2.44
2002,202,0,-5.77,-7.78,-12.51,-7.1,-6.44,92.7,5.27,-99.99,2.54,2.2,1.1,-99.99,0.84,94.9,0,39,3,0.18,0.03,-3.12
2002,202,30,-13.3,-6.64,-12.04,-7.71,-7.19,72.9,4.9,-99.99,2.37,2.08,0.64,-99.99,0.68,96,0,40,3.02,0.16,0.03,-2.66
2002,202,100,-5.01,-99.99,-99.99,-7.5,-7,66.89,4.54,-99.99,2.2,1.97,0.29,-99.99,0.53,96.4,0,-99.99,-99.99,-99.99,-99.99,-99.99
2002,202,130,0.35,-99.99,-99.99,-6.86,-6.15,52.53,4.16,-99.99,2.05,1.85,0.14,-99.99,0.39,97.2,0,-99.99,-99.99,-99.99,-99.99,-99.99
2002,202,200,3.41,-99.99,-99.99,-5.43,-3.92,43.39,3.8,-99.99,1.91,1.72,0.2,-99.99,0.16,97.7,0,-99.99,-99.99,-99.99,-99.99,-99.99
2002,202,230,3.17,-99.99,-99.99,-6.43,-4.81,48.57,3.82,-99.99,1.77,1.6,0.09,-99.99,-0.05,97.9,0,-99.99,-99.99,-99.99,-99.99,-99.99
2002,202,300,8.1,-99.99,-99.99,-6.03,-5.05,61.92,3.75,-99.99,1.63,1.48,-0.09,-99.99,-0.18,98.1,0,-99.99,-99.99,-99.99,-99.99,-99.99
2002,202,330,12,-99.99,-99.99,-5.49,-4.77,83.7,4.32,-99.99,1.5,1.37,-0.04,-99.99,-0.29,98,0,-99.99,-99.99,-99.99,-99.99,-99.99
2002,202,400,9.16,-99.99,-99.99,-5.76,-4.08,71,3.86,-99.99,1.38,1.26,-0.1,-99.99,-0.42,98.1,0,-99.99,-99.99,-99.99,-99.99,-99.99
2002,202,430,13.13,-99.99,-99.99,-5.62,-3.67,84.4,3.81,-99.99,1.28,1.16,-0.04,-99.99,-0.52,98.2,0,-99.99,-99.99,-99.99,-99.99,-99.99
2002,202,500,28.61,-99.99,-99.99,-5.88,-5.72,161.7,3.85,-99.99,1.17,1.06,-0.26,-99.99,-0.65,98.2,0,-99.99,-99.99,-99.99,-99.99,-99.99
2002,202,530,55.96,-99.99,-99.99,-0.94,1.33,275.8,4.87,-99.99,1.08,0.96,1.05,-99.99,-0.7,97.8,0,-99.99,-99.99,-99.99,-99.99,-99.99
2002,202,600,81.7,-99.99,-99.99,2.42,8.58,359.2,6.08,-99.99,1.03,0.88,2.56,-99.99,-0.73,97.5,0,-99.99,-99.99,-99.99,-99.99,-99.99
2002,202,630,98.9,3.02,11.68,3.99,15.85,426.6,6.6,-99.99,1.01,0.81,3.92,-99.99,-0.73,95.1,0,71,3.68,0.22,-0.06,1.21
2002,202,700,112.9,14.3,31.08,5.68,21.18,499,7.03,-99.99,1.03,0.77,4.98,-99.99,-0.7,93.2,0,65,3.76,0.26,-0.09,5.74
2002,202,730,127.6,16.68,47.75,5.82,23.5,590,6.98,-99.99,1.08,0.74,5.64,-99.99,-0.67,92.9,0,60,3.99,0.24,-0.09,6.7
2002,202,800,140.6,22.79,78.15,7.55,26.06,690.4,7.32,-99.99,1.15,0.73,6.48,-99.99,-0.62,91.5,0,65,3.92,0.26,-0.11,9.16
2002,202,830,162.9,24.73,101.72,7.79,27.13,773,7.37,-99.99,1.24,0.72,7.31,-99.99,-0.57,90.8,0,67,4.32,0.3,-0.13,9.94
2002,202,900,139.6,10.69,60.23,5.65,16.92,650.4,7.12,-99.99,1.3,0.74,6.29,-99.99,-0.54,91.9,0,72,4.65,0.28,-0.09,4.3
2002,202,930,266.7,39.63,151.27,17.67,35.43,1087,8.49,-99.99,1.49,0.78,10.39,-99.99,-0.37,88,0,71,5.07,0.31,-0.11,15.95
2002,202,1000,278.2,38.18,160.46,17.24,28.21,1078,8.23,-99.99,1.71,0.85,10.48,-99.99,-0.24,88.3,0,70,5.68,0.34,-0.07,15.37
2002,202,1030,306.2,39.37,172.84,20.06,26.42,1182,8.51,-99.99,1.91,0.94,11.64,-99.99,-0.09,86.8,0,70,5.44,0.35,-0.1,15.85
2002,202,1100,310.2,42.64,187.29,23.82,31.26,1167,8.67,-99.99,2.17,1.04,12.71,-99.99,0.09,85.6,0,71,5.2,0.33,-0.12,17.17
2002,202,1130,340.6,49.74,211.65,23.12,30.68,1259,9.2,-99.99,2.39,1.17,14.03,-99.99,0.5,84.8,0,77,5.57,0.38,-0.1,20.04
2002,202,1200,335.4,45.44,177.01,23.3,30.49,1271,10.11,-99.99,2.64,1.33,15.16,-99.99,0.76,81.8,0,81,4.77,0.3,-0.07,18.33
2002,202,1230,336.7,49.64,170.8,26.79,35.41,1312,11.33,-99.99,2.95,1.49,16.95,-99.99,0.98,77.3,0,191,0.72,0.25,-0.05,20.04
2002,202,1300,351.7,55.13,194.14,18.9,25.45,1352,9.81,-99.99,3.34,1.68,16.78,-99.99,1.16,80,0,272,2.67,0.25,-0.08,22.22
2002,202,1330,363.2,44.73,195.67,17.44,23.71,1363,9.57,-99.99,3.71,1.91,16.6,-99.99,1.37,83.3,0,268,3.14,0.33,-0.08,18.02
2002,202,1400,370.7,48,209.53,16.55,22.69,1360,8.87,-99.99,4.07,2.17,16.13,-99.99,1.58,86.7,0,269,3.57,0.34,-0.08,19.33
2002,202,1430,338.7,41.25,180.78,15.38,20.42,1250,8.99,-99.99,4.32,2.4,15.11,-99.99,1.75,85.5,0,272,3.66,0.37,-0.12,16.61
2002,202,1500,369.8,47.05,191.55,23.43,26.93,1302,7.81,-99.99,4.52,2.62,14.25,-99.99,1.87,86.8,0,275,3.7,0.34,-0.1,18.92
2002,202,1530,268,40.96,171.9,9.42,12.83,1031,7.59,-99.99,4.66,2.8,13.28,-99.99,1.98,85.9,0,283,3.47,0.32,-0.08,16.47
2002,202,1600,310.2,42.09,166.06,18.57,19.57,1103,7.11,-99.99,4.71,2.97,12.9,-99.99,2.05,88.2,0,294,2.88,0.21,-0.14,16.91
2002,202,1630,193.1,22.86,92.08,13.22,14.42,727,6.51,-99.99,4.58,3.01,10.04,-99.99,2.08,90.5,0,296,2.62,0.19,-0.09,9.18
2002,202,1700,154,26.2,108,13.42,15.2,577.8,6.52,-99.99,4.46,3.03,8.66,-99.99,2.06,91.6,0,281,2.2,0.23,-0.11,10.52
2002,202,1730,100.3,16.98,68,8.55,11.08,383.6,5.95,-99.99,4.4,3.09,6.66,-99.99,2.02,92.4,0,285,1.82,0.18,-0.1,6.82
2002,202,1800,77.3,15.93,34.72,3.6,7.33,307.1,5.77,-99.99,4.29,3.12,5.56,-99.99,1.97,92.9,0,286,1.27,0.1,-0.08,6.4
2002,202,1830,75.2,11.33,40.78,3.39,6.17,299.2,5.74,-99.99,4.11,3.07,5.17,-99.99,1.88,90.6,0,256,1.9,0.19,-0.05,4.55
2002,202,1900,42.65,8.8,25.78,-0.58,0.22,190.8,5.38,-99.99,3.95,3.02,4.03,-99.99,1.77,91.1,0,252,1.73,0.16,0,3.53
2002,202,1930,32.37,7.91,28.58,-1.43,-1.19,140.8,5.7,-99.99,3.75,2.94,3.6,-99.99,1.66,88,0,247,1.86,0.18,0.01,3.17
2002,202,2000,41.13,5.98,23.38,0.03,-0.18,163.2,5.36,-99.99,3.59,2.86,3.27,-99.99,1.54,89.1,0,236,2.83,0.2,0,2.4
2002,202,2030,36.6,7.56,25.7,-0.66,-0.47,146.2,4.88,-99.99,3.44,2.77,2.88,-99.99,1.42,90.5,0,232,3.01,0.22,0,3.03
2002,202,2100,27.44,1.96,16.94,-2.99,-3.45,104.9,4.44,-99.99,3.27,2.68,2.24,-99.99,1.29,88.9,0,230,3.42,0.2,0.02,0.78
2002,202,2130,34.67,6.88,22.68,-2.84,-3.28,123.3,3.36,-99.99,3.12,2.59,1.77,-99.99,1.17,90.3,0,232,3.47,0.18,0.01,2.75
2002,202,2200,37.68,6.2,22.61,-3.07,-3.73,133.7,2.84,-99.99,2.96,2.48,1.37,-99.99,1.03,90.3,0,231,3.8,0.21,0,2.48
2002,202,2230,34.48,6.54,24.44,-3.99,-4.2,124.8,2.51,-99.99,2.79,2.37,0.96,-99.99,0.89,89.9,0,235,3.9,0.24,0,2.61
2002,202,2300,24.6,6.61,20.68,-5.71,-5.99,101.5,2.28,-99.99,2.61,2.25,0.47,-99.99,0.74,90.7,0,241,3.91,0.26,0.01,2.64
2002,202,2330,17.26,3.78,16.6,-5.91,-5.99,76.7,2.14,-99.99,2.44,2.12,0.2,-99.99,0.6,92.3,0,240,3.68,0.23,0.02,1.51
2002,203,0,7.25,2.89,13.03,-7.41,-7.61,45.39,1.94,-99.99,2.27,2,-0.25,-99.99,0.45,93.2,0,242,4.04,0.27,0.03,1.15
2002,203,30,3.21,2.23,12.18,-7.65,-7.91,33.98,1.82,-99.99,2.09,1.86,-0.54,-99.99,0.29,94.2,0,241,4.07,0.27,0.04,0.89
2002,203,100,2.53,4.38,10.16,-7.71,-7.48,29.35,1.75,-99.99,1.93,1.74,-0.72,-99.99,0.15,94.8,0,246,3.81,0.31,0.02,1.75
2002,203,130,2.59,12.59,8.18,-8.5,-7.45,27.92,1.62,-99.99,1.77,1.61,-1.02,-99.99,0.01,95.3,0,252,3.53,0.36,0.07,5.03
2002,203,200,3.64,8.69,9.48,-8.37,-7.23,29.73,1.49,-99.99,1.62,1.48,-1.13,-99.99,-0.13,94.9,0,263,3.44,0.35,0.02,3.47
2002,203,230,2.15,10.66,7.59,-8.56,-7.61,28.33,1.41,-99.99,1.49,1.37,-1.27,-99.99,-0.25,94.8,0,268,3.49,0.36,0.13,4.26
2002,203,300,3.75,5.94,10.94,-8.4,-7.41,33.4,1.27,-99.99,1.36,1.26,-1.39,-99.99,-0.38,96,0,272,3.7,0.33,0.06,2.37
2002,203,330,3.64,6.23,11.26,-8.45,-7.43,32.68,1.09,-99.99,1.23,1.14,-1.52,-99.99,-0.5,97.1,0,274,3.44,0.3,0.02,2.49
2002,203,400,4.27,5.52,8.42,-7.82,-6.75,33.52,1.13,-99.99,1.11,1.04,-1.5,-99.99,-0.6,97.5,0,266,3.25,0.31,0.05,2.2
2002,203,430,5.23,3.45,6.82,-7.83,-6.71,35.26,1.12,-99.99,1.01,0.94,-1.59,-99.99,-0.7,98,0,275,4.14,0.36,-0.02,1.38
2002,203,500,6.14,-0.09,19,-7.35,-6.23,38.11,1.26,-99.99,0.9,0.84,-1.57,-99.99,-0.78,98.4,0,289,5.37,0.41,-0.01,-0.03
2002,203,530,7.31,-99.99,-99.99,-7.2,-5.99,41.45,1.31,-99.99,0.8,0.73,-1.59,-99.99,-0.87,98.5,0.2,-99.99,-99.99,-99.99,-99.99,-99.99
2002,203,600,11.76,-99.99,-99.99,-6.73,-5.66,53.67,1.33,-99.99,0.7,0.64,-1.65,-99.99,-0.96,98.6,0.4,-99.99,-99.99,-99.99,-99.99,-99.99
2002,203,630,23.16,-99.99,-99.99,-5.71,-4.31,80.4,1.29,-99.99,0.61,0.55,-1.52,-99.99,-1.04,98.6,0.1,-99.99,-99.99,-99.99,-99.99,-99.99
2002,203,700,40.43,-99.99,-99.99,-4.39,-2.63,122,1.24,-99.99,0.53,0.46,-1.38,-99.99,-1.12,98.6,0.1,-99.99,-99.99,-99.99,-99.99,-99.99
2002,203,730,55.69,13.17,38.22,-2.88,-0.71,161.9,1.39,-99.99,0.47,0.38,-1.16,-99.99,-1.17,98.6,0.1,316,7.11,0.44,0,5.26
2002,203,800,64.01,12.03,32.44,-2.94,-0.16,185,1.41,-99.99,0.43,0.32,-1.03,-99.99,-1.22,98.5,0.1,318,7.28,0.41,0.04,4.8
2002,203,830,84.1,9.26,45.38,-1.39,1.62,235.6,1.43,-99.99,0.4,0.27,-0.78,-99.99,-1.26,98.5,0.1,321.5,7.62,0.42,0.04,3.7
2002,203,900,104.2,6.49,58.33,-1.23,2.54,288.4,1.45,-99.99,0.38,0.22,-0.54,-99.99,-1.29,98.5,0.1,325,7.95,0.44,0.04,2.59
2002,203,930,103.6,13.69,64.36,-0.73,3.45,287.1,1.49,-99.99,0.37,0.17,-0.35,-99.99,-1.3,98.5,0,321,7.09,0.42,-0.26,5.46
2002,203,1000,118,20.15,67.97,0.15,3.88,325.5,1.43,-99.99,0.36,0.14,-0.21,-99.99,-1.32,98.4,0,323,6.79,0.43,-0.16,8.04
2002,203,1030,148.9,27.22,75.78,2.65,9.27,405.7,1.68,-99.99,0.39,0.11,0.61,-99.99,-1.31,97.9,0,328,6.44,0.36,-0.17,10.86
2002,203,1100,152.7,33.27,80.65,2.13,7.69,416.9,1.74,-99.99,0.42,0.1,0.62,-99.99,-1.3,97.4,0,328,6.51,0.4,-0.22,13.28
2002,203,1130,174.5,43.86,86.42,2.25,8.85,479.3,1.89,-99.99,0.47,0.1,0.95,-99.99,-1.27,96.9,0.1,325,7.44,0.43,-0.03,17.52
2002,203,1200,177.9,34.32,93.51,1.22,7.95,494.2,1.9,-99.99,0.52,0.1,1.08,-99.99,-1.24,96.9,0,325,7.51,0.44,-0.13,13.71
2002,203,1230,162.5,28.46,80.33,-0.9,5.11,459.1,1.87,-99.99,0.55,0.11,0.88,-99.99,-1.22,97.1,0,327,7.67,0.42,-0.06,11.37
2002,203,1300,124.1,18.62,58.46,-2.99,0.75,360.8,1.73,-99.99,0.55,0.12,0.37,-99.99,-1.22,96.9,0,329,7.26,0.37,-0.08,7.44
2002,203,1330,138.5,24.55,84.88,-1.18,3.07,399,1.81,-99.99,0.54,0.13,0.61,-99.99,-1.21,97,0,332,7.09,0.42,-0.3,9.8
2002,203,1400,177.5,32.76,82.45,0.39,7.45,513.9,1.86,-99.99,0.56,0.12,1.32,-99.99,-1.2,96.2,0,333,7.47,0.39,-0.06,13.08
2002,203,1430,180.9,40.75,104.48,0.77,7.82,553.2,1.91,-99.99,0.58,0.12,1.64,-99.99,-1.18,95.6,0,338,6.97,0.41,-0.11,16.28
2002,203,1500,190.6,37.28,117.41,0.22,7.15,603.7,2.03,-99.99,0.63,0.13,2.13,-99.99,-1.14,94.4,0,344,7.14,0.43,-0.08,14.89
2002,203,1530,145.8,27.31,86.33,-2.45,2.5,458.7,1.81,-99.99,0.65,0.14,1.54,-99.99,-1.12,95.5,0,345,6.55,0.41,-0.09,10.9
2002,203,1600,144.8,26.83,86.27,-0.1,2.83,438.1,1.81,-99.99,0.65,0.16,1.42,-99.99,-1.11,95.2,0,349,6.21,0.39,-0.07,10.71
2002,203,1630,182.2,34.32,106.84,3.32,10.37,545.1,2.15,-99.99,0.68,0.16,2.63,-99.99,-1.06,93.2,0,348,5.84,0.37,-0.09,13.69
2002,203,1700,107.9,27.75,80.16,-2.44,0.22,342.6,2.04,-99.99,0.68,0.18,1.38,-99.99,-1.06,93,0,351,5.51,0.37,-0.09,11.07
2002,203,1730,111.8,20.22,61.51,-0.88,1.18,344.8,2.05,-99.99,0.67,0.18,1.31,-99.99,-1.05,92.8,0,353,5.56,0.33,-0.07,8.07
2002,203,1800,95.3,18.66,59.3,-1.82,-0.53,294.4,1.92,-99.99,0.64,0.18,0.86,-99.99,-1.05,92.9,0,349,5.48,0.32,-0.06,7.44
2002,203,1830,77.5,15.06,47.54,-3.17,-2.67,241.6,1.78,-99.99,0.6,0.17,0.42,-99.99,-1.08,92.8,0,349,5.5,0.31,-0.04,6.01
2002,203,1900,80.5,16.42,51.63,-2.59,-2.15,245.8,1.64,-99.99,0.55,0.15,0.27,-99.99,-1.1,92.8,0,349,5.73,0.34,-0.05,6.55
2002,203,1930,88,17.76,50.77,-1.25,-0.6,265.5,1.58,-99.99,0.49,0.11,0.33,-99.99,-1.14,92.6,0,359,5.69,0.33,-0.05,7.08
2002,203,2000,97.4,18.73,57.02,-0.25,1.41,290.5,1.73,-99.99,0.45,0.08,0.71,-99.99,-1.17,91.8,0,356,5.52,0.33,-0.06,7.47
2002,203,2030,82.9,16.03,51.56,-1.93,-1.65,251.4,1.49,-99.99,0.41,0.05,0.27,-99.99,-1.19,92.6,0,353,5.81,0.34,-0.05,6.39
2002,203,2100,61.28,15.41,52.17,-3.95,-4.84,190.7,1.26,-99.99,0.36,0.02,-0.32,-99.99,-1.23,93.2,0,355,5.99,0.39,-0.04,6.14
2002,203,2130,34.51,8.27,31.78,-6.42,-8.46,117,0.88,-99.99,0.27,-0.03,-1.15,-99.99,-1.29,94.1,0,354,6.01,0.35,0,3.3
2002,203,2200,21.52,6.01,21.06,-7.07,-9.39,80.5,0.53,-99.99,0.15,-0.1,-1.7,-99.99,-1.39,95.3,0,358,5.63,0.32,0,2.39
2002,203,2230,15.19,5.9,15.46,-7.2,-9.09,63.65,0.47,-99.99,0.03,-0.17,-1.95,-99.99,-1.48,95.7,0,359,5.24,0.32,0.01,2.35
2002,203,2300,11.14,4.4,12.38,-7.25,-8.76,52.93,0.48,-99.99,-0.08,-0.24,-2.11,-99.99,-1.57,94.9,0,1,5.19,0.3,0.02,1.75
2002,203,2330,7.8,4.62,11,-7.23,-8.55,44.42,0.52,-99.99,-0.19,-0.31,-2.24,-99.99,-1.64,94.9,0,3,5.37,0.34,0.03,1.84
2002,204,0,5.09,3.64,7.3,-7.04,-8.04,37.99,0.64,-99.99,-0.29,-0.4,-2.29,-99.99,-1.74,95.1,0,8,4.99,0.33,0.03,1.45
2002,204,30,3.66,3.6,8.58,-7.05,-7.79,33.39,0.65,-99.99,-0.39,-0.47,-2.35,-99.99,-1.81,95.6,0,10,5.27,0.33,0.03,1.43
2002,204,100,3.27,3.63,6.88,-7.07,-7.62,31.16,0.69,-99.99,-0.48,-0.55,-2.41,-99.99,-1.89,94.5,0,13,5.09,0.31,0.03,1.45
2002,204,130,2.03,2.2,5.03,-6.9,-7.28,29.58,0.77,-99.99,-0.56,-0.62,-2.43,-99.99,-1.97,94.8,0,16,4.89,0.29,0.03,0.88
2002,204,200,1.76,2.75,3.17,-6.8,-6.98,28.79,0.84,-99.99,-0.65,-0.7,-2.44,-99.99,-2.04,94.5,0,20,4.68,0.28,0.03,1.09
2002,204,230,2.46,2.51,3.36,-6.78,-6.78,29.45,0.86,-99.99,-0.72,-0.77,-2.45,-99.99,-2.1,93.9,0,21,4.49,0.25,0.03,1
2002,204,300,2.67,2.58,3.78,-6.52,-6.4,30.29,0.92,-99.99,-0.8,-0.83,-2.42,-99.99,-2.14,94.5,0,22,4.19,0.25,0.03,1.03
2002,204,330,3.67,2.75,4.2,-6.19,-5.82,32.71,1.06,-99.99,-0.86,-0.9,-2.36,-99.99,-2.2,94.5,0,23.5,4.25,0.26,0.03,1.1
2002,204,400,5.41,2.92,4.63,-5.95,-5.42,37.29,1.14,-99.99,-0.92,-0.95,-2.3,-99.99,-2.24,94.2,0,25,4.31,0.26,0.02,1.16
2002,204,430,6.59,3.09,4.8,-5.95,-5.28,40.91,1.14,-99.99,-0.97,-1.01,-2.28,-99.99,-2.29,94.1,0,23,4.24,0.28,0.03,1.23
2002,204,500,9.96,4.43,4.82,-5.34,-4.57,49.55,1.24,-99.99,-1.03,-1.06,-2.19,-99.99,-2.31,94.1,0,30,4.08,0.25,0.02,1.77
2002,204,530,18.29,7.06,4.84,-4.27,-3.12,69.77,1.36,-99.99,-1.08,-1.11,-2.04,-99.99,-2.32,94.7,0,34,3.93,0.24,0,2.82
2002,204,600,25.34,8.84,8.59,-3.53,-1.82,87.7,1.44,-99.99,-1.1,-1.15,-1.85,-99.99,-2.36,95.4,0,32,3.82,0.25,-0.02,3.52
2002,204,630,28.64,6.53,7.1,-3.46,-1.65,96.6,1.47,-99.99,-1.12,-1.2,-1.75,-99.99,-2.38,95.4,0,30,3.82,0.21,-0.02,2.61
2002,204,700,39.35,10.04,12.28,-2.15,-0.15,125.4,1.53,-99.99,-1.14,-1.23,-1.49,-99.99,-2.39,95.3,0,27,3.71,0.24,-0.04,4
2002,204,730,52.7,16.3,21.33,-0.27,2.49,163.6,1.74,-99.99,-1.14,-1.26,-0.99,-99.99,-2.38,94.9,0,31,3.43,0.23,-0.08,6.5
2002,204,800,58.17,13.49,18.46,0.05,2.81,182.8,1.84,-99.99,-1.12,-1.27,-0.75,-99.99,-2.35,94.3,0,33,3.46,0.2,-0.06,5.38
2002,204,830,56.93,15.73,25.22,-0.11,2.7,184.8,1.96,-99.99,-1.1,-1.28,-0.57,-99.99,-2.33,94.2,0,30,3.17,0.22,-0.08,6.28
2002,204,900,63.4,12.45,24.88,0.49,3.13,209.4,2.05,-99.99,-1.08,-1.28,-0.32,-99.99,-2.31,93.9,0,29,3.29,0.21,-0.07,4.97
2002,204,930,85.4,16.95,38.7,3.09,6.73,274.4,2.24,-99.99,-1.04,-1.28,0.38,-99.99,-2.26,93.1,0,31,3.41,0.22,-0.09,6.77
2002,204,1000,96.1,20.1,49.81,3.6,8,304.5,2.31,-99.99,-0.97,-1.26,0.88,-99.99,-2.22,92.3,0,26,3.5,0.24,-0.11,8.02
2002,204,1030,118.4,23.96,65.54,5.61,10.08,366.8,2.41,-99.99,-0.9,-1.24,1.43,-99.99,-2.15,92,0,28,3.69,0.25,-0.13,9.57
2002,204,1100,151.4,29.03,83.09,8.74,14.33,463.3,2.46,-99.99,-0.8,-1.21,2.36,-99.99,-2.07,91.6,0,24,3.84,0.25,-0.15,11.59
2002,204,1130,192,38.99,116.6,12.95,19.42,584.8,2.76,-99.99,-0.68,-1.16,3.78,-99.99,-1.95,90.4,0,26,3.8,0.26,-0.18,15.57
2002,204,1200,193.1,34.9,106.53,14.19,17.67,593.5,2.85,-99.99,-0.54,-1.09,4.07,-99.99,-1.82,90.3,0,32,3.66,0.25,-0.17,13.94
2002,204,1230,222.4,38.98,115.07,17.48,21.1,689.1,3.05,-99.99,-0.37,-1.01,5.26,-99.99,-1.68,89.5,0,27,3.53,0.21,-0.18,15.57
2002,204,1300,278.5,53.07,163.06,23.19,23.88,870,3.32,-99.99,-0.18,-0.9,7.2,-99.99,-1.47,88.3,0,40,3.48,0.25,-0.21,21.2
2002,204,1330,288.8,51.12,154.69,22.26,22.25,921,3.6,-99.99,0.08,-0.77,8.38,-99.99,-1.26,87.8,0,36,3.63,0.23,-0.14,20.43
2002,204,1400,287.4,54.53,172.99,23.68,21.58,920,3.64,-99.99,0.31,-0.63,8.17,-99.99,-1.09,88.1,0,33,3.57,0.26,-0.2,21.8
2002,204,1430,273.2,50.63,169.37,22.94,19.09,887,3.71,-99.99,0.51,-0.48,7.9,-99.99,-0.9,88.5,0,39,3.51,0.23,-0.2,20.25
2002,204,1500,266.6,44.02,150.77,22.24,19.37,875,3.9,-99.99,0.73,-0.33,8.46,-99.99,-0.7,87.9,0,38,3.53,0.23,-0.18,17.61
2002,204,1530,176.9,25.85,91.7,15.52,12.91,596.8,3.54,-99.99,0.86,-0.18,5.52,-99.99,-0.61,90,0,41,3.16,0.2,-0.12,10.34
2002,204,1600,152.9,23.62,77.33,12.49,11.12,507.1,3.35,-99.99,0.94,-0.05,4.82,-99.99,-0.51,93.1,0,39,3.16,0.16,-0.11,9.45
2002,204,1630,118.1,21.24,72.23,8.68,8.37,400.2,3.4,-99.99,0.96,0.05,3.96,-99.99,-0.46,92.9,0,37,2.82,0.18,-0.11,8.49
2002,204,1700,102.2,19.55,69.92,7.62,7.48,352.5,3.44,-99.99,0.93,0.1,3.41,-99.99,-0.44,92.2,0,49,2.52,0.18,-0.11,7.82
2002,204,1730,120.9,28.39,79.38,11.51,13.16,410.3,3.58,-99.99,0.93,0.14,3.95,-99.99,-0.41,91.6,0,54,2.15,0.16,-0.17,11.36
2002,204,1800,98.6,25.35,53.89,7.29,9.14,343.5,3.5,-99.99,0.92,0.17,3.34,-99.99,-0.41,93,0,48,2.06,0.14,-0.1,10.14
2002,204,1830,108.3,30.67,67.93,8.88,11.25,373,3.63,-99.99,0.91,0.19,3.56,-99.99,-0.4,92.6,0,64,2.03,0.16,-0.14,12.27
2002,204,1900,103.2,23.18,60.17,8.88,11,361.7,3.86,-99.99,0.9,0.2,3.72,-99.99,-0.39,91.3,0,63,2.02,0.13,-0.11,9.28
2002,204,1930,83.4,19.3,51.86,5.89,7.6,298,3.94,-99.99,0.89,0.21,3.3,-99.99,-0.38,91.4,0,51,1.92,0.13,-0.11,7.72
2002,204,2000,53.79,10.04,26.58,1.22,1.97,202.1,3.77,-99.99,0.86,0.23,2.28,-99.99,-0.4,92.6,0,53,2.08,0.14,-0.05,4.02
2002,204,2030,53.28,9.08,27.01,1.43,2.35,194.2,3.93,-99.99,0.82,0.23,2.05,-99.99,-0.42,91.8,0,76,2.71,0.16,-0.03,3.64
2002,204,2100,39.79,7.44,20.45,-0.15,0.76,153.2,4.09,-99.99,0.77,0.22,1.69,-99.99,-0.46,91.9,0,62,2.44,0.16,-0.02,2.98
2002,204,2130,28.13,8.74,16.28,-1.36,-0.3,117.7,4.23,-99.99,0.69,0.2,1.35,-99.99,-0.5,91.7,0,62,2.18,0.15,0.01,3.5
2002,204,2200,21.36,4.52,5.26,-2.09,-0.95,98.3,4.36,-99.99,0.62,0.17,1.08,-99.99,-0.56,91,0,71,2.23,0.12,0.02,1.81
2002,204,2230,16.82,2.81,7.25,-2.39,-1.16,86.1,4.59,-99.99,0.55,0.14,0.98,-99.99,-0.62,89.9,0,96,2.47,0.16,0.02,1.13
2002,204,2300,11.75,2.5,2.22,-3,-1.84,66.99,4.59,-99.99,0.48,0.1,0.78,-99.99,-0.69,90,0,114,2.91,0.15,0.02,1
2002,204,2330,3.95,0.54,-0.17,-4.17,-3.12,46.67,4.54,-99.99,0.4,0.05,0.48,-99.99,-0.75,90.1,0,129,2.71,0.16,0.03,0.22
2002,205,0,1.69,0.09,-1.83,-4.41,-3.44,40.96,4.47,-99.99,0.32,0,0.3,-99.99,-0.82,90.7,0,127,2.65,0.16,0.03,0.03
2002,205,30,0.83,-0.66,-1.2,-4.73,-3.67,33.6,4.4,-99.99,0.22,-0.06,0.06,-99.99,-0.9,91.8,0,132,1.5,0.08,0.02,-0.26
2002,205,100,1.58,-0.59,-1.14,-4.41,-3.16,32.46,4.4,-99.99,0.15,-0.11,0.03,-99.99,-0.96,92.6,0,141,1.7,0.06,0.03,-0.24
2002,205,130,1.64,-0.59,-1.13,-4.24,-2.81,31.58,4.37,-99.99,0.09,-0.15,0.04,-99.99,-1.02,92.9,0,151,1.89,0.09,0.03,-0.24
2002,205,200,0.62,-0.82,-1.62,-4.67,-3.25,30.86,4.33,-99.99,0.02,-0.21,-0.1,-99.99,-1.08,93.3,0,151,1.56,0.06,0.02,-0.33
2002,205,230,0.68,0.49,3.14,-4.45,-2.76,32.57,4.42,-99.99,-0.04,-0.26,-0.11,-99.99,-1.15,93.3,0,223,1.89,0.05,0.01,0.2
2002,205,300,-5.09,-0.71,-2.64,-6.1,-4.68,38.63,3.85,-99.99,-0.08,-0.29,-0.47,-99.99,-1.21,94.3,0,230,2.49,0.12,0.03,-0.28
2002,205,330,-21.67,1.77,-1.99,-15.22,-16.1,58.87,2.39,-99.99,-0.14,-0.32,-2.49,-99.99,-1.31,94.3,0,220,2.38,0.04,0.07,0.71
2002,205,400,2.09,-99.99,-99.99,-11.73,-12.39,69.51,1.56,-99.99,-0.26,-0.39,-2.62,-99.99,-1.42,97,0,-99.99,-99.99,-99.99,-99.99,-99.99
2002,205,430,13.26,-99.99,-99.99,-6.53,-5.42,90.1,1.61,-99.99,-0.39,-0.48,-1.86,-99.99,-1.51,97.6,0,-99.99,-99.99,-99.99,-99.99,-99.99
2002,205,500,18.68,-99.99,-99.99,-6.74,-5.54,113.5,1.48,-99.99,-0.48,-0.55,-1.89,-99.99,-1.6,97.9,0,-99.99,-99.99,-99.99,-99.99,-99.99
2002,205,530,30.47,-99.99,-99.99,-2.52,-0.92,130.5,1.4,-99.99,-0.54,-0.63,-1.46,-99.99,-1.66,98.3,0,-99.99,-99.99,-99.99,-99.99,-99.99
2002,205,600,42.42,-99.99,-99.99,-0.99,0.81,165.2,1.27,-99.99,-0.59,-0.69,-1.23,-99.99,-1.72,98.4,0,-99.99,-99.99,-99.99,-99.99,-99.99
2002,205,630,58.89,-2.05,23.32,0.82,2.8,216.1,1.44,-99.99,-0.62,-0.75,-0.82,-99.99,-1.75,98.4,0,219,4.67,0.26,-0.14,-0.82
2002,205,700,80.3,1.49,22.52,4.03,7.05,298.4,2.03,-99.99,-0.63,-0.79,0.05,-99.99,-1.75,98.3,0,208,4.54,0.24,-0.09,0.6
2002,205,730,87.5,11.12,47.3,6.27,9.6,325.4,3.82,-99.99,-0.62,-0.81,1.22,-99.99,-1.7,96.8,0,206,5.96,0.32,-0.03,4.45
2002,205,800,86.1,11.59,50.96,5.12,6.53,330.5,3.92,-99.99,-0.57,-0.81,1.26,-99.99,-1.68,93.9,0,215,7.09,0.4,-0.02,4.64
2002,205,830,55.13,19.45,42.37,0.94,0.61,205.4,3.33,-99.99,-0.54,-0.8,0.36,-99.99,-1.67,94.3,0,212.5,7.58,0.43,-0.05,7.78
2002,205,900,80.5,27.3,33.78,4.04,4.06,268.9,3.58,-99.99,-0.52,-0.79,0.5,-99.99,-1.64,92.2,0,210,8.06,0.45,-0.07,10.92
2002,205,930,52.05,19.34,13.21,0.68,0.89,180.4,3.94,-99.99,-0.53,-0.79,0.27,-99.99,-1.61,87.7,0,208,8.22,0.45,0.09,7.74
2002,205,1000,29.69,14.46,1.98,-1.53,-1.39,107.8,4.14,-99.99,-0.56,-0.8,0.02,-99.99,-1.61,85.7,0,206,8.51,0.42,0.01,5.79
2002,205,1030,48.03,18.04,9.42,0.67,1.07,156,4.41,-99.99,-0.58,-0.8,0.25,-99.99,-1.62,83.4,0,210,8.74,0.48,-0.03,7.23
2002,205,1100,47.95,22.49,3.88,0.79,1.49,157.4,4.53,-99.99,-0.58,-0.81,0.3,-99.99,-1.63,83.9,0,210,8.71,0.48,0,9.01
2002,205,1130,46.96,19.61,21.02,0.66,1.05,150.8,4.5,-99.99,-0.6,-0.84,0.38,-99.99,-1.65,83.6,0,216,9.04,0.51,0.03,7.85
2002,205,1200,66.59,16.85,37.96,2.61,2.78,209.8,4.66,-99.99,-0.6,-0.85,0.85,-99.99,-1.65,81.4,0,218,9.62,0.53,0.03,6.75
2002,205,1230,65.64,24.82,39.59,2.22,1.89,215.9,4.42,-99.99,-0.58,-0.85,0.7,-99.99,-1.65,83.7,0,221,10.32,0.56,-0.02,9.94
2002,205,1300,49.49,26.36,26.98,0.1,-0.06,161.5,3.94,-99.99,-0.6,-0.85,0.04,-99.99,-1.68,88.2,0,223,10.05,0.61,0.05,10.56
2002,205,1330,63.39,22.07,38.76,1.51,1.43,196.6,3.81,-99.99,-0.61,-0.87,0.18,-99.99,-1.69,89.8,0,223,9.92,0.59,0.01,8.84
2002,205,1400,54.24,11.93,55.79,0,0.2,173.6,3.42,-99.99,-0.61,-0.87,-0.11,-99.99,-1.71,93.1,0.2,225,9.39,0.57,-0.05,4.78
2002,205,1430,125.9,1.78,72.82,6.91,7.67,349.3,3.22,-99.99,-0.62,-0.89,0.62,-99.99,-1.71,95.2,0,227,8.86,0.56,-0.12,0.71
2002,205,1500,148.8,12.89,81.7,7.91,9.52,427,3.24,-99.99,-0.59,-0.91,1.19,-99.99,-1.68,95.6,0,229,8.43,0.53,-0.07,5.16
2002,205,1530,154.2,23.99,90.59,7.77,9.21,453,2.99,-99.99,-0.55,-0.9,1.26,-99.99,-1.66,96.6,0,231,8,0.5,-0.02,9.61
2002,205,1600,190.2,27.57,90.52,10.86,14.03,563.8,2.93,-99.99,-0.49,-0.88,2,-99.99,-1.6,96.5,0,235,7.31,0.47,-0.38,11.04
2002,205,1630,194.6,24.51,100.55,10.54,12.82,594.2,2.72,-99.99,-0.43,-0.86,2.06,-99.99,-1.54,96.3,0,234,7,0.46,-0.36,9.8
2002,205,1700,170.8,25.34,90.56,8.29,10.55,545.4,2.61,-99.99,-0.36,-0.82,1.92,-99.99,-1.48,96.2,0,239,6.43,0.44,-0.25,10.14
2002,205,1730,151.4,28.4,86.84,6.92,7.49,491.3,2.37,-99.99,-0.32,-0.78,1.51,-99.99,-1.43,96,0,237,6.44,0.43,-0.17,11.35
2002,205,1800,148.6,29.66,91.75,6.92,7.06,487.4,2.37,-99.99,-0.28,-0.75,1.52,-99.99,-1.39,95.6,0,235,6.43,0.43,-0.21,11.86
2002,205,1830,136.2,25.02,81.55,6.39,5.91,450.5,2.2,-99.99,-0.26,-0.72,1.32,-99.99,-1.37,95.8,0,235,6.39,0.41,-0.13,10
2002,205,1900,138.4,24.88,85.11,6.74,6.74,450.3,2.21,-99.99,-0.24,-0.69,1.44,-99.99,-1.35,95.2,0,238,5.98,0.41,-0.06,9.94
2002,205,1930,114.8,24.08,67.43,3.61,3.12,368.6,1.9,-99.99,-0.23,-0.67,0.73,-99.99,-1.34,96,0,237,6.39,0.4,0.01,9.62
2002,205,2000,70.2,-99.99,-99.99,-2.22,-2.43,229.1,1.38,-99.99,-0.25,-0.65,-0.33,-99.99,-1.37,97,0,243,-99.99,-99.99,-99.99,-99.99
2002,205,2030,56.66,-99.99,-99.99,-3.83,-4.11,180.2,0.91,-99.99,-0.29,-0.63,-1.01,-99.99,-1.39,97.7,0,253,-99.99,-99.99,-99.99,-99.99
2002,205,2100,37.24,15.45,46.74,-6.16,-6.53,125.2,0.58,-99.99,-0.37,-0.65,-1.61,-99.99,-1.44,98,0,263,5.49,0.62,-0.04,6.16
2002,205,2130,25.96,11.42,33.51,-7.35,-7.13,93.9,0.14,-99.99,-0.44,-0.68,-1.96,-99.99,-1.51,98.2,0,267,4.73,0.48,0.01,4.55
2002,205,2200,22.89,11,26.88,-7.29,-7.42,84.1,-0.19,-99.99,-0.53,-0.73,-2.34,-99.99,-1.6,98.4,0,267,4.51,0.46,0,4.38
2002,205,2230,15.42,8.31,27.16,-7.85,-7.7,64,-0.2,-99.99,-0.62,-0.78,-2.53,-99.99,-1.69,98.6,0,257,5.15,0.55,0.01,3.31
2002,205,2300,10.66,6.9,22.17,-8.07,-7.96,51.98,-0.2,-99.99,-0.72,-0.84,-2.72,-99.99,-1.77,98.7,0,254,5.43,0.53,0.02,2.75
2002,205,2330,6.22,5.49,22.84,-8.36,-8.24,40.38,-0.21,-99.99,-0.82,-0.9,-2.88,-99.99,-1.86,98.7,0.1,261,5.44,0.61,0.03,2.19
2002,206,0,7.75,6.01,23.23,-7.72,-7.38,42.47,-0.18,-99.99,-0.91,-0.97,-2.89,-99.99,-1.94,98.7,0,263,5.39,0.59,0.05,2.39
2002,206,30,2.65,3.67,18.69,-8.09,-7.68,32.18,-0.1,-99.99,-1,-1.03,-2.96,-99.99,-2.01,98.3,0,259,5.54,0.57,0.05,1.46
2002,206,100,2.06,4.27,16.77,-7.96,-7.5,34.42,0.04,-99.99,-1.08,-1.1,-2.98,-99.99,-2.08,97.2,0,260,5.64,0.61,0.05,1.7
2002,206,130,1.99,3.89,34.4,-8.17,-7.72,33.16,-0.1,-99.99,-1.16,-1.16,-3.13,-99.99,-2.16,96.7,0,265,6.37,0.69,0.05,1.55
2002,206,200,2.65,8.53,32.61,-8.85,-8.5,30.44,-0.57,-99.99,-1.24,-1.23,-3.46,-99.99,-2.24,98.1,0,265,6.63,0.7,0.14,3.4
2002,206,230,2.87,7.65,30.88,-8.78,-8.44,31.26,-0.64,-99.99,-1.33,-1.31,-3.61,-99.99,-2.32,98.3,0,269,6.74,0.62,0.06,3.04
2002,206,300,3.74,11.01,28.71,-8.5,-7.94,35.94,-0.51,-99.99,-1.41,-1.39,-3.63,-99.99,-2.4,97.2,0,269,6.66,0.64,0.1,4.38
2002,206,330,4.57,9.81,9.09,-9.17,-8.25,49.39,-0.38,-99.99,-1.49,-1.45,-3.67,-99.99,-2.46,95.2,0,267.5,6.08,0.6,0.05,3.91
2002,206,400,9.63,8.62,-10.54,-8.74,-7.52,60.51,-0.39,-99.99,-1.57,-1.51,-3.63,-99.99,-2.52,94.4,0,266,5.5,0.57,0.01,3.43
2002,206,430,10.37,-99.99,-99.99,-9.79,-8.76,84.9,-0.56,-99.99,-1.63,-1.57,-3.77,-99.99,-2.59,94.7,0,-99.99,-99.99,-99.99,-99.99,-99.99
2002,206,500,24.45,-99.99,-99.99,-8.29,-6.02,103.4,-0.44,-99.99,-1.69,-1.63,-3.58,-99.99,-2.64,93.1,0,-99.99,-99.99,-99.99,-99.99,-99.99
2002,206,530,28.91,13.82,27.04,-7.93,-5.61,112.2,-0.49,-99.99,-1.73,-1.68,-3.48,-99.99,-2.69,93.7,0,269,6.53,0.62,0,5.5
2002,206,600,49.41,29.25,25.93,-7.09,-3.8,196.9,-0.51,-99.99,-1.77,-1.72,-3.2,-99.99,-2.72,93.2,0,269,6.52,0.65,0.05,11.64
2002,206,630,53.54,22.18,39.37,-6.14,-2.92,177.3,-0.48,-99.99,-1.8,-1.77,-3.15,-99.99,-2.76,92.9,0,270,6.99,0.65,0.13,8.83
2002,206,700,72.9,26.72,71.28,-3.98,-0.19,235.8,-0.33,-99.99,-1.81,-1.81,-2.7,-99.99,-2.78,92.2,0,268,6.51,0.65,0,10.65
2002,206,730,91.3,25.23,91.04,-4.09,3.21,369,0.02,-99.99,-1.82,-1.83,-1.89,-99.99,-2.77,90.5,0,260,6.39,0.7,0.01,10.06
2002,206,800,120.9,48.88,102.73,-2.36,5.26,429,0.08,-99.99,-1.8,-1.86,-1.37,-99.99,-2.76,89.8,0,267,6.49,0.7,0.04,19.48
2002,206,830,124.8,35.52,99.34,-2.99,3.92,463.3,0.11,-99.99,-1.77,-1.87,-1.23,-99.99,-2.74,89.8,0,265,6.47,0.68,0.01,14.15
2002,206,900,170.1,41.41,134.68,-1.11,10.41,689.3,0.58,-99.99,-1.71,-1.86,0.4,-99.99,-2.68,88.2,0,265,6.27,0.68,-0.02,16.49
2002,206,930,191.2,47.3,170.03,0.47,10.19,751,0.74,-99.99,-1.62,-1.83,1.03,-99.99,-2.61,86.6,0,265,6.07,0.67,-0.04,18.84
2002,206,1000,209.7,37.21,141.46,2.03,10.48,772,0.83,-99.99,-1.52,-1.8,1.53,-99.99,-2.55,85.7,0,261,6.47,0.69,-0.06,14.81
2002,206,1030,201.7,48.29,187.23,1.79,7.74,710,0.48,-99.99,-1.4,-1.75,0.99,-99.99,-2.48,88,0,261,6.67,0.73,-0.05,19.21
2002,206,1100,274.9,50.07,192.14,3.82,10.07,980,0.5,-99.99,-1.27,-1.69,2.98,-99.99,-2.39,86.3,0,269,6.97,0.68,0.02,19.91
2002,206,1130,283,61.46,222.25,6.24,11.94,1048,0.74,-99.99,-1.15,-1.62,3.85,-99.99,-2.29,88,0,260,6.29,0.67,-0.1,24.45
2002,206,1200,262.7,51.9,220.69,9.43,12.65,925,1.03,-99.99,-1,-1.55,3.62,-99.99,-2.19,85.5,0,259,6.16,0.7,-0.03,20.65
2002,206,1230,307.1,59.9,277.45,13,14.72,1073,1.38,-99.99,-0.83,-1.46,5.04,-99.99,-2.06,82.8,0,259,6.33,0.72,-0.08,23.85
2002,206,1300,328.9,58.54,253.07,11.5,13.73,1157,1.33,-99.99,-0.66,-1.35,5.17,-99.99,-1.96,83.8,0,263,6.4,0.68,-0.1,23.31
2002,206,1330,324.8,49.96,239.93,6.19,8.05,1157,1.04,-99.99,-0.47,-1.23,5.28,-99.99,-1.83,83.7,0,267,6.46,0.66,-0.07,19.89
2002,206,1400,283.1,39.55,172.64,7.92,11.8,959,0.81,-99.99,-0.29,-1.11,4.02,-99.99,-1.73,85.7,0,270,6.21,0.58,-0.09,15.75
2002,206,1430,205.1,34.81,101.7,-3.43,1,681.2,0.1,-99.99,-0.22,-0.98,0.97,-99.99,-1.71,91.3,0,271,6.28,0.59,-0.06,13.85
2002,206,1500,336.1,65.74,184.21,6.03,10.82,1112,0.73,-99.99,-0.15,-0.91,4.89,-99.99,-1.61,87.6,0,270,5.77,0.59,-0.1,26.17
2002,206,1530,277.2,45.03,191.73,6.25,8.86,944,0.69,-99.99,-0.03,-0.82,3.71,-99.99,-1.56,85.3,0,271,6.21,0.6,-0.07,17.92
2002,206,1600,303.8,52.1,157.19,3.37,9.1,1011,0.61,-99.99,0.05,-0.74,3.77,-99.99,-1.5,88.1,0,271,5.85,0.55,-0.09,20.74
2002,206,1630,279.9,41.06,174.73,4.9,7.61,957,0.72,-99.99,0.14,-0.67,3.54,-99.99,-1.45,85,0,274,5.9,0.55,-0.08,16.35
2002,206,1700,273.2,33.15,154.29,5.39,6.23,950,0.61,-99.99,0.2,-0.59,3.72,-99.99,-1.39,84.5,0,276,5.64,0.46,-0.01,13.2
2002,206,1730,233.1,36,160.12,4.58,4.87,826,0.66,-99.99,0.25,-0.52,2.8,-99.99,-1.36,83.2,0,270,5.75,0.59,-0.04,14.33
2002,206,1800,219.4,27.86,140.51,6.14,6.34,771,0.57,-99.99,0.27,-0.47,2.35,-99.99,-1.35,84.3,0,273,5.73,0.5,-0.05,11.09
2002,206,1830,138.3,14.88,89.8,1.17,1.26,493.3,0.38,-99.99,0.26,-0.42,0.76,-99.99,-1.34,85,0,277,5.65,0.47,-0.02,5.93
2002,206,1900,111.5,23.12,105.78,-0.14,0.22,384.2,0.34,-99.99,0.21,-0.4,0.02,-99.99,-1.36,84.3,0,281,5.72,0.53,-0.04,9.21
2002,206,1930,121.1,15.42,87.57,-3.1,-3.5,455.3,0.12,-99.99,0.1,-0.42,-0.15,-99.99,-1.41,87.2,0,280,5.72,0.49,0.01,6.14
2002,206,2000,135.2,15.21,83.09,-1.53,-3.45,553.7,0.17,-99.99,-0.02,-0.48,0.48,-99.99,-1.48,86.9,0,275,5.17,0.46,-0.03,6.05
2002,206,2030,82.1,14.24,63.04,-3.26,-2.67,316.4,-0.08,-99.99,-0.1,-0.49,-0.81,-99.99,-1.51,87.5,0,279,5.19,0.44,-0.01,5.67
2002,206,2100,47.38,10.87,39.6,-6.28,-6.05,188.3,-0.28,-99.99,-0.2,-0.53,-1.77,-99.99,-1.58,87.7,0,281,5.14,0.41,0.01,4.33
2002,206,2130,33.39,5.7,29.81,-6.29,-6.24,141.8,-0.36,-99.99,-0.33,-0.59,-2.14,-99.99,-1.66,89.5,0,273,4.45,0.38,-0.01,2.27
2002,206,2200,20.2,7.53,24.65,-7.25,-7.28,100.8,-0.42,-99.99,-0.45,-0.66,-2.47,-99.99,-1.75,90.4,0,267,3.88,0.41,0.01,3
2002,206,2230,11.78,4.28,17.37,-7.77,-7.7,74.8,-0.34,-99.99,-0.57,-0.75,-2.64,-99.99,-1.84,91,0,260,3.76,0.38,0.01,1.7
2002,206,2300,8.15,2.89,13.73,-8.55,-7.86,56.8,-0.32,-99.99,-0.7,-0.83,-2.81,-99.99,-1.93,91.6,0,256,3.77,0.38,0.02,1.15
2002,206,2330,5.66,4.17,12,-11.13,-8.5,46.72,-0.38,-99.99,-0.81,-0.9,-3.02,-99.99,-2,93,0,252,4,0.39,0.02,1.66
2002,207,0,2.56,3.88,8.62,-10.22,-8.58,38.09,-0.46,-99.99,-0.92,-0.98,-3.2,-99.99,-2.09,94.3,0,257,3.84,0.39,0.03,1.54
2002,207,30,-0.93,2.68,6.49,-10.3,-8.76,28.03,-0.5,-99.99,-1.03,-1.06,-3.31,-99.99,-2.16,94.7,0,263,3.89,0.38,0.03,1.07
2002,207,100,-1.28,3.22,8.25,-9.82,-8.4,25.28,-0.47,-99.99,-1.13,-1.14,-3.35,-99.99,-2.24,95.4,0,266,3.68,0.4,0.02,1.28
2002,207,130,-1.15,1.43,5.9,-9.45,-8.02,24.59,-0.45,-99.99,-1.22,-1.21,-3.37,-99.99,-2.31,96.4,0,269,3.88,0.37,0.02,0.57
2002,207,200,-0.42,1.91,8.38,-9.14,-7.7,24.18,-0.44,-99.99,-1.31,-1.29,-3.38,-99.99,-2.38,97,0,269,3.81,0.39,0.02,0.76
2002,207,230,0.36,3.6,6.49,-8.91,-7.4,24.34,-0.46,-99.99,-1.38,-1.36,-3.39,-99.99,-2.44,97.7,0,269,3.76,0.38,0.02,1.43
2002,207,300,1.09,2.77,1.66,-8.86,-7.27,26.29,-0.44,-99.99,-1.45,-1.42,-3.4,-99.99,-2.5,98.3,0,274,3.82,0.32,0.01,1.1
2002,207,330,2.43,1.26,5.48,-8.56,-7.06,30.72,-0.45,-99.99,-1.52,-1.48,-3.39,-99.99,-2.55,98.6,0,276,3.72,0.31,0,0.5
2002,207,400,5.96,1.37,3.92,-8.06,-6.56,41.26,-0.45,-99.99,-1.57,-1.54,-3.33,-99.99,-2.59,98.4,0,275,3.51,0.28,-0.01,0.54
2002,207,430,12.18,1.01,5.78,-7.64,-5.78,60.2,-0.4,-99.99,-1.62,-1.59,-3.22,-99.99,-2.64,97.5,0,272,3.45,0.31,-0.01,0.4
2002,207,500,15.23,2.85,8.9,-7.07,-5.25,66.14,-0.38,-99.99,-1.67,-1.64,-3.17,-99.99,-2.67,96.8,0,275,3.86,0.31,-0.01,1.13
2002,207,530,27.3,4.12,14.71,-4.99,-2.88,93.3,-0.35,-99.99,-1.7,-1.68,-2.83,-99.99,-2.69,96.7,0,281,3.54,0.31,-0.02,1.64
2002,207,600,26.79,6.93,19.93,-5.48,-3.31,93.3,-0.38,-99.99,-1.73,-1.72,-2.82,-99.99,-2.72,97.5,0,284,3.57,0.32,-0.05,2.76
2002,207,630,40.81,8.59,19.16,-3.12,-0.83,134,-0.32,-99.99,-1.74,-1.76,-2.52,-99.99,-2.73,97.8,0,286,2.99,0.27,-0.11,3.42
2002,207,700,52.48,12.42,26.52,-2.11,1.23,165.2,-0.22,-99.99,-1.74,-1.79,-2.11,-99.99,-2.74,97.2,0,280,3.17,0.27,-0.12,4.94
2002,207,730,59.38,13.27,28.19,-2.48,0.9,185.4,-0.21,-99.99,-1.73,-1.8,-2.01,-99.99,-2.74,97,0,289,3.61,0.27,-0.1,5.28
2002,207,800,80.9,21.35,37.72,-0.06,3.72,250.6,-0.14,-99.99,-1.7,-1.82,-1.56,-99.99,-2.71,96.9,0,300,3.72,0.3,-0.13,8.5
2002,207,830,95.5,21.48,30.04,-0.59,4.78,313.8,-0.14,-99.99,-1.65,-1.82,-1,-99.99,-2.68,95.4,0,302,3.44,0.25,-0.14,8.55
2002,207,900,133.3,31.11,47.8,4.61,12.92,479.6,0.03,-99.99,-1.6,-1.81,0.19,-99.99,-2.62,92.4,0,275,2.72,0.24,-0.12,12.38
2002,207,930,146.7,34.36,86.06,7.52,16.08,523.9,0.41,-99.99,-1.5,-1.78,1.11,-99.99,-2.54,90,0,263,2.74,0.3,-0.13,13.69
2002,207,1000,150.9,30.16,80.48,2.87,10.4,524.2,0.04,-99.99,-1.39,-1.74,0.89,-99.99,-2.47,91.9,0,285,3.45,0.3,-0.11,12.01
2002,207,1030,184.9,37.22,92.57,6.53,16.91,650.4,0.28,-99.99,-1.25,-1.68,2.62,-99.99,-2.34,88.9,0,287,2.84,0.23,-0.12,14.82
2002,207,1100,205.2,35.7,94.48,3.03,14.19,731,0.13,-99.99,-1.11,-1.6,3.09,-99.99,-2.23,90.1,0,286,3.25,0.27,-0.12,14.21
2002,207,1130,199,35.94,114.94,4.37,15.1,714,0.14,-99.99,-0.94,-1.52,3.46,-99.99,-2.09,87.1,0,284,3.05,0.26,-0.16,14.3
2002,207,1200,253.6,54.91,147.9,4.59,15.13,901,0.34,-99.99,-0.78,-1.42,4.82,-99.99,-1.97,88.5,0,278,3.36,0.3,-0.13,21.85
2002,207,1230,236.9,43.09,164.14,7.08,15.6,841,0.13,-99.99,-0.59,-1.31,4.61,-99.99,-1.83,84.7,0,284,3.1,0.32,-0.18,17.14
2002,207,1300,274.3,53.56,195.26,6.37,9.83,1041,0.37,-99.99,-0.4,-1.2,6.97,-99.99,-1.68,82.8,0,277,3.04,0.32,-0.18,21.31
2002,207,1330,288.5,52.71,200.87,14.37,16.98,1015,0.46,-99.99,-0.19,-1.07,7.07,-99.99,-1.52,83.1,0,281,3.18,0.34,-0.2,20.97
2002,207,1400,277.4,51.95,196.47,14.55,16.6,962,0.34,-99.99,0.04,-0.93,6.34,-99.99,-1.37,83.9,0,291,3.62,0.29,-0.15,20.66
2002,207,1430,235.8,43.45,183.38,11.6,13.35,820,0.2,-99.99,0.2,-0.78,4.83,-99.99,-1.27,84.8,0,284,3.57,0.36,-0.17,17.28
2002,207,1500,248.8,33,138.45,13.67,14.2,847,0.08,-99.99,0.32,-0.65,4.85,-99.99,-1.17,85.5,0,291,3.59,0.29,-0.13,13.13
2002,207,1530,267.8,40.7,163.04,15.11,16.54,925,0.1,-99.99,0.43,-0.54,5.71,-99.99,-1.06,85,0,294,3.34,0.25,-0.16,16.19
2002,207,1600,243.9,46.75,176.54,11,13.67,850,0.25,-99.99,0.53,-0.45,5.28,-99.99,-0.98,86.3,0,288,3.54,0.31,-0.17,18.6
2002,207,1630,226.6,36.38,154.83,10.26,10.88,800,-0.15,-99.99,0.62,-0.34,4.35,-99.99,-0.92,87,0,300,3.43,0.28,-0.17,14.47
2002,207,1700,225.6,33.61,153.88,11.1,12.14,815,-0.19,-99.99,0.67,-0.27,4.53,-99.99,-0.86,87.2,0,290,3.29,0.3,-0.16,13.37
2002,207,1730,200.1,27.1,118.88,7.21,8.21,722,-0.09,-99.99,0.7,-0.19,3.55,-99.99,-0.83,87.5,0,294,3.65,0.28,-0.09,10.78
2002,207,1800,224.3,28.01,135.57,10.61,11.87,792,-0.16,-99.99,0.72,-0.15,4.09,-99.99,-0.8,87.9,0,287,3.39,0.28,-0.12,11.14
2002,207,1830,188.4,27.43,120.9,9.22,11.57,666.8,-0.35,-99.99,0.75,-0.1,3.46,-99.99,-0.77,89.5,0,289,3.14,0.26,-0.12,10.9
2002,207,1900,130.1,15.63,75.46,2.14,3.47,463.3,-0.78,-99.99,0.74,-0.04,1.56,-99.99,-0.77,92.7,0,298,3.64,0.25,-0.09,6.21
2002,207,1930,100.9,16.85,87.68,-1.71,-0.29,348.7,-0.92,-99.99,0.67,-0.02,0.31,-99.99,-0.81,94.8,0,294,3.79,0.31,-0.1,6.7
2002,207,2000,84.1,14.71,62.79,-4.77,-2.84,304.6,-0.89,-99.99,0.56,-0.04,-0.32,-99.99,-0.86,94,0,310,3.6,0.26,-0.05,5.85
2002,207,2030,97,15.9,69.95,-4.12,-5.31,390.1,-1.14,-99.99,0.43,-0.09,-0.31,-99.99,-0.93,93.7,0,306,3.85,0.27,-0.07,6.32
2002,207,2100,47.99,8.55,35.22,-8.16,-8.09,232.4,-1.48,-99.99,0.3,-0.12,-1.6,-99.99,-1.02,94.1,0,308,3.85,0.25,-0.04,3.4
2002,207,2130,35.85,8.48,30.65,-8.11,-8.07,173.8,-1.39,-99.99,0.14,-0.2,-2.01,-99.99,-1.13,92.9,0,316,3.47,0.22,-0.03,3.37
2002,207,2200,29.03,7.73,20.77,-8.91,-8.6,134,-1.46,-99.99,-0.01,-0.28,-2.5,-99.99,-1.26,93.3,0,311,3.16,0.18,-0.01,3.07
2002,207,2230,18.78,6.61,17.38,-9.39,-9,100.3,-1.66,-99.99,-0.16,-0.37,-2.73,-99.99,-1.36,93.5,0,319,2.78,0.2,0,2.63
2002,207,2300,9.92,4.83,12.11,-11.08,-10.78,75.1,-1.85,-99.99,-0.3,-0.46,-3.19,-99.99,-1.48,93.8,0,329,2.89,0.18,0.01,1.92
2002,207,2330,5.43,4.32,5.13,-11.59,-11.37,57.14,-2.01,-99.99,-0.45,-0.56,-3.52,-99.99,-1.61,94.7,0,312,2.38,0.13,0.01,1.72
2002,208,0,1.12,6.96,4.47,-11.99,-11.25,51.74,-1.98,-99.99,-0.6,-0.65,-3.69,-99.99,-1.72,95.3,0,320,2.64,0.17,0.01,2.76
2002,208,30,-16.29,1.91,-3.8,-13.98,-13.8,50.2,-2.19,-99.99,-0.74,-0.75,-4.27,-99.99,-1.85,94.6,0,324,2.89,0.16,0.02,0.76
2002,208,100,-13.63,3.14,-3.17,-15.88,-14.01,41.9,-2.23,-99.99,-0.9,-0.86,-4.51,-99.99,-1.97,92.3,0,305,2.86,0.16,0.02,1.25
2002,208,130,-5.2,4.64,0.02,-13.76,-12.05,36.27,-2.27,-99.99,-1.03,-0.97,-4.35,-99.99,-2.08,92.4,0,326,2.88,0.15,0.03,1.84
2002,208,200,-9.33,4.08,-2.29,-14.23,-13.03,39.11,-2.18,-99.99,-1.15,-1.07,-4.44,-99.99,-2.18,91.9,0,306,2.84,0.18,0.03,1.62
2002,208,230,-4.9,5.7,0.01,-13.37,-12.37,41.11,-2.04,-99.99,-1.26,-1.16,-4.42,-99.99,-2.27,91.7,0,320,3.01,0.17,0.03,2.26
2002,208,300,-2.29,4.29,1.12,-12.8,-11.83,41.14,-2.17,-99.99,-1.37,-1.25,-4.39,-99.99,-2.36,92.3,0,338,2.61,0.15,0.02,1.71
2002,208,330,1.85,5.19,3.06,-11.43,-10.32,48.59,-2.16,-99.99,-1.46,-1.35,-4.26,-99.99,-2.44,94.4,0,328,2.58,0.16,0.02,2.06
2002,208,400,5.1,8.75,3.09,-10.77,-9.75,60.04,-2.04,-99.99,-1.53,-1.42,-4.29,-99.99,-2.5,91.7,0,316,3.14,0.21,0.03,3.48
2002,208,430,9.14,6.31,2.42,-9.77,-8.54,77.1,-2.04,-99.99,-1.61,-1.5,-4.17,-99.99,-2.57,91,0,328,2.67,0.16,0.02,2.51
2002,208,500,14.28,7.54,4.58,-9.08,-7.73,89.3,-1.99,-99.99,-1.67,-1.57,-4.15,-99.99,-2.63,90.8,0,318,3.35,0.18,0.02,3
2002,208,530,21.42,7.32,7.92,-7.04,-5.23,113.7,-1.91,-99.99,-1.72,-1.62,-3.89,-99.99,-2.68,92.6,0,330,3.27,0.18,0.01,2.91
2002,208,600,32.11,8.78,10.09,-4.35,-2.35,139.8,-2.08,-99.99,-1.76,-1.68,-3.63,-99.99,-2.72,91.5,0,335,2.83,0.13,-0.01,3.49
2002,208,630,41.61,13.24,15.87,-3.24,-1.01,166,-1.92,-99.99,-1.79,-1.73,-3.41,-99.99,-2.75,91.4,0,324,3.15,0.19,-0.01,5.26
2002,208,700,57.75,15.78,22.47,-1.02,0.44,226,-1.89,-99.99,-1.8,-1.77,-3,-99.99,-2.77,92.2,0,335,3.17,0.19,-0.04,6.27
2002,208,730,61.98,18.26,25.7,-1.56,-0.76,262.1,-1.93,-99.99,-1.8,-1.8,-2.63,-99.99,-2.77,90.8,0,341,2.96,0.21,-0.05,7.25
2002,208,800,61.51,15.63,24.75,-4.14,-0.8,349.1,-1.94,-99.99,-1.81,-1.82,-2.54,-99.99,-2.78,90,0,333,2.67,0.14,-0.05,6.2
2002,208,830,114.3,29.04,50.16,1.92,9.3,477.9,-1.53,-99.99,-1.78,-1.84,-1.11,-99.99,-2.75,87.8,0,323,2.73,0.18,-0.09,11.53
2002,208,900,177.3,46.75,96.08,8.33,22.46,726,-1.05,-99.99,-1.7,-1.85,1.62,-99.99,-2.66,86.8,0,314,2.37,0.18,-0.18,18.56
2002,208,930,146.4,33.94,76.71,4.1,12.56,575.3,-1.31,-99.99,-1.59,-1.82,1.1,-99.99,-2.58,87.2,0,303,2.14,0.14,-0.13,13.48
2002,208,1000,171,40.49,113.15,5.57,15.7,649.2,-1.23,-99.99,-1.44,-1.76,1.96,-99.99,-2.46,86.9,0,306,2.24,0.19,-0.16,16.08
2002,208,1030,174.5,37.04,117.7,5,12.88,650.9,-1.36,-99.99,-1.29,-1.69,2.14,-99.99,-2.35,88.2,0,307,2.52,0.19,-0.17,14.71
2002,208,1100,165.4,32.77,113.81,4.96,11.04,650.8,-1.19,-99.99,-1.16,-1.62,2.53,-99.99,-2.25,86.3,0,311,2,0.13,-0.15,13.01
2002,208,1130,243.4,47.23,172.39,12.11,19.16,914,-0.93,-99.99,-0.99,-1.54,5.15,-99.99,-2.09,85.9,0,311.5,2.07,0.16,-0.2,18.75
2002,208,1200,359.4,61.68,230.96,19.08,25.23,1302,-0.53,-99.99,-0.76,-1.46,10.56,-99.99,-1.84,83.3,0,312,2.13,0.19,-0.24,24.48
2002,208,1230,291.9,51.73,210.4,15.39,17.47,1108,-0.42,-99.99,-0.46,-1.31,8.9,-99.99,-1.65,83.6,0,310,2.16,0.19,-0.24,20.54
2002,208,1300,307.9,51.26,209.51,13.04,14.39,1129,-0.82,-99.99,-0.14,-1.11,7.89,-99.99,-1.47,85.2,0,311,2.55,0.15,-0.21,20.35
2002,208,1330,294.8,57.07,232.95,13.52,16.65,1073,-0.67,-99.99,0.13,-0.94,8.43,-99.99,-1.28,85.1,0,316,2.11,0.16,-0.26,22.65
2002,208,1400,284.3,50.43,190.77,9.12,10.65,1061,-1.01,-99.99,0.37,-0.74,7.14,-99.99,-1.14,86.4,0,313,2.65,0.21,-0.12,20.02
2002,208,1430,317.1,58.8,225.93,17.43,20.52,1106,-0.8,-99.99,0.56,-0.59,8.41,-99.99,-0.99,86.5,0,304,1.88,0.1,-0.18,23.34
2002,208,1500,289.3,42.87,179.96,20.73,22.95,992,-0.62,-99.99,0.76,-0.42,7.32,-99.99,-0.83,87.7,0,310,2.51,0.25,-0.16,17.02
2002,208,1530,310.5,46.79,209.68,20,22.4,1038,-0.63,-99.99,0.96,-0.26,7.47,-99.99,-0.7,88.3,0,303,2.61,0.22,-0.2,18.58
2002,208,1600,263.1,45.56,195.84,13.69,14.75,901,-0.99,-99.99,1.11,-0.09,5.74,-99.99,-0.59,89.8,0,317,3.06,0.23,-0.18,18.09
2002,208,1630,226.2,38.19,165.71,13.2,13.79,757,-0.91,-99.99,1.18,0.03,4.38,-99.99,-0.53,90.6,0,318,3.02,0.21,-0.17,15.16
2002,208,1700,210.7,30.81,135.58,11.79,12.76,707,-1.09,-99.99,1.22,0.14,3.81,-99.99,-0.48,92.1,0,319,2.97,0.18,-0.15,12.24
2002,208,1730,187.1,26.19,124.26,8.7,10.85,622.3,-1.11,-99.99,1.22,0.21,3.22,-99.99,-0.45,92.9,0,329,3.08,0.24,-0.16,10.4
2002,208,1800,150,24.44,108.68,7.14,8.5,500.7,-1.28,-99.99,1.18,0.25,2.03,-99.99,-0.47,94.4,0,333,2.67,0.15,-0.16,9.71
2002,208,1830,109.3,14.52,68.74,0.88,2.12,377.5,-1.43,-99.99,1.1,0.26,1.09,-99.99,-0.52,95.8,0,354,2.53,0.17,-0.11,5.77
2002,208,1900,113.5,18.15,67.37,2.17,3.6,389,-1.5,-99.99,0.99,0.25,0.88,-99.99,-0.56,96,0,330,2.17,0.12,-0.12,7.21
2002,208,1930,92.5,21.44,73.3,-0.17,2.48,322.4,-1.31,-99.99,0.88,0.22,0.8,-99.99,-0.6,95.9,0,340,1.66,0.14,-0.12,8.52
2002,208,2000,61.98,15.24,45.35,-4.19,-3.2,244.4,-1.52,-99.99,0.77,0.18,-0.13,-99.99,-0.68,96.5,0,1,1.67,0.15,-0.09,6.05
2002,208,2030,49.96,9.91,31.28,-5.52,-5.24,204.9,-1.86,-99.99,0.64,0.13,-0.88,-99.99,-0.77,97,0,357,1.74,0.14,-0.08,3.93
2002,208,2100,40.97,12.76,28.32,-6.77,-6.04,167.5,-1.89,-99.99,0.51,0.07,-1.4,-99.99,-0.86,97.8,0,347,1.81,0.14,-0.08,5.07
2002,208,2130,26.59,5.22,13.3,-9.13,-9.57,155.7,-2.22,-99.99,0.36,-0.01,-2.04,-99.99,-0.98,97.9,0,354,1.44,0.07,-0.05,2.07
2002,208,2200,23.29,6.23,14.74,-7.9,-8.05,136.5,-2.15,-99.99,0.19,-0.1,-2.1,-99.99,-1.07,97.9,0,345,1.01,0.06,-0.05,2.47
2002,208,2230,15.32,3.85,10.54,-9.15,-9.15,98.6,-2.2,-99.99,0.05,-0.19,-2.5,-99.99,-1.19,98,0,332,1.08,0.07,-0.03,1.53
2002,208,2300,6.81,2.07,5.65,-10.97,-11.52,83.8,-2.44,-99.99,-0.09,-0.28,-2.96,-99.99,-1.29,98,0,346,0.99,0.06,-0.01,0.82
2002,208,2330,-1.38,0.29,0.75,-13.11,-14.22,73,-2.71,-99.99,-0.25,-0.38,-3.49,-99.99,-1.43,97.9,0,360,0.9,0.06,0.01,0.12
2002,209,0,-10.23,-99.99,-99.99,-15.92,-16.89,55.93,-2.96,-99.99,-0.42,-0.49,-4.24,-99.99,-1.57,97.8,0,-99.99,-99.99,-99.99,-99.99,-99.99
2002,209,30,-8.7,-99.99,-99.99,-15.73,-15.29,45.71,-3.04,-99.99,-0.59,-0.6,-4.31,-99.99,-1.71,97.8,0,-99.99,-99.99,-99.99,-99.99,-99.99
2002,209,100,-8.19,-99.99,-99.99,-18.07,-17.79,40.55,-3.19,-99.99,-0.74,-0.71,-4.79,-99.99,-1.85,97.9,0,-99.99,-99.99,-99.99,-99.99,-99.99
2002,209,130,-6.66,12.19,-1.21,-21.42,-22.26,38.01,-3.21,-99.99,-0.91,-0.83,-5.43,-99.99,-2,98,0,196,0.55,0.02,0.14,4.84
2002,209,200,-2.79,-99.99,-99.99,-27.99,-29.91,19.24,-3.36,-99.99,-1.08,-0.95,-6.3,-99.99,-2.16,97.9,0,-99.99,-99.99,-99.99,-99.99,-99.99
2002,209,230,-0.82,-99.99,-99.99,-28.87,-33.38,21.65,-3.32,-99.99,-1.25,-1.08,-6.52,-99.99,-2.29,97.7,0,-99.99,-99.99,-99.99,-99.99,-99.99
2002,209,300,-1.58,5.19,-1.29,-24.81,-30.07,24.93,-3.38,-99.99,-1.39,-1.21,-6.16,-99.99,-2.41,97.5,0,240,1.11,0.03,0.11,2.06
2002,209,330,6.13,1.4,-0.84,-21.88,-28.51,36.14,-3.06,-99.99,-1.52,-1.32,-5.88,-99.99,-2.49,97.6,0,246,0.92,0.04,0.03,0.56
2002,209,400,16.14,-0.34,0.29,-20.04,-28.26,55.85,-2.92,-99.99,-1.63,-1.42,-5.86,-99.99,-2.58,97.4,0,228,1.21,0.04,-0.03,-0.14
2002,209,430,27.91,1.62,1.31,-17.37,-26.37,85.1,-2.67,-99.99,-1.74,-1.52,-5.62,-99.99,-2.66,97.1,0,187,0.87,0.03,-0.03,0.64
2002,209,500,39.33,0.86,0.76,-14.3,-20.88,126.5,-3.06,-99.99,-1.83,-1.61,-5.1,-99.99,-2.72,96.9,0,174.5,0.82,0.03,-0.01,0.34
2002,209,530,63.69,0.1,0.22,-10.56,-16.12,194.4,-2.55,-99.99,-1.91,-1.69,-4.44,-99.99,-2.77,96.7,0,162,0.76,0.03,0,0.04
2002,209,600,85.2,2.89,9.31,-5.35,-7.35,262.1,-1.61,-99.99,-1.99,-1.78,-3.28,-99.99,-2.8,96.4,0,183,0.67,0.08,0.02,1.15
2002,209,630,101.6,3.11,14.94,2.88,3.52,325.3,-0.78,-99.99,-2.04,-1.84,-1.75,-99.99,-2.8,94.9,0,221,0.79,0.06,-0.12,1.24
2002,209,700,114,-99.99,-99.99,5.73,16.93,455.9,-0.14,-99.99,-2.08,-1.89,-0.5,-99.99,-2.81,91.6,0,-99.99,-99.99,-99.99,-99.99,-99.99
2002,209,730,118.3,-99.99,-99.99,9.74,27.09,553.2,0.51,-99.99,-2.1,-1.94,0.72,-99.99,-2.81,87.8,0,-99.99,-99.99,-99.99,-99.99,-99.99
2002,209,800,107,19.19,51.8,10.97,34.01,617.5,0.88,-99.99,-2.09,-1.98,1.5,-99.99,-2.8,86.5,0,263,0.71,0.12,-0.08,7.63
2002,209,830,131.3,24.33,86.36,12.23,39.81,715,1.23,-99.99,-2.06,-2.01,2.6,-99.99,-2.78,83.8,0,285,1.13,0.1,-0.09,9.68
2002,209,900,157.4,22.65,81.04,14.76,41.7,809,2.29,-99.99,-1.99,-2.03,4.03,-99.99,-2.71,78.4,0,253,1.13,0.09,-0.08,9.02
2002,209,930,186,33.55,133.36,9.88,30.06,899,2.75,-99.99,-1.83,-1.99,5.4,-99.99,-2.58,76.7,0,262,1.54,0.12,-0.11,13.38
2002,209,1000,214.6,32.11,134.39,10.73,24.97,978,2.71,-99.99,-1.59,-1.92,6.41,-99.99,-2.44,76.5,0,260,1.56,0.12,-0.11,12.8
2002,209,1030,242.3,35.95,145.63,12.8,21.71,1050,3.1,-99.99,-1.35,-1.82,7.78,-99.99,-2.24,75,0,265,1.84,0.18,-0.12,14.34
2002,209,1100,270.9,45.96,181.07,11.44,19.84,1111,2.99,-99.99,-1.04,-1.69,9.42,-99.99,-2.04,76.4,0,281,2.35,0.23,-0.15,18.34
2002,209,1130,293.9,47.68,165.42,14.27,18.1,1167,2.86,-99.99,-0.72,-1.52,10.7,-99.99,-1.8,77.2,0,294,2.43,0.17,-0.14,19.03
2002,209,1200,313.2,58.61,224,14.45,15.86,1215,3.15,-99.99,-0.39,-1.33,11.66,-99.99,-1.57,75.5,0,291,2.55,0.24,-0.15,23.4
2002,209,1230,331.9,47.34,181.38,13.05,10.89,1249,2.23,-99.99,-0.02,-1.09,10.68,-99.99,-1.36,80.3,0,305,3.38,0.22,-0.11,18.88
2002,209,1300,342,36.83,141.2,12.55,12.44,1269,2.19,-99.99,0.32,-0.86,11.03,-99.99,-1.16,81.3,0,313,2.94,0.13,-0.09,14.69
2002,209,1330,351.5,62.92,244.15,8.65,10.49,1278,2.22,-99.99,0.64,-0.63,10.17,-99.99,-0.97,82.4,0,322,3.9,0.25,-0.17,25.09
2002,209,1400,353.7,46.15,172.55,8.2,11.47,1270,2.64,-99.99,0.94,-0.41,10.5,-99.99,-0.78,81.1,0,338,3.64,0.21,-0.12,18.41
2002,209,1430,351.2,61.24,202.93,11.11,14.59,1262,3.18,-99.99,1.19,-0.21,11.55,-99.99,-0.58,80.7,0,339,3.03,0.22,-0.16,24.45
2002,209,1500,342.4,58.83,196.97,13.19,15.56,1240,3.42,-99.99,1.43,-0.02,12.79,-99.99,-0.4,79.3,0,5,2.29,0.18,-0.17,23.5
2002,209,1530,337.5,56.27,193.12,10,11.8,1209,3.24,-99.99,1.68,0.19,11.99,-99.99,-0.26,81.7,0,360,3.13,0.21,-0.15,22.47
2002,209,1600,324.4,47.6,165.88,10.4,11.77,1167,3.41,-99.99,1.86,0.37,11.15,-99.99,-0.12,81.3,0,360,2.91,0.18,-0.14,19.02
2002,209,1630,311.5,50.1,185.5,8.11,9.01,1121,3.17,-99.99,1.99,0.54,9.96,-99.99,-0.02,83.4,0,6,3.37,0.24,-0.15,20.01
2002,209,1700,290.5,38.26,149.77,8.14,6.79,1052,2.94,-99.99,2.07,0.67,9.16,-99.99,0.06,83.9,0,23,3.61,0.24,-0.11,15.28
2002,209,1730,275,33.81,133.42,7.39,5.25,995,2.64,-99.99,2.1,0.78,7.94,-99.99,0.11,85.6,0,35,3.83,0.23,-0.09,13.5
2002,209,1800,244.5,33.27,145.03,4.35,2.07,905,2.05,-99.99,2.11,0.87,6.47,-99.99,0.12,88.4,0,29,4.31,0.27,-0.08,13.27
2002,209,1830,191.2,25.95,121.59,5.28,2.24,676.9,0.77,-99.99,2.07,0.95,4.34,-99.99,0.09,93.6,0,28,4.36,0.27,-0.12,10.34
2002,209,1900,160.4,20.3,103.35,3.2,-1.21,581.5,0.5,-99.99,1.93,0.95,3.06,-99.99,0.04,94.2,0,43,4.39,0.27,-0.1,8.08
2002,209,1930,132.1,17.67,85.32,1.38,-2.45,497.3,0.41,-99.99,1.78,0.92,2.19,-99.99,-0.04,93.7,0,44,4.29,0.27,-0.1,7.04
2002,209,2000,116.1,15.84,84.07,-0.98,-5.26,471.5,0.35,-99.99,1.58,0.86,1.51,-99.99,-0.14,93.4,0,58,4.02,0.26,-0.07,6.31
2002,209,2030,103.7,14.16,68.07,-2.87,-8.37,458,0.9,-99.99,1.37,0.76,1.51,-99.99,-0.25,90.3,0,54,3.86,0.25,-0.05,5.64
2002,209,2100,78.4,6.13,38.75,-5.61,-8.65,376.2,0.74,-99.99,1.17,0.67,0.67,-99.99,-0.36,90.8,0,49,4.1,0.23,-0.03,2.44
2002,209,2130,52.52,5.3,28.18,-7.28,-9.39,277.7,-0.03,-99.99,0.98,0.59,-0.55,-99.99,-0.48,92.8,0,48,3.95,0.23,-0.01,2.11
2002,209,2200,29.86,0.61,12.33,-9.04,-11.04,210.4,-0.25,-99.99,0.77,0.47,-1.47,-99.99,-0.6,93.8,0,57,3.79,0.2,0,0.24
2002,209,2230,13.69,-0.19,4.31,-9.81,-11.41,167,0.12,-99.99,0.57,0.34,-1.67,-99.99,-0.74,93.7,0,67,3.48,0.21,0,-0.08
2002,209,2300,1.35,-1.59,-2.64,-9.54,-10.63,114.8,0.18,-99.99,0.37,0.21,-2.2,-99.99,-0.88,94.5,0,61,4,0.22,0.02,-0.63
2002,209,2330,-4.95,-0.9,-0.42,-9.09,-9.8,68.13,-0.26,-99.99,0.2,0.09,-2.75,-99.99,-1.02,96.5,0,65,4.1,0.25,0.02,-0.36
2002,210,0,-6.78,-0.4,0.57,-9.24,-9.9,52.1,-0.44,-99.99,0.04,-0.04,-2.95,-99.99,-1.16,97.2,0,66,4.18,0.24,0.01,-0.16
2002,210,30,-9.72,0.49,-1.44,-9.36,-9.85,41.33,-0.37,-99.99,-0.11,-0.15,-3.08,-99.99,-1.28,97.5,0,68,3.91,0.22,0.04,0.2
2002,210,100,-10.57,-3.57,-1.65,-9.65,-10.09,35.33,-0.54,-99.99,-0.25,-0.27,-3.23,-99.99,-1.4,97.8,0,65,3.96,0.2,-0.02,-1.42
2002,210,130,-12.58,-0.17,-3.44,-9.85,-10.32,32.67,-0.61,-99.99,-0.38,-0.38,-3.43,-99.99,-1.52,97.9,0,68,4.38,0.25,0.04,-0.07
2002,210,200,-3.94,0.23,1.61,-8.48,-8.55,30.52,-0.64,-99.99,-0.5,-0.48,-3.32,-99.99,-1.62,98.2,0,65,4.67,0.28,0.02,0.09
2002,210,230,-0.43,-99.99,-99.99,-8.11,-7.99,31.03,-0.64,-99.99,-0.61,-0.58,-3.3,-99.99,-1.72,98.6,0,-99.99,-99.99,-99.99,-99.99,-99.99
2002,210,300,2.55,-99.99,-99.99,-7.57,-7.2,33.8,-0.54,-99.99,-0.71,-0.67,-3.22,-99.99,-1.8,98.8,0,-99.99,-99.99,-99.99,-99.99,-99.99
2002,210,330,4.38,-99.99,-99.99,-6.71,-6.07,39.76,-0.16,-99.99,-0.8,-0.76,-2.98,-99.99,-1.87,98.9,0,-99.99,-99.99,-99.99,-99.99,-99.99
2002,210,400,7.17,1.75,5.51,-5.57,-4.56,45.94,0.39,-99.99,-0.87,-0.84,-2.58,-99.99,-1.93,98.9,0,78,4.61,0.29,0.04,0.7
2002,210,430,11.56,-2.92,7.43,-4.59,-3.19,57.72,0.89,-99.99,-0.93,-0.91,-2.18,-99.99,-1.97,98.8,0,78,4.59,0.28,-0.02,-1.16
2002,210,500,15.49,0.2,4.61,-4.53,-2.79,87.5,1.22,-99.99,-0.97,-0.96,-1.95,-99.99,-2.01,98.8,0,83,4.64,0.27,-0.02,0.08
2002,210,530,17.46,0.81,2.33,-4.72,-2.67,112.1,1.41,-99.99,-1.01,-1.02,-1.82,-99.99,-2.05,98.5,0,97,4.15,0.26,-0.03,0.32
2002,210,600,26.79,3.06,9.16,-4.03,-1.39,184.6,1.57,-99.99,-1.04,-1.07,-1.52,-99.99,-2.08,96.8,0,92,4.2,0.24,-0.03,1.22
2002,210,630,34.38,3.96,12.46,-2.97,0.91,260.1,1.91,-99.99,-1.07,-1.11,-0.85,-99.99,-2.07,94.7,0,91,4.32,0.24,-0.04,1.58
2002,210,700,46.97,11.82,30.82,-0.94,6.09,387.5,2.61,-99.99,-1.1,-1.15,0.4,-99.99,-2.05,91.6,0,89,4.6,0.28,-0.04,4.72
2002,210,730,79.5,18.5,58.63,1.66,13.23,527.3,3.35,-99.99,-1.1,-1.17,1.98,-99.99,-2,87.2,0,90,5.13,0.29,-0.04,7.4
2002,210,800,104.3,29.16,98.38,2.98,15.92,620.4,3.95,-99.99,-1.08,-1.2,2.92,-99.99,-1.95,83.4,0,87,5.07,0.35,-0.06,11.67
2002,210,830,130.1,25.63,102.47,4.95,19.15,708,4.37,-99.99,-1.03,-1.21,3.9,-99.99,-1.89,82.9,0,86,5.07,0.33,-0.05,10.26
2002,210,900,156.8,28.85,117.85,6.62,19.58,796,4.95,-99.99,-0.96,-1.2,5.09,-99.99,-1.79,80.6,0,81,5.2,0.32,-0.06,11.56
2002,210,930,180.6,30.23,134.79,6.85,16.07,878,4.83,-99.99,-0.83,-1.15,6.1,-99.99,-1.67,85.9,0,71,5.38,0.33,-0.07,12.11
2002,210,1000,208.1,35.47,146.1,8.68,14.93,956,5.24,-99.99,-0.68,-1.09,7.02,-99.99,-1.55,85.5,0,70,5.57,0.33,-0.07,14.22
2002,210,1030,231.6,35.65,175.59,10.07,14.26,1016,5.28,-99.99,-0.51,-1.02,7.62,-99.99,-1.42,86.1,0,65,5.89,0.38,-0.09,14.29
2002,210,1100,264.8,32.1,158.95,12.23,18.33,1100,5.21,-99.99,-0.31,-0.94,9.19,-99.99,-1.27,86.6,0,67,6.11,0.34,-0.05,12.87
2002,210,1130,290.4,39.61,187.75,12.81,17.37,1155,5.21,-99.99,-0.11,-0.82,9.92,-99.99,-1.1,86.1,0,67,6.68,0.39,-0.06,15.88
2002,210,1200,309.5,49.9,239.98,13,16.38,1189,5.35,-99.99,0.09,-0.69,10.49,-99.99,-0.94,86,0,68,6.8,0.45,-0.08,20
2002,210,1230,329.1,46.99,233.75,13.78,14.55,1228,5.39,-99.99,0.31,-0.55,10.91,-99.99,-0.78,86.6,0,68,7.01,0.41,-0.06,18.84
2002,210,1300,341,47.82,240.9,12.18,13.99,1244,5.59,-99.99,0.53,-0.41,11.12,-99.99,-0.62,86.5,0,68,7.08,0.44,-0.06,19.17
2002,210,1330,348.4,53.67,255.1,12.33,14.17,1252,6.18,-99.99,0.73,-0.27,11.61,-99.99,-0.46,85.1,0,69,6.98,0.45,-0.08,21.54
2002,210,1400,352.3,46.53,221.38,11.89,14.23,1254,6.36,-99.99,0.95,-0.11,11.64,-99.99,-0.31,84.9,0,67,7.03,0.42,-0.06,18.68
2002,210,1430,351.7,48.94,229.98,11.69,14.73,1243,6.62,-99.99,1.15,0.04,11.36,-99.99,-0.17,84.7,0,65,7.42,0.47,-0.05,19.65
2002,210,1500,345,53.21,249.75,12.13,14.41,1214,6.78,-99.99,1.33,0.18,11.11,-99.99,-0.05,84,0,66,7.24,0.48,-0.06,21.37
2002,210,1530,338,53.88,238.25,12.42,14.53,1187,6.8,-99.99,1.48,0.32,10.75,-99.99,0.06,83.7,0,70,7.39,0.48,-0.05,21.64
2002,210,1600,325.2,45.05,204.22,11.91,13.38,1147,6.78,-99.99,1.61,0.45,10.25,-99.99,0.16,83.9,0,67,7.24,0.44,-0.04,18.1
2002,210,1630,309.3,34.03,179.31,10.87,12.1,1096,6.78,-99.99,1.7,0.56,9.62,-99.99,0.22,84.2,0,70,7.3,0.43,-0.03,13.67
2002,210,1700,286,33.43,171.94,10.09,11.55,1023,7.04,-99.99,1.76,0.66,9.28,-99.99,0.28,84.2,0,71,7.11,0.44,-0.04,13.44
2002,210,1730,262.1,31.67,155.47,8.45,11.14,948,7.35,-99.99,1.81,0.74,8.77,-99.99,0.32,84.3,0,68,7.12,0.45,-0.04,12.74
2002,210,1800,235.1,31.34,153.12,8.12,10.43,865,7.53,-99.99,1.85,0.8,8.14,-99.99,0.35,84.5,0,72,7.03,0.45,-0.05,12.6
2002,210,1830,209,19.82,110.18,7.75,9.38,784,7.67,-99.99,1.86,0.86,7.89,-99.99,0.38,85,0,72,6.77,0.4,-0.03,7.98
2002,210,1900,118.9,7.9,54.37,3.28,4.57,519.2,7.6,-99.99,1.84,0.91,6.11,-99.99,0.38,86.6,0,73,6.48,0.36,-0.02,3.18
2002,210,1930,86.2,8.13,43.82,2.75,3.87,413.6,7.79,-99.99,1.77,0.94,5.15,-99.99,0.35,87.5,0,74,5.98,0.37,-0.03,3.27
2002,210,2000,69.29,4.09,24.43,2.94,4.37,359.3,8.13,-99.99,1.68,0.93,4.88,-99.99,0.31,87.6,0,77,5.76,0.32,-0.02,1.65
2002,210,2030,48.04,1.11,9.58,1.32,2.64,287.6,7.92,-99.99,1.59,0.92,4.05,-99.99,0.25,89.2,0,78,5.39,0.3,-0.01,0.45
2002,210,2100,96.4,6.49,31.35,5.01,6.54,412.9,8.55,-99.99,1.48,0.84,5.5,-99.99,0.21,87.5,0,81,5.55,0.29,-0.02,2.61
2002,210,2130,61.02,4.26,8.55,2.46,4.88,309.3,8.78,-99.99,1.41,0.81,4.91,-99.99,0.16,87.5,0,84,4.71,0.27,-0.02,1.72
2002,210,2200,19.86,2.78,-10.46,0.15,2.65,200,9.51,-99.99,1.33,0.77,4.41,-99.99,0.14,83.6,0,92,5.51,0.31,0,1.12
2002,210,2230,-3.29,-1.71,-19.22,-1.97,0.56,133.2,9.25,-99.99,1.27,0.75,3.71,-99.99,0.1,84.6,0,93,5.43,0.32,0.01,-0.69
2002,210,2300,-19.56,-4.7,-28.06,-3.27,-1.05,88.6,8.86,-99.99,1.2,0.71,3.05,-99.99,0.04,86.4,0,94,5.12,0.32,0.02,-1.9
2002,210,2330,-30.29,-5.6,-29.14,-4.44,-2.53,63.18,8.45,-99.99,1.13,0.68,2.55,-99.99,-0.03,87.6,0,96,5.54,0.33,0.03,-2.26
2002,211,0,-33.32,-6.3,-26.99,-4.76,-2.86,52.43,8.03,-99.99,1.06,0.64,2.25,-99.99,-0.1,88.7,0,100,5.67,0.3,0.03,-2.54
2002,211,30,-38.56,-8.23,-29.94,-5.43,-3.79,40.64,7.53,-99.99,0.97,0.59,1.85,-99.99,-0.18,90.5,0,101,5.33,0.31,0.04,-3.31
2002,211,100,-41.45,-8.44,-30.07,-5.85,-4.37,32.36,7.19,-99.99,0.89,0.54,1.57,-99.99,-0.26,91.7,0,101,5.15,0.29,0.05,-3.4
2002,211,130,-45.28,-8.4,-31.79,-6.39,-5.13,27.43,6.95,-99.99,0.8,0.48,1.26,-99.99,-0.35,91.9,0,101,5.11,0.28,0.05,-3.38
2002,211,200,-42.06,-7.8,-32.57,-6.43,-5.32,26.66,6.75,-99.99,0.72,0.43,1.07,-99.99,-0.44,91.8,0,102,5.22,0.29,0.05,-3.14
2002,211,230,-37.87,-99.99,-99.99,-6.25,-5.01,27.95,6.55,-99.99,0.64,0.37,0.96,-99.99,-0.52,92.3,0,-99.99,-99.99,-99.99,-99.99,-99.99
2002,211,300,-30.67,-99.99,-99.99,-5.95,-4.54,33.33,6.35,-99.99,0.55,0.31,0.88,-99.99,-0.6,92.9,0,-99.99,-99.99,-99.99,-99.99,-99.99
2002,211,330,-24.35,-6.28,-35.26,-5.47,-4.06,45.02,6.38,-99.99,0.48,0.25,0.89,-99.99,-0.67,91.3,0,110,5.75,0.33,0.04,-2.53
2002,211,400,-18.87,-5.13,-29.16,-5.51,-4.24,62.87,6.19,-99.99,0.41,0.19,0.72,-99.99,-0.74,90.9,0,113,5.29,0.29,0.02,-2.06
2002,211,430,-5.76,-3.39,-24.81,-4.34,-2.96,95.3,6.12,-99.99,0.35,0.14,0.83,-99.99,-0.8,90.8,0,108,5.43,0.3,0.02,-1.36
2002,211,500,6.57,-0.43,-19.14,-3.21,-1.06,131.4,6.2,-99.99,0.3,0.08,1.1,-99.99,-0.86,90.4,0,108,5.45,0.32,0,-0.17
2002,211,530,9.54,0.37,-16.94,-3.35,-0.7,156.3,6.27,-99.99,0.24,0.03,1.2,-99.99,-0.91,89.8,0,111,4.83,0.28,0,0.15
2002,211,600,8,-0.32,-15.45,-3.8,-0.92,173.9,6.31,-99.99,0.2,-0.02,1.16,-99.99,-0.95,89.7,0,114,4.19,0.22,0,-0.13
2002,211,630,25.56,3.47,-7.36,-1.31,3.92,259.5,6.64,-99.99,0.15,-0.06,1.86,-99.99,-0.97,88.7,0,121,3.66,0.21,-0.02,1.39
2002,211,700,54.07,24.26,15.15,2.76,12.93,400.1,7.74,-99.99,0.12,-0.1,3.69,-99.99,-0.94,83.3,0,122,4.84,0.33,-0.04,9.76
2002,211,730,77,26.82,27.35,2.95,14.56,496.2,8.38,-99.99,0.13,-0.13,4.68,-99.99,-0.91,79.4,0,119,5.96,0.36,-0.03,10.8
2002,211,800,103.5,36.1,39.21,4.16,17.65,591.9,9.29,-99.99,0.16,-0.15,5.75,-99.99,-0.86,73.4,0,120,6.4,0.38,-0.04,14.55
2002,211,830,123.5,30.91,52.62,4.76,18.83,660.8,10.09,-99.99,0.21,-0.16,6.84,-99.99,-0.8,68.2,0,121,6.76,0.39,-0.03,12.47
2002,211,900,145.5,38.53,79.63,5.74,18.84,728,10.85,-99.99,0.28,-0.15,8.07,-99.99,-0.7,64.68,0,121,7.21,0.45,-0.03,15.56
2002,211,930,166.1,36.98,94.68,8.06,16.93,785,11.29,-99.99,0.38,-0.11,8.92,-99.99,-0.6,63.94,0,122,7.52,0.46,-0.03,14.95
2002,211,1000,209.9,44.93,124.48,12.79,19.41,926,11.8,-99.99,0.51,-0.07,10.42,-99.99,-0.48,64.61,0,114,7.23,0.44,-0.03,18.17
2002,211,1030,222.4,47.86,141.86,15.62,18.06,952,12.29,-99.99,0.66,-0.02,11.12,-99.99,-0.37,63.38,0,116,7.3,0.47,-0.03,19.36
2002,211,1100,254.6,39.32,134.69,18.58,21.44,1043,12.89,-99.99,0.83,0.05,12.97,-99.99,-0.23,60.99,0,114,7.82,0.43,0,15.92
2002,211,1130,277.8,44.77,159.92,20.85,22.02,1101,13.36,-99.99,1.01,0.14,14.03,-99.99,-0.07,59.2,0,117,8.21,0.48,0.01,18.14
2002,211,1200,311.8,45.68,167.7,24.58,25.58,1195,14.13,-99.99,1.19,0.23,15.39,-99.99,0.09,57.08,0,117,7.88,0.46,0.02,18.53
2002,211,1230,294.4,56.62,193.77,24.29,25.54,1123,14.66,-99.99,1.4,0.34,15.32,-99.99,0.25,55.45,0,120,7.7,0.5,0,22.98
2002,211,1300,289.7,46.42,158.56,22.54,24.77,1098,15.05,-99.99,1.6,0.48,15.45,-99.99,0.4,54.62,0,120,7.33,0.45,0,18.85
2002,211,1330,330.5,51.9,173.76,25.46,26.08,1219,15.68,-99.99,1.8,0.6,17.02,-99.99,0.59,51.76,0,130,7.24,0.44,0.03,21.09
2002,211,1400,320.5,53.55,192.28,25.08,25.61,1181,16.01,-99.99,2.01,0.74,16.83,-99.99,0.75,50.04,0,131,7.38,0.48,0.02,21.77
2002,211,1430,336.4,57.33,180.83,25.04,27.95,1223,16.52,-99.99,2.21,0.87,17.48,-99.99,0.9,50.13,0,123,6.92,0.43,0.01,23.32
2002,211,1500,333.3,68.58,228.93,24.98,27.71,1210,17.02,-99.99,2.4,0.99,17.7,-99.99,1.04,48.31,0,126,6.87,0.49,0.01,27.91
2002,211,1530,321.7,51.37,172.1,23.29,26.68,1169,17.13,-99.99,2.58,1.14,17.53,-99.99,1.18,47.41,0,126,6.89,0.46,0.02,20.91
2002,211,1600,308.7,61.85,175.72,22.01,25.27,1122,17.31,-99.99,2.74,1.28,16.97,-99.99,1.31,46.38,0,128,6.66,0.43,0.01,25.18
2002,211,1630,295,36.12,130.85,20.83,23.62,1080,17.47,-99.99,2.87,1.41,16.44,-99.99,1.4,45.8,0,128,6.59,0.39,0.02,14.71
2002,211,1700,270.9,56.14,141.17,19.16,22.95,1006,17.67,-99.99,2.94,1.51,16.08,-99.99,1.47,46.35,0,124,6.04,0.38,0,22.87
2002,211,1730,248.5,42.41,130.54,16.68,20.97,935,17.42,-99.99,3.05,1.62,15.15,-99.99,1.54,47.86,0,107,6.06,0.39,0,17.26
2002,211,1800,217,19.06,123.66,11.86,15.42,835,12.7,-99.99,3.22,1.81,12.15,-99.99,1.57,73.3,0,76,5.43,0.32,-0.04,7.72
2002,211,1830,204.9,23.08,94.21,11.74,14.14,782,12.28,-99.99,3.27,1.93,11.37,-99.99,1.62,77.3,0,81,5.95,0.36,-0.02,9.34
2002,211,1900,144,12.62,50.36,8.1,10.02,602.8,12.11,-99.99,3.26,2.02,9.97,-99.99,1.64,78,0,83,6.01,0.32,-0.01,5.11
2002,211,1930,66.6,9.46,19.73,3.37,4.71,361,11.27,-99.99,3.23,2.12,7.29,-99.99,1.6,80.3,0,78,5.48,0.32,-0.02,3.83
2002,211,2000,36.8,4.76,0.82,0.59,2.17,265,10.89,-99.99,3.14,2.16,6.23,-99.99,1.56,81.5,0,79,5.12,0.3,-0.01,1.92
2002,211,2030,32.64,3.75,-2.38,0.97,2.75,240.2,10.57,-99.99,3.02,2.15,5.64,-99.99,1.48,83,0,81,4.65,0.25,-0.01,1.52
2002,211,2100,37.37,4.94,-3.84,0.79,2.14,250.6,10.75,-99.99,2.88,2.1,5.74,-99.99,1.38,82.8,0,88,4.19,0.22,-0.01,2
2002,211,2130,1.33,1.86,-22.67,-2.41,-0.62,154.9,10.88,-99.99,2.74,2.04,4.82,-99.99,1.28,81.6,0,91,4.2,0.23,0.01,0.75
2002,211,2200,-5.89,-1.31,-23.83,-2.43,-0.34,137.7,10.91,-99.99,2.62,1.98,4.61,-99.99,1.17,81.6,0,95,4.61,0.26,0.01,-0.53
2002,211,2230,-1.68,-1.66,-21.93,-1.9,0.63,127.9,10.72,-99.99,2.49,1.9,4.6,-99.99,1.07,83.4,0,96,4.76,0.27,0.01,-0.67
2002,211,2300,3.9,-1.21,-18.99,-1.22,1.69,108.8,10.66,-99.99,2.38,1.82,4.67,-99.99,0.97,84.2,0,98,4.5,0.26,0.02,-0.49
2002,211,2330,-10.74,-2.54,-19.14,-2.83,-0.17,75,10.36,-99.99,2.29,1.75,4.04,-99.99,0.87,85.4,0,99,4.32,0.24,0.02,-1.03
2002,212,0,-24.78,-4.39,-28.38,-4.3,-2.47,48.85,9.92,-99.99,2.2,1.7,3.44,-99.99,0.78,85.9,0,105,4.17,0.23,0.03,-1.77
2002,212,30,-29.36,-4.37,-33.24,-4.67,-3.08,34.9,9.49,-99.99,2.11,1.65,3.06,-99.99,0.68,85.8,0,106,4.56,0.25,0.04,-1.76
2002,212,100,-40.94,-3.94,-37.38,-5.32,-3.62,26.42,9.25,-99.99,2.02,1.59,2.86,-99.99,0.59,84.9,0,106,5.48,0.32,0.03,-1.59
2002,212,130,-46.58,-6.16,-38.3,-6.49,-5.28,23.13,8.74,-99.99,1.92,1.53,2.32,-99.99,0.48,85.9,0,111,5.17,0.29,0.04,-2.48
2002,212,200,-44.19,-7.34,-32.63,-7.39,-6.7,23,8.11,-99.99,1.82,1.46,1.76,-99.99,0.38,87.9,0,113,4.33,0.24,0.04,-2.96
2002,212,230,-34.69,-6.34,-25.16,-8.84,-8.49,24.13,7.43,-99.99,1.71,1.39,1.12,-99.99,0.26,89.9,0,127,3.14,0.17,0.03,-2.55
2002,212,300,-21.48,-2.16,-9.73,-9.68,-9.61,29.12,6.47,-99.99,1.59,1.31,0.24,-99.99,0.11,92.3,0,127,2.86,0.07,0.02,-0.87
2002,212,330,-11.05,-2.72,-11.71,-6.11,-5.31,33.5,6.09,-99.99,1.46,1.21,0.57,-99.99,-0.01,93.8,0,113,2.96,0.1,0.03,-1.09
2002,212,400,-5.75,-2.73,-16.46,-3.74,-1.86,39.84,6.76,-99.99,1.35,1.11,1.27,-99.99,-0.11,93.3,0,114,3.11,0.16,0.04,-1.1
2002,212,430,0.16,0.12,-16.04,-2.23,0.28,52.3,7.37,-99.99,1.26,1.03,1.89,-99.99,-0.18,90.9,0,118,3.79,0.2,0.03,0.05
2002,212,500,6.67,1.28,-15.74,-1.61,1.45,83,7.81,-99.99,1.2,0.95,2.18,-99.99,-0.23,89.2,0,121,3.22,0.18,0.02,0.52
2002,212,530,10.79,1.3,-12.26,-1.43,1.71,105.7,7.92,-99.99,1.15,0.88,2.3,-99.99,-0.29,89.5,0,122,3.01,0.16,0.02,0.53
2002,212,600,23.04,3.02,-7.91,0.42,4.59,165.6,8.37,-99.99,1.11,0.83,2.81,-99.99,-0.32,87.8,0,122,3.05,0.17,-0.01,1.22
2002,212,630,29.95,7.25,-6.51,1.52,5.96,161.7,8.76,-99.99,1.09,0.79,3.26,-99.99,-0.33,86.5,0,125,3.42,0.22,-0.01,2.92
2002,212,700,32.63,6.9,-3.21,1.36,6.19,189,9.14,-99.99,1.09,0.75,3.67,-99.99,-0.34,85.4,0,124,3.98,0.23,-0.01,2.78
2002,212,730,56.39,12.14,9.22,3.98,12.03,318.3,9.66,-99.99,1.1,0.73,4.71,-99.99,-0.32,83.3,0,134,4.17,0.25,-0.03,4.9
2002,212,800,77.1,15.53,19.44,6.99,16.49,398.5,10.28,-99.99,1.11,0.71,5.63,-99.99,-0.29,81,0,148,4.1,0.25,-0.04,6.27
2002,212,830,93.1,17.95,35.76,8.09,19.02,483.4,10.75,-99.99,1.15,0.7,6.64,-99.99,-0.23,79.2,0,151,4.2,0.26,-0.04,7.25
2002,212,900,113.7,18.77,42.85,15.17,24.38,442.4,11.5,-99.99,1.23,0.69,7.97,-99.99,-0.13,77.9,0,155,3.88,0.24,-0.05,7.58
2002,212,930,102.8,12.7,29.77,12.42,19.36,397.2,11.44,-99.99,1.28,0.71,7.3,-99.99,-0.11,78.6,0,157,3.64,0.2,-0.03,5.14
2002,212,1000,108.7,14.8,31.25,14.99,22.17,417.9,11.91,-99.99,1.38,0.74,7.65,-99.99,-0.04,78.6,0,166,2.93,0.16,-0.04,5.99
2002,212,1030,94.4,16.8,27.29,13.9,20.36,367.1,12.55,-99.99,1.48,0.81,7.56,-99.99,0.06,75.7,0,174,2.31,0.14,-0.04,6.8
2002,212,1100,150.6,21.54,36.7,19.5,26.77,571.3,12.38,-99.99,1.58,0.84,8.87,-99.99,0.13,76.9,0,222,2.85,0.13,-0.05,8.72
2002,212,1130,236.7,38.7,83.29,24.77,33.34,938,13.3,-99.99,1.73,0.89,13.51,-99.99,0.29,73.9,0,228,2.45,0.13,-0.05,15.67
2002,212,1200,293.4,61.24,155.42,24.37,27.9,1163,13.75,-99.99,1.93,0.95,16.71,-99.99,0.52,70.5,0,238,2.94,0.21,-0.06,24.79
2002,212,1230,370.9,65.83,215.37,32.06,29.84,1353,13.36,-99.99,2.25,1.08,18.59,-99.99,0.75,69.75,0,245,3.29,0.26,-0.11,26.64
2002,212,1300,255.2,35.27,110.67,26.66,23.82,958,11.67,-99.99,2.59,1.3,13.72,-99.99,0.89,74.7,0,252,2.59,0.23,-0.07,14.25
2002,212,1330,228,42.82,130.56,31.02,30.6,837,12.09,-99.99,2.84,1.48,13.24,-99.99,1.09,75.7,0,248,2.24,0.22,-0.12,17.31
2002,212,1400,208.3,29.95,113.3,21.4,22.57,766,10.99,-99.99,3.05,1.69,11.49,-99.99,1.2,81.1,0,261,2.61,0.27,-0.07,12.1
2002,212,1430,274.5,40.97,130.33,21.9,24.86,999,11.52,-99.99,3.22,1.83,14.49,-99.99,1.38,79.5,0,276,2.68,0.24,-0.07,16.55
2002,212,1500,240.1,35.13,128.6,23.61,27.01,849,10.69,-99.99,3.42,2,12.47,-99.99,1.49,83.1,0,280,3.09,0.3,-0.13,14.19
2002,212,1530,221.4,18.5,94.4,19.62,23.22,772,9.81,-99.99,3.59,2.19,10.84,-99.99,1.56,87.1,0,272,2.92,0.29,-0.06,7.46
2002,212,1600,301.2,30.64,107.48,21.75,26.06,1084,10.89,-99.99,3.7,2.27,14.3,-99.99,1.7,83.1,0,272,3,0.26,-0.08,12.37
2002,212,1630,305.6,42.67,169.74,20.8,23.97,1121,11.78,-99.99,3.82,2.32,15.05,-99.99,1.76,75.2,0,260,2.7,0.29,-0.06,17.25
2002,212,1700,283.7,46.92,166.29,19.91,20.85,1060,11.93,-99.99,3.93,2.45,14.2,-99.99,1.85,72.5,0,239,3.53,0.3,-0.09,18.96
2002,212,1730,234.2,30.71,114.4,15.28,16.08,899,11.83,-99.99,4.04,2.58,12.46,-99.99,1.91,70.3,0,233,4.35,0.26,-0.04,12.41
2002,212,1800,222.3,28.68,115.3,15.13,15.43,857,10.77,-99.99,4.1,2.71,11.1,-99.99,1.96,74.8,0,236,4.34,0.3,-0.06,11.58
2002,212,1830,209.6,28.26,127.12,15,14.85,810,10.47,-99.99,4.09,2.77,10.81,-99.99,1.98,77.6,0,236,4.4,0.31,-0.08,11.4
2002,212,1900,162.8,18.27,87.01,11.39,10.76,661.2,10.05,-99.99,4.05,2.82,9.71,-99.99,1.98,78.3,0,235,4.19,0.27,-0.05,7.37
2002,212,1930,147.9,-99.99,-99.99,10.44,8.08,597.4,9.7,-99.99,3.97,2.84,8.78,-99.99,1.94,79.7,0,-99.99,-99.99,-99.99,-99.99,-99.99
2002,212,2000,126.6,-99.99,-99.99,9.88,7.07,525.1,9.74,-99.99,3.86,2.86,8.35,-99.99,1.93,80.3,0,-99.99,-99.99,-99.99,-99.99,-99.99
2002,212,2030,86,-0.3,24.54,5.29,3.02,391.8,9.3,-99.99,3.76,2.85,6.91,-99.99,1.86,82.9,0,224,3.53,0.23,0.04,-0.12
2002,212,2100,52.42,-0.8,14.61,1.55,1.03,276.4,8.52,-99.99,3.66,2.83,5.52,-99.99,1.77,86.4,0.1,224,3.59,0.23,0.02,-0.32
2002,212,2130,36.9,-1.11,10.82,-1.5,-1.15,218,8.06,-99.99,3.53,2.78,4.48,-99.99,1.65,88.2,0,220.5,3.47,0.21,0.01,-0.45
2002,212,2200,28,-1.41,7.03,-1.64,-0.5,183,8.16,-99.99,3.34,2.67,4.3,-99.99,1.54,88.2,0,217,3.34,0.19,0,-0.57
2002,212,2230,11.77,-1.77,0.98,-3.24,-2.2,114.9,7.57,-99.99,3.18,2.6,3.35,-99.99,1.42,90.7,0,219,3.66,0.2,0.02,-0.71
2002,212,2300,7.96,-1.33,0.06,-4.15,-2.77,90.6,7.31,-99.99,3.03,2.51,3.09,-99.99,1.3,91.7,0,202,2.73,0.1,0,-0.54
2002,212,2330,-2.31,-1.17,-2.47,-5.8,-4.53,68.89,6.96,-99.99,2.88,2.42,2.36,-99.99,1.17,92.7,0,186,2.08,0.08,0.02,-0.47
2002,213,0,-16.19,-1.8,-4.73,-9.86,-9.52,41.88,6.4,-99.99,2.75,2.33,1.35,-99.99,1.03,94.3,0,191,1.88,0.06,0.01,-0.72
2002,213,30,-10.02,-99.99,-99.99,-10.95,-10.94,30.68,6.01,-99.99,2.58,2.23,0.61,-99.99,0.87,95.9,0,-99.99,-99.99,-99.99,-99.99,-99.99
2002,213,100,-11.45,-99.99,-99.99,-5.93,-3.91,22.93,6.78,-99.99,2.43,2.12,1.66,-99.99,0.75,95.9,0,-99.99,-99.99,-99.99,-99.99,-99.99
2002,213,130,-7.22,-1.55,-9.09,-4.89,-2.86,19.57,6.21,-99.99,2.3,2.01,1.53,-99.99,0.62,95.2,0,220,4.48,0.25,0.07,-0.62
2002,213,200,-2.13,-3.04,-5.37,-4.21,-2.51,18.09,5.58,-99.99,2.19,1.91,1.34,-99.99,0.5,95.9,0,227,4.5,0.26,0.05,-1.22
2002,213,230,-0.39,-1.12,-3.68,-4.74,-3.25,18.96,5.13,-99.99,2.09,1.81,1.08,-99.99,0.39,96.9,0,226,4.28,0.24,0.03,-0.45
2002,213,300,1.58,2.72,-4.07,-3.73,-1.66,21.08,5.56,-99.99,1.97,1.71,1.35,-99.99,0.29,97.5,0,226,4.39,0.25,0.04,1.09
2002,213,330,1.75,6.56,-4.46,-5.08,-3.06,29.45,5.25,-99.99,1.88,1.62,1.09,-99.99,0.2,97.6,0.1,226,4.49,0.26,0.05,2.63
2002,213,400,7.3,-1.4,-0.37,-3.59,-1.33,41.98,5.4,-99.99,1.78,1.53,1.26,-99.99,0.12,97.7,0,226,4.14,0.24,0.02,-0.56
2002,213,430,9.79,1.59,-1.24,-1.89,1,49.03,6,-99.99,1.69,1.44,1.73,-99.99,0.05,97.8,0.1,225,3.6,0.23,0.05,0.64
2002,213,500,14.32,6.01,0.15,-1.62,1.12,86.3,6.05,-99.99,1.63,1.37,1.83,-99.99,-0.01,97.8,0,224,4.11,0.22,0.1,2.42
2002,213,530,18.78,-3.27,1.99,-1.29,1.31,73.3,5.99,-99.99,1.58,1.31,1.87,-99.99,-0.06,97.9,0,222,4.21,0.22,-0.04,-1.31
2002,213,600,23.77,-3.33,1.94,-0.16,2.54,86.4,6.22,-99.99,1.53,1.25,2.09,-99.99,-0.1,97.9,0,226,3.71,0.2,-0.03,-1.34
2002,213,630,31.66,-1.55,5.85,0.27,3.33,115.7,6.28,-99.99,1.5,1.2,2.25,-99.99,-0.14,98,0,225,3.56,0.2,-0.05,-0.62
2002,213,700,42.47,-5.18,8.92,0.95,5.09,164.2,6.48,-99.99,1.47,1.16,2.54,-99.99,-0.16,98,0,223,3.35,0.19,-0.1,-2.09
2002,213,730,39.21,-0.66,4.1,-0.63,3.26,168.7,6.8,-99.99,1.44,1.12,2.59,-99.99,-0.19,98,0,221,3.59,0.18,-0.01,-0.26
2002,213,800,59.5,-3.41,11.11,2.48,7.57,247.2,7.32,-99.99,1.41,1.08,3.2,-99.99,-0.19,98.1,0,221,3.32,0.19,-0.12,-1.37
2002,213,830,189,23.91,67,21.03,35.27,687.5,8.55,-99.99,1.45,1.04,6.7,-99.99,-0.12,97.6,0,224,4.05,0.24,-0.26,9.63
2002,213,900,128.8,20.07,70.46,13.4,21.23,464.8,9.05,-99.99,1.52,1.03,6.35,-99.99,-0.07,93.8,0,225,4.63,0.31,-0.21,8.09
2002,213,930,151.4,18.82,88.7,10.96,17.59,589.5,9.19,-99.99,1.61,1.04,7.23,-99.99,0,93.2,0,226,5.25,0.34,-0.17,7.58
2002,213,1000,148.9,19.3,83.56,8.12,12.42,633.9,9.17,-99.99,1.71,1.09,7.64,-99.99,0.11,89.8,0,225,5.21,0.31,-0.06,7.77
2002,213,1030,256.6,34.95,140.74,17.9,23.2,931,9.51,-99.99,1.82,1.12,9.96,-99.99,0.22,87.6,0,230,5.62,0.34,-0.12,14.09
2002,213,1100,235.8,29.24,129.64,12.41,18.55,896,9.4,-99.99,1.95,1.18,10.78,-99.99,0.33,86.7,0,231,5.64,0.33,-0.06,11.78
2002,213,1130,292.5,32.03,162.93,16.49,20.19,1091,9.39,-99.99,2.1,1.25,13.09,-99.99,0.5,85.8,0,236,5.55,0.3,-0.06,12.91
2002,213,1200,266.8,32.22,170.43,14.2,13.23,1001,8.58,-99.99,2.28,1.35,12.38,-99.99,0.62,85.1,0,240,5.17,0.38,-0.11,12.97
2002,213,1230,327.8,44.74,190.69,22.68,21.4,1162,9.13,-99.99,2.45,1.46,13.67,-99.99,0.75,83.8,0,239,4.91,0.37,-0.08,18.02
2002,213,1300,286.2,48.65,195.27,23.3,23.01,1017,10.12,-99.99,2.64,1.56,13.05,-99.99,0.9,81.3,0,240,5.33,0.39,-0.09,19.62
2002,213,1330,299.6,54.84,200.33,22.73,22.21,1050,10.35,-99.99,2.82,1.7,13.31,-99.99,1.02,82.6,0,241,5.07,0.43,-0.05,22.13
2002,213,1400,338.5,59.02,220.31,22.31,22.41,1196,11.13,-99.99,3.03,1.83,15.48,-99.99,1.2,80.6,0,237,4.97,0.36,-0.1,23.83
2002,213,1430,349.4,40.67,157.84,24.81,24,1209,11.8,-99.99,3.22,1.93,15.93,-99.99,1.35,78,0,233,4.99,0.29,-0.04,16.44
2002,213,1500,329,51.32,174.72,26.6,25.51,1154,12.81,-99.99,3.41,2.05,16.37,-99.99,1.49,74.3,0,229,4.22,0.28,-0.06,20.76
2002,213,1530,316.4,48.78,173.16,24.42,24.06,1122,13.06,-99.99,3.6,2.17,15.9,-99.99,1.61,73.2,0,235,4.32,0.29,-0.06,19.75
2002,213,1600,302,38.64,169.97,21.34,19.76,1080,12.08,-99.99,3.8,2.34,14.66,-99.99,1.72,77,0,231,5.05,0.3,-0.01,15.62
2002,213,1630,280.5,40.44,188.65,18.07,18.45,1014,11.26,-99.99,3.91,2.49,13.34,-99.99,1.8,80,0,245,4.72,0.44,-0.06,16.34
2002,213,1700,254,34.48,165.75,16.29,15.18,940,10.09,-99.99,4.01,2.63,12.15,-99.99,1.87,83.3,0,234,5.13,0.35,-0.06,13.91
2002,213,1730,233.3,26.57,139.53,12.54,13.93,887,9.64,-99.99,4.06,2.73,11.1,-99.99,1.91,83.9,0,239,4.98,0.4,-0.06,10.71
2002,213,1800,207.3,23.2,135.27,10.57,10.52,803,9.23,-99.99,4.08,2.82,9.74,-99.99,1.91,84.1,0,243,5.59,0.45,-0.05,9.35
2002,213,1830,179.6,16.46,109.41,9.78,10.45,719,9.36,-99.99,4.04,2.86,9.32,-99.99,1.9,83.9,0,247,5.1,0.46,-0.04,6.63
2002,213,1900,150.3,13.36,85.75,10.33,11.22,636.3,9.7,-99.99,3.96,2.85,9.24,-99.99,1.88,83.2,0,248,4,0.36,-0.05,5.39
2002,213,1930,125.5,15.66,83.14,8.85,8.25,562.3,9.35,-99.99,3.9,2.85,8.45,-99.99,1.83,84.3,0,246,3.79,0.32,-0.06,6.31
2002,213,2000,99.9,12.64,66.16,7.1,6.24,486.5,9.44,-99.99,3.8,2.83,7.79,-99.99,1.78,84.5,0,237,3.75,0.27,-0.05,5.09
2002,213,2030,74.3,4.99,46.41,3.27,0.76,400.8,8.67,-99.99,3.7,2.82,6.51,-99.99,1.7,86.5,0,232,4.27,0.27,-0.03,2.01
2002,213,2100,49.63,2.6,30.86,0.23,-1.16,315,7.9,-99.99,3.57,2.79,5.33,-99.99,1.61,88.8,0,235,4.4,0.26,-0.02,1.05
2002,213,2130,29.33,-0.17,21.37,-2.64,-2.75,231.3,7.14,-99.99,3.43,2.75,4.15,-99.99,1.51,90.6,0,232,4.15,0.27,-0.01,-0.07
2002,213,2200,18.86,-1.71,11.36,-3.82,-3.51,160.4,5.99,-99.99,3.29,2.7,2.91,-99.99,1.42,93.9,0,221,3.6,0.26,0,-0.68
2002,213,2230,7,-2.46,0.79,-5.3,-4.76,102.5,5.55,-99.99,3.13,2.62,2.21,-99.99,1.29,94.9,0,224,3.34,0.18,0.02,-0.99
2002,213,2300,2.91,0.21,3.6,-5.6,-5.16,59.93,5.07,-99.99,2.97,2.52,1.66,-99.99,1.15,95.9,0,226,3.76,0.22,0.05,0.09
2002,213,2330,2.97,-3.49,3.13,-5.3,-4.6,40.47,4.82,-99.99,2.81,2.41,1.4,-99.99,1.01,96.9,0,227,3.94,0.24,-0.02,-1.4
2002,214,0,-0.48,1.57,0.31,-6.07,-5.16,31.06,4.63,-99.99,2.66,2.3,1.1,-99.99,0.87,97.4,0,227,3.77,0.21,0.06,0.63
2002,214,30,-1.3,0.62,-0.58,-6.35,-5.47,23.59,4.36,-99.99,2.5,2.18,0.83,-99.99,0.74,97.8,0,228,3.39,0.19,0.04,0.25
2002,214,100,-4.59,-0.2,-2.25,-7.65,-6.55,20.03,4.12,-99.99,2.36,2.07,0.49,-99.99,0.6,98,0,218,2.95,0.14,0.04,-0.08
2002,214,130,-3.36,11.42,-6.83,-6.87,-5.59,17.55,4.24,-99.99,2.21,1.96,0.48,-99.99,0.46,98.1,0,222,3.4,0.2,0.13,4.57
2002,214,200,-0.93,-0.79,-1.52,-6.17,-4.68,17.26,4.16,-99.99,2.08,1.84,0.46,-99.99,0.34,98.1,0,224,3.32,0.17,-0.01,-0.32
2002,214,230,-1.66,1.45,-1.83,-7.19,-5.91,19.26,3.68,-99.99,1.96,1.74,0.1,-99.99,0.23,98.3,0,224,3.28,0.19,0.05,0.58
2002,214,300,-0.73,-0.74,-1.09,-7.54,-6.41,25.33,3.35,-99.99,1.85,1.64,-0.18,-99.99,0.1,98.4,0,225,3.24,0.17,0.01,-0.3
2002,214,330,0.34,-10.16,-2.04,-8.34,-6.54,37.59,3.29,-99.99,1.72,1.54,-0.33,-99.99,-0.01,98.5,0,224,3.28,0.19,-0.05,-4.07
2002,214,400,2.56,-99.99,-99.99,-8.1,-5.98,47.59,3.49,-99.99,1.6,1.44,-0.29,-99.99,-0.11,98.5,0,-99.99,-99.99,-99.99,-99.99,-99.99
2002,214,430,9.27,-99.99,-99.99,-7.13,-4.93,66.34,3.65,-99.99,1.49,1.34,-0.18,-99.99,-0.21,98.5,0,-99.99,-99.99,-99.99,-99.99,-99.99
2002,214,500,17.77,-99.99,-99.99,-3.92,-1.69,83.8,3.72,-99.99,1.4,1.25,0.19,-99.99,-0.29,98.5,0,-99.99,-99.99,-99.99,-99.99,-99.99
2002,214,530,26.36,-10.81,5.86,-2.04,0.42,104.4,4.01,-99.99,1.32,1.16,0.57,-99.99,-0.36,98.4,0,215,3.41,0.19,-0.16,-4.33
2002,214,600,36.24,-8.29,10.28,-1.67,1.13,149.9,4.11,-99.99,1.25,1.08,0.78,-99.99,-0.42,98.4,0,220,3.79,0.22,-0.16,-3.32
2002,214,630,47.84,-2.04,16.8,-0.42,2.5,190.9,4.1,-99.99,1.21,1.02,1.05,-99.99,-0.46,98.4,0,230,3.67,0.24,-0.12,-0.82
2002,214,700,59.46,-3.25,23.85,1.27,4.23,215.4,3.78,-99.99,1.18,0.97,1.21,-99.99,-0.49,98.4,0.1,239,3.74,0.26,-0.26,-1.3
2002,214,730,84.6,1.04,28.27,4.33,9.01,300.3,4.1,-99.99,1.16,0.92,2.04,-99.99,-0.5,98.4,0,239,2.93,0.21,-0.25,0.42
2002,214,800,119.3,11.06,34.81,5.72,15.46,491.2,4.83,-99.99,1.16,0.88,3.44,-99.99,-0.46,98.1,0,236,2.94,0.19,-0.17,4.43
2002,214,830,149.3,41.6,86.61,7.02,18.15,638.2,5.69,-99.99,1.18,0.86,5.02,-99.99,-0.38,93.8,0,235,3.34,0.28,-0.19,16.68
2002,214,900,176.9,34.69,96.19,9.11,18.51,720,6.27,-99.99,1.23,0.86,6.26,-99.99,-0.31,90.6,0,236,3.48,0.27,-0.15,13.92
2002,214,930,204,28.14,93.39,10.77,16.5,803,7.15,-99.99,1.3,0.86,7.76,-99.99,-0.21,88.4,0,233,3.99,0.23,-0.09,11.3
2002,214,1000,231.4,36.22,116.65,13.92,17.15,885,8.17,-99.99,1.4,0.87,9.12,-99.99,-0.11,85.8,0,233,3.98,0.25,-0.1,14.57
2002,214,1030,260.5,34.13,127.01,14.77,18.56,965,8.71,-99.99,1.54,0.92,10.27,-99.99,0.01,84.1,0,234,4.38,0.27,-0.09,13.74
2002,214,1100,285.9,39.62,143.78,16.03,20.73,1037,9.71,-99.99,1.72,0.97,12.47,-99.99,0.15,80.1,0,226,4.79,0.31,-0.09,15.97
2002,214,1130,305.8,33.04,141.41,15.83,18.59,1091,10.26,-99.99,1.91,1.06,13.56,-99.99,0.32,79.4,0,224,5.4,0.31,-0.05,13.32
2002,214,1200,321.6,44.81,178.14,18.59,20.35,1133,11,-99.99,2.12,1.16,14.81,-99.99,0.49,81.5,0,225,4.81,0.32,-0.09,18.09
2002,214,1230,335.3,42.19,167.31,17.47,19.98,1173,11.29,-99.99,2.35,1.29,15.72,-99.99,0.68,80.9,0,230,4.64,0.28,-0.07,17.04
2002,214,1300,344,42.07,176.52,19.09,21.04,1198,11.31,-99.99,2.62,1.45,16.25,-99.99,0.86,80.9,0,229,4.22,0.29,-0.06,16.99
2002,214,1330,348.2,45.39,187.71,20.3,22.73,1207,11.78,-99.99,2.87,1.61,16.84,-99.99,1.05,80.2,0,233,4.1,0.29,-0.07,18.34
2002,214,1400,347.8,49,174.63,23.24,26.02,1210,12.47,-99.99,3.12,1.76,17.6,-99.99,1.25,77.8,0,233,3.51,0.25,-0.06,19.82
2002,214,1430,341.9,44.85,176.73,24.42,26.05,1195,12.87,-99.99,3.38,1.93,17.53,-99.99,1.44,76.9,0,232,3.47,0.26,-0.06,18.15
2002,214,1500,333.9,53.95,180.03,23.31,25.1,1172,13.14,-99.99,3.63,2.1,17.25,-99.99,1.61,75.9,0,235,3.68,0.29,-0.06,21.84
2002,214,1530,318.7,48.72,159.24,24.14,26.55,1140,13.49,-99.99,3.85,2.28,17.29,-99.99,1.78,73.8,0,234,2.98,0.23,-0.05,19.73
2002,214,1600,299.3,55.08,174.66,21.57,26.49,1095,14.29,-99.99,4.01,2.4,17.35,-99.99,1.89,69.35,0,253,2.02,0.22,-0.07,22.33
2002,214,1630,280.4,54.06,153.05,19.67,25.85,1042,14.37,-99.99,4.17,2.51,16.96,-99.99,1.98,68.42,0,273,1.8,0.2,-0.06,21.92
2002,214,1700,258.9,44.54,116.11,19.51,24.58,978,14.33,-99.99,4.33,2.68,16.36,-99.99,2.11,68.79,0,284,1.57,0.17,-0.07,18.07
2002,214,1730,229.2,42.3,116.52,18.54,25.04,908,15.65,-99.99,4.46,2.81,15.93,-99.99,2.21,65.61,0,239,1.88,0.21,-0.06,17.18
2002,214,1800,199,31.45,92.87,18.3,23.33,831,16.09,-99.99,4.59,2.97,15.02,-99.99,2.32,65.3,0,221,2.25,0.17,-0.04,12.78
2002,214,1830,177.4,37.9,48.86,12.81,19.21,744,14.36,-99.99,4.62,3.08,13.93,-99.99,2.39,73.4,0,208.5,1.24,0.24,-0.05,15.39
2002,214,1900,150.9,44.36,4.86,13.46,17.3,661.4,14.35,-99.99,4.6,3.16,13.29,-99.99,2.44,73.2,0,196,0.22,0.32,-0.05,17.99
2002,214,1930,125.1,20.89,51.51,13.15,13.57,577.7,14.95,-99.99,4.6,3.24,12.2,-99.99,2.45,68.58,0,247,2.04,0.16,-0.05,8.48
2002,214,2000,92.7,13.49,32.41,10.01,9.55,485.9,14.23,-99.99,4.52,3.29,10.9,-99.99,2.42,68.89,0,241,1.35,0.12,-0.05,5.47
2002,214,2030,65.63,9.67,21.41,6.33,4.34,397.7,14.46,-99.99,4.39,3.28,9.91,-99.99,2.37,65.85,0,237,1.64,0.12,-0.03,3.92
2002,214,2100,38.17,5.86,10.4,1.35,0.5,300.1,12.78,-99.99,4.3,3.3,8.16,-99.99,2.3,72,0,233,1.92,0.12,-0.02,2.37
2002,214,2130,21.62,4.1,2.4,-2.2,-1.77,232.3,11.89,-99.99,4.19,3.29,6.69,-99.99,2.21,71.8,0,208,2.02,0.1,0,1.66
2002,214,2200,-0.46,2.7,-5.48,-5.85,-4.94,142.2,11.34,-99.99,4.03,3.25,5.1,-99.99,2.11,71.4,0,211,2.25,0.09,0,1.09
2002,214,2230,-17.7,-1.06,-5.37,-9.18,-8.68,74.7,10.18,-99.99,3.87,3.21,3.39,-99.99,1.99,74.8,0,202,2.35,0.05,0,-0.43
2002,214,2300,-13.14,-99.99,-99.99,-12.31,-13,55.77,8.77,-99.99,3.69,3.13,1.65,-99.99,1.84,82,0,-99.99,-99.99,-99.99,-99.99,-99.99
2002,214,2330,-15.7,-99.99,-99.99,-11.92,-12.86,40.91,7.87,-99.99,3.5,3.04,0.98,-99.99,1.66,84,0,-99.99,-99.99,-99.99,-99.99,-99.99
2002,215,0,-21.48,-1.38,-7.78,-12.74,-13.6,28.01,6.32,-99.99,3.3,2.92,0.44,-99.99,1.48,87.5,0,160,2.42,0.05,0.01,-0.55
2002,215,30,-21.67,-2.03,-11.25,-11.21,-11.49,21.59,5.79,-99.99,3.1,2.79,0.44,-99.99,1.3,90.1,0,160,2.43,0.08,0.02,-0.81
2002,215,100,-20.83,-2.27,-11.86,-10.71,-10.5,18.15,6.04,-99.99,2.89,2.64,0.4,-99.99,1.12,90.9,0,165,2.22,0.08,0.03,-0.91
2002,215,130,-18.16,-1.63,-11.41,-11.46,-11.3,16.66,6.12,-99.99,2.7,2.49,0.01,-99.99,0.95,90.8,0,176,2.2,0.07,0.02,-0.66
2002,215,200,-18.94,-0.99,-10.96,-10.87,-10.66,16.39,6.35,-99.99,2.53,2.35,-0.12,-99.99,0.77,88,0,187,2.18,0.07,0.02,-0.4
2002,215,230,-25.35,-0.98,-18.71,-8.16,-6.33,16.9,7.03,-99.99,2.36,2.21,0.72,-99.99,0.64,85.5,0,193,2.95,0.12,0.01,-0.4
2002,215,300,-26.95,2.13,-33.08,-5.6,-2.82,20.92,8.3,-99.99,2.21,2.07,1.55,-99.99,0.53,82.8,0,204,4.54,0.23,0.02,0.86
2002,215,330,-33.15,5.25,-47.45,-1.5,2.86,26.44,10.5,-99.99,2.08,1.93,3.08,-99.99,0.46,76.3,0,215,6.13,0.35,0.03,2.12
2002,215,400,-26.77,5.96,-44.75,-1.96,1.63,33.92,10.03,-99.99,2.04,1.85,3.1,-99.99,0.39,77.4,0,212,6.07,0.36,0.03,2.41
2002,215,430,-12.13,1.03,-27.98,-0.67,2.58,63.13,9.94,-99.99,1.99,1.77,3.4,-99.99,0.35,78.2,0,211,6.23,0.34,0.01,0.41
2002,215,500,-1.42,4.47,-21.43,0.36,3.35,99.2,9.63,-99.99,1.96,1.71,3.61,-99.99,0.31,81.7,0,213,6.75,0.42,0,1.8
2002,215,530,-4.02,2.04,-6.8,-2.05,0.46,104.8,8.38,-99.99,1.95,1.68,2.98,-99.99,0.27,85.1,0,212,7.12,0.37,0.02,0.82
2002,215,600,13.3,1,-0.76,-0.84,0.97,145.8,7.52,-99.99,1.92,1.64,2.73,-99.99,0.22,87.9,0,216,7.58,0.43,0.01,0.4
2002,215,630,36.78,-2.98,16.63,-0.18,-0.03,119.7,5.06,-99.99,1.89,1.59,1.77,-99.99,0.15,93.4,0,227,6.92,0.44,-0.03,-1.2
2002,215,700,56.29,-3.67,32.91,1.26,1.39,173.8,4.46,-99.99,1.85,1.55,1.65,-99.99,0.1,96.8,0,223,6.7,0.4,-0.22,-1.47
2002,215,730,64.89,1.5,43.03,0.81,1.09,219.1,4.12,-99.99,1.79,1.5,1.56,-99.99,0.05,97.2,0,222,7.07,0.42,-0.15,0.6
2002,215,800,85.7,4.64,45.5,3.31,2.93,268.3,4.02,-99.99,1.73,1.43,1.77,-99.99,0,97.3,0,219,7.41,0.42,-0.16,1.86
2002,215,830,112.6,9.75,61.61,5.5,4.8,363.9,3.62,-99.99,1.69,1.38,2.06,-99.99,-0.03,97.2,0,219,7.41,0.42,-0.12,3.9
2002,215,900,132.1,12.93,84.06,6.55,5.91,449.7,3.41,-99.99,1.69,1.38,2.56,-99.99,-0.02,96.2,0,223,7.13,0.43,-0.17,5.18
2002,215,930,161.9,15.62,104.04,8.7,7.84,544.8,3.14,-99.99,1.62,1.31,2.95,-99.99,-0.07,95,0,229,7.16,0.44,-0.14,6.25
2002,215,1000,158.8,17.92,97.7,8.79,7.02,548.9,3.1,-99.99,1.51,1.16,3.12,-99.99,-0.18,94.6,0,227,6.56,0.37,-0.09,7.17
2002,215,1030,268.7,39.17,191.26,19.92,16.41,930,4,-99.99,1.54,1.13,6.13,-99.99,-0.12,91.2,0,223,6.47,0.44,-0.12,15.68
2002,215,1100,245.3,29.38,163.29,15.44,11.25,874,4.17,-99.99,1.6,1.12,6.69,-99.99,-0.06,89.2,0,225,6.8,0.4,-0.08,11.76
2002,215,1130,299.2,37.06,189.09,20.31,13.92,1037,4.47,-99.99,1.67,1.13,7.97,-99.99,0,88,0,228,6.62,0.41,-0.09,14.83
2002,215,1200,293.3,36.66,189.12,18.8,12.7,1025,4.84,-99.99,1.78,1.17,8.52,-99.99,0.12,85.7,0,234,6.74,0.43,-0.06,14.68
2002,215,1230,259.8,25.57,138.74,14.91,9.88,915,4.84,-99.99,1.89,1.23,7.79,-99.99,0.19,85.6,0,235,6.54,0.39,-0.06,10.24
2002,215,1300,-99.99,-99.99,-99.99,-99.99,-99.99,-99.99,-99.99,-99.99,-99.99,-99.99,-99.99,-99.99,-99.99,-99.99,-99.99,-99.99,-99.99,-99.99,-99.99,-99.99
2002,215,1330,-99.99,-99.99,-99.99,-99.99,-99.99,-99.99,-99.99,-99.99,-99.99,-99.99,-99.99,-99.99,-99.99,-99.99,-99.99,-99.99,-99.99,-99.99,-99.99,-99.99
2002,215,1400,-99.99,-99.99,-99.99,-99.99,-99.99,-99.99,-99.99,-99.99,-99.99,-99.99,-99.99,-99.99,-99.99,-99.99,-99.99,-99.99,-99.99,-99.99,-99.99,-99.99
2002,215,1430,-99.99,-99.99,-99.99,-99.99,-99.99,-99.99,-99.99,-99.99,-99.99,-99.99,-99.99,-99.99,-99.99,-99.99,-99.99,-99.99,-99.99,-99.99,-99.99,-99.99
2002,215,1500,-99.99,-99.99,-99.99,-99.99,-99.99,-99.99,-99.99,-99.99,-99.99,-99.99,-99.99,-99.99,-99.99,-99.99,-99.99,-99.99,-99.99,-99.99,-99.99,-99.99
2002,215,1530,-99.99,-99.99,-99.99,-99.99,-99.99,-99.99,-99.99,-99.99,-99.99,-99.99,-99.99,-99.99,-99.99,-99.99,-99.99,-99.99,-99.99,-99.99,-99.99,-99.99
2002,215,1600,-99.99,-99.99,-99.99,-99.99,-99.99,-99.99,-99.99,-99.99,-99.99,-99.99,-99.99,-99.99,-99.99,-99.99,-99.99,-99.99,-99.99,-99.99,-99.99,-99.99
2002,215,1630,-99.99,-99.99,-99.99,-99.99,-99.99,-99.99,-99.99,-99.99,-99.99,-99.99,-99.99,-99.99,-99.99,-99.99,-99.99,-99.99,-99.99,-99.99,-99.99,-99.99
2002,215,1700,-99.99,-99.99,-99.99,-99.99,-99.99,-99.99,-99.99,-99.99,-99.99,-99.99,-99.99,-99.99,-99.99,-99.99,-99.99,-99.99,-99.99,-99.99,-99.99,-99.99
2002,215,1730,-99.99,-99.99,-99.99,-99.99,-99.99,-99.99,-99.99,-99.99,-99.99,-99.99,-99.99,-99.99,-99.99,-99.99,-99.99,-99.99,-99.99,-99.99,-99.99,-99.99
2002,215,1800,-99.99,-99.99,-99.99,-99.99,-99.99,-99.99,-99.99,-99.99,-99.99,-99.99,-99.99,-99.99,-99.99,-99.99,-99.99,-99.99,-99.99,-99.99,-99.99,-99.99
2002,215,1830,-99.99,-99.99,-99.99,-99.99,-99.99,-99.99,-99.99,-99.99,-99.99,-99.99,-99.99,-99.99,-99.99,-99.99,-99.99,-99.99,-99.99,-99.99,-99.99,-99.99
2002,215,1900,-99.99,-99.99,-99.99,-99.99,-99.99,-99.99,-99.99,-99.99,-99.99,-99.99,-99.99,-99.99,-99.99,-99.99,-99.99,-99.99,-99.99,-99.99,-99.99,-99.99
2002,215,1930,-99.99,-99.99,-99.99,-99.99,-99.99,-99.99,-99.99,-99.99,-99.99,-99.99,-99.99,-99.99,-99.99,-99.99,-99.99,-99.99,-99.99,-99.99,-99.99,-99.99
2002,215,2000,-99.99,-99.99,-99.99,-99.99,-99.99,-99.99,-99.99,-99.99,-99.99,-99.99,-99.99,-99.99,-99.99,-99.99,-99.99,-99.99,-99.99,-99.99,-99.99,-99.99
2002,215,2030,-99.99,-99.99,-99.99,-99.99,-99.99,-99.99,-99.99,-99.99,-99.99,-99.99,-99.99,-99.99,-99.99,-99.99,-99.99,-99.99,-99.99,-99.99,-99.99,-99.99
2002,215,2100,-99.99,-99.99,-99.99,-99.99,-99.99,-99.99,-99.99,-99.99,-99.99,-99.99,-99.99,-99.99,-99.99,-99.99,-99.99,-99.99,-99.99,-99.99,-99.99,-99.99
2002,215,2130,-99.99,-99.99,-99.99,-99.99,-99.99,-99.99,-99.99,-99.99,-99.99,-99.99,-99.99,-99.99,-99.99,-99.99,-99.99,-99.99,-99.99,-99.99,-99.99,-99.99
2002,215,2200,-99.99,-99.99,-99.99,-99.99,-99.99,-99.99,-99.99,-99.99,-99.99,-99.99,-99.99,-99.99,-99.99,-99.99,-99.99,-99.99,-99.99,-99.99,-99.99,-99.99
2002,215,2230,-99.99,1.19,-0.18,-99.99,-99.99,-99.99,-99.99,-99.99,-99.99,-99.99,-99.99,-99.99,-99.99,-99.99,-99.99,166,1.45,0.07,0.01,0.48
2002,215,2300,-99.99,-2.02,-6.55,-99.99,-99.99,-99.99,-99.99,-99.99,-99.99,-99.99,-99.99,-99.99,-99.99,-99.99,-99.99,149,2.17,0.11,0.02,-0.81
2002,215,2330,-99.99,-1.02,-7.93,-99.99,-99.99,-99.99,-99.99,-99.99,-99.99,-99.99,-99.99,-99.99,-99.99,-99.99,-99.99,164,2.5,0.1,0.01,-0.41
2002,216,0,-99.99,-1.69,-9.86,-99.99,-99.99,-99.99,-99.99,-99.99,-99.99,-99.99,-99.99,-99.99,-99.99,-99.99,-99.99,165,2.43,0.04,0.01,-0.68
2002,216,30,-99.99,-1.77,-12.58,-99.99,-99.99,-99.99,-99.99,-99.99,-99.99,-99.99,-99.99,-99.99,-99.99,-99.99,-99.99,215,1.95,0.07,0.05,-0.72
2002,216,100,-99.99,-4.95,-12.93,-99.99,-99.99,-99.99,-99.99,-99.99,-99.99,-99.99,-99.99,-99.99,-99.99,-99.99,-99.99,240,1.86,0.13,0.03,-2
2002,216,130,-99.99,-0.2,-1.89,-99.99,-99.99,-99.99,-99.99,-99.99,-99.99,-99.99,-99.99,-99.99,-99.99,-99.99,-99.99,234,2.05,0.11,0.04,-0.08
2002,216,200,-99.99,-5.39,-8.67,-99.99,-99.99,-99.99,-99.99,-99.99,-99.99,-99.99,-99.99,-99.99,-99.99,-99.99,-99.99,242,3.41,0.24,0.04,-2.17
2002,216,230,-99.99,-11.23,-29.85,-99.99,-99.99,-99.99,-99.99,-99.99,-99.99,-99.99,-99.99,-99.99,-99.99,-99.99,-99.99,243,4.03,0.28,0.05,-4.52
2002,216,300,-99.99,-11.72,-28.42,-99.99,-99.99,-99.99,-99.99,-99.99,-99.99,-99.99,-99.99,-99.99,-99.99,-99.99,-99.99,239,4.14,0.27,0.07,-4.71
2002,216,330,-99.99,-0.35,-2.75,-99.99,-99.99,-99.99,-99.99,-99.99,-99.99,-99.99,-99.99,-99.99,-99.99,-99.99,-99.99,238,4.75,0.34,0.06,-0.14
2002,216,400,-99.99,1.03,5.03,-99.99,-99.99,-99.99,-99.99,-99.99,-99.99,-99.99,-99.99,-99.99,-99.99,-99.99,-99.99,235,5.76,0.34,0,0.41
2002,216,430,-99.99,4.57,7.69,-99.99,-99.99,-99.99,-99.99,-99.99,-99.99,-99.99,-99.99,-99.99,-99.99,-99.99,-99.99,236,6.55,0.38,0.09,1.83
2002,216,500,-99.99,7.81,11.53,-99.99,-99.99,-99.99,-99.99,-99.99,-99.99,-99.99,-99.99,-99.99,-99.99,-99.99,-99.99,242,6.09,0.44,0.12,3.12
2002,216,530,-99.99,6.56,13.98,-99.99,-99.99,-99.99,-99.99,-99.99,-99.99,-99.99,-99.99,-99.99,-99.99,-99.99,-99.99,244,5.6,0.43,-0.02,2.62
2002,216,600,-99.99,10.42,21.21,-99.99,-99.99,-99.99,-99.99,-99.99,-99.99,-99.99,-99.99,-99.99,-99.99,-99.99,-99.99,242,5.73,0.41,0.08,4.16
2002,216,630,-99.99,14.71,27.06,-99.99,-99.99,-99.99,-99.99,-99.99,-99.99,-99.99,-99.99,-99.99,-99.99,-99.99,-99.99,248,5.1,0.45,0,5.87
2002,216,700,-99.99,15.01,33.54,-99.99,-99.99,-99.99,-99.99,-99.99,-99.99,-99.99,-99.99,-99.99,-99.99,-99.99,-99.99,252,4.99,0.45,-0.02,5.99
2002,216,730,-99.99,22.11,41.61,-99.99,-99.99,-99.99,-99.99,-99.99,-99.99,-99.99,-99.99,-99.99,-99.99,-99.99,-99.99,256,4.58,0.47,-0.06,8.82
2002,216,800,-99.99,25.22,51.82,-99.99,-99.99,-99.99,-99.99,-99.99,-99.99,-99.99,-99.99,-99.99,-99.99,-99.99,-99.99,249,4.54,0.4,-0.06,10.05
2002,216,830,-99.99,35.58,84.09,-99.99,-99.99,-99.99,-99.99,-99.99,-99.99,-99.99,-99.99,-99.99,-99.99,-99.99,-99.99,255,5.33,0.59,0.06,14.19
2002,216,900,-99.99,32.49,76.67,-99.99,-99.99,-99.99,-99.99,-99.99,-99.99,-99.99,-99.99,-99.99,-99.99,-99.99,-99.99,253,5.03,0.49,-0.11,12.96
2002,216,930,-99.99,37.24,90.98,-99.99,-99.99,-99.99,-99.99,-99.99,-99.99,-99.99,-99.99,-99.99,-99.99,-99.99,-99.99,254,5.22,0.5,-0.08,14.85
2002,216,1000,-99.99,41.98,105.29,-99.99,-99.99,-99.99,-99.99,-99.99,-99.99,-99.99,-99.99,-99.99,-99.99,-99.99,-99.99,255,5.41,0.51,-0.05,16.75
2002,216,1030,-99.99,34.01,90.61,-99.99,-99.99,-99.99,-99.99,-99.99,-99.99,-99.99,-99.99,-99.99,-99.99,-99.99,-99.99,250,5.41,0.49,-0.09,13.58
2002,216,1100,-99.99,29.4,67.31,-99.99,-99.99,-99.99,-99.99,-99.99,-99.99,-99.99,-99.99,-99.99,-99.99,-99.99,-99.99,244,6.09,0.47,-0.01,11.74
2002,216,1130,-99.99,28.85,75.2,-99.99,-99.99,-99.99,-99.99,-99.99,-99.99,-99.99,-99.99,-99.99,-99.99,-99.99,-99.99,243,6.36,0.49,-0.16,11.52
2002,216,1200,-99.99,20.07,72.97,-99.99,-99.99,-99.99,-99.99,-99.99,-99.99,-99.99,-99.99,-99.99,-99.99,-99.99,-99.99,245,6.48,0.52,-0.01,8.02
2002,216,1230,-99.99,24.39,78.56,-99.99,-99.99,-99.99,-99.99,-99.99,-99.99,-99.99,-99.99,-99.99,-99.99,-99.99,-99.99,248,5.96,0.53,0.11,9.74
2002,216,1300,-99.99,16.7,72.66,-99.99,-99.99,-99.99,-99.99,-99.99,-99.99,-99.99,-99.99,-99.99,-99.99,-99.99,-99.99,250,5.81,0.51,-0.04,6.67
2002,216,1330,-99.99,34.53,126.31,-99.99,-99.99,-99.99,-99.99,-99.99,-99.99,-99.99,-99.99,-99.99,-99.99,-99.99,-99.99,260,4.99,0.56,-0.13,13.79
2002,216,1400,-99.99,33.1,122.67,-99.99,-99.99,-99.99,-99.99,-99.99,-99.99,-99.99,-99.99,-99.99,-99.99,-99.99,-99.99,256,5.46,0.57,-0.03,13.22
2002,216,1430,-99.99,33.09,144.4,-99.99,-99.99,-99.99,-99.99,-99.99,-99.99,-99.99,-99.99,-99.99,-99.99,-99.99,-99.99,250,5.73,0.53,-0.04,13.22
2002,216,1500,-99.99,36.76,175.95,-99.99,-99.99,-99.99,-99.99,-99.99,-99.99,-99.99,-99.99,-99.99,-99.99,-99.99,-99.99,252,5.67,0.55,-0.06,14.68
2002,216,1530,-99.99,29.84,152.46,-99.99,-99.99,-99.99,-99.99,-99.99,-99.99,-99.99,-99.99,-99.99,-99.99,-99.99,-99.99,259,5.35,0.58,-0.08,11.91
2002,216,1600,193.5,20.58,120.53,11.76,12.98,532,2.08,-21.28,0.7,0.27,2.96,-99.99,-0.92,92.6,0,259,5.31,0.57,-0.06,8.21
2002,216,1630,147.4,22.62,121.03,7,7.51,421.9,1.84,-20.87,0.75,0.3,1.95,-99.99,-0.9,93.4,0,263,5.06,0.55,-0.07,9.02
2002,216,1700,135.4,25.4,136.63,5.58,5.92,392.5,1.83,-20.6,0.77,0.32,1.58,-99.99,-0.88,93.5,0,267,5.46,0.55,-0.11,10.13
2002,216,1730,144,33.56,131.08,7.1,7.99,424.1,1.86,-20.34,0.79,0.34,1.73,-99.99,-0.87,93.1,0,263,5.34,0.57,-0.1,13.38
2002,216,1800,153.6,26.21,114.2,5.53,6.73,454.8,1.5,-20.21,0.82,0.35,1.71,-99.99,-0.86,94.4,0,254,5.33,0.52,-0.04,10.44
2002,216,1830,158,15.46,76.09,6.38,7.22,466.8,1.05,-20.01,0.83,0.37,1.59,-99.99,-0.86,95.8,0,244,5.67,0.45,-0.04,6.16
2002,216,1900,126.5,15.66,90.31,3.91,4.66,375.6,0.92,-20.23,0.83,0.38,1.01,-99.99,-0.87,96.2,0,255,5.38,0.54,-0.04,6.24
2002,216,1930,82.9,15.04,67.59,0.05,-0.62,249.6,0.93,-21.06,0.78,0.38,0.07,-99.99,-0.91,96.2,0,261,4.83,0.54,-0.02,6
2002,216,2000,86.7,15.68,59.92,-0.12,0.54,258.9,1.23,-21.39,0.72,0.35,0.15,-99.99,-0.93,95.1,0,264,4.77,0.52,-0.02,6.25
2002,216,2030,63.48,13.94,39.56,-2.47,-1.42,194.3,1.22,-21.95,0.66,0.33,-0.33,-99.99,-0.98,95.1,0,273,5.05,0.45,0.01,5.55
2002,216,2100,47.81,9.95,29.18,-4.7,-3.82,148.8,0.94,-22.73,0.59,0.29,-0.93,-99.99,-1.04,96,0,273,5.24,0.46,0,3.96
2002,216,2130,42.74,15.21,37.11,-6.53,-5.7,135.3,0.49,-23.47,0.5,0.25,-1.49,-99.99,-1.12,97.4,0,271,5.36,0.52,0.04,6.06
2002,216,2200,37.44,7.63,27.61,-6.8,-6.05,122.3,0.27,-23.94,0.41,0.19,-1.8,-99.99,-1.2,97.8,0,274,5.43,0.5,0,3.04
2002,216,2230,31.19,4.07,24.6,-8.53,-7.62,116.1,-0.01,-24.52,0.3,0.12,-2.16,-99.99,-1.29,97.2,0,271,5.07,0.46,0.02,1.62
2002,216,2300,17.85,9.81,12.42,-9.69,-9.45,91.1,-0.24,-25.6,0.18,0.04,-2.6,-99.99,-1.39,95.5,0,262,4.45,0.47,0.06,3.9
2002,216,2330,8.6,6.35,15.88,-10.37,-10.34,67.4,-0.57,-26.11,0.06,-0.04,-2.98,-99.99,-1.5,96.3,0,263,4.37,0.46,0.03,2.53
2002,217,0,2.41,5.13,15.22,-10.75,-10.67,51.46,-0.8,-26.93,-0.07,-0.14,-3.31,-99.99,-1.63,97.7,0,259,4.36,0.44,0.01,2.04
2002,217,30,1.77,8.01,15.79,-10.06,-9.74,40.72,-0.72,-27.53,-0.2,-0.24,-3.3,-99.99,-1.73,97.2,0,261,4.81,0.51,0.01,3.18
2002,217,100,0.39,7.69,10.75,-10.27,-9.7,36.19,-0.8,-28.28,-0.31,-0.32,-3.46,-99.99,-1.83,97.8,0,254,4.7,0.43,0.06,3.06
2002,217,130,-1.04,4.56,4.97,-10.81,-10.23,18.97,-1,-29.08,-0.42,-0.41,-3.7,-99.99,-1.92,98.3,0,249,4.59,0.39,0.02,1.81
2002,217,200,-1.46,3.93,8.8,-10.46,-9.95,8.19,-1.02,-29.71,-0.54,-0.5,-3.75,-99.99,-2.02,98.5,0,250,5,0.43,0.03,1.56
2002,217,230,-1.98,4.45,10.08,-10.33,-9.75,7.3,-1,-29.66,-0.65,-0.6,-3.79,-99.99,-2.11,97.9,0,252,4.91,0.42,0.03,1.77
2002,217,300,-1.24,5.31,11.04,-9.96,-9.25,6.18,-0.95,-30.08,-0.75,-0.69,-3.8,-99.99,-2.19,98,0,246,5.29,0.45,0.05,2.11
2002,217,330,-1.18,7.93,-28.17,-9.72,-8.93,5.82,-0.91,-30.04,-0.85,-0.77,-3.81,-99.99,-2.26,98.1,0,247,5.42,0.46,0.04,3.16
2002,217,400,-0.03,3.72,-13.85,-9.51,-8.6,7.68,-0.83,-30.96,-0.93,-0.84,-3.81,-99.99,-2.33,98.5,0,243,6.44,0.37,0.02,1.48
2002,217,430,1.29,-0.5,0.47,-9.22,-8.12,11.13,-0.71,-31.83,-1.02,-0.92,-3.76,-99.99,-2.39,98.6,0,239,7.46,0.29,0,-0.2
2002,217,500,2.75,1.24,-5.67,-8.86,-7.66,14.35,-0.6,-31.86,-1.09,-1,-3.71,-99.99,-2.45,98.8,0,234,7.35,0.23,0,0.5
2002,217,530,3.96,1.19,2.56,-8.99,-7.26,17.84,-0.48,-30.67,-1.16,-1.07,-3.64,-99.99,-2.5,99,0,237,6.53,0.29,-0.01,0.48
2002,217,600,7.04,1.15,10.79,-8.41,-6.78,25.37,-0.35,-30.5,-1.23,-1.14,-3.55,-99.99,-2.55,99,0,240,5.71,0.35,-0.01,0.46
2002,217,630,9.08,-99.99,-99.99,-7.8,-6.31,39.69,-0.2,-32.31,-1.27,-1.19,-3.45,-99.99,-2.59,99,0,-99.99,-99.99,-99.99,-99.99,-99.99
2002,217,700,16.57,-99.99,-99.99,-6.46,-5.09,64.97,-0.03,-34.92,-1.32,-1.25,-3.26,-99.99,-2.62,99.1,0,-99.99,-99.99,-99.99,-99.99,-99.99
2002,217,730,26.9,-99.99,-99.99,-4.56,-3.09,88.6,0.24,-35.29,-1.36,-1.3,-2.87,-99.99,-2.65,99.1,0.2,-99.99,-99.99,-99.99,-99.99,-99.99
2002,217,800,45.04,-99.99,-99.99,-4.29,-2.09,133.7,0.25,-30.02,-1.42,-1.41,-2.54,-99.99,-2.67,98.9,0.1,-99.99,-99.99,-99.99,-99.99,-99.99
2002,217,830,58.11,-99.99,-99.99,-3.35,-0.56,165.2,0.05,-26.74,-1.42,-1.44,-2.35,-99.99,-2.68,98.5,0.1,-99.99,-99.99,-99.99,-99.99,-99.99
2002,217,900,56.69,-99.99,-99.99,-4.9,-1.88,161.5,0.03,-26.86,-1.42,-1.46,-2.44,-99.99,-2.68,98,0,-99.99,-99.99,-99.99,-99.99,-99.99
2002,217,930,38.9,-99.99,-99.99,-7.56,-5.41,121.9,-0.12,-24.26,-1.43,-1.48,-2.89,-99.99,-2.69,98,0.1,-99.99,-99.99,-99.99,-99.99,-99.99
2002,217,1000,42.47,-99.99,-99.99,-6.54,-4.64,134.2,-0.12,-20.58,-1.46,-1.5,-2.89,-99.99,-2.71,97.8,0,-99.99,-99.99,-99.99,-99.99,-99.99
2002,217,1030,48.54,-99.99,-99.99,-8.51,-6.03,148.3,-0.18,-7.46,-1.49,-1.52,-3.08,-99.99,-2.73,97.6,0.1,-99.99,-99.99,-99.99,-99.99,-99.99
2002,217,1100,75.6,18.98,41.57,-5.57,-3.01,217.6,-0.29,47.44,-1.5,-1.55,-2.79,-99.99,-2.75,97.7,0,283,6.52,0.59,-0.22,7.56
2002,217,1130,166.2,40.13,27.52,-0.03,2.81,458.2,-0.15,54.94,-1.53,-1.6,-1.13,-99.99,-2.77,98.1,0.1,285,5.94,0.56,-0.24,15.99
2002,217,1200,310.3,94.22,180.5,5.31,14,961,0.63,75.7,-1.42,-1.63,3.37,-99.99,-2.68,97,0,295,7.21,0.53,-0.13,37.58
2002,217,1230,285.7,86.71,159.72,-0.09,7.55,905,0.56,100.5,-1.22,-1.58,2.9,-99.99,-2.6,95.5,0,301,7.59,0.52,-0.08,34.57
2002,217,1300,330.5,92.04,185.78,1.39,8.53,1047,0.56,112.2,-1.01,-1.51,4.22,-99.99,-2.46,95.1,0,301,7.15,0.5,-0.02,36.69
2002,217,1330,306.4,70.95,155.46,1.23,8.91,944,0.49,108.6,-0.82,-1.42,4.24,-99.99,-2.33,95.9,0,296,6.45,0.43,-0.06,28.28
2002,217,1400,328.3,98.88,234.72,-0.83,7.18,1039,0.48,105.1,-0.64,-1.31,4.96,-99.99,-2.17,95.8,0,293,6.53,0.53,-0.18,39.42
2002,217,1430,343.4,90.87,250.67,-1.51,6.18,1090,0.56,107.6,-0.45,-1.19,5.73,-99.99,-2.01,94.1,0,288,6.61,0.56,-0.08,36.22
2002,217,1500,309.2,78.87,226.13,-3.19,3.65,1017,0.55,92.6,-0.28,-1.08,4.97,-99.99,-1.89,92.8,0,289,6.55,0.56,-0.04,31.44
2002,217,1530,285.6,69.87,214.65,-3.17,3.55,932,0.25,77,-0.14,-0.95,3.73,-99.99,-1.8,93.1,0,287,6.74,0.56,-0.02,27.84
2002,217,1600,266.9,57.11,209.56,-1.29,4.21,860,0.23,66.56,-0.04,-0.84,3.04,-99.99,-1.73,93.7,0,286,6.43,0.58,-0.13,22.76
2002,217,1630,233.3,40.85,159.51,-4.24,1.7,729,0.04,47.17,0,-0.75,1.71,-99.99,-1.69,93,0,279,6.67,0.57,0,16.28
2002,217,1700,244.7,34.91,114.89,-3.48,0.84,786,-0.01,26.68,0,-0.7,1.98,-99.99,-1.66,94.5,0,275,6.27,0.53,0,13.91
2002,217,1730,233.2,30.35,132.2,-4.32,0.21,773,-0.13,25.51,0,-0.66,1.71,-99.99,-1.64,93.8,0,274,6.4,0.55,-0.02,12.09
2002,217,1800,210.8,41.13,166.07,-3.85,-0.09,707,-0.29,17.19,0,-0.63,1.2,-99.99,-1.64,93.9,0,270,6.24,0.62,0.01,16.38
2002,217,1830,156.1,31.14,107.2,-4.35,-1.1,529.5,-0.37,6.99,-0.01,-0.6,0.23,-99.99,-1.64,94.1,0,271,5.83,0.56,-0.04,12.41
2002,217,1900,110.8,27.34,95.02,-5.58,-4.07,368.3,-0.59,-8.96,-0.07,-0.59,-1.11,-99.99,-1.69,94.9,0,270,5.98,0.59,0.04,10.89
2002,217,1930,72.1,11.68,60.71,-9.05,-7.84,249.7,-0.69,-20.1,-0.17,-0.61,-1.94,-99.99,-1.73,94.5,0,272,6.11,0.55,0.01,4.65
2002,217,2000,33.67,19.92,48.76,-11.06,-11.54,134.4,-0.89,-28.35,-0.3,-0.65,-2.8,-99.99,-1.82,95.8,0,270,5.81,0.61,0.02,7.93
2002,217,2030,29.12,12.33,41.47,-10.25,-9.73,119.5,-0.8,-27.29,-0.45,-0.72,-2.92,-99.99,-1.91,96.2,0,266,5.22,0.55,0.03,4.91
2002,217,2100,19.18,7.91,37.81,-11.19,-10.3,89.4,-0.8,-22.85,-0.59,-0.8,-3.18,-99.99,-1.99,96.4,0,262,5.47,0.58,0.02,3.15
2002,217,2130,14.99,9.62,36.13,-10.6,-9.95,77.7,-0.8,-23.11,-0.73,-0.88,-3.32,-99.99,-2.09,96.4,0,259,5.34,0.6,0.02,3.83
2002,217,2200,5.76,7.01,30.08,-11.24,-10.63,52.79,-0.72,-30.15,-0.87,-0.97,-3.52,-99.99,-2.18,95.5,0,260,5.66,0.59,0.05,2.79
2002,217,2230,5.92,6.5,25.7,-10.65,-9.87,51.72,-0.65,-37.08,-0.99,-1.06,-3.54,-99.99,-2.27,95.9,0,258,5.61,0.59,0.05,2.59
2002,217,2300,0.32,8.25,27.08,-10.87,-10.21,36.71,-0.64,-30.23,-1.11,-1.14,-3.69,-99.99,-2.35,96.1,0,263,5.4,0.59,0.04,3.29
2002,217,2330,-1.75,5.43,28.69,-11.27,-10.43,31.56,-0.69,-37.26,-1.22,-1.22,-3.85,-99.99,-2.43,96.5,0,257,5.5,0.57,0.07,2.16
2002,218,0,-1.88,5.85,29.55,-11.11,-10.03,29.59,-0.82,-99.99,-1.33,-1.3,-3.98,-99.99,-2.51,97.2,0,255,6.18,0.61,0.08,2.33
2002,218,30,-2.09,-99.99,-99.99,-10.92,-9.56,28.2,-0.85,-99.99,-1.44,-1.39,-4,-99.99,-2.59,98.2,0,-99.99,-99.99,-99.99,-99.99,-99.99
2002,218,100,-1.93,-99.99,-99.99,-10.15,-9.11,27.77,-0.77,-99.99,-1.52,-1.47,-3.95,-99.99,-2.65,98.5,0,-99.99,-99.99,-99.99,-99.99,-99.99
2002,218,130,-2,7.38,32.51,-9.97,-9,27.02,-0.71,-99.99,-1.6,-1.54,-3.96,-99.99,-2.71,98.8,0,258,5.57,0.54,-0.03,2.94
2002,218,200,-1.91,-99.99,-99.99,-9.69,-8.8,26.41,-0.67,-99.99,-1.68,-1.61,-3.94,-99.99,-2.76,99,0,-99.99,-99.99,-99.99,-99.99,-99.99
2002,218,230,-1.82,-99.99,-99.99,-9.48,-8.63,26.13,-0.63,-99.99,-1.75,-1.68,-3.92,-99.99,-2.82,99.1,0,-99.99,-99.99,-99.99,-99.99,-99.99
2002,218,300,-1.15,7.42,18.92,-9.25,-8.35,26.47,-0.57,-99.99,-1.81,-1.74,-3.88,-99.99,-2.86,99.2,0,267,4.84,0.53,0.05,2.96
2002,218,330,-0.31,6.42,11.21,-9.11,-8.15,27.34,-0.52,-99.99,-1.87,-1.8,-3.84,-99.99,-2.89,99.2,0,271,5.14,0.49,0.03,2.56
2002,218,400,1.35,3.27,-0.8,-8.99,-7.99,31.81,-0.47,-99.99,-1.92,-1.85,-3.82,-99.99,-2.94,99.3,0,274,5.06,0.38,-0.01,1.3
2002,218,430,4.82,5.18,12.44,-8.89,-7.77,43.07,-0.45,-99.99,-1.98,-1.9,-3.78,-99.99,-2.98,99.3,0,277,4.86,0.4,0.02,2.07
2002,218,500,7.91,6.94,-10.12,-8.95,-7.56,57.06,-0.46,-99.99,-2.02,-1.95,-3.74,-99.99,-3.02,99.3,0,281,4.83,0.43,0.01,2.77
2002,218,530,15.16,6.82,16.94,-9.18,-7.32,84.2,-0.45,-99.99,-2.07,-2.01,-3.65,-99.99,-3.05,99.3,0,282,4.7,0.43,0.01,2.73
2002,218,600,21.99,6.43,15.05,-9.18,-7.05,102.2,-0.4,-99.99,-2.1,-2.05,-3.52,-99.99,-3.08,99.3,0,286,5.09,0.42,0,2.57
2002,218,630,28.97,7.67,18.76,-8.71,-6.92,123.6,-0.39,-99.99,-2.13,-2.09,-3.39,-99.99,-3.1,99.3,0,287,4.87,0.42,-0.02,3.06
2002,218,700,30.86,8.28,28.65,-8.66,-6.83,125.7,-0.41,-99.99,-2.16,-2.12,-3.31,-99.99,-3.13,99.3,0,286,5,0.41,-0.03,3.31
2002,218,730,50.47,9.08,28.48,-8.71,-6.37,181.4,-0.34,-99.99,-2.18,-2.16,-3.07,-99.99,-3.15,99.3,0,286,5.07,0.42,-0.02,3.62
2002,218,800,55.83,8.84,16.11,-8.78,-5.99,188.3,-0.32,-99.99,-2.18,-2.18,-2.9,-99.99,-3.15,99.3,0,287,4.89,0.38,-0.03,3.53
2002,218,830,75.7,13.48,29.84,-8.72,-4.36,235.3,-0.26,-99.99,-2.18,-2.2,-2.62,-99.99,-3.16,99.3,0.1,287,4.72,0.36,0.02,5.38
2002,218,900,119.9,-99.99,-99.99,-8.26,1.84,332.5,-0.13,-99.99,-2.13,-2.21,-1.85,-99.99,-3.16,99.3,0.5,-99.99,-99.99,-99.99,-99.99,-99.99
2002,218,930,146.5,-99.99,-99.99,-2.71,10.66,403.5,0.03,-99.99,-2.06,-2.21,-0.94,-99.99,-3.13,99.2,0.2,-99.99,-99.99,-99.99,-99.99,-99.99
2002,218,1000,169.4,-99.99,-99.99,5.25,13.47,496,0.19,-99.99,-1.95,-2.19,0.16,-99.99,-3.06,99.2,0.1,-99.99,-99.99,-99.99,-99.99,-99.99
2002,218,1030,113.2,-99.99,-99.99,-0.82,3.54,360,0.06,-99.99,-1.84,-2.13,-0.88,-99.99,-2.99,99.2,0.1,-99.99,-99.99,-99.99,-99.99,-99.99
2002,218,1100,154.8,-99.99,-99.99,3.05,8.43,468,0.16,-99.99,-1.75,-2.08,-0.07,-99.99,-2.91,99.2,0,-99.99,-99.99,-99.99,-99.99,-99.99
2002,218,1130,182.2,-99.99,-99.99,6.37,13.17,545,0.29,-99.99,-1.7,-2.07,0.65,-99.99,-2.86,99.1,0,-99.99,-99.99,-99.99,-99.99,-99.99
2002,218,1200,175.5,-99.99,-99.99,3.4,11.2,535.8,0.34,-99.99,-1.62,-2.03,0.6,-99.99,-2.79,99,0,-99.99,-99.99,-99.99,-99.99,-99.99
2002,218,1230,142.5,-99.99,-99.99,0.46,6.35,450.4,0.23,-99.99,-1.53,-1.97,-0.06,-99.99,-2.72,98.7,0,-99.99,-99.99,-99.99,-99.99,-99.99
2002,218,1300,133.6,-99.99,-99.99,-0.46,4.86,422.2,0.25,-99.99,-1.45,-1.9,-0.19,-99.99,-2.65,97.8,0,-99.99,-99.99,-99.99,-99.99,-99.99
2002,218,1330,171.8,-99.99,-99.99,4.02,10.44,528.8,0.38,-99.99,-1.39,-1.85,0.54,-99.99,-2.57,97.2,0,-99.99,-99.99,-99.99,-99.99,-99.99
2002,218,1400,142.9,-99.99,-99.99,0.25,6.97,458.9,0.42,-99.99,-1.32,-1.8,0.23,-99.99,-2.51,96.7,0,-99.99,-99.99,-99.99,-99.99,-99.99
2002,218,1430,86,-99.99,-99.99,-6.51,-2.6,293.4,0.23,-99.99,-1.28,-1.74,-1.08,-99.99,-2.49,97.1,0,-99.99,-99.99,-99.99,-99.99,-99.99
2002,218,1500,86,-99.99,-99.99,-6.39,-2.85,288.3,0.13,-99.99,-1.28,-1.7,-1.44,-99.99,-2.48,97.7,0,-99.99,-99.99,-99.99,-99.99,-99.99
2002,218,1530,107.7,-99.99,-99.99,-3.19,0.13,353.7,0.21,-99.99,-1.29,-1.68,-1.23,-99.99,-2.46,97.7,0,-99.99,-99.99,-99.99,-99.99,-99.99
2002,218,1600,123.2,-99.99,-99.99,-1.1,3.52,400.7,0.29,-99.99,-1.29,-1.67,-0.84,-99.99,-2.45,97.3,0.1,-99.99,-99.99,-99.99,-99.99,-99.99
2002,218,1630,79.6,-99.99,-99.99,-5.12,-2.34,272.6,0.17,-99.99,-1.29,-1.68,-1.4,-99.99,-2.47,97.2,0,-99.99,-99.99,-99.99,-99.99,-99.99
2002,218,1700,86.8,-99.99,-99.99,-2.21,0.12,292.4,0.21,-99.99,-1.3,-1.67,-1.27,-99.99,-2.47,97.6,0,-99.99,-99.99,-99.99,-99.99,-99.99
2002,218,1730,73.8,-99.99,-99.99,-4.13,-1.51,246.7,0.09,-99.99,-1.31,-1.67,-1.57,-99.99,-2.47,97.9,0,-99.99,-99.99,-99.99,-99.99,-99.99
2002,218,1800,94.6,-99.99,-99.99,-1.31,1.27,302.3,0.15,-99.99,-1.32,-1.68,-1.22,-99.99,-2.48,98.1,0,-99.99,-99.99,-99.99,-99.99,-99.99
2002,218,1830,97.6,-99.99,-99.99,-1.6,1.73,312.3,0.25,-99.99,-1.32,-1.68,-0.97,-99.99,-2.47,97.9,0,-99.99,-99.99,-99.99,-99.99,-99.99
2002,218,1900,114.6,-99.99,-99.99,0.06,3.37,356.6,0.29,-99.99,-1.3,-1.67,-0.6,-99.99,-2.45,97.8,0,-99.99,-99.99,-99.99,-99.99,-99.99
2002,218,1930,78.2,-99.99,-99.99,-4.18,-1.25,256.4,0.16,-99.99,-1.29,-1.66,-1.12,-99.99,-2.43,97.6,0,-99.99,-99.99,-99.99,-99.99,-99.99
2002,218,2000,61.21,-99.99,-99.99,-5,-3.2,207.4,0.11,-99.99,-1.3,-1.66,-1.58,-99.99,-2.44,97.6,0,-99.99,-99.99,-99.99,-99.99,-99.99
2002,218,2030,37.68,-99.99,-99.99,-8.06,-6.96,139.5,-0.03,-99.99,-1.32,-1.64,-2.18,-99.99,-2.44,97.6,0,-99.99,-99.99,-99.99,-99.99,-99.99
2002,218,2100,30.07,-99.99,-99.99,-8.49,-8.24,131.5,-0.07,-99.99,-1.37,-1.65,-2.61,-99.99,-2.48,97.4,0,-99.99,-99.99,-99.99,-99.99,-99.99
2002,218,2130,23.25,-99.99,-99.99,-8.62,-8.46,114.2,-0.12,-99.99,-1.44,-1.69,-2.8,-99.99,-2.52,97.3,0.1,-99.99,-99.99,-99.99,-99.99,-99.99
2002,218,2200,9.78,-99.99,-99.99,-10.67,-10.85,86.6,-0.32,-99.99,-1.51,-1.71,-3.24,-99.99,-2.56,98,0,-99.99,-99.99,-99.99,-99.99,-99.99
2002,218,2230,-0.13,-99.99,-99.99,-11.39,-11.8,69.14,-0.46,-99.99,-1.61,-1.74,-3.63,-99.99,-2.61,98.4,0.1,-99.99,-99.99,-99.99,-99.99,-99.99
2002,218,2300,-4.31,1.03,-0.8,-10.71,-11.14,54.01,-0.63,-99.99,-1.71,-1.8,-3.87,-99.99,-2.67,98.5,0,302,3.19,0.2,0.01,0.41
2002,218,2330,0.17,-99.99,-99.99,-9.91,-9.98,41.06,-0.6,-99.99,-1.81,-1.87,-3.77,-99.99,-2.74,98.6,0,-99.99,-99.99,-99.99,-99.99,-99.99
2002,219,0,-1.53,2.61,4.55,-9.79,-9.69,35.82,-0.6,-99.99,-1.88,-1.92,-3.81,-99.99,-2.8,98.5,0,293,3.39,0.26,0,1.04
2002,219,30,-3.04,3.95,1.77,-9.68,-9.63,32.58,-0.63,-99.99,-1.94,-1.96,-3.9,-99.99,-2.86,98.4,0,291,3.53,0.28,0.05,1.57
2002,219,100,-0.45,4.29,2.13,-9.74,-9.04,30.52,-0.56,-99.99,-2.01,-2.01,-3.84,-99.99,-2.91,97.9,0,297,3.68,0.26,0.03,1.71
2002,219,130,-0.42,5.86,4.96,-9.25,-8.89,29.22,-0.58,-99.99,-2.08,-2.07,-3.87,-99.99,-2.97,97.8,0,287,3.44,0.29,0.04,2.33
2002,219,200,-0.43,4,3.44,-9.17,-8.81,28.57,-0.59,-99.99,-2.13,-2.12,-3.9,-99.99,-3.01,97.7,0,292,3.98,0.27,0.02,1.59
2002,219,230,-0.53,5.47,4.31,-9.04,-8.61,28.22,-0.59,-99.99,-2.19,-2.17,-3.91,-99.99,-3.06,97.9,0,285,3.31,0.29,0.06,2.18
2002,219,300,-1.49,3.53,3.99,-9.06,-8.68,28.42,-0.62,-99.99,-2.24,-2.22,-3.99,-99.99,-3.1,97.9,0,287,3.87,0.3,0.04,1.41
2002,219,330,0.36,5.52,5.18,-8.88,-8.46,29.13,-0.58,-99.99,-2.29,-2.27,-3.97,-99.99,-3.14,97.7,0,288,3.86,0.31,0.04,2.2
2002,219,400,1.65,5.69,4.71,-8.79,-8.27,31.8,-0.56,-99.99,-2.34,-2.31,-3.96,-99.99,-3.18,97.2,0,284,3.59,0.3,0.03,2.26
2002,219,430,3.92,3.28,6.17,-8.66,-8.08,36.13,-0.6,-99.99,-2.38,-2.35,-3.94,-99.99,-3.23,97.7,0,281,3.11,0.29,0.02,1.31
2002,219,500,12,3.14,7.24,-8.38,-7.61,52.68,-0.62,-99.99,-2.41,-2.39,-3.84,-99.99,-3.26,98.4,0,282,3.21,0.28,0.01,1.25
2002,219,530,18.92,4.37,10.76,-8.15,-7.14,65.9,-0.55,-99.99,-2.45,-2.43,-3.66,-99.99,-3.28,98.8,0,286,3.32,0.3,-0.01,1.74
2002,219,600,24.39,5.34,12.02,-7.83,-6.45,79.2,-0.53,-99.99,-2.47,-2.46,-3.52,-99.99,-3.3,99,0,283,3.31,0.29,-0.01,2.13
2002,219,630,24.55,4.78,10.38,-7.44,-5.51,80.8,-0.55,-99.99,-2.48,-2.48,-3.52,-99.99,-3.31,99.1,0,278,3.39,0.26,-0.01,1.9
2002,219,700,30.13,6.61,15.76,-5.99,-3.78,94.5,-0.47,-99.99,-2.49,-2.5,-3.34,-99.99,-3.32,99.2,0,282,3.21,0.27,-0.01,2.63
2002,219,730,48.19,10.86,17.7,-3.25,-1.13,136.5,-0.34,-99.99,-2.5,-2.52,-2.99,-99.99,-3.32,99.1,0,281,3.53,0.3,-0.02,4.33
2002,219,800,62.7,18.84,45.12,-1.21,2.21,180.9,-0.12,-99.99,-2.48,-2.54,-2.37,-99.99,-3.3,98.8,0,284,3.81,0.36,-0.04,7.52
2002,219,830,63,15.11,47.52,-1.27,1.88,189.5,-0.07,-99.99,-2.45,-2.54,-2.19,-99.99,-3.27,98.5,0,286,3.57,0.32,-0.04,6.03
2002,219,900,53.08,14.25,34.87,-3.51,-1.09,168.2,-0.18,-99.99,-2.42,-2.53,-2.49,-99.99,-3.26,98.8,0,283,3.63,0.33,-0.04,5.68
2002,219,930,84.2,16.52,30.71,1.13,5.22,252.3,0.01,-99.99,-2.39,-2.53,-1.72,-99.99,-3.21,98.8,0,274,3.21,0.32,-0.05,6.58
2002,219,1000,78.9,17,31.08,-0.66,2.83,243.6,-0.08,-99.99,-2.34,-2.51,-1.93,-99.99,-3.19,98.8,0,273,3.41,0.32,-0.06,6.77
2002,219,1030,90.6,19.13,33.94,-0.11,4.21,278,-0.02,-99.99,-2.29,-2.49,-1.65,-99.99,-3.15,98.8,0,274,3.7,0.33,-0.04,7.62
2002,219,1100,65.38,17.32,35.12,-2.95,0.45,216.3,-0.01,-99.99,-2.25,-2.46,-2.03,-99.99,-3.11,98.8,0,272,3.5,0.36,-0.12,6.9
2002,219,1130,73.6,20.69,32.01,-2.96,-0.24,240.7,-0.02,-99.99,-2.22,-2.43,-2.14,-99.99,-3.09,98.8,0.1,275,3.56,0.33,-0.13,8.24
2002,219,1200,81.4,26.66,33.12,-1.26,2.5,256.9,0.03,-99.99,-2.19,-2.41,-1.85,-99.99,-3.06,98.6,0.2,271,3.67,0.34,0.01,10.61
2002,219,1230,83.5,12.85,32.66,-1.97,-0.33,267.6,0.06,-99.99,-2.16,-2.39,-1.81,-99.99,-3.04,98.4,0,276,3.89,0.33,-0.08,5.12
2002,219,1300,112.8,-99.99,-99.99,0.86,2.02,350.3,0.13,-99.99,-2.13,-2.37,-1.25,-99.99,-3,98.4,0.2,-99.99,-99.99,-99.99,-99.99,-99.99
2002,219,1330,149.8,-99.99,-99.99,3.75,5.26,453.8,0.16,-99.99,-2.06,-2.34,-0.65,-99.99,-2.95,98.4,0.1,-99.99,-99.99,-99.99,-99.99,-99.99
2002,219,1400,111.2,30,71.44,-0.58,0.83,351.3,0.15,-99.99,-2.01,-2.31,-1.05,-99.99,-2.9,98.2,0,280,4.14,0.38,-0.16,11.96
2002,219,1430,135,32.92,60.92,1.54,2.98,421,0.29,-99.99,-1.94,-2.27,-0.62,-99.99,-2.84,97.9,0,282,4.25,0.35,-0.08,13.12
2002,219,1500,146.6,43.77,77.12,1.97,3.83,459.8,0.38,-99.99,-1.87,-2.23,-0.31,-99.99,-2.78,97.5,0.2,283,4.29,0.37,-0.16,17.45
2002,219,1530,119.7,40.02,63.99,-0.16,1.18,382.5,0.3,-99.99,-1.8,-2.18,-0.67,-99.99,-2.72,97.7,0,280,4.06,0.38,-0.13,15.95
2002,219,1600,120.1,35.1,58.17,-0.48,1.25,377.5,0.23,-99.99,-1.73,-2.12,-0.7,-99.99,-2.67,98,0.2,279,4,0.34,-0.1,13.98
2002,219,1630,132,36.4,64.28,1.4,2.32,406.2,0.24,-99.99,-1.68,-2.08,-0.63,-99.99,-2.63,98.1,0,279,3.96,0.36,-0.11,14.5
2002,219,1700,159.6,52.22,82.15,2.83,4.42,490.5,0.37,-99.99,-1.63,-2.04,0.04,-99.99,-2.57,97.9,0.2,281,4.21,0.37,-0.07,20.8
2002,219,1730,183.8,62.82,112.64,4.38,6.57,565.1,0.52,-99.99,-1.56,-2.01,0.94,-99.99,-2.5,97.4,0,285,4.31,0.39,-0.11,25.03
2002,219,1800,103.6,36.75,71.67,-3.05,-1.05,339.2,0.35,-99.99,-1.48,-1.95,-0.41,-99.99,-2.45,97.5,0,283,4,0.37,-0.09,14.64
2002,219,1830,50.02,23.21,35.31,-8.83,-7.58,182.8,0.04,-99.99,-1.44,-1.88,-1.77,-99.99,-2.44,97.8,0,279,3.77,0.33,0.05,9.25
2002,219,1900,38.84,16.04,27.67,-9.12,-8.61,150.4,-0.09,-99.99,-1.46,-1.85,-2.37,-99.99,-2.45,97.8,0.3,278.5,3.62,0.31,0.05,6.39
2002,219,1930,48.21,8.87,20.03,-6.75,-5.92,174.8,-0.03,-99.99,-1.51,-1.84,-2.29,-99.99,-2.46,97.7,0.2,278,3.47,0.3,0.05,3.53
2002,219,2000,31.85,15.94,15.41,-7.63,-6.91,126.2,-0.06,-99.99,-1.56,-1.85,-2.54,-99.99,-2.5,97.6,0.3,275,3.28,0.27,0.03,6.35
2002,219,2030,38.69,13.17,12.29,-6.95,-5.94,142.1,-0.08,-99.99,-1.61,-1.86,-2.57,-99.99,-2.55,97.8,0.1,274,3.21,0.26,0.04,5.24
2002,219,2100,21.56,10.4,9.18,-8.06,-7.44,93,-0.12,-99.99,-1.67,-1.89,-2.85,-99.99,-2.59,97.9,0.1,273,3.13,0.25,0.04,4.14
2002,219,2130,14.68,-99.99,-99.99,-8.83,-8.29,73.7,-0.15,-99.99,-1.72,-1.92,-3.08,-99.99,-2.63,97.9,0.2,-99.99,-99.99,-99.99,-99.99,-99.99
2002,219,2200,7.24,-99.99,-99.99,-10.05,-9.42,53.92,-0.22,-99.99,-1.79,-1.95,-3.35,-99.99,-2.69,97.8,0,-99.99,-99.99,-99.99,-99.99,-99.99
2002,219,2230,6.01,3.24,6.68,-10.03,-9.33,49.26,-0.27,-99.99,-1.85,-1.99,-3.47,-99.99,-2.74,98.1,0.1,275,3.4,0.28,0.01,1.29
2002,219,2300,2.95,11.15,5.56,-9.76,-9.33,41.43,-0.3,-99.99,-1.93,-2.03,-3.57,-99.99,-2.8,98.5,0,274,3.21,0.23,0.07,4.44
2002,219,2330,1.36,4.68,3.07,-9.58,-9.06,36.01,-0.31,-99.99,-2,-2.08,-3.63,-99.99,-2.85,98.9,0,274,3.13,0.23,0.06,1.86
2002,220,0,0.85,5.4,3.38,-9.48,-8.89,34.2,-0.31,-99.99,-2.07,-2.13,-3.68,-99.99,-2.91,99,0,273,3.27,0.26,-0.01,2.15
2002,220,30,0.34,6.65,5.54,-9.37,-8.7,32.66,-0.3,-99.99,-2.14,-2.18,-3.72,-99.99,-2.96,99.1,0,274,3.41,0.27,0.04,2.65
2002,220,100,-0.42,6.86,4.77,-9.36,-8.63,31.61,-0.29,-99.99,-2.2,-2.23,-3.76,-99.99,-3,99,0,278,3.63,0.29,0.03,2.73
2002,220,130,-0.42,4.81,4.99,-9.11,-8.42,30.82,-0.3,-99.99,-2.25,-2.27,-3.77,-99.99,-3.05,99,0,280,3.22,0.27,0.03,1.91
2002,220,200,-0.42,4.73,5.52,-8.96,-8.26,30.22,-0.3,-99.99,-2.3,-2.31,-3.78,-99.99,-3.09,99.1,0,280,2.9,0.26,0.02,1.88
2002,220,230,-0.35,3.91,4.86,-8.84,-8.09,29.72,-0.28,-99.99,-2.34,-2.34,-3.76,-99.99,-3.13,99.2,0,280,2.87,0.24,-0.01,1.55
2002,220,300,0.11,4.87,2.91,-8.73,-7.96,30.11,-0.28,-99.99,-2.38,-2.38,-3.77,-99.99,-3.16,99.2,0,279,2.65,0.22,0.03,1.94
2002,220,330,0.37,3.49,3.31,-8.85,-8.05,31.65,-0.29,-99.99,-2.43,-2.42,-3.81,-99.99,-3.19,99.3,0,277,2.61,0.24,0,1.39
2002,220,400,1.76,5.69,4.15,-8.91,-8.06,35.54,-0.39,-99.99,-2.47,-2.46,-3.87,-99.99,-3.24,99.3,0,277,2.69,0.21,0.01,2.26
2002,220,430,3.59,4.73,1.44,-8.99,-7.9,42.74,-0.5,-99.99,-2.51,-2.5,-3.92,-99.99,-3.27,99.3,0,279,2.64,0.22,0.01,1.88
2002,220,500,7.17,6.54,6.77,-9.07,-7.5,45.9,-0.53,-99.99,-2.56,-2.54,-3.89,-99.99,-3.3,99.4,0,284,2.63,0.24,0.02,2.6
2002,220,530,10.93,6.61,3.58,-8.66,-7.34,44.43,-0.51,-99.99,-2.6,-2.57,-3.82,-99.99,-3.32,99.4,0,295,2.88,0.19,0.01,2.63
2002,220,600,22.77,7.74,7.64,-7.72,-6.48,70.2,-0.42,-99.99,-2.63,-2.6,-3.63,-99.99,-3.34,99.4,0,291,2.72,0.21,0.01,3.08
2002,220,630,42.12,8.26,3.32,-4.68,-2.8,124.9,-0.32,-99.99,-2.64,-2.64,-3.18,-99.99,-3.36,99.4,0,292,2.56,0.19,-0.01,3.28
2002,220,700,42.34,12.14,8.71,-2.82,-0.49,134,-0.16,-99.99,-2.64,-2.66,-2.7,-99.99,-3.35,99.3,0,290,2.45,0.19,-0.03,4.84
2002,220,730,59.88,-99.99,-99.99,-1.57,1.06,190,-0.09,-99.99,-2.61,-2.66,-2.34,-99.99,-3.33,99.3,0.2,-99.99,-99.99,-99.99,-99.99,-99.99
2002,220,800,84.5,-99.99,-99.99,2.52,5.93,259.1,0.08,-99.99,-2.57,-2.66,-1.46,-99.99,-3.28,99.2,0,-99.99,-99.99,-99.99,-99.99,-99.99
2002,220,830,117.6,-99.99,-99.99,7.05,11.23,350.6,0.31,-99.99,-2.5,-2.65,-0.45,-99.99,-3.22,98.9,0.1,-99.99,-99.99,-99.99,-99.99,-99.99
2002,220,900,97,-99.99,-99.99,2.31,5.4,308.6,0.3,-99.99,-2.39,-2.61,-0.5,-99.99,-3.13,98.3,0,-99.99,-99.99,-99.99,-99.99,-99.99
2002,220,930,72.7,29.27,44.06,-1.41,-0.01,245.1,0.21,-99.99,-2.3,-2.56,-1.27,-99.99,-3.07,98.1,0,286,2.68,0.25,-0.11,11.66
2002,220,1000,90.8,26.26,45.22,1.37,2.76,299.6,0.25,-99.99,-2.22,-2.51,-0.91,-99.99,-2.99,98,0,293,2.68,0.22,-0.09,10.46
2002,220,1030,119.9,47.55,52.68,5.35,7.4,391.7,0.39,-99.99,-2.15,-2.46,-0.05,-99.99,-2.91,97.4,0,291,2.42,0.21,-0.13,18.94
2002,220,1100,148.4,66.01,99.38,9.54,11.88,485.3,0.6,-99.99,-2.04,-2.39,0.96,-99.99,-2.82,96.7,0,290,2.19,0.23,-0.08,26.29
2002,220,1130,146.2,65.75,80.94,7.1,9.72,489.6,0.65,-99.99,-1.92,-2.33,1.14,-99.99,-2.72,96.3,0,295,2.26,0.22,-0.14,26.18
2002,220,1200,150,49.64,67.31,6.87,9.2,497.6,0.65,-99.99,-1.78,-2.25,1.24,-99.99,-2.6,96.5,0,295,2.75,0.2,-0.1,19.77
2002,220,1230,159.7,54.71,78.3,7.22,9.84,520.9,0.79,-99.99,-1.67,-2.18,1.39,-99.99,-2.5,96.7,0,290,2.84,0.25,-0.12,21.79
2002,220,1300,125.6,39.88,73.69,1.01,3.39,415.5,0.69,-99.99,-1.54,-2.09,0.72,-99.99,-2.4,97.2,0,289,3.39,0.28,-0.14,15.88
2002,220,1330,93.5,26.31,43.1,-2.02,-0.4,322.1,0.51,-99.99,-1.46,-2,-0.1,-99.99,-2.34,97.4,0,285,3.03,0.21,-0.14,10.48
2002,220,1400,87.7,27.92,54.4,-2.08,-0.44,301.3,0.54,-99.99,-1.42,-1.93,-0.27,-99.99,-2.28,97.8,0,291,2.89,0.26,-0.11,11.12
2002,220,1430,96.6,23.27,44.12,-0.61,0.68,324.2,0.48,-99.99,-1.39,-1.87,-0.16,-99.99,-2.24,98.2,0,297,2.95,0.21,-0.09,9.26
2002,220,1500,124.9,32.3,58.21,2.47,4.42,406.9,0.63,-99.99,-1.36,-1.83,0.6,-99.99,-2.2,98.1,0,300,3.09,0.2,-0.1,12.86
2002,220,1530,125.1,36.56,56.48,2.11,3.65,414.4,0.73,-99.99,-1.31,-1.79,0.71,-99.99,-2.16,97.3,0,302,3.08,0.21,-0.09,14.56
2002,220,1600,121.3,35.03,65.8,1.31,3.33,407.8,0.78,-99.99,-1.25,-1.75,0.76,-99.99,-2.12,97.1,0,296,3.06,0.23,-0.1,13.95
2002,220,1630,100.4,30.52,50.65,-0.85,0.81,343.8,0.73,-99.99,-1.19,-1.69,0.18,-99.99,-2.08,97.3,0,310,3.08,0.21,-0.08,12.16
2002,220,1700,92.4,27.71,50.23,-2.02,-0.58,318.1,0.6,-99.99,-1.15,-1.64,-0.2,-99.99,-2.05,96.7,0,314,3.1,0.22,-0.07,11.04
2002,220,1730,99.7,27.37,45.66,-0.68,0.42,343.1,0.56,-99.99,-1.12,-1.6,-0.23,-99.99,-2.03,95.7,0,318,3.13,0.14,-0.06,10.9
2002,220,1800,109.8,30.41,54.46,-0.12,1.16,373.2,0.57,-99.99,-1.09,-1.57,-0.13,-99.99,-2.01,95.4,0,317,3.47,0.22,-0.06,12.11
2002,220,1830,112.1,29.05,56.66,0.41,1.63,380.3,0.56,-99.99,-1.07,-1.55,-0.03,-99.99,-2,95.8,0,318,3.34,0.22,-0.1,11.57
2002,220,1900,100.7,33.08,60.19,0.05,1.53,347.4,0.55,-99.99,-1.05,-1.52,-0.02,-99.99,-1.98,95.7,0,323,2.92,0.21,-0.08,13.17
2002,220,1930,83.8,22.75,42.57,-1.72,-0.76,288,0.43,-99.99,-1.03,-1.5,-0.43,-99.99,-1.98,95.1,0,322,2.81,0.19,-0.06,9.06
2002,220,2000,69.59,24.94,46.49,-2.92,-1.9,240.8,0.47,-99.99,-1.02,-1.48,-0.65,-99.99,-1.97,94.5,0,321,2.77,0.21,-0.06,9.93
2002,220,2030,40.36,14.85,25.41,-7.22,-6.91,153.5,0.29,-99.99,-1.03,-1.46,-1.53,-99.99,-2,94.9,0,318,2.89,0.2,-0.02,5.91
2002,220,2100,22.92,9.15,14.79,-8.73,-9.04,100.2,0.2,-99.99,-1.08,-1.46,-2.05,-99.99,-2.04,95.1,0,323,2.7,0.15,0.01,3.64
2002,220,2130,15.11,4.86,8.25,-9.39,-9.62,75.4,0.11,-99.99,-1.15,-1.48,-2.39,-99.99,-2.09,95.5,0,322,2.82,0.16,0.01,1.93
2002,220,2200,8,4.17,6.16,-9.82,-10.08,56.83,0.05,-99.99,-1.22,-1.5,-2.66,-99.99,-2.15,95.9,0,326,2.64,0.15,0.02,1.66
2002,220,2230,3.74,3.85,3.92,-10.03,-10.29,47.65,0.01,-99.99,-1.31,-1.54,-2.86,-99.99,-2.22,96,0,327,2.5,0.16,0.03,1.53
2002,220,2300,-0.02,2.06,1.22,-10.4,-10.6,41.06,-0.07,-99.99,-1.4,-1.59,-3.08,-99.99,-2.3,96.3,0,333,2.35,0.13,0.03,0.82
2002,220,2330,-2.45,1.57,-0.13,-10.38,-10.57,35.67,-0.12,-99.99,-1.5,-1.64,-3.22,-99.99,-2.37,96.6,0,332,2.17,0.12,0.04,0.63
2002,221,0,-3.68,1.32,-0.45,-10.41,-10.37,31.99,-0.12,-99.99,-1.58,-1.7,-3.33,-99.99,-2.44,96.9,0,332,2.26,0.13,0.04,0.52
2002,221,30,-5.58,0.5,-1.35,-10.23,-10.25,30.18,-0.19,-99.99,-1.67,-1.76,-3.45,-99.99,-2.52,97.5,0,332,2.49,0.12,0.03,0.2
2002,221,100,-6.29,0.39,-1.19,-10.03,-9.93,29.36,-0.2,-99.99,-1.76,-1.82,-3.52,-99.99,-2.59,97.5,0,339,1.98,0.1,0.03,0.15
2002,221,130,-6.13,0.13,-1.69,-9.85,-9.55,29.02,-0.19,-99.99,-1.84,-1.88,-3.56,-99.99,-2.65,97.6,0,334,2.01,0.11,0.03,0.05
2002,221,200,-5.09,-0.02,-0.88,-9.64,-9.2,29.19,-0.21,-99.99,-1.9,-1.94,-3.59,-99.99,-2.71,98.1,0,334,2.28,0.11,0.03,-0.01
2002,221,230,-6.47,-0.07,-1.78,-9.68,-9.05,30,-0.23,-99.99,-1.97,-1.98,-3.65,-99.99,-2.77,98.5,0,334,2.68,0.15,0.03,-0.03
2002,221,300,-6.33,0.05,-1.64,-9.53,-8.83,31.46,-0.25,-99.99,-2.03,-2.04,-3.7,-99.99,-2.83,98.8,0,335,2.26,0.13,0.03,0.02
2002,221,330,-5.19,0.44,-1.84,-9.4,-8.64,33.71,-0.27,-99.99,-2.1,-2.09,-3.72,-99.99,-2.88,98.8,0,339,2.41,0.14,0.04,0.17
2002,221,400,-4.04,-0.06,-1.19,-9.27,-8.49,38.33,-0.29,-99.99,-2.16,-2.14,-3.73,-99.99,-2.93,98.8,0,338,1.83,0.09,0.03,-0.03
2002,221,430,-0.97,0.31,-0.83,-9.04,-8.33,45.66,-0.31,-99.99,-2.21,-2.19,-3.72,-99.99,-2.98,98.9,0,337,2.1,0.1,0.02,0.12
2002,221,500,4.66,0.58,0.11,-8.6,-8.1,56.65,-0.26,-99.99,-2.26,-2.25,-3.59,-99.99,-3.02,98.9,0,343,1.99,0.11,0.02,0.23
2002,221,530,9,1.64,1.02,-8.13,-7.92,66.23,-0.19,-99.99,-2.3,-2.29,-3.45,-99.99,-3.05,98.9,0,348,2.1,0.13,0.02,0.65
2002,221,600,12.61,2.45,2.48,-7.57,-7.2,73.3,-0.14,-99.99,-2.33,-2.32,-3.32,-99.99,-3.08,98.8,0,346,2.22,0.12,0.01,0.97
2002,221,630,19.62,3.7,4.71,-6.03,-4.89,93.7,-0.02,-99.99,-2.36,-2.36,-3.03,-99.99,-3.1,98.8,0,348,1.66,0.11,0,1.47
2002,221,700,27.48,7.29,9.21,-4.34,-2.62,115.4,0.07,-99.99,-2.36,-2.38,-2.77,-99.99,-3.1,98,0,335,2.05,0.13,-0.01,2.9
2002,221,730,37.17,9.49,14.64,-2.62,-0.88,139.8,0.12,-99.99,-2.36,-2.4,-2.47,-99.99,-3.09,97.6,0,324,1.92,0.13,-0.03,3.78
2002,221,800,46.22,9.99,17.41,-2.31,-0.29,160.7,0.1,-99.99,-2.33,-2.4,-2.28,-99.99,-3.08,97.3,0,323,2.64,0.15,-0.03,3.98
2002,221,830,49.47,16,23.77,-2.38,-0.25,168.1,0.1,-99.99,-2.3,-2.4,-2.16,-99.99,-3.07,97.4,0,328,2.62,0.18,-0.01,6.37
2002,221,900,56,8.17,22.72,-1.84,0.55,188.4,0.14,-99.99,-2.27,-2.4,-2,-99.99,-3.05,97.4,0,332,2.59,0.15,-0.22,3.25
2002,221,930,86.8,21.22,35.54,1.5,5.16,276.2,0.24,-99.99,-2.22,-2.39,-1.35,-99.99,-3.01,97.1,0,329,2.65,0.17,-0.12,8.45
2002,221,1000,101.8,25.81,35.43,3.46,6.96,328.8,0.32,-99.99,-2.17,-2.37,-0.85,-99.99,-2.96,96.6,0,325,2.48,0.13,-0.11,10.28
2002,221,1030,169.8,44.36,62.86,6.6,9.49,553.6,0.59,-99.99,-2.1,-2.35,0.79,-99.99,-2.88,95.6,0,319,2.51,0.15,-0.08,17.67
2002,221,1100,182.8,61.35,97.73,8.85,12.9,628.4,0.84,-99.99,-1.95,-2.3,2.26,-99.99,-2.75,93.7,0,317,2.71,0.17,-0.14,24.44
2002,221,1130,193.3,58.98,112.46,7.51,10.71,673.9,0.91,-99.99,-1.77,-2.21,2.35,-99.99,-2.63,93.6,0,319,2.95,0.23,-0.15,23.5
2002,221,1200,199.4,46.25,101.37,6.31,9.04,704,0.88,-99.99,-1.58,-2.11,2.8,-99.99,-2.48,93.4,0,315,2.89,0.21,-0.14,18.43
2002,221,1230,195,38.58,78.9,6.93,9.31,683.1,0.96,-99.99,-1.41,-2.01,3.35,-99.99,-2.34,92.1,0,308,2.37,0.15,-0.12,15.37
2002,221,1300,176,38.45,88.75,-1.73,-0.26,676.1,0.94,-99.99,-1.23,-1.88,3.4,-99.99,-2.21,92.6,0,306,2.66,0.19,-0.13,15.32
2002,221,1330,320.2,74.83,178,2.3,3.4,1136,1.55,-99.99,-1.07,-1.78,8.6,-99.99,-1.98,90,0,308,2.62,0.2,-0.19,29.81
2002,221,1400,344.2,87.57,218.46,1.79,7.11,1210,1.81,-99.99,-0.8,-1.64,9.57,-99.99,-1.77,88.7,0,309,2.84,0.24,-0.2,34.9
2002,221,1430,290.2,61.53,162.67,-0.21,5.73,1046,1.6,-99.99,-0.47,-1.45,7.7,-99.99,-1.6,89,0,313,2.69,0.19,-0.19,24.52
2002,221,1500,301.7,66.65,178.66,0.54,6.66,1086,1.58,-99.99,-0.19,-1.26,8.3,-99.99,-1.42,89.1,0,310,2.36,0.21,-0.18,26.56
2002,221,1530,320.9,73.44,198.95,-0.78,7.48,1141,1.8,-99.99,0.07,-1.08,8.94,-99.99,-1.24,88.4,0,304,2.83,0.2,-0.18,29.28
2002,221,1600,330.5,69.11,207.35,0.2,7.04,1157,1.63,-99.99,0.32,-0.87,8.22,-99.99,-1.08,89.6,0,301,3.33,0.27,-0.18,27.55
2002,221,1630,249.6,49.2,151.96,-0.45,4.4,908,1.45,-99.99,0.51,-0.68,5.9,-99.99,-0.95,90.9,0,302,3.4,0.25,-0.15,19.61
2002,221,1700,229.1,43.77,138.12,-1.26,2.03,848,1.33,-99.99,0.61,-0.53,5.11,-99.99,-0.88,91.1,0,301,3.31,0.26,-0.14,17.45
2002,221,1730,284.9,49.87,152.98,1.59,6.63,1021,1.59,-99.99,0.65,-0.45,6.58,-99.99,-0.8,89.5,0,296,3.29,0.25,-0.15,19.88
2002,221,1800,232.1,43.43,135.07,1.23,4.78,851,1.42,-99.99,0.73,-0.34,5.28,-99.99,-0.74,90.1,0,293,3.47,0.28,-0.13,17.31
2002,221,1830,157.8,25.97,87.77,-0.08,2.22,597,1.33,-99.99,0.79,-0.24,3.37,-99.99,-0.72,90.4,0,281,3.08,0.27,-0.09,10.35
2002,221,1900,105.6,26.11,82.99,-4.84,-4.4,395.9,0.72,-99.99,0.77,-0.16,1.21,-99.99,-0.73,92.8,0,285,3.67,0.33,-0.07,10.41
2002,221,1930,62.08,13.4,41.84,-7.5,-7.43,242,0.51,-99.99,0.67,-0.15,0.08,-99.99,-0.78,93.4,0,276,3.12,0.28,-0.03,5.34
2002,221,2000,34.06,8.99,25.34,-9.43,-9.81,148.1,0.5,-99.99,0.51,-0.18,-0.78,-99.99,-0.86,93.3,0,275,2.76,0.25,-0.01,3.58
2002,221,2030,15.92,4.93,14.27,-12.51,-12.08,82,0.31,-99.99,0.35,-0.22,-1.55,-99.99,-0.97,94.5,0,273,2.94,0.26,0.03,1.96
2002,221,2100,14.36,9.76,-3.82,-19.02,-15.18,68.59,0.02,-99.99,0.17,-0.29,-2.26,-99.99,-1.08,96.2,0,282,3.29,0.27,0.07,3.89
2002,221,2130,10.8,5.72,-1,-14.89,-13.43,58.21,0.07,-99.99,-0.03,-0.39,-2.44,-99.99,-1.21,96.9,0,276.5,2.66,0.24,0.02,2.28
2002,221,2200,2.79,1.69,1.82,-13.24,-12.08,36.56,0.12,-99.99,-0.2,-0.49,-2.56,-99.99,-1.34,96.7,0.1,271,2.03,0.21,-0.03,0.67
2002,221,2230,2.29,3,-0.88,-12.19,-11.38,34.89,0.21,-99.99,-0.36,-0.59,-2.67,-99.99,-1.47,96.7,0,272,2.31,0.19,0.01,1.2
2002,221,2300,1.75,3.49,1.1,-10.55,-10.31,31.3,0.19,-99.99,-0.51,-0.69,-2.68,-99.99,-1.58,96.9,0,265,2.09,0.22,0.01,1.39
2002,221,2330,0.67,5.23,2.31,-9.81,-9.39,27.41,0.21,-99.99,-0.65,-0.8,-2.71,-99.99,-1.68,96.6,0,266,2.37,0.25,0.03,2.08
2002,222,0,-1.09,5.26,3.11,-9.62,-9.44,24.01,0.2,-99.99,-0.76,-0.89,-2.78,-99.99,-1.78,96.5,0,256,2.24,0.24,0.04,2.1
2002,222,30,-1.34,3.17,1.18,-9.6,-9.34,23.2,0.17,-99.99,-0.87,-0.98,-2.86,-99.99,-1.88,96.8,0,245,2.68,0.21,0.04,1.26
2002,222,100,-1.38,1.85,2.33,-9.72,-9.35,23.03,0.1,-99.99,-0.97,-1.06,-2.99,-99.99,-1.96,97.4,0,243,3.25,0.24,0.03,0.74
2002,222,130,-1.28,1.11,4.05,-9.67,-9.17,22.61,0.07,-99.99,-1.06,-1.14,-3.04,-99.99,-2.04,98.2,0,249,3.21,0.27,0.03,0.44
2002,222,200,-1.24,2.75,4.2,-9.53,-8.97,22.49,0.08,-99.99,-1.15,-1.2,-3.06,-99.99,-2.11,98.7,0,262,2.9,0.33,0.02,1.09
2002,222,230,-1.05,1.87,3.78,-9.39,-8.86,22.85,0.05,-99.99,-1.23,-1.28,-3.11,-99.99,-2.17,98.9,0,261,2.74,0.27,0.02,0.74
2002,222,300,-0.74,3.29,2.82,-9.28,-8.7,23.74,0.03,-99.99,-1.31,-1.35,-3.13,-99.99,-2.25,99,0,265,2.71,0.28,0.02,1.31
2002,222,330,-0.05,1.67,6.11,-9.26,-8.63,25.54,-0.05,-99.99,-1.38,-1.41,-3.2,-99.99,-2.31,99.1,0,268,2.74,0.3,0.01,0.66
2002,222,400,1.18,2.5,2.99,-9.28,-8.63,29.31,-0.19,-99.99,-1.45,-1.47,-3.27,-99.99,-2.36,99.2,0,271,2.84,0.28,0,1
2002,222,430,3.14,3.42,5.04,-9.09,-8.42,34.48,-0.33,-99.99,-1.51,-1.52,-3.33,-99.99,-2.43,99.2,0,265,2.72,0.29,0.01,1.36
2002,222,500,2.13,5.8,5.03,-9.36,-8.65,33.59,-0.41,-99.99,-1.57,-1.58,-3.41,-99.99,-2.48,99.3,0,268,2.82,0.29,0.02,2.31
2002,222,530,2.42,3.72,2.21,-9.65,-8.91,35.68,-0.54,-99.99,-1.63,-1.63,-3.55,-99.99,-2.54,99.3,0,273,3.27,0.28,0.01,1.48
2002,222,600,4.83,5.18,7.15,-9.05,-8.34,34.45,-0.53,-99.99,-1.69,-1.69,-3.52,-99.99,-2.59,99.2,0,275,3.07,0.26,0.02,2.06
2002,222,630,7.48,5.98,6.87,-8.63,-7.83,36.85,-0.48,-99.99,-1.75,-1.74,-3.49,-99.99,-2.64,98.7,0,278,3.21,0.29,0.01,2.38
2002,222,700,12.05,5.89,6.4,-7.69,-6.79,48.07,-0.41,-99.99,-1.8,-1.79,-3.36,-99.99,-2.68,98,0,278,2.8,0.24,0.01,2.35
2002,222,730,17.19,8.13,9.09,-6.83,-5.74,62.11,-0.32,-99.99,-1.84,-1.84,-3.2,-99.99,-2.72,98,0,281,2.7,0.23,0.01,3.24
2002,222,800,21.86,6.78,9.95,-6.11,-4.96,85.6,-0.21,-99.99,-1.88,-1.88,-3.05,-99.99,-2.75,98.1,0,284,2.8,0.23,0.01,2.7
2002,222,830,29.25,8.79,12.71,-5.33,-4,108,-0.12,-99.99,-1.89,-1.91,-2.82,-99.99,-2.76,98.2,0,301,3.32,0.24,-0.04,3.5
2002,222,900,34.68,11.71,14.34,-5.08,-3.9,122.8,-0.17,-99.99,-1.9,-1.93,-2.85,-99.99,-2.77,98,0,315,3.76,0.24,-0.01,4.66
2002,222,930,62.35,20.51,22.9,-2.04,-0.42,195.9,-0.21,-99.99,-1.91,-1.96,-2.39,-99.99,-2.79,97,0,316,3.81,0.24,-0.03,8.16
2002,222,1000,109.9,33.96,43.53,2.62,5.56,327.1,-0.04,-99.99,-1.89,-1.98,-1.41,-99.99,-2.77,95.3,0,308,3.85,0.26,-0.07,13.52
2002,222,1030,114.5,32.8,50.97,2.42,6.21,355.3,-0.18,-99.99,-1.83,-1.98,-1.04,-99.99,-2.73,95.6,0,309,3.9,0.24,-0.08,13.06
2002,222,1100,118.1,24.48,48.54,0.93,4.48,375.3,-0.09,-99.99,-1.75,-1.95,-1.02,-99.99,-2.69,97.4,0,311,4.3,0.26,-0.1,9.75
2002,222,1130,177.1,43.61,82.64,5.14,10.13,557.9,0.15,-99.99,-1.67,-1.93,0.38,-99.99,-2.62,97.4,0.1,311,4.4,0.29,-0.17,17.36
2002,222,1200,201.7,46.94,92.2,3.4,7.93,643.7,0.15,-99.99,-1.55,-1.89,0.95,-99.99,-2.54,96.3,0,317,5.05,0.3,-0.09,18.69
2002,222,1230,253.9,64.22,137.28,6.48,10.19,804,0.31,-99.99,-1.4,-1.83,2.4,-99.99,-2.42,96.5,0,315,4.82,0.32,-0.22,25.56
2002,222,1300,221.5,65.94,116.59,3.21,7.91,716,0.3,-99.99,-1.22,-1.74,1.81,-99.99,-2.31,95.8,0.1,320,4.7,0.3,-0.12,26.25
2002,222,1330,272.1,70.55,155.55,3.44,6.9,877,0.32,-99.99,-1.06,-1.65,2.85,-99.99,-2.19,93.5,0,321,5.13,0.34,-0.13,28.09
2002,222,1400,251.1,67.51,165.28,-0.57,2.67,848,0.22,-99.99,-0.89,-1.54,3.37,-99.99,-2.05,91.1,0,318,4.81,0.31,-0.16,26.87
2002,222,1430,309.7,65.21,193.19,-1.55,2.2,1045,0.07,-99.99,-0.72,-1.43,5.36,-99.99,-1.91,90.2,0,318,4.33,0.29,-0.16,25.94
2002,222,1500,308.8,59,173.78,-2.59,1.52,1055,0.18,-99.99,-0.53,-1.31,5.8,-99.99,-1.76,89.3,0,314,4.41,0.3,-0.14,23.46
2002,222,1530,255.6,52.78,154.37,-0.48,2.8,886,-0.18,-99.99,-0.32,-1.16,3.88,-99.99,-1.67,89.8,0,310,4.49,0.31,-0.12,20.99
2002,222,1600,186.7,42.9,124.66,-0.49,3.65,637.4,-0.4,-99.99,-0.17,-1.03,2.17,-99.99,-1.59,92.4,0,304,4.26,0.31,-0.1,17.06
2002,222,1630,126.3,30.89,93.35,-4.55,-2.48,436.6,-0.43,-99.99,-0.13,-0.93,0.54,-99.99,-1.57,94.6,0,295,4.12,0.33,-0.05,12.29
2002,222,1700,124.9,34.33,106.07,-4,-2.7,425.5,-0.41,-99.99,-0.16,-0.87,-0.13,-99.99,-1.8,94.1,0.2,299,4.36,0.34,-0.1,13.66
2002,222,1730,99.8,24.07,74.52,-4.81,-3.75,360.2,-0.39,-99.99,-0.22,-0.85,-0.34,-99.99,-1.79,92.9,0,296,4.13,0.32,-0.02,9.58
2002,222,1800,94.2,21.37,66.51,-4.75,-3.36,331.8,-0.4,-99.99,-0.28,-0.83,-0.43,-99.99,-1.76,93.7,0,294,4.12,0.3,-0.05,8.51
2002,222,1830,72.5,22.94,51.91,-6.59,-5.76,259.4,-0.51,-99.99,-0.42,-0.9,-0.95,-99.99,-1.84,95.4,0,289,4.13,0.33,-0.03,9.13
2002,222,1900,58.73,19.25,40.31,-8.97,-7.54,209.8,-0.57,-99.99,-0.5,-0.92,-1.36,-99.99,-1.86,96.4,0,294,4.5,0.34,-0.02,7.66
2002,222,1930,43.62,14.77,30.95,-9.66,-9.13,164,-0.68,-99.99,-0.59,-0.96,-1.74,-99.99,-1.89,96.5,0,300,4.58,0.31,-0.02,5.88
2002,222,2000,30.73,13.6,25.73,-9.91,-9.88,124,-0.69,-99.99,-0.7,-1.01,-2.02,-99.99,-1.95,96.6,0,299,4.44,0.32,0,5.42
2002,222,2030,21.87,12.99,16.87,-10.05,-10.11,85.7,-0.75,-99.99,-0.81,-1.06,-2.25,-99.99,-2.01,96.9,0,298,3.96,0.29,-0.01,5.17
2002,222,2100,12.49,8.17,12.98,-10.62,-10.71,52.53,-0.83,-99.99,-0.92,-1.12,-2.47,-99.99,-2.08,97.2,0,296,3.74,0.26,0.02,3.25
2002,222,2130,7.07,5.41,9.41,-10.7,-10.89,35.31,-0.84,-99.99,-1.03,-1.19,-2.64,-99.99,-2.16,97.3,0,294,3.64,0.27,0.02,2.16
2002,222,2200,6.13,6.09,10.03,-10.51,-10.52,30.25,-0.79,-99.99,-1.14,-1.26,-2.78,-99.99,-2.23,97,0,293,3.78,0.31,0.03,2.43
2002,222,2230,5.22,7.12,5.67,-10.29,-10.18,25.51,-0.74,-99.99,-1.24,-1.33,-2.87,-99.99,-2.3,96.6,0,293,3.57,0.26,0.01,2.83
2002,222,2300,2.86,5.38,6.84,-10.35,-10.04,17.45,-0.73,-99.99,-1.34,-1.4,-2.96,-99.99,-2.38,96.9,0,291,3.64,0.26,0.03,2.14
2002,222,2330,-0.57,5.91,2.66,-11.35,-10.01,11.67,-0.73,-99.99,-1.43,-1.47,-3.11,-99.99,-2.44,97.6,0,291,3.84,0.29,0,2.36
2002,223,0,-2.55,5.21,2.77,-10.66,-9.64,8.59,-0.71,-99.99,-1.52,-1.55,-3.22,-99.99,-2.52,98.1,0,284,3.55,0.31,0,2.08
2002,223,30,-2.83,5.12,2.96,-10.21,-9.29,6.33,-0.7,-99.99,-1.61,-1.61,-3.27,-99.99,-2.59,98.3,0,286,3.66,0.33,0.04,2.04
2002,223,100,-2.94,5.93,-0.92,-9.98,-9.05,6.02,-0.68,-99.99,-1.69,-1.68,-3.29,-99.99,-2.64,98.5,0,291,3.86,0.29,0.03,2.36
2002,223,130,-2.95,3.88,-6.9,-9.81,-8.89,5.72,-0.68,-99.99,-1.77,-1.74,-3.31,-99.99,-2.7,98.8,0,293,3.62,0.25,0.02,1.55
2002,223,200,-3.38,4.08,-2.22,-9.7,-8.77,5.42,-0.68,-99.99,-1.84,-1.81,-3.33,-99.99,-2.76,98.9,0,290,3.35,0.25,0.03,1.62
2002,223,230,-2.49,4.55,1.08,-9.58,-8.68,5.21,-0.72,-99.99,-1.92,-1.87,-3.37,-99.99,-2.8,99,0,311,3.44,0.22,0.04,1.81
2002,223,300,-3.23,1.94,-2.55,-9.47,-8.59,5.56,-0.75,-99.99,-1.98,-1.93,-3.39,-99.99,-2.86,99,0,311,2.77,0.15,0.03,0.77
2002,223,330,-3.15,2.06,-3.01,-9.38,-8.48,6.98,-0.76,-99.99,-2.03,-1.98,-3.42,-99.99,-2.9,98.9,0,312,2.67,0.14,0.04,0.82
2002,223,400,-1.67,1.73,-1.67,-9.23,-8.35,9.48,-0.77,-99.99,-2.08,-2.03,-3.42,-99.99,-2.94,99,0,324,2.36,0.14,0.03,0.69
2002,223,430,0.21,1.65,0.85,-9.02,-8.21,13.49,-0.74,-99.99,-2.12,-2.07,-3.41,-99.99,-2.98,99,0,337,2.37,0.12,0.04,0.66
2002,223,500,1.91,1.76,-0.61,-8.93,-8.14,22.27,-0.73,-99.99,-2.16,-2.11,-3.4,-99.99,-3.02,99.1,0,336,2.17,0.1,0.02,0.7
2002,223,530,6.2,1.93,-0.33,-9.01,-8.01,40.78,-0.64,-99.99,-2.2,-2.15,-3.36,-99.99,-3.06,99.1,0,344,2.2,0.12,0.01,0.77
2002,223,600,20.68,2.69,1.63,-8.65,-7.84,100.3,-0.52,-99.99,-2.24,-2.19,-3.26,-99.99,-3.1,99.1,0,353,2.74,0.15,-0.02,1.07
2002,223,630,50.53,3.46,8.9,-7.99,-7.5,235.5,-0.33,-99.99,-2.27,-2.23,-3.01,-99.99,-3.11,99,0,184.5,2.84,0.15,0,1.38
2002,223,700,30.12,4.23,16.16,-7.5,-7.54,190.5,-0.41,-99.99,-2.27,-2.25,-3.02,-99.99,-3.13,98.6,0.2,16,2.94,0.15,0.02,1.69
2002,223,730,58.5,13.32,21.98,-5.48,-6.08,247.7,-0.51,-99.99,-2.29,-2.28,-2.85,-99.99,-3.14,98.2,0.2,20.5,3.03,0.17,-0.03,5.3
2002,223,800,118.5,22.41,27.79,0.78,-0.84,421.4,-0.28,-99.99,-2.28,-2.3,-1.92,-99.99,-3.14,97.5,0,25,3.12,0.19,-0.07,8.92
2002,223,830,63.03,22.26,25.04,-3.2,-0.51,272.5,-0.4,-99.99,-2.23,-2.3,-2.22,-99.99,-3.13,96.8,0,20,3.2,0.2,-0.05,8.86
2002,223,900,116.6,26.46,39.04,1.92,4.59,470.2,-0.36,-99.99,-2.19,-2.3,-1.83,-99.99,-3.12,96.6,0,43,3.23,0.17,-0.05,10.53
2002,223,930,159.2,50.04,78.49,2.74,8.85,662.7,0.05,-99.99,-2.14,-2.29,-0.68,-99.99,-3.08,94.3,0,46,3.26,0.22,-0.09,19.92
2002,223,1000,176.5,58.78,94.13,2.89,6.65,750,0.28,-99.99,-2.04,-2.27,0.01,-99.99,-3.05,93.3,0,38,2.92,0.17,-0.11,23.4
2002,223,1030,242.4,69.46,126.52,6.57,5.8,963,0.61,-99.99,-1.92,-2.23,1.18,-99.99,-2.95,91.4,0.1,41,3.57,0.21,-0.09,27.65
2002,223,1100,251.6,72.19,147.59,5.73,5.16,957,0.61,-99.99,-1.76,-2.17,1.72,-99.99,-2.83,91.1,0,38,3.49,0.24,-0.13,28.72
2002,223,1130,288.9,69.31,156.95,6.85,7.21,1016,0.73,-99.99,-1.56,-2.06,2.78,-99.99,-2.66,90.3,0,34,3.8,0.26,-0.12,27.57
2002,223,1200,305.2,75.1,184.78,4.42,1.5,1101,0.89,-99.99,-1.35,-1.94,3.79,-99.99,-2.48,89.1,0,40,3.84,0.26,-0.14,29.88
2002,223,1230,306,64.51,178.71,1.17,-2.24,1096,0.97,-99.99,-1.11,-1.79,3.75,-99.99,-2.32,88.9,0,44,4.33,0.27,-0.12,25.68
2002,223,1300,335.5,61.66,181.43,2.82,-0.48,1174,0.87,-99.99,-0.89,-1.65,4.07,-99.99,-2.18,89.5,0,49,4.1,0.25,-0.2,24.55
2002,223,1330,343.4,57.7,168.48,1.82,1.75,1185,1.01,-99.99,-0.65,-1.49,4.55,-99.99,-2.03,88.5,0,47,3.75,0.18,-0.13,22.98
2002,223,1400,342.8,71.84,203.08,0.22,2.63,1170,1.17,-99.99,-0.4,-1.31,4.57,-99.99,-1.87,87.5,0,37,3.96,0.27,-0.17,28.62
2002,223,1430,341.7,54.22,174.25,-0.87,4.05,1170,0.89,-99.99,-0.15,-1.12,4.47,-99.99,-1.72,89.2,0,30,4.53,0.28,-0.09,21.59
2002,223,1500,327.5,62.22,181.57,-2.8,2.42,1127,0.78,-99.99,0.07,-0.95,4.11,-99.99,-1.59,89.9,0,24,4.77,0.29,-0.12,24.78
2002,223,1530,277.3,62.61,175.6,-1.71,2.4,924,0.47,-99.99,0.26,-0.79,3.29,-99.99,-1.49,91.6,0,20,4.8,0.31,-0.13,24.93
2002,223,1600,279.8,42.55,153.38,-2.27,-0.11,962,0.37,-99.99,0.37,-0.66,3,-99.99,-1.41,91.9,0,25,4.72,0.28,-0.05,16.94
2002,223,1630,283.3,48.17,143.73,-1.78,1.67,1037,1.24,-99.99,0.4,-0.58,3.43,-99.99,-1.35,85.5,0,37,3.55,0.25,-0.12,19.19
2002,223,1700,233.9,49.25,152.4,-2.47,1.32,885,1.23,-99.99,0.49,-0.46,2.81,-99.99,-1.28,85.6,0,20,3.9,0.27,-0.12,19.63
2002,223,1730,130.4,26.83,82.86,-3.59,-2.84,506.5,0.42,-99.99,0.59,-0.33,1.29,-99.99,-1.21,91.4,0,11,4.25,0.26,-0.08,10.69
2002,223,1800,119.7,31.92,85.09,-2.37,-2.35,465,0.05,-99.99,0.56,-0.26,0.6,-99.99,-1.21,93.8,0,354,3.64,0.26,-0.12,12.71
2002,223,1830,116,13.53,45.74,-4.78,-4.35,501.7,0.21,-99.99,0.46,-0.26,0.37,-99.99,-1.22,91.8,0,352,3.46,0.17,-0.06,5.39
2002,223,1900,159.4,28.52,87.97,0.75,1.66,609,0.46,-99.99,0.36,-0.3,0.89,-99.99,-1.25,91.6,0,0,3.62,0.21,-0.09,11.36
2002,223,1930,66.74,13.38,37.46,-6.32,-5.84,278.4,0.25,-99.99,0.31,-0.29,-0.08,-99.99,-1.27,91.6,0,353,3.85,0.22,-0.04,5.33
2002,223,2000,42.48,12.66,25.22,-7.56,-8.86,207.3,0.37,-99.99,0.21,-0.32,-0.77,-99.99,-1.3,91.1,0,354,3.63,0.23,-0.02,5.05
2002,223,2030,36.22,9.49,22.66,-7.35,-8.18,162,0.38,-99.99,0.07,-0.37,-1.07,-99.99,-1.35,92.3,0,351,3.91,0.22,-0.01,3.78
2002,223,2100,20.48,7.22,20.86,-8.18,-9.36,90.5,0.17,-99.99,-0.07,-0.44,-1.37,-99.99,-1.42,95.7,0,357,3.78,0.24,0.01,2.88
2002,223,2130,13.91,3.44,10.47,-7.73,-8.93,69.49,0.37,-99.99,-0.22,-0.52,-1.53,-99.99,-1.5,97.1,0,2,3.21,0.21,0.01,1.37
2002,223,2200,10.44,3.51,9.96,-7.96,-8.74,51.34,0.35,-99.99,-0.35,-0.6,-1.67,-99.99,-1.58,97.2,0,360,3.02,0.2,0.02,1.4
2002,223,2230,1.83,0.69,6.4,-8.89,-9.5,24.26,0.42,-99.99,-0.47,-0.68,-1.87,-99.99,-1.67,97.4,0,353,3.18,0.17,0.03,0.27
2002,223,2300,-0.58,2.58,3.34,-9.98,-9.95,17.13,0.42,-99.99,-0.59,-0.76,-2.09,-99.99,-1.74,98,0,337,3.48,0.19,0.08,1.03
2002,223,2330,-1.06,0.63,-2.65,-11.15,-10.97,15.61,0.41,-99.99,-0.7,-0.84,-2.34,-99.99,-1.82,97.7,0,338,3.57,0.19,0.1,0.25
2002,224,0,-1.36,-99.99,-99.99,-10.59,-10.49,15.07,0.31,-99.99,-0.82,-0.92,-2.54,-99.99,-1.9,97.5,0,-99.99,-99.99,-99.99,-99.99,-99.99
2002,224,30,-1.61,-99.99,-99.99,-10.6,-10.17,15.84,0.33,-99.99,-0.94,-1.01,-2.69,-99.99,-2,97.4,0.1,-99.99,-99.99,-99.99,-99.99,-99.99
2002,224,100,-1.85,-99.99,-99.99,-10.35,-9.71,16.54,0.38,-99.99,-1.05,-1.09,-2.82,-99.99,-2.07,97.5,0.1,-99.99,-99.99,-99.99,-99.99,-99.99
2002,224,130,-1.86,-99.99,-99.99,-9.9,-9.45,17.25,0.28,-99.99,-1.16,-1.19,-2.91,-99.99,-2.14,97.8,0,-99.99,-99.99,-99.99,-99.99,-99.99
2002,224,200,-1.96,-99.99,-99.99,-9.62,-9.22,18.23,0.34,-99.99,-1.26,-1.27,-2.95,-99.99,-2.21,97.7,0.2,-99.99,-99.99,-99.99,-99.99,-99.99
2002,224,230,-1.57,-99.99,-99.99,-9.56,-9.02,19.19,0.25,-99.99,-1.35,-1.34,-3,-99.99,-2.29,97.3,0,-99.99,-99.99,-99.99,-99.99,-99.99
2002,224,300,-1.27,-99.99,-99.99,-9.51,-8.85,20.06,0.18,-99.99,-1.44,-1.42,-3.03,-99.99,-2.37,97.5,0,-99.99,-99.99,-99.99,-99.99,-99.99
2002,224,330,-1.01,-99.99,-99.99,-9.15,-8.67,21.23,0.23,-99.99,-1.53,-1.5,-3.04,-99.99,-2.43,98.1,0.2,-99.99,-99.99,-99.99,-99.99,-99.99
2002,224,400,-0.44,-99.99,-99.99,-9.02,-8.56,22.74,0.22,-99.99,-1.6,-1.57,-3.07,-99.99,-2.49,98.6,0.3,-99.99,-99.99,-99.99,-99.99,-99.99
2002,224,430,0.17,-99.99,-99.99,-8.88,-8.44,24.62,0.28,-99.99,-1.66,-1.63,-3.1,-99.99,-2.53,98.8,0.3,-99.99,-99.99,-99.99,-99.99,-99.99
2002,224,500,1.35,-99.99,-99.99,-8.7,-8.29,27.16,0.31,-99.99,-1.72,-1.69,-3.12,-99.99,-2.58,98.8,0.2,-99.99,-99.99,-99.99,-99.99,-99.99
2002,224,530,8.06,-99.99,-99.99,-8.15,-7.97,41.19,0.52,-99.99,-1.79,-1.75,-3.07,-99.99,-2.64,98.7,0.3,-99.99,-99.99,-99.99,-99.99,-99.99
2002,224,600,11.7,-99.99,-99.99,-7.75,-7.76,49.43,0.6,-99.99,-1.83,-1.79,-3.04,-99.99,-2.68,98.6,0.2,-99.99,-99.99,-99.99,-99.99,-99.99
2002,224,630,13.28,-99.99,-99.99,-7.47,-7.55,55.57,0.42,-99.99,-1.86,-1.84,-3.04,-99.99,-2.71,98.7,0,-99.99,-99.99,-99.99,-99.99,-99.99
2002,224,700,21.9,-99.99,-99.99,-6.63,-6.79,77.2,0.28,-99.99,-1.89,-1.88,-3.01,-99.99,-2.76,98.9,0,-99.99,-99.99,-99.99,-99.99,-99.99
2002,224,730,32.14,-99.99,-99.99,-5.45,-5.37,102.8,0.36,-99.99,-1.94,-1.92,-2.84,-99.99,-2.79,98.9,0,-99.99,-99.99,-99.99,-99.99,-99.99
2002,224,800,46.54,-99.99,-99.99,-3.83,-2.66,141.9,0.37,-99.99,-1.95,-1.96,-2.65,-99.99,-2.82,99,0,-99.99,-99.99,-99.99,-99.99,-99.99
2002,224,830,47.93,-99.99,-99.99,-3.95,-1.59,149.9,0.34,1.09,-1.95,-1.98,-2.56,-99.99,-2.83,99,0.1,-99.99,-99.99,-99.99,-99.99,-99.99
2002,224,900,59.51,-99.99,-99.99,-2.35,-0.28,180.8,0.38,1.1,-1.94,-2,-2.42,-99.99,-2.83,98.9,0,-99.99,-99.99,-99.99,-99.99,-99.99
2002,224,930,55.1,-99.99,-99.99,-3.33,-0.61,171.9,0.46,1.09,-1.93,-2.01,-2.34,-99.99,-2.84,97.9,0,-99.99,-99.99,-99.99,-99.99,-99.99
2002,224,1000,48.53,-99.99,-99.99,-3.99,-2.17,155.8,0.43,0.65,-1.92,-2.02,-2.41,-99.99,-2.84,97.3,0,-99.99,-99.99,-99.99,-99.99,-99.99
2002,224,1030,60.99,-99.99,-99.99,-2.08,0.11,189.2,0.52,1.11,-1.9,-2.02,-2.26,-99.99,-2.84,97.7,0,-99.99,-99.99,-99.99,-99.99,-99.99
2002,224,1100,54.21,-99.99,-99.99,-3.78,-1.56,172.8,0.43,1.17,-1.88,-2.02,-2.32,-99.99,-2.82,97.9,0,-99.99,-99.99,-99.99,-99.99,-99.99
2002,224,1130,70.7,-99.99,-99.99,-1.62,0.54,216.9,0.5,1.18,-1.86,-2.01,-2.13,-99.99,-2.82,97.9,0,-99.99,-99.99,-99.99,-99.99,-99.99
2002,224,1200,78.5,-99.99,-99.99,-1.05,1.04,239.7,0.57,1.48,-1.83,-2.01,-2.02,-99.99,-2.81,97.9,0,-99.99,-99.99,-99.99,-99.99,-99.99
2002,224,1230,95.7,-99.99,-99.99,0.03,2.01,283.6,0.67,2,-1.8,-2,-1.85,-99.99,-2.8,97.8,0,-99.99,-99.99,-99.99,-99.99,-99.99
2002,224,1300,115.4,-99.99,-99.99,1.19,3.71,339.2,0.67,3.03,-1.75,-1.99,-1.57,-99.99,-2.77,98,0,-99.99,-99.99,-99.99,-99.99,-99.99
2002,224,1330,97.1,-99.99,-99.99,-1.54,1.44,294.8,0.64,3.02,-1.7,-1.96,-1.59,-99.99,-2.75,98.5,0,-99.99,-99.99,-99.99,-99.99,-99.99
2002,224,1400,90.8,-99.99,-99.99,-2.09,-0.1,280.4,0.59,2.44,-1.66,-1.93,-1.7,-99.99,-2.72,98.5,0,-99.99,-99.99,-99.99,-99.99,-99.99
2002,224,1430,-99.99,-99.99,-99.99,-99.99,-99.99,-99.99,-99.99,-99.99,-99.99,-99.99,-99.99,-99.99,-99.99,-99.99,-99.99,-99.99,-99.99,-99.99,-99.99,-99.99
2002,224,1500,-99.99,-99.99,-99.99,-99.99,-99.99,-99.99,-99.99,-99.99,-99.99,-99.99,-99.99,-99.99,-99.99,-99.99,-99.99,-99.99,-99.99,-99.99,-99.99,-99.99
2002,224,1530,84.2,-99.99,-99.99,3.78,5.64,274,0.53,3.12,3.58,3.98,4.05,4.17,3.65,95.9,0,-99.99,-99.99,-99.99,-99.99,-99.99
2002,224,1600,64.94,-99.99,-99.99,1.98,3.02,219.1,0.43,1.96,2.14,2.51,2.8,2.7,2.5,96.1,0,-99.99,-99.99,-99.99,-99.99,-99.99
2002,224,1630,61.18,-99.99,-99.99,2.29,2.58,208.9,0.4,1.7,1.84,2.16,2.48,2.36,2.21,96.1,0,-99.99,-99.99,-99.99,-99.99,-99.99
2002,224,1700,62.96,-99.99,-99.99,2.89,3.6,216.2,0.4,1.72,1.86,2.26,2.57,2.44,2.3,96,0,-99.99,-99.99,-99.99,-99.99,-99.99
2002,224,1730,61.03,-99.99,-99.99,3.11,3.5,211.6,0.45,1.72,1.86,2.26,2.56,2.45,2.31,95.8,0,-99.99,-99.99,-99.99,-99.99,-99.99
2002,224,1800,77.2,-99.99,-99.99,5.14,6.04,258.5,0.56,2.04,2.2,2.71,3.1,2.96,2.77,95.3,0,-99.99,-99.99,-99.99,-99.99,-99.99
2002,224,1830,76.4,-99.99,-99.99,4.04,5.08,257.8,0.56,1.93,2.09,2.58,2.88,2.78,2.61,95,0,-99.99,-99.99,-99.99,-99.99,-99.99
2002,224,1900,66.76,-99.99,-99.99,3.7,4.78,224.6,0.57,1.86,1.98,2.44,2.7,2.65,2.51,95.1,0,-99.99,-99.99,-99.99,-99.99,-99.99
2002,224,1930,49.63,-99.99,-99.99,2,2.26,170.8,0.42,1.58,1.67,1.96,2.23,2.19,2.1,95.4,0,-99.99,-99.99,-99.99,-99.99,-99.99
2002,224,2000,34.63,-99.99,-99.99,0.6,0.9,130.1,0.34,2.41,2.34,2.14,1.94,1.58,1.38,95.5,0,-99.99,-99.99,-99.99,-99.99,-99.99
2002,224,2030,17.19,-99.99,-99.99,-0.95,-1.7,77.6,0.21,2.04,2.28,2.11,1.5,1.43,1.29,96.2,0,-99.99,-99.99,-99.99,-99.99,-99.99
2002,224,2100,17.68,-99.99,-99.99,0.05,-0.59,72.2,0.3,2.02,2.22,2.09,1.44,1.38,1.27,96.1,0,-99.99,-99.99,-99.99,-99.99,-99.99
2002,224,2130,12.09,-99.99,-99.99,-0.34,-0.85,55.72,0.39,1.97,2.21,2.11,1.4,1.4,1.31,96.1,0,-99.99,-99.99,-99.99,-99.99,-99.99
2002,224,2200,6.2,-99.99,-99.99,-0.91,-1.49,40.83,0.44,1.79,2.11,2.04,1.25,1.31,1.25,95.5,0,-99.99,-99.99,-99.99,-99.99,-99.99
2002,224,2230,2.72,-99.99,-99.99,-0.95,-1.61,29.03,0.48,1.68,2.04,1.99,1.16,1.25,1.21,95.2,0,-99.99,-99.99,-99.99,-99.99,-99.99
2002,224,2300,0.23,-99.99,-99.99,-1,-1.68,19.99,0.48,1.56,1.95,1.92,1.05,1.17,1.14,95.6,0,-99.99,-99.99,-99.99,-99.99,-99.99
2002,224,2330,-0.83,-99.99,-99.99,-0.95,-1.61,15.67,0.44,1.49,1.9,1.88,0.99,1.12,1.1,96.1,0,-99.99,-99.99,-99.99,-99.99,-99.99
2002,225,0,-0.82,-99.99,-99.99,-0.79,-1.38,15.41,0.41,1.44,1.85,1.85,0.94,1.08,1.07,97.2,0,-99.99,-99.99,-99.99,-99.99,-99.99
2002,225,30,-0.87,-99.99,-99.99,-0.69,-1.19,18.15,0.4,1.4,1.8,1.81,0.91,1.04,1.04,97.5,0,-99.99,-99.99,-99.99,-99.99,-99.99
2002,225,100,-1.2,-99.99,-99.99,-0.66,-1.12,19.71,0.36,1.36,1.76,1.77,0.88,1.01,1.01,98.1,0,-99.99,-99.99,-99.99,-99.99,-99.99
2002,225,130,-1.59,-99.99,-99.99,-0.66,-1.09,20.59,0.38,1.32,1.72,1.73,0.86,0.98,0.98,98.2,0,-99.99,-99.99,-99.99,-99.99,-99.99
2002,225,200,-1.43,-99.99,-99.99,-0.56,-0.96,21.16,0.39,1.3,1.68,1.7,0.84,0.95,0.95,97.8,0,-99.99,-99.99,-99.99,-99.99,-99.99
2002,225,230,-1.55,-99.99,-99.99,-0.52,-0.9,21.62,0.39,1.27,1.64,1.66,0.82,0.93,0.93,97.7,0,-99.99,-99.99,-99.99,-99.99,-99.99
2002,225,300,-0.97,-99.99,-99.99,-0.28,-0.61,22.24,0.49,1.27,1.61,1.63,0.82,0.9,0.9,97.5,0,-99.99,-99.99,-99.99,-99.99,-99.99
2002,225,330,-0.79,-99.99,-99.99,-0.05,-0.27,22.92,0.56,1.29,1.58,1.6,0.84,0.88,0.88,97.8,0,-99.99,-99.99,-99.99,-99.99,-99.99
2002,225,400,-0.05,-99.99,-99.99,0.04,-0.15,24.17,0.57,1.28,1.54,1.56,0.84,0.87,0.85,97.9,0,-99.99,-99.99,-99.99,-99.99,-99.99
2002,225,430,0.56,-99.99,-99.99,0.35,0.23,26,0.71,1.32,1.53,1.54,0.88,0.86,0.83,97.9,0,-99.99,-99.99,-99.99,-99.99,-99.99
2002,225,500,1.96,-99.99,-99.99,0.52,0.49,30.24,0.75,1.34,1.51,1.51,0.9,0.85,0.82,97.6,0,-99.99,-99.99,-99.99,-99.99,-99.99
2002,225,530,4.22,-99.99,-99.99,1.01,1.07,35.4,0.89,1.4,1.49,1.49,0.96,0.85,0.8,97,0,-99.99,-99.99,-99.99,-99.99,-99.99
2002,225,600,5.93,-99.99,-99.99,1.06,1.2,38.84,0.8,1.4,1.48,1.47,0.98,0.84,0.79,96.7,0,-99.99,-99.99,-99.99,-99.99,-99.99
2002,225,630,9.49,-99.99,-99.99,1.7,1.92,45.57,0.9,1.48,1.48,1.45,1.06,0.85,0.79,97,0,-99.99,-99.99,-99.99,-99.99,-99.99
2002,225,700,15.21,-99.99,-99.99,2.87,3.42,57.83,1.1,1.64,1.48,1.44,1.21,0.87,0.78,98,0,-99.99,-99.99,-99.99,-99.99,-99.99
2002,225,730,23.71,-99.99,-99.99,4.26,5.25,80.6,1.22,1.85,1.5,1.43,1.41,0.9,0.77,98.4,0,-99.99,-99.99,-99.99,-99.99,-99.99
2002,225,800,31.87,-99.99,-99.99,5.52,6.6,102.3,1.46,2.12,1.53,1.42,1.66,0.95,0.77,98.6,0,-99.99,-99.99,-99.99,-99.99,-99.99
2002,225,830,43.69,-99.99,-99.99,6.78,7.64,137.9,1.47,2.34,1.58,1.43,1.89,1.02,0.79,98.6,0,-99.99,-99.99,-99.99,-99.99,-99.99
2002,225,900,49.08,-99.99,-99.99,7.67,8.31,157.9,1.5,2.55,1.63,1.43,2.12,1.09,0.82,98.6,0,-99.99,-99.99,-99.99,-99.99,-99.99
2002,225,930,68.9,-99.99,-99.99,9.94,10.83,220.7,1.61,2.89,1.71,1.46,2.45,1.19,0.85,98.3,0,-99.99,-99.99,-99.99,-99.99,-99.99
2002,225,1000,77.2,-99.99,-99.99,10.5,11.69,236.4,1.64,3.18,1.79,1.49,2.72,1.29,0.89,97.4,0,-99.99,-99.99,-99.99,-99.99,-99.99
2002,225,1030,85.7,-99.99,-99.99,11.52,12.25,261.1,1.73,3.44,1.89,1.54,2.95,1.39,0.94,96.1,0,-99.99,-99.99,-99.99,-99.99,-99.99
2002,225,1100,101.8,-99.99,-99.99,13.3,14.69,309.7,1.72,3.81,2,1.59,3.31,1.51,1,95.6,0,-99.99,-99.99,-99.99,-99.99,-99.99
2002,225,1130,137,-99.99,-99.99,17.91,19.51,416.9,1.88,4.51,2.15,1.65,3.94,1.66,1.04,95,0,-99.99,-99.99,-99.99,-99.99,-99.99
2002,225,1200,117.4,-99.99,-99.99,15.43,16.69,381.3,2,4.71,2.28,1.72,4.14,1.8,1.11,94.3,0,-99.99,-99.99,-99.99,-99.99,-99.99
2002,225,1230,136.6,-99.99,-99.99,17.38,18.66,443.1,2.34,5.09,2.44,1.81,4.51,1.98,1.23,93.3,0,-99.99,-99.99,-99.99,-99.99,-99.99
2002,225,1300,170.1,-99.99,-99.99,18.36,20.88,538.9,2.29,5.66,2.61,1.89,5.07,2.16,1.31,93.1,0,-99.99,-99.99,-99.99,-99.99,-99.99
2002,225,1330,142.2,-99.99,-99.99,15.58,16.81,472.8,1.98,5.5,2.75,2,4.91,2.27,1.42,94.4,0,-99.99,-99.99,-99.99,-99.99,-99.99
2002,225,1400,159.1,-99.99,-99.99,20.69,21.74,531.2,2.87,6.01,2.9,2.09,5.49,2.44,1.51,92.4,0,-99.99,-99.99,-99.99,-99.99,-99.99
2002,225,1430,190.7,-99.99,-99.99,22.29,24.21,630.1,3.26,6.97,3.2,2.3,6.44,2.85,1.79,90.8,0,-99.99,-99.99,-99.99,-99.99,-99.99
2002,225,1500,166.4,-99.99,-99.99,16.58,18.52,561.9,-99.99,6.67,3.33,2.4,6.16,2.95,1.89,-99.99,0,-99.99,-99.99,-99.99,-99.99,-99.99
2002,225,1530,137.63,33.31,79.07,13.06,14.27,475.68,2.59,6.19,3.4,2.49,5.62,2.87,1.89,92.11,0,292,2.3,0.17,-0.13,13.32
2002,225,1600,131.5,26.79,65.5,13.28,14.08,452.5,2.55,6.1,3.47,2.59,5.51,2.91,1.97,92.4,0,281,2.09,0.19,-0.1,10.71
2002,225,1630,151.3,27.79,69.69,16.13,16.78,510,2.6,6.24,3.55,2.68,5.66,2.97,2.05,92.1,0,265,2.07,0.2,-0.1,11.11
2002,225,1700,209.6,36.49,93.57,19.23,20.95,726,3.13,7.39,3.7,2.74,6.89,3.17,2.09,89.3,0,258,2.17,0.21,-0.11,14.59
2002,225,1730,227.8,55.66,162.57,15.2,18.33,822,3.63,7.12,3.79,2.82,7.49,3.36,2.17,88.4,0,255,2.75,0.32,-0.2,22.27
2002,225,1800,222.1,38.52,132.48,12.86,14.54,833,3.1,6.73,3.84,2.92,7.49,3.47,2.29,89.3,0,241,3.31,0.24,-0.09,15.4
2002,225,1830,144,24.61,95.45,4.54,4.43,647.1,2.71,6.21,3.87,3.03,6.33,3.42,2.41,90.2,0,239,3.23,0.25,-0.08,9.84
2002,225,1900,97.5,15.25,54.2,9.84,6.49,376.4,2.23,5.08,3.79,3.11,5.03,3.28,2.51,93.2,0,233,3.08,0.18,-0.05,6.1
2002,225,1930,86.3,16.39,56.5,7.11,6.13,305.2,1.95,4.91,3.73,3.11,4.69,3.19,2.52,93.4,0,247,3.16,0.27,-0.06,6.55
2002,225,2000,56.75,9.19,28.77,5.74,4.1,201.5,2.11,4.51,3.64,3.11,4.18,3.07,2.51,94.8,0,241,2.31,0.19,-0.02,3.67
2002,225,2030,50.79,7.62,25.85,5.73,3.91,197.2,2.26,4.29,3.56,3.08,4.04,2.99,2.48,93.9,0,229,2.29,0.13,-0.02,3.05
2002,225,2100,30.07,4.04,17.33,3.45,1.51,110.9,2.05,3.87,3.47,3.07,3.6,2.89,2.46,94.7,0,218,2.67,0.12,0,1.62
2002,225,2130,18.05,2.29,10.76,1.14,-0.81,80.5,1.71,3.45,3.37,3.04,3.15,2.76,2.43,96,0,206,2.34,0.08,0,0.92
2002,225,2200,10.45,3.32,7.2,0.17,-1.63,47.49,1.86,3.19,3.26,2.99,2.86,2.63,2.37,92.7,0,207,2.99,0.14,0.02,1.33
2002,225,2230,3.12,2.74,4.55,-0.49,-1.82,44.11,2.29,3.07,3.15,2.93,2.75,2.52,2.3,90.9,0,210,3.1,0.15,0.02,1.09
2002,225,2300,-33.41,-99.99,-99.99,-10.81,-12.87,35.16,0.68,1.68,2.99,2.91,1.28,2.27,2.26,94.2,0,-99.99,-99.99,-99.99,-99.99,-99.99
2002,225,2330,-20.54,-99.99,-99.99,-10.18,-6.51,25.41,-0.66,0.87,2.78,2.82,0.45,2,2.17,97.3,0,-99.99,-99.99,-99.99,-99.99,-99.99
2002,226,0,-11.44,-99.99,-99.99,-12.16,-5.49,7,-1.13,0.53,2.58,2.71,0.04,1.77,2.03,98.1,0,-99.99,-99.99,-99.99,-99.99,-99.99
2002,226,30,-4.44,-99.99,-99.99,-8.05,-6.68,5.73,-1.01,0.89,2.45,2.59,0.43,1.67,1.9,98.8,0,-99.99,-99.99,-99.99,-99.99,-99.99
2002,226,100,-1.42,-99.99,-99.99,-4.42,-5.6,6.41,-0.87,1.16,2.34,2.47,0.72,1.6,1.78,99,0,-99.99,-99.99,-99.99,-99.99,-99.99
2002,226,130,0.18,-99.99,-99.99,-1.89,-3.87,17.61,0.24,1.41,2.25,2.37,0.94,1.52,1.67,98.9,0,-99.99,-99.99,-99.99,-99.99,-99.99
2002,226,200,0.66,-99.99,-99.99,1.11,-4.61,25.17,2.43,2.01,2.19,2.25,1.41,1.51,1.57,97.9,0,-99.99,-99.99,-99.99,-99.99,-99.99
2002,226,230,-0.21,-99.99,-99.99,0.95,-4.34,21.3,3.11,2.28,2.17,2.19,1.63,1.49,1.5,94.4,0,-99.99,-99.99,-99.99,-99.99,-99.99
2002,226,300,-1.35,-0.54,-11.82,1.04,-3.45,19.6,3.22,2.4,2.16,2.15,1.74,1.48,1.46,92.9,0,143,3.67,0.22,0.03,-0.22
2002,226,330,-2.64,1.49,-11.47,2.47,-2.31,19.29,3.67,2.6,2.17,2.11,1.96,1.49,1.42,92.2,0,145,4.39,0.26,0.02,0.6
2002,226,400,-2.57,2.6,-11.26,3.09,0.74,19.49,4.08,2.77,2.18,2.09,2.17,1.52,1.39,89.9,0,154,4.48,0.26,0.03,1.04
2002,226,430,-1.48,4.55,-13.02,3.55,4.54,21.57,4.4,2.92,2.2,2.07,2.35,1.56,1.38,87.9,0,153,5.09,0.32,0.04,1.82
2002,226,500,0.5,4.5,-10.41,3.71,5.03,26.48,4.53,3.04,2.23,2.07,2.48,1.6,1.39,87.8,0,155,5.11,0.32,0.03,1.81
2002,226,530,2.71,3,-8.42,3.97,5.31,29.95,4.62,3.13,2.25,2.07,2.59,1.63,1.39,88.1,0,161,4.96,0.3,0.03,1.2
2002,226,600,6.77,4.26,-5.98,4.71,6.15,40.57,4.89,3.27,2.28,2.07,2.74,1.67,1.39,87.7,0,157,5.12,0.31,0.02,1.71
2002,226,630,10.69,4.38,-3.06,5.36,7.01,51.07,5.05,3.42,2.31,2.08,2.91,1.72,1.4,88.2,0,153,5.5,0.34,0.02,1.76
2002,226,700,17.54,4.72,-0.67,6.34,7.93,68.08,5.23,3.59,2.35,2.09,3.1,1.77,1.42,88.6,0,155,5.73,0.36,0.01,1.89
2002,226,730,29.19,5.56,2.79,8.02,9.36,98.3,5.59,3.85,2.39,2.1,3.39,1.84,1.43,88,0,156,5.62,0.34,0.01,2.23
2002,226,800,58.84,11.3,15.1,10.16,13.5,272.3,6.29,4.38,2.47,2.11,4.07,1.97,1.45,85.9,0,164,5.6,0.34,-0.02,4.54
2002,226,830,94.1,19.88,29.14,16.28,19.16,332.9,7,5.11,2.59,2.14,4.91,2.15,1.48,83.5,0,173,5.67,0.31,-0.05,8
2002,226,900,102.3,22.68,43.83,16.62,18.17,361.7,7.5,5.37,2.7,2.18,5.21,2.29,1.55,81,0,167,6.95,0.38,-0.02,9.13
2002,226,930,132.9,25.49,58.53,18.06,20.34,467.9,8.08,5.89,2.84,2.25,5.86,2.5,1.63,78.5,0,161,8.22,0.44,0.01,10.27
2002,226,1000,149,37.25,82.43,18.84,20.79,516.6,8.49,6.26,2.99,2.33,6.28,2.69,1.73,76.6,0,163,8.81,0.54,0,15.01
2002,226,1030,163.5,36.56,83.16,19.23,20.37,580.8,8.88,6.61,3.15,2.43,6.69,2.88,1.85,74.4,0,167,9.23,0.53,0.02,14.74
2002,226,1100,171.6,30.48,71.89,21.61,22.1,592.5,9.42,6.97,3.3,2.51,7.03,3.05,1.96,72.8,0,169,8.89,0.41,0.02,12.3
2002,226,1130,90.7,36.39,37.3,14.84,14.51,313.3,9.53,6.63,3.42,2.64,6.47,3.11,2.08,71.4,0,177,7.98,0.45,-0.02,14.69
2002,226,1200,148,37.88,62.34,20.4,19.5,492.1,10.14,7.14,3.52,2.71,7,3.25,2.17,70.7,0,176,8.75,0.43,-0.05,15.3
2002,226,1230,103.9,39.47,60.87,17.27,16.2,374.8,10.47,6.97,3.62,2.8,6.67,3.31,2.28,72.3,0,177,8.79,0.43,-0.01,15.96
2002,226,1300,241.2,41.07,59.39,28.39,26.16,806,12.43,8.56,3.83,2.87,8.38,3.6,2.33,66.78,0,178,8.82,0.44,0.02,16.62
2002,226,1330,254.5,46.53,90.7,28.96,25.1,861,13.36,9.23,3.98,2.93,9.09,3.8,2.41,63.88,0,186,10.68,0.51,0.02,18.86
2002,226,1400,236.9,51.06,109.23,27.93,21.71,809,13.78,9.59,4.21,3.06,9.42,4.04,2.56,62.47,0,192,11.51,0.56,0.01,20.71
2002,226,1430,210,49.54,102.83,26.57,17.18,743,13.02,9.34,4.41,3.24,9.12,4.19,2.74,63.39,0,196,12.32,0.64,0.02,20.08
2002,226,1500,146.8,35.11,62.47,22.41,14.01,553.6,12.44,8.73,4.5,3.38,8.46,4.22,2.88,64.54,0,195,11.98,0.65,0.01,14.22
2002,226,1530,129,37.51,70.17,20.1,11.55,470.6,11.68,8.3,4.53,3.48,8.01,4.22,2.99,65.8,0,198,12.84,0.69,0.01,15.18
2002,226,1600,85.9,32.22,54.05,15.83,8.56,315.6,11,7.76,4.53,3.56,7.43,4.17,3.06,67.14,0,198,13.05,0.73,0.03,13.03
2002,226,1630,58.94,25.48,32.45,13.16,7.61,204.6,10.62,7.46,4.51,3.62,7.08,4.11,3.09,68.8,0,196,12.47,0.63,0.03,10.3
2002,226,1700,46.1,23.82,21.03,11.8,7.56,162,10.59,7.32,4.49,3.65,6.88,4.05,3.1,69.47,0,194,12,0.65,0.03,9.63
2002,226,1730,36.87,22.48,12.45,11.02,7.94,134.3,10.71,7.28,4.47,3.66,6.8,4.01,3.09,69.31,0,192,11.93,0.62,0.02,9.09
2002,226,1800,31.68,23.43,11.31,10.42,7.83,118.2,10.55,7.19,4.46,3.69,6.7,3.98,3.1,70.4,0,193,11.89,0.66,0.02,9.47
2002,226,1830,21.46,-99.99,-99.99,7.94,6.45,79.7,9.01,6.35,4.4,3.7,5.87,3.87,3.14,82.6,0.4,-99.99,-99.99,-99.99,-99.99,-99.99
2002,226,1900,19.76,-99.99,-99.99,7.5,7.23,71.2,8.59,6.14,4.3,3.67,5.59,3.72,3.08,87.6,0.8,-99.99,-99.99,-99.99,-99.99,-99.99
2002,226,1930,12.04,-99.99,-99.99,6.74,7.47,47.31,8.69,6.15,4.28,3.67,5.6,3.69,3.04,87.7,0.8,-99.99,-99.99,-99.99,-99.99,-99.99
2002,226,2000,6,-99.99,-99.99,6.2,7.74,30.09,8.76,6.26,4.3,3.67,5.68,3.68,3.02,89,1.4,-99.99,-99.99,-99.99,-99.99,-99.99
2002,226,2030,5.79,-99.99,-99.99,5.2,7.31,28.07,8.52,6.41,4.36,3.69,5.78,3.72,3.03,90.4,1.6,-99.99,-99.99,-99.99,-99.99,-99.99
2002,226,2100,3.59,-99.99,-99.99,4.89,7.19,21.16,8.39,6.47,4.42,3.73,5.84,3.76,3.05,91.8,2.2,-99.99,-99.99,-99.99,-99.99,-99.99
2002,226,2130,2.61,-99.99,-99.99,4.54,6.29,17.93,8.04,6.35,4.47,3.77,5.78,3.82,3.08,93.5,1.8,-99.99,-99.99,-99.99,-99.99,-99.99
2002,226,2200,1.65,-99.99,-99.99,4.56,4.78,14.42,7.5,6.1,4.51,3.83,5.61,3.85,3.14,94.3,1.9,-99.99,-99.99,-99.99,-99.99,-99.99
2002,226,2230,1.17,-99.99,-99.99,4.61,4.14,11.86,7.13,5.86,4.52,3.87,5.35,3.83,3.17,95,0.6,-99.99,-99.99,-99.99,-99.99,-99.99
2002,226,2300,0.7,-99.99,-99.99,5.11,3.95,10.67,6.96,5.69,4.49,3.88,5.16,3.79,3.18,94.7,0.2,-99.99,-99.99,-99.99,-99.99,-99.99
2002,226,2330,0.22,-99.99,-99.99,5.21,3.7,9.27,6.67,5.52,4.46,3.89,4.99,3.74,3.18,94.8,0,-99.99,-99.99,-99.99,-99.99,-99.99
2002,227,0,0,-99.99,-99.99,4.88,3.36,8.22,6.25,5.35,4.42,3.9,4.81,3.68,3.16,95.3,0,-99.99,-99.99,-99.99,-99.99,-99.99
2002,227,30,0.02,-99.99,-99.99,4.13,2.75,7.97,5.77,5.15,4.38,3.89,4.6,3.6,3.13,96,0,-99.99,-99.99,-99.99,-99.99,-99.99
2002,227,100,0,-99.99,-99.99,3.51,2.33,7.78,5.32,4.96,4.33,3.88,4.4,3.52,3.09,96.6,0.4,-99.99,-99.99,-99.99,-99.99,-99.99
2002,227,130,-0.07,-99.99,-99.99,3.32,1.92,7.5,5.01,4.77,4.25,3.84,4.21,3.42,3.02,97,0.4,-99.99,-99.99,-99.99,-99.99,-99.99
2002,227,200,-0.18,-99.99,-99.99,2.31,0.98,7.4,4.51,4.53,4.17,3.8,3.99,3.33,2.97,96.5,0.5,-99.99,-99.99,-99.99,-99.99,-99.99
2002,227,230,0.06,-99.99,-99.99,1.49,0.51,7.24,4.08,4.32,4.09,3.75,3.77,3.25,2.93,97,0.1,-99.99,-99.99,-99.99,-99.99,-99.99
2002,227,300,0.08,-99.99,-99.99,1.79,1.1,7.03,4.05,4.22,4.01,3.71,3.66,3.17,2.88,97.3,0,-99.99,-99.99,-99.99,-99.99,-99.99
2002,227,330,0,-99.99,-99.99,0.97,0.46,7.19,3.63,4.04,3.93,3.66,3.49,3.09,2.83,97.6,0,-99.99,-99.99,-99.99,-99.99,-99.99
2002,227,400,0,-99.99,-99.99,0.74,0.32,7.84,3.42,3.9,3.85,3.61,3.36,3.02,2.78,97.8,0.1,-99.99,-99.99,-99.99,-99.99,-99.99
2002,227,430,0.75,-99.99,-99.99,0.3,0.01,10.62,3.17,3.74,3.77,3.56,3.21,2.94,2.73,97.5,0,-99.99,-99.99,-99.99,-99.99,-99.99
2002,227,500,1.86,-99.99,-99.99,-0.41,-0.51,14.32,2.78,3.56,3.69,3.5,3.05,2.86,2.68,97.1,0,-99.99,-99.99,-99.99,-99.99,-99.99
2002,227,530,5.77,-99.99,-99.99,-0.19,-0.31,22.26,2.56,3.42,3.6,3.44,2.92,2.78,2.62,97.5,0,-99.99,-99.99,-99.99,-99.99,-99.99
2002,227,600,9.98,-99.99,-99.99,0.37,0.31,32.69,2.48,3.35,3.51,3.38,2.85,2.71,2.56,97.5,0,-99.99,-99.99,-99.99,-99.99,-99.99
2002,227,630,19.35,-99.99,-99.99,1.23,1.18,54.33,2.44,3.3,3.44,3.32,2.82,2.65,2.51,97.5,0,-99.99,-99.99,-99.99,-99.99,-99.99
2002,227,700,33.34,-99.99,-99.99,1.38,1.71,88.4,2.21,3.27,3.38,3.25,2.78,2.6,2.46,96.7,0.1,-99.99,-99.99,-99.99,-99.99,-99.99
2002,227,730,42.59,-99.99,-99.99,0.8,1.72,110.8,1.81,3.19,3.33,3.19,2.7,2.56,2.43,96.2,0,-99.99,-99.99,-99.99,-99.99,-99.99
2002,227,800,54.32,-99.99,-99.99,0.87,1.89,140,1.46,3.12,3.27,3.14,2.61,2.51,2.38,95.8,0,-99.99,-99.99,-99.99,-99.99,-99.99
2002,227,830,65.52,-99.99,-99.99,1.56,2.69,167.2,1.34,3.11,3.21,3.08,2.59,2.46,2.33,95.9,0,-99.99,-99.99,-99.99,-99.99,-99.99
2002,227,900,80.1,-99.99,-99.99,3.48,4.55,202.7,1.28,3.17,3.17,3.05,2.65,2.44,2.29,96.7,0,-99.99,-99.99,-99.99,-99.99,-99.99
2002,227,930,76.9,-99.99,-99.99,2.62,3.78,195.9,1.15,3.15,3.13,3.01,2.65,2.42,2.26,97.1,0,-99.99,-99.99,-99.99,-99.99,-99.99
2002,227,1000,84.1,-99.99,-99.99,3.01,3.85,215.6,1.1,3.12,3.1,2.97,2.63,2.38,2.22,97.1,0,-99.99,-99.99,-99.99,-99.99,-99.99
2002,227,1030,114.1,-2.99,77.85,5.87,6.98,287,1.11,3.27,3.07,2.93,2.75,2.37,2.19,97.2,0,248,8.49,0.73,-0.28,-1.19
2002,227,1100,122.8,-14.86,79.56,6.57,7.9,319,1.11,3.42,3.08,2.91,2.91,2.38,2.18,96.8,0,245,8.38,0.68,-0.43,-5.93
2002,227,1130,120.9,-6.63,78.66,5.92,6.81,332.1,1.16,3.44,3.1,2.9,2.95,2.41,2.17,95.8,0,245,8.58,0.65,-0.32,-2.64
2002,227,1200,160.9,5.75,91.2,10.36,10.63,462.1,1.47,3.68,3.12,2.89,3.21,2.44,2.17,94.5,0,244,8.58,0.65,-0.29,2.29
2002,227,1230,130.6,11.84,87.87,6.63,7.45,408.2,1.51,3.7,3.16,2.9,3.21,2.48,2.18,93.8,0,245,8.62,0.66,-0.21,4.73
2002,227,1300,162.8,13.27,109.02,11.4,10.47,505.2,1.75,3.85,3.19,2.91,3.39,2.52,2.2,93.5,0,242,8.33,0.63,-0.3,5.3
2002,227,1330,146.7,11.4,103.82,9.48,9.97,461.2,1.84,3.99,3.24,2.93,3.53,2.58,2.22,93.2,0,244,8.11,0.66,-0.31,4.56
2002,227,1400,137.9,1.62,89.42,8.17,8.52,433.7,1.78,3.98,3.29,2.96,3.47,2.61,2.25,93.6,0,246,7.75,0.64,-0.34,0.65
2002,227,1430,187.8,9.45,108.57,13.61,13.08,578.5,1.99,4.28,3.34,2.98,3.75,2.66,2.27,93.6,0,246,7.38,0.61,-0.39,3.77
2002,227,1500,191.2,8.64,102.76,14.55,13.97,574.3,2.11,4.52,3.41,3.02,4.02,2.74,2.3,93.4,0,242,7.7,0.55,-0.34,3.45
2002,227,1530,175.1,8.87,112.53,13.71,12.84,524.2,2.24,4.68,3.51,3.06,4.21,2.82,2.34,93.3,0,240,7.47,0.56,-0.39,3.54
2002,227,1600,110.2,1.47,80.68,6.54,5.9,341,1.89,4.32,3.58,3.13,3.84,2.87,2.4,93.5,0,241,7.3,0.56,-0.32,0.59
2002,227,1630,156.6,6.61,87.85,11.6,9.83,470,2.11,4.45,3.6,3.16,3.95,2.88,2.43,92.8,0,241,7.03,0.51,-0.32,2.64
2002,227,1700,121.3,10.28,81.6,7.04,7.4,372.3,2.03,4.37,3.62,3.2,3.83,2.89,2.46,91.9,0,245,7.53,0.6,-0.21,4.11
2002,227,1730,86.2,1.72,65.16,3.69,3.6,254.6,1.8,4.09,3.63,3.22,3.56,2.87,2.48,92.8,0,246,7.06,0.58,-0.21,0.69
2002,227,1800,84.7,-7.22,62.95,4.93,4.25,246.9,1.76,3.97,3.61,3.24,3.42,2.84,2.48,93.9,0,245,6.72,0.56,-0.29,-2.89
2002,227,1830,75.7,-99.99,-99.99,5.11,4.41,225.5,1.65,3.85,3.58,3.24,3.32,2.8,2.48,95.3,0,-99.99,-99.99,-99.99,-99.99,-99.99
2002,227,1900,47.15,-99.99,-99.99,1.72,0.88,143.2,1.23,3.52,3.54,3.24,3.06,2.75,2.47,96.4,0,-99.99,-99.99,-99.99,-99.99,-99.99
2002,227,1930,22.32,-99.99,-99.99,-1.04,-2.48,75.8,0.96,3.15,3.46,3.22,2.69,2.67,2.45,97.6,0,-99.99,-99.99,-99.99,-99.99,-99.99
2002,227,2000,17.39,-99.99,-99.99,-1.24,-2.36,61.56,0.94,2.94,3.36,3.17,2.48,2.57,2.4,98.1,0,-99.99,-99.99,-99.99,-99.99,-99.99
2002,227,2030,12.1,1.27,14.64,-1.85,-2.4,48.31,0.87,2.78,3.25,3.11,2.33,2.47,2.34,98.5,0,240,7.62,0.5,-0.06,0.51
2002,227,2100,8.35,-2.18,14.62,-2.32,-2.65,39.45,0.75,2.68,3.16,3.05,2.19,2.38,2.28,98.7,0,244,7.24,0.57,-0.26,-0.87
2002,227,2130,14.8,35.25,11.65,-1.91,-2.13,57.88,0.57,2.58,3.06,2.98,2.06,2.29,2.22,98.8,0.1,244,6.79,0.54,0,14.07
2002,227,2200,5.92,5.73,7.41,-2.54,-2.58,35.04,0.53,2.46,2.96,2.91,1.95,2.2,2.15,98.7,0,243,6.8,0.5,-0.07,2.29
2002,227,2230,1.01,-0.63,1.71,-3.44,-3.44,26.07,0.41,2.29,2.87,2.85,1.79,2.12,2.09,98.3,0,245,7.14,0.53,0.05,-0.25
2002,227,2300,-13.04,2.65,-14.44,-5.73,-5.68,26.02,0.29,2.05,2.77,2.78,1.58,2.03,2.03,96.1,0,245,7.26,0.56,-0.02,1.06
2002,227,2330,-6.29,8.38,9.52,-4.39,-4.38,19.68,0.25,1.92,2.66,2.7,1.45,1.92,1.96,93.9,0,246,7.48,0.61,0.03,3.34
2002,228,0,-15.24,11.11,24.6,-5.05,-4.58,17.43,0.16,1.78,2.54,2.61,1.33,1.83,1.89,92.9,0,250,6.85,0.62,0.07,4.43
2002,228,30,-18.52,9.75,4.73,-4.59,-3.95,16.64,-0.04,1.63,2.44,2.53,1.21,1.74,1.82,93.1,0,250,6.47,0.57,0.03,3.89
2002,228,100,-11.01,7.34,4.73,-4.03,-3.38,15.96,-0.12,1.55,2.33,2.45,1.13,1.65,1.74,93.2,0,247,6.44,0.56,0.02,2.93
2002,228,130,-12.6,6.46,2.07,-4.03,-3.04,15.52,-0.23,1.45,2.24,2.37,1.07,1.58,1.67,93.1,0,243,7.01,0.51,0.01,2.58
2002,228,200,-14.45,7.5,5.47,-4.03,-2.8,13.89,-0.3,1.38,2.15,2.29,1.01,1.51,1.61,92.6,0,246,6.41,0.53,0.01,2.99
2002,228,230,-16.89,9.87,12.04,-4.05,-2.48,15.08,-0.42,1.27,2.06,2.21,0.93,1.44,1.55,91.7,0,253,6.59,0.61,0.02,3.93
2002,228,300,-18.18,10.91,18.94,-3.82,-2.31,16.89,-0.89,1.17,1.98,2.13,0.85,1.38,1.5,94.6,0,260,5.99,0.63,0.04,4.34
2002,228,330,-13.56,7.77,-7.93,-3.47,-2.18,8.07,-0.89,1.07,1.9,2.06,0.78,1.32,1.43,93.6,0,261,4.75,0.52,-0.01,3.09
2002,228,400,-6.96,11.73,-2.38,-3.37,-2.18,10.29,-0.6,1.06,1.82,1.98,0.76,1.25,1.37,90.7,0,256,5.3,0.54,0,4.67
2002,228,430,-8.55,10.64,-7.15,-3.32,-1.99,15.63,-0.67,1.01,1.77,1.93,0.72,1.2,1.32,91.5,0,250,5.51,0.49,0.01,4.24
2002,228,500,-23.06,9.56,-11.93,-3.86,-1.37,28.92,-0.86,0.88,1.71,1.88,0.63,1.16,1.28,90.2,0,244,5.72,0.44,0.01,3.81
2002,228,530,2.86,10.79,-7.11,-3.37,-1.69,38.06,-0.62,0.87,1.64,1.8,0.65,1.11,1.22,86.4,0,236,5.85,0.3,0,4.3
2002,228,600,4.81,13.18,-8.1,-3,-1.65,45.58,-0.46,0.85,1.58,1.74,0.64,1.06,1.18,84.8,0,233,6.05,0.33,0,5.25
2002,228,630,7.82,14.53,-6.24,-2.82,-1.54,52.57,-0.41,0.84,1.53,1.69,0.64,1.03,1.14,84,0,234,6.66,0.38,0,5.78
2002,228,700,20.11,13.47,-2.64,-2.53,-1.64,86.9,-0.34,0.85,1.49,1.65,0.64,1,1.1,85,0,228,6.46,0.37,-0.01,5.36
2002,228,730,34.61,13.23,6.36,-2.35,-1.73,134.8,-0.23,0.88,1.45,1.59,0.66,0.97,1.06,86.6,0,229,7.39,0.41,-0.02,5.27
2002,228,800,51.72,16.86,9.46,-2.09,-1.84,184.6,-0.06,0.96,1.41,1.55,0.74,0.95,1.02,85.4,0,229,7.03,0.43,-0.03,6.72
2002,228,830,81,18.96,21.56,-1.11,-1.9,258,0.04,1.1,1.39,1.51,0.85,0.93,0.99,86.5,0,230,7.51,0.46,-0.04,7.55
2002,228,900,102.9,17.96,27.87,1.76,-1.93,312.6,0.24,1.32,1.39,1.47,1,0.92,0.96,86.3,0,231,7.84,0.42,-0.04,7.16
2002,228,930,123.9,29.67,48.65,8.1,-0.38,383.7,0.54,1.62,1.41,1.45,1.31,0.95,0.94,85.7,0,225,7.89,0.46,-0.04,11.82
2002,228,1000,115.6,33.61,53.44,10.49,9.21,368.1,0.8,1.81,1.47,1.45,1.56,1.01,0.94,85.6,0,228,7.99,0.47,-0.06,13.4
2002,228,1030,108.5,-99.99,-99.99,10.22,11.04,344.8,1.01,1.95,1.54,1.47,1.75,1.09,0.97,87,0,-99.99,-99.99,-99.99,-99.99,-99.99
2002,228,1100,137.3,-99.99,-99.99,13.04,13.17,431.7,1.2,2.18,1.62,1.5,2.05,1.2,1.02,88.6,0,-99.99,-99.99,-99.99,-99.99,-99.99
2002,228,1130,110,-99.99,-99.99,10.07,9.45,353.2,1.02,2.16,1.7,1.54,2.05,1.29,1.08,91.8,0,-99.99,-99.99,-99.99,-99.99,-99.99
2002,228,1200,100.4,-99.99,-99.99,10.58,9.07,328.2,1.17,2.22,1.75,1.57,2.08,1.33,1.1,92.1,0,-99.99,-99.99,-99.99,-99.99,-99.99
2002,228,1230,154.7,29.5,63.72,15.93,13.14,479.2,1.55,2.46,1.8,1.6,2.37,1.4,1.13,90.4,0,227,7.84,0.45,-0.08,11.78
2002,228,1300,182.6,38.58,94.09,19.04,16.44,562.4,1.81,2.91,1.89,1.64,2.91,1.51,1.17,88.8,0,230,8.29,0.51,-0.08,15.41
2002,228,1330,234.9,41.64,116.4,15.28,12.34,767,1.89,3.31,2.02,1.7,3.36,1.64,1.23,88.3,0,231,8.42,0.5,-0.05,16.62
2002,228,1400,253.4,62.92,185.87,17.92,15.16,776,2.05,4.01,2.18,1.76,3.96,1.8,1.3,87.1,0,239,8.71,0.62,-0.06,25.12
2002,228,1430,208.4,51.58,158.73,14.02,11.89,624.9,1.52,3.79,2.37,1.88,3.62,1.93,1.42,87.6,0,241.5,8.74,0.66,-0.05,20.59
2002,228,1500,153.7,40.25,131.59,8.18,7.84,464.6,1.15,3.53,2.51,2,3.22,2,1.52,88.7,0,244,8.77,0.71,-0.05,16.06
2002,228,1530,127.2,33.64,102.63,6.64,4.76,395.5,1.02,3.19,2.56,2.1,2.86,2,1.59,87.8,0,238,9.29,0.64,-0.05,13.43
2002,228,1600,162.1,31.31,96.95,12.95,8.56,519.9,1.48,3.21,2.56,2.14,2.95,2,1.61,86.1,0,229,9.49,0.56,-0.03,12.5
2002,228,1630,169,31.31,105.35,11.69,8.09,575.9,1.75,3.27,2.56,2.17,3.04,2.01,1.63,85.9,0,232,10.18,0.58,-0.03,12.5
2002,228,1700,152,31.56,97.79,11.56,8.67,494.8,1.98,3.4,2.58,2.2,3.16,2.04,1.65,85.3,0,232.5,10.37,0.61,0,12.6
2002,228,1730,124.5,31.8,90.24,8.81,5.65,407.1,1.9,3.17,2.61,2.24,2.91,2.06,1.69,85.7,0,233,10.55,0.63,0.04,12.7
2002,228,1800,103.3,24.83,77.41,7.43,4.71,350.1,1.89,3.05,2.6,2.26,2.79,2.05,1.71,86.8,0,233,10.19,0.63,-0.04,9.92
2002,228,1830,103,25.64,82.33,7.39,4.95,360.3,2.07,3.03,2.59,2.27,2.78,2.04,1.72,86.2,0,233,10.39,0.63,-0.03,10.24
2002,228,1900,60.92,21.73,55.4,3.54,1.55,215.3,2.04,2.77,2.57,2.29,2.52,2.01,1.73,85.5,0,232,10.92,0.66,-0.02,8.68
2002,228,1930,77.7,18.72,58.48,5.59,3.39,256.1,2.2,2.74,2.53,2.27,2.46,1.97,1.72,84.6,0,235,11.23,0.64,0,7.48
2002,228,2000,47.26,19.62,59.59,1.72,1.53,156.1,1.98,2.64,2.49,2.26,2.35,1.93,1.71,85.5,0,239,11.04,0.74,0.01,7.84
2002,228,2030,17.66,13.36,48.92,-1.14,-1.98,72.8,1.35,2.26,2.44,2.25,1.97,1.88,1.7,89.5,0,239,10.75,0.72,0,5.34
2002,228,2100,6.72,7.1,38.25,-2.08,-2.47,42.14,1.05,2.04,2.36,2.22,1.74,1.79,1.67,91.2,0,239,10.46,0.7,-0.01,2.84
2002,228,2130,3.7,6.82,46.48,-2.34,-2.55,31.06,0.86,1.87,2.27,2.17,1.57,1.7,1.62,91.7,0,242,10.43,0.75,0.02,2.73
2002,228,2200,7.13,-99.99,-99.99,-4.67,-3.6,34.21,0.46,1.61,2.18,2.12,1.32,1.61,1.58,93.2,0.1,-99.99,-99.99,-99.99,-99.99,-99.99
2002,228,2230,-1.72,-99.99,-99.99,-3.97,-3.52,20.14,0.28,1.43,2.07,2.06,1.15,1.52,1.52,93.7,0.1,-99.99,-99.99,-99.99,-99.99,-99.99
2002,228,2300,-4.11,7.4,27.81,-3.16,-2.82,13.44,0.39,1.36,1.97,1.99,1.07,1.43,1.45,92.6,0,240,10.75,0.74,0.04,2.95
2002,228,2330,-7.57,12.71,29.06,-3.32,-2.87,10.12,0.31,1.28,1.88,1.92,1,1.35,1.39,92.6,0,242,10.1,0.76,-0.01,5.07
2002,229,0,-4.77,9.93,32.19,-2.77,-2.45,8.18,0.27,1.22,1.8,1.84,0.95,1.28,1.33,92.7,0,242,9.93,0.7,0.05,3.96
2002,229,30,-4.5,8.51,26.51,-2.52,-2.16,7.51,0.26,1.17,1.73,1.78,0.91,1.21,1.26,92.9,0,242,9.81,0.68,0.04,3.39
2002,229,100,-3.83,5.07,35.59,-2.31,-1.93,7.99,0.23,1.13,1.66,1.72,0.87,1.16,1.21,94.1,0,243,9.58,0.72,0.02,2.02
2002,229,130,-2.78,2.61,16.55,-1.91,-1.63,7.66,0.21,1.11,1.6,1.66,0.86,1.12,1.17,95.2,0,245,9.04,0.7,-0.04,1.04
2002,229,200,-2.51,2.55,26.73,-1.78,-1.48,7.54,0.24,1.09,1.54,1.6,0.83,1.07,1.12,95,0,249,8.6,0.73,-0.01,1.02
2002,229,230,-2.37,-99.99,-99.99,-1.63,-1.39,7.82,0.18,1.06,1.49,1.56,0.81,1.04,1.08,95.9,0,-99.99,-99.99,-99.99,-99.99,-99.99
2002,229,300,-1.75,-99.99,-99.99,-1.53,-1.34,8.13,0.11,1.04,1.45,1.51,0.79,1,1.04,96.8,0,-99.99,-99.99,-99.99,-99.99,-99.99
2002,229,330,-1.55,-99.99,-99.99,-1.35,-1.2,8.96,0.09,1.01,1.41,1.47,0.77,0.97,1.01,97.5,0,-99.99,-99.99,-99.99,-99.99,-99.99
2002,229,400,-0.83,-99.99,-99.99,-1.32,-1.19,9.57,0.04,0.99,1.37,1.43,0.75,0.94,0.98,97.8,0,-99.99,-99.99,-99.99,-99.99,-99.99
2002,229,430,-0.06,-99.99,-99.99,-1.23,-1.13,11.54,0.03,0.99,1.34,1.39,0.73,0.91,0.95,98,0,-99.99,-99.99,-99.99,-99.99,-99.99
2002,229,500,0.51,-99.99,-99.99,-1.88,-1.73,20.94,-0.1,0.94,1.31,1.37,0.67,0.89,0.93,96.4,0.1,-99.99,-99.99,-99.99,-99.99,-99.99
2002,229,530,3.7,10.84,4.92,-1.54,-1.41,35.85,-0.07,0.9,1.27,1.33,0.63,0.85,0.89,94.7,0,261,5.01,0.53,0,4.32
2002,229,600,11.59,18.79,8.28,-0.96,-0.81,53.51,-0.09,0.89,1.24,1.29,0.62,0.82,0.86,94,0,262,5.03,0.58,-0.04,7.49
2002,229,630,12.6,22.64,10.05,-0.83,-0.51,47.98,-0.12,0.91,1.2,1.26,0.63,0.8,0.83,93.6,0,269,5.27,0.53,0,9.03
2002,229,700,16.45,16.51,13.28,-0.42,0.06,61.38,-0.16,0.94,1.19,1.23,0.65,0.78,0.81,93.9,0,265,5.02,0.53,0.02,6.58
2002,229,730,27.05,15.28,13.48,0.74,1.37,91.3,-0.17,0.99,1.17,1.21,0.7,0.77,0.79,94.5,0,267,4.86,0.51,-0.03,6.09
2002,229,800,33.04,14.56,18.53,1.82,2.91,105.3,-0.13,1.1,1.17,1.19,0.79,0.77,0.77,95.1,0,262,4.83,0.53,-0.02,5.81
2002,229,830,36.84,13.42,24.28,1.99,2.91,116.6,-0.16,1.15,1.17,1.17,0.84,0.78,0.76,95.8,0,264,4.99,0.52,0.02,5.35
2002,229,900,64.23,19.54,44.24,5.88,7.32,187.8,-0.01,1.38,1.19,1.16,1.06,0.8,0.75,96.2,0,261,4.73,0.55,-0.09,7.78
2002,229,930,70.7,18.88,43.23,5.65,7.84,201.6,-0.06,1.55,1.22,1.16,1.22,0.85,0.76,97.1,0,263,4.98,0.51,-0.06,7.52
2002,229,1000,93.9,22.2,48.24,7.07,9.36,268.3,-0.12,1.75,1.28,1.17,1.41,0.91,0.78,97.1,0,268,5.24,0.53,-0.06,8.84
2002,229,1030,115.9,27.59,53.72,8.82,11.54,337.2,0.01,2.08,1.35,1.19,1.74,0.99,0.8,96.2,0,269,4.84,0.47,-0.09,10.99
2002,229,1100,163.7,29.89,68.33,8.02,11.04,486.7,-0.48,2.38,1.46,1.24,2,1.08,0.85,96.3,0,275,5.22,0.46,-0.11,11.9
2002,229,1130,173.9,43.26,92.29,7.19,10.77,520.4,-0.99,2.76,1.59,1.29,2.29,1.18,0.89,96.1,0,279,5.31,0.47,0,17.22
2002,229,1200,207.7,43.01,82.88,11.94,14.34,609.3,-0.9,3.19,1.74,1.35,2.65,1.29,0.94,95.3,0,274,4.67,0.43,-0.07,17.11
2002,229,1230,247.8,57.61,144.43,10.81,14.71,732,-0.82,3.81,1.92,1.44,3.18,1.42,1,94.2,0,279,5.22,0.48,-0.14,22.93
2002,229,1300,298,75.92,174.7,12.96,16.5,917,-0.54,4.62,2.14,1.54,3.83,1.58,1.06,92.7,0,278,5.01,0.49,-0.13,30.22
2002,229,1330,226.6,46.9,127.06,7.3,11.57,714,-0.72,4.69,2.4,1.69,3.8,1.75,1.18,93.1,0,276,4.91,0.42,-0.09,18.67
2002,229,1400,257,52.32,145.26,11.14,14,803,-0.33,5.1,2.63,1.84,4.1,1.88,1.27,91.7,0,276,4.69,0.44,-0.14,20.82
2002,229,1430,264,51.4,140.65,9.12,12.41,843,-0.07,5.46,2.84,1.99,4.34,2.01,1.37,90.7,0,276,4.92,0.45,-0.09,20.46
2002,229,1500,253.2,63.37,174.63,12.65,16.22,797,0.04,5.61,3.03,2.14,4.2,2.14,1.48,91.8,0,285,4.81,0.46,-0.18,25.23
2002,229,1530,200.6,47.68,132.79,8.5,10.94,645.9,-0.12,5.35,3.2,2.3,4.01,2.24,1.59,92.2,0,287,4.64,0.4,-0.09,18.99
2002,229,1600,165.9,31.17,89.09,9.22,11.75,544.4,0.07,5.23,3.33,2.44,3.94,2.32,1.69,92.6,0,272,4.06,0.37,-0.07,12.42
2002,229,1630,138.7,35.23,97.81,7.77,9.09,433.9,0.15,4.76,3.39,2.56,3.6,2.35,1.77,94.4,0,269,3.99,0.42,-0.12,14.03
2002,229,1700,145.8,25.99,75.25,7.13,9.56,448.3,0.32,4.69,3.39,2.62,3.58,2.37,1.82,93.2,0,272,4.68,0.45,-0.07,10.36
2002,229,1730,106.8,18.56,57.95,2.84,3.5,332.1,0.13,4.19,3.38,2.69,3.2,2.36,1.88,94.8,0,273,4.56,0.42,-0.05,7.4
2002,229,1800,90.2,15.98,59.33,-1.65,1.76,281.3,0.01,3.93,3.33,2.72,2.98,2.33,1.91,95.1,0,272,4.68,0.4,-0.05,6.37
2002,229,1830,86.7,18.72,21.19,1.76,1.86,268.4,-0.17,3.58,3.26,2.73,2.7,2.27,1.92,96.8,0,270,4.16,0.41,-0.07,7.46
2002,229,1900,80.6,25.35,45.66,2.94,2.77,240.8,0,3.42,3.16,2.7,2.56,2.2,1.89,96.8,0,263,3.98,0.45,-0.08,10.1
2002,229,1930,56.94,20.69,45.86,1.51,2.66,175.6,0.17,3.32,3.07,2.67,2.51,2.15,1.87,96,0,261,4.45,0.48,-0.06,8.25
2002,229,2000,32.25,16.62,37,-1.32,-1.68,101.9,0.07,2.95,2.98,2.64,2.2,2.08,1.85,96.3,0,259,4.36,0.46,-0.02,6.63
2002,229,2030,24,10.19,25.83,-2.06,-3.09,78.3,-0.04,2.65,2.88,2.6,1.95,2.01,1.83,96.4,0,259,4.57,0.45,0,4.06
2002,229,2100,27.65,11.54,27.66,-1.18,-1.67,86.3,-0.07,2.52,2.77,2.54,1.84,1.92,1.79,96.7,0,262,4.47,0.47,-0.01,4.6
2002,229,2130,12.44,8.9,18.92,-4.24,-4.55,53.46,-0.57,2.22,2.66,2.49,1.58,1.84,1.75,97.2,0,269,4.68,0.45,-0.01,3.55
2002,229,2200,4.35,6.9,13.14,-4.79,-6.06,31.6,-0.86,1.94,2.55,2.42,1.3,1.74,1.7,98.1,0,265,4.36,0.43,0,2.75
2002,229,2230,-0.69,3.77,12.24,-4.17,-5.63,15.97,-0.72,1.78,2.42,2.34,1.15,1.64,1.63,98.4,0,260,4.19,0.43,0.02,1.5
2002,229,2300,-2.02,3.47,10.52,-3.7,-5.01,10.67,-0.65,1.65,2.3,2.26,1.06,1.55,1.56,98.4,0,262,4.08,0.44,0.02,1.38
2002,229,2330,-3.03,2.32,9.55,-3.37,-4.57,7.92,-0.58,1.56,2.19,2.18,0.99,1.47,1.5,98.4,0,263,3.76,0.42,0.02,0.93
2002,230,0,-3.37,1.64,7.31,-3.02,-4.06,6.59,-0.48,1.49,2.09,2.1,0.94,1.39,1.43,98.4,0,261,3.64,0.4,0.02,0.65
2002,230,30,-2.7,1.5,7.19,-2.69,-3.48,6.48,-0.39,1.43,2,2.03,0.91,1.33,1.38,98.4,0,258,3.9,0.38,0.02,0.6
2002,230,100,-1.96,1.53,6.69,-2.42,-3.02,6.26,-0.33,1.39,1.92,1.96,0.9,1.28,1.33,98.3,0,257,3.71,0.37,0.03,0.61
2002,230,130,-1.62,2.55,5.09,-2.26,-2.71,5.94,-0.28,1.35,1.86,1.91,0.88,1.23,1.28,98.3,0,249,3.84,0.35,0.01,1.02
2002,230,200,-1.68,1.73,6.27,-2.18,-2.56,5.8,-0.25,1.3,1.79,1.84,0.86,1.19,1.23,98.3,0,248,4.18,0.36,0.04,0.69
2002,230,230,-1.63,2.61,5.22,-2.08,-2.35,5.65,-0.22,1.26,1.73,1.79,0.83,1.14,1.19,98.6,0,253,3.94,0.37,0.03,1.04
2002,230,300,-1.63,2.69,4.75,-1.94,-2.25,5.82,-0.21,1.23,1.67,1.73,0.82,1.11,1.15,98.8,0,264,3.32,0.36,0.02,1.07
2002,230,330,-1.62,3.51,4.09,-1.92,-2.25,6.21,-0.29,1.19,1.62,1.68,0.79,1.08,1.12,98.9,0,266,3.43,0.34,0,1.4
2002,230,400,-1.09,4.17,7.1,-1.98,-2.35,7.3,-0.4,1.13,1.57,1.63,0.74,1.04,1.08,99,0,269,3.63,0.38,0,1.66
2002,230,430,-0.28,2.35,-4.15,-2.27,-2.81,9.59,-0.65,1.04,1.52,1.59,0.66,1.01,1.06,99.1,0,280,4.2,0.35,-0.01,0.94
2002,230,500,2.15,-99.99,-99.99,-2.06,-2.88,16.31,-0.9,0.96,1.47,1.54,0.59,0.97,1.02,99.2,0,-99.99,-99.99,-99.99,-99.99,-99.99
2002,230,530,5.27,-99.99,-99.99,-1.99,-2.47,28.16,-1.11,0.9,1.42,1.5,0.54,0.93,0.99,99.2,0,-99.99,-99.99,-99.99,-99.99,-99.99
2002,230,600,7.49,7.28,12.05,-2.31,-2.17,46.43,-1.38,0.78,1.37,1.46,0.44,0.89,0.96,99.1,0,292,4.57,0.33,0.01,2.9
2002,230,630,20.68,6.77,13.35,-1.69,-1.27,75.3,-1.62,0.75,1.32,1.41,0.42,0.85,0.92,98.6,0,288,3.92,0.31,-0.02,2.69
2002,230,700,43.11,11.11,20.18,-0.6,-0.11,115.6,-1.52,0.9,1.28,1.36,0.53,0.82,0.88,97.9,0,292,3.97,0.32,-0.03,4.43
2002,230,730,80.1,-99.99,-99.99,0.73,2.32,213.7,-1.44,1.14,1.26,1.31,0.77,0.82,0.85,95.9,0,-99.99,-99.99,-99.99,-99.99,-99.99
2002,230,800,88,-99.99,-99.99,3.44,6.87,251.4,-1.36,1.47,1.29,1.29,1.09,0.85,0.83,94,0,-99.99,-99.99,-99.99,-99.99,-99.99
2002,230,830,87.8,-99.99,-99.99,5.8,8.81,261,-1.24,1.73,1.36,1.29,1.32,0.9,0.83,93.7,0,-99.99,-99.99,-99.99,-99.99,-99.99
2002,230,900,112.2,-99.99,-99.99,6.58,10.36,335.5,-1.13,1.99,1.42,1.3,1.58,0.96,0.83,93.8,0,-99.99,-99.99,-99.99,-99.99,-99.99
2002,230,930,135.6,-99.99,-99.99,9.98,15.02,408.3,-0.95,2.52,1.53,1.32,2.01,1.06,0.85,93.5,0,-99.99,-99.99,-99.99,-99.99,-99.99
2002,230,1000,105,-99.99,-99.99,6.17,10.02,315.6,-1.07,2.51,1.64,1.37,2,1.15,0.9,93.6,0,-99.99,-99.99,-99.99,-99.99,-99.99
2002,230,1030,173.1,-99.99,-99.99,7.71,8.65,554.9,-0.76,2.87,1.76,1.43,2.3,1.24,0.95,91.2,0,-99.99,-99.99,-99.99,-99.99,-99.99
2002,230,1100,185.2,-99.99,-99.99,15.42,18.37,564,-0.76,3.72,1.92,1.49,2.89,1.35,0.99,94.3,0,-99.99,-99.99,-99.99,-99.99,-99.99
2002,230,1130,122.6,27.99,72.67,9.28,12.52,399.3,-0.74,3.59,2.09,1.58,2.81,1.46,1.07,94.2,0,298,3.14,0.24,-0.12,11.15
2002,230,1200,68.62,18.21,44.24,0.45,1.84,236.3,-0.85,2.98,2.21,1.7,2.3,1.52,1.16,93.5,0,304,3.81,0.27,-0.06,7.26
2002,230,1230,52.82,13.6,31.31,0.61,-0.17,187,-0.83,2.58,2.23,1.78,1.93,1.51,1.21,93.5,0,305,3.41,0.22,-0.05,5.42
2002,230,1300,68.53,15.23,41.69,2.62,2.58,224.5,-0.76,2.5,2.2,1.82,1.82,1.47,1.23,96.3,0,298,3.53,0.27,-0.08,6.07
2002,230,1330,82,20.43,46.01,5.73,6.85,258.3,-0.5,2.7,2.18,1.84,2,1.47,1.24,97.3,0,296,3.53,0.26,-0.12,8.14
2002,230,1400,75.1,15.56,33.84,3.88,4.33,231.8,-0.48,2.57,2.16,1.84,1.92,1.46,1.23,97.9,0,310,3.99,0.26,-0.07,6.21
2002,230,1430,127.4,24.01,57.73,10.24,10.78,371.9,-0.31,2.93,2.17,1.84,2.2,1.48,1.23,97.5,0,322,4.09,0.27,-0.14,9.58
2002,230,1500,169.6,-99.99,-99.99,13.11,15.29,488,-0.03,3.48,2.24,1.85,2.67,1.56,1.25,94.5,0,-99.99,-99.99,-99.99,-99.99,-99.99
2002,230,1530,126.8,-99.99,-99.99,7.6,9.46,378.2,-0.06,3.45,2.32,1.89,2.68,1.64,1.3,93.9,0,-99.99,-99.99,-99.99,-99.99,-99.99
2002,230,1600,156.8,-99.99,-99.99,9.83,10.28,460.4,-0.08,3.55,2.41,1.94,2.74,1.7,1.34,93.7,0,-99.99,-99.99,-99.99,-99.99,-99.99
2002,230,1630,161.2,-99.99,-99.99,9.76,10.94,476.9,-0.06,3.81,2.5,1.99,2.95,1.76,1.38,93.5,0,-99.99,-99.99,-99.99,-99.99,-99.99
2002,230,1700,137.8,-99.99,-99.99,7.73,8.93,420.4,-0.1,3.81,2.58,2.05,2.95,1.82,1.42,92.5,0,-99.99,-99.99,-99.99,-99.99,-99.99
2002,230,1730,145.6,21.66,35.45,8.2,9.11,446.3,-0.05,3.9,2.65,2.11,3.03,1.87,1.46,93.4,0,308,4.21,0.28,-0.15,8.64
2002,230,1800,86.5,13.29,24.25,2.45,3.88,273.8,-0.2,3.56,2.7,2.18,2.73,1.89,1.52,95.4,0,301,4.34,0.27,-0.09,5.31
2002,230,1830,44.17,11.24,35.55,-1.21,-1.54,147.5,-0.26,3.03,2.7,2.24,2.29,1.87,1.56,97,0,298,4.25,0.28,-0.05,4.49
2002,230,1900,31,11.19,35.3,-1.81,-2.61,104.3,-0.3,2.68,2.65,2.26,1.97,1.81,1.56,97.9,0,294,4.13,0.31,-0.04,4.48
2002,230,1930,28.92,8.4,26.95,-1.38,-2.23,95,-0.29,2.47,2.55,2.25,1.79,1.73,1.55,98.2,0,299,4.24,0.29,-0.04,3.37
2002,230,2000,17.68,7.4,22.94,-2.38,-3.44,63.11,-0.29,2.21,2.46,2.22,1.59,1.65,1.51,98.1,0,298,4.41,0.17,-0.02,2.98
2002,230,2030,12.55,8.09,43.2,-2.52,-3.69,48.26,-0.31,2.01,2.36,2.18,1.43,1.58,1.48,97.9,0,300.5,4.44,0.24,0.02,3.25
2002,230,2100,10.18,8.77,63.45,-2.66,-3.9,40.2,-0.36,1.83,2.26,2.13,1.29,1.5,1.44,97.9,0,303,4.47,0.3,0.05,3.53
2002,230,2130,6.51,6.27,7.98,-2.66,-3.84,29.67,-0.39,1.69,2.15,2.06,1.17,1.42,1.38,98,0,305,4.68,0.31,0,2.53
2002,230,2200,5.41,-99.99,-99.99,-2.49,-3.73,24.48,-0.41,1.57,2.06,2,1.08,1.35,1.34,98,0,-99.99,-99.99,-99.99,-99.99,-99.99
2002,230,2230,2,-99.99,-99.99,-2.7,-3.82,15.3,-0.49,1.45,1.97,1.95,0.99,1.29,1.29,98.2,0,-99.99,-99.99,-99.99,-99.99,-99.99
2002,230,2300,-0.82,-99.99,-99.99,-2.95,-4.11,9.34,-0.57,1.33,1.89,1.89,0.89,1.23,1.25,98.3,0,-99.99,-99.99,-99.99,-99.99,-99.99
2002,230,2330,-1.79,-99.99,-99.99,-3.06,-4.19,7.16,-0.69,1.22,1.8,1.83,0.8,1.17,1.2,98.5,0,-99.99,-99.99,-99.99,-99.99,-99.99
2002,231,0,-2.06,-99.99,-99.99,-2.87,-3.98,7.01,-0.69,1.14,1.72,1.76,0.74,1.11,1.15,98.8,0,-99.99,-99.99,-99.99,-99.99,-99.99
2002,231,30,-1.82,-99.99,-99.99,-2.39,-3.48,7.56,-0.57,1.09,1.65,1.7,0.7,1.05,1.1,98.8,0,-99.99,-99.99,-99.99,-99.99,-99.99
2002,231,100,-2.35,-99.99,-99.99,-2.3,-3.07,6.68,-0.48,1.05,1.58,1.64,0.67,1,1.05,98.5,0,-99.99,-99.99,-99.99,-99.99,-99.99
2002,231,130,-2.4,-99.99,-99.99,-2.19,-2.4,7.34,-0.46,1,1.52,1.58,0.64,0.96,1.01,98.1,0,-99.99,-99.99,-99.99,-99.99,-99.99
2002,231,200,-1.79,-99.99,-99.99,-2.03,-2.26,7.58,-0.44,0.96,1.46,1.54,0.62,0.92,0.98,98,0,-99.99,-99.99,-99.99,-99.99,-99.99
2002,231,230,-1.17,-99.99,-99.99,-1.86,-2.13,7.05,-0.44,0.92,1.41,1.49,0.61,0.9,0.95,98.1,0,-99.99,-99.99,-99.99,-99.99,-99.99
2002,231,300,-0.82,-99.99,-99.99,-1.75,-2.02,7.74,-0.42,0.9,1.36,1.44,0.59,0.86,0.91,98.1,0,-99.99,-99.99,-99.99,-99.99,-99.99
2002,231,330,-1.53,7.33,6.31,-1.71,-1.93,7.53,-0.43,0.86,1.32,1.4,0.57,0.83,0.88,98,0,309,4.63,0.3,0.04,2.94
2002,231,400,-1.4,2.24,3.15,-1.68,-1.85,7.89,-0.46,0.82,1.27,1.36,0.54,0.8,0.85,97.9,0,311,5.06,0.29,0,0.9
2002,231,430,-0.7,2.77,4.75,-1.63,-1.74,10.02,-0.49,0.78,1.24,1.32,0.51,0.78,0.82,97.9,0,312,5.45,0.29,0.02,1.11
2002,231,500,0.02,2.7,5.34,-1.53,-1.64,11.15,-0.53,0.75,1.2,1.28,0.49,0.74,0.79,98.2,0,315,4.87,0.26,0.01,1.08
2002,231,530,1.41,-99.99,-99.99,-1.4,-1.53,13.97,-0.5,0.74,1.16,1.25,0.48,0.72,0.77,98.3,0,-99.99,-99.99,-99.99,-99.99,-99.99
2002,231,600,4.39,-99.99,-99.99,-1.22,-1.38,21.56,-0.47,0.73,1.13,1.21,0.47,0.7,0.74,98.1,0,-99.99,-99.99,-99.99,-99.99,-99.99
2002,231,630,6.98,3.89,12.81,-1.08,-1.27,25.52,-0.5,0.73,1.1,1.18,0.47,0.68,0.72,98.2,0,317,5.34,0.3,0.01,1.56
2002,231,700,15.09,3.28,14.15,-0.64,-0.98,44.77,-0.48,0.75,1.08,1.15,0.48,0.66,0.7,98.4,0,320,5.2,0.29,-0.01,1.32
2002,231,730,23.58,3.35,8.24,-0.18,-0.63,64.98,-0.48,0.81,1.06,1.13,0.51,0.65,0.68,98.7,0,323,5.3,0.28,-0.02,1.35
2002,231,800,31.82,4.15,16.53,0.46,-0.01,84.6,-0.46,0.88,1.06,1.11,0.57,0.64,0.66,98.8,0,325,5.32,0.28,-0.03,1.67
2002,231,830,41.56,5.65,25.69,1.74,1.62,107.9,-0.45,0.96,1.07,1.09,0.65,0.64,0.65,98.8,0.1,326,5.57,0.33,-0.03,2.27
2002,231,900,52.14,-99.99,-99.99,3.38,4.47,137.4,-0.36,1.1,1.09,1.08,0.76,0.66,0.64,98.7,0,-99.99,-99.99,-99.99,-99.99,-99.99
2002,231,930,48.89,-99.99,-99.99,2.87,4.07,132.9,-0.39,1.18,1.11,1.07,0.83,0.67,0.64,98.7,0.1,-99.99,-99.99,-99.99,-99.99,-99.99
2002,231,1000,60.98,-99.99,-99.99,3.73,4.98,165.7,-0.34,1.28,1.13,1.07,0.93,0.69,0.63,98.3,0,-99.99,-99.99,-99.99,-99.99,-99.99
2002,231,1030,78.9,-99.99,-99.99,5.4,7.05,210.8,-0.27,1.45,1.16,1.08,1.09,0.72,0.64,97.7,0,-99.99,-99.99,-99.99,-99.99,-99.99
2002,231,1100,89.7,-99.99,-99.99,5.7,8.14,245.7,-0.17,1.64,1.21,1.09,1.27,0.77,0.66,96.6,0,-99.99,-99.99,-99.99,-99.99,-99.99
2002,231,1130,86.1,-99.99,-99.99,4.39,7.23,245.3,-0.17,1.72,1.27,1.12,1.35,0.82,0.68,96.2,0,-99.99,-99.99,-99.99,-99.99,-99.99
2002,231,1200,97.7,-99.99,-99.99,5.68,7.91,288.4,-0.13,1.82,1.33,1.15,1.43,0.86,0.7,96.2,0,-99.99,-99.99,-99.99,-99.99,-99.99
2002,231,1230,118.3,-99.99,-99.99,8.17,11.72,358.8,0.08,2.14,1.39,1.18,1.73,0.92,0.73,95,0,-99.99,-99.99,-99.99,-99.99,-99.99
2002,231,1300,120.8,-99.99,-99.99,7.4,10.68,376.9,0.16,2.34,1.48,1.23,1.91,1,0.77,94.8,0,-99.99,-99.99,-99.99,-99.99,-99.99
2002,231,1330,84.7,-99.99,-99.99,2.89,5.03,281.6,-0.01,2.2,1.57,1.29,1.75,1.05,0.81,95,0,-99.99,-99.99,-99.99,-99.99,-99.99
2002,231,1400,69.42,-99.99,-99.99,1.82,2.69,237.1,-0.07,2.03,1.61,1.33,1.55,1.06,0.85,95.1,0,-99.99,-99.99,-99.99,-99.99,-99.99
2002,231,1430,90.5,-99.99,-99.99,5.79,6.67,298.6,0.09,2.16,1.63,1.36,1.66,1.07,0.87,94.8,0,-99.99,-99.99,-99.99,-99.99,-99.99
2002,231,1500,111.4,-99.99,-99.99,6.99,8.93,358.7,0.17,2.38,1.66,1.39,1.89,1.11,0.88,94.8,0,-99.99,-99.99,-99.99,-99.99,-99.99
2002,231,1530,107.6,-99.99,-99.99,6.64,8.32,342.8,0.21,2.46,1.71,1.42,1.97,1.15,0.91,94.8,0,-99.99,-99.99,-99.99,-99.99,-99.99
2002,231,1600,89.6,-99.99,-99.99,5.06,6.8,284.9,0.16,2.47,1.77,1.46,1.97,1.19,0.94,95,0,-99.99,-99.99,-99.99,-99.99,-99.99
2002,231,1630,102.4,-99.99,-99.99,6.18,7.19,309.3,0.12,2.52,1.82,1.49,2.01,1.23,0.97,95.2,0,-99.99,-99.99,-99.99,-99.99,-99.99
2002,231,1700,107,-99.99,-99.99,7.86,9.68,320.4,0.19,2.74,1.86,1.52,2.23,1.27,1,94.8,0,-99.99,-99.99,-99.99,-99.99,-99.99
2002,231,1730,89.5,-99.99,-99.99,5.55,6.63,268.3,0.13,2.66,1.91,1.57,2.13,1.31,1.03,95,0,-99.99,-99.99,-99.99,-99.99,-99.99
2002,231,1800,65.08,-99.99,-99.99,2.41,3.38,196.4,0.03,2.52,1.96,1.61,1.97,1.34,1.07,96,0,-99.99,-99.99,-99.99,-99.99,-99.99
2002,231,1830,53.32,-99.99,-99.99,1.35,1.34,162.1,-0.04,2.32,1.97,1.65,1.75,1.33,1.1,96.8,0,-99.99,-99.99,-99.99,-99.99,-99.99
2002,231,1900,29.73,-99.99,-99.99,-0.97,-1.15,97.5,-0.15,2.09,1.95,1.67,1.52,1.29,1.1,96.9,0,-99.99,-99.99,-99.99,-99.99,-99.99
2002,231,1930,24.03,-99.99,-99.99,-1.11,-1.76,79.5,-0.19,1.88,1.9,1.67,1.31,1.24,1.1,97.2,0,-99.99,-99.99,-99.99,-99.99,-99.99
2002,231,2000,28.8,-99.99,-99.99,0.16,-0.18,90.1,-0.18,1.82,1.84,1.65,1.26,1.19,1.08,97.1,0,-99.99,-99.99,-99.99,-99.99,-99.99
2002,231,2030,16.03,3.05,21.85,-1.02,-1.47,57.15,-0.22,1.69,1.79,1.63,1.14,1.15,1.05,96.8,0,332,4.18,0.25,0,1.22
2002,231,2100,8.97,1.88,11.69,-1.63,-2.51,37.95,-0.27,1.53,1.73,1.6,1,1.1,1.03,97,0,332,4.09,0.23,-0.01,0.75
2002,231,2130,5.61,1.99,7.11,-1.71,-2.61,28.7,-0.28,1.42,1.67,1.57,0.9,1.05,1,97.1,0,330,4,0.27,-0.01,0.8
2002,231,2200,1.15,1.02,5.75,-2.22,-3.1,16.2,-0.32,1.29,1.61,1.53,0.8,1,0.97,97.1,0,329,4.45,0.25,0,0.41
2002,231,2230,-1.1,0.94,3.3,-2.29,-3.18,9.06,-0.36,1.19,1.54,1.49,0.71,0.95,0.94,97.3,0,334,4.32,0.23,0.02,0.38
2002,231,2300,-2.28,0.69,2.43,-2.06,-3,6.95,-0.36,1.11,1.47,1.45,0.65,0.9,0.9,97.5,0,332,3.71,0.2,0.02,0.27
2002,231,2330,-2.45,0.73,3.12,-1.84,-2.66,5.33,-0.29,1.05,1.41,1.4,0.61,0.85,0.86,97.3,0,331,3.89,0.23,0.02,0.29
2002,232,0,-2.45,0.87,1.14,-1.75,-2.49,4.77,-0.31,1,1.35,1.36,0.57,0.81,0.83,97.4,0,325,3.93,0.2,0.02,0.35
2002,232,30,-2.47,0.91,2.45,-1.68,-2.39,4.71,-0.33,0.96,1.3,1.32,0.54,0.78,0.8,97.7,0,317,3.87,0.23,0.01,0.37
2002,232,100,-2.28,1.07,3.85,-1.69,-2.25,4.69,-0.34,0.91,1.26,1.27,0.51,0.74,0.77,97.6,0,327,4.16,0.26,0.01,0.43
2002,232,130,-1.96,1.83,3.92,-1.54,-2.09,4.84,-0.39,0.87,1.21,1.24,0.49,0.71,0.74,98,0,325,3.69,0.2,0.01,0.73
2002,232,200,-2.23,0.85,2,-1.48,-1.99,4.93,-0.39,0.84,1.17,1.2,0.46,0.68,0.71,98.2,0,322,3.66,0.22,0.03,0.34
2002,232,230,-1.97,0.8,2.99,-1.44,-1.93,4.67,-0.4,0.8,1.13,1.16,0.44,0.66,0.69,98.2,0,317,3.93,0.22,0.02,0.32
2002,232,300,-2.43,0.31,3.25,-1.48,-1.9,4.78,-0.38,0.77,1.09,1.13,0.42,0.63,0.67,98.1,0,319,4.32,0.26,0.01,0.12
2002,232,330,-1.88,0.44,2.44,-1.36,-1.79,4.9,-0.38,0.74,1.06,1.1,0.4,0.61,0.64,98.1,0,318,4.03,0.23,0.01,0.18
2002,232,400,-1.66,0.06,3.16,-1.21,-1.55,5.37,-0.35,0.72,1.02,1.07,0.39,0.58,0.62,98.5,0,319,4.45,0.23,0.02,0.02
2002,232,430,-0.93,-0.05,1.87,-1,-1.32,6.77,-0.32,0.71,0.99,1.04,0.39,0.56,0.59,98.7,0,315,3.76,0.22,-0.02,-0.02
2002,232,500,0.45,1.38,1.18,-0.8,-1.04,10.64,-0.28,0.71,0.97,1.01,0.4,0.55,0.57,98.8,0,313,3.99,0.23,-0.01,0.55
2002,232,530,4.48,-4.24,8.76,-0.1,-0.17,18.45,-0.16,0.74,0.94,0.98,0.43,0.53,0.55,98.8,0,314,4.71,0.27,0.02,-1.7
2002,232,600,5.86,-2.99,10.12,-0.13,-0.06,24.36,-0.2,0.74,0.93,0.96,0.45,0.53,0.54,98.9,0,309,4.01,0.24,-0.02,-1.2
2002,232,630,8.48,-1.74,11.48,0.49,0.59,30.28,-0.11,0.79,0.92,0.94,0.5,0.52,0.52,99,0,304,3.3,0.21,-0.06,-0.69
2002,232,700,15.01,-99.99,-99.99,1.94,2.28,43.78,0.07,0.91,0.93,0.94,0.62,0.52,0.51,99,0,-99.99,-99.99,-99.99,-99.99,-99.99
2002,232,730,28.39,-99.99,-99.99,3.96,4.87,73.9,0.33,1.07,0.93,0.92,0.8,0.53,0.5,99,0,-99.99,-99.99,-99.99,-99.99,-99.99
2002,232,800,26.48,0.87,8.68,2.94,4.19,71.2,0.28,1.13,0.94,0.91,0.88,0.57,0.5,99,0,297,4.11,0.28,-0.06,0.35
2002,232,830,25.84,4.77,11.78,2.83,3.5,71.9,0.32,1.16,0.97,0.92,0.91,0.6,0.52,99,0,291,3.76,0.3,0,1.9
2002,232,900,88.2,-99.99,-99.99,9.33,11.77,226.7,0.45,1.59,1.01,0.92,1.35,0.65,0.53,99,0,-99.99,-99.99,-99.99,-99.99,-99.99
2002,232,930,96.6,-99.99,-99.99,9.03,12.75,250.7,0.62,1.9,1.07,0.93,1.67,0.73,0.55,98.7,0,-99.99,-99.99,-99.99,-99.99,-99.99
2002,232,1000,88.2,-99.99,-99.99,7.63,10.49,236.9,0.62,2.13,1.18,0.97,1.89,0.84,0.6,97.6,0,-99.99,-99.99,-99.99,-99.99,-99.99
2002,232,1030,51.43,-99.99,-99.99,4.17,5.53,143.9,0.61,1.99,1.29,1.05,1.71,0.91,0.66,97.4,0,-99.99,-99.99,-99.99,-99.99,-99.99
2002,232,1100,41.45,-99.99,-99.99,2.88,3.43,117.5,0.68,1.84,1.34,1.09,1.54,0.93,0.71,97.5,0,-99.99,-99.99,-99.99,-99.99,-99.99
2002,232,1130,55.63,-99.99,-99.99,3.91,4.61,152.7,0.64,1.85,1.36,1.12,1.49,0.95,0.74,97.8,0,-99.99,-99.99,-99.99,-99.99,-99.99
2002,232,1200,53.88,11.32,26.48,3.28,4.19,149.7,0.56,1.85,1.38,1.15,1.49,0.96,0.76,97.9,0.1,300,5.21,0.36,0,4.52
2002,232,1230,94.6,-99.99,-99.99,7.08,7.77,263.5,0.67,2.01,1.4,1.17,1.63,0.98,0.77,97.2,0.2,-99.99,-99.99,-99.99,-99.99,-99.99
2002,232,1300,188,-99.99,-99.99,14.04,16.88,510.8,0.95,2.73,1.46,1.18,2.3,1.06,0.78,95.7,0,-99.99,-99.99,-99.99,-99.99,-99.99
2002,232,1330,184.8,-99.99,-99.99,12.25,16.02,537.7,0.84,3.2,1.6,1.23,2.73,1.2,0.82,95.3,0,-99.99,-99.99,-99.99,-99.99,-99.99
2002,232,1400,137.6,36.31,64.79,8.88,10.08,414.8,0.55,3.09,1.76,1.32,2.6,1.32,0.91,95.2,0,309,5.22,0.34,-0.05,14.47
2002,232,1430,107.3,32.42,63.6,6.26,8.76,339.4,0.36,3.08,1.88,1.41,2.56,1.39,0.98,95.8,0,303,4.7,0.33,-0.06,12.92
2002,232,1500,90.5,20.92,42.13,3.35,4.48,287.7,0.34,2.84,1.96,1.49,2.31,1.42,1.04,95.3,0,305,5.2,0.33,-0.03,8.33
2002,232,1530,145.9,38.09,75.8,10.77,11.53,444.4,0.56,3.12,2,1.55,2.56,1.46,1.08,93.5,0,311,5.08,0.36,-0.07,15.17
2002,232,1600,106.1,29.39,63.76,5.12,6.86,333,0.39,3.04,2.06,1.61,2.49,1.5,1.13,92.9,0,316,5.34,0.35,-0.04,11.71
2002,232,1630,104.4,25.44,58.58,4.59,5.82,316.7,0.19,2.97,2.11,1.67,2.38,1.53,1.17,92.7,0,322,5.32,0.33,-0.04,10.13
2002,232,1700,82,18.76,45.08,2.57,3.25,246.7,0.02,2.72,2.13,1.71,2.13,1.52,1.21,93.9,0,325,5.06,0.31,-0.03,7.47
2002,232,1730,94.9,18.34,45.72,4.53,5.19,279,0.09,2.75,2.12,1.73,2.14,1.5,1.22,93.3,0,321,4.96,0.29,-0.03,7.3
2002,232,1800,82.5,17.62,49.81,2.84,3.64,235.2,-0.27,2.64,2.12,1.75,2.03,1.49,1.23,94.7,0,322,5.21,0.31,-0.04,7.01
2002,232,1830,70.8,12.87,41.04,1.35,1.63,208.4,-0.7,2.44,2.11,1.77,1.83,1.46,1.23,95.9,0,326,4.84,0.29,-0.03,5.12
2002,232,1900,59.05,9.96,37.58,1.09,1.43,172.3,-0.83,2.32,2.08,1.77,1.7,1.42,1.22,96.9,0,329,4.44,0.26,-0.05,3.96
2002,232,1930,43.1,4.97,25.58,-1.39,-1.37,126.5,-1.15,2.06,2.04,1.78,1.45,1.38,1.21,97.6,0,332,4.45,0.25,-0.05,1.98
2002,232,2000,40.41,6.38,25.02,-0.85,-1.69,118.4,-1.32,1.86,1.98,1.76,1.26,1.31,1.19,98.2,0,332,3.91,0.26,-0.06,2.54
2002,232,2030,44.22,8.81,23.32,-0.85,-0.98,123.5,-1.56,1.76,1.92,1.73,1.18,1.26,1.16,98.3,0,328,4.35,0.24,-0.05,3.5
2002,232,2100,17.6,5.85,15.48,-2.93,-3.85,54.3,-1.51,1.54,1.85,1.7,0.97,1.19,1.13,98.2,0,331,3.77,0.26,-0.02,2.33
2002,232,2130,9.72,4.31,10.43,-3.49,-5.36,35.66,-1.67,1.3,1.77,1.66,0.75,1.11,1.09,98,0,336,3.68,0.22,0,1.71
2002,232,2200,-0.04,3.23,5.34,-3.51,-5.36,18.19,-1.66,1.08,1.68,1.61,0.59,1.03,1.05,97.8,0,330,4.05,0.22,0.02,1.28
2002,232,2230,-2.48,4.68,7.69,-2.86,-3.5,8.85,-1.72,0.97,1.58,1.56,0.5,0.96,0.99,98.1,0,324,3.43,0.2,0.03,1.86
2002,232,2300,-4.8,3.51,7.88,-2.66,-2.78,4.65,-1.87,0.86,1.49,1.5,0.45,0.9,0.95,98.4,0,334,3.48,0.21,0.02,1.4
2002,232,2330,-4.84,3.32,7.99,-2.44,-2.47,2.82,-2,0.76,1.41,1.44,0.38,0.84,0.9,98.3,0,325,3.01,0.2,0.02,1.32
2002,233,0,-5.64,4.54,10.58,-2.43,-2.21,2.26,-2.05,0.68,1.33,1.38,0.33,0.79,0.86,98.1,0,314,2.84,0.2,0.04,1.81
2002,233,30,-4.35,3.17,4.59,-2.56,-1.95,2.14,-2.12,0.62,1.27,1.32,0.29,0.75,0.82,98.2,0,303,3.04,0.19,0.02,1.26
2002,233,100,-5.48,3.18,5.08,-2.05,-1.72,1.98,-2.13,0.56,1.2,1.27,0.25,0.71,0.78,97.9,0,313,2.77,0.18,0.03,1.27
2002,233,130,-5.24,3.47,4.26,-2.33,-1.54,2.11,-2.08,0.52,1.15,1.21,0.22,0.67,0.74,98,0,309,2.84,0.18,0.02,1.38
2002,233,200,-5.35,2.97,1.37,-2.71,-1.39,2.14,-1.98,0.49,1.1,1.17,0.18,0.64,0.71,97.9,0,304,2.39,0.16,0.02,1.18
2002,233,230,-4.05,2,3.08,-2.54,-1.32,2.46,-1.77,0.5,1.06,1.13,0.18,0.6,0.67,97.9,0,298,2.19,0.16,0.03,0.8
2002,233,300,-4.26,3.38,5.17,-2.67,-1.31,2.66,-1.7,0.48,1.02,1.1,0.17,0.58,0.65,97.8,0,286,2.71,0.22,0.02,1.34
2002,233,330,-2.62,0.79,3.95,-2.61,-1.35,3.43,-1.45,0.47,0.97,1.05,0.17,0.55,0.62,98.1,0,294,3.08,0.23,0.01,0.31
2002,233,400,-2.57,2.2,5.84,-2.49,-1.28,3.76,-1.37,0.47,0.95,1.02,0.17,0.53,0.6,98.2,0,284,3.21,0.28,0.02,0.88
2002,233,430,-2.81,3.26,11.24,-2.48,-1.3,5.06,-1.4,0.45,0.91,0.99,0.16,0.5,0.57,97.9,0,284,2.8,0.24,0.04,1.3
2002,233,500,-2.13,3,2.24,-2.3,-1.39,9.25,-1.42,0.44,0.89,0.97,0.14,0.47,0.54,97.1,0,277,2.24,0.19,0.01,1.2
2002,233,530,0.96,2.37,9.48,-2.34,-1.69,16.12,-1.46,0.42,0.86,0.94,0.13,0.45,0.52,96.3,0,279,2.49,0.2,0.02,0.94
2002,233,600,4.95,1.31,6.49,-1.9,-1.71,23.45,-1.48,0.43,0.84,0.91,0.14,0.44,0.5,97.4,0,275,2.54,0.23,0,0.52
2002,233,630,12.49,4.21,6.53,-1.39,-1.65,45.32,-1.48,0.43,0.81,0.88,0.15,0.42,0.49,97.6,0,276,2.64,0.24,-0.01,1.68
2002,233,700,20.74,7.23,6.07,-0.78,-1.51,69.62,-1.49,0.45,0.79,0.86,0.18,0.41,0.46,96.2,0,276,2.41,0.23,0,2.88
2002,233,730,27.98,4.71,10.05,-0.4,-1.4,87.7,-1.4,0.48,0.78,0.84,0.2,0.39,0.45,96.3,0,275,2.57,0.25,-0.01,1.88
2002,233,800,37.48,6.14,10.6,-0.04,-1.25,112.3,-1.3,0.52,0.76,0.81,0.22,0.38,0.42,97,0,268,2.67,0.26,-0.04,2.44
2002,233,830,50.79,9.95,16.35,0.29,-1.51,144.7,-1.13,0.66,0.75,0.79,0.28,0.37,0.41,97.5,0,267,2.62,0.3,-0.04,3.96
2002,233,900,67.05,10.53,19,0.67,-2.73,186.1,-1.08,0.86,0.75,0.77,0.39,0.37,0.4,97.5,0,268,2.67,0.26,-0.06,4.19
2002,233,930,85.2,14.45,26.9,2.56,-3.36,241.1,-0.96,1.13,0.77,0.76,0.56,0.38,0.38,97.6,0,259,2.69,0.28,-0.06,5.75
2002,233,1000,100,20.92,40.15,6.37,-2.44,306.7,-0.83,1.41,0.82,0.76,0.77,0.39,0.37,96.2,0,260,2.91,0.33,-0.07,8.33
2002,233,1030,108.3,21.79,43.08,9.93,2.33,326.4,-0.69,1.73,0.89,0.77,1.09,0.43,0.37,95.7,0,270,3.06,0.33,-0.09,8.68
2002,233,1100,143.7,30.71,62.42,14.6,16.47,436.1,-0.26,2.15,0.99,0.8,1.64,0.52,0.38,94.9,0,267,3.05,0.33,-0.08,12.23
2002,233,1130,148.1,33.1,77.61,16.57,23.19,444.4,0.05,2.73,1.14,0.85,2.3,0.68,0.42,94.2,0,261,3.24,0.35,-0.12,13.18
2002,233,1200,182.3,39.13,88.08,15.93,19.74,549.1,0.03,2.95,1.3,0.93,2.58,0.86,0.5,94.5,0,260,3.37,0.37,-0.08,15.59
2002,233,1230,244.8,51.07,121.1,23.78,29.03,730,0.63,4.03,1.49,1.01,3.72,1.09,0.58,91.4,0,257,3.26,0.32,-0.11,20.36
2002,233,1300,195.9,37.27,108.02,13.92,17.42,618.8,0.12,3.89,1.74,1.16,3.6,1.33,0.75,93,0,251,3.79,0.37,-0.1,14.85
2002,233,1330,210.6,56.84,140.48,16.53,19.26,635.5,0.52,4.14,1.93,1.29,3.81,1.51,0.88,92.8,0,256,4.03,0.42,-0.09,22.65
2002,233,1400,294.6,54.76,133.74,22.77,26.61,860,0.91,5.04,2.14,1.41,4.67,1.7,0.99,89.9,0,260,3.71,0.33,-0.1,21.83
2002,233,1430,166.5,38.98,102.26,12.73,16.22,537.5,0.44,4.63,2.38,1.6,4.21,1.89,1.17,91.7,0,261,3.25,0.34,-0.09,15.53
2002,233,1500,164.3,32.41,87.54,9.19,10.32,555.5,0.37,4.41,2.54,1.75,4.02,2.02,1.32,91.4,0,251,3.52,0.32,-0.07,12.92
2002,233,1530,212.7,43.82,134.51,14.1,14.93,669.4,0.23,4.63,2.63,1.87,4.24,2.1,1.42,92.8,0,250,3.79,0.36,-0.11,17.45
2002,233,1600,194.5,44.5,124.04,11.79,13.86,614.9,0.02,4.76,2.73,1.97,4.27,2.19,1.51,94.7,0,260,3.54,0.37,-0.14,17.72
2002,233,1630,159.5,29.04,85.31,10.69,12.27,503.4,-0.07,4.49,2.83,2.08,4.04,2.25,1.6,95.8,0,254,3.61,0.33,-0.09,11.56
2002,233,1700,141.5,31.32,92.36,10.17,10.92,451.3,0.17,4.34,2.87,2.16,3.91,2.31,1.67,95.5,0,256,3.29,0.32,-0.09,12.47
2002,233,1730,123.7,21.28,67.61,7.96,8.54,397.1,0.01,4.12,2.9,2.23,3.71,2.33,1.74,95.6,0,254,3.47,0.32,-0.07,8.47
2002,233,1800,103.3,23.64,67.21,6.93,7.33,328.1,0.06,3.92,2.9,2.29,3.46,2.33,1.78,96.4,0,256,3.24,0.33,-0.09,9.42
2002,233,1830,85.5,17.06,52.05,3.88,4.6,270.2,-0.09,3.68,2.88,2.32,3.18,2.3,1.82,97.4,0,263,3.28,0.34,-0.11,6.79
2002,233,1900,71.8,14.68,47.79,3.51,4.07,243.4,-0.09,3.51,2.85,2.34,3.03,2.27,1.83,97.8,0,261,2.95,0.31,-0.11,5.85
2002,233,1930,53.25,5.89,29.14,2.47,1.59,182.8,-0.08,3.17,2.8,2.35,2.71,2.2,1.83,97.9,0,250,3.02,0.25,-0.08,2.35
2002,233,2000,37.4,6.41,25.87,0.41,-0.21,153.1,-0.01,2.91,2.73,2.34,2.46,2.13,1.82,97.5,0,250,2.98,0.25,-0.03,2.55
2002,233,2030,14.93,3.56,16.2,-2.03,-3.81,78.3,-0.09,2.51,2.64,2.31,2.07,2.03,1.8,97.4,0,242,2.98,0.24,-0.01,1.42
2002,233,2100,7.77,1.42,8.54,-2.34,-4.71,46.41,-0.26,2.2,2.53,2.28,1.79,1.92,1.76,97.6,0,232,3.14,0.19,0,0.56
2002,233,2130,3.33,-1.8,6.27,-2.84,-5.34,30.01,-0.57,1.93,2.41,2.23,1.53,1.82,1.71,98,0,225,3.09,0.17,-0.03,-0.72
2002,233,2200,-4.38,-1.03,1.91,-4.26,-6.98,17.25,-0.91,1.64,2.3,2.17,1.23,1.7,1.66,98.3,0,215,3.1,0.16,0,-0.41
2002,233,2230,-5.43,0.42,1.26,-4.61,-6.99,9.62,-0.96,1.44,2.17,2.09,1.03,1.58,1.59,98.7,0,222,3.44,0.19,0.02,0.17
2002,233,2300,-8.7,-0.56,-1.48,-4.88,-7.14,6.66,-1.08,1.25,2.05,2.03,0.85,1.47,1.52,98.9,0,214,3.11,0.18,0.01,-0.22
2002,233,2330,-12.49,-0.08,-2.77,-4.34,-4.15,5.01,-1.12,1.07,1.94,1.95,0.7,1.36,1.44,99.1,0,215,3.02,0.15,0.03,-0.03
2002,234,0,-13.55,-99.99,-99.99,-3.84,-3.39,4.85,-1.07,0.92,1.82,1.86,0.61,1.27,1.36,99.1,0,-99.99,-99.99,-99.99,-99.99,-99.99
2002,234,30,-15.23,-99.99,-99.99,-3.72,-2.87,6.96,-0.86,0.78,1.72,1.79,0.48,1.18,1.29,99.1,0,-99.99,-99.99,-99.99,-99.99,-99.99
2002,234,100,-12.05,-99.99,-99.99,-3.75,-2.44,5.28,-0.63,0.67,1.63,1.71,0.39,1.1,1.22,99.1,0,-99.99,-99.99,-99.99,-99.99,-99.99
2002,234,130,-4.12,-99.99,-99.99,-3.39,-2.6,10.01,-0.01,0.81,1.54,1.62,0.53,1.05,1.15,99.1,0,-99.99,-99.99,-99.99,-99.99,-99.99
2002,234,200,-8.41,-99.99,-99.99,-4.56,-2.5,5.04,-0.07,0.67,1.48,1.57,0.39,1,1.11,99.1,0,-99.99,-99.99,-99.99,-99.99,-99.99
2002,234,230,-6.88,-99.99,-99.99,-4.1,-2.43,3.81,-0.92,0.53,1.43,1.53,0.24,0.94,1.07,99.1,0,-99.99,-99.99,-99.99,-99.99,-99.99
2002,234,300,-5.48,-99.99,-99.99,-4.44,-2.32,3.87,-1.25,0.46,1.36,1.47,0.2,0.88,1.02,99.1,0,-99.99,-99.99,-99.99,-99.99,-99.99
2002,234,330,-6.81,-99.99,-99.99,-6.5,-4.38,3.65,-1.22,0.35,1.3,1.42,0.08,0.82,0.97,99,0,-99.99,-99.99,-99.99,-99.99,-99.99
2002,234,400,-5.89,-99.99,-99.99,-8.02,-7.57,4.04,-1.18,0.37,1.25,1.37,0.02,0.77,0.93,98.9,0,-99.99,-99.99,-99.99,-99.99,-99.99
2002,234,430,-5.76,-99.99,-99.99,-9.54,-10.64,5.9,-0.84,0.26,1.19,1.31,0.02,0.73,0.87,98.5,0,-99.99,-99.99,-99.99,-99.99,-99.99
2002,234,500,-2.37,-99.99,-99.99,-8.43,-10.25,11.08,-0.73,0.24,1.14,1.26,0.08,0.69,0.83,96.9,0,-99.99,-99.99,-99.99,-99.99,-99.99
2002,234,530,2.17,0.18,-9.29,-5.25,-6.77,19.77,-0.03,0.36,1.07,1.19,0.18,0.65,0.78,93.3,0,218,2.37,0.09,0.02,0.07
2002,234,600,6.73,0.77,-8.42,-2.77,-4.08,36.99,0.22,0.44,1.03,1.15,0.26,0.63,0.74,93,0,216,2.49,0.08,0.01,0.31
2002,234,630,15.94,-0.67,-6.46,-1.18,-2.78,64.82,0.5,0.49,1.01,1.12,0.31,0.61,0.71,94.3,0,209,2.38,0.09,0.01,-0.27
2002,234,700,24.73,0.03,-5.72,-0.33,-2.13,85.9,0.7,0.55,0.97,1.08,0.35,0.6,0.68,95.5,0,214,2.27,0.09,0,0.01
2002,234,730,25.92,-0.68,-1.91,-0.11,-1.76,124,0.85,0.64,0.97,1.07,0.45,0.59,0.66,94.8,0,206,2.13,0.06,-0.01,-0.27
2002,234,800,61.85,2.77,-2.37,1.86,-0.68,217.5,1.34,0.94,0.95,1.03,0.76,0.61,0.63,95,0,200,2.42,0.13,-0.01,1.1
2002,234,830,56.28,6.25,6.56,2.54,-3.03,196.7,1.84,1.15,0.93,1,0.9,0.6,0.61,93.5,0,205,3.12,0.15,0.01,2.5
2002,234,900,54.94,10.35,0.49,4.6,-3.2,200.9,2.28,1.31,0.93,0.98,0.99,0.6,0.59,91.4,0,216,3.94,0.23,-0.02,4.14
2002,234,930,86.2,15.34,9.59,10.59,-0.49,315.8,2.57,1.62,0.94,0.95,1.27,0.62,0.57,90.5,0,217,3.92,0.22,-0.03,6.14
2002,234,1000,106.1,17.85,14.62,9.86,6.05,433.8,2.92,2,0.98,0.95,1.62,0.67,0.56,87.1,0,219,4.3,0.25,-0.03,7.14
2002,234,1030,188.2,39.37,62.5,22.01,22.3,617.7,3.6,2.92,1.07,0.93,2.61,0.78,0.54,83.2,0,218,5.19,0.31,-0.03,15.76
2002,234,1100,129.9,25.51,42.26,19.29,20.16,447.3,3.48,2.98,1.23,0.99,2.7,0.9,0.59,83.7,0,219,5.32,0.31,-0.03,10.21
2002,234,1130,164.8,26.65,53.05,19.99,19.68,578.6,3.77,3.28,1.4,1.07,3.19,1.11,0.66,82.3,0,219,5.57,0.31,-0.04,10.67
2002,234,1200,157.2,27.95,56.17,18.58,17.42,537.2,3.72,3.42,1.57,1.16,3.39,1.29,0.77,82.9,0,221,5.84,0.33,-0.02,11.19
2002,234,1230,241.8,35.4,85.42,20.22,16.91,827,4.23,4.18,1.74,1.25,4.3,1.54,0.87,80.7,0,220,6.09,0.33,0.01,14.17
2002,234,1300,283.2,60.89,136.46,20.52,17.12,958,4.73,5.04,1.97,1.36,5.2,1.81,0.99,78.7,0,222,5.92,0.37,-0.02,24.39
2002,234,1330,277.7,56.11,131.86,20.1,16.11,943,4.81,5.48,2.25,1.51,5.47,2.04,1.14,78.2,0,219,5.93,0.36,-0.02,22.48
2002,234,1400,300.2,56.17,144.31,19.37,14.77,1016,4.85,5.83,2.53,1.68,5.71,2.25,1.29,82,0,216,6.17,0.36,-0.03,22.51
2002,234,1430,219.6,41.94,108.71,24.06,18.67,743,4.45,5.74,2.77,1.87,5.5,2.38,1.44,86.6,0,216,5.84,0.33,-0.04,16.8
2002,234,1500,189.2,27.65,76.97,21.3,16.35,659.3,4.5,5.41,2.94,2.05,5.18,2.48,1.58,86,0,215,5.62,0.32,-0.02,11.08
2002,234,1530,169.7,28.5,94.87,20.25,14.78,583.5,4.22,5.14,3.04,2.2,4.93,2.56,1.71,87.5,0,214,5.98,0.37,-0.05,11.42
2002,234,1600,209.3,35.8,107.21,19.86,15.9,748,4.3,5.63,3.12,2.29,5.48,2.68,1.79,89.4,0,213,5.54,0.33,-0.05,14.34
2002,234,1630,205.8,32.06,103.63,14.79,12.06,790,4.68,5.86,3.22,2.39,5.82,2.8,1.88,87.5,0,213,5.52,0.33,-0.03,12.85
2002,234,1700,151,33.55,81.17,18.34,14.3,565.4,4.86,5.47,3.3,2.49,5.34,2.85,1.99,85.4,0,210,5.54,0.34,-0.03,13.45
2002,234,1730,95.9,16.51,38.71,12.48,9.24,395.4,4.61,5.06,3.36,2.59,4.92,2.87,2.08,86.3,0,214,4.92,0.26,-0.02,6.62
2002,234,1800,81.7,15.32,33.22,12.14,8.36,309.9,4.4,4.68,3.36,2.66,4.45,2.83,2.14,87.7,0,216,4.55,0.27,-0.03,6.14
2002,234,1830,66.97,14.98,26.2,11.19,8.28,261,4.5,4.56,3.33,2.7,4.33,2.81,2.18,86.5,0,215,4.2,0.25,-0.02,6.01
2002,234,1900,42.41,8.75,10.39,6.85,4.16,185.2,4.28,4.22,3.3,2.73,3.94,2.76,2.2,86.3,0,212,4.16,0.22,0,3.51
2002,234,1930,43.87,9.78,9.93,6.55,4.19,207.5,4.28,4.05,3.24,2.73,3.79,2.71,2.2,85.2,0,209,3.88,0.23,0,3.92
2002,234,2000,20.24,3.93,-1.09,3.1,1.13,143.7,4.09,3.71,3.17,2.72,3.44,2.63,2.19,85.1,0,218,3.03,0.16,0,1.57
2002,234,2030,17.73,3.03,0.8,3.15,1.55,125.6,3.86,3.54,3.09,2.7,3.25,2.55,2.17,86.8,0,220,2.69,0.12,-0.01,1.21
2002,234,2100,-6.88,-0.02,-1.56,-2.12,-4.08,68.55,3.29,3.07,3.02,2.69,2.71,2.43,2.14,89,0,212,1.69,0.04,-0.01,-0.01
2002,234,2130,-14.81,-0.41,-2.32,-6.11,-9.1,44.05,2.37,2.49,2.91,2.67,2.02,2.27,2.11,92.3,0,196,1.58,0.04,0,-0.17
2002,234,2200,-16.12,-0.8,-3.09,-6.9,-12.02,20.75,1.72,1.99,2.77,2.61,1.42,2.08,2.04,94.8,0,180,1.47,0.04,0.01,-0.32
2002,234,2230,-15.85,-1.86,-7.26,-5.39,-10.31,10.02,1.33,1.81,2.61,2.53,1.27,1.92,1.94,95.2,0,197,1.68,0.04,0.02,-0.74
2002,234,2300,-11.88,-0.28,-1.61,-4.91,-5.03,5.69,0.84,1.52,2.45,2.43,1.04,1.77,1.84,96.2,0,195,1.31,0.02,0.01,-0.11
2002,234,2330,-11.68,-99.99,-99.99,-4.43,-4.43,4.62,0.42,1.35,2.3,2.34,0.92,1.65,1.74,96.7,0,-99.99,-99.99,-99.99,-99.99,-99.99
2002,235,0,-7.99,0.71,-1.18,-3.9,-4,3.97,0.47,1.24,2.17,2.23,0.84,1.54,1.64,97.4,0,165,1.71,0.01,0.02,0.28
2002,235,30,-5.83,-99.99,-99.99,-3.55,-3.69,3.89,0.67,1.24,2.05,2.13,0.83,1.45,1.55,97.6,0,-99.99,-99.99,-99.99,-99.99,-99.99
2002,235,100,-5.28,-99.99,-99.99,-3.32,-3.44,3.83,0.54,1.22,1.95,2.04,0.82,1.37,1.47,97.7,0,-99.99,-99.99,-99.99,-99.99,-99.99
2002,235,130,-5.33,-99.99,-99.99,-3.26,-3.14,3.81,0.56,1.09,1.87,1.97,0.7,1.3,1.4,97.9,0,-99.99,-99.99,-99.99,-99.99,-99.99
2002,235,200,-5,-99.99,-99.99,-3.19,-2.85,3.79,0.55,1,1.79,1.9,0.62,1.23,1.34,98,0,-99.99,-99.99,-99.99,-99.99,-99.99
2002,235,230,-4.91,-99.99,-99.99,-3.17,-2.61,3.8,0.61,0.92,1.71,1.83,0.55,1.16,1.28,97.7,0,-99.99,-99.99,-99.99,-99.99,-99.99
2002,235,300,-4.84,-99.99,-99.99,-3.16,-2.41,3.77,0.59,0.89,1.64,1.77,0.53,1.1,1.22,96.6,0,-99.99,-99.99,-99.99,-99.99,-99.99
2002,235,330,-6.89,-99.99,-99.99,-3.51,-2,3.83,0.22,0.73,1.59,1.72,0.37,1.05,1.18,96.8,0,-99.99,-99.99,-99.99,-99.99,-99.99
2002,235,400,-7.03,-99.99,-99.99,-4.03,-2.92,4.33,-0.18,0.61,1.53,1.67,0.28,0.99,1.14,97.5,0,-99.99,-99.99,-99.99,-99.99,-99.99
2002,235,430,-5.04,-99.99,-99.99,-5.04,-2.14,5.69,-0.17,0.56,1.46,1.61,0.25,0.94,1.09,97.4,0,-99.99,-99.99,-99.99,-99.99,-99.99
2002,235,500,-0.46,-1.65,-0.64,-3.93,-2.68,8.29,-0.47,0.66,1.41,1.55,0.37,0.9,1.03,97.6,0,188,1.52,0.02,-0.03,-0.66
2002,235,530,1.68,1.71,0.94,-2.17,-2.66,13.62,0.52,0.85,1.35,1.48,0.55,0.87,0.97,97.5,0,213,1.8,0.04,0.02,0.68
2002,235,600,6.39,0.17,-6.3,-1.37,-2.41,19.05,1.52,1.04,1.31,1.42,0.71,0.86,0.93,94.8,0,223,2.32,0.11,0.02,0.07
2002,235,630,13.19,-0.2,-5.11,-1.02,-2.08,54.35,1.68,1.1,1.3,1.4,0.75,0.84,0.9,93.8,0,209,2.08,0.08,0,-0.08
2002,235,700,22.91,-0.5,-4.24,-0.62,-1.43,79.5,1.68,1.18,1.29,1.38,0.8,0.82,0.87,94.4,0,193,1.68,0.06,0,-0.2
2002,235,730,24.28,1.37,-1.59,-0.39,-3.13,75.9,1.77,1.35,1.27,1.34,0.93,0.81,0.84,95.1,0,198,2.13,0.1,0,0.55
2002,235,800,37.86,3.71,-3.71,-0.34,-3.95,120.5,2.56,1.63,1.28,1.31,1.16,0.82,0.81,93,0,208,2.74,0.14,-0.01,1.48
2002,235,830,30.33,5.73,-5.68,1.03,-3.74,97.3,3.29,1.9,1.3,1.29,1.35,0.83,0.79,89.7,0,215,3.65,0.19,0,2.29
2002,235,900,56.33,8.29,0.95,6.25,-1.6,190,3.61,2.23,1.36,1.29,1.7,0.86,0.77,89.4,0,215,3.9,0.21,-0.02,3.32
2002,235,930,67.26,9.6,13.09,10.81,9.28,214.4,3.57,2.53,1.44,1.3,2.08,0.94,0.77,90.9,0,221,4.05,0.24,-0.02,3.85
2002,235,1000,114.6,15.92,31.87,20.12,24.21,370.5,4.05,3.17,1.56,1.33,2.88,1.11,0.8,90.4,0,214,3.83,0.21,-0.03,6.38
2002,235,1030,102.3,16.34,38.38,19.46,20.1,317.8,4.17,3.39,1.7,1.38,3.2,1.29,0.87,89.2,0,223,4.49,0.26,-0.04,6.55
2002,235,1100,119.6,19.44,53.69,20.54,20.34,371,4.23,3.68,1.86,1.47,3.54,1.49,0.97,90.9,0,220,4.93,0.3,-0.02,7.79
2002,235,1130,125.9,15.52,56.86,19.8,18.94,386.6,3.31,3.74,2.01,1.57,3.67,1.66,1.09,93.8,0,228,4.83,0.3,-0.09,6.21
2002,235,1200,115.3,10.98,51.78,17.14,15.94,367.7,2.86,3.75,2.14,1.67,3.66,1.79,1.2,95.5,0,226,4.74,0.28,-0.09,4.39
2002,235,1230,86.5,11.92,37.66,12.92,11.54,282.7,3.08,3.73,2.25,1.75,3.55,1.88,1.3,92.7,0,223,5.18,0.27,-0.02,4.77
2002,235,1300,130.3,19.08,59.06,18.57,16.55,404.6,3.03,3.93,2.32,1.82,3.77,1.97,1.38,92.3,0,230,4.43,0.29,-0.06,7.63
2002,235,1330,151.1,19.46,55.88,22.27,21.06,471.5,3.02,4.37,2.42,1.88,4.21,2.08,1.44,91.4,0,230,3.69,0.2,-0.05,7.79
2002,235,1400,162.3,26.63,70.97,21.51,19.59,533.4,3.4,4.78,2.55,1.95,4.68,2.25,1.53,89.6,0,228,3.89,0.21,-0.06,10.65
2002,235,1430,194.5,37.95,99.98,22.41,19.41,603.8,3.73,5.09,2.69,2.04,4.97,2.4,1.62,86.5,0,230,4.96,0.3,-0.05,15.19
2002,235,1500,215.4,40.36,109.67,22.04,20.25,711,3.86,5.58,2.86,2.13,5.44,2.58,1.72,85.4,0,233,4.77,0.31,-0.06,16.16
2002,235,1530,192.5,35.22,90.4,17.75,15.58,677.8,4.02,5.72,3.02,2.24,5.6,2.74,1.84,84.2,0,228,4.57,0.27,-0.06,14.1
2002,235,1600,135.7,30.35,74.88,17.08,13.8,484.8,3.94,5.22,3.14,2.37,5.11,2.81,1.97,84.3,0,226,4.61,0.3,-0.04,12.15
2002,235,1630,87,16.67,40.62,11.49,8.72,323.3,3.64,4.69,3.19,2.48,4.53,2.81,2.07,88,0,228,3.96,0.24,-0.03,6.67
2002,235,1700,92.6,17.92,42.25,12.12,10.89,332,3.61,4.73,3.2,2.55,4.48,2.79,2.11,89.3,0,239,3.27,0.22,-0.05,7.18
2002,235,1730,90.6,17.11,36.12,13.05,11.6,334,3.81,4.76,3.21,2.59,4.54,2.81,2.15,87.6,0,235,3.22,0.2,-0.04,6.85
2002,235,1800,64.5,11.55,22.21,9.83,8.34,236.2,3.62,4.46,3.21,2.64,4.25,2.8,2.19,88.9,0,234,3.03,0.16,-0.03,4.63
2002,235,1830,57.3,22.81,18.98,9.38,8.02,207.6,3.47,4.31,3.21,2.67,4.08,2.79,2.22,91.3,0,231,2.54,0.18,0.07,9.13
2002,235,1900,27.37,7.65,6.41,5.08,3.32,115.4,3.25,3.96,3.18,2.69,3.72,2.74,2.23,92.7,0,220,2.36,0.13,0,3.06
2002,235,1930,13.48,3.19,1.22,2.25,0.53,62.7,3.14,3.58,3.12,2.7,3.33,2.66,2.23,92.8,0,226,2.66,0.12,0,1.28
2002,235,2000,6.67,1.36,-0.14,1.21,-0.35,39.16,3.06,3.35,3.04,2.68,3.06,2.56,2.2,93.6,0,225,2.6,0.11,0.01,0.54
2002,235,2030,5.41,1.83,-0.64,1.21,-0.04,34.08,2.95,3.21,2.96,2.65,2.89,2.46,2.16,94.1,0,222,2.66,0.14,0.02,0.73
2002,235,2100,0.45,2.52,-0.61,0.34,-0.75,22.92,2.72,3.02,2.89,2.62,2.69,2.37,2.12,94.4,0,229,2.22,0.12,0.04,1.01
2002,235,2130,-3.17,-0.89,0.05,-0.81,-2.19,13.56,2.23,2.77,2.81,2.6,2.43,2.28,2.08,95.7,0,226,1.92,0.08,0.03,-0.36
2002,235,2200,-3.28,1.13,-2.36,-0.79,-2.02,6.94,2.1,2.63,2.72,2.55,2.27,2.19,2.02,96.4,0,232,1.95,0.09,0.05,0.45
2002,235,2230,-1.63,2.51,0.04,-0.22,-1.17,4.68,1.94,2.55,2.64,2.49,2.18,2.09,1.95,96.8,0,246,1.4,0.11,0.06,1
2002,235,2300,-1.84,3.35,-1.36,-0.33,-1.12,4.62,1.88,2.46,2.57,2.44,2.09,2.02,1.9,97.4,0.3,239,1.53,0.08,0.05,1.34
2002,235,2330,-4.89,-8.9,-0.88,-1.66,-2.28,4.63,1.81,2.3,2.49,2.38,1.94,1.94,1.84,97.7,0.4,232,1.29,0.05,0.07,-3.56
2002,236,0,-6.6,-99.99,-99.99,-3.29,-4.62,3.72,1.69,2.04,2.42,2.35,1.65,1.86,1.8,97.9,0.1,-99.99,-99.99,-99.99,-99.99,-99.99
2002,236,30,-8.46,-99.99,-99.99,-5.1,-7.61,3.57,1.48,1.64,2.33,2.29,1.23,1.75,1.74,98,0,-99.99,-99.99,-99.99,-99.99,-99.99
2002,236,100,-7.25,-99.99,-99.99,-3.77,-5.42,3.69,1.16,1.38,2.23,2.24,1.06,1.65,1.68,98.3,0,-99.99,-99.99,-99.99,-99.99,-99.99
2002,236,130,-2.79,-99.99,-99.99,-3.06,-4.14,2.96,0.82,1.41,2.13,2.16,1.05,1.56,1.6,98.5,0,-99.99,-99.99,-99.99,-99.99,-99.99
2002,236,200,0.12,-99.99,-99.99,-2.33,-3.36,2.76,0.85,1.53,2.04,2.09,1.11,1.48,1.53,98.7,0,-99.99,-99.99,-99.99,-99.99,-99.99
2002,236,230,-0.53,-99.99,-99.99,-2.24,-3.15,3.25,0.91,1.51,1.98,2.03,1.09,1.42,1.46,98.7,0,-99.99,-99.99,-99.99,-99.99,-99.99
2002,236,300,1.32,-99.99,-99.99,-1.72,-2.52,3.68,0.97,1.58,1.93,1.97,1.14,1.37,1.41,98.8,0,-99.99,-99.99,-99.99,-99.99,-99.99
2002,236,330,1.11,-99.99,-99.99,-1.26,-1.69,3.57,1.3,1.67,1.89,1.91,1.23,1.33,1.35,98.8,0,-99.99,-99.99,-99.99,-99.99,-99.99
2002,236,400,0.59,-99.99,-99.99,-0.58,-0.28,3.82,1.27,1.7,1.87,1.87,1.29,1.31,1.31,98.8,0,-99.99,-99.99,-99.99,-99.99,-99.99
2002,236,430,0.76,-99.99,-99.99,0.33,0.35,4.28,1.25,1.71,1.84,1.84,1.31,1.29,1.28,98.8,0,-99.99,-99.99,-99.99,-99.99,-99.99
2002,236,500,1.4,-99.99,-99.99,0.79,0.82,6.08,1.33,1.74,1.82,1.81,1.35,1.27,1.25,98.8,0,-99.99,-99.99,-99.99,-99.99,-99.99
2002,236,530,2.53,0.24,-0.21,1.22,1.36,10.06,1.46,1.79,1.8,1.79,1.41,1.26,1.22,98.8,0,29,0.59,0.03,0.03,0.1
2002,236,600,4.44,1,-0.53,1.94,2.26,16.19,1.62,1.86,1.81,1.77,1.49,1.27,1.21,98.8,0,35,1.58,0.09,0.03,0.4
2002,236,630,7.96,0.54,1.51,2.63,3.07,26.91,1.71,1.93,1.8,1.75,1.57,1.27,1.19,98.7,0,63,1.88,0.11,0,0.22
2002,236,700,13.8,1.14,1.38,3.56,4.3,43.62,1.87,2.03,1.8,1.74,1.68,1.28,1.18,98.7,0,84,2.03,0.09,0,0.46
2002,236,730,16.38,-0.46,0.81,4.02,4.94,53.01,2.15,2.14,1.81,1.73,1.79,1.3,1.17,98.7,0,98,1.84,0.1,-0.02,-0.19
2002,236,800,27.83,-0.87,5.14,5.89,7.53,84.8,2.48,2.35,1.83,1.72,2.01,1.33,1.17,98.6,0,96,2.43,0.14,-0.04,-0.35
2002,236,830,36.8,3.99,6.12,7.09,9.49,113.4,2.69,2.57,1.86,1.72,2.24,1.38,1.17,98.5,0,100,2.87,0.17,-0.01,1.6
2002,236,900,49.23,5.83,12.35,9.18,11.59,150.5,3.04,2.85,1.91,1.73,2.55,1.46,1.19,98.3,0,102,2.82,0.16,-0.07,2.33
2002,236,930,60.07,11.66,15.91,11.18,13.54,184.6,3.33,3.13,1.98,1.74,2.87,1.54,1.21,97.7,0,92,2.75,0.18,-0.06,4.67
2002,236,1000,68.74,13.51,19.43,11.51,13.23,210.4,3.31,3.31,2.06,1.78,3.07,1.63,1.26,96.3,0,84,3.21,0.2,-0.05,5.41
2002,236,1030,81.2,20.36,24.63,12.55,14.31,246.7,3.43,3.52,2.14,1.82,3.3,1.74,1.31,95.2,0,82,3.62,0.23,-0.07,8.15
2002,236,1100,121.1,21.72,34.17,16.5,18.46,360.8,3.47,3.91,2.24,1.86,3.72,1.86,1.36,94.8,0,81,3.79,0.21,-0.06,8.7
2002,236,1130,128.6,21.24,32.17,17.55,20.41,389.4,3.8,4.32,2.37,1.92,4.16,2,1.43,94.2,0,85,3.86,0.2,-0.06,8.5
2002,236,1200,115.3,25.75,32.33,16.46,18.81,354.9,4.25,4.47,2.49,1.99,4.31,2.14,1.51,92.7,0,82,3.82,0.22,-0.05,10.31
2002,236,1230,125,30.12,45.48,16.12,18.05,379.8,4.05,4.56,2.63,2.08,4.41,2.27,1.61,92.7,0,82,4.45,0.26,-0.05,12.06
2002,236,1300,135.9,32.12,53.62,16.99,18.52,409.1,4.01,4.71,2.74,2.17,4.56,2.38,1.7,92.5,0,79,4.55,0.28,-0.05,12.86
2002,236,1330,126.2,29.05,51.2,15.85,17.08,379.6,4.09,4.76,2.84,2.25,4.63,2.48,1.78,92.4,0,77,4.63,0.28,-0.04,11.64
2002,236,1400,75,16.86,32.48,8.69,9.16,239.3,3.79,4.36,2.92,2.34,4.2,2.52,1.86,93,0,73,4.83,0.28,-0.02,6.75
2002,236,1430,100.5,25.34,52.69,11.03,11.3,316.3,3.85,4.4,2.95,2.41,4.19,2.55,1.92,93,0,77,5.08,0.34,-0.05,10.15
2002,236,1500,75.3,18.03,38.62,8.33,8.91,252.1,3.71,4.23,2.98,2.46,4.01,2.55,1.97,93.2,0,77,5.43,0.32,-0.02,7.22
2002,236,1530,93.8,17.22,41.13,9.77,10.02,298.3,3.6,4.22,3,2.5,4,2.55,2,93.6,0,77,5.74,0.33,-0.02,6.9
2002,236,1600,188.1,29.93,79.32,15.64,15.8,530,3.92,4.84,3.02,2.51,4.65,2.6,2,92.9,0,79,6.14,0.36,-0.05,11.99
2002,236,1630,167.3,30.3,77.99,13.7,15.54,561.3,4.22,5.2,3.11,2.54,5.08,2.7,2.03,92,0,83,6.2,0.37,-0.02,12.14
2002,236,1700,97.5,12.91,37.17,11.75,12.08,320,4.19,4.75,3.19,2.62,4.57,2.75,2.1,93.6,0,83,5.23,0.3,-0.02,5.17
2002,236,1730,58.78,7.15,8.28,10.19,11.13,186.1,5.81,4.84,3.22,2.65,4.53,2.76,2.12,91.7,0,92,4.45,0.27,0,2.87
2002,236,1800,58.33,12.91,12.7,12.39,15.26,183.1,7.22,5.27,3.26,2.68,4.86,2.81,2.15,87.8,0,101,4.31,0.31,-0.02,5.19
2002,236,1830,46.07,1.77,-2.13,9.73,10.89,158.7,6.06,4.99,3.33,2.76,4.63,2.85,2.21,89.9,0,85,3.24,0.23,-0.01,0.71
2002,236,1900,26.01,3.07,4.45,6.58,7.18,99.4,5.41,4.67,3.35,2.81,4.31,2.84,2.26,92.1,0,83,3.11,0.18,0.01,1.23
2002,236,1930,11.13,-2.04,-7.01,4.55,4.28,50.76,5.54,4.42,3.34,2.84,4,2.8,2.28,93.2,0,87,3.22,0.19,0.02,-0.82
2002,236,2000,15.02,-0.62,-5.82,7.13,7.18,83.9,6.92,4.65,3.32,2.84,4.14,2.77,2.27,92,0,101,3.43,0.19,0.01,-0.25
2002,236,2030,4.11,-2.28,-12.8,6.42,6.53,77.8,7.32,4.71,3.32,2.85,4.16,2.75,2.26,91.4,0,109,4.21,0.24,0.02,-0.92
2002,236,2100,-2.3,-3.41,-13.04,5.42,5.2,48.13,7.05,4.57,3.32,2.86,4.01,2.73,2.26,92.2,0,109,3.54,0.21,0.03,-1.37
2002,236,2130,-15.59,-4.52,-14.43,3.04,2.21,25.82,6.66,4.32,3.31,2.88,3.74,2.69,2.26,93.3,0,121,3.22,0.19,0.03,-1.82
2002,236,2200,-24.81,-6.13,-16.72,-0.13,-1.97,15.68,5.97,3.88,3.27,2.89,3.3,2.61,2.26,94.3,0,123,2.98,0.17,0.05,-2.47
2002,236,2230,-22.76,-6.39,-19.07,-2.51,-5.42,8.39,5.29,3.48,3.19,2.88,2.85,2.5,2.23,95.2,0,130,3.11,0.16,0.03,-2.57
2002,236,2300,-15.8,-99.99,-99.99,-4.07,-7.15,4.77,4.32,3.08,3.11,2.86,2.42,2.37,2.19,96.1,0,-99.99,-99.99,-99.99,-99.99,-99.99
2002,236,2330,-10.55,-99.99,-99.99,-4.16,-7.46,4.19,3.78,2.76,2.99,2.81,2.09,2.23,2.13,97.2,0,-99.99,-99.99,-99.99,-99.99,-99.99
2002,237,0,-8.96,-99.99,-99.99,-5.37,-8.31,4.21,3.31,2.41,2.86,2.75,1.74,2.08,2.05,97.9,0,-99.99,-99.99,-99.99,-99.99,-99.99
2002,237,30,-8.61,-99.99,-99.99,-5.2,-8.18,4.18,3.58,2.22,2.73,2.66,1.53,1.94,1.95,98.1,0,-99.99,-99.99,-99.99,-99.99,-99.99
2002,237,100,-8.65,-99.99,-99.99,-5.56,-8.95,4.3,3.06,1.88,2.61,2.6,1.28,1.82,1.87,98.3,0,-99.99,-99.99,-99.99,-99.99,-99.99
2002,237,130,-8.71,-99.99,-99.99,-4.04,-7.99,4.25,2.83,1.83,2.49,2.51,1.25,1.71,1.78,98.4,0,-99.99,-99.99,-99.99,-99.99,-99.99
2002,237,200,-9.09,-99.99,-99.99,-3.96,-4.59,4.2,2.91,1.8,2.38,2.42,1.21,1.62,1.69,98.5,0,-99.99,-99.99,-99.99,-99.99,-99.99
2002,237,230,-8.97,-99.99,-99.99,-3.86,-3.39,4.18,2.74,1.66,2.28,2.34,1.11,1.53,1.61,98.5,0,-99.99,-99.99,-99.99,-99.99,-99.99
2002,237,300,-8.94,-99.99,-99.99,-3.55,-3.36,4.18,2.49,1.59,2.19,2.27,1.06,1.46,1.54,98.6,0,-99.99,-99.99,-99.99,-99.99,-99.99
2002,237,330,-8.28,-99.99,-99.99,-3.22,-3.27,4.54,2.45,1.54,2.11,2.19,1.03,1.4,1.48,98.6,0,-99.99,-99.99,-99.99,-99.99,-99.99
2002,237,400,-9.33,-99.99,-99.99,-3.28,-2.96,4.62,2.04,1.22,2.02,2.13,0.83,1.33,1.43,98.7,0.1,-99.99,-99.99,-99.99,-99.99,-99.99
2002,237,430,-9.11,-99.99,-99.99,-3.03,-2.69,6.17,1.75,1.12,1.94,2.07,0.76,1.27,1.37,98.8,0,-99.99,-99.99,-99.99,-99.99,-99.99
2002,237,500,-8.11,-99.99,-99.99,-2.86,-2.43,9.81,1.42,1.05,1.86,1.99,0.69,1.21,1.32,98.8,0,-99.99,-99.99,-99.99,-99.99,-99.99
2002,237,530,-2.88,-99.99,-99.99,-2.68,-2.25,19.83,1.47,1,1.78,1.93,0.66,1.15,1.26,98.9,0,-99.99,-99.99,-99.99,-99.99,-99.99
2002,237,600,6.56,-99.99,-99.99,-2.44,-2.19,42.35,1.62,1.01,1.71,1.86,0.67,1.1,1.21,98.8,0,-99.99,-99.99,-99.99,-99.99,-99.99
2002,237,630,24.05,-99.99,-99.99,-1.93,-2.4,86.5,1.45,1.19,1.67,1.8,0.83,1.08,1.16,98.8,0,-99.99,-99.99,-99.99,-99.99,-99.99
2002,237,700,31.22,-99.99,-99.99,-1.83,-2.59,111.9,2.08,1.43,1.64,1.74,1.02,1.05,1.1,98.6,0,-99.99,-99.99,-99.99,-99.99,-99.99
2002,237,730,45.52,-99.99,-99.99,-1.24,-2.76,160.1,2.28,1.69,1.63,1.7,1.21,1.04,1.07,98.4,0,-99.99,-99.99,-99.99,-99.99,-99.99
2002,237,800,106.6,-99.99,-99.99,6.41,-2.89,343.9,2.92,2.47,1.66,1.66,1.99,1.11,1.04,97.9,0,-99.99,-99.99,-99.99,-99.99,-99.99
2002,237,830,116,-99.99,-99.99,12.64,16.17,371.2,4.62,3.32,1.75,1.63,2.8,1.2,1,95.6,0,-99.99,-99.99,-99.99,-99.99,-99.99
2002,237,900,135.6,-99.99,-99.99,15.33,23.15,437.7,5.79,3.93,1.9,1.65,3.5,1.35,1,91.8,0,-99.99,-99.99,-99.99,-99.99,-99.99
2002,237,930,151.4,-99.99,-99.99,21.59,26.78,504.1,7.01,4.86,2.1,1.7,4.47,1.57,1.04,86.5,0,-99.99,-99.99,-99.99,-99.99,-99.99
2002,237,1000,120.8,21.28,14.78,20.42,22.42,422.3,6.84,5.04,2.33,1.81,4.56,1.78,1.16,84.9,0,220,2.94,0.14,0.05,8.56
2002,237,1030,114.6,15.09,11.37,18.74,19.81,419.2,7.25,5.22,2.54,1.94,4.77,1.99,1.29,83.8,0,208,1.8,0.08,-0.02,6.07
2002,237,1100,136.6,20.54,24.1,22.51,22.25,511,8.35,5.97,2.73,2.04,5.62,2.22,1.4,78.6,0,200,0.72,0.08,-0.04,8.27
2002,237,1130,144.2,32.28,28.31,27.67,27.96,544.8,9.4,6.77,2.97,2.16,6.4,2.46,1.51,70.7,0,218,0.79,0.07,-0.05,13.01
2002,237,1200,201.5,42.36,46.52,28.21,26.58,715,9.95,7.44,3.24,2.32,7.11,2.76,1.67,65.25,0,217,1.61,0.06,-0.05,17.08
2002,237,1230,205.7,63.88,65.51,27.74,25.49,721,10.64,8.52,3.58,2.48,8.01,3.08,1.83,64.82,0,231,1.88,0.14,-0.04,25.78
2002,237,1300,213.2,50.27,67.41,23.92,21.36,725,10.06,8.34,3.88,2.69,7.74,3.3,2.05,66.8,0,229,3.36,0.25,-0.05,20.28
2002,237,1330,190,47.97,46.52,24.48,21.07,661.1,9.85,8.19,4.13,2.91,7.5,3.47,2.25,71.3,0,219,3.63,0.22,-0.03,19.36
2002,237,1400,215.1,62.85,73.18,23.46,20.01,735,10.29,8.53,4.33,3.09,7.83,3.65,2.41,67.71,0,212,4.44,0.27,-0.02,25.37
2002,237,1430,167.7,47.84,58.24,21.62,17.52,608.6,9.93,8.15,4.48,3.28,7.43,3.75,2.56,67.75,0,218,3.93,0.3,-0.04,19.31
2002,237,1500,138.2,34.21,39.93,20.52,16.84,524.2,9.76,7.92,4.57,3.42,7.24,3.83,2.69,68.99,0,215,3.59,0.22,-0.04,13.81
2002,237,1530,128.3,31.74,29.49,21.57,18.35,482.5,9.78,7.67,4.63,3.54,7.05,3.88,2.79,70.4,0,200,3.72,0.23,-0.03,12.81
2002,237,1600,112.5,37.25,26.62,20.91,19.38,423.7,10.02,7.56,4.66,3.62,7.02,3.93,2.87,71.4,0,187,3.66,0.24,-0.03,15.04
2002,237,1630,151.3,30.79,38.6,20.94,18.93,535.4,10.28,7.71,4.68,3.68,7.22,3.99,2.93,70.1,0,192,4.87,0.28,-0.03,12.44
2002,237,1700,138.8,39.98,40.37,19.95,16.99,522.6,10.52,7.86,4.72,3.73,7.37,4.07,3,66.41,0,204,5.03,0.29,-0.03,16.15
2002,237,1730,151.7,44.3,39,19.58,17.05,560.9,10.56,7.73,4.75,3.79,7.49,4.13,3.07,64.9,0,203,4.53,0.27,-0.03,17.9
2002,237,1800,162.2,35.39,54.5,19.22,18.88,593,11.06,8,4.78,3.82,8.08,4.24,3.12,62.31,0,212,3.86,0.23,-0.02,14.3
2002,237,1830,93.6,25.5,15.69,13.14,10.9,393.9,10.57,7.51,4.83,3.92,7.15,4.24,3.22,64.26,0,206,3.12,0.2,-0.01,10.3
2002,237,1900,91.8,23.11,12.27,19,17.24,356.3,10.48,7.41,4.82,3.96,7.06,4.23,3.27,64.91,0,191,2.26,0.14,-0.02,9.34
2002,237,1930,51.27,13.01,-0.61,13.55,12.01,220.7,10.38,7.1,4.81,4,6.69,4.22,3.31,65.88,0,188,2.45,0.13,0,5.25
2002,237,2000,36.38,7.88,-2.36,11.43,10.5,140.1,10.03,6.78,4.78,4.02,6.32,4.17,3.34,69.18,0,172,1.69,0.07,0,3.18
2002,237,2030,18.76,6.08,-3.46,8.62,8.2,86.8,9.66,6.46,4.73,4.03,5.97,4.1,3.34,72.7,0,148,1.62,0.06,0.01,2.46
2002,237,2100,2.29,2.56,-7.23,4.59,3.48,38.79,9.06,5.99,4.67,4.03,5.45,4,3.34,76.2,0,113,2.12,0.08,0.03,1.03
2002,237,2130,-8.57,0.23,-18.8,1.47,-0.61,27.64,7.47,5.43,4.6,4.04,4.89,3.89,3.34,82.9,0,105,2.92,0.14,0.03,0.09
2002,237,2200,-12.4,1.07,-13.03,2.29,0.27,12.97,7.41,5.3,4.49,4,4.68,3.76,3.28,85.1,0,112,3.53,0.19,0.03,0.43
2002,237,2230,-13.59,0.76,-19.32,2.15,0.37,6.66,6.92,5.1,4.39,3.95,4.47,3.64,3.21,85.7,0,114,4.25,0.23,0.04,0.3
2002,237,2300,-19.29,-1.77,-16.8,0.76,-1.27,4.55,6.24,4.76,4.29,3.9,4.15,3.52,3.15,88.1,0,106,3.93,0.22,0.03,-0.71
2002,237,2330,-9.38,0.61,-14.36,2.05,0.88,4.21,5.97,4.69,4.18,3.83,4.05,3.41,3.07,89,0,108,3.9,0.23,0.04,0.24
2002,238,0,-17.51,0.04,-13.63,0.77,-0.78,4.07,5.65,4.45,4.08,3.77,3.83,3.3,3,88.5,0,111,3.57,0.19,0.03,0.01
2002,238,30,-22.39,-1.38,-17.21,-0.63,-3.15,3.85,5.3,4.12,3.99,3.72,3.51,3.19,2.94,88.5,0,109,3.57,0.19,0.03,-0.55
2002,238,100,-29.56,-3.07,-24.52,-1.33,-4.11,3.6,5,3.87,3.88,3.65,3.26,3.07,2.87,88.2,0,111,3.92,0.22,0.03,-1.23
2002,238,130,-9.16,-0.02,-14.11,0.35,-1.55,3.47,4.56,3.78,3.76,3.57,3.15,2.95,2.78,89.6,0,114,3.17,0.16,0.03,-0.01
2002,238,200,-9.8,1.13,-17.56,0.88,-0.42,3.61,4.73,3.78,3.67,3.5,3.15,2.87,2.7,88,0,121,3.58,0.23,0.03,0.45
2002,238,230,-17.04,-0.08,-10.76,-1.01,-2.03,3.5,4.15,3.58,3.59,3.44,2.96,2.79,2.64,88.8,0,145,2.76,0.15,0.02,-0.03
2002,238,300,-28.32,-3.21,-16.91,-4.45,-6.71,3.32,3.5,3.12,3.5,3.39,2.52,2.69,2.59,90.6,0,143,3.1,0.14,0.02,-1.29
2002,238,330,-24.74,-4.05,-17.57,-5.03,-7.86,3.32,2.96,2.81,3.38,3.32,2.19,2.56,2.52,93.2,0,146,2.99,0.14,0.02,-1.62
2002,238,400,-21.47,-4.24,-18.47,-3.27,-5.52,3.33,3.08,2.79,3.26,3.23,2.15,2.44,2.43,94,0,149,3.48,0.19,0.03,-1.7
2002,238,430,-2.62,-4.44,-19.36,1.82,1.27,4.15,4.24,3.25,3.17,3.12,2.54,2.37,2.32,94.3,0,152,3.97,0.24,0.04,-1.78
2002,238,500,0.84,3.28,-12.34,4.59,6.01,4.72,5.3,3.71,3.14,3.04,2.98,2.37,2.24,90.7,0,164,4.18,0.25,0.03,1.32
2002,238,530,3.01,6.69,-14.97,5.18,6.89,5.75,6.02,3.96,3.14,3,3.22,2.39,2.2,84.8,0,165,4.13,0.24,0.02,2.69
2002,238,600,3.86,9.7,-17.54,5.18,7.17,7.82,6.37,4.13,3.17,2.98,3.4,2.43,2.18,81.2,0,160,4.77,0.28,0.03,3.9
2002,238,630,4.7,11.49,-18.5,5.21,6.66,12.35,6.28,4.18,3.2,2.97,3.5,2.47,2.19,82.1,0,159,5.19,0.33,0.04,4.62
2002,238,700,8.12,11.8,-14.02,5.59,6.6,20.73,6.35,4.27,3.22,2.97,3.59,2.5,2.19,81.6,0,160,5.67,0.35,0.04,4.74
2002,238,730,14.5,10.61,-9.53,6.48,7.56,39.12,6.48,4.41,3.24,2.96,3.73,2.52,2.18,82.4,0,164,6.17,0.35,0.02,4.26
2002,238,800,22.41,10.9,-3.84,7.67,8.92,63.99,6.39,4.51,3.27,2.97,3.86,2.57,2.2,84.6,0,163,5.95,0.37,0.02,4.38
2002,238,830,27.49,12.52,-5.51,8.54,9.92,83.8,6.49,4.62,3.31,2.99,3.98,2.61,2.21,86.3,0,166,5.95,0.37,0,5.03
2002,238,900,25.03,9.4,-2.26,8.33,9.68,75.6,6.65,4.73,3.34,2.98,4.09,2.64,2.21,86.5,0,167,6.2,0.39,0,3.78
2002,238,930,31.9,6.42,-7.57,9.77,11.05,97.6,6.94,4.92,3.38,3,4.27,2.7,2.24,89.7,0.1,176,5.54,0.27,-0.08,2.58
2002,238,1000,18.31,8.36,3.67,8.23,8.68,64.91,6.3,4.88,3.44,3.04,4.28,2.71,2.27,92.7,0.1,209.5,5.06,0.31,-0.05,3.36
2002,238,1030,39.39,10.29,14.9,7.6,6.13,121.8,4.26,4.34,3.46,3.09,3.84,2.71,2.32,95.9,0,243,4.57,0.35,-0.01,4.13
2002,238,1100,85.3,13.32,25.5,14.21,12.72,256.5,4.52,4.65,3.46,3.08,4.14,2.71,2.31,96.1,0,234,4.81,0.29,-0.09,5.35
2002,238,1130,117.8,24.53,30.8,17.43,16.05,371,4.8,4.99,3.5,3.08,4.52,2.77,2.31,93.6,0,228,4.61,0.28,-0.1,9.84
2002,238,1200,135.9,35.41,40.53,19.63,18.14,446.8,5.42,5.44,3.58,3.09,5.01,2.87,2.33,90.5,0,225,4.81,0.29,-0.08,14.21
2002,238,1230,140.7,39.11,40.1,21.11,18.34,437.9,5.78,5.64,3.68,3.14,5.2,2.98,2.38,88.1,0,224,4.75,0.28,-0.06,15.7
2002,238,1300,170.5,49.23,58.46,24.49,21.09,530.9,6.28,6.21,3.81,3.19,5.79,3.13,2.45,85.1,0,224,4.66,0.3,-0.05,19.76
2002,238,1330,148.4,43.63,49.07,23.01,19.35,471.6,6.64,6.39,3.95,3.27,5.96,3.28,2.54,82.9,0,217,4.91,0.3,-0.04,17.53
2002,238,1400,169.8,38.88,64,24.32,19.09,525.3,6.93,6.58,4.08,3.35,6.13,3.4,2.63,79.5,0,217,5.62,0.34,-0.03,15.63
2002,238,1430,125.9,31.46,50.9,19,14.59,407.3,6.87,6.41,4.19,3.45,5.98,3.51,2.74,78.4,0,218,5.73,0.33,-0.02,12.65
2002,238,1500,153.9,32.86,54.82,22.32,17.12,487.9,6.92,6.52,4.27,3.53,6.06,3.58,2.82,79.8,0,213,5.29,0.32,-0.02,13.21
2002,238,1530,175.5,40.18,69.54,23.3,17.79,555.3,7.14,6.86,4.35,3.59,6.41,3.67,2.88,76.2,0,224,5.79,0.35,-0.03,16.15
2002,238,1600,197,42.14,88.46,22,17.02,658.3,7.25,7.19,4.46,3.66,6.81,3.78,2.95,75.1,0,222,5.73,0.35,-0.03,16.94
2002,238,1630,127.9,31.15,52.51,16.89,12.24,446.4,6.9,6.71,4.54,3.76,6.34,3.85,3.03,76.1,0,221,5.29,0.33,-0.01,12.52
2002,238,1700,107.4,25.54,39.29,14.28,10.45,412.8,6.66,6.44,4.57,3.83,6.09,3.87,3.1,78.6,0,223,4.92,0.29,-0.02,10.26
2002,238,1730,78.6,22.54,25.33,11.92,8.22,305.7,6.58,6.09,4.57,3.88,5.7,3.86,3.15,77.9,0,221,4.99,0.3,-0.01,9.06
2002,238,1800,50.33,12.14,11.54,8.88,5.83,201.3,6.43,5.77,4.53,3.91,5.33,3.82,3.17,79.3,0,221,4.71,0.24,0,4.88
2002,238,1830,27.62,8.26,1.85,6.15,3.8,126.8,6.22,5.46,4.47,3.91,4.99,3.75,3.17,81.8,0,218,3.63,0.21,0.01,3.32
2002,238,1900,26.46,7.71,0.29,6.3,4.3,111.2,6.32,5.34,4.4,3.9,4.83,3.66,3.14,81.6,0,214,3.44,0.21,0.01,3.1
2002,238,1930,20,8.48,0.23,5.77,4.26,80.7,6.21,5.22,4.33,3.87,4.69,3.6,3.11,82.4,0,215,3.13,0.19,0.02,3.41
2002,238,2000,9.36,2.41,0.07,4.06,2.92,49.84,5.93,5,4.28,3.86,4.46,3.52,3.07,84.6,0,204,2.39,0.11,0.01,0.97
2002,238,2030,3.18,3.86,-4.41,2.77,1.87,38.23,5.76,4.78,4.21,3.84,4.22,3.44,3.05,85.8,0,182,1.73,0.08,0.03,1.55
2002,238,2100,-0.81,0.87,-4.34,1.65,0.71,23.21,5.35,4.52,4.13,3.8,3.94,3.35,3,88.8,0,157,1.77,0.07,0.03,0.35
2002,238,2130,-2.12,-0.56,-4.2,1.03,0.04,14.38,4.99,4.3,4.05,3.75,3.71,3.25,2.95,91.6,0,156,1.73,0.07,0.01,-0.23
2002,238,2200,-3.42,0.11,-3.11,0.33,-0.65,8.79,4.7,4.11,3.96,3.71,3.5,3.15,2.89,93.5,0.1,157,1.53,0.06,0.03,0.04
2002,238,2230,-3.21,1.31,-3.17,-0.03,-1.12,6.17,4.28,3.91,3.87,3.65,3.29,3.05,2.82,94.9,0.1,147,1.53,0.05,0.03,0.52
2002,238,2300,-2.75,-0.24,-3.28,0.03,-0.96,5.41,4.07,3.79,3.79,3.6,3.17,2.96,2.76,95.7,0.1,145,1.58,0.06,0.02,-0.1
2002,238,2330,-2.61,-1.06,-3.57,0.43,-0.49,6.1,4.04,3.72,3.71,3.53,3.1,2.87,2.69,96.4,0.1,135,1.73,0.06,0.01,-0.43
2002,239,0,-2.68,-2.88,-3.06,0.86,0.04,6.47,4.16,3.68,3.63,3.48,3.03,2.79,2.63,96.7,0.1,127,1.8,0.07,0.09,-1.15
2002,239,30,-2.91,-99.99,-99.99,0.88,0.11,5.54,4.19,3.62,3.56,3.42,2.96,2.72,2.56,96.9,0.2,-99.99,-99.99,-99.99,-99.99,-99.99
2002,239,100,-2.44,1.65,-2.52,0.82,0.16,4.61,4.24,3.54,3.5,3.36,2.89,2.66,2.51,97.2,0.1,105,1.59,0.04,-0.02,0.66
2002,239,130,-1.64,0.51,-2.59,1.24,0.75,4.4,4.28,3.53,3.44,3.31,2.86,2.6,2.45,97.4,0.1,98,1.52,0.05,0.02,0.2
2002,239,200,-0.87,-0.42,-0.77,0.89,0.55,4.25,4.33,3.44,3.39,3.26,2.78,2.54,2.4,97.6,0.1,83,1.27,0.02,0.01,-0.17
2002,239,230,-0.31,-99.99,-99.99,2.29,2.21,4.26,4.38,3.56,3.35,3.22,2.86,2.5,2.35,97.6,0.1,-99.99,-99.99,-99.99,-99.99,-99.99
2002,239,300,-0.54,-99.99,-99.99,2.96,3,4.12,4.31,3.63,3.32,3.18,2.93,2.48,2.32,97.6,0,-99.99,-99.99,-99.99,-99.99,-99.99
2002,239,330,-0.12,-99.99,-99.99,3.23,3.31,4.29,4.26,3.64,3.29,3.14,2.97,2.46,2.28,97.5,0.1,-99.99,-99.99,-99.99,-99.99,-99.99
2002,239,400,0.01,4.31,-5.79,3.43,3.52,4.43,4.23,3.65,3.27,3.11,2.99,2.44,2.25,97.2,0,66,3.04,0.16,0.02,1.73
2002,239,430,0.09,-99.99,-99.99,3.35,3.45,4.04,4.09,3.64,3.25,3.09,2.99,2.43,2.23,97.2,0.2,-99.99,-99.99,-99.99,-99.99,-99.99
2002,239,500,0.46,-99.99,-99.99,3.16,3.27,3.75,3.96,3.59,3.22,3.05,2.97,2.41,2.21,97.3,0.1,-99.99,-99.99,-99.99,-99.99,-99.99
2002,239,530,1.27,-2.32,-2.1,3.1,3.12,5.34,3.83,3.52,3.2,3.03,2.94,2.4,2.19,97.4,0.1,58,3.93,0.22,-0.02,-0.93
2002,239,600,3.5,-99.99,-99.99,3.13,3.13,10.4,3.63,3.47,3.17,3.01,2.91,2.38,2.17,97.5,0.1,-99.99,-99.99,-99.99,-99.99,-99.99
2002,239,630,8.36,-99.99,-99.99,3.68,3.77,22.22,3.64,3.48,3.15,2.99,2.91,2.36,2.15,97.9,0.2,-99.99,-99.99,-99.99,-99.99,-99.99
2002,239,700,16.71,-99.99,-99.99,5.15,5.51,47.44,4.02,3.6,3.13,2.96,3.01,2.35,2.12,98,0,-99.99,-99.99,-99.99,-99.99,-99.99
2002,239,730,24.98,-99.99,-99.99,7.53,8.62,73.6,5.08,3.88,3.12,2.93,3.26,2.36,2.1,97.9,0,-99.99,-99.99,-99.99,-99.99,-99.99
2002,239,800,34.97,-99.99,-99.99,9.74,11.4,106.7,5.89,4.23,3.15,2.92,3.58,2.41,2.1,97.8,0.1,-99.99,-99.99,-99.99,-99.99,-99.99
2002,239,830,61.57,-99.99,-99.99,13.25,15.71,185.5,6.25,4.57,3.21,2.93,3.96,2.49,2.12,96.8,0.1,-99.99,-99.99,-99.99,-99.99,-99.99
2002,239,900,55.07,-99.99,-99.99,13.69,15.94,154.8,6.43,4.79,3.29,2.95,4.22,2.59,2.15,95.1,0,-99.99,-99.99,-99.99,-99.99,-99.99
2002,239,930,55.27,-99.99,-99.99,14.28,16.04,153.5,6.67,4.96,3.37,2.98,4.4,2.68,2.19,94.5,0,-99.99,-99.99,-99.99,-99.99,-99.99
2002,239,1000,60.48,-99.99,-99.99,14.87,16.16,175.2,6.86,5.08,3.45,3.03,4.53,2.77,2.24,92.4,0,-99.99,-99.99,-99.99,-99.99,-99.99
2002,239,1030,47.13,-99.99,-99.99,12.09,12.56,142.2,6.67,5.03,3.54,3.09,4.48,2.85,2.31,91.3,0,-99.99,-99.99,-99.99,-99.99,-99.99
2002,239,1100,49.18,13.71,9.07,12.49,12.02,148.3,6.44,5.04,3.6,3.16,4.47,2.91,2.37,92.6,0,202,4.19,0.23,0.01,5.51
2002,239,1130,66.19,15.9,14.58,15.24,13.99,198.3,6.31,5.12,3.65,3.2,4.54,2.95,2.41,93.7,0,198,3.94,0.21,0,6.39
2002,239,1200,86.1,17.54,19.22,18.19,17.43,256,6.55,5.36,3.7,3.23,4.78,3.01,2.45,93.8,0,197,4.11,0.2,0,7.05
2002,239,1230,118.3,39.08,34.07,21.71,20.74,346.1,6.79,5.66,3.77,3.27,5.11,3.1,2.48,93,0,198,4.19,0.24,0.04,15.71
2002,239,1300,172.3,45.72,51.26,25.46,22.71,534.9,7.08,6.15,3.88,3.32,5.59,3.23,2.54,91.4,0,211,4.49,0.27,0.02,18.38
2002,239,1330,267.2,63.68,91.36,31.86,27.49,837,7.46,7.14,4.05,3.37,6.55,3.43,2.61,89.8,0,214,4.29,0.26,0,25.61
2002,239,1400,120.5,26.97,42.57,24.3,21.06,408.4,6.88,7.03,4.31,3.51,6.43,3.63,2.75,91.3,0,223,3.02,0.19,0,10.84
2002,239,1430,158.5,33.98,52.74,28.56,25.25,507.1,6.88,7.14,4.48,3.64,6.54,3.77,2.87,92.4,0,228,2.37,0.14,-0.03,13.66
2002,239,1500,148.4,30.29,40.95,29.46,26.98,483.6,7.47,7.41,4.62,3.75,6.83,3.91,2.97,90.7,0,222,1.61,0.09,0.01,12.18
2002,239,1530,156.1,-99.99,-99.99,27.15,27.02,532.8,8.45,8,4.77,3.84,7.38,4.07,3.06,87.1,0,-99.99,-99.99,-99.99,-99.99,-99.99
2002,239,1600,130.3,23.34,43.71,19.36,17.97,450,7.26,7.91,4.96,4,7.08,4.23,3.22,89.7,0,327,1.75,0.11,-0.03,9.39
2002,239,1630,88.9,19.85,32.5,13.65,11.84,311.4,6.81,7.34,5.09,4.15,6.59,4.28,3.35,91.5,0,26,2.53,0.19,-0.01,7.98
2002,239,1700,101.4,29.71,56.49,12.01,9.34,346.7,5.91,6.87,5.14,4.26,6.17,4.26,3.43,93.3,0,41,3.48,0.25,0.02,11.93
2002,239,1730,77.8,-99.99,-99.99,8.96,6.3,270.2,5.58,6.41,5.13,4.33,5.73,4.21,3.46,94.2,0,-99.99,-99.99,-99.99,-99.99,-99.99
2002,239,1800,53.2,-99.99,-99.99,8.2,6.21,177.8,5.99,6.18,5.07,4.36,5.47,4.13,3.46,91.4,0,-99.99,-99.99,-99.99,-99.99,-99.99
2002,239,1830,36.36,8.79,-2.69,7.54,6.17,126.2,6.21,5.99,5,4.37,5.26,4.05,3.45,91.8,0.2,66,1.63,0.09,0,3.53
2002,239,1900,34.36,-99.99,-99.99,11.44,11.28,122.8,7.9,6.29,4.93,4.33,5.5,4,3.41,91.5,1,-99.99,-99.99,-99.99,-99.99,-99.99
2002,239,1930,49.07,-99.99,-99.99,14.69,15.33,171.3,8.89,6.52,4.92,4.32,5.8,4.03,3.4,89.8,0,-99.99,-99.99,-99.99,-99.99,-99.99
2002,239,2000,17.95,17.06,-9.07,8.94,9.17,86.3,8.71,6.35,4.94,4.34,5.61,4.04,3.41,88.3,0,160,2.72,0.17,0.03,6.89
2002,239,2030,10.5,9.1,-13.8,6.26,5.79,77.7,8.25,6.13,4.93,4.35,5.36,4.02,3.42,90.6,0,155,3.05,0.18,0.03,3.67
2002,239,2100,0.3,0.64,-8.06,3.72,3,42.41,7.66,5.83,4.9,4.36,5.05,3.97,3.43,92.9,0,154,2.26,0.12,0.02,0.26
2002,239,2130,-2.79,-0.51,-6.92,2.71,1.35,17.6,6.97,5.5,4.83,4.35,4.71,3.87,3.41,94.5,0,126,2.2,0.09,0.04,-0.21
2002,239,2200,-2.3,1.57,-8.03,3.27,2.08,8.34,6.84,5.36,4.75,4.32,4.55,3.78,3.37,93.9,0,118,2.18,0.1,0.04,0.63
2002,239,2230,-4.38,4.24,-12.23,3.72,2.78,5.08,6.99,5.31,4.68,4.28,4.48,3.7,3.32,92.9,0,126,2.92,0.16,0.16,1.71
2002,239,2300,-9.44,12.62,-22.13,3.19,2.58,4.25,7.14,5.3,4.61,4.24,4.43,3.64,3.28,91.9,0,144,3.75,0.22,0.1,5.08
2002,239,2330,-15.41,5.34,-21.56,1.4,0.72,4.22,6.94,5.17,4.55,4.2,4.27,3.57,3.23,93,0,154,3.69,0.2,0.07,2.15
2002,240,0,-6.81,9.5,-21.68,2.8,2.42,4.08,6.89,5.14,4.48,4.14,4.2,3.49,3.17,93.9,0,162,3.95,0.24,0.09,3.82
2002,240,30,-4.17,1.73,-14.73,4.52,5.25,4.04,7.2,5.27,4.41,4.08,4.31,3.42,3.1,93.8,0,175,3.96,0.2,0.06,0.7
2002,240,100,-4.13,1.12,-14.71,4.95,5.73,4.14,7.18,5.31,4.38,4.05,4.36,3.4,3.06,94.1,0,176,4.37,0.23,0.05,0.45
2002,240,130,-1.67,0.07,-10.05,5.54,6.07,3.88,6.71,5.28,4.37,4.02,4.41,3.38,3.03,94.2,0,187,4.8,0.25,0.04,0.03
2002,240,200,-0.59,-0.97,-5.39,4.69,4.89,4.13,6.15,5.13,4.35,4,4.32,3.37,3.01,95.5,0,198,5.22,0.27,0.04,-0.39
2002,240,230,-0.62,4.15,4.52,3.09,2.54,4.14,4.71,4.82,4.33,4,4.08,3.35,3.01,96.4,0,235,4.46,0.32,0.03,1.66
2002,240,300,-1.08,9.26,14.43,-0.58,-1.9,3.57,2.86,4.3,4.27,3.99,3.6,3.28,3.01,97.3,0,272,3.7,0.37,0.02,3.71
2002,240,330,-0.91,-99.99,-99.99,-1.57,-3.24,3.02,2.22,3.96,4.16,3.93,3.26,3.17,2.96,97.9,0.1,-99.99,-99.99,-99.99,-99.99,-99.99
2002,240,400,-1.68,-99.99,-99.99,-2.15,-3.51,3.39,1.9,3.71,4.04,3.86,3.02,3.06,2.9,98.1,0,-99.99,-99.99,-99.99,-99.99,-99.99
2002,240,430,-1.62,-99.99,-99.99,-2.98,-4.1,2.49,1.43,3.47,3.93,3.79,2.79,2.94,2.82,98.2,0,-99.99,-99.99,-99.99,-99.99,-99.99
2002,240,500,-1.19,-99.99,-99.99,-2.92,-4.1,0,1.25,3.26,3.8,3.7,2.6,2.83,2.75,98.4,0,-99.99,-99.99,-99.99,-99.99,-99.99
2002,240,530,0.13,-99.99,-99.99,-2.08,-3.21,0,1.32,3.14,3.68,3.62,2.49,2.72,2.66,98.6,0,-99.99,-99.99,-99.99,-99.99,-99.99
2002,240,600,3.64,-99.99,-99.99,-1.14,-2.15,6.46,1.41,3.06,3.57,3.53,2.43,2.62,2.58,98.6,0,-99.99,-99.99,-99.99,-99.99,-99.99
2002,240,630,7.17,-99.99,-99.99,-0.19,-0.87,19.18,1.56,3.04,3.47,3.45,2.42,2.55,2.5,98.5,0,-99.99,-99.99,-99.99,-99.99,-99.99
2002,240,700,16.36,-99.99,-99.99,0.89,0.47,47.67,1.65,3.05,3.4,3.37,2.43,2.48,2.43,97.4,0,-99.99,-99.99,-99.99,-99.99,-99.99
2002,240,730,26.75,-99.99,-99.99,2.01,1.76,74.2,1.52,3.1,3.34,3.3,2.47,2.44,2.38,96.9,0,-99.99,-99.99,-99.99,-99.99,-99.99
2002,240,800,38.14,-99.99,-99.99,3.06,3.18,112.2,1.43,3.17,3.29,3.25,2.52,2.41,2.33,96.4,0,-99.99,-99.99,-99.99,-99.99,-99.99
2002,240,830,47.49,-99.99,-99.99,3.91,4.48,136.4,1.16,3.27,3.27,3.2,2.58,2.39,2.29,97,0,-99.99,-99.99,-99.99,-99.99,-99.99
2002,240,900,63.03,-99.99,-99.99,5.35,5.93,185.6,1.03,3.38,3.26,3.16,2.67,2.38,2.26,97.2,0,-99.99,-99.99,-99.99,-99.99,-99.99
2002,240,930,100.8,-99.99,-99.99,10.86,12.07,290.1,1.31,3.8,3.26,3.12,3.02,2.4,2.22,96.3,0,-99.99,-99.99,-99.99,-99.99,-99.99
2002,240,1000,100,31.61,37.41,10.94,11.96,299.7,1.56,4.14,3.31,3.1,3.31,2.45,2.2,94.5,0,315,3.49,0.24,-0.03,12.63
2002,240,1030,112.1,35.74,61.84,11.62,11.8,330.4,1.43,4.32,3.39,3.12,3.45,2.51,2.22,95.5,0,311,3.29,0.25,-0.14,14.27
2002,240,1100,111.8,26.91,45.36,11.66,12.61,336,1.3,4.57,3.49,3.15,3.65,2.59,2.24,95.3,0,318,3.2,0.18,-0.05,10.74
2002,240,1130,122.2,30.86,58.98,12.82,13.36,363.6,1.23,4.78,3.59,3.2,3.81,2.65,2.27,95.7,0,294,2.52,0.24,-0.14,12.31
2002,240,1200,158.5,47.07,80.22,15.2,15.91,473.3,1.18,5.33,3.7,3.25,4.28,2.75,2.3,95.2,0,298,2.68,0.22,-0.12,18.78
2002,240,1230,162.8,40.73,74.03,17.61,18.05,481.1,1.02,5.56,3.85,3.32,4.53,2.87,2.36,95.8,0,293,2.1,0.18,-0.1,16.24
2002,240,1300,169.4,42.18,74.97,16.48,17.17,504.2,0.93,5.94,4,3.4,4.86,3,2.43,95.1,0,294,2.17,0.21,-0.08,16.81
2002,240,1330,179.3,48.01,81.2,17.37,17.86,551.4,0.73,6.18,4.16,3.5,5.09,3.13,2.5,95.1,0,282,1.79,0.19,-0.09,19.12
2002,240,1400,182.7,42.25,79.6,15.9,15.36,573.1,0.78,6.52,4.32,3.59,5.35,3.26,2.58,94.4,0,305,1.82,0.16,-0.08,16.83
2002,240,1430,192.4,53.69,109.16,16.31,15.56,628.7,1.05,6.84,4.47,3.69,5.59,3.37,2.65,93.5,0,309,1.53,0.18,-0.11,21.38
2002,240,1500,249.8,51.1,101.38,12.68,12.42,852,1.51,7.7,4.67,3.81,6.18,3.49,2.71,90.8,0,309,1.3,0.09,-0.06,20.36
2002,240,1530,161.5,40.39,89.4,8.58,7.87,599.5,1.3,7.41,4.88,3.95,5.83,3.59,2.82,91.4,0,304,1.83,0.15,-0.08,16.1
2002,240,1600,206.2,41.48,96.88,10.3,10.39,732,1.76,7.61,5.01,4.06,5.97,3.63,2.86,90.4,0,292,1.52,0.13,-0.11,16.54
2002,240,1630,189.6,27.08,66.98,3.73,5.25,711,1.69,7.87,5.14,4.18,6.18,3.69,2.91,90,0,297,1.89,0.12,-0.05,10.8
2002,240,1700,172.8,36.57,87.48,3.44,5.5,679.6,1.94,7.78,5.23,4.28,6.24,3.73,2.96,88.4,0,308,1.5,0.16,-0.06,14.59
2002,240,1730,158.3,30.24,76.79,2,5.89,648,2.12,7.05,5.25,4.36,6.26,3.74,3,87.6,0,306,1.3,0.08,-0.05,12.06
2002,240,1800,123.5,22.38,59.71,1,4.02,557.3,2.41,6.09,5.19,4.43,5.96,3.73,3.03,86.4,0,311.5,1.15,0.08,-0.04,8.93
2002,240,1830,95,14.53,42.63,0.6,1,475.7,2.53,6.5,5.12,4.46,5.32,3.66,3.06,86.1,0,317,0.99,0.09,-0.04,5.8
2002,240,1900,65.44,11.22,29.84,-0.24,-2.57,384.8,2.53,6.03,5.01,4.44,4.83,3.57,3.06,86,0,308,1.06,0.09,-0.04,4.48
2002,240,1930,34.77,2.3,9.76,-1.36,-4.75,290.5,2.59,5.23,4.87,4.41,4.28,3.44,3.03,85.6,0,329,0.57,0.08,-0.01,0.92
2002,240,2000,6.99,3.69,0.54,-4.73,-9.07,193.4,2.4,4.29,4.71,4.37,3.6,3.28,2.99,83.7,0,99,1.44,0.1,0,1.47
2002,240,2030,-20.54,0.06,-0.3,-8.28,-14.42,110.4,1.79,3.61,4.53,4.3,2.87,3.1,2.93,85.9,0,108,1.71,0.04,0,0.02
2002,240,2100,-36.79,-0.79,-3.7,-8.57,-10.49,63.39,1.11,2.88,4.31,4.21,2.18,2.89,2.84,90,0,111,2.14,0.05,0,-0.32
2002,240,2130,-38.09,-1.65,-7.1,-7.88,-8.32,30.36,0.38,2.41,4.07,4.07,1.69,2.68,2.73,92.9,0,114,2.56,0.06,0,-0.66
2002,240,2200,-28.34,-99.99,-99.99,-7.32,-6.96,16.03,-0.19,2.1,3.82,3.91,1.37,2.49,2.6,96,0,-99.99,-99.99,-99.99,-99.99,-99.99
2002,240,2230,-21.02,-99.99,-99.99,-6.67,-5.81,4.68,-0.69,1.93,3.6,3.74,1.16,2.32,2.47,97.6,0,-99.99,-99.99,-99.99,-99.99,-99.99
2002,240,2300,-14.87,0.02,-1.48,-6.77,-4.82,2.35,-0.85,1.65,3.4,3.58,1.14,2.19,2.34,98.2,0,125,2.41,0.04,0,0.01
2002,240,2330,-12.23,0.14,-4.96,-6.42,-5.12,1.75,-0.88,1.45,3.21,3.42,0.87,2.05,2.22,98.5,0,119,2.69,0.07,-0.01,0.06
2002,241,0,-11.26,-99.99,-99.99,-7.85,-6.54,1.41,-1.05,1.27,3.04,3.28,0.72,1.93,2.12,98.5,0,-99.99,-99.99,-99.99,-99.99,-99.99
2002,241,30,-10.94,-99.99,-99.99,-9.35,-11.16,1.41,-1.36,1.13,2.89,3.14,0.57,1.81,2.01,98.6,0,-99.99,-99.99,-99.99,-99.99,-99.99
2002,241,100,-10.62,-99.99,-99.99,-11.53,-14.91,1.45,-1.74,1,2.75,3.01,0.43,1.71,1.92,98.5,0,-99.99,-99.99,-99.99,-99.99,-99.99
2002,241,130,-10.21,-99.99,-99.99,-13.28,-16.8,1.41,-1.96,0.84,2.62,2.9,0.31,1.61,1.83,98.5,0,-99.99,-99.99,-99.99,-99.99,-99.99
2002,241,200,-9.64,-99.99,-99.99,-13.51,-17.54,1.42,-1.81,0.76,2.49,2.77,0.25,1.51,1.73,98.3,0,-99.99,-99.99,-99.99,-99.99,-99.99
2002,241,230,-10.2,-99.99,-99.99,-14.36,-18.3,1.39,-1.94,0.66,2.38,2.67,0.16,1.42,1.65,98.3,0,-99.99,-99.99,-99.99,-99.99,-99.99
2002,241,300,-10.04,-99.99,-99.99,-15.84,-19.73,1.33,-1.94,0.52,2.28,2.57,0.05,1.34,1.58,98.5,0,-99.99,-99.99,-99.99,-99.99,-99.99
2002,241,330,-9.54,-99.99,-99.99,-15.9,-20.25,1.38,-2.09,0.43,2.18,2.48,-0.02,1.25,1.5,98.7,0,-99.99,-99.99,-99.99,-99.99,-99.99
2002,241,400,-7.86,-99.99,-99.99,-14.81,-18.79,1.42,-2.7,0.37,2.08,2.39,-0.04,1.18,1.43,98.9,0,-99.99,-99.99,-99.99,-99.99,-99.99
2002,241,430,-5.07,-99.99,-99.99,-11.72,-14.81,2.18,-2.14,0.45,1.98,2.28,0.04,1.11,1.34,98.9,0,-99.99,-99.99,-99.99,-99.99,-99.99
2002,241,500,-2.7,-99.99,-99.99,-8.25,-10.34,4.77,-1.28,0.57,1.89,2.18,0.16,1.05,1.27,99,0,-99.99,-99.99,-99.99,-99.99,-99.99
2002,241,530,0.34,-99.99,-99.99,-5.53,-7.19,11.95,-0.44,0.68,1.82,2.1,0.27,1.01,1.2,99,0,-99.99,-99.99,-99.99,-99.99,-99.99
2002,241,600,5.92,-99.99,-99.99,-5.48,-7.44,29.63,-0.09,0.71,1.77,2.04,0.3,0.98,1.16,99,0,-99.99,-99.99,-99.99,-99.99,-99.99
2002,241,630,12.74,-99.99,-99.99,-6.6,-9.47,59.17,-0.28,0.68,1.73,2,0.29,0.95,1.13,99,0,-99.99,-99.99,-99.99,-99.99,-99.99
2002,241,700,60.76,-99.99,-99.99,-3.29,-4.93,143.7,0.32,0.73,1.68,1.93,0.41,0.92,1.08,98.8,0,-99.99,-99.99,-99.99,-99.99,-99.99
2002,241,730,53.93,-99.99,-99.99,0.4,-1.55,211.7,1.01,0.85,1.62,1.87,0.64,0.9,1.03,98.6,0.1,-99.99,-99.99,-99.99,-99.99,-99.99
2002,241,800,70.5,-99.99,-99.99,2.31,-1.19,208.9,1.6,1.22,1.57,1.8,0.81,0.87,0.98,98.6,0,-99.99,-99.99,-99.99,-99.99,-99.99
2002,241,830,77.9,-99.99,-99.99,3.77,1.9,234.6,1.4,1.51,1.57,1.76,0.97,0.87,0.96,98.6,0,-99.99,-99.99,-99.99,-99.99,-99.99
2002,241,900,97.3,-99.99,-99.99,6.15,-1.18,295.1,1.31,1.66,1.55,1.72,1.11,0.87,0.93,98.6,0,-99.99,-99.99,-99.99,-99.99,-99.99
2002,241,930,115.2,-99.99,-99.99,10.51,3.34,343.1,1.37,1.89,1.54,1.68,1.28,0.86,0.9,98.6,0,-99.99,-99.99,-99.99,-99.99,-99.99
2002,241,1000,116.2,-99.99,-99.99,15.35,11.94,347.2,1.56,2.12,1.55,1.65,1.45,0.85,0.87,98.6,0,-99.99,-99.99,-99.99,-99.99,-99.99
2002,241,1030,133.2,-99.99,-99.99,19.07,19.83,389.5,1.74,2.4,1.59,1.63,1.69,0.85,0.84,98.6,0,-99.99,-99.99,-99.99,-99.99,-99.99
2002,241,1100,139.7,-99.99,-99.99,21.3,26.09,398.2,1.78,2.7,1.67,1.63,1.94,0.87,0.83,98.5,0,-99.99,-99.99,-99.99,-99.99,-99.99
2002,241,1130,140.6,-99.99,-99.99,16.86,25.67,396.1,1.68,2.78,1.77,1.66,2.1,0.9,0.82,98.5,0,-99.99,-99.99,-99.99,-99.99,-99.99
2002,241,1200,138.7,-99.99,-99.99,15.93,26.83,394.1,2.02,3.01,1.89,1.7,2.47,0.99,0.83,98,0,-99.99,-99.99,-99.99,-99.99,-99.99
2002,241,1230,138.5,-99.99,-99.99,15.45,25.99,403.6,2.7,3.22,2.01,1.76,2.79,1.12,0.87,95.4,0,-99.99,-99.99,-99.99,-99.99,-99.99
2002,241,1300,166.9,-99.99,-99.99,16.67,27.31,516,3.58,3.63,2.14,1.83,3.32,1.31,0.93,90.1,0,-99.99,-99.99,-99.99,-99.99,-99.99
2002,241,1330,186.5,-99.99,-99.99,19.39,29.21,562.8,4.3,4.11,2.3,1.91,3.91,1.53,1.03,85.5,0,-99.99,-99.99,-99.99,-99.99,-99.99
2002,241,1400,209.6,47.01,76.27,18.58,26.67,653.4,4.68,4.46,2.47,2.01,4.36,1.76,1.16,83.7,0,135,7.09,0.41,0.03,18.85
2002,241,1430,314.9,72.6,129.12,19.46,26.88,1004,6,5.66,2.66,2.1,5.56,2.02,1.27,78.4,0,130,7.31,0.44,0.02,29.14
2002,241,1500,256.2,65.24,102.81,16.45,22.69,860,6.77,5.87,2.92,2.24,5.71,2.24,1.42,76.5,0,136,7.85,0.48,0.01,26.22
2002,241,1530,164.6,54.24,71.68,12.9,17.41,592.8,7.18,5.8,3.17,2.43,5.61,2.44,1.58,75.7,0,139,7.76,0.47,0.01,21.81
2002,241,1600,120.6,38.21,22.46,14.58,17.83,418.7,7.25,5.32,3.33,2.61,4.91,2.52,1.75,76.5,0,134,7.42,0.43,0,15.37
2002,241,1630,113.9,34.06,20.43,13.87,17.83,434.2,7.65,5.48,3.41,2.73,5.07,2.59,1.84,77.5,0,133,7.04,0.44,0.02,13.71
2002,241,1700,70.1,28.03,3.58,12.3,14.89,288.5,7.93,5.33,3.48,2.82,4.84,2.65,1.94,77.7,0,137,6.4,0.4,0,11.29
2002,241,1730,53.54,22.46,-0.81,12.12,14.19,197.3,8.08,5.3,3.53,2.9,4.72,2.68,2.01,78,0,143,5.8,0.34,0,9.05
2002,241,1800,31.02,15.88,-8.73,9.72,10.8,119.2,8.01,5.17,3.56,2.96,4.6,2.7,2.08,78.5,0,145,5.25,0.31,0.01,6.4
2002,241,1830,7.63,24.2,-18.99,6.05,6.32,44.13,7.8,4.91,3.58,3.02,4.29,2.7,2.13,72.4,0,158,4.31,0.25,0.02,9.74
2002,241,1900,8.32,16.82,-21.83,4.76,4.27,42.18,7.5,4.65,3.56,3.06,3.99,2.67,2.16,67.79,0,159,4.7,0.26,0.01,6.77
2002,241,1930,12.45,18.38,-23.42,5.32,4.97,56.76,7.28,4.52,3.52,3.07,3.85,2.62,2.17,69.14,0,156,4.65,0.27,0.01,7.4
2002,241,2000,20.9,19.03,-22,6.58,6.41,82,7.26,4.5,3.47,3.06,3.84,2.59,2.16,70.9,0,152,5.2,0.32,0.02,7.66
2002,241,2030,1.02,15.29,-28.13,4.98,5.48,54.99,7.27,4.48,3.44,3.04,3.81,2.56,2.15,73.6,0,152,5.86,0.35,0.02,6.15
2002,241,2100,-15.73,8.78,-34.01,2.11,1.6,28.69,6.88,4.23,3.41,3.04,3.49,2.52,2.14,76.3,0,158,6.01,0.36,0.02,3.53
2002,241,2130,-9.2,12.3,-34.1,3.49,3.34,11.26,6.97,4.23,3.36,3.02,3.46,2.47,2.12,76.7,0,160,6.23,0.38,0.03,4.95
2002,241,2200,-10.4,12.8,-34.53,3.94,4.26,6.51,7.15,4.28,3.32,2.99,3.48,2.42,2.09,76.2,0,162,6.37,0.38,0.03,5.15
2002,241,2230,-23.24,7.78,-36.02,2.15,2.21,4.94,6.89,4.15,3.3,2.98,3.34,2.4,2.08,78.2,0,164,6.1,0.37,0.02,3.13
2002,241,2300,-32.83,1.84,-34.06,0.77,0.61,4.24,6.46,3.97,3.27,2.97,3.14,2.36,2.06,81.2,0,163,5.98,0.34,0.02,0.74
2002,241,2330,-32.15,2.35,-41.21,0.1,-0.44,4.21,6.14,3.8,3.22,2.95,2.93,2.29,2.04,82.2,0,168,6.16,0.35,0.02,0.95
2002,242,0,-22.56,12.55,-49.12,2.47,3.18,4.22,6.75,3.99,3.18,2.92,3.13,2.24,1.98,78.1,0,180,6.41,0.35,0.03,5.05
2002,242,30,-13.13,15.55,-44.29,4.06,4.86,4.27,7.12,4.16,3.18,2.91,3.35,2.25,1.97,75.2,0,189,7.39,0.41,0.01,6.26
2002,242,100,-9.76,17.69,-43.99,4.57,5.37,4.26,7.07,4.23,3.17,2.9,3.47,2.26,1.96,75.3,0,190,7.71,0.43,0.01,7.12
2002,242,130,-5.55,17.28,-35.47,5.1,5.67,4.25,7.03,4.27,3.17,2.89,3.55,2.29,1.97,74.9,0,192,8.55,0.49,0.02,6.95
2002,242,200,-2.84,21.46,-32.49,5.42,5.57,4.23,6.97,4.28,3.17,2.87,3.6,2.3,1.96,75.5,0,198,9.1,0.56,0.03,8.63
2002,242,230,-3.41,15.57,-27.98,5.43,5.52,4.21,6.82,4.25,3.18,2.88,3.61,2.33,1.97,77,0,200,9.06,0.53,0,6.26
2002,242,300,-4.21,17.93,-34.09,5.08,5.13,4.05,6.51,4.14,3.18,2.88,3.5,2.35,2,79.4,0,198,8.19,0.46,0.01,7.21
2002,242,330,-2.47,16.06,-28.33,4.96,4.99,4.15,6.51,4.13,3.15,2.85,3.48,2.31,1.96,78.7,0,197,7.97,0.44,0.03,6.46
2002,242,400,-2.74,13.15,-28.08,4.92,4.86,4.21,6.49,4.15,3.16,2.86,3.51,2.32,1.96,78.7,0,199,8.21,0.45,0.02,5.29
2002,242,430,-2.12,13.55,-27.25,4.9,4.91,4.21,6.45,4.14,3.15,2.85,3.51,2.31,1.96,79.1,0,199,7.93,0.47,0.02,5.45
2002,242,500,-2.04,11.4,-22.63,5.1,4.93,4.27,6.44,4.13,3.13,2.84,3.52,2.32,1.96,79.4,0,203,8.42,0.46,0.02,4.58
2002,242,530,-1.36,10.13,-18.61,5.17,4.82,5.24,6.35,4.09,3.12,2.83,3.51,2.32,1.96,79.7,0,206,8.41,0.45,0.02,4.07
2002,242,600,0.11,10.53,-19.19,5.04,4.78,9.88,6.23,4.07,3.12,2.83,3.49,2.32,1.96,80.3,0,203,7.85,0.45,0.02,4.23
2002,242,630,2.06,13.3,-22.92,5.12,4.96,16.1,6.18,4.07,3.12,2.83,3.48,2.32,1.97,80.6,0,201,7.69,0.46,0.02,5.35
2002,242,700,4.28,8.27,-17.02,5.03,4.94,39.3,6.11,4.04,3.11,2.83,3.46,2.31,1.96,80.8,0,199,7.34,0.38,0.01,3.32
2002,242,730,16.07,12.63,-16.33,6.45,6.24,64.02,6.17,4.09,3.1,2.82,3.51,2.32,1.96,80.6,0,201,7.51,0.42,0.01,5.07
2002,242,800,41.98,14.71,-7.07,9.22,8.86,152.4,6.33,4.22,3.1,2.81,3.68,2.34,1.97,79.9,0,203,7.67,0.44,0,5.91
2002,242,830,77.8,22.93,11.65,14.19,14.18,221.9,6.55,4.59,3.14,2.81,4.07,2.4,1.97,80.1,0,197,7.45,0.43,0,9.22
2002,242,900,73.6,22.73,9.71,13.32,12.48,230.4,6.67,4.72,3.19,2.83,4.22,2.47,2,79.7,0,199,7.66,0.44,-0.01,9.14
2002,242,930,131.1,30.41,34.46,19.02,17.3,386.1,7.08,5.13,3.26,2.85,4.67,2.58,2.03,78.4,0,199,7.61,0.44,-0.02,12.23
2002,242,1000,91.8,28.73,22.86,16.32,14.17,288.7,6.99,5.19,3.36,2.9,4.71,2.68,2.09,78.7,0,201,7.81,0.43,-0.01,11.55
2002,242,1030,86,23.2,19.37,15.29,12.93,266.5,6.9,5.17,3.43,2.94,4.69,2.75,2.15,79.3,0,200,7.44,0.4,-0.01,9.33
2002,242,1100,102,29.22,28.14,16.86,14.13,304.2,7.01,5.26,3.49,3,4.78,2.82,2.21,78.4,0,200,7.41,0.44,-0.03,11.75
2002,242,1130,113.3,36.19,28.86,17.9,15.17,342.6,7.28,5.45,3.56,3.05,4.99,2.9,2.26,76.7,0,199,7.58,0.45,-0.01,14.56
2002,242,1200,148.9,49.58,48.44,22.27,18.77,442.1,7.79,5.79,3.64,3.1,5.35,3,2.32,74,0,198,8.08,0.5,-0.01,19.96
2002,242,1230,89.2,34.35,20.13,15.88,13.39,276.3,7.83,5.68,3.73,3.17,5.25,3.09,2.4,74.4,0,196,7.6,0.44,-0.01,13.83
2002,242,1300,135,31.17,32.08,21.22,17.56,398.5,8.13,5.9,3.79,3.22,5.46,3.16,2.45,74.1,0,199,8.07,0.42,-0.01,12.55
2002,242,1330,90.1,35.08,19.48,16.53,13.7,278.4,8.22,5.88,3.86,3.27,5.45,3.23,2.51,73.7,0,199,7.54,0.45,-0.01,14.13
2002,242,1400,93.6,30.18,20.2,17.61,14.32,287.4,8.43,5.94,3.9,3.31,5.49,3.28,2.56,73.5,0,203,7.21,0.42,-0.01,12.16
2002,242,1430,108.9,28.39,25.34,19.97,16,340.6,8.54,6.08,3.95,3.35,5.62,3.35,2.62,73.7,0,207,6.84,0.37,-0.01,11.44
2002,242,1500,106.7,29.45,23.05,20.06,16.15,340,8.68,6.21,4.02,3.4,5.76,3.42,2.67,72.9,0,207,6.91,0.37,0,11.87
2002,242,1530,71.7,25.53,11.09,15.3,11.76,244.3,8.54,6.06,4.08,3.46,5.61,3.47,2.73,72.7,0,210,6.58,0.36,-0.01,10.29
2002,242,1600,72.7,18.05,11.06,15,11.29,247.9,8.23,5.96,4.13,3.51,5.48,3.5,2.79,75.1,0,212,5.97,0.31,0,7.27
2002,242,1630,74.4,24.72,13.69,15.37,11.78,255.3,8.19,5.98,4.16,3.56,5.49,3.52,2.83,75.8,0,215,5.67,0.34,-0.01,9.96
2002,242,1700,124,31.08,46.06,15.8,13.32,462.8,8.41,6.43,4.19,3.58,6.06,3.59,2.85,76.1,0,218,6.25,0.37,0,12.52
2002,242,1730,93.3,19.4,26.43,13.94,10.94,349.2,7.88,6.16,4.25,3.63,5.81,3.62,2.9,79.8,0,217,6.83,0.38,0.02,7.81
2002,242,1800,63.47,15.15,8.9,13.17,10.26,236,7.8,5.95,4.29,3.68,5.51,3.63,2.94,81.3,0,209,5.92,0.3,0,6.1
2002,242,1830,43.51,17.03,1.24,10.96,9.07,169.6,8.09,5.86,4.28,3.69,5.39,3.61,2.95,79,0,204,5.49,0.31,0,6.86
2002,242,1900,23.12,7.74,-2.71,8.39,7.25,97.5,7.76,5.68,4.28,3.72,5.16,3.58,2.96,81.6,0,189,4.25,0.23,0.01,3.12
2002,242,1930,15.87,9.75,-10.58,6.84,5.8,69.9,7.66,5.51,4.26,3.73,4.96,3.55,2.97,82,0,185,3.96,0.23,0.01,3.93
2002,242,2000,15.83,-99.99,-99.99,7.21,6.6,66.73,7.74,5.47,4.23,3.73,4.9,3.51,2.97,81,0,-99.99,-99.99,-99.99,-99.99,-99.99
2002,242,2030,5.45,-99.99,-99.99,5.46,4.95,40.15,7.53,5.3,4.21,3.74,4.73,3.48,2.97,82,0,-99.99,-99.99,-99.99,-99.99,-99.99
2002,242,2100,-0.46,-99.99,-99.99,4.34,3.89,24.92,7.14,5.1,4.18,3.73,4.55,3.43,2.96,84.8,0,-99.99,-99.99,-99.99,-99.99,-99.99
2002,242,2130,-1.95,-99.99,-99.99,4.01,3.76,10.09,6.6,4.95,4.13,3.72,4.38,3.37,2.94,90.3,0.1,-99.99,-99.99,-99.99,-99.99,-99.99
2002,242,2200,-2.25,-99.99,-99.99,4.34,4.35,5.55,6.39,4.9,4.07,3.69,4.33,3.28,2.91,93.1,0.2,-99.99,-99.99,-99.99,-99.99,-99.99
2002,242,2230,-3.01,-99.99,-99.99,3.82,3.91,4.47,6.11,4.77,4.02,3.66,4.23,3.22,2.88,95.5,0.2,-99.99,-99.99,-99.99,-99.99,-99.99
2002,242,2300,-2.42,-99.99,-99.99,4.19,4.47,3.86,6.19,4.74,3.98,3.63,4.22,3.18,2.84,96.3,0.3,-99.99,-99.99,-99.99,-99.99,-99.99
2002,242,2330,-1.3,-9.22,-8.3,4.28,4.69,3.57,6.2,4.71,3.95,3.62,4.19,3.16,2.81,96.2,0.2,205,3.36,0.17,0.09,-3.71
2002,243,0,-0.58,-99.99,-99.99,4.76,5.35,3.58,6.25,4.76,3.92,3.59,4.23,3.14,2.79,96.4,0.6,-99.99,-99.99,-99.99,-99.99,-99.99
2002,243,30,-0.29,-99.99,-99.99,4.41,5.02,3.63,6.14,4.71,3.9,3.57,4.15,3.12,2.76,96.6,0.2,-99.99,-99.99,-99.99,-99.99,-99.99
2002,243,100,-1.11,-99.99,-99.99,3.61,3.79,3.64,5.85,4.57,3.88,3.56,3.98,3.08,2.75,96.8,0,-99.99,-99.99,-99.99,-99.99,-99.99
2002,243,130,0.74,-99.99,-99.99,3.38,3.28,3.51,5.36,4.39,3.85,3.54,3.82,3.04,2.73,96.9,0,-99.99,-99.99,-99.99,-99.99,-99.99
2002,243,200,0.31,-99.99,-99.99,1.67,1,3.28,3.52,4.1,3.81,3.52,3.53,3,2.72,96.5,0,-99.99,-99.99,-99.99,-99.99,-99.99
2002,243,230,0.22,-99.99,-99.99,0.4,-0.69,3.24,2.79,3.8,3.74,3.5,3.22,2.93,2.69,97.3,0.1,-99.99,-99.99,-99.99,-99.99,-99.99
2002,243,300,-0.4,-99.99,-99.99,-0.26,-1.29,3.25,2.49,3.58,3.66,3.45,3.01,2.85,2.65,97.6,0,-99.99,-99.99,-99.99,-99.99,-99.99
2002,243,330,-0.88,-99.99,-99.99,-0.72,-1.57,3.32,2.2,3.39,3.57,3.4,2.82,2.77,2.6,97.8,0.3,-99.99,-99.99,-99.99,-99.99,-99.99
2002,243,400,-1.08,-99.99,-99.99,-1.34,-1.95,3.2,1.88,3.18,3.48,3.35,2.64,2.68,2.55,97.9,0,-99.99,-99.99,-99.99,-99.99,-99.99
2002,243,430,-1.31,-99.99,-99.99,-1.47,-2.03,3.29,1.69,3.01,3.38,3.28,2.47,2.58,2.48,97.9,0.1,-99.99,-99.99,-99.99,-99.99,-99.99
2002,243,500,-1.37,-99.99,-99.99,-1.98,-2.33,3.28,1.4,2.84,3.29,3.22,2.31,2.49,2.42,97.7,0.1,-99.99,-99.99,-99.99,-99.99,-99.99
2002,243,530,-1.06,-99.99,-99.99,-1.69,-2.22,3.77,1.32,2.7,3.19,3.14,2.18,2.4,2.35,97.6,0,-99.99,-99.99,-99.99,-99.99,-99.99
2002,243,600,0.36,-99.99,-99.99,-1.76,-1.99,7.52,1.18,2.58,3.09,3.07,2.07,2.32,2.28,97.3,0.4,-99.99,-99.99,-99.99,-99.99,-99.99
2002,243,630,3.96,-99.99,-99.99,-1.54,-1.72,15.96,1.08,2.49,3,3,1.98,2.24,2.21,96.7,0.1,-99.99,-99.99,-99.99,-99.99,-99.99
2002,243,700,7.08,-99.99,-99.99,-1.27,-1.4,24.54,1.04,2.4,2.92,2.93,1.9,2.16,2.15,96.3,1,-99.99,-99.99,-99.99,-99.99,-99.99
2002,243,730,8.77,-99.99,-99.99,-3.66,-3.5,29.7,0.94,2.22,2.84,2.87,1.75,2.09,2.09,95.9,0.5,-99.99,-99.99,-99.99,-99.99,-99.99
2002,243,800,9.51,-99.99,-99.99,-2.48,-2.86,32.62,0.77,2.13,2.75,2.79,1.63,2.01,2.02,95.9,0.1,-99.99,-99.99,-99.99,-99.99,-99.99
2002,243,830,17.18,-99.99,-99.99,-1.54,-1.28,54.18,0.63,2.12,2.68,2.73,1.6,1.93,1.96,95.1,0.1,-99.99,-99.99,-99.99,-99.99,-99.99
2002,243,900,31.51,-99.99,-99.99,0.29,0.91,90.9,0.66,2.17,2.62,2.67,1.65,1.88,1.9,94.7,0,-99.99,-99.99,-99.99,-99.99,-99.99
2002,243,930,40.89,-99.99,-99.99,0.16,1.96,117.3,0.55,2.22,2.56,2.6,1.7,1.84,1.84,94.2,0,-99.99,-99.99,-99.99,-99.99,-99.99
2002,243,1000,39.73,18.52,14.37,-0.27,1.94,116.7,0.52,2.22,2.54,2.56,1.71,1.81,1.8,93.6,0,348,7.23,0.38,0.08,7.39
2002,243,1030,58,28.3,22.22,1.43,3.17,166.8,0.55,2.26,2.5,2.51,1.74,1.79,1.76,92.7,0,349,6.95,0.44,0.02,11.29
2002,243,1100,52.1,25.97,18.87,0.44,2.99,159,0.54,2.32,2.49,2.48,1.79,1.77,1.73,91.6,0,350,6.85,0.43,0.01,10.36
2002,243,1130,47.2,17.21,12.28,-1.44,1.04,149.4,0.41,2.24,2.47,2.45,1.71,1.76,1.71,92,0,347,6.62,0.38,-0.01,6.86
2002,243,1200,40.36,17.33,0.36,-2.16,-0.4,133.8,0.24,2.1,2.45,2.43,1.55,1.72,1.69,91.8,0.1,349,6.59,0.38,-0.08,6.91
2002,243,1230,60.44,21.94,9.97,-3.38,-1.38,187.3,-0.07,1.94,2.41,2.41,1.42,1.67,1.66,93.7,0.1,348,6.92,0.42,0.03,8.74
2002,243,1300,112.2,30.09,22.27,4.44,6.69,320.9,0.24,2.27,2.37,2.36,1.68,1.63,1.61,92.5,0.1,348,6.77,0.41,-0.07,11.99
2002,243,1330,161.9,47.5,39.05,9.18,12.2,457.6,0.54,2.81,2.39,2.33,2.23,1.65,1.56,90.3,0,351,6.83,0.41,0,18.93
2002,243,1400,190.2,61.73,73.06,7.76,12.04,551.9,0.63,3.2,2.47,2.32,2.63,1.73,1.56,88.4,0,354,7.12,0.45,-0.08,24.6
2002,243,1430,143.9,54.44,64.71,5.12,8.87,427.1,0.55,3.22,2.58,2.36,2.64,1.82,1.6,87.9,0,355,6.71,0.41,-0.02,21.7
2002,243,1500,133.5,38.8,51.72,4.18,7.1,398.4,0.49,3.21,2.67,2.4,2.59,1.87,1.64,87.8,0,351,6.61,0.38,-0.01,15.46
2002,243,1530,159.3,47.21,66.85,4.95,7.3,473.6,0.48,3.38,2.74,2.46,2.76,1.91,1.66,87,0,353,6.38,0.39,-0.02,18.81
2002,243,1600,125.7,45.79,60.25,4.78,7.01,368.5,0.39,3.32,2.8,2.5,2.63,1.94,1.7,87.2,0,351,5.97,0.38,-0.02,18.24
2002,243,1630,108.6,29.22,47.54,2.07,4.21,322.4,0.2,3.15,2.85,2.55,2.48,1.95,1.73,87.2,0,352,6.06,0.32,0.01,11.63
2002,243,1700,94.6,30.36,37.5,0.09,2.92,292.5,0.01,3.03,2.86,2.58,2.34,1.95,1.74,87.9,0,355,6.14,0.34,-0.01,12.09
2002,243,1730,89.9,26.02,42.62,0.47,1.71,273.6,-0.11,2.82,2.84,2.59,2.15,1.92,1.75,87.8,0,351,5.66,0.37,-0.02,10.36
2002,243,1800,66.21,29.23,33.6,-1.57,0.59,207.3,-0.2,2.66,2.8,2.59,1.97,1.87,1.74,87,0,352,5.6,0.37,-0.02,11.64
2002,243,1830,56.64,24.82,17.81,-2.33,-0.87,176.1,-0.22,2.48,2.75,2.58,1.78,1.82,1.72,85.8,0,350,5.51,0.31,-0.02,9.88
2002,243,1900,35,22.73,19.37,-4.22,-2.31,117.2,-0.32,2.29,2.69,2.56,1.59,1.76,1.69,85.9,0,351,5.58,0.35,0,9.05
2002,243,1930,22.34,22.61,14.99,-5.18,-4.11,82,-0.7,2,2.61,2.53,1.33,1.69,1.66,85,0,358,5.32,0.34,0.01,9
2002,243,2000,10.49,16.45,8.23,-5.56,-4.59,50.23,-0.78,1.75,2.51,2.48,1.12,1.6,1.62,85.2,0,359,5.21,0.33,0.02,6.55
2002,243,2030,3.67,15.07,4.01,-5.38,-3.84,31.06,-0.68,1.58,2.39,2.41,0.99,1.51,1.56,84.4,0,356,5.05,0.35,0.02,6
2002,243,2100,-3.32,17.31,-2.15,-4.97,-3.16,17.77,-0.61,1.43,2.29,2.34,0.9,1.43,1.5,82.8,0,10,5.15,0.34,0.03,6.89
2002,243,2130,-9.76,19.18,-3.65,-4.73,-2.53,9.96,-0.47,1.29,2.18,2.27,0.81,1.36,1.44,80,0,10,5.03,0.31,0.02,7.64
2002,243,2200,-15.59,9.54,-3.37,-4.56,-1.72,4.6,-0.61,1.18,2.08,2.19,0.74,1.29,1.38,85.4,0,7,5.56,0.34,0.02,3.8
2002,243,2230,-13.45,13.51,-5.15,-4.56,-1.26,2.86,-0.54,1.07,1.98,2.11,0.68,1.24,1.33,81.7,0,9,5.72,0.33,0.03,5.38
2002,243,2300,-10.94,17.79,-4.26,-4.7,-0.79,2.39,-0.76,0.98,1.88,2.04,0.62,1.18,1.28,79.2,0,6,5.08,0.32,0.03,7.08
2002,243,2330,-10.75,11.9,-4.78,-5.7,-0.18,2.39,-0.96,0.89,1.79,1.96,0.55,1.13,1.23,79.2,0,3,4.75,0.31,0.03,4.74
