"ID","Description","profln","TITLE","totcest","totcme","CEST","CME"
"001","Total population",1,"Total population",,,"673,587","+/-12,915"
"001","Total population",2,"One race",,,"98.3","+/-0.4"
"001","Total population",3,"Two races",,,"1.6","+/-0.3"
"001","Total population",4,"Three races",,,"0.1","+/-0.1"
"001","Total population",5,"Four or more races",,,"0.0","+/-0.1"
"001","Total population",6,"Male",,,"49.0","+/-0.6"
"001","Total population",7,"Female",,,"51.0","+/-0.6"
"001","Total population",8,"Under 5 years",,,"6.8","+/-0.4"
"001","Total population",9,"5 to 17 years",,,"15.8","+/-0.6"
"001","Total population",10,"18 to 24 years",,,"10.6","+/-0.5"
"001","Total population",11,"25 to 34 years",,,"14.5","+/-0.6"
"001","Total population",12,"35 to 44 years",,,"14.8","+/-0.7"
"001","Total population",13,"45 to 54 years",,,"14.6","+/-0.6"
"001","Total population",14,"55 to 64 years",,,"11.1","+/-0.6"
"001","Total population",15,"65 to 74 years",,,"6.2","+/-0.5"
"001","Total population",16,"75 years and over",,,"5.5","+/-0.4"
"001","Total population",17,"Median age (years)",,,"36.6","+/-0.6"
"001","Total population",18,"18 years and over",,,"77.4","+/-0.7"
"001","Total population",19,"21 years and over",,,"72.7","+/-0.7"
"001","Total population",20,"62 years and over",,,"14.2","+/-0.6"
"001","Total population",21,"65 years and over",,,"11.7","+/-0.6"
"001","Total population",22,"Under 18 years",,,"152,248","+/-6,276"
"001","Total population",23,"Male",,,"49.8","+/-1.7"
"001","Total population",24,"Female",,,"50.2","+/-1.7"
"001","Total population",25,"18 years and over",,,"521,339","+/-8,918"
"001","Total population",26,"Male",,,"48.8","+/-0.6"
"001","Total population",27,"Female",,,"51.2","+/-0.6"
"001","Total population",28,"18 to 34 years",,,"168,990","+/-5,365"
"001","Total population",29,"Male",,,"51.4","+/-1.3"
"001","Total population",30,"Female",,,"48.6","+/-1.3"
"001","Total population",31,"35 to 64 years",,,"273,266","+/-6,505"
"001","Total population",32,"Male",,,"49.2","+/-0.8"
"001","Total population",33,"Female",,,"50.8","+/-0.8"
"001","Total population",34,"65 years and over",,,"79,083","+/-3,488"
"001","Total population",35,"Male",,,"41.6","+/-1.5"
"001","Total population",36,"Female",,,"58.4","+/-1.5"
"001","Total population",37,"Population in households",,,"653,558","+/-12,794"
"001","Total population",38,"Householder or spouse",,,"55.3","+/-0.9"
"001","Total population",39,"Child",,,"30.7","+/-1.0"
"001","Total population",40,"Other relatives",,,"8.0","+/-0.8"
"001","Total population",41,"Nonrelatives",,,"6.1","+/-0.7"
"001","Total population",42,"Unmarried partner",,,"2.1","+/-0.3"
"001","Total population",43,"Households",,,"242,233","+/-3,936"
"001","Total population",44,"Family households",,,"67.9","+/-1.3"
"001","Total population",45,"With own children under 18 years",,,"33.2","+/-1.3"
"001","Total population",46,"Married-couple family",,,"49.2","+/-1.4"
"001","Total population",47,"With own children under 18 years",,,"23.2","+/-1.4"
"001","Total population",48,"Female householder, no husband present, family",,,"12.6","+/-1.1"
"001","Total population",49,"With own children under 18 years",,,"7.3","+/-0.9"
"001","Total population",50,"Nonfamily households",,,"32.1","+/-1.3"
"001","Total population",51,"Male householder",,,"14.5","+/-1.2"
"001","Total population",52,"Living alone",,,"10.7","+/-1.0"
"001","Total population",53,"Not living alone",,,"3.8","+/-0.7"
"001","Total population",54,"Female householder",,,"17.6","+/-1.2"
"001","Total population",55,"Living alone",,,"15.3","+/-1.1"
"001","Total population",56,"Not living alone",,,"2.3","+/-0.5"
"001","Total population",57,"Average household size",,,"2.70","+/-0.04"
"001","Total population",58,"Average family size",,,"3.26","+/-0.05"
"001","Total population",59,"Population 15 years and over",,,"545,347","+/-9,312"
"001","Total population",60,"Now married, except separated",,,"49.1","+/-1.4"
"001","Total population",61,"Widowed",,,"6.6","+/-0.5"
"001","Total population",62,"Divorced",,,"9.0","+/-0.8"
"001","Total population",63,"Separated",,,"2.2","+/-0.4"
"001","Total population",64,"Never married",,,"33.0","+/-1.1"
"001","Total population",65,"Male 15 years and over",,,"264,689","+/-5,794"
"001","Total population",66,"Now married, except separated",,,"52.7","+/-1.5"
"001","Total population",67,"Widowed",,,"2.5","+/-0.5"
"001","Total population",68,"Divorced",,,"7.7","+/-0.9"
"001","Total population",69,"Separated",,,"1.8","+/-0.4"
"001","Total population",70,"Never married",,,"35.3","+/-1.4"
"001","Total population",71,"Female 15 years and over",,,"280,658","+/-5,471"
"001","Total population",72,"Now married, except separated",,,"45.8","+/-1.6"
"001","Total population",73,"Widowed",,,"10.5","+/-0.9"
"001","Total population",74,"Divorced",,,"10.2","+/-1.0"
"001","Total population",75,"Separated",,,"2.6","+/-0.5"
"001","Total population",76,"Never married",,,"30.9","+/-1.3"
"001","Total population",77,"Population 3 years and over enrolled in school",,,"181,849","+/-7,079"
"001","Total population",78,"Nursery school, preschool",,,"7.7","+/-1.0"
"001","Total population",79,"Kindergarten",,,"4.3","+/-0.6"
"001","Total population",80,"Elementary school (grades 1-8)",,,"37.4","+/-1.7"
"001","Total population",81,"High school (grades 9-12)",,,"19.6","+/-1.3"
"001","Total population",82,"College or graduate school",,,"30.9","+/-1.5"
"001","Total population",83,"Male 3 years and over enrolled in school",,,"88,667","+/-4,658"
"001","Total population",84,"Percent enrolled in kindergarten to grade 12",,,"62.9","+/-2.6"
"001","Total population",85,"Percent enrolled in college or graduate school",,,"28.3","+/-2.4"
"001","Total population",86,"Female 3 years and over enrolled in school",,,"93,182","+/-4,337"
"001","Total population",87,"Percent enrolled in kindergarten to grade 12",,,"59.8","+/-2.7"
"001","Total population",88,"Percent enrolled in college or graduate school",,,"33.4","+/-2.4"
"001","Total population",89,"Population 25 years and over",,,"449,864","+/-7,052"
"001","Total population",90,"Less than high school diploma",,,"12.0","+/-0.9"
"001","Total population",91,"High school graduate (includes equivalency)",,,"31.2","+/-1.4"
"001","Total population",92,"Some college or associate's degree",,,"22.9","+/-1.1"
"001","Total population",93,"Bachelor's degree",,,"20.9","+/-1.2"
"001","Total population",94,"Graduate or professional degree",,,"13.0","+/-0.8"
"001","Total population",95,"High school graduate or higher",,,"88.0","+/-0.9"
"001","Total population",96,"Male, high school graduate or higher",,,"87.3","+/-1.3"
"001","Total population",97,"Female, high school graduate or higher",,,"88.7","+/-1.0"
"001","Total population",98,"Bachelor's degree or higher",,,"34.0","+/-1.2"
"001","Total population",99,"Male, bachelor's degree or higher",,,"36.4","+/-1.7"
"001","Total population",100,"Female, bachelor's degree or higher",,,"31.7","+/-1.4"
"001","Total population",101,"Women 15 to 50 years",,,"177,913","+/-5,559"
"001","Total population",102,"Women 15 to 50 years who had a birth in the past 12 months",,,"9,821","+/-1,844"
"001","Total population",103,"Unmarried women 15 to 50 years who had a birth in the past 12 months",,,"2,650","+/-760"
"001","Total population",104,"As a percent of all women with a birth in the past 12 months",,,"27.0","+/-7.7"
"001","Total population",105,"Population 30 years and over",,,"402,920","+/-6,607"
"001","Total population",106,"Living with grandchild(ren)",,,"3.6","+/-0.6"
"001","Total population",107,"Responsible for grandchild(ren)",,,"27.9","+/-7.8"
"001","Total population",108,"Civilian population 18 years and over",,,"521,276","+/-8,926"
"001","Total population",109,"Civilian veteran",,,"7.6","+/-0.6"
"001","Total population",110,"Civilian population 5 years and over",,,"620,082","+/-12,034"
"001","Total population",111,"With any disability",,,"10.8","+/-0.6"
"001","Total population",112,"Civilian population 5 to 15 years",,,"89,217","+/-5,021"
"001","Total population",113,"With any disability",,,"5.7","+/-1.4"
"001","Total population",114,"Civilian population 16 to 64 years",,,"458,821","+/-9,786"
"001","Total population",115,"With any disability",,,"7.8","+/-0.7"
"001","Total population",116,"No disability",,,"92.2","+/-0.7"
"001","Total population",117,"Civilian population 65 years and over",,,"72,044","+/-3,438"
"001","Total population",118,"With any disability",,,"35.5","+/-2.6"
"001","Total population",119,"Population 1 year and over",,,"664,317","+/-12,984"
"001","Total population",120,"Same house",,,"86.9","+/-1.1"
"001","Total population",121,"Different house in the U.S.",,,"12.0","+/-1.0"
"001","Total population",122,"Same county",,,"7.6","+/-0.9"
"001","Total population",123,"Different county",,,"4.5","+/-0.7"
"001","Total population",124,"Same state",,,"2.9","+/-0.6"
"001","Total population",125,"Different state",,,"1.6","+/-0.4"
"001","Total population",126,"Abroad",,,"1.0","+/-0.3"
"001","Total population",127,"Total population",,,"673,587","+/-12,915"
"001","Total population",128,"Native",,,"515,732","+/-12,811"
"001","Total population",129,"Male",,,"48.3","+/-0.7"
"001","Total population",130,"Female",,,"51.7","+/-0.7"
"001","Total population",131,"Foreign born",,,"157,855","+/-9,450"
"001","Total population",132,"Male",,,"51.3","+/-1.9"
"001","Total population",133,"Female",,,"48.7","+/-1.9"
"001","Total population",134,"Naturalized U.S. citizen",,,"65,441","+/-5,102"
"001","Total population",135,"Male",,,"49.4","+/-3.1"
"001","Total population",136,"Female",,,"50.6","+/-3.1"
"001","Total population",137,"Not a U.S. citizen",,,"92,414","+/-7,061"
"001","Total population",138,"Male",,,"52.6","+/-2.7"
"001","Total population",139,"Female",,,"47.4","+/-2.7"
"001","Total population",140,"Entered 2000 or later",,,"34.4","+/-3.2"
"001","Total population",141,"Entered 1990 to 1999",,,"31.3","+/-3.3"
"001","Total population",142,"Entered before 1990",,,"34.3","+/-2.6"
"001","Total population",143,"Foreign-born population excluding population born at sea",,,"157,855","+/-9,450"
"001","Total population",144,"Europe",,,"16.2","+/-2.1"
"001","Total population",145,"Asia",,,"36.5","+/-2.9"
"001","Total population",146,"Africa",,,"4.9","+/-1.6"
"001","Total population",147,"Oceania",,,"0.2","+/-0.3"
"001","Total population",148,"Latin America",,,"41.6","+/-3.0"
"001","Total population",149,"Northern America",,,"0.5","+/-0.2"
"001","Total population",150,"Population 5 years and over",,,"628,096","+/-12,096"
"001","Total population",151,"English only",,,"70.5","+/-1.3"
"001","Total population",152,"Language other than English",,,"29.5","+/-1.3"
"001","Total population",153,"Speak English less than ""very well""",,,"13.7","+/-1.0"
"001","Total population",154,"Population 16 years and over",,,"538,879","+/-9,098"
"001","Total population",155,"In labor force",,,"67.1","+/-1.0"
"001","Total population",156,"Civilian labor force",,,"67.1","+/-1.0"
"001","Total population",157,"Employed",,,"63.3","+/-1.0"
"001","Total population",158,"Unemployed",,,"3.8","+/-0.4"
"001","Total population",159,"Percent of civilian labor force",,,"5.7","+/-0.6"
"001","Total population",160,"Armed Forces",,,"0.0","+/-0.1"
"001","Total population",161,"Not in labor force",,,"32.9","+/-1.0"
"001","Total population",162,"Females 16 years and over",,,"277,529","+/-5,492"
"001","Total population",163,"In labor force",,,"59.4","+/-1.5"
"001","Total population",164,"Civilian labor force",,,"59.4","+/-1.5"
"001","Total population",165,"Employed",,,"55.6","+/-1.5"
"001","Total population",166,"Unemployed",,,"3.8","+/-0.6"
"001","Total population",167,"Percent of civilian labor force",,,"6.3","+/-0.9"
"001","Total population",168,"Workers 16 years and over",,,"329,853","+/-8,988"
"001","Total population",169,"Car, truck, or van - drove alone",,,"70.7","+/-1.3"
"001","Total population",170,"Car, truck, or van - carpooled",,,"10.7","+/-1.0"
"001","Total population",171,"Public transportation (excluding taxicab)",,,"9.0","+/-1.0"
"001","Total population",172,"Walked",,,"4.6","+/-0.8"
"001","Total population",173,"Other means",,,"2.3","+/-0.7"
"001","Total population",174,"Worked at home",,,"2.8","+/-0.5"
"001","Total population",175,"Mean travel time to work (minutes)",,,"31.1","+/-0.8"
"001","Total population",176,"Civilian employed population 16 years and over",,,"340,842","+/-8,824"
"001","Total population",177,"Management, professional, and related occupations",,,"38.1","+/-1.5"
"001","Total population",178,"Service occupations",,,"16.6","+/-1.1"
"001","Total population",179,"Sales and office occupations",,,"25.9","+/-1.3"
"001","Total population",180,"Farming, fishing, and forestry occupations",,,"0.2","+/-0.1"
"001","Total population",181,"Construction, extraction, maintenance, and repair occupations",,,"9.1","+/-1.0"
"001","Total population",182,"Production, transportation, and material moving occupations",,,"10.1","+/-1.1"
"001","Total population",183,"Male civilian employed population 16 years and over",,,"186,506","+/-5,690"
"001","Total population",184,"Management, professional, and related occupations",,,"36.4","+/-1.9"
"001","Total population",185,"Service occupations",,,"14.6","+/-1.3"
"001","Total population",186,"Sales and office occupations",,,"18.1","+/-1.4"
"001","Total population",187,"Farming, fishing, and forestry occupations",,,"0.4","+/-0.2"
"001","Total population",188,"Construction, extraction, maintenance, and repair occupations",,,"16.1","+/-1.7"
"001","Total population",189,"Production, transportation, and material moving occupations",,,"14.4","+/-1.6"
"001","Total population",190,"Female civilian employed population 16 years and over",,,"154,336","+/-5,371"
"001","Total population",191,"Management, professional, and related occupations",,,"40.1","+/-2.1"
"001","Total population",192,"Service occupations",,,"19.1","+/-1.9"
"001","Total population",193,"Sales and office occupations",,,"35.3","+/-2.0"
"001","Total population",194,"Farming, fishing, and forestry occupations",,,"0.0","+/-0.1"
"001","Total population",195,"Construction, extraction, maintenance, and repair occupations",,,"0.7","+/-0.4"
"001","Total population",196,"Production, transportation, and material moving occupations",,,"4.8","+/-1.0"
"001","Total population",197,"Agriculture, forestry, fishing and hunting, and mining",,,"0.3","+/-0.1"
"001","Total population",198,"Construction",,,"7.2","+/-1.0"
"001","Total population",199,"Manufacturing",,,"8.7","+/-0.9"
"001","Total population",200,"Wholesale trade",,,"3.8","+/-0.6"
"001","Total population",201,"Retail trade",,,"11.9","+/-1.0"
"001","Total population",202,"Transportation and warehousing, and utilities",,,"6.3","+/-0.8"
"001","Total population",203,"Information",,,"4.3","+/-0.7"
"001","Total population",204,"Finance and insurance, and real estate and rental and leasing",,,"8.8","+/-0.8"
"001","Total population",205,"Professional, scientific, and management, and administrative and waste management services",,,"11.9","+/-1.0"
"001","Total population",206,"Educational services, and health care and social assistance",,,"21.3","+/-1.3"
"001","Total population",207,"Arts, entertainment, and recreation, and accommodation and food services",,,"7.5","+/-0.8"
"001","Total population",208,"Other services (except public administration)",,,"3.9","+/-0.6"
"001","Total population",209,"Public administration",,,"4.2","+/-0.5"
"001","Total population",210,"Private wage and salary workers",,,"80.6","+/-1.1"
"001","Total population",211,"Government workers",,,"14.7","+/-1.0"
"001","Total population",212,"Self-employed workers in own not incorporated business",,,"4.5","+/-0.8"
"001","Total population",213,"Unpaid family workers",,,"0.1","+/-0.1"
"001","Total population",214,"Households",,,"242,233","+/-3,936"
"001","Total population",215,"Median household income (dollars)",,,"66,675","+/-3,305"
"001","Total population",216,"With earnings",,,"84.4","+/-0.9"
"001","Total population",217,"Mean earnings (dollars)",,,"85,400","+/-1,850"
"001","Total population",218,"With Social Security income",,,"24.7","+/-1.2"
"001","Total population",219,"Mean Social Security income (dollars)",,,"15,464","+/-526"
"001","Total population",220,"With Supplemental Security Income",,,"2.5","+/-0.4"
"001","Total population",221,"Mean Supplemental Security Income (dollars)",,,"7,628","+/-821"
"001","Total population",222,"With cash public assistance income",,,"1.9","+/-0.4"
"001","Total population",223,"Mean cash public assistance income (dollars)",,,"3,675","+/-871"
"001","Total population",224,"With retirement income",,,"15.0","+/-1.2"
"001","Total population",225,"Mean retirement income (dollars)",,,"22,402","+/-1,591"
"001","Total population",226,"With Food Stamp benefits",,,"4.0","+/-0.6"
"001","Total population",227,"Families",,,"164,436","+/-4,375"
"001","Total population",228,"Median family income (dollars)",,,"81,481","+/-2,293"
"001","Total population",229,"Married-couple family",,,"72.5","+/-1.7"
"001","Total population",230,"Median income (dollars)",,,"95,977","+/-3,119"
"001","Total population",231,"Male householder, no spouse present, family",,,"8.9","+/-1.4"
"001","Total population",232,"Median income (dollars)",,,"48,241","+/-6,037"
"001","Total population",233,"Female householder, no husband present, family",,,"18.5","+/-1.5"
"001","Total population",234,"Median income (dollars)",,,"42,497","+/-3,665"
"001","Total population",235,"Individuals",,,"673,587","+/-12,915"
"001","Total population",236,"Per capita income (dollars)",,,"31,567","+/-607"
"001","Total population",237,"Male",,,"141,473","+/-5,065"
"001","Total population",238,"Female",,,"92,371","+/-3,878"
"001","Total population",239,"Male",,,"68,775","+/-2,299"
"001","Total population",240,"Female",,,"51,118","+/-2,153"
"001","Total population",241,"Male",,,"53,157","+/-2,071"
"001","Total population",242,"Female",,,"41,996","+/-1,126"
"001","Total population",243,"All families",,,"5.6","+/-0.9"
"001","Total population",244,"With related children under 18 years",,,"8.7","+/-1.7"
"001","Total population",245,"With related children under 5 years only",,,"11.2","+/-4.8"
"001","Total population",246,"Married-couple family",,,"3.1","+/-1.0"
"001","Total population",247,"With related children under 18 years",,,"4.4","+/-1.9"
"001","Total population",248,"With related children under 5 years only",,,"9.3","+/-6.0"
"001","Total population",249,"Female householder, no husband present, family",,,"16.6","+/-3.5"
"001","Total population",250,"With related children under 18 years",,,"23.5","+/-5.3"
"001","Total population",251,"With related children under 5 years only",,,"31.8","+/-13.3"
"001","Total population",252,"All people",,,"8.5","+/-0.8"
"001","Total population",253,"Under 18 years",,,"10.6","+/-1.9"
"001","Total population",254,"Related children under 18 years",,,"10.1","+/-1.9"
"001","Total population",255,"Related children under 5 years",,,"15.4","+/-3.9"
"001","Total population",256,"Related children 5 to 17 years",,,"7.9","+/-1.8"
"001","Total population",257,"18 years and over",,,"7.9","+/-0.7"
"001","Total population",258,"18 to 64 years",,,"8.1","+/-0.9"
"001","Total population",259,"65 years and over",,,"6.9","+/-1.6"
"001","Total population",260,"People in families",,,"5.7","+/-1.0"
"001","Total population",261,"Unrelated individuals 15 years and over",,,"21.2","+/-2.0"
"001","Total population",262,"Occupied housing units",,,"242,233","+/-3,936"
"001","Total population",263,"Owner-occupied housing units",,,"62.6","+/-1.4"
"001","Total population",264,"Renter-occupied housing units",,,"37.4","+/-1.4"
"001","Total population",265,"Average household size of owner-occupied unit",,,"2.82","+/-0.06"
"001","Total population",266,"Average household size of renter-occupied unit",,,"2.49","+/-0.09"
"001","Total population",267,"1-unit, detached or attached",,,"61.9","+/-1.4"
"001","Total population",268,"2 to 4 units",,,"14.6","+/-1.0"
"001","Total population",269,"5 or more units",,,"22.8","+/-1.1"
"001","Total population",270,"Mobile home, boat, RV, van, etc.",,,"0.7","+/-0.3"
"001","Total population",271,"Built 2000 or later",,,"5.1","+/-0.7"
"001","Total population",272,"Built 1990 to 1999",,,"7.6","+/-0.7"
"001","Total population",273,"Built 1980 to 1989",,,"12.0","+/-1.2"
"001","Total population",274,"Built 1960 to 1979",,,"31.6","+/-1.4"
"001","Total population",275,"Built 1940 to 1959",,,"24.9","+/-1.4"
"001","Total population",276,"Built 1939 or earlier",,,"18.8","+/-1.0"
"001","Total population",277,"None",,,"9.6","+/-1.0"
"001","Total population",278,"1 or more",,,"90.4","+/-1.0"
"001","Total population",279,"Gas",,,"80.6","+/-1.2"
"001","Total population",280,"Electricity",,,"9.6","+/-0.9"
"001","Total population",281,"All other fuels",,,"9.6","+/-1.0"
"001","Total population",282,"No fuel used",,,"0.2","+/-0.1"
"001","Total population",283,"No telephone service available",,,"7.6","+/-1.0"
"001","Total population",284,"1.01 or more occupants per room",,,"3.6","+/-0.7"
"001","Total population",285,"Owner-occupied housing units",,,"151,669","+/-3,787"
"001","Total population",286,"Less than 30 percent",,,"56.5","+/-2.1"
"001","Total population",287,"30 percent or more",,,"43.5","+/-2.1"
"001","Total population",288,"Median value (dollars)",,,"374,500","+/-5,872"
"001","Total population",289,"Median selected monthly owner costs with a mortgage (dollars)",,,"2,261","+/-45"
"001","Total population",290,"Median selected monthly owner costs without a mortgage (dollars)",,,"833","+/-21"
"001","Total population",291,"Renter-occupied housing units",,,"90,564","+/-3,987"
"001","Total population",292,"Less than 30 percent",,,"50.7","+/-2.9"
"001","Total population",293,"30 percent or more",,,"49.3","+/-2.9"
"001","Total population",294,"Median gross rent (dollars)",,,"1,076","+/-25"
"002","White alone",1,"Total population","673,587","+/-12,915","420,456","+/-12,163"
"002","White alone",2,"One race","98.3","+/-0.4","100.0","+/-0.1"
"002","White alone",3,"Two races","1.6","+/-0.3","(X)","(X)"
"002","White alone",4,"Three races","0.1","+/-0.1","(X)","(X)"
"002","White alone",5,"Four or more races","0.0","+/-0.1","(X)","(X)"
"002","White alone",6,"Male","49.0","+/-0.6","48.6","+/-0.8"
"002","White alone",7,"Female","51.0","+/-0.6","51.4","+/-0.8"
"002","White alone",8,"Under 5 years","6.8","+/-0.4","5.4","+/-0.5"
"002","White alone",9,"5 to 17 years","15.8","+/-0.6","13.9","+/-0.7"
"002","White alone",10,"18 to 24 years","10.6","+/-0.5","10.2","+/-0.6"
"002","White alone",11,"25 to 34 years","14.5","+/-0.6","11.6","+/-0.8"
"002","White alone",12,"35 to 44 years","14.8","+/-0.7","14.4","+/-0.8"
"002","White alone",13,"45 to 54 years","14.6","+/-0.6","16.6","+/-0.8"
"002","White alone",14,"55 to 64 years","11.1","+/-0.6","13.2","+/-0.9"
"002","White alone",15,"65 to 74 years","6.2","+/-0.5","7.2","+/-0.6"
"002","White alone",16,"75 years and over","5.5","+/-0.4","7.5","+/-0.6"
"002","White alone",17,"Median age (years)","36.6","+/-0.6","41.3","+/-0.9"
"002","White alone",18,"18 years and over","77.4","+/-0.7","80.7","+/-0.8"
"002","White alone",19,"21 years and over","72.7","+/-0.7","76.3","+/-0.9"
"002","White alone",20,"62 years and over","14.2","+/-0.6","17.6","+/-0.9"
"002","White alone",21,"65 years and over","11.7","+/-0.6","14.7","+/-0.8"
"002","White alone",22,"Under 18 years","152,248","+/-6,276","81,095","+/-4,974"
"002","White alone",23,"Male","49.8","+/-1.7","49.5","+/-2.4"
"002","White alone",24,"Female","50.2","+/-1.7","50.5","+/-2.4"
"002","White alone",25,"18 years and over","521,339","+/-8,918","339,361","+/-8,743"
"002","White alone",26,"Male","48.8","+/-0.6","48.4","+/-0.8"
"002","White alone",27,"Female","51.2","+/-0.6","51.6","+/-0.8"
"002","White alone",28,"18 to 34 years","168,990","+/-5,365","91,706","+/-4,645"
"002","White alone",29,"Male","51.4","+/-1.3","51.6","+/-1.9"
"002","White alone",30,"Female","48.6","+/-1.3","48.4","+/-1.9"
"002","White alone",31,"35 to 64 years","273,266","+/-6,505","185,730","+/-5,937"
"002","White alone",32,"Male","49.2","+/-0.8","49.3","+/-1.1"
"002","White alone",33,"Female","50.8","+/-0.8","50.7","+/-1.1"
"002","White alone",34,"65 years and over","79,083","+/-3,488","61,925","+/-3,094"
"002","White alone",35,"Male","41.6","+/-1.5","40.9","+/-1.9"
"002","White alone",36,"Female","58.4","+/-1.5","59.1","+/-1.9"
"002","White alone",37,"Population in households","653,558","+/-12,794","409,435","+/-11,977"
"002","White alone",38,"Householder or spouse","55.3","+/-0.9","59.5","+/-1.1"
"002","White alone",39,"Child","30.7","+/-1.0","28.9","+/-1.0"
"002","White alone",40,"Other relatives","8.0","+/-0.8","5.9","+/-0.9"
"002","White alone",41,"Nonrelatives","6.1","+/-0.7","5.8","+/-0.8"
"002","White alone",42,"Unmarried partner","2.1","+/-0.3","2.3","+/-0.3"
"002","White alone",43,"Households","242,233","+/-3,936","161,964","+/-3,888"
"002","White alone",44,"Family households","67.9","+/-1.3","64.3","+/-1.7"
"002","White alone",45,"With own children under 18 years","33.2","+/-1.3","27.5","+/-1.5"
"002","White alone",46,"Married-couple family","49.2","+/-1.4","49.4","+/-1.6"
"002","White alone",47,"With own children under 18 years","23.2","+/-1.4","20.6","+/-1.4"
"002","White alone",48,"Female householder, no husband present, family","12.6","+/-1.1","9.8","+/-1.2"
"002","White alone",49,"With own children under 18 years","7.3","+/-0.9","4.9","+/-1.0"
"002","White alone",50,"Nonfamily households","32.1","+/-1.3","35.7","+/-1.7"
"002","White alone",51,"Male householder","14.5","+/-1.2","15.7","+/-1.4"
"002","White alone",52,"Living alone","10.7","+/-1.0","11.9","+/-1.2"
"002","White alone",53,"Not living alone","3.8","+/-0.7","3.8","+/-0.8"
"002","White alone",54,"Female householder","17.6","+/-1.2","20.1","+/-1.5"
"002","White alone",55,"Living alone","15.3","+/-1.1","17.3","+/-1.4"
"002","White alone",56,"Not living alone","2.3","+/-0.5","2.8","+/-0.7"
"002","White alone",57,"Average household size","2.70","+/-0.04","2.56","+/-0.05"
"002","White alone",58,"Average family size","3.26","+/-0.05","3.20","+/-0.07"
"002","White alone",59,"Population 15 years and over","545,347","+/-9,312","354,522","+/-9,336"
"002","White alone",60,"Now married, except separated","49.1","+/-1.4","49.7","+/-1.6"
"002","White alone",61,"Widowed","6.6","+/-0.5","7.7","+/-0.7"
"002","White alone",62,"Divorced","9.0","+/-0.8","10.4","+/-1.0"
"002","White alone",63,"Separated","2.2","+/-0.4","1.5","+/-0.4"
"002","White alone",64,"Never married","33.0","+/-1.1","30.6","+/-1.4"
"002","White alone",65,"Male 15 years and over","264,689","+/-5,794","170,676","+/-5,753"
"002","White alone",66,"Now married, except separated","52.7","+/-1.5","52.6","+/-2.0"
"002","White alone",67,"Widowed","2.5","+/-0.5","2.7","+/-0.6"
"002","White alone",68,"Divorced","7.7","+/-0.9","9.7","+/-1.2"
"002","White alone",69,"Separated","1.8","+/-0.4","1.2","+/-0.4"
"002","White alone",70,"Never married","35.3","+/-1.4","33.9","+/-1.9"
"002","White alone",71,"Female 15 years and over","280,658","+/-5,471","183,846","+/-4,987"
"002","White alone",72,"Now married, except separated","45.8","+/-1.6","46.9","+/-1.8"
"002","White alone",73,"Widowed","10.5","+/-0.9","12.4","+/-1.2"
"002","White alone",74,"Divorced","10.2","+/-1.0","11.1","+/-1.3"
"002","White alone",75,"Separated","2.6","+/-0.5","1.9","+/-0.5"
"002","White alone",76,"Never married","30.9","+/-1.3","27.6","+/-1.5"
"002","White alone",77,"Population 3 years and over enrolled in school","181,849","+/-7,079","102,853","+/-5,692"
"002","White alone",78,"Nursery school, preschool","7.7","+/-1.0","7.8","+/-1.3"
"002","White alone",79,"Kindergarten","4.3","+/-0.6","4.1","+/-0.9"
"002","White alone",80,"Elementary school (grades 1-8)","37.4","+/-1.7","34.3","+/-2.1"
"002","White alone",81,"High school (grades 9-12)","19.6","+/-1.3","20.0","+/-1.5"
"002","White alone",82,"College or graduate school","30.9","+/-1.5","33.8","+/-2.3"
"002","White alone",83,"Male 3 years and over enrolled in school","88,667","+/-4,658","50,419","+/-3,600"
"002","White alone",84,"Percent enrolled in kindergarten to grade 12","62.9","+/-2.6","60.1","+/-3.2"
"002","White alone",85,"Percent enrolled in college or graduate school","28.3","+/-2.4","30.8","+/-3.2"
"002","White alone",86,"Female 3 years and over enrolled in school","93,182","+/-4,337","52,434","+/-3,603"
"002","White alone",87,"Percent enrolled in kindergarten to grade 12","59.8","+/-2.7","56.8","+/-3.5"
"002","White alone",88,"Percent enrolled in college or graduate school","33.4","+/-2.4","36.6","+/-3.3"
"002","White alone",89,"Population 25 years and over","449,864","+/-7,052","296,327","+/-7,055"
"002","White alone",90,"Less than high school diploma","12.0","+/-0.9","9.7","+/-0.9"
"002","White alone",91,"High school graduate (includes equivalency)","31.2","+/-1.4","33.5","+/-1.6"
"002","White alone",92,"Some college or associate's degree","22.9","+/-1.1","24.2","+/-1.4"
"002","White alone",93,"Bachelor's degree","20.9","+/-1.2","20.5","+/-1.3"
"002","White alone",94,"Graduate or professional degree","13.0","+/-0.8","12.1","+/-0.9"
"002","White alone",95,"High school graduate or higher","88.0","+/-0.9","90.3","+/-0.9"
"002","White alone",96,"Male, high school graduate or higher","87.3","+/-1.3","89.8","+/-1.4"
"002","White alone",97,"Female, high school graduate or higher","88.7","+/-1.0","90.7","+/-1.2"
"002","White alone",98,"Bachelor's degree or higher","34.0","+/-1.2","32.7","+/-1.4"
"002","White alone",99,"Male, bachelor's degree or higher","36.4","+/-1.7","35.4","+/-2.0"
"002","White alone",100,"Female, bachelor's degree or higher","31.7","+/-1.4","30.1","+/-1.6"
"002","White alone",101,"Women 15 to 50 years","177,913","+/-5,559","105,585","+/-4,864"
"002","White alone",102,"Women 15 to 50 years who had a birth in the past 12 months","9,821","+/-1,844","4,483","+/-1,177"
"002","White alone",103,"Unmarried women 15 to 50 years who had a birth in the past 12 months","2,650","+/-760","832","+/-434"
"002","White alone",104,"As a percent of all women with a birth in the past 12 months","27.0","+/-7.7","18.6","+/-9.1"
"002","White alone",105,"Population 30 years and over","402,920","+/-6,607","271,377","+/-6,283"
"002","White alone",106,"Living with grandchild(ren)","3.6","+/-0.6","2.3","+/-0.5"
"002","White alone",107,"Responsible for grandchild(ren)","27.9","+/-7.8","24.8","+/-10.4"
"002","White alone",108,"Civilian population 18 years and over","521,276","+/-8,926","339,298","+/-8,744"
"002","White alone",109,"Civilian veteran","7.6","+/-0.6","9.3","+/-0.8"
"002","White alone",110,"Civilian population 5 years and over","620,082","+/-12,034","392,126","+/-11,186"
"002","White alone",111,"With any disability","10.8","+/-0.6","12.0","+/-0.8"
"002","White alone",112,"Civilian population 5 to 15 years","89,217","+/-5,021","47,411","+/-3,632"
"002","White alone",113,"With any disability","5.7","+/-1.4","6.9","+/-1.9"
"002","White alone",114,"Civilian population 16 to 64 years","458,821","+/-9,786","288,224","+/-9,581"
"002","White alone",115,"With any disability","7.8","+/-0.7","8.5","+/-0.9"
"002","White alone",116,"No disability","92.2","+/-0.7","91.5","+/-0.9"
"002","White alone",117,"Civilian population 65 years and over","72,044","+/-3,438","56,491","+/-2,674"
"002","White alone",118,"With any disability","35.5","+/-2.6","34.3","+/-2.5"
"002","White alone",119,"Population 1 year and over","664,317","+/-12,984","416,139","+/-12,135"
"002","White alone",120,"Same house","86.9","+/-1.1","89.7","+/-1.4"
"002","White alone",121,"Different house in the U.S.","12.0","+/-1.0","9.7","+/-1.3"
"002","White alone",122,"Same county","7.6","+/-0.9","5.7","+/-0.9"
"002","White alone",123,"Different county","4.5","+/-0.7","3.9","+/-0.9"
"002","White alone",124,"Same state","2.9","+/-0.6","2.6","+/-0.9"
"002","White alone",125,"Different state","1.6","+/-0.4","1.3","+/-0.4"
"002","White alone",126,"Abroad","1.0","+/-0.3","0.6","+/-0.4"
"002","White alone",127,"Total population","673,587","+/-12,915","420,456","+/-12,163"
"002","White alone",128,"Native","515,732","+/-12,811","365,187","+/-12,079"
"002","White alone",129,"Male","48.3","+/-0.7","48.8","+/-0.9"
"002","White alone",130,"Female","51.7","+/-0.7","51.2","+/-0.9"
"002","White alone",131,"Foreign born","157,855","+/-9,450","55,269","+/-6,623"
"002","White alone",132,"Male","51.3","+/-1.9","47.2","+/-3.6"
"002","White alone",133,"Female","48.7","+/-1.9","52.8","+/-3.6"
"002","White alone",134,"Naturalized U.S. citizen","65,441","+/-5,102","27,361","+/-3,101"
"002","White alone",135,"Male","49.4","+/-3.1","47.4","+/-4.1"
"002","White alone",136,"Female","50.6","+/-3.1","52.6","+/-4.1"
"002","White alone",137,"Not a U.S. citizen","92,414","+/-7,061","27,908","+/-5,153"
"002","White alone",138,"Male","52.6","+/-2.7","47.0","+/-5.5"
"002","White alone",139,"Female","47.4","+/-2.7","53.0","+/-5.5"
"002","White alone",140,"Entered 2000 or later","34.4","+/-3.2","28.3","+/-5.5"
"002","White alone",141,"Entered 1990 to 1999","31.3","+/-3.3","25.7","+/-4.9"
"002","White alone",142,"Entered before 1990","34.3","+/-2.6","46.0","+/-5.4"
"002","White alone",143,"Foreign-born population excluding population born at sea","157,855","+/-9,450","55,269","+/-6,623"
"002","White alone",144,"Europe","16.2","+/-2.1","45.5","+/-5.7"
"002","White alone",145,"Asia","36.5","+/-2.9","4.8","+/-1.9"
"002","White alone",146,"Africa","4.9","+/-1.6","6.5","+/-4.2"
"002","White alone",147,"Oceania","0.2","+/-0.3","0.1","+/-0.2"
"002","White alone",148,"Latin America","41.6","+/-3.0","42.1","+/-5.7"
"002","White alone",149,"Northern America","0.5","+/-0.2","0.9","+/-0.6"
"002","White alone",150,"Population 5 years and over","628,096","+/-12,096","397,923","+/-11,262"
"002","White alone",151,"English only","70.5","+/-1.3","82.2","+/-1.4"
"002","White alone",152,"Language other than English","29.5","+/-1.3","17.8","+/-1.4"
"002","White alone",153,"Speak English less than ""very well""","13.7","+/-1.0","7.5","+/-1.2"
"002","White alone",154,"Population 16 years and over","538,879","+/-9,098","350,512","+/-9,176"
"002","White alone",155,"In labor force","67.1","+/-1.0","67.1","+/-1.2"
"002","White alone",156,"Civilian labor force","67.1","+/-1.0","67.1","+/-1.2"
"002","White alone",157,"Employed","63.3","+/-1.0","63.8","+/-1.1"
"002","White alone",158,"Unemployed","3.8","+/-0.4","3.3","+/-0.5"
"002","White alone",159,"Percent of civilian labor force","5.7","+/-0.6","5.0","+/-0.7"
"002","White alone",160,"Armed Forces","0.0","+/-0.1","0.0","+/-0.1"
"002","White alone",161,"Not in labor force","32.9","+/-1.0","32.9","+/-1.2"
"002","White alone",162,"Females 16 years and over","277,529","+/-5,492","181,676","+/-4,939"
"002","White alone",163,"In labor force","59.4","+/-1.5","60.2","+/-1.8"
"002","White alone",164,"Civilian labor force","59.4","+/-1.5","60.2","+/-1.8"
"002","White alone",165,"Employed","55.6","+/-1.5","57.2","+/-1.7"
"002","White alone",166,"Unemployed","3.8","+/-0.6","3.0","+/-0.7"
"002","White alone",167,"Percent of civilian labor force","6.3","+/-0.9","5.0","+/-1.2"
"002","White alone",168,"Workers 16 years and over","329,853","+/-8,988","215,553","+/-7,435"
"002","White alone",169,"Car, truck, or van - drove alone","70.7","+/-1.3","76.1","+/-1.3"
"002","White alone",170,"Car, truck, or van - carpooled","10.7","+/-1.0","8.8","+/-1.1"
"002","White alone",171,"Public transportation (excluding taxicab)","9.0","+/-1.0","7.4","+/-1.0"
"002","White alone",172,"Walked","4.6","+/-0.8","3.2","+/-0.7"
"002","White alone",173,"Other means","2.3","+/-0.7","1.0","+/-0.3"
"002","White alone",174,"Worked at home","2.8","+/-0.5","3.5","+/-0.7"
"002","White alone",175,"Mean travel time to work (minutes)","31.1","+/-0.8","30.8","+/-0.9"
"002","White alone",176,"Civilian employed population 16 years and over","340,842","+/-8,824","223,493","+/-7,342"
"002","White alone",177,"Management, professional, and related occupations","38.1","+/-1.5","37.7","+/-1.6"
"002","White alone",178,"Service occupations","16.6","+/-1.1","15.0","+/-1.3"
"002","White alone",179,"Sales and office occupations","25.9","+/-1.3","28.4","+/-1.6"
"002","White alone",180,"Farming, fishing, and forestry occupations","0.2","+/-0.1","0.2","+/-0.2"
"002","White alone",181,"Construction, extraction, maintenance, and repair occupations","9.1","+/-1.0","10.2","+/-1.3"
"002","White alone",182,"Production, transportation, and material moving occupations","10.1","+/-1.1","8.5","+/-1.2"
"002","White alone",183,"Male civilian employed population 16 years and over","186,506","+/-5,690","119,587","+/-5,236"
"002","White alone",184,"Management, professional, and related occupations","36.4","+/-1.9","35.4","+/-2.2"
"002","White alone",185,"Service occupations","14.6","+/-1.3","13.6","+/-1.5"
"002","White alone",186,"Sales and office occupations","18.1","+/-1.4","19.4","+/-1.8"
"002","White alone",187,"Farming, fishing, and forestry occupations","0.4","+/-0.2","0.4","+/-0.3"
"002","White alone",188,"Construction, extraction, maintenance, and repair occupations","16.1","+/-1.7","18.3","+/-2.2"
"002","White alone",189,"Production, transportation, and material moving occupations","14.4","+/-1.6","12.9","+/-1.9"
"002","White alone",190,"Female civilian employed population 16 years and over","154,336","+/-5,371","103,906","+/-4,260"
"002","White alone",191,"Management, professional, and related occupations","40.1","+/-2.1","40.5","+/-2.3"
"002","White alone",192,"Service occupations","19.1","+/-1.9","16.6","+/-2.1"
"002","White alone",193,"Sales and office occupations","35.3","+/-2.0","38.7","+/-2.3"
"002","White alone",194,"Farming, fishing, and forestry occupations","0.0","+/-0.1","0.0","+/-0.2"
"002","White alone",195,"Construction, extraction, maintenance, and repair occupations","0.7","+/-0.4","0.8","+/-0.5"
"002","White alone",196,"Production, transportation, and material moving occupations","4.8","+/-1.0","3.4","+/-1.1"
"002","White alone",197,"Agriculture, forestry, fishing and hunting, and mining","0.3","+/-0.1","0.3","+/-0.2"
"002","White alone",198,"Construction","7.2","+/-1.0","8.0","+/-1.3"
"002","White alone",199,"Manufacturing","8.7","+/-0.9","7.7","+/-1.1"
"002","White alone",200,"Wholesale trade","3.8","+/-0.6","4.3","+/-0.6"
"002","White alone",201,"Retail trade","11.9","+/-1.0","13.1","+/-1.3"
"002","White alone",202,"Transportation and warehousing, and utilities","6.3","+/-0.8","6.4","+/-0.8"
"002","White alone",203,"Information","4.3","+/-0.7","4.1","+/-0.8"
"002","White alone",204,"Finance and insurance, and real estate and rental and leasing","8.8","+/-0.8","9.2","+/-1.1"
"002","White alone",205,"Professional, scientific, and management, and administrative and waste management services","11.9","+/-1.0","10.9","+/-1.0"
"002","White alone",206,"Educational services, and health care and social assistance","21.3","+/-1.3","20.2","+/-1.5"
"002","White alone",207,"Arts, entertainment, and recreation, and accommodation and food services","7.5","+/-0.8","7.3","+/-1.1"
"002","White alone",208,"Other services (except public administration)","3.9","+/-0.6","4.2","+/-0.8"
"002","White alone",209,"Public administration","4.2","+/-0.5","4.4","+/-0.7"
"002","White alone",210,"Private wage and salary workers","80.6","+/-1.1","79.0","+/-1.3"
"002","White alone",211,"Government workers","14.7","+/-1.0","15.4","+/-1.2"
"002","White alone",212,"Self-employed workers in own not incorporated business","4.5","+/-0.8","5.5","+/-1.0"
"002","White alone",213,"Unpaid family workers","0.1","+/-0.1","0.1","+/-0.1"
"002","White alone",214,"Households","242,233","+/-3,936","161,964","+/-3,888"
"002","White alone",215,"Median household income (dollars)","66,675","+/-3,305","70,930","+/-2,757"
"002","White alone",216,"With earnings","84.4","+/-0.9","81.4","+/-1.3"
"002","White alone",217,"Mean earnings (dollars)","85,400","+/-1,850","91,528","+/-2,633"
"002","White alone",218,"With Social Security income","24.7","+/-1.2","29.1","+/-1.5"
"002","White alone",219,"Mean Social Security income (dollars)","15,464","+/-526","16,284","+/-574"
"002","White alone",220,"With Supplemental Security Income","2.5","+/-0.4","2.6","+/-0.5"
"002","White alone",221,"Mean Supplemental Security Income (dollars)","7,628","+/-821","7,767","+/-1,012"
"002","White alone",222,"With cash public assistance income","1.9","+/-0.4","1.5","+/-0.5"
"002","White alone",223,"Mean cash public assistance income (dollars)","3,675","+/-871","4,154","+/-1,701"
"002","White alone",224,"With retirement income","15.0","+/-1.2","17.7","+/-1.5"
"002","White alone",225,"Mean retirement income (dollars)","22,402","+/-1,591","23,508","+/-1,869"
"002","White alone",226,"With Food Stamp benefits","4.0","+/-0.6","2.9","+/-0.7"
"002","White alone",227,"Families","164,436","+/-4,375","104,102","+/-3,623"
"002","White alone",228,"Median family income (dollars)","81,481","+/-2,293","87,612","+/-3,519"
"002","White alone",229,"Married-couple family","72.5","+/-1.7","76.9","+/-2.1"
"002","White alone",230,"Median income (dollars)","95,977","+/-3,119","101,513","+/-2,599"
"002","White alone",231,"Male householder, no spouse present, family","8.9","+/-1.4","7.8","+/-1.7"
"002","White alone",232,"Median income (dollars)","48,241","+/-6,037","63,638","+/-33,073"
"002","White alone",233,"Female householder, no husband present, family","18.5","+/-1.5","15.3","+/-1.6"
"002","White alone",234,"Median income (dollars)","42,497","+/-3,665","49,285","+/-4,000"
"002","White alone",235,"Individuals","673,587","+/-12,915","420,456","+/-12,163"
"002","White alone",236,"Per capita income (dollars)","31,567","+/-607","36,281","+/-897"
"002","White alone",237,"Male","141,473","+/-5,065","91,629","+/-4,712"
"002","White alone",238,"Female","92,371","+/-3,878","58,760","+/-3,422"
"002","White alone",239,"Male","68,775","+/-2,299","76,133","+/-3,200"
"002","White alone",240,"Female","51,118","+/-2,153","52,712","+/-2,723"
"002","White alone",241,"Male","53,157","+/-2,071","58,363","+/-3,902"
"002","White alone",242,"Female","41,996","+/-1,126","45,321","+/-3,043"
"002","White alone",243,"All families","5.6","+/-0.9","3.7","+/-0.9"
"002","White alone",244,"With related children under 18 years","8.7","+/-1.7","6.2","+/-2.0"
"002","White alone",245,"With related children under 5 years only","11.2","+/-4.8","9.3","+/-6.1"
"002","White alone",246,"Married-couple family","3.1","+/-1.0","2.0","+/-0.9"
"002","White alone",247,"With related children under 18 years","4.4","+/-1.9","3.4","+/-2.0"
"002","White alone",248,"With related children under 5 years only","9.3","+/-6.0","10.1","+/-7.8"
"002","White alone",249,"Female householder, no husband present, family","16.6","+/-3.5","12.2","+/-4.7"
"002","White alone",250,"With related children under 18 years","23.5","+/-5.3","18.5","+/-8.0"
"002","White alone",251,"With related children under 5 years only","31.8","+/-13.3","13.0","+/-13.0"
"002","White alone",252,"All people","8.5","+/-0.8","6.2","+/-1.0"
"002","White alone",253,"Under 18 years","10.6","+/-1.9","6.3","+/-1.9"
"002","White alone",254,"Related children under 18 years","10.1","+/-1.9","5.6","+/-1.8"
"002","White alone",255,"Related children under 5 years","15.4","+/-3.9","8.5","+/-4.5"
"002","White alone",256,"Related children 5 to 17 years","7.9","+/-1.8","4.4","+/-1.9"
"002","White alone",257,"18 years and over","7.9","+/-0.7","6.2","+/-0.9"
"002","White alone",258,"18 to 64 years","8.1","+/-0.9","6.2","+/-1.0"
"002","White alone",259,"65 years and over","6.9","+/-1.6","6.2","+/-1.7"
"002","White alone",260,"People in families","5.7","+/-1.0","3.3","+/-0.9"
"002","White alone",261,"Unrelated individuals 15 years and over","21.2","+/-2.0","17.6","+/-2.4"
"002","White alone",262,"Occupied housing units","242,233","+/-3,936","161,964","+/-3,888"
"002","White alone",263,"Owner-occupied housing units","62.6","+/-1.4","70.5","+/-1.7"
"002","White alone",264,"Renter-occupied housing units","37.4","+/-1.4","29.5","+/-1.7"
"002","White alone",265,"Average household size of owner-occupied unit","2.82","+/-0.06","2.74","+/-0.06"
"002","White alone",266,"Average household size of renter-occupied unit","2.49","+/-0.09","2.12","+/-0.11"
"002","White alone",267,"1-unit, detached or attached","61.9","+/-1.4","68.5","+/-1.6"
"002","White alone",268,"2 to 4 units","14.6","+/-1.0","12.6","+/-1.3"
"002","White alone",269,"5 or more units","22.8","+/-1.1","17.9","+/-1.2"
"002","White alone",270,"Mobile home, boat, RV, van, etc.","0.7","+/-0.3","1.0","+/-0.4"
"002","White alone",271,"Built 2000 or later","5.1","+/-0.7","4.6","+/-0.7"
"002","White alone",272,"Built 1990 to 1999","7.6","+/-0.7","6.7","+/-0.9"
"002","White alone",273,"Built 1980 to 1989","12.0","+/-1.2","11.2","+/-1.1"
"002","White alone",274,"Built 1960 to 1979","31.6","+/-1.4","31.2","+/-1.6"
"002","White alone",275,"Built 1940 to 1959","24.9","+/-1.4","26.9","+/-1.8"
"002","White alone",276,"Built 1939 or earlier","18.8","+/-1.0","19.5","+/-1.2"
"002","White alone",277,"None","9.6","+/-1.0","7.7","+/-1.0"
"002","White alone",278,"1 or more","90.4","+/-1.0","92.3","+/-1.0"
"002","White alone",279,"Gas","80.6","+/-1.2","79.8","+/-1.4"
"002","White alone",280,"Electricity","9.6","+/-0.9","9.8","+/-1.1"
"002","White alone",281,"All other fuels","9.6","+/-1.0","10.2","+/-1.2"
"002","White alone",282,"No fuel used","0.2","+/-0.1","0.1","+/-0.1"
"002","White alone",283,"No telephone service available","7.6","+/-1.0","6.4","+/-1.1"
"002","White alone",284,"1.01 or more occupants per room","3.6","+/-0.7","1.1","+/-0.4"
"002","White alone",285,"Owner-occupied housing units","151,669","+/-3,787","114,166","+/-3,048"
"002","White alone",286,"Less than 30 percent","56.5","+/-2.1","59.9","+/-2.2"
"002","White alone",287,"30 percent or more","43.5","+/-2.1","40.1","+/-2.2"
"002","White alone",288,"Median value (dollars)","374,500","+/-5,872","377,300","+/-6,087"
"002","White alone",289,"Median selected monthly owner costs with a mortgage (dollars)","2,261","+/-45","2,188","+/-50"
"002","White alone",290,"Median selected monthly owner costs without a mortgage (dollars)","833","+/-21","834","+/-19"
"002","White alone",291,"Renter-occupied housing units","90,564","+/-3,987","47,798","+/-3,304"
"002","White alone",292,"Less than 30 percent","50.7","+/-2.9","51.4","+/-3.6"
"002","White alone",293,"30 percent or more","49.3","+/-2.9","48.6","+/-3.6"
"002","White alone",294,"Median gross rent (dollars)","1,076","+/-25","1,041","+/-39"
"003","White alone or in combination with one or more other races",1,"Total population","673,587","+/-12,915","429,233","+/-12,443"
"003","White alone or in combination with one or more other races",2,"One race","98.3","+/-0.4","98.0","+/-0.5"
"003","White alone or in combination with one or more other races",3,"Two races","1.6","+/-0.3","1.9","+/-0.5"
"003","White alone or in combination with one or more other races",4,"Three races","0.1","+/-0.1","0.1","+/-0.1"
"003","White alone or in combination with one or more other races",5,"Four or more races","0.0","+/-0.1","0.0","+/-0.1"
"003","White alone or in combination with one or more other races",6,"Male","49.0","+/-0.6","48.7","+/-0.8"
"003","White alone or in combination with one or more other races",7,"Female","51.0","+/-0.6","51.3","+/-0.8"
"003","White alone or in combination with one or more other races",8,"Under 5 years","6.8","+/-0.4","5.7","+/-0.6"
"003","White alone or in combination with one or more other races",9,"5 to 17 years","15.8","+/-0.6","14.2","+/-0.7"
"003","White alone or in combination with one or more other races",10,"18 to 24 years","10.6","+/-0.5","10.3","+/-0.6"
"003","White alone or in combination with one or more other races",11,"25 to 34 years","14.5","+/-0.6","11.6","+/-0.8"
"003","White alone or in combination with one or more other races",12,"35 to 44 years","14.8","+/-0.7","14.3","+/-0.8"
"003","White alone or in combination with one or more other races",13,"45 to 54 years","14.6","+/-0.6","16.4","+/-0.8"
"003","White alone or in combination with one or more other races",14,"55 to 64 years","11.1","+/-0.6","13.0","+/-0.9"
"003","White alone or in combination with one or more other races",15,"65 to 74 years","6.2","+/-0.5","7.1","+/-0.6"
"003","White alone or in combination with one or more other races",16,"75 years and over","5.5","+/-0.4","7.4","+/-0.6"
"003","White alone or in combination with one or more other races",17,"Median age (years)","36.6","+/-0.6","40.8","+/-0.9"
"003","White alone or in combination with one or more other races",18,"18 years and over","77.4","+/-0.7","80.1","+/-0.8"
"003","White alone or in combination with one or more other races",19,"21 years and over","72.7","+/-0.7","75.7","+/-0.9"
"003","White alone or in combination with one or more other races",20,"62 years and over","14.2","+/-0.6","17.3","+/-0.9"
"003","White alone or in combination with one or more other races",21,"65 years and over","11.7","+/-0.6","14.5","+/-0.8"
"003","White alone or in combination with one or more other races",22,"Under 18 years","152,248","+/-6,276","85,463","+/-5,194"
"003","White alone or in combination with one or more other races",23,"Male","49.8","+/-1.7","49.7","+/-2.3"
"003","White alone or in combination with one or more other races",24,"Female","50.2","+/-1.7","50.3","+/-2.3"
"003","White alone or in combination with one or more other races",25,"18 years and over","521,339","+/-8,918","343,770","+/-8,741"
"003","White alone or in combination with one or more other races",26,"Male","48.8","+/-0.6","48.5","+/-0.7"
"003","White alone or in combination with one or more other races",27,"Female","51.2","+/-0.6","51.5","+/-0.7"
"003","White alone or in combination with one or more other races",28,"18 to 34 years","168,990","+/-5,365","93,911","+/-4,619"
"003","White alone or in combination with one or more other races",29,"Male","51.4","+/-1.3","51.5","+/-1.9"
"003","White alone or in combination with one or more other races",30,"Female","48.6","+/-1.3","48.5","+/-1.9"
"003","White alone or in combination with one or more other races",31,"35 to 64 years","273,266","+/-6,505","187,645","+/-5,946"
"003","White alone or in combination with one or more other races",32,"Male","49.2","+/-0.8","49.4","+/-1.0"
"003","White alone or in combination with one or more other races",33,"Female","50.8","+/-0.8","50.6","+/-1.0"
"003","White alone or in combination with one or more other races",34,"65 years and over","79,083","+/-3,488","62,214","+/-3,085"
"003","White alone or in combination with one or more other races",35,"Male","41.6","+/-1.5","41.0","+/-1.9"
"003","White alone or in combination with one or more other races",36,"Female","58.4","+/-1.5","59.0","+/-1.9"
"003","White alone or in combination with one or more other races",37,"Population in households","653,558","+/-12,794","417,854","+/-12,337"
"003","White alone or in combination with one or more other races",38,"Householder or spouse","55.3","+/-0.9","58.7","+/-1.2"
"003","White alone or in combination with one or more other races",39,"Child","30.7","+/-1.0","29.5","+/-1.0"
"003","White alone or in combination with one or more other races",40,"Other relatives","8.0","+/-0.8","5.9","+/-0.9"
"003","White alone or in combination with one or more other races",41,"Nonrelatives","6.1","+/-0.7","5.8","+/-0.8"
"003","White alone or in combination with one or more other races",42,"Unmarried partner","2.1","+/-0.3","2.2","+/-0.3"
"003","White alone or in combination with one or more other races",43,"Households","242,233","+/-3,936","163,191","+/-3,945"
"003","White alone or in combination with one or more other races",44,"Family households","67.9","+/-1.3","64.0","+/-1.7"
"003","White alone or in combination with one or more other races",45,"With own children under 18 years","33.2","+/-1.3","27.4","+/-1.5"
"003","White alone or in combination with one or more other races",46,"Married-couple family","49.2","+/-1.4","49.2","+/-1.6"
"003","White alone or in combination with one or more other races",47,"With own children under 18 years","23.2","+/-1.4","20.5","+/-1.4"
"003","White alone or in combination with one or more other races",48,"Female householder, no husband present, family","12.6","+/-1.1","9.8","+/-1.1"
"003","White alone or in combination with one or more other races",49,"With own children under 18 years","7.3","+/-0.9","4.9","+/-0.9"
"003","White alone or in combination with one or more other races",50,"Nonfamily households","32.1","+/-1.3","36.0","+/-1.7"
"003","White alone or in combination with one or more other races",51,"Male householder","14.5","+/-1.2","15.9","+/-1.4"
"003","White alone or in combination with one or more other races",52,"Living alone","10.7","+/-1.0","11.9","+/-1.2"
"003","White alone or in combination with one or more other races",53,"Not living alone","3.8","+/-0.7","4.0","+/-0.8"
"003","White alone or in combination with one or more other races",54,"Female householder","17.6","+/-1.2","20.1","+/-1.5"
"003","White alone or in combination with one or more other races",55,"Living alone","15.3","+/-1.1","17.3","+/-1.4"
"003","White alone or in combination with one or more other races",56,"Not living alone","2.3","+/-0.5","2.8","+/-0.7"
"003","White alone or in combination with one or more other races",57,"Average household size","2.70","+/-0.04","2.56","+/-0.05"
"003","White alone or in combination with one or more other races",58,"Average family size","3.26","+/-0.05","3.20","+/-0.07"
"003","White alone or in combination with one or more other races",59,"Population 15 years and over","545,347","+/-9,312","359,360","+/-9,406"
"003","White alone or in combination with one or more other races",60,"Now married, except separated","49.1","+/-1.4","49.3","+/-1.6"
"003","White alone or in combination with one or more other races",61,"Widowed","6.6","+/-0.5","7.6","+/-0.7"
"003","White alone or in combination with one or more other races",62,"Divorced","9.0","+/-0.8","10.4","+/-1.0"
"003","White alone or in combination with one or more other races",63,"Separated","2.2","+/-0.4","1.6","+/-0.4"
"003","White alone or in combination with one or more other races",64,"Never married","33.0","+/-1.1","31.1","+/-1.4"
"003","White alone or in combination with one or more other races",65,"Male 15 years and over","264,689","+/-5,794","173,133","+/-5,606"
"003","White alone or in combination with one or more other races",66,"Now married, except separated","52.7","+/-1.5","52.1","+/-2.0"
"003","White alone or in combination with one or more other races",67,"Widowed","2.5","+/-0.5","2.7","+/-0.6"
"003","White alone or in combination with one or more other races",68,"Divorced","7.7","+/-0.9","9.7","+/-1.2"
"003","White alone or in combination with one or more other races",69,"Separated","1.8","+/-0.4","1.3","+/-0.4"
"003","White alone or in combination with one or more other races",70,"Never married","35.3","+/-1.4","34.2","+/-1.9"
"003","White alone or in combination with one or more other races",71,"Female 15 years and over","280,658","+/-5,471","186,227","+/-5,054"
"003","White alone or in combination with one or more other races",72,"Now married, except separated","45.8","+/-1.6","46.6","+/-1.8"
"003","White alone or in combination with one or more other races",73,"Widowed","10.5","+/-0.9","12.3","+/-1.2"
"003","White alone or in combination with one or more other races",74,"Divorced","10.2","+/-1.0","11.1","+/-1.3"
"003","White alone or in combination with one or more other races",75,"Separated","2.6","+/-0.5","1.9","+/-0.5"
"003","White alone or in combination with one or more other races",76,"Never married","30.9","+/-1.3","28.2","+/-1.6"
"003","White alone or in combination with one or more other races",77,"Population 3 years and over enrolled in school","181,849","+/-7,079","107,089","+/-6,005"
"003","White alone or in combination with one or more other races",78,"Nursery school, preschool","7.7","+/-1.0","8.2","+/-1.3"
"003","White alone or in combination with one or more other races",79,"Kindergarten","4.3","+/-0.6","4.0","+/-0.8"
"003","White alone or in combination with one or more other races",80,"Elementary school (grades 1-8)","37.4","+/-1.7","34.6","+/-2.2"
"003","White alone or in combination with one or more other races",81,"High school (grades 9-12)","19.6","+/-1.3","19.6","+/-1.5"
"003","White alone or in combination with one or more other races",82,"College or graduate school","30.9","+/-1.5","33.6","+/-2.2"
"003","White alone or in combination with one or more other races",83,"Male 3 years and over enrolled in school","88,667","+/-4,658","52,820","+/-3,764"
"003","White alone or in combination with one or more other races",84,"Percent enrolled in kindergarten to grade 12","62.9","+/-2.6","59.4","+/-3.3"
"003","White alone or in combination with one or more other races",85,"Percent enrolled in college or graduate school","28.3","+/-2.4","30.5","+/-3.0"
"003","White alone or in combination with one or more other races",86,"Female 3 years and over enrolled in school","93,182","+/-4,337","54,269","+/-3,674"
"003","White alone or in combination with one or more other races",87,"Percent enrolled in kindergarten to grade 12","59.8","+/-2.7","57.0","+/-3.5"
"003","White alone or in combination with one or more other races",88,"Percent enrolled in college or graduate school","33.4","+/-2.4","36.6","+/-3.3"
"003","White alone or in combination with one or more other races",89,"Population 25 years and over","449,864","+/-7,052","299,584","+/-7,015"
"003","White alone or in combination with one or more other races",90,"Less than high school diploma","12.0","+/-0.9","9.7","+/-0.9"
"003","White alone or in combination with one or more other races",91,"High school graduate (includes equivalency)","31.2","+/-1.4","33.4","+/-1.6"
"003","White alone or in combination with one or more other races",92,"Some college or associate's degree","22.9","+/-1.1","24.3","+/-1.4"
"003","White alone or in combination with one or more other races",93,"Bachelor's degree","20.9","+/-1.2","20.6","+/-1.3"
"003","White alone or in combination with one or more other races",94,"Graduate or professional degree","13.0","+/-0.8","12.0","+/-0.9"
"003","White alone or in combination with one or more other races",95,"High school graduate or higher","88.0","+/-0.9","90.3","+/-0.9"
"003","White alone or in combination with one or more other races",96,"Male, high school graduate or higher","87.3","+/-1.3","89.8","+/-1.4"
"003","White alone or in combination with one or more other races",97,"Female, high school graduate or higher","88.7","+/-1.0","90.7","+/-1.1"
"003","White alone or in combination with one or more other races",98,"Bachelor's degree or higher","34.0","+/-1.2","32.6","+/-1.4"
"003","White alone or in combination with one or more other races",99,"Male, bachelor's degree or higher","36.4","+/-1.7","35.2","+/-2.0"
"003","White alone or in combination with one or more other races",100,"Female, bachelor's degree or higher","31.7","+/-1.4","30.2","+/-1.7"
"003","White alone or in combination with one or more other races",101,"Women 15 to 50 years","177,913","+/-5,559","107,666","+/-4,923"
"003","White alone or in combination with one or more other races",102,"Women 15 to 50 years who had a birth in the past 12 months","9,821","+/-1,844","4,483","+/-1,177"
"003","White alone or in combination with one or more other races",103,"Unmarried women 15 to 50 years who had a birth in the past 12 months","2,650","+/-760","832","+/-434"
"003","White alone or in combination with one or more other races",104,"As a percent of all women with a birth in the past 12 months","27.0","+/-7.7","18.6","+/-9.1"
"003","White alone or in combination with one or more other races",105,"Population 30 years and over","402,920","+/-6,607","273,652","+/-6,215"
"003","White alone or in combination with one or more other races",106,"Living with grandchild(ren)","3.6","+/-0.6","2.3","+/-0.5"
"003","White alone or in combination with one or more other races",107,"Responsible for grandchild(ren)","27.9","+/-7.8","24.7","+/-10.3"
"003","White alone or in combination with one or more other races",108,"Civilian population 18 years and over","521,276","+/-8,926","343,707","+/-8,741"
"003","White alone or in combination with one or more other races",109,"Civilian veteran","7.6","+/-0.6","9.3","+/-0.8"
"003","White alone or in combination with one or more other races",110,"Civilian population 5 years and over","620,082","+/-12,034","398,829","+/-11,367"
"003","White alone or in combination with one or more other races",111,"With any disability","10.8","+/-0.6","11.9","+/-0.8"
"003","White alone or in combination with one or more other races",112,"Civilian population 5 to 15 years","89,217","+/-5,021","49,276","+/-3,828"
"003","White alone or in combination with one or more other races",113,"With any disability","5.7","+/-1.4","6.9","+/-1.8"
"003","White alone or in combination with one or more other races",114,"Civilian population 16 to 64 years","458,821","+/-9,786","292,773","+/-9,653"
"003","White alone or in combination with one or more other races",115,"With any disability","7.8","+/-0.7","8.4","+/-0.9"
"003","White alone or in combination with one or more other races",116,"No disability","92.2","+/-0.7","91.6","+/-0.9"
"003","White alone or in combination with one or more other races",117,"Civilian population 65 years and over","72,044","+/-3,438","56,780","+/-2,657"
"003","White alone or in combination with one or more other races",118,"With any disability","35.5","+/-2.6","34.2","+/-2.5"
"003","White alone or in combination with one or more other races",119,"Population 1 year and over","664,317","+/-12,984","424,631","+/-12,416"
"003","White alone or in combination with one or more other races",120,"Same house","86.9","+/-1.1","89.6","+/-1.3"
"003","White alone or in combination with one or more other races",121,"Different house in the U.S.","12.0","+/-1.0","9.7","+/-1.3"
"003","White alone or in combination with one or more other races",122,"Same county","7.6","+/-0.9","5.8","+/-0.9"
"003","White alone or in combination with one or more other races",123,"Different county","4.5","+/-0.7","3.9","+/-0.9"
"003","White alone or in combination with one or more other races",124,"Same state","2.9","+/-0.6","2.6","+/-0.9"
"003","White alone or in combination with one or more other races",125,"Different state","1.6","+/-0.4","1.3","+/-0.4"
"003","White alone or in combination with one or more other races",126,"Abroad","1.0","+/-0.3","0.7","+/-0.4"
"003","White alone or in combination with one or more other races",127,"Total population","673,587","+/-12,915","429,233","+/-12,443"
"003","White alone or in combination with one or more other races",128,"Native","515,732","+/-12,811","373,163","+/-12,267"
"003","White alone or in combination with one or more other races",129,"Male","48.3","+/-0.7","48.8","+/-0.8"
"003","White alone or in combination with one or more other races",130,"Female","51.7","+/-0.7","51.2","+/-0.8"
"003","White alone or in combination with one or more other races",131,"Foreign born","157,855","+/-9,450","56,070","+/-6,567"
"003","White alone or in combination with one or more other races",132,"Male","51.3","+/-1.9","48.0","+/-3.4"
"003","White alone or in combination with one or more other races",133,"Female","48.7","+/-1.9","52.0","+/-3.4"
"003","White alone or in combination with one or more other races",134,"Naturalized U.S. citizen","65,441","+/-5,102","27,615","+/-3,116"
"003","White alone or in combination with one or more other races",135,"Male","49.4","+/-3.1","47.9","+/-4.1"
"003","White alone or in combination with one or more other races",136,"Female","50.6","+/-3.1","52.1","+/-4.1"
"003","White alone or in combination with one or more other races",137,"Not a U.S. citizen","92,414","+/-7,061","28,455","+/-5,085"
"003","White alone or in combination with one or more other races",138,"Male","52.6","+/-2.7","48.1","+/-5.3"
"003","White alone or in combination with one or more other races",139,"Female","47.4","+/-2.7","51.9","+/-5.3"
"003","White alone or in combination with one or more other races",140,"Entered 2000 or later","34.4","+/-3.2","28.8","+/-5.3"
"003","White alone or in combination with one or more other races",141,"Entered 1990 to 1999","31.3","+/-3.3","25.5","+/-4.8"
"003","White alone or in combination with one or more other races",142,"Entered before 1990","34.3","+/-2.6","45.7","+/-5.3"
"003","White alone or in combination with one or more other races",143,"Foreign-born population excluding population born at sea","157,855","+/-9,450","56,070","+/-6,567"
"003","White alone or in combination with one or more other races",144,"Europe","16.2","+/-2.1","45.0","+/-5.5"
"003","White alone or in combination with one or more other races",145,"Asia","36.5","+/-2.9","4.8","+/-1.8"
"003","White alone or in combination with one or more other races",146,"Africa","4.9","+/-1.6","6.4","+/-4.2"
"003","White alone or in combination with one or more other races",147,"Oceania","0.2","+/-0.3","0.1","+/-0.2"
"003","White alone or in combination with one or more other races",148,"Latin America","41.6","+/-3.0","42.8","+/-5.5"
"003","White alone or in combination with one or more other races",149,"Northern America","0.5","+/-0.2","0.9","+/-0.6"
"003","White alone or in combination with one or more other races",150,"Population 5 years and over","628,096","+/-12,096","404,626","+/-11,425"
"003","White alone or in combination with one or more other races",151,"English only","70.5","+/-1.3","82.1","+/-1.4"
"003","White alone or in combination with one or more other races",152,"Language other than English","29.5","+/-1.3","17.9","+/-1.4"
"003","White alone or in combination with one or more other races",153,"Speak English less than ""very well""","13.7","+/-1.0","7.6","+/-1.1"
"003","White alone or in combination with one or more other races",154,"Population 16 years and over","538,879","+/-9,098","355,350","+/-9,271"
"003","White alone or in combination with one or more other races",155,"In labor force","67.1","+/-1.0","67.2","+/-1.2"
"003","White alone or in combination with one or more other races",156,"Civilian labor force","67.1","+/-1.0","67.2","+/-1.1"
"003","White alone or in combination with one or more other races",157,"Employed","63.3","+/-1.0","63.8","+/-1.1"
"003","White alone or in combination with one or more other races",158,"Unemployed","3.8","+/-0.4","3.4","+/-0.5"
"003","White alone or in combination with one or more other races",159,"Percent of civilian labor force","5.7","+/-0.6","5.0","+/-0.8"
"003","White alone or in combination with one or more other races",160,"Armed Forces","0.0","+/-0.1","0.0","+/-0.1"
"003","White alone or in combination with one or more other races",161,"Not in labor force","32.9","+/-1.0","32.8","+/-1.2"
"003","White alone or in combination with one or more other races",162,"Females 16 years and over","277,529","+/-5,492","184,057","+/-5,009"
"003","White alone or in combination with one or more other races",163,"In labor force","59.4","+/-1.5","60.3","+/-1.7"
"003","White alone or in combination with one or more other races",164,"Civilian labor force","59.4","+/-1.5","60.3","+/-1.7"
"003","White alone or in combination with one or more other races",165,"Employed","55.6","+/-1.5","57.2","+/-1.7"
"003","White alone or in combination with one or more other races",166,"Unemployed","3.8","+/-0.6","3.0","+/-0.7"
"003","White alone or in combination with one or more other races",167,"Percent of civilian labor force","6.3","+/-0.9","5.0","+/-1.1"
"003","White alone or in combination with one or more other races",168,"Workers 16 years and over","329,853","+/-8,988","218,786","+/-7,358"
"003","White alone or in combination with one or more other races",169,"Car, truck, or van - drove alone","70.7","+/-1.3","75.8","+/-1.3"
"003","White alone or in combination with one or more other races",170,"Car, truck, or van - carpooled","10.7","+/-1.0","9.0","+/-1.1"
"003","White alone or in combination with one or more other races",171,"Public transportation (excluding taxicab)","9.0","+/-1.0","7.4","+/-1.0"
"003","White alone or in combination with one or more other races",172,"Walked","4.6","+/-0.8","3.4","+/-0.7"
"003","White alone or in combination with one or more other races",173,"Other means","2.3","+/-0.7","1.0","+/-0.3"
"003","White alone or in combination with one or more other races",174,"Worked at home","2.8","+/-0.5","3.5","+/-0.7"
"003","White alone or in combination with one or more other races",175,"Mean travel time to work (minutes)","31.1","+/-0.8","30.9","+/-0.9"
"003","White alone or in combination with one or more other races",176,"Civilian employed population 16 years and over","340,842","+/-8,824","226,801","+/-7,278"
"003","White alone or in combination with one or more other races",177,"Management, professional, and related occupations","38.1","+/-1.5","37.7","+/-1.6"
"003","White alone or in combination with one or more other races",178,"Service occupations","16.6","+/-1.1","15.2","+/-1.3"
"003","White alone or in combination with one or more other races",179,"Sales and office occupations","25.9","+/-1.3","28.3","+/-1.6"
"003","White alone or in combination with one or more other races",180,"Farming, fishing, and forestry occupations","0.2","+/-0.1","0.2","+/-0.2"
"003","White alone or in combination with one or more other races",181,"Construction, extraction, maintenance, and repair occupations","9.1","+/-1.0","10.2","+/-1.3"
"003","White alone or in combination with one or more other races",182,"Production, transportation, and material moving occupations","10.1","+/-1.1","8.3","+/-1.2"
"003","White alone or in combination with one or more other races",183,"Male civilian employed population 16 years and over","186,506","+/-5,690","121,469","+/-5,029"
"003","White alone or in combination with one or more other races",184,"Management, professional, and related occupations","36.4","+/-1.9","35.4","+/-2.2"
"003","White alone or in combination with one or more other races",185,"Service occupations","14.6","+/-1.3","13.7","+/-1.6"
"003","White alone or in combination with one or more other races",186,"Sales and office occupations","18.1","+/-1.4","19.5","+/-1.9"
"003","White alone or in combination with one or more other races",187,"Farming, fishing, and forestry occupations","0.4","+/-0.2","0.4","+/-0.3"
"003","White alone or in combination with one or more other races",188,"Construction, extraction, maintenance, and repair occupations","16.1","+/-1.7","18.4","+/-2.2"
"003","White alone or in combination with one or more other races",189,"Production, transportation, and material moving occupations","14.4","+/-1.6","12.7","+/-1.9"
"003","White alone or in combination with one or more other races",190,"Female civilian employed population 16 years and over","154,336","+/-5,371","105,332","+/-4,269"
"003","White alone or in combination with one or more other races",191,"Management, professional, and related occupations","40.1","+/-2.1","40.4","+/-2.2"
"003","White alone or in combination with one or more other races",192,"Service occupations","19.1","+/-1.9","17.0","+/-2.1"
"003","White alone or in combination with one or more other races",193,"Sales and office occupations","35.3","+/-2.0","38.4","+/-2.3"
"003","White alone or in combination with one or more other races",194,"Farming, fishing, and forestry occupations","0.0","+/-0.1","0.0","+/-0.2"
"003","White alone or in combination with one or more other races",195,"Construction, extraction, maintenance, and repair occupations","0.7","+/-0.4","0.8","+/-0.5"
"003","White alone or in combination with one or more other races",196,"Production, transportation, and material moving occupations","4.8","+/-1.0","3.4","+/-1.1"
"003","White alone or in combination with one or more other races",197,"Agriculture, forestry, fishing and hunting, and mining","0.3","+/-0.1","0.3","+/-0.2"
"003","White alone or in combination with one or more other races",198,"Construction","7.2","+/-1.0","7.9","+/-1.3"
"003","White alone or in combination with one or more other races",199,"Manufacturing","8.7","+/-0.9","7.6","+/-1.1"
"003","White alone or in combination with one or more other races",200,"Wholesale trade","3.8","+/-0.6","4.3","+/-0.6"
"003","White alone or in combination with one or more other races",201,"Retail trade","11.9","+/-1.0","13.1","+/-1.2"
"003","White alone or in combination with one or more other races",202,"Transportation and warehousing, and utilities","6.3","+/-0.8","6.3","+/-0.8"
"003","White alone or in combination with one or more other races",203,"Information","4.3","+/-0.7","4.1","+/-0.7"
"003","White alone or in combination with one or more other races",204,"Finance and insurance, and real estate and rental and leasing","8.8","+/-0.8","9.3","+/-1.0"
"003","White alone or in combination with one or more other races",205,"Professional, scientific, and management, and administrative and waste management services","11.9","+/-1.0","10.9","+/-0.9"
"003","White alone or in combination with one or more other races",206,"Educational services, and health care and social assistance","21.3","+/-1.3","20.1","+/-1.5"
"003","White alone or in combination with one or more other races",207,"Arts, entertainment, and recreation, and accommodation and food services","7.5","+/-0.8","7.5","+/-1.1"
"003","White alone or in combination with one or more other races",208,"Other services (except public administration)","3.9","+/-0.6","4.1","+/-0.8"
"003","White alone or in combination with one or more other races",209,"Public administration","4.2","+/-0.5","4.4","+/-0.7"
"003","White alone or in combination with one or more other races",210,"Private wage and salary workers","80.6","+/-1.1","79.1","+/-1.3"
"003","White alone or in combination with one or more other races",211,"Government workers","14.7","+/-1.0","15.4","+/-1.2"
"003","White alone or in combination with one or more other races",212,"Self-employed workers in own not incorporated business","4.5","+/-0.8","5.4","+/-1.0"
"003","White alone or in combination with one or more other races",213,"Unpaid family workers","0.1","+/-0.1","0.1","+/-0.1"
"003","White alone or in combination with one or more other races",214,"Households","242,233","+/-3,936","163,191","+/-3,945"
"003","White alone or in combination with one or more other races",215,"Median household income (dollars)","66,675","+/-3,305","70,852","+/-2,741"
"003","White alone or in combination with one or more other races",216,"With earnings","84.4","+/-0.9","81.4","+/-1.3"
"003","White alone or in combination with one or more other races",217,"Mean earnings (dollars)","85,400","+/-1,850","91,409","+/-2,613"
"003","White alone or in combination with one or more other races",218,"With Social Security income","24.7","+/-1.2","29.0","+/-1.5"
"003","White alone or in combination with one or more other races",219,"Mean Social Security income (dollars)","15,464","+/-526","16,277","+/-569"
"003","White alone or in combination with one or more other races",220,"With Supplemental Security Income","2.5","+/-0.4","2.7","+/-0.5"
"003","White alone or in combination with one or more other races",221,"Mean Supplemental Security Income (dollars)","7,628","+/-821","7,800","+/-964"
"003","White alone or in combination with one or more other races",222,"With cash public assistance income","1.9","+/-0.4","1.5","+/-0.5"
"003","White alone or in combination with one or more other races",223,"Mean cash public assistance income (dollars)","3,675","+/-871","4,093","+/-1,665"
"003","White alone or in combination with one or more other races",224,"With retirement income","15.0","+/-1.2","17.7","+/-1.5"
"003","White alone or in combination with one or more other races",225,"Mean retirement income (dollars)","22,402","+/-1,591","23,434","+/-1,867"
"003","White alone or in combination with one or more other races",226,"With Food Stamp benefits","4.0","+/-0.6","2.9","+/-0.7"
"003","White alone or in combination with one or more other races",227,"Families","164,436","+/-4,375","104,463","+/-3,650"
"003","White alone or in combination with one or more other races",228,"Median family income (dollars)","81,481","+/-2,293","87,515","+/-3,475"
"003","White alone or in combination with one or more other races",229,"Married-couple family","72.5","+/-1.7","76.9","+/-2.0"
"003","White alone or in combination with one or more other races",230,"Median income (dollars)","95,977","+/-3,119","101,514","+/-2,613"
"003","White alone or in combination with one or more other races",231,"Male householder, no spouse present, family","8.9","+/-1.4","7.8","+/-1.7"
"003","White alone or in combination with one or more other races",232,"Median income (dollars)","48,241","+/-6,037","64,171","+/-32,028"
"003","White alone or in combination with one or more other races",233,"Female householder, no husband present, family","18.5","+/-1.5","15.3","+/-1.6"
"003","White alone or in combination with one or more other races",234,"Median income (dollars)","42,497","+/-3,665","49,123","+/-3,884"
"003","White alone or in combination with one or more other races",235,"Individuals","673,587","+/-12,915","429,233","+/-12,443"
"003","White alone or in combination with one or more other races",236,"Per capita income (dollars)","31,567","+/-607","35,914","+/-875"
"003","White alone or in combination with one or more other races",237,"Male","141,473","+/-5,065","93,172","+/-4,553"
"003","White alone or in combination with one or more other races",238,"Female","92,371","+/-3,878","59,639","+/-3,451"
"003","White alone or in combination with one or more other races",239,"Male","68,775","+/-2,299","75,916","+/-3,105"
"003","White alone or in combination with one or more other races",240,"Female","51,118","+/-2,153","52,509","+/-2,707"
"003","White alone or in combination with one or more other races",241,"Male","53,157","+/-2,071","57,845","+/-3,651"
"003","White alone or in combination with one or more other races",242,"Female","41,996","+/-1,126","45,146","+/-3,357"
"003","White alone or in combination with one or more other races",243,"All families","5.6","+/-0.9","3.7","+/-0.9"
"003","White alone or in combination with one or more other races",244,"With related children under 18 years","8.7","+/-1.7","6.2","+/-2.0"
"003","White alone or in combination with one or more other races",245,"With related children under 5 years only","11.2","+/-4.8","9.3","+/-6.1"
"003","White alone or in combination with one or more other races",246,"Married-couple family","3.1","+/-1.0","2.0","+/-0.8"
"003","White alone or in combination with one or more other races",247,"With related children under 18 years","4.4","+/-1.9","3.4","+/-2.0"
"003","White alone or in combination with one or more other races",248,"With related children under 5 years only","9.3","+/-6.0","10.1","+/-7.8"
"003","White alone or in combination with one or more other races",249,"Female householder, no husband present, family","16.6","+/-3.5","12.1","+/-4.7"
"003","White alone or in combination with one or more other races",250,"With related children under 18 years","23.5","+/-5.3","18.4","+/-7.9"
"003","White alone or in combination with one or more other races",251,"With related children under 5 years only","31.8","+/-13.3","13.0","+/-13.0"
"003","White alone or in combination with one or more other races",252,"All people","8.5","+/-0.8","6.2","+/-1.0"
"003","White alone or in combination with one or more other races",253,"Under 18 years","10.6","+/-1.9","6.3","+/-1.9"
"003","White alone or in combination with one or more other races",254,"Related children under 18 years","10.1","+/-1.9","5.7","+/-1.9"
"003","White alone or in combination with one or more other races",255,"Related children under 5 years","15.4","+/-3.9","8.4","+/-4.5"
"003","White alone or in combination with one or more other races",256,"Related children 5 to 17 years","7.9","+/-1.8","4.6","+/-1.8"
"003","White alone or in combination with one or more other races",257,"18 years and over","7.9","+/-0.7","6.2","+/-0.9"
"003","White alone or in combination with one or more other races",258,"18 to 64 years","8.1","+/-0.9","6.2","+/-1.0"
"003","White alone or in combination with one or more other races",259,"65 years and over","6.9","+/-1.6","6.1","+/-1.7"
"003","White alone or in combination with one or more other races",260,"People in families","5.7","+/-1.0","3.4","+/-0.9"
"003","White alone or in combination with one or more other races",261,"Unrelated individuals 15 years and over","21.2","+/-2.0","17.6","+/-2.3"
"003","White alone or in combination with one or more other races",262,"Occupied housing units","242,233","+/-3,936","163,191","+/-3,945"
"003","White alone or in combination with one or more other races",263,"Owner-occupied housing units","62.6","+/-1.4","70.4","+/-1.6"
"003","White alone or in combination with one or more other races",264,"Renter-occupied housing units","37.4","+/-1.4","29.6","+/-1.6"
"003","White alone or in combination with one or more other races",265,"Average household size of owner-occupied unit","2.82","+/-0.06","2.74","+/-0.06"
"003","White alone or in combination with one or more other races",266,"Average household size of renter-occupied unit","2.49","+/-0.09","2.12","+/-0.11"
"003","White alone or in combination with one or more other races",267,"1-unit, detached or attached","61.9","+/-1.4","68.5","+/-1.6"
"003","White alone or in combination with one or more other races",268,"2 to 4 units","14.6","+/-1.0","12.6","+/-1.3"
"003","White alone or in combination with one or more other races",269,"5 or more units","22.8","+/-1.1","17.9","+/-1.2"
"003","White alone or in combination with one or more other races",270,"Mobile home, boat, RV, van, etc.","0.7","+/-0.3","1.0","+/-0.4"
"003","White alone or in combination with one or more other races",271,"Built 2000 or later","5.1","+/-0.7","4.6","+/-0.7"
"003","White alone or in combination with one or more other races",272,"Built 1990 to 1999","7.6","+/-0.7","6.7","+/-0.9"
"003","White alone or in combination with one or more other races",273,"Built 1980 to 1989","12.0","+/-1.2","11.2","+/-1.1"
"003","White alone or in combination with one or more other races",274,"Built 1960 to 1979","31.6","+/-1.4","31.1","+/-1.6"
"003","White alone or in combination with one or more other races",275,"Built 1940 to 1959","24.9","+/-1.4","26.8","+/-1.8"
"003","White alone or in combination with one or more other races",276,"Built 1939 or earlier","18.8","+/-1.0","19.6","+/-1.2"
"003","White alone or in combination with one or more other races",277,"None","9.6","+/-1.0","7.7","+/-1.0"
"003","White alone or in combination with one or more other races",278,"1 or more","90.4","+/-1.0","92.3","+/-1.0"
"003","White alone or in combination with one or more other races",279,"Gas","80.6","+/-1.2","79.8","+/-1.4"
"003","White alone or in combination with one or more other races",280,"Electricity","9.6","+/-0.9","9.8","+/-1.1"
"003","White alone or in combination with one or more other races",281,"All other fuels","9.6","+/-1.0","10.3","+/-1.2"
"003","White alone or in combination with one or more other races",282,"No fuel used","0.2","+/-0.1","0.1","+/-0.1"
"003","White alone or in combination with one or more other races",283,"No telephone service available","7.6","+/-1.0","6.4","+/-1.1"
"003","White alone or in combination with one or more other races",284,"1.01 or more occupants per room","3.6","+/-0.7","1.1","+/-0.4"
"003","White alone or in combination with one or more other races",285,"Owner-occupied housing units","151,669","+/-3,787","114,838","+/-3,082"
"003","White alone or in combination with one or more other races",286,"Less than 30 percent","56.5","+/-2.1","59.8","+/-2.2"
"003","White alone or in combination with one or more other races",287,"30 percent or more","43.5","+/-2.1","40.2","+/-2.2"
"003","White alone or in combination with one or more other races",288,"Median value (dollars)","374,500","+/-5,872","376,900","+/-6,085"
"003","White alone or in combination with one or more other races",289,"Median selected monthly owner costs with a mortgage (dollars)","2,261","+/-45","2,188","+/-51"
"003","White alone or in combination with one or more other races",290,"Median selected monthly owner costs without a mortgage (dollars)","833","+/-21","833","+/-19"
"003","White alone or in combination with one or more other races",291,"Renter-occupied housing units","90,564","+/-3,987","48,353","+/-3,267"
"003","White alone or in combination with one or more other races",292,"Less than 30 percent","50.7","+/-2.9","51.7","+/-3.6"
"003","White alone or in combination with one or more other races",293,"30 percent or more","49.3","+/-2.9","48.3","+/-3.6"
"003","White alone or in combination with one or more other races",294,"Median gross rent (dollars)","1,076","+/-25","1,038","+/-40"
"004","Black or African American alone",1,"Total population","673,587","+/-12,915","108,477","+/-5,982"
"004","Black or African American alone",2,"One race","98.3","+/-0.4","100.0","+/-0.2"
"004","Black or African American alone",3,"Two races","1.6","+/-0.3","(X)","(X)"
"004","Black or African American alone",4,"Three races","0.1","+/-0.1","(X)","(X)"
"004","Black or African American alone",5,"Four or more races","0.0","+/-0.1","(X)","(X)"
"004","Black or African American alone",6,"Male","49.0","+/-0.6","46.2","+/-1.9"
"004","Black or African American alone",7,"Female","51.0","+/-0.6","53.8","+/-1.9"
"004","Black or African American alone",8,"Under 5 years","6.8","+/-0.4","6.4","+/-1.3"
"004","Black or African American alone",9,"5 to 17 years","15.8","+/-0.6","22.3","+/-1.5"
"004","Black or African American alone",10,"18 to 24 years","10.6","+/-0.5","12.4","+/-1.5"
"004","Black or African American alone",11,"25 to 34 years","14.5","+/-0.6","11.1","+/-1.3"
"004","Black or African American alone",12,"35 to 44 years","14.8","+/-0.7","15.3","+/-1.7"
"004","Black or African American alone",13,"45 to 54 years","14.6","+/-0.6","13.8","+/-1.4"
"004","Black or African American alone",14,"55 to 64 years","11.1","+/-0.6","9.2","+/-1.0"
"004","Black or African American alone",15,"65 to 74 years","6.2","+/-0.5","5.8","+/-1.1"
"004","Black or African American alone",16,"75 years and over","5.5","+/-0.4","3.7","+/-0.7"
"004","Black or African American alone",17,"Median age (years)","36.6","+/-0.6","33.0","+/-1.4"
"004","Black or African American alone",18,"18 years and over","77.4","+/-0.7","71.3","+/-1.9"
"004","Black or African American alone",19,"21 years and over","72.7","+/-0.7","64.5","+/-1.8"
"004","Black or African American alone",20,"62 years and over","14.2","+/-0.6","11.4","+/-1.2"
"004","Black or African American alone",21,"65 years and over","11.7","+/-0.6","9.5","+/-1.1"
"004","Black or African American alone",22,"Under 18 years","152,248","+/-6,276","31,165","+/-3,034"
"004","Black or African American alone",23,"Male","49.8","+/-1.7","50.4","+/-3.7"
"004","Black or African American alone",24,"Female","50.2","+/-1.7","49.6","+/-3.7"
"004","Black or African American alone",25,"18 years and over","521,339","+/-8,918","77,312","+/-4,099"
"004","Black or African American alone",26,"Male","48.8","+/-0.6","44.5","+/-1.9"
"004","Black or African American alone",27,"Female","51.2","+/-0.6","55.5","+/-1.9"
"004","Black or African American alone",28,"18 to 34 years","168,990","+/-5,365","25,424","+/-2,577"
"004","Black or African American alone",29,"Male","51.4","+/-1.3","50.9","+/-3.7"
"004","Black or African American alone",30,"Female","48.6","+/-1.3","49.1","+/-3.7"
"004","Black or African American alone",31,"35 to 64 years","273,266","+/-6,505","41,608","+/-3,043"
"004","Black or African American alone",32,"Male","49.2","+/-0.8","41.0","+/-2.7"
"004","Black or African American alone",33,"Female","50.8","+/-0.8","59.0","+/-2.7"
"004","Black or African American alone",34,"65 years and over","79,083","+/-3,488","10,280","+/-1,042"
"004","Black or African American alone",35,"Male","41.6","+/-1.5","43.4","+/-5.2"
"004","Black or African American alone",36,"Female","58.4","+/-1.5","56.6","+/-5.2"
"004","Black or African American alone",37,"Population in households","653,558","+/-12,794","102,321","+/-6,354"
"004","Black or African American alone",38,"Householder or spouse","55.3","+/-0.9","50.8","+/-2.0"
"004","Black or African American alone",39,"Child","30.7","+/-1.0","36.4","+/-2.7"
"004","Black or African American alone",40,"Other relatives","8.0","+/-0.8","9.9","+/-2.9"
"004","Black or African American alone",41,"Nonrelatives","6.1","+/-0.7","2.9","+/-1.1"
"004","Black or African American alone",42,"Unmarried partner","2.1","+/-0.3","1.4","+/-0.5"
"004","Black or African American alone",43,"Households","242,233","+/-3,936","38,984","+/-2,466"
"004","Black or African American alone",44,"Family households","67.9","+/-1.3","68.6","+/-3.4"
"004","Black or African American alone",45,"With own children under 18 years","33.2","+/-1.3","38.5","+/-4.1"
"004","Black or African American alone",46,"Married-couple family","49.2","+/-1.4","35.3","+/-4.3"
"004","Black or African American alone",47,"With own children under 18 years","23.2","+/-1.4","17.9","+/-3.7"
"004","Black or African American alone",48,"Female householder, no husband present, family","12.6","+/-1.1","26.7","+/-4.0"
"004","Black or African American alone",49,"With own children under 18 years","7.3","+/-0.9","18.1","+/-3.4"
"004","Black or African American alone",50,"Nonfamily households","32.1","+/-1.3","31.4","+/-3.4"
"004","Black or African American alone",51,"Male householder","14.5","+/-1.2","12.5","+/-2.9"
"004","Black or African American alone",52,"Living alone","10.7","+/-1.0","11.3","+/-2.7"
"004","Black or African American alone",53,"Not living alone","3.8","+/-0.7","1.2","+/-0.8"
"004","Black or African American alone",54,"Female householder","17.6","+/-1.2","18.9","+/-3.3"
"004","Black or African American alone",55,"Living alone","15.3","+/-1.1","18.0","+/-3.2"
"004","Black or African American alone",56,"Not living alone","2.3","+/-0.5","0.9","+/-0.8"
"004","Black or African American alone",57,"Average household size","2.70","+/-0.04","2.64","+/-0.10"
"004","Black or African American alone",58,"Average family size","3.26","+/-0.05","3.28","+/-0.13"
"004","Black or African American alone",59,"Population 15 years and over","545,347","+/-9,312","82,538","+/-4,484"
"004","Black or African American alone",60,"Now married, except separated","49.1","+/-1.4","35.9","+/-4.0"
"004","Black or African American alone",61,"Widowed","6.6","+/-0.5","7.1","+/-1.5"
"004","Black or African American alone",62,"Divorced","9.0","+/-0.8","8.5","+/-1.9"
"004","Black or African American alone",63,"Separated","2.2","+/-0.4","3.7","+/-0.9"
"004","Black or African American alone",64,"Never married","33.0","+/-1.1","44.9","+/-3.3"
"004","Black or African American alone",65,"Male 15 years and over","264,689","+/-5,794","36,835","+/-2,524"
"004","Black or African American alone",66,"Now married, except separated","52.7","+/-1.5","42.1","+/-5.1"
"004","Black or African American alone",67,"Widowed","2.5","+/-0.5","3.7","+/-1.5"
"004","Black or African American alone",68,"Divorced","7.7","+/-0.9","4.3","+/-1.8"
"004","Black or African American alone",69,"Separated","1.8","+/-0.4","3.2","+/-1.7"
"004","Black or African American alone",70,"Never married","35.3","+/-1.4","46.7","+/-4.7"
"004","Black or African American alone",71,"Female 15 years and over","280,658","+/-5,471","45,703","+/-2,963"
"004","Black or African American alone",72,"Now married, except separated","45.8","+/-1.6","30.9","+/-3.9"
"004","Black or African American alone",73,"Widowed","10.5","+/-0.9","9.8","+/-2.2"
"004","Black or African American alone",74,"Divorced","10.2","+/-1.0","11.8","+/-3.0"
"004","Black or African American alone",75,"Separated","2.6","+/-0.5","4.1","+/-1.4"
"004","Black or African American alone",76,"Never married","30.9","+/-1.3","43.4","+/-3.7"
"004","Black or African American alone",77,"Population 3 years and over enrolled in school","181,849","+/-7,079","38,477","+/-3,475"
"004","Black or African American alone",78,"Nursery school, preschool","7.7","+/-1.0","4.0","+/-1.5"
"004","Black or African American alone",79,"Kindergarten","4.3","+/-0.6","4.5","+/-2.1"
"004","Black or African American alone",80,"Elementary school (grades 1-8)","37.4","+/-1.7","43.2","+/-3.6"
"004","Black or African American alone",81,"High school (grades 9-12)","19.6","+/-1.3","24.7","+/-3.1"
"004","Black or African American alone",82,"College or graduate school","30.9","+/-1.5","23.6","+/-3.4"
"004","Black or African American alone",83,"Male 3 years and over enrolled in school","88,667","+/-4,658","17,776","+/-2,052"
"004","Black or African American alone",84,"Percent enrolled in kindergarten to grade 12","62.9","+/-2.6","77.3","+/-5.0"
"004","Black or African American alone",85,"Percent enrolled in college or graduate school","28.3","+/-2.4","18.6","+/-4.3"
"004","Black or African American alone",86,"Female 3 years and over enrolled in school","93,182","+/-4,337","20,701","+/-2,508"
"004","Black or African American alone",87,"Percent enrolled in kindergarten to grade 12","59.8","+/-2.7","68.2","+/-5.8"
"004","Black or African American alone",88,"Percent enrolled in college or graduate school","33.4","+/-2.4","27.9","+/-5.4"
"004","Black or African American alone",89,"Population 25 years and over","449,864","+/-7,052","63,903","+/-3,352"
"004","Black or African American alone",90,"Less than high school diploma","12.0","+/-0.9","13.0","+/-2.4"
"004","Black or African American alone",91,"High school graduate (includes equivalency)","31.2","+/-1.4","35.2","+/-3.3"
"004","Black or African American alone",92,"Some college or associate's degree","22.9","+/-1.1","27.8","+/-3.3"
"004","Black or African American alone",93,"Bachelor's degree","20.9","+/-1.2","17.0","+/-2.5"
"004","Black or African American alone",94,"Graduate or professional degree","13.0","+/-0.8","6.9","+/-1.6"
"004","Black or African American alone",95,"High school graduate or higher","88.0","+/-0.9","87.0","+/-2.4"
"004","Black or African American alone",96,"Male, high school graduate or higher","87.3","+/-1.3","85.4","+/-4.1"
"004","Black or African American alone",97,"Female, high school graduate or higher","88.7","+/-1.0","88.1","+/-2.6"
"004","Black or African American alone",98,"Bachelor's degree or higher","34.0","+/-1.2","23.9","+/-3.0"
"004","Black or African American alone",99,"Male, bachelor's degree or higher","36.4","+/-1.7","26.3","+/-4.4"
"004","Black or African American alone",100,"Female, bachelor's degree or higher","31.7","+/-1.4","22.1","+/-3.8"
"004","Black or African American alone",101,"Women 15 to 50 years","177,913","+/-5,559","30,892","+/-2,865"
"004","Black or African American alone",102,"Women 15 to 50 years who had a birth in the past 12 months","9,821","+/-1,844","585","+/-383"
"004","Black or African American alone",103,"Unmarried women 15 to 50 years who had a birth in the past 12 months","2,650","+/-760","325","+/-301"
"004","Black or African American alone",104,"As a percent of all women with a birth in the past 12 months","27.0","+/-7.7","55.6","+/-36.8"
"004","Black or African American alone",105,"Population 30 years and over","402,920","+/-6,607","58,322","+/-3,258"
"004","Black or African American alone",106,"Living with grandchild(ren)","3.6","+/-0.6","4.4","+/-1.7"
"004","Black or African American alone",107,"Responsible for grandchild(ren)","27.9","+/-7.8","55.9","+/-16.6"
"004","Black or African American alone",108,"Civilian population 18 years and over","521,276","+/-8,926","77,312","+/-4,099"
"004","Black or African American alone",109,"Civilian veteran","7.6","+/-0.6","8.1","+/-1.4"
"004","Black or African American alone",110,"Civilian population 5 years and over","620,082","+/-12,034","100,011","+/-5,975"
"004","Black or African American alone",111,"With any disability","10.8","+/-0.6","11.9","+/-2.0"
"004","Black or African American alone",112,"Civilian population 5 to 15 years","89,217","+/-5,021","20,370","+/-2,166"
"004","Black or African American alone",113,"With any disability","5.7","+/-1.4","4.1","+/-2.8"
"004","Black or African American alone",114,"Civilian population 16 to 64 years","458,821","+/-9,786","70,488","+/-4,629"
"004","Black or African American alone",115,"With any disability","7.8","+/-0.7","8.9","+/-2.2"
"004","Black or African American alone",116,"No disability","92.2","+/-0.7","91.1","+/-2.2"
"004","Black or African American alone",117,"Civilian population 65 years and over","72,044","+/-3,438","9,153","+/-1,335"
"004","Black or African American alone",118,"With any disability","35.5","+/-2.6","52.7","+/-8.2"
"004","Black or African American alone",119,"Population 1 year and over","664,317","+/-12,984","107,397","+/-5,954"
"004","Black or African American alone",120,"Same house","86.9","+/-1.1","82.9","+/-3.6"
"004","Black or African American alone",121,"Different house in the U.S.","12.0","+/-1.0","16.9","+/-3.5"
"004","Black or African American alone",122,"Same county","7.6","+/-0.9","10.9","+/-2.9"
"004","Black or African American alone",123,"Different county","4.5","+/-0.7","6.0","+/-1.9"
"004","Black or African American alone",124,"Same state","2.9","+/-0.6","3.8","+/-1.7"
"004","Black or African American alone",125,"Different state","1.6","+/-0.4","2.2","+/-0.9"
"004","Black or African American alone",126,"Abroad","1.0","+/-0.3","0.2","+/-0.2"
"004","Black or African American alone",127,"Total population","673,587","+/-12,915","108,477","+/-5,982"
"004","Black or African American alone",128,"Native","515,732","+/-12,811","94,346","+/-5,819"
"004","Black or African American alone",129,"Male","48.3","+/-0.7","45.5","+/-2.2"
"004","Black or African American alone",130,"Female","51.7","+/-0.7","54.5","+/-2.2"
"004","Black or African American alone",131,"Foreign born","157,855","+/-9,450","14,131","+/-2,990"
"004","Black or African American alone",132,"Male","51.3","+/-1.9","50.8","+/-6.2"
"004","Black or African American alone",133,"Female","48.7","+/-1.9","49.2","+/-6.2"
"004","Black or African American alone",134,"Naturalized U.S. citizen","65,441","+/-5,102","7,217","+/-1,544"
"004","Black or African American alone",135,"Male","49.4","+/-3.1","44.9","+/-8.9"
"004","Black or African American alone",136,"Female","50.6","+/-3.1","55.1","+/-8.9"
"004","Black or African American alone",137,"Not a U.S. citizen","92,414","+/-7,061","6,914","+/-2,250"
"004","Black or African American alone",138,"Male","52.6","+/-2.7","56.9","+/-8.7"
"004","Black or African American alone",139,"Female","47.4","+/-2.7","43.1","+/-8.7"
"004","Black or African American alone",140,"Entered 2000 or later","34.4","+/-3.2","34.4","+/-10.4"
"004","Black or African American alone",141,"Entered 1990 to 1999","31.3","+/-3.3","27.2","+/-7.1"
"004","Black or African American alone",142,"Entered before 1990","34.3","+/-2.6","38.4","+/-8.6"
"004","Black or African American alone",143,"Foreign-born population excluding population born at sea","157,855","+/-9,450","14,131","+/-2,990"
"004","Black or African American alone",144,"Europe","16.2","+/-2.1","N","N"
"004","Black or African American alone",145,"Asia","36.5","+/-2.9","N","N"
"004","Black or African American alone",146,"Africa","4.9","+/-1.6","N","N"
"004","Black or African American alone",147,"Oceania","0.2","+/-0.3","N","N"
"004","Black or African American alone",148,"Latin America","41.6","+/-3.0","N","N"
"004","Black or African American alone",149,"Northern America","0.5","+/-0.2","N","N"
"004","Black or African American alone",150,"Population 5 years and over","628,096","+/-12,096","101,532","+/-5,638"
"004","Black or African American alone",151,"English only","70.5","+/-1.3","88.1","+/-3.1"
"004","Black or African American alone",152,"Language other than English","29.5","+/-1.3","11.9","+/-3.1"
"004","Black or African American alone",153,"Speak English less than ""very well""","13.7","+/-1.0","4.4","+/-2.1"
"004","Black or African American alone",154,"Population 16 years and over","538,879","+/-9,098","81,162","+/-4,405"
"004","Black or African American alone",155,"In labor force","67.1","+/-1.0","65.9","+/-3.2"
"004","Black or African American alone",156,"Civilian labor force","67.1","+/-1.0","65.9","+/-3.2"
"004","Black or African American alone",157,"Employed","63.3","+/-1.0","60.3","+/-3.1"
"004","Black or African American alone",158,"Unemployed","3.8","+/-0.4","5.6","+/-1.2"
"004","Black or African American alone",159,"Percent of civilian labor force","5.7","+/-0.6","8.5","+/-1.8"
"004","Black or African American alone",160,"Armed Forces","0.0","+/-0.1","0.0","+/-0.2"
"004","Black or African American alone",161,"Not in labor force","32.9","+/-1.0","34.1","+/-3.2"
"004","Black or African American alone",162,"Females 16 years and over","277,529","+/-5,492","45,269","+/-2,962"
"004","Black or African American alone",163,"In labor force","59.4","+/-1.5","63.1","+/-4.2"
"004","Black or African American alone",164,"Civilian labor force","59.4","+/-1.5","63.1","+/-4.2"
"004","Black or African American alone",165,"Employed","55.6","+/-1.5","58.0","+/-4.3"
"004","Black or African American alone",166,"Unemployed","3.8","+/-0.6","5.1","+/-1.5"
"004","Black or African American alone",167,"Percent of civilian labor force","6.3","+/-0.9","8.1","+/-2.4"
"004","Black or African American alone",168,"Workers 16 years and over","329,853","+/-8,988","47,820","+/-3,977"
"004","Black or African American alone",169,"Car, truck, or van - drove alone","70.7","+/-1.3","71.2","+/-4.6"
"004","Black or African American alone",170,"Car, truck, or van - carpooled","10.7","+/-1.0","11.0","+/-3.0"
"004","Black or African American alone",171,"Public transportation (excluding taxicab)","9.0","+/-1.0","8.2","+/-2.3"
"004","Black or African American alone",172,"Walked","4.6","+/-0.8","4.8","+/-1.7"
"004","Black or African American alone",173,"Other means","2.3","+/-0.7","3.1","+/-1.7"
"004","Black or African American alone",174,"Worked at home","2.8","+/-0.5","1.7","+/-1.1"
"004","Black or African American alone",175,"Mean travel time to work (minutes)","31.1","+/-0.8","29.0","+/-1.9"
"004","Black or African American alone",176,"Civilian employed population 16 years and over","340,842","+/-8,824","48,906","+/-4,039"
"004","Black or African American alone",177,"Management, professional, and related occupations","38.1","+/-1.5","34.9","+/-4.1"
"004","Black or African American alone",178,"Service occupations","16.6","+/-1.1","23.5","+/-2.9"
"004","Black or African American alone",179,"Sales and office occupations","25.9","+/-1.3","24.3","+/-3.5"
"004","Black or African American alone",180,"Farming, fishing, and forestry occupations","0.2","+/-0.1","0.0","+/-0.4"
"004","Black or African American alone",181,"Construction, extraction, maintenance, and repair occupations","9.1","+/-1.0","5.7","+/-2.6"
"004","Black or African American alone",182,"Production, transportation, and material moving occupations","10.1","+/-1.1","11.6","+/-3.2"
"004","Black or African American alone",183,"Male civilian employed population 16 years and over","186,506","+/-5,690","22,667","+/-2,387"
"004","Black or African American alone",184,"Management, professional, and related occupations","36.4","+/-1.9","31.6","+/-6.1"
"004","Black or African American alone",185,"Service occupations","14.6","+/-1.3","19.0","+/-4.8"
"004","Black or African American alone",186,"Sales and office occupations","18.1","+/-1.4","17.6","+/-4.9"
"004","Black or African American alone",187,"Farming, fishing, and forestry occupations","0.4","+/-0.2","0.0","+/-0.8"
"004","Black or African American alone",188,"Construction, extraction, maintenance, and repair occupations","16.1","+/-1.7","11.8","+/-5.4"
"004","Black or African American alone",189,"Production, transportation, and material moving occupations","14.4","+/-1.6","20.0","+/-5.9"
"004","Black or African American alone",190,"Female civilian employed population 16 years and over","154,336","+/-5,371","26,239","+/-2,740"
"004","Black or African American alone",191,"Management, professional, and related occupations","40.1","+/-2.1","37.7","+/-5.3"
"004","Black or African American alone",192,"Service occupations","19.1","+/-1.9","27.4","+/-4.2"
"004","Black or African American alone",193,"Sales and office occupations","35.3","+/-2.0","30.1","+/-4.9"
"004","Black or African American alone",194,"Farming, fishing, and forestry occupations","0.0","+/-0.1","0.0","+/-0.7"
"004","Black or African American alone",195,"Construction, extraction, maintenance, and repair occupations","0.7","+/-0.4","0.4","+/-0.4"
"004","Black or African American alone",196,"Production, transportation, and material moving occupations","4.8","+/-1.0","4.4","+/-1.9"
"004","Black or African American alone",197,"Agriculture, forestry, fishing and hunting, and mining","0.3","+/-0.1","0.0","+/-0.4"
"004","Black or African American alone",198,"Construction","7.2","+/-1.0","3.4","+/-1.8"
"004","Black or African American alone",199,"Manufacturing","8.7","+/-0.9","7.6","+/-2.3"
"004","Black or African American alone",200,"Wholesale trade","3.8","+/-0.6","2.2","+/-1.5"
"004","Black or African American alone",201,"Retail trade","11.9","+/-1.0","9.8","+/-2.9"
"004","Black or African American alone",202,"Transportation and warehousing, and utilities","6.3","+/-0.8","9.8","+/-3.2"
"004","Black or African American alone",203,"Information","4.3","+/-0.7","3.4","+/-1.5"
"004","Black or African American alone",204,"Finance and insurance, and real estate and rental and leasing","8.8","+/-0.8","7.7","+/-2.0"
"004","Black or African American alone",205,"Professional, scientific, and management, and administrative and waste management services","11.9","+/-1.0","8.3","+/-3.1"
"004","Black or African American alone",206,"Educational services, and health care and social assistance","21.3","+/-1.3","31.2","+/-4.1"
"004","Black or African American alone",207,"Arts, entertainment, and recreation, and accommodation and food services","7.5","+/-0.8","6.7","+/-2.5"
"004","Black or African American alone",208,"Other services (except public administration)","3.9","+/-0.6","3.2","+/-1.6"
"004","Black or African American alone",209,"Public administration","4.2","+/-0.5","6.6","+/-1.8"
"004","Black or African American alone",210,"Private wage and salary workers","80.6","+/-1.1","79.3","+/-3.2"
"004","Black or African American alone",211,"Government workers","14.7","+/-1.0","18.1","+/-3.1"
"004","Black or African American alone",212,"Self-employed workers in own not incorporated business","4.5","+/-0.8","2.6","+/-1.4"
"004","Black or African American alone",213,"Unpaid family workers","0.1","+/-0.1","0.0","+/-0.4"
"004","Black or African American alone",214,"Households","242,233","+/-3,936","38,984","+/-2,466"
"004","Black or African American alone",215,"Median household income (dollars)","66,675","+/-3,305","47,722","+/-4,209"
"004","Black or African American alone",216,"With earnings","84.4","+/-0.9","84.9","+/-2.5"
"004","Black or African American alone",217,"Mean earnings (dollars)","85,400","+/-1,850","63,086","+/-4,905"
"004","Black or African American alone",218,"With Social Security income","24.7","+/-1.2","24.2","+/-3.3"
"004","Black or African American alone",219,"Mean Social Security income (dollars)","15,464","+/-526","12,786","+/-1,216"
"004","Black or African American alone",220,"With Supplemental Security Income","2.5","+/-0.4","2.4","+/-1.2"
"004","Black or African American alone",221,"Mean Supplemental Security Income (dollars)","7,628","+/-821","6,798","+/-2,218"
"004","Black or African American alone",222,"With cash public assistance income","1.9","+/-0.4","4.7","+/-1.8"
"004","Black or African American alone",223,"Mean cash public assistance income (dollars)","3,675","+/-871","3,110","+/-744"
"004","Black or African American alone",224,"With retirement income","15.0","+/-1.2","15.7","+/-2.6"
"004","Black or African American alone",225,"Mean retirement income (dollars)","22,402","+/-1,591","18,821","+/-2,997"
"004","Black or African American alone",226,"With Food Stamp benefits","4.0","+/-0.6","8.4","+/-2.4"
"004","Black or African American alone",227,"Families","164,436","+/-4,375","26,730","+/-2,203"
"004","Black or African American alone",228,"Median family income (dollars)","81,481","+/-2,293","56,962","+/-5,352"
"004","Black or African American alone",229,"Married-couple family","72.5","+/-1.7","51.5","+/-5.5"
"004","Black or African American alone",230,"Median income (dollars)","95,977","+/-3,119","84,014","+/-3,977"
"004","Black or African American alone",231,"Male householder, no spouse present, family","8.9","+/-1.4","9.6","+/-3.8"
"004","Black or African American alone",232,"Median income (dollars)","48,241","+/-6,037","45,851","+/-10,033"
"004","Black or African American alone",233,"Female householder, no husband present, family","18.5","+/-1.5","38.9","+/-5.4"
"004","Black or African American alone",234,"Median income (dollars)","42,497","+/-3,665","36,840","+/-3,096"
"004","Black or African American alone",235,"Individuals","673,587","+/-12,915","108,477","+/-5,982"
"004","Black or African American alone",236,"Per capita income (dollars)","31,567","+/-607","22,853","+/-1,442"
"004","Black or African American alone",237,"Male","141,473","+/-5,065","15,850","+/-1,823"
"004","Black or African American alone",238,"Female","92,371","+/-3,878","17,677","+/-2,119"
"004","Black or African American alone",239,"Male","68,775","+/-2,299","54,259","+/-4,816"
"004","Black or African American alone",240,"Female","51,118","+/-2,153","45,724","+/-6,088"
"004","Black or African American alone",241,"Male","53,157","+/-2,071","45,229","+/-4,437"
"004","Black or African American alone",242,"Female","41,996","+/-1,126","37,548","+/-2,480"
"004","Black or African American alone",243,"All families","5.6","+/-0.9","8.9","+/-2.6"
"004","Black or African American alone",244,"With related children under 18 years","8.7","+/-1.7","13.4","+/-4.1"
"004","Black or African American alone",245,"With related children under 5 years only","11.2","+/-4.8","10.4","+/-9.2"
"004","Black or African American alone",246,"Married-couple family","3.1","+/-1.0","2.3","+/-2.2"
"004","Black or African American alone",247,"With related children under 18 years","4.4","+/-1.9","4.2","+/-4.1"
"004","Black or African American alone",248,"With related children under 5 years only","9.3","+/-6.0","N","N"
"004","Black or African American alone",249,"Female householder, no husband present, family","16.6","+/-3.5","18.1","+/-6.5"
"004","Black or African American alone",250,"With related children under 18 years","23.5","+/-5.3","21.9","+/-8.2"
"004","Black or African American alone",251,"With related children under 5 years only","31.8","+/-13.3","31.6","+/-26.4"
"004","Black or African American alone",252,"All people","8.5","+/-0.8","14.8","+/-2.9"
"004","Black or African American alone",253,"Under 18 years","10.6","+/-1.9","19.4","+/-6.0"
"004","Black or African American alone",254,"Related children under 18 years","10.1","+/-1.9","18.7","+/-6.0"
"004","Black or African American alone",255,"Related children under 5 years","15.4","+/-3.9","36.5","+/-12.4"
"004","Black or African American alone",256,"Related children 5 to 17 years","7.9","+/-1.8","13.6","+/-5.1"
"004","Black or African American alone",257,"18 years and over","7.9","+/-0.7","12.9","+/-2.3"
"004","Black or African American alone",258,"18 to 64 years","8.1","+/-0.9","12.9","+/-2.6"
"004","Black or African American alone",259,"65 years and over","6.9","+/-1.6","13.2","+/-5.7"
"004","Black or African American alone",260,"People in families","5.7","+/-1.0","11.2","+/-3.5"
"004","Black or African American alone",261,"Unrelated individuals 15 years and over","21.2","+/-2.0","33.7","+/-5.3"
"004","Black or African American alone",262,"Occupied housing units","242,233","+/-3,936","38,984","+/-2,466"
"004","Black or African American alone",263,"Owner-occupied housing units","62.6","+/-1.4","47.6","+/-4.0"
"004","Black or African American alone",264,"Renter-occupied housing units","37.4","+/-1.4","52.4","+/-4.0"
"004","Black or African American alone",265,"Average household size of owner-occupied unit","2.82","+/-0.06","2.80","+/-0.18"
"004","Black or African American alone",266,"Average household size of renter-occupied unit","2.49","+/-0.09","2.50","+/-0.16"
"004","Black or African American alone",267,"1-unit, detached or attached","61.9","+/-1.4","52.5","+/-3.9"
"004","Black or African American alone",268,"2 to 4 units","14.6","+/-1.0","17.3","+/-3.6"
"004","Black or African American alone",269,"5 or more units","22.8","+/-1.1","30.1","+/-3.7"
"004","Black or African American alone",270,"Mobile home, boat, RV, van, etc.","0.7","+/-0.3","0.2","+/-0.3"
"004","Black or African American alone",271,"Built 2000 or later","5.1","+/-0.7","4.4","+/-1.7"
"004","Black or African American alone",272,"Built 1990 to 1999","7.6","+/-0.7","5.4","+/-2.0"
"004","Black or African American alone",273,"Built 1980 to 1989","12.0","+/-1.2","9.3","+/-3.6"
"004","Black or African American alone",274,"Built 1960 to 1979","31.6","+/-1.4","33.3","+/-4.6"
"004","Black or African American alone",275,"Built 1940 to 1959","24.9","+/-1.4","26.9","+/-3.5"
"004","Black or African American alone",276,"Built 1939 or earlier","18.8","+/-1.0","20.7","+/-3.3"
"004","Black or African American alone",277,"None","9.6","+/-1.0","10.9","+/-2.8"
"004","Black or African American alone",278,"1 or more","90.4","+/-1.0","89.1","+/-2.8"
"004","Black or African American alone",279,"Gas","80.6","+/-1.2","77.9","+/-3.0"
"004","Black or African American alone",280,"Electricity","9.6","+/-0.9","11.2","+/-2.4"
"004","Black or African American alone",281,"All other fuels","9.6","+/-1.0","10.6","+/-2.3"
"004","Black or African American alone",282,"No fuel used","0.2","+/-0.1","0.3","+/-0.5"
"004","Black or African American alone",283,"No telephone service available","7.6","+/-1.0","9.0","+/-2.7"
"004","Black or African American alone",284,"1.01 or more occupants per room","3.6","+/-0.7","4.7","+/-2.8"
"004","Black or African American alone",285,"Owner-occupied housing units","151,669","+/-3,787","18,554","+/-1,918"
"004","Black or African American alone",286,"Less than 30 percent","56.5","+/-2.1","45.3","+/-5.7"
"004","Black or African American alone",287,"30 percent or more","43.5","+/-2.1","54.7","+/-5.7"
"004","Black or African American alone",288,"Median value (dollars)","374,500","+/-5,872","337,000","+/-17,075"
"004","Black or African American alone",289,"Median selected monthly owner costs with a mortgage (dollars)","2,261","+/-45","2,260","+/-96"
"004","Black or African American alone",290,"Median selected monthly owner costs without a mortgage (dollars)","833","+/-21","768","+/-55"
"004","Black or African American alone",291,"Renter-occupied housing units","90,564","+/-3,987","20,430","+/-2,048"
"004","Black or African American alone",292,"Less than 30 percent","50.7","+/-2.9","41.9","+/-6.5"
"004","Black or African American alone",293,"30 percent or more","49.3","+/-2.9","58.1","+/-6.5"
"004","Black or African American alone",294,"Median gross rent (dollars)","1,076","+/-25","1,068","+/-55"
"005","Black or African American alone or in combination with one or more other races",1,"Total population","673,587","+/-12,915","114,617","+/-6,089"
"005","Black or African American alone or in combination with one or more other races",2,"One race","98.3","+/-0.4","94.6","+/-1.7"
"005","Black or African American alone or in combination with one or more other races",3,"Two races","1.6","+/-0.3","5.1","+/-1.6"
"005","Black or African American alone or in combination with one or more other races",4,"Three races","0.1","+/-0.1","0.3","+/-0.3"
"005","Black or African American alone or in combination with one or more other races",5,"Four or more races","0.0","+/-0.1","0.0","+/-0.2"
"005","Black or African American alone or in combination with one or more other races",6,"Male","49.0","+/-0.6","47.2","+/-1.9"
"005","Black or African American alone or in combination with one or more other races",7,"Female","51.0","+/-0.6","52.8","+/-1.9"
"005","Black or African American alone or in combination with one or more other races",8,"Under 5 years","6.8","+/-0.4","7.3","+/-1.2"
"005","Black or African American alone or in combination with one or more other races",9,"5 to 17 years","15.8","+/-0.6","22.6","+/-1.5"
"005","Black or African American alone or in combination with one or more other races",10,"18 to 24 years","10.6","+/-0.5","12.1","+/-1.4"
"005","Black or African American alone or in combination with one or more other races",11,"25 to 34 years","14.5","+/-0.6","11.2","+/-1.3"
"005","Black or African American alone or in combination with one or more other races",12,"35 to 44 years","14.8","+/-0.7","15.4","+/-1.7"
"005","Black or African American alone or in combination with one or more other races",13,"45 to 54 years","14.6","+/-0.6","13.2","+/-1.3"
"005","Black or African American alone or in combination with one or more other races",14,"55 to 64 years","11.1","+/-0.6","9.0","+/-1.0"
"005","Black or African American alone or in combination with one or more other races",15,"65 to 74 years","6.2","+/-0.5","5.6","+/-1.0"
"005","Black or African American alone or in combination with one or more other races",16,"75 years and over","5.5","+/-0.4","3.6","+/-0.7"
"005","Black or African American alone or in combination with one or more other races",17,"Median age (years)","36.6","+/-0.6","32.4","+/-1.2"
"005","Black or African American alone or in combination with one or more other races",18,"18 years and over","77.4","+/-0.7","70.1","+/-1.8"
"005","Black or African American alone or in combination with one or more other races",19,"21 years and over","72.7","+/-0.7","63.6","+/-1.8"
"005","Black or African American alone or in combination with one or more other races",20,"62 years and over","14.2","+/-0.6","11.1","+/-1.1"
"005","Black or African American alone or in combination with one or more other races",21,"65 years and over","11.7","+/-0.6","9.2","+/-1.0"
"005","Black or African American alone or in combination with one or more other races",22,"Under 18 years","152,248","+/-6,276","34,245","+/-2,986"
"005","Black or African American alone or in combination with one or more other races",23,"Male","49.8","+/-1.7","51.8","+/-3.6"
"005","Black or African American alone or in combination with one or more other races",24,"Female","50.2","+/-1.7","48.2","+/-3.6"
"005","Black or African American alone or in combination with one or more other races",25,"18 years and over","521,339","+/-8,918","80,372","+/-4,343"
"005","Black or African American alone or in combination with one or more other races",26,"Male","48.8","+/-0.6","45.3","+/-1.9"
"005","Black or African American alone or in combination with one or more other races",27,"Female","51.2","+/-0.6","54.7","+/-1.9"
"005","Black or African American alone or in combination with one or more other races",28,"18 to 34 years","168,990","+/-5,365","26,715","+/-2,667"
"005","Black or African American alone or in combination with one or more other races",29,"Male","51.4","+/-1.3","50.8","+/-3.6"
"005","Black or African American alone or in combination with one or more other races",30,"Female","48.6","+/-1.3","49.2","+/-3.6"
"005","Black or African American alone or in combination with one or more other races",31,"35 to 64 years","273,266","+/-6,505","43,060","+/-3,232"
"005","Black or African American alone or in combination with one or more other races",32,"Male","49.2","+/-0.8","42.5","+/-2.7"
"005","Black or African American alone or in combination with one or more other races",33,"Female","50.8","+/-0.8","57.5","+/-2.7"
"005","Black or African American alone or in combination with one or more other races",34,"65 years and over","79,083","+/-3,488","10,597","+/-1,031"
"005","Black or African American alone or in combination with one or more other races",35,"Male","41.6","+/-1.5","42.4","+/-4.9"
"005","Black or African American alone or in combination with one or more other races",36,"Female","58.4","+/-1.5","57.6","+/-4.9"
"005","Black or African American alone or in combination with one or more other races",37,"Population in households","653,558","+/-12,794","108,387","+/-6,387"
"005","Black or African American alone or in combination with one or more other races",38,"Householder or spouse","55.3","+/-0.9","49.1","+/-2.0"
"005","Black or African American alone or in combination with one or more other races",39,"Child","30.7","+/-1.0","37.5","+/-2.4"
"005","Black or African American alone or in combination with one or more other races",40,"Other relatives","8.0","+/-0.8","10.4","+/-2.8"
"005","Black or African American alone or in combination with one or more other races",41,"Nonrelatives","6.1","+/-0.7","3.0","+/-1.1"
"005","Black or African American alone or in combination with one or more other races",42,"Unmarried partner","2.1","+/-0.3","1.3","+/-0.5"
"005","Black or African American alone or in combination with one or more other races",43,"Households","242,233","+/-3,936","39,962","+/-2,465"
"005","Black or African American alone or in combination with one or more other races",44,"Family households","67.9","+/-1.3","68.2","+/-3.4"
"005","Black or African American alone or in combination with one or more other races",45,"With own children under 18 years","33.2","+/-1.3","37.8","+/-4.1"
"005","Black or African American alone or in combination with one or more other races",46,"Married-couple family","49.2","+/-1.4","35.4","+/-4.2"
"005","Black or African American alone or in combination with one or more other races",47,"With own children under 18 years","23.2","+/-1.4","17.6","+/-3.7"
"005","Black or African American alone or in combination with one or more other races",48,"Female householder, no husband present, family","12.6","+/-1.1","26.1","+/-3.9"
"005","Black or African American alone or in combination with one or more other races",49,"With own children under 18 years","7.3","+/-0.9","17.7","+/-3.3"
"005","Black or African American alone or in combination with one or more other races",50,"Nonfamily households","32.1","+/-1.3","31.8","+/-3.4"
"005","Black or African American alone or in combination with one or more other races",51,"Male householder","14.5","+/-1.2","12.5","+/-2.7"
"005","Black or African American alone or in combination with one or more other races",52,"Living alone","10.7","+/-1.0","11.0","+/-2.6"
"005","Black or African American alone or in combination with one or more other races",53,"Not living alone","3.8","+/-0.7","1.5","+/-0.8"
"005","Black or African American alone or in combination with one or more other races",54,"Female householder","17.6","+/-1.2","19.3","+/-3.3"
"005","Black or African American alone or in combination with one or more other races",55,"Living alone","15.3","+/-1.1","18.4","+/-3.2"
"005","Black or African American alone or in combination with one or more other races",56,"Not living alone","2.3","+/-0.5","0.9","+/-0.8"
"005","Black or African American alone or in combination with one or more other races",57,"Average household size","2.70","+/-0.04","2.63","+/-0.10"
"005","Black or African American alone or in combination with one or more other races",58,"Average family size","3.26","+/-0.05","3.27","+/-0.13"
"005","Black or African American alone or in combination with one or more other races",59,"Population 15 years and over","545,347","+/-9,312","85,711","+/-4,713"
"005","Black or African American alone or in combination with one or more other races",60,"Now married, except separated","49.1","+/-1.4","35.5","+/-3.9"
"005","Black or African American alone or in combination with one or more other races",61,"Widowed","6.6","+/-0.5","7.0","+/-1.5"
"005","Black or African American alone or in combination with one or more other races",62,"Divorced","9.0","+/-0.8","8.3","+/-1.9"
"005","Black or African American alone or in combination with one or more other races",63,"Separated","2.2","+/-0.4","3.5","+/-0.9"
"005","Black or African American alone or in combination with one or more other races",64,"Never married","33.0","+/-1.1","45.7","+/-3.2"
"005","Black or African American alone or in combination with one or more other races",65,"Male 15 years and over","264,689","+/-5,794","38,791","+/-2,730"
"005","Black or African American alone or in combination with one or more other races",66,"Now married, except separated","52.7","+/-1.5","41.8","+/-4.9"
"005","Black or African American alone or in combination with one or more other races",67,"Widowed","2.5","+/-0.5","3.6","+/-1.5"
"005","Black or African American alone or in combination with one or more other races",68,"Divorced","7.7","+/-0.9","4.1","+/-1.7"
"005","Black or African American alone or in combination with one or more other races",69,"Separated","1.8","+/-0.4","3.0","+/-1.6"
"005","Black or African American alone or in combination with one or more other races",70,"Never married","35.3","+/-1.4","47.5","+/-4.6"
"005","Black or African American alone or in combination with one or more other races",71,"Female 15 years and over","280,658","+/-5,471","46,920","+/-2,998"
"005","Black or African American alone or in combination with one or more other races",72,"Now married, except separated","45.8","+/-1.6","30.2","+/-3.9"
"005","Black or African American alone or in combination with one or more other races",73,"Widowed","10.5","+/-0.9","9.9","+/-2.2"
"005","Black or African American alone or in combination with one or more other races",74,"Divorced","10.2","+/-1.0","11.8","+/-2.9"
"005","Black or African American alone or in combination with one or more other races",75,"Separated","2.6","+/-0.5","4.0","+/-1.3"
"005","Black or African American alone or in combination with one or more other races",76,"Never married","30.9","+/-1.3","44.1","+/-3.7"
"005","Black or African American alone or in combination with one or more other races",77,"Population 3 years and over enrolled in school","181,849","+/-7,079","41,154","+/-3,588"
"005","Black or African American alone or in combination with one or more other races",78,"Nursery school, preschool","7.7","+/-1.0","5.2","+/-1.6"
"005","Black or African American alone or in combination with one or more other races",79,"Kindergarten","4.3","+/-0.6","4.2","+/-2.0"
"005","Black or African American alone or in combination with one or more other races",80,"Elementary school (grades 1-8)","37.4","+/-1.7","43.7","+/-3.6"
"005","Black or African American alone or in combination with one or more other races",81,"High school (grades 9-12)","19.6","+/-1.3","23.3","+/-3.0"
"005","Black or African American alone or in combination with one or more other races",82,"College or graduate school","30.9","+/-1.5","23.5","+/-3.2"
"005","Black or African American alone or in combination with one or more other races",83,"Male 3 years and over enrolled in school","88,667","+/-4,658","19,474","+/-2,266"
"005","Black or African American alone or in combination with one or more other races",84,"Percent enrolled in kindergarten to grade 12","62.9","+/-2.6","73.8","+/-5.0"
"005","Black or African American alone or in combination with one or more other races",85,"Percent enrolled in college or graduate school","28.3","+/-2.4","19.4","+/-4.4"
"005","Black or African American alone or in combination with one or more other races",86,"Female 3 years and over enrolled in school","93,182","+/-4,337","21,680","+/-2,535"
"005","Black or African American alone or in combination with one or more other races",87,"Percent enrolled in kindergarten to grade 12","59.8","+/-2.7","69.0","+/-5.7"
"005","Black or African American alone or in combination with one or more other races",88,"Percent enrolled in college or graduate school","33.4","+/-2.4","27.2","+/-5.1"
"005","Black or African American alone or in combination with one or more other races",89,"Population 25 years and over","449,864","+/-7,052","66,453","+/-3,533"
"005","Black or African American alone or in combination with one or more other races",90,"Less than high school diploma","12.0","+/-0.9","12.9","+/-2.3"
"005","Black or African American alone or in combination with one or more other races",91,"High school graduate (includes equivalency)","31.2","+/-1.4","34.6","+/-3.3"
"005","Black or African American alone or in combination with one or more other races",92,"Some college or associate's degree","22.9","+/-1.1","28.5","+/-3.2"
"005","Black or African American alone or in combination with one or more other races",93,"Bachelor's degree","20.9","+/-1.2","17.1","+/-2.6"
"005","Black or African American alone or in combination with one or more other races",94,"Graduate or professional degree","13.0","+/-0.8","6.9","+/-1.5"
"005","Black or African American alone or in combination with one or more other races",95,"High school graduate or higher","88.0","+/-0.9","87.1","+/-2.3"
"005","Black or African American alone or in combination with one or more other races",96,"Male, high school graduate or higher","87.3","+/-1.3","85.8","+/-3.9"
"005","Black or African American alone or in combination with one or more other races",97,"Female, high school graduate or higher","88.7","+/-1.0","88.1","+/-2.6"
"005","Black or African American alone or in combination with one or more other races",98,"Bachelor's degree or higher","34.0","+/-1.2","24.0","+/-2.9"
"005","Black or African American alone or in combination with one or more other races",99,"Male, bachelor's degree or higher","36.4","+/-1.7","25.6","+/-4.2"
"005","Black or African American alone or in combination with one or more other races",100,"Female, bachelor's degree or higher","31.7","+/-1.4","22.7","+/-3.8"
"005","Black or African American alone or in combination with one or more other races",101,"Women 15 to 50 years","177,913","+/-5,559","31,830","+/-2,861"
"005","Black or African American alone or in combination with one or more other races",102,"Women 15 to 50 years who had a birth in the past 12 months","9,821","+/-1,844","585","+/-383"
"005","Black or African American alone or in combination with one or more other races",103,"Unmarried women 15 to 50 years who had a birth in the past 12 months","2,650","+/-760","325","+/-301"
"005","Black or African American alone or in combination with one or more other races",104,"As a percent of all women with a birth in the past 12 months","27.0","+/-7.7","55.6","+/-36.8"
"005","Black or African American alone or in combination with one or more other races",105,"Population 30 years and over","402,920","+/-6,607","60,259","+/-3,432"
"005","Black or African American alone or in combination with one or more other races",106,"Living with grandchild(ren)","3.6","+/-0.6","4.3","+/-1.6"
"005","Black or African American alone or in combination with one or more other races",107,"Responsible for grandchild(ren)","27.9","+/-7.8","55.0","+/-16.9"
"005","Black or African American alone or in combination with one or more other races",108,"Civilian population 18 years and over","521,276","+/-8,926","80,372","+/-4,343"
"005","Black or African American alone or in combination with one or more other races",109,"Civilian veteran","7.6","+/-0.6","8.3","+/-1.5"
"005","Black or African American alone or in combination with one or more other races",110,"Civilian population 5 years and over","620,082","+/-12,034","104,744","+/-6,126"
"005","Black or African American alone or in combination with one or more other races",111,"With any disability","10.8","+/-0.6","12.0","+/-2.0"
"005","Black or African American alone or in combination with one or more other races",112,"Civilian population 5 to 15 years","89,217","+/-5,021","21,930","+/-2,226"
"005","Black or African American alone or in combination with one or more other races",113,"With any disability","5.7","+/-1.4","4.5","+/-2.7"
"005","Black or African American alone or in combination with one or more other races",114,"Civilian population 16 to 64 years","458,821","+/-9,786","73,344","+/-4,827"
"005","Black or African American alone or in combination with one or more other races",115,"With any disability","7.8","+/-0.7","9.1","+/-2.2"
"005","Black or African American alone or in combination with one or more other races",116,"No disability","92.2","+/-0.7","90.9","+/-2.2"
"005","Black or African American alone or in combination with one or more other races",117,"Civilian population 65 years and over","72,044","+/-3,438","9,470","+/-1,325"
"005","Black or African American alone or in combination with one or more other races",118,"With any disability","35.5","+/-2.6","51.5","+/-8.1"
"005","Black or African American alone or in combination with one or more other races",119,"Population 1 year and over","664,317","+/-12,984","113,245","+/-6,136"
"005","Black or African American alone or in combination with one or more other races",120,"Same house","86.9","+/-1.1","83.2","+/-3.3"
"005","Black or African American alone or in combination with one or more other races",121,"Different house in the U.S.","12.0","+/-1.0","16.6","+/-3.3"
"005","Black or African American alone or in combination with one or more other races",122,"Same county","7.6","+/-0.9","10.6","+/-2.7"
"005","Black or African American alone or in combination with one or more other races",123,"Different county","4.5","+/-0.7","5.9","+/-1.8"
"005","Black or African American alone or in combination with one or more other races",124,"Same state","2.9","+/-0.6","3.6","+/-1.6"
"005","Black or African American alone or in combination with one or more other races",125,"Different state","1.6","+/-0.4","2.3","+/-0.8"
"005","Black or African American alone or in combination with one or more other races",126,"Abroad","1.0","+/-0.3","0.2","+/-0.3"
"005","Black or African American alone or in combination with one or more other races",127,"Total population","673,587","+/-12,915","114,617","+/-6,089"
"005","Black or African American alone or in combination with one or more other races",128,"Native","515,732","+/-12,811","99,928","+/-5,863"
"005","Black or African American alone or in combination with one or more other races",129,"Male","48.3","+/-0.7","46.4","+/-2.2"
"005","Black or African American alone or in combination with one or more other races",130,"Female","51.7","+/-0.7","53.6","+/-2.2"
"005","Black or African American alone or in combination with one or more other races",131,"Foreign born","157,855","+/-9,450","14,689","+/-3,103"
"005","Black or African American alone or in combination with one or more other races",132,"Male","51.3","+/-1.9","52.7","+/-6.5"
"005","Black or African American alone or in combination with one or more other races",133,"Female","48.7","+/-1.9","47.3","+/-6.5"
"005","Black or African American alone or in combination with one or more other races",134,"Naturalized U.S. citizen","65,441","+/-5,102","7,471","+/-1,582"
"005","Black or African American alone or in combination with one or more other races",135,"Male","49.4","+/-3.1","46.8","+/-8.6"
"005","Black or African American alone or in combination with one or more other races",136,"Female","50.6","+/-3.1","53.2","+/-8.6"
"005","Black or African American alone or in combination with one or more other races",137,"Not a U.S. citizen","92,414","+/-7,061","7,218","+/-2,315"
"005","Black or African American alone or in combination with one or more other races",138,"Male","52.6","+/-2.7","58.7","+/-9.2"
"005","Black or African American alone or in combination with one or more other races",139,"Female","47.4","+/-2.7","41.3","+/-9.2"
"005","Black or African American alone or in combination with one or more other races",140,"Entered 2000 or later","34.4","+/-3.2","35.2","+/-9.8"
"005","Black or African American alone or in combination with one or more other races",141,"Entered 1990 to 1999","31.3","+/-3.3","26.7","+/-6.8"
"005","Black or African American alone or in combination with one or more other races",142,"Entered before 1990","34.3","+/-2.6","38.2","+/-8.2"
"005","Black or African American alone or in combination with one or more other races",143,"Foreign-born population excluding population born at sea","157,855","+/-9,450","14,689","+/-3,103"
"005","Black or African American alone or in combination with one or more other races",144,"Europe","16.2","+/-2.1","N","N"
"005","Black or African American alone or in combination with one or more other races",145,"Asia","36.5","+/-2.9","N","N"
"005","Black or African American alone or in combination with one or more other races",146,"Africa","4.9","+/-1.6","N","N"
"005","Black or African American alone or in combination with one or more other races",147,"Oceania","0.2","+/-0.3","N","N"
"005","Black or African American alone or in combination with one or more other races",148,"Latin America","41.6","+/-3.0","N","N"
"005","Black or African American alone or in combination with one or more other races",149,"Northern America","0.5","+/-0.2","N","N"
"005","Black or African American alone or in combination with one or more other races",150,"Population 5 years and over","628,096","+/-12,096","106,265","+/-5,799"
"005","Black or African American alone or in combination with one or more other races",151,"English only","70.5","+/-1.3","87.9","+/-3.0"
"005","Black or African American alone or in combination with one or more other races",152,"Language other than English","29.5","+/-1.3","12.1","+/-3.0"
"005","Black or African American alone or in combination with one or more other races",153,"Speak English less than ""very well""","13.7","+/-1.0","4.5","+/-2.1"
"005","Black or African American alone or in combination with one or more other races",154,"Population 16 years and over","538,879","+/-9,098","84,335","+/-4,627"
"005","Black or African American alone or in combination with one or more other races",155,"In labor force","67.1","+/-1.0","66.0","+/-3.2"
"005","Black or African American alone or in combination with one or more other races",156,"Civilian labor force","67.1","+/-1.0","66.0","+/-3.2"
"005","Black or African American alone or in combination with one or more other races",157,"Employed","63.3","+/-1.0","60.4","+/-3.0"
"005","Black or African American alone or in combination with one or more other races",158,"Unemployed","3.8","+/-0.4","5.6","+/-1.3"
"005","Black or African American alone or in combination with one or more other races",159,"Percent of civilian labor force","5.7","+/-0.6","8.5","+/-1.8"
"005","Black or African American alone or in combination with one or more other races",160,"Armed Forces","0.0","+/-0.1","0.0","+/-0.2"
"005","Black or African American alone or in combination with one or more other races",161,"Not in labor force","32.9","+/-1.0","34.0","+/-3.2"
"005","Black or African American alone or in combination with one or more other races",162,"Females 16 years and over","277,529","+/-5,492","46,486","+/-2,999"
"005","Black or African American alone or in combination with one or more other races",163,"In labor force","59.4","+/-1.5","63.2","+/-4.1"
"005","Black or African American alone or in combination with one or more other races",164,"Civilian labor force","59.4","+/-1.5","63.2","+/-4.1"
"005","Black or African American alone or in combination with one or more other races",165,"Employed","55.6","+/-1.5","58.2","+/-4.2"
"005","Black or African American alone or in combination with one or more other races",166,"Unemployed","3.8","+/-0.6","5.0","+/-1.5"
"005","Black or African American alone or in combination with one or more other races",167,"Percent of civilian labor force","6.3","+/-0.9","7.9","+/-2.3"
"005","Black or African American alone or in combination with one or more other races",168,"Workers 16 years and over","329,853","+/-8,988","49,891","+/-4,045"
"005","Black or African American alone or in combination with one or more other races",169,"Car, truck, or van - drove alone","70.7","+/-1.3","70.5","+/-4.5"
"005","Black or African American alone or in combination with one or more other races",170,"Car, truck, or van - carpooled","10.7","+/-1.0","11.4","+/-2.8"
"005","Black or African American alone or in combination with one or more other races",171,"Public transportation (excluding taxicab)","9.0","+/-1.0","8.0","+/-2.3"
"005","Black or African American alone or in combination with one or more other races",172,"Walked","4.6","+/-0.8","5.5","+/-2.0"
"005","Black or African American alone or in combination with one or more other races",173,"Other means","2.3","+/-0.7","3.0","+/-1.6"
"005","Black or African American alone or in combination with one or more other races",174,"Worked at home","2.8","+/-0.5","1.7","+/-1.0"
"005","Black or African American alone or in combination with one or more other races",175,"Mean travel time to work (minutes)","31.1","+/-0.8","29.5","+/-1.9"
"005","Black or African American alone or in combination with one or more other races",176,"Civilian employed population 16 years and over","340,842","+/-8,824","50,977","+/-4,106"
"005","Black or African American alone or in combination with one or more other races",177,"Management, professional, and related occupations","38.1","+/-1.5","34.5","+/-4.1"
"005","Black or African American alone or in combination with one or more other races",178,"Service occupations","16.6","+/-1.1","23.7","+/-2.7"
"005","Black or African American alone or in combination with one or more other races",179,"Sales and office occupations","25.9","+/-1.3","24.6","+/-3.5"
"005","Black or African American alone or in combination with one or more other races",180,"Farming, fishing, and forestry occupations","0.2","+/-0.1","0.0","+/-0.3"
"005","Black or African American alone or in combination with one or more other races",181,"Construction, extraction, maintenance, and repair occupations","9.1","+/-1.0","5.8","+/-2.5"
"005","Black or African American alone or in combination with one or more other races",182,"Production, transportation, and material moving occupations","10.1","+/-1.1","11.3","+/-3.1"
"005","Black or African American alone or in combination with one or more other races",183,"Male civilian employed population 16 years and over","186,506","+/-5,690","23,921","+/-2,454"
"005","Black or African American alone or in combination with one or more other races",184,"Management, professional, and related occupations","36.4","+/-1.9","30.7","+/-5.9"
"005","Black or African American alone or in combination with one or more other races",185,"Service occupations","14.6","+/-1.3","18.8","+/-4.5"
"005","Black or African American alone or in combination with one or more other races",186,"Sales and office occupations","18.1","+/-1.4","19.4","+/-4.9"
"005","Black or African American alone or in combination with one or more other races",187,"Farming, fishing, and forestry occupations","0.4","+/-0.2","0.0","+/-0.7"
"005","Black or African American alone or in combination with one or more other races",188,"Construction, extraction, maintenance, and repair occupations","16.1","+/-1.7","11.9","+/-5.2"
"005","Black or African American alone or in combination with one or more other races",189,"Production, transportation, and material moving occupations","14.4","+/-1.6","19.3","+/-5.6"
"005","Black or African American alone or in combination with one or more other races",190,"Female civilian employed population 16 years and over","154,336","+/-5,371","27,056","+/-2,733"
"005","Black or African American alone or in combination with one or more other races",191,"Management, professional, and related occupations","40.1","+/-2.1","37.9","+/-5.2"
"005","Black or African American alone or in combination with one or more other races",192,"Service occupations","19.1","+/-1.9","28.1","+/-4.1"
"005","Black or African American alone or in combination with one or more other races",193,"Sales and office occupations","35.3","+/-2.0","29.3","+/-4.7"
"005","Black or African American alone or in combination with one or more other races",194,"Farming, fishing, and forestry occupations","0.0","+/-0.1","0.0","+/-0.7"
"005","Black or African American alone or in combination with one or more other races",195,"Construction, extraction, maintenance, and repair occupations","0.7","+/-0.4","0.4","+/-0.4"
"005","Black or African American alone or in combination with one or more other races",196,"Production, transportation, and material moving occupations","4.8","+/-1.0","4.3","+/-1.8"
"005","Black or African American alone or in combination with one or more other races",197,"Agriculture, forestry, fishing and hunting, and mining","0.3","+/-0.1","0.0","+/-0.3"
"005","Black or African American alone or in combination with one or more other races",198,"Construction","7.2","+/-1.0","3.5","+/-1.7"
"005","Black or African American alone or in combination with one or more other races",199,"Manufacturing","8.7","+/-0.9","7.3","+/-2.2"
"005","Black or African American alone or in combination with one or more other races",200,"Wholesale trade","3.8","+/-0.6","2.1","+/-1.4"
"005","Black or African American alone or in combination with one or more other races",201,"Retail trade","11.9","+/-1.0","10.3","+/-3.0"
"005","Black or African American alone or in combination with one or more other races",202,"Transportation and warehousing, and utilities","6.3","+/-0.8","9.4","+/-3.1"
"005","Black or African American alone or in combination with one or more other races",203,"Information","4.3","+/-0.7","3.5","+/-1.4"
"005","Black or African American alone or in combination with one or more other races",204,"Finance and insurance, and real estate and rental and leasing","8.8","+/-0.8","7.9","+/-1.9"
"005","Black or African American alone or in combination with one or more other races",205,"Professional, scientific, and management, and administrative and waste management services","11.9","+/-1.0","8.8","+/-3.1"
"005","Black or African American alone or in combination with one or more other races",206,"Educational services, and health care and social assistance","21.3","+/-1.3","30.4","+/-3.8"
"005","Black or African American alone or in combination with one or more other races",207,"Arts, entertainment, and recreation, and accommodation and food services","7.5","+/-0.8","7.1","+/-2.5"
"005","Black or African American alone or in combination with one or more other races",208,"Other services (except public administration)","3.9","+/-0.6","3.2","+/-1.6"
"005","Black or African American alone or in combination with one or more other races",209,"Public administration","4.2","+/-0.5","6.5","+/-1.7"
"005","Black or African American alone or in combination with one or more other races",210,"Private wage and salary workers","80.6","+/-1.1","79.8","+/-3.1"
"005","Black or African American alone or in combination with one or more other races",211,"Government workers","14.7","+/-1.0","17.7","+/-2.9"
"005","Black or African American alone or in combination with one or more other races",212,"Self-employed workers in own not incorporated business","4.5","+/-0.8","2.5","+/-1.4"
"005","Black or African American alone or in combination with one or more other races",213,"Unpaid family workers","0.1","+/-0.1","0.0","+/-0.3"
"005","Black or African American alone or in combination with one or more other races",214,"Households","242,233","+/-3,936","39,962","+/-2,465"
"005","Black or African American alone or in combination with one or more other races",215,"Median household income (dollars)","66,675","+/-3,305","47,742","+/-4,311"
"005","Black or African American alone or in combination with one or more other races",216,"With earnings","84.4","+/-0.9","85.0","+/-2.5"
"005","Black or African American alone or in combination with one or more other races",217,"Mean earnings (dollars)","85,400","+/-1,850","63,008","+/-4,789"
"005","Black or African American alone or in combination with one or more other races",218,"With Social Security income","24.7","+/-1.2","24.0","+/-3.1"
"005","Black or African American alone or in combination with one or more other races",219,"Mean Social Security income (dollars)","15,464","+/-526","12,789","+/-1,199"
"005","Black or African American alone or in combination with one or more other races",220,"With Supplemental Security Income","2.5","+/-0.4","2.8","+/-1.4"
"005","Black or African American alone or in combination with one or more other races",221,"Mean Supplemental Security Income (dollars)","7,628","+/-821","6,991","+/-1,910"
"005","Black or African American alone or in combination with one or more other races",222,"With cash public assistance income","1.9","+/-0.4","4.7","+/-1.7"
"005","Black or African American alone or in combination with one or more other races",223,"Mean cash public assistance income (dollars)","3,675","+/-871","3,056","+/-727"
"005","Black or African American alone or in combination with one or more other races",224,"With retirement income","15.0","+/-1.2","15.5","+/-2.6"
"005","Black or African American alone or in combination with one or more other races",225,"Mean retirement income (dollars)","22,402","+/-1,591","18,689","+/-3,009"
"005","Black or African American alone or in combination with one or more other races",226,"With Food Stamp benefits","4.0","+/-0.6","8.2","+/-2.4"
"005","Black or African American alone or in combination with one or more other races",227,"Families","164,436","+/-4,375","27,255","+/-2,198"
"005","Black or African American alone or in combination with one or more other races",228,"Median family income (dollars)","81,481","+/-2,293","57,400","+/-5,824"
"005","Black or African American alone or in combination with one or more other races",229,"Married-couple family","72.5","+/-1.7","51.9","+/-5.5"
"005","Black or African American alone or in combination with one or more other races",230,"Median income (dollars)","95,977","+/-3,119","84,759","+/-3,814"
"005","Black or African American alone or in combination with one or more other races",231,"Male householder, no spouse present, family","8.9","+/-1.4","9.8","+/-3.8"
"005","Black or African American alone or in combination with one or more other races",232,"Median income (dollars)","48,241","+/-6,037","45,737","+/-10,239"
"005","Black or African American alone or in combination with one or more other races",233,"Female householder, no husband present, family","18.5","+/-1.5","38.3","+/-5.3"
"005","Black or African American alone or in combination with one or more other races",234,"Median income (dollars)","42,497","+/-3,665","36,890","+/-3,222"
"005","Black or African American alone or in combination with one or more other races",235,"Individuals","673,587","+/-12,915","114,617","+/-6,089"
"005","Black or African American alone or in combination with one or more other races",236,"Per capita income (dollars)","31,567","+/-607","22,658","+/-1,419"
"005","Black or African American alone or in combination with one or more other races",237,"Male","141,473","+/-5,065","16,985","+/-1,880"
"005","Black or African American alone or in combination with one or more other races",238,"Female","92,371","+/-3,878","18,239","+/-2,109"
"005","Black or African American alone or in combination with one or more other races",239,"Male","68,775","+/-2,299","55,176","+/-5,031"
"005","Black or African American alone or in combination with one or more other races",240,"Female","51,118","+/-2,153","45,305","+/-5,917"
"005","Black or African American alone or in combination with one or more other races",241,"Male","53,157","+/-2,071","45,091","+/-4,948"
"005","Black or African American alone or in combination with one or more other races",242,"Female","41,996","+/-1,126","37,276","+/-2,531"
"005","Black or African American alone or in combination with one or more other races",243,"All families","5.6","+/-0.9","8.9","+/-2.6"
"005","Black or African American alone or in combination with one or more other races",244,"With related children under 18 years","8.7","+/-1.7","13.3","+/-4.0"
"005","Black or African American alone or in combination with one or more other races",245,"With related children under 5 years only","11.2","+/-4.8","10.4","+/-9.2"
"005","Black or African American alone or in combination with one or more other races",246,"Married-couple family","3.1","+/-1.0","2.3","+/-2.2"
"005","Black or African American alone or in combination with one or more other races",247,"With related children under 18 years","4.4","+/-1.9","4.2","+/-4.0"
"005","Black or African American alone or in combination with one or more other races",248,"With related children under 5 years only","9.3","+/-6.0","N","N"
"005","Black or African American alone or in combination with one or more other races",249,"Female householder, no husband present, family","16.6","+/-3.5","18.1","+/-6.5"
"005","Black or African American alone or in combination with one or more other races",250,"With related children under 18 years","23.5","+/-5.3","21.8","+/-8.2"
"005","Black or African American alone or in combination with one or more other races",251,"With related children under 5 years only","31.8","+/-13.3","31.6","+/-26.4"
"005","Black or African American alone or in combination with one or more other races",252,"All people","8.5","+/-0.8","14.9","+/-3.0"
"005","Black or African American alone or in combination with one or more other races",253,"Under 18 years","10.6","+/-1.9","19.8","+/-6.2"
"005","Black or African American alone or in combination with one or more other races",254,"Related children under 18 years","10.1","+/-1.9","19.2","+/-6.2"
"005","Black or African American alone or in combination with one or more other races",255,"Related children under 5 years","15.4","+/-3.9","32.9","+/-11.0"
"005","Black or African American alone or in combination with one or more other races",256,"Related children 5 to 17 years","7.9","+/-1.8","14.7","+/-5.7"
"005","Black or African American alone or in combination with one or more other races",257,"18 years and over","7.9","+/-0.7","12.8","+/-2.2"
"005","Black or African American alone or in combination with one or more other races",258,"18 to 64 years","8.1","+/-0.9","12.7","+/-2.5"
"005","Black or African American alone or in combination with one or more other races",259,"65 years and over","6.9","+/-1.6","13.6","+/-5.8"
"005","Black or African American alone or in combination with one or more other races",260,"People in families","5.7","+/-1.0","11.5","+/-3.6"
"005","Black or African American alone or in combination with one or more other races",261,"Unrelated individuals 15 years and over","21.2","+/-2.0","33.1","+/-5.0"
"005","Black or African American alone or in combination with one or more other races",262,"Occupied housing units","242,233","+/-3,936","39,962","+/-2,465"
"005","Black or African American alone or in combination with one or more other races",263,"Owner-occupied housing units","62.6","+/-1.4","47.8","+/-4.0"
"005","Black or African American alone or in combination with one or more other races",264,"Renter-occupied housing units","37.4","+/-1.4","52.2","+/-4.0"
"005","Black or African American alone or in combination with one or more other races",265,"Average household size of owner-occupied unit","2.82","+/-0.06","2.79","+/-0.17"
"005","Black or African American alone or in combination with one or more other races",266,"Average household size of renter-occupied unit","2.49","+/-0.09","2.49","+/-0.16"
"005","Black or African American alone or in combination with one or more other races",267,"1-unit, detached or attached","61.9","+/-1.4","52.8","+/-3.8"
"005","Black or African American alone or in combination with one or more other races",268,"2 to 4 units","14.6","+/-1.0","17.3","+/-3.5"
"005","Black or African American alone or in combination with one or more other races",269,"5 or more units","22.8","+/-1.1","29.7","+/-3.6"
"005","Black or African American alone or in combination with one or more other races",270,"Mobile home, boat, RV, van, etc.","0.7","+/-0.3","0.1","+/-0.2"
"005","Black or African American alone or in combination with one or more other races",271,"Built 2000 or later","5.1","+/-0.7","4.5","+/-1.7"
"005","Black or African American alone or in combination with one or more other races",272,"Built 1990 to 1999","7.6","+/-0.7","5.2","+/-2.0"
"005","Black or African American alone or in combination with one or more other races",273,"Built 1980 to 1989","12.0","+/-1.2","9.2","+/-3.6"
"005","Black or African American alone or in combination with one or more other races",274,"Built 1960 to 1979","31.6","+/-1.4","34.2","+/-4.7"
"005","Black or African American alone or in combination with one or more other races",275,"Built 1940 to 1959","24.9","+/-1.4","26.3","+/-3.4"
"005","Black or African American alone or in combination with one or more other races",276,"Built 1939 or earlier","18.8","+/-1.0","20.7","+/-3.3"
"005","Black or African American alone or in combination with one or more other races",277,"None","9.6","+/-1.0","10.9","+/-2.8"
"005","Black or African American alone or in combination with one or more other races",278,"1 or more","90.4","+/-1.0","89.1","+/-2.8"
"005","Black or African American alone or in combination with one or more other races",279,"Gas","80.6","+/-1.2","78.1","+/-2.9"
"005","Black or African American alone or in combination with one or more other races",280,"Electricity","9.6","+/-0.9","11.0","+/-2.4"
"005","Black or African American alone or in combination with one or more other races",281,"All other fuels","9.6","+/-1.0","10.6","+/-2.2"
"005","Black or African American alone or in combination with one or more other races",282,"No fuel used","0.2","+/-0.1","0.3","+/-0.5"
"005","Black or African American alone or in combination with one or more other races",283,"No telephone service available","7.6","+/-1.0","9.2","+/-2.7"
"005","Black or African American alone or in combination with one or more other races",284,"1.01 or more occupants per room","3.6","+/-0.7","4.6","+/-2.7"
"005","Black or African American alone or in combination with one or more other races",285,"Owner-occupied housing units","151,669","+/-3,787","19,090","+/-1,978"
"005","Black or African American alone or in combination with one or more other races",286,"Less than 30 percent","56.5","+/-2.1","45.0","+/-6.0"
"005","Black or African American alone or in combination with one or more other races",287,"30 percent or more","43.5","+/-2.1","55.0","+/-6.0"
"005","Black or African American alone or in combination with one or more other races",288,"Median value (dollars)","374,500","+/-5,872","339,400","+/-16,455"
"005","Black or African American alone or in combination with one or more other races",289,"Median selected monthly owner costs with a mortgage (dollars)","2,261","+/-45","2,271","+/-99"
"005","Black or African American alone or in combination with one or more other races",290,"Median selected monthly owner costs without a mortgage (dollars)","833","+/-21","768","+/-55"
"005","Black or African American alone or in combination with one or more other races",291,"Renter-occupied housing units","90,564","+/-3,987","20,872","+/-2,048"
"005","Black or African American alone or in combination with one or more other races",292,"Less than 30 percent","50.7","+/-2.9","42.1","+/-6.5"
"005","Black or African American alone or in combination with one or more other races",293,"30 percent or more","49.3","+/-2.9","57.9","+/-6.5"
"005","Black or African American alone or in combination with one or more other races",294,"Median gross rent (dollars)","1,076","+/-25","1,056","+/-56"
"012","Asian alone",1,"Total population","673,587","+/-12,915","77,603","+/-6,370"
"012","Asian alone",2,"One race","98.3","+/-0.4","100.0","+/-0.2"
"012","Asian alone",3,"Two races","1.6","+/-0.3","(X)","(X)"
"012","Asian alone",4,"Three races","0.1","+/-0.1","(X)","(X)"
"012","Asian alone",5,"Four or more races","0.0","+/-0.1","(X)","(X)"
"012","Asian alone",6,"Male","49.0","+/-0.6","50.1","+/-1.6"
"012","Asian alone",7,"Female","51.0","+/-0.6","49.9","+/-1.6"
"012","Asian alone",8,"Under 5 years","6.8","+/-0.4","8.1","+/-1.2"
"012","Asian alone",9,"5 to 17 years","15.8","+/-0.6","13.8","+/-1.8"
"012","Asian alone",10,"18 to 24 years","10.6","+/-0.5","10.3","+/-1.3"
"012","Asian alone",11,"25 to 34 years","14.5","+/-0.6","24.7","+/-2.3"
"012","Asian alone",12,"35 to 44 years","14.8","+/-0.7","17.9","+/-2.0"
"012","Asian alone",13,"45 to 54 years","14.6","+/-0.6","11.5","+/-2.0"
"012","Asian alone",14,"55 to 64 years","11.1","+/-0.6","6.6","+/-1.4"
"012","Asian alone",15,"65 to 74 years","6.2","+/-0.5","5.0","+/-1.6"
"012","Asian alone",16,"75 years and over","5.5","+/-0.4","2.1","+/-0.8"
"012","Asian alone",17,"Median age (years)","36.6","+/-0.6","33.0","+/-0.6"
"012","Asian alone",18,"18 years and over","77.4","+/-0.7","78.1","+/-1.9"
"012","Asian alone",19,"21 years and over","72.7","+/-0.7","73.8","+/-1.8"
"012","Asian alone",20,"62 years and over","14.2","+/-0.6","9.1","+/-1.7"
"012","Asian alone",21,"65 years and over","11.7","+/-0.6","7.0","+/-1.7"
"012","Asian alone",22,"Under 18 years","152,248","+/-6,276","17,026","+/-2,140"
"012","Asian alone",23,"Male","49.8","+/-1.7","45.0","+/-4.5"
"012","Asian alone",24,"Female","50.2","+/-1.7","55.0","+/-4.5"
"012","Asian alone",25,"18 years and over","521,339","+/-8,918","60,577","+/-5,056"
"012","Asian alone",26,"Male","48.8","+/-0.6","51.5","+/-1.7"
"012","Asian alone",27,"Female","51.2","+/-0.6","48.5","+/-1.7"
"012","Asian alone",28,"18 to 34 years","168,990","+/-5,365","27,185","+/-2,362"
"012","Asian alone",29,"Male","51.4","+/-1.3","49.6","+/-3.2"
"012","Asian alone",30,"Female","48.6","+/-1.3","50.4","+/-3.2"
"012","Asian alone",31,"35 to 64 years","273,266","+/-6,505","27,946","+/-2,750"
"012","Asian alone",32,"Male","49.2","+/-0.8","54.2","+/-2.8"
"012","Asian alone",33,"Female","50.8","+/-0.8","45.8","+/-2.8"
"012","Asian alone",34,"65 years and over","79,083","+/-3,488","5,446","+/-1,515"
"012","Asian alone",35,"Male","41.6","+/-1.5","47.6","+/-6.9"
"012","Asian alone",36,"Female","58.4","+/-1.5","52.4","+/-6.9"
"012","Asian alone",37,"Population in households","653,558","+/-12,794","75,244","+/-6,437"
"012","Asian alone",38,"Householder or spouse","55.3","+/-0.9","58.4","+/-3.0"
"012","Asian alone",39,"Child","30.7","+/-1.0","28.7","+/-2.1"
"012","Asian alone",40,"Other relatives","8.0","+/-0.8","9.3","+/-3.2"
"012","Asian alone",41,"Nonrelatives","6.1","+/-0.7","3.5","+/-1.4"
"012","Asian alone",42,"Unmarried partner","2.1","+/-0.3","0.4","+/-0.4"
"012","Asian alone",43,"Households","242,233","+/-3,936","25,407","+/-2,178"
"012","Asian alone",44,"Family households","67.9","+/-1.3","87.2","+/-3.3"
"012","Asian alone",45,"With own children under 18 years","33.2","+/-1.3","52.6","+/-5.0"
"012","Asian alone",46,"Married-couple family","49.2","+/-1.4","77.3","+/-5.1"
"012","Asian alone",47,"With own children under 18 years","23.2","+/-1.4","47.9","+/-5.6"
"012","Asian alone",48,"Female householder, no husband present, family","12.6","+/-1.1","4.2","+/-3.1"
"012","Asian alone",49,"With own children under 18 years","7.3","+/-0.9","1.0","+/-1.2"
"012","Asian alone",50,"Nonfamily households","32.1","+/-1.3","12.8","+/-3.3"
"012","Asian alone",51,"Male householder","14.5","+/-1.2","7.7","+/-2.5"
"012","Asian alone",52,"Living alone","10.7","+/-1.0","3.7","+/-1.3"
"012","Asian alone",53,"Not living alone","3.8","+/-0.7","4.0","+/-2.0"
"012","Asian alone",54,"Female householder","17.6","+/-1.2","5.1","+/-2.0"
"012","Asian alone",55,"Living alone","15.3","+/-1.1","4.3","+/-1.9"
"012","Asian alone",56,"Not living alone","2.3","+/-0.5","0.8","+/-0.6"
"012","Asian alone",57,"Average household size","2.70","+/-0.04","3.03","+/-0.18"
"012","Asian alone",58,"Average family size","3.26","+/-0.05","3.17","+/-0.20"
"012","Asian alone",59,"Population 15 years and over","545,347","+/-9,312","62,142","+/-5,110"
"012","Asian alone",60,"Now married, except separated","49.1","+/-1.4","72.3","+/-3.5"
"012","Asian alone",61,"Widowed","6.6","+/-0.5","3.0","+/-1.1"
"012","Asian alone",62,"Divorced","9.0","+/-0.8","2.0","+/-0.9"
"012","Asian alone",63,"Separated","2.2","+/-0.4","1.0","+/-1.1"
"012","Asian alone",64,"Never married","33.0","+/-1.1","21.6","+/-2.9"
"012","Asian alone",65,"Male 15 years and over","264,689","+/-5,794","31,835","+/-2,590"
"012","Asian alone",66,"Now married, except separated","52.7","+/-1.5","75.2","+/-4.4"
"012","Asian alone",67,"Widowed","2.5","+/-0.5","0.7","+/-0.7"
"012","Asian alone",68,"Divorced","7.7","+/-0.9","1.6","+/-1.0"
"012","Asian alone",69,"Separated","1.8","+/-0.4","0.7","+/-0.9"
"012","Asian alone",70,"Never married","35.3","+/-1.4","21.8","+/-4.0"
"012","Asian alone",71,"Female 15 years and over","280,658","+/-5,471","30,307","+/-2,900"
"012","Asian alone",72,"Now married, except separated","45.8","+/-1.6","69.3","+/-4.0"
"012","Asian alone",73,"Widowed","10.5","+/-0.9","5.4","+/-2.1"
"012","Asian alone",74,"Divorced","10.2","+/-1.0","2.5","+/-1.5"
"012","Asian alone",75,"Separated","2.6","+/-0.5","1.3","+/-2.1"
"012","Asian alone",76,"Never married","30.9","+/-1.3","21.5","+/-3.2"
"012","Asian alone",77,"Population 3 years and over enrolled in school","181,849","+/-7,079","20,994","+/-2,638"
"012","Asian alone",78,"Nursery school, preschool","7.7","+/-1.0","6.4","+/-3.4"
"012","Asian alone",79,"Kindergarten","4.3","+/-0.6","4.8","+/-2.3"
"012","Asian alone",80,"Elementary school (grades 1-8)","37.4","+/-1.7","32.8","+/-6.6"
"012","Asian alone",81,"High school (grades 9-12)","19.6","+/-1.3","13.0","+/-4.3"
"012","Asian alone",82,"College or graduate school","30.9","+/-1.5","43.1","+/-6.3"
"012","Asian alone",83,"Male 3 years and over enrolled in school","88,667","+/-4,658","10,664","+/-1,801"
"012","Asian alone",84,"Percent enrolled in kindergarten to grade 12","62.9","+/-2.6","49.0","+/-8.3"
"012","Asian alone",85,"Percent enrolled in college or graduate school","28.3","+/-2.4","46.2","+/-8.1"
"012","Asian alone",86,"Female 3 years and over enrolled in school","93,182","+/-4,337","10,330","+/-1,602"
"012","Asian alone",87,"Percent enrolled in kindergarten to grade 12","59.8","+/-2.7","52.2","+/-8.4"
"012","Asian alone",88,"Percent enrolled in college or graduate school","33.4","+/-2.4","39.9","+/-8.1"
"012","Asian alone",89,"Population 25 years and over","449,864","+/-7,052","52,553","+/-4,637"
"012","Asian alone",90,"Less than high school diploma","12.0","+/-0.9","6.8","+/-1.8"
"012","Asian alone",91,"High school graduate (includes equivalency)","31.2","+/-1.4","11.1","+/-3.9"
"012","Asian alone",92,"Some college or associate's degree","22.9","+/-1.1","11.3","+/-2.8"
"012","Asian alone",93,"Bachelor's degree","20.9","+/-1.2","37.5","+/-4.6"
"012","Asian alone",94,"Graduate or professional degree","13.0","+/-0.8","33.3","+/-4.1"
"012","Asian alone",95,"High school graduate or higher","88.0","+/-0.9","93.2","+/-1.8"
"012","Asian alone",96,"Male, high school graduate or higher","87.3","+/-1.3","95.4","+/-1.9"
"012","Asian alone",97,"Female, high school graduate or higher","88.7","+/-1.0","90.8","+/-3.0"
"012","Asian alone",98,"Bachelor's degree or higher","34.0","+/-1.2","70.8","+/-4.6"
"012","Asian alone",99,"Male, bachelor's degree or higher","36.4","+/-1.7","74.2","+/-5.6"
"012","Asian alone",100,"Female, bachelor's degree or higher","31.7","+/-1.4","67.1","+/-5.3"
"012","Asian alone",101,"Women 15 to 50 years","177,913","+/-5,559","23,604","+/-2,143"
"012","Asian alone",102,"Women 15 to 50 years who had a birth in the past 12 months","9,821","+/-1,844","1,854","+/-966"
"012","Asian alone",103,"Unmarried women 15 to 50 years who had a birth in the past 12 months","2,650","+/-760","N","N"
"012","Asian alone",104,"As a percent of all women with a birth in the past 12 months","27.0","+/-7.7","N","N"
"012","Asian alone",105,"Population 30 years and over","402,920","+/-6,607","45,539","+/-4,253"
"012","Asian alone",106,"Living with grandchild(ren)","3.6","+/-0.6","8.0","+/-3.2"
"012","Asian alone",107,"Responsible for grandchild(ren)","27.9","+/-7.8","14.0","+/-13.9"
"012","Asian alone",108,"Civilian population 18 years and over","521,276","+/-8,926","60,577","+/-5,056"
"012","Asian alone",109,"Civilian veteran","7.6","+/-0.6","0.5","+/-0.4"
"012","Asian alone",110,"Civilian population 5 years and over","620,082","+/-12,034","70,614","+/-6,038"
"012","Asian alone",111,"With any disability","10.8","+/-0.6","3.7","+/-1.5"
"012","Asian alone",112,"Civilian population 5 to 15 years","89,217","+/-5,021","9,606","+/-1,725"
"012","Asian alone",113,"With any disability","5.7","+/-1.4","1.0","+/-1.2"
"012","Asian alone",114,"Civilian population 16 to 64 years","458,821","+/-9,786","56,013","+/-4,379"
"012","Asian alone",115,"With any disability","7.8","+/-0.7","2.8","+/-1.7"
"012","Asian alone",116,"No disability","92.2","+/-0.7","97.2","+/-1.7"
"012","Asian alone",117,"Civilian population 65 years and over","72,044","+/-3,438","4,995","+/-1,495"
"012","Asian alone",118,"With any disability","35.5","+/-2.6","17.9","+/-9.9"
"012","Asian alone",119,"Population 1 year and over","664,317","+/-12,984","76,019","+/-6,168"
"012","Asian alone",120,"Same house","86.9","+/-1.1","82.1","+/-3.4"
"012","Asian alone",121,"Different house in the U.S.","12.0","+/-1.0","13.4","+/-2.8"
"012","Asian alone",122,"Same county","7.6","+/-0.9","7.6","+/-2.4"
"012","Asian alone",123,"Different county","4.5","+/-0.7","5.8","+/-2.2"
"012","Asian alone",124,"Same state","2.9","+/-0.6","3.9","+/-2.0"
"012","Asian alone",125,"Different state","1.6","+/-0.4","1.9","+/-1.1"
"012","Asian alone",126,"Abroad","1.0","+/-0.3","4.5","+/-2.3"
"012","Asian alone",127,"Total population","673,587","+/-12,915","77,603","+/-6,370"
"012","Asian alone",128,"Native","515,732","+/-12,811","21,794","+/-2,321"
"012","Asian alone",129,"Male","48.3","+/-0.7","47.4","+/-4.7"
"012","Asian alone",130,"Female","51.7","+/-0.7","52.6","+/-4.7"
"012","Asian alone",131,"Foreign born","157,855","+/-9,450","55,809","+/-5,019"
"012","Asian alone",132,"Male","51.3","+/-1.9","51.2","+/-1.8"
"012","Asian alone",133,"Female","48.7","+/-1.9","48.8","+/-1.8"
"012","Asian alone",134,"Naturalized U.S. citizen","65,441","+/-5,102","24,260","+/-3,219"
"012","Asian alone",135,"Male","49.4","+/-3.1","51.3","+/-4.5"
"012","Asian alone",136,"Female","50.6","+/-3.1","48.7","+/-4.5"
"012","Asian alone",137,"Not a U.S. citizen","92,414","+/-7,061","31,549","+/-3,696"
"012","Asian alone",138,"Male","52.6","+/-2.7","51.1","+/-3.3"
"012","Asian alone",139,"Female","47.4","+/-2.7","48.9","+/-3.3"
"012","Asian alone",140,"Entered 2000 or later","34.4","+/-3.2","33.9","+/-5.0"
"012","Asian alone",141,"Entered 1990 to 1999","31.3","+/-3.3","36.6","+/-5.2"
"012","Asian alone",142,"Entered before 1990","34.3","+/-2.6","29.5","+/-3.7"
"012","Asian alone",143,"Foreign-born population excluding population born at sea","157,855","+/-9,450","55,809","+/-5,019"
"012","Asian alone",144,"Europe","16.2","+/-2.1","0.4","+/-0.3"
"012","Asian alone",145,"Asia","36.5","+/-2.9","97.4","+/-1.1"
"012","Asian alone",146,"Africa","4.9","+/-1.6","1.1","+/-0.7"
"012","Asian alone",147,"Oceania","0.2","+/-0.3","0.1","+/-0.1"
"012","Asian alone",148,"Latin America","41.6","+/-3.0","0.7","+/-0.8"
"012","Asian alone",149,"Northern America","0.5","+/-0.2","0.3","+/-0.4"
"012","Asian alone",150,"Population 5 years and over","628,096","+/-12,096","71,283","+/-6,064"
"012","Asian alone",151,"English only","70.5","+/-1.3","19.7","+/-3.8"
"012","Asian alone",152,"Language other than English","29.5","+/-1.3","80.3","+/-3.8"
"012","Asian alone",153,"Speak English less than ""very well""","13.7","+/-1.0","32.6","+/-4.9"
"012","Asian alone",154,"Population 16 years and over","538,879","+/-9,098","61,677","+/-5,139"
"012","Asian alone",155,"In labor force","67.1","+/-1.0","63.0","+/-3.8"
"012","Asian alone",156,"Civilian labor force","67.1","+/-1.0","63.0","+/-3.8"
"012","Asian alone",157,"Employed","63.3","+/-1.0","60.4","+/-3.7"
"012","Asian alone",158,"Unemployed","3.8","+/-0.4","2.6","+/-0.9"
"012","Asian alone",159,"Percent of civilian labor force","5.7","+/-0.6","4.1","+/-1.5"
"012","Asian alone",160,"Armed Forces","0.0","+/-0.1","0.0","+/-0.3"
"012","Asian alone",161,"Not in labor force","32.9","+/-1.0","37.0","+/-3.8"
"012","Asian alone",162,"Females 16 years and over","277,529","+/-5,492","29,925","+/-2,958"
"012","Asian alone",163,"In labor force","59.4","+/-1.5","48.1","+/-5.1"
"012","Asian alone",164,"Civilian labor force","59.4","+/-1.5","48.1","+/-5.1"
"012","Asian alone",165,"Employed","55.6","+/-1.5","45.1","+/-5.0"
"012","Asian alone",166,"Unemployed","3.8","+/-0.6","3.0","+/-1.5"
"012","Asian alone",167,"Percent of civilian labor force","6.3","+/-0.9","6.1","+/-3.0"
"012","Asian alone",168,"Workers 16 years and over","329,853","+/-8,988","36,332","+/-3,481"
"012","Asian alone",169,"Car, truck, or van - drove alone","70.7","+/-1.3","60.7","+/-5.1"
"012","Asian alone",170,"Car, truck, or van - carpooled","10.7","+/-1.0","10.2","+/-3.2"
"012","Asian alone",171,"Public transportation (excluding taxicab)","9.0","+/-1.0","18.7","+/-3.7"
"012","Asian alone",172,"Walked","4.6","+/-0.8","8.0","+/-3.9"
"012","Asian alone",173,"Other means","2.3","+/-0.7","1.1","+/-0.7"
"012","Asian alone",174,"Worked at home","2.8","+/-0.5","1.4","+/-0.9"
"012","Asian alone",175,"Mean travel time to work (minutes)","31.1","+/-0.8","39.5","+/-3.2"
"012","Asian alone",176,"Civilian employed population 16 years and over","340,842","+/-8,824","37,257","+/-3,463"
"012","Asian alone",177,"Management, professional, and related occupations","38.1","+/-1.5","64.1","+/-4.9"
"012","Asian alone",178,"Service occupations","16.6","+/-1.1","5.9","+/-2.2"
"012","Asian alone",179,"Sales and office occupations","25.9","+/-1.3","18.5","+/-3.5"
"012","Asian alone",180,"Farming, fishing, and forestry occupations","0.2","+/-0.1","0.2","+/-0.3"
"012","Asian alone",181,"Construction, extraction, maintenance, and repair occupations","9.1","+/-1.0","2.9","+/-1.6"
"012","Asian alone",182,"Production, transportation, and material moving occupations","10.1","+/-1.1","8.4","+/-2.9"
"012","Asian alone",183,"Male civilian employed population 16 years and over","186,506","+/-5,690","23,749","+/-2,180"
"012","Asian alone",184,"Management, professional, and related occupations","36.4","+/-1.9","67.3","+/-5.7"
"012","Asian alone",185,"Service occupations","14.6","+/-1.3","5.1","+/-2.3"
"012","Asian alone",186,"Sales and office occupations","18.1","+/-1.4","13.2","+/-3.6"
"012","Asian alone",187,"Farming, fishing, and forestry occupations","0.4","+/-0.2","0.3","+/-0.4"
"012","Asian alone",188,"Construction, extraction, maintenance, and repair occupations","16.1","+/-1.7","4.5","+/-2.5"
"012","Asian alone",189,"Production, transportation, and material moving occupations","14.4","+/-1.6","9.6","+/-3.8"
"012","Asian alone",190,"Female civilian employed population 16 years and over","154,336","+/-5,371","13,508","+/-1,890"
"012","Asian alone",191,"Management, professional, and related occupations","40.1","+/-2.1","58.6","+/-7.1"
"012","Asian alone",192,"Service occupations","19.1","+/-1.9","7.5","+/-3.6"
"012","Asian alone",193,"Sales and office occupations","35.3","+/-2.0","27.7","+/-7.2"
"012","Asian alone",194,"Farming, fishing, and forestry occupations","0.0","+/-0.1","0.0","+/-1.3"
"012","Asian alone",195,"Construction, extraction, maintenance, and repair occupations","0.7","+/-0.4","0.0","+/-1.3"
"012","Asian alone",196,"Production, transportation, and material moving occupations","4.8","+/-1.0","6.2","+/-3.3"
"012","Asian alone",197,"Agriculture, forestry, fishing and hunting, and mining","0.3","+/-0.1","0.3","+/-0.3"
"012","Asian alone",198,"Construction","7.2","+/-1.0","2.3","+/-1.6"
"012","Asian alone",199,"Manufacturing","8.7","+/-0.9","12.5","+/-3.5"
"012","Asian alone",200,"Wholesale trade","3.8","+/-0.6","3.6","+/-2.1"
"012","Asian alone",201,"Retail trade","11.9","+/-1.0","8.5","+/-3.2"
"012","Asian alone",202,"Transportation and warehousing, and utilities","6.3","+/-0.8","4.0","+/-1.6"
"012","Asian alone",203,"Information","4.3","+/-0.7","8.1","+/-2.1"
"012","Asian alone",204,"Finance and insurance, and real estate and rental and leasing","8.8","+/-0.8","11.7","+/-3.3"
"012","Asian alone",205,"Professional, scientific, and management, and administrative and waste management services","11.9","+/-1.0","21.4","+/-3.9"
"012","Asian alone",206,"Educational services, and health care and social assistance","21.3","+/-1.3","21.5","+/-4.8"
"012","Asian alone",207,"Arts, entertainment, and recreation, and accommodation and food services","7.5","+/-0.8","2.4","+/-1.4"
"012","Asian alone",208,"Other services (except public administration)","3.9","+/-0.6","2.4","+/-1.2"
"012","Asian alone",209,"Public administration","4.2","+/-0.5","1.2","+/-0.8"
"012","Asian alone",210,"Private wage and salary workers","80.6","+/-1.1","86.5","+/-3.8"
"012","Asian alone",211,"Government workers","14.7","+/-1.0","11.0","+/-3.8"
"012","Asian alone",212,"Self-employed workers in own not incorporated business","4.5","+/-0.8","2.4","+/-1.2"
"012","Asian alone",213,"Unpaid family workers","0.1","+/-0.1","0.0","+/-0.5"
"012","Asian alone",214,"Households","242,233","+/-3,936","25,407","+/-2,178"
"012","Asian alone",215,"Median household income (dollars)","66,675","+/-3,305","93,740","+/-7,252"
"012","Asian alone",216,"With earnings","84.4","+/-0.9","97.1","+/-1.2"
"012","Asian alone",217,"Mean earnings (dollars)","85,400","+/-1,850","100,047","+/-7,101"
"012","Asian alone",218,"With Social Security income","24.7","+/-1.2","6.5","+/-2.4"
"012","Asian alone",219,"Mean Social Security income (dollars)","15,464","+/-526","12,636","+/-2,246"
"012","Asian alone",220,"With Supplemental Security Income","2.5","+/-0.4","1.8","+/-1.1"
"012","Asian alone",221,"Mean Supplemental Security Income (dollars)","7,628","+/-821","8,302","+/-2,927"
"012","Asian alone",222,"With cash public assistance income","1.9","+/-0.4","N","N"
"012","Asian alone",223,"Mean cash public assistance income (dollars)","3,675","+/-871","3,656","+/-1"
"012","Asian alone",224,"With retirement income","15.0","+/-1.2","5.0","+/-3.1"
"012","Asian alone",225,"Mean retirement income (dollars)","22,402","+/-1,591","17,424","+/-4,386"
"012","Asian alone",226,"With Food Stamp benefits","4.0","+/-0.6","N","N"
"012","Asian alone",227,"Families","164,436","+/-4,375","22,157","+/-2,130"
"012","Asian alone",228,"Median family income (dollars)","81,481","+/-2,293","96,190","+/-7,593"
"012","Asian alone",229,"Married-couple family","72.5","+/-1.7","88.7","+/-5.2"
"012","Asian alone",230,"Median income (dollars)","95,977","+/-3,119","99,927","+/-6,937"
"012","Asian alone",231,"Male householder, no spouse present, family","8.9","+/-1.4","6.5","+/-4.0"
"012","Asian alone",232,"Median income (dollars)","48,241","+/-6,037","N","N"
"012","Asian alone",233,"Female householder, no husband present, family","18.5","+/-1.5","4.8","+/-3.5"
"012","Asian alone",234,"Median income (dollars)","42,497","+/-3,665","81,986","+/-4,533"
"012","Asian alone",235,"Individuals","673,587","+/-12,915","77,603","+/-6,370"
"012","Asian alone",236,"Per capita income (dollars)","31,567","+/-607","32,379","+/-2,521"
"012","Asian alone",237,"Male","141,473","+/-5,065","18,402","+/-1,950"
"012","Asian alone",238,"Female","92,371","+/-3,878","8,745","+/-1,464"
"012","Asian alone",239,"Male","68,775","+/-2,299","74,156","+/-4,820"
"012","Asian alone",240,"Female","51,118","+/-2,153","67,410","+/-7,499"
"012","Asian alone",241,"Male","53,157","+/-2,071","70,985","+/-17,308"
"012","Asian alone",242,"Female","41,996","+/-1,126","64,952","+/-13,956"
"012","Asian alone",243,"All families","5.6","+/-0.9","5.6","+/-3.9"
"012","Asian alone",244,"With related children under 18 years","8.7","+/-1.7","6.0","+/-5.5"
"012","Asian alone",245,"With related children under 5 years only","11.2","+/-4.8","N","N"
"012","Asian alone",246,"Married-couple family","3.1","+/-1.0","N","N"
"012","Asian alone",247,"With related children under 18 years","4.4","+/-1.9","N","N"
"012","Asian alone",248,"With related children under 5 years only","9.3","+/-6.0","N","N"
"012","Asian alone",249,"Female householder, no husband present, family","16.6","+/-3.5","N","N"
"012","Asian alone",250,"With related children under 18 years","23.5","+/-5.3","68.4","+/-56.6"
"012","Asian alone",251,"With related children under 5 years only","31.8","+/-13.3","-","**"
"012","Asian alone",252,"All people","8.5","+/-0.8","7.0","+/-3.4"
"012","Asian alone",253,"Under 18 years","10.6","+/-1.9","5.5","+/-4.3"
"012","Asian alone",254,"Related children under 18 years","10.1","+/-1.9","5.5","+/-4.3"
"012","Asian alone",255,"Related children under 5 years","15.4","+/-3.9","N","N"
"012","Asian alone",256,"Related children 5 to 17 years","7.9","+/-1.8","N","N"
"012","Asian alone",257,"18 years and over","7.9","+/-0.7","7.5","+/-3.4"
"012","Asian alone",258,"18 to 64 years","8.1","+/-0.9","8.0","+/-3.8"
"012","Asian alone",259,"65 years and over","6.9","+/-1.6","1.4","+/-2.6"
"012","Asian alone",260,"People in families","5.7","+/-1.0","5.0","+/-3.3"
"012","Asian alone",261,"Unrelated individuals 15 years and over","21.2","+/-2.0","30.6","+/-10.4"
"012","Asian alone",262,"Occupied housing units","242,233","+/-3,936","25,407","+/-2,178"
"012","Asian alone",263,"Owner-occupied housing units","62.6","+/-1.4","53.7","+/-5.6"
"012","Asian alone",264,"Renter-occupied housing units","37.4","+/-1.4","46.3","+/-5.6"
"012","Asian alone",265,"Average household size of owner-occupied unit","2.82","+/-0.06","3.21","+/-0.28"
"012","Asian alone",266,"Average household size of renter-occupied unit","2.49","+/-0.09","2.82","+/-0.24"
"012","Asian alone",267,"1-unit, detached or attached","61.9","+/-1.4","47.2","+/-6.4"
"012","Asian alone",268,"2 to 4 units","14.6","+/-1.0","9.3","+/-3.4"
"012","Asian alone",269,"5 or more units","22.8","+/-1.1","43.5","+/-6.0"
"012","Asian alone",270,"Mobile home, boat, RV, van, etc.","0.7","+/-0.3","0.0","+/-0.7"
"012","Asian alone",271,"Built 2000 or later","5.1","+/-0.7","8.2","+/-2.9"
"012","Asian alone",272,"Built 1990 to 1999","7.6","+/-0.7","19.0","+/-3.9"
"012","Asian alone",273,"Built 1980 to 1989","12.0","+/-1.2","23.6","+/-5.4"
"012","Asian alone",274,"Built 1960 to 1979","31.6","+/-1.4","32.7","+/-5.8"
"012","Asian alone",275,"Built 1940 to 1959","24.9","+/-1.4","10.1","+/-3.5"
"012","Asian alone",276,"Built 1939 or earlier","18.8","+/-1.0","6.3","+/-2.6"
"012","Asian alone",277,"None","9.6","+/-1.0","7.6","+/-4.2"
"012","Asian alone",278,"1 or more","90.4","+/-1.0","92.4","+/-4.2"
"012","Asian alone",279,"Gas","80.6","+/-1.2","87.9","+/-4.3"
"012","Asian alone",280,"Electricity","9.6","+/-0.9","7.7","+/-3.0"
"012","Asian alone",281,"All other fuels","9.6","+/-1.0","4.2","+/-3.1"
"012","Asian alone",282,"No fuel used","0.2","+/-0.1","0.3","+/-0.4"
"012","Asian alone",283,"No telephone service available","7.6","+/-1.0","6.6","+/-2.8"
"012","Asian alone",284,"1.01 or more occupants per room","3.6","+/-0.7","7.9","+/-2.7"
"012","Asian alone",285,"Owner-occupied housing units","151,669","+/-3,787","13,640","+/-2,016"
"012","Asian alone",286,"Less than 30 percent","56.5","+/-2.1","51.1","+/-9.6"
"012","Asian alone",287,"30 percent or more","43.5","+/-2.1","48.9","+/-9.6"
"012","Asian alone",288,"Median value (dollars)","374,500","+/-5,872","414,600","+/-25,003"
"012","Asian alone",289,"Median selected monthly owner costs with a mortgage (dollars)","2,261","+/-45","2,666","+/-128"
"012","Asian alone",290,"Median selected monthly owner costs without a mortgage (dollars)","833","+/-21","1,000+","***"
"012","Asian alone",291,"Renter-occupied housing units","90,564","+/-3,987","11,767","+/-1,573"
"012","Asian alone",292,"Less than 30 percent","50.7","+/-2.9","75.1","+/-8.9"
"012","Asian alone",293,"30 percent or more","49.3","+/-2.9","24.9","+/-8.9"
"012","Asian alone",294,"Median gross rent (dollars)","1,076","+/-25","1,156","+/-53"
"031","Asian alone or in combination with one or more other races",1,"Total population","673,587","+/-12,915","80,986","+/-6,742"
"031","Asian alone or in combination with one or more other races",2,"One race","98.3","+/-0.4","95.8","+/-1.6"
"031","Asian alone or in combination with one or more other races",3,"Two races","1.6","+/-0.3","3.8","+/-1.6"
"031","Asian alone or in combination with one or more other races",4,"Three races","0.1","+/-0.1","0.4","+/-0.4"
"031","Asian alone or in combination with one or more other races",5,"Four or more races","0.0","+/-0.1","0.0","+/-0.2"
"031","Asian alone or in combination with one or more other races",6,"Male","49.0","+/-0.6","50.1","+/-1.7"
"031","Asian alone or in combination with one or more other races",7,"Female","51.0","+/-0.6","49.9","+/-1.7"
"031","Asian alone or in combination with one or more other races",8,"Under 5 years","6.8","+/-0.4","8.7","+/-1.1"
"031","Asian alone or in combination with one or more other races",9,"5 to 17 years","15.8","+/-0.6","14.7","+/-1.8"
"031","Asian alone or in combination with one or more other races",10,"18 to 24 years","10.6","+/-0.5","10.6","+/-1.3"
"031","Asian alone or in combination with one or more other races",11,"25 to 34 years","14.5","+/-0.6","23.9","+/-2.1"
"031","Asian alone or in combination with one or more other races",12,"35 to 44 years","14.8","+/-0.7","17.6","+/-1.9"
"031","Asian alone or in combination with one or more other races",13,"45 to 54 years","14.6","+/-0.6","11.3","+/-1.9"
"031","Asian alone or in combination with one or more other races",14,"55 to 64 years","11.1","+/-0.6","6.4","+/-1.3"
"031","Asian alone or in combination with one or more other races",15,"65 to 74 years","6.2","+/-0.5","4.9","+/-1.5"
"031","Asian alone or in combination with one or more other races",16,"75 years and over","5.5","+/-0.4","2.0","+/-0.8"
"031","Asian alone or in combination with one or more other races",17,"Median age (years)","36.6","+/-0.6","32.8","+/-0.5"
"031","Asian alone or in combination with one or more other races",18,"18 years and over","77.4","+/-0.7","76.7","+/-1.8"
"031","Asian alone or in combination with one or more other races",19,"21 years and over","72.7","+/-0.7","72.0","+/-1.7"
"031","Asian alone or in combination with one or more other races",20,"62 years and over","14.2","+/-0.6","8.8","+/-1.7"
"031","Asian alone or in combination with one or more other races",21,"65 years and over","11.7","+/-0.6","6.8","+/-1.7"
"031","Asian alone or in combination with one or more other races",22,"Under 18 years","152,248","+/-6,276","18,910","+/-2,312"
"031","Asian alone or in combination with one or more other races",23,"Male","49.8","+/-1.7","46.7","+/-4.4"
"031","Asian alone or in combination with one or more other races",24,"Female","50.2","+/-1.7","53.3","+/-4.4"
"031","Asian alone or in combination with one or more other races",25,"18 years and over","521,339","+/-8,918","62,076","+/-5,131"
"031","Asian alone or in combination with one or more other races",26,"Male","48.8","+/-0.6","51.1","+/-1.7"
"031","Asian alone or in combination with one or more other races",27,"Female","51.2","+/-0.6","48.9","+/-1.7"
"031","Asian alone or in combination with one or more other races",28,"18 to 34 years","168,990","+/-5,365","27,931","+/-2,386"
"031","Asian alone or in combination with one or more other races",29,"Male","51.4","+/-1.3","48.6","+/-3.1"
"031","Asian alone or in combination with one or more other races",30,"Female","48.6","+/-1.3","51.4","+/-3.1"
"031","Asian alone or in combination with one or more other races",31,"35 to 64 years","273,266","+/-6,505","28,606","+/-2,815"
"031","Asian alone or in combination with one or more other races",32,"Male","49.2","+/-0.8","54.4","+/-2.8"
"031","Asian alone or in combination with one or more other races",33,"Female","50.8","+/-0.8","45.6","+/-2.8"
"031","Asian alone or in combination with one or more other races",34,"65 years and over","79,083","+/-3,488","5,539","+/-1,516"
"031","Asian alone or in combination with one or more other races",35,"Male","41.6","+/-1.5","46.8","+/-6.9"
"031","Asian alone or in combination with one or more other races",36,"Female","58.4","+/-1.5","53.2","+/-6.9"
"031","Asian alone or in combination with one or more other races",37,"Population in households","653,558","+/-12,794","78,343","+/-6,762"
"031","Asian alone or in combination with one or more other races",38,"Householder or spouse","55.3","+/-0.9","56.8","+/-2.8"
"031","Asian alone or in combination with one or more other races",39,"Child","30.7","+/-1.0","30.1","+/-2.1"
"031","Asian alone or in combination with one or more other races",40,"Other relatives","8.0","+/-0.8","9.5","+/-3.1"
"031","Asian alone or in combination with one or more other races",41,"Nonrelatives","6.1","+/-0.7","3.6","+/-1.4"
"031","Asian alone or in combination with one or more other races",42,"Unmarried partner","2.1","+/-0.3","0.4","+/-0.4"
"031","Asian alone or in combination with one or more other races",43,"Households","242,233","+/-3,936","25,829","+/-2,226"
"031","Asian alone or in combination with one or more other races",44,"Family households","67.9","+/-1.3","87.2","+/-3.3"
"031","Asian alone or in combination with one or more other races",45,"With own children under 18 years","33.2","+/-1.3","52.3","+/-4.8"
"031","Asian alone or in combination with one or more other races",46,"Married-couple family","49.2","+/-1.4","77.4","+/-5.1"
"031","Asian alone or in combination with one or more other races",47,"With own children under 18 years","23.2","+/-1.4","47.5","+/-5.5"
"031","Asian alone or in combination with one or more other races",48,"Female householder, no husband present, family","12.6","+/-1.1","4.3","+/-3.0"
"031","Asian alone or in combination with one or more other races",49,"With own children under 18 years","7.3","+/-0.9","1.2","+/-1.2"
"031","Asian alone or in combination with one or more other races",50,"Nonfamily households","32.1","+/-1.3","12.8","+/-3.3"
"031","Asian alone or in combination with one or more other races",51,"Male householder","14.5","+/-1.2","7.6","+/-2.4"
"031","Asian alone or in combination with one or more other races",52,"Living alone","10.7","+/-1.0","3.6","+/-1.3"
"031","Asian alone or in combination with one or more other races",53,"Not living alone","3.8","+/-0.7","4.0","+/-2.0"
"031","Asian alone or in combination with one or more other races",54,"Female householder","17.6","+/-1.2","5.2","+/-2.0"
"031","Asian alone or in combination with one or more other races",55,"Living alone","15.3","+/-1.1","4.4","+/-1.9"
"031","Asian alone or in combination with one or more other races",56,"Not living alone","2.3","+/-0.5","0.8","+/-0.6"
"031","Asian alone or in combination with one or more other races",57,"Average household size","2.70","+/-0.04","3.02","+/-0.18"
"031","Asian alone or in combination with one or more other races",58,"Average family size","3.26","+/-0.05","3.17","+/-0.19"
"031","Asian alone or in combination with one or more other races",59,"Population 15 years and over","545,347","+/-9,312","63,866","+/-5,250"
"031","Asian alone or in combination with one or more other races",60,"Now married, except separated","49.1","+/-1.4","71.4","+/-3.6"
"031","Asian alone or in combination with one or more other races",61,"Widowed","6.6","+/-0.5","3.0","+/-1.1"
"031","Asian alone or in combination with one or more other races",62,"Divorced","9.0","+/-0.8","2.0","+/-0.9"
"031","Asian alone or in combination with one or more other races",63,"Separated","2.2","+/-0.4","1.0","+/-1.1"
"031","Asian alone or in combination with one or more other races",64,"Never married","33.0","+/-1.1","22.6","+/-2.9"
"031","Asian alone or in combination with one or more other races",65,"Male 15 years and over","264,689","+/-5,794","32,414","+/-2,634"
"031","Asian alone or in combination with one or more other races",66,"Now married, except separated","52.7","+/-1.5","74.9","+/-4.5"
"031","Asian alone or in combination with one or more other races",67,"Widowed","2.5","+/-0.5","0.7","+/-0.7"
"031","Asian alone or in combination with one or more other races",68,"Divorced","7.7","+/-0.9","1.6","+/-1.0"
"031","Asian alone or in combination with one or more other races",69,"Separated","1.8","+/-0.4","0.7","+/-0.9"
"031","Asian alone or in combination with one or more other races",70,"Never married","35.3","+/-1.4","22.1","+/-4.1"
"031","Asian alone or in combination with one or more other races",71,"Female 15 years and over","280,658","+/-5,471","31,452","+/-3,028"
"031","Asian alone or in combination with one or more other races",72,"Now married, except separated","45.8","+/-1.6","67.7","+/-4.0"
"031","Asian alone or in combination with one or more other races",73,"Widowed","10.5","+/-0.9","5.4","+/-2.0"
"031","Asian alone or in combination with one or more other races",74,"Divorced","10.2","+/-1.0","2.5","+/-1.4"
"031","Asian alone or in combination with one or more other races",75,"Separated","2.6","+/-0.5","1.4","+/-2.0"
"031","Asian alone or in combination with one or more other races",76,"Never married","30.9","+/-1.3","23.0","+/-3.3"
"031","Asian alone or in combination with one or more other races",77,"Population 3 years and over enrolled in school","181,849","+/-7,079","22,764","+/-2,760"
"031","Asian alone or in combination with one or more other races",78,"Nursery school, preschool","7.7","+/-1.0","6.7","+/-3.3"
"031","Asian alone or in combination with one or more other races",79,"Kindergarten","4.3","+/-0.6","4.6","+/-2.1"
"031","Asian alone or in combination with one or more other races",80,"Elementary school (grades 1-8)","37.4","+/-1.7","33.6","+/-6.0"
"031","Asian alone or in combination with one or more other races",81,"High school (grades 9-12)","19.6","+/-1.3","13.2","+/-4.2"
"031","Asian alone or in combination with one or more other races",82,"College or graduate school","30.9","+/-1.5","41.9","+/-5.9"
"031","Asian alone or in combination with one or more other races",83,"Male 3 years and over enrolled in school","88,667","+/-4,658","11,480","+/-1,904"
"031","Asian alone or in combination with one or more other races",84,"Percent enrolled in kindergarten to grade 12","62.9","+/-2.6","50.5","+/-8.0"
"031","Asian alone or in combination with one or more other races",85,"Percent enrolled in college or graduate school","28.3","+/-2.4","43.4","+/-7.9"
"031","Asian alone or in combination with one or more other races",86,"Female 3 years and over enrolled in school","93,182","+/-4,337","11,284","+/-1,637"
"031","Asian alone or in combination with one or more other races",87,"Percent enrolled in kindergarten to grade 12","59.8","+/-2.7","52.3","+/-7.9"
"031","Asian alone or in combination with one or more other races",88,"Percent enrolled in college or graduate school","33.4","+/-2.4","40.4","+/-7.5"
"031","Asian alone or in combination with one or more other races",89,"Population 25 years and over","449,864","+/-7,052","53,507","+/-4,719"
"031","Asian alone or in combination with one or more other races",90,"Less than high school diploma","12.0","+/-0.9","7.2","+/-1.9"
"031","Asian alone or in combination with one or more other races",91,"High school graduate (includes equivalency)","31.2","+/-1.4","10.9","+/-3.9"
"031","Asian alone or in combination with one or more other races",92,"Some college or associate's degree","22.9","+/-1.1","11.9","+/-2.9"
"031","Asian alone or in combination with one or more other races",93,"Bachelor's degree","20.9","+/-1.2","36.9","+/-4.5"
"031","Asian alone or in combination with one or more other races",94,"Graduate or professional degree","13.0","+/-0.8","33.0","+/-4.0"
"031","Asian alone or in combination with one or more other races",95,"High school graduate or higher","88.0","+/-0.9","92.8","+/-1.9"
"031","Asian alone or in combination with one or more other races",96,"Male, high school graduate or higher","87.3","+/-1.3","95.3","+/-1.9"
"031","Asian alone or in combination with one or more other races",97,"Female, high school graduate or higher","88.7","+/-1.0","90.1","+/-3.1"
"031","Asian alone or in combination with one or more other races",98,"Bachelor's degree or higher","34.0","+/-1.2","69.9","+/-4.5"
"031","Asian alone or in combination with one or more other races",99,"Male, bachelor's degree or higher","36.4","+/-1.7","73.2","+/-5.5"
"031","Asian alone or in combination with one or more other races",100,"Female, bachelor's degree or higher","31.7","+/-1.4","66.3","+/-5.2"
"031","Asian alone or in combination with one or more other races",101,"Women 15 to 50 years","177,913","+/-5,559","24,555","+/-2,273"
"031","Asian alone or in combination with one or more other races",102,"Women 15 to 50 years who had a birth in the past 12 months","9,821","+/-1,844","1,904","+/-991"
"031","Asian alone or in combination with one or more other races",103,"Unmarried women 15 to 50 years who had a birth in the past 12 months","2,650","+/-760","N","N"
"031","Asian alone or in combination with one or more other races",104,"As a percent of all women with a birth in the past 12 months","27.0","+/-7.7","N","N"
"031","Asian alone or in combination with one or more other races",105,"Population 30 years and over","402,920","+/-6,607","46,390","+/-4,294"
"031","Asian alone or in combination with one or more other races",106,"Living with grandchild(ren)","3.6","+/-0.6","7.9","+/-3.1"
"031","Asian alone or in combination with one or more other races",107,"Responsible for grandchild(ren)","27.9","+/-7.8","13.8","+/-13.7"
"031","Asian alone or in combination with one or more other races",108,"Civilian population 18 years and over","521,276","+/-8,926","62,076","+/-5,131"
"031","Asian alone or in combination with one or more other races",109,"Civilian veteran","7.6","+/-0.6","0.6","+/-0.4"
"031","Asian alone or in combination with one or more other races",110,"Civilian population 5 years and over","620,082","+/-12,034","73,274","+/-6,298"
"031","Asian alone or in combination with one or more other races",111,"With any disability","10.8","+/-0.6","4.0","+/-1.5"
"031","Asian alone or in combination with one or more other races",112,"Civilian population 5 to 15 years","89,217","+/-5,021","10,542","+/-1,786"
"031","Asian alone or in combination with one or more other races",113,"With any disability","5.7","+/-1.4","2.1","+/-1.8"
"031","Asian alone or in combination with one or more other races",114,"Civilian population 16 to 64 years","458,821","+/-9,786","57,644","+/-4,517"
"031","Asian alone or in combination with one or more other races",115,"With any disability","7.8","+/-0.7","3.1","+/-1.7"
"031","Asian alone or in combination with one or more other races",116,"No disability","92.2","+/-0.7","96.9","+/-1.7"
"031","Asian alone or in combination with one or more other races",117,"Civilian population 65 years and over","72,044","+/-3,438","5,088","+/-1,495"
"031","Asian alone or in combination with one or more other races",118,"With any disability","35.5","+/-2.6","17.6","+/-9.7"
"031","Asian alone or in combination with one or more other races",119,"Population 1 year and over","664,317","+/-12,984","79,402","+/-6,552"
"031","Asian alone or in combination with one or more other races",120,"Same house","86.9","+/-1.1","82.0","+/-3.3"
"031","Asian alone or in combination with one or more other races",121,"Different house in the U.S.","12.0","+/-1.0","13.5","+/-2.7"
"031","Asian alone or in combination with one or more other races",122,"Same county","7.6","+/-0.9","7.9","+/-2.3"
"031","Asian alone or in combination with one or more other races",123,"Different county","4.5","+/-0.7","5.6","+/-2.1"
"031","Asian alone or in combination with one or more other races",124,"Same state","2.9","+/-0.6","3.7","+/-2.0"
"031","Asian alone or in combination with one or more other races",125,"Different state","1.6","+/-0.4","1.9","+/-1.1"
"031","Asian alone or in combination with one or more other races",126,"Abroad","1.0","+/-0.3","4.5","+/-2.2"
"031","Asian alone or in combination with one or more other races",127,"Total population","673,587","+/-12,915","80,986","+/-6,742"
"031","Asian alone or in combination with one or more other races",128,"Native","515,732","+/-12,811","24,757","+/-2,934"
"031","Asian alone or in combination with one or more other races",129,"Male","48.3","+/-0.7","47.7","+/-4.5"
"031","Asian alone or in combination with one or more other races",130,"Female","51.7","+/-0.7","52.3","+/-4.5"
"031","Asian alone or in combination with one or more other races",131,"Foreign born","157,855","+/-9,450","56,229","+/-5,044"
"031","Asian alone or in combination with one or more other races",132,"Male","51.3","+/-1.9","51.2","+/-1.8"
"031","Asian alone or in combination with one or more other races",133,"Female","48.7","+/-1.9","48.8","+/-1.8"
"031","Asian alone or in combination with one or more other races",134,"Naturalized U.S. citizen","65,441","+/-5,102","24,545","+/-3,240"
"031","Asian alone or in combination with one or more other races",135,"Male","49.4","+/-3.1","51.1","+/-4.5"
"031","Asian alone or in combination with one or more other races",136,"Female","50.6","+/-3.1","48.9","+/-4.5"
"031","Asian alone or in combination with one or more other races",137,"Not a U.S. citizen","92,414","+/-7,061","31,684","+/-3,685"
"031","Asian alone or in combination with one or more other races",138,"Male","52.6","+/-2.7","51.2","+/-3.3"
"031","Asian alone or in combination with one or more other races",139,"Female","47.4","+/-2.7","48.8","+/-3.3"
"031","Asian alone or in combination with one or more other races",140,"Entered 2000 or later","34.4","+/-3.2","33.8","+/-5.0"
"031","Asian alone or in combination with one or more other races",141,"Entered 1990 to 1999","31.3","+/-3.3","36.8","+/-5.2"
"031","Asian alone or in combination with one or more other races",142,"Entered before 1990","34.3","+/-2.6","29.4","+/-3.7"
"031","Asian alone or in combination with one or more other races",143,"Foreign-born population excluding population born at sea","157,855","+/-9,450","56,229","+/-5,044"
"031","Asian alone or in combination with one or more other races",144,"Europe","16.2","+/-2.1","0.4","+/-0.3"
"031","Asian alone or in combination with one or more other races",145,"Asia","36.5","+/-2.9","97.3","+/-1.1"
"031","Asian alone or in combination with one or more other races",146,"Africa","4.9","+/-1.6","1.2","+/-0.7"
"031","Asian alone or in combination with one or more other races",147,"Oceania","0.2","+/-0.3","0.1","+/-0.1"
"031","Asian alone or in combination with one or more other races",148,"Latin America","41.6","+/-3.0","0.7","+/-0.8"
"031","Asian alone or in combination with one or more other races",149,"Northern America","0.5","+/-0.2","0.3","+/-0.4"
"031","Asian alone or in combination with one or more other races",150,"Population 5 years and over","628,096","+/-12,096","73,943","+/-6,338"
"031","Asian alone or in combination with one or more other races",151,"English only","70.5","+/-1.3","21.8","+/-4.0"
"031","Asian alone or in combination with one or more other races",152,"Language other than English","29.5","+/-1.3","78.2","+/-4.0"
"031","Asian alone or in combination with one or more other races",153,"Speak English less than ""very well""","13.7","+/-1.0","31.7","+/-4.9"
"031","Asian alone or in combination with one or more other races",154,"Population 16 years and over","538,879","+/-9,098","63,401","+/-5,270"
"031","Asian alone or in combination with one or more other races",155,"In labor force","67.1","+/-1.0","62.7","+/-3.7"
"031","Asian alone or in combination with one or more other races",156,"Civilian labor force","67.1","+/-1.0","62.7","+/-3.7"
"031","Asian alone or in combination with one or more other races",157,"Employed","63.3","+/-1.0","60.1","+/-3.6"
"031","Asian alone or in combination with one or more other races",158,"Unemployed","3.8","+/-0.4","2.6","+/-0.9"
"031","Asian alone or in combination with one or more other races",159,"Percent of civilian labor force","5.7","+/-0.6","4.2","+/-1.4"
"031","Asian alone or in combination with one or more other races",160,"Armed Forces","0.0","+/-0.1","0.0","+/-0.3"
"031","Asian alone or in combination with one or more other races",161,"Not in labor force","32.9","+/-1.0","37.3","+/-3.7"
"031","Asian alone or in combination with one or more other races",162,"Females 16 years and over","277,529","+/-5,492","31,070","+/-3,077"
"031","Asian alone or in combination with one or more other races",163,"In labor force","59.4","+/-1.5","47.5","+/-4.9"
"031","Asian alone or in combination with one or more other races",164,"Civilian labor force","59.4","+/-1.5","47.5","+/-4.9"
"031","Asian alone or in combination with one or more other races",165,"Employed","55.6","+/-1.5","44.5","+/-4.8"
"031","Asian alone or in combination with one or more other races",166,"Unemployed","3.8","+/-0.6","3.0","+/-1.5"
"031","Asian alone or in combination with one or more other races",167,"Percent of civilian labor force","6.3","+/-0.9","6.4","+/-3.0"
"031","Asian alone or in combination with one or more other races",168,"Workers 16 years and over","329,853","+/-8,988","37,105","+/-3,522"
"031","Asian alone or in combination with one or more other races",169,"Car, truck, or van - drove alone","70.7","+/-1.3","60.5","+/-5.1"
"031","Asian alone or in combination with one or more other races",170,"Car, truck, or van - carpooled","10.7","+/-1.0","10.3","+/-3.1"
"031","Asian alone or in combination with one or more other races",171,"Public transportation (excluding taxicab)","9.0","+/-1.0","18.4","+/-3.7"
"031","Asian alone or in combination with one or more other races",172,"Walked","4.6","+/-0.8","8.1","+/-3.9"
"031","Asian alone or in combination with one or more other races",173,"Other means","2.3","+/-0.7","1.1","+/-0.6"
"031","Asian alone or in combination with one or more other races",174,"Worked at home","2.8","+/-0.5","1.6","+/-0.9"
"031","Asian alone or in combination with one or more other races",175,"Mean travel time to work (minutes)","31.1","+/-0.8","39.4","+/-3.2"
"031","Asian alone or in combination with one or more other races",176,"Civilian employed population 16 years and over","340,842","+/-8,824","38,105","+/-3,499"
"031","Asian alone or in combination with one or more other races",177,"Management, professional, and related occupations","38.1","+/-1.5","63.3","+/-4.8"
"031","Asian alone or in combination with one or more other races",178,"Service occupations","16.6","+/-1.1","6.0","+/-2.2"
"031","Asian alone or in combination with one or more other races",179,"Sales and office occupations","25.9","+/-1.3","18.9","+/-3.5"
"031","Asian alone or in combination with one or more other races",180,"Farming, fishing, and forestry occupations","0.2","+/-0.1","0.2","+/-0.3"
"031","Asian alone or in combination with one or more other races",181,"Construction, extraction, maintenance, and repair occupations","9.1","+/-1.0","3.0","+/-1.6"
"031","Asian alone or in combination with one or more other races",182,"Production, transportation, and material moving occupations","10.1","+/-1.1","8.7","+/-2.9"
"031","Asian alone or in combination with one or more other races",183,"Male civilian employed population 16 years and over","186,506","+/-5,690","24,279","+/-2,207"
"031","Asian alone or in combination with one or more other races",184,"Management, professional, and related occupations","36.4","+/-1.9","66.4","+/-5.6"
"031","Asian alone or in combination with one or more other races",185,"Service occupations","14.6","+/-1.3","4.9","+/-2.3"
"031","Asian alone or in combination with one or more other races",186,"Sales and office occupations","18.1","+/-1.4","13.4","+/-3.7"
"031","Asian alone or in combination with one or more other races",187,"Farming, fishing, and forestry occupations","0.4","+/-0.2","0.3","+/-0.4"
"031","Asian alone or in combination with one or more other races",188,"Construction, extraction, maintenance, and repair occupations","16.1","+/-1.7","4.7","+/-2.5"
"031","Asian alone or in combination with one or more other races",189,"Production, transportation, and material moving occupations","14.4","+/-1.6","10.3","+/-3.7"
"031","Asian alone or in combination with one or more other races",190,"Female civilian employed population 16 years and over","154,336","+/-5,371","13,826","+/-1,877"
"031","Asian alone or in combination with one or more other races",191,"Management, professional, and related occupations","40.1","+/-2.1","57.8","+/-6.9"
"031","Asian alone or in combination with one or more other races",192,"Service occupations","19.1","+/-1.9","7.7","+/-3.5"
"031","Asian alone or in combination with one or more other races",193,"Sales and office occupations","35.3","+/-2.0","28.5","+/-7.0"
"031","Asian alone or in combination with one or more other races",194,"Farming, fishing, and forestry occupations","0.0","+/-0.1","0.0","+/-1.3"
"031","Asian alone or in combination with one or more other races",195,"Construction, extraction, maintenance, and repair occupations","0.7","+/-0.4","0.0","+/-1.3"
"031","Asian alone or in combination with one or more other races",196,"Production, transportation, and material moving occupations","4.8","+/-1.0","6.0","+/-3.2"
"031","Asian alone or in combination with one or more other races",197,"Agriculture, forestry, fishing and hunting, and mining","0.3","+/-0.1","0.3","+/-0.3"
"031","Asian alone or in combination with one or more other races",198,"Construction","7.2","+/-1.0","2.4","+/-1.6"
"031","Asian alone or in combination with one or more other races",199,"Manufacturing","8.7","+/-0.9","12.4","+/-3.4"
"031","Asian alone or in combination with one or more other races",200,"Wholesale trade","3.8","+/-0.6","3.5","+/-2.1"
"031","Asian alone or in combination with one or more other races",201,"Retail trade","11.9","+/-1.0","9.1","+/-3.2"
"031","Asian alone or in combination with one or more other races",202,"Transportation and warehousing, and utilities","6.3","+/-0.8","3.9","+/-1.6"
"031","Asian alone or in combination with one or more other races",203,"Information","4.3","+/-0.7","8.0","+/-2.0"
"031","Asian alone or in combination with one or more other races",204,"Finance and insurance, and real estate and rental and leasing","8.8","+/-0.8","11.6","+/-3.2"
"031","Asian alone or in combination with one or more other races",205,"Professional, scientific, and management, and administrative and waste management services","11.9","+/-1.0","21.1","+/-3.8"
"031","Asian alone or in combination with one or more other races",206,"Educational services, and health care and social assistance","21.3","+/-1.3","21.6","+/-4.8"
"031","Asian alone or in combination with one or more other races",207,"Arts, entertainment, and recreation, and accommodation and food services","7.5","+/-0.8","2.3","+/-1.4"
"031","Asian alone or in combination with one or more other races",208,"Other services (except public administration)","3.9","+/-0.6","2.5","+/-1.2"
"031","Asian alone or in combination with one or more other races",209,"Public administration","4.2","+/-0.5","1.2","+/-0.8"
"031","Asian alone or in combination with one or more other races",210,"Private wage and salary workers","80.6","+/-1.1","86.5","+/-3.7"
"031","Asian alone or in combination with one or more other races",211,"Government workers","14.7","+/-1.0","11.0","+/-3.7"
"031","Asian alone or in combination with one or more other races",212,"Self-employed workers in own not incorporated business","4.5","+/-0.8","2.5","+/-1.2"
"031","Asian alone or in combination with one or more other races",213,"Unpaid family workers","0.1","+/-0.1","0.0","+/-0.5"
"031","Asian alone or in combination with one or more other races",214,"Households","242,233","+/-3,936","25,829","+/-2,226"
"031","Asian alone or in combination with one or more other races",215,"Median household income (dollars)","66,675","+/-3,305","92,703","+/-6,899"
"031","Asian alone or in combination with one or more other races",216,"With earnings","84.4","+/-0.9","97.0","+/-1.3"
"031","Asian alone or in combination with one or more other races",217,"Mean earnings (dollars)","85,400","+/-1,850","99,243","+/-7,068"
"031","Asian alone or in combination with one or more other races",218,"With Social Security income","24.7","+/-1.2","6.7","+/-2.4"
"031","Asian alone or in combination with one or more other races",219,"Mean Social Security income (dollars)","15,464","+/-526","12,457","+/-2,139"
"031","Asian alone or in combination with one or more other races",220,"With Supplemental Security Income","2.5","+/-0.4","2.2","+/-1.2"
"031","Asian alone or in combination with one or more other races",221,"Mean Supplemental Security Income (dollars)","7,628","+/-821","8,441","+/-2,356"
"031","Asian alone or in combination with one or more other races",222,"With cash public assistance income","1.9","+/-0.4","N","N"
"031","Asian alone or in combination with one or more other races",223,"Mean cash public assistance income (dollars)","3,675","+/-871","3,656","+/-1"
"031","Asian alone or in combination with one or more other races",224,"With retirement income","15.0","+/-1.2","5.2","+/-3.0"
"031","Asian alone or in combination with one or more other races",225,"Mean retirement income (dollars)","22,402","+/-1,591","17,648","+/-4,083"
"031","Asian alone or in combination with one or more other races",226,"With Food Stamp benefits","4.0","+/-0.6","0.6","+/-0.5"
"031","Asian alone or in combination with one or more other races",227,"Families","164,436","+/-4,375","22,532","+/-2,181"
"031","Asian alone or in combination with one or more other races",228,"Median family income (dollars)","81,481","+/-2,293","95,143","+/-7,467"
"031","Asian alone or in combination with one or more other races",229,"Married-couple family","72.5","+/-1.7","88.7","+/-5.1"
"031","Asian alone or in combination with one or more other races",230,"Median income (dollars)","95,977","+/-3,119","98,708","+/-7,457"
"031","Asian alone or in combination with one or more other races",231,"Male householder, no spouse present, family","8.9","+/-1.4","6.4","+/-4.0"
"031","Asian alone or in combination with one or more other races",232,"Median income (dollars)","48,241","+/-6,037","N","N"
"031","Asian alone or in combination with one or more other races",233,"Female householder, no husband present, family","18.5","+/-1.5","4.9","+/-3.5"
"031","Asian alone or in combination with one or more other races",234,"Median income (dollars)","42,497","+/-3,665","81,748","+/-4,118"
"031","Asian alone or in combination with one or more other races",235,"Individuals","673,587","+/-12,915","80,986","+/-6,742"
"031","Asian alone or in combination with one or more other races",236,"Per capita income (dollars)","31,567","+/-607","31,454","+/-2,362"
"031","Asian alone or in combination with one or more other races",237,"Male","141,473","+/-5,065","18,725","+/-1,979"
"031","Asian alone or in combination with one or more other races",238,"Female","92,371","+/-3,878","8,791","+/-1,465"
"031","Asian alone or in combination with one or more other races",239,"Male","68,775","+/-2,299","73,839","+/-4,702"
"031","Asian alone or in combination with one or more other races",240,"Female","51,118","+/-2,153","67,261","+/-7,484"
"031","Asian alone or in combination with one or more other races",241,"Male","53,157","+/-2,071","71,065","+/-16,495"
"031","Asian alone or in combination with one or more other races",242,"Female","41,996","+/-1,126","64,510","+/-14,206"
"031","Asian alone or in combination with one or more other races",243,"All families","5.6","+/-0.9","5.5","+/-3.9"
"031","Asian alone or in combination with one or more other races",244,"With related children under 18 years","8.7","+/-1.7","6.0","+/-5.4"
"031","Asian alone or in combination with one or more other races",245,"With related children under 5 years only","11.2","+/-4.8","N","N"
"031","Asian alone or in combination with one or more other races",246,"Married-couple family","3.1","+/-1.0","N","N"
"031","Asian alone or in combination with one or more other races",247,"With related children under 18 years","4.4","+/-1.9","N","N"
"031","Asian alone or in combination with one or more other races",248,"With related children under 5 years only","9.3","+/-6.0","N","N"
"031","Asian alone or in combination with one or more other races",249,"Female householder, no husband present, family","16.6","+/-3.5","N","N"
"031","Asian alone or in combination with one or more other races",250,"With related children under 18 years","23.5","+/-5.3","57.9","+/-54.9"
"031","Asian alone or in combination with one or more other races",251,"With related children under 5 years only","31.8","+/-13.3","-","**"
"031","Asian alone or in combination with one or more other races",252,"All people","8.5","+/-0.8","6.9","+/-3.3"
"031","Asian alone or in combination with one or more other races",253,"Under 18 years","10.6","+/-1.9","5.0","+/-3.9"
"031","Asian alone or in combination with one or more other races",254,"Related children under 18 years","10.1","+/-1.9","5.0","+/-3.9"
"031","Asian alone or in combination with one or more other races",255,"Related children under 5 years","15.4","+/-3.9","N","N"
"031","Asian alone or in combination with one or more other races",256,"Related children 5 to 17 years","7.9","+/-1.8","N","N"
"031","Asian alone or in combination with one or more other races",257,"18 years and over","7.9","+/-0.7","7.5","+/-3.4"
"031","Asian alone or in combination with one or more other races",258,"18 to 64 years","8.1","+/-0.9","8.1","+/-3.7"
"031","Asian alone or in combination with one or more other races",259,"65 years and over","6.9","+/-1.6","1.4","+/-2.5"
"031","Asian alone or in combination with one or more other races",260,"People in families","5.7","+/-1.0","4.8","+/-3.2"
"031","Asian alone or in combination with one or more other races",261,"Unrelated individuals 15 years and over","21.2","+/-2.0","31.2","+/-9.9"
"031","Asian alone or in combination with one or more other races",262,"Occupied housing units","242,233","+/-3,936","25,829","+/-2,226"
"031","Asian alone or in combination with one or more other races",263,"Owner-occupied housing units","62.6","+/-1.4","53.7","+/-5.5"
"031","Asian alone or in combination with one or more other races",264,"Renter-occupied housing units","37.4","+/-1.4","46.3","+/-5.5"
"031","Asian alone or in combination with one or more other races",265,"Average household size of owner-occupied unit","2.82","+/-0.06","3.21","+/-0.28"
"031","Asian alone or in combination with one or more other races",266,"Average household size of renter-occupied unit","2.49","+/-0.09","2.81","+/-0.24"
"031","Asian alone or in combination with one or more other races",267,"1-unit, detached or attached","61.9","+/-1.4","47.5","+/-6.3"
"031","Asian alone or in combination with one or more other races",268,"2 to 4 units","14.6","+/-1.0","9.3","+/-3.4"
"031","Asian alone or in combination with one or more other races",269,"5 or more units","22.8","+/-1.1","43.1","+/-6.0"
"031","Asian alone or in combination with one or more other races",270,"Mobile home, boat, RV, van, etc.","0.7","+/-0.3","0.0","+/-0.7"
"031","Asian alone or in combination with one or more other races",271,"Built 2000 or later","5.1","+/-0.7","8.1","+/-2.9"
"031","Asian alone or in combination with one or more other races",272,"Built 1990 to 1999","7.6","+/-0.7","18.9","+/-3.8"
"031","Asian alone or in combination with one or more other races",273,"Built 1980 to 1989","12.0","+/-1.2","23.6","+/-5.4"
"031","Asian alone or in combination with one or more other races",274,"Built 1960 to 1979","31.6","+/-1.4","32.3","+/-5.7"
"031","Asian alone or in combination with one or more other races",275,"Built 1940 to 1959","24.9","+/-1.4","10.5","+/-3.4"
"031","Asian alone or in combination with one or more other races",276,"Built 1939 or earlier","18.8","+/-1.0","6.7","+/-2.6"
"031","Asian alone or in combination with one or more other races",277,"None","9.6","+/-1.0","7.6","+/-4.1"
"031","Asian alone or in combination with one or more other races",278,"1 or more","90.4","+/-1.0","92.4","+/-4.1"
"031","Asian alone or in combination with one or more other races",279,"Gas","80.6","+/-1.2","87.6","+/-4.3"
"031","Asian alone or in combination with one or more other races",280,"Electricity","9.6","+/-0.9","8.1","+/-3.0"
"031","Asian alone or in combination with one or more other races",281,"All other fuels","9.6","+/-1.0","4.1","+/-3.0"
"031","Asian alone or in combination with one or more other races",282,"No fuel used","0.2","+/-0.1","0.3","+/-0.4"
"031","Asian alone or in combination with one or more other races",283,"No telephone service available","7.6","+/-1.0","6.5","+/-2.8"
"031","Asian alone or in combination with one or more other races",284,"1.01 or more occupants per room","3.6","+/-0.7","8.0","+/-2.6"
"031","Asian alone or in combination with one or more other races",285,"Owner-occupied housing units","151,669","+/-3,787","13,863","+/-2,056"
"031","Asian alone or in combination with one or more other races",286,"Less than 30 percent","56.5","+/-2.1","50.3","+/-9.4"
"031","Asian alone or in combination with one or more other races",287,"30 percent or more","43.5","+/-2.1","49.7","+/-9.4"
"031","Asian alone or in combination with one or more other races",288,"Median value (dollars)","374,500","+/-5,872","412,600","+/-24,975"
"031","Asian alone or in combination with one or more other races",289,"Median selected monthly owner costs with a mortgage (dollars)","2,261","+/-45","2,656","+/-128"
"031","Asian alone or in combination with one or more other races",290,"Median selected monthly owner costs without a mortgage (dollars)","833","+/-21","1,000+","***"
"031","Asian alone or in combination with one or more other races",291,"Renter-occupied housing units","90,564","+/-3,987","11,966","+/-1,568"
"031","Asian alone or in combination with one or more other races",292,"Less than 30 percent","50.7","+/-2.9","75.1","+/-8.8"
"031","Asian alone or in combination with one or more other races",293,"30 percent or more","49.3","+/-2.9","24.9","+/-8.8"
"031","Asian alone or in combination with one or more other races",294,"Median gross rent (dollars)","1,076","+/-25","1,154","+/-53"
"400","Hispanic or Latino (of any race)",1,"Total population","673,587","+/-12,915","102,107","+/-7,460"
"400","Hispanic or Latino (of any race)",2,"One race","98.3","+/-0.4","N","N"
"400","Hispanic or Latino (of any race)",3,"Two races","1.6","+/-0.3","N","N"
"400","Hispanic or Latino (of any race)",4,"Three races","0.1","+/-0.1","N","N"
"400","Hispanic or Latino (of any race)",5,"Four or more races","0.0","+/-0.1","N","N"
"400","Hispanic or Latino (of any race)",6,"Male","49.0","+/-0.6","53.1","+/-2.0"
"400","Hispanic or Latino (of any race)",7,"Female","51.0","+/-0.6","46.9","+/-2.0"
"400","Hispanic or Latino (of any race)",8,"Under 5 years","6.8","+/-0.4","11.6","+/-1.4"
"400","Hispanic or Latino (of any race)",9,"5 to 17 years","15.8","+/-0.6","17.3","+/-1.8"
"400","Hispanic or Latino (of any race)",10,"18 to 24 years","10.6","+/-0.5","11.7","+/-1.5"
"400","Hispanic or Latino (of any race)",11,"25 to 34 years","14.5","+/-0.6","23.0","+/-2.0"
"400","Hispanic or Latino (of any race)",12,"35 to 44 years","14.8","+/-0.7","16.3","+/-1.8"
"400","Hispanic or Latino (of any race)",13,"45 to 54 years","14.6","+/-0.6","9.8","+/-1.5"
"400","Hispanic or Latino (of any race)",14,"55 to 64 years","11.1","+/-0.6","6.3","+/-1.1"
"400","Hispanic or Latino (of any race)",15,"65 to 74 years","6.2","+/-0.5","2.7","+/-0.8"
"400","Hispanic or Latino (of any race)",16,"75 years and over","5.5","+/-0.4","1.3","+/-0.6"
"400","Hispanic or Latino (of any race)",17,"Median age (years)","36.6","+/-0.6","28.4","+/-0.8"
"400","Hispanic or Latino (of any race)",18,"18 years and over","77.4","+/-0.7","71.1","+/-1.9"
"400","Hispanic or Latino (of any race)",19,"21 years and over","72.7","+/-0.7","67.2","+/-1.9"
"400","Hispanic or Latino (of any race)",20,"62 years and over","14.2","+/-0.6","5.2","+/-1.0"
"400","Hispanic or Latino (of any race)",21,"65 years and over","11.7","+/-0.6","4.0","+/-0.8"
"400","Hispanic or Latino (of any race)",22,"Under 18 years","152,248","+/-6,276","29,507","+/-3,317"
"400","Hispanic or Latino (of any race)",23,"Male","49.8","+/-1.7","51.6","+/-3.1"
"400","Hispanic or Latino (of any race)",24,"Female","50.2","+/-1.7","48.4","+/-3.1"
"400","Hispanic or Latino (of any race)",25,"18 years and over","521,339","+/-8,918","72,600","+/-5,089"
"400","Hispanic or Latino (of any race)",26,"Male","48.8","+/-0.6","53.7","+/-2.4"
"400","Hispanic or Latino (of any race)",27,"Female","51.2","+/-0.6","46.3","+/-2.4"
"400","Hispanic or Latino (of any race)",28,"18 to 34 years","168,990","+/-5,365","35,394","+/-3,231"
"400","Hispanic or Latino (of any race)",29,"Male","51.4","+/-1.3","54.6","+/-3.4"
"400","Hispanic or Latino (of any race)",30,"Female","48.6","+/-1.3","45.4","+/-3.4"
"400","Hispanic or Latino (of any race)",31,"35 to 64 years","273,266","+/-6,505","33,109","+/-3,185"
"400","Hispanic or Latino (of any race)",32,"Male","49.2","+/-0.8","54.1","+/-3.4"
"400","Hispanic or Latino (of any race)",33,"Female","50.8","+/-0.8","45.9","+/-3.4"
"400","Hispanic or Latino (of any race)",34,"65 years and over","79,083","+/-3,488","4,097","+/-847"
"400","Hispanic or Latino (of any race)",35,"Male","41.6","+/-1.5","43.3","+/-9.1"
"400","Hispanic or Latino (of any race)",36,"Female","58.4","+/-1.5","56.7","+/-9.1"
"400","Hispanic or Latino (of any race)",37,"Population in households","653,558","+/-12,794","100,432","+/-7,414"
"400","Hispanic or Latino (of any race)",38,"Householder or spouse","55.3","+/-0.9","39.0","+/-3.1"
"400","Hispanic or Latino (of any race)",39,"Child","30.7","+/-1.0","31.3","+/-2.7"
"400","Hispanic or Latino (of any race)",40,"Other relatives","8.0","+/-0.8","16.1","+/-3.1"
"400","Hispanic or Latino (of any race)",41,"Nonrelatives","6.1","+/-0.7","13.6","+/-2.9"
"400","Hispanic or Latino (of any race)",42,"Unmarried partner","2.1","+/-0.3","3.9","+/-1.0"
"400","Hispanic or Latino (of any race)",43,"Households","242,233","+/-3,936","26,814","+/-2,012"
"400","Hispanic or Latino (of any race)",44,"Family households","67.9","+/-1.3","78.2","+/-4.5"
"400","Hispanic or Latino (of any race)",45,"With own children under 18 years","33.2","+/-1.3","47.8","+/-5.3"
"400","Hispanic or Latino (of any race)",46,"Married-couple family","49.2","+/-1.4","43.9","+/-5.6"
"400","Hispanic or Latino (of any race)",47,"With own children under 18 years","23.2","+/-1.4","25.2","+/-4.7"
"400","Hispanic or Latino (of any race)",48,"Female householder, no husband present, family","12.6","+/-1.1","19.0","+/-4.2"
"400","Hispanic or Latino (of any race)",49,"With own children under 18 years","7.3","+/-0.9","13.7","+/-3.7"
"400","Hispanic or Latino (of any race)",50,"Nonfamily households","32.1","+/-1.3","21.8","+/-4.5"
"400","Hispanic or Latino (of any race)",51,"Male householder","14.5","+/-1.2","13.1","+/-3.7"
"400","Hispanic or Latino (of any race)",52,"Living alone","10.7","+/-1.0","6.2","+/-2.8"
"400","Hispanic or Latino (of any race)",53,"Not living alone","3.8","+/-0.7","6.9","+/-2.9"
"400","Hispanic or Latino (of any race)",54,"Female householder","17.6","+/-1.2","8.6","+/-2.9"
"400","Hispanic or Latino (of any race)",55,"Living alone","15.3","+/-1.1","5.9","+/-2.5"
"400","Hispanic or Latino (of any race)",56,"Not living alone","2.3","+/-0.5","2.7","+/-1.5"
"400","Hispanic or Latino (of any race)",57,"Average household size","2.70","+/-0.04","3.58","+/-0.27"
"400","Hispanic or Latino (of any race)",58,"Average family size","3.26","+/-0.05","3.64","+/-0.23"
"400","Hispanic or Latino (of any race)",59,"Population 15 years and over","545,347","+/-9,312","75,602","+/-5,443"
"400","Hispanic or Latino (of any race)",60,"Now married, except separated","49.1","+/-1.4","42.7","+/-4.2"
"400","Hispanic or Latino (of any race)",61,"Widowed","6.6","+/-0.5","3.2","+/-1.2"
"400","Hispanic or Latino (of any race)",62,"Divorced","9.0","+/-0.8","8.1","+/-2.1"
"400","Hispanic or Latino (of any race)",63,"Separated","2.2","+/-0.4","5.9","+/-1.8"
"400","Hispanic or Latino (of any race)",64,"Never married","33.0","+/-1.1","40.0","+/-3.8"
"400","Hispanic or Latino (of any race)",65,"Male 15 years and over","264,689","+/-5,794","40,454","+/-3,660"
"400","Hispanic or Latino (of any race)",66,"Now married, except separated","52.7","+/-1.5","43.6","+/-4.8"
"400","Hispanic or Latino (of any race)",67,"Widowed","2.5","+/-0.5","1.9","+/-1.2"
"400","Hispanic or Latino (of any race)",68,"Divorced","7.7","+/-0.9","7.3","+/-2.6"
"400","Hispanic or Latino (of any race)",69,"Separated","1.8","+/-0.4","4.7","+/-1.8"
"400","Hispanic or Latino (of any race)",70,"Never married","35.3","+/-1.4","42.5","+/-4.9"
"400","Hispanic or Latino (of any race)",71,"Female 15 years and over","280,658","+/-5,471","35,148","+/-2,762"
"400","Hispanic or Latino (of any race)",72,"Now married, except separated","45.8","+/-1.6","41.8","+/-4.8"
"400","Hispanic or Latino (of any race)",73,"Widowed","10.5","+/-0.9","4.7","+/-1.9"
"400","Hispanic or Latino (of any race)",74,"Divorced","10.2","+/-1.0","8.9","+/-2.8"
"400","Hispanic or Latino (of any race)",75,"Separated","2.6","+/-0.5","7.4","+/-3.0"
"400","Hispanic or Latino (of any race)",76,"Never married","30.9","+/-1.3","37.2","+/-4.4"
"400","Hispanic or Latino (of any race)",77,"Population 3 years and over enrolled in school","181,849","+/-7,079","26,955","+/-3,217"
"400","Hispanic or Latino (of any race)",78,"Nursery school, preschool","7.7","+/-1.0","12.3","+/-3.6"
"400","Hispanic or Latino (of any race)",79,"Kindergarten","4.3","+/-0.6","6.2","+/-2.2"
"400","Hispanic or Latino (of any race)",80,"Elementary school (grades 1-8)","37.4","+/-1.7","45.6","+/-5.6"
"400","Hispanic or Latino (of any race)",81,"High school (grades 9-12)","19.6","+/-1.3","16.4","+/-3.5"
"400","Hispanic or Latino (of any race)",82,"College or graduate school","30.9","+/-1.5","19.5","+/-4.6"
"400","Hispanic or Latino (of any race)",83,"Male 3 years and over enrolled in school","88,667","+/-4,658","13,073","+/-1,857"
"400","Hispanic or Latino (of any race)",84,"Percent enrolled in kindergarten to grade 12","62.9","+/-2.6","70.0","+/-6.9"
"400","Hispanic or Latino (of any race)",85,"Percent enrolled in college or graduate school","28.3","+/-2.4","16.8","+/-6.1"
"400","Hispanic or Latino (of any race)",86,"Female 3 years and over enrolled in school","93,182","+/-4,337","13,882","+/-2,167"
"400","Hispanic or Latino (of any race)",87,"Percent enrolled in kindergarten to grade 12","59.8","+/-2.7","66.7","+/-6.9"
"400","Hispanic or Latino (of any race)",88,"Percent enrolled in college or graduate school","33.4","+/-2.4","21.9","+/-6.0"
"400","Hispanic or Latino (of any race)",89,"Population 25 years and over","449,864","+/-7,052","60,666","+/-4,369"
"400","Hispanic or Latino (of any race)",90,"Less than high school diploma","12.0","+/-0.9","28.4","+/-4.0"
"400","Hispanic or Latino (of any race)",91,"High school graduate (includes equivalency)","31.2","+/-1.4","36.5","+/-4.8"
"400","Hispanic or Latino (of any race)",92,"Some college or associate's degree","22.9","+/-1.1","20.2","+/-3.2"
"400","Hispanic or Latino (of any race)",93,"Bachelor's degree","20.9","+/-1.2","11.6","+/-3.1"
"400","Hispanic or Latino (of any race)",94,"Graduate or professional degree","13.0","+/-0.8","3.3","+/-1.2"
"400","Hispanic or Latino (of any race)",95,"High school graduate or higher","88.0","+/-0.9","71.6","+/-4.0"
"400","Hispanic or Latino (of any race)",96,"Male, high school graduate or higher","87.3","+/-1.3","68.9","+/-4.9"
"400","Hispanic or Latino (of any race)",97,"Female, high school graduate or higher","88.7","+/-1.0","74.7","+/-5.2"
"400","Hispanic or Latino (of any race)",98,"Bachelor's degree or higher","34.0","+/-1.2","14.9","+/-3.5"
"400","Hispanic or Latino (of any race)",99,"Male, bachelor's degree or higher","36.4","+/-1.7","12.7","+/-4.0"
"400","Hispanic or Latino (of any race)",100,"Female, bachelor's degree or higher","31.7","+/-1.4","17.5","+/-4.2"
"400","Hispanic or Latino (of any race)",101,"Women 15 to 50 years","177,913","+/-5,559","28,428","+/-2,513"
"400","Hispanic or Latino (of any race)",102,"Women 15 to 50 years who had a birth in the past 12 months","9,821","+/-1,844","3,298","+/-985"
"400","Hispanic or Latino (of any race)",103,"Unmarried women 15 to 50 years who had a birth in the past 12 months","2,650","+/-760","1,507","+/-553"
"400","Hispanic or Latino (of any race)",104,"As a percent of all women with a birth in the past 12 months","27.0","+/-7.7","45.7","+/-15.1"
"400","Hispanic or Latino (of any race)",105,"Population 30 years and over","402,920","+/-6,607","47,306","+/-3,429"
"400","Hispanic or Latino (of any race)",106,"Living with grandchild(ren)","3.6","+/-0.6","5.4","+/-2.0"
"400","Hispanic or Latino (of any race)",107,"Responsible for grandchild(ren)","27.9","+/-7.8","26.5","+/-20.1"
"400","Hispanic or Latino (of any race)",108,"Civilian population 18 years and over","521,276","+/-8,926","72,600","+/-5,089"
"400","Hispanic or Latino (of any race)",109,"Civilian veteran","7.6","+/-0.6","3.8","+/-1.2"
"400","Hispanic or Latino (of any race)",110,"Civilian population 5 years and over","620,082","+/-12,034","89,819","+/-6,573"
"400","Hispanic or Latino (of any race)",111,"With any disability","10.8","+/-0.6","9.2","+/-1.9"
"400","Hispanic or Latino (of any race)",112,"Civilian population 5 to 15 years","89,217","+/-5,021","15,750","+/-2,360"
"400","Hispanic or Latino (of any race)",113,"With any disability","5.7","+/-1.4","8.3","+/-4.1"
"400","Hispanic or Latino (of any race)",114,"Civilian population 16 to 64 years","458,821","+/-9,786","70,409","+/-5,213"
"400","Hispanic or Latino (of any race)",115,"With any disability","7.8","+/-0.7","7.7","+/-1.7"
"400","Hispanic or Latino (of any race)",116,"No disability","92.2","+/-0.7","92.3","+/-1.7"
"400","Hispanic or Latino (of any race)",117,"Civilian population 65 years and over","72,044","+/-3,438","3,660","+/-842"
"400","Hispanic or Latino (of any race)",118,"With any disability","35.5","+/-2.6","42.2","+/-12.4"
"400","Hispanic or Latino (of any race)",119,"Population 1 year and over","664,317","+/-12,984","99,323","+/-7,303"
"400","Hispanic or Latino (of any race)",120,"Same house","86.9","+/-1.1","80.8","+/-4.2"
"400","Hispanic or Latino (of any race)",121,"Different house in the U.S.","12.0","+/-1.0","17.9","+/-4.4"
"400","Hispanic or Latino (of any race)",122,"Same county","7.6","+/-0.9","12.2","+/-3.8"
"400","Hispanic or Latino (of any race)",123,"Different county","4.5","+/-0.7","5.8","+/-2.8"
"400","Hispanic or Latino (of any race)",124,"Same state","2.9","+/-0.6","3.5","+/-2.6"
"400","Hispanic or Latino (of any race)",125,"Different state","1.6","+/-0.4","2.3","+/-1.1"
"400","Hispanic or Latino (of any race)",126,"Abroad","1.0","+/-0.3","1.3","+/-1.0"
"400","Hispanic or Latino (of any race)",127,"Total population","673,587","+/-12,915","102,107","+/-7,460"
"400","Hispanic or Latino (of any race)",128,"Native","515,732","+/-12,811","51,462","+/-5,174"
"400","Hispanic or Latino (of any race)",129,"Male","48.3","+/-0.7","50.3","+/-2.4"
"400","Hispanic or Latino (of any race)",130,"Female","51.7","+/-0.7","49.7","+/-2.4"
"400","Hispanic or Latino (of any race)",131,"Foreign born","157,855","+/-9,450","50,645","+/-5,851"
"400","Hispanic or Latino (of any race)",132,"Male","51.3","+/-1.9","56.0","+/-3.6"
"400","Hispanic or Latino (of any race)",133,"Female","48.7","+/-1.9","44.0","+/-3.6"
"400","Hispanic or Latino (of any race)",134,"Naturalized U.S. citizen","65,441","+/-5,102","12,359","+/-2,620"
"400","Hispanic or Latino (of any race)",135,"Male","49.4","+/-3.1","51.5","+/-6.2"
"400","Hispanic or Latino (of any race)",136,"Female","50.6","+/-3.1","48.5","+/-6.2"
"400","Hispanic or Latino (of any race)",137,"Not a U.S. citizen","92,414","+/-7,061","38,286","+/-5,528"
"400","Hispanic or Latino (of any race)",138,"Male","52.6","+/-2.7","57.5","+/-4.3"
"400","Hispanic or Latino (of any race)",139,"Female","47.4","+/-2.7","42.5","+/-4.3"
"400","Hispanic or Latino (of any race)",140,"Entered 2000 or later","34.4","+/-3.2","43.0","+/-6.3"
"400","Hispanic or Latino (of any race)",141,"Entered 1990 to 1999","31.3","+/-3.3","32.8","+/-6.2"
"400","Hispanic or Latino (of any race)",142,"Entered before 1990","34.3","+/-2.6","24.3","+/-4.5"
"400","Hispanic or Latino (of any race)",143,"Foreign-born population excluding population born at sea","157,855","+/-9,450","50,645","+/-5,851"
"400","Hispanic or Latino (of any race)",144,"Europe","16.2","+/-2.1","N","N"
"400","Hispanic or Latino (of any race)",145,"Asia","36.5","+/-2.9","N","N"
"400","Hispanic or Latino (of any race)",146,"Africa","4.9","+/-1.6","N","N"
"400","Hispanic or Latino (of any race)",147,"Oceania","0.2","+/-0.3","N","N"
"400","Hispanic or Latino (of any race)",148,"Latin America","41.6","+/-3.0","N","N"
"400","Hispanic or Latino (of any race)",149,"Northern America","0.5","+/-0.2","N","N"
"400","Hispanic or Latino (of any race)",150,"Population 5 years and over","628,096","+/-12,096","90,285","+/-6,606"
"400","Hispanic or Latino (of any race)",151,"English only","70.5","+/-1.3","17.2","+/-3.1"
"400","Hispanic or Latino (of any race)",152,"Language other than English","29.5","+/-1.3","82.8","+/-3.1"
"400","Hispanic or Latino (of any race)",153,"Speak English less than ""very well""","13.7","+/-1.0","50.2","+/-4.0"
"400","Hispanic or Latino (of any race)",154,"Population 16 years and over","538,879","+/-9,098","74,535","+/-5,299"
"400","Hispanic or Latino (of any race)",155,"In labor force","67.1","+/-1.0","75.2","+/-2.7"
"400","Hispanic or Latino (of any race)",156,"Civilian labor force","67.1","+/-1.0","75.2","+/-2.7"
"400","Hispanic or Latino (of any race)",157,"Employed","63.3","+/-1.0","69.3","+/-2.9"
"400","Hispanic or Latino (of any race)",158,"Unemployed","3.8","+/-0.4","5.9","+/-1.5"
"400","Hispanic or Latino (of any race)",159,"Percent of civilian labor force","5.7","+/-0.6","7.9","+/-1.9"
"400","Hispanic or Latino (of any race)",160,"Armed Forces","0.0","+/-0.1","0.0","+/-0.2"
"400","Hispanic or Latino (of any race)",161,"Not in labor force","32.9","+/-1.0","24.8","+/-2.7"
"400","Hispanic or Latino (of any race)",162,"Females 16 years and over","277,529","+/-5,492","34,706","+/-2,667"
"400","Hispanic or Latino (of any race)",163,"In labor force","59.4","+/-1.5","64.3","+/-4.7"
"400","Hispanic or Latino (of any race)",164,"Civilian labor force","59.4","+/-1.5","64.3","+/-4.7"
"400","Hispanic or Latino (of any race)",165,"Employed","55.6","+/-1.5","56.8","+/-4.6"
"400","Hispanic or Latino (of any race)",166,"Unemployed","3.8","+/-0.6","7.6","+/-3.1"
"400","Hispanic or Latino (of any race)",167,"Percent of civilian labor force","6.3","+/-0.9","11.8","+/-4.5"
"400","Hispanic or Latino (of any race)",168,"Workers 16 years and over","329,853","+/-8,988","50,343","+/-4,547"
"400","Hispanic or Latino (of any race)",169,"Car, truck, or van - drove alone","70.7","+/-1.3","48.9","+/-5.4"
"400","Hispanic or Latino (of any race)",170,"Car, truck, or van - carpooled","10.7","+/-1.0","22.0","+/-4.7"
"400","Hispanic or Latino (of any race)",171,"Public transportation (excluding taxicab)","9.0","+/-1.0","9.9","+/-3.0"
"400","Hispanic or Latino (of any race)",172,"Walked","4.6","+/-0.8","9.6","+/-3.0"
"400","Hispanic or Latino (of any race)",173,"Other means","2.3","+/-0.7","7.2","+/-3.6"
"400","Hispanic or Latino (of any race)",174,"Worked at home","2.8","+/-0.5","2.2","+/-1.2"
"400","Hispanic or Latino (of any race)",175,"Mean travel time to work (minutes)","31.1","+/-0.8","25.6","+/-2.1"
"400","Hispanic or Latino (of any race)",176,"Civilian employed population 16 years and over","340,842","+/-8,824","51,616","+/-4,451"
"400","Hispanic or Latino (of any race)",177,"Management, professional, and related occupations","38.1","+/-1.5","14.9","+/-2.6"
"400","Hispanic or Latino (of any race)",178,"Service occupations","16.6","+/-1.1","28.6","+/-4.0"
"400","Hispanic or Latino (of any race)",179,"Sales and office occupations","25.9","+/-1.3","19.8","+/-3.4"
"400","Hispanic or Latino (of any race)",180,"Farming, fishing, and forestry occupations","0.2","+/-0.1","0.6","+/-0.7"
"400","Hispanic or Latino (of any race)",181,"Construction, extraction, maintenance, and repair occupations","9.1","+/-1.0","13.1","+/-2.6"
"400","Hispanic or Latino (of any race)",182,"Production, transportation, and material moving occupations","10.1","+/-1.1","22.9","+/-3.6"
"400","Hispanic or Latino (of any race)",183,"Male civilian employed population 16 years and over","186,506","+/-5,690","31,917","+/-3,357"
"400","Hispanic or Latino (of any race)",184,"Management, professional, and related occupations","36.4","+/-1.9","13.0","+/-3.2"
"400","Hispanic or Latino (of any race)",185,"Service occupations","14.6","+/-1.3","27.2","+/-5.3"
"400","Hispanic or Latino (of any race)",186,"Sales and office occupations","18.1","+/-1.4","12.5","+/-3.3"
"400","Hispanic or Latino (of any race)",187,"Farming, fishing, and forestry occupations","0.4","+/-0.2","1.0","+/-1.1"
"400","Hispanic or Latino (of any race)",188,"Construction, extraction, maintenance, and repair occupations","16.1","+/-1.7","19.4","+/-4.2"
"400","Hispanic or Latino (of any race)",189,"Production, transportation, and material moving occupations","14.4","+/-1.6","26.9","+/-4.7"
"400","Hispanic or Latino (of any race)",190,"Female civilian employed population 16 years and over","154,336","+/-5,371","19,699","+/-2,308"
"400","Hispanic or Latino (of any race)",191,"Management, professional, and related occupations","40.1","+/-2.1","18.1","+/-3.8"
"400","Hispanic or Latino (of any race)",192,"Service occupations","19.1","+/-1.9","30.8","+/-6.4"
"400","Hispanic or Latino (of any race)",193,"Sales and office occupations","35.3","+/-2.0","31.6","+/-6.5"
"400","Hispanic or Latino (of any race)",194,"Farming, fishing, and forestry occupations","0.0","+/-0.1","0.0","+/-0.9"
"400","Hispanic or Latino (of any race)",195,"Construction, extraction, maintenance, and repair occupations","0.7","+/-0.4","2.9","+/-2.7"
"400","Hispanic or Latino (of any race)",196,"Production, transportation, and material moving occupations","4.8","+/-1.0","16.5","+/-5.0"
"400","Hispanic or Latino (of any race)",197,"Agriculture, forestry, fishing and hunting, and mining","0.3","+/-0.1","0.7","+/-0.6"
"400","Hispanic or Latino (of any race)",198,"Construction","7.2","+/-1.0","10.4","+/-2.6"
"400","Hispanic or Latino (of any race)",199,"Manufacturing","8.7","+/-0.9","14.8","+/-3.3"
"400","Hispanic or Latino (of any race)",200,"Wholesale trade","3.8","+/-0.6","4.1","+/-1.6"
"400","Hispanic or Latino (of any race)",201,"Retail trade","11.9","+/-1.0","11.0","+/-2.3"
"400","Hispanic or Latino (of any race)",202,"Transportation and warehousing, and utilities","6.3","+/-0.8","5.7","+/-1.8"
"400","Hispanic or Latino (of any race)",203,"Information","4.3","+/-0.7","2.0","+/-0.8"
"400","Hispanic or Latino (of any race)",204,"Finance and insurance, and real estate and rental and leasing","8.8","+/-0.8","4.4","+/-1.7"
"400","Hispanic or Latino (of any race)",205,"Professional, scientific, and management, and administrative and waste management services","11.9","+/-1.0","10.3","+/-3.1"
"400","Hispanic or Latino (of any race)",206,"Educational services, and health care and social assistance","21.3","+/-1.3","14.7","+/-2.5"
"400","Hispanic or Latino (of any race)",207,"Arts, entertainment, and recreation, and accommodation and food services","7.5","+/-0.8","14.0","+/-2.7"
"400","Hispanic or Latino (of any race)",208,"Other services (except public administration)","3.9","+/-0.6","5.0","+/-1.7"
"400","Hispanic or Latino (of any race)",209,"Public administration","4.2","+/-0.5","2.7","+/-1.3"
"400","Hispanic or Latino (of any race)",210,"Private wage and salary workers","80.6","+/-1.1","87.1","+/-3.3"
"400","Hispanic or Latino (of any race)",211,"Government workers","14.7","+/-1.0","9.3","+/-2.6"
"400","Hispanic or Latino (of any race)",212,"Self-employed workers in own not incorporated business","4.5","+/-0.8","3.4","+/-1.7"
"400","Hispanic or Latino (of any race)",213,"Unpaid family workers","0.1","+/-0.1","0.2","+/-0.3"
"400","Hispanic or Latino (of any race)",214,"Households","242,233","+/-3,936","26,814","+/-2,012"
"400","Hispanic or Latino (of any race)",215,"Median household income (dollars)","66,675","+/-3,305","46,254","+/-6,707"
"400","Hispanic or Latino (of any race)",216,"With earnings","84.4","+/-0.9","91.6","+/-2.8"
"400","Hispanic or Latino (of any race)",217,"Mean earnings (dollars)","85,400","+/-1,850","58,689","+/-4,905"
"400","Hispanic or Latino (of any race)",218,"With Social Security income","24.7","+/-1.2","13.2","+/-3.4"
"400","Hispanic or Latino (of any race)",219,"Mean Social Security income (dollars)","15,464","+/-526","12,543","+/-2,730"
"400","Hispanic or Latino (of any race)",220,"With Supplemental Security Income","2.5","+/-0.4","2.7","+/-1.5"
"400","Hispanic or Latino (of any race)",221,"Mean Supplemental Security Income (dollars)","7,628","+/-821","7,097","+/-1,483"
"400","Hispanic or Latino (of any race)",222,"With cash public assistance income","1.9","+/-0.4","N","N"
"400","Hispanic or Latino (of any race)",223,"Mean cash public assistance income (dollars)","3,675","+/-871","1,959","+/-1,345"
"400","Hispanic or Latino (of any race)",224,"With retirement income","15.0","+/-1.2","4.4","+/-1.8"
"400","Hispanic or Latino (of any race)",225,"Mean retirement income (dollars)","22,402","+/-1,591","19,929","+/-9,346"
"400","Hispanic or Latino (of any race)",226,"With Food Stamp benefits","4.0","+/-0.6","8.7","+/-3.1"
"400","Hispanic or Latino (of any race)",227,"Families","164,436","+/-4,375","20,980","+/-2,033"
"400","Hispanic or Latino (of any race)",228,"Median family income (dollars)","81,481","+/-2,293","43,338","+/-3,762"
"400","Hispanic or Latino (of any race)",229,"Married-couple family","72.5","+/-1.7","56.1","+/-6.7"
"400","Hispanic or Latino (of any race)",230,"Median income (dollars)","95,977","+/-3,119","62,152","+/-16,138"
"400","Hispanic or Latino (of any race)",231,"Male householder, no spouse present, family","8.9","+/-1.4","19.6","+/-6.1"
"400","Hispanic or Latino (of any race)",232,"Median income (dollars)","48,241","+/-6,037","39,363","+/-5,289"
"400","Hispanic or Latino (of any race)",233,"Female householder, no husband present, family","18.5","+/-1.5","24.3","+/-5.1"
"400","Hispanic or Latino (of any race)",234,"Median income (dollars)","42,497","+/-3,665","26,170","+/-9,265"
"400","Hispanic or Latino (of any race)",235,"Individuals","673,587","+/-12,915","102,107","+/-7,460"
"400","Hispanic or Latino (of any race)",236,"Per capita income (dollars)","31,567","+/-607","17,070","+/-1,239"
"400","Hispanic or Latino (of any race)",237,"Male","141,473","+/-5,065","25,441","+/-3,121"
"400","Hispanic or Latino (of any race)",238,"Female","92,371","+/-3,878","12,413","+/-2,203"
"400","Hispanic or Latino (of any race)",239,"Male","68,775","+/-2,299","34,996","+/-2,668"
"400","Hispanic or Latino (of any race)",240,"Female","51,118","+/-2,153","33,126","+/-3,033"
"400","Hispanic or Latino (of any race)",241,"Male","53,157","+/-2,071","28,433","+/-3,256"
"400","Hispanic or Latino (of any race)",242,"Female","41,996","+/-1,126","27,923","+/-2,694"
"400","Hispanic or Latino (of any race)",243,"All families","5.6","+/-0.9","12.3","+/-3.8"
"400","Hispanic or Latino (of any race)",244,"With related children under 18 years","8.7","+/-1.7","15.4","+/-5.2"
"400","Hispanic or Latino (of any race)",245,"With related children under 5 years only","11.2","+/-4.8","21.8","+/-11.5"
"400","Hispanic or Latino (of any race)",246,"Married-couple family","3.1","+/-1.0","7.8","+/-3.7"
"400","Hispanic or Latino (of any race)",247,"With related children under 18 years","4.4","+/-1.9","9.1","+/-5.2"
"400","Hispanic or Latino (of any race)",248,"With related children under 5 years only","9.3","+/-6.0","17.6","+/-14.2"
"400","Hispanic or Latino (of any race)",249,"Female householder, no husband present, family","16.6","+/-3.5","32.4","+/-12.1"
"400","Hispanic or Latino (of any race)",250,"With related children under 18 years","23.5","+/-5.3","39.2","+/-14.7"
"400","Hispanic or Latino (of any race)",251,"With related children under 5 years only","31.8","+/-13.3","60.9","+/-29.7"
"400","Hispanic or Latino (of any race)",252,"All people","8.5","+/-0.8","14.3","+/-2.9"
"400","Hispanic or Latino (of any race)",253,"Under 18 years","10.6","+/-1.9","19.1","+/-6.2"
"400","Hispanic or Latino (of any race)",254,"Related children under 18 years","10.1","+/-1.9","19.1","+/-6.2"
"400","Hispanic or Latino (of any race)",255,"Related children under 5 years","15.4","+/-3.9","23.5","+/-8.8"
"400","Hispanic or Latino (of any race)",256,"Related children 5 to 17 years","7.9","+/-1.8","16.2","+/-6.8"
"400","Hispanic or Latino (of any race)",257,"18 years and over","7.9","+/-0.7","12.3","+/-2.5"
"400","Hispanic or Latino (of any race)",258,"18 to 64 years","8.1","+/-0.9","12.4","+/-2.5"
"400","Hispanic or Latino (of any race)",259,"65 years and over","6.9","+/-1.6","11.6","+/-9.4"
"400","Hispanic or Latino (of any race)",260,"People in families","5.7","+/-1.0","11.6","+/-3.3"
"400","Hispanic or Latino (of any race)",261,"Unrelated individuals 15 years and over","21.2","+/-2.0","25.4","+/-5.5"
"400","Hispanic or Latino (of any race)",262,"Occupied housing units","242,233","+/-3,936","26,814","+/-2,012"
"400","Hispanic or Latino (of any race)",263,"Owner-occupied housing units","62.6","+/-1.4","38.8","+/-5.4"
"400","Hispanic or Latino (of any race)",264,"Renter-occupied housing units","37.4","+/-1.4","61.2","+/-5.4"
"400","Hispanic or Latino (of any race)",265,"Average household size of owner-occupied unit","2.82","+/-0.06","3.49","+/-0.32"
"400","Hispanic or Latino (of any race)",266,"Average household size of renter-occupied unit","2.49","+/-0.09","3.63","+/-0.38"
"400","Hispanic or Latino (of any race)",267,"1-unit, detached or attached","61.9","+/-1.4","44.5","+/-5.3"
"400","Hispanic or Latino (of any race)",268,"2 to 4 units","14.6","+/-1.0","32.9","+/-5.1"
"400","Hispanic or Latino (of any race)",269,"5 or more units","22.8","+/-1.1","22.6","+/-4.4"
"400","Hispanic or Latino (of any race)",270,"Mobile home, boat, RV, van, etc.","0.7","+/-0.3","0.0","+/-0.7"
"400","Hispanic or Latino (of any race)",271,"Built 2000 or later","5.1","+/-0.7","6.7","+/-2.3"
"400","Hispanic or Latino (of any race)",272,"Built 1990 to 1999","7.6","+/-0.7","6.3","+/-2.3"
"400","Hispanic or Latino (of any race)",273,"Built 1980 to 1989","12.0","+/-1.2","6.8","+/-2.2"
"400","Hispanic or Latino (of any race)",274,"Built 1960 to 1979","31.6","+/-1.4","30.1","+/-5.2"
"400","Hispanic or Latino (of any race)",275,"Built 1940 to 1959","24.9","+/-1.4","23.4","+/-4.7"
"400","Hispanic or Latino (of any race)",276,"Built 1939 or earlier","18.8","+/-1.0","26.9","+/-4.2"
"400","Hispanic or Latino (of any race)",277,"None","9.6","+/-1.0","21.9","+/-4.0"
"400","Hispanic or Latino (of any race)",278,"1 or more","90.4","+/-1.0","78.1","+/-4.0"
"400","Hispanic or Latino (of any race)",279,"Gas","80.6","+/-1.2","81.3","+/-4.6"
"400","Hispanic or Latino (of any race)",280,"Electricity","9.6","+/-0.9","7.4","+/-2.2"
"400","Hispanic or Latino (of any race)",281,"All other fuels","9.6","+/-1.0","11.2","+/-3.7"
"400","Hispanic or Latino (of any race)",282,"No fuel used","0.2","+/-0.1","0.0","+/-0.7"
"400","Hispanic or Latino (of any race)",283,"No telephone service available","7.6","+/-1.0","17.7","+/-4.6"
"400","Hispanic or Latino (of any race)",284,"1.01 or more occupants per room","3.6","+/-0.7","14.2","+/-3.7"
"400","Hispanic or Latino (of any race)",285,"Owner-occupied housing units","151,669","+/-3,787","10,401","+/-1,449"
"400","Hispanic or Latino (of any race)",286,"Less than 30 percent","56.5","+/-2.1","41.9","+/-7.1"
"400","Hispanic or Latino (of any race)",287,"30 percent or more","43.5","+/-2.1","58.1","+/-7.1"
"400","Hispanic or Latino (of any race)",288,"Median value (dollars)","374,500","+/-5,872","369,300","+/-17,003"
"400","Hispanic or Latino (of any race)",289,"Median selected monthly owner costs with a mortgage (dollars)","2,261","+/-45","2,356","+/-155"
"400","Hispanic or Latino (of any race)",290,"Median selected monthly owner costs without a mortgage (dollars)","833","+/-21","751","+/-69"
"400","Hispanic or Latino (of any race)",291,"Renter-occupied housing units","90,564","+/-3,987","16,413","+/-2,159"
"400","Hispanic or Latino (of any race)",292,"Less than 30 percent","50.7","+/-2.9","37.6","+/-6.3"
"400","Hispanic or Latino (of any race)",293,"30 percent or more","49.3","+/-2.9","62.4","+/-6.3"
"400","Hispanic or Latino (of any race)",294,"Median gross rent (dollars)","1,076","+/-25","1,081","+/-58"
"450","Not Hispanic or Latino",1,"Total population","673,587","+/-12,915","571,480","+/-12,196"
"450","Not Hispanic or Latino",2,"One race","98.3","+/-0.4","98.6","+/-0.4"
"450","Not Hispanic or Latino",3,"Two races","1.6","+/-0.3","1.3","+/-0.4"
"450","Not Hispanic or Latino",4,"Three races","0.1","+/-0.1","0.1","+/-0.1"
"450","Not Hispanic or Latino",5,"Four or more races","0.0","+/-0.1","0.0","+/-0.1"
"450","Not Hispanic or Latino",6,"Male","49.0","+/-0.6","48.2","+/-0.6"
"450","Not Hispanic or Latino",7,"Female","51.0","+/-0.6","51.8","+/-0.6"
"450","Not Hispanic or Latino",8,"Under 5 years","6.8","+/-0.4","5.9","+/-0.5"
"450","Not Hispanic or Latino",9,"5 to 17 years","15.8","+/-0.6","15.6","+/-0.7"
"450","Not Hispanic or Latino",10,"18 to 24 years","10.6","+/-0.5","10.4","+/-0.5"
"450","Not Hispanic or Latino",11,"25 to 34 years","14.5","+/-0.6","13.0","+/-0.6"
"450","Not Hispanic or Latino",12,"35 to 44 years","14.8","+/-0.7","14.6","+/-0.7"
"450","Not Hispanic or Latino",13,"45 to 54 years","14.6","+/-0.6","15.5","+/-0.6"
"450","Not Hispanic or Latino",14,"55 to 64 years","11.1","+/-0.6","11.9","+/-0.7"
"450","Not Hispanic or Latino",15,"65 to 74 years","6.2","+/-0.5","6.8","+/-0.5"
"450","Not Hispanic or Latino",16,"75 years and over","5.5","+/-0.4","6.3","+/-0.4"
"450","Not Hispanic or Latino",17,"Median age (years)","36.6","+/-0.6","38.7","+/-0.6"
"450","Not Hispanic or Latino",18,"18 years and over","77.4","+/-0.7","78.5","+/-0.8"
"450","Not Hispanic or Latino",19,"21 years and over","72.7","+/-0.7","73.7","+/-0.8"
"450","Not Hispanic or Latino",20,"62 years and over","14.2","+/-0.6","15.8","+/-0.7"
"450","Not Hispanic or Latino",21,"65 years and over","11.7","+/-0.6","13.1","+/-0.7"
"450","Not Hispanic or Latino",22,"Under 18 years","152,248","+/-6,276","122,741","+/-6,000"
"450","Not Hispanic or Latino",23,"Male","49.8","+/-1.7","49.3","+/-2.0"
"450","Not Hispanic or Latino",24,"Female","50.2","+/-1.7","50.7","+/-2.0"
"450","Not Hispanic or Latino",25,"18 years and over","521,339","+/-8,918","448,739","+/-8,815"
"450","Not Hispanic or Latino",26,"Male","48.8","+/-0.6","48.0","+/-0.6"
"450","Not Hispanic or Latino",27,"Female","51.2","+/-0.6","52.0","+/-0.6"
"450","Not Hispanic or Latino",28,"18 to 34 years","168,990","+/-5,365","133,596","+/-4,989"
"450","Not Hispanic or Latino",29,"Male","51.4","+/-1.3","50.5","+/-1.4"
"450","Not Hispanic or Latino",30,"Female","48.6","+/-1.3","49.5","+/-1.4"
"450","Not Hispanic or Latino",31,"35 to 64 years","273,266","+/-6,505","240,157","+/-6,285"
"450","Not Hispanic or Latino",32,"Male","49.2","+/-0.8","48.5","+/-0.8"
"450","Not Hispanic or Latino",33,"Female","50.8","+/-0.8","51.5","+/-0.8"
"450","Not Hispanic or Latino",34,"65 years and over","79,083","+/-3,488","74,986","+/-3,404"
"450","Not Hispanic or Latino",35,"Male","41.6","+/-1.5","41.5","+/-1.6"
"450","Not Hispanic or Latino",36,"Female","58.4","+/-1.5","58.5","+/-1.6"
"450","Not Hispanic or Latino",37,"Population in households","653,558","+/-12,794","553,126","+/-12,272"
"450","Not Hispanic or Latino",38,"Householder or spouse","55.3","+/-0.9","58.2","+/-1.0"
"450","Not Hispanic or Latino",39,"Child","30.7","+/-1.0","30.6","+/-1.0"
"450","Not Hispanic or Latino",40,"Other relatives","8.0","+/-0.8","6.5","+/-0.9"
"450","Not Hispanic or Latino",41,"Nonrelatives","6.1","+/-0.7","4.7","+/-0.6"
"450","Not Hispanic or Latino",42,"Unmarried partner","2.1","+/-0.3","1.8","+/-0.3"
"450","Not Hispanic or Latino",43,"Households","242,233","+/-3,936","215,419","+/-3,657"
"450","Not Hispanic or Latino",44,"Family households","67.9","+/-1.3","66.6","+/-1.5"
"450","Not Hispanic or Latino",45,"With own children under 18 years","33.2","+/-1.3","31.4","+/-1.3"
"450","Not Hispanic or Latino",46,"Married-couple family","49.2","+/-1.4","49.9","+/-1.6"
"450","Not Hispanic or Latino",47,"With own children under 18 years","23.2","+/-1.4","23.0","+/-1.4"
"450","Not Hispanic or Latino",48,"Female householder, no husband present, family","12.6","+/-1.1","11.8","+/-1.0"
"450","Not Hispanic or Latino",49,"With own children under 18 years","7.3","+/-0.9","6.5","+/-0.9"
"450","Not Hispanic or Latino",50,"Nonfamily households","32.1","+/-1.3","33.4","+/-1.5"
"450","Not Hispanic or Latino",51,"Male householder","14.5","+/-1.2","14.7","+/-1.4"
"450","Not Hispanic or Latino",52,"Living alone","10.7","+/-1.0","11.3","+/-1.1"
"450","Not Hispanic or Latino",53,"Not living alone","3.8","+/-0.7","3.4","+/-0.7"
"450","Not Hispanic or Latino",54,"Female householder","17.6","+/-1.2","18.7","+/-1.3"
"450","Not Hispanic or Latino",55,"Living alone","15.3","+/-1.1","16.5","+/-1.2"
"450","Not Hispanic or Latino",56,"Not living alone","2.3","+/-0.5","2.2","+/-0.5"
"450","Not Hispanic or Latino",57,"Average household size","2.70","+/-0.04","2.59","+/-0.04"
"450","Not Hispanic or Latino",58,"Average family size","3.26","+/-0.05","3.20","+/-0.05"
"450","Not Hispanic or Latino",59,"Population 15 years and over","545,347","+/-9,312","469,745","+/-9,134"
"450","Not Hispanic or Latino",60,"Now married, except separated","49.1","+/-1.4","50.2","+/-1.5"
"450","Not Hispanic or Latino",61,"Widowed","6.6","+/-0.5","7.2","+/-0.6"
"450","Not Hispanic or Latino",62,"Divorced","9.0","+/-0.8","9.2","+/-0.8"
"450","Not Hispanic or Latino",63,"Separated","2.2","+/-0.4","1.6","+/-0.3"
"450","Not Hispanic or Latino",64,"Never married","33.0","+/-1.1","31.9","+/-1.2"
"450","Not Hispanic or Latino",65,"Male 15 years and over","264,689","+/-5,794","224,235","+/-5,413"
"450","Not Hispanic or Latino",66,"Now married, except separated","52.7","+/-1.5","54.3","+/-1.6"
"450","Not Hispanic or Latino",67,"Widowed","2.5","+/-0.5","2.6","+/-0.6"
"450","Not Hispanic or Latino",68,"Divorced","7.7","+/-0.9","7.8","+/-1.0"
"450","Not Hispanic or Latino",69,"Separated","1.8","+/-0.4","1.3","+/-0.4"
"450","Not Hispanic or Latino",70,"Never married","35.3","+/-1.4","34.0","+/-1.6"
"450","Not Hispanic or Latino",71,"Female 15 years and over","280,658","+/-5,471","245,510","+/-5,441"
"450","Not Hispanic or Latino",72,"Now married, except separated","45.8","+/-1.6","46.4","+/-1.7"
"450","Not Hispanic or Latino",73,"Widowed","10.5","+/-0.9","11.4","+/-1.0"
"450","Not Hispanic or Latino",74,"Divorced","10.2","+/-1.0","10.4","+/-1.1"
"450","Not Hispanic or Latino",75,"Separated","2.6","+/-0.5","1.9","+/-0.4"
"450","Not Hispanic or Latino",76,"Never married","30.9","+/-1.3","29.9","+/-1.3"
"450","Not Hispanic or Latino",77,"Population 3 years and over enrolled in school","181,849","+/-7,079","154,894","+/-6,349"
"450","Not Hispanic or Latino",78,"Nursery school, preschool","7.7","+/-1.0","6.9","+/-1.0"
"450","Not Hispanic or Latino",79,"Kindergarten","4.3","+/-0.6","4.0","+/-0.7"
"450","Not Hispanic or Latino",80,"Elementary school (grades 1-8)","37.4","+/-1.7","36.0","+/-1.9"
"450","Not Hispanic or Latino",81,"High school (grades 9-12)","19.6","+/-1.3","20.2","+/-1.5"
"450","Not Hispanic or Latino",82,"College or graduate school","30.9","+/-1.5","32.9","+/-1.8"
"450","Not Hispanic or Latino",83,"Male 3 years and over enrolled in school","88,667","+/-4,658","75,594","+/-4,089"
"450","Not Hispanic or Latino",84,"Percent enrolled in kindergarten to grade 12","62.9","+/-2.6","61.7","+/-2.9"
"450","Not Hispanic or Latino",85,"Percent enrolled in college or graduate school","28.3","+/-2.4","30.3","+/-2.7"
"450","Not Hispanic or Latino",86,"Female 3 years and over enrolled in school","93,182","+/-4,337","79,300","+/-4,248"
"450","Not Hispanic or Latino",87,"Percent enrolled in kindergarten to grade 12","59.8","+/-2.7","58.6","+/-2.9"
"450","Not Hispanic or Latino",88,"Percent enrolled in college or graduate school","33.4","+/-2.4","35.5","+/-2.6"
"450","Not Hispanic or Latino",89,"Population 25 years and over","449,864","+/-7,052","389,198","+/-7,263"
"450","Not Hispanic or Latino",90,"Less than high school diploma","12.0","+/-0.9","9.4","+/-0.7"
"450","Not Hispanic or Latino",91,"High school graduate (includes equivalency)","31.2","+/-1.4","30.3","+/-1.4"
"450","Not Hispanic or Latino",92,"Some college or associate's degree","22.9","+/-1.1","23.3","+/-1.2"
"450","Not Hispanic or Latino",93,"Bachelor's degree","20.9","+/-1.2","22.4","+/-1.2"
"450","Not Hispanic or Latino",94,"Graduate or professional degree","13.0","+/-0.8","14.6","+/-0.9"
"450","Not Hispanic or Latino",95,"High school graduate or higher","88.0","+/-0.9","90.6","+/-0.7"
"450","Not Hispanic or Latino",96,"Male, high school graduate or higher","87.3","+/-1.3","90.6","+/-1.1"
"450","Not Hispanic or Latino",97,"Female, high school graduate or higher","88.7","+/-1.0","90.6","+/-0.9"
"450","Not Hispanic or Latino",98,"Bachelor's degree or higher","34.0","+/-1.2","37.0","+/-1.3"
"450","Not Hispanic or Latino",99,"Male, bachelor's degree or higher","36.4","+/-1.7","40.6","+/-1.9"
"450","Not Hispanic or Latino",100,"Female, bachelor's degree or higher","31.7","+/-1.4","33.6","+/-1.5"
"450","Not Hispanic or Latino",101,"Women 15 to 50 years","177,913","+/-5,559","149,485","+/-5,290"
"450","Not Hispanic or Latino",102,"Women 15 to 50 years who had a birth in the past 12 months","9,821","+/-1,844","6,523","+/-1,610"
"450","Not Hispanic or Latino",103,"Unmarried women 15 to 50 years who had a birth in the past 12 months","2,650","+/-760","1,143","+/-482"
"450","Not Hispanic or Latino",104,"As a percent of all women with a birth in the past 12 months","27.0","+/-7.7","17.5","+/-7.4"
"450","Not Hispanic or Latino",105,"Population 30 years and over","402,920","+/-6,607","355,614","+/-6,710"
"450","Not Hispanic or Latino",106,"Living with grandchild(ren)","3.6","+/-0.6","3.3","+/-0.6"
"450","Not Hispanic or Latino",107,"Responsible for grandchild(ren)","27.9","+/-7.8","28.2","+/-8.5"
"450","Not Hispanic or Latino",108,"Civilian population 18 years and over","521,276","+/-8,926","448,676","+/-8,824"
"450","Not Hispanic or Latino",109,"Civilian veteran","7.6","+/-0.6","8.2","+/-0.6"
"450","Not Hispanic or Latino",110,"Civilian population 5 years and over","620,082","+/-12,034","530,263","+/-11,305"
"450","Not Hispanic or Latino",111,"With any disability","10.8","+/-0.6","11.0","+/-0.7"
"450","Not Hispanic or Latino",112,"Civilian population 5 to 15 years","89,217","+/-5,021","73,467","+/-4,634"
"450","Not Hispanic or Latino",113,"With any disability","5.7","+/-1.4","5.2","+/-1.4"
"450","Not Hispanic or Latino",114,"Civilian population 16 to 64 years","458,821","+/-9,786","388,412","+/-9,434"
"450","Not Hispanic or Latino",115,"With any disability","7.8","+/-0.7","7.9","+/-0.7"
"450","Not Hispanic or Latino",116,"No disability","92.2","+/-0.7","92.1","+/-0.7"
"450","Not Hispanic or Latino",117,"Civilian population 65 years and over","72,044","+/-3,438","68,384","+/-3,390"
"450","Not Hispanic or Latino",118,"With any disability","35.5","+/-2.6","35.2","+/-2.7"
"450","Not Hispanic or Latino",119,"Population 1 year and over","664,317","+/-12,984","564,994","+/-12,145"
"450","Not Hispanic or Latino",120,"Same house","86.9","+/-1.1","88.0","+/-1.2"
"450","Not Hispanic or Latino",121,"Different house in the U.S.","12.0","+/-1.0","11.0","+/-1.1"
"450","Not Hispanic or Latino",122,"Same county","7.6","+/-0.9","6.7","+/-0.9"
"450","Not Hispanic or Latino",123,"Different county","4.5","+/-0.7","4.3","+/-0.7"
"450","Not Hispanic or Latino",124,"Same state","2.9","+/-0.6","2.8","+/-0.6"
"450","Not Hispanic or Latino",125,"Different state","1.6","+/-0.4","1.5","+/-0.4"
"450","Not Hispanic or Latino",126,"Abroad","1.0","+/-0.3","1.0","+/-0.4"
"450","Not Hispanic or Latino",127,"Total population","673,587","+/-12,915","571,480","+/-12,196"
"450","Not Hispanic or Latino",128,"Native","515,732","+/-12,811","464,270","+/-11,320"
"450","Not Hispanic or Latino",129,"Male","48.3","+/-0.7","48.1","+/-0.8"
"450","Not Hispanic or Latino",130,"Female","51.7","+/-0.7","51.9","+/-0.8"
"450","Not Hispanic or Latino",131,"Foreign born","157,855","+/-9,450","107,210","+/-8,385"
"450","Not Hispanic or Latino",132,"Male","51.3","+/-1.9","49.1","+/-1.8"
"450","Not Hispanic or Latino",133,"Female","48.7","+/-1.9","50.9","+/-1.8"
"450","Not Hispanic or Latino",134,"Naturalized U.S. citizen","65,441","+/-5,102","53,082","+/-4,623"
"450","Not Hispanic or Latino",135,"Male","49.4","+/-3.1","48.9","+/-3.3"
"450","Not Hispanic or Latino",136,"Female","50.6","+/-3.1","51.1","+/-3.3"
"450","Not Hispanic or Latino",137,"Not a U.S. citizen","92,414","+/-7,061","54,128","+/-6,314"
"450","Not Hispanic or Latino",138,"Male","52.6","+/-2.7","49.2","+/-2.8"
"450","Not Hispanic or Latino",139,"Female","47.4","+/-2.7","50.8","+/-2.8"
"450","Not Hispanic or Latino",140,"Entered 2000 or later","34.4","+/-3.2","30.4","+/-3.5"
"450","Not Hispanic or Latino",141,"Entered 1990 to 1999","31.3","+/-3.3","30.6","+/-3.5"
"450","Not Hispanic or Latino",142,"Entered before 1990","34.3","+/-2.6","39.0","+/-3.5"
"450","Not Hispanic or Latino",143,"Foreign-born population excluding population born at sea","157,855","+/-9,450","107,210","+/-8,385"
"450","Not Hispanic or Latino",144,"Europe","16.2","+/-2.1","23.6","+/-2.8"
"450","Not Hispanic or Latino",145,"Asia","36.5","+/-2.9","53.4","+/-3.9"
"450","Not Hispanic or Latino",146,"Africa","4.9","+/-1.6","7.2","+/-2.4"
"450","Not Hispanic or Latino",147,"Oceania","0.2","+/-0.3","0.3","+/-0.4"
"450","Not Hispanic or Latino",148,"Latin America","41.6","+/-3.0","14.6","+/-2.8"
"450","Not Hispanic or Latino",149,"Northern America","0.5","+/-0.2","0.8","+/-0.4"
"450","Not Hispanic or Latino",150,"Population 5 years and over","628,096","+/-12,096","537,811","+/-11,264"
"450","Not Hispanic or Latino",151,"English only","70.5","+/-1.3","79.5","+/-1.4"
"450","Not Hispanic or Latino",152,"Language other than English","29.5","+/-1.3","20.5","+/-1.4"
"450","Not Hispanic or Latino",153,"Speak English less than ""very well""","13.7","+/-1.0","7.6","+/-1.0"
"450","Not Hispanic or Latino",154,"Population 16 years and over","538,879","+/-9,098","464,344","+/-9,038"
"450","Not Hispanic or Latino",155,"In labor force","67.1","+/-1.0","65.8","+/-1.1"
"450","Not Hispanic or Latino",156,"Civilian labor force","67.1","+/-1.0","65.8","+/-1.1"
"450","Not Hispanic or Latino",157,"Employed","63.3","+/-1.0","62.3","+/-1.1"
"450","Not Hispanic or Latino",158,"Unemployed","3.8","+/-0.4","3.5","+/-0.5"
"450","Not Hispanic or Latino",159,"Percent of civilian labor force","5.7","+/-0.6","5.3","+/-0.7"
"450","Not Hispanic or Latino",160,"Armed Forces","0.0","+/-0.1","0.0","+/-0.1"
"450","Not Hispanic or Latino",161,"Not in labor force","32.9","+/-1.0","34.2","+/-1.1"
"450","Not Hispanic or Latino",162,"Females 16 years and over","277,529","+/-5,492","242,823","+/-5,382"
"450","Not Hispanic or Latino",163,"In labor force","59.4","+/-1.5","58.7","+/-1.6"
"450","Not Hispanic or Latino",164,"Civilian labor force","59.4","+/-1.5","58.7","+/-1.6"
"450","Not Hispanic or Latino",165,"Employed","55.6","+/-1.5","55.4","+/-1.6"
"450","Not Hispanic or Latino",166,"Unemployed","3.8","+/-0.6","3.2","+/-0.6"
"450","Not Hispanic or Latino",167,"Percent of civilian labor force","6.3","+/-0.9","5.5","+/-0.9"
"450","Not Hispanic or Latino",168,"Workers 16 years and over","329,853","+/-8,988","279,510","+/-8,352"
"450","Not Hispanic or Latino",169,"Car, truck, or van - drove alone","70.7","+/-1.3","74.6","+/-1.5"
"450","Not Hispanic or Latino",170,"Car, truck, or van - carpooled","10.7","+/-1.0","8.7","+/-1.0"
"450","Not Hispanic or Latino",171,"Public transportation (excluding taxicab)","9.0","+/-1.0","8.8","+/-1.1"
"450","Not Hispanic or Latino",172,"Walked","4.6","+/-0.8","3.7","+/-0.8"
"450","Not Hispanic or Latino",173,"Other means","2.3","+/-0.7","1.4","+/-0.4"
"450","Not Hispanic or Latino",174,"Worked at home","2.8","+/-0.5","2.9","+/-0.5"
"450","Not Hispanic or Latino",175,"Mean travel time to work (minutes)","31.1","+/-0.8","32.1","+/-1.0"
"450","Not Hispanic or Latino",176,"Civilian employed population 16 years and over","340,842","+/-8,824","289,226","+/-8,348"
"450","Not Hispanic or Latino",177,"Management, professional, and related occupations","38.1","+/-1.5","42.2","+/-1.6"
"450","Not Hispanic or Latino",178,"Service occupations","16.6","+/-1.1","14.5","+/-1.1"
"450","Not Hispanic or Latino",179,"Sales and office occupations","25.9","+/-1.3","27.0","+/-1.4"
"450","Not Hispanic or Latino",180,"Farming, fishing, and forestry occupations","0.2","+/-0.1","0.1","+/-0.1"
"450","Not Hispanic or Latino",181,"Construction, extraction, maintenance, and repair occupations","9.1","+/-1.0","8.4","+/-1.1"
"450","Not Hispanic or Latino",182,"Production, transportation, and material moving occupations","10.1","+/-1.1","7.8","+/-1.0"
"450","Not Hispanic or Latino",183,"Male civilian employed population 16 years and over","186,506","+/-5,690","154,589","+/-5,161"
"450","Not Hispanic or Latino",184,"Management, professional, and related occupations","36.4","+/-1.9","41.3","+/-2.1"
"450","Not Hispanic or Latino",185,"Service occupations","14.6","+/-1.3","12.0","+/-1.3"
"450","Not Hispanic or Latino",186,"Sales and office occupations","18.1","+/-1.4","19.2","+/-1.5"
"450","Not Hispanic or Latino",187,"Farming, fishing, and forestry occupations","0.4","+/-0.2","0.3","+/-0.2"
"450","Not Hispanic or Latino",188,"Construction, extraction, maintenance, and repair occupations","16.1","+/-1.7","15.4","+/-1.9"
"450","Not Hispanic or Latino",189,"Production, transportation, and material moving occupations","14.4","+/-1.6","11.9","+/-1.6"
"450","Not Hispanic or Latino",190,"Female civilian employed population 16 years and over","154,336","+/-5,371","134,637","+/-4,971"
"450","Not Hispanic or Latino",191,"Management, professional, and related occupations","40.1","+/-2.1","43.3","+/-2.2"
"450","Not Hispanic or Latino",192,"Service occupations","19.1","+/-1.9","17.4","+/-2.0"
"450","Not Hispanic or Latino",193,"Sales and office occupations","35.3","+/-2.0","35.8","+/-2.2"
"450","Not Hispanic or Latino",194,"Farming, fishing, and forestry occupations","0.0","+/-0.1","0.0","+/-0.1"
"450","Not Hispanic or Latino",195,"Construction, extraction, maintenance, and repair occupations","0.7","+/-0.4","0.4","+/-0.2"
"450","Not Hispanic or Latino",196,"Production, transportation, and material moving occupations","4.8","+/-1.0","3.1","+/-0.8"
"450","Not Hispanic or Latino",197,"Agriculture, forestry, fishing and hunting, and mining","0.3","+/-0.1","0.2","+/-0.1"
"450","Not Hispanic or Latino",198,"Construction","7.2","+/-1.0","6.6","+/-1.0"
"450","Not Hispanic or Latino",199,"Manufacturing","8.7","+/-0.9","7.6","+/-0.8"
"450","Not Hispanic or Latino",200,"Wholesale trade","3.8","+/-0.6","3.7","+/-0.6"
"450","Not Hispanic or Latino",201,"Retail trade","11.9","+/-1.0","12.1","+/-1.1"
"450","Not Hispanic or Latino",202,"Transportation and warehousing, and utilities","6.3","+/-0.8","6.3","+/-0.8"
"450","Not Hispanic or Latino",203,"Information","4.3","+/-0.7","4.7","+/-0.7"
"450","Not Hispanic or Latino",204,"Finance and insurance, and real estate and rental and leasing","8.8","+/-0.8","9.6","+/-1.0"
"450","Not Hispanic or Latino",205,"Professional, scientific, and management, and administrative and waste management services","11.9","+/-1.0","12.1","+/-1.0"
"450","Not Hispanic or Latino",206,"Educational services, and health care and social assistance","21.3","+/-1.3","22.5","+/-1.4"
"450","Not Hispanic or Latino",207,"Arts, entertainment, and recreation, and accommodation and food services","7.5","+/-0.8","6.4","+/-0.9"
"450","Not Hispanic or Latino",208,"Other services (except public administration)","3.9","+/-0.6","3.7","+/-0.6"
"450","Not Hispanic or Latino",209,"Public administration","4.2","+/-0.5","4.5","+/-0.6"
"450","Not Hispanic or Latino",210,"Private wage and salary workers","80.6","+/-1.1","79.5","+/-1.2"
"450","Not Hispanic or Latino",211,"Government workers","14.7","+/-1.0","15.7","+/-1.1"
"450","Not Hispanic or Latino",212,"Self-employed workers in own not incorporated business","4.5","+/-0.8","4.8","+/-0.8"
"450","Not Hispanic or Latino",213,"Unpaid family workers","0.1","+/-0.1","0.1","+/-0.1"
"450","Not Hispanic or Latino",214,"Households","242,233","+/-3,936","215,419","+/-3,657"
"450","Not Hispanic or Latino",215,"Median household income (dollars)","66,675","+/-3,305","70,745","+/-3,010"
"450","Not Hispanic or Latino",216,"With earnings","84.4","+/-0.9","83.5","+/-1.0"
"450","Not Hispanic or Latino",217,"Mean earnings (dollars)","85,400","+/-1,850","89,048","+/-2,141"
"450","Not Hispanic or Latino",218,"With Social Security income","24.7","+/-1.2","26.1","+/-1.2"
"450","Not Hispanic or Latino",219,"Mean Social Security income (dollars)","15,464","+/-526","15,648","+/-515"
"450","Not Hispanic or Latino",220,"With Supplemental Security Income","2.5","+/-0.4","2.5","+/-0.5"
"450","Not Hispanic or Latino",221,"Mean Supplemental Security Income (dollars)","7,628","+/-821","7,699","+/-910"
"450","Not Hispanic or Latino",222,"With cash public assistance income","1.9","+/-0.4","2.0","+/-0.5"
"450","Not Hispanic or Latino",223,"Mean cash public assistance income (dollars)","3,675","+/-871","3,821","+/-955"
"450","Not Hispanic or Latino",224,"With retirement income","15.0","+/-1.2","16.4","+/-1.3"
"450","Not Hispanic or Latino",225,"Mean retirement income (dollars)","22,402","+/-1,591","22,485","+/-1,533"
"450","Not Hispanic or Latino",226,"With Food Stamp benefits","4.0","+/-0.6","3.4","+/-0.6"
"450","Not Hispanic or Latino",227,"Families","164,436","+/-4,375","143,456","+/-4,272"
"450","Not Hispanic or Latino",228,"Median family income (dollars)","81,481","+/-2,293","86,291","+/-2,358"
"450","Not Hispanic or Latino",229,"Married-couple family","72.5","+/-1.7","74.9","+/-1.8"
"450","Not Hispanic or Latino",230,"Median income (dollars)","95,977","+/-3,119","99,794","+/-2,851"
"450","Not Hispanic or Latino",231,"Male householder, no spouse present, family","8.9","+/-1.4","7.4","+/-1.5"
"450","Not Hispanic or Latino",232,"Median income (dollars)","48,241","+/-6,037","72,625","+/-35,369"
"450","Not Hispanic or Latino",233,"Female householder, no husband present, family","18.5","+/-1.5","17.7","+/-1.4"
"450","Not Hispanic or Latino",234,"Median income (dollars)","42,497","+/-3,665","45,636","+/-4,254"
"450","Not Hispanic or Latino",235,"Individuals","673,587","+/-12,915","571,480","+/-12,196"
"450","Not Hispanic or Latino",236,"Per capita income (dollars)","31,567","+/-607","34,157","+/-756"
"450","Not Hispanic or Latino",237,"Male","141,473","+/-5,065","116,032","+/-4,695"
"450","Not Hispanic or Latino",238,"Female","92,371","+/-3,878","79,958","+/-3,600"
"450","Not Hispanic or Latino",239,"Male","68,775","+/-2,299","76,181","+/-2,602"
"450","Not Hispanic or Latino",240,"Female","51,118","+/-2,153","53,911","+/-2,409"
"450","Not Hispanic or Latino",241,"Male","53,157","+/-2,071","60,623","+/-1,659"
"450","Not Hispanic or Latino",242,"Female","41,996","+/-1,126","45,662","+/-1,929"
"450","Not Hispanic or Latino",243,"All families","5.6","+/-0.9","4.6","+/-1.0"
"450","Not Hispanic or Latino",244,"With related children under 18 years","8.7","+/-1.7","7.4","+/-1.9"
"450","Not Hispanic or Latino",245,"With related children under 5 years only","11.2","+/-4.8","9.0","+/-5.9"
"450","Not Hispanic or Latino",246,"Married-couple family","3.1","+/-1.0","2.5","+/-1.1"
"450","Not Hispanic or Latino",247,"With related children under 18 years","4.4","+/-1.9","3.8","+/-2.2"
"450","Not Hispanic or Latino",248,"With related children under 5 years only","9.3","+/-6.0","8.4","+/-7.0"
"450","Not Hispanic or Latino",249,"Female householder, no husband present, family","16.6","+/-3.5","13.5","+/-3.3"
"450","Not Hispanic or Latino",250,"With related children under 18 years","23.5","+/-5.3","19.8","+/-5.3"
"450","Not Hispanic or Latino",251,"With related children under 5 years only","31.8","+/-13.3","19.3","+/-12.6"
"450","Not Hispanic or Latino",252,"All people","8.5","+/-0.8","7.5","+/-1.0"
"450","Not Hispanic or Latino",253,"Under 18 years","10.6","+/-1.9","8.6","+/-2.1"
"450","Not Hispanic or Latino",254,"Related children under 18 years","10.1","+/-1.9","8.0","+/-2.0"
"450","Not Hispanic or Latino",255,"Related children under 5 years","15.4","+/-3.9","12.5","+/-4.5"
"450","Not Hispanic or Latino",256,"Related children 5 to 17 years","7.9","+/-1.8","6.3","+/-1.7"
"450","Not Hispanic or Latino",257,"18 years and over","7.9","+/-0.7","7.2","+/-0.9"
"450","Not Hispanic or Latino",258,"18 to 64 years","8.1","+/-0.9","7.3","+/-1.0"
"450","Not Hispanic or Latino",259,"65 years and over","6.9","+/-1.6","6.6","+/-1.6"
"450","Not Hispanic or Latino",260,"People in families","5.7","+/-1.0","4.7","+/-1.1"
"450","Not Hispanic or Latino",261,"Unrelated individuals 15 years and over","21.2","+/-2.0","20.4","+/-2.2"
"450","Not Hispanic or Latino",262,"Occupied housing units","242,233","+/-3,936","215,419","+/-3,657"
"450","Not Hispanic or Latino",263,"Owner-occupied housing units","62.6","+/-1.4","65.6","+/-1.3"
"450","Not Hispanic or Latino",264,"Renter-occupied housing units","37.4","+/-1.4","34.4","+/-1.3"
"450","Not Hispanic or Latino",265,"Average household size of owner-occupied unit","2.82","+/-0.06","2.77","+/-0.06"
"450","Not Hispanic or Latino",266,"Average household size of renter-occupied unit","2.49","+/-0.09","2.24","+/-0.09"
"450","Not Hispanic or Latino",267,"1-unit, detached or attached","61.9","+/-1.4","64.1","+/-1.5"
"450","Not Hispanic or Latino",268,"2 to 4 units","14.6","+/-1.0","12.3","+/-1.1"
"450","Not Hispanic or Latino",269,"5 or more units","22.8","+/-1.1","22.8","+/-1.1"
"450","Not Hispanic or Latino",270,"Mobile home, boat, RV, van, etc.","0.7","+/-0.3","0.8","+/-0.3"
"450","Not Hispanic or Latino",271,"Built 2000 or later","5.1","+/-0.7","4.9","+/-0.7"
"450","Not Hispanic or Latino",272,"Built 1990 to 1999","7.6","+/-0.7","7.7","+/-0.8"
"450","Not Hispanic or Latino",273,"Built 1980 to 1989","12.0","+/-1.2","12.7","+/-1.3"
"450","Not Hispanic or Latino",274,"Built 1960 to 1979","31.6","+/-1.4","31.8","+/-1.6"
"450","Not Hispanic or Latino",275,"Built 1940 to 1959","24.9","+/-1.4","25.1","+/-1.5"
"450","Not Hispanic or Latino",276,"Built 1939 or earlier","18.8","+/-1.0","17.8","+/-1.0"
"450","Not Hispanic or Latino",277,"None","9.6","+/-1.0","8.1","+/-1.0"
"450","Not Hispanic or Latino",278,"1 or more","90.4","+/-1.0","91.9","+/-1.0"
"450","Not Hispanic or Latino",279,"Gas","80.6","+/-1.2","80.5","+/-1.3"
"450","Not Hispanic or Latino",280,"Electricity","9.6","+/-0.9","9.9","+/-1.0"
"450","Not Hispanic or Latino",281,"All other fuels","9.6","+/-1.0","9.4","+/-1.1"
"450","Not Hispanic or Latino",282,"No fuel used","0.2","+/-0.1","0.2","+/-0.1"
"450","Not Hispanic or Latino",283,"No telephone service available","7.6","+/-1.0","6.4","+/-0.9"
"450","Not Hispanic or Latino",284,"1.01 or more occupants per room","3.6","+/-0.7","2.2","+/-0.6"
"450","Not Hispanic or Latino",285,"Owner-occupied housing units","151,669","+/-3,787","141,268","+/-3,554"
"450","Not Hispanic or Latino",286,"Less than 30 percent","56.5","+/-2.1","57.6","+/-2.1"
"450","Not Hispanic or Latino",287,"30 percent or more","43.5","+/-2.1","42.4","+/-2.1"
"450","Not Hispanic or Latino",288,"Median value (dollars)","374,500","+/-5,872","375,000","+/-6,239"
"450","Not Hispanic or Latino",289,"Median selected monthly owner costs with a mortgage (dollars)","2,261","+/-45","2,252","+/-47"
"450","Not Hispanic or Latino",290,"Median selected monthly owner costs without a mortgage (dollars)","833","+/-21","838","+/-21"
"450","Not Hispanic or Latino",291,"Renter-occupied housing units","90,564","+/-3,987","74,151","+/-3,241"
"450","Not Hispanic or Latino",292,"Less than 30 percent","50.7","+/-2.9","53.6","+/-3.1"
"450","Not Hispanic or Latino",293,"30 percent or more","49.3","+/-2.9","46.4","+/-3.1"
"450","Not Hispanic or Latino",294,"Median gross rent (dollars)","1,076","+/-25","1,075","+/-30"
"451","White alone, not Hispanic or Latino",1,"Total population","673,587","+/-12,915","377,717","+/-10,141"
"451","White alone, not Hispanic or Latino",2,"One race","98.3","+/-0.4","100.0","+/-0.1"
"451","White alone, not Hispanic or Latino",3,"Two races","1.6","+/-0.3","(X)","(X)"
"451","White alone, not Hispanic or Latino",4,"Three races","0.1","+/-0.1","(X)","(X)"
"451","White alone, not Hispanic or Latino",5,"Four or more races","0.0","+/-0.1","(X)","(X)"
"451","White alone, not Hispanic or Latino",6,"Male","49.0","+/-0.6","48.4","+/-0.8"
"451","White alone, not Hispanic or Latino",7,"Female","51.0","+/-0.6","51.6","+/-0.8"
"451","White alone, not Hispanic or Latino",8,"Under 5 years","6.8","+/-0.4","5.0","+/-0.5"
"451","White alone, not Hispanic or Latino",9,"5 to 17 years","15.8","+/-0.6","13.8","+/-0.8"
"451","White alone, not Hispanic or Latino",10,"18 to 24 years","10.6","+/-0.5","9.9","+/-0.7"
"451","White alone, not Hispanic or Latino",11,"25 to 34 years","14.5","+/-0.6","11.0","+/-0.7"
"451","White alone, not Hispanic or Latino",12,"35 to 44 years","14.8","+/-0.7","13.9","+/-0.8"
"451","White alone, not Hispanic or Latino",13,"45 to 54 years","14.6","+/-0.6","17.0","+/-0.8"
"451","White alone, not Hispanic or Latino",14,"55 to 64 years","11.1","+/-0.6","13.9","+/-0.9"
"451","White alone, not Hispanic or Latino",15,"65 to 74 years","6.2","+/-0.5","7.5","+/-0.6"
"451","White alone, not Hispanic or Latino",16,"75 years and over","5.5","+/-0.4","8.0","+/-0.6"
"451","White alone, not Hispanic or Latino",17,"Median age (years)","36.6","+/-0.6","42.5","+/-0.9"
"451","White alone, not Hispanic or Latino",18,"18 years and over","77.4","+/-0.7","81.3","+/-0.9"
"451","White alone, not Hispanic or Latino",19,"21 years and over","72.7","+/-0.7","76.9","+/-1.0"
"451","White alone, not Hispanic or Latino",20,"62 years and over","14.2","+/-0.6","18.5","+/-0.9"
"451","White alone, not Hispanic or Latino",21,"65 years and over","11.7","+/-0.6","15.5","+/-0.9"
"451","White alone, not Hispanic or Latino",22,"Under 18 years","152,248","+/-6,276","70,782","+/-4,648"
"451","White alone, not Hispanic or Latino",23,"Male","49.8","+/-1.7","49.6","+/-2.4"
"451","White alone, not Hispanic or Latino",24,"Female","50.2","+/-1.7","50.4","+/-2.4"
"451","White alone, not Hispanic or Latino",25,"18 years and over","521,339","+/-8,918","306,935","+/-7,364"
"451","White alone, not Hispanic or Latino",26,"Male","48.8","+/-0.6","48.1","+/-0.7"
"451","White alone, not Hispanic or Latino",27,"Female","51.2","+/-0.6","51.9","+/-0.7"
"451","White alone, not Hispanic or Latino",28,"18 to 34 years","168,990","+/-5,365","79,022","+/-4,120"
"451","White alone, not Hispanic or Latino",29,"Male","51.4","+/-1.3","51.2","+/-1.8"
"451","White alone, not Hispanic or Latino",30,"Female","48.6","+/-1.3","48.8","+/-1.8"
"451","White alone, not Hispanic or Latino",31,"35 to 64 years","273,266","+/-6,505","169,249","+/-5,189"
"451","White alone, not Hispanic or Latino",32,"Male","49.2","+/-0.8","49.2","+/-1.0"
"451","White alone, not Hispanic or Latino",33,"Female","50.8","+/-0.8","50.8","+/-1.0"
"451","White alone, not Hispanic or Latino",34,"65 years and over","79,083","+/-3,488","58,664","+/-2,975"
"451","White alone, not Hispanic or Latino",35,"Male","41.6","+/-1.5","40.8","+/-1.9"
"451","White alone, not Hispanic or Latino",36,"Female","58.4","+/-1.5","59.2","+/-1.9"
"451","White alone, not Hispanic or Latino",37,"Population in households","653,558","+/-12,794","367,730","+/-10,095"
"451","White alone, not Hispanic or Latino",38,"Householder or spouse","55.3","+/-0.9","60.9","+/-1.1"
"451","White alone, not Hispanic or Latino",39,"Child","30.7","+/-1.0","28.8","+/-1.0"
"451","White alone, not Hispanic or Latino",40,"Other relatives","8.0","+/-0.8","5.0","+/-0.8"
"451","White alone, not Hispanic or Latino",41,"Nonrelatives","6.1","+/-0.7","5.3","+/-0.8"
"451","White alone, not Hispanic or Latino",42,"Unmarried partner","2.1","+/-0.3","2.2","+/-0.3"
"451","White alone, not Hispanic or Latino",43,"Households","242,233","+/-3,936","149,393","+/-3,321"
"451","White alone, not Hispanic or Latino",44,"Family households","67.9","+/-1.3","62.9","+/-1.8"
"451","White alone, not Hispanic or Latino",45,"With own children under 18 years","33.2","+/-1.3","26.2","+/-1.5"
"451","White alone, not Hispanic or Latino",46,"Married-couple family","49.2","+/-1.4","49.1","+/-1.7"
"451","White alone, not Hispanic or Latino",47,"With own children under 18 years","23.2","+/-1.4","20.4","+/-1.4"
"451","White alone, not Hispanic or Latino",48,"Female householder, no husband present, family","12.6","+/-1.1","9.3","+/-1.1"
"451","White alone, not Hispanic or Latino",49,"With own children under 18 years","7.3","+/-0.9","4.4","+/-0.9"
"451","White alone, not Hispanic or Latino",50,"Nonfamily households","32.1","+/-1.3","37.1","+/-1.8"
"451","White alone, not Hispanic or Latino",51,"Male householder","14.5","+/-1.2","16.2","+/-1.5"
"451","White alone, not Hispanic or Latino",52,"Living alone","10.7","+/-1.0","12.5","+/-1.3"
"451","White alone, not Hispanic or Latino",53,"Not living alone","3.8","+/-0.7","3.7","+/-0.9"
"451","White alone, not Hispanic or Latino",54,"Female householder","17.6","+/-1.2","20.9","+/-1.6"
"451","White alone, not Hispanic or Latino",55,"Living alone","15.3","+/-1.1","18.2","+/-1.5"
"451","White alone, not Hispanic or Latino",56,"Not living alone","2.3","+/-0.5","2.8","+/-0.6"
"451","White alone, not Hispanic or Latino",57,"Average household size","2.70","+/-0.04","2.51","+/-0.05"
"451","White alone, not Hispanic or Latino",58,"Average family size","3.26","+/-0.05","3.19","+/-0.06"
"451","White alone, not Hispanic or Latino",59,"Population 15 years and over","545,347","+/-9,312","320,856","+/-7,917"
"451","White alone, not Hispanic or Latino",60,"Now married, except separated","49.1","+/-1.4","49.8","+/-1.7"
"451","White alone, not Hispanic or Latino",61,"Widowed","6.6","+/-0.5","8.0","+/-0.7"
"451","White alone, not Hispanic or Latino",62,"Divorced","9.0","+/-0.8","10.6","+/-1.0"
"451","White alone, not Hispanic or Latino",63,"Separated","2.2","+/-0.4","1.3","+/-0.4"
"451","White alone, not Hispanic or Latino",64,"Never married","33.0","+/-1.1","30.3","+/-1.4"
"451","White alone, not Hispanic or Latino",65,"Male 15 years and over","264,689","+/-5,794","153,748","+/-4,797"
"451","White alone, not Hispanic or Latino",66,"Now married, except separated","52.7","+/-1.5","53.0","+/-1.9"
"451","White alone, not Hispanic or Latino",67,"Widowed","2.5","+/-0.5","2.6","+/-0.7"
"451","White alone, not Hispanic or Latino",68,"Divorced","7.7","+/-0.9","9.8","+/-1.4"
"451","White alone, not Hispanic or Latino",69,"Separated","1.8","+/-0.4","1.1","+/-0.5"
"451","White alone, not Hispanic or Latino",70,"Never married","35.3","+/-1.4","33.5","+/-1.9"
"451","White alone, not Hispanic or Latino",71,"Female 15 years and over","280,658","+/-5,471","167,108","+/-4,317"
"451","White alone, not Hispanic or Latino",72,"Now married, except separated","45.8","+/-1.6","46.9","+/-1.9"
"451","White alone, not Hispanic or Latino",73,"Widowed","10.5","+/-0.9","13.0","+/-1.3"
"451","White alone, not Hispanic or Latino",74,"Divorced","10.2","+/-1.0","11.4","+/-1.4"
"451","White alone, not Hispanic or Latino",75,"Separated","2.6","+/-0.5","1.5","+/-0.5"
"451","White alone, not Hispanic or Latino",76,"Never married","30.9","+/-1.3","27.3","+/-1.5"
"451","White alone, not Hispanic or Latino",77,"Population 3 years and over enrolled in school","181,849","+/-7,079","92,050","+/-5,135"
"451","White alone, not Hispanic or Latino",78,"Nursery school, preschool","7.7","+/-1.0","7.7","+/-1.3"
"451","White alone, not Hispanic or Latino",79,"Kindergarten","4.3","+/-0.6","3.7","+/-0.8"
"451","White alone, not Hispanic or Latino",80,"Elementary school (grades 1-8)","37.4","+/-1.7","33.3","+/-2.3"
"451","White alone, not Hispanic or Latino",81,"High school (grades 9-12)","19.6","+/-1.3","20.7","+/-1.7"
"451","White alone, not Hispanic or Latino",82,"College or graduate school","30.9","+/-1.5","34.5","+/-2.5"
"451","White alone, not Hispanic or Latino",83,"Male 3 years and over enrolled in school","88,667","+/-4,658","45,726","+/-3,427"
"451","White alone, not Hispanic or Latino",84,"Percent enrolled in kindergarten to grade 12","62.9","+/-2.6","59.2","+/-3.5"
"451","White alone, not Hispanic or Latino",85,"Percent enrolled in college or graduate school","28.3","+/-2.4","31.7","+/-3.4"
"451","White alone, not Hispanic or Latino",86,"Female 3 years and over enrolled in school","93,182","+/-4,337","46,324","+/-3,009"
"451","White alone, not Hispanic or Latino",87,"Percent enrolled in kindergarten to grade 12","59.8","+/-2.7","56.4","+/-3.3"
"451","White alone, not Hispanic or Latino",88,"Percent enrolled in college or graduate school","33.4","+/-2.4","37.2","+/-3.3"
"451","White alone, not Hispanic or Latino",89,"Population 25 years and over","449,864","+/-7,052","269,636","+/-6,027"
"451","White alone, not Hispanic or Latino",90,"Less than high school diploma","12.0","+/-0.9","8.8","+/-0.8"
"451","White alone, not Hispanic or Latino",91,"High school graduate (includes equivalency)","31.2","+/-1.4","33.1","+/-1.7"
"451","White alone, not Hispanic or Latino",92,"Some college or associate's degree","22.9","+/-1.1","24.4","+/-1.3"
"451","White alone, not Hispanic or Latino",93,"Bachelor's degree","20.9","+/-1.2","21.0","+/-1.3"
"451","White alone, not Hispanic or Latino",94,"Graduate or professional degree","13.0","+/-0.8","12.8","+/-1.0"
"451","White alone, not Hispanic or Latino",95,"High school graduate or higher","88.0","+/-0.9","91.2","+/-0.8"
"451","White alone, not Hispanic or Latino",96,"Male, high school graduate or higher","87.3","+/-1.3","90.9","+/-1.4"
"451","White alone, not Hispanic or Latino",97,"Female, high school graduate or higher","88.7","+/-1.0","91.5","+/-1.0"
"451","White alone, not Hispanic or Latino",98,"Bachelor's degree or higher","34.0","+/-1.2","33.8","+/-1.4"
"451","White alone, not Hispanic or Latino",99,"Male, bachelor's degree or higher","36.4","+/-1.7","37.2","+/-1.9"
"451","White alone, not Hispanic or Latino",100,"Female, bachelor's degree or higher","31.7","+/-1.4","30.7","+/-1.7"
"451","White alone, not Hispanic or Latino",101,"Women 15 to 50 years","177,913","+/-5,559","93,243","+/-4,158"
"451","White alone, not Hispanic or Latino",102,"Women 15 to 50 years who had a birth in the past 12 months","9,821","+/-1,844","3,985","+/-1,147"
"451","White alone, not Hispanic or Latino",103,"Unmarried women 15 to 50 years who had a birth in the past 12 months","2,650","+/-760","675","+/-406"
"451","White alone, not Hispanic or Latino",104,"As a percent of all women with a birth in the past 12 months","27.0","+/-7.7","16.9","+/-9.6"
"451","White alone, not Hispanic or Latino",105,"Population 30 years and over","402,920","+/-6,607","248,748","+/-5,366"
"451","White alone, not Hispanic or Latino",106,"Living with grandchild(ren)","3.6","+/-0.6","2.2","+/-0.5"
"451","White alone, not Hispanic or Latino",107,"Responsible for grandchild(ren)","27.9","+/-7.8","24.1","+/-11.8"
"451","White alone, not Hispanic or Latino",108,"Civilian population 18 years and over","521,276","+/-8,926","306,872","+/-7,356"
"451","White alone, not Hispanic or Latino",109,"Civilian veteran","7.6","+/-0.6","9.6","+/-0.8"
"451","White alone, not Hispanic or Latino",110,"Civilian population 5 years and over","620,082","+/-12,034","353,559","+/-9,240"
"451","White alone, not Hispanic or Latino",111,"With any disability","10.8","+/-0.6","12.1","+/-0.8"
"451","White alone, not Hispanic or Latino",112,"Civilian population 5 to 15 years","89,217","+/-5,021","41,556","+/-3,377"
"451","White alone, not Hispanic or Latino",113,"With any disability","5.7","+/-1.4","6.5","+/-1.9"
"451","White alone, not Hispanic or Latino",114,"Civilian population 16 to 64 years","458,821","+/-9,786","258,336","+/-8,249"
"451","White alone, not Hispanic or Latino",115,"With any disability","7.8","+/-0.7","8.5","+/-1.0"
"451","White alone, not Hispanic or Latino",116,"No disability","92.2","+/-0.7","91.5","+/-1.0"
"451","White alone, not Hispanic or Latino",117,"Civilian population 65 years and over","72,044","+/-3,438","53,667","+/-2,635"
"451","White alone, not Hispanic or Latino",118,"With any disability","35.5","+/-2.6","33.8","+/-2.7"
"451","White alone, not Hispanic or Latino",119,"Population 1 year and over","664,317","+/-12,984","373,861","+/-10,087"
"451","White alone, not Hispanic or Latino",120,"Same house","86.9","+/-1.1","90.4","+/-1.3"
"451","White alone, not Hispanic or Latino",121,"Different house in the U.S.","12.0","+/-1.0","9.1","+/-1.2"
"451","White alone, not Hispanic or Latino",122,"Same county","7.6","+/-0.9","5.5","+/-0.9"
"451","White alone, not Hispanic or Latino",123,"Different county","4.5","+/-0.7","3.7","+/-0.8"
"451","White alone, not Hispanic or Latino",124,"Same state","2.9","+/-0.6","2.4","+/-0.7"
"451","White alone, not Hispanic or Latino",125,"Different state","1.6","+/-0.4","1.3","+/-0.4"
"451","White alone, not Hispanic or Latino",126,"Abroad","1.0","+/-0.3","0.5","+/-0.4"
"451","White alone, not Hispanic or Latino",127,"Total population","673,587","+/-12,915","377,717","+/-10,141"
"451","White alone, not Hispanic or Latino",128,"Native","515,732","+/-12,811","341,283","+/-10,205"
"451","White alone, not Hispanic or Latino",129,"Male","48.3","+/-0.7","48.7","+/-0.9"
"451","White alone, not Hispanic or Latino",130,"Female","51.7","+/-0.7","51.3","+/-0.9"
"451","White alone, not Hispanic or Latino",131,"Foreign born","157,855","+/-9,450","36,434","+/-5,775"
"451","White alone, not Hispanic or Latino",132,"Male","51.3","+/-1.9","45.5","+/-4.0"
"451","White alone, not Hispanic or Latino",133,"Female","48.7","+/-1.9","54.5","+/-4.0"
"451","White alone, not Hispanic or Latino",134,"Naturalized U.S. citizen","65,441","+/-5,102","21,135","+/-2,691"
"451","White alone, not Hispanic or Latino",135,"Male","49.4","+/-3.1","47.3","+/-4.7"
"451","White alone, not Hispanic or Latino",136,"Female","50.6","+/-3.1","52.7","+/-4.7"
"451","White alone, not Hispanic or Latino",137,"Not a U.S. citizen","92,414","+/-7,061","15,299","+/-4,574"
"451","White alone, not Hispanic or Latino",138,"Male","52.6","+/-2.7","43.0","+/-6.6"
"451","White alone, not Hispanic or Latino",139,"Female","47.4","+/-2.7","57.0","+/-6.6"
"451","White alone, not Hispanic or Latino",140,"Entered 2000 or later","34.4","+/-3.2","23.6","+/-7.3"
"451","White alone, not Hispanic or Latino",141,"Entered 1990 to 1999","31.3","+/-3.3","22.0","+/-5.2"
"451","White alone, not Hispanic or Latino",142,"Entered before 1990","34.3","+/-2.6","54.4","+/-7.2"
"451","White alone, not Hispanic or Latino",143,"Foreign-born population excluding population born at sea","157,855","+/-9,450","36,434","+/-5,775"
"451","White alone, not Hispanic or Latino",144,"Europe","16.2","+/-2.1","68.5","+/-6.9"
"451","White alone, not Hispanic or Latino",145,"Asia","36.5","+/-2.9","7.3","+/-2.9"
"451","White alone, not Hispanic or Latino",146,"Africa","4.9","+/-1.6","9.9","+/-6.3"
"451","White alone, not Hispanic or Latino",147,"Oceania","0.2","+/-0.3","0.2","+/-0.3"
"451","White alone, not Hispanic or Latino",148,"Latin America","41.6","+/-3.0","12.7","+/-6.0"
"451","White alone, not Hispanic or Latino",149,"Northern America","0.5","+/-0.2","1.4","+/-0.9"
"451","White alone, not Hispanic or Latino",150,"Population 5 years and over","628,096","+/-12,096","358,890","+/-9,226"
"451","White alone, not Hispanic or Latino",151,"English only","70.5","+/-1.3","88.5","+/-1.5"
"451","White alone, not Hispanic or Latino",152,"Language other than English","29.5","+/-1.3","11.5","+/-1.5"
"451","White alone, not Hispanic or Latino",153,"Speak English less than ""very well""","13.7","+/-1.0","3.7","+/-0.9"
"451","White alone, not Hispanic or Latino",154,"Population 16 years and over","538,879","+/-9,098","317,334","+/-7,742"
"451","White alone, not Hispanic or Latino",155,"In labor force","67.1","+/-1.0","66.3","+/-1.3"
"451","White alone, not Hispanic or Latino",156,"Civilian labor force","67.1","+/-1.0","66.3","+/-1.3"
"451","White alone, not Hispanic or Latino",157,"Employed","63.3","+/-1.0","63.2","+/-1.3"
"451","White alone, not Hispanic or Latino",158,"Unemployed","3.8","+/-0.4","3.1","+/-0.5"
"451","White alone, not Hispanic or Latino",159,"Percent of civilian labor force","5.7","+/-0.6","4.6","+/-0.7"
"451","White alone, not Hispanic or Latino",160,"Armed Forces","0.0","+/-0.1","0.0","+/-0.1"
"451","White alone, not Hispanic or Latino",161,"Not in labor force","32.9","+/-1.0","33.7","+/-1.3"
"451","White alone, not Hispanic or Latino",162,"Females 16 years and over","277,529","+/-5,492","165,275","+/-4,186"
"451","White alone, not Hispanic or Latino",163,"In labor force","59.4","+/-1.5","59.6","+/-1.8"
"451","White alone, not Hispanic or Latino",164,"Civilian labor force","59.4","+/-1.5","59.6","+/-1.8"
"451","White alone, not Hispanic or Latino",165,"Employed","55.6","+/-1.5","56.9","+/-1.8"
"451","White alone, not Hispanic or Latino",166,"Unemployed","3.8","+/-0.6","2.8","+/-0.7"
"451","White alone, not Hispanic or Latino",167,"Percent of civilian labor force","6.3","+/-0.9","4.6","+/-1.2"
"451","White alone, not Hispanic or Latino",168,"Workers 16 years and over","329,853","+/-8,988","193,178","+/-6,658"
"451","White alone, not Hispanic or Latino",169,"Car, truck, or van - drove alone","70.7","+/-1.3","78.3","+/-1.4"
"451","White alone, not Hispanic or Latino",170,"Car, truck, or van - carpooled","10.7","+/-1.0","7.5","+/-1.0"
"451","White alone, not Hispanic or Latino",171,"Public transportation (excluding taxicab)","9.0","+/-1.0","7.0","+/-1.0"
"451","White alone, not Hispanic or Latino",172,"Walked","4.6","+/-0.8","2.7","+/-0.6"
"451","White alone, not Hispanic or Latino",173,"Other means","2.3","+/-0.7","1.0","+/-0.4"
"451","White alone, not Hispanic or Latino",174,"Worked at home","2.8","+/-0.5","3.5","+/-0.7"
"451","White alone, not Hispanic or Latino",175,"Mean travel time to work (minutes)","31.1","+/-0.8","31.0","+/-1.0"
"451","White alone, not Hispanic or Latino",176,"Civilian employed population 16 years and over","340,842","+/-8,824","200,682","+/-6,594"
"451","White alone, not Hispanic or Latino",177,"Management, professional, and related occupations","38.1","+/-1.5","40.3","+/-1.6"
"451","White alone, not Hispanic or Latino",178,"Service occupations","16.6","+/-1.1","13.8","+/-1.3"
"451","White alone, not Hispanic or Latino",179,"Sales and office occupations","25.9","+/-1.3","29.1","+/-1.7"
"451","White alone, not Hispanic or Latino",180,"Farming, fishing, and forestry occupations","0.2","+/-0.1","0.2","+/-0.1"
"451","White alone, not Hispanic or Latino",181,"Construction, extraction, maintenance, and repair occupations","9.1","+/-1.0","9.9","+/-1.2"
"451","White alone, not Hispanic or Latino",182,"Production, transportation, and material moving occupations","10.1","+/-1.1","6.8","+/-0.9"
"451","White alone, not Hispanic or Latino",183,"Male civilian employed population 16 years and over","186,506","+/-5,690","106,678","+/-4,343"
"451","White alone, not Hispanic or Latino",184,"Management, professional, and related occupations","36.4","+/-1.9","38.1","+/-2.2"
"451","White alone, not Hispanic or Latino",185,"Service occupations","14.6","+/-1.3","12.4","+/-1.6"
"451","White alone, not Hispanic or Latino",186,"Sales and office occupations","18.1","+/-1.4","20.4","+/-1.9"
"451","White alone, not Hispanic or Latino",187,"Farming, fishing, and forestry occupations","0.4","+/-0.2","0.3","+/-0.2"
"451","White alone, not Hispanic or Latino",188,"Construction, extraction, maintenance, and repair occupations","16.1","+/-1.7","18.2","+/-2.2"
"451","White alone, not Hispanic or Latino",189,"Production, transportation, and material moving occupations","14.4","+/-1.6","10.7","+/-1.6"
"451","White alone, not Hispanic or Latino",190,"Female civilian employed population 16 years and over","154,336","+/-5,371","94,004","+/-3,930"
"451","White alone, not Hispanic or Latino",191,"Management, professional, and related occupations","40.1","+/-2.1","42.8","+/-2.3"
"451","White alone, not Hispanic or Latino",192,"Service occupations","19.1","+/-1.9","15.5","+/-2.1"
"451","White alone, not Hispanic or Latino",193,"Sales and office occupations","35.3","+/-2.0","38.9","+/-2.4"
"451","White alone, not Hispanic or Latino",194,"Farming, fishing, and forestry occupations","0.0","+/-0.1","0.0","+/-0.2"
"451","White alone, not Hispanic or Latino",195,"Construction, extraction, maintenance, and repair occupations","0.7","+/-0.4","0.4","+/-0.3"
"451","White alone, not Hispanic or Latino",196,"Production, transportation, and material moving occupations","4.8","+/-1.0","2.3","+/-0.9"
"451","White alone, not Hispanic or Latino",197,"Agriculture, forestry, fishing and hunting, and mining","0.3","+/-0.1","0.2","+/-0.1"
"451","White alone, not Hispanic or Latino",198,"Construction","7.2","+/-1.0","7.9","+/-1.2"
"451","White alone, not Hispanic or Latino",199,"Manufacturing","8.7","+/-0.9","6.7","+/-1.0"
"451","White alone, not Hispanic or Latino",200,"Wholesale trade","3.8","+/-0.6","4.2","+/-0.6"
"451","White alone, not Hispanic or Latino",201,"Retail trade","11.9","+/-1.0","13.3","+/-1.2"
"451","White alone, not Hispanic or Latino",202,"Transportation and warehousing, and utilities","6.3","+/-0.8","6.1","+/-0.9"
"451","White alone, not Hispanic or Latino",203,"Information","4.3","+/-0.7","4.3","+/-0.8"
"451","White alone, not Hispanic or Latino",204,"Finance and insurance, and real estate and rental and leasing","8.8","+/-0.8","9.6","+/-1.2"
"451","White alone, not Hispanic or Latino",205,"Professional, scientific, and management, and administrative and waste management services","11.9","+/-1.0","11.2","+/-1.0"
"451","White alone, not Hispanic or Latino",206,"Educational services, and health care and social assistance","21.3","+/-1.3","20.9","+/-1.6"
"451","White alone, not Hispanic or Latino",207,"Arts, entertainment, and recreation, and accommodation and food services","7.5","+/-0.8","6.9","+/-1.1"
"451","White alone, not Hispanic or Latino",208,"Other services (except public administration)","3.9","+/-0.6","4.1","+/-0.8"
"451","White alone, not Hispanic or Latino",209,"Public administration","4.2","+/-0.5","4.6","+/-0.7"
"451","White alone, not Hispanic or Latino",210,"Private wage and salary workers","80.6","+/-1.1","78.1","+/-1.4"
"451","White alone, not Hispanic or Latino",211,"Government workers","14.7","+/-1.0","16.1","+/-1.3"
"451","White alone, not Hispanic or Latino",212,"Self-employed workers in own not incorporated business","4.5","+/-0.8","5.7","+/-1.0"
"451","White alone, not Hispanic or Latino",213,"Unpaid family workers","0.1","+/-0.1","0.1","+/-0.1"
"451","White alone, not Hispanic or Latino",214,"Households","242,233","+/-3,936","149,393","+/-3,321"
"451","White alone, not Hispanic or Latino",215,"Median household income (dollars)","66,675","+/-3,305","72,636","+/-2,275"
"451","White alone, not Hispanic or Latino",216,"With earnings","84.4","+/-0.9","80.8","+/-1.3"
"451","White alone, not Hispanic or Latino",217,"Mean earnings (dollars)","85,400","+/-1,850","93,986","+/-2,748"
"451","White alone, not Hispanic or Latino",218,"With Social Security income","24.7","+/-1.2","29.9","+/-1.5"
"451","White alone, not Hispanic or Latino",219,"Mean Social Security income (dollars)","15,464","+/-526","16,359","+/-587"
"451","White alone, not Hispanic or Latino",220,"With Supplemental Security Income","2.5","+/-0.4","2.6","+/-0.6"
"451","White alone, not Hispanic or Latino",221,"Mean Supplemental Security Income (dollars)","7,628","+/-821","7,951","+/-1,085"
"451","White alone, not Hispanic or Latino",222,"With cash public assistance income","1.9","+/-0.4","1.5","+/-0.6"
"451","White alone, not Hispanic or Latino",223,"Mean cash public assistance income (dollars)","3,675","+/-871","4,478","+/-1,925"
"451","White alone, not Hispanic or Latino",224,"With retirement income","15.0","+/-1.2","18.5","+/-1.6"
"451","White alone, not Hispanic or Latino",225,"Mean retirement income (dollars)","22,402","+/-1,591","23,650","+/-1,814"
"451","White alone, not Hispanic or Latino",226,"With Food Stamp benefits","4.0","+/-0.6","2.6","+/-0.8"
"451","White alone, not Hispanic or Latino",227,"Families","164,436","+/-4,375","93,956","+/-3,171"
"451","White alone, not Hispanic or Latino",228,"Median family income (dollars)","81,481","+/-2,293","91,299","+/-3,386"
"451","White alone, not Hispanic or Latino",229,"Married-couple family","72.5","+/-1.7","78.1","+/-2.1"
"451","White alone, not Hispanic or Latino",230,"Median income (dollars)","95,977","+/-3,119","103,670","+/-2,521"
"451","White alone, not Hispanic or Latino",231,"Male householder, no spouse present, family","8.9","+/-1.4","7.0","+/-1.7"
"451","White alone, not Hispanic or Latino",232,"Median income (dollars)","48,241","+/-6,037","80,019","+/-9,632"
"451","White alone, not Hispanic or Latino",233,"Female householder, no husband present, family","18.5","+/-1.5","14.8","+/-1.5"
"451","White alone, not Hispanic or Latino",234,"Median income (dollars)","42,497","+/-3,665","50,085","+/-4,327"
"451","White alone, not Hispanic or Latino",235,"Individuals","673,587","+/-12,915","377,717","+/-10,141"
"451","White alone, not Hispanic or Latino",236,"Per capita income (dollars)","31,567","+/-607","38,039","+/-1,021"
"451","White alone, not Hispanic or Latino",237,"Male","141,473","+/-5,065","80,596","+/-4,073"
"451","White alone, not Hispanic or Latino",238,"Female","92,371","+/-3,878","53,253","+/-3,020"
"451","White alone, not Hispanic or Latino",239,"Male","68,775","+/-2,299","81,073","+/-3,507"
"451","White alone, not Hispanic or Latino",240,"Female","51,118","+/-2,153","54,195","+/-2,966"
"451","White alone, not Hispanic or Latino",241,"Male","53,157","+/-2,071","61,700","+/-1,506"
"451","White alone, not Hispanic or Latino",242,"Female","41,996","+/-1,126","46,549","+/-1,978"
"451","White alone, not Hispanic or Latino",243,"All families","5.6","+/-0.9","3.2","+/-1.0"
"451","White alone, not Hispanic or Latino",244,"With related children under 18 years","8.7","+/-1.7","5.5","+/-2.2"
"451","White alone, not Hispanic or Latino",245,"With related children under 5 years only","11.2","+/-4.8","8.8","+/-6.8"
"451","White alone, not Hispanic or Latino",246,"Married-couple family","3.1","+/-1.0","1.8","+/-0.9"
"451","White alone, not Hispanic or Latino",247,"With related children under 18 years","4.4","+/-1.9","3.1","+/-2.2"
"451","White alone, not Hispanic or Latino",248,"With related children under 5 years only","9.3","+/-6.0","9.3","+/-8.3"
"451","White alone, not Hispanic or Latino",249,"Female householder, no husband present, family","16.6","+/-3.5","9.7","+/-4.3"
"451","White alone, not Hispanic or Latino",250,"With related children under 18 years","23.5","+/-5.3","16.2","+/-7.9"
"451","White alone, not Hispanic or Latino",251,"With related children under 5 years only","31.8","+/-13.3","N","N"
"451","White alone, not Hispanic or Latino",252,"All people","8.5","+/-0.8","5.6","+/-1.1"
"451","White alone, not Hispanic or Latino",253,"Under 18 years","10.6","+/-1.9","5.2","+/-2.0"
"451","White alone, not Hispanic or Latino",254,"Related children under 18 years","10.1","+/-1.9","4.5","+/-2.0"
"451","White alone, not Hispanic or Latino",255,"Related children under 5 years","15.4","+/-3.9","7.3","+/-5.3"
"451","White alone, not Hispanic or Latino",256,"Related children 5 to 17 years","7.9","+/-1.8","3.5","+/-1.8"
"451","White alone, not Hispanic or Latino",257,"18 years and over","7.9","+/-0.7","5.7","+/-1.0"
"451","White alone, not Hispanic or Latino",258,"18 to 64 years","8.1","+/-0.9","5.7","+/-1.1"
"451","White alone, not Hispanic or Latino",259,"65 years and over","6.9","+/-1.6","6.0","+/-1.7"
"451","White alone, not Hispanic or Latino",260,"People in families","5.7","+/-1.0","2.7","+/-1.0"
"451","White alone, not Hispanic or Latino",261,"Unrelated individuals 15 years and over","21.2","+/-2.0","16.9","+/-2.5"
"451","White alone, not Hispanic or Latino",262,"Occupied housing units","242,233","+/-3,936","149,393","+/-3,321"
"451","White alone, not Hispanic or Latino",263,"Owner-occupied housing units","62.6","+/-1.4","72.3","+/-1.6"
"451","White alone, not Hispanic or Latino",264,"Renter-occupied housing units","37.4","+/-1.4","27.7","+/-1.6"
"451","White alone, not Hispanic or Latino",265,"Average household size of owner-occupied unit","2.82","+/-0.06","2.72","+/-0.06"
"451","White alone, not Hispanic or Latino",266,"Average household size of renter-occupied unit","2.49","+/-0.09","1.95","+/-0.11"
"451","White alone, not Hispanic or Latino",267,"1-unit, detached or attached","61.9","+/-1.4","70.0","+/-1.7"
"451","White alone, not Hispanic or Latino",268,"2 to 4 units","14.6","+/-1.0","11.4","+/-1.3"
"451","White alone, not Hispanic or Latino",269,"5 or more units","22.8","+/-1.1","17.5","+/-1.3"
"451","White alone, not Hispanic or Latino",270,"Mobile home, boat, RV, van, etc.","0.7","+/-0.3","1.1","+/-0.5"
"451","White alone, not Hispanic or Latino",271,"Built 2000 or later","5.1","+/-0.7","4.5","+/-0.8"
"451","White alone, not Hispanic or Latino",272,"Built 1990 to 1999","7.6","+/-0.7","6.5","+/-0.9"
"451","White alone, not Hispanic or Latino",273,"Built 1980 to 1989","12.0","+/-1.2","11.7","+/-1.2"
"451","White alone, not Hispanic or Latino",274,"Built 1960 to 1979","31.6","+/-1.4","31.0","+/-1.8"
"451","White alone, not Hispanic or Latino",275,"Built 1940 to 1959","24.9","+/-1.4","27.1","+/-1.7"
"451","White alone, not Hispanic or Latino",276,"Built 1939 or earlier","18.8","+/-1.0","19.2","+/-1.2"
"451","White alone, not Hispanic or Latino",277,"None","9.6","+/-1.0","7.3","+/-1.0"
"451","White alone, not Hispanic or Latino",278,"1 or more","90.4","+/-1.0","92.7","+/-1.0"
"451","White alone, not Hispanic or Latino",279,"Gas","80.6","+/-1.2","79.9","+/-1.4"
"451","White alone, not Hispanic or Latino",280,"Electricity","9.6","+/-0.9","9.9","+/-1.2"
"451","White alone, not Hispanic or Latino",281,"All other fuels","9.6","+/-1.0","10.0","+/-1.2"
"451","White alone, not Hispanic or Latino",282,"No fuel used","0.2","+/-0.1","0.2","+/-0.2"
"451","White alone, not Hispanic or Latino",283,"No telephone service available","7.6","+/-1.0","5.5","+/-0.9"
"451","White alone, not Hispanic or Latino",284,"1.01 or more occupants per room","3.6","+/-0.7","0.7","+/-0.3"
"451","White alone, not Hispanic or Latino",285,"Owner-occupied housing units","151,669","+/-3,787","108,069","+/-2,684"
"451","White alone, not Hispanic or Latino",286,"Less than 30 percent","56.5","+/-2.1","60.7","+/-2.3"
"451","White alone, not Hispanic or Latino",287,"30 percent or more","43.5","+/-2.1","39.3","+/-2.3"
"451","White alone, not Hispanic or Latino",288,"Median value (dollars)","374,500","+/-5,872","378,200","+/-6,615"
"451","White alone, not Hispanic or Latino",289,"Median selected monthly owner costs with a mortgage (dollars)","2,261","+/-45","2,182","+/-52"
"451","White alone, not Hispanic or Latino",290,"Median selected monthly owner costs without a mortgage (dollars)","833","+/-21","839","+/-19"
"451","White alone, not Hispanic or Latino",291,"Renter-occupied housing units","90,564","+/-3,987","41,324","+/-2,896"
"451","White alone, not Hispanic or Latino",292,"Less than 30 percent","50.7","+/-2.9","53.5","+/-3.8"
"451","White alone, not Hispanic or Latino",293,"30 percent or more","49.3","+/-2.9","46.5","+/-3.8"
"451","White alone, not Hispanic or Latino",294,"Median gross rent (dollars)","1,076","+/-25","1,049","+/-44"
"452","White alone or in combination with one or more other races, not Hispanic or Latino",1,"Total population","673,587","+/-12,915","383,968","+/-10,688"
"452","White alone or in combination with one or more other races, not Hispanic or Latino",2,"One race","98.3","+/-0.4","98.4","+/-0.5"
"452","White alone or in combination with one or more other races, not Hispanic or Latino",3,"Two races","1.6","+/-0.3","1.5","+/-0.5"
"452","White alone or in combination with one or more other races, not Hispanic or Latino",4,"Three races","0.1","+/-0.1","0.2","+/-0.1"
"452","White alone or in combination with one or more other races, not Hispanic or Latino",5,"Four or more races","0.0","+/-0.1","0.0","+/-0.1"
"452","White alone or in combination with one or more other races, not Hispanic or Latino",6,"Male","49.0","+/-0.6","48.4","+/-0.8"
"452","White alone or in combination with one or more other races, not Hispanic or Latino",7,"Female","51.0","+/-0.6","51.6","+/-0.8"
"452","White alone or in combination with one or more other races, not Hispanic or Latino",8,"Under 5 years","6.8","+/-0.4","5.3","+/-0.6"
"452","White alone or in combination with one or more other races, not Hispanic or Latino",9,"5 to 17 years","15.8","+/-0.6","14.0","+/-0.8"
"452","White alone or in combination with one or more other races, not Hispanic or Latino",10,"18 to 24 years","10.6","+/-0.5","10.0","+/-0.7"
"452","White alone or in combination with one or more other races, not Hispanic or Latino",11,"25 to 34 years","14.5","+/-0.6","11.0","+/-0.7"
"452","White alone or in combination with one or more other races, not Hispanic or Latino",12,"35 to 44 years","14.8","+/-0.7","13.9","+/-0.8"
"452","White alone or in combination with one or more other races, not Hispanic or Latino",13,"45 to 54 years","14.6","+/-0.6","16.8","+/-0.8"
"452","White alone or in combination with one or more other races, not Hispanic or Latino",14,"55 to 64 years","11.1","+/-0.6","13.7","+/-0.9"
"452","White alone or in combination with one or more other races, not Hispanic or Latino",15,"65 to 74 years","6.2","+/-0.5","7.5","+/-0.6"
"452","White alone or in combination with one or more other races, not Hispanic or Latino",16,"75 years and over","5.5","+/-0.4","7.9","+/-0.6"
"452","White alone or in combination with one or more other races, not Hispanic or Latino",17,"Median age (years)","36.6","+/-0.6","42.2","+/-1.0"
"452","White alone or in combination with one or more other races, not Hispanic or Latino",18,"18 years and over","77.4","+/-0.7","80.7","+/-0.9"
"452","White alone or in combination with one or more other races, not Hispanic or Latino",19,"21 years and over","72.7","+/-0.7","76.3","+/-1.0"
"452","White alone or in combination with one or more other races, not Hispanic or Latino",20,"62 years and over","14.2","+/-0.6","18.3","+/-0.9"
"452","White alone or in combination with one or more other races, not Hispanic or Latino",21,"65 years and over","11.7","+/-0.6","15.4","+/-0.9"
"452","White alone or in combination with one or more other races, not Hispanic or Latino",22,"Under 18 years","152,248","+/-6,276","73,953","+/-4,920"
"452","White alone or in combination with one or more other races, not Hispanic or Latino",23,"Male","49.8","+/-1.7","49.8","+/-2.4"
"452","White alone or in combination with one or more other races, not Hispanic or Latino",24,"Female","50.2","+/-1.7","50.2","+/-2.4"
"452","White alone or in combination with one or more other races, not Hispanic or Latino",25,"18 years and over","521,339","+/-8,918","310,015","+/-7,604"
"452","White alone or in combination with one or more other races, not Hispanic or Latino",26,"Male","48.8","+/-0.6","48.1","+/-0.7"
"452","White alone or in combination with one or more other races, not Hispanic or Latino",27,"Female","51.2","+/-0.6","51.9","+/-0.7"
"452","White alone or in combination with one or more other races, not Hispanic or Latino",28,"18 to 34 years","168,990","+/-5,365","80,670","+/-4,179"
"452","White alone or in combination with one or more other races, not Hispanic or Latino",29,"Male","51.4","+/-1.3","51.0","+/-1.9"
"452","White alone or in combination with one or more other races, not Hispanic or Latino",30,"Female","48.6","+/-1.3","49.0","+/-1.9"
"452","White alone or in combination with one or more other races, not Hispanic or Latino",31,"35 to 64 years","273,266","+/-6,505","170,392","+/-5,344"
"452","White alone or in combination with one or more other races, not Hispanic or Latino",32,"Male","49.2","+/-0.8","49.2","+/-1.0"
"452","White alone or in combination with one or more other races, not Hispanic or Latino",33,"Female","50.8","+/-0.8","50.8","+/-1.0"
"452","White alone or in combination with one or more other races, not Hispanic or Latino",34,"65 years and over","79,083","+/-3,488","58,953","+/-2,956"
"452","White alone or in combination with one or more other races, not Hispanic or Latino",35,"Male","41.6","+/-1.5","40.8","+/-2.0"
"452","White alone or in combination with one or more other races, not Hispanic or Latino",36,"Female","58.4","+/-1.5","59.2","+/-2.0"
"452","White alone or in combination with one or more other races, not Hispanic or Latino",37,"Population in households","653,558","+/-12,794","373,623","+/-10,703"
"452","White alone or in combination with one or more other races, not Hispanic or Latino",38,"Householder or spouse","55.3","+/-0.9","60.3","+/-1.2"
"452","White alone or in combination with one or more other races, not Hispanic or Latino",39,"Child","30.7","+/-1.0","29.4","+/-1.1"
"452","White alone or in combination with one or more other races, not Hispanic or Latino",40,"Other relatives","8.0","+/-0.8","5.1","+/-0.8"
"452","White alone or in combination with one or more other races, not Hispanic or Latino",41,"Nonrelatives","6.1","+/-0.7","5.3","+/-0.7"
"452","White alone or in combination with one or more other races, not Hispanic or Latino",42,"Unmarried partner","2.1","+/-0.3","2.1","+/-0.3"
"452","White alone or in combination with one or more other races, not Hispanic or Latino",43,"Households","242,233","+/-3,936","150,260","+/-3,435"
"452","White alone or in combination with one or more other races, not Hispanic or Latino",44,"Family households","67.9","+/-1.3","62.7","+/-1.8"
"452","White alone or in combination with one or more other races, not Hispanic or Latino",45,"With own children under 18 years","33.2","+/-1.3","26.1","+/-1.5"
"452","White alone or in combination with one or more other races, not Hispanic or Latino",46,"Married-couple family","49.2","+/-1.4","49.0","+/-1.7"
"452","White alone or in combination with one or more other races, not Hispanic or Latino",47,"With own children under 18 years","23.2","+/-1.4","20.3","+/-1.4"
"452","White alone or in combination with one or more other races, not Hispanic or Latino",48,"Female householder, no husband present, family","12.6","+/-1.1","9.3","+/-1.1"
"452","White alone or in combination with one or more other races, not Hispanic or Latino",49,"With own children under 18 years","7.3","+/-0.9","4.4","+/-0.9"
"452","White alone or in combination with one or more other races, not Hispanic or Latino",50,"Nonfamily households","32.1","+/-1.3","37.3","+/-1.8"
"452","White alone or in combination with one or more other races, not Hispanic or Latino",51,"Male householder","14.5","+/-1.2","16.3","+/-1.5"
"452","White alone or in combination with one or more other races, not Hispanic or Latino",52,"Living alone","10.7","+/-1.0","12.5","+/-1.3"
"452","White alone or in combination with one or more other races, not Hispanic or Latino",53,"Not living alone","3.8","+/-0.7","3.8","+/-0.9"
"452","White alone or in combination with one or more other races, not Hispanic or Latino",54,"Female householder","17.6","+/-1.2","21.0","+/-1.6"
"452","White alone or in combination with one or more other races, not Hispanic or Latino",55,"Living alone","15.3","+/-1.1","18.2","+/-1.5"
"452","White alone or in combination with one or more other races, not Hispanic or Latino",56,"Not living alone","2.3","+/-0.5","2.8","+/-0.6"
"452","White alone or in combination with one or more other races, not Hispanic or Latino",57,"Average household size","2.70","+/-0.04","2.50","+/-0.05"
"452","White alone or in combination with one or more other races, not Hispanic or Latino",58,"Average family size","3.26","+/-0.05","3.19","+/-0.06"
"452","White alone or in combination with one or more other races, not Hispanic or Latino",59,"Population 15 years and over","545,347","+/-9,312","324,225","+/-8,248"
"452","White alone or in combination with one or more other races, not Hispanic or Latino",60,"Now married, except separated","49.1","+/-1.4","49.5","+/-1.7"
"452","White alone or in combination with one or more other races, not Hispanic or Latino",61,"Widowed","6.6","+/-0.5","8.0","+/-0.7"
"452","White alone or in combination with one or more other races, not Hispanic or Latino",62,"Divorced","9.0","+/-0.8","10.6","+/-1.0"
"452","White alone or in combination with one or more other races, not Hispanic or Latino",63,"Separated","2.2","+/-0.4","1.3","+/-0.4"
"452","White alone or in combination with one or more other races, not Hispanic or Latino",64,"Never married","33.0","+/-1.1","30.6","+/-1.4"
"452","White alone or in combination with one or more other races, not Hispanic or Latino",65,"Male 15 years and over","264,689","+/-5,794","155,104","+/-4,982"
"452","White alone or in combination with one or more other races, not Hispanic or Latino",66,"Now married, except separated","52.7","+/-1.5","52.7","+/-1.9"
"452","White alone or in combination with one or more other races, not Hispanic or Latino",67,"Widowed","2.5","+/-0.5","2.7","+/-0.7"
"452","White alone or in combination with one or more other races, not Hispanic or Latino",68,"Divorced","7.7","+/-0.9","9.8","+/-1.4"
"452","White alone or in combination with one or more other races, not Hispanic or Latino",69,"Separated","1.8","+/-0.4","1.1","+/-0.5"
"452","White alone or in combination with one or more other races, not Hispanic or Latino",70,"Never married","35.3","+/-1.4","33.7","+/-1.9"
"452","White alone or in combination with one or more other races, not Hispanic or Latino",71,"Female 15 years and over","280,658","+/-5,471","169,121","+/-4,410"
"452","White alone or in combination with one or more other races, not Hispanic or Latino",72,"Now married, except separated","45.8","+/-1.6","46.5","+/-1.9"
"452","White alone or in combination with one or more other races, not Hispanic or Latino",73,"Widowed","10.5","+/-0.9","12.8","+/-1.3"
"452","White alone or in combination with one or more other races, not Hispanic or Latino",74,"Divorced","10.2","+/-1.0","11.4","+/-1.4"
"452","White alone or in combination with one or more other races, not Hispanic or Latino",75,"Separated","2.6","+/-0.5","1.5","+/-0.5"
"452","White alone or in combination with one or more other races, not Hispanic or Latino",76,"Never married","30.9","+/-1.3","27.8","+/-1.5"
"452","White alone or in combination with one or more other races, not Hispanic or Latino",77,"Population 3 years and over enrolled in school","181,849","+/-7,079","95,264","+/-5,550"
"452","White alone or in combination with one or more other races, not Hispanic or Latino",78,"Nursery school, preschool","7.7","+/-1.0","8.1","+/-1.3"
"452","White alone or in combination with one or more other races, not Hispanic or Latino",79,"Kindergarten","4.3","+/-0.6","3.7","+/-0.8"
"452","White alone or in combination with one or more other races, not Hispanic or Latino",80,"Elementary school (grades 1-8)","37.4","+/-1.7","33.6","+/-2.4"
"452","White alone or in combination with one or more other races, not Hispanic or Latino",81,"High school (grades 9-12)","19.6","+/-1.3","20.3","+/-1.7"
"452","White alone or in combination with one or more other races, not Hispanic or Latino",82,"College or graduate school","30.9","+/-1.5","34.3","+/-2.4"
"452","White alone or in combination with one or more other races, not Hispanic or Latino",83,"Male 3 years and over enrolled in school","88,667","+/-4,658","47,386","+/-3,678"
"452","White alone or in combination with one or more other races, not Hispanic or Latino",84,"Percent enrolled in kindergarten to grade 12","62.9","+/-2.6","58.6","+/-3.6"
"452","White alone or in combination with one or more other races, not Hispanic or Latino",85,"Percent enrolled in college or graduate school","28.3","+/-2.4","31.3","+/-3.2"
"452","White alone or in combination with one or more other races, not Hispanic or Latino",86,"Female 3 years and over enrolled in school","93,182","+/-4,337","47,878","+/-3,114"
"452","White alone or in combination with one or more other races, not Hispanic or Latino",87,"Percent enrolled in kindergarten to grade 12","59.8","+/-2.7","56.6","+/-3.4"
"452","White alone or in combination with one or more other races, not Hispanic or Latino",88,"Percent enrolled in college or graduate school","33.4","+/-2.4","37.1","+/-3.3"
"452","White alone or in combination with one or more other races, not Hispanic or Latino",89,"Population 25 years and over","449,864","+/-7,052","271,707","+/-6,186"
"452","White alone or in combination with one or more other races, not Hispanic or Latino",90,"Less than high school diploma","12.0","+/-0.9","8.8","+/-0.8"
"452","White alone or in combination with one or more other races, not Hispanic or Latino",91,"High school graduate (includes equivalency)","31.2","+/-1.4","33.0","+/-1.7"
"452","White alone or in combination with one or more other races, not Hispanic or Latino",92,"Some college or associate's degree","22.9","+/-1.1","24.4","+/-1.3"
"452","White alone or in combination with one or more other races, not Hispanic or Latino",93,"Bachelor's degree","20.9","+/-1.2","21.0","+/-1.3"
"452","White alone or in combination with one or more other races, not Hispanic or Latino",94,"Graduate or professional degree","13.0","+/-0.8","12.7","+/-1.0"
"452","White alone or in combination with one or more other races, not Hispanic or Latino",95,"High school graduate or higher","88.0","+/-0.9","91.2","+/-0.8"
"452","White alone or in combination with one or more other races, not Hispanic or Latino",96,"Male, high school graduate or higher","87.3","+/-1.3","91.0","+/-1.4"
"452","White alone or in combination with one or more other races, not Hispanic or Latino",97,"Female, high school graduate or higher","88.7","+/-1.0","91.5","+/-1.0"
"452","White alone or in combination with one or more other races, not Hispanic or Latino",98,"Bachelor's degree or higher","34.0","+/-1.2","33.8","+/-1.4"
"452","White alone or in combination with one or more other races, not Hispanic or Latino",99,"Male, bachelor's degree or higher","36.4","+/-1.7","37.0","+/-1.9"
"452","White alone or in combination with one or more other races, not Hispanic or Latino",100,"Female, bachelor's degree or higher","31.7","+/-1.4","30.8","+/-1.7"
"452","White alone or in combination with one or more other races, not Hispanic or Latino",101,"Women 15 to 50 years","177,913","+/-5,559","94,956","+/-4,253"
"452","White alone or in combination with one or more other races, not Hispanic or Latino",102,"Women 15 to 50 years who had a birth in the past 12 months","9,821","+/-1,844","3,985","+/-1,147"
"452","White alone or in combination with one or more other races, not Hispanic or Latino",103,"Unmarried women 15 to 50 years who had a birth in the past 12 months","2,650","+/-760","675","+/-406"
"452","White alone or in combination with one or more other races, not Hispanic or Latino",104,"As a percent of all women with a birth in the past 12 months","27.0","+/-7.7","16.9","+/-9.6"
"452","White alone or in combination with one or more other races, not Hispanic or Latino",105,"Population 30 years and over","402,920","+/-6,607","250,251","+/-5,469"
"452","White alone or in combination with one or more other races, not Hispanic or Latino",106,"Living with grandchild(ren)","3.6","+/-0.6","2.2","+/-0.5"
"452","White alone or in combination with one or more other races, not Hispanic or Latino",107,"Responsible for grandchild(ren)","27.9","+/-7.8","23.9","+/-11.7"
"452","White alone or in combination with one or more other races, not Hispanic or Latino",108,"Civilian population 18 years and over","521,276","+/-8,926","309,952","+/-7,596"
"452","White alone or in combination with one or more other races, not Hispanic or Latino",109,"Civilian veteran","7.6","+/-0.6","9.7","+/-0.8"
"452","White alone or in combination with one or more other races, not Hispanic or Latino",110,"Civilian population 5 years and over","620,082","+/-12,034","358,411","+/-9,761"
"452","White alone or in combination with one or more other races, not Hispanic or Latino",111,"With any disability","10.8","+/-0.6","12.0","+/-0.8"
"452","White alone or in combination with one or more other races, not Hispanic or Latino",112,"Civilian population 5 to 15 years","89,217","+/-5,021","43,039","+/-3,575"
"452","White alone or in combination with one or more other races, not Hispanic or Latino",113,"With any disability","5.7","+/-1.4","6.4","+/-1.8"
"452","White alone or in combination with one or more other races, not Hispanic or Latino",114,"Civilian population 16 to 64 years","458,821","+/-9,786","261,416","+/-8,545"
"452","White alone or in combination with one or more other races, not Hispanic or Latino",115,"With any disability","7.8","+/-0.7","8.5","+/-1.0"
"452","White alone or in combination with one or more other races, not Hispanic or Latino",116,"No disability","92.2","+/-0.7","91.5","+/-1.0"
"452","White alone or in combination with one or more other races, not Hispanic or Latino",117,"Civilian population 65 years and over","72,044","+/-3,438","53,956","+/-2,613"
"452","White alone or in combination with one or more other races, not Hispanic or Latino",118,"With any disability","35.5","+/-2.6","33.7","+/-2.7"
"452","White alone or in combination with one or more other races, not Hispanic or Latino",119,"Population 1 year and over","664,317","+/-12,984","380,055","+/-10,640"
"452","White alone or in combination with one or more other races, not Hispanic or Latino",120,"Same house","86.9","+/-1.1","90.3","+/-1.3"
"452","White alone or in combination with one or more other races, not Hispanic or Latino",121,"Different house in the U.S.","12.0","+/-1.0","9.2","+/-1.2"
"452","White alone or in combination with one or more other races, not Hispanic or Latino",122,"Same county","7.6","+/-0.9","5.5","+/-0.9"
"452","White alone or in combination with one or more other races, not Hispanic or Latino",123,"Different county","4.5","+/-0.7","3.7","+/-0.7"
"452","White alone or in combination with one or more other races, not Hispanic or Latino",124,"Same state","2.9","+/-0.6","2.3","+/-0.7"
"452","White alone or in combination with one or more other races, not Hispanic or Latino",125,"Different state","1.6","+/-0.4","1.3","+/-0.4"
"452","White alone or in combination with one or more other races, not Hispanic or Latino",126,"Abroad","1.0","+/-0.3","0.5","+/-0.4"
"452","White alone or in combination with one or more other races, not Hispanic or Latino",127,"Total population","673,587","+/-12,915","383,968","+/-10,688"
"452","White alone or in combination with one or more other races, not Hispanic or Latino",128,"Native","515,732","+/-12,811","347,464","+/-10,580"
"452","White alone or in combination with one or more other races, not Hispanic or Latino",129,"Male","48.3","+/-0.7","48.7","+/-0.9"
"452","White alone or in combination with one or more other races, not Hispanic or Latino",130,"Female","51.7","+/-0.7","51.3","+/-0.9"
"452","White alone or in combination with one or more other races, not Hispanic or Latino",131,"Foreign born","157,855","+/-9,450","36,504","+/-5,790"
"452","White alone or in combination with one or more other races, not Hispanic or Latino",132,"Male","51.3","+/-1.9","45.6","+/-4.0"
"452","White alone or in combination with one or more other races, not Hispanic or Latino",133,"Female","48.7","+/-1.9","54.4","+/-4.0"
"452","White alone or in combination with one or more other races, not Hispanic or Latino",134,"Naturalized U.S. citizen","65,441","+/-5,102","21,205","+/-2,698"
"452","White alone or in combination with one or more other races, not Hispanic or Latino",135,"Male","49.4","+/-3.1","47.5","+/-4.6"
"452","White alone or in combination with one or more other races, not Hispanic or Latino",136,"Female","50.6","+/-3.1","52.5","+/-4.6"
"452","White alone or in combination with one or more other races, not Hispanic or Latino",137,"Not a U.S. citizen","92,414","+/-7,061","15,299","+/-4,574"
"452","White alone or in combination with one or more other races, not Hispanic or Latino",138,"Male","52.6","+/-2.7","43.0","+/-6.6"
"452","White alone or in combination with one or more other races, not Hispanic or Latino",139,"Female","47.4","+/-2.7","57.0","+/-6.6"
"452","White alone or in combination with one or more other races, not Hispanic or Latino",140,"Entered 2000 or later","34.4","+/-3.2","23.6","+/-7.2"
"452","White alone or in combination with one or more other races, not Hispanic or Latino",141,"Entered 1990 to 1999","31.3","+/-3.3","22.2","+/-5.2"
"452","White alone or in combination with one or more other races, not Hispanic or Latino",142,"Entered before 1990","34.3","+/-2.6","54.3","+/-7.2"
"452","White alone or in combination with one or more other races, not Hispanic or Latino",143,"Foreign-born population excluding population born at sea","157,855","+/-9,450","36,504","+/-5,790"
"452","White alone or in combination with one or more other races, not Hispanic or Latino",144,"Europe","16.2","+/-2.1","68.5","+/-6.9"
"452","White alone or in combination with one or more other races, not Hispanic or Latino",145,"Asia","36.5","+/-2.9","7.3","+/-2.9"
"452","White alone or in combination with one or more other races, not Hispanic or Latino",146,"Africa","4.9","+/-1.6","9.9","+/-6.3"
"452","White alone or in combination with one or more other races, not Hispanic or Latino",147,"Oceania","0.2","+/-0.3","0.2","+/-0.3"
"452","White alone or in combination with one or more other races, not Hispanic or Latino",148,"Latin America","41.6","+/-3.0","12.7","+/-6.0"
"452","White alone or in combination with one or more other races, not Hispanic or Latino",149,"Northern America","0.5","+/-0.2","1.4","+/-0.9"
"452","White alone or in combination with one or more other races, not Hispanic or Latino",150,"Population 5 years and over","628,096","+/-12,096","363,742","+/-9,723"
"452","White alone or in combination with one or more other races, not Hispanic or Latino",151,"English only","70.5","+/-1.3","88.5","+/-1.5"
"452","White alone or in combination with one or more other races, not Hispanic or Latino",152,"Language other than English","29.5","+/-1.3","11.5","+/-1.5"
"452","White alone or in combination with one or more other races, not Hispanic or Latino",153,"Speak English less than ""very well""","13.7","+/-1.0","3.6","+/-0.8"
"452","White alone or in combination with one or more other races, not Hispanic or Latino",154,"Population 16 years and over","538,879","+/-9,098","320,703","+/-8,070"
"452","White alone or in combination with one or more other races, not Hispanic or Latino",155,"In labor force","67.1","+/-1.0","66.4","+/-1.3"
"452","White alone or in combination with one or more other races, not Hispanic or Latino",156,"Civilian labor force","67.1","+/-1.0","66.4","+/-1.3"
"452","White alone or in combination with one or more other races, not Hispanic or Latino",157,"Employed","63.3","+/-1.0","63.3","+/-1.2"
"452","White alone or in combination with one or more other races, not Hispanic or Latino",158,"Unemployed","3.8","+/-0.4","3.1","+/-0.5"
"452","White alone or in combination with one or more other races, not Hispanic or Latino",159,"Percent of civilian labor force","5.7","+/-0.6","4.7","+/-0.8"
"452","White alone or in combination with one or more other races, not Hispanic or Latino",160,"Armed Forces","0.0","+/-0.1","0.0","+/-0.1"
"452","White alone or in combination with one or more other races, not Hispanic or Latino",161,"Not in labor force","32.9","+/-1.0","33.6","+/-1.3"
"452","White alone or in combination with one or more other races, not Hispanic or Latino",162,"Females 16 years and over","277,529","+/-5,492","167,288","+/-4,276"
"452","White alone or in combination with one or more other races, not Hispanic or Latino",163,"In labor force","59.4","+/-1.5","59.7","+/-1.8"
"452","White alone or in combination with one or more other races, not Hispanic or Latino",164,"Civilian labor force","59.4","+/-1.5","59.7","+/-1.8"
"452","White alone or in combination with one or more other races, not Hispanic or Latino",165,"Employed","55.6","+/-1.5","56.9","+/-1.7"
"452","White alone or in combination with one or more other races, not Hispanic or Latino",166,"Unemployed","3.8","+/-0.6","2.8","+/-0.7"
"452","White alone or in combination with one or more other races, not Hispanic or Latino",167,"Percent of civilian labor force","6.3","+/-0.9","4.6","+/-1.2"
"452","White alone or in combination with one or more other races, not Hispanic or Latino",168,"Workers 16 years and over","329,853","+/-8,988","195,356","+/-6,754"
"452","White alone or in combination with one or more other races, not Hispanic or Latino",169,"Car, truck, or van - drove alone","70.7","+/-1.3","78.1","+/-1.4"
"452","White alone or in combination with one or more other races, not Hispanic or Latino",170,"Car, truck, or van - carpooled","10.7","+/-1.0","7.6","+/-1.1"
"452","White alone or in combination with one or more other races, not Hispanic or Latino",171,"Public transportation (excluding taxicab)","9.0","+/-1.0","6.9","+/-1.0"
"452","White alone or in combination with one or more other races, not Hispanic or Latino",172,"Walked","4.6","+/-0.8","2.8","+/-0.5"
"452","White alone or in combination with one or more other races, not Hispanic or Latino",173,"Other means","2.3","+/-0.7","1.0","+/-0.3"
"452","White alone or in combination with one or more other races, not Hispanic or Latino",174,"Worked at home","2.8","+/-0.5","3.5","+/-0.7"
"452","White alone or in combination with one or more other races, not Hispanic or Latino",175,"Mean travel time to work (minutes)","31.1","+/-0.8","31.1","+/-1.0"
"452","White alone or in combination with one or more other races, not Hispanic or Latino",176,"Civilian employed population 16 years and over","340,842","+/-8,824","202,935","+/-6,703"
"452","White alone or in combination with one or more other races, not Hispanic or Latino",177,"Management, professional, and related occupations","38.1","+/-1.5","40.2","+/-1.6"
"452","White alone or in combination with one or more other races, not Hispanic or Latino",178,"Service occupations","16.6","+/-1.1","14.0","+/-1.3"
"452","White alone or in combination with one or more other races, not Hispanic or Latino",179,"Sales and office occupations","25.9","+/-1.3","29.1","+/-1.7"
"452","White alone or in combination with one or more other races, not Hispanic or Latino",180,"Farming, fishing, and forestry occupations","0.2","+/-0.1","0.2","+/-0.1"
"452","White alone or in combination with one or more other races, not Hispanic or Latino",181,"Construction, extraction, maintenance, and repair occupations","9.1","+/-1.0","9.9","+/-1.2"
"452","White alone or in combination with one or more other races, not Hispanic or Latino",182,"Production, transportation, and material moving occupations","10.1","+/-1.1","6.7","+/-0.9"
"452","White alone or in combination with one or more other races, not Hispanic or Latino",183,"Male civilian employed population 16 years and over","186,506","+/-5,690","107,746","+/-4,395"
"452","White alone or in combination with one or more other races, not Hispanic or Latino",184,"Management, professional, and related occupations","36.4","+/-1.9","38.0","+/-2.2"
"452","White alone or in combination with one or more other races, not Hispanic or Latino",185,"Service occupations","14.6","+/-1.3","12.2","+/-1.6"
"452","White alone or in combination with one or more other races, not Hispanic or Latino",186,"Sales and office occupations","18.1","+/-1.4","20.7","+/-1.9"
"452","White alone or in combination with one or more other races, not Hispanic or Latino",187,"Farming, fishing, and forestry occupations","0.4","+/-0.2","0.3","+/-0.2"
"452","White alone or in combination with one or more other races, not Hispanic or Latino",188,"Construction, extraction, maintenance, and repair occupations","16.1","+/-1.7","18.2","+/-2.2"
"452","White alone or in combination with one or more other races, not Hispanic or Latino",189,"Production, transportation, and material moving occupations","14.4","+/-1.6","10.6","+/-1.6"
"452","White alone or in combination with one or more other races, not Hispanic or Latino",190,"Female civilian employed population 16 years and over","154,336","+/-5,371","95,189","+/-3,926"
"452","White alone or in combination with one or more other races, not Hispanic or Latino",191,"Management, professional, and related occupations","40.1","+/-2.1","42.6","+/-2.2"
"452","White alone or in combination with one or more other races, not Hispanic or Latino",192,"Service occupations","19.1","+/-1.9","16.0","+/-2.1"
"452","White alone or in combination with one or more other races, not Hispanic or Latino",193,"Sales and office occupations","35.3","+/-2.0","38.7","+/-2.4"
"452","White alone or in combination with one or more other races, not Hispanic or Latino",194,"Farming, fishing, and forestry occupations","0.0","+/-0.1","0.0","+/-0.2"
"452","White alone or in combination with one or more other races, not Hispanic or Latino",195,"Construction, extraction, maintenance, and repair occupations","0.7","+/-0.4","0.4","+/-0.3"
"452","White alone or in combination with one or more other races, not Hispanic or Latino",196,"Production, transportation, and material moving occupations","4.8","+/-1.0","2.3","+/-0.9"
"452","White alone or in combination with one or more other races, not Hispanic or Latino",197,"Agriculture, forestry, fishing and hunting, and mining","0.3","+/-0.1","0.2","+/-0.1"
"452","White alone or in combination with one or more other races, not Hispanic or Latino",198,"Construction","7.2","+/-1.0","7.8","+/-1.2"
"452","White alone or in combination with one or more other races, not Hispanic or Latino",199,"Manufacturing","8.7","+/-0.9","6.7","+/-1.0"
"452","White alone or in combination with one or more other races, not Hispanic or Latino",200,"Wholesale trade","3.8","+/-0.6","4.2","+/-0.6"
"452","White alone or in combination with one or more other races, not Hispanic or Latino",201,"Retail trade","11.9","+/-1.0","13.4","+/-1.2"
"452","White alone or in combination with one or more other races, not Hispanic or Latino",202,"Transportation and warehousing, and utilities","6.3","+/-0.8","6.0","+/-0.8"
"452","White alone or in combination with one or more other races, not Hispanic or Latino",203,"Information","4.3","+/-0.7","4.3","+/-0.8"
"452","White alone or in combination with one or more other races, not Hispanic or Latino",204,"Finance and insurance, and real estate and rental and leasing","8.8","+/-0.8","9.7","+/-1.1"
"452","White alone or in combination with one or more other races, not Hispanic or Latino",205,"Professional, scientific, and management, and administrative and waste management services","11.9","+/-1.0","11.3","+/-1.1"
"452","White alone or in combination with one or more other races, not Hispanic or Latino",206,"Educational services, and health care and social assistance","21.3","+/-1.3","20.8","+/-1.5"
"452","White alone or in combination with one or more other races, not Hispanic or Latino",207,"Arts, entertainment, and recreation, and accommodation and food services","7.5","+/-0.8","7.0","+/-1.1"
"452","White alone or in combination with one or more other races, not Hispanic or Latino",208,"Other services (except public administration)","3.9","+/-0.6","4.1","+/-0.8"
"452","White alone or in combination with one or more other races, not Hispanic or Latino",209,"Public administration","4.2","+/-0.5","4.6","+/-0.7"
"452","White alone or in combination with one or more other races, not Hispanic or Latino",210,"Private wage and salary workers","80.6","+/-1.1","78.2","+/-1.4"
"452","White alone or in combination with one or more other races, not Hispanic or Latino",211,"Government workers","14.7","+/-1.0","16.0","+/-1.3"
"452","White alone or in combination with one or more other races, not Hispanic or Latino",212,"Self-employed workers in own not incorporated business","4.5","+/-0.8","5.7","+/-1.0"
"452","White alone or in combination with one or more other races, not Hispanic or Latino",213,"Unpaid family workers","0.1","+/-0.1","0.1","+/-0.1"
"452","White alone or in combination with one or more other races, not Hispanic or Latino",214,"Households","242,233","+/-3,936","150,260","+/-3,435"
"452","White alone or in combination with one or more other races, not Hispanic or Latino",215,"Median household income (dollars)","66,675","+/-3,305","72,524","+/-2,327"
"452","White alone or in combination with one or more other races, not Hispanic or Latino",216,"With earnings","84.4","+/-0.9","80.9","+/-1.3"
"452","White alone or in combination with one or more other races, not Hispanic or Latino",217,"Mean earnings (dollars)","85,400","+/-1,850","93,866","+/-2,732"
"452","White alone or in combination with one or more other races, not Hispanic or Latino",218,"With Social Security income","24.7","+/-1.2","29.9","+/-1.5"
"452","White alone or in combination with one or more other races, not Hispanic or Latino",219,"Mean Social Security income (dollars)","15,464","+/-526","16,351","+/-582"
"452","White alone or in combination with one or more other races, not Hispanic or Latino",220,"With Supplemental Security Income","2.5","+/-0.4","2.6","+/-0.6"
"452","White alone or in combination with one or more other races, not Hispanic or Latino",221,"Mean Supplemental Security Income (dollars)","7,628","+/-821","7,981","+/-1,060"
"452","White alone or in combination with one or more other races, not Hispanic or Latino",222,"With cash public assistance income","1.9","+/-0.4","1.5","+/-0.6"
"452","White alone or in combination with one or more other races, not Hispanic or Latino",223,"Mean cash public assistance income (dollars)","3,675","+/-871","4,406","+/-1,879"
"452","White alone or in combination with one or more other races, not Hispanic or Latino",224,"With retirement income","15.0","+/-1.2","18.5","+/-1.6"
"452","White alone or in combination with one or more other races, not Hispanic or Latino",225,"Mean retirement income (dollars)","22,402","+/-1,591","23,572","+/-1,813"
"452","White alone or in combination with one or more other races, not Hispanic or Latino",226,"With Food Stamp benefits","4.0","+/-0.6","2.6","+/-0.8"
"452","White alone or in combination with one or more other races, not Hispanic or Latino",227,"Families","164,436","+/-4,375","94,269","+/-3,198"
"452","White alone or in combination with one or more other races, not Hispanic or Latino",228,"Median family income (dollars)","81,481","+/-2,293","91,160","+/-3,370"
"452","White alone or in combination with one or more other races, not Hispanic or Latino",229,"Married-couple family","72.5","+/-1.7","78.1","+/-2.0"
"452","White alone or in combination with one or more other races, not Hispanic or Latino",230,"Median income (dollars)","95,977","+/-3,119","103,632","+/-2,523"
"452","White alone or in combination with one or more other races, not Hispanic or Latino",231,"Male householder, no spouse present, family","8.9","+/-1.4","7.0","+/-1.7"
"452","White alone or in combination with one or more other races, not Hispanic or Latino",232,"Median income (dollars)","48,241","+/-6,037","79,806","+/-9,246"
"452","White alone or in combination with one or more other races, not Hispanic or Latino",233,"Female householder, no husband present, family","18.5","+/-1.5","14.9","+/-1.5"
"452","White alone or in combination with one or more other races, not Hispanic or Latino",234,"Median income (dollars)","42,497","+/-3,665","49,886","+/-4,142"
"452","White alone or in combination with one or more other races, not Hispanic or Latino",235,"Individuals","673,587","+/-12,915","383,968","+/-10,688"
"452","White alone or in combination with one or more other races, not Hispanic or Latino",236,"Per capita income (dollars)","31,567","+/-607","37,734","+/-995"
"452","White alone or in combination with one or more other races, not Hispanic or Latino",237,"Male","141,473","+/-5,065","81,444","+/-4,111"
"452","White alone or in combination with one or more other races, not Hispanic or Latino",238,"Female","92,371","+/-3,878","53,949","+/-2,996"
"452","White alone or in combination with one or more other races, not Hispanic or Latino",239,"Male","68,775","+/-2,299","81,066","+/-3,439"
"452","White alone or in combination with one or more other races, not Hispanic or Latino",240,"Female","51,118","+/-2,153","53,988","+/-2,951"
"452","White alone or in combination with one or more other races, not Hispanic or Latino",241,"Male","53,157","+/-2,071","61,652","+/-1,510"
"452","White alone or in combination with one or more other races, not Hispanic or Latino",242,"Female","41,996","+/-1,126","46,429","+/-2,008"
"452","White alone or in combination with one or more other races, not Hispanic or Latino",243,"All families","5.6","+/-0.9","3.1","+/-1.0"
"452","White alone or in combination with one or more other races, not Hispanic or Latino",244,"With related children under 18 years","8.7","+/-1.7","5.5","+/-2.2"
"452","White alone or in combination with one or more other races, not Hispanic or Latino",245,"With related children under 5 years only","11.2","+/-4.8","8.8","+/-6.8"
"452","White alone or in combination with one or more other races, not Hispanic or Latino",246,"Married-couple family","3.1","+/-1.0","1.8","+/-0.9"
"452","White alone or in combination with one or more other races, not Hispanic or Latino",247,"With related children under 18 years","4.4","+/-1.9","3.1","+/-2.2"
"452","White alone or in combination with one or more other races, not Hispanic or Latino",248,"With related children under 5 years only","9.3","+/-6.0","9.3","+/-8.3"
"452","White alone or in combination with one or more other races, not Hispanic or Latino",249,"Female householder, no husband present, family","16.6","+/-3.5","9.7","+/-4.3"
"452","White alone or in combination with one or more other races, not Hispanic or Latino",250,"With related children under 18 years","23.5","+/-5.3","16.1","+/-7.8"
"452","White alone or in combination with one or more other races, not Hispanic or Latino",251,"With related children under 5 years only","31.8","+/-13.3","N","N"
"452","White alone or in combination with one or more other races, not Hispanic or Latino",252,"All people","8.5","+/-0.8","5.6","+/-1.1"
"452","White alone or in combination with one or more other races, not Hispanic or Latino",253,"Under 18 years","10.6","+/-1.9","5.2","+/-2.1"
"452","White alone or in combination with one or more other races, not Hispanic or Latino",254,"Related children under 18 years","10.1","+/-1.9","4.5","+/-2.0"
"452","White alone or in combination with one or more other races, not Hispanic or Latino",255,"Related children under 5 years","15.4","+/-3.9","7.3","+/-5.3"
"452","White alone or in combination with one or more other races, not Hispanic or Latino",256,"Related children 5 to 17 years","7.9","+/-1.8","3.5","+/-1.7"
"452","White alone or in combination with one or more other races, not Hispanic or Latino",257,"18 years and over","7.9","+/-0.7","5.7","+/-1.0"
"452","White alone or in combination with one or more other races, not Hispanic or Latino",258,"18 to 64 years","8.1","+/-0.9","5.7","+/-1.1"
"452","White alone or in combination with one or more other races, not Hispanic or Latino",259,"65 years and over","6.9","+/-1.6","6.0","+/-1.7"
"452","White alone or in combination with one or more other races, not Hispanic or Latino",260,"People in families","5.7","+/-1.0","2.8","+/-1.1"
"452","White alone or in combination with one or more other races, not Hispanic or Latino",261,"Unrelated individuals 15 years and over","21.2","+/-2.0","16.9","+/-2.5"
"452","White alone or in combination with one or more other races, not Hispanic or Latino",262,"Occupied housing units","242,233","+/-3,936","150,260","+/-3,435"
"452","White alone or in combination with one or more other races, not Hispanic or Latino",263,"Owner-occupied housing units","62.6","+/-1.4","72.3","+/-1.6"
"452","White alone or in combination with one or more other races, not Hispanic or Latino",264,"Renter-occupied housing units","37.4","+/-1.4","27.7","+/-1.6"
"452","White alone or in combination with one or more other races, not Hispanic or Latino",265,"Average household size of owner-occupied unit","2.82","+/-0.06","2.72","+/-0.06"
"452","White alone or in combination with one or more other races, not Hispanic or Latino",266,"Average household size of renter-occupied unit","2.49","+/-0.09","1.94","+/-0.11"
"452","White alone or in combination with one or more other races, not Hispanic or Latino",267,"1-unit, detached or attached","61.9","+/-1.4","70.1","+/-1.7"
"452","White alone or in combination with one or more other races, not Hispanic or Latino",268,"2 to 4 units","14.6","+/-1.0","11.4","+/-1.3"
"452","White alone or in combination with one or more other races, not Hispanic or Latino",269,"5 or more units","22.8","+/-1.1","17.5","+/-1.3"
"452","White alone or in combination with one or more other races, not Hispanic or Latino",270,"Mobile home, boat, RV, van, etc.","0.7","+/-0.3","1.1","+/-0.5"
"452","White alone or in combination with one or more other races, not Hispanic or Latino",271,"Built 2000 or later","5.1","+/-0.7","4.5","+/-0.8"
"452","White alone or in combination with one or more other races, not Hispanic or Latino",272,"Built 1990 to 1999","7.6","+/-0.7","6.5","+/-0.9"
"452","White alone or in combination with one or more other races, not Hispanic or Latino",273,"Built 1980 to 1989","12.0","+/-1.2","11.7","+/-1.2"
"452","White alone or in combination with one or more other races, not Hispanic or Latino",274,"Built 1960 to 1979","31.6","+/-1.4","31.0","+/-1.8"
"452","White alone or in combination with one or more other races, not Hispanic or Latino",275,"Built 1940 to 1959","24.9","+/-1.4","27.1","+/-1.7"
"452","White alone or in combination with one or more other races, not Hispanic or Latino",276,"Built 1939 or earlier","18.8","+/-1.0","19.2","+/-1.2"
"452","White alone or in combination with one or more other races, not Hispanic or Latino",277,"None","9.6","+/-1.0","7.3","+/-1.0"
"452","White alone or in combination with one or more other races, not Hispanic or Latino",278,"1 or more","90.4","+/-1.0","92.7","+/-1.0"
"452","White alone or in combination with one or more other races, not Hispanic or Latino",279,"Gas","80.6","+/-1.2","79.8","+/-1.4"
"452","White alone or in combination with one or more other races, not Hispanic or Latino",280,"Electricity","9.6","+/-0.9","9.9","+/-1.2"
"452","White alone or in combination with one or more other races, not Hispanic or Latino",281,"All other fuels","9.6","+/-1.0","10.1","+/-1.2"
"452","White alone or in combination with one or more other races, not Hispanic or Latino",282,"No fuel used","0.2","+/-0.1","0.2","+/-0.2"
"452","White alone or in combination with one or more other races, not Hispanic or Latino",283,"No telephone service available","7.6","+/-1.0","5.4","+/-0.9"
"452","White alone or in combination with one or more other races, not Hispanic or Latino",284,"1.01 or more occupants per room","3.6","+/-0.7","0.7","+/-0.3"
"452","White alone or in combination with one or more other races, not Hispanic or Latino",285,"Owner-occupied housing units","151,669","+/-3,787","108,693","+/-2,727"
"452","White alone or in combination with one or more other races, not Hispanic or Latino",286,"Less than 30 percent","56.5","+/-2.1","60.6","+/-2.3"
"452","White alone or in combination with one or more other races, not Hispanic or Latino",287,"30 percent or more","43.5","+/-2.1","39.4","+/-2.3"
"452","White alone or in combination with one or more other races, not Hispanic or Latino",288,"Median value (dollars)","374,500","+/-5,872","377,700","+/-6,587"
"452","White alone or in combination with one or more other races, not Hispanic or Latino",289,"Median selected monthly owner costs with a mortgage (dollars)","2,261","+/-45","2,182","+/-53"
"452","White alone or in combination with one or more other races, not Hispanic or Latino",290,"Median selected monthly owner costs without a mortgage (dollars)","833","+/-21","839","+/-19"
"452","White alone or in combination with one or more other races, not Hispanic or Latino",291,"Renter-occupied housing units","90,564","+/-3,987","41,567","+/-2,937"
"452","White alone or in combination with one or more other races, not Hispanic or Latino",292,"Less than 30 percent","50.7","+/-2.9","53.5","+/-3.8"
"452","White alone or in combination with one or more other races, not Hispanic or Latino",293,"30 percent or more","49.3","+/-2.9","46.5","+/-3.8"
"452","White alone or in combination with one or more other races, not Hispanic or Latino",294,"Median gross rent (dollars)","1,076","+/-25","1,046","+/-44"
"453","Black or African American alone, not Hispanic or Latino",1,"Total population","673,587","+/-12,915","104,457","+/-6,218"
"453","Black or African American alone, not Hispanic or Latino",2,"One race","98.3","+/-0.4","100.0","+/-0.2"
"453","Black or African American alone, not Hispanic or Latino",3,"Two races","1.6","+/-0.3","(X)","(X)"
"453","Black or African American alone, not Hispanic or Latino",4,"Three races","0.1","+/-0.1","(X)","(X)"
"453","Black or African American alone, not Hispanic or Latino",5,"Four or more races","0.0","+/-0.1","(X)","(X)"
"453","Black or African American alone, not Hispanic or Latino",6,"Male","49.0","+/-0.6","45.7","+/-1.8"
"453","Black or African American alone, not Hispanic or Latino",7,"Female","51.0","+/-0.6","54.3","+/-1.8"
"453","Black or African American alone, not Hispanic or Latino",8,"Under 5 years","6.8","+/-0.4","6.2","+/-1.3"
"453","Black or African American alone, not Hispanic or Latino",9,"5 to 17 years","15.8","+/-0.6","22.7","+/-1.6"
"453","Black or African American alone, not Hispanic or Latino",10,"18 to 24 years","10.6","+/-0.5","11.6","+/-1.5"
"453","Black or African American alone, not Hispanic or Latino",11,"25 to 34 years","14.5","+/-0.6","11.0","+/-1.3"
"453","Black or African American alone, not Hispanic or Latino",12,"35 to 44 years","14.8","+/-0.7","15.1","+/-1.6"
"453","Black or African American alone, not Hispanic or Latino",13,"45 to 54 years","14.6","+/-0.6","14.1","+/-1.4"
"453","Black or African American alone, not Hispanic or Latino",14,"55 to 64 years","11.1","+/-0.6","9.4","+/-1.0"
"453","Black or African American alone, not Hispanic or Latino",15,"65 to 74 years","6.2","+/-0.5","5.9","+/-1.1"
"453","Black or African American alone, not Hispanic or Latino",16,"75 years and over","5.5","+/-0.4","3.8","+/-0.7"
"453","Black or African American alone, not Hispanic or Latino",17,"Median age (years)","36.6","+/-0.6","33.4","+/-1.8"
"453","Black or African American alone, not Hispanic or Latino",18,"18 years and over","77.4","+/-0.7","71.0","+/-1.9"
"453","Black or African American alone, not Hispanic or Latino",19,"21 years and over","72.7","+/-0.7","64.2","+/-1.8"
"453","Black or African American alone, not Hispanic or Latino",20,"62 years and over","14.2","+/-0.6","11.6","+/-1.3"
"453","Black or African American alone, not Hispanic or Latino",21,"65 years and over","11.7","+/-0.6","9.8","+/-1.1"
"453","Black or African American alone, not Hispanic or Latino",22,"Under 18 years","152,248","+/-6,276","30,273","+/-3,066"
"453","Black or African American alone, not Hispanic or Latino",23,"Male","49.8","+/-1.7","50.0","+/-3.9"
"453","Black or African American alone, not Hispanic or Latino",24,"Female","50.2","+/-1.7","50.0","+/-3.9"
"453","Black or African American alone, not Hispanic or Latino",25,"18 years and over","521,339","+/-8,918","74,184","+/-4,269"
"453","Black or African American alone, not Hispanic or Latino",26,"Male","48.8","+/-0.6","43.9","+/-1.9"
"453","Black or African American alone, not Hispanic or Latino",27,"Female","51.2","+/-0.6","56.1","+/-1.9"
"453","Black or African American alone, not Hispanic or Latino",28,"18 to 34 years","168,990","+/-5,365","23,640","+/-2,436"
"453","Black or African American alone, not Hispanic or Latino",29,"Male","51.4","+/-1.3","49.4","+/-3.7"
"453","Black or African American alone, not Hispanic or Latino",30,"Female","48.6","+/-1.3","50.6","+/-3.7"
"453","Black or African American alone, not Hispanic or Latino",31,"35 to 64 years","273,266","+/-6,505","40,350","+/-3,028"
"453","Black or African American alone, not Hispanic or Latino",32,"Male","49.2","+/-0.8","40.8","+/-2.6"
"453","Black or African American alone, not Hispanic or Latino",33,"Female","50.8","+/-0.8","59.2","+/-2.6"
"453","Black or African American alone, not Hispanic or Latino",34,"65 years and over","79,083","+/-3,488","10,194","+/-1,025"
"453","Black or African American alone, not Hispanic or Latino",35,"Male","41.6","+/-1.5","43.7","+/-5.2"
"453","Black or African American alone, not Hispanic or Latino",36,"Female","58.4","+/-1.5","56.3","+/-5.2"
"453","Black or African American alone, not Hispanic or Latino",37,"Population in households","653,558","+/-12,794","98,942","+/-6,541"
"453","Black or African American alone, not Hispanic or Latino",38,"Householder or spouse","55.3","+/-0.9","51.4","+/-2.1"
"453","Black or African American alone, not Hispanic or Latino",39,"Child","30.7","+/-1.0","36.4","+/-2.8"
"453","Black or African American alone, not Hispanic or Latino",40,"Other relatives","8.0","+/-0.8","9.3","+/-2.9"
"453","Black or African American alone, not Hispanic or Latino",41,"Nonrelatives","6.1","+/-0.7","2.9","+/-1.1"
"453","Black or African American alone, not Hispanic or Latino",42,"Unmarried partner","2.1","+/-0.3","1.5","+/-0.5"
"453","Black or African American alone, not Hispanic or Latino",43,"Households","242,233","+/-3,936","38,103","+/-2,500"
"453","Black or African American alone, not Hispanic or Latino",44,"Family households","67.9","+/-1.3","68.5","+/-3.6"
"453","Black or African American alone, not Hispanic or Latino",45,"With own children under 18 years","33.2","+/-1.3","38.4","+/-4.1"
"453","Black or African American alone, not Hispanic or Latino",46,"Married-couple family","49.2","+/-1.4","35.3","+/-4.4"
"453","Black or African American alone, not Hispanic or Latino",47,"With own children under 18 years","23.2","+/-1.4","17.5","+/-3.7"
"453","Black or African American alone, not Hispanic or Latino",48,"Female householder, no husband present, family","12.6","+/-1.1","26.9","+/-4.0"
"453","Black or African American alone, not Hispanic or Latino",49,"With own children under 18 years","7.3","+/-0.9","18.4","+/-3.5"
"453","Black or African American alone, not Hispanic or Latino",50,"Nonfamily households","32.1","+/-1.3","31.5","+/-3.6"
"453","Black or African American alone, not Hispanic or Latino",51,"Male householder","14.5","+/-1.2","12.8","+/-2.9"
"453","Black or African American alone, not Hispanic or Latino",52,"Living alone","10.7","+/-1.0","11.6","+/-2.8"
"453","Black or African American alone, not Hispanic or Latino",53,"Not living alone","3.8","+/-0.7","1.3","+/-0.8"
"453","Black or African American alone, not Hispanic or Latino",54,"Female householder","17.6","+/-1.2","18.7","+/-3.4"
"453","Black or African American alone, not Hispanic or Latino",55,"Living alone","15.3","+/-1.1","17.9","+/-3.3"
"453","Black or African American alone, not Hispanic or Latino",56,"Not living alone","2.3","+/-0.5","0.8","+/-0.7"
"453","Black or African American alone, not Hispanic or Latino",57,"Average household size","2.70","+/-0.04","2.64","+/-0.10"
"453","Black or African American alone, not Hispanic or Latino",58,"Average family size","3.26","+/-0.05","3.28","+/-0.14"
"453","Black or African American alone, not Hispanic or Latino",59,"Population 15 years and over","545,347","+/-9,312","79,377","+/-4,661"
"453","Black or African American alone, not Hispanic or Latino",60,"Now married, except separated","49.1","+/-1.4","36.5","+/-4.1"
"453","Black or African American alone, not Hispanic or Latino",61,"Widowed","6.6","+/-0.5","7.2","+/-1.5"
"453","Black or African American alone, not Hispanic or Latino",62,"Divorced","9.0","+/-0.8","8.6","+/-2.0"
"453","Black or African American alone, not Hispanic or Latino",63,"Separated","2.2","+/-0.4","3.4","+/-0.9"
"453","Black or African American alone, not Hispanic or Latino",64,"Never married","33.0","+/-1.1","44.3","+/-3.4"
"453","Black or African American alone, not Hispanic or Latino",65,"Male 15 years and over","264,689","+/-5,794","35,010","+/-2,442"
"453","Black or African American alone, not Hispanic or Latino",66,"Now married, except separated","52.7","+/-1.5","43.2","+/-5.3"
"453","Black or African American alone, not Hispanic or Latino",67,"Widowed","2.5","+/-0.5","3.9","+/-1.6"
"453","Black or African American alone, not Hispanic or Latino",68,"Divorced","7.7","+/-0.9","4.5","+/-1.9"
"453","Black or African American alone, not Hispanic or Latino",69,"Separated","1.8","+/-0.4","2.9","+/-1.7"
"453","Black or African American alone, not Hispanic or Latino",70,"Never married","35.3","+/-1.4","45.5","+/-5.1"
"453","Black or African American alone, not Hispanic or Latino",71,"Female 15 years and over","280,658","+/-5,471","44,367","+/-3,081"
"453","Black or African American alone, not Hispanic or Latino",72,"Now married, except separated","45.8","+/-1.6","31.3","+/-3.9"
"453","Black or African American alone, not Hispanic or Latino",73,"Widowed","10.5","+/-0.9","9.8","+/-2.2"
"453","Black or African American alone, not Hispanic or Latino",74,"Divorced","10.2","+/-1.0","11.9","+/-3.1"
"453","Black or African American alone, not Hispanic or Latino",75,"Separated","2.6","+/-0.5","3.7","+/-1.3"
"453","Black or African American alone, not Hispanic or Latino",76,"Never married","30.9","+/-1.3","43.3","+/-3.7"
"453","Black or African American alone, not Hispanic or Latino",77,"Population 3 years and over enrolled in school","181,849","+/-7,079","36,964","+/-3,432"
"453","Black or African American alone, not Hispanic or Latino",78,"Nursery school, preschool","7.7","+/-1.0","3.8","+/-1.5"
"453","Black or African American alone, not Hispanic or Latino",79,"Kindergarten","4.3","+/-0.6","4.5","+/-2.2"
"453","Black or African American alone, not Hispanic or Latino",80,"Elementary school (grades 1-8)","37.4","+/-1.7","43.8","+/-3.7"
"453","Black or African American alone, not Hispanic or Latino",81,"High school (grades 9-12)","19.6","+/-1.3","24.3","+/-3.4"
"453","Black or African American alone, not Hispanic or Latino",82,"College or graduate school","30.9","+/-1.5","23.6","+/-3.6"
"453","Black or African American alone, not Hispanic or Latino",83,"Male 3 years and over enrolled in school","88,667","+/-4,658","16,784","+/-1,888"
"453","Black or African American alone, not Hispanic or Latino",84,"Percent enrolled in kindergarten to grade 12","62.9","+/-2.6","78.6","+/-4.8"
"453","Black or African American alone, not Hispanic or Latino",85,"Percent enrolled in college or graduate school","28.3","+/-2.4","17.5","+/-4.2"
"453","Black or African American alone, not Hispanic or Latino",86,"Female 3 years and over enrolled in school","93,182","+/-4,337","20,180","+/-2,525"
"453","Black or African American alone, not Hispanic or Latino",87,"Percent enrolled in kindergarten to grade 12","59.8","+/-2.7","67.7","+/-6.0"
"453","Black or African American alone, not Hispanic or Latino",88,"Percent enrolled in college or graduate school","33.4","+/-2.4","28.6","+/-5.5"
"453","Black or African American alone, not Hispanic or Latino",89,"Population 25 years and over","449,864","+/-7,052","62,060","+/-3,523"
"453","Black or African American alone, not Hispanic or Latino",90,"Less than high school diploma","12.0","+/-0.9","13.3","+/-2.4"
"453","Black or African American alone, not Hispanic or Latino",91,"High school graduate (includes equivalency)","31.2","+/-1.4","35.4","+/-3.4"
"453","Black or African American alone, not Hispanic or Latino",92,"Some college or associate's degree","22.9","+/-1.1","27.9","+/-3.3"
"453","Black or African American alone, not Hispanic or Latino",93,"Bachelor's degree","20.9","+/-1.2","16.4","+/-2.5"
"453","Black or African American alone, not Hispanic or Latino",94,"Graduate or professional degree","13.0","+/-0.8","7.0","+/-1.6"
"453","Black or African American alone, not Hispanic or Latino",95,"High school graduate or higher","88.0","+/-0.9","86.7","+/-2.4"
"453","Black or African American alone, not Hispanic or Latino",96,"Male, high school graduate or higher","87.3","+/-1.3","85.0","+/-4.2"
"453","Black or African American alone, not Hispanic or Latino",97,"Female, high school graduate or higher","88.7","+/-1.0","88.0","+/-2.7"
"453","Black or African American alone, not Hispanic or Latino",98,"Bachelor's degree or higher","34.0","+/-1.2","23.3","+/-2.9"
"453","Black or African American alone, not Hispanic or Latino",99,"Male, bachelor's degree or higher","36.4","+/-1.7","25.5","+/-4.3"
"453","Black or African American alone, not Hispanic or Latino",100,"Female, bachelor's degree or higher","31.7","+/-1.4","21.7","+/-3.8"
"453","Black or African American alone, not Hispanic or Latino",101,"Women 15 to 50 years","177,913","+/-5,559","29,787","+/-2,859"
"453","Black or African American alone, not Hispanic or Latino",102,"Women 15 to 50 years who had a birth in the past 12 months","9,821","+/-1,844","585","+/-383"
"453","Black or African American alone, not Hispanic or Latino",103,"Unmarried women 15 to 50 years who had a birth in the past 12 months","2,650","+/-760","325","+/-301"
"453","Black or African American alone, not Hispanic or Latino",104,"As a percent of all women with a birth in the past 12 months","27.0","+/-7.7","55.6","+/-36.8"
"453","Black or African American alone, not Hispanic or Latino",105,"Population 30 years and over","402,920","+/-6,607","56,876","+/-3,374"
"453","Black or African American alone, not Hispanic or Latino",106,"Living with grandchild(ren)","3.6","+/-0.6","4.5","+/-1.7"
"453","Black or African American alone, not Hispanic or Latino",107,"Responsible for grandchild(ren)","27.9","+/-7.8","55.9","+/-16.6"
"453","Black or African American alone, not Hispanic or Latino",108,"Civilian population 18 years and over","521,276","+/-8,926","74,184","+/-4,269"
"453","Black or African American alone, not Hispanic or Latino",109,"Civilian veteran","7.6","+/-0.6","8.4","+/-1.5"
"453","Black or African American alone, not Hispanic or Latino",110,"Civilian population 5 years and over","620,082","+/-12,034","96,416","+/-6,096"
"453","Black or African American alone, not Hispanic or Latino",111,"With any disability","10.8","+/-0.6","12.1","+/-2.0"
"453","Black or African American alone, not Hispanic or Latino",112,"Civilian population 5 to 15 years","89,217","+/-5,021","19,936","+/-2,172"
"453","Black or African American alone, not Hispanic or Latino",113,"With any disability","5.7","+/-1.4","3.9","+/-2.9"
"453","Black or African American alone, not Hispanic or Latino",114,"Civilian population 16 to 64 years","458,821","+/-9,786","67,413","+/-4,730"
"453","Black or African American alone, not Hispanic or Latino",115,"With any disability","7.8","+/-0.7","9.2","+/-2.3"
"453","Black or African American alone, not Hispanic or Latino",116,"No disability","92.2","+/-0.7","90.8","+/-2.3"
"453","Black or African American alone, not Hispanic or Latino",117,"Civilian population 65 years and over","72,044","+/-3,438","9,067","+/-1,318"
"453","Black or African American alone, not Hispanic or Latino",118,"With any disability","35.5","+/-2.6","52.2","+/-8.2"
"453","Black or African American alone, not Hispanic or Latino",119,"Population 1 year and over","664,317","+/-12,984","103,587","+/-6,186"
"453","Black or African American alone, not Hispanic or Latino",120,"Same house","86.9","+/-1.1","84.1","+/-3.5"
"453","Black or African American alone, not Hispanic or Latino",121,"Different house in the U.S.","12.0","+/-1.0","15.7","+/-3.5"
"453","Black or African American alone, not Hispanic or Latino",122,"Same county","7.6","+/-0.9","10.4","+/-2.8"
"453","Black or African American alone, not Hispanic or Latino",123,"Different county","4.5","+/-0.7","5.3","+/-1.8"
"453","Black or African American alone, not Hispanic or Latino",124,"Same state","2.9","+/-0.6","3.9","+/-1.7"
"453","Black or African American alone, not Hispanic or Latino",125,"Different state","1.6","+/-0.4","1.4","+/-0.8"
"453","Black or African American alone, not Hispanic or Latino",126,"Abroad","1.0","+/-0.3","0.1","+/-0.2"
"453","Black or African American alone, not Hispanic or Latino",127,"Total population","673,587","+/-12,915","104,457","+/-6,218"
"453","Black or African American alone, not Hispanic or Latino",128,"Native","515,732","+/-12,811","91,616","+/-6,048"
"453","Black or African American alone, not Hispanic or Latino",129,"Male","48.3","+/-0.7","45.4","+/-2.2"
"453","Black or African American alone, not Hispanic or Latino",130,"Female","51.7","+/-0.7","54.6","+/-2.2"
"453","Black or African American alone, not Hispanic or Latino",131,"Foreign born","157,855","+/-9,450","12,841","+/-2,914"
"453","Black or African American alone, not Hispanic or Latino",132,"Male","51.3","+/-1.9","47.8","+/-6.2"
"453","Black or African American alone, not Hispanic or Latino",133,"Female","48.7","+/-1.9","52.2","+/-6.2"
"453","Black or African American alone, not Hispanic or Latino",134,"Naturalized U.S. citizen","65,441","+/-5,102","6,814","+/-1,509"
"453","Black or African American alone, not Hispanic or Latino",135,"Male","49.4","+/-3.1","43.6","+/-9.1"
"453","Black or African American alone, not Hispanic or Latino",136,"Female","50.6","+/-3.1","56.4","+/-9.1"
"453","Black or African American alone, not Hispanic or Latino",137,"Not a U.S. citizen","92,414","+/-7,061","6,027","+/-2,139"
"453","Black or African American alone, not Hispanic or Latino",138,"Male","52.6","+/-2.7","52.5","+/-8.8"
"453","Black or African American alone, not Hispanic or Latino",139,"Female","47.4","+/-2.7","47.5","+/-8.8"
"453","Black or African American alone, not Hispanic or Latino",140,"Entered 2000 or later","34.4","+/-3.2","31.9","+/-11.4"
"453","Black or African American alone, not Hispanic or Latino",141,"Entered 1990 to 1999","31.3","+/-3.3","28.1","+/-7.6"
"453","Black or African American alone, not Hispanic or Latino",142,"Entered before 1990","34.3","+/-2.6","40.1","+/-9.5"
"453","Black or African American alone, not Hispanic or Latino",143,"Foreign-born population excluding population born at sea","157,855","+/-9,450","12,841","+/-2,914"
"453","Black or African American alone, not Hispanic or Latino",144,"Europe","16.2","+/-2.1","N","N"
"453","Black or African American alone, not Hispanic or Latino",145,"Asia","36.5","+/-2.9","N","N"
"453","Black or African American alone, not Hispanic or Latino",146,"Africa","4.9","+/-1.6","N","N"
"453","Black or African American alone, not Hispanic or Latino",147,"Oceania","0.2","+/-0.3","N","N"
"453","Black or African American alone, not Hispanic or Latino",148,"Latin America","41.6","+/-3.0","N","N"
"453","Black or African American alone, not Hispanic or Latino",149,"Northern America","0.5","+/-0.2","N","N"
"453","Black or African American alone, not Hispanic or Latino",150,"Population 5 years and over","628,096","+/-12,096","97,937","+/-5,789"
"453","Black or African American alone, not Hispanic or Latino",151,"English only","70.5","+/-1.3","90.1","+/-3.0"
"453","Black or African American alone, not Hispanic or Latino",152,"Language other than English","29.5","+/-1.3","9.9","+/-3.0"
"453","Black or African American alone, not Hispanic or Latino",153,"Speak English less than ""very well""","13.7","+/-1.0","3.8","+/-2.1"
"453","Black or African American alone, not Hispanic or Latino",154,"Population 16 years and over","538,879","+/-9,098","78,001","+/-4,582"
"453","Black or African American alone, not Hispanic or Latino",155,"In labor force","67.1","+/-1.0","65.8","+/-3.4"
"453","Black or African American alone, not Hispanic or Latino",156,"Civilian labor force","67.1","+/-1.0","65.8","+/-3.4"
"453","Black or African American alone, not Hispanic or Latino",157,"Employed","63.3","+/-1.0","60.1","+/-3.3"
"453","Black or African American alone, not Hispanic or Latino",158,"Unemployed","3.8","+/-0.4","5.8","+/-1.3"
"453","Black or African American alone, not Hispanic or Latino",159,"Percent of civilian labor force","5.7","+/-0.6","8.7","+/-1.8"
"453","Black or African American alone, not Hispanic or Latino",160,"Armed Forces","0.0","+/-0.1","0.0","+/-0.2"
"453","Black or African American alone, not Hispanic or Latino",161,"Not in labor force","32.9","+/-1.0","34.2","+/-3.4"
"453","Black or African American alone, not Hispanic or Latino",162,"Females 16 years and over","277,529","+/-5,492","43,933","+/-3,078"
"453","Black or African American alone, not Hispanic or Latino",163,"In labor force","59.4","+/-1.5","62.7","+/-4.3"
"453","Black or African American alone, not Hispanic or Latino",164,"Civilian labor force","59.4","+/-1.5","62.7","+/-4.3"
"453","Black or African American alone, not Hispanic or Latino",165,"Employed","55.6","+/-1.5","57.6","+/-4.3"
"453","Black or African American alone, not Hispanic or Latino",166,"Unemployed","3.8","+/-0.6","5.1","+/-1.5"
"453","Black or African American alone, not Hispanic or Latino",167,"Percent of civilian labor force","6.3","+/-0.9","8.1","+/-2.4"
"453","Black or African American alone, not Hispanic or Latino",168,"Workers 16 years and over","329,853","+/-8,988","45,771","+/-3,946"
"453","Black or African American alone, not Hispanic or Latino",169,"Car, truck, or van - drove alone","70.7","+/-1.3","71.8","+/-4.6"
"453","Black or African American alone, not Hispanic or Latino",170,"Car, truck, or van - carpooled","10.7","+/-1.0","11.3","+/-3.1"
"453","Black or African American alone, not Hispanic or Latino",171,"Public transportation (excluding taxicab)","9.0","+/-1.0","8.3","+/-2.4"
"453","Black or African American alone, not Hispanic or Latino",172,"Walked","4.6","+/-0.8","3.8","+/-1.4"
"453","Black or African American alone, not Hispanic or Latino",173,"Other means","2.3","+/-0.7","3.3","+/-1.8"
"453","Black or African American alone, not Hispanic or Latino",174,"Worked at home","2.8","+/-0.5","1.5","+/-1.0"
"453","Black or African American alone, not Hispanic or Latino",175,"Mean travel time to work (minutes)","31.1","+/-0.8","29.4","+/-2.0"
"453","Black or African American alone, not Hispanic or Latino",176,"Civilian employed population 16 years and over","340,842","+/-8,824","46,857","+/-4,005"
"453","Black or African American alone, not Hispanic or Latino",177,"Management, professional, and related occupations","38.1","+/-1.5","34.9","+/-4.2"
"453","Black or African American alone, not Hispanic or Latino",178,"Service occupations","16.6","+/-1.1","23.2","+/-3.1"
"453","Black or African American alone, not Hispanic or Latino",179,"Sales and office occupations","25.9","+/-1.3","24.8","+/-3.5"
"453","Black or African American alone, not Hispanic or Latino",180,"Farming, fishing, and forestry occupations","0.2","+/-0.1","0.0","+/-0.4"
"453","Black or African American alone, not Hispanic or Latino",181,"Construction, extraction, maintenance, and repair occupations","9.1","+/-1.0","5.6","+/-2.6"
"453","Black or African American alone, not Hispanic or Latino",182,"Production, transportation, and material moving occupations","10.1","+/-1.1","11.5","+/-3.3"
"453","Black or African American alone, not Hispanic or Latino",183,"Male civilian employed population 16 years and over","186,506","+/-5,690","21,556","+/-2,379"
"453","Black or African American alone, not Hispanic or Latino",184,"Management, professional, and related occupations","36.4","+/-1.9","31.5","+/-5.9"
"453","Black or African American alone, not Hispanic or Latino",185,"Service occupations","14.6","+/-1.3","18.3","+/-5.0"
"453","Black or African American alone, not Hispanic or Latino",186,"Sales and office occupations","18.1","+/-1.4","18.5","+/-5.0"
"453","Black or African American alone, not Hispanic or Latino",187,"Farming, fishing, and forestry occupations","0.4","+/-0.2","0.0","+/-0.8"
"453","Black or African American alone, not Hispanic or Latino",188,"Construction, extraction, maintenance, and repair occupations","16.1","+/-1.7","11.7","+/-5.6"
"453","Black or African American alone, not Hispanic or Latino",189,"Production, transportation, and material moving occupations","14.4","+/-1.6","19.9","+/-6.1"
"453","Black or African American alone, not Hispanic or Latino",190,"Female civilian employed population 16 years and over","154,336","+/-5,371","25,301","+/-2,697"
"453","Black or African American alone, not Hispanic or Latino",191,"Management, professional, and related occupations","40.1","+/-2.1","37.8","+/-5.5"
"453","Black or African American alone, not Hispanic or Latino",192,"Service occupations","19.1","+/-1.9","27.3","+/-4.3"
"453","Black or African American alone, not Hispanic or Latino",193,"Sales and office occupations","35.3","+/-2.0","30.2","+/-4.9"
"453","Black or African American alone, not Hispanic or Latino",194,"Farming, fishing, and forestry occupations","0.0","+/-0.1","0.0","+/-0.7"
"453","Black or African American alone, not Hispanic or Latino",195,"Construction, extraction, maintenance, and repair occupations","0.7","+/-0.4","0.4","+/-0.5"
"453","Black or African American alone, not Hispanic or Latino",196,"Production, transportation, and material moving occupations","4.8","+/-1.0","4.3","+/-1.9"
"453","Black or African American alone, not Hispanic or Latino",197,"Agriculture, forestry, fishing and hunting, and mining","0.3","+/-0.1","0.0","+/-0.4"
"453","Black or African American alone, not Hispanic or Latino",198,"Construction","7.2","+/-1.0","3.6","+/-1.8"
"453","Black or African American alone, not Hispanic or Latino",199,"Manufacturing","8.7","+/-0.9","7.4","+/-2.2"
"453","Black or African American alone, not Hispanic or Latino",200,"Wholesale trade","3.8","+/-0.6","2.0","+/-1.3"
"453","Black or African American alone, not Hispanic or Latino",201,"Retail trade","11.9","+/-1.0","9.3","+/-2.9"
"453","Black or African American alone, not Hispanic or Latino",202,"Transportation and warehousing, and utilities","6.3","+/-0.8","10.0","+/-3.2"
"453","Black or African American alone, not Hispanic or Latino",203,"Information","4.3","+/-0.7","3.6","+/-1.5"
"453","Black or African American alone, not Hispanic or Latino",204,"Finance and insurance, and real estate and rental and leasing","8.8","+/-0.8","7.9","+/-2.1"
"453","Black or African American alone, not Hispanic or Latino",205,"Professional, scientific, and management, and administrative and waste management services","11.9","+/-1.0","8.4","+/-3.2"
"453","Black or African American alone, not Hispanic or Latino",206,"Educational services, and health care and social assistance","21.3","+/-1.3","31.2","+/-4.3"
"453","Black or African American alone, not Hispanic or Latino",207,"Arts, entertainment, and recreation, and accommodation and food services","7.5","+/-0.8","6.8","+/-2.7"
"453","Black or African American alone, not Hispanic or Latino",208,"Other services (except public administration)","3.9","+/-0.6","3.2","+/-1.7"
"453","Black or African American alone, not Hispanic or Latino",209,"Public administration","4.2","+/-0.5","6.7","+/-1.9"
"453","Black or African American alone, not Hispanic or Latino",210,"Private wage and salary workers","80.6","+/-1.1","79.1","+/-3.3"
"453","Black or African American alone, not Hispanic or Latino",211,"Government workers","14.7","+/-1.0","18.3","+/-3.2"
"453","Black or African American alone, not Hispanic or Latino",212,"Self-employed workers in own not incorporated business","4.5","+/-0.8","2.5","+/-1.4"
"453","Black or African American alone, not Hispanic or Latino",213,"Unpaid family workers","0.1","+/-0.1","0.0","+/-0.4"
"453","Black or African American alone, not Hispanic or Latino",214,"Households","242,233","+/-3,936","38,103","+/-2,500"
"453","Black or African American alone, not Hispanic or Latino",215,"Median household income (dollars)","66,675","+/-3,305","47,900","+/-4,299"
"453","Black or African American alone, not Hispanic or Latino",216,"With earnings","84.4","+/-0.9","84.8","+/-2.5"
"453","Black or African American alone, not Hispanic or Latino",217,"Mean earnings (dollars)","85,400","+/-1,850","63,458","+/-4,974"
"453","Black or African American alone, not Hispanic or Latino",218,"With Social Security income","24.7","+/-1.2","24.3","+/-3.2"
"453","Black or African American alone, not Hispanic or Latino",219,"Mean Social Security income (dollars)","15,464","+/-526","13,000","+/-1,289"
"453","Black or African American alone, not Hispanic or Latino",220,"With Supplemental Security Income","2.5","+/-0.4","2.4","+/-1.3"
"453","Black or African American alone, not Hispanic or Latino",221,"Mean Supplemental Security Income (dollars)","7,628","+/-821","6,382","+/-2,217"
"453","Black or African American alone, not Hispanic or Latino",222,"With cash public assistance income","1.9","+/-0.4","4.8","+/-1.8"
"453","Black or African American alone, not Hispanic or Latino",223,"Mean cash public assistance income (dollars)","3,675","+/-871","3,110","+/-744"
"453","Black or African American alone, not Hispanic or Latino",224,"With retirement income","15.0","+/-1.2","16.1","+/-2.7"
"453","Black or African American alone, not Hispanic or Latino",225,"Mean retirement income (dollars)","22,402","+/-1,591","18,821","+/-2,997"
"453","Black or African American alone, not Hispanic or Latino",226,"With Food Stamp benefits","4.0","+/-0.6","8.3","+/-2.4"
"453","Black or African American alone, not Hispanic or Latino",227,"Families","164,436","+/-4,375","26,095","+/-2,247"
"453","Black or African American alone, not Hispanic or Latino",228,"Median family income (dollars)","81,481","+/-2,293","57,189","+/-6,396"
"453","Black or African American alone, not Hispanic or Latino",229,"Married-couple family","72.5","+/-1.7","51.5","+/-5.6"
"453","Black or African American alone, not Hispanic or Latino",230,"Median income (dollars)","95,977","+/-3,119","84,412","+/-4,068"
"453","Black or African American alone, not Hispanic or Latino",231,"Male householder, no spouse present, family","8.9","+/-1.4","9.2","+/-3.8"
"453","Black or African American alone, not Hispanic or Latino",232,"Median income (dollars)","48,241","+/-6,037","46,554","+/-9,850"
"453","Black or African American alone, not Hispanic or Latino",233,"Female householder, no husband present, family","18.5","+/-1.5","39.3","+/-5.4"
"453","Black or African American alone, not Hispanic or Latino",234,"Median income (dollars)","42,497","+/-3,665","36,743","+/-2,949"
"453","Black or African American alone, not Hispanic or Latino",235,"Individuals","673,587","+/-12,915","104,457","+/-6,218"
"453","Black or African American alone, not Hispanic or Latino",236,"Per capita income (dollars)","31,567","+/-607","23,170","+/-1,473"
"453","Black or African American alone, not Hispanic or Latino",237,"Male","141,473","+/-5,065","15,290","+/-1,789"
"453","Black or African American alone, not Hispanic or Latino",238,"Female","92,371","+/-3,878","16,950","+/-2,037"
"453","Black or African American alone, not Hispanic or Latino",239,"Male","68,775","+/-2,299","54,646","+/-4,984"
"453","Black or African American alone, not Hispanic or Latino",240,"Female","51,118","+/-2,153","46,543","+/-6,297"
"453","Black or African American alone, not Hispanic or Latino",241,"Male","53,157","+/-2,071","45,279","+/-4,394"
"453","Black or African American alone, not Hispanic or Latino",242,"Female","41,996","+/-1,126","37,998","+/-2,625"
"453","Black or African American alone, not Hispanic or Latino",243,"All families","5.6","+/-0.9","9.1","+/-2.7"
"453","Black or African American alone, not Hispanic or Latino",244,"With related children under 18 years","8.7","+/-1.7","13.7","+/-4.2"
"453","Black or African American alone, not Hispanic or Latino",245,"With related children under 5 years only","11.2","+/-4.8","11.6","+/-10.5"
"453","Black or African American alone, not Hispanic or Latino",246,"Married-couple family","3.1","+/-1.0","2.4","+/-2.3"
"453","Black or African American alone, not Hispanic or Latino",247,"With related children under 18 years","4.4","+/-1.9","4.4","+/-4.2"
"453","Black or African American alone, not Hispanic or Latino",248,"With related children under 5 years only","9.3","+/-6.0","N","N"
"453","Black or African American alone, not Hispanic or Latino",249,"Female householder, no husband present, family","16.6","+/-3.5","18.4","+/-6.7"
"453","Black or African American alone, not Hispanic or Latino",250,"With related children under 18 years","23.5","+/-5.3","22.0","+/-8.3"
"453","Black or African American alone, not Hispanic or Latino",251,"With related children under 5 years only","31.8","+/-13.3","31.6","+/-26.4"
"453","Black or African American alone, not Hispanic or Latino",252,"All people","8.5","+/-0.8","14.5","+/-3.0"
"453","Black or African American alone, not Hispanic or Latino",253,"Under 18 years","10.6","+/-1.9","19.3","+/-6.0"
"453","Black or African American alone, not Hispanic or Latino",254,"Related children under 18 years","10.1","+/-1.9","18.6","+/-6.0"
"453","Black or African American alone, not Hispanic or Latino",255,"Related children under 5 years","15.4","+/-3.9","35.6","+/-12.1"
"453","Black or African American alone, not Hispanic or Latino",256,"Related children 5 to 17 years","7.9","+/-1.8","13.9","+/-5.3"
"453","Black or African American alone, not Hispanic or Latino",257,"18 years and over","7.9","+/-0.7","12.4","+/-2.3"
"453","Black or African American alone, not Hispanic or Latino",258,"18 to 64 years","8.1","+/-0.9","12.4","+/-2.7"
"453","Black or African American alone, not Hispanic or Latino",259,"65 years and over","6.9","+/-1.6","12.3","+/-5.6"
"453","Black or African American alone, not Hispanic or Latino",260,"People in families","5.7","+/-1.0","11.3","+/-3.6"
"453","Black or African American alone, not Hispanic or Latino",261,"Unrelated individuals 15 years and over","21.2","+/-2.0","31.1","+/-5.1"
"453","Black or African American alone, not Hispanic or Latino",262,"Occupied housing units","242,233","+/-3,936","38,103","+/-2,500"
"453","Black or African American alone, not Hispanic or Latino",263,"Owner-occupied housing units","62.6","+/-1.4","47.9","+/-4.0"
"453","Black or African American alone, not Hispanic or Latino",264,"Renter-occupied housing units","37.4","+/-1.4","52.1","+/-4.0"
"453","Black or African American alone, not Hispanic or Latino",265,"Average household size of owner-occupied unit","2.82","+/-0.06","2.79","+/-0.18"
"453","Black or African American alone, not Hispanic or Latino",266,"Average household size of renter-occupied unit","2.49","+/-0.09","2.50","+/-0.17"
"453","Black or African American alone, not Hispanic or Latino",267,"1-unit, detached or attached","61.9","+/-1.4","53.0","+/-3.9"
"453","Black or African American alone, not Hispanic or Latino",268,"2 to 4 units","14.6","+/-1.0","16.7","+/-3.7"
"453","Black or African American alone, not Hispanic or Latino",269,"5 or more units","22.8","+/-1.1","30.2","+/-3.8"
"453","Black or African American alone, not Hispanic or Latino",270,"Mobile home, boat, RV, van, etc.","0.7","+/-0.3","0.2","+/-0.3"
"453","Black or African American alone, not Hispanic or Latino",271,"Built 2000 or later","5.1","+/-0.7","4.5","+/-1.8"
"453","Black or African American alone, not Hispanic or Latino",272,"Built 1990 to 1999","7.6","+/-0.7","5.5","+/-2.1"
"453","Black or African American alone, not Hispanic or Latino",273,"Built 1980 to 1989","12.0","+/-1.2","9.5","+/-3.7"
"453","Black or African American alone, not Hispanic or Latino",274,"Built 1960 to 1979","31.6","+/-1.4","33.7","+/-4.8"
"453","Black or African American alone, not Hispanic or Latino",275,"Built 1940 to 1959","24.9","+/-1.4","27.4","+/-3.5"
"453","Black or African American alone, not Hispanic or Latino",276,"Built 1939 or earlier","18.8","+/-1.0","19.4","+/-3.2"
"453","Black or African American alone, not Hispanic or Latino",277,"None","9.6","+/-1.0","10.6","+/-2.8"
"453","Black or African American alone, not Hispanic or Latino",278,"1 or more","90.4","+/-1.0","89.4","+/-2.8"
"453","Black or African American alone, not Hispanic or Latino",279,"Gas","80.6","+/-1.2","78.2","+/-3.2"
"453","Black or African American alone, not Hispanic or Latino",280,"Electricity","9.6","+/-0.9","11.3","+/-2.5"
"453","Black or African American alone, not Hispanic or Latino",281,"All other fuels","9.6","+/-1.0","10.1","+/-2.4"
"453","Black or African American alone, not Hispanic or Latino",282,"No fuel used","0.2","+/-0.1","0.3","+/-0.5"
"453","Black or African American alone, not Hispanic or Latino",283,"No telephone service available","7.6","+/-1.0","9.1","+/-2.7"
"453","Black or African American alone, not Hispanic or Latino",284,"1.01 or more occupants per room","3.6","+/-0.7","4.7","+/-2.8"
"453","Black or African American alone, not Hispanic or Latino",285,"Owner-occupied housing units","151,669","+/-3,787","18,249","+/-1,957"
"453","Black or African American alone, not Hispanic or Latino",286,"Less than 30 percent","56.5","+/-2.1","45.7","+/-5.8"
"453","Black or African American alone, not Hispanic or Latino",287,"30 percent or more","43.5","+/-2.1","54.3","+/-5.8"
"453","Black or African American alone, not Hispanic or Latino",288,"Median value (dollars)","374,500","+/-5,872","335,700","+/-17,234"
"453","Black or African American alone, not Hispanic or Latino",289,"Median selected monthly owner costs with a mortgage (dollars)","2,261","+/-45","2,251","+/-98"
"453","Black or African American alone, not Hispanic or Latino",290,"Median selected monthly owner costs without a mortgage (dollars)","833","+/-21","757","+/-50"
"453","Black or African American alone, not Hispanic or Latino",291,"Renter-occupied housing units","90,564","+/-3,987","19,854","+/-1,964"
"453","Black or African American alone, not Hispanic or Latino",292,"Less than 30 percent","50.7","+/-2.9","41.4","+/-6.7"
"453","Black or African American alone, not Hispanic or Latino",293,"30 percent or more","49.3","+/-2.9","58.6","+/-6.7"
"453","Black or African American alone, not Hispanic or Latino",294,"Median gross rent (dollars)","1,076","+/-25","1,076","+/-56"
"454","Black or African American alone or in combination with one or more other races, not Hispanic or Latino",1,"Total population","673,587","+/-12,915","109,108","+/-6,317"
"454","Black or African American alone or in combination with one or more other races, not Hispanic or Latino",2,"One race","98.3","+/-0.4","95.7","+/-1.5"
"454","Black or African American alone or in combination with one or more other races, not Hispanic or Latino",3,"Two races","1.6","+/-0.3","4.0","+/-1.4"
"454","Black or African American alone or in combination with one or more other races, not Hispanic or Latino",4,"Three races","0.1","+/-0.1","0.3","+/-0.4"
"454","Black or African American alone or in combination with one or more other races, not Hispanic or Latino",5,"Four or more races","0.0","+/-0.1","0.0","+/-0.2"
"454","Black or African American alone or in combination with one or more other races, not Hispanic or Latino",6,"Male","49.0","+/-0.6","46.3","+/-1.8"
"454","Black or African American alone or in combination with one or more other races, not Hispanic or Latino",7,"Female","51.0","+/-0.6","53.7","+/-1.8"
"454","Black or African American alone or in combination with one or more other races, not Hispanic or Latino",8,"Under 5 years","6.8","+/-0.4","6.9","+/-1.2"
"454","Black or African American alone or in combination with one or more other races, not Hispanic or Latino",9,"5 to 17 years","15.8","+/-0.6","22.8","+/-1.6"
"454","Black or African American alone or in combination with one or more other races, not Hispanic or Latino",10,"18 to 24 years","10.6","+/-0.5","11.6","+/-1.4"
"454","Black or African American alone or in combination with one or more other races, not Hispanic or Latino",11,"25 to 34 years","14.5","+/-0.6","11.2","+/-1.2"
"454","Black or African American alone or in combination with one or more other races, not Hispanic or Latino",12,"35 to 44 years","14.8","+/-0.7","15.0","+/-1.6"
"454","Black or African American alone or in combination with one or more other races, not Hispanic or Latino",13,"45 to 54 years","14.6","+/-0.6","13.6","+/-1.3"
"454","Black or African American alone or in combination with one or more other races, not Hispanic or Latino",14,"55 to 64 years","11.1","+/-0.6","9.3","+/-1.0"
"454","Black or African American alone or in combination with one or more other races, not Hispanic or Latino",15,"65 to 74 years","6.2","+/-0.5","5.8","+/-1.0"
"454","Black or African American alone or in combination with one or more other races, not Hispanic or Latino",16,"75 years and over","5.5","+/-0.4","3.8","+/-0.7"
"454","Black or African American alone or in combination with one or more other races, not Hispanic or Latino",17,"Median age (years)","36.6","+/-0.6","32.8","+/-1.4"
"454","Black or African American alone or in combination with one or more other races, not Hispanic or Latino",18,"18 years and over","77.4","+/-0.7","70.3","+/-1.9"
"454","Black or African American alone or in combination with one or more other races, not Hispanic or Latino",19,"21 years and over","72.7","+/-0.7","63.7","+/-1.8"
"454","Black or African American alone or in combination with one or more other races, not Hispanic or Latino",20,"62 years and over","14.2","+/-0.6","11.4","+/-1.1"
"454","Black or African American alone or in combination with one or more other races, not Hispanic or Latino",21,"65 years and over","11.7","+/-0.6","9.6","+/-1.1"
"454","Black or African American alone or in combination with one or more other races, not Hispanic or Latino",22,"Under 18 years","152,248","+/-6,276","32,404","+/-3,110"
"454","Black or African American alone or in combination with one or more other races, not Hispanic or Latino",23,"Male","49.8","+/-1.7","51.1","+/-3.7"
"454","Black or African American alone or in combination with one or more other races, not Hispanic or Latino",24,"Female","50.2","+/-1.7","48.9","+/-3.7"
"454","Black or African American alone or in combination with one or more other races, not Hispanic or Latino",25,"18 years and over","521,339","+/-8,918","76,704","+/-4,365"
"454","Black or African American alone or in combination with one or more other races, not Hispanic or Latino",26,"Male","48.8","+/-0.6","44.4","+/-1.9"
"454","Black or African American alone or in combination with one or more other races, not Hispanic or Latino",27,"Female","51.2","+/-0.6","55.6","+/-1.9"
"454","Black or African American alone or in combination with one or more other races, not Hispanic or Latino",28,"18 to 34 years","168,990","+/-5,365","24,812","+/-2,533"
"454","Black or African American alone or in combination with one or more other races, not Hispanic or Latino",29,"Male","51.4","+/-1.3","49.2","+/-3.5"
"454","Black or African American alone or in combination with one or more other races, not Hispanic or Latino",30,"Female","48.6","+/-1.3","50.8","+/-3.5"
"454","Black or African American alone or in combination with one or more other races, not Hispanic or Latino",31,"35 to 64 years","273,266","+/-6,505","41,381","+/-3,067"
"454","Black or African American alone or in combination with one or more other races, not Hispanic or Latino",32,"Male","49.2","+/-0.8","41.9","+/-2.6"
"454","Black or African American alone or in combination with one or more other races, not Hispanic or Latino",33,"Female","50.8","+/-0.8","58.1","+/-2.6"
"454","Black or African American alone or in combination with one or more other races, not Hispanic or Latino",34,"65 years and over","79,083","+/-3,488","10,511","+/-1,019"
"454","Black or African American alone or in combination with one or more other races, not Hispanic or Latino",35,"Male","41.6","+/-1.5","42.8","+/-5.0"
"454","Black or African American alone or in combination with one or more other races, not Hispanic or Latino",36,"Female","58.4","+/-1.5","57.2","+/-5.0"
"454","Black or African American alone or in combination with one or more other races, not Hispanic or Latino",37,"Population in households","653,558","+/-12,794","103,519","+/-6,597"
"454","Black or African American alone or in combination with one or more other races, not Hispanic or Latino",38,"Householder or spouse","55.3","+/-0.9","50.2","+/-2.1"
"454","Black or African American alone or in combination with one or more other races, not Hispanic or Latino",39,"Child","30.7","+/-1.0","37.3","+/-2.6"
"454","Black or African American alone or in combination with one or more other races, not Hispanic or Latino",40,"Other relatives","8.0","+/-0.8","9.8","+/-2.8"
"454","Black or African American alone or in combination with one or more other races, not Hispanic or Latino",41,"Nonrelatives","6.1","+/-0.7","2.8","+/-1.1"
"454","Black or African American alone or in combination with one or more other races, not Hispanic or Latino",42,"Unmarried partner","2.1","+/-0.3","1.4","+/-0.5"
"454","Black or African American alone or in combination with one or more other races, not Hispanic or Latino",43,"Households","242,233","+/-3,936","38,910","+/-2,502"
"454","Black or African American alone or in combination with one or more other races, not Hispanic or Latino",44,"Family households","67.9","+/-1.3","68.3","+/-3.6"
"454","Black or African American alone or in combination with one or more other races, not Hispanic or Latino",45,"With own children under 18 years","33.2","+/-1.3","37.7","+/-4.2"
"454","Black or African American alone or in combination with one or more other races, not Hispanic or Latino",46,"Married-couple family","49.2","+/-1.4","35.4","+/-4.3"
"454","Black or African American alone or in combination with one or more other races, not Hispanic or Latino",47,"With own children under 18 years","23.2","+/-1.4","17.1","+/-3.7"
"454","Black or African American alone or in combination with one or more other races, not Hispanic or Latino",48,"Female householder, no husband present, family","12.6","+/-1.1","26.4","+/-3.9"
"454","Black or African American alone or in combination with one or more other races, not Hispanic or Latino",49,"With own children under 18 years","7.3","+/-0.9","18.1","+/-3.5"
"454","Black or African American alone or in combination with one or more other races, not Hispanic or Latino",50,"Nonfamily households","32.1","+/-1.3","31.7","+/-3.6"
"454","Black or African American alone or in combination with one or more other races, not Hispanic or Latino",51,"Male householder","14.5","+/-1.2","12.6","+/-2.8"
"454","Black or African American alone or in combination with one or more other races, not Hispanic or Latino",52,"Living alone","10.7","+/-1.0","11.3","+/-2.7"
"454","Black or African American alone or in combination with one or more other races, not Hispanic or Latino",53,"Not living alone","3.8","+/-0.7","1.2","+/-0.8"
"454","Black or African American alone or in combination with one or more other races, not Hispanic or Latino",54,"Female householder","17.6","+/-1.2","19.2","+/-3.4"
"454","Black or African American alone or in combination with one or more other races, not Hispanic or Latino",55,"Living alone","15.3","+/-1.1","18.4","+/-3.3"
"454","Black or African American alone or in combination with one or more other races, not Hispanic or Latino",56,"Not living alone","2.3","+/-0.5","0.8","+/-0.7"
"454","Black or African American alone or in combination with one or more other races, not Hispanic or Latino",57,"Average household size","2.70","+/-0.04","2.62","+/-0.11"
"454","Black or African American alone or in combination with one or more other races, not Hispanic or Latino",58,"Average family size","3.26","+/-0.05","3.27","+/-0.13"
"454","Black or African American alone or in combination with one or more other races, not Hispanic or Latino",59,"Population 15 years and over","545,347","+/-9,312","82,010","+/-4,757"
"454","Black or African American alone or in combination with one or more other races, not Hispanic or Latino",60,"Now married, except separated","49.1","+/-1.4","36.2","+/-4.0"
"454","Black or African American alone or in combination with one or more other races, not Hispanic or Latino",61,"Widowed","6.6","+/-0.5","7.2","+/-1.5"
"454","Black or African American alone or in combination with one or more other races, not Hispanic or Latino",62,"Divorced","9.0","+/-0.8","8.5","+/-2.0"
"454","Black or African American alone or in combination with one or more other races, not Hispanic or Latino",63,"Separated","2.2","+/-0.4","3.2","+/-0.9"
"454","Black or African American alone or in combination with one or more other races, not Hispanic or Latino",64,"Never married","33.0","+/-1.1","44.8","+/-3.4"
"454","Black or African American alone or in combination with one or more other races, not Hispanic or Latino",65,"Male 15 years and over","264,689","+/-5,794","36,426","+/-2,509"
"454","Black or African American alone or in combination with one or more other races, not Hispanic or Latino",66,"Now married, except separated","52.7","+/-1.5","43.3","+/-5.1"
"454","Black or African American alone or in combination with one or more other races, not Hispanic or Latino",67,"Widowed","2.5","+/-0.5","3.8","+/-1.6"
"454","Black or African American alone or in combination with one or more other races, not Hispanic or Latino",68,"Divorced","7.7","+/-0.9","4.4","+/-1.8"
"454","Black or African American alone or in combination with one or more other races, not Hispanic or Latino",69,"Separated","1.8","+/-0.4","2.8","+/-1.7"
"454","Black or African American alone or in combination with one or more other races, not Hispanic or Latino",70,"Never married","35.3","+/-1.4","45.7","+/-4.9"
"454","Black or African American alone or in combination with one or more other races, not Hispanic or Latino",71,"Female 15 years and over","280,658","+/-5,471","45,584","+/-3,127"
"454","Black or African American alone or in combination with one or more other races, not Hispanic or Latino",72,"Now married, except separated","45.8","+/-1.6","30.5","+/-3.9"
"454","Black or African American alone or in combination with one or more other races, not Hispanic or Latino",73,"Widowed","10.5","+/-0.9","9.8","+/-2.2"
"454","Black or African American alone or in combination with one or more other races, not Hispanic or Latino",74,"Divorced","10.2","+/-1.0","11.9","+/-3.1"
"454","Black or African American alone or in combination with one or more other races, not Hispanic or Latino",75,"Separated","2.6","+/-0.5","3.6","+/-1.3"
"454","Black or African American alone or in combination with one or more other races, not Hispanic or Latino",76,"Never married","30.9","+/-1.3","44.2","+/-3.8"
"454","Black or African American alone or in combination with one or more other races, not Hispanic or Latino",77,"Population 3 years and over enrolled in school","181,849","+/-7,079","38,742","+/-3,596"
"454","Black or African American alone or in combination with one or more other races, not Hispanic or Latino",78,"Nursery school, preschool","7.7","+/-1.0","4.7","+/-1.6"
"454","Black or African American alone or in combination with one or more other races, not Hispanic or Latino",79,"Kindergarten","4.3","+/-0.6","4.3","+/-2.1"
"454","Black or African American alone or in combination with one or more other races, not Hispanic or Latino",80,"Elementary school (grades 1-8)","37.4","+/-1.7","44.0","+/-3.8"
"454","Black or African American alone or in combination with one or more other races, not Hispanic or Latino",81,"High school (grades 9-12)","19.6","+/-1.3","23.5","+/-3.4"
"454","Black or African American alone or in combination with one or more other races, not Hispanic or Latino",82,"College or graduate school","30.9","+/-1.5","23.6","+/-3.5"
"454","Black or African American alone or in combination with one or more other races, not Hispanic or Latino",83,"Male 3 years and over enrolled in school","88,667","+/-4,658","17,916","+/-2,065"
"454","Black or African American alone or in combination with one or more other races, not Hispanic or Latino",84,"Percent enrolled in kindergarten to grade 12","62.9","+/-2.6","76.0","+/-5.0"
"454","Black or African American alone or in combination with one or more other races, not Hispanic or Latino",85,"Percent enrolled in college or graduate school","28.3","+/-2.4","18.0","+/-4.6"
"454","Black or African American alone or in combination with one or more other races, not Hispanic or Latino",86,"Female 3 years and over enrolled in school","93,182","+/-4,337","20,826","+/-2,558"
"454","Black or African American alone or in combination with one or more other races, not Hispanic or Latino",87,"Percent enrolled in kindergarten to grade 12","59.8","+/-2.7","68.0","+/-5.9"
"454","Black or African American alone or in combination with one or more other races, not Hispanic or Latino",88,"Percent enrolled in college or graduate school","33.4","+/-2.4","28.4","+/-5.4"
"454","Black or African American alone or in combination with one or more other races, not Hispanic or Latino",89,"Population 25 years and over","449,864","+/-7,052","64,070","+/-3,543"
"454","Black or African American alone or in combination with one or more other races, not Hispanic or Latino",90,"Less than high school diploma","12.0","+/-0.9","13.0","+/-2.4"
"454","Black or African American alone or in combination with one or more other races, not Hispanic or Latino",91,"High school graduate (includes equivalency)","31.2","+/-1.4","35.1","+/-3.4"
"454","Black or African American alone or in combination with one or more other races, not Hispanic or Latino",92,"Some college or associate's degree","22.9","+/-1.1","28.5","+/-3.2"
"454","Black or African American alone or in combination with one or more other races, not Hispanic or Latino",93,"Bachelor's degree","20.9","+/-1.2","16.4","+/-2.5"
"454","Black or African American alone or in combination with one or more other races, not Hispanic or Latino",94,"Graduate or professional degree","13.0","+/-0.8","7.0","+/-1.5"
"454","Black or African American alone or in combination with one or more other races, not Hispanic or Latino",95,"High school graduate or higher","88.0","+/-0.9","87.0","+/-2.4"
"454","Black or African American alone or in combination with one or more other races, not Hispanic or Latino",96,"Male, high school graduate or higher","87.3","+/-1.3","85.7","+/-4.1"
"454","Black or African American alone or in combination with one or more other races, not Hispanic or Latino",97,"Female, high school graduate or higher","88.7","+/-1.0","87.9","+/-2.7"
"454","Black or African American alone or in combination with one or more other races, not Hispanic or Latino",98,"Bachelor's degree or higher","34.0","+/-1.2","23.3","+/-2.9"
"454","Black or African American alone or in combination with one or more other races, not Hispanic or Latino",99,"Male, bachelor's degree or higher","36.4","+/-1.7","24.7","+/-4.2"
"454","Black or African American alone or in combination with one or more other races, not Hispanic or Latino",100,"Female, bachelor's degree or higher","31.7","+/-1.4","22.3","+/-3.8"
"454","Black or African American alone or in combination with one or more other races, not Hispanic or Latino",101,"Women 15 to 50 years","177,913","+/-5,559","30,725","+/-2,860"
"454","Black or African American alone or in combination with one or more other races, not Hispanic or Latino",102,"Women 15 to 50 years who had a birth in the past 12 months","9,821","+/-1,844","585","+/-383"
"454","Black or African American alone or in combination with one or more other races, not Hispanic or Latino",103,"Unmarried women 15 to 50 years who had a birth in the past 12 months","2,650","+/-760","325","+/-301"
"454","Black or African American alone or in combination with one or more other races, not Hispanic or Latino",104,"As a percent of all women with a birth in the past 12 months","27.0","+/-7.7","55.6","+/-36.8"
"454","Black or African American alone or in combination with one or more other races, not Hispanic or Latino",105,"Population 30 years and over","402,920","+/-6,607","58,392","+/-3,412"
"454","Black or African American alone or in combination with one or more other races, not Hispanic or Latino",106,"Living with grandchild(ren)","3.6","+/-0.6","4.4","+/-1.7"
"454","Black or African American alone or in combination with one or more other races, not Hispanic or Latino",107,"Responsible for grandchild(ren)","27.9","+/-7.8","55.0","+/-16.9"
"454","Black or African American alone or in combination with one or more other races, not Hispanic or Latino",108,"Civilian population 18 years and over","521,276","+/-8,926","76,704","+/-4,365"
"454","Black or African American alone or in combination with one or more other races, not Hispanic or Latino",109,"Civilian veteran","7.6","+/-0.6","8.7","+/-1.5"
"454","Black or African American alone or in combination with one or more other races, not Hispanic or Latino",110,"Civilian population 5 years and over","620,082","+/-12,034","100,081","+/-6,226"
"454","Black or African American alone or in combination with one or more other races, not Hispanic or Latino",111,"With any disability","10.8","+/-0.6","12.2","+/-2.0"
"454","Black or African American alone or in combination with one or more other races, not Hispanic or Latino",112,"Civilian population 5 to 15 years","89,217","+/-5,021","20,968","+/-2,288"
"454","Black or African American alone or in combination with one or more other races, not Hispanic or Latino",113,"With any disability","5.7","+/-1.4","3.9","+/-2.7"
"454","Black or African American alone or in combination with one or more other races, not Hispanic or Latino",114,"Civilian population 16 to 64 years","458,821","+/-9,786","69,729","+/-4,793"
"454","Black or African American alone or in combination with one or more other races, not Hispanic or Latino",115,"With any disability","7.8","+/-0.7","9.4","+/-2.4"
"454","Black or African American alone or in combination with one or more other races, not Hispanic or Latino",116,"No disability","92.2","+/-0.7","90.6","+/-2.4"
"454","Black or African American alone or in combination with one or more other races, not Hispanic or Latino",117,"Civilian population 65 years and over","72,044","+/-3,438","9,384","+/-1,313"
"454","Black or African American alone or in combination with one or more other races, not Hispanic or Latino",118,"With any disability","35.5","+/-2.6","51.1","+/-8.1"
"454","Black or African American alone or in combination with one or more other races, not Hispanic or Latino",119,"Population 1 year and over","664,317","+/-12,984","108,181","+/-6,315"
"454","Black or African American alone or in combination with one or more other races, not Hispanic or Latino",120,"Same house","86.9","+/-1.1","84.4","+/-3.3"
"454","Black or African American alone or in combination with one or more other races, not Hispanic or Latino",121,"Different house in the U.S.","12.0","+/-1.0","15.4","+/-3.2"
"454","Black or African American alone or in combination with one or more other races, not Hispanic or Latino",122,"Same county","7.6","+/-0.9","10.1","+/-2.6"
"454","Black or African American alone or in combination with one or more other races, not Hispanic or Latino",123,"Different county","4.5","+/-0.7","5.3","+/-1.7"
"454","Black or African American alone or in combination with one or more other races, not Hispanic or Latino",124,"Same state","2.9","+/-0.6","3.7","+/-1.6"
"454","Black or African American alone or in combination with one or more other races, not Hispanic or Latino",125,"Different state","1.6","+/-0.4","1.6","+/-0.8"
"454","Black or African American alone or in combination with one or more other races, not Hispanic or Latino",126,"Abroad","1.0","+/-0.3","0.2","+/-0.3"
"454","Black or African American alone or in combination with one or more other races, not Hispanic or Latino",127,"Total population","673,587","+/-12,915","109,108","+/-6,317"
"454","Black or African American alone or in combination with one or more other races, not Hispanic or Latino",128,"Native","515,732","+/-12,811","96,197","+/-6,131"
"454","Black or African American alone or in combination with one or more other races, not Hispanic or Latino",129,"Male","48.3","+/-0.7","46.1","+/-2.1"
"454","Black or African American alone or in combination with one or more other races, not Hispanic or Latino",130,"Female","51.7","+/-0.7","53.9","+/-2.1"
"454","Black or African American alone or in combination with one or more other races, not Hispanic or Latino",131,"Foreign born","157,855","+/-9,450","12,911","+/-2,934"
"454","Black or African American alone or in combination with one or more other races, not Hispanic or Latino",132,"Male","51.3","+/-1.9","48.1","+/-6.1"
"454","Black or African American alone or in combination with one or more other races, not Hispanic or Latino",133,"Female","48.7","+/-1.9","51.9","+/-6.1"
"454","Black or African American alone or in combination with one or more other races, not Hispanic or Latino",134,"Naturalized U.S. citizen","65,441","+/-5,102","6,884","+/-1,532"
"454","Black or African American alone or in combination with one or more other races, not Hispanic or Latino",135,"Male","49.4","+/-3.1","44.2","+/-8.9"
"454","Black or African American alone or in combination with one or more other races, not Hispanic or Latino",136,"Female","50.6","+/-3.1","55.8","+/-8.9"
"454","Black or African American alone or in combination with one or more other races, not Hispanic or Latino",137,"Not a U.S. citizen","92,414","+/-7,061","6,027","+/-2,139"
"454","Black or African American alone or in combination with one or more other races, not Hispanic or Latino",138,"Male","52.6","+/-2.7","52.5","+/-8.8"
"454","Black or African American alone or in combination with one or more other races, not Hispanic or Latino",139,"Female","47.4","+/-2.7","47.5","+/-8.8"
"454","Black or African American alone or in combination with one or more other races, not Hispanic or Latino",140,"Entered 2000 or later","34.4","+/-3.2","31.7","+/-11.3"
"454","Black or African American alone or in combination with one or more other races, not Hispanic or Latino",141,"Entered 1990 to 1999","31.3","+/-3.3","28.4","+/-7.5"
"454","Black or African American alone or in combination with one or more other races, not Hispanic or Latino",142,"Entered before 1990","34.3","+/-2.6","39.8","+/-9.5"
"454","Black or African American alone or in combination with one or more other races, not Hispanic or Latino",143,"Foreign-born population excluding population born at sea","157,855","+/-9,450","12,911","+/-2,934"
"454","Black or African American alone or in combination with one or more other races, not Hispanic or Latino",144,"Europe","16.2","+/-2.1","N","N"
"454","Black or African American alone or in combination with one or more other races, not Hispanic or Latino",145,"Asia","36.5","+/-2.9","N","N"
"454","Black or African American alone or in combination with one or more other races, not Hispanic or Latino",146,"Africa","4.9","+/-1.6","N","N"
"454","Black or African American alone or in combination with one or more other races, not Hispanic or Latino",147,"Oceania","0.2","+/-0.3","N","N"
"454","Black or African American alone or in combination with one or more other races, not Hispanic or Latino",148,"Latin America","41.6","+/-3.0","N","N"
"454","Black or African American alone or in combination with one or more other races, not Hispanic or Latino",149,"Northern America","0.5","+/-0.2","N","N"
"454","Black or African American alone or in combination with one or more other races, not Hispanic or Latino",150,"Population 5 years and over","628,096","+/-12,096","101,602","+/-5,899"
"454","Black or African American alone or in combination with one or more other races, not Hispanic or Latino",151,"English only","70.5","+/-1.3","90.1","+/-2.9"
"454","Black or African American alone or in combination with one or more other races, not Hispanic or Latino",152,"Language other than English","29.5","+/-1.3","9.9","+/-2.9"
"454","Black or African American alone or in combination with one or more other races, not Hispanic or Latino",153,"Speak English less than ""very well""","13.7","+/-1.0","3.7","+/-2.1"
"454","Black or African American alone or in combination with one or more other races, not Hispanic or Latino",154,"Population 16 years and over","538,879","+/-9,098","80,634","+/-4,670"
"454","Black or African American alone or in combination with one or more other races, not Hispanic or Latino",155,"In labor force","67.1","+/-1.0","66.0","+/-3.4"
"454","Black or African American alone or in combination with one or more other races, not Hispanic or Latino",156,"Civilian labor force","67.1","+/-1.0","66.0","+/-3.4"
"454","Black or African American alone or in combination with one or more other races, not Hispanic or Latino",157,"Employed","63.3","+/-1.0","60.2","+/-3.2"
"454","Black or African American alone or in combination with one or more other races, not Hispanic or Latino",158,"Unemployed","3.8","+/-0.4","5.8","+/-1.3"
"454","Black or African American alone or in combination with one or more other races, not Hispanic or Latino",159,"Percent of civilian labor force","5.7","+/-0.6","8.7","+/-1.8"
"454","Black or African American alone or in combination with one or more other races, not Hispanic or Latino",160,"Armed Forces","0.0","+/-0.1","0.0","+/-0.2"
"454","Black or African American alone or in combination with one or more other races, not Hispanic or Latino",161,"Not in labor force","32.9","+/-1.0","34.0","+/-3.4"
"454","Black or African American alone or in combination with one or more other races, not Hispanic or Latino",162,"Females 16 years and over","277,529","+/-5,492","45,150","+/-3,126"
"454","Black or African American alone or in combination with one or more other races, not Hispanic or Latino",163,"In labor force","59.4","+/-1.5","62.8","+/-4.2"
"454","Black or African American alone or in combination with one or more other races, not Hispanic or Latino",164,"Civilian labor force","59.4","+/-1.5","62.8","+/-4.2"
"454","Black or African American alone or in combination with one or more other races, not Hispanic or Latino",165,"Employed","55.6","+/-1.5","57.8","+/-4.2"
"454","Black or African American alone or in combination with one or more other races, not Hispanic or Latino",166,"Unemployed","3.8","+/-0.6","4.9","+/-1.5"
"454","Black or African American alone or in combination with one or more other races, not Hispanic or Latino",167,"Percent of civilian labor force","6.3","+/-0.9","7.9","+/-2.3"
"454","Black or African American alone or in combination with one or more other races, not Hispanic or Latino",168,"Workers 16 years and over","329,853","+/-8,988","47,487","+/-3,916"
"454","Black or African American alone or in combination with one or more other races, not Hispanic or Latino",169,"Car, truck, or van - drove alone","70.7","+/-1.3","71.7","+/-4.5"
"454","Black or African American alone or in combination with one or more other races, not Hispanic or Latino",170,"Car, truck, or van - carpooled","10.7","+/-1.0","11.7","+/-3.0"
"454","Black or African American alone or in combination with one or more other races, not Hispanic or Latino",171,"Public transportation (excluding taxicab)","9.0","+/-1.0","8.2","+/-2.4"
"454","Black or African American alone or in combination with one or more other races, not Hispanic or Latino",172,"Walked","4.6","+/-0.8","3.8","+/-1.3"
"454","Black or African American alone or in combination with one or more other races, not Hispanic or Latino",173,"Other means","2.3","+/-0.7","3.1","+/-1.7"
"454","Black or African American alone or in combination with one or more other races, not Hispanic or Latino",174,"Worked at home","2.8","+/-0.5","1.5","+/-1.0"
"454","Black or African American alone or in combination with one or more other races, not Hispanic or Latino",175,"Mean travel time to work (minutes)","31.1","+/-0.8","30.1","+/-2.1"
"454","Black or African American alone or in combination with one or more other races, not Hispanic or Latino",176,"Civilian employed population 16 years and over","340,842","+/-8,824","48,573","+/-3,984"
"454","Black or African American alone or in combination with one or more other races, not Hispanic or Latino",177,"Management, professional, and related occupations","38.1","+/-1.5","34.8","+/-4.1"
"454","Black or African American alone or in combination with one or more other races, not Hispanic or Latino",178,"Service occupations","16.6","+/-1.1","23.2","+/-3.0"
"454","Black or African American alone or in combination with one or more other races, not Hispanic or Latino",179,"Sales and office occupations","25.9","+/-1.3","25.3","+/-3.5"
"454","Black or African American alone or in combination with one or more other races, not Hispanic or Latino",180,"Farming, fishing, and forestry occupations","0.2","+/-0.1","0.0","+/-0.4"
"454","Black or African American alone or in combination with one or more other races, not Hispanic or Latino",181,"Construction, extraction, maintenance, and repair occupations","9.1","+/-1.0","5.4","+/-2.5"
"454","Black or African American alone or in combination with one or more other races, not Hispanic or Latino",182,"Production, transportation, and material moving occupations","10.1","+/-1.1","11.3","+/-3.2"
"454","Black or African American alone or in combination with one or more other races, not Hispanic or Latino",183,"Male civilian employed population 16 years and over","186,506","+/-5,690","22,455","+/-2,338"
"454","Black or African American alone or in combination with one or more other races, not Hispanic or Latino",184,"Management, professional, and related occupations","36.4","+/-1.9","31.0","+/-5.8"
"454","Black or African American alone or in combination with one or more other races, not Hispanic or Latino",185,"Service occupations","14.6","+/-1.3","17.6","+/-4.9"
"454","Black or African American alone or in combination with one or more other races, not Hispanic or Latino",186,"Sales and office occupations","18.1","+/-1.4","20.6","+/-5.2"
"454","Black or African American alone or in combination with one or more other races, not Hispanic or Latino",187,"Farming, fishing, and forestry occupations","0.4","+/-0.2","0.0","+/-0.8"
"454","Black or African American alone or in combination with one or more other races, not Hispanic or Latino",188,"Construction, extraction, maintenance, and repair occupations","16.1","+/-1.7","11.2","+/-5.4"
"454","Black or African American alone or in combination with one or more other races, not Hispanic or Latino",189,"Production, transportation, and material moving occupations","14.4","+/-1.6","19.5","+/-5.9"
"454","Black or African American alone or in combination with one or more other races, not Hispanic or Latino",190,"Female civilian employed population 16 years and over","154,336","+/-5,371","26,118","+/-2,687"
"454","Black or African American alone or in combination with one or more other races, not Hispanic or Latino",191,"Management, professional, and related occupations","40.1","+/-2.1","38.0","+/-5.4"
"454","Black or African American alone or in combination with one or more other races, not Hispanic or Latino",192,"Service occupations","19.1","+/-1.9","28.1","+/-4.2"
"454","Black or African American alone or in combination with one or more other races, not Hispanic or Latino",193,"Sales and office occupations","35.3","+/-2.0","29.4","+/-4.8"
"454","Black or African American alone or in combination with one or more other races, not Hispanic or Latino",194,"Farming, fishing, and forestry occupations","0.0","+/-0.1","0.0","+/-0.7"
"454","Black or African American alone or in combination with one or more other races, not Hispanic or Latino",195,"Construction, extraction, maintenance, and repair occupations","0.7","+/-0.4","0.4","+/-0.5"
"454","Black or African American alone or in combination with one or more other races, not Hispanic or Latino",196,"Production, transportation, and material moving occupations","4.8","+/-1.0","4.1","+/-1.8"
"454","Black or African American alone or in combination with one or more other races, not Hispanic or Latino",197,"Agriculture, forestry, fishing and hunting, and mining","0.3","+/-0.1","0.0","+/-0.4"
"454","Black or African American alone or in combination with one or more other races, not Hispanic or Latino",198,"Construction","7.2","+/-1.0","3.5","+/-1.8"
"454","Black or African American alone or in combination with one or more other races, not Hispanic or Latino",199,"Manufacturing","8.7","+/-0.9","7.2","+/-2.1"
"454","Black or African American alone or in combination with one or more other races, not Hispanic or Latino",200,"Wholesale trade","3.8","+/-0.6","1.9","+/-1.3"
"454","Black or African American alone or in combination with one or more other races, not Hispanic or Latino",201,"Retail trade","11.9","+/-1.0","9.9","+/-2.9"
"454","Black or African American alone or in combination with one or more other races, not Hispanic or Latino",202,"Transportation and warehousing, and utilities","6.3","+/-0.8","9.7","+/-3.2"
"454","Black or African American alone or in combination with one or more other races, not Hispanic or Latino",203,"Information","4.3","+/-0.7","3.6","+/-1.5"
"454","Black or African American alone or in combination with one or more other races, not Hispanic or Latino",204,"Finance and insurance, and real estate and rental and leasing","8.8","+/-0.8","8.1","+/-2.0"
"454","Black or African American alone or in combination with one or more other races, not Hispanic or Latino",205,"Professional, scientific, and management, and administrative and waste management services","11.9","+/-1.0","9.0","+/-3.2"
"454","Black or African American alone or in combination with one or more other races, not Hispanic or Latino",206,"Educational services, and health care and social assistance","21.3","+/-1.3","30.6","+/-4.1"
"454","Black or African American alone or in combination with one or more other races, not Hispanic or Latino",207,"Arts, entertainment, and recreation, and accommodation and food services","7.5","+/-0.8","6.9","+/-2.6"
"454","Black or African American alone or in combination with one or more other races, not Hispanic or Latino",208,"Other services (except public administration)","3.9","+/-0.6","3.2","+/-1.6"
"454","Black or African American alone or in combination with one or more other races, not Hispanic or Latino",209,"Public administration","4.2","+/-0.5","6.6","+/-1.8"
"454","Black or African American alone or in combination with one or more other races, not Hispanic or Latino",210,"Private wage and salary workers","80.6","+/-1.1","79.6","+/-3.2"
"454","Black or African American alone or in combination with one or more other races, not Hispanic or Latino",211,"Government workers","14.7","+/-1.0","18.0","+/-3.1"
"454","Black or African American alone or in combination with one or more other races, not Hispanic or Latino",212,"Self-employed workers in own not incorporated business","4.5","+/-0.8","2.4","+/-1.4"
"454","Black or African American alone or in combination with one or more other races, not Hispanic or Latino",213,"Unpaid family workers","0.1","+/-0.1","0.0","+/-0.4"
"454","Black or African American alone or in combination with one or more other races, not Hispanic or Latino",214,"Households","242,233","+/-3,936","38,910","+/-2,502"
"454","Black or African American alone or in combination with one or more other races, not Hispanic or Latino",215,"Median household income (dollars)","66,675","+/-3,305","48,029","+/-4,442"
"454","Black or African American alone or in combination with one or more other races, not Hispanic or Latino",216,"With earnings","84.4","+/-0.9","84.8","+/-2.5"
"454","Black or African American alone or in combination with one or more other races, not Hispanic or Latino",217,"Mean earnings (dollars)","85,400","+/-1,850","63,452","+/-4,908"
"454","Black or African American alone or in combination with one or more other races, not Hispanic or Latino",218,"With Social Security income","24.7","+/-1.2","24.1","+/-3.0"
"454","Black or African American alone or in combination with one or more other races, not Hispanic or Latino",219,"Mean Social Security income (dollars)","15,464","+/-526","13,001","+/-1,270"
"454","Black or African American alone or in combination with one or more other races, not Hispanic or Latino",220,"With Supplemental Security Income","2.5","+/-0.4","2.4","+/-1.2"
"454","Black or African American alone or in combination with one or more other races, not Hispanic or Latino",221,"Mean Supplemental Security Income (dollars)","7,628","+/-821","6,493","+/-2,116"
"454","Black or African American alone or in combination with one or more other races, not Hispanic or Latino",222,"With cash public assistance income","1.9","+/-0.4","4.8","+/-1.8"
"454","Black or African American alone or in combination with one or more other races, not Hispanic or Latino",223,"Mean cash public assistance income (dollars)","3,675","+/-871","3,056","+/-727"
"454","Black or African American alone or in combination with one or more other races, not Hispanic or Latino",224,"With retirement income","15.0","+/-1.2","15.9","+/-2.6"
"454","Black or African American alone or in combination with one or more other races, not Hispanic or Latino",225,"Mean retirement income (dollars)","22,402","+/-1,591","18,689","+/-3,009"
"454","Black or African American alone or in combination with one or more other races, not Hispanic or Latino",226,"With Food Stamp benefits","4.0","+/-0.6","8.1","+/-2.3"
"454","Black or African American alone or in combination with one or more other races, not Hispanic or Latino",227,"Families","164,436","+/-4,375","26,568","+/-2,246"
"454","Black or African American alone or in combination with one or more other races, not Hispanic or Latino",228,"Median family income (dollars)","81,481","+/-2,293","57,735","+/-6,872"
"454","Black or African American alone or in combination with one or more other races, not Hispanic or Latino",229,"Married-couple family","72.5","+/-1.7","51.8","+/-5.5"
"454","Black or African American alone or in combination with one or more other races, not Hispanic or Latino",230,"Median income (dollars)","95,977","+/-3,119","85,083","+/-3,981"
"454","Black or African American alone or in combination with one or more other races, not Hispanic or Latino",231,"Male householder, no spouse present, family","8.9","+/-1.4","9.5","+/-3.7"
"454","Black or African American alone or in combination with one or more other races, not Hispanic or Latino",232,"Median income (dollars)","48,241","+/-6,037","46,440","+/-9,917"
"454","Black or African American alone or in combination with one or more other races, not Hispanic or Latino",233,"Female householder, no husband present, family","18.5","+/-1.5","38.7","+/-5.3"
"454","Black or African American alone or in combination with one or more other races, not Hispanic or Latino",234,"Median income (dollars)","42,497","+/-3,665","36,793","+/-3,044"
"454","Black or African American alone or in combination with one or more other races, not Hispanic or Latino",235,"Individuals","673,587","+/-12,915","109,108","+/-6,317"
"454","Black or African American alone or in combination with one or more other races, not Hispanic or Latino",236,"Per capita income (dollars)","31,567","+/-607","23,169","+/-1,434"
"454","Black or African American alone or in combination with one or more other races, not Hispanic or Latino",237,"Male","141,473","+/-5,065","16,189","+/-1,796"
"454","Black or African American alone or in combination with one or more other races, not Hispanic or Latino",238,"Female","92,371","+/-3,878","17,512","+/-2,027"
"454","Black or African American alone or in combination with one or more other races, not Hispanic or Latino",239,"Male","68,775","+/-2,299","55,964","+/-5,325"
"454","Black or African American alone or in combination with one or more other races, not Hispanic or Latino",240,"Female","51,118","+/-2,153","46,080","+/-6,111"
"454","Black or African American alone or in combination with one or more other races, not Hispanic or Latino",241,"Male","53,157","+/-2,071","45,253","+/-4,569"
"454","Black or African American alone or in combination with one or more other races, not Hispanic or Latino",242,"Female","41,996","+/-1,126","37,720","+/-2,710"
"454","Black or African American alone or in combination with one or more other races, not Hispanic or Latino",243,"All families","5.6","+/-0.9","9.2","+/-2.7"
"454","Black or African American alone or in combination with one or more other races, not Hispanic or Latino",244,"With related children under 18 years","8.7","+/-1.7","13.6","+/-4.2"
"454","Black or African American alone or in combination with one or more other races, not Hispanic or Latino",245,"With related children under 5 years only","11.2","+/-4.8","11.6","+/-10.5"
"454","Black or African American alone or in combination with one or more other races, not Hispanic or Latino",246,"Married-couple family","3.1","+/-1.0","2.3","+/-2.2"
"454","Black or African American alone or in combination with one or more other races, not Hispanic or Latino",247,"With related children under 18 years","4.4","+/-1.9","4.4","+/-4.2"
"454","Black or African American alone or in combination with one or more other races, not Hispanic or Latino",248,"With related children under 5 years only","9.3","+/-6.0","N","N"
"454","Black or African American alone or in combination with one or more other races, not Hispanic or Latino",249,"Female householder, no husband present, family","16.6","+/-3.5","18.3","+/-6.7"
"454","Black or African American alone or in combination with one or more other races, not Hispanic or Latino",250,"With related children under 18 years","23.5","+/-5.3","21.9","+/-8.3"
"454","Black or African American alone or in combination with one or more other races, not Hispanic or Latino",251,"With related children under 5 years only","31.8","+/-13.3","31.6","+/-26.4"
"454","Black or African American alone or in combination with one or more other races, not Hispanic or Latino",252,"All people","8.5","+/-0.8","14.1","+/-3.0"
"454","Black or African American alone or in combination with one or more other races, not Hispanic or Latino",253,"Under 18 years","10.6","+/-1.9","18.6","+/-6.0"
"454","Black or African American alone or in combination with one or more other races, not Hispanic or Latino",254,"Related children under 18 years","10.1","+/-1.9","17.9","+/-5.9"
"454","Black or African American alone or in combination with one or more other races, not Hispanic or Latino",255,"Related children under 5 years","15.4","+/-3.9","32.3","+/-11.3"
"454","Black or African American alone or in combination with one or more other races, not Hispanic or Latino",256,"Related children 5 to 17 years","7.9","+/-1.8","13.6","+/-5.3"
"454","Black or African American alone or in combination with one or more other races, not Hispanic or Latino",257,"18 years and over","7.9","+/-0.7","12.2","+/-2.3"
"454","Black or African American alone or in combination with one or more other races, not Hispanic or Latino",258,"18 to 64 years","8.1","+/-0.9","12.1","+/-2.6"
"454","Black or African American alone or in combination with one or more other races, not Hispanic or Latino",259,"65 years and over","6.9","+/-1.6","12.8","+/-5.7"
"454","Black or African American alone or in combination with one or more other races, not Hispanic or Latino",260,"People in families","5.7","+/-1.0","11.2","+/-3.5"
"454","Black or African American alone or in combination with one or more other races, not Hispanic or Latino",261,"Unrelated individuals 15 years and over","21.2","+/-2.0","30.4","+/-5.1"
"454","Black or African American alone or in combination with one or more other races, not Hispanic or Latino",262,"Occupied housing units","242,233","+/-3,936","38,910","+/-2,502"
"454","Black or African American alone or in combination with one or more other races, not Hispanic or Latino",263,"Owner-occupied housing units","62.6","+/-1.4","48.1","+/-4.0"
"454","Black or African American alone or in combination with one or more other races, not Hispanic or Latino",264,"Renter-occupied housing units","37.4","+/-1.4","51.9","+/-4.0"
"454","Black or African American alone or in combination with one or more other races, not Hispanic or Latino",265,"Average household size of owner-occupied unit","2.82","+/-0.06","2.77","+/-0.18"
"454","Black or African American alone or in combination with one or more other races, not Hispanic or Latino",266,"Average household size of renter-occupied unit","2.49","+/-0.09","2.48","+/-0.16"
"454","Black or African American alone or in combination with one or more other races, not Hispanic or Latino",267,"1-unit, detached or attached","61.9","+/-1.4","53.1","+/-3.9"
"454","Black or African American alone or in combination with one or more other races, not Hispanic or Latino",268,"2 to 4 units","14.6","+/-1.0","16.8","+/-3.6"
"454","Black or African American alone or in combination with one or more other races, not Hispanic or Latino",269,"5 or more units","22.8","+/-1.1","29.9","+/-3.7"
"454","Black or African American alone or in combination with one or more other races, not Hispanic or Latino",270,"Mobile home, boat, RV, van, etc.","0.7","+/-0.3","0.2","+/-0.3"
"454","Black or African American alone or in combination with one or more other races, not Hispanic or Latino",271,"Built 2000 or later","5.1","+/-0.7","4.6","+/-1.8"
"454","Black or African American alone or in combination with one or more other races, not Hispanic or Latino",272,"Built 1990 to 1999","7.6","+/-0.7","5.4","+/-2.0"
"454","Black or African American alone or in combination with one or more other races, not Hispanic or Latino",273,"Built 1980 to 1989","12.0","+/-1.2","9.4","+/-3.6"
"454","Black or African American alone or in combination with one or more other races, not Hispanic or Latino",274,"Built 1960 to 1979","31.6","+/-1.4","34.6","+/-4.9"
"454","Black or African American alone or in combination with one or more other races, not Hispanic or Latino",275,"Built 1940 to 1959","24.9","+/-1.4","26.9","+/-3.5"
"454","Black or African American alone or in combination with one or more other races, not Hispanic or Latino",276,"Built 1939 or earlier","18.8","+/-1.0","19.1","+/-3.2"
"454","Black or African American alone or in combination with one or more other races, not Hispanic or Latino",277,"None","9.6","+/-1.0","10.6","+/-2.8"
"454","Black or African American alone or in combination with one or more other races, not Hispanic or Latino",278,"1 or more","90.4","+/-1.0","89.4","+/-2.8"
"454","Black or African American alone or in combination with one or more other races, not Hispanic or Latino",279,"Gas","80.6","+/-1.2","78.5","+/-3.1"
"454","Black or African American alone or in combination with one or more other races, not Hispanic or Latino",280,"Electricity","9.6","+/-0.9","11.2","+/-2.4"
"454","Black or African American alone or in combination with one or more other races, not Hispanic or Latino",281,"All other fuels","9.6","+/-1.0","10.0","+/-2.3"
"454","Black or African American alone or in combination with one or more other races, not Hispanic or Latino",282,"No fuel used","0.2","+/-0.1","0.3","+/-0.5"
"454","Black or African American alone or in combination with one or more other races, not Hispanic or Latino",283,"No telephone service available","7.6","+/-1.0","9.3","+/-2.8"
"454","Black or African American alone or in combination with one or more other races, not Hispanic or Latino",284,"1.01 or more occupants per room","3.6","+/-0.7","4.6","+/-2.7"
"454","Black or African American alone or in combination with one or more other races, not Hispanic or Latino",285,"Owner-occupied housing units","151,669","+/-3,787","18,733","+/-2,011"
"454","Black or African American alone or in combination with one or more other races, not Hispanic or Latino",286,"Less than 30 percent","56.5","+/-2.1","45.3","+/-6.1"
"454","Black or African American alone or in combination with one or more other races, not Hispanic or Latino",287,"30 percent or more","43.5","+/-2.1","54.7","+/-6.1"
"454","Black or African American alone or in combination with one or more other races, not Hispanic or Latino",288,"Median value (dollars)","374,500","+/-5,872","338,500","+/-16,682"
"454","Black or African American alone or in combination with one or more other races, not Hispanic or Latino",289,"Median selected monthly owner costs with a mortgage (dollars)","2,261","+/-45","2,265","+/-100"
"454","Black or African American alone or in combination with one or more other races, not Hispanic or Latino",290,"Median selected monthly owner costs without a mortgage (dollars)","833","+/-21","757","+/-50"
"454","Black or African American alone or in combination with one or more other races, not Hispanic or Latino",291,"Renter-occupied housing units","90,564","+/-3,987","20,177","+/-1,982"
"454","Black or African American alone or in combination with one or more other races, not Hispanic or Latino",292,"Less than 30 percent","50.7","+/-2.9","41.2","+/-6.7"
"454","Black or African American alone or in combination with one or more other races, not Hispanic or Latino",293,"30 percent or more","49.3","+/-2.9","58.8","+/-6.7"
"454","Black or African American alone or in combination with one or more other races, not Hispanic or Latino",294,"Median gross rent (dollars)","1,076","+/-25","1,066","+/-57"
"457","Asian alone, not Hispanic or Latino",1,"Total population","673,587","+/-12,915","77,293","+/-6,320"
"457","Asian alone, not Hispanic or Latino",2,"One race","98.3","+/-0.4","100.0","+/-0.2"
"457","Asian alone, not Hispanic or Latino",3,"Two races","1.6","+/-0.3","(X)","(X)"
"457","Asian alone, not Hispanic or Latino",4,"Three races","0.1","+/-0.1","(X)","(X)"
"457","Asian alone, not Hispanic or Latino",5,"Four or more races","0.0","+/-0.1","(X)","(X)"
"457","Asian alone, not Hispanic or Latino",6,"Male","49.0","+/-0.6","50.3","+/-1.6"
"457","Asian alone, not Hispanic or Latino",7,"Female","51.0","+/-0.6","49.7","+/-1.6"
"457","Asian alone, not Hispanic or Latino",8,"Under 5 years","6.8","+/-0.4","8.2","+/-1.2"
"457","Asian alone, not Hispanic or Latino",9,"5 to 17 years","15.8","+/-0.6","13.9","+/-1.8"
"457","Asian alone, not Hispanic or Latino",10,"18 to 24 years","10.6","+/-0.5","10.4","+/-1.4"
"457","Asian alone, not Hispanic or Latino",11,"25 to 34 years","14.5","+/-0.6","24.4","+/-2.2"
"457","Asian alone, not Hispanic or Latino",12,"35 to 44 years","14.8","+/-0.7","18.0","+/-2.0"
"457","Asian alone, not Hispanic or Latino",13,"45 to 54 years","14.6","+/-0.6","11.6","+/-2.0"
"457","Asian alone, not Hispanic or Latino",14,"55 to 64 years","11.1","+/-0.6","6.6","+/-1.4"
"457","Asian alone, not Hispanic or Latino",15,"65 to 74 years","6.2","+/-0.5","5.0","+/-1.6"
"457","Asian alone, not Hispanic or Latino",16,"75 years and over","5.5","+/-0.4","2.1","+/-0.8"
"457","Asian alone, not Hispanic or Latino",17,"Median age (years)","36.6","+/-0.6","33.1","+/-0.6"
"457","Asian alone, not Hispanic or Latino",18,"18 years and over","77.4","+/-0.7","78.0","+/-1.9"
"457","Asian alone, not Hispanic or Latino",19,"21 years and over","72.7","+/-0.7","73.7","+/-1.8"
"457","Asian alone, not Hispanic or Latino",20,"62 years and over","14.2","+/-0.6","9.1","+/-1.7"
"457","Asian alone, not Hispanic or Latino",21,"65 years and over","11.7","+/-0.6","7.0","+/-1.7"
"457","Asian alone, not Hispanic or Latino",22,"Under 18 years","152,248","+/-6,276","17,026","+/-2,140"
"457","Asian alone, not Hispanic or Latino",23,"Male","49.8","+/-1.7","45.0","+/-4.5"
"457","Asian alone, not Hispanic or Latino",24,"Female","50.2","+/-1.7","55.0","+/-4.5"
"457","Asian alone, not Hispanic or Latino",25,"18 years and over","521,339","+/-8,918","60,267","+/-5,007"
"457","Asian alone, not Hispanic or Latino",26,"Male","48.8","+/-0.6","51.8","+/-1.7"
"457","Asian alone, not Hispanic or Latino",27,"Female","51.2","+/-0.6","48.2","+/-1.7"
"457","Asian alone, not Hispanic or Latino",28,"18 to 34 years","168,990","+/-5,365","26,875","+/-2,297"
"457","Asian alone, not Hispanic or Latino",29,"Male","51.4","+/-1.3","50.1","+/-3.1"
"457","Asian alone, not Hispanic or Latino",30,"Female","48.6","+/-1.3","49.9","+/-3.1"
"457","Asian alone, not Hispanic or Latino",31,"35 to 64 years","273,266","+/-6,505","27,946","+/-2,750"
"457","Asian alone, not Hispanic or Latino",32,"Male","49.2","+/-0.8","54.2","+/-2.8"
"457","Asian alone, not Hispanic or Latino",33,"Female","50.8","+/-0.8","45.8","+/-2.8"
"457","Asian alone, not Hispanic or Latino",34,"65 years and over","79,083","+/-3,488","5,446","+/-1,515"
"457","Asian alone, not Hispanic or Latino",35,"Male","41.6","+/-1.5","47.6","+/-6.9"
"457","Asian alone, not Hispanic or Latino",36,"Female","58.4","+/-1.5","52.4","+/-6.9"
"457","Asian alone, not Hispanic or Latino",37,"Population in households","653,558","+/-12,794","74,934","+/-6,379"
"457","Asian alone, not Hispanic or Latino",38,"Householder or spouse","55.3","+/-0.9","58.3","+/-3.0"
"457","Asian alone, not Hispanic or Latino",39,"Child","30.7","+/-1.0","28.9","+/-2.1"
"457","Asian alone, not Hispanic or Latino",40,"Other relatives","8.0","+/-0.8","9.3","+/-3.2"
"457","Asian alone, not Hispanic or Latino",41,"Nonrelatives","6.1","+/-0.7","3.5","+/-1.4"
"457","Asian alone, not Hispanic or Latino",42,"Unmarried partner","2.1","+/-0.3","0.4","+/-0.4"
"457","Asian alone, not Hispanic or Latino",43,"Households","242,233","+/-3,936","25,407","+/-2,178"
"457","Asian alone, not Hispanic or Latino",44,"Family households","67.9","+/-1.3","87.2","+/-3.3"
"457","Asian alone, not Hispanic or Latino",45,"With own children under 18 years","33.2","+/-1.3","52.6","+/-5.0"
"457","Asian alone, not Hispanic or Latino",46,"Married-couple family","49.2","+/-1.4","77.3","+/-5.1"
"457","Asian alone, not Hispanic or Latino",47,"With own children under 18 years","23.2","+/-1.4","47.9","+/-5.6"
"457","Asian alone, not Hispanic or Latino",48,"Female householder, no husband present, family","12.6","+/-1.1","4.2","+/-3.1"
"457","Asian alone, not Hispanic or Latino",49,"With own children under 18 years","7.3","+/-0.9","1.0","+/-1.2"
"457","Asian alone, not Hispanic or Latino",50,"Nonfamily households","32.1","+/-1.3","12.8","+/-3.3"
"457","Asian alone, not Hispanic or Latino",51,"Male householder","14.5","+/-1.2","7.7","+/-2.5"
"457","Asian alone, not Hispanic or Latino",52,"Living alone","10.7","+/-1.0","3.7","+/-1.3"
"457","Asian alone, not Hispanic or Latino",53,"Not living alone","3.8","+/-0.7","4.0","+/-2.0"
"457","Asian alone, not Hispanic or Latino",54,"Female householder","17.6","+/-1.2","5.1","+/-2.0"
"457","Asian alone, not Hispanic or Latino",55,"Living alone","15.3","+/-1.1","4.3","+/-1.9"
"457","Asian alone, not Hispanic or Latino",56,"Not living alone","2.3","+/-0.5","0.8","+/-0.6"
"457","Asian alone, not Hispanic or Latino",57,"Average household size","2.70","+/-0.04","3.03","+/-0.18"
"457","Asian alone, not Hispanic or Latino",58,"Average family size","3.26","+/-0.05","3.17","+/-0.20"
"457","Asian alone, not Hispanic or Latino",59,"Population 15 years and over","545,347","+/-9,312","61,832","+/-5,057"
"457","Asian alone, not Hispanic or Latino",60,"Now married, except separated","49.1","+/-1.4","72.2","+/-3.6"
"457","Asian alone, not Hispanic or Latino",61,"Widowed","6.6","+/-0.5","3.0","+/-1.1"
"457","Asian alone, not Hispanic or Latino",62,"Divorced","9.0","+/-0.8","2.0","+/-0.9"
"457","Asian alone, not Hispanic or Latino",63,"Separated","2.2","+/-0.4","1.0","+/-1.1"
"457","Asian alone, not Hispanic or Latino",64,"Never married","33.0","+/-1.1","21.8","+/-2.9"
"457","Asian alone, not Hispanic or Latino",65,"Male 15 years and over","264,689","+/-5,794","31,835","+/-2,590"
"457","Asian alone, not Hispanic or Latino",66,"Now married, except separated","52.7","+/-1.5","75.2","+/-4.4"
"457","Asian alone, not Hispanic or Latino",67,"Widowed","2.5","+/-0.5","0.7","+/-0.7"
"457","Asian alone, not Hispanic or Latino",68,"Divorced","7.7","+/-0.9","1.6","+/-1.0"
"457","Asian alone, not Hispanic or Latino",69,"Separated","1.8","+/-0.4","0.7","+/-0.9"
"457","Asian alone, not Hispanic or Latino",70,"Never married","35.3","+/-1.4","21.8","+/-4.0"
"457","Asian alone, not Hispanic or Latino",71,"Female 15 years and over","280,658","+/-5,471","29,997","+/-2,836"
"457","Asian alone, not Hispanic or Latino",72,"Now married, except separated","45.8","+/-1.6","69.0","+/-4.1"
"457","Asian alone, not Hispanic or Latino",73,"Widowed","10.5","+/-0.9","5.5","+/-2.1"
"457","Asian alone, not Hispanic or Latino",74,"Divorced","10.2","+/-1.0","2.5","+/-1.5"
"457","Asian alone, not Hispanic or Latino",75,"Separated","2.6","+/-0.5","1.3","+/-2.1"
"457","Asian alone, not Hispanic or Latino",76,"Never married","30.9","+/-1.3","21.7","+/-3.2"
"457","Asian alone, not Hispanic or Latino",77,"Population 3 years and over enrolled in school","181,849","+/-7,079","20,994","+/-2,638"
"457","Asian alone, not Hispanic or Latino",78,"Nursery school, preschool","7.7","+/-1.0","6.4","+/-3.4"
"457","Asian alone, not Hispanic or Latino",79,"Kindergarten","4.3","+/-0.6","4.8","+/-2.3"
"457","Asian alone, not Hispanic or Latino",80,"Elementary school (grades 1-8)","37.4","+/-1.7","32.8","+/-6.6"
"457","Asian alone, not Hispanic or Latino",81,"High school (grades 9-12)","19.6","+/-1.3","13.0","+/-4.3"
"457","Asian alone, not Hispanic or Latino",82,"College or graduate school","30.9","+/-1.5","43.1","+/-6.3"
"457","Asian alone, not Hispanic or Latino",83,"Male 3 years and over enrolled in school","88,667","+/-4,658","10,664","+/-1,801"
"457","Asian alone, not Hispanic or Latino",84,"Percent enrolled in kindergarten to grade 12","62.9","+/-2.6","49.0","+/-8.3"
"457","Asian alone, not Hispanic or Latino",85,"Percent enrolled in college or graduate school","28.3","+/-2.4","46.2","+/-8.1"
"457","Asian alone, not Hispanic or Latino",86,"Female 3 years and over enrolled in school","93,182","+/-4,337","10,330","+/-1,602"
"457","Asian alone, not Hispanic or Latino",87,"Percent enrolled in kindergarten to grade 12","59.8","+/-2.7","52.2","+/-8.4"
"457","Asian alone, not Hispanic or Latino",88,"Percent enrolled in college or graduate school","33.4","+/-2.4","39.9","+/-8.1"
"457","Asian alone, not Hispanic or Latino",89,"Population 25 years and over","449,864","+/-7,052","52,243","+/-4,585"
"457","Asian alone, not Hispanic or Latino",90,"Less than high school diploma","12.0","+/-0.9","6.8","+/-1.8"
"457","Asian alone, not Hispanic or Latino",91,"High school graduate (includes equivalency)","31.2","+/-1.4","11.2","+/-3.9"
"457","Asian alone, not Hispanic or Latino",92,"Some college or associate's degree","22.9","+/-1.1","11.3","+/-2.8"
"457","Asian alone, not Hispanic or Latino",93,"Bachelor's degree","20.9","+/-1.2","37.1","+/-4.5"
"457","Asian alone, not Hispanic or Latino",94,"Graduate or professional degree","13.0","+/-0.8","33.5","+/-4.1"
"457","Asian alone, not Hispanic or Latino",95,"High school graduate or higher","88.0","+/-0.9","93.2","+/-1.8"
"457","Asian alone, not Hispanic or Latino",96,"Male, high school graduate or higher","87.3","+/-1.3","95.4","+/-1.9"
"457","Asian alone, not Hispanic or Latino",97,"Female, high school graduate or higher","88.7","+/-1.0","90.7","+/-3.0"
"457","Asian alone, not Hispanic or Latino",98,"Bachelor's degree or higher","34.0","+/-1.2","70.7","+/-4.6"
"457","Asian alone, not Hispanic or Latino",99,"Male, bachelor's degree or higher","36.4","+/-1.7","74.2","+/-5.6"
"457","Asian alone, not Hispanic or Latino",100,"Female, bachelor's degree or higher","31.7","+/-1.4","66.7","+/-5.2"
"457","Asian alone, not Hispanic or Latino",101,"Women 15 to 50 years","177,913","+/-5,559","23,294","+/-2,041"
"457","Asian alone, not Hispanic or Latino",102,"Women 15 to 50 years who had a birth in the past 12 months","9,821","+/-1,844","1,854","+/-966"
"457","Asian alone, not Hispanic or Latino",103,"Unmarried women 15 to 50 years who had a birth in the past 12 months","2,650","+/-760","N","N"
"457","Asian alone, not Hispanic or Latino",104,"As a percent of all women with a birth in the past 12 months","27.0","+/-7.7","N","N"
"457","Asian alone, not Hispanic or Latino",105,"Population 30 years and over","402,920","+/-6,607","45,539","+/-4,253"
"457","Asian alone, not Hispanic or Latino",106,"Living with grandchild(ren)","3.6","+/-0.6","8.0","+/-3.2"
"457","Asian alone, not Hispanic or Latino",107,"Responsible for grandchild(ren)","27.9","+/-7.8","14.0","+/-13.9"
"457","Asian alone, not Hispanic or Latino",108,"Civilian population 18 years and over","521,276","+/-8,926","60,267","+/-5,007"
"457","Asian alone, not Hispanic or Latino",109,"Civilian veteran","7.6","+/-0.6","0.5","+/-0.4"
"457","Asian alone, not Hispanic or Latino",110,"Civilian population 5 years and over","620,082","+/-12,034","70,304","+/-5,982"
"457","Asian alone, not Hispanic or Latino",111,"With any disability","10.8","+/-0.6","3.7","+/-1.5"
"457","Asian alone, not Hispanic or Latino",112,"Civilian population 5 to 15 years","89,217","+/-5,021","9,606","+/-1,725"
"457","Asian alone, not Hispanic or Latino",113,"With any disability","5.7","+/-1.4","1.0","+/-1.2"
"457","Asian alone, not Hispanic or Latino",114,"Civilian population 16 to 64 years","458,821","+/-9,786","55,703","+/-4,302"
"457","Asian alone, not Hispanic or Latino",115,"With any disability","7.8","+/-0.7","2.9","+/-1.7"
"457","Asian alone, not Hispanic or Latino",116,"No disability","92.2","+/-0.7","97.1","+/-1.7"
"457","Asian alone, not Hispanic or Latino",117,"Civilian population 65 years and over","72,044","+/-3,438","4,995","+/-1,495"
"457","Asian alone, not Hispanic or Latino",118,"With any disability","35.5","+/-2.6","17.9","+/-9.9"
"457","Asian alone, not Hispanic or Latino",119,"Population 1 year and over","664,317","+/-12,984","75,709","+/-6,109"
"457","Asian alone, not Hispanic or Latino",120,"Same house","86.9","+/-1.1","82.0","+/-3.4"
"457","Asian alone, not Hispanic or Latino",121,"Different house in the U.S.","12.0","+/-1.0","13.4","+/-2.8"
"457","Asian alone, not Hispanic or Latino",122,"Same county","7.6","+/-0.9","7.6","+/-2.4"
"457","Asian alone, not Hispanic or Latino",123,"Different county","4.5","+/-0.7","5.8","+/-2.2"
"457","Asian alone, not Hispanic or Latino",124,"Same state","2.9","+/-0.6","3.9","+/-2.1"
"457","Asian alone, not Hispanic or Latino",125,"Different state","1.6","+/-0.4","1.9","+/-1.1"
"457","Asian alone, not Hispanic or Latino",126,"Abroad","1.0","+/-0.3","4.6","+/-2.3"
"457","Asian alone, not Hispanic or Latino",127,"Total population","673,587","+/-12,915","77,293","+/-6,320"
"457","Asian alone, not Hispanic or Latino",128,"Native","515,732","+/-12,811","21,794","+/-2,321"
"457","Asian alone, not Hispanic or Latino",129,"Male","48.3","+/-0.7","47.4","+/-4.7"
"457","Asian alone, not Hispanic or Latino",130,"Female","51.7","+/-0.7","52.6","+/-4.7"
"457","Asian alone, not Hispanic or Latino",131,"Foreign born","157,855","+/-9,450","55,499","+/-4,954"
"457","Asian alone, not Hispanic or Latino",132,"Male","51.3","+/-1.9","51.4","+/-1.9"
"457","Asian alone, not Hispanic or Latino",133,"Female","48.7","+/-1.9","48.6","+/-1.9"
"457","Asian alone, not Hispanic or Latino",134,"Naturalized U.S. citizen","65,441","+/-5,102","24,260","+/-3,219"
"457","Asian alone, not Hispanic or Latino",135,"Male","49.4","+/-3.1","51.3","+/-4.5"
"457","Asian alone, not Hispanic or Latino",136,"Female","50.6","+/-3.1","48.7","+/-4.5"
"457","Asian alone, not Hispanic or Latino",137,"Not a U.S. citizen","92,414","+/-7,061","31,239","+/-3,580"
"457","Asian alone, not Hispanic or Latino",138,"Male","52.6","+/-2.7","51.6","+/-3.3"
"457","Asian alone, not Hispanic or Latino",139,"Female","47.4","+/-2.7","48.4","+/-3.3"
"457","Asian alone, not Hispanic or Latino",140,"Entered 2000 or later","34.4","+/-3.2","33.5","+/-4.9"
"457","Asian alone, not Hispanic or Latino",141,"Entered 1990 to 1999","31.3","+/-3.3","36.8","+/-5.2"
"457","Asian alone, not Hispanic or Latino",142,"Entered before 1990","34.3","+/-2.6","29.7","+/-3.6"
"457","Asian alone, not Hispanic or Latino",143,"Foreign-born population excluding population born at sea","157,855","+/-9,450","55,499","+/-4,954"
"457","Asian alone, not Hispanic or Latino",144,"Europe","16.2","+/-2.1","0.4","+/-0.3"
"457","Asian alone, not Hispanic or Latino",145,"Asia","36.5","+/-2.9","97.4","+/-1.1"
"457","Asian alone, not Hispanic or Latino",146,"Africa","4.9","+/-1.6","1.1","+/-0.7"
"457","Asian alone, not Hispanic or Latino",147,"Oceania","0.2","+/-0.3","0.1","+/-0.1"
"457","Asian alone, not Hispanic or Latino",148,"Latin America","41.6","+/-3.0","0.7","+/-0.8"
"457","Asian alone, not Hispanic or Latino",149,"Northern America","0.5","+/-0.2","0.3","+/-0.4"
"457","Asian alone, not Hispanic or Latino",150,"Population 5 years and over","628,096","+/-12,096","70,973","+/-6,022"
"457","Asian alone, not Hispanic or Latino",151,"English only","70.5","+/-1.3","19.8","+/-3.8"
"457","Asian alone, not Hispanic or Latino",152,"Language other than English","29.5","+/-1.3","80.2","+/-3.8"
"457","Asian alone, not Hispanic or Latino",153,"Speak English less than ""very well""","13.7","+/-1.0","32.3","+/-4.9"
"457","Asian alone, not Hispanic or Latino",154,"Population 16 years and over","538,879","+/-9,098","61,367","+/-5,085"
"457","Asian alone, not Hispanic or Latino",155,"In labor force","67.1","+/-1.0","63.3","+/-3.8"
"457","Asian alone, not Hispanic or Latino",156,"Civilian labor force","67.1","+/-1.0","63.3","+/-3.8"
"457","Asian alone, not Hispanic or Latino",157,"Employed","63.3","+/-1.0","60.7","+/-3.7"
"457","Asian alone, not Hispanic or Latino",158,"Unemployed","3.8","+/-0.4","2.6","+/-1.0"
"457","Asian alone, not Hispanic or Latino",159,"Percent of civilian labor force","5.7","+/-0.6","4.1","+/-1.5"
"457","Asian alone, not Hispanic or Latino",160,"Armed Forces","0.0","+/-0.1","0.0","+/-0.3"
"457","Asian alone, not Hispanic or Latino",161,"Not in labor force","32.9","+/-1.0","36.7","+/-3.8"
"457","Asian alone, not Hispanic or Latino",162,"Females 16 years and over","277,529","+/-5,492","29,615","+/-2,894"
"457","Asian alone, not Hispanic or Latino",163,"In labor force","59.4","+/-1.5","48.6","+/-5.1"
"457","Asian alone, not Hispanic or Latino",164,"Civilian labor force","59.4","+/-1.5","48.6","+/-5.1"
"457","Asian alone, not Hispanic or Latino",165,"Employed","55.6","+/-1.5","45.6","+/-5.0"
"457","Asian alone, not Hispanic or Latino",166,"Unemployed","3.8","+/-0.6","3.0","+/-1.5"
"457","Asian alone, not Hispanic or Latino",167,"Percent of civilian labor force","6.3","+/-0.9","6.1","+/-3.0"
"457","Asian alone, not Hispanic or Latino",168,"Workers 16 years and over","329,853","+/-8,988","36,332","+/-3,481"
"457","Asian alone, not Hispanic or Latino",169,"Car, truck, or van - drove alone","70.7","+/-1.3","60.7","+/-5.1"
"457","Asian alone, not Hispanic or Latino",170,"Car, truck, or van - carpooled","10.7","+/-1.0","10.2","+/-3.2"
"457","Asian alone, not Hispanic or Latino",171,"Public transportation (excluding taxicab)","9.0","+/-1.0","18.7","+/-3.7"
"457","Asian alone, not Hispanic or Latino",172,"Walked","4.6","+/-0.8","8.0","+/-3.9"
"457","Asian alone, not Hispanic or Latino",173,"Other means","2.3","+/-0.7","1.1","+/-0.7"
"457","Asian alone, not Hispanic or Latino",174,"Worked at home","2.8","+/-0.5","1.4","+/-0.9"
"457","Asian alone, not Hispanic or Latino",175,"Mean travel time to work (minutes)","31.1","+/-0.8","39.5","+/-3.2"
"457","Asian alone, not Hispanic or Latino",176,"Civilian employed population 16 years and over","340,842","+/-8,824","37,257","+/-3,463"
"457","Asian alone, not Hispanic or Latino",177,"Management, professional, and related occupations","38.1","+/-1.5","64.1","+/-4.9"
"457","Asian alone, not Hispanic or Latino",178,"Service occupations","16.6","+/-1.1","5.9","+/-2.2"
"457","Asian alone, not Hispanic or Latino",179,"Sales and office occupations","25.9","+/-1.3","18.5","+/-3.5"
"457","Asian alone, not Hispanic or Latino",180,"Farming, fishing, and forestry occupations","0.2","+/-0.1","0.2","+/-0.3"
"457","Asian alone, not Hispanic or Latino",181,"Construction, extraction, maintenance, and repair occupations","9.1","+/-1.0","2.9","+/-1.6"
"457","Asian alone, not Hispanic or Latino",182,"Production, transportation, and material moving occupations","10.1","+/-1.1","8.4","+/-2.9"
"457","Asian alone, not Hispanic or Latino",183,"Male civilian employed population 16 years and over","186,506","+/-5,690","23,749","+/-2,180"
"457","Asian alone, not Hispanic or Latino",184,"Management, professional, and related occupations","36.4","+/-1.9","67.3","+/-5.7"
"457","Asian alone, not Hispanic or Latino",185,"Service occupations","14.6","+/-1.3","5.1","+/-2.3"
"457","Asian alone, not Hispanic or Latino",186,"Sales and office occupations","18.1","+/-1.4","13.2","+/-3.6"
"457","Asian alone, not Hispanic or Latino",187,"Farming, fishing, and forestry occupations","0.4","+/-0.2","0.3","+/-0.4"
"457","Asian alone, not Hispanic or Latino",188,"Construction, extraction, maintenance, and repair occupations","16.1","+/-1.7","4.5","+/-2.5"
"457","Asian alone, not Hispanic or Latino",189,"Production, transportation, and material moving occupations","14.4","+/-1.6","9.6","+/-3.8"
"457","Asian alone, not Hispanic or Latino",190,"Female civilian employed population 16 years and over","154,336","+/-5,371","13,508","+/-1,890"
"457","Asian alone, not Hispanic or Latino",191,"Management, professional, and related occupations","40.1","+/-2.1","58.6","+/-7.1"
"457","Asian alone, not Hispanic or Latino",192,"Service occupations","19.1","+/-1.9","7.5","+/-3.6"
"457","Asian alone, not Hispanic or Latino",193,"Sales and office occupations","35.3","+/-2.0","27.7","+/-7.2"
"457","Asian alone, not Hispanic or Latino",194,"Farming, fishing, and forestry occupations","0.0","+/-0.1","0.0","+/-1.3"
"457","Asian alone, not Hispanic or Latino",195,"Construction, extraction, maintenance, and repair occupations","0.7","+/-0.4","0.0","+/-1.3"
"457","Asian alone, not Hispanic or Latino",196,"Production, transportation, and material moving occupations","4.8","+/-1.0","6.2","+/-3.3"
"457","Asian alone, not Hispanic or Latino",197,"Agriculture, forestry, fishing and hunting, and mining","0.3","+/-0.1","0.3","+/-0.3"
"457","Asian alone, not Hispanic or Latino",198,"Construction","7.2","+/-1.0","2.3","+/-1.6"
"457","Asian alone, not Hispanic or Latino",199,"Manufacturing","8.7","+/-0.9","12.5","+/-3.5"
"457","Asian alone, not Hispanic or Latino",200,"Wholesale trade","3.8","+/-0.6","3.6","+/-2.1"
"457","Asian alone, not Hispanic or Latino",201,"Retail trade","11.9","+/-1.0","8.5","+/-3.2"
"457","Asian alone, not Hispanic or Latino",202,"Transportation and warehousing, and utilities","6.3","+/-0.8","4.0","+/-1.6"
"457","Asian alone, not Hispanic or Latino",203,"Information","4.3","+/-0.7","8.1","+/-2.1"
"457","Asian alone, not Hispanic or Latino",204,"Finance and insurance, and real estate and rental and leasing","8.8","+/-0.8","11.7","+/-3.3"
"457","Asian alone, not Hispanic or Latino",205,"Professional, scientific, and management, and administrative and waste management services","11.9","+/-1.0","21.4","+/-3.9"
"457","Asian alone, not Hispanic or Latino",206,"Educational services, and health care and social assistance","21.3","+/-1.3","21.5","+/-4.8"
"457","Asian alone, not Hispanic or Latino",207,"Arts, entertainment, and recreation, and accommodation and food services","7.5","+/-0.8","2.4","+/-1.4"
"457","Asian alone, not Hispanic or Latino",208,"Other services (except public administration)","3.9","+/-0.6","2.4","+/-1.2"
"457","Asian alone, not Hispanic or Latino",209,"Public administration","4.2","+/-0.5","1.2","+/-0.8"
"457","Asian alone, not Hispanic or Latino",210,"Private wage and salary workers","80.6","+/-1.1","86.5","+/-3.8"
"457","Asian alone, not Hispanic or Latino",211,"Government workers","14.7","+/-1.0","11.0","+/-3.8"
"457","Asian alone, not Hispanic or Latino",212,"Self-employed workers in own not incorporated business","4.5","+/-0.8","2.4","+/-1.2"
"457","Asian alone, not Hispanic or Latino",213,"Unpaid family workers","0.1","+/-0.1","0.0","+/-0.5"
"457","Asian alone, not Hispanic or Latino",214,"Households","242,233","+/-3,936","25,407","+/-2,178"
"457","Asian alone, not Hispanic or Latino",215,"Median household income (dollars)","66,675","+/-3,305","93,740","+/-7,252"
"457","Asian alone, not Hispanic or Latino",216,"With earnings","84.4","+/-0.9","97.1","+/-1.2"
"457","Asian alone, not Hispanic or Latino",217,"Mean earnings (dollars)","85,400","+/-1,850","100,047","+/-7,101"
"457","Asian alone, not Hispanic or Latino",218,"With Social Security income","24.7","+/-1.2","6.5","+/-2.4"
"457","Asian alone, not Hispanic or Latino",219,"Mean Social Security income (dollars)","15,464","+/-526","12,636","+/-2,246"
"457","Asian alone, not Hispanic or Latino",220,"With Supplemental Security Income","2.5","+/-0.4","1.8","+/-1.1"
"457","Asian alone, not Hispanic or Latino",221,"Mean Supplemental Security Income (dollars)","7,628","+/-821","8,302","+/-2,927"
"457","Asian alone, not Hispanic or Latino",222,"With cash public assistance income","1.9","+/-0.4","N","N"
"457","Asian alone, not Hispanic or Latino",223,"Mean cash public assistance income (dollars)","3,675","+/-871","3,656","+/-1"
"457","Asian alone, not Hispanic or Latino",224,"With retirement income","15.0","+/-1.2","5.0","+/-3.1"
"457","Asian alone, not Hispanic or Latino",225,"Mean retirement income (dollars)","22,402","+/-1,591","17,424","+/-4,386"
"457","Asian alone, not Hispanic or Latino",226,"With Food Stamp benefits","4.0","+/-0.6","N","N"
"457","Asian alone, not Hispanic or Latino",227,"Families","164,436","+/-4,375","22,157","+/-2,130"
"457","Asian alone, not Hispanic or Latino",228,"Median family income (dollars)","81,481","+/-2,293","96,190","+/-7,593"
"457","Asian alone, not Hispanic or Latino",229,"Married-couple family","72.5","+/-1.7","88.7","+/-5.2"
"457","Asian alone, not Hispanic or Latino",230,"Median income (dollars)","95,977","+/-3,119","99,927","+/-6,937"
"457","Asian alone, not Hispanic or Latino",231,"Male householder, no spouse present, family","8.9","+/-1.4","6.5","+/-4.0"
"457","Asian alone, not Hispanic or Latino",232,"Median income (dollars)","48,241","+/-6,037","N","N"
"457","Asian alone, not Hispanic or Latino",233,"Female householder, no husband present, family","18.5","+/-1.5","4.8","+/-3.5"
"457","Asian alone, not Hispanic or Latino",234,"Median income (dollars)","42,497","+/-3,665","81,986","+/-4,533"
"457","Asian alone, not Hispanic or Latino",235,"Individuals","673,587","+/-12,915","77,293","+/-6,320"
"457","Asian alone, not Hispanic or Latino",236,"Per capita income (dollars)","31,567","+/-607","32,509","+/-2,541"
"457","Asian alone, not Hispanic or Latino",237,"Male","141,473","+/-5,065","18,402","+/-1,950"
"457","Asian alone, not Hispanic or Latino",238,"Female","92,371","+/-3,878","8,745","+/-1,464"
"457","Asian alone, not Hispanic or Latino",239,"Male","68,775","+/-2,299","74,156","+/-4,820"
"457","Asian alone, not Hispanic or Latino",240,"Female","51,118","+/-2,153","67,410","+/-7,499"
"457","Asian alone, not Hispanic or Latino",241,"Male","53,157","+/-2,071","70,985","+/-17,308"
"457","Asian alone, not Hispanic or Latino",242,"Female","41,996","+/-1,126","64,952","+/-13,956"
"457","Asian alone, not Hispanic or Latino",243,"All families","5.6","+/-0.9","5.6","+/-3.9"
"457","Asian alone, not Hispanic or Latino",244,"With related children under 18 years","8.7","+/-1.7","6.0","+/-5.5"
"457","Asian alone, not Hispanic or Latino",245,"With related children under 5 years only","11.2","+/-4.8","N","N"
"457","Asian alone, not Hispanic or Latino",246,"Married-couple family","3.1","+/-1.0","N","N"
"457","Asian alone, not Hispanic or Latino",247,"With related children under 18 years","4.4","+/-1.9","N","N"
"457","Asian alone, not Hispanic or Latino",248,"With related children under 5 years only","9.3","+/-6.0","N","N"
"457","Asian alone, not Hispanic or Latino",249,"Female householder, no husband present, family","16.6","+/-3.5","N","N"
"457","Asian alone, not Hispanic or Latino",250,"With related children under 18 years","23.5","+/-5.3","68.4","+/-56.6"
"457","Asian alone, not Hispanic or Latino",251,"With related children under 5 years only","31.8","+/-13.3","-","**"
"457","Asian alone, not Hispanic or Latino",252,"All people","8.5","+/-0.8","7.1","+/-3.4"
"457","Asian alone, not Hispanic or Latino",253,"Under 18 years","10.6","+/-1.9","5.5","+/-4.3"
"457","Asian alone, not Hispanic or Latino",254,"Related children under 18 years","10.1","+/-1.9","5.5","+/-4.3"
"457","Asian alone, not Hispanic or Latino",255,"Related children under 5 years","15.4","+/-3.9","N","N"
"457","Asian alone, not Hispanic or Latino",256,"Related children 5 to 17 years","7.9","+/-1.8","N","N"
"457","Asian alone, not Hispanic or Latino",257,"18 years and over","7.9","+/-0.7","7.5","+/-3.5"
"457","Asian alone, not Hispanic or Latino",258,"18 to 64 years","8.1","+/-0.9","8.1","+/-3.8"
"457","Asian alone, not Hispanic or Latino",259,"65 years and over","6.9","+/-1.6","1.4","+/-2.6"
"457","Asian alone, not Hispanic or Latino",260,"People in families","5.7","+/-1.0","5.1","+/-3.4"
"457","Asian alone, not Hispanic or Latino",261,"Unrelated individuals 15 years and over","21.2","+/-2.0","30.6","+/-10.4"
"457","Asian alone, not Hispanic or Latino",262,"Occupied housing units","242,233","+/-3,936","25,407","+/-2,178"
"457","Asian alone, not Hispanic or Latino",263,"Owner-occupied housing units","62.6","+/-1.4","53.7","+/-5.6"
"457","Asian alone, not Hispanic or Latino",264,"Renter-occupied housing units","37.4","+/-1.4","46.3","+/-5.6"
"457","Asian alone, not Hispanic or Latino",265,"Average household size of owner-occupied unit","2.82","+/-0.06","3.21","+/-0.28"
"457","Asian alone, not Hispanic or Latino",266,"Average household size of renter-occupied unit","2.49","+/-0.09","2.82","+/-0.24"
"457","Asian alone, not Hispanic or Latino",267,"1-unit, detached or attached","61.9","+/-1.4","47.2","+/-6.4"
"457","Asian alone, not Hispanic or Latino",268,"2 to 4 units","14.6","+/-1.0","9.3","+/-3.4"
"457","Asian alone, not Hispanic or Latino",269,"5 or more units","22.8","+/-1.1","43.5","+/-6.0"
"457","Asian alone, not Hispanic or Latino",270,"Mobile home, boat, RV, van, etc.","0.7","+/-0.3","0.0","+/-0.7"
"457","Asian alone, not Hispanic or Latino",271,"Built 2000 or later","5.1","+/-0.7","8.2","+/-2.9"
"457","Asian alone, not Hispanic or Latino",272,"Built 1990 to 1999","7.6","+/-0.7","19.0","+/-3.9"
"457","Asian alone, not Hispanic or Latino",273,"Built 1980 to 1989","12.0","+/-1.2","23.6","+/-5.4"
"457","Asian alone, not Hispanic or Latino",274,"Built 1960 to 1979","31.6","+/-1.4","32.7","+/-5.8"
"457","Asian alone, not Hispanic or Latino",275,"Built 1940 to 1959","24.9","+/-1.4","10.1","+/-3.5"
"457","Asian alone, not Hispanic or Latino",276,"Built 1939 or earlier","18.8","+/-1.0","6.3","+/-2.6"
"457","Asian alone, not Hispanic or Latino",277,"None","9.6","+/-1.0","7.6","+/-4.2"
"457","Asian alone, not Hispanic or Latino",278,"1 or more","90.4","+/-1.0","92.4","+/-4.2"
"457","Asian alone, not Hispanic or Latino",279,"Gas","80.6","+/-1.2","87.9","+/-4.3"
"457","Asian alone, not Hispanic or Latino",280,"Electricity","9.6","+/-0.9","7.7","+/-3.0"
"457","Asian alone, not Hispanic or Latino",281,"All other fuels","9.6","+/-1.0","4.2","+/-3.1"
"457","Asian alone, not Hispanic or Latino",282,"No fuel used","0.2","+/-0.1","0.3","+/-0.4"
"457","Asian alone, not Hispanic or Latino",283,"No telephone service available","7.6","+/-1.0","6.6","+/-2.8"
"457","Asian alone, not Hispanic or Latino",284,"1.01 or more occupants per room","3.6","+/-0.7","7.9","+/-2.7"
"457","Asian alone, not Hispanic or Latino",285,"Owner-occupied housing units","151,669","+/-3,787","13,640","+/-2,016"
"457","Asian alone, not Hispanic or Latino",286,"Less than 30 percent","56.5","+/-2.1","51.1","+/-9.6"
"457","Asian alone, not Hispanic or Latino",287,"30 percent or more","43.5","+/-2.1","48.9","+/-9.6"
"457","Asian alone, not Hispanic or Latino",288,"Median value (dollars)","374,500","+/-5,872","414,600","+/-25,003"
"457","Asian alone, not Hispanic or Latino",289,"Median selected monthly owner costs with a mortgage (dollars)","2,261","+/-45","2,666","+/-128"
"457","Asian alone, not Hispanic or Latino",290,"Median selected monthly owner costs without a mortgage (dollars)","833","+/-21","1,000+","***"
"457","Asian alone, not Hispanic or Latino",291,"Renter-occupied housing units","90,564","+/-3,987","11,767","+/-1,573"
"457","Asian alone, not Hispanic or Latino",292,"Less than 30 percent","50.7","+/-2.9","75.1","+/-8.9"
"457","Asian alone, not Hispanic or Latino",293,"30 percent or more","49.3","+/-2.9","24.9","+/-8.9"
"457","Asian alone, not Hispanic or Latino",294,"Median gross rent (dollars)","1,076","+/-25","1,156","+/-53"
"458","Asian alone or in combination with one or more other races, not Hispanic or Latino",1,"Total population","673,587","+/-12,915","80,538","+/-6,697"
"458","Asian alone or in combination with one or more other races, not Hispanic or Latino",2,"One race","98.3","+/-0.4","96.0","+/-1.6"
"458","Asian alone or in combination with one or more other races, not Hispanic or Latino",3,"Two races","1.6","+/-0.3","3.7","+/-1.5"
"458","Asian alone or in combination with one or more other races, not Hispanic or Latino",4,"Three races","0.1","+/-0.1","0.4","+/-0.4"
"458","Asian alone or in combination with one or more other races, not Hispanic or Latino",5,"Four or more races","0.0","+/-0.1","0.0","+/-0.2"
"458","Asian alone or in combination with one or more other races, not Hispanic or Latino",6,"Male","49.0","+/-0.6","50.3","+/-1.6"
"458","Asian alone or in combination with one or more other races, not Hispanic or Latino",7,"Female","51.0","+/-0.6","49.7","+/-1.6"
"458","Asian alone or in combination with one or more other races, not Hispanic or Latino",8,"Under 5 years","6.8","+/-0.4","8.7","+/-1.1"
"458","Asian alone or in combination with one or more other races, not Hispanic or Latino",9,"5 to 17 years","15.8","+/-0.6","14.7","+/-1.8"
"458","Asian alone or in combination with one or more other races, not Hispanic or Latino",10,"18 to 24 years","10.6","+/-0.5","10.6","+/-1.3"
"458","Asian alone or in combination with one or more other races, not Hispanic or Latino",11,"25 to 34 years","14.5","+/-0.6","23.7","+/-2.1"
"458","Asian alone or in combination with one or more other races, not Hispanic or Latino",12,"35 to 44 years","14.8","+/-0.7","17.6","+/-1.9"
"458","Asian alone or in combination with one or more other races, not Hispanic or Latino",13,"45 to 54 years","14.6","+/-0.6","11.4","+/-1.9"
"458","Asian alone or in combination with one or more other races, not Hispanic or Latino",14,"55 to 64 years","11.1","+/-0.6","6.5","+/-1.3"
"458","Asian alone or in combination with one or more other races, not Hispanic or Latino",15,"65 to 74 years","6.2","+/-0.5","4.9","+/-1.5"
"458","Asian alone or in combination with one or more other races, not Hispanic or Latino",16,"75 years and over","5.5","+/-0.4","2.0","+/-0.8"
"458","Asian alone or in combination with one or more other races, not Hispanic or Latino",17,"Median age (years)","36.6","+/-0.6","32.8","+/-0.5"
"458","Asian alone or in combination with one or more other races, not Hispanic or Latino",18,"18 years and over","77.4","+/-0.7","76.6","+/-1.8"
"458","Asian alone or in combination with one or more other races, not Hispanic or Latino",19,"21 years and over","72.7","+/-0.7","71.9","+/-1.7"
"458","Asian alone or in combination with one or more other races, not Hispanic or Latino",20,"62 years and over","14.2","+/-0.6","8.9","+/-1.7"
"458","Asian alone or in combination with one or more other races, not Hispanic or Latino",21,"65 years and over","11.7","+/-0.6","6.9","+/-1.7"
"458","Asian alone or in combination with one or more other races, not Hispanic or Latino",22,"Under 18 years","152,248","+/-6,276","18,861","+/-2,314"
"458","Asian alone or in combination with one or more other races, not Hispanic or Latino",23,"Male","49.8","+/-1.7","46.6","+/-4.4"
"458","Asian alone or in combination with one or more other races, not Hispanic or Latino",24,"Female","50.2","+/-1.7","53.4","+/-4.4"
"458","Asian alone or in combination with one or more other races, not Hispanic or Latino",25,"18 years and over","521,339","+/-8,918","61,677","+/-5,078"
"458","Asian alone or in combination with one or more other races, not Hispanic or Latino",26,"Male","48.8","+/-0.6","51.5","+/-1.7"
"458","Asian alone or in combination with one or more other races, not Hispanic or Latino",27,"Female","51.2","+/-0.6","48.5","+/-1.7"
"458","Asian alone or in combination with one or more other races, not Hispanic or Latino",28,"18 to 34 years","168,990","+/-5,365","27,621","+/-2,329"
"458","Asian alone or in combination with one or more other races, not Hispanic or Latino",29,"Male","51.4","+/-1.3","49.2","+/-3.0"
"458","Asian alone or in combination with one or more other races, not Hispanic or Latino",30,"Female","48.6","+/-1.3","50.8","+/-3.0"
"458","Asian alone or in combination with one or more other races, not Hispanic or Latino",31,"35 to 64 years","273,266","+/-6,505","28,517","+/-2,792"
"458","Asian alone or in combination with one or more other races, not Hispanic or Latino",32,"Male","49.2","+/-0.8","54.6","+/-2.8"
"458","Asian alone or in combination with one or more other races, not Hispanic or Latino",33,"Female","50.8","+/-0.8","45.4","+/-2.8"
"458","Asian alone or in combination with one or more other races, not Hispanic or Latino",34,"65 years and over","79,083","+/-3,488","5,539","+/-1,516"
"458","Asian alone or in combination with one or more other races, not Hispanic or Latino",35,"Male","41.6","+/-1.5","46.8","+/-6.9"
"458","Asian alone or in combination with one or more other races, not Hispanic or Latino",36,"Female","58.4","+/-1.5","53.2","+/-6.9"
"458","Asian alone or in combination with one or more other races, not Hispanic or Latino",37,"Population in households","653,558","+/-12,794","77,895","+/-6,708"
"458","Asian alone or in combination with one or more other races, not Hispanic or Latino",38,"Householder or spouse","55.3","+/-0.9","56.8","+/-2.8"
"458","Asian alone or in combination with one or more other races, not Hispanic or Latino",39,"Child","30.7","+/-1.0","30.2","+/-2.1"
"458","Asian alone or in combination with one or more other races, not Hispanic or Latino",40,"Other relatives","8.0","+/-0.8","9.4","+/-3.1"
"458","Asian alone or in combination with one or more other races, not Hispanic or Latino",41,"Nonrelatives","6.1","+/-0.7","3.6","+/-1.4"
"458","Asian alone or in combination with one or more other races, not Hispanic or Latino",42,"Unmarried partner","2.1","+/-0.3","0.4","+/-0.4"
"458","Asian alone or in combination with one or more other races, not Hispanic or Latino",43,"Households","242,233","+/-3,936","25,829","+/-2,226"
"458","Asian alone or in combination with one or more other races, not Hispanic or Latino",44,"Family households","67.9","+/-1.3","87.2","+/-3.3"
"458","Asian alone or in combination with one or more other races, not Hispanic or Latino",45,"With own children under 18 years","33.2","+/-1.3","52.3","+/-4.8"
"458","Asian alone or in combination with one or more other races, not Hispanic or Latino",46,"Married-couple family","49.2","+/-1.4","77.4","+/-5.1"
"458","Asian alone or in combination with one or more other races, not Hispanic or Latino",47,"With own children under 18 years","23.2","+/-1.4","47.5","+/-5.5"
"458","Asian alone or in combination with one or more other races, not Hispanic or Latino",48,"Female householder, no husband present, family","12.6","+/-1.1","4.3","+/-3.0"
"458","Asian alone or in combination with one or more other races, not Hispanic or Latino",49,"With own children under 18 years","7.3","+/-0.9","1.2","+/-1.2"
"458","Asian alone or in combination with one or more other races, not Hispanic or Latino",50,"Nonfamily households","32.1","+/-1.3","12.8","+/-3.3"
"458","Asian alone or in combination with one or more other races, not Hispanic or Latino",51,"Male householder","14.5","+/-1.2","7.6","+/-2.4"
"458","Asian alone or in combination with one or more other races, not Hispanic or Latino",52,"Living alone","10.7","+/-1.0","3.6","+/-1.3"
"458","Asian alone or in combination with one or more other races, not Hispanic or Latino",53,"Not living alone","3.8","+/-0.7","4.0","+/-2.0"
"458","Asian alone or in combination with one or more other races, not Hispanic or Latino",54,"Female householder","17.6","+/-1.2","5.2","+/-2.0"
"458","Asian alone or in combination with one or more other races, not Hispanic or Latino",55,"Living alone","15.3","+/-1.1","4.4","+/-1.9"
"458","Asian alone or in combination with one or more other races, not Hispanic or Latino",56,"Not living alone","2.3","+/-0.5","0.8","+/-0.6"
"458","Asian alone or in combination with one or more other races, not Hispanic or Latino",57,"Average household size","2.70","+/-0.04","3.02","+/-0.18"
"458","Asian alone or in combination with one or more other races, not Hispanic or Latino",58,"Average family size","3.26","+/-0.05","3.17","+/-0.19"
"458","Asian alone or in combination with one or more other races, not Hispanic or Latino",59,"Population 15 years and over","545,347","+/-9,312","63,418","+/-5,192"
"458","Asian alone or in combination with one or more other races, not Hispanic or Latino",60,"Now married, except separated","49.1","+/-1.4","71.2","+/-3.6"
"458","Asian alone or in combination with one or more other races, not Hispanic or Latino",61,"Widowed","6.6","+/-0.5","3.0","+/-1.1"
"458","Asian alone or in combination with one or more other races, not Hispanic or Latino",62,"Divorced","9.0","+/-0.8","2.1","+/-0.9"
"458","Asian alone or in combination with one or more other races, not Hispanic or Latino",63,"Separated","2.2","+/-0.4","1.0","+/-1.1"
"458","Asian alone or in combination with one or more other races, not Hispanic or Latino",64,"Never married","33.0","+/-1.1","22.7","+/-3.0"
"458","Asian alone or in combination with one or more other races, not Hispanic or Latino",65,"Male 15 years and over","264,689","+/-5,794","32,365","+/-2,633"
"458","Asian alone or in combination with one or more other races, not Hispanic or Latino",66,"Now married, except separated","52.7","+/-1.5","75.0","+/-4.4"
"458","Asian alone or in combination with one or more other races, not Hispanic or Latino",67,"Widowed","2.5","+/-0.5","0.7","+/-0.7"
"458","Asian alone or in combination with one or more other races, not Hispanic or Latino",68,"Divorced","7.7","+/-0.9","1.6","+/-1.0"
"458","Asian alone or in combination with one or more other races, not Hispanic or Latino",69,"Separated","1.8","+/-0.4","0.7","+/-0.9"
"458","Asian alone or in combination with one or more other races, not Hispanic or Latino",70,"Never married","35.3","+/-1.4","22.0","+/-4.0"
"458","Asian alone or in combination with one or more other races, not Hispanic or Latino",71,"Female 15 years and over","280,658","+/-5,471","31,053","+/-2,956"
"458","Asian alone or in combination with one or more other races, not Hispanic or Latino",72,"Now married, except separated","45.8","+/-1.6","67.3","+/-4.1"
"458","Asian alone or in combination with one or more other races, not Hispanic or Latino",73,"Widowed","10.5","+/-0.9","5.4","+/-2.1"
"458","Asian alone or in combination with one or more other races, not Hispanic or Latino",74,"Divorced","10.2","+/-1.0","2.6","+/-1.5"
"458","Asian alone or in combination with one or more other races, not Hispanic or Latino",75,"Separated","2.6","+/-0.5","1.4","+/-2.1"
"458","Asian alone or in combination with one or more other races, not Hispanic or Latino",76,"Never married","30.9","+/-1.3","23.3","+/-3.3"
"458","Asian alone or in combination with one or more other races, not Hispanic or Latino",77,"Population 3 years and over enrolled in school","181,849","+/-7,079","22,715","+/-2,769"
"458","Asian alone or in combination with one or more other races, not Hispanic or Latino",78,"Nursery school, preschool","7.7","+/-1.0","6.7","+/-3.3"
"458","Asian alone or in combination with one or more other races, not Hispanic or Latino",79,"Kindergarten","4.3","+/-0.6","4.6","+/-2.2"
"458","Asian alone or in combination with one or more other races, not Hispanic or Latino",80,"Elementary school (grades 1-8)","37.4","+/-1.7","33.7","+/-6.0"
"458","Asian alone or in combination with one or more other races, not Hispanic or Latino",81,"High school (grades 9-12)","19.6","+/-1.3","13.0","+/-4.2"
"458","Asian alone or in combination with one or more other races, not Hispanic or Latino",82,"College or graduate school","30.9","+/-1.5","42.0","+/-5.9"
"458","Asian alone or in combination with one or more other races, not Hispanic or Latino",83,"Male 3 years and over enrolled in school","88,667","+/-4,658","11,431","+/-1,906"
"458","Asian alone or in combination with one or more other races, not Hispanic or Latino",84,"Percent enrolled in kindergarten to grade 12","62.9","+/-2.6","50.2","+/-8.0"
"458","Asian alone or in combination with one or more other races, not Hispanic or Latino",85,"Percent enrolled in college or graduate school","28.3","+/-2.4","43.6","+/-7.9"
"458","Asian alone or in combination with one or more other races, not Hispanic or Latino",86,"Female 3 years and over enrolled in school","93,182","+/-4,337","11,284","+/-1,637"
"458","Asian alone or in combination with one or more other races, not Hispanic or Latino",87,"Percent enrolled in kindergarten to grade 12","59.8","+/-2.7","52.3","+/-7.9"
"458","Asian alone or in combination with one or more other races, not Hispanic or Latino",88,"Percent enrolled in college or graduate school","33.4","+/-2.4","40.4","+/-7.5"
"458","Asian alone or in combination with one or more other races, not Hispanic or Latino",89,"Population 25 years and over","449,864","+/-7,052","53,108","+/-4,667"
"458","Asian alone or in combination with one or more other races, not Hispanic or Latino",90,"Less than high school diploma","12.0","+/-0.9","7.1","+/-1.8"
"458","Asian alone or in combination with one or more other races, not Hispanic or Latino",91,"High school graduate (includes equivalency)","31.2","+/-1.4","11.0","+/-3.9"
"458","Asian alone or in combination with one or more other races, not Hispanic or Latino",92,"Some college or associate's degree","22.9","+/-1.1","12.0","+/-2.9"
"458","Asian alone or in combination with one or more other races, not Hispanic or Latino",93,"Bachelor's degree","20.9","+/-1.2","36.6","+/-4.5"
"458","Asian alone or in combination with one or more other races, not Hispanic or Latino",94,"Graduate or professional degree","13.0","+/-0.8","33.3","+/-4.0"
"458","Asian alone or in combination with one or more other races, not Hispanic or Latino",95,"High school graduate or higher","88.0","+/-0.9","92.9","+/-1.8"
"458","Asian alone or in combination with one or more other races, not Hispanic or Latino",96,"Male, high school graduate or higher","87.3","+/-1.3","95.3","+/-1.9"
"458","Asian alone or in combination with one or more other races, not Hispanic or Latino",97,"Female, high school graduate or higher","88.7","+/-1.0","90.3","+/-3.0"
"458","Asian alone or in combination with one or more other races, not Hispanic or Latino",98,"Bachelor's degree or higher","34.0","+/-1.2","69.9","+/-4.5"
"458","Asian alone or in combination with one or more other races, not Hispanic or Latino",99,"Male, bachelor's degree or higher","36.4","+/-1.7","73.2","+/-5.5"
"458","Asian alone or in combination with one or more other races, not Hispanic or Latino",100,"Female, bachelor's degree or higher","31.7","+/-1.4","66.1","+/-5.1"
"458","Asian alone or in combination with one or more other races, not Hispanic or Latino",101,"Women 15 to 50 years","177,913","+/-5,559","24,156","+/-2,164"
"458","Asian alone or in combination with one or more other races, not Hispanic or Latino",102,"Women 15 to 50 years who had a birth in the past 12 months","9,821","+/-1,844","1,904","+/-991"
"458","Asian alone or in combination with one or more other races, not Hispanic or Latino",103,"Unmarried women 15 to 50 years who had a birth in the past 12 months","2,650","+/-760","N","N"
"458","Asian alone or in combination with one or more other races, not Hispanic or Latino",104,"As a percent of all women with a birth in the past 12 months","27.0","+/-7.7","N","N"
"458","Asian alone or in combination with one or more other races, not Hispanic or Latino",105,"Population 30 years and over","402,920","+/-6,607","46,301","+/-4,283"
"458","Asian alone or in combination with one or more other races, not Hispanic or Latino",106,"Living with grandchild(ren)","3.6","+/-0.6","8.0","+/-3.1"
"458","Asian alone or in combination with one or more other races, not Hispanic or Latino",107,"Responsible for grandchild(ren)","27.9","+/-7.8","13.8","+/-13.7"
"458","Asian alone or in combination with one or more other races, not Hispanic or Latino",108,"Civilian population 18 years and over","521,276","+/-8,926","61,677","+/-5,078"
"458","Asian alone or in combination with one or more other races, not Hispanic or Latino",109,"Civilian veteran","7.6","+/-0.6","0.6","+/-0.4"
"458","Asian alone or in combination with one or more other races, not Hispanic or Latino",110,"Civilian population 5 years and over","620,082","+/-12,034","72,826","+/-6,242"
"458","Asian alone or in combination with one or more other races, not Hispanic or Latino",111,"With any disability","10.8","+/-0.6","3.9","+/-1.5"
"458","Asian alone or in combination with one or more other races, not Hispanic or Latino",112,"Civilian population 5 to 15 years","89,217","+/-5,021","10,542","+/-1,786"
"458","Asian alone or in combination with one or more other races, not Hispanic or Latino",113,"With any disability","5.7","+/-1.4","2.1","+/-1.8"
"458","Asian alone or in combination with one or more other races, not Hispanic or Latino",114,"Civilian population 16 to 64 years","458,821","+/-9,786","57,196","+/-4,435"
"458","Asian alone or in combination with one or more other races, not Hispanic or Latino",115,"With any disability","7.8","+/-0.7","3.0","+/-1.7"
"458","Asian alone or in combination with one or more other races, not Hispanic or Latino",116,"No disability","92.2","+/-0.7","97.0","+/-1.7"
"458","Asian alone or in combination with one or more other races, not Hispanic or Latino",117,"Civilian population 65 years and over","72,044","+/-3,438","5,088","+/-1,495"
"458","Asian alone or in combination with one or more other races, not Hispanic or Latino",118,"With any disability","35.5","+/-2.6","17.6","+/-9.7"
"458","Asian alone or in combination with one or more other races, not Hispanic or Latino",119,"Population 1 year and over","664,317","+/-12,984","78,954","+/-6,497"
"458","Asian alone or in combination with one or more other races, not Hispanic or Latino",120,"Same house","86.9","+/-1.1","82.0","+/-3.3"
"458","Asian alone or in combination with one or more other races, not Hispanic or Latino",121,"Different house in the U.S.","12.0","+/-1.0","13.6","+/-2.8"
"458","Asian alone or in combination with one or more other races, not Hispanic or Latino",122,"Same county","7.6","+/-0.9","7.9","+/-2.4"
"458","Asian alone or in combination with one or more other races, not Hispanic or Latino",123,"Different county","4.5","+/-0.7","5.7","+/-2.1"
"458","Asian alone or in combination with one or more other races, not Hispanic or Latino",124,"Same state","2.9","+/-0.6","3.7","+/-2.0"
"458","Asian alone or in combination with one or more other races, not Hispanic or Latino",125,"Different state","1.6","+/-0.4","1.9","+/-1.1"
"458","Asian alone or in combination with one or more other races, not Hispanic or Latino",126,"Abroad","1.0","+/-0.3","4.4","+/-2.2"
"458","Asian alone or in combination with one or more other races, not Hispanic or Latino",127,"Total population","673,587","+/-12,915","80,538","+/-6,697"
"458","Asian alone or in combination with one or more other races, not Hispanic or Latino",128,"Native","515,732","+/-12,811","24,619","+/-2,896"
"458","Asian alone or in combination with one or more other races, not Hispanic or Latino",129,"Male","48.3","+/-0.7","47.8","+/-4.5"
"458","Asian alone or in combination with one or more other races, not Hispanic or Latino",130,"Female","51.7","+/-0.7","52.2","+/-4.5"
"458","Asian alone or in combination with one or more other races, not Hispanic or Latino",131,"Foreign born","157,855","+/-9,450","55,919","+/-4,986"
"458","Asian alone or in combination with one or more other races, not Hispanic or Latino",132,"Male","51.3","+/-1.9","51.4","+/-1.9"
"458","Asian alone or in combination with one or more other races, not Hispanic or Latino",133,"Female","48.7","+/-1.9","48.6","+/-1.9"
"458","Asian alone or in combination with one or more other races, not Hispanic or Latino",134,"Naturalized U.S. citizen","65,441","+/-5,102","24,545","+/-3,240"
"458","Asian alone or in combination with one or more other races, not Hispanic or Latino",135,"Male","49.4","+/-3.1","51.1","+/-4.5"
"458","Asian alone or in combination with one or more other races, not Hispanic or Latino",136,"Female","50.6","+/-3.1","48.9","+/-4.5"
"458","Asian alone or in combination with one or more other races, not Hispanic or Latino",137,"Not a U.S. citizen","92,414","+/-7,061","31,374","+/-3,574"
"458","Asian alone or in combination with one or more other races, not Hispanic or Latino",138,"Male","52.6","+/-2.7","51.7","+/-3.3"
"458","Asian alone or in combination with one or more other races, not Hispanic or Latino",139,"Female","47.4","+/-2.7","48.3","+/-3.3"
"458","Asian alone or in combination with one or more other races, not Hispanic or Latino",140,"Entered 2000 or later","34.4","+/-3.2","33.4","+/-4.9"
"458","Asian alone or in combination with one or more other races, not Hispanic or Latino",141,"Entered 1990 to 1999","31.3","+/-3.3","37.0","+/-5.2"
"458","Asian alone or in combination with one or more other races, not Hispanic or Latino",142,"Entered before 1990","34.3","+/-2.6","29.6","+/-3.6"
"458","Asian alone or in combination with one or more other races, not Hispanic or Latino",143,"Foreign-born population excluding population born at sea","157,855","+/-9,450","55,919","+/-4,986"
"458","Asian alone or in combination with one or more other races, not Hispanic or Latino",144,"Europe","16.2","+/-2.1","0.4","+/-0.3"
"458","Asian alone or in combination with one or more other races, not Hispanic or Latino",145,"Asia","36.5","+/-2.9","97.3","+/-1.1"
"458","Asian alone or in combination with one or more other races, not Hispanic or Latino",146,"Africa","4.9","+/-1.6","1.2","+/-0.7"
"458","Asian alone or in combination with one or more other races, not Hispanic or Latino",147,"Oceania","0.2","+/-0.3","0.1","+/-0.1"
"458","Asian alone or in combination with one or more other races, not Hispanic or Latino",148,"Latin America","41.6","+/-3.0","0.7","+/-0.8"
"458","Asian alone or in combination with one or more other races, not Hispanic or Latino",149,"Northern America","0.5","+/-0.2","0.3","+/-0.4"
"458","Asian alone or in combination with one or more other races, not Hispanic or Latino",150,"Population 5 years and over","628,096","+/-12,096","73,495","+/-6,296"
"458","Asian alone or in combination with one or more other races, not Hispanic or Latino",151,"English only","70.5","+/-1.3","21.8","+/-3.9"
"458","Asian alone or in combination with one or more other races, not Hispanic or Latino",152,"Language other than English","29.5","+/-1.3","78.2","+/-3.9"
"458","Asian alone or in combination with one or more other races, not Hispanic or Latino",153,"Speak English less than ""very well""","13.7","+/-1.0","31.5","+/-4.9"
"458","Asian alone or in combination with one or more other races, not Hispanic or Latino",154,"Population 16 years and over","538,879","+/-9,098","62,953","+/-5,211"
"458","Asian alone or in combination with one or more other races, not Hispanic or Latino",155,"In labor force","67.1","+/-1.0","63.2","+/-3.8"
"458","Asian alone or in combination with one or more other races, not Hispanic or Latino",156,"Civilian labor force","67.1","+/-1.0","63.2","+/-3.8"
"458","Asian alone or in combination with one or more other races, not Hispanic or Latino",157,"Employed","63.3","+/-1.0","60.5","+/-3.7"
"458","Asian alone or in combination with one or more other races, not Hispanic or Latino",158,"Unemployed","3.8","+/-0.4","2.6","+/-0.9"
"458","Asian alone or in combination with one or more other races, not Hispanic or Latino",159,"Percent of civilian labor force","5.7","+/-0.6","4.2","+/-1.4"
"458","Asian alone or in combination with one or more other races, not Hispanic or Latino",160,"Armed Forces","0.0","+/-0.1","0.0","+/-0.3"
"458","Asian alone or in combination with one or more other races, not Hispanic or Latino",161,"Not in labor force","32.9","+/-1.0","36.8","+/-3.8"
"458","Asian alone or in combination with one or more other races, not Hispanic or Latino",162,"Females 16 years and over","277,529","+/-5,492","30,671","+/-3,005"
"458","Asian alone or in combination with one or more other races, not Hispanic or Latino",163,"In labor force","59.4","+/-1.5","48.2","+/-5.0"
"458","Asian alone or in combination with one or more other races, not Hispanic or Latino",164,"Civilian labor force","59.4","+/-1.5","48.2","+/-5.0"
"458","Asian alone or in combination with one or more other races, not Hispanic or Latino",165,"Employed","55.6","+/-1.5","45.1","+/-4.8"
"458","Asian alone or in combination with one or more other races, not Hispanic or Latino",166,"Unemployed","3.8","+/-0.6","3.1","+/-1.5"
"458","Asian alone or in combination with one or more other races, not Hispanic or Latino",167,"Percent of civilian labor force","6.3","+/-0.9","6.4","+/-3.0"
"458","Asian alone or in combination with one or more other races, not Hispanic or Latino",168,"Workers 16 years and over","329,853","+/-8,988","37,105","+/-3,522"
"458","Asian alone or in combination with one or more other races, not Hispanic or Latino",169,"Car, truck, or van - drove alone","70.7","+/-1.3","60.5","+/-5.1"
"458","Asian alone or in combination with one or more other races, not Hispanic or Latino",170,"Car, truck, or van - carpooled","10.7","+/-1.0","10.3","+/-3.1"
"458","Asian alone or in combination with one or more other races, not Hispanic or Latino",171,"Public transportation (excluding taxicab)","9.0","+/-1.0","18.4","+/-3.7"
"458","Asian alone or in combination with one or more other races, not Hispanic or Latino",172,"Walked","4.6","+/-0.8","8.1","+/-3.9"
"458","Asian alone or in combination with one or more other races, not Hispanic or Latino",173,"Other means","2.3","+/-0.7","1.1","+/-0.6"
"458","Asian alone or in combination with one or more other races, not Hispanic or Latino",174,"Worked at home","2.8","+/-0.5","1.6","+/-0.9"
"458","Asian alone or in combination with one or more other races, not Hispanic or Latino",175,"Mean travel time to work (minutes)","31.1","+/-0.8","39.4","+/-3.2"
"458","Asian alone or in combination with one or more other races, not Hispanic or Latino",176,"Civilian employed population 16 years and over","340,842","+/-8,824","38,105","+/-3,499"
"458","Asian alone or in combination with one or more other races, not Hispanic or Latino",177,"Management, professional, and related occupations","38.1","+/-1.5","63.3","+/-4.8"
"458","Asian alone or in combination with one or more other races, not Hispanic or Latino",178,"Service occupations","16.6","+/-1.1","6.0","+/-2.2"
"458","Asian alone or in combination with one or more other races, not Hispanic or Latino",179,"Sales and office occupations","25.9","+/-1.3","18.9","+/-3.5"
"458","Asian alone or in combination with one or more other races, not Hispanic or Latino",180,"Farming, fishing, and forestry occupations","0.2","+/-0.1","0.2","+/-0.3"
"458","Asian alone or in combination with one or more other races, not Hispanic or Latino",181,"Construction, extraction, maintenance, and repair occupations","9.1","+/-1.0","3.0","+/-1.6"
"458","Asian alone or in combination with one or more other races, not Hispanic or Latino",182,"Production, transportation, and material moving occupations","10.1","+/-1.1","8.7","+/-2.9"
"458","Asian alone or in combination with one or more other races, not Hispanic or Latino",183,"Male civilian employed population 16 years and over","186,506","+/-5,690","24,279","+/-2,207"
"458","Asian alone or in combination with one or more other races, not Hispanic or Latino",184,"Management, professional, and related occupations","36.4","+/-1.9","66.4","+/-5.6"
"458","Asian alone or in combination with one or more other races, not Hispanic or Latino",185,"Service occupations","14.6","+/-1.3","4.9","+/-2.3"
"458","Asian alone or in combination with one or more other races, not Hispanic or Latino",186,"Sales and office occupations","18.1","+/-1.4","13.4","+/-3.7"
"458","Asian alone or in combination with one or more other races, not Hispanic or Latino",187,"Farming, fishing, and forestry occupations","0.4","+/-0.2","0.3","+/-0.4"
"458","Asian alone or in combination with one or more other races, not Hispanic or Latino",188,"Construction, extraction, maintenance, and repair occupations","16.1","+/-1.7","4.7","+/-2.5"
"458","Asian alone or in combination with one or more other races, not Hispanic or Latino",189,"Production, transportation, and material moving occupations","14.4","+/-1.6","10.3","+/-3.7"
"458","Asian alone or in combination with one or more other races, not Hispanic or Latino",190,"Female civilian employed population 16 years and over","154,336","+/-5,371","13,826","+/-1,877"
"458","Asian alone or in combination with one or more other races, not Hispanic or Latino",191,"Management, professional, and related occupations","40.1","+/-2.1","57.8","+/-6.9"
"458","Asian alone or in combination with one or more other races, not Hispanic or Latino",192,"Service occupations","19.1","+/-1.9","7.7","+/-3.5"
"458","Asian alone or in combination with one or more other races, not Hispanic or Latino",193,"Sales and office occupations","35.3","+/-2.0","28.5","+/-7.0"
"458","Asian alone or in combination with one or more other races, not Hispanic or Latino",194,"Farming, fishing, and forestry occupations","0.0","+/-0.1","0.0","+/-1.3"
"458","Asian alone or in combination with one or more other races, not Hispanic or Latino",195,"Construction, extraction, maintenance, and repair occupations","0.7","+/-0.4","0.0","+/-1.3"
"458","Asian alone or in combination with one or more other races, not Hispanic or Latino",196,"Production, transportation, and material moving occupations","4.8","+/-1.0","6.0","+/-3.2"
"458","Asian alone or in combination with one or more other races, not Hispanic or Latino",197,"Agriculture, forestry, fishing and hunting, and mining","0.3","+/-0.1","0.3","+/-0.3"
"458","Asian alone or in combination with one or more other races, not Hispanic or Latino",198,"Construction","7.2","+/-1.0","2.4","+/-1.6"
"458","Asian alone or in combination with one or more other races, not Hispanic or Latino",199,"Manufacturing","8.7","+/-0.9","12.4","+/-3.4"
"458","Asian alone or in combination with one or more other races, not Hispanic or Latino",200,"Wholesale trade","3.8","+/-0.6","3.5","+/-2.1"
"458","Asian alone or in combination with one or more other races, not Hispanic or Latino",201,"Retail trade","11.9","+/-1.0","9.1","+/-3.2"
"458","Asian alone or in combination with one or more other races, not Hispanic or Latino",202,"Transportation and warehousing, and utilities","6.3","+/-0.8","3.9","+/-1.6"
"458","Asian alone or in combination with one or more other races, not Hispanic or Latino",203,"Information","4.3","+/-0.7","8.0","+/-2.0"
"458","Asian alone or in combination with one or more other races, not Hispanic or Latino",204,"Finance and insurance, and real estate and rental and leasing","8.8","+/-0.8","11.6","+/-3.2"
"458","Asian alone or in combination with one or more other races, not Hispanic or Latino",205,"Professional, scientific, and management, and administrative and waste management services","11.9","+/-1.0","21.1","+/-3.8"
"458","Asian alone or in combination with one or more other races, not Hispanic or Latino",206,"Educational services, and health care and social assistance","21.3","+/-1.3","21.6","+/-4.8"
"458","Asian alone or in combination with one or more other races, not Hispanic or Latino",207,"Arts, entertainment, and recreation, and accommodation and food services","7.5","+/-0.8","2.3","+/-1.4"
"458","Asian alone or in combination with one or more other races, not Hispanic or Latino",208,"Other services (except public administration)","3.9","+/-0.6","2.5","+/-1.2"
"458","Asian alone or in combination with one or more other races, not Hispanic or Latino",209,"Public administration","4.2","+/-0.5","1.2","+/-0.8"
"458","Asian alone or in combination with one or more other races, not Hispanic or Latino",210,"Private wage and salary workers","80.6","+/-1.1","86.5","+/-3.7"
"458","Asian alone or in combination with one or more other races, not Hispanic or Latino",211,"Government workers","14.7","+/-1.0","11.0","+/-3.7"
"458","Asian alone or in combination with one or more other races, not Hispanic or Latino",212,"Self-employed workers in own not incorporated business","4.5","+/-0.8","2.5","+/-1.2"
"458","Asian alone or in combination with one or more other races, not Hispanic or Latino",213,"Unpaid family workers","0.1","+/-0.1","0.0","+/-0.5"
"458","Asian alone or in combination with one or more other races, not Hispanic or Latino",214,"Households","242,233","+/-3,936","25,829","+/-2,226"
"458","Asian alone or in combination with one or more other races, not Hispanic or Latino",215,"Median household income (dollars)","66,675","+/-3,305","92,703","+/-6,899"
"458","Asian alone or in combination with one or more other races, not Hispanic or Latino",216,"With earnings","84.4","+/-0.9","97.0","+/-1.3"
"458","Asian alone or in combination with one or more other races, not Hispanic or Latino",217,"Mean earnings (dollars)","85,400","+/-1,850","99,243","+/-7,068"
"458","Asian alone or in combination with one or more other races, not Hispanic or Latino",218,"With Social Security income","24.7","+/-1.2","6.7","+/-2.4"
"458","Asian alone or in combination with one or more other races, not Hispanic or Latino",219,"Mean Social Security income (dollars)","15,464","+/-526","12,457","+/-2,139"
"458","Asian alone or in combination with one or more other races, not Hispanic or Latino",220,"With Supplemental Security Income","2.5","+/-0.4","2.2","+/-1.2"
"458","Asian alone or in combination with one or more other races, not Hispanic or Latino",221,"Mean Supplemental Security Income (dollars)","7,628","+/-821","8,441","+/-2,356"
"458","Asian alone or in combination with one or more other races, not Hispanic or Latino",222,"With cash public assistance income","1.9","+/-0.4","N","N"
"458","Asian alone or in combination with one or more other races, not Hispanic or Latino",223,"Mean cash public assistance income (dollars)","3,675","+/-871","3,656","+/-1"
"458","Asian alone or in combination with one or more other races, not Hispanic or Latino",224,"With retirement income","15.0","+/-1.2","5.2","+/-3.0"
"458","Asian alone or in combination with one or more other races, not Hispanic or Latino",225,"Mean retirement income (dollars)","22,402","+/-1,591","17,648","+/-4,083"
"458","Asian alone or in combination with one or more other races, not Hispanic or Latino",226,"With Food Stamp benefits","4.0","+/-0.6","0.6","+/-0.5"
"458","Asian alone or in combination with one or more other races, not Hispanic or Latino",227,"Families","164,436","+/-4,375","22,532","+/-2,181"
"458","Asian alone or in combination with one or more other races, not Hispanic or Latino",228,"Median family income (dollars)","81,481","+/-2,293","95,143","+/-7,467"
"458","Asian alone or in combination with one or more other races, not Hispanic or Latino",229,"Married-couple family","72.5","+/-1.7","88.7","+/-5.1"
"458","Asian alone or in combination with one or more other races, not Hispanic or Latino",230,"Median income (dollars)","95,977","+/-3,119","98,708","+/-7,457"
"458","Asian alone or in combination with one or more other races, not Hispanic or Latino",231,"Male householder, no spouse present, family","8.9","+/-1.4","6.4","+/-4.0"
"458","Asian alone or in combination with one or more other races, not Hispanic or Latino",232,"Median income (dollars)","48,241","+/-6,037","N","N"
"458","Asian alone or in combination with one or more other races, not Hispanic or Latino",233,"Female householder, no husband present, family","18.5","+/-1.5","4.9","+/-3.5"
"458","Asian alone or in combination with one or more other races, not Hispanic or Latino",234,"Median income (dollars)","42,497","+/-3,665","81,748","+/-4,118"
"458","Asian alone or in combination with one or more other races, not Hispanic or Latino",235,"Individuals","673,587","+/-12,915","80,538","+/-6,697"
"458","Asian alone or in combination with one or more other races, not Hispanic or Latino",236,"Per capita income (dollars)","31,567","+/-607","31,629","+/-2,389"
"458","Asian alone or in combination with one or more other races, not Hispanic or Latino",237,"Male","141,473","+/-5,065","18,725","+/-1,979"
"458","Asian alone or in combination with one or more other races, not Hispanic or Latino",238,"Female","92,371","+/-3,878","8,791","+/-1,465"
"458","Asian alone or in combination with one or more other races, not Hispanic or Latino",239,"Male","68,775","+/-2,299","73,839","+/-4,702"
"458","Asian alone or in combination with one or more other races, not Hispanic or Latino",240,"Female","51,118","+/-2,153","67,261","+/-7,484"
"458","Asian alone or in combination with one or more other races, not Hispanic or Latino",241,"Male","53,157","+/-2,071","71,065","+/-16,495"
"458","Asian alone or in combination with one or more other races, not Hispanic or Latino",242,"Female","41,996","+/-1,126","64,510","+/-14,206"
"458","Asian alone or in combination with one or more other races, not Hispanic or Latino",243,"All families","5.6","+/-0.9","5.5","+/-3.9"
"458","Asian alone or in combination with one or more other races, not Hispanic or Latino",244,"With related children under 18 years","8.7","+/-1.7","6.0","+/-5.4"
"458","Asian alone or in combination with one or more other races, not Hispanic or Latino",245,"With related children under 5 years only","11.2","+/-4.8","N","N"
"458","Asian alone or in combination with one or more other races, not Hispanic or Latino",246,"Married-couple family","3.1","+/-1.0","N","N"
"458","Asian alone or in combination with one or more other races, not Hispanic or Latino",247,"With related children under 18 years","4.4","+/-1.9","N","N"
"458","Asian alone or in combination with one or more other races, not Hispanic or Latino",248,"With related children under 5 years only","9.3","+/-6.0","N","N"
"458","Asian alone or in combination with one or more other races, not Hispanic or Latino",249,"Female householder, no husband present, family","16.6","+/-3.5","N","N"
"458","Asian alone or in combination with one or more other races, not Hispanic or Latino",250,"With related children under 18 years","23.5","+/-5.3","57.9","+/-54.9"
"458","Asian alone or in combination with one or more other races, not Hispanic or Latino",251,"With related children under 5 years only","31.8","+/-13.3","-","**"
"458","Asian alone or in combination with one or more other races, not Hispanic or Latino",252,"All people","8.5","+/-0.8","6.9","+/-3.3"
"458","Asian alone or in combination with one or more other races, not Hispanic or Latino",253,"Under 18 years","10.6","+/-1.9","5.0","+/-3.9"
"458","Asian alone or in combination with one or more other races, not Hispanic or Latino",254,"Related children under 18 years","10.1","+/-1.9","5.0","+/-3.9"
"458","Asian alone or in combination with one or more other races, not Hispanic or Latino",255,"Related children under 5 years","15.4","+/-3.9","N","N"
"458","Asian alone or in combination with one or more other races, not Hispanic or Latino",256,"Related children 5 to 17 years","7.9","+/-1.8","N","N"
"458","Asian alone or in combination with one or more other races, not Hispanic or Latino",257,"18 years and over","7.9","+/-0.7","7.6","+/-3.4"
"458","Asian alone or in combination with one or more other races, not Hispanic or Latino",258,"18 to 64 years","8.1","+/-0.9","8.1","+/-3.7"
"458","Asian alone or in combination with one or more other races, not Hispanic or Latino",259,"65 years and over","6.9","+/-1.6","1.4","+/-2.5"
"458","Asian alone or in combination with one or more other races, not Hispanic or Latino",260,"People in families","5.7","+/-1.0","4.9","+/-3.2"
"458","Asian alone or in combination with one or more other races, not Hispanic or Latino",261,"Unrelated individuals 15 years and over","21.2","+/-2.0","31.2","+/-9.9"
"458","Asian alone or in combination with one or more other races, not Hispanic or Latino",262,"Occupied housing units","242,233","+/-3,936","25,829","+/-2,226"
"458","Asian alone or in combination with one or more other races, not Hispanic or Latino",263,"Owner-occupied housing units","62.6","+/-1.4","53.7","+/-5.5"
"458","Asian alone or in combination with one or more other races, not Hispanic or Latino",264,"Renter-occupied housing units","37.4","+/-1.4","46.3","+/-5.5"
"458","Asian alone or in combination with one or more other races, not Hispanic or Latino",265,"Average household size of owner-occupied unit","2.82","+/-0.06","3.21","+/-0.28"
"458","Asian alone or in combination with one or more other races, not Hispanic or Latino",266,"Average household size of renter-occupied unit","2.49","+/-0.09","2.81","+/-0.24"
"458","Asian alone or in combination with one or more other races, not Hispanic or Latino",267,"1-unit, detached or attached","61.9","+/-1.4","47.5","+/-6.3"
"458","Asian alone or in combination with one or more other races, not Hispanic or Latino",268,"2 to 4 units","14.6","+/-1.0","9.3","+/-3.4"
"458","Asian alone or in combination with one or more other races, not Hispanic or Latino",269,"5 or more units","22.8","+/-1.1","43.1","+/-6.0"
"458","Asian alone or in combination with one or more other races, not Hispanic or Latino",270,"Mobile home, boat, RV, van, etc.","0.7","+/-0.3","0.0","+/-0.7"
"458","Asian alone or in combination with one or more other races, not Hispanic or Latino",271,"Built 2000 or later","5.1","+/-0.7","8.1","+/-2.9"
"458","Asian alone or in combination with one or more other races, not Hispanic or Latino",272,"Built 1990 to 1999","7.6","+/-0.7","18.9","+/-3.8"
"458","Asian alone or in combination with one or more other races, not Hispanic or Latino",273,"Built 1980 to 1989","12.0","+/-1.2","23.6","+/-5.4"
"458","Asian alone or in combination with one or more other races, not Hispanic or Latino",274,"Built 1960 to 1979","31.6","+/-1.4","32.3","+/-5.7"
"458","Asian alone or in combination with one or more other races, not Hispanic or Latino",275,"Built 1940 to 1959","24.9","+/-1.4","10.5","+/-3.4"
"458","Asian alone or in combination with one or more other races, not Hispanic or Latino",276,"Built 1939 or earlier","18.8","+/-1.0","6.7","+/-2.6"
"458","Asian alone or in combination with one or more other races, not Hispanic or Latino",277,"None","9.6","+/-1.0","7.6","+/-4.1"
"458","Asian alone or in combination with one or more other races, not Hispanic or Latino",278,"1 or more","90.4","+/-1.0","92.4","+/-4.1"
"458","Asian alone or in combination with one or more other races, not Hispanic or Latino",279,"Gas","80.6","+/-1.2","87.6","+/-4.3"
"458","Asian alone or in combination with one or more other races, not Hispanic or Latino",280,"Electricity","9.6","+/-0.9","8.1","+/-3.0"
"458","Asian alone or in combination with one or more other races, not Hispanic or Latino",281,"All other fuels","9.6","+/-1.0","4.1","+/-3.0"
"458","Asian alone or in combination with one or more other races, not Hispanic or Latino",282,"No fuel used","0.2","+/-0.1","0.3","+/-0.4"
"458","Asian alone or in combination with one or more other races, not Hispanic or Latino",283,"No telephone service available","7.6","+/-1.0","6.5","+/-2.8"
"458","Asian alone or in combination with one or more other races, not Hispanic or Latino",284,"1.01 or more occupants per room","3.6","+/-0.7","8.0","+/-2.6"
"458","Asian alone or in combination with one or more other races, not Hispanic or Latino",285,"Owner-occupied housing units","151,669","+/-3,787","13,863","+/-2,056"
"458","Asian alone or in combination with one or more other races, not Hispanic or Latino",286,"Less than 30 percent","56.5","+/-2.1","50.3","+/-9.4"
"458","Asian alone or in combination with one or more other races, not Hispanic or Latino",287,"30 percent or more","43.5","+/-2.1","49.7","+/-9.4"
"458","Asian alone or in combination with one or more other races, not Hispanic or Latino",288,"Median value (dollars)","374,500","+/-5,872","412,600","+/-24,975"
"458","Asian alone or in combination with one or more other races, not Hispanic or Latino",289,"Median selected monthly owner costs with a mortgage (dollars)","2,261","+/-45","2,656","+/-128"
"458","Asian alone or in combination with one or more other races, not Hispanic or Latino",290,"Median selected monthly owner costs without a mortgage (dollars)","833","+/-21","1,000+","***"
"458","Asian alone or in combination with one or more other races, not Hispanic or Latino",291,"Renter-occupied housing units","90,564","+/-3,987","11,966","+/-1,568"
"458","Asian alone or in combination with one or more other races, not Hispanic or Latino",292,"Less than 30 percent","50.7","+/-2.9","75.1","+/-8.8"
"458","Asian alone or in combination with one or more other races, not Hispanic or Latino",293,"30 percent or more","49.3","+/-2.9","24.9","+/-8.8"
"458","Asian alone or in combination with one or more other races, not Hispanic or Latino",294,"Median gross rent (dollars)","1,076","+/-25","1,154","+/-53"
"535","German (032-045)",1,"Total population","673,587","+/-12,915","68,345","+/-6,126"
"535","German (032-045)",2,"One race","98.3","+/-0.4","N","N"
"535","German (032-045)",3,"Two races","1.6","+/-0.3","N","N"
"535","German (032-045)",4,"Three races","0.1","+/-0.1","N","N"
"535","German (032-045)",5,"Four or more races","0.0","+/-0.1","N","N"
"535","German (032-045)",6,"Male","49.0","+/-0.6","49.2","+/-2.7"
"535","German (032-045)",7,"Female","51.0","+/-0.6","50.8","+/-2.7"
"535","German (032-045)",8,"Under 5 years","6.8","+/-0.4","5.5","+/-1.3"
"535","German (032-045)",9,"5 to 17 years","15.8","+/-0.6","16.7","+/-2.6"
"535","German (032-045)",10,"18 to 24 years","10.6","+/-0.5","10.1","+/-1.7"
"535","German (032-045)",11,"25 to 34 years","14.5","+/-0.6","11.7","+/-1.8"
"535","German (032-045)",12,"35 to 44 years","14.8","+/-0.7","14.4","+/-1.8"
"535","German (032-045)",13,"45 to 54 years","14.6","+/-0.6","16.0","+/-2.1"
"535","German (032-045)",14,"55 to 64 years","11.1","+/-0.6","12.4","+/-1.9"
"535","German (032-045)",15,"65 to 74 years","6.2","+/-0.5","7.2","+/-1.2"
"535","German (032-045)",16,"75 years and over","5.5","+/-0.4","6.0","+/-1.3"
"535","German (032-045)",17,"Median age (years)","36.6","+/-0.6","39.8","+/-1.9"
"535","German (032-045)",18,"18 years and over","77.4","+/-0.7","77.9","+/-2.6"
"535","German (032-045)",19,"21 years and over","72.7","+/-0.7","72.8","+/-2.8"
"535","German (032-045)",20,"62 years and over","14.2","+/-0.6","16.4","+/-1.9"
"535","German (032-045)",21,"65 years and over","11.7","+/-0.6","13.2","+/-1.7"
"535","German (032-045)",22,"Under 18 years","152,248","+/-6,276","15,123","+/-2,646"
"535","German (032-045)",23,"Male","49.8","+/-1.7","52.2","+/-6.0"
"535","German (032-045)",24,"Female","50.2","+/-1.7","47.8","+/-6.0"
"535","German (032-045)",25,"18 years and over","521,339","+/-8,918","53,222","+/-4,272"
"535","German (032-045)",26,"Male","48.8","+/-0.6","48.4","+/-3.0"
"535","German (032-045)",27,"Female","51.2","+/-0.6","51.6","+/-3.0"
"535","German (032-045)",28,"18 to 34 years","168,990","+/-5,365","14,908","+/-1,816"
"535","German (032-045)",29,"Male","51.4","+/-1.3","58.5","+/-6.3"
"535","German (032-045)",30,"Female","48.6","+/-1.3","41.5","+/-6.3"
"535","German (032-045)",31,"35 to 64 years","273,266","+/-6,505","29,267","+/-2,713"
"535","German (032-045)",32,"Male","49.2","+/-0.8","46.4","+/-4.0"
"535","German (032-045)",33,"Female","50.8","+/-0.8","53.6","+/-4.0"
"535","German (032-045)",34,"65 years and over","79,083","+/-3,488","9,047","+/-1,285"
"535","German (032-045)",35,"Male","41.6","+/-1.5","38.4","+/-7.2"
"535","German (032-045)",36,"Female","58.4","+/-1.5","61.6","+/-7.2"
"535","German (032-045)",37,"Population in households","653,558","+/-12,794","68,079","+/-6,109"
"535","German (032-045)",38,"Householder or spouse","55.3","+/-0.9","57.1","+/-2.9"
"535","German (032-045)",39,"Child","30.7","+/-1.0","35.3","+/-3.0"
"535","German (032-045)",40,"Other relatives","8.0","+/-0.8","3.9","+/-1.5"
"535","German (032-045)",41,"Nonrelatives","6.1","+/-0.7","3.6","+/-1.4"
"535","German (032-045)",42,"Unmarried partner","2.1","+/-0.3","1.6","+/-0.7"
"535","German (032-045)",43,"Households","242,233","+/-3,936","26,710","+/-2,382"
"535","German (032-045)",44,"Family households","67.9","+/-1.3","62.5","+/-4.3"
"535","German (032-045)",45,"With own children under 18 years","33.2","+/-1.3","25.1","+/-3.7"
"535","German (032-045)",46,"Married-couple family","49.2","+/-1.4","46.9","+/-4.5"
"535","German (032-045)",47,"With own children under 18 years","23.2","+/-1.4","16.6","+/-3.1"
"535","German (032-045)",48,"Female householder, no husband present, family","12.6","+/-1.1","10.8","+/-3.2"
"535","German (032-045)",49,"With own children under 18 years","7.3","+/-0.9","5.7","+/-2.7"
"535","German (032-045)",50,"Nonfamily households","32.1","+/-1.3","37.5","+/-4.3"
"535","German (032-045)",51,"Male householder","14.5","+/-1.2","17.2","+/-3.3"
"535","German (032-045)",52,"Living alone","10.7","+/-1.0","11.3","+/-2.8"
"535","German (032-045)",53,"Not living alone","3.8","+/-0.7","5.8","+/-2.7"
"535","German (032-045)",54,"Female householder","17.6","+/-1.2","20.3","+/-4.3"
"535","German (032-045)",55,"Living alone","15.3","+/-1.1","18.5","+/-4.1"
"535","German (032-045)",56,"Not living alone","2.3","+/-0.5","1.8","+/-1.0"
"535","German (032-045)",57,"Average household size","2.70","+/-0.04","2.56","+/-0.14"
"535","German (032-045)",58,"Average family size","3.26","+/-0.05","3.26","+/-0.13"
"535","German (032-045)",59,"Population 15 years and over","545,347","+/-9,312","55,988","+/-4,530"
"535","German (032-045)",60,"Now married, except separated","49.1","+/-1.4","46.2","+/-3.4"
"535","German (032-045)",61,"Widowed","6.6","+/-0.5","7.2","+/-1.8"
"535","German (032-045)",62,"Divorced","9.0","+/-0.8","11.9","+/-2.8"
"535","German (032-045)",63,"Separated","2.2","+/-0.4","2.2","+/-1.2"
"535","German (032-045)",64,"Never married","33.0","+/-1.1","32.4","+/-2.6"
"535","German (032-045)",65,"Male 15 years and over","264,689","+/-5,794","27,335","+/-2,890"
"535","German (032-045)",66,"Now married, except separated","52.7","+/-1.5","46.4","+/-4.0"
"535","German (032-045)",67,"Widowed","2.5","+/-0.5","2.8","+/-1.6"
"535","German (032-045)",68,"Divorced","7.7","+/-0.9","10.1","+/-3.7"
"535","German (032-045)",69,"Separated","1.8","+/-0.4","1.3","+/-1.0"
"535","German (032-045)",70,"Never married","35.3","+/-1.4","39.4","+/-3.5"
"535","German (032-045)",71,"Female 15 years and over","280,658","+/-5,471","28,653","+/-2,801"
"535","German (032-045)",72,"Now married, except separated","45.8","+/-1.6","46.0","+/-4.6"
"535","German (032-045)",73,"Widowed","10.5","+/-0.9","11.4","+/-3.1"
"535","German (032-045)",74,"Divorced","10.2","+/-1.0","13.7","+/-3.3"
"535","German (032-045)",75,"Separated","2.6","+/-0.5","3.2","+/-2.0"
"535","German (032-045)",76,"Never married","30.9","+/-1.3","25.7","+/-3.7"
"535","German (032-045)",77,"Population 3 years and over enrolled in school","181,849","+/-7,079","18,224","+/-2,860"
"535","German (032-045)",78,"Nursery school, preschool","7.7","+/-1.0","9.9","+/-3.1"
"535","German (032-045)",79,"Kindergarten","4.3","+/-0.6","1.0","+/-1.0"
"535","German (032-045)",80,"Elementary school (grades 1-8)","37.4","+/-1.7","41.5","+/-7.0"
"535","German (032-045)",81,"High school (grades 9-12)","19.6","+/-1.3","21.4","+/-4.8"
"535","German (032-045)",82,"College or graduate school","30.9","+/-1.5","26.1","+/-4.6"
"535","German (032-045)",83,"Male 3 years and over enrolled in school","88,667","+/-4,658","9,813","+/-1,818"
"535","German (032-045)",84,"Percent enrolled in kindergarten to grade 12","62.9","+/-2.6","67.1","+/-7.5"
"535","German (032-045)",85,"Percent enrolled in college or graduate school","28.3","+/-2.4","24.3","+/-5.7"
"535","German (032-045)",86,"Female 3 years and over enrolled in school","93,182","+/-4,337","8,411","+/-1,651"
"535","German (032-045)",87,"Percent enrolled in kindergarten to grade 12","59.8","+/-2.7","60.3","+/-8.0"
"535","German (032-045)",88,"Percent enrolled in college or graduate school","33.4","+/-2.4","28.3","+/-8.0"
"535","German (032-045)",89,"Population 25 years and over","449,864","+/-7,052","46,321","+/-3,566"
"535","German (032-045)",90,"Less than high school diploma","12.0","+/-0.9","7.7","+/-1.8"
"535","German (032-045)",91,"High school graduate (includes equivalency)","31.2","+/-1.4","34.3","+/-3.7"
"535","German (032-045)",92,"Some college or associate's degree","22.9","+/-1.1","24.3","+/-2.9"
"535","German (032-045)",93,"Bachelor's degree","20.9","+/-1.2","23.2","+/-3.4"
"535","German (032-045)",94,"Graduate or professional degree","13.0","+/-0.8","10.5","+/-1.8"
"535","German (032-045)",95,"High school graduate or higher","88.0","+/-0.9","92.3","+/-1.8"
"535","German (032-045)",96,"Male, high school graduate or higher","87.3","+/-1.3","92.2","+/-2.9"
"535","German (032-045)",97,"Female, high school graduate or higher","88.7","+/-1.0","92.3","+/-2.0"
"535","German (032-045)",98,"Bachelor's degree or higher","34.0","+/-1.2","33.7","+/-3.4"
"535","German (032-045)",99,"Male, bachelor's degree or higher","36.4","+/-1.7","36.9","+/-4.6"
"535","German (032-045)",100,"Female, bachelor's degree or higher","31.7","+/-1.4","30.7","+/-3.9"
"535","German (032-045)",101,"Women 15 to 50 years","177,913","+/-5,559","16,125","+/-2,315"
"535","German (032-045)",102,"Women 15 to 50 years who had a birth in the past 12 months","9,821","+/-1,844","570","+/-312"
"535","German (032-045)",103,"Unmarried women 15 to 50 years who had a birth in the past 12 months","2,650","+/-760","124","+/-118"
"535","German (032-045)",104,"As a percent of all women with a birth in the past 12 months","27.0","+/-7.7","21.8","+/-16.2"
"535","German (032-045)",105,"Population 30 years and over","402,920","+/-6,607","42,202","+/-3,353"
"535","German (032-045)",106,"Living with grandchild(ren)","3.6","+/-0.6","2.5","+/-1.0"
"535","German (032-045)",107,"Responsible for grandchild(ren)","27.9","+/-7.8","26.5","+/-19.7"
"535","German (032-045)",108,"Civilian population 18 years and over","521,276","+/-8,926","53,159","+/-4,260"
"535","German (032-045)",109,"Civilian veteran","7.6","+/-0.6","9.7","+/-1.8"
"535","German (032-045)",110,"Civilian population 5 years and over","620,082","+/-12,034","64,477","+/-5,748"
"535","German (032-045)",111,"With any disability","10.8","+/-0.6","11.6","+/-1.9"
"535","German (032-045)",112,"Civilian population 5 to 15 years","89,217","+/-5,021","9,317","+/-2,331"
"535","German (032-045)",113,"With any disability","5.7","+/-1.4","10.2","+/-4.1"
"535","German (032-045)",114,"Civilian population 16 to 64 years","458,821","+/-9,786","46,140","+/-3,925"
"535","German (032-045)",115,"With any disability","7.8","+/-0.7","9.3","+/-2.0"
"535","German (032-045)",116,"No disability","92.2","+/-0.7","90.7","+/-2.0"
"535","German (032-045)",117,"Civilian population 65 years and over","72,044","+/-3,438","9,020","+/-1,283"
"535","German (032-045)",118,"With any disability","35.5","+/-2.6","24.9","+/-7.0"
"535","German (032-045)",119,"Population 1 year and over","664,317","+/-12,984","67,828","+/-6,055"
"535","German (032-045)",120,"Same house","86.9","+/-1.1","91.6","+/-2.5"
"535","German (032-045)",121,"Different house in the U.S.","12.0","+/-1.0","8.3","+/-2.5"
"535","German (032-045)",122,"Same county","7.6","+/-0.9","4.3","+/-2.0"
"535","German (032-045)",123,"Different county","4.5","+/-0.7","3.9","+/-1.6"
"535","German (032-045)",124,"Same state","2.9","+/-0.6","2.9","+/-1.4"
"535","German (032-045)",125,"Different state","1.6","+/-0.4","1.0","+/-0.5"
"535","German (032-045)",126,"Abroad","1.0","+/-0.3","0.1","+/-0.2"
"535","German (032-045)",127,"Total population","673,587","+/-12,915","68,345","+/-6,126"
"535","German (032-045)",128,"Native","515,732","+/-12,811","66,995","+/-6,145"
"535","German (032-045)",129,"Male","48.3","+/-0.7","50.0","+/-2.8"
"535","German (032-045)",130,"Female","51.7","+/-0.7","50.0","+/-2.8"
"535","German (032-045)",131,"Foreign born","157,855","+/-9,450","1,350","+/-482"
"535","German (032-045)",132,"Male","51.3","+/-1.9","11.2","+/-11.5"
"535","German (032-045)",133,"Female","48.7","+/-1.9","88.8","+/-11.5"
"535","German (032-045)",134,"Naturalized U.S. citizen","65,441","+/-5,102","1,124","+/-467"
"535","German (032-045)",135,"Male","49.4","+/-3.1","13.4","+/-13.9"
"535","German (032-045)",136,"Female","50.6","+/-3.1","86.6","+/-13.9"
"535","German (032-045)",137,"Not a U.S. citizen","92,414","+/-7,061","226","+/-189"
"535","German (032-045)",138,"Male","52.6","+/-2.7","N","N"
"535","German (032-045)",139,"Female","47.4","+/-2.7","N","N"
"535","German (032-045)",140,"Entered 2000 or later","34.4","+/-3.2","N","N"
"535","German (032-045)",141,"Entered 1990 to 1999","31.3","+/-3.3","N","N"
"535","German (032-045)",142,"Entered before 1990","34.3","+/-2.6","N","N"
"535","German (032-045)",143,"Foreign-born population excluding population born at sea","157,855","+/-9,450","1,350","+/-482"
"535","German (032-045)",144,"Europe","16.2","+/-2.1","N","N"
"535","German (032-045)",145,"Asia","36.5","+/-2.9","N","N"
"535","German (032-045)",146,"Africa","4.9","+/-1.6","N","N"
"535","German (032-045)",147,"Oceania","0.2","+/-0.3","N","N"
"535","German (032-045)",148,"Latin America","41.6","+/-3.0","N","N"
"535","German (032-045)",149,"Northern America","0.5","+/-0.2","N","N"
"535","German (032-045)",150,"Population 5 years and over","628,096","+/-12,096","64,606","+/-5,752"
"535","German (032-045)",151,"English only","70.5","+/-1.3","95.5","+/-1.3"
"535","German (032-045)",152,"Language other than English","29.5","+/-1.3","4.5","+/-1.3"
"535","German (032-045)",153,"Speak English less than ""very well""","13.7","+/-1.0","0.8","+/-0.5"
"535","German (032-045)",154,"Population 16 years and over","538,879","+/-9,098","55,289","+/-4,467"
"535","German (032-045)",155,"In labor force","67.1","+/-1.0","69.2","+/-3.1"
"535","German (032-045)",156,"Civilian labor force","67.1","+/-1.0","69.0","+/-3.1"
"535","German (032-045)",157,"Employed","63.3","+/-1.0","66.2","+/-3.4"
"535","German (032-045)",158,"Unemployed","3.8","+/-0.4","2.9","+/-1.0"
"535","German (032-045)",159,"Percent of civilian labor force","5.7","+/-0.6","4.2","+/-1.5"
"535","German (032-045)",160,"Armed Forces","0.0","+/-0.1","0.1","+/-0.2"
"535","German (032-045)",161,"Not in labor force","32.9","+/-1.0","30.8","+/-3.1"
"535","German (032-045)",162,"Females 16 years and over","277,529","+/-5,492","28,264","+/-2,753"
"535","German (032-045)",163,"In labor force","59.4","+/-1.5","62.8","+/-4.5"
"535","German (032-045)",164,"Civilian labor force","59.4","+/-1.5","62.8","+/-4.5"
"535","German (032-045)",165,"Employed","55.6","+/-1.5","60.8","+/-4.6"
"535","German (032-045)",166,"Unemployed","3.8","+/-0.6","2.1","+/-1.1"
"535","German (032-045)",167,"Percent of civilian labor force","6.3","+/-0.9","3.3","+/-1.8"
"535","German (032-045)",168,"Workers 16 years and over","329,853","+/-8,988","35,906","+/-3,577"
"535","German (032-045)",169,"Car, truck, or van - drove alone","70.7","+/-1.3","82.7","+/-2.7"
"535","German (032-045)",170,"Car, truck, or van - carpooled","10.7","+/-1.0","5.6","+/-1.8"
"535","German (032-045)",171,"Public transportation (excluding taxicab)","9.0","+/-1.0","5.3","+/-1.7"
"535","German (032-045)",172,"Walked","4.6","+/-0.8","2.1","+/-1.1"
"535","German (032-045)",173,"Other means","2.3","+/-0.7","1.6","+/-1.0"
"535","German (032-045)",174,"Worked at home","2.8","+/-0.5","2.7","+/-1.3"
"535","German (032-045)",175,"Mean travel time to work (minutes)","31.1","+/-0.8","29.5","+/-2.3"
"535","German (032-045)",176,"Civilian employed population 16 years and over","340,842","+/-8,824","36,589","+/-3,615"
"535","German (032-045)",177,"Management, professional, and related occupations","38.1","+/-1.5","38.3","+/-3.7"
"535","German (032-045)",178,"Service occupations","16.6","+/-1.1","14.7","+/-2.8"
"535","German (032-045)",179,"Sales and office occupations","25.9","+/-1.3","28.1","+/-3.9"
"535","German (032-045)",180,"Farming, fishing, and forestry occupations","0.2","+/-0.1","1.1","+/-1.0"
"535","German (032-045)",181,"Construction, extraction, maintenance, and repair occupations","9.1","+/-1.0","11.3","+/-3.2"
"535","German (032-045)",182,"Production, transportation, and material moving occupations","10.1","+/-1.1","6.5","+/-2.1"
"535","German (032-045)",183,"Male civilian employed population 16 years and over","186,506","+/-5,690","19,416","+/-2,305"
"535","German (032-045)",184,"Management, professional, and related occupations","36.4","+/-1.9","33.3","+/-5.3"
"535","German (032-045)",185,"Service occupations","14.6","+/-1.3","15.0","+/-4.3"
"535","German (032-045)",186,"Sales and office occupations","18.1","+/-1.4","19.5","+/-5.3"
"535","German (032-045)",187,"Farming, fishing, and forestry occupations","0.4","+/-0.2","2.0","+/-1.8"
"535","German (032-045)",188,"Construction, extraction, maintenance, and repair occupations","16.1","+/-1.7","20.4","+/-5.8"
"535","German (032-045)",189,"Production, transportation, and material moving occupations","14.4","+/-1.6","9.7","+/-3.1"
"535","German (032-045)",190,"Female civilian employed population 16 years and over","154,336","+/-5,371","17,173","+/-2,148"
"535","German (032-045)",191,"Management, professional, and related occupations","40.1","+/-2.1","44.0","+/-5.2"
"535","German (032-045)",192,"Service occupations","19.1","+/-1.9","14.3","+/-3.7"
"535","German (032-045)",193,"Sales and office occupations","35.3","+/-2.0","37.8","+/-5.2"
"535","German (032-045)",194,"Farming, fishing, and forestry occupations","0.0","+/-0.1","0.0","+/-1.0"
"535","German (032-045)",195,"Construction, extraction, maintenance, and repair occupations","0.7","+/-0.4","1.0","+/-1.1"
"535","German (032-045)",196,"Production, transportation, and material moving occupations","4.8","+/-1.0","2.9","+/-2.3"
"535","German (032-045)",197,"Agriculture, forestry, fishing and hunting, and mining","0.3","+/-0.1","0.9","+/-0.9"
"535","German (032-045)",198,"Construction","7.2","+/-1.0","6.6","+/-2.2"
"535","German (032-045)",199,"Manufacturing","8.7","+/-0.9","7.0","+/-2.1"
"535","German (032-045)",200,"Wholesale trade","3.8","+/-0.6","3.2","+/-1.2"
"535","German (032-045)",201,"Retail trade","11.9","+/-1.0","14.0","+/-2.4"
"535","German (032-045)",202,"Transportation and warehousing, and utilities","6.3","+/-0.8","5.4","+/-2.0"
"535","German (032-045)",203,"Information","4.3","+/-0.7","4.8","+/-1.8"
"535","German (032-045)",204,"Finance and insurance, and real estate and rental and leasing","8.8","+/-0.8","10.8","+/-2.8"
"535","German (032-045)",205,"Professional, scientific, and management, and administrative and waste management services","11.9","+/-1.0","8.9","+/-2.4"
"535","German (032-045)",206,"Educational services, and health care and social assistance","21.3","+/-1.3","20.0","+/-3.2"
"535","German (032-045)",207,"Arts, entertainment, and recreation, and accommodation and food services","7.5","+/-0.8","7.9","+/-2.4"
"535","German (032-045)",208,"Other services (except public administration)","3.9","+/-0.6","4.0","+/-1.6"
"535","German (032-045)",209,"Public administration","4.2","+/-0.5","6.5","+/-1.5"
"535","German (032-045)",210,"Private wage and salary workers","80.6","+/-1.1","76.3","+/-3.1"
"535","German (032-045)",211,"Government workers","14.7","+/-1.0","19.9","+/-3.2"
"535","German (032-045)",212,"Self-employed workers in own not incorporated business","4.5","+/-0.8","3.6","+/-1.8"
"535","German (032-045)",213,"Unpaid family workers","0.1","+/-0.1","0.2","+/-0.3"
"535","German (032-045)",214,"Households","242,233","+/-3,936","26,710","+/-2,382"
"535","German (032-045)",215,"Median household income (dollars)","66,675","+/-3,305","72,397","+/-5,292"
"535","German (032-045)",216,"With earnings","84.4","+/-0.9","80.6","+/-3.8"
"535","German (032-045)",217,"Mean earnings (dollars)","85,400","+/-1,850","91,002","+/-7,635"
"535","German (032-045)",218,"With Social Security income","24.7","+/-1.2","30.5","+/-3.7"
"535","German (032-045)",219,"Mean Social Security income (dollars)","15,464","+/-526","17,765","+/-1,676"
"535","German (032-045)",220,"With Supplemental Security Income","2.5","+/-0.4","1.8","+/-1.1"
"535","German (032-045)",221,"Mean Supplemental Security Income (dollars)","7,628","+/-821","8,156","+/-2,483"
"535","German (032-045)",222,"With cash public assistance income","1.9","+/-0.4","1.3","+/-1.0"
"535","German (032-045)",223,"Mean cash public assistance income (dollars)","3,675","+/-871","2,764","+/-2,015"
"535","German (032-045)",224,"With retirement income","15.0","+/-1.2","20.4","+/-3.1"
"535","German (032-045)",225,"Mean retirement income (dollars)","22,402","+/-1,591","23,154","+/-3,612"
"535","German (032-045)",226,"With Food Stamp benefits","4.0","+/-0.6","2.2","+/-1.4"
"535","German (032-045)",227,"Families","164,436","+/-4,375","16,691","+/-1,899"
"535","German (032-045)",228,"Median family income (dollars)","81,481","+/-2,293","87,979","+/-7,479"
"535","German (032-045)",229,"Married-couple family","72.5","+/-1.7","75.0","+/-6.0"
"535","German (032-045)",230,"Median income (dollars)","95,977","+/-3,119","101,941","+/-5,769"
"535","German (032-045)",231,"Male householder, no spouse present, family","8.9","+/-1.4","7.6","+/-4.1"
"535","German (032-045)",232,"Median income (dollars)","48,241","+/-6,037","77,851","+/-45,272"
"535","German (032-045)",233,"Female householder, no husband present, family","18.5","+/-1.5","17.3","+/-4.8"
"535","German (032-045)",234,"Median income (dollars)","42,497","+/-3,665","62,733","+/-32,536"
"535","German (032-045)",235,"Individuals","673,587","+/-12,915","68,345","+/-6,126"
"535","German (032-045)",236,"Per capita income (dollars)","31,567","+/-607","37,265","+/-2,827"
"535","German (032-045)",237,"Male","141,473","+/-5,065","14,668","+/-1,899"
"535","German (032-045)",238,"Female","92,371","+/-3,878","9,656","+/-1,678"
"535","German (032-045)",239,"Male","68,775","+/-2,299","71,074","+/-6,509"
"535","German (032-045)",240,"Female","51,118","+/-2,153","54,299","+/-5,263"
"535","German (032-045)",241,"Male","53,157","+/-2,071","55,482","+/-7,751"
"535","German (032-045)",242,"Female","41,996","+/-1,126","49,077","+/-8,472"
"535","German (032-045)",243,"All families","5.6","+/-0.9","1.1","+/-0.9"
"535","German (032-045)",244,"With related children under 18 years","8.7","+/-1.7","1.9","+/-1.7"
"535","German (032-045)",245,"With related children under 5 years only","11.2","+/-4.8","N","N"
"535","German (032-045)",246,"Married-couple family","3.1","+/-1.0","N","N"
"535","German (032-045)",247,"With related children under 18 years","4.4","+/-1.9","N","N"
"535","German (032-045)",248,"With related children under 5 years only","9.3","+/-6.0","N","N"
"535","German (032-045)",249,"Female householder, no husband present, family","16.6","+/-3.5","N","N"
"535","German (032-045)",250,"With related children under 18 years","23.5","+/-5.3","N","N"
"535","German (032-045)",251,"With related children under 5 years only","31.8","+/-13.3","N","N"
"535","German (032-045)",252,"All people","8.5","+/-0.8","3.1","+/-1.3"
"535","German (032-045)",253,"Under 18 years","10.6","+/-1.9","3.7","+/-2.9"
"535","German (032-045)",254,"Related children under 18 years","10.1","+/-1.9","2.9","+/-2.5"
"535","German (032-045)",255,"Related children under 5 years","15.4","+/-3.9","N","N"
"535","German (032-045)",256,"Related children 5 to 17 years","7.9","+/-1.8","N","N"
"535","German (032-045)",257,"18 years and over","7.9","+/-0.7","3.0","+/-1.2"
"535","German (032-045)",258,"18 to 64 years","8.1","+/-0.9","2.4","+/-1.1"
"535","German (032-045)",259,"65 years and over","6.9","+/-1.6","5.8","+/-4.0"
"535","German (032-045)",260,"People in families","5.7","+/-1.0","1.5","+/-1.2"
"535","German (032-045)",261,"Unrelated individuals 15 years and over","21.2","+/-2.0","10.5","+/-4.5"
"535","German (032-045)",262,"Occupied housing units","242,233","+/-3,936","26,710","+/-2,382"
"535","German (032-045)",263,"Owner-occupied housing units","62.6","+/-1.4","77.3","+/-4.0"
"535","German (032-045)",264,"Renter-occupied housing units","37.4","+/-1.4","22.7","+/-4.0"
"535","German (032-045)",265,"Average household size of owner-occupied unit","2.82","+/-0.06","2.76","+/-0.14"
"535","German (032-045)",266,"Average household size of renter-occupied unit","2.49","+/-0.09","1.87","+/-0.26"
"535","German (032-045)",267,"1-unit, detached or attached","61.9","+/-1.4","77.1","+/-4.1"
"535","German (032-045)",268,"2 to 4 units","14.6","+/-1.0","9.8","+/-2.7"
"535","German (032-045)",269,"5 or more units","22.8","+/-1.1","11.5","+/-3.3"
"535","German (032-045)",270,"Mobile home, boat, RV, van, etc.","0.7","+/-0.3","1.6","+/-1.6"
"535","German (032-045)",271,"Built 2000 or later","5.1","+/-0.7","5.9","+/-2.1"
"535","German (032-045)",272,"Built 1990 to 1999","7.6","+/-0.7","5.0","+/-1.8"
"535","German (032-045)",273,"Built 1980 to 1989","12.0","+/-1.2","11.0","+/-3.5"
"535","German (032-045)",274,"Built 1960 to 1979","31.6","+/-1.4","25.5","+/-3.5"
"535","German (032-045)",275,"Built 1940 to 1959","24.9","+/-1.4","32.0","+/-3.6"
"535","German (032-045)",276,"Built 1939 or earlier","18.8","+/-1.0","20.7","+/-3.1"
"535","German (032-045)",277,"None","9.6","+/-1.0","3.4","+/-1.6"
"535","German (032-045)",278,"1 or more","90.4","+/-1.0","96.6","+/-1.6"
"535","German (032-045)",279,"Gas","80.6","+/-1.2","77.0","+/-3.9"
"535","German (032-045)",280,"Electricity","9.6","+/-0.9","10.2","+/-3.1"
"535","German (032-045)",281,"All other fuels","9.6","+/-1.0","12.5","+/-2.9"
"535","German (032-045)",282,"No fuel used","0.2","+/-0.1","0.3","+/-0.4"
"535","German (032-045)",283,"No telephone service available","7.6","+/-1.0","5.0","+/-2.2"
"535","German (032-045)",284,"1.01 or more occupants per room","3.6","+/-0.7","0.5","+/-0.5"
"535","German (032-045)",285,"Owner-occupied housing units","151,669","+/-3,787","20,636","+/-2,224"
"535","German (032-045)",286,"Less than 30 percent","56.5","+/-2.1","62.3","+/-5.7"
"535","German (032-045)",287,"30 percent or more","43.5","+/-2.1","37.7","+/-5.7"
"535","German (032-045)",288,"Median value (dollars)","374,500","+/-5,872","354,700","+/-12,672"
"535","German (032-045)",289,"Median selected monthly owner costs with a mortgage (dollars)","2,261","+/-45","2,074","+/-141"
"535","German (032-045)",290,"Median selected monthly owner costs without a mortgage (dollars)","833","+/-21","833","+/-39"
"535","German (032-045)",291,"Renter-occupied housing units","90,564","+/-3,987","6,074","+/-1,153"
"535","German (032-045)",292,"Less than 30 percent","50.7","+/-2.9","47.8","+/-11.4"
"535","German (032-045)",293,"30 percent or more","49.3","+/-2.9","52.2","+/-11.4"
"535","German (032-045)",294,"Median gross rent (dollars)","1,076","+/-25","1,027","+/-100"
"541","Irish (050, 081)",1,"Total population","673,587","+/-12,915","101,034","+/-7,136"
"541","Irish (050, 081)",2,"One race","98.3","+/-0.4","N","N"
"541","Irish (050, 081)",3,"Two races","1.6","+/-0.3","N","N"
"541","Irish (050, 081)",4,"Three races","0.1","+/-0.1","N","N"
"541","Irish (050, 081)",5,"Four or more races","0.0","+/-0.1","N","N"
"541","Irish (050, 081)",6,"Male","49.0","+/-0.6","47.0","+/-2.2"
"541","Irish (050, 081)",7,"Female","51.0","+/-0.6","53.0","+/-2.2"
"541","Irish (050, 081)",8,"Under 5 years","6.8","+/-0.4","5.8","+/-1.0"
"541","Irish (050, 081)",9,"5 to 17 years","15.8","+/-0.6","18.0","+/-2.1"
"541","Irish (050, 081)",10,"18 to 24 years","10.6","+/-0.5","9.1","+/-1.2"
"541","Irish (050, 081)",11,"25 to 34 years","14.5","+/-0.6","11.4","+/-1.3"
"541","Irish (050, 081)",12,"35 to 44 years","14.8","+/-0.7","15.7","+/-1.5"
"541","Irish (050, 081)",13,"45 to 54 years","14.6","+/-0.6","17.0","+/-1.5"
"541","Irish (050, 081)",14,"55 to 64 years","11.1","+/-0.6","12.0","+/-1.5"
"541","Irish (050, 081)",15,"65 to 74 years","6.2","+/-0.5","6.7","+/-1.0"
"541","Irish (050, 081)",16,"75 years and over","5.5","+/-0.4","4.3","+/-0.9"
"541","Irish (050, 081)",17,"Median age (years)","36.6","+/-0.6","38.9","+/-1.6"
"541","Irish (050, 081)",18,"18 years and over","77.4","+/-0.7","76.2","+/-2.3"
"541","Irish (050, 081)",19,"21 years and over","72.7","+/-0.7","72.6","+/-2.2"
"541","Irish (050, 081)",20,"62 years and over","14.2","+/-0.6","13.3","+/-1.6"
"541","Irish (050, 081)",21,"65 years and over","11.7","+/-0.6","11.0","+/-1.5"
"541","Irish (050, 081)",22,"Under 18 years","152,248","+/-6,276","24,075","+/-3,285"
"541","Irish (050, 081)",23,"Male","49.8","+/-1.7","51.0","+/-5.1"
"541","Irish (050, 081)",24,"Female","50.2","+/-1.7","49.0","+/-5.1"
"541","Irish (050, 081)",25,"18 years and over","521,339","+/-8,918","76,959","+/-5,103"
"541","Irish (050, 081)",26,"Male","48.8","+/-0.6","45.7","+/-2.2"
"541","Irish (050, 081)",27,"Female","51.2","+/-0.6","54.3","+/-2.2"
"541","Irish (050, 081)",28,"18 to 34 years","168,990","+/-5,365","20,667","+/-2,245"
"541","Irish (050, 081)",29,"Male","51.4","+/-1.3","43.0","+/-4.8"
"541","Irish (050, 081)",30,"Female","48.6","+/-1.3","57.0","+/-4.8"
"541","Irish (050, 081)",31,"35 to 64 years","273,266","+/-6,505","45,148","+/-3,319"
"541","Irish (050, 081)",32,"Male","49.2","+/-0.8","49.2","+/-3.0"
"541","Irish (050, 081)",33,"Female","50.8","+/-0.8","50.8","+/-3.0"
"541","Irish (050, 081)",34,"65 years and over","79,083","+/-3,488","11,144","+/-1,487"
"541","Irish (050, 081)",35,"Male","41.6","+/-1.5","36.7","+/-5.2"
"541","Irish (050, 081)",36,"Female","58.4","+/-1.5","63.3","+/-5.2"
"541","Irish (050, 081)",37,"Population in households","653,558","+/-12,794","99,702","+/-7,065"
"541","Irish (050, 081)",38,"Householder or spouse","55.3","+/-0.9","56.7","+/-2.4"
"541","Irish (050, 081)",39,"Child","30.7","+/-1.0","34.9","+/-2.4"
"541","Irish (050, 081)",40,"Other relatives","8.0","+/-0.8","4.3","+/-1.0"
"541","Irish (050, 081)",41,"Nonrelatives","6.1","+/-0.7","4.1","+/-1.0"
"541","Irish (050, 081)",42,"Unmarried partner","2.1","+/-0.3","2.2","+/-0.6"
"541","Irish (050, 081)",43,"Households","242,233","+/-3,936","38,515","+/-2,809"
"541","Irish (050, 081)",44,"Family households","67.9","+/-1.3","65.3","+/-3.6"
"541","Irish (050, 081)",45,"With own children under 18 years","33.2","+/-1.3","30.7","+/-3.1"
"541","Irish (050, 081)",46,"Married-couple family","49.2","+/-1.4","46.7","+/-3.6"
"541","Irish (050, 081)",47,"With own children under 18 years","23.2","+/-1.4","20.9","+/-2.6"
"541","Irish (050, 081)",48,"Female householder, no husband present, family","12.6","+/-1.1","13.9","+/-2.8"
"541","Irish (050, 081)",49,"With own children under 18 years","7.3","+/-0.9","8.2","+/-2.4"
"541","Irish (050, 081)",50,"Nonfamily households","32.1","+/-1.3","34.7","+/-3.6"
"541","Irish (050, 081)",51,"Male householder","14.5","+/-1.2","15.5","+/-2.9"
"541","Irish (050, 081)",52,"Living alone","10.7","+/-1.0","12.5","+/-2.5"
"541","Irish (050, 081)",53,"Not living alone","3.8","+/-0.7","3.1","+/-1.5"
"541","Irish (050, 081)",54,"Female householder","17.6","+/-1.2","19.2","+/-2.9"
"541","Irish (050, 081)",55,"Living alone","15.3","+/-1.1","15.5","+/-2.9"
"541","Irish (050, 081)",56,"Not living alone","2.3","+/-0.5","3.7","+/-1.4"
"541","Irish (050, 081)",57,"Average household size","2.70","+/-0.04","2.55","+/-0.10"
"541","Irish (050, 081)",58,"Average family size","3.26","+/-0.05","3.18","+/-0.11"
"541","Irish (050, 081)",59,"Population 15 years and over","545,347","+/-9,312","81,812","+/-5,401"
"541","Irish (050, 081)",60,"Now married, except separated","49.1","+/-1.4","46.9","+/-3.0"
"541","Irish (050, 081)",61,"Widowed","6.6","+/-0.5","5.9","+/-1.2"
"541","Irish (050, 081)",62,"Divorced","9.0","+/-0.8","11.6","+/-2.3"
"541","Irish (050, 081)",63,"Separated","2.2","+/-0.4","1.3","+/-0.6"
"541","Irish (050, 081)",64,"Never married","33.0","+/-1.1","34.3","+/-2.7"
"541","Irish (050, 081)",65,"Male 15 years and over","264,689","+/-5,794","37,042","+/-3,292"
"541","Irish (050, 081)",66,"Now married, except separated","52.7","+/-1.5","52.0","+/-3.4"
"541","Irish (050, 081)",67,"Widowed","2.5","+/-0.5","1.4","+/-0.7"
"541","Irish (050, 081)",68,"Divorced","7.7","+/-0.9","10.8","+/-2.8"
"541","Irish (050, 081)",69,"Separated","1.8","+/-0.4","0.8","+/-0.6"
"541","Irish (050, 081)",70,"Never married","35.3","+/-1.4","34.9","+/-3.4"
"541","Irish (050, 081)",71,"Female 15 years and over","280,658","+/-5,471","44,770","+/-3,172"
"541","Irish (050, 081)",72,"Now married, except separated","45.8","+/-1.6","42.6","+/-3.7"
"541","Irish (050, 081)",73,"Widowed","10.5","+/-0.9","9.6","+/-2.2"
"541","Irish (050, 081)",74,"Divorced","10.2","+/-1.0","12.3","+/-2.9"
"541","Irish (050, 081)",75,"Separated","2.6","+/-0.5","1.7","+/-1.1"
"541","Irish (050, 081)",76,"Never married","30.9","+/-1.3","33.8","+/-3.5"
"541","Irish (050, 081)",77,"Population 3 years and over enrolled in school","181,849","+/-7,079","28,523","+/-3,185"
"541","Irish (050, 081)",78,"Nursery school, preschool","7.7","+/-1.0","7.8","+/-2.4"
"541","Irish (050, 081)",79,"Kindergarten","4.3","+/-0.6","2.4","+/-1.3"
"541","Irish (050, 081)",80,"Elementary school (grades 1-8)","37.4","+/-1.7","40.1","+/-5.0"
"541","Irish (050, 081)",81,"High school (grades 9-12)","19.6","+/-1.3","22.0","+/-3.9"
"541","Irish (050, 081)",82,"College or graduate school","30.9","+/-1.5","27.7","+/-4.4"
"541","Irish (050, 081)",83,"Male 3 years and over enrolled in school","88,667","+/-4,658","12,985","+/-2,151"
"541","Irish (050, 081)",84,"Percent enrolled in kindergarten to grade 12","62.9","+/-2.6","73.6","+/-5.8"
"541","Irish (050, 081)",85,"Percent enrolled in college or graduate school","28.3","+/-2.4","18.6","+/-5.4"
"541","Irish (050, 081)",86,"Female 3 years and over enrolled in school","93,182","+/-4,337","15,538","+/-1,817"
"541","Irish (050, 081)",87,"Percent enrolled in kindergarten to grade 12","59.8","+/-2.7","56.9","+/-5.8"
"541","Irish (050, 081)",88,"Percent enrolled in college or graduate school","33.4","+/-2.4","35.3","+/-5.5"
"541","Irish (050, 081)",89,"Population 25 years and over","449,864","+/-7,052","67,800","+/-4,508"
"541","Irish (050, 081)",90,"Less than high school diploma","12.0","+/-0.9","5.1","+/-1.2"
"541","Irish (050, 081)",91,"High school graduate (includes equivalency)","31.2","+/-1.4","32.4","+/-3.0"
"541","Irish (050, 081)",92,"Some college or associate's degree","22.9","+/-1.1","29.9","+/-3.0"
"541","Irish (050, 081)",93,"Bachelor's degree","20.9","+/-1.2","20.6","+/-2.5"
"541","Irish (050, 081)",94,"Graduate or professional degree","13.0","+/-0.8","12.0","+/-1.8"
"541","Irish (050, 081)",95,"High school graduate or higher","88.0","+/-0.9","94.9","+/-1.2"
"541","Irish (050, 081)",96,"Male, high school graduate or higher","87.3","+/-1.3","94.8","+/-1.4"
"541","Irish (050, 081)",97,"Female, high school graduate or higher","88.7","+/-1.0","94.9","+/-1.8"
"541","Irish (050, 081)",98,"Bachelor's degree or higher","34.0","+/-1.2","32.6","+/-2.6"
"541","Irish (050, 081)",99,"Male, bachelor's degree or higher","36.4","+/-1.7","37.7","+/-4.5"
"541","Irish (050, 081)",100,"Female, bachelor's degree or higher","31.7","+/-1.4","28.2","+/-3.1"
"541","Irish (050, 081)",101,"Women 15 to 50 years","177,913","+/-5,559","28,864","+/-2,554"
"541","Irish (050, 081)",102,"Women 15 to 50 years who had a birth in the past 12 months","9,821","+/-1,844","1,088","+/-548"
"541","Irish (050, 081)",103,"Unmarried women 15 to 50 years who had a birth in the past 12 months","2,650","+/-760","459","+/-351"
"541","Irish (050, 081)",104,"As a percent of all women with a birth in the past 12 months","27.0","+/-7.7","42.2","+/-24.6"
"541","Irish (050, 081)",105,"Population 30 years and over","402,920","+/-6,607","62,195","+/-4,154"
"541","Irish (050, 081)",106,"Living with grandchild(ren)","3.6","+/-0.6","3.0","+/-0.9"
"541","Irish (050, 081)",107,"Responsible for grandchild(ren)","27.9","+/-7.8","36.7","+/-18.9"
"541","Irish (050, 081)",108,"Civilian population 18 years and over","521,276","+/-8,926","76,959","+/-5,103"
"541","Irish (050, 081)",109,"Civilian veteran","7.6","+/-0.6","8.7","+/-1.2"
"541","Irish (050, 081)",110,"Civilian population 5 years and over","620,082","+/-12,034","94,652","+/-6,498"
"541","Irish (050, 081)",111,"With any disability","10.8","+/-0.6","13.0","+/-1.8"
"541","Irish (050, 081)",112,"Civilian population 5 to 15 years","89,217","+/-5,021","14,875","+/-2,511"
"541","Irish (050, 081)",113,"With any disability","5.7","+/-1.4","8.6","+/-3.3"
"541","Irish (050, 081)",114,"Civilian population 16 to 64 years","458,821","+/-9,786","68,955","+/-5,011"
"541","Irish (050, 081)",115,"With any disability","7.8","+/-0.7","10.4","+/-1.8"
"541","Irish (050, 081)",116,"No disability","92.2","+/-0.7","89.6","+/-1.8"
"541","Irish (050, 081)",117,"Civilian population 65 years and over","72,044","+/-3,438","10,822","+/-1,424"
"541","Irish (050, 081)",118,"With any disability","35.5","+/-2.6","35.8","+/-6.7"
"541","Irish (050, 081)",119,"Population 1 year and over","664,317","+/-12,984","99,764","+/-7,026"
"541","Irish (050, 081)",120,"Same house","86.9","+/-1.1","93.1","+/-1.4"
"541","Irish (050, 081)",121,"Different house in the U.S.","12.0","+/-1.0","6.9","+/-1.4"
"541","Irish (050, 081)",122,"Same county","7.6","+/-0.9","3.7","+/-1.1"
"541","Irish (050, 081)",123,"Different county","4.5","+/-0.7","3.3","+/-1.0"
"541","Irish (050, 081)",124,"Same state","2.9","+/-0.6","2.3","+/-0.9"
"541","Irish (050, 081)",125,"Different state","1.6","+/-0.4","1.0","+/-0.6"
"541","Irish (050, 081)",126,"Abroad","1.0","+/-0.3","0.0","+/-0.2"
"541","Irish (050, 081)",127,"Total population","673,587","+/-12,915","101,034","+/-7,136"
"541","Irish (050, 081)",128,"Native","515,732","+/-12,811","99,592","+/-7,171"
"541","Irish (050, 081)",129,"Male","48.3","+/-0.7","47.3","+/-2.2"
"541","Irish (050, 081)",130,"Female","51.7","+/-0.7","52.7","+/-2.2"
"541","Irish (050, 081)",131,"Foreign born","157,855","+/-9,450","1,442","+/-768"
"541","Irish (050, 081)",132,"Male","51.3","+/-1.9","25.9","+/-13.0"
"541","Irish (050, 081)",133,"Female","48.7","+/-1.9","74.1","+/-13.0"
"541","Irish (050, 081)",134,"Naturalized U.S. citizen","65,441","+/-5,102","920","+/-570"
"541","Irish (050, 081)",135,"Male","49.4","+/-3.1","27.7","+/-16.6"
"541","Irish (050, 081)",136,"Female","50.6","+/-3.1","72.3","+/-16.6"
"541","Irish (050, 081)",137,"Not a U.S. citizen","92,414","+/-7,061","522","+/-397"
"541","Irish (050, 081)",138,"Male","52.6","+/-2.7","22.6","+/-24.2"
"541","Irish (050, 081)",139,"Female","47.4","+/-2.7","77.4","+/-24.2"
"541","Irish (050, 081)",140,"Entered 2000 or later","34.4","+/-3.2","N","N"
"541","Irish (050, 081)",141,"Entered 1990 to 1999","31.3","+/-3.3","N","N"
"541","Irish (050, 081)",142,"Entered before 1990","34.3","+/-2.6","N","N"
"541","Irish (050, 081)",143,"Foreign-born population excluding population born at sea","157,855","+/-9,450","1,442","+/-768"
"541","Irish (050, 081)",144,"Europe","16.2","+/-2.1","N","N"
"541","Irish (050, 081)",145,"Asia","36.5","+/-2.9","N","N"
"541","Irish (050, 081)",146,"Africa","4.9","+/-1.6","N","N"
"541","Irish (050, 081)",147,"Oceania","0.2","+/-0.3","N","N"
"541","Irish (050, 081)",148,"Latin America","41.6","+/-3.0","N","N"
"541","Irish (050, 081)",149,"Northern America","0.5","+/-0.2","N","N"
"541","Irish (050, 081)",150,"Population 5 years and over","628,096","+/-12,096","95,192","+/-6,541"
"541","Irish (050, 081)",151,"English only","70.5","+/-1.3","98.3","+/-0.6"
"541","Irish (050, 081)",152,"Language other than English","29.5","+/-1.3","1.7","+/-0.6"
"541","Irish (050, 081)",153,"Speak English less than ""very well""","13.7","+/-1.0","0.2","+/-0.2"
"541","Irish (050, 081)",154,"Population 16 years and over","538,879","+/-9,098","80,317","+/-5,409"
"541","Irish (050, 081)",155,"In labor force","67.1","+/-1.0","71.0","+/-2.6"
"541","Irish (050, 081)",156,"Civilian labor force","67.1","+/-1.0","71.0","+/-2.6"
"541","Irish (050, 081)",157,"Employed","63.3","+/-1.0","67.7","+/-2.5"
"541","Irish (050, 081)",158,"Unemployed","3.8","+/-0.4","3.2","+/-1.1"
"541","Irish (050, 081)",159,"Percent of civilian labor force","5.7","+/-0.6","4.6","+/-1.5"
"541","Irish (050, 081)",160,"Armed Forces","0.0","+/-0.1","0.0","+/-0.2"
"541","Irish (050, 081)",161,"Not in labor force","32.9","+/-1.0","29.0","+/-2.6"
"541","Irish (050, 081)",162,"Females 16 years and over","277,529","+/-5,492","43,922","+/-3,163"
"541","Irish (050, 081)",163,"In labor force","59.4","+/-1.5","64.5","+/-3.9"
"541","Irish (050, 081)",164,"Civilian labor force","59.4","+/-1.5","64.5","+/-3.9"
"541","Irish (050, 081)",165,"Employed","55.6","+/-1.5","61.0","+/-3.9"
"541","Irish (050, 081)",166,"Unemployed","3.8","+/-0.6","3.4","+/-1.8"
"541","Irish (050, 081)",167,"Percent of civilian labor force","6.3","+/-0.9","5.3","+/-2.7"
"541","Irish (050, 081)",168,"Workers 16 years and over","329,853","+/-8,988","52,145","+/-4,243"
"541","Irish (050, 081)",169,"Car, truck, or van - drove alone","70.7","+/-1.3","80.4","+/-2.2"
"541","Irish (050, 081)",170,"Car, truck, or van - carpooled","10.7","+/-1.0","6.7","+/-1.5"
"541","Irish (050, 081)",171,"Public transportation (excluding taxicab)","9.0","+/-1.0","7.1","+/-1.8"
"541","Irish (050, 081)",172,"Walked","4.6","+/-0.8","3.3","+/-1.0"
"541","Irish (050, 081)",173,"Other means","2.3","+/-0.7","0.8","+/-0.6"
"541","Irish (050, 081)",174,"Worked at home","2.8","+/-0.5","1.7","+/-0.7"
"541","Irish (050, 081)",175,"Mean travel time to work (minutes)","31.1","+/-0.8","31.3","+/-2.0"
"541","Irish (050, 081)",176,"Civilian employed population 16 years and over","340,842","+/-8,824","54,385","+/-4,386"
"541","Irish (050, 081)",177,"Management, professional, and related occupations","38.1","+/-1.5","38.0","+/-3.1"
"541","Irish (050, 081)",178,"Service occupations","16.6","+/-1.1","13.5","+/-2.3"
"541","Irish (050, 081)",179,"Sales and office occupations","25.9","+/-1.3","31.0","+/-2.7"
"541","Irish (050, 081)",180,"Farming, fishing, and forestry occupations","0.2","+/-0.1","0.5","+/-0.6"
"541","Irish (050, 081)",181,"Construction, extraction, maintenance, and repair occupations","9.1","+/-1.0","10.2","+/-2.0"
"541","Irish (050, 081)",182,"Production, transportation, and material moving occupations","10.1","+/-1.1","6.8","+/-1.4"
"541","Irish (050, 081)",183,"Male civilian employed population 16 years and over","186,506","+/-5,690","27,578","+/-2,735"
"541","Irish (050, 081)",184,"Management, professional, and related occupations","36.4","+/-1.9","33.6","+/-4.2"
"541","Irish (050, 081)",185,"Service occupations","14.6","+/-1.3","14.8","+/-3.2"
"541","Irish (050, 081)",186,"Sales and office occupations","18.1","+/-1.4","19.8","+/-3.2"
"541","Irish (050, 081)",187,"Farming, fishing, and forestry occupations","0.4","+/-0.2","1.0","+/-1.1"
"541","Irish (050, 081)",188,"Construction, extraction, maintenance, and repair occupations","16.1","+/-1.7","19.7","+/-3.5"
"541","Irish (050, 081)",189,"Production, transportation, and material moving occupations","14.4","+/-1.6","11.1","+/-2.1"
"541","Irish (050, 081)",190,"Female civilian employed population 16 years and over","154,336","+/-5,371","26,807","+/-2,650"
"541","Irish (050, 081)",191,"Management, professional, and related occupations","40.1","+/-2.1","42.5","+/-4.7"
"541","Irish (050, 081)",192,"Service occupations","19.1","+/-1.9","12.1","+/-2.9"
"541","Irish (050, 081)",193,"Sales and office occupations","35.3","+/-2.0","42.5","+/-4.4"
"541","Irish (050, 081)",194,"Farming, fishing, and forestry occupations","0.0","+/-0.1","0.0","+/-0.7"
"541","Irish (050, 081)",195,"Construction, extraction, maintenance, and repair occupations","0.7","+/-0.4","0.4","+/-0.5"
"541","Irish (050, 081)",196,"Production, transportation, and material moving occupations","4.8","+/-1.0","2.5","+/-1.7"
"541","Irish (050, 081)",197,"Agriculture, forestry, fishing and hunting, and mining","0.3","+/-0.1","0.6","+/-0.6"
"541","Irish (050, 081)",198,"Construction","7.2","+/-1.0","6.2","+/-1.8"
"541","Irish (050, 081)",199,"Manufacturing","8.7","+/-0.9","6.1","+/-1.6"
"541","Irish (050, 081)",200,"Wholesale trade","3.8","+/-0.6","3.4","+/-1.3"
"541","Irish (050, 081)",201,"Retail trade","11.9","+/-1.0","14.8","+/-2.6"
"541","Irish (050, 081)",202,"Transportation and warehousing, and utilities","6.3","+/-0.8","7.0","+/-1.6"
"541","Irish (050, 081)",203,"Information","4.3","+/-0.7","5.8","+/-1.5"
"541","Irish (050, 081)",204,"Finance and insurance, and real estate and rental and leasing","8.8","+/-0.8","10.1","+/-1.9"
"541","Irish (050, 081)",205,"Professional, scientific, and management, and administrative and waste management services","11.9","+/-1.0","9.8","+/-2.0"
"541","Irish (050, 081)",206,"Educational services, and health care and social assistance","21.3","+/-1.3","20.7","+/-2.7"
"541","Irish (050, 081)",207,"Arts, entertainment, and recreation, and accommodation and food services","7.5","+/-0.8","7.6","+/-1.7"
"541","Irish (050, 081)",208,"Other services (except public administration)","3.9","+/-0.6","3.1","+/-1.0"
"541","Irish (050, 081)",209,"Public administration","4.2","+/-0.5","4.9","+/-1.3"
"541","Irish (050, 081)",210,"Private wage and salary workers","80.6","+/-1.1","79.5","+/-2.3"
"541","Irish (050, 081)",211,"Government workers","14.7","+/-1.0","16.5","+/-2.1"
"541","Irish (050, 081)",212,"Self-employed workers in own not incorporated business","4.5","+/-0.8","4.0","+/-1.4"
"541","Irish (050, 081)",213,"Unpaid family workers","0.1","+/-0.1","0.0","+/-0.3"
"541","Irish (050, 081)",214,"Households","242,233","+/-3,936","38,515","+/-2,809"
"541","Irish (050, 081)",215,"Median household income (dollars)","66,675","+/-3,305","72,080","+/-3,765"
"541","Irish (050, 081)",216,"With earnings","84.4","+/-0.9","84.8","+/-2.6"
"541","Irish (050, 081)",217,"Mean earnings (dollars)","85,400","+/-1,850","91,194","+/-6,820"
"541","Irish (050, 081)",218,"With Social Security income","24.7","+/-1.2","26.7","+/-3.0"
"541","Irish (050, 081)",219,"Mean Social Security income (dollars)","15,464","+/-526","16,149","+/-1,437"
"541","Irish (050, 081)",220,"With Supplemental Security Income","2.5","+/-0.4","2.4","+/-1.4"
"541","Irish (050, 081)",221,"Mean Supplemental Security Income (dollars)","7,628","+/-821","8,668","+/-2,305"
"541","Irish (050, 081)",222,"With cash public assistance income","1.9","+/-0.4","1.7","+/-1.0"
"541","Irish (050, 081)",223,"Mean cash public assistance income (dollars)","3,675","+/-871","1,125","+/-442"
"541","Irish (050, 081)",224,"With retirement income","15.0","+/-1.2","19.7","+/-2.9"
"541","Irish (050, 081)",225,"Mean retirement income (dollars)","22,402","+/-1,591","23,969","+/-3,058"
"541","Irish (050, 081)",226,"With Food Stamp benefits","4.0","+/-0.6","2.9","+/-1.3"
"541","Irish (050, 081)",227,"Families","164,436","+/-4,375","25,161","+/-2,130"
"541","Irish (050, 081)",228,"Median family income (dollars)","81,481","+/-2,293","86,619","+/-7,215"
"541","Irish (050, 081)",229,"Married-couple family","72.5","+/-1.7","71.5","+/-4.5"
"541","Irish (050, 081)",230,"Median income (dollars)","95,977","+/-3,119","106,743","+/-6,527"
"541","Irish (050, 081)",231,"Male householder, no spouse present, family","8.9","+/-1.4","7.2","+/-2.6"
"541","Irish (050, 081)",232,"Median income (dollars)","48,241","+/-6,037","72,673","+/-41,931"
"541","Irish (050, 081)",233,"Female householder, no husband present, family","18.5","+/-1.5","21.3","+/-4.0"
"541","Irish (050, 081)",234,"Median income (dollars)","42,497","+/-3,665","49,701","+/-4,892"
"541","Irish (050, 081)",235,"Individuals","673,587","+/-12,915","101,034","+/-7,136"
"541","Irish (050, 081)",236,"Per capita income (dollars)","31,567","+/-607","36,335","+/-2,358"
"541","Irish (050, 081)",237,"Male","141,473","+/-5,065","21,055","+/-2,408"
"541","Irish (050, 081)",238,"Female","92,371","+/-3,878","16,351","+/-1,952"
"541","Irish (050, 081)",239,"Male","68,775","+/-2,299","81,551","+/-8,509"
"541","Irish (050, 081)",240,"Female","51,118","+/-2,153","52,899","+/-3,262"
"541","Irish (050, 081)",241,"Male","53,157","+/-2,071","60,531","+/-4,834"
"541","Irish (050, 081)",242,"Female","41,996","+/-1,126","46,976","+/-2,612"
"541","Irish (050, 081)",243,"All families","5.6","+/-0.9","3.6","+/-2.3"
"541","Irish (050, 081)",244,"With related children under 18 years","8.7","+/-1.7","4.5","+/-3.9"
"541","Irish (050, 081)",245,"With related children under 5 years only","11.2","+/-4.8","N","N"
"541","Irish (050, 081)",246,"Married-couple family","3.1","+/-1.0","1.4","+/-1.4"
"541","Irish (050, 081)",247,"With related children under 18 years","4.4","+/-1.9","N","N"
"541","Irish (050, 081)",248,"With related children under 5 years only","9.3","+/-6.0","N","N"
"541","Irish (050, 081)",249,"Female householder, no husband present, family","16.6","+/-3.5","9.3","+/-7.5"
"541","Irish (050, 081)",250,"With related children under 18 years","23.5","+/-5.3","12.8","+/-11.2"
"541","Irish (050, 081)",251,"With related children under 5 years only","31.8","+/-13.3","N","N"
"541","Irish (050, 081)",252,"All people","8.5","+/-0.8","4.0","+/-1.6"
"541","Irish (050, 081)",253,"Under 18 years","10.6","+/-1.9","3.6","+/-2.5"
"541","Irish (050, 081)",254,"Related children under 18 years","10.1","+/-1.9","3.0","+/-2.3"
"541","Irish (050, 081)",255,"Related children under 5 years","15.4","+/-3.9","N","N"
"541","Irish (050, 081)",256,"Related children 5 to 17 years","7.9","+/-1.8","N","N"
"541","Irish (050, 081)",257,"18 years and over","7.9","+/-0.7","4.2","+/-1.5"
"541","Irish (050, 081)",258,"18 to 64 years","8.1","+/-0.9","4.3","+/-1.7"
"541","Irish (050, 081)",259,"65 years and over","6.9","+/-1.6","3.7","+/-2.3"
"541","Irish (050, 081)",260,"People in families","5.7","+/-1.0","2.4","+/-1.6"
"541","Irish (050, 081)",261,"Unrelated individuals 15 years and over","21.2","+/-2.0","11.7","+/-3.9"
"541","Irish (050, 081)",262,"Occupied housing units","242,233","+/-3,936","38,515","+/-2,809"
"541","Irish (050, 081)",263,"Owner-occupied housing units","62.6","+/-1.4","69.3","+/-3.4"
"541","Irish (050, 081)",264,"Renter-occupied housing units","37.4","+/-1.4","30.7","+/-3.4"
"541","Irish (050, 081)",265,"Average household size of owner-occupied unit","2.82","+/-0.06","2.82","+/-0.12"
"541","Irish (050, 081)",266,"Average household size of renter-occupied unit","2.49","+/-0.09","1.93","+/-0.15"
"541","Irish (050, 081)",267,"1-unit, detached or attached","61.9","+/-1.4","70.7","+/-4.3"
"541","Irish (050, 081)",268,"2 to 4 units","14.6","+/-1.0","11.3","+/-3.3"
"541","Irish (050, 081)",269,"5 or more units","22.8","+/-1.1","16.3","+/-2.9"
"541","Irish (050, 081)",270,"Mobile home, boat, RV, van, etc.","0.7","+/-0.3","1.7","+/-1.0"
"541","Irish (050, 081)",271,"Built 2000 or later","5.1","+/-0.7","4.6","+/-1.4"
"541","Irish (050, 081)",272,"Built 1990 to 1999","7.6","+/-0.7","3.3","+/-1.1"
"541","Irish (050, 081)",273,"Built 1980 to 1989","12.0","+/-1.2","10.7","+/-2.5"
"541","Irish (050, 081)",274,"Built 1960 to 1979","31.6","+/-1.4","28.7","+/-3.5"
"541","Irish (050, 081)",275,"Built 1940 to 1959","24.9","+/-1.4","30.9","+/-3.7"
"541","Irish (050, 081)",276,"Built 1939 or earlier","18.8","+/-1.0","21.7","+/-2.8"
"541","Irish (050, 081)",277,"None","9.6","+/-1.0","7.8","+/-2.2"
"541","Irish (050, 081)",278,"1 or more","90.4","+/-1.0","92.2","+/-2.2"
"541","Irish (050, 081)",279,"Gas","80.6","+/-1.2","78.9","+/-3.2"
"541","Irish (050, 081)",280,"Electricity","9.6","+/-0.9","10.8","+/-2.6"
"541","Irish (050, 081)",281,"All other fuels","9.6","+/-1.0","10.0","+/-2.2"
"541","Irish (050, 081)",282,"No fuel used","0.2","+/-0.1","0.3","+/-0.4"
"541","Irish (050, 081)",283,"No telephone service available","7.6","+/-1.0","6.3","+/-2.2"
"541","Irish (050, 081)",284,"1.01 or more occupants per room","3.6","+/-0.7","0.5","+/-0.5"
"541","Irish (050, 081)",285,"Owner-occupied housing units","151,669","+/-3,787","26,684","+/-2,115"
"541","Irish (050, 081)",286,"Less than 30 percent","56.5","+/-2.1","63.3","+/-4.2"
"541","Irish (050, 081)",287,"30 percent or more","43.5","+/-2.1","36.7","+/-4.2"
"541","Irish (050, 081)",288,"Median value (dollars)","374,500","+/-5,872","364,900","+/-12,369"
"541","Irish (050, 081)",289,"Median selected monthly owner costs with a mortgage (dollars)","2,261","+/-45","2,153","+/-85"
"541","Irish (050, 081)",290,"Median selected monthly owner costs without a mortgage (dollars)","833","+/-21","853","+/-46"
"541","Irish (050, 081)",291,"Renter-occupied housing units","90,564","+/-3,987","11,831","+/-1,720"
"541","Irish (050, 081)",292,"Less than 30 percent","50.7","+/-2.9","49.0","+/-7.7"
"541","Irish (050, 081)",293,"30 percent or more","49.3","+/-2.9","51.0","+/-7.7"
"541","Irish (050, 081)",294,"Median gross rent (dollars)","1,076","+/-25","1,107","+/-74"
"543","Italian (030-031, 051-074)",1,"Total population","673,587","+/-12,915","108,453","+/-7,838"
"543","Italian (030-031, 051-074)",2,"One race","98.3","+/-0.4","N","N"
"543","Italian (030-031, 051-074)",3,"Two races","1.6","+/-0.3","N","N"
"543","Italian (030-031, 051-074)",4,"Three races","0.1","+/-0.1","N","N"
"543","Italian (030-031, 051-074)",5,"Four or more races","0.0","+/-0.1","N","N"
"543","Italian (030-031, 051-074)",6,"Male","49.0","+/-0.6","47.8","+/-1.9"
"543","Italian (030-031, 051-074)",7,"Female","51.0","+/-0.6","52.2","+/-1.9"
"543","Italian (030-031, 051-074)",8,"Under 5 years","6.8","+/-0.4","7.0","+/-1.4"
"543","Italian (030-031, 051-074)",9,"5 to 17 years","15.8","+/-0.6","17.6","+/-2.3"
"543","Italian (030-031, 051-074)",10,"18 to 24 years","10.6","+/-0.5","10.2","+/-1.6"
"543","Italian (030-031, 051-074)",11,"25 to 34 years","14.5","+/-0.6","12.7","+/-1.8"
"543","Italian (030-031, 051-074)",12,"35 to 44 years","14.8","+/-0.7","14.7","+/-1.4"
"543","Italian (030-031, 051-074)",13,"45 to 54 years","14.6","+/-0.6","16.2","+/-1.7"
"543","Italian (030-031, 051-074)",14,"55 to 64 years","11.1","+/-0.6","10.1","+/-1.7"
"543","Italian (030-031, 051-074)",15,"65 to 74 years","6.2","+/-0.5","6.2","+/-1.3"
"543","Italian (030-031, 051-074)",16,"75 years and over","5.5","+/-0.4","5.2","+/-1.0"
"543","Italian (030-031, 051-074)",17,"Median age (years)","36.6","+/-0.6","36.6","+/-2.0"
"543","Italian (030-031, 051-074)",18,"18 years and over","77.4","+/-0.7","75.4","+/-2.5"
"543","Italian (030-031, 051-074)",19,"21 years and over","72.7","+/-0.7","70.4","+/-2.7"
"543","Italian (030-031, 051-074)",20,"62 years and over","14.2","+/-0.6","13.5","+/-1.7"
"543","Italian (030-031, 051-074)",21,"65 years and over","11.7","+/-0.6","11.4","+/-1.6"
"543","Italian (030-031, 051-074)",22,"Under 18 years","152,248","+/-6,276","26,719","+/-3,911"
"543","Italian (030-031, 051-074)",23,"Male","49.8","+/-1.7","52.8","+/-4.8"
"543","Italian (030-031, 051-074)",24,"Female","50.2","+/-1.7","47.2","+/-4.8"
"543","Italian (030-031, 051-074)",25,"18 years and over","521,339","+/-8,918","81,734","+/-5,479"
"543","Italian (030-031, 051-074)",26,"Male","48.8","+/-0.6","46.2","+/-2.0"
"543","Italian (030-031, 051-074)",27,"Female","51.2","+/-0.6","53.8","+/-2.0"
"543","Italian (030-031, 051-074)",28,"18 to 34 years","168,990","+/-5,365","24,869","+/-2,730"
"543","Italian (030-031, 051-074)",29,"Male","51.4","+/-1.3","52.1","+/-4.0"
"543","Italian (030-031, 051-074)",30,"Female","48.6","+/-1.3","47.9","+/-4.0"
"543","Italian (030-031, 051-074)",31,"35 to 64 years","273,266","+/-6,505","44,455","+/-3,443"
"543","Italian (030-031, 051-074)",32,"Male","49.2","+/-0.8","45.3","+/-2.9"
"543","Italian (030-031, 051-074)",33,"Female","50.8","+/-0.8","54.7","+/-2.9"
"543","Italian (030-031, 051-074)",34,"65 years and over","79,083","+/-3,488","12,410","+/-1,741"
"543","Italian (030-031, 051-074)",35,"Male","41.6","+/-1.5","37.6","+/-4.7"
"543","Italian (030-031, 051-074)",36,"Female","58.4","+/-1.5","62.4","+/-4.7"
"543","Italian (030-031, 051-074)",37,"Population in households","653,558","+/-12,794","107,460","+/-7,792"
"543","Italian (030-031, 051-074)",38,"Householder or spouse","55.3","+/-0.9","54.4","+/-2.3"
"543","Italian (030-031, 051-074)",39,"Child","30.7","+/-1.0","34.9","+/-2.5"
"543","Italian (030-031, 051-074)",40,"Other relatives","8.0","+/-0.8","6.3","+/-1.4"
"543","Italian (030-031, 051-074)",41,"Nonrelatives","6.1","+/-0.7","4.4","+/-1.3"
"543","Italian (030-031, 051-074)",42,"Unmarried partner","2.1","+/-0.3","0.9","+/-0.4"
"543","Italian (030-031, 051-074)",43,"Households","242,233","+/-3,936","39,786","+/-2,923"
"543","Italian (030-031, 051-074)",44,"Family households","67.9","+/-1.3","63.9","+/-3.9"
"543","Italian (030-031, 051-074)",45,"With own children under 18 years","33.2","+/-1.3","30.1","+/-3.9"
"543","Italian (030-031, 051-074)",46,"Married-couple family","49.2","+/-1.4","49.9","+/-3.7"
"543","Italian (030-031, 051-074)",47,"With own children under 18 years","23.2","+/-1.4","23.4","+/-3.2"
"543","Italian (030-031, 051-074)",48,"Female householder, no husband present, family","12.6","+/-1.1","9.9","+/-2.6"
"543","Italian (030-031, 051-074)",49,"With own children under 18 years","7.3","+/-0.9","5.3","+/-2.0"
"543","Italian (030-031, 051-074)",50,"Nonfamily households","32.1","+/-1.3","36.1","+/-3.9"
"543","Italian (030-031, 051-074)",51,"Male householder","14.5","+/-1.2","16.5","+/-2.7"
"543","Italian (030-031, 051-074)",52,"Living alone","10.7","+/-1.0","12.6","+/-2.8"
"543","Italian (030-031, 051-074)",53,"Not living alone","3.8","+/-0.7","3.9","+/-1.6"
"543","Italian (030-031, 051-074)",54,"Female householder","17.6","+/-1.2","19.6","+/-2.8"
"543","Italian (030-031, 051-074)",55,"Living alone","15.3","+/-1.1","16.0","+/-2.7"
"543","Italian (030-031, 051-074)",56,"Not living alone","2.3","+/-0.5","3.6","+/-1.4"
"543","Italian (030-031, 051-074)",57,"Average household size","2.70","+/-0.04","2.63","+/-0.13"
"543","Italian (030-031, 051-074)",58,"Average family size","3.26","+/-0.05","3.33","+/-0.14"
"543","Italian (030-031, 051-074)",59,"Population 15 years and over","545,347","+/-9,312","87,505","+/-5,892"
"543","Italian (030-031, 051-074)",60,"Now married, except separated","49.1","+/-1.4","48.4","+/-2.6"
"543","Italian (030-031, 051-074)",61,"Widowed","6.6","+/-0.5","5.6","+/-1.4"
"543","Italian (030-031, 051-074)",62,"Divorced","9.0","+/-0.8","9.2","+/-1.8"
"543","Italian (030-031, 051-074)",63,"Separated","2.2","+/-0.4","1.5","+/-0.7"
"543","Italian (030-031, 051-074)",64,"Never married","33.0","+/-1.1","35.4","+/-2.6"
"543","Italian (030-031, 051-074)",65,"Male 15 years and over","264,689","+/-5,794","40,383","+/-3,309"
"543","Italian (030-031, 051-074)",66,"Now married, except separated","52.7","+/-1.5","47.4","+/-3.6"
"543","Italian (030-031, 051-074)",67,"Widowed","2.5","+/-0.5","1.6","+/-0.9"
"543","Italian (030-031, 051-074)",68,"Divorced","7.7","+/-0.9","8.6","+/-2.4"
"543","Italian (030-031, 051-074)",69,"Separated","1.8","+/-0.4","1.6","+/-1.1"
"543","Italian (030-031, 051-074)",70,"Never married","35.3","+/-1.4","40.8","+/-4.0"
"543","Italian (030-031, 051-074)",71,"Female 15 years and over","280,658","+/-5,471","47,122","+/-3,578"
"543","Italian (030-031, 051-074)",72,"Now married, except separated","45.8","+/-1.6","49.2","+/-3.5"
"543","Italian (030-031, 051-074)",73,"Widowed","10.5","+/-0.9","9.0","+/-2.4"
"543","Italian (030-031, 051-074)",74,"Divorced","10.2","+/-1.0","9.6","+/-2.3"
"543","Italian (030-031, 051-074)",75,"Separated","2.6","+/-0.5","1.5","+/-0.8"
"543","Italian (030-031, 051-074)",76,"Never married","30.9","+/-1.3","30.7","+/-3.1"
"543","Italian (030-031, 051-074)",77,"Population 3 years and over enrolled in school","181,849","+/-7,079","31,299","+/-4,073"
"543","Italian (030-031, 051-074)",78,"Nursery school, preschool","7.7","+/-1.0","7.8","+/-2.5"
"543","Italian (030-031, 051-074)",79,"Kindergarten","4.3","+/-0.6","5.9","+/-2.1"
"543","Italian (030-031, 051-074)",80,"Elementary school (grades 1-8)","37.4","+/-1.7","33.4","+/-5.2"
"543","Italian (030-031, 051-074)",81,"High school (grades 9-12)","19.6","+/-1.3","24.0","+/-3.8"
"543","Italian (030-031, 051-074)",82,"College or graduate school","30.9","+/-1.5","28.9","+/-4.6"
"543","Italian (030-031, 051-074)",83,"Male 3 years and over enrolled in school","88,667","+/-4,658","16,507","+/-2,365"
"543","Italian (030-031, 051-074)",84,"Percent enrolled in kindergarten to grade 12","62.9","+/-2.6","63.0","+/-6.4"
"543","Italian (030-031, 051-074)",85,"Percent enrolled in college or graduate school","28.3","+/-2.4","26.3","+/-5.5"
"543","Italian (030-031, 051-074)",86,"Female 3 years and over enrolled in school","93,182","+/-4,337","14,792","+/-2,343"
"543","Italian (030-031, 051-074)",87,"Percent enrolled in kindergarten to grade 12","59.8","+/-2.7","63.6","+/-6.5"
"543","Italian (030-031, 051-074)",88,"Percent enrolled in college or graduate school","33.4","+/-2.4","31.8","+/-6.5"
"543","Italian (030-031, 051-074)",89,"Population 25 years and over","449,864","+/-7,052","70,652","+/-4,531"
"543","Italian (030-031, 051-074)",90,"Less than high school diploma","12.0","+/-0.9","9.5","+/-1.7"
"543","Italian (030-031, 051-074)",91,"High school graduate (includes equivalency)","31.2","+/-1.4","37.3","+/-3.1"
"543","Italian (030-031, 051-074)",92,"Some college or associate's degree","22.9","+/-1.1","25.3","+/-2.5"
"543","Italian (030-031, 051-074)",93,"Bachelor's degree","20.9","+/-1.2","18.4","+/-2.5"
"543","Italian (030-031, 051-074)",94,"Graduate or professional degree","13.0","+/-0.8","9.5","+/-1.5"
"543","Italian (030-031, 051-074)",95,"High school graduate or higher","88.0","+/-0.9","90.5","+/-1.7"
"543","Italian (030-031, 051-074)",96,"Male, high school graduate or higher","87.3","+/-1.3","89.3","+/-2.7"
"543","Italian (030-031, 051-074)",97,"Female, high school graduate or higher","88.7","+/-1.0","91.5","+/-2.5"
"543","Italian (030-031, 051-074)",98,"Bachelor's degree or higher","34.0","+/-1.2","28.0","+/-2.8"
"543","Italian (030-031, 051-074)",99,"Male, bachelor's degree or higher","36.4","+/-1.7","32.2","+/-4.4"
"543","Italian (030-031, 051-074)",100,"Female, bachelor's degree or higher","31.7","+/-1.4","24.5","+/-3.4"
"543","Italian (030-031, 051-074)",101,"Women 15 to 50 years","177,913","+/-5,559","29,521","+/-2,984"
"543","Italian (030-031, 051-074)",102,"Women 15 to 50 years who had a birth in the past 12 months","9,821","+/-1,844","1,249","+/-582"
"543","Italian (030-031, 051-074)",103,"Unmarried women 15 to 50 years who had a birth in the past 12 months","2,650","+/-760","422","+/-331"
"543","Italian (030-031, 051-074)",104,"As a percent of all women with a birth in the past 12 months","27.0","+/-7.7","33.8","+/-20.8"
"543","Italian (030-031, 051-074)",105,"Population 30 years and over","402,920","+/-6,607","63,742","+/-4,059"
"543","Italian (030-031, 051-074)",106,"Living with grandchild(ren)","3.6","+/-0.6","2.3","+/-0.9"
"543","Italian (030-031, 051-074)",107,"Responsible for grandchild(ren)","27.9","+/-7.8","16.4","+/-13.5"
"543","Italian (030-031, 051-074)",108,"Civilian population 18 years and over","521,276","+/-8,926","81,734","+/-5,479"
"543","Italian (030-031, 051-074)",109,"Civilian veteran","7.6","+/-0.6","7.5","+/-1.4"
"543","Italian (030-031, 051-074)",110,"Civilian population 5 years and over","620,082","+/-12,034","100,750","+/-7,042"
"543","Italian (030-031, 051-074)",111,"With any disability","10.8","+/-0.6","11.1","+/-1.6"
"543","Italian (030-031, 051-074)",112,"Civilian population 5 to 15 years","89,217","+/-5,021","14,703","+/-2,638"
"543","Italian (030-031, 051-074)",113,"With any disability","5.7","+/-1.4","7.8","+/-3.6"
"543","Italian (030-031, 051-074)",114,"Civilian population 16 to 64 years","458,821","+/-9,786","73,756","+/-5,556"
"543","Italian (030-031, 051-074)",115,"With any disability","7.8","+/-0.7","7.6","+/-1.7"
"543","Italian (030-031, 051-074)",116,"No disability","92.2","+/-0.7","92.4","+/-1.7"
"543","Italian (030-031, 051-074)",117,"Civilian population 65 years and over","72,044","+/-3,438","12,291","+/-1,750"
"543","Italian (030-031, 051-074)",118,"With any disability","35.5","+/-2.6","36.1","+/-6.7"
"543","Italian (030-031, 051-074)",119,"Population 1 year and over","664,317","+/-12,984","107,168","+/-7,647"
"543","Italian (030-031, 051-074)",120,"Same house","86.9","+/-1.1","91.0","+/-2.1"
"543","Italian (030-031, 051-074)",121,"Different house in the U.S.","12.0","+/-1.0","8.8","+/-2.0"
"543","Italian (030-031, 051-074)",122,"Same county","7.6","+/-0.9","6.2","+/-2.0"
"543","Italian (030-031, 051-074)",123,"Different county","4.5","+/-0.7","2.6","+/-0.7"
"543","Italian (030-031, 051-074)",124,"Same state","2.9","+/-0.6","1.6","+/-0.7"
"543","Italian (030-031, 051-074)",125,"Different state","1.6","+/-0.4","1.0","+/-0.5"
"543","Italian (030-031, 051-074)",126,"Abroad","1.0","+/-0.3","0.2","+/-0.3"
"543","Italian (030-031, 051-074)",127,"Total population","673,587","+/-12,915","108,453","+/-7,838"
"543","Italian (030-031, 051-074)",128,"Native","515,732","+/-12,811","102,558","+/-7,624"
"543","Italian (030-031, 051-074)",129,"Male","48.3","+/-0.7","47.7","+/-2.1"
"543","Italian (030-031, 051-074)",130,"Female","51.7","+/-0.7","52.3","+/-2.1"
"543","Italian (030-031, 051-074)",131,"Foreign born","157,855","+/-9,450","5,895","+/-2,286"
"543","Italian (030-031, 051-074)",132,"Male","51.3","+/-1.9","49.2","+/-8.7"
"543","Italian (030-031, 051-074)",133,"Female","48.7","+/-1.9","50.8","+/-8.7"
"543","Italian (030-031, 051-074)",134,"Naturalized U.S. citizen","65,441","+/-5,102","2,837","+/-1,081"
"543","Italian (030-031, 051-074)",135,"Male","49.4","+/-3.1","60.6","+/-10.7"
"543","Italian (030-031, 051-074)",136,"Female","50.6","+/-3.1","39.4","+/-10.7"
"543","Italian (030-031, 051-074)",137,"Not a U.S. citizen","92,414","+/-7,061","3,058","+/-1,921"
"543","Italian (030-031, 051-074)",138,"Male","52.6","+/-2.7","38.7","+/-10.7"
"543","Italian (030-031, 051-074)",139,"Female","47.4","+/-2.7","61.3","+/-10.7"
"543","Italian (030-031, 051-074)",140,"Entered 2000 or later","34.4","+/-3.2","28.3","+/-19.8"
"543","Italian (030-031, 051-074)",141,"Entered 1990 to 1999","31.3","+/-3.3","3.2","+/-3.9"
"543","Italian (030-031, 051-074)",142,"Entered before 1990","34.3","+/-2.6","68.4","+/-20.0"
"543","Italian (030-031, 051-074)",143,"Foreign-born population excluding population born at sea","157,855","+/-9,450","5,895","+/-2,286"
"543","Italian (030-031, 051-074)",144,"Europe","16.2","+/-2.1","N","N"
"543","Italian (030-031, 051-074)",145,"Asia","36.5","+/-2.9","N","N"
"543","Italian (030-031, 051-074)",146,"Africa","4.9","+/-1.6","N","N"
"543","Italian (030-031, 051-074)",147,"Oceania","0.2","+/-0.3","N","N"
"543","Italian (030-031, 051-074)",148,"Latin America","41.6","+/-3.0","N","N"
"543","Italian (030-031, 051-074)",149,"Northern America","0.5","+/-0.2","N","N"
"543","Italian (030-031, 051-074)",150,"Population 5 years and over","628,096","+/-12,096","100,869","+/-7,034"
"543","Italian (030-031, 051-074)",151,"English only","70.5","+/-1.3","91.3","+/-2.3"
"543","Italian (030-031, 051-074)",152,"Language other than English","29.5","+/-1.3","8.7","+/-2.3"
"543","Italian (030-031, 051-074)",153,"Speak English less than ""very well""","13.7","+/-1.0","2.0","+/-0.9"
"543","Italian (030-031, 051-074)",154,"Population 16 years and over","538,879","+/-9,098","86,166","+/-5,876"
"543","Italian (030-031, 051-074)",155,"In labor force","67.1","+/-1.0","69.1","+/-2.0"
"543","Italian (030-031, 051-074)",156,"Civilian labor force","67.1","+/-1.0","69.1","+/-2.0"
"543","Italian (030-031, 051-074)",157,"Employed","63.3","+/-1.0","65.1","+/-2.4"
"543","Italian (030-031, 051-074)",158,"Unemployed","3.8","+/-0.4","4.1","+/-1.2"
"543","Italian (030-031, 051-074)",159,"Percent of civilian labor force","5.7","+/-0.6","5.9","+/-1.7"
"543","Italian (030-031, 051-074)",160,"Armed Forces","0.0","+/-0.1","0.0","+/-0.2"
"543","Italian (030-031, 051-074)",161,"Not in labor force","32.9","+/-1.0","30.9","+/-2.0"
"543","Italian (030-031, 051-074)",162,"Females 16 years and over","277,529","+/-5,492","46,786","+/-3,570"
"543","Italian (030-031, 051-074)",163,"In labor force","59.4","+/-1.5","63.6","+/-2.8"
"543","Italian (030-031, 051-074)",164,"Civilian labor force","59.4","+/-1.5","63.6","+/-2.8"
"543","Italian (030-031, 051-074)",165,"Employed","55.6","+/-1.5","59.5","+/-3.1"
"543","Italian (030-031, 051-074)",166,"Unemployed","3.8","+/-0.6","4.1","+/-1.8"
"543","Italian (030-031, 051-074)",167,"Percent of civilian labor force","6.3","+/-0.9","6.4","+/-2.7"
"543","Italian (030-031, 051-074)",168,"Workers 16 years and over","329,853","+/-8,988","53,802","+/-4,027"
"543","Italian (030-031, 051-074)",169,"Car, truck, or van - drove alone","70.7","+/-1.3","77.5","+/-2.8"
"543","Italian (030-031, 051-074)",170,"Car, truck, or van - carpooled","10.7","+/-1.0","8.7","+/-2.2"
"543","Italian (030-031, 051-074)",171,"Public transportation (excluding taxicab)","9.0","+/-1.0","7.4","+/-1.7"
"543","Italian (030-031, 051-074)",172,"Walked","4.6","+/-0.8","2.7","+/-1.2"
"543","Italian (030-031, 051-074)",173,"Other means","2.3","+/-0.7","1.0","+/-0.5"
"543","Italian (030-031, 051-074)",174,"Worked at home","2.8","+/-0.5","2.6","+/-0.9"
"543","Italian (030-031, 051-074)",175,"Mean travel time to work (minutes)","31.1","+/-0.8","31.1","+/-2.1"
"543","Italian (030-031, 051-074)",176,"Civilian employed population 16 years and over","340,842","+/-8,824","56,060","+/-4,041"
"543","Italian (030-031, 051-074)",177,"Management, professional, and related occupations","38.1","+/-1.5","35.3","+/-3.4"
"543","Italian (030-031, 051-074)",178,"Service occupations","16.6","+/-1.1","18.5","+/-2.7"
"543","Italian (030-031, 051-074)",179,"Sales and office occupations","25.9","+/-1.3","30.0","+/-3.0"
"543","Italian (030-031, 051-074)",180,"Farming, fishing, and forestry occupations","0.2","+/-0.1","0.2","+/-0.3"
"543","Italian (030-031, 051-074)",181,"Construction, extraction, maintenance, and repair occupations","9.1","+/-1.0","9.0","+/-2.4"
"543","Italian (030-031, 051-074)",182,"Production, transportation, and material moving occupations","10.1","+/-1.1","7.0","+/-2.0"
"543","Italian (030-031, 051-074)",183,"Male civilian employed population 16 years and over","186,506","+/-5,690","28,216","+/-2,472"
"543","Italian (030-031, 051-074)",184,"Management, professional, and related occupations","36.4","+/-1.9","35.8","+/-4.8"
"543","Italian (030-031, 051-074)",185,"Service occupations","14.6","+/-1.3","16.5","+/-4.1"
"543","Italian (030-031, 051-074)",186,"Sales and office occupations","18.1","+/-1.4","18.6","+/-3.6"
"543","Italian (030-031, 051-074)",187,"Farming, fishing, and forestry occupations","0.4","+/-0.2","0.5","+/-0.6"
"543","Italian (030-031, 051-074)",188,"Construction, extraction, maintenance, and repair occupations","16.1","+/-1.7","17.4","+/-4.4"
"543","Italian (030-031, 051-074)",189,"Production, transportation, and material moving occupations","14.4","+/-1.6","11.2","+/-3.3"
"543","Italian (030-031, 051-074)",190,"Female civilian employed population 16 years and over","154,336","+/-5,371","27,844","+/-2,532"
"543","Italian (030-031, 051-074)",191,"Management, professional, and related occupations","40.1","+/-2.1","34.8","+/-4.7"
"543","Italian (030-031, 051-074)",192,"Service occupations","19.1","+/-1.9","20.5","+/-3.6"
"543","Italian (030-031, 051-074)",193,"Sales and office occupations","35.3","+/-2.0","41.6","+/-4.7"
"543","Italian (030-031, 051-074)",194,"Farming, fishing, and forestry occupations","0.0","+/-0.1","0.0","+/-0.6"
"543","Italian (030-031, 051-074)",195,"Construction, extraction, maintenance, and repair occupations","0.7","+/-0.4","0.5","+/-0.6"
"543","Italian (030-031, 051-074)",196,"Production, transportation, and material moving occupations","4.8","+/-1.0","2.7","+/-1.7"
"543","Italian (030-031, 051-074)",197,"Agriculture, forestry, fishing and hunting, and mining","0.3","+/-0.1","0.1","+/-0.2"
"543","Italian (030-031, 051-074)",198,"Construction","7.2","+/-1.0","8.3","+/-2.1"
"543","Italian (030-031, 051-074)",199,"Manufacturing","8.7","+/-0.9","6.1","+/-1.9"
"543","Italian (030-031, 051-074)",200,"Wholesale trade","3.8","+/-0.6","4.5","+/-1.3"
"543","Italian (030-031, 051-074)",201,"Retail trade","11.9","+/-1.0","13.4","+/-2.1"
"543","Italian (030-031, 051-074)",202,"Transportation and warehousing, and utilities","6.3","+/-0.8","4.8","+/-1.4"
"543","Italian (030-031, 051-074)",203,"Information","4.3","+/-0.7","5.1","+/-1.5"
"543","Italian (030-031, 051-074)",204,"Finance and insurance, and real estate and rental and leasing","8.8","+/-0.8","9.7","+/-2.1"
"543","Italian (030-031, 051-074)",205,"Professional, scientific, and management, and administrative and waste management services","11.9","+/-1.0","10.2","+/-1.9"
"543","Italian (030-031, 051-074)",206,"Educational services, and health care and social assistance","21.3","+/-1.3","20.4","+/-2.8"
"543","Italian (030-031, 051-074)",207,"Arts, entertainment, and recreation, and accommodation and food services","7.5","+/-0.8","7.9","+/-2.2"
"543","Italian (030-031, 051-074)",208,"Other services (except public administration)","3.9","+/-0.6","5.0","+/-2.0"
"543","Italian (030-031, 051-074)",209,"Public administration","4.2","+/-0.5","4.6","+/-1.4"
"543","Italian (030-031, 051-074)",210,"Private wage and salary workers","80.6","+/-1.1","78.0","+/-3.4"
"543","Italian (030-031, 051-074)",211,"Government workers","14.7","+/-1.0","16.3","+/-2.5"
"543","Italian (030-031, 051-074)",212,"Self-employed workers in own not incorporated business","4.5","+/-0.8","5.5","+/-2.3"
"543","Italian (030-031, 051-074)",213,"Unpaid family workers","0.1","+/-0.1","0.2","+/-0.2"
"543","Italian (030-031, 051-074)",214,"Households","242,233","+/-3,936","39,786","+/-2,923"
"543","Italian (030-031, 051-074)",215,"Median household income (dollars)","66,675","+/-3,305","75,698","+/-5,782"
"543","Italian (030-031, 051-074)",216,"With earnings","84.4","+/-0.9","85.0","+/-2.2"
"543","Italian (030-031, 051-074)",217,"Mean earnings (dollars)","85,400","+/-1,850","99,480","+/-6,106"
"543","Italian (030-031, 051-074)",218,"With Social Security income","24.7","+/-1.2","25.4","+/-3.7"
"543","Italian (030-031, 051-074)",219,"Mean Social Security income (dollars)","15,464","+/-526","15,125","+/-1,063"
"543","Italian (030-031, 051-074)",220,"With Supplemental Security Income","2.5","+/-0.4","1.4","+/-0.8"
"543","Italian (030-031, 051-074)",221,"Mean Supplemental Security Income (dollars)","7,628","+/-821","9,937","+/-3,267"
"543","Italian (030-031, 051-074)",222,"With cash public assistance income","1.9","+/-0.4","1.6","+/-1.2"
"543","Italian (030-031, 051-074)",223,"Mean cash public assistance income (dollars)","3,675","+/-871","7,153","+/-5,767"
"543","Italian (030-031, 051-074)",224,"With retirement income","15.0","+/-1.2","13.4","+/-2.1"
"543","Italian (030-031, 051-074)",225,"Mean retirement income (dollars)","22,402","+/-1,591","18,965","+/-3,755"
"543","Italian (030-031, 051-074)",226,"With Food Stamp benefits","4.0","+/-0.6","3.3","+/-1.6"
"543","Italian (030-031, 051-074)",227,"Families","164,436","+/-4,375","25,442","+/-2,244"
"543","Italian (030-031, 051-074)",228,"Median family income (dollars)","81,481","+/-2,293","96,531","+/-7,493"
"543","Italian (030-031, 051-074)",229,"Married-couple family","72.5","+/-1.7","78.0","+/-4.2"
"543","Italian (030-031, 051-074)",230,"Median income (dollars)","95,977","+/-3,119","108,890","+/-4,543"
"543","Italian (030-031, 051-074)",231,"Male householder, no spouse present, family","8.9","+/-1.4","6.6","+/-3.0"
"543","Italian (030-031, 051-074)",232,"Median income (dollars)","48,241","+/-6,037","82,798","+/-37,434"
"543","Italian (030-031, 051-074)",233,"Female householder, no husband present, family","18.5","+/-1.5","15.5","+/-3.7"
"543","Italian (030-031, 051-074)",234,"Median income (dollars)","42,497","+/-3,665","41,839","+/-19,515"
"543","Italian (030-031, 051-074)",235,"Individuals","673,587","+/-12,915","108,453","+/-7,838"
"543","Italian (030-031, 051-074)",236,"Per capita income (dollars)","31,567","+/-607","33,730","+/-2,484"
"543","Italian (030-031, 051-074)",237,"Male","141,473","+/-5,065","21,553","+/-2,162"
"543","Italian (030-031, 051-074)",238,"Female","92,371","+/-3,878","13,986","+/-2,196"
"543","Italian (030-031, 051-074)",239,"Male","68,775","+/-2,299","80,270","+/-7,920"
"543","Italian (030-031, 051-074)",240,"Female","51,118","+/-2,153","57,289","+/-7,708"
"543","Italian (030-031, 051-074)",241,"Male","53,157","+/-2,071","60,787","+/-3,146"
"543","Italian (030-031, 051-074)",242,"Female","41,996","+/-1,126","47,123","+/-3,672"
"543","Italian (030-031, 051-074)",243,"All families","5.6","+/-0.9","3.4","+/-1.6"
"543","Italian (030-031, 051-074)",244,"With related children under 18 years","8.7","+/-1.7","4.9","+/-2.6"
"543","Italian (030-031, 051-074)",245,"With related children under 5 years only","11.2","+/-4.8","7.3","+/-4.7"
"543","Italian (030-031, 051-074)",246,"Married-couple family","3.1","+/-1.0","1.3","+/-1.0"
"543","Italian (030-031, 051-074)",247,"With related children under 18 years","4.4","+/-1.9","1.6","+/-1.3"
"543","Italian (030-031, 051-074)",248,"With related children under 5 years only","9.3","+/-6.0","4.2","+/-3.7"
"543","Italian (030-031, 051-074)",249,"Female householder, no husband present, family","16.6","+/-3.5","11.6","+/-7.3"
"543","Italian (030-031, 051-074)",250,"With related children under 18 years","23.5","+/-5.3","17.6","+/-11.2"
"543","Italian (030-031, 051-074)",251,"With related children under 5 years only","31.8","+/-13.3","N","N"
"543","Italian (030-031, 051-074)",252,"All people","8.5","+/-0.8","5.1","+/-1.3"
"543","Italian (030-031, 051-074)",253,"Under 18 years","10.6","+/-1.9","2.5","+/-1.4"
"543","Italian (030-031, 051-074)",254,"Related children under 18 years","10.1","+/-1.9","2.3","+/-1.3"
"543","Italian (030-031, 051-074)",255,"Related children under 5 years","15.4","+/-3.9","1.2","+/-1.5"
"543","Italian (030-031, 051-074)",256,"Related children 5 to 17 years","7.9","+/-1.8","2.7","+/-1.8"
"543","Italian (030-031, 051-074)",257,"18 years and over","7.9","+/-0.7","5.9","+/-1.5"
"543","Italian (030-031, 051-074)",258,"18 to 64 years","8.1","+/-0.9","5.3","+/-1.8"
"543","Italian (030-031, 051-074)",259,"65 years and over","6.9","+/-1.6","9.3","+/-4.6"
"543","Italian (030-031, 051-074)",260,"People in families","5.7","+/-1.0","2.3","+/-1.1"
"543","Italian (030-031, 051-074)",261,"Unrelated individuals 15 years and over","21.2","+/-2.0","18.0","+/-5.0"
"543","Italian (030-031, 051-074)",262,"Occupied housing units","242,233","+/-3,936","39,786","+/-2,923"
"543","Italian (030-031, 051-074)",263,"Owner-occupied housing units","62.6","+/-1.4","68.8","+/-3.7"
"543","Italian (030-031, 051-074)",264,"Renter-occupied housing units","37.4","+/-1.4","31.2","+/-3.7"
"543","Italian (030-031, 051-074)",265,"Average household size of owner-occupied unit","2.82","+/-0.06","2.92","+/-0.12"
"543","Italian (030-031, 051-074)",266,"Average household size of renter-occupied unit","2.49","+/-0.09","2.00","+/-0.23"
"543","Italian (030-031, 051-074)",267,"1-unit, detached or attached","61.9","+/-1.4","67.0","+/-3.6"
"543","Italian (030-031, 051-074)",268,"2 to 4 units","14.6","+/-1.0","13.5","+/-3.0"
"543","Italian (030-031, 051-074)",269,"5 or more units","22.8","+/-1.1","18.6","+/-3.5"
"543","Italian (030-031, 051-074)",270,"Mobile home, boat, RV, van, etc.","0.7","+/-0.3","0.9","+/-0.6"
"543","Italian (030-031, 051-074)",271,"Built 2000 or later","5.1","+/-0.7","5.1","+/-1.5"
"543","Italian (030-031, 051-074)",272,"Built 1990 to 1999","7.6","+/-0.7","8.6","+/-2.3"
"543","Italian (030-031, 051-074)",273,"Built 1980 to 1989","12.0","+/-1.2","10.2","+/-2.1"
"543","Italian (030-031, 051-074)",274,"Built 1960 to 1979","31.6","+/-1.4","33.1","+/-3.5"
"543","Italian (030-031, 051-074)",275,"Built 1940 to 1959","24.9","+/-1.4","24.3","+/-3.2"
"543","Italian (030-031, 051-074)",276,"Built 1939 or earlier","18.8","+/-1.0","18.7","+/-3.0"
"543","Italian (030-031, 051-074)",277,"None","9.6","+/-1.0","6.9","+/-1.9"
"543","Italian (030-031, 051-074)",278,"1 or more","90.4","+/-1.0","93.1","+/-1.9"
"543","Italian (030-031, 051-074)",279,"Gas","80.6","+/-1.2","82.0","+/-3.0"
"543","Italian (030-031, 051-074)",280,"Electricity","9.6","+/-0.9","9.7","+/-2.7"
"543","Italian (030-031, 051-074)",281,"All other fuels","9.6","+/-1.0","8.0","+/-1.9"
"543","Italian (030-031, 051-074)",282,"No fuel used","0.2","+/-0.1","0.3","+/-0.4"
"543","Italian (030-031, 051-074)",283,"No telephone service available","7.6","+/-1.0","7.2","+/-2.1"
"543","Italian (030-031, 051-074)",284,"1.01 or more occupants per room","3.6","+/-0.7","0.9","+/-0.8"
"543","Italian (030-031, 051-074)",285,"Owner-occupied housing units","151,669","+/-3,787","27,371","+/-2,307"
"543","Italian (030-031, 051-074)",286,"Less than 30 percent","56.5","+/-2.1","59.0","+/-4.7"
"543","Italian (030-031, 051-074)",287,"30 percent or more","43.5","+/-2.1","41.0","+/-4.7"
"543","Italian (030-031, 051-074)",288,"Median value (dollars)","374,500","+/-5,872","397,700","+/-18,163"
"543","Italian (030-031, 051-074)",289,"Median selected monthly owner costs with a mortgage (dollars)","2,261","+/-45","2,188","+/-101"
"543","Italian (030-031, 051-074)",290,"Median selected monthly owner costs without a mortgage (dollars)","833","+/-21","863","+/-30"
"543","Italian (030-031, 051-074)",291,"Renter-occupied housing units","90,564","+/-3,987","12,415","+/-1,846"
"543","Italian (030-031, 051-074)",292,"Less than 30 percent","50.7","+/-2.9","57.5","+/-7.0"
"543","Italian (030-031, 051-074)",293,"30 percent or more","49.3","+/-2.9","42.5","+/-7.0"
"543","Italian (030-031, 051-074)",294,"Median gross rent (dollars)","1,076","+/-25","1,032","+/-98"
"600","Native",1,"Total population","673,587","+/-12,915","515,732","+/-12,811"
"600","Native",2,"One race","98.3","+/-0.4","98.0","+/-0.4"
"600","Native",3,"Two races","1.6","+/-0.3","1.9","+/-0.4"
"600","Native",4,"Three races","0.1","+/-0.1","0.1","+/-0.1"
"600","Native",5,"Four or more races","0.0","+/-0.1","0.0","+/-0.1"
"600","Native",6,"Male","49.0","+/-0.6","48.3","+/-0.7"
"600","Native",7,"Female","51.0","+/-0.6","51.7","+/-0.7"
"600","Native",8,"Under 5 years","6.8","+/-0.4","8.6","+/-0.6"
"600","Native",9,"5 to 17 years","15.8","+/-0.6","19.2","+/-0.8"
"600","Native",10,"18 to 24 years","10.6","+/-0.5","10.6","+/-0.6"
"600","Native",11,"25 to 34 years","14.5","+/-0.6","10.7","+/-0.7"
"600","Native",12,"35 to 44 years","14.8","+/-0.7","12.8","+/-0.7"
"600","Native",13,"45 to 54 years","14.6","+/-0.6","14.3","+/-0.7"
"600","Native",14,"55 to 64 years","11.1","+/-0.6","11.4","+/-0.7"
"600","Native",15,"65 to 74 years","6.2","+/-0.5","6.3","+/-0.5"
"600","Native",16,"75 years and over","5.5","+/-0.4","6.1","+/-0.4"
"600","Native",17,"Median age (years)","36.6","+/-0.6","35.8","+/-0.9"
"600","Native",18,"18 years and over","77.4","+/-0.7","72.2","+/-0.9"
"600","Native",19,"21 years and over","72.7","+/-0.7","66.9","+/-0.9"
"600","Native",20,"62 years and over","14.2","+/-0.6","14.8","+/-0.7"
"600","Native",21,"65 years and over","11.7","+/-0.6","12.4","+/-0.7"
"600","Native",22,"Under 18 years","152,248","+/-6,276","143,423","+/-6,012"
"600","Native",23,"Male","49.8","+/-1.7","50.4","+/-1.8"
"600","Native",24,"Female","50.2","+/-1.7","49.6","+/-1.8"
"600","Native",25,"18 years and over","521,339","+/-8,918","372,309","+/-9,711"
"600","Native",26,"Male","48.8","+/-0.6","47.5","+/-0.8"
"600","Native",27,"Female","51.2","+/-0.6","52.5","+/-0.8"
"600","Native",28,"18 to 34 years","168,990","+/-5,365","109,872","+/-5,714"
"600","Native",29,"Male","51.4","+/-1.3","50.1","+/-1.8"
"600","Native",30,"Female","48.6","+/-1.3","49.9","+/-1.8"
"600","Native",31,"35 to 64 years","273,266","+/-6,505","198,315","+/-6,160"
"600","Native",32,"Male","49.2","+/-0.8","47.8","+/-1.0"
"600","Native",33,"Female","50.8","+/-0.8","52.2","+/-1.0"
"600","Native",34,"65 years and over","79,083","+/-3,488","64,122","+/-3,183"
"600","Native",35,"Male","41.6","+/-1.5","42.0","+/-1.8"
"600","Native",36,"Female","58.4","+/-1.5","58.0","+/-1.8"
"600","Native",37,"Population in households","653,558","+/-12,794","497,611","+/-12,683"
"600","Native",38,"Householder or spouse","55.3","+/-0.9","52.2","+/-0.9"
"600","Native",39,"Child","30.7","+/-1.0","36.7","+/-1.1"
"600","Native",40,"Other relatives","8.0","+/-0.8","6.3","+/-0.9"
"600","Native",41,"Nonrelatives","6.1","+/-0.7","4.8","+/-0.7"
"600","Native",42,"Unmarried partner","2.1","+/-0.3","2.0","+/-0.3"
"600","Native",43,"Households","242,233","+/-3,936","179,618","+/-4,805"
"600","Native",44,"Family households","67.9","+/-1.3","63.4","+/-1.6"
"600","Native",45,"With own children under 18 years","33.2","+/-1.3","28.7","+/-1.4"
"600","Native",46,"Married-couple family","49.2","+/-1.4","45.4","+/-1.6"
"600","Native",47,"With own children under 18 years","23.2","+/-1.4","18.9","+/-1.3"
"600","Native",48,"Female householder, no husband present, family","12.6","+/-1.1","13.1","+/-1.3"
"600","Native",49,"With own children under 18 years","7.3","+/-0.9","7.7","+/-1.2"
"600","Native",50,"Nonfamily households","32.1","+/-1.3","36.6","+/-1.6"
"600","Native",51,"Male householder","14.5","+/-1.2","16.0","+/-1.5"
"600","Native",52,"Living alone","10.7","+/-1.0","12.3","+/-1.2"
"600","Native",53,"Not living alone","3.8","+/-0.7","3.7","+/-0.8"
"600","Native",54,"Female householder","17.6","+/-1.2","20.6","+/-1.4"
"600","Native",55,"Living alone","15.3","+/-1.1","18.1","+/-1.4"
"600","Native",56,"Not living alone","2.3","+/-0.5","2.4","+/-0.5"
"600","Native",57,"Average household size","2.70","+/-0.04","2.51","+/-0.05"
"600","Native",58,"Average family size","3.26","+/-0.05","3.17","+/-0.06"
"600","Native",59,"Population 15 years and over","545,347","+/-9,312","394,504","+/-10,287"
"600","Native",60,"Now married, except separated","49.1","+/-1.4","44.1","+/-1.5"
"600","Native",61,"Widowed","6.6","+/-0.5","7.4","+/-0.6"
"600","Native",62,"Divorced","9.0","+/-0.8","10.2","+/-1.0"
"600","Native",63,"Separated","2.2","+/-0.4","1.9","+/-0.3"
"600","Native",64,"Never married","33.0","+/-1.1","36.4","+/-1.4"
"600","Native",65,"Male 15 years and over","264,689","+/-5,794","186,179","+/-6,397"
"600","Native",66,"Now married, except separated","52.7","+/-1.5","48.1","+/-1.8"
"600","Native",67,"Widowed","2.5","+/-0.5","3.0","+/-0.7"
"600","Native",68,"Divorced","7.7","+/-0.9","8.8","+/-1.2"
"600","Native",69,"Separated","1.8","+/-0.4","1.7","+/-0.5"
"600","Native",70,"Never married","35.3","+/-1.4","38.4","+/-1.8"
"600","Native",71,"Female 15 years and over","280,658","+/-5,471","208,325","+/-5,648"
"600","Native",72,"Now married, except separated","45.8","+/-1.6","40.6","+/-1.6"
"600","Native",73,"Widowed","10.5","+/-0.9","11.3","+/-0.9"
"600","Native",74,"Divorced","10.2","+/-1.0","11.4","+/-1.2"
"600","Native",75,"Separated","2.6","+/-0.5","2.2","+/-0.5"
"600","Native",76,"Never married","30.9","+/-1.3","34.5","+/-1.5"
"600","Native",77,"Population 3 years and over enrolled in school","181,849","+/-7,079","161,574","+/-6,540"
"600","Native",78,"Nursery school, preschool","7.7","+/-1.0","8.4","+/-1.1"
"600","Native",79,"Kindergarten","4.3","+/-0.6","4.7","+/-0.7"
"600","Native",80,"Elementary school (grades 1-8)","37.4","+/-1.7","38.9","+/-1.9"
"600","Native",81,"High school (grades 9-12)","19.6","+/-1.3","19.9","+/-1.4"
"600","Native",82,"College or graduate school","30.9","+/-1.5","28.1","+/-1.6"
"600","Native",83,"Male 3 years and over enrolled in school","88,667","+/-4,658","78,913","+/-4,340"
"600","Native",84,"Percent enrolled in kindergarten to grade 12","62.9","+/-2.6","65.3","+/-2.5"
"600","Native",85,"Percent enrolled in college or graduate school","28.3","+/-2.4","25.1","+/-2.2"
"600","Native",86,"Female 3 years and over enrolled in school","93,182","+/-4,337","82,661","+/-3,997"
"600","Native",87,"Percent enrolled in kindergarten to grade 12","59.8","+/-2.7","61.8","+/-3.0"
"600","Native",88,"Percent enrolled in college or graduate school","33.4","+/-2.4","31.0","+/-2.7"
"600","Native",89,"Population 25 years and over","449,864","+/-7,052","317,719","+/-8,026"
"600","Native",90,"Less than high school diploma","12.0","+/-0.9","9.0","+/-0.8"
"600","Native",91,"High school graduate (includes equivalency)","31.2","+/-1.4","33.6","+/-1.6"
"600","Native",92,"Some college or associate's degree","22.9","+/-1.1","25.6","+/-1.3"
"600","Native",93,"Bachelor's degree","20.9","+/-1.2","20.7","+/-1.3"
"600","Native",94,"Graduate or professional degree","13.0","+/-0.8","11.0","+/-0.8"
"600","Native",95,"High school graduate or higher","88.0","+/-0.9","91.0","+/-0.8"
"600","Native",96,"Male, high school graduate or higher","87.3","+/-1.3","90.3","+/-1.3"
"600","Native",97,"Female, high school graduate or higher","88.7","+/-1.0","91.6","+/-1.0"
"600","Native",98,"Bachelor's degree or higher","34.0","+/-1.2","31.7","+/-1.4"
"600","Native",99,"Male, bachelor's degree or higher","36.4","+/-1.7","34.9","+/-2.2"
"600","Native",100,"Female, bachelor's degree or higher","31.7","+/-1.4","28.9","+/-1.5"
"600","Native",101,"Women 15 to 50 years","177,913","+/-5,559","126,360","+/-5,581"
"600","Native",102,"Women 15 to 50 years who had a birth in the past 12 months","9,821","+/-1,844","3,759","+/-873"
"600","Native",103,"Unmarried women 15 to 50 years who had a birth in the past 12 months","2,650","+/-760","1,361","+/-543"
"600","Native",104,"As a percent of all women with a birth in the past 12 months","27.0","+/-7.7","36.2","+/-11.7"
"600","Native",105,"Population 30 years and over","402,920","+/-6,607","289,018","+/-6,924"
"600","Native",106,"Living with grandchild(ren)","3.6","+/-0.6","2.6","+/-0.5"
"600","Native",107,"Responsible for grandchild(ren)","27.9","+/-7.8","35.2","+/-10.4"
"600","Native",108,"Civilian population 18 years and over","521,276","+/-8,926","372,246","+/-9,706"
"600","Native",109,"Civilian veteran","7.6","+/-0.6","10.1","+/-0.7"
"600","Native",110,"Civilian population 5 years and over","620,082","+/-12,034","464,794","+/-12,036"
"600","Native",111,"With any disability","10.8","+/-0.6","12.0","+/-0.8"
"600","Native",112,"Civilian population 5 to 15 years","89,217","+/-5,021","82,797","+/-4,771"
"600","Native",113,"With any disability","5.7","+/-1.4","6.0","+/-1.4"
"600","Native",114,"Civilian population 16 to 64 years","458,821","+/-9,786","323,865","+/-10,359"
"600","Native",115,"With any disability","7.8","+/-0.7","9.0","+/-0.8"
"600","Native",116,"No disability","92.2","+/-0.7","91.0","+/-0.8"
"600","Native",117,"Civilian population 65 years and over","72,044","+/-3,438","58,132","+/-3,011"
"600","Native",118,"With any disability","35.5","+/-2.6","37.2","+/-2.5"
"600","Native",119,"Population 1 year and over","664,317","+/-12,984","507,035","+/-13,125"
"600","Native",120,"Same house","86.9","+/-1.1","88.9","+/-1.2"
"600","Native",121,"Different house in the U.S.","12.0","+/-1.0","10.9","+/-1.2"
"600","Native",122,"Same county","7.6","+/-0.9","6.8","+/-0.9"
"600","Native",123,"Different county","4.5","+/-0.7","4.1","+/-0.7"
"600","Native",124,"Same state","2.9","+/-0.6","2.6","+/-0.6"
"600","Native",125,"Different state","1.6","+/-0.4","1.5","+/-0.4"
"600","Native",126,"Abroad","1.0","+/-0.3","0.3","+/-0.1"
"600","Native",127,"Total population","673,587","+/-12,915","515,732","+/-12,811"
"600","Native",128,"Native","515,732","+/-12,811","515,732","+/-12,811"
"600","Native",129,"Male","48.3","+/-0.7","48.3","+/-0.7"
"600","Native",130,"Female","51.7","+/-0.7","51.7","+/-0.7"
"600","Native",131,"Foreign born","157,855","+/-9,450","0","+/-277"
"600","Native",132,"Male","51.3","+/-1.9","-","**"
"600","Native",133,"Female","48.7","+/-1.9","-","**"
"600","Native",134,"Naturalized U.S. citizen","65,441","+/-5,102","N","N"
"600","Native",135,"Male","49.4","+/-3.1","-","**"
"600","Native",136,"Female","50.6","+/-3.1","-","**"
"600","Native",137,"Not a U.S. citizen","92,414","+/-7,061","N","N"
"600","Native",138,"Male","52.6","+/-2.7","-","**"
"600","Native",139,"Female","47.4","+/-2.7","-","**"
"600","Native",140,"Entered 2000 or later","34.4","+/-3.2","-","**"
"600","Native",141,"Entered 1990 to 1999","31.3","+/-3.3","-","**"
"600","Native",142,"Entered before 1990","34.3","+/-2.6","-","**"
"600","Native",143,"Foreign-born population excluding population born at sea","157,855","+/-9,450","N","N"
"600","Native",144,"Europe","16.2","+/-2.1","-","**"
"600","Native",145,"Asia","36.5","+/-2.9","-","**"
"600","Native",146,"Africa","4.9","+/-1.6","-","**"
"600","Native",147,"Oceania","0.2","+/-0.3","-","**"
"600","Native",148,"Latin America","41.6","+/-3.0","-","**"
"600","Native",149,"Northern America","0.5","+/-0.2","-","**"
"600","Native",150,"Population 5 years and over","628,096","+/-12,096","471,541","+/-12,111"
"600","Native",151,"English only","70.5","+/-1.3","88.9","+/-0.8"
"600","Native",152,"Language other than English","29.5","+/-1.3","11.1","+/-0.8"
"600","Native",153,"Speak English less than ""very well""","13.7","+/-1.0","2.5","+/-0.5"
"600","Native",154,"Population 16 years and over","538,879","+/-9,098","388,744","+/-10,219"
"600","Native",155,"In labor force","67.1","+/-1.0","65.7","+/-1.2"
"600","Native",156,"Civilian labor force","67.1","+/-1.0","65.7","+/-1.2"
"600","Native",157,"Employed","63.3","+/-1.0","61.8","+/-1.2"
"600","Native",158,"Unemployed","3.8","+/-0.4","3.9","+/-0.5"
"600","Native",159,"Percent of civilian labor force","5.7","+/-0.6","6.0","+/-0.8"
"600","Native",160,"Armed Forces","0.0","+/-0.1","0.0","+/-0.1"
"600","Native",161,"Not in labor force","32.9","+/-1.0","34.3","+/-1.2"
"600","Native",162,"Females 16 years and over","277,529","+/-5,492","205,377","+/-5,649"
"600","Native",163,"In labor force","59.4","+/-1.5","60.6","+/-1.5"
"600","Native",164,"Civilian labor force","59.4","+/-1.5","60.6","+/-1.5"
"600","Native",165,"Employed","55.6","+/-1.5","56.9","+/-1.6"
"600","Native",166,"Unemployed","3.8","+/-0.6","3.7","+/-0.7"
"600","Native",167,"Percent of civilian labor force","6.3","+/-0.9","6.1","+/-1.2"
"600","Native",168,"Workers 16 years and over","329,853","+/-8,988","232,308","+/-8,543"
"600","Native",169,"Car, truck, or van - drove alone","70.7","+/-1.3","77.6","+/-1.4"
"600","Native",170,"Car, truck, or van - carpooled","10.7","+/-1.0","7.2","+/-0.9"
"600","Native",171,"Public transportation (excluding taxicab)","9.0","+/-1.0","6.8","+/-0.9"
"600","Native",172,"Walked","4.6","+/-0.8","3.9","+/-0.6"
"600","Native",173,"Other means","2.3","+/-0.7","1.4","+/-0.4"
"600","Native",174,"Worked at home","2.8","+/-0.5","3.0","+/-0.6"
"600","Native",175,"Mean travel time to work (minutes)","31.1","+/-0.8","30.1","+/-1.0"
"600","Native",176,"Civilian employed population 16 years and over","340,842","+/-8,824","240,209","+/-8,354"
"600","Native",177,"Management, professional, and related occupations","38.1","+/-1.5","39.3","+/-1.6"
"600","Native",178,"Service occupations","16.6","+/-1.1","15.6","+/-1.1"
"600","Native",179,"Sales and office occupations","25.9","+/-1.3","29.4","+/-1.4"
"600","Native",180,"Farming, fishing, and forestry occupations","0.2","+/-0.1","0.2","+/-0.2"
"600","Native",181,"Construction, extraction, maintenance, and repair occupations","9.1","+/-1.0","8.1","+/-1.0"
"600","Native",182,"Production, transportation, and material moving occupations","10.1","+/-1.1","7.4","+/-1.0"
"600","Native",183,"Male civilian employed population 16 years and over","186,506","+/-5,690","123,445","+/-5,744"
"600","Native",184,"Management, professional, and related occupations","36.4","+/-1.9","37.2","+/-2.3"
"600","Native",185,"Service occupations","14.6","+/-1.3","14.5","+/-1.5"
"600","Native",186,"Sales and office occupations","18.1","+/-1.4","20.5","+/-1.7"
"600","Native",187,"Farming, fishing, and forestry occupations","0.4","+/-0.2","0.4","+/-0.3"
"600","Native",188,"Construction, extraction, maintenance, and repair occupations","16.1","+/-1.7","15.2","+/-1.8"
"600","Native",189,"Production, transportation, and material moving occupations","14.4","+/-1.6","12.2","+/-1.8"
"600","Native",190,"Female civilian employed population 16 years and over","154,336","+/-5,371","116,764","+/-4,461"
"600","Native",191,"Management, professional, and related occupations","40.1","+/-2.1","41.5","+/-2.3"
"600","Native",192,"Service occupations","19.1","+/-1.9","16.7","+/-1.8"
"600","Native",193,"Sales and office occupations","35.3","+/-2.0","38.8","+/-2.3"
"600","Native",194,"Farming, fishing, and forestry occupations","0.0","+/-0.1","0.0","+/-0.2"
"600","Native",195,"Construction, extraction, maintenance, and repair occupations","0.7","+/-0.4","0.6","+/-0.3"
"600","Native",196,"Production, transportation, and material moving occupations","4.8","+/-1.0","2.5","+/-0.9"
"600","Native",197,"Agriculture, forestry, fishing and hunting, and mining","0.3","+/-0.1","0.3","+/-0.2"
"600","Native",198,"Construction","7.2","+/-1.0","5.8","+/-0.8"
"600","Native",199,"Manufacturing","8.7","+/-0.9","6.9","+/-1.0"
"600","Native",200,"Wholesale trade","3.8","+/-0.6","3.8","+/-0.6"
"600","Native",201,"Retail trade","11.9","+/-1.0","13.0","+/-1.2"
"600","Native",202,"Transportation and warehousing, and utilities","6.3","+/-0.8","6.5","+/-1.0"
"600","Native",203,"Information","4.3","+/-0.7","4.4","+/-0.8"
"600","Native",204,"Finance and insurance, and real estate and rental and leasing","8.8","+/-0.8","9.2","+/-0.9"
"600","Native",205,"Professional, scientific, and management, and administrative and waste management services","11.9","+/-1.0","10.7","+/-1.1"
"600","Native",206,"Educational services, and health care and social assistance","21.3","+/-1.3","23.3","+/-1.5"
"600","Native",207,"Arts, entertainment, and recreation, and accommodation and food services","7.5","+/-0.8","7.3","+/-1.0"
"600","Native",208,"Other services (except public administration)","3.9","+/-0.6","3.3","+/-0.5"
"600","Native",209,"Public administration","4.2","+/-0.5","5.4","+/-0.7"
"600","Native",210,"Private wage and salary workers","80.6","+/-1.1","77.9","+/-1.2"
"600","Native",211,"Government workers","14.7","+/-1.0","17.3","+/-1.3"
"600","Native",212,"Self-employed workers in own not incorporated business","4.5","+/-0.8","4.6","+/-0.7"
"600","Native",213,"Unpaid family workers","0.1","+/-0.1","0.1","+/-0.1"
"600","Native",214,"Households","242,233","+/-3,936","179,618","+/-4,805"
"600","Native",215,"Median household income (dollars)","66,675","+/-3,305","67,201","+/-4,187"
"600","Native",216,"With earnings","84.4","+/-0.9","81.6","+/-1.2"
"600","Native",217,"Mean earnings (dollars)","85,400","+/-1,850","87,224","+/-2,636"
"600","Native",218,"With Social Security income","24.7","+/-1.2","28.7","+/-1.4"
"600","Native",219,"Mean Social Security income (dollars)","15,464","+/-526","15,556","+/-544"
"600","Native",220,"With Supplemental Security Income","2.5","+/-0.4","2.6","+/-0.6"
"600","Native",221,"Mean Supplemental Security Income (dollars)","7,628","+/-821","7,734","+/-999"
"600","Native",222,"With cash public assistance income","1.9","+/-0.4","2.1","+/-0.6"
"600","Native",223,"Mean cash public assistance income (dollars)","3,675","+/-871","4,031","+/-1,096"
"600","Native",224,"With retirement income","15.0","+/-1.2","18.3","+/-1.6"
"600","Native",225,"Mean retirement income (dollars)","22,402","+/-1,591","22,958","+/-1,700"
"600","Native",226,"With Food Stamp benefits","4.0","+/-0.6","3.9","+/-0.8"
"600","Native",227,"Families","164,436","+/-4,375","113,934","+/-3,954"
"600","Native",228,"Median family income (dollars)","81,481","+/-2,293","84,496","+/-3,240"
"600","Native",229,"Married-couple family","72.5","+/-1.7","71.5","+/-2.2"
"600","Native",230,"Median income (dollars)","95,977","+/-3,119","100,789","+/-3,103"
"600","Native",231,"Male householder, no spouse present, family","8.9","+/-1.4","7.8","+/-1.6"
"600","Native",232,"Median income (dollars)","48,241","+/-6,037","63,076","+/-29,169"
"600","Native",233,"Female householder, no husband present, family","18.5","+/-1.5","20.7","+/-2.0"
"600","Native",234,"Median income (dollars)","42,497","+/-3,665","43,775","+/-3,928"
"600","Native",235,"Individuals","673,587","+/-12,915","515,732","+/-12,811"
"600","Native",236,"Per capita income (dollars)","31,567","+/-607","31,131","+/-781"
"600","Native",237,"Male","141,473","+/-5,065","92,250","+/-4,441"
"600","Native",238,"Female","92,371","+/-3,878","69,407","+/-3,716"
"600","Native",239,"Male","68,775","+/-2,299","75,597","+/-2,907"
"600","Native",240,"Female","51,118","+/-2,153","52,532","+/-2,609"
"600","Native",241,"Male","53,157","+/-2,071","60,059","+/-4,233"
"600","Native",242,"Female","41,996","+/-1,126","44,953","+/-2,568"
"600","Native",243,"All families","5.6","+/-0.9","4.9","+/-1.0"
"600","Native",244,"With related children under 18 years","8.7","+/-1.7","8.0","+/-1.9"
"600","Native",245,"With related children under 5 years only","11.2","+/-4.8","6.9","+/-3.6"
"600","Native",246,"Married-couple family","3.1","+/-1.0","1.8","+/-0.8"
"600","Native",247,"With related children under 18 years","4.4","+/-1.9","2.2","+/-1.4"
"600","Native",248,"With related children under 5 years only","9.3","+/-6.0","4.0","+/-3.5"
"600","Native",249,"Female householder, no husband present, family","16.6","+/-3.5","15.5","+/-4.0"
"600","Native",250,"With related children under 18 years","23.5","+/-5.3","21.8","+/-5.9"
"600","Native",251,"With related children under 5 years only","31.8","+/-13.3","20.9","+/-12.6"
"600","Native",252,"All people","8.5","+/-0.8","7.9","+/-0.9"
"600","Native",253,"Under 18 years","10.6","+/-1.9","10.3","+/-2.0"
"600","Native",254,"Related children under 18 years","10.1","+/-1.9","9.8","+/-2.0"
"600","Native",255,"Related children under 5 years","15.4","+/-3.9","14.5","+/-3.8"
"600","Native",256,"Related children 5 to 17 years","7.9","+/-1.8","7.7","+/-1.9"
"600","Native",257,"18 years and over","7.9","+/-0.7","7.0","+/-0.8"
"600","Native",258,"18 to 64 years","8.1","+/-0.9","7.0","+/-0.9"
"600","Native",259,"65 years and over","6.9","+/-1.6","6.9","+/-1.8"
"600","Native",260,"People in families","5.7","+/-1.0","5.5","+/-1.0"
"600","Native",261,"Unrelated individuals 15 years and over","21.2","+/-2.0","18.8","+/-2.2"
"600","Native",262,"Occupied housing units","242,233","+/-3,936","179,618","+/-4,805"
"600","Native",263,"Owner-occupied housing units","62.6","+/-1.4","66.9","+/-1.5"
"600","Native",264,"Renter-occupied housing units","37.4","+/-1.4","33.1","+/-1.5"
"600","Native",265,"Average household size of owner-occupied unit","2.82","+/-0.06","2.70","+/-0.06"
"600","Native",266,"Average household size of renter-occupied unit","2.49","+/-0.09","2.12","+/-0.09"
"600","Native",267,"1-unit, detached or attached","61.9","+/-1.4","67.1","+/-1.6"
"600","Native",268,"2 to 4 units","14.6","+/-1.0","12.4","+/-1.2"
"600","Native",269,"5 or more units","22.8","+/-1.1","19.5","+/-1.2"
"600","Native",270,"Mobile home, boat, RV, van, etc.","0.7","+/-0.3","1.0","+/-0.4"
"600","Native",271,"Built 2000 or later","5.1","+/-0.7","5.2","+/-0.8"
"600","Native",272,"Built 1990 to 1999","7.6","+/-0.7","6.3","+/-0.8"
"600","Native",273,"Built 1980 to 1989","12.0","+/-1.2","10.9","+/-1.2"
"600","Native",274,"Built 1960 to 1979","31.6","+/-1.4","30.9","+/-1.5"
"600","Native",275,"Built 1940 to 1959","24.9","+/-1.4","26.6","+/-1.5"
"600","Native",276,"Built 1939 or earlier","18.8","+/-1.0","20.2","+/-1.4"
"600","Native",277,"None","9.6","+/-1.0","8.2","+/-0.9"
"600","Native",278,"1 or more","90.4","+/-1.0","91.8","+/-0.9"
"600","Native",279,"Gas","80.6","+/-1.2","79.8","+/-1.4"
"600","Native",280,"Electricity","9.6","+/-0.9","9.9","+/-1.0"
"600","Native",281,"All other fuels","9.6","+/-1.0","10.1","+/-1.1"
"600","Native",282,"No fuel used","0.2","+/-0.1","0.2","+/-0.2"
"600","Native",283,"No telephone service available","7.6","+/-1.0","7.0","+/-1.1"
"600","Native",284,"1.01 or more occupants per room","3.6","+/-0.7","1.2","+/-0.6"
"600","Native",285,"Owner-occupied housing units","151,669","+/-3,787","120,131","+/-3,572"
"600","Native",286,"Less than 30 percent","56.5","+/-2.1","59.0","+/-2.3"
"600","Native",287,"30 percent or more","43.5","+/-2.1","41.0","+/-2.3"
"600","Native",288,"Median value (dollars)","374,500","+/-5,872","368,700","+/-6,212"
"600","Native",289,"Median selected monthly owner costs with a mortgage (dollars)","2,261","+/-45","2,192","+/-48"
"600","Native",290,"Median selected monthly owner costs without a mortgage (dollars)","833","+/-21","831","+/-21"
"600","Native",291,"Renter-occupied housing units","90,564","+/-3,987","59,487","+/-3,410"
"600","Native",292,"Less than 30 percent","50.7","+/-2.9","49.3","+/-3.9"
"600","Native",293,"30 percent or more","49.3","+/-2.9","50.7","+/-3.9"
"600","Native",294,"Median gross rent (dollars)","1,076","+/-25","1,039","+/-38"
"601","Foreign born",1,"Total population","673,587","+/-12,915","157,855","+/-9,450"
"601","Foreign born",2,"One race","98.3","+/-0.4","N","N"
"601","Foreign born",3,"Two races","1.6","+/-0.3","N","N"
"601","Foreign born",4,"Three races","0.1","+/-0.1","N","N"
"601","Foreign born",5,"Four or more races","0.0","+/-0.1","N","N"
"601","Foreign born",6,"Male","49.0","+/-0.6","51.3","+/-1.9"
"601","Foreign born",7,"Female","51.0","+/-0.6","48.7","+/-1.9"
"601","Foreign born",8,"Under 5 years","6.8","+/-0.4","0.8","+/-0.7"
"601","Foreign born",9,"5 to 17 years","15.8","+/-0.6","4.8","+/-1.0"
"601","Foreign born",10,"18 to 24 years","10.6","+/-0.5","10.7","+/-1.5"
"601","Foreign born",11,"25 to 34 years","14.5","+/-0.6","26.8","+/-2.0"
"601","Foreign born",12,"35 to 44 years","14.8","+/-0.7","21.6","+/-2.0"
"601","Foreign born",13,"45 to 54 years","14.6","+/-0.6","15.9","+/-1.7"
"601","Foreign born",14,"55 to 64 years","11.1","+/-0.6","9.9","+/-1.3"
"601","Foreign born",15,"65 to 74 years","6.2","+/-0.5","5.8","+/-1.0"
"601","Foreign born",16,"75 years and over","5.5","+/-0.4","3.7","+/-0.7"
"601","Foreign born",17,"Median age (years)","36.6","+/-0.6","38.0","+/-1.1"
"601","Foreign born",18,"18 years and over","77.4","+/-0.7","94.4","+/-1.2"
"601","Foreign born",19,"21 years and over","72.7","+/-0.7","91.5","+/-1.4"
"601","Foreign born",20,"62 years and over","14.2","+/-0.6","12.1","+/-1.4"
"601","Foreign born",21,"65 years and over","11.7","+/-0.6","9.5","+/-1.3"
"601","Foreign born",22,"Under 18 years","152,248","+/-6,276","8,825","+/-1,969"
"601","Foreign born",23,"Male","49.8","+/-1.7","39.9","+/-8.9"
"601","Foreign born",24,"Female","50.2","+/-1.7","60.1","+/-8.9"
"601","Foreign born",25,"18 years and over","521,339","+/-8,918","149,030","+/-8,874"
"601","Foreign born",26,"Male","48.8","+/-0.6","52.0","+/-1.8"
"601","Foreign born",27,"Female","51.2","+/-0.6","48.0","+/-1.8"
"601","Foreign born",28,"18 to 34 years","168,990","+/-5,365","59,118","+/-5,267"
"601","Foreign born",29,"Male","51.4","+/-1.3","53.8","+/-2.9"
"601","Foreign born",30,"Female","48.6","+/-1.3","46.2","+/-2.9"
"601","Foreign born",31,"35 to 64 years","273,266","+/-6,505","74,951","+/-5,249"
"601","Foreign born",32,"Male","49.2","+/-0.8","52.8","+/-2.4"
"601","Foreign born",33,"Female","50.8","+/-0.8","47.2","+/-2.4"
"601","Foreign born",34,"65 years and over","79,083","+/-3,488","14,961","+/-2,148"
"601","Foreign born",35,"Male","41.6","+/-1.5","40.3","+/-5.3"
"601","Foreign born",36,"Female","58.4","+/-1.5","59.7","+/-5.3"
"601","Foreign born",37,"Population in households","653,558","+/-12,794","155,947","+/-9,454"
"601","Foreign born",38,"Householder or spouse","55.3","+/-0.9","65.1","+/-2.5"
"601","Foreign born",39,"Child","30.7","+/-1.0","11.3","+/-1.6"
"601","Foreign born",40,"Other relatives","8.0","+/-0.8","13.4","+/-2.0"
"601","Foreign born",41,"Nonrelatives","6.1","+/-0.7","10.3","+/-1.9"
"601","Foreign born",42,"Unmarried partner","2.1","+/-0.3","2.4","+/-0.6"
"601","Foreign born",43,"Households","242,233","+/-3,936","62,615","+/-3,743"
"601","Foreign born",44,"Family households","67.9","+/-1.3","80.7","+/-2.1"
"601","Foreign born",45,"With own children under 18 years","33.2","+/-1.3","46.0","+/-3.5"
"601","Foreign born",46,"Married-couple family","49.2","+/-1.4","60.4","+/-3.4"
"601","Foreign born",47,"With own children under 18 years","23.2","+/-1.4","35.6","+/-3.4"
"601","Foreign born",48,"Female householder, no husband present, family","12.6","+/-1.1","11.0","+/-2.1"
"601","Foreign born",49,"With own children under 18 years","7.3","+/-0.9","6.0","+/-1.6"
"601","Foreign born",50,"Nonfamily households","32.1","+/-1.3","19.3","+/-2.1"
"601","Foreign born",51,"Male householder","14.5","+/-1.2","10.4","+/-2.0"
"601","Foreign born",52,"Living alone","10.7","+/-1.0","6.3","+/-1.5"
"601","Foreign born",53,"Not living alone","3.8","+/-0.7","4.1","+/-1.5"
"601","Foreign born",54,"Female householder","17.6","+/-1.2","9.0","+/-1.8"
"601","Foreign born",55,"Living alone","15.3","+/-1.1","7.2","+/-1.6"
"601","Foreign born",56,"Not living alone","2.3","+/-0.5","1.8","+/-0.8"
"601","Foreign born",57,"Average household size","2.70","+/-0.04","3.25","+/-0.12"
"601","Foreign born",58,"Average family size","3.26","+/-0.05","3.47","+/-0.12"
"601","Foreign born",59,"Population 15 years and over","545,347","+/-9,312","150,843","+/-8,894"
"601","Foreign born",60,"Now married, except separated","49.1","+/-1.4","62.2","+/-3.1"
"601","Foreign born",61,"Widowed","6.6","+/-0.5","4.7","+/-1.0"
"601","Foreign born",62,"Divorced","9.0","+/-0.8","6.0","+/-1.1"
"601","Foreign born",63,"Separated","2.2","+/-0.4","3.0","+/-0.9"
"601","Foreign born",64,"Never married","33.0","+/-1.1","24.2","+/-2.3"
"601","Foreign born",65,"Male 15 years and over","264,689","+/-5,794","78,510","+/-5,894"
"601","Foreign born",66,"Now married, except separated","52.7","+/-1.5","63.5","+/-3.7"
"601","Foreign born",67,"Widowed","2.5","+/-0.5","1.3","+/-0.6"
"601","Foreign born",68,"Divorced","7.7","+/-0.9","5.2","+/-1.3"
"601","Foreign born",69,"Separated","1.8","+/-0.4","2.2","+/-0.9"
"601","Foreign born",70,"Never married","35.3","+/-1.4","27.8","+/-3.4"
"601","Foreign born",71,"Female 15 years and over","280,658","+/-5,471","72,333","+/-4,530"
"601","Foreign born",72,"Now married, except separated","45.8","+/-1.6","60.8","+/-3.9"
"601","Foreign born",73,"Widowed","10.5","+/-0.9","8.4","+/-1.9"
"601","Foreign born",74,"Divorced","10.2","+/-1.0","6.8","+/-1.7"
"601","Foreign born",75,"Separated","2.6","+/-0.5","3.7","+/-1.7"
"601","Foreign born",76,"Never married","30.9","+/-1.3","20.2","+/-2.9"
"601","Foreign born",77,"Population 3 years and over enrolled in school","181,849","+/-7,079","20,275","+/-2,745"
"601","Foreign born",78,"Nursery school, preschool","7.7","+/-1.0","2.1","+/-1.8"
"601","Foreign born",79,"Kindergarten","4.3","+/-0.6","1.5","+/-1.2"
"601","Foreign born",80,"Elementary school (grades 1-8)","37.4","+/-1.7","25.7","+/-5.6"
"601","Foreign born",81,"High school (grades 9-12)","19.6","+/-1.3","17.1","+/-4.4"
"601","Foreign born",82,"College or graduate school","30.9","+/-1.5","53.6","+/-7.6"
"601","Foreign born",83,"Male 3 years and over enrolled in school","88,667","+/-4,658","9,754","+/-1,664"
"601","Foreign born",84,"Percent enrolled in kindergarten to grade 12","62.9","+/-2.6","44.0","+/-10.4"
"601","Foreign born",85,"Percent enrolled in college or graduate school","28.3","+/-2.4","54.3","+/-10.5"
"601","Foreign born",86,"Female 3 years and over enrolled in school","93,182","+/-4,337","10,521","+/-1,828"
"601","Foreign born",87,"Percent enrolled in kindergarten to grade 12","59.8","+/-2.7","44.4","+/-8.1"
"601","Foreign born",88,"Percent enrolled in college or graduate school","33.4","+/-2.4","53.0","+/-8.1"
"601","Foreign born",89,"Population 25 years and over","449,864","+/-7,052","132,145","+/-7,404"
"601","Foreign born",90,"Less than high school diploma","12.0","+/-0.9","19.0","+/-2.2"
"601","Foreign born",91,"High school graduate (includes equivalency)","31.2","+/-1.4","25.3","+/-2.9"
"601","Foreign born",92,"Some college or associate's degree","22.9","+/-1.1","16.3","+/-1.9"
"601","Foreign born",93,"Bachelor's degree","20.9","+/-1.2","21.5","+/-2.3"
"601","Foreign born",94,"Graduate or professional degree","13.0","+/-0.8","17.9","+/-2.3"
"601","Foreign born",95,"High school graduate or higher","88.0","+/-0.9","81.0","+/-2.2"
"601","Foreign born",96,"Male, high school graduate or higher","87.3","+/-1.3","80.9","+/-2.8"
"601","Foreign born",97,"Female, high school graduate or higher","88.7","+/-1.0","81.2","+/-2.7"
"601","Foreign born",98,"Bachelor's degree or higher","34.0","+/-1.2","39.4","+/-2.7"
"601","Foreign born",99,"Male, bachelor's degree or higher","36.4","+/-1.7","39.7","+/-3.1"
"601","Foreign born",100,"Female, bachelor's degree or higher","31.7","+/-1.4","39.0","+/-3.3"
"601","Foreign born",101,"Women 15 to 50 years","177,913","+/-5,559","51,553","+/-3,691"
"601","Foreign born",102,"Women 15 to 50 years who had a birth in the past 12 months","9,821","+/-1,844","6,062","+/-1,781"
"601","Foreign born",103,"Unmarried women 15 to 50 years who had a birth in the past 12 months","2,650","+/-760","1,289","+/-490"
"601","Foreign born",104,"As a percent of all women with a birth in the past 12 months","27.0","+/-7.7","21.3","+/-8.7"
"601","Foreign born",105,"Population 30 years and over","402,920","+/-6,607","113,902","+/-6,526"
"601","Foreign born",106,"Living with grandchild(ren)","3.6","+/-0.6","5.9","+/-1.6"
"601","Foreign born",107,"Responsible for grandchild(ren)","27.9","+/-7.8","19.6","+/-10.7"
"601","Foreign born",108,"Civilian population 18 years and over","521,276","+/-8,926","149,030","+/-8,874"
"601","Foreign born",109,"Civilian veteran","7.6","+/-0.6","1.5","+/-0.6"
"601","Foreign born",110,"Civilian population 5 years and over","620,082","+/-12,034","155,288","+/-9,024"
"601","Foreign born",111,"With any disability","10.8","+/-0.6","7.1","+/-1.3"
"601","Foreign born",112,"Civilian population 5 to 15 years","89,217","+/-5,021","6,420","+/-1,381"
"601","Foreign born",113,"With any disability","5.7","+/-1.4","1.9","+/-1.9"
"601","Foreign born",114,"Civilian population 16 to 64 years","458,821","+/-9,786","134,956","+/-8,436"
"601","Foreign born",115,"With any disability","7.8","+/-0.7","5.1","+/-1.3"
"601","Foreign born",116,"No disability","92.2","+/-0.7","94.9","+/-1.3"
"601","Foreign born",117,"Civilian population 65 years and over","72,044","+/-3,438","13,912","+/-2,077"
"601","Foreign born",118,"With any disability","35.5","+/-2.6","28.7","+/-6.8"
"601","Foreign born",119,"Population 1 year and over","664,317","+/-12,984","157,282","+/-9,146"
"601","Foreign born",120,"Same house","86.9","+/-1.1","80.7","+/-2.9"
"601","Foreign born",121,"Different house in the U.S.","12.0","+/-1.0","15.8","+/-2.4"
"601","Foreign born",122,"Same county","7.6","+/-0.9","10.1","+/-2.3"
"601","Foreign born",123,"Different county","4.5","+/-0.7","5.7","+/-1.4"
"601","Foreign born",124,"Same state","2.9","+/-0.6","3.8","+/-1.4"
"601","Foreign born",125,"Different state","1.6","+/-0.4","1.9","+/-0.6"
"601","Foreign born",126,"Abroad","1.0","+/-0.3","3.5","+/-1.3"
"601","Foreign born",127,"Total population","673,587","+/-12,915","157,855","+/-9,450"
"601","Foreign born",128,"Native","515,732","+/-12,811","0","+/-277"
"601","Foreign born",129,"Male","48.3","+/-0.7","-","**"
"601","Foreign born",130,"Female","51.7","+/-0.7","-","**"
"601","Foreign born",131,"Foreign born","157,855","+/-9,450","157,855","+/-9,450"
"601","Foreign born",132,"Male","51.3","+/-1.9","51.3","+/-1.9"
"601","Foreign born",133,"Female","48.7","+/-1.9","48.7","+/-1.9"
"601","Foreign born",134,"Naturalized U.S. citizen","65,441","+/-5,102","65,441","+/-5,102"
"601","Foreign born",135,"Male","49.4","+/-3.1","49.4","+/-3.1"
"601","Foreign born",136,"Female","50.6","+/-3.1","50.6","+/-3.1"
"601","Foreign born",137,"Not a U.S. citizen","92,414","+/-7,061","92,414","+/-7,061"
"601","Foreign born",138,"Male","52.6","+/-2.7","52.6","+/-2.7"
"601","Foreign born",139,"Female","47.4","+/-2.7","47.4","+/-2.7"
"601","Foreign born",140,"Entered 2000 or later","34.4","+/-3.2","34.4","+/-3.2"
"601","Foreign born",141,"Entered 1990 to 1999","31.3","+/-3.3","31.3","+/-3.3"
"601","Foreign born",142,"Entered before 1990","34.3","+/-2.6","34.3","+/-2.6"
"601","Foreign born",143,"Foreign-born population excluding population born at sea","157,855","+/-9,450","157,855","+/-9,450"
"601","Foreign born",144,"Europe","16.2","+/-2.1","16.2","+/-2.1"
"601","Foreign born",145,"Asia","36.5","+/-2.9","36.5","+/-2.9"
"601","Foreign born",146,"Africa","4.9","+/-1.6","4.9","+/-1.6"
"601","Foreign born",147,"Oceania","0.2","+/-0.3","0.2","+/-0.3"
"601","Foreign born",148,"Latin America","41.6","+/-3.0","41.6","+/-3.0"
"601","Foreign born",149,"Northern America","0.5","+/-0.2","0.5","+/-0.2"
"601","Foreign born",150,"Population 5 years and over","628,096","+/-12,096","156,555","+/-9,074"
"601","Foreign born",151,"English only","70.5","+/-1.3","15.0","+/-1.5"
"601","Foreign born",152,"Language other than English","29.5","+/-1.3","85.0","+/-1.5"
"601","Foreign born",153,"Speak English less than ""very well""","13.7","+/-1.0","47.7","+/-2.3"
"601","Foreign born",154,"Population 16 years and over","538,879","+/-9,098","150,135","+/-8,849"
"601","Foreign born",155,"In labor force","67.1","+/-1.0","70.6","+/-2.2"
"601","Foreign born",156,"Civilian labor force","67.1","+/-1.0","70.6","+/-2.2"
"601","Foreign born",157,"Employed","63.3","+/-1.0","67.0","+/-2.2"
"601","Foreign born",158,"Unemployed","3.8","+/-0.4","3.5","+/-0.9"
"601","Foreign born",159,"Percent of civilian labor force","5.7","+/-0.6","5.0","+/-1.3"
"601","Foreign born",160,"Armed Forces","0.0","+/-0.1","0.0","+/-0.1"
"601","Foreign born",161,"Not in labor force","32.9","+/-1.0","29.4","+/-2.2"
"601","Foreign born",162,"Females 16 years and over","277,529","+/-5,492","72,152","+/-4,515"
"601","Foreign born",163,"In labor force","59.4","+/-1.5","56.0","+/-3.1"
"601","Foreign born",164,"Civilian labor force","59.4","+/-1.5","56.0","+/-3.1"
"601","Foreign born",165,"Employed","55.6","+/-1.5","52.1","+/-3.1"
"601","Foreign born",166,"Unemployed","3.8","+/-0.6","3.9","+/-1.3"
"601","Foreign born",167,"Percent of civilian labor force","6.3","+/-0.9","7.0","+/-2.3"
"601","Foreign born",168,"Workers 16 years and over","329,853","+/-8,988","97,545","+/-7,150"
"601","Foreign born",169,"Car, truck, or van - drove alone","70.7","+/-1.3","54.1","+/-3.7"
"601","Foreign born",170,"Car, truck, or van - carpooled","10.7","+/-1.0","19.0","+/-2.8"
"601","Foreign born",171,"Public transportation (excluding taxicab)","9.0","+/-1.0","14.1","+/-2.5"
"601","Foreign born",172,"Walked","4.6","+/-0.8","6.2","+/-2.1"
"601","Foreign born",173,"Other means","2.3","+/-0.7","4.3","+/-2.0"
"601","Foreign born",174,"Worked at home","2.8","+/-0.5","2.3","+/-0.9"
"601","Foreign born",175,"Mean travel time to work (minutes)","31.1","+/-0.8","33.3","+/-1.7"
"601","Foreign born",176,"Civilian employed population 16 years and over","340,842","+/-8,824","100,633","+/-7,073"
"601","Foreign born",177,"Management, professional, and related occupations","38.1","+/-1.5","35.2","+/-3.0"
"601","Foreign born",178,"Service occupations","16.6","+/-1.1","19.1","+/-2.7"
"601","Foreign born",179,"Sales and office occupations","25.9","+/-1.3","17.5","+/-2.2"
"601","Foreign born",180,"Farming, fishing, and forestry occupations","0.2","+/-0.1","0.2","+/-0.2"
"601","Foreign born",181,"Construction, extraction, maintenance, and repair occupations","9.1","+/-1.0","11.6","+/-2.2"
"601","Foreign born",182,"Production, transportation, and material moving occupations","10.1","+/-1.1","16.3","+/-2.4"
"601","Foreign born",183,"Male civilian employed population 16 years and over","186,506","+/-5,690","63,061","+/-5,377"
"601","Foreign born",184,"Management, professional, and related occupations","36.4","+/-1.9","34.8","+/-3.4"
"601","Foreign born",185,"Service occupations","14.6","+/-1.3","14.7","+/-2.8"
"601","Foreign born",186,"Sales and office occupations","18.1","+/-1.4","13.3","+/-2.4"
"601","Foreign born",187,"Farming, fishing, and forestry occupations","0.4","+/-0.2","0.3","+/-0.4"
"601","Foreign born",188,"Construction, extraction, maintenance, and repair occupations","16.1","+/-1.7","17.9","+/-3.3"
"601","Foreign born",189,"Production, transportation, and material moving occupations","14.4","+/-1.6","18.9","+/-3.1"
"601","Foreign born",190,"Female civilian employed population 16 years and over","154,336","+/-5,371","37,572","+/-3,022"
"601","Foreign born",191,"Management, professional, and related occupations","40.1","+/-2.1","35.9","+/-4.0"
"601","Foreign born",192,"Service occupations","19.1","+/-1.9","26.6","+/-4.6"
"601","Foreign born",193,"Sales and office occupations","35.3","+/-2.0","24.5","+/-3.8"
"601","Foreign born",194,"Farming, fishing, and forestry occupations","0.0","+/-0.1","0.0","+/-0.5"
"601","Foreign born",195,"Construction, extraction, maintenance, and repair occupations","0.7","+/-0.4","1.1","+/-1.3"
"601","Foreign born",196,"Production, transportation, and material moving occupations","4.8","+/-1.0","11.9","+/-2.9"
"601","Foreign born",197,"Agriculture, forestry, fishing and hunting, and mining","0.3","+/-0.1","0.2","+/-0.2"
"601","Foreign born",198,"Construction","7.2","+/-1.0","10.4","+/-2.3"
"601","Foreign born",199,"Manufacturing","8.7","+/-0.9","13.0","+/-2.2"
"601","Foreign born",200,"Wholesale trade","3.8","+/-0.6","3.7","+/-1.1"
"601","Foreign born",201,"Retail trade","11.9","+/-1.0","9.5","+/-1.9"
"601","Foreign born",202,"Transportation and warehousing, and utilities","6.3","+/-0.8","5.7","+/-1.3"
"601","Foreign born",203,"Information","4.3","+/-0.7","3.8","+/-0.9"
"601","Foreign born",204,"Finance and insurance, and real estate and rental and leasing","8.8","+/-0.8","7.8","+/-1.7"
"601","Foreign born",205,"Professional, scientific, and management, and administrative and waste management services","11.9","+/-1.0","14.5","+/-2.2"
"601","Foreign born",206,"Educational services, and health care and social assistance","21.3","+/-1.3","16.6","+/-2.3"
"601","Foreign born",207,"Arts, entertainment, and recreation, and accommodation and food services","7.5","+/-0.8","8.1","+/-1.4"
"601","Foreign born",208,"Other services (except public administration)","3.9","+/-0.6","5.5","+/-1.4"
"601","Foreign born",209,"Public administration","4.2","+/-0.5","1.3","+/-0.7"
"601","Foreign born",210,"Private wage and salary workers","80.6","+/-1.1","87.1","+/-2.2"
"601","Foreign born",211,"Government workers","14.7","+/-1.0","8.4","+/-1.9"
"601","Foreign born",212,"Self-employed workers in own not incorporated business","4.5","+/-0.8","4.3","+/-1.7"
"601","Foreign born",213,"Unpaid family workers","0.1","+/-0.1","0.2","+/-0.2"
"601","Foreign born",214,"Households","242,233","+/-3,936","62,615","+/-3,743"
"601","Foreign born",215,"Median household income (dollars)","66,675","+/-3,305","65,731","+/-5,601"
"601","Foreign born",216,"With earnings","84.4","+/-0.9","92.5","+/-1.8"
"601","Foreign born",217,"Mean earnings (dollars)","85,400","+/-1,850","80,786","+/-3,374"
"601","Foreign born",218,"With Social Security income","24.7","+/-1.2","13.2","+/-2.0"
"601","Foreign born",219,"Mean Social Security income (dollars)","15,464","+/-526","14,892","+/-1,531"
"601","Foreign born",220,"With Supplemental Security Income","2.5","+/-0.4","2.1","+/-0.7"
"601","Foreign born",221,"Mean Supplemental Security Income (dollars)","7,628","+/-821","7,256","+/-1,317"
"601","Foreign born",222,"With cash public assistance income","1.9","+/-0.4","1.4","+/-0.7"
"601","Foreign born",223,"Mean cash public assistance income (dollars)","3,675","+/-871","2,145","+/-1,007"
"601","Foreign born",224,"With retirement income","15.0","+/-1.2","5.7","+/-1.4"
"601","Foreign born",225,"Mean retirement income (dollars)","22,402","+/-1,591","17,238","+/-3,399"
"601","Foreign born",226,"With Food Stamp benefits","4.0","+/-0.6","4.1","+/-1.3"
"601","Foreign born",227,"Families","164,436","+/-4,375","50,502","+/-3,306"
"601","Foreign born",228,"Median family income (dollars)","81,481","+/-2,293","73,732","+/-8,077"
"601","Foreign born",229,"Married-couple family","72.5","+/-1.7","74.9","+/-3.9"
"601","Foreign born",230,"Median income (dollars)","95,977","+/-3,119","84,867","+/-5,551"
"601","Foreign born",231,"Male householder, no spouse present, family","8.9","+/-1.4","11.4","+/-2.8"
"601","Foreign born",232,"Median income (dollars)","48,241","+/-6,037","42,474","+/-5,434"
"601","Foreign born",233,"Female householder, no husband present, family","18.5","+/-1.5","13.7","+/-2.6"
"601","Foreign born",234,"Median income (dollars)","42,497","+/-3,665","37,591","+/-12,777"
"601","Foreign born",235,"Individuals","673,587","+/-12,915","157,855","+/-9,450"
"601","Foreign born",236,"Per capita income (dollars)","31,567","+/-607","32,990","+/-1,818"
"601","Foreign born",237,"Male","141,473","+/-5,065","49,223","+/-3,952"
"601","Foreign born",238,"Female","92,371","+/-3,878","22,964","+/-2,630"
"601","Foreign born",239,"Male","68,775","+/-2,299","55,989","+/-3,741"
"601","Foreign born",240,"Female","51,118","+/-2,153","46,845","+/-4,813"
"601","Foreign born",241,"Male","53,157","+/-2,071","41,503","+/-3,037"
"601","Foreign born",242,"Female","41,996","+/-1,126","33,572","+/-5,882"
"601","Foreign born",243,"All families","5.6","+/-0.9","7.1","+/-2.1"
"601","Foreign born",244,"With related children under 18 years","8.7","+/-1.7","10.0","+/-3.4"
"601","Foreign born",245,"With related children under 5 years only","11.2","+/-4.8","15.7","+/-8.4"
"601","Foreign born",246,"Married-couple family","3.1","+/-1.0","5.7","+/-2.5"
"601","Foreign born",247,"With related children under 18 years","4.4","+/-1.9","7.9","+/-3.9"
"601","Foreign born",248,"With related children under 5 years only","9.3","+/-6.0","14.0","+/-10.1"
"601","Foreign born",249,"Female householder, no husband present, family","16.6","+/-3.5","20.5","+/-8.1"
"601","Foreign born",250,"With related children under 18 years","23.5","+/-5.3","30.3","+/-11.9"
"601","Foreign born",251,"With related children under 5 years only","31.8","+/-13.3","74.6","+/-37.1"
"601","Foreign born",252,"All people","8.5","+/-0.8","10.5","+/-1.8"
"601","Foreign born",253,"Under 18 years","10.6","+/-1.9","16.1","+/-10.6"
"601","Foreign born",254,"Related children under 18 years","10.1","+/-1.9","15.8","+/-10.7"
"601","Foreign born",255,"Related children under 5 years","15.4","+/-3.9","46.2","+/-46.6"
"601","Foreign born",256,"Related children 5 to 17 years","7.9","+/-1.8","10.7","+/-7.7"
"601","Foreign born",257,"18 years and over","7.9","+/-0.7","10.1","+/-1.6"
"601","Foreign born",258,"18 to 64 years","8.1","+/-0.9","10.5","+/-1.7"
"601","Foreign born",259,"65 years and over","6.9","+/-1.6","6.9","+/-3.9"
"601","Foreign born",260,"People in families","5.7","+/-1.0","6.4","+/-2.2"
"601","Foreign born",261,"Unrelated individuals 15 years and over","21.2","+/-2.0","28.7","+/-5.1"
"601","Foreign born",262,"Occupied housing units","242,233","+/-3,936","62,615","+/-3,743"
"601","Foreign born",263,"Owner-occupied housing units","62.6","+/-1.4","50.4","+/-3.3"
"601","Foreign born",264,"Renter-occupied housing units","37.4","+/-1.4","49.6","+/-3.3"
"601","Foreign born",265,"Average household size of owner-occupied unit","2.82","+/-0.06","3.29","+/-0.16"
"601","Foreign born",266,"Average household size of renter-occupied unit","2.49","+/-0.09","3.20","+/-0.19"
"601","Foreign born",267,"1-unit, detached or attached","61.9","+/-1.4","46.9","+/-3.4"
"601","Foreign born",268,"2 to 4 units","14.6","+/-1.0","20.8","+/-2.7"
"601","Foreign born",269,"5 or more units","22.8","+/-1.1","32.3","+/-3.0"
"601","Foreign born",270,"Mobile home, boat, RV, van, etc.","0.7","+/-0.3","0.0","+/-0.3"
"601","Foreign born",271,"Built 2000 or later","5.1","+/-0.7","5.0","+/-1.2"
"601","Foreign born",272,"Built 1990 to 1999","7.6","+/-0.7","11.1","+/-1.9"
"601","Foreign born",273,"Built 1980 to 1989","12.0","+/-1.2","15.3","+/-2.8"
"601","Foreign born",274,"Built 1960 to 1979","31.6","+/-1.4","33.6","+/-3.0"
"601","Foreign born",275,"Built 1940 to 1959","24.9","+/-1.4","20.0","+/-2.8"
"601","Foreign born",276,"Built 1939 or earlier","18.8","+/-1.0","15.0","+/-2.4"
"601","Foreign born",277,"None","9.6","+/-1.0","13.7","+/-2.4"
"601","Foreign born",278,"1 or more","90.4","+/-1.0","86.3","+/-2.4"
"601","Foreign born",279,"Gas","80.6","+/-1.2","82.9","+/-2.6"
"601","Foreign born",280,"Electricity","9.6","+/-0.9","9.0","+/-1.8"
"601","Foreign born",281,"All other fuels","9.6","+/-1.0","8.0","+/-2.0"
"601","Foreign born",282,"No fuel used","0.2","+/-0.1","0.1","+/-0.2"
"601","Foreign born",283,"No telephone service available","7.6","+/-1.0","9.5","+/-2.0"
"601","Foreign born",284,"1.01 or more occupants per room","3.6","+/-0.7","10.2","+/-2.2"
"601","Foreign born",285,"Owner-occupied housing units","151,669","+/-3,787","31,538","+/-3,064"
"601","Foreign born",286,"Less than 30 percent","56.5","+/-2.1","47.2","+/-5.0"
"601","Foreign born",287,"30 percent or more","43.5","+/-2.1","52.8","+/-5.0"
"601","Foreign born",288,"Median value (dollars)","374,500","+/-5,872","398,400","+/-15,992"
"601","Foreign born",289,"Median selected monthly owner costs with a mortgage (dollars)","2,261","+/-45","2,481","+/-99"
"601","Foreign born",290,"Median selected monthly owner costs without a mortgage (dollars)","833","+/-21","847","+/-69"
"601","Foreign born",291,"Renter-occupied housing units","90,564","+/-3,987","31,077","+/-2,477"
"601","Foreign born",292,"Less than 30 percent","50.7","+/-2.9","53.5","+/-5.5"
"601","Foreign born",293,"30 percent or more","49.3","+/-2.9","46.5","+/-5.5"
"601","Foreign born",294,"Median gross rent (dollars)","1,076","+/-25","1,127","+/-35"
"686","Americas:",1,"Total population","673,587","+/-12,915","66,519","+/-6,579"
"686","Americas:",2,"One race","98.3","+/-0.4","N","N"
"686","Americas:",3,"Two races","1.6","+/-0.3","N","N"
"686","Americas:",4,"Three races","0.1","+/-0.1","N","N"
"686","Americas:",5,"Four or more races","0.0","+/-0.1","N","N"
"686","Americas:",6,"Male","49.0","+/-0.6","54.4","+/-3.2"
"686","Americas:",7,"Female","51.0","+/-0.6","45.6","+/-3.2"
"686","Americas:",8,"Under 5 years","6.8","+/-0.4","0.5","+/-0.5"
"686","Americas:",9,"5 to 17 years","15.8","+/-0.6","5.4","+/-1.8"
"686","Americas:",10,"18 to 24 years","10.6","+/-0.5","15.8","+/-2.7"
"686","Americas:",11,"25 to 34 years","14.5","+/-0.6","29.7","+/-3.3"
"686","Americas:",12,"35 to 44 years","14.8","+/-0.7","22.2","+/-3.0"
"686","Americas:",13,"45 to 54 years","14.6","+/-0.6","14.5","+/-2.5"
"686","Americas:",14,"55 to 64 years","11.1","+/-0.6","7.4","+/-1.7"
"686","Americas:",15,"65 to 74 years","6.2","+/-0.5","2.8","+/-1.0"
"686","Americas:",16,"75 years and over","5.5","+/-0.4","1.7","+/-0.8"
"686","Americas:",17,"Median age (years)","36.6","+/-0.6","34.4","+/-1.7"
"686","Americas:",18,"18 years and over","77.4","+/-0.7","94.1","+/-1.8"
"686","Americas:",19,"21 years and over","72.7","+/-0.7","89.8","+/-2.5"
"686","Americas:",20,"62 years and over","14.2","+/-0.6","6.1","+/-1.4"
"686","Americas:",21,"65 years and over","11.7","+/-0.6","4.5","+/-1.1"
"686","Americas:",22,"Under 18 years","152,248","+/-6,276","3,909","+/-1,227"
"686","Americas:",23,"Male","49.8","+/-1.7","47.0","+/-13.2"
"686","Americas:",24,"Female","50.2","+/-1.7","53.0","+/-13.2"
"686","Americas:",25,"18 years and over","521,339","+/-8,918","62,610","+/-6,305"
"686","Americas:",26,"Male","48.8","+/-0.6","54.8","+/-3.3"
"686","Americas:",27,"Female","51.2","+/-0.6","45.2","+/-3.3"
"686","Americas:",28,"18 to 34 years","168,990","+/-5,365","30,255","+/-3,781"
"686","Americas:",29,"Male","51.4","+/-1.3","60.2","+/-4.4"
"686","Americas:",30,"Female","48.6","+/-1.3","39.8","+/-4.4"
"686","Americas:",31,"35 to 64 years","273,266","+/-6,505","29,358","+/-3,657"
"686","Americas:",32,"Male","49.2","+/-0.8","50.9","+/-4.0"
"686","Americas:",33,"Female","50.8","+/-0.8","49.1","+/-4.0"
"686","Americas:",34,"65 years and over","79,083","+/-3,488","2,997","+/-792"
"686","Americas:",35,"Male","41.6","+/-1.5","38.0","+/-11.0"
"686","Americas:",36,"Female","58.4","+/-1.5","62.0","+/-11.0"
"686","Americas:",37,"Population in households","653,558","+/-12,794","65,788","+/-6,512"
"686","Americas:",38,"Householder or spouse","55.3","+/-0.9","50.9","+/-4.2"
"686","Americas:",39,"Child","30.7","+/-1.0","13.4","+/-2.7"
"686","Americas:",40,"Other relatives","8.0","+/-0.8","17.3","+/-3.6"
"686","Americas:",41,"Nonrelatives","6.1","+/-0.7","18.3","+/-4.0"
"686","Americas:",42,"Unmarried partner","2.1","+/-0.3","4.2","+/-1.3"
"686","Americas:",43,"Households","242,233","+/-3,936","23,095","+/-2,273"
"686","Americas:",44,"Family households","67.9","+/-1.3","80.0","+/-4.1"
"686","Americas:",45,"With own children under 18 years","33.2","+/-1.3","48.8","+/-6.3"
"686","Americas:",46,"Married-couple family","49.2","+/-1.4","43.6","+/-5.4"
"686","Americas:",47,"With own children under 18 years","23.2","+/-1.4","26.9","+/-4.7"
"686","Americas:",48,"Female householder, no husband present, family","12.6","+/-1.1","19.5","+/-4.3"
"686","Americas:",49,"With own children under 18 years","7.3","+/-0.9","14.1","+/-4.4"
"686","Americas:",50,"Nonfamily households","32.1","+/-1.3","20.0","+/-4.1"
"686","Americas:",51,"Male householder","14.5","+/-1.2","12.2","+/-3.2"
"686","Americas:",52,"Living alone","10.7","+/-1.0","6.2","+/-2.4"
"686","Americas:",53,"Not living alone","3.8","+/-0.7","6.0","+/-2.9"
"686","Americas:",54,"Female householder","17.6","+/-1.2","7.8","+/-2.8"
"686","Americas:",55,"Living alone","15.3","+/-1.1","5.6","+/-2.0"
"686","Americas:",56,"Not living alone","2.3","+/-0.5","2.2","+/-1.6"
"686","Americas:",57,"Average household size","2.70","+/-0.04","3.79","+/-0.26"
"686","Americas:",58,"Average family size","3.26","+/-0.05","3.82","+/-0.21"
"686","Americas:",59,"Population 15 years and over","545,347","+/-9,312","63,788","+/-6,435"
"686","Americas:",60,"Now married, except separated","49.1","+/-1.4","45.8","+/-4.8"
"686","Americas:",61,"Widowed","6.6","+/-0.5","3.1","+/-1.2"
"686","Americas:",62,"Divorced","9.0","+/-0.8","7.2","+/-1.8"
"686","Americas:",63,"Separated","2.2","+/-0.4","5.2","+/-1.9"
"686","Americas:",64,"Never married","33.0","+/-1.1","38.7","+/-4.4"
"686","Americas:",65,"Male 15 years and over","264,689","+/-5,794","35,104","+/-4,300"
"686","Americas:",66,"Now married, except separated","52.7","+/-1.5","44.2","+/-5.6"
"686","Americas:",67,"Widowed","2.5","+/-0.5","1.4","+/-1.1"
"686","Americas:",68,"Divorced","7.7","+/-0.9","5.9","+/-2.1"
"686","Americas:",69,"Separated","1.8","+/-0.4","3.8","+/-1.8"
"686","Americas:",70,"Never married","35.3","+/-1.4","44.6","+/-5.4"
"686","Americas:",71,"Female 15 years and over","280,658","+/-5,471","28,684","+/-3,319"
"686","Americas:",72,"Now married, except separated","45.8","+/-1.6","47.8","+/-5.9"
"686","Americas:",73,"Widowed","10.5","+/-0.9","5.2","+/-2.3"
"686","Americas:",74,"Divorced","10.2","+/-1.0","8.7","+/-2.8"
"686","Americas:",75,"Separated","2.6","+/-0.5","6.9","+/-3.5"
"686","Americas:",76,"Never married","30.9","+/-1.3","31.5","+/-5.1"
"686","Americas:",77,"Population 3 years and over enrolled in school","181,849","+/-7,079","8,815","+/-1,903"
"686","Americas:",78,"Nursery school, preschool","7.7","+/-1.0","3.2","+/-4.1"
"686","Americas:",79,"Kindergarten","4.3","+/-0.6","1.6","+/-1.9"
"686","Americas:",80,"Elementary school (grades 1-8)","37.4","+/-1.7","28.0","+/-8.8"
"686","Americas:",81,"High school (grades 9-12)","19.6","+/-1.3","22.1","+/-8.1"
"686","Americas:",82,"College or graduate school","30.9","+/-1.5","45.1","+/-11.1"
"686","Americas:",83,"Male 3 years and over enrolled in school","88,667","+/-4,658","4,298","+/-1,273"
"686","Americas:",84,"Percent enrolled in kindergarten to grade 12","62.9","+/-2.6","54.3","+/-14.0"
"686","Americas:",85,"Percent enrolled in college or graduate school","28.3","+/-2.4","44.1","+/-13.6"
"686","Americas:",86,"Female 3 years and over enrolled in school","93,182","+/-4,337","4,517","+/-1,318"
"686","Americas:",87,"Percent enrolled in kindergarten to grade 12","59.8","+/-2.7","49.2","+/-13.5"
"686","Americas:",88,"Percent enrolled in college or graduate school","33.4","+/-2.4","46.1","+/-13.0"
"686","Americas:",89,"Population 25 years and over","449,864","+/-7,052","52,128","+/-5,372"
"686","Americas:",90,"Less than high school diploma","12.0","+/-0.9","32.5","+/-4.2"
"686","Americas:",91,"High school graduate (includes equivalency)","31.2","+/-1.4","37.0","+/-4.9"
"686","Americas:",92,"Some college or associate's degree","22.9","+/-1.1","17.7","+/-3.2"
"686","Americas:",93,"Bachelor's degree","20.9","+/-1.2","8.9","+/-2.4"
"686","Americas:",94,"Graduate or professional degree","13.0","+/-0.8","4.0","+/-1.7"
"686","Americas:",95,"High school graduate or higher","88.0","+/-0.9","67.5","+/-4.2"
"686","Americas:",96,"Male, high school graduate or higher","87.3","+/-1.3","64.3","+/-5.3"
"686","Americas:",97,"Female, high school graduate or higher","88.7","+/-1.0","71.4","+/-5.3"
"686","Americas:",98,"Bachelor's degree or higher","34.0","+/-1.2","12.9","+/-2.5"
"686","Americas:",99,"Male, bachelor's degree or higher","36.4","+/-1.7","10.3","+/-3.0"
"686","Americas:",100,"Female, bachelor's degree or higher","31.7","+/-1.4","15.9","+/-3.4"
"686","Americas:",101,"Women 15 to 50 years","177,913","+/-5,559","22,786","+/-2,930"
"686","Americas:",102,"Women 15 to 50 years who had a birth in the past 12 months","9,821","+/-1,844","2,604","+/-934"
"686","Americas:",103,"Unmarried women 15 to 50 years who had a birth in the past 12 months","2,650","+/-760","1,036","+/-464"
"686","Americas:",104,"As a percent of all women with a birth in the past 12 months","27.0","+/-7.7","39.8","+/-15.6"
"686","Americas:",105,"Population 30 years and over","402,920","+/-6,607","41,404","+/-4,342"
"686","Americas:",106,"Living with grandchild(ren)","3.6","+/-0.6","5.4","+/-2.2"
"686","Americas:",107,"Responsible for grandchild(ren)","27.9","+/-7.8","29.9","+/-19.9"
"686","Americas:",108,"Civilian population 18 years and over","521,276","+/-8,926","62,610","+/-6,305"
"686","Americas:",109,"Civilian veteran","7.6","+/-0.6","1.4","+/-1.0"
"686","Americas:",110,"Civilian population 5 years and over","620,082","+/-12,034","65,850","+/-6,464"
"686","Americas:",111,"With any disability","10.8","+/-0.6","5.5","+/-1.8"
"686","Americas:",112,"Civilian population 5 to 15 years","89,217","+/-5,021","3,098","+/-1,160"
"686","Americas:",113,"With any disability","5.7","+/-1.4","2.6","+/-3.3"
"686","Americas:",114,"Civilian population 16 to 64 years","458,821","+/-9,786","60,083","+/-6,118"
"686","Americas:",115,"With any disability","7.8","+/-0.7","4.6","+/-1.7"
"686","Americas:",116,"No disability","92.2","+/-0.7","95.4","+/-1.7"
"686","Americas:",117,"Civilian population 65 years and over","72,044","+/-3,438","2,669","+/-701"
"686","Americas:",118,"With any disability","35.5","+/-2.6","28.1","+/-14.2"
"686","Americas:",119,"Population 1 year and over","664,317","+/-12,984","66,519","+/-6,579"
"686","Americas:",120,"Same house","86.9","+/-1.1","76.7","+/-5.4"
"686","Americas:",121,"Different house in the U.S.","12.0","+/-1.0","21.7","+/-5.5"
"686","Americas:",122,"Same county","7.6","+/-0.9","16.5","+/-5.1"
"686","Americas:",123,"Different county","4.5","+/-0.7","5.2","+/-2.4"
"686","Americas:",124,"Same state","2.9","+/-0.6","3.3","+/-2.3"
"686","Americas:",125,"Different state","1.6","+/-0.4","1.9","+/-1.0"
"686","Americas:",126,"Abroad","1.0","+/-0.3","1.6","+/-1.3"
"686","Americas:",127,"Total population","673,587","+/-12,915","66,519","+/-6,579"
"686","Americas:",128,"Native","515,732","+/-12,811","0","+/-277"
"686","Americas:",129,"Male","48.3","+/-0.7","-","**"
"686","Americas:",130,"Female","51.7","+/-0.7","-","**"
"686","Americas:",131,"Foreign born","157,855","+/-9,450","66,519","+/-6,579"
"686","Americas:",132,"Male","51.3","+/-1.9","54.4","+/-3.2"
"686","Americas:",133,"Female","48.7","+/-1.9","45.6","+/-3.2"
"686","Americas:",134,"Naturalized U.S. citizen","65,441","+/-5,102","19,287","+/-3,092"
"686","Americas:",135,"Male","49.4","+/-3.1","47.2","+/-5.2"
"686","Americas:",136,"Female","50.6","+/-3.1","52.8","+/-5.2"
"686","Americas:",137,"Not a U.S. citizen","92,414","+/-7,061","47,232","+/-5,595"
"686","Americas:",138,"Male","52.6","+/-2.7","57.3","+/-3.9"
"686","Americas:",139,"Female","47.4","+/-2.7","42.7","+/-3.9"
"686","Americas:",140,"Entered 2000 or later","34.4","+/-3.2","42.6","+/-4.9"
"686","Americas:",141,"Entered 1990 to 1999","31.3","+/-3.3","30.9","+/-4.9"
"686","Americas:",142,"Entered before 1990","34.3","+/-2.6","26.5","+/-3.9"
"686","Americas:",143,"Foreign-born population excluding population born at sea","157,855","+/-9,450","66,519","+/-6,579"
"686","Americas:",144,"Europe","16.2","+/-2.1","N","N"
"686","Americas:",145,"Asia","36.5","+/-2.9","N","N"
"686","Americas:",146,"Africa","4.9","+/-1.6","N","N"
"686","Americas:",147,"Oceania","0.2","+/-0.3","N","N"
"686","Americas:",148,"Latin America","41.6","+/-3.0","N","N"
"686","Americas:",149,"Northern America","0.5","+/-0.2","N","N"
"686","Americas:",150,"Population 5 years and over","628,096","+/-12,096","66,178","+/-6,516"
"686","Americas:",151,"English only","70.5","+/-1.3","12.2","+/-2.8"
"686","Americas:",152,"Language other than English","29.5","+/-1.3","87.8","+/-2.8"
"686","Americas:",153,"Speak English less than ""very well""","13.7","+/-1.0","65.1","+/-3.9"
"686","Americas:",154,"Population 16 years and over","538,879","+/-9,098","63,080","+/-6,360"
"686","Americas:",155,"In labor force","67.1","+/-1.0","79.2","+/-3.1"
"686","Americas:",156,"Civilian labor force","67.1","+/-1.0","79.2","+/-3.1"
"686","Americas:",157,"Employed","63.3","+/-1.0","74.7","+/-3.5"
"686","Americas:",158,"Unemployed","3.8","+/-0.4","4.5","+/-1.6"
"686","Americas:",159,"Percent of civilian labor force","5.7","+/-0.6","5.7","+/-2.0"
"686","Americas:",160,"Armed Forces","0.0","+/-0.1","0.0","+/-0.3"
"686","Americas:",161,"Not in labor force","32.9","+/-1.0","20.8","+/-3.1"
"686","Americas:",162,"Females 16 years and over","277,529","+/-5,492","28,503","+/-3,307"
"686","Americas:",163,"In labor force","59.4","+/-1.5","66.9","+/-5.6"
"686","Americas:",164,"Civilian labor force","59.4","+/-1.5","66.9","+/-5.6"
"686","Americas:",165,"Employed","55.6","+/-1.5","61.0","+/-5.7"
"686","Americas:",166,"Unemployed","3.8","+/-0.6","5.9","+/-2.8"
"686","Americas:",167,"Percent of civilian labor force","6.3","+/-0.9","8.9","+/-4.1"
"686","Americas:",168,"Workers 16 years and over","329,853","+/-8,988","45,718","+/-5,425"
"686","Americas:",169,"Car, truck, or van - drove alone","70.7","+/-1.3","42.2","+/-5.8"
"686","Americas:",170,"Car, truck, or van - carpooled","10.7","+/-1.0","28.9","+/-5.3"
"686","Americas:",171,"Public transportation (excluding taxicab)","9.0","+/-1.0","10.8","+/-3.4"
"686","Americas:",172,"Walked","4.6","+/-0.8","8.1","+/-3.3"
"686","Americas:",173,"Other means","2.3","+/-0.7","8.1","+/-4.1"
"686","Americas:",174,"Worked at home","2.8","+/-0.5","1.9","+/-1.1"
"686","Americas:",175,"Mean travel time to work (minutes)","31.1","+/-0.8","27.7","+/-2.4"
"686","Americas:",176,"Civilian employed population 16 years and over","340,842","+/-8,824","47,097","+/-5,389"
"686","Americas:",177,"Management, professional, and related occupations","38.1","+/-1.5","11.3","+/-2.4"
"686","Americas:",178,"Service occupations","16.6","+/-1.1","31.0","+/-4.3"
"686","Americas:",179,"Sales and office occupations","25.9","+/-1.3","17.1","+/-3.4"
"686","Americas:",180,"Farming, fishing, and forestry occupations","0.2","+/-0.1","0.3","+/-0.5"
"686","Americas:",181,"Construction, extraction, maintenance, and repair occupations","9.1","+/-1.0","17.5","+/-4.0"
"686","Americas:",182,"Production, transportation, and material moving occupations","10.1","+/-1.1","22.8","+/-3.8"
"686","Americas:",183,"Male civilian employed population 16 years and over","186,506","+/-5,690","29,710","+/-3,961"
"686","Americas:",184,"Management, professional, and related occupations","36.4","+/-1.9","9.8","+/-2.7"
"686","Americas:",185,"Service occupations","14.6","+/-1.3","25.1","+/-5.3"
"686","Americas:",186,"Sales and office occupations","18.1","+/-1.4","12.0","+/-3.3"
"686","Americas:",187,"Farming, fishing, and forestry occupations","0.4","+/-0.2","0.5","+/-0.7"
"686","Americas:",188,"Construction, extraction, maintenance, and repair occupations","16.1","+/-1.7","26.3","+/-6.0"
"686","Americas:",189,"Production, transportation, and material moving occupations","14.4","+/-1.6","26.4","+/-5.0"
"686","Americas:",190,"Female civilian employed population 16 years and over","154,336","+/-5,371","17,387","+/-2,500"
"686","Americas:",191,"Management, professional, and related occupations","40.1","+/-2.1","14.1","+/-4.1"
"686","Americas:",192,"Service occupations","19.1","+/-1.9","41.2","+/-6.7"
"686","Americas:",193,"Sales and office occupations","35.3","+/-2.0","25.8","+/-5.7"
"686","Americas:",194,"Farming, fishing, and forestry occupations","0.0","+/-0.1","0.0","+/-1.0"
"686","Americas:",195,"Construction, extraction, maintenance, and repair occupations","0.7","+/-0.4","2.4","+/-2.8"
"686","Americas:",196,"Production, transportation, and material moving occupations","4.8","+/-1.0","16.6","+/-5.1"
"686","Americas:",197,"Agriculture, forestry, fishing and hunting, and mining","0.3","+/-0.1","0.3","+/-0.5"
"686","Americas:",198,"Construction","7.2","+/-1.0","15.5","+/-3.8"
"686","Americas:",199,"Manufacturing","8.7","+/-0.9","15.1","+/-3.6"
"686","Americas:",200,"Wholesale trade","3.8","+/-0.6","4.1","+/-1.7"
"686","Americas:",201,"Retail trade","11.9","+/-1.0","9.4","+/-2.7"
"686","Americas:",202,"Transportation and warehousing, and utilities","6.3","+/-0.8","5.6","+/-1.8"
"686","Americas:",203,"Information","4.3","+/-0.7","1.3","+/-0.7"
"686","Americas:",204,"Finance and insurance, and real estate and rental and leasing","8.8","+/-0.8","3.9","+/-1.6"
"686","Americas:",205,"Professional, scientific, and management, and administrative and waste management services","11.9","+/-1.0","10.0","+/-3.5"
"686","Americas:",206,"Educational services, and health care and social assistance","21.3","+/-1.3","11.7","+/-2.5"
"686","Americas:",207,"Arts, entertainment, and recreation, and accommodation and food services","7.5","+/-0.8","13.9","+/-2.7"
"686","Americas:",208,"Other services (except public administration)","3.9","+/-0.6","8.0","+/-2.8"
"686","Americas:",209,"Public administration","4.2","+/-0.5","1.0","+/-0.9"
"686","Americas:",210,"Private wage and salary workers","80.6","+/-1.1","90.3","+/-2.5"
"686","Americas:",211,"Government workers","14.7","+/-1.0","5.3","+/-1.9"
"686","Americas:",212,"Self-employed workers in own not incorporated business","4.5","+/-0.8","4.1","+/-1.8"
"686","Americas:",213,"Unpaid family workers","0.1","+/-0.1","0.2","+/-0.4"
"686","Americas:",214,"Households","242,233","+/-3,936","23,095","+/-2,273"
"686","Americas:",215,"Median household income (dollars)","66,675","+/-3,305","44,166","+/-5,132"
"686","Americas:",216,"With earnings","84.4","+/-0.9","94.5","+/-2.5"
"686","Americas:",217,"Mean earnings (dollars)","85,400","+/-1,850","57,200","+/-4,917"
"686","Americas:",218,"With Social Security income","24.7","+/-1.2","10.8","+/-3.3"
"686","Americas:",219,"Mean Social Security income (dollars)","15,464","+/-526","14,683","+/-3,557"
"686","Americas:",220,"With Supplemental Security Income","2.5","+/-0.4","2.0","+/-1.3"
"686","Americas:",221,"Mean Supplemental Security Income (dollars)","7,628","+/-821","5,842","+/-1,720"
"686","Americas:",222,"With cash public assistance income","1.9","+/-0.4","2.1","+/-1.7"
"686","Americas:",223,"Mean cash public assistance income (dollars)","3,675","+/-871","1,294","+/-755"
"686","Americas:",224,"With retirement income","15.0","+/-1.2","2.4","+/-1.3"
"686","Americas:",225,"Mean retirement income (dollars)","22,402","+/-1,591","24,325","+/-10,618"
"686","Americas:",226,"With Food Stamp benefits","4.0","+/-0.6","8.1","+/-3.1"
"686","Americas:",227,"Families","164,436","+/-4,375","18,478","+/-2,022"
"686","Americas:",228,"Median family income (dollars)","81,481","+/-2,293","43,315","+/-5,862"
"686","Americas:",229,"Married-couple family","72.5","+/-1.7","54.5","+/-6.6"
"686","Americas:",230,"Median income (dollars)","95,977","+/-3,119","55,020","+/-11,336"
"686","Americas:",231,"Male householder, no spouse present, family","8.9","+/-1.4","21.1","+/-6.1"
"686","Americas:",232,"Median income (dollars)","48,241","+/-6,037","39,087","+/-4,792"
"686","Americas:",233,"Female householder, no husband present, family","18.5","+/-1.5","24.3","+/-5.1"
"686","Americas:",234,"Median income (dollars)","42,497","+/-3,665","30,007","+/-8,179"
"686","Americas:",235,"Individuals","673,587","+/-12,915","66,519","+/-6,579"
"686","Americas:",236,"Per capita income (dollars)","31,567","+/-607","22,339","+/-1,621"
"686","Americas:",237,"Male","141,473","+/-5,065","23,093","+/-3,105"
"686","Americas:",238,"Female","92,371","+/-3,878","10,967","+/-2,189"
"686","Americas:",239,"Male","68,775","+/-2,299","33,476","+/-3,077"
"686","Americas:",240,"Female","51,118","+/-2,153","28,145","+/-2,816"
"686","Americas:",241,"Male","53,157","+/-2,071","26,860","+/-1,860"
"686","Americas:",242,"Female","41,996","+/-1,126","25,804","+/-1,591"
"686","Americas:",243,"All families","5.6","+/-0.9","10.4","+/-3.7"
"686","Americas:",244,"With related children under 18 years","8.7","+/-1.7","12.8","+/-4.6"
"686","Americas:",245,"With related children under 5 years only","11.2","+/-4.8","17.7","+/-9.7"
"686","Americas:",246,"Married-couple family","3.1","+/-1.0","8.3","+/-4.4"
"686","Americas:",247,"With related children under 18 years","4.4","+/-1.9","9.9","+/-5.2"
"686","Americas:",248,"With related children under 5 years only","9.3","+/-6.0","14.5","+/-11.6"
"686","Americas:",249,"Female householder, no husband present, family","16.6","+/-3.5","24.2","+/-10.0"
"686","Americas:",250,"With related children under 18 years","23.5","+/-5.3","27.6","+/-11.4"
"686","Americas:",251,"With related children under 5 years only","31.8","+/-13.3","100.0","+/-42.0"
"686","Americas:",252,"All people","8.5","+/-0.8","12.3","+/-2.8"
"686","Americas:",253,"Under 18 years","10.6","+/-1.9","8.3","+/-8.9"
"686","Americas:",254,"Related children under 18 years","10.1","+/-1.9","N","N"
"686","Americas:",255,"Related children under 5 years","15.4","+/-3.9","N","N"
"686","Americas:",256,"Related children 5 to 17 years","7.9","+/-1.8","N","N"
"686","Americas:",257,"18 years and over","7.9","+/-0.7","12.6","+/-2.8"
"686","Americas:",258,"18 to 64 years","8.1","+/-0.9","12.6","+/-2.8"
"686","Americas:",259,"65 years and over","6.9","+/-1.6","12.8","+/-10.6"
"686","Americas:",260,"People in families","5.7","+/-1.0","7.1","+/-2.8"
"686","Americas:",261,"Unrelated individuals 15 years and over","21.2","+/-2.0","27.5","+/-6.9"
"686","Americas:",262,"Occupied housing units","242,233","+/-3,936","23,095","+/-2,273"
"686","Americas:",263,"Owner-occupied housing units","62.6","+/-1.4","37.7","+/-5.4"
"686","Americas:",264,"Renter-occupied housing units","37.4","+/-1.4","62.3","+/-5.4"
"686","Americas:",265,"Average household size of owner-occupied unit","2.82","+/-0.06","3.59","+/-0.35"
"686","Americas:",266,"Average household size of renter-occupied unit","2.49","+/-0.09","3.91","+/-0.37"
"686","Americas:",267,"1-unit, detached or attached","61.9","+/-1.4","40.4","+/-5.6"
"686","Americas:",268,"2 to 4 units","14.6","+/-1.0","35.0","+/-5.2"
"686","Americas:",269,"5 or more units","22.8","+/-1.1","24.6","+/-4.5"
"686","Americas:",270,"Mobile home, boat, RV, van, etc.","0.7","+/-0.3","0.0","+/-0.8"
"686","Americas:",271,"Built 2000 or later","5.1","+/-0.7","4.8","+/-2.0"
"686","Americas:",272,"Built 1990 to 1999","7.6","+/-0.7","5.1","+/-2.2"
"686","Americas:",273,"Built 1980 to 1989","12.0","+/-1.2","7.6","+/-2.6"
"686","Americas:",274,"Built 1960 to 1979","31.6","+/-1.4","29.9","+/-5.0"
"686","Americas:",275,"Built 1940 to 1959","24.9","+/-1.4","22.6","+/-4.6"
"686","Americas:",276,"Built 1939 or earlier","18.8","+/-1.0","29.9","+/-4.8"
"686","Americas:",277,"None","9.6","+/-1.0","21.6","+/-4.5"
"686","Americas:",278,"1 or more","90.4","+/-1.0","78.4","+/-4.5"
"686","Americas:",279,"Gas","80.6","+/-1.2","79.6","+/-4.7"
"686","Americas:",280,"Electricity","9.6","+/-0.9","9.6","+/-2.9"
"686","Americas:",281,"All other fuels","9.6","+/-1.0","10.8","+/-3.7"
"686","Americas:",282,"No fuel used","0.2","+/-0.1","0.0","+/-0.8"
"686","Americas:",283,"No telephone service available","7.6","+/-1.0","13.6","+/-3.9"
"686","Americas:",284,"1.01 or more occupants per room","3.6","+/-0.7","17.1","+/-4.5"
"686","Americas:",285,"Owner-occupied housing units","151,669","+/-3,787","8,713","+/-1,496"
"686","Americas:",286,"Less than 30 percent","56.5","+/-2.1","32.1","+/-7.0"
"686","Americas:",287,"30 percent or more","43.5","+/-2.1","67.9","+/-7.0"
"686","Americas:",288,"Median value (dollars)","374,500","+/-5,872","376,400","+/-18,702"
"686","Americas:",289,"Median selected monthly owner costs with a mortgage (dollars)","2,261","+/-45","2,406","+/-158"
"686","Americas:",290,"Median selected monthly owner costs without a mortgage (dollars)","833","+/-21","813","+/-101"
"686","Americas:",291,"Renter-occupied housing units","90,564","+/-3,987","14,382","+/-1,908"
"686","Americas:",292,"Less than 30 percent","50.7","+/-2.9","39.4","+/-7.2"
"686","Americas:",293,"30 percent or more","49.3","+/-2.9","60.6","+/-7.2"
"686","Americas:",294,"Median gross rent (dollars)","1,076","+/-25","1,134","+/-55"
"687","Latin America:",1,"Total population","673,587","+/-12,915","65,676","+/-6,481"
"687","Latin America:",2,"One race","98.3","+/-0.4","N","N"
"687","Latin America:",3,"Two races","1.6","+/-0.3","N","N"
"687","Latin America:",4,"Three races","0.1","+/-0.1","N","N"
"687","Latin America:",5,"Four or more races","0.0","+/-0.1","N","N"
"687","Latin America:",6,"Male","49.0","+/-0.6","54.4","+/-3.2"
"687","Latin America:",7,"Female","51.0","+/-0.6","45.6","+/-3.2"
"687","Latin America:",8,"Under 5 years","6.8","+/-0.4","0.5","+/-0.6"
"687","Latin America:",9,"5 to 17 years","15.8","+/-0.6","5.4","+/-1.9"
"687","Latin America:",10,"18 to 24 years","10.6","+/-0.5","15.7","+/-2.7"
"687","Latin America:",11,"25 to 34 years","14.5","+/-0.6","29.7","+/-3.3"
"687","Latin America:",12,"35 to 44 years","14.8","+/-0.7","22.4","+/-3.1"
"687","Latin America:",13,"45 to 54 years","14.6","+/-0.6","14.5","+/-2.5"
"687","Latin America:",14,"55 to 64 years","11.1","+/-0.6","7.5","+/-1.7"
"687","Latin America:",15,"65 to 74 years","6.2","+/-0.5","2.8","+/-1.0"
"687","Latin America:",16,"75 years and over","5.5","+/-0.4","1.5","+/-0.8"
"687","Latin America:",17,"Median age (years)","36.6","+/-0.6","34.3","+/-1.7"
"687","Latin America:",18,"18 years and over","77.4","+/-0.7","94.0","+/-1.8"
"687","Latin America:",19,"21 years and over","72.7","+/-0.7","89.8","+/-2.5"
"687","Latin America:",20,"62 years and over","14.2","+/-0.6","5.8","+/-1.4"
"687","Latin America:",21,"65 years and over","11.7","+/-0.6","4.3","+/-1.1"
"687","Latin America:",22,"Under 18 years","152,248","+/-6,276","3,909","+/-1,227"
"687","Latin America:",23,"Male","49.8","+/-1.7","47.0","+/-13.2"
"687","Latin America:",24,"Female","50.2","+/-1.7","53.0","+/-13.2"
"687","Latin America:",25,"18 years and over","521,339","+/-8,918","61,767","+/-6,204"
"687","Latin America:",26,"Male","48.8","+/-0.6","54.9","+/-3.3"
"687","Latin America:",27,"Female","51.2","+/-0.6","45.1","+/-3.3"
"687","Latin America:",28,"18 to 34 years","168,990","+/-5,365","29,846","+/-3,717"
"687","Latin America:",29,"Male","51.4","+/-1.3","60.4","+/-4.4"
"687","Latin America:",30,"Female","48.6","+/-1.3","39.6","+/-4.4"
"687","Latin America:",31,"35 to 64 years","273,266","+/-6,505","29,129","+/-3,681"
"687","Latin America:",32,"Male","49.2","+/-0.8","50.9","+/-4.1"
"687","Latin America:",33,"Female","50.8","+/-0.8","49.1","+/-4.1"
"687","Latin America:",34,"65 years and over","79,083","+/-3,488","2,792","+/-764"
"687","Latin America:",35,"Male","41.6","+/-1.5","38.5","+/-11.9"
"687","Latin America:",36,"Female","58.4","+/-1.5","61.5","+/-11.9"
"687","Latin America:",37,"Population in households","653,558","+/-12,794","64,945","+/-6,415"
"687","Latin America:",38,"Householder or spouse","55.3","+/-0.9","50.5","+/-4.2"
"687","Latin America:",39,"Child","30.7","+/-1.0","13.5","+/-2.7"
"687","Latin America:",40,"Other relatives","8.0","+/-0.8","17.6","+/-3.6"
"687","Latin America:",41,"Nonrelatives","6.1","+/-0.7","18.5","+/-4.1"
"687","Latin America:",42,"Unmarried partner","2.1","+/-0.3","4.2","+/-1.3"
"687","Latin America:",43,"Households","242,233","+/-3,936","22,671","+/-2,234"
"687","Latin America:",44,"Family households","67.9","+/-1.3","80.9","+/-4.1"
"687","Latin America:",45,"With own children under 18 years","33.2","+/-1.3","49.7","+/-6.4"
"687","Latin America:",46,"Married-couple family","49.2","+/-1.4","43.8","+/-5.5"
"687","Latin America:",47,"With own children under 18 years","23.2","+/-1.4","27.4","+/-4.8"
"687","Latin America:",48,"Female householder, no husband present, family","12.6","+/-1.1","19.8","+/-4.4"
"687","Latin America:",49,"With own children under 18 years","7.3","+/-0.9","14.4","+/-4.5"
"687","Latin America:",50,"Nonfamily households","32.1","+/-1.3","19.1","+/-4.1"
"687","Latin America:",51,"Male householder","14.5","+/-1.2","12.0","+/-3.3"
"687","Latin America:",52,"Living alone","10.7","+/-1.0","5.9","+/-2.3"
"687","Latin America:",53,"Not living alone","3.8","+/-0.7","6.1","+/-3.0"
"687","Latin America:",54,"Female householder","17.6","+/-1.2","7.1","+/-2.6"
"687","Latin America:",55,"Living alone","15.3","+/-1.1","5.2","+/-2.0"
"687","Latin America:",56,"Not living alone","2.3","+/-0.5","1.9","+/-1.6"
"687","Latin America:",57,"Average household size","2.70","+/-0.04","3.83","+/-0.26"
"687","Latin America:",58,"Average family size","3.26","+/-0.05","3.84","+/-0.22"
"687","Latin America:",59,"Population 15 years and over","545,347","+/-9,312","62,945","+/-6,333"
"687","Latin America:",60,"Now married, except separated","49.1","+/-1.4","45.7","+/-4.8"
"687","Latin America:",61,"Widowed","6.6","+/-0.5","3.0","+/-1.2"
"687","Latin America:",62,"Divorced","9.0","+/-0.8","7.2","+/-1.8"
"687","Latin America:",63,"Separated","2.2","+/-0.4","5.3","+/-2.0"
"687","Latin America:",64,"Never married","33.0","+/-1.1","38.8","+/-4.4"
"687","Latin America:",65,"Male 15 years and over","264,689","+/-5,794","34,708","+/-4,223"
"687","Latin America:",66,"Now married, except separated","52.7","+/-1.5","44.1","+/-5.7"
"687","Latin America:",67,"Widowed","2.5","+/-0.5","1.4","+/-1.2"
"687","Latin America:",68,"Divorced","7.7","+/-0.9","6.0","+/-2.1"
"687","Latin America:",69,"Separated","1.8","+/-0.4","3.9","+/-1.8"
"687","Latin America:",70,"Never married","35.3","+/-1.4","44.6","+/-5.5"
"687","Latin America:",71,"Female 15 years and over","280,658","+/-5,471","28,237","+/-3,285"
"687","Latin America:",72,"Now married, except separated","45.8","+/-1.6","47.7","+/-5.9"
"687","Latin America:",73,"Widowed","10.5","+/-0.9","5.0","+/-2.3"
"687","Latin America:",74,"Divorced","10.2","+/-1.0","8.6","+/-2.9"
"687","Latin America:",75,"Separated","2.6","+/-0.5","7.0","+/-3.6"
"687","Latin America:",76,"Never married","30.9","+/-1.3","31.7","+/-5.1"
"687","Latin America:",77,"Population 3 years and over enrolled in school","181,849","+/-7,079","8,607","+/-1,894"
"687","Latin America:",78,"Nursery school, preschool","7.7","+/-1.0","3.3","+/-4.2"
"687","Latin America:",79,"Kindergarten","4.3","+/-0.6","1.6","+/-1.9"
"687","Latin America:",80,"Elementary school (grades 1-8)","37.4","+/-1.7","28.7","+/-8.9"
"687","Latin America:",81,"High school (grades 9-12)","19.6","+/-1.3","22.6","+/-8.4"
"687","Latin America:",82,"College or graduate school","30.9","+/-1.5","43.8","+/-11.3"
"687","Latin America:",83,"Male 3 years and over enrolled in school","88,667","+/-4,658","4,090","+/-1,257"
"687","Latin America:",84,"Percent enrolled in kindergarten to grade 12","62.9","+/-2.6","57.1","+/-14.4"
"687","Latin America:",85,"Percent enrolled in college or graduate school","28.3","+/-2.4","41.3","+/-14.1"
"687","Latin America:",86,"Female 3 years and over enrolled in school","93,182","+/-4,337","4,517","+/-1,318"
"687","Latin America:",87,"Percent enrolled in kindergarten to grade 12","59.8","+/-2.7","49.2","+/-13.5"
"687","Latin America:",88,"Percent enrolled in college or graduate school","33.4","+/-2.4","46.1","+/-13.0"
"687","Latin America:",89,"Population 25 years and over","449,864","+/-7,052","51,453","+/-5,353"
"687","Latin America:",90,"Less than high school diploma","12.0","+/-0.9","32.9","+/-4.2"
"687","Latin America:",91,"High school graduate (includes equivalency)","31.2","+/-1.4","37.2","+/-4.9"
"687","Latin America:",92,"Some college or associate's degree","22.9","+/-1.1","17.6","+/-3.2"
"687","Latin America:",93,"Bachelor's degree","20.9","+/-1.2","8.9","+/-2.4"
"687","Latin America:",94,"Graduate or professional degree","13.0","+/-0.8","3.5","+/-1.6"
"687","Latin America:",95,"High school graduate or higher","88.0","+/-0.9","67.1","+/-4.2"
"687","Latin America:",96,"Male, high school graduate or higher","87.3","+/-1.3","64.0","+/-5.3"
"687","Latin America:",97,"Female, high school graduate or higher","88.7","+/-1.0","70.8","+/-5.4"
"687","Latin America:",98,"Bachelor's degree or higher","34.0","+/-1.2","12.4","+/-2.5"
"687","Latin America:",99,"Male, bachelor's degree or higher","36.4","+/-1.7","9.6","+/-3.0"
"687","Latin America:",100,"Female, bachelor's degree or higher","31.7","+/-1.4","15.7","+/-3.4"
"687","Latin America:",101,"Women 15 to 50 years","177,913","+/-5,559","22,480","+/-2,922"
"687","Latin America:",102,"Women 15 to 50 years who had a birth in the past 12 months","9,821","+/-1,844","2,604","+/-934"
"687","Latin America:",103,"Unmarried women 15 to 50 years who had a birth in the past 12 months","2,650","+/-760","1,036","+/-464"
"687","Latin America:",104,"As a percent of all women with a birth in the past 12 months","27.0","+/-7.7","39.8","+/-15.6"
"687","Latin America:",105,"Population 30 years and over","402,920","+/-6,607","40,890","+/-4,309"
"687","Latin America:",106,"Living with grandchild(ren)","3.6","+/-0.6","5.5","+/-2.2"
"687","Latin America:",107,"Responsible for grandchild(ren)","27.9","+/-7.8","29.9","+/-19.9"
"687","Latin America:",108,"Civilian population 18 years and over","521,276","+/-8,926","61,767","+/-6,204"
"687","Latin America:",109,"Civilian veteran","7.6","+/-0.6","1.3","+/-1.0"
"687","Latin America:",110,"Civilian population 5 years and over","620,082","+/-12,034","65,007","+/-6,367"
"687","Latin America:",111,"With any disability","10.8","+/-0.6","5.5","+/-1.8"
"687","Latin America:",112,"Civilian population 5 to 15 years","89,217","+/-5,021","3,098","+/-1,160"
"687","Latin America:",113,"With any disability","5.7","+/-1.4","2.6","+/-3.3"
"687","Latin America:",114,"Civilian population 16 to 64 years","458,821","+/-9,786","59,445","+/-6,045"
"687","Latin America:",115,"With any disability","7.8","+/-0.7","4.7","+/-1.8"
"687","Latin America:",116,"No disability","92.2","+/-0.7","95.3","+/-1.8"
"687","Latin America:",117,"Civilian population 65 years and over","72,044","+/-3,438","2,464","+/-676"
"687","Latin America:",118,"With any disability","35.5","+/-2.6","27.8","+/-15.1"
"687","Latin America:",119,"Population 1 year and over","664,317","+/-12,984","65,676","+/-6,481"
"687","Latin America:",120,"Same house","86.9","+/-1.1","76.7","+/-5.5"
"687","Latin America:",121,"Different house in the U.S.","12.0","+/-1.0","21.8","+/-5.6"
"687","Latin America:",122,"Same county","7.6","+/-0.9","16.8","+/-5.2"
"687","Latin America:",123,"Different county","4.5","+/-0.7","5.1","+/-2.4"
"687","Latin America:",124,"Same state","2.9","+/-0.6","3.3","+/-2.3"
"687","Latin America:",125,"Different state","1.6","+/-0.4","1.8","+/-1.0"
"687","Latin America:",126,"Abroad","1.0","+/-0.3","1.5","+/-1.3"
"687","Latin America:",127,"Total population","673,587","+/-12,915","65,676","+/-6,481"
"687","Latin America:",128,"Native","515,732","+/-12,811","0","+/-277"
"687","Latin America:",129,"Male","48.3","+/-0.7","-","**"
"687","Latin America:",130,"Female","51.7","+/-0.7","-","**"
"687","Latin America:",131,"Foreign born","157,855","+/-9,450","65,676","+/-6,481"
"687","Latin America:",132,"Male","51.3","+/-1.9","54.4","+/-3.2"
"687","Latin America:",133,"Female","48.7","+/-1.9","45.6","+/-3.2"
"687","Latin America:",134,"Naturalized U.S. citizen","65,441","+/-5,102","18,835","+/-3,063"
"687","Latin America:",135,"Male","49.4","+/-3.1","47.2","+/-5.3"
"687","Latin America:",136,"Female","50.6","+/-3.1","52.8","+/-5.3"
"687","Latin America:",137,"Not a U.S. citizen","92,414","+/-7,061","46,841","+/-5,581"
"687","Latin America:",138,"Male","52.6","+/-2.7","57.4","+/-4.0"
"687","Latin America:",139,"Female","47.4","+/-2.7","42.6","+/-4.0"
"687","Latin America:",140,"Entered 2000 or later","34.4","+/-3.2","42.8","+/-5.1"
"687","Latin America:",141,"Entered 1990 to 1999","31.3","+/-3.3","31.0","+/-5.0"
"687","Latin America:",142,"Entered before 1990","34.3","+/-2.6","26.2","+/-4.0"
"687","Latin America:",143,"Foreign-born population excluding population born at sea","157,855","+/-9,450","65,676","+/-6,481"
"687","Latin America:",144,"Europe","16.2","+/-2.1","N","N"
"687","Latin America:",145,"Asia","36.5","+/-2.9","N","N"
"687","Latin America:",146,"Africa","4.9","+/-1.6","N","N"
"687","Latin America:",147,"Oceania","0.2","+/-0.3","N","N"
"687","Latin America:",148,"Latin America","41.6","+/-3.0","N","N"
"687","Latin America:",149,"Northern America","0.5","+/-0.2","N","N"
"687","Latin America:",150,"Population 5 years and over","628,096","+/-12,096","65,335","+/-6,421"
"687","Latin America:",151,"English only","70.5","+/-1.3","11.3","+/-2.8"
"687","Latin America:",152,"Language other than English","29.5","+/-1.3","88.7","+/-2.8"
"687","Latin America:",153,"Speak English less than ""very well""","13.7","+/-1.0","66.0","+/-4.0"
"687","Latin America:",154,"Population 16 years and over","538,879","+/-9,098","62,237","+/-6,259"
"687","Latin America:",155,"In labor force","67.1","+/-1.0","79.2","+/-3.1"
"687","Latin America:",156,"Civilian labor force","67.1","+/-1.0","79.2","+/-3.1"
"687","Latin America:",157,"Employed","63.3","+/-1.0","74.6","+/-3.6"
"687","Latin America:",158,"Unemployed","3.8","+/-0.4","4.6","+/-1.6"
"687","Latin America:",159,"Percent of civilian labor force","5.7","+/-0.6","5.8","+/-2.0"
"687","Latin America:",160,"Armed Forces","0.0","+/-0.1","0.0","+/-0.3"
"687","Latin America:",161,"Not in labor force","32.9","+/-1.0","20.8","+/-3.1"
"687","Latin America:",162,"Females 16 years and over","277,529","+/-5,492","28,056","+/-3,270"
"687","Latin America:",163,"In labor force","59.4","+/-1.5","66.7","+/-5.7"
"687","Latin America:",164,"Civilian labor force","59.4","+/-1.5","66.7","+/-5.7"
"687","Latin America:",165,"Employed","55.6","+/-1.5","60.7","+/-5.7"
"687","Latin America:",166,"Unemployed","3.8","+/-0.6","6.0","+/-2.8"
"687","Latin America:",167,"Percent of civilian labor force","6.3","+/-0.9","9.0","+/-4.2"
"687","Latin America:",168,"Workers 16 years and over","329,853","+/-8,988","45,119","+/-5,304"
"687","Latin America:",169,"Car, truck, or van - drove alone","70.7","+/-1.3","41.8","+/-6.0"
"687","Latin America:",170,"Car, truck, or van - carpooled","10.7","+/-1.0","29.1","+/-5.4"
"687","Latin America:",171,"Public transportation (excluding taxicab)","9.0","+/-1.0","10.8","+/-3.4"
"687","Latin America:",172,"Walked","4.6","+/-0.8","8.2","+/-3.3"
"687","Latin America:",173,"Other means","2.3","+/-0.7","8.2","+/-4.2"
"687","Latin America:",174,"Worked at home","2.8","+/-0.5","1.9","+/-1.1"
"687","Latin America:",175,"Mean travel time to work (minutes)","31.1","+/-0.8","27.5","+/-2.4"
"687","Latin America:",176,"Civilian employed population 16 years and over","340,842","+/-8,824","46,417","+/-5,288"
"687","Latin America:",177,"Management, professional, and related occupations","38.1","+/-1.5","10.9","+/-2.4"
"687","Latin America:",178,"Service occupations","16.6","+/-1.1","31.3","+/-4.3"
"687","Latin America:",179,"Sales and office occupations","25.9","+/-1.3","16.8","+/-3.4"
"687","Latin America:",180,"Farming, fishing, and forestry occupations","0.2","+/-0.1","0.3","+/-0.5"
"687","Latin America:",181,"Construction, extraction, maintenance, and repair occupations","9.1","+/-1.0","17.6","+/-4.0"
"687","Latin America:",182,"Production, transportation, and material moving occupations","10.1","+/-1.1","23.1","+/-3.8"
"687","Latin America:",183,"Male civilian employed population 16 years and over","186,506","+/-5,690","29,401","+/-3,905"
"687","Latin America:",184,"Management, professional, and related occupations","36.4","+/-1.9","9.4","+/-2.8"
"687","Latin America:",185,"Service occupations","14.6","+/-1.3","25.1","+/-5.4"
"687","Latin America:",186,"Sales and office occupations","18.1","+/-1.4","11.8","+/-3.4"
"687","Latin America:",187,"Farming, fishing, and forestry occupations","0.4","+/-0.2","0.5","+/-0.7"
"687","Latin America:",188,"Construction, extraction, maintenance, and repair occupations","16.1","+/-1.7","26.5","+/-6.1"
"687","Latin America:",189,"Production, transportation, and material moving occupations","14.4","+/-1.6","26.7","+/-5.0"
"687","Latin America:",190,"Female civilian employed population 16 years and over","154,336","+/-5,371","17,016","+/-2,439"
"687","Latin America:",191,"Management, professional, and related occupations","40.1","+/-2.1","13.3","+/-4.0"
"687","Latin America:",192,"Service occupations","19.1","+/-1.9","42.1","+/-6.8"
"687","Latin America:",193,"Sales and office occupations","35.3","+/-2.0","25.3","+/-5.7"
"687","Latin America:",194,"Farming, fishing, and forestry occupations","0.0","+/-0.1","0.0","+/-1.0"
"687","Latin America:",195,"Construction, extraction, maintenance, and repair occupations","0.7","+/-0.4","2.4","+/-2.9"
"687","Latin America:",196,"Production, transportation, and material moving occupations","4.8","+/-1.0","16.9","+/-5.2"
"687","Latin America:",197,"Agriculture, forestry, fishing and hunting, and mining","0.3","+/-0.1","0.3","+/-0.5"
"687","Latin America:",198,"Construction","7.2","+/-1.0","15.7","+/-3.8"
"687","Latin America:",199,"Manufacturing","8.7","+/-0.9","15.1","+/-3.7"
"687","Latin America:",200,"Wholesale trade","3.8","+/-0.6","4.0","+/-1.7"
"687","Latin America:",201,"Retail trade","11.9","+/-1.0","9.6","+/-2.7"
"687","Latin America:",202,"Transportation and warehousing, and utilities","6.3","+/-0.8","5.5","+/-1.8"
"687","Latin America:",203,"Information","4.3","+/-0.7","1.3","+/-0.7"
"687","Latin America:",204,"Finance and insurance, and real estate and rental and leasing","8.8","+/-0.8","3.8","+/-1.5"
"687","Latin America:",205,"Professional, scientific, and management, and administrative and waste management services","11.9","+/-1.0","10.2","+/-3.5"
"687","Latin America:",206,"Educational services, and health care and social assistance","21.3","+/-1.3","11.2","+/-2.4"
"687","Latin America:",207,"Arts, entertainment, and recreation, and accommodation and food services","7.5","+/-0.8","14.1","+/-2.8"
"687","Latin America:",208,"Other services (except public administration)","3.9","+/-0.6","8.1","+/-2.8"
"687","Latin America:",209,"Public administration","4.2","+/-0.5","1.0","+/-0.8"
"687","Latin America:",210,"Private wage and salary workers","80.6","+/-1.1","90.6","+/-2.6"
"687","Latin America:",211,"Government workers","14.7","+/-1.0","5.0","+/-1.8"
"687","Latin America:",212,"Self-employed workers in own not incorporated business","4.5","+/-0.8","4.2","+/-1.8"
"687","Latin America:",213,"Unpaid family workers","0.1","+/-0.1","0.2","+/-0.4"
"687","Latin America:",214,"Households","242,233","+/-3,936","22,671","+/-2,234"
"687","Latin America:",215,"Median household income (dollars)","66,675","+/-3,305","44,463","+/-5,277"
"687","Latin America:",216,"With earnings","84.4","+/-0.9","95.0","+/-2.5"
"687","Latin America:",217,"Mean earnings (dollars)","85,400","+/-1,850","57,450","+/-4,992"
"687","Latin America:",218,"With Social Security income","24.7","+/-1.2","10.3","+/-3.2"
"687","Latin America:",219,"Mean Social Security income (dollars)","15,464","+/-526","14,071","+/-3,459"
"687","Latin America:",220,"With Supplemental Security Income","2.5","+/-0.4","2.0","+/-1.3"
"687","Latin America:",221,"Mean Supplemental Security Income (dollars)","7,628","+/-821","5,842","+/-1,720"
"687","Latin America:",222,"With cash public assistance income","1.9","+/-0.4","2.1","+/-1.7"
"687","Latin America:",223,"Mean cash public assistance income (dollars)","3,675","+/-871","1,294","+/-755"
"687","Latin America:",224,"With retirement income","15.0","+/-1.2","2.5","+/-1.3"
"687","Latin America:",225,"Mean retirement income (dollars)","22,402","+/-1,591","24,325","+/-10,618"
"687","Latin America:",226,"With Food Stamp benefits","4.0","+/-0.6","8.2","+/-3.1"
"687","Latin America:",227,"Families","164,436","+/-4,375","18,332","+/-2,010"
"687","Latin America:",228,"Median family income (dollars)","81,481","+/-2,293","43,265","+/-5,896"
"687","Latin America:",229,"Married-couple family","72.5","+/-1.7","54.2","+/-6.6"
"687","Latin America:",230,"Median income (dollars)","95,977","+/-3,119","54,940","+/-11,331"
"687","Latin America:",231,"Male householder, no spouse present, family","8.9","+/-1.4","21.3","+/-6.2"
"687","Latin America:",232,"Median income (dollars)","48,241","+/-6,037","39,087","+/-4,792"
"687","Latin America:",233,"Female householder, no husband present, family","18.5","+/-1.5","24.5","+/-5.2"
"687","Latin America:",234,"Median income (dollars)","42,497","+/-3,665","30,007","+/-8,179"
"687","Latin America:",235,"Individuals","673,587","+/-12,915","65,676","+/-6,481"
"687","Latin America:",236,"Per capita income (dollars)","31,567","+/-607","22,163","+/-1,642"
"687","Latin America:",237,"Male","141,473","+/-5,065","23,004","+/-3,106"
"687","Latin America:",238,"Female","92,371","+/-3,878","10,742","+/-2,136"
"687","Latin America:",239,"Male","68,775","+/-2,299","33,386","+/-3,079"
"687","Latin America:",240,"Female","51,118","+/-2,153","27,691","+/-2,806"
"687","Latin America:",241,"Male","53,157","+/-2,071","26,813","+/-1,819"
"687","Latin America:",242,"Female","41,996","+/-1,126","25,604","+/-1,716"
"687","Latin America:",243,"All families","5.6","+/-0.9","10.5","+/-3.7"
"687","Latin America:",244,"With related children under 18 years","8.7","+/-1.7","12.8","+/-4.6"
"687","Latin America:",245,"With related children under 5 years only","11.2","+/-4.8","17.7","+/-9.7"
"687","Latin America:",246,"Married-couple family","3.1","+/-1.0","8.4","+/-4.4"
"687","Latin America:",247,"With related children under 18 years","4.4","+/-1.9","9.9","+/-5.2"
"687","Latin America:",248,"With related children under 5 years only","9.3","+/-6.0","14.5","+/-11.6"
"687","Latin America:",249,"Female householder, no husband present, family","16.6","+/-3.5","24.2","+/-10.0"
"687","Latin America:",250,"With related children under 18 years","23.5","+/-5.3","27.6","+/-11.4"
"687","Latin America:",251,"With related children under 5 years only","31.8","+/-13.3","100.0","+/-42.0"
"687","Latin America:",252,"All people","8.5","+/-0.8","12.2","+/-2.8"
"687","Latin America:",253,"Under 18 years","10.6","+/-1.9","8.3","+/-8.9"
"687","Latin America:",254,"Related children under 18 years","10.1","+/-1.9","N","N"
"687","Latin America:",255,"Related children under 5 years","15.4","+/-3.9","N","N"
"687","Latin America:",256,"Related children 5 to 17 years","7.9","+/-1.8","N","N"
"687","Latin America:",257,"18 years and over","7.9","+/-0.7","12.4","+/-2.8"
"687","Latin America:",258,"18 to 64 years","8.1","+/-0.9","12.4","+/-2.8"
"687","Latin America:",259,"65 years and over","6.9","+/-1.6","12.0","+/-11.0"
"687","Latin America:",260,"People in families","5.7","+/-1.0","7.1","+/-2.9"
"687","Latin America:",261,"Unrelated individuals 15 years and over","21.2","+/-2.0","26.8","+/-6.9"
"687","Latin America:",262,"Occupied housing units","242,233","+/-3,936","22,671","+/-2,234"
"687","Latin America:",263,"Owner-occupied housing units","62.6","+/-1.4","37.7","+/-5.4"
"687","Latin America:",264,"Renter-occupied housing units","37.4","+/-1.4","62.3","+/-5.4"
"687","Latin America:",265,"Average household size of owner-occupied unit","2.82","+/-0.06","3.63","+/-0.35"
"687","Latin America:",266,"Average household size of renter-occupied unit","2.49","+/-0.09","3.96","+/-0.39"
"687","Latin America:",267,"1-unit, detached or attached","61.9","+/-1.4","40.2","+/-5.7"
"687","Latin America:",268,"2 to 4 units","14.6","+/-1.0","35.3","+/-5.1"
"687","Latin America:",269,"5 or more units","22.8","+/-1.1","24.5","+/-4.6"
"687","Latin America:",270,"Mobile home, boat, RV, van, etc.","0.7","+/-0.3","0.0","+/-0.8"
"687","Latin America:",271,"Built 2000 or later","5.1","+/-0.7","4.6","+/-2.0"
"687","Latin America:",272,"Built 1990 to 1999","7.6","+/-0.7","5.0","+/-2.2"
"687","Latin America:",273,"Built 1980 to 1989","12.0","+/-1.2","7.7","+/-2.7"
"687","Latin America:",274,"Built 1960 to 1979","31.6","+/-1.4","30.2","+/-5.1"
"687","Latin America:",275,"Built 1940 to 1959","24.9","+/-1.4","23.0","+/-4.7"
"687","Latin America:",276,"Built 1939 or earlier","18.8","+/-1.0","29.5","+/-4.9"
"687","Latin America:",277,"None","9.6","+/-1.0","22.0","+/-4.6"
"687","Latin America:",278,"1 or more","90.4","+/-1.0","78.0","+/-4.6"
"687","Latin America:",279,"Gas","80.6","+/-1.2","79.4","+/-4.8"
"687","Latin America:",280,"Electricity","9.6","+/-0.9","9.5","+/-2.9"
"687","Latin America:",281,"All other fuels","9.6","+/-1.0","11.0","+/-3.8"
"687","Latin America:",282,"No fuel used","0.2","+/-0.1","0.0","+/-0.8"
"687","Latin America:",283,"No telephone service available","7.6","+/-1.0","13.4","+/-4.0"
"687","Latin America:",284,"1.01 or more occupants per room","3.6","+/-0.7","17.5","+/-4.6"
"687","Latin America:",285,"Owner-occupied housing units","151,669","+/-3,787","8,542","+/-1,450"
"687","Latin America:",286,"Less than 30 percent","56.5","+/-2.1","32.0","+/-7.1"
"687","Latin America:",287,"30 percent or more","43.5","+/-2.1","68.0","+/-7.1"
"687","Latin America:",288,"Median value (dollars)","374,500","+/-5,872","376,600","+/-18,863"
"687","Latin America:",289,"Median selected monthly owner costs with a mortgage (dollars)","2,261","+/-45","2,418","+/-160"
"687","Latin America:",290,"Median selected monthly owner costs without a mortgage (dollars)","833","+/-21","803","+/-121"
"687","Latin America:",291,"Renter-occupied housing units","90,564","+/-3,987","14,129","+/-1,892"
"687","Latin America:",292,"Less than 30 percent","50.7","+/-2.9","39.5","+/-7.2"
"687","Latin America:",293,"30 percent or more","49.3","+/-2.9","60.5","+/-7.2"
"687","Latin America:",294,"Median gross rent (dollars)","1,076","+/-25","1,137","+/-56"

