SUMLEV,STATE,COUNTY,STNAME,CTYNAME,YEAR,AGEGRP,TOT_POP,TOT_MALE,TOT_FEMALE,WA_MALE,WA_FEMALE,BA_MALE,BA_FEMALE,IA_MALE,IA_FEMALE,AA_MALE,AA_FEMALE,NA_MALE,NA_FEMALE,TOM_MALE,TOM_FEMALE,WAC_MALE,WAC_FEMALE,BAC_MALE,BAC_FEMALE,IAC_MALE,IAC_FEMALE,AAC_MALE,AAC_FEMALE,NAC_MALE,NAC_FEMALE,NHWA_MALE,NHWA_FEMALE,NHBA_MALE,NHBA_FEMALE,NHIA_MALE,NHIA_FEMALE,NHAA_MALE,NHAA_FEMALE,NHNA_MALE,NHNA_FEMALE,NHTOM_MALE,NHTOM_FEMALE,NHWAC_MALE,NHWAC_FEMALE,NHBAC_MALE,NHBAC_FEMALE,NHIAC_MALE,NHIAC_FEMALE,NHAAC_MALE,NHAAC_FEMALE,NHNAC_MALE,NHNAC_FEMALE,HWA_MALE,HWA_FEMALE,HBA_MALE,HBA_FEMALE,HIA_MALE,HIA_FEMALE,HAA_MALE,HAA_FEMALE,HNA_MALE,HNA_FEMALE,HTOM_MALE,HTOM_FEMALE,HWAC_MALE,HWAC_FEMALE,HBAC_MALE,HBAC_FEMALE,HIAC_MALE,HIAC_FEMALE,HAAC_MALE,HAAC_FEMALE,HNAC_MALE,HNAC_FEMALE
050,49,001,Utah,Beaver County,2000c,0,6005,3090,2915,2977,2824,14,2,32,31,19,22,6,0,42,36,3017,2856,19,4,62,53,27,32,10,9,2804,2691,14,2,26,27,15,20,6,0,35,32,2838,2719,16,4,51,46,22,29,10,9,173,133,0,0,6,4,4,2,0,0,7,4,179,137,3,0,11,7,5,3,0,0
050,49,001,Utah,Beaver County,2000a,0,6005,3090,2915,2977,2824,14,2,32,31,19,22,6,0,42,36,3017,2856,19,4,62,53,27,32,10,9,2804,2691,14,2,26,27,15,20,6,0,35,32,2838,2719,16,4,51,46,22,29,10,9,173,133,0,0,6,4,4,2,0,0,7,4,179,137,3,0,11,7,5,3,0,0
050,49,001,Utah,Beaver County,2000,0,6018,3094,2924,3008,2853,15,2,33,29,24,24,0,0,14,16,3022,2869,15,2,47,42,24,26,0,1,2833,2718,14,2,27,25,22,23,0,0,13,15,2846,2733,14,2,40,37,22,25,0,1,175,135,1,0,6,4,2,1,0,0,1,1,176,136,1,0,7,5,2,1,0,0
050,49,001,Utah,Beaver County,2001,0,6024,3099,2925,3008,2847,15,2,34,33,26,24,0,0,16,19,3023,2866,15,2,49,48,27,27,1,1,2811,2693,13,2,28,29,23,23,0,0,13,16,2824,2709,13,2,41,41,23,26,0,1,197,154,2,0,6,4,3,1,0,0,3,3,199,157,2,0,8,7,4,1,1,0
050,49,001,Utah,Beaver County,2002,0,6100,3142,2958,3048,2883,15,2,36,31,27,26,0,0,16,16,3064,2899,15,2,52,43,27,29,0,1,2816,2695,13,2,29,28,25,25,0,0,12,14,2828,2709,13,2,41,38,25,28,0,1,232,188,2,0,7,3,2,1,0,0,4,2,236,190,2,0,11,5,2,1,0,0
050,49,001,Utah,Beaver County,2003,0,6075,3131,2944,3039,2860,15,3,37,32,28,32,0,0,12,17,3051,2877,15,3,48,45,29,35,0,1,2797,2668,13,3,29,28,26,30,0,0,8,15,2805,2683,13,3,36,39,27,33,0,1,242,192,2,0,8,4,2,2,0,0,4,2,246,194,2,0,12,6,2,2,0,0
050,49,001,Utah,Beaver County,2004,0,6077,3130,2947,3030,2855,15,3,40,33,30,35,0,1,15,20,3045,2874,15,3,55,48,30,40,0,4,2786,2671,13,3,30,30,28,33,0,1,11,16,2797,2687,13,3,41,42,28,36,0,2,244,184,2,0,10,3,2,2,0,0,4,4,248,187,2,0,14,6,2,4,0,2
050,49,001,Utah,Beaver County,2000c,1,558,298,260,288,248,0,0,1,3,3,3,0,0,6,6,294,254,0,0,3,5,7,6,0,1,269,229,0,0,1,3,2,3,0,0,5,5,274,234,0,0,3,4,5,6,0,1,19,19,0,0,0,0,1,0,0,0,1,1,20,20,0,0,0,1,2,0,0,0
050,49,001,Utah,Beaver County,2000a,1,558,298,260,288,248,0,0,1,3,3,3,0,0,6,6,294,254,0,0,3,5,7,6,0,1,269,229,0,0,1,3,2,3,0,0,5,5,274,234,0,0,3,4,5,6,0,1,19,19,0,0,0,0,1,0,0,0,1,1,20,20,0,0,0,1,2,0,0,0
050,49,001,Utah,Beaver County,2000,1,567,301,266,295,254,0,0,1,3,3,3,0,0,2,6,297,260,0,0,3,6,3,5,0,1,275,235,0,0,1,3,3,3,0,0,2,6,277,241,0,0,3,6,3,5,0,1,20,19,0,0,0,0,0,0,0,0,0,0,20,19,0,0,0,0,0,0,0,0
050,49,001,Utah,Beaver County,2001,1,566,296,270,292,258,0,0,1,2,2,3,0,0,1,7,293,265,0,0,2,5,2,6,0,1,271,233,0,0,1,2,2,3,0,0,1,7,272,240,0,0,2,5,2,6,0,1,21,25,0,0,0,0,0,0,0,0,0,0,21,25,0,0,0,0,0,0,0,0
050,49,001,Utah,Beaver County,2002,1,597,309,288,303,275,0,0,3,3,1,4,0,0,2,6,305,281,0,0,5,5,1,7,0,1,278,236,0,0,2,3,1,4,0,0,1,6,279,242,0,0,3,5,1,7,0,1,25,39,0,0,1,0,0,0,0,0,1,0,26,39,0,0,2,0,0,0,0,0
050,49,001,Utah,Beaver County,2003,1,577,286,291,275,279,0,0,7,3,1,3,0,0,3,6,278,285,0,0,9,5,2,6,0,1,250,237,0,0,4,3,1,3,0,0,1,6,251,243,0,0,4,5,2,6,0,1,25,42,0,0,3,0,0,0,0,0,2,0,27,42,0,0,5,0,0,0,0,0
050,49,001,Utah,Beaver County,2004,1,562,274,288,264,278,0,0,7,4,1,2,0,0,2,4,266,282,0,0,9,6,1,4,0,0,238,240,0,0,4,4,1,2,0,0,0,4,238,244,0,0,4,6,1,4,0,0,26,38,0,0,3,0,0,0,0,0,2,0,28,38,0,0,5,0,0,0,0,0
050,49,001,Utah,Beaver County,2000c,2,551,282,269,271,259,0,0,7,5,0,1,0,0,4,4,275,263,0,0,11,7,0,4,0,1,259,243,0,0,3,4,0,1,0,0,3,2,262,245,0,0,6,5,0,3,0,1,12,16,0,0,4,1,0,0,0,0,1,2,13,18,0,0,5,2,0,1,0,0
050,49,001,Utah,Beaver County,2000a,2,551,282,269,271,259,0,0,7,5,0,1,0,0,4,4,275,263,0,0,11,7,0,4,0,1,259,243,0,0,3,4,0,1,0,0,3,2,262,245,0,0,6,5,0,3,0,1,12,16,0,0,4,1,0,0,0,0,1,2,13,18,0,0,5,2,0,1,0,0
050,49,001,Utah,Beaver County,2000,2,556,285,271,274,263,0,0,7,4,0,1,0,0,4,3,278,266,0,0,11,7,0,1,0,0,262,246,0,0,3,3,0,1,0,0,3,3,265,249,0,0,6,6,0,1,0,0,12,17,0,0,4,1,0,0,0,0,1,0,13,17,0,0,5,1,0,0,0,0
050,49,001,Utah,Beaver County,2001,2,561,283,278,273,268,0,0,5,5,1,1,0,0,4,4,277,272,0,0,9,9,1,1,0,0,258,249,0,0,2,4,1,1,0,0,3,3,261,252,0,0,5,7,1,1,0,0,15,19,0,0,3,1,0,0,0,0,1,1,16,20,0,0,4,2,0,0,0,0
050,49,001,Utah,Beaver County,2002,2,538,275,263,267,257,0,0,4,3,2,0,0,0,2,3,269,260,0,0,6,6,2,0,0,0,245,235,0,0,1,3,2,0,0,0,1,3,246,238,0,0,2,6,2,0,0,0,22,22,0,0,3,0,0,0,0,0,1,0,23,22,0,0,4,0,0,0,0,0
050,49,001,Utah,Beaver County,2003,2,539,288,251,284,245,0,0,2,3,2,1,0,0,0,2,284,247,0,0,2,5,2,1,0,0,261,222,0,0,0,3,2,1,0,0,0,2,261,224,0,0,0,5,2,1,0,0,23,23,0,0,2,0,0,0,0,0,0,0,23,23,0,0,2,0,0,0,0,0
050,49,001,Utah,Beaver County,2004,2,530,280,250,275,240,0,0,2,3,2,2,0,0,1,5,276,245,0,0,3,6,2,3,0,1,254,219,0,0,1,3,2,2,0,0,1,5,255,224,0,0,2,6,2,3,0,1,21,21,0,0,1,0,0,0,0,0,0,0,21,21,0,0,1,0,0,0,0,0
050,49,001,Utah,Beaver County,2000c,3,557,292,265,271,257,0,0,6,4,2,0,1,0,12,4,283,261,4,0,15,7,3,1,2,0,256,245,0,0,5,2,2,0,1,0,8,4,264,249,2,0,11,5,3,1,2,0,15,12,0,0,1,2,0,0,0,0,4,0,19,12,2,0,4,2,0,0,0,0
050,49,001,Utah,Beaver County,2000a,3,557,292,265,271,257,0,0,6,4,2,0,1,0,12,4,283,261,4,0,15,7,3,1,2,0,256,245,0,0,5,2,2,0,1,0,8,4,264,249,2,0,11,5,3,1,2,0,15,12,0,0,1,2,0,0,0,0,4,0,19,12,2,0,4,2,0,0,0,0
050,49,001,Utah,Beaver County,2000,3,558,292,266,279,261,0,0,7,3,2,0,0,0,4,2,283,263,0,0,11,5,2,0,0,0,263,249,0,0,6,1,2,0,0,0,4,1,267,250,0,0,10,2,2,0,0,0,16,12,0,0,1,2,0,0,0,0,0,1,16,13,0,0,1,3,0,0,0,0
050,49,001,Utah,Beaver County,2001,3,553,290,263,272,257,1,0,9,3,2,0,0,0,6,3,278,260,1,0,15,6,2,0,0,0,253,242,0,0,7,1,2,0,0,0,5,1,258,243,0,0,12,2,2,0,0,0,19,15,1,0,2,2,0,0,0,0,1,2,20,17,1,0,3,4,0,0,0,0
050,49,001,Utah,Beaver County,2002,3,552,292,260,280,254,1,0,6,4,1,1,0,0,4,1,284,255,1,0,10,5,1,1,0,0,262,236,0,0,5,1,1,1,0,0,4,0,266,236,0,0,9,1,1,1,0,0,18,18,1,0,1,3,0,0,0,0,0,1,18,19,1,0,1,4,0,0,0,0
050,49,001,Utah,Beaver County,2003,3,568,290,278,276,268,1,0,8,5,0,1,0,0,5,4,281,272,1,0,13,9,0,1,0,0,260,251,0,0,6,2,0,1,0,0,3,2,263,253,0,0,9,4,0,1,0,0,16,17,1,0,2,3,0,0,0,0,2,2,18,19,1,0,4,5,0,0,0,0
050,49,001,Utah,Beaver County,2004,3,546,281,265,268,258,0,0,7,4,0,1,0,0,6,2,274,260,0,0,13,6,0,1,0,0,254,242,0,0,4,2,0,1,0,0,4,1,258,243,0,0,8,3,0,1,0,0,14,16,0,0,3,2,0,0,0,0,2,1,16,17,0,0,5,3,0,0,0,0
050,49,001,Utah,Beaver County,2000c,4,512,254,258,247,248,0,1,3,3,0,1,1,0,3,5,250,253,0,1,6,7,0,1,1,1,233,236,0,1,3,3,0,1,1,0,3,5,236,241,0,1,6,7,0,1,1,1,14,12,0,0,0,0,0,0,0,0,0,0,14,12,0,0,0,0,0,0,0,0
050,49,001,Utah,Beaver County,2000a,4,512,254,258,247,248,0,1,3,3,0,1,1,0,3,5,250,253,0,1,6,7,0,1,1,1,233,236,0,1,3,3,0,1,1,0,3,5,236,241,0,1,6,7,0,1,1,1,14,12,0,0,0,0,0,0,0,0,0,0,14,12,0,0,0,0,0,0,0,0
050,49,001,Utah,Beaver County,2000,4,514,256,258,250,251,0,1,3,3,1,1,0,0,2,2,252,253,0,1,5,5,1,1,0,0,236,239,0,1,3,3,1,1,0,0,2,2,238,241,0,1,5,5,1,1,0,0,14,12,0,0,0,0,0,0,0,0,0,0,14,12,0,0,0,0,0,0,0,0
050,49,001,Utah,Beaver County,2001,4,555,275,280,268,271,0,1,3,4,2,1,0,0,2,3,270,274,0,1,5,7,2,1,0,0,254,257,0,1,3,4,2,1,0,0,2,3,256,260,0,1,5,7,2,1,0,0,14,14,0,0,0,0,0,0,0,0,0,0,14,14,0,0,0,0,0,0,0,0
050,49,001,Utah,Beaver County,2002,4,546,270,276,257,270,0,1,6,2,3,1,0,0,4,2,261,272,0,1,10,4,3,1,0,0,241,256,0,1,5,2,3,1,0,0,3,2,244,258,0,1,8,4,3,1,0,0,16,14,0,0,1,0,0,0,0,0,1,0,17,14,0,0,2,0,0,0,0,0
050,49,001,Utah,Beaver County,2003,4,527,273,254,263,249,0,1,4,2,4,0,0,0,2,2,265,251,0,1,6,4,4,0,0,0,243,235,0,1,4,2,4,0,0,0,2,2,245,237,0,1,6,4,4,0,0,0,20,14,0,0,0,0,0,0,0,0,0,0,20,14,0,0,0,0,0,0,0,0
050,49,001,Utah,Beaver County,2004,4,523,273,250,258,243,1,1,7,3,5,0,0,0,2,3,260,246,1,1,9,6,5,0,0,0,235,231,0,1,6,2,5,0,0,0,2,2,237,233,0,1,8,4,5,0,0,0,23,12,1,0,1,1,0,0,0,0,0,1,23,13,1,0,1,2,0,0,0,0
050,49,001,Utah,Beaver County,2000c,5,396,222,174,208,169,4,0,4,2,2,2,3,0,1,1,208,169,5,0,5,2,2,3,3,1,181,157,4,0,4,2,2,1,3,0,0,1,181,157,4,0,4,2,2,2,3,1,27,12,0,0,0,0,0,1,0,0,1,0,27,12,1,0,1,0,0,1,0,0
050,49,001,Utah,Beaver County,2000a,5,396,222,174,208,169,4,0,4,2,2,2,3,0,1,1,208,169,5,0,5,2,2,3,3,1,181,157,4,0,4,2,2,1,3,0,0,1,181,157,4,0,4,2,2,2,3,1,27,12,0,0,0,0,0,1,0,0,1,0,27,12,1,0,1,0,0,1,0,0
050,49,001,Utah,Beaver County,2000,5,404,225,179,211,174,5,0,4,1,5,3,0,0,0,1,211,175,5,0,4,2,5,3,0,0,184,162,4,0,4,1,5,2,0,0,0,1,184,163,4,0,4,2,5,2,0,0,27,12,1,0,0,0,0,1,0,0,0,0,27,12,1,0,0,0,0,1,0,0
050,49,001,Utah,Beaver County,2001,5,391,229,162,216,156,5,0,3,3,5,3,0,0,0,0,216,156,5,0,3,3,5,3,0,0,187,145,4,0,3,3,5,2,0,0,0,0,187,145,4,0,3,3,5,2,0,0,29,11,1,0,0,0,0,1,0,0,0,0,29,11,1,0,0,0,0,1,0,0
050,49,001,Utah,Beaver County,2002,5,447,260,187,246,177,5,0,3,4,5,4,0,0,1,2,247,179,5,0,4,6,5,4,0,0,213,161,4,0,3,4,5,3,0,0,1,2,214,163,4,0,4,6,5,3,0,0,33,16,1,0,0,0,0,1,0,0,0,0,33,16,1,0,0,0,0,1,0,0
050,49,001,Utah,Beaver County,2003,5,479,261,218,249,207,5,0,2,3,5,6,0,0,0,2,249,209,5,0,2,5,5,6,0,0,214,188,4,0,2,3,5,5,0,0,0,2,214,190,4,0,2,5,5,5,0,0,35,19,1,0,0,0,0,1,0,0,0,0,35,19,1,0,0,0,0,1,0,0
050,49,001,Utah,Beaver County,2004,5,519,285,234,271,226,5,0,3,3,5,4,0,0,1,1,272,227,5,0,4,4,5,4,0,0,241,210,4,0,3,3,5,4,0,0,1,1,242,211,4,0,4,4,5,4,0,0,30,16,1,0,0,0,0,0,0,0,0,0,30,16,1,0,0,0,0,0,0,0
050,49,001,Utah,Beaver County,2000c,6,369,189,180,184,175,1,0,1,1,1,4,1,0,1,0,185,175,1,0,2,1,1,4,1,0,158,158,1,0,1,1,1,3,1,0,1,0,159,158,1,0,2,1,1,3,1,0,26,17,0,0,0,0,0,1,0,0,0,0,26,17,0,0,0,0,0,1,0,0
050,49,001,Utah,Beaver County,2000a,6,369,189,180,184,175,1,0,1,1,1,4,1,0,1,0,185,175,1,0,2,1,1,4,1,0,158,158,1,0,1,1,1,3,1,0,1,0,159,158,1,0,2,1,1,3,1,0,26,17,0,0,0,0,0,1,0,0,0,0,26,17,0,0,0,0,0,1,0,0
050,49,001,Utah,Beaver County,2000,6,371,190,181,186,177,1,0,1,1,2,3,0,0,0,0,186,177,1,0,1,1,2,3,0,0,160,160,1,0,1,1,2,3,0,0,0,0,160,160,1,0,1,1,2,3,0,0,26,17,0,0,0,0,0,0,0,0,0,0,26,17,0,0,0,0,0,0,0,0
050,49,001,Utah,Beaver County,2001,6,358,183,175,178,172,1,0,2,1,2,2,0,0,0,0,178,172,1,0,2,1,2,2,0,0,145,152,1,0,2,1,2,2,0,0,0,0,145,152,1,0,2,1,2,2,0,0,33,20,0,0,0,0,0,0,0,0,0,0,33,20,0,0,0,0,0,0,0,0
050,49,001,Utah,Beaver County,2002,6,351,191,160,185,157,1,0,3,1,2,2,0,0,0,0,185,157,1,0,3,1,2,2,0,0,146,136,1,0,3,1,2,2,0,0,0,0,146,136,1,0,3,1,2,2,0,0,39,21,0,0,0,0,0,0,0,0,0,0,39,21,0,0,0,0,0,0,0,0
050,49,001,Utah,Beaver County,2003,6,344,201,143,195,139,1,0,4,1,1,3,0,0,0,0,195,139,1,0,4,1,1,3,0,0,155,125,1,0,4,1,1,3,0,0,0,0,155,125,1,0,4,1,1,3,0,0,40,14,0,0,0,0,0,0,0,0,0,0,40,14,0,0,0,0,0,0,0,0
050,49,001,Utah,Beaver County,2004,6,353,200,153,191,140,1,0,5,3,3,7,0,1,0,2,191,141,1,0,5,4,3,8,0,2,148,124,1,0,4,3,3,6,0,1,0,1,148,125,1,0,4,4,3,6,0,1,43,16,0,0,1,0,0,1,0,0,0,1,43,16,0,0,1,0,0,2,0,1
050,49,001,Utah,Beaver County,2000c,7,321,180,141,168,137,5,0,2,1,3,1,0,0,2,2,170,139,5,1,2,3,4,1,1,0,154,131,5,0,2,1,2,1,0,0,2,1,156,132,5,1,2,2,3,1,1,0,14,6,0,0,0,0,1,0,0,0,0,1,14,7,0,0,0,1,1,0,0,0
050,49,001,Utah,Beaver County,2000a,7,321,180,141,168,137,5,0,2,1,3,1,0,0,2,2,170,139,5,1,2,3,4,1,1,0,154,131,5,0,2,1,2,1,0,0,2,1,156,132,5,1,2,2,3,1,1,0,14,6,0,0,0,0,1,0,0,0,0,1,14,7,0,0,0,1,1,0,0,0
050,49,001,Utah,Beaver County,2000,7,318,177,141,168,139,5,0,2,1,2,1,0,0,0,0,168,139,5,0,2,1,2,1,0,0,154,132,5,0,2,1,2,1,0,0,0,0,154,132,5,0,2,1,2,1,0,0,14,7,0,0,0,0,0,0,0,0,0,0,14,7,0,0,0,0,0,0,0,0
050,49,001,Utah,Beaver County,2001,7,320,179,141,170,139,5,0,1,0,3,2,0,0,0,0,170,139,5,0,1,0,3,2,0,0,154,130,5,0,1,0,2,2,0,0,0,0,154,130,5,0,1,0,2,2,0,0,16,9,0,0,0,0,1,0,0,0,0,0,16,9,0,0,0,0,1,0,0,0
050,49,001,Utah,Beaver County,2002,7,343,179,164,170,162,5,0,1,0,3,2,0,0,0,0,170,162,5,0,1,0,3,2,0,0,149,148,5,0,1,0,2,2,0,0,0,0,149,148,5,0,1,0,2,2,0,0,21,14,0,0,0,0,1,0,0,0,0,0,21,14,0,0,0,0,1,0,0,0
050,49,001,Utah,Beaver County,2003,7,327,175,152,166,149,5,0,1,0,3,3,0,0,0,0,166,149,5,0,1,0,3,3,0,0,143,134,5,0,1,0,3,2,0,0,0,0,143,134,5,0,1,0,3,2,0,0,23,15,0,0,0,0,0,1,0,0,0,0,23,15,0,0,0,0,0,1,0,0
050,49,001,Utah,Beaver County,2004,7,321,170,151,163,147,5,0,0,0,2,3,0,0,0,1,163,148,5,0,0,1,2,4,0,1,138,131,5,0,0,0,2,2,0,0,0,0,138,131,5,0,0,0,2,2,0,0,25,16,0,0,0,0,0,1,0,0,0,1,25,17,0,0,0,1,0,2,0,1
050,49,001,Utah,Beaver County,2000c,8,370,204,166,195,157,3,0,2,2,0,4,0,0,4,3,199,160,3,0,5,5,1,4,0,0,184,145,3,0,2,2,0,4,0,0,4,3,188,148,3,0,5,5,1,4,0,0,11,12,0,0,0,0,0,0,0,0,0,0,11,12,0,0,0,0,0,0,0,0
050,49,001,Utah,Beaver County,2000a,8,370,204,166,195,157,3,0,2,2,0,4,0,0,4,3,199,160,3,0,5,5,1,4,0,0,184,145,3,0,2,2,0,4,0,0,4,3,188,148,3,0,5,5,1,4,0,0,11,12,0,0,0,0,0,0,0,0,0,0,11,12,0,0,0,0,0,0,0,0
050,49,001,Utah,Beaver County,2000,8,366,200,166,195,159,3,0,1,3,0,4,0,0,1,0,196,159,3,0,2,3,0,4,0,0,184,147,3,0,1,3,0,4,0,0,1,0,185,147,3,0,2,3,0,4,0,0,11,12,0,0,0,0,0,0,0,0,0,0,11,12,0,0,0,0,0,0,0,0
050,49,001,Utah,Beaver County,2001,8,347,195,152,188,144,3,0,3,3,0,5,0,0,1,0,189,144,3,0,4,3,0,5,0,0,178,135,3,0,3,3,0,5,0,0,1,0,179,135,3,0,4,3,0,5,0,0,10,9,0,0,0,0,0,0,0,0,0,0,10,9,0,0,0,0,0,0,0,0
050,49,001,Utah,Beaver County,2002,8,335,187,148,179,142,3,0,3,2,1,4,0,0,1,0,180,142,3,0,4,2,1,4,0,0,165,133,3,0,3,2,1,4,0,0,1,0,166,133,3,0,4,2,1,4,0,0,14,9,0,0,0,0,0,0,0,0,0,0,14,9,0,0,0,0,0,0,0,0
050,49,001,Utah,Beaver County,2003,8,316,171,145,162,140,3,0,2,1,3,4,0,0,1,0,163,140,3,0,3,1,3,4,0,0,148,131,3,0,2,1,2,4,0,0,1,0,149,131,3,0,3,1,2,4,0,0,14,9,0,0,0,0,1,0,0,0,0,0,14,9,0,0,0,0,1,0,0,0
050,49,001,Utah,Beaver County,2004,8,309,169,140,162,134,3,0,2,1,2,5,0,0,0,0,162,134,3,0,2,1,2,5,0,0,148,126,3,0,2,1,2,5,0,0,0,0,148,126,3,0,2,1,2,5,0,0,14,8,0,0,0,0,0,0,0,0,0,0,14,8,0,0,0,0,0,0,0,0
050,49,001,Utah,Beaver County,2000c,9,383,194,189,189,181,0,0,2,3,2,2,0,0,1,3,190,184,0,0,3,5,2,2,0,1,176,172,0,0,1,3,1,2,0,0,1,3,177,175,0,0,2,5,1,2,0,1,13,9,0,0,1,0,1,0,0,0,0,0,13,9,0,0,1,0,1,0,0,0
050,49,001,Utah,Beaver County,2000a,9,383,194,189,189,181,0,0,2,3,2,2,0,0,1,3,190,184,0,0,3,5,2,2,0,1,176,172,0,0,1,3,1,2,0,0,1,3,177,175,0,0,2,5,1,2,0,1,13,9,0,0,1,0,1,0,0,0,0,0,13,9,0,0,1,0,1,0,0,0
050,49,001,Utah,Beaver County,2000,9,383,194,189,190,182,0,0,2,4,2,2,0,0,0,1,190,183,0,0,2,5,2,2,0,0,177,173,0,0,1,4,1,2,0,0,0,1,177,174,0,0,1,5,1,2,0,0,13,9,0,0,1,0,1,0,0,0,0,0,13,9,0,0,1,0,1,0,0,0
050,49,001,Utah,Beaver County,2001,9,376,196,180,192,172,0,0,2,5,1,1,0,0,1,2,192,174,0,0,2,7,2,1,1,0,176,159,0,0,1,5,0,1,0,0,0,2,176,161,0,0,1,7,0,1,0,0,16,13,0,0,1,0,1,0,0,0,1,0,16,13,0,0,1,0,2,0,1,0
050,49,001,Utah,Beaver County,2002,9,364,200,164,196,156,0,0,2,5,1,2,0,0,1,1,197,157,0,0,3,6,1,2,0,0,180,143,0,0,1,5,0,2,0,0,0,1,180,144,0,0,1,6,0,2,0,0,16,13,0,0,1,0,1,0,0,0,1,0,17,13,0,0,2,0,1,0,0,0
050,49,001,Utah,Beaver County,2003,9,339,187,152,186,143,0,0,1,4,0,4,0,0,0,1,186,144,0,0,1,5,0,4,0,0,171,131,0,0,0,4,0,4,0,0,0,1,171,132,0,0,0,5,0,4,0,0,15,12,0,0,1,0,0,0,0,0,0,0,15,12,0,0,1,0,0,0,0,0
050,49,001,Utah,Beaver County,2004,9,343,184,159,182,151,0,0,1,3,0,5,0,0,1,0,183,151,0,0,2,3,0,5,0,0,166,139,0,0,1,3,0,5,0,0,1,0,167,139,0,0,2,3,0,5,0,0,16,12,0,0,0,0,0,0,0,0,0,0,16,12,0,0,0,0,0,0,0,0
050,49,001,Utah,Beaver County,2000c,10,393,213,180,210,174,0,0,1,3,1,1,0,0,1,2,211,174,0,1,2,4,1,2,0,1,203,166,0,0,1,2,1,1,0,0,1,2,204,166,0,1,2,3,1,2,0,1,7,8,0,0,0,1,0,0,0,0,0,0,7,8,0,0,0,1,0,0,0,0
050,49,001,Utah,Beaver County,2000a,10,393,213,180,210,174,0,0,1,3,1,1,0,0,1,2,211,174,0,1,2,4,1,2,0,1,203,166,0,0,1,2,1,1,0,0,1,2,204,166,0,1,2,3,1,2,0,1,7,8,0,0,0,1,0,0,0,0,0,0,7,8,0,0,0,1,0,0,0,0
050,49,001,Utah,Beaver County,2000,10,394,214,180,212,174,0,0,1,3,1,2,0,0,0,1,212,175,0,0,1,4,1,2,0,0,205,166,0,0,1,2,1,2,0,0,0,1,205,167,0,0,1,3,1,2,0,0,7,8,0,0,0,1,0,0,0,0,0,0,7,8,0,0,0,1,0,0,0,0
050,49,001,Utah,Beaver County,2001,10,374,191,183,188,177,0,0,1,3,2,3,0,0,0,0,188,177,0,0,1,3,2,3,0,0,181,170,0,0,1,2,2,3,0,0,0,0,181,170,0,0,1,2,2,3,0,0,7,7,0,0,0,1,0,0,0,0,0,0,7,7,0,0,0,1,0,0,0,0
050,49,001,Utah,Beaver County,2002,10,392,198,194,195,190,0,0,1,2,2,2,0,0,0,0,195,190,0,0,1,2,2,2,0,0,187,184,0,0,1,2,2,2,0,0,0,0,187,184,0,0,1,2,2,2,0,0,8,6,0,0,0,0,0,0,0,0,0,0,8,6,0,0,0,0,0,0,0,0
050,49,001,Utah,Beaver County,2003,10,399,196,203,191,199,0,0,2,2,3,2,0,0,0,0,191,199,0,0,2,2,3,2,0,0,181,190,0,0,2,2,2,2,0,0,0,0,181,190,0,0,2,2,2,2,0,0,10,9,0,0,0,0,1,0,0,0,0,0,10,9,0,0,0,0,1,0,0,0
050,49,001,Utah,Beaver County,2004,10,392,192,200,187,194,0,0,2,3,3,2,0,0,0,1,187,195,0,0,2,4,3,2,0,0,177,185,0,0,1,3,2,2,0,0,0,1,177,186,0,0,1,4,2,2,0,0,10,9,0,0,1,0,1,0,0,0,0,0,10,9,0,0,1,0,1,0,0,0
050,49,001,Utah,Beaver County,2000c,11,311,150,161,143,155,0,0,2,1,1,1,0,0,4,4,147,158,0,0,6,3,1,2,0,2,139,151,0,0,2,1,1,1,0,0,4,4,143,154,0,0,6,3,1,2,0,2,4,4,0,0,0,0,0,0,0,0,0,0,4,4,0,0,0,0,0,0,0,0
050,49,001,Utah,Beaver County,2000a,11,311,150,161,143,155,0,0,2,1,1,1,0,0,4,4,147,158,0,0,6,3,1,2,0,2,139,151,0,0,2,1,1,1,0,0,4,4,143,154,0,0,6,3,1,2,0,2,4,4,0,0,0,0,0,0,0,0,0,0,4,4,0,0,0,0,0,0,0,0
050,49,001,Utah,Beaver County,2000,11,311,151,160,146,157,0,0,3,1,1,2,0,0,1,0,147,157,0,0,4,1,1,2,0,0,142,153,0,0,3,1,1,2,0,0,1,0,143,153,0,0,4,1,1,2,0,0,4,4,0,0,0,0,0,0,0,0,0,0,4,4,0,0,0,0,0,0,0,0
050,49,001,Utah,Beaver County,2001,11,352,175,177,170,174,0,0,3,1,1,2,0,0,1,0,171,174,0,0,4,1,1,2,0,0,164,168,0,0,3,1,1,2,0,0,1,0,165,168,0,0,4,1,1,2,0,0,6,6,0,0,0,0,0,0,0,0,0,0,6,6,0,0,0,0,0,0,0,0
050,49,001,Utah,Beaver County,2002,11,345,176,169,171,163,0,0,3,2,1,3,0,0,1,1,172,164,0,0,4,3,1,3,0,0,163,154,0,0,3,2,1,3,0,0,1,0,164,154,0,0,4,2,1,3,0,0,8,9,0,0,0,0,0,0,0,0,0,1,8,10,0,0,0,1,0,0,0,0
050,49,001,Utah,Beaver County,2003,11,364,193,171,190,165,0,1,2,3,0,2,0,0,1,0,191,165,0,1,3,3,0,2,0,0,182,154,0,1,2,2,0,2,0,0,1,0,183,154,0,1,3,2,0,2,0,0,8,11,0,0,0,1,0,0,0,0,0,0,8,11,0,0,0,1,0,0,0,0
050,49,001,Utah,Beaver County,2004,11,366,194,172,192,168,0,1,1,2,0,1,0,0,1,0,193,168,0,1,2,2,0,1,0,0,183,156,0,1,1,2,0,1,0,0,1,0,184,156,0,1,2,2,0,1,0,0,9,12,0,0,0,0,0,0,0,0,0,0,9,12,0,0,0,0,0,0,0,0
050,49,001,Utah,Beaver County,2000c,12,257,135,122,131,121,0,0,1,1,1,0,0,0,2,0,132,121,0,0,2,1,2,0,1,0,126,120,0,0,1,1,1,0,0,0,2,0,127,120,0,0,2,1,2,0,1,0,5,1,0,0,0,0,0,0,0,0,0,0,5,1,0,0,0,0,0,0,0,0
050,49,001,Utah,Beaver County,2000a,12,257,135,122,131,121,0,0,1,1,1,0,0,0,2,0,132,121,0,0,2,1,2,0,1,0,126,120,0,0,1,1,1,0,0,0,2,0,127,120,0,0,2,1,2,0,1,0,5,1,0,0,0,0,0,0,0,0,0,0,5,1,0,0,0,0,0,0,0,0
050,49,001,Utah,Beaver County,2000,12,257,135,122,132,121,0,0,1,1,2,0,0,0,0,0,132,121,0,0,1,1,2,0,0,0,127,120,0,0,1,1,2,0,0,0,0,0,127,120,0,0,1,1,2,0,0,0,5,1,0,0,0,0,0,0,0,0,0,0,5,1,0,0,0,0,0,0,0,0
050,49,001,Utah,Beaver County,2001,12,232,125,107,123,106,0,0,1,1,1,0,0,0,0,0,123,106,0,0,1,1,1,0,0,0,118,106,0,0,1,1,1,0,0,0,0,0,118,106,0,0,1,1,1,0,0,0,5,0,0,0,0,0,0,0,0,0,0,0,5,0,0,0,0,0,0,0,0,0
050,49,001,Utah,Beaver County,2002,12,243,123,120,122,120,0,0,1,0,0,0,0,0,0,0,122,120,0,0,1,0,0,0,0,0,118,119,0,0,1,0,0,0,0,0,0,0,118,119,0,0,1,0,0,0,0,0,4,1,0,0,0,0,0,0,0,0,0,0,4,1,0,0,0,0,0,0,0,0
050,49,001,Utah,Beaver County,2003,12,252,120,132,117,130,0,0,2,1,1,1,0,0,0,0,117,130,0,0,2,1,1,1,0,0,113,129,0,0,2,1,1,1,0,0,0,0,113,129,0,0,2,1,1,1,0,0,4,1,0,0,0,0,0,0,0,0,0,0,4,1,0,0,0,0,0,0,0,0
050,49,001,Utah,Beaver County,2004,12,268,127,141,122,138,0,0,3,1,1,2,0,0,1,0,123,138,0,0,4,1,1,2,0,0,119,136,0,0,3,1,1,2,0,0,1,0,120,136,0,0,4,1,1,2,0,0,3,2,0,0,0,0,0,0,0,0,0,0,3,2,0,0,0,0,0,0,0,0
050,49,001,Utah,Beaver County,2000c,13,192,101,91,100,91,0,0,0,0,1,0,0,0,0,0,100,91,0,0,0,0,1,0,0,0,100,90,0,0,0,0,0,0,0,0,0,0,100,90,0,0,0,0,0,0,0,0,0,1,0,0,0,0,1,0,0,0,0,0,0,1,0,0,0,0,1,0,0,0
050,49,001,Utah,Beaver County,2000a,13,192,101,91,100,91,0,0,0,0,1,0,0,0,0,0,100,91,0,0,0,0,1,0,0,0,100,90,0,0,0,0,0,0,0,0,0,0,100,90,0,0,0,0,0,0,0,0,0,1,0,0,0,0,1,0,0,0,0,0,0,1,0,0,0,0,1,0,0,0
050,49,001,Utah,Beaver County,2000,13,192,101,91,100,91,0,0,0,0,1,0,0,0,0,0,100,91,0,0,0,0,1,0,0,0,100,90,0,0,0,0,0,0,0,0,0,0,100,90,0,0,0,0,0,0,0,0,0,1,0,0,0,0,1,0,0,0,0,0,0,1,0,0,0,0,1,0,0,0
050,49,001,Utah,Beaver County,2001,13,205,105,100,104,100,0,0,0,0,1,0,0,0,0,0,104,100,0,0,0,0,1,0,0,0,104,98,0,0,0,0,0,0,0,0,0,0,104,98,0,0,0,0,0,0,0,0,0,2,0,0,0,0,1,0,0,0,0,0,0,2,0,0,0,0,1,0,0,0
050,49,001,Utah,Beaver County,2002,13,212,110,102,108,101,0,0,0,1,2,0,0,0,0,0,108,101,0,0,0,1,2,0,0,0,106,99,0,0,0,1,2,0,0,0,0,0,106,99,0,0,0,1,2,0,0,0,2,2,0,0,0,0,0,0,0,0,0,0,2,2,0,0,0,0,0,0,0,0
050,49,001,Utah,Beaver County,2003,13,219,110,109,108,108,0,0,0,1,2,0,0,0,0,0,108,108,0,0,0,1,2,0,0,0,105,106,0,0,0,1,2,0,0,0,0,0,105,106,0,0,0,1,2,0,0,0,3,2,0,0,0,0,0,0,0,0,0,0,3,2,0,0,0,0,0,0,0,0
050,49,001,Utah,Beaver County,2004,13,227,118,109,116,108,0,0,0,1,2,0,0,0,0,0,116,108,0,0,0,1,2,0,0,0,112,106,0,0,0,1,2,0,0,0,0,0,112,106,0,0,0,1,2,0,0,0,4,2,0,0,0,0,0,0,0,0,0,0,4,2,0,0,0,0,0,0,0,0
050,49,001,Utah,Beaver County,2000c,14,227,108,119,107,116,0,0,0,1,1,1,0,0,0,1,107,117,0,0,0,2,1,1,0,0,104,115,0,0,0,1,1,1,0,0,0,1,104,116,0,0,0,2,1,1,0,0,3,1,0,0,0,0,0,0,0,0,0,0,3,1,0,0,0,0,0,0,0,0
050,49,001,Utah,Beaver County,2000a,14,227,108,119,107,116,0,0,0,1,1,1,0,0,0,1,107,117,0,0,0,2,1,1,0,0,104,115,0,0,0,1,1,1,0,0,0,1,104,116,0,0,0,2,1,1,0,0,3,1,0,0,0,0,0,0,0,0,0,0,3,1,0,0,0,0,0,0,0,0
050,49,001,Utah,Beaver County,2000,14,224,108,116,107,115,0,0,0,0,1,1,0,0,0,0,107,115,0,0,0,0,1,1,0,0,104,114,0,0,0,0,1,1,0,0,0,0,104,114,0,0,0,0,1,1,0,0,3,1,0,0,0,0,0,0,0,0,0,0,3,1,0,0,0,0,0,0,0,0
050,49,001,Utah,Beaver County,2001,14,220,103,117,102,115,0,0,0,1,1,1,0,0,0,0,102,115,0,0,0,1,1,1,0,0,100,115,0,0,0,1,1,1,0,0,0,0,100,115,0,0,0,1,1,1,0,0,2,0,0,0,0,0,0,0,0,0,0,0,2,0,0,0,0,0,0,0,0,0
050,49,001,Utah,Beaver County,2002,14,216,101,115,100,113,0,0,0,1,1,1,0,0,0,0,100,113,0,0,0,1,1,1,0,0,98,113,0,0,0,1,1,1,0,0,0,0,98,113,0,0,0,1,1,1,0,0,2,0,0,0,0,0,0,0,0,0,0,0,2,0,0,0,0,0,0,0,0,0
050,49,001,Utah,Beaver County,2003,14,204,105,99,104,97,0,0,0,1,1,1,0,0,0,0,104,97,0,0,0,1,1,1,0,0,102,97,0,0,0,1,1,1,0,0,0,0,102,97,0,0,0,1,1,1,0,0,2,0,0,0,0,0,0,0,0,0,0,0,2,0,0,0,0,0,0,0,0,0
050,49,001,Utah,Beaver County,2004,14,193,102,91,101,91,0,0,0,0,1,0,0,0,0,0,101,91,0,0,0,0,1,0,0,0,100,91,0,0,0,0,0,0,0,0,0,0,100,91,0,0,0,0,0,0,0,0,1,0,0,0,0,0,1,0,0,0,0,0,1,0,0,0,0,0,1,0,0,0
050,49,001,Utah,Beaver County,2000c,15,203,102,101,102,99,0,0,0,1,0,0,0,0,0,1,102,100,0,0,0,1,0,0,0,1,100,96,0,0,0,1,0,0,0,0,0,1,100,97,0,0,0,1,0,0,0,1,2,3,0,0,0,0,0,0,0,0,0,0,2,3,0,0,0,0,0,0,0,0
050,49,001,Utah,Beaver County,2000a,15,203,102,101,102,99,0,0,0,1,0,0,0,0,0,1,102,100,0,0,0,1,0,0,0,1,100,96,0,0,0,1,0,0,0,0,0,1,100,97,0,0,0,1,0,0,0,1,2,3,0,0,0,0,0,0,0,0,0,0,2,3,0,0,0,0,0,0,0,0
050,49,001,Utah,Beaver County,2000,15,202,101,101,101,100,0,0,0,1,0,0,0,0,0,0,101,100,0,0,0,1,0,0,0,0,99,97,0,0,0,1,0,0,0,0,0,0,99,97,0,0,0,1,0,0,0,0,2,3,0,0,0,0,0,0,0,0,0,0,2,3,0,0,0,0,0,0,0,0
050,49,001,Utah,Beaver County,2001,15,221,111,110,111,109,0,0,0,1,0,0,0,0,0,0,111,109,0,0,0,1,0,0,0,0,108,105,0,0,0,1,0,0,0,0,0,0,108,105,0,0,0,1,0,0,0,0,3,4,0,0,0,0,0,0,0,0,0,0,3,4,0,0,0,0,0,0,0,0
050,49,001,Utah,Beaver County,2002,15,225,104,121,104,120,0,0,0,1,0,0,0,0,0,0,104,120,0,0,0,1,0,0,0,0,101,116,0,0,0,1,0,0,0,0,0,0,101,116,0,0,0,1,0,0,0,0,3,4,0,0,0,0,0,0,0,0,0,0,3,4,0,0,0,0,0,0,0,0
050,49,001,Utah,Beaver County,2003,15,220,103,117,103,114,0,0,0,2,0,1,0,0,0,0,103,114,0,0,0,2,0,1,0,0,102,111,0,0,0,2,0,1,0,0,0,0,102,111,0,0,0,2,0,1,0,0,1,3,0,0,0,0,0,0,0,0,0,0,1,3,0,0,0,0,0,0,0,0
050,49,001,Utah,Beaver County,2004,15,235,109,126,108,122,0,0,0,2,1,1,0,0,0,1,108,123,0,0,0,3,1,1,0,0,106,121,0,0,0,2,1,1,0,0,0,1,106,122,0,0,0,3,1,1,0,0,2,1,0,0,0,0,0,0,0,0,0,0,2,1,0,0,0,0,0,0,0,0
050,49,001,Utah,Beaver County,2000c,16,150,78,72,77,71,0,0,0,0,0,1,0,0,1,0,78,71,0,0,0,0,0,1,1,0,77,71,0,0,0,0,0,1,0,0,1,0,78,71,0,0,0,0,0,1,1,0,0,0,0,0,0,0,0,0,0,0,0,0,0,0,0,0,0,0,0,0,0,0
050,49,001,Utah,Beaver County,2000a,16,150,78,72,77,71,0,0,0,0,0,1,0,0,1,0,78,71,0,0,0,0,0,1,1,0,77,71,0,0,0,0,0,1,0,0,1,0,78,71,0,0,0,0,0,1,1,0,0,0,0,0,0,0,0,0,0,0,0,0,0,0,0,0,0,0,0,0,0,0
050,49,001,Utah,Beaver County,2000,16,149,77,72,77,71,0,0,0,0,0,1,0,0,0,0,77,71,0,0,0,0,0,1,0,0,77,71,0,0,0,0,0,1,0,0,0,0,77,71,0,0,0,0,0,1,0,0,0,0,0,0,0,0,0,0,0,0,0,0,0,0,0,0,0,0,0,0,0,0
050,49,001,Utah,Beaver County,2001,16,140,67,73,66,73,0,0,0,0,1,0,0,0,0,0,66,73,0,0,0,0,1,0,0,0,66,73,0,0,0,0,1,0,0,0,0,0,66,73,0,0,0,0,1,0,0,0,0,0,0,0,0,0,0,0,0,0,0,0,0,0,0,0,0,0,0,0,0,0
050,49,001,Utah,Beaver County,2002,16,143,72,71,71,71,0,0,0,0,1,0,0,0,0,0,71,71,0,0,0,0,1,0,0,0,71,71,0,0,0,0,1,0,0,0,0,0,71,71,0,0,0,0,1,0,0,0,0,0,0,0,0,0,0,0,0,0,0,0,0,0,0,0,0,0,0,0,0,0
050,49,001,Utah,Beaver County,2003,16,160,79,81,78,81,0,0,0,0,1,0,0,0,0,0,78,81,0,0,0,0,1,0,0,0,76,80,0,0,0,0,1,0,0,0,0,0,76,80,0,0,0,0,1,0,0,0,2,1,0,0,0,0,0,0,0,0,0,0,2,1,0,0,0,0,0,0,0,0
050,49,001,Utah,Beaver County,2004,16,150,77,73,76,73,0,0,0,0,1,0,0,0,0,0,76,73,0,0,0,0,1,0,0,0,74,70,0,0,0,0,1,0,0,0,0,0,74,70,0,0,0,0,1,0,0,0,2,3,0,0,0,0,0,0,0,0,0,0,2,3,0,0,0,0,0,0,0,0
050,49,001,Utah,Beaver County,2000c,17,154,60,94,59,93,0,1,0,0,1,0,0,0,0,0,59,93,0,1,0,0,1,0,0,0,58,93,0,1,0,0,1,0,0,0,0,0,58,93,0,1,0,0,1,0,0,0,1,0,0,0,0,0,0,0,0,0,0,0,1,0,0,0,0,0,0,0,0,0
050,49,001,Utah,Beaver County,2000a,17,154,60,94,59,93,0,1,0,0,1,0,0,0,0,0,59,93,0,1,0,0,1,0,0,0,58,93,0,1,0,0,1,0,0,0,0,0,58,93,0,1,0,0,1,0,0,0,1,0,0,0,0,0,0,0,0,0,0,0,1,0,0,0,0,0,0,0,0,0
050,49,001,Utah,Beaver County,2000,17,151,59,92,58,91,0,1,0,0,1,0,0,0,0,0,58,91,0,1,0,0,1,0,0,0,57,91,0,1,0,0,1,0,0,0,0,0,57,91,0,1,0,0,1,0,0,0,1,0,0,0,0,0,0,0,0,0,0,0,1,0,0,0,0,0,0,0,0,0
050,49,001,Utah,Beaver County,2001,17,148,59,89,58,89,0,0,0,0,1,0,0,0,0,0,58,89,0,0,0,0,1,0,0,0,57,89,0,0,0,0,1,0,0,0,0,0,57,89,0,0,0,0,1,0,0,0,1,0,0,0,0,0,0,0,0,0,0,0,1,0,0,0,0,0,0,0,0,0
050,49,001,Utah,Beaver County,2002,17,126,53,73,52,73,0,0,0,0,1,0,0,0,0,0,52,73,0,0,0,0,1,0,0,0,51,73,0,0,0,0,1,0,0,0,0,0,51,73,0,0,0,0,1,0,0,0,1,0,0,0,0,0,0,0,0,0,0,0,1,0,0,0,0,0,0,0,0,0
050,49,001,Utah,Beaver County,2003,17,112,51,61,50,61,0,0,0,0,1,0,0,0,0,0,50,61,0,0,0,0,1,0,0,0,49,61,0,0,0,0,1,0,0,0,0,0,49,61,0,0,0,0,1,0,0,0,1,0,0,0,0,0,0,0,0,0,0,0,1,0,0,0,0,0,0,0,0,0
050,49,001,Utah,Beaver County,2004,17,106,53,53,53,53,0,0,0,0,0,0,0,0,0,0,53,53,0,0,0,0,0,0,0,0,53,53,0,0,0,0,0,0,0,0,0,0,53,53,0,0,0,0,0,0,0,0,0,0,0,0,0,0,0,0,0,0,0,0,0,0,0,0,0,0,0,0,0,0
050,49,001,Utah,Beaver County,2000c,18,101,28,73,27,73,1,0,0,0,0,0,0,0,0,0,27,73,1,0,0,0,0,0,0,0,27,73,1,0,0,0,0,0,0,0,0,0,27,73,1,0,0,0,0,0,0,0,0,0,0,0,0,0,0,0,0,0,0,0,0,0,0,0,0,0,0,0,0,0
050,49,001,Utah,Beaver County,2000a,18,101,28,73,27,73,1,0,0,0,0,0,0,0,0,0,27,73,1,0,0,0,0,0,0,0,27,73,1,0,0,0,0,0,0,0,0,0,27,73,1,0,0,0,0,0,0,0,0,0,0,0,0,0,0,0,0,0,0,0,0,0,0,0,0,0,0,0,0,0
050,49,001,Utah,Beaver County,2000,18,101,28,73,27,73,1,0,0,0,0,0,0,0,0,0,27,73,1,0,0,0,0,0,0,0,27,73,1,0,0,0,0,0,0,0,0,0,27,73,1,0,0,0,0,0,0,0,0,0,0,0,0,0,0,0,0,0,0,0,0,0,0,0,0,0,0,0,0,0
050,49,001,Utah,Beaver County,2001,18,105,37,68,37,67,0,1,0,0,0,0,0,0,0,0,37,67,0,1,0,0,0,0,0,0,37,67,0,1,0,0,0,0,0,0,0,0,37,67,0,1,0,0,0,0,0,0,0,0,0,0,0,0,0,0,0,0,0,0,0,0,0,0,0,0,0,0,0,0
050,49,001,Utah,Beaver County,2002,18,125,42,83,42,82,0,1,0,0,0,0,0,0,0,0,42,82,0,1,0,0,0,0,0,0,42,82,0,1,0,0,0,0,0,0,0,0,42,82,0,1,0,0,0,0,0,0,0,0,0,0,0,0,0,0,0,0,0,0,0,0,0,0,0,0,0,0,0,0
050,49,001,Utah,Beaver County,2003,18,129,42,87,42,86,0,1,0,0,0,0,0,0,0,0,42,86,0,1,0,0,0,0,0,0,42,86,0,1,0,0,0,0,0,0,0,0,42,86,0,1,0,0,0,0,0,0,0,0,0,0,0,0,0,0,0,0,0,0,0,0,0,0,0,0,0,0,0,0
050,49,001,Utah,Beaver County,2004,18,134,42,92,41,91,0,1,0,0,1,0,0,0,0,0,41,91,0,1,0,0,1,0,0,0,40,91,0,1,0,0,1,0,0,0,0,0,40,91,0,1,0,0,1,0,0,0,1,0,0,0,0,0,0,0,0,0,0,0,1,0,0,0,0,0,0,0,0,0
050,49,003,Utah,Box Elder County,2000c,0,42745,21551,21194,20871,20524,42,32,214,193,220,242,18,17,186,186,21049,20699,66,56,309,285,286,314,31,35,19472,19283,36,30,171,161,204,222,17,17,170,171,19635,19443,57,52,258,248,264,289,30,32,1399,1241,6,2,43,32,16,20,1,0,16,15,1414,1256,9,4,51,37,22,25,1,3
050,49,003,Utah,Box Elder County,2000a,0,42745,21551,21194,20871,20524,42,32,214,193,220,242,18,17,186,186,21049,20699,66,56,309,285,286,314,31,35,19472,19283,36,30,171,161,204,222,17,17,170,171,19635,19443,57,52,258,248,264,289,30,32,1399,1241,6,2,43,32,16,20,1,0,16,15,1414,1256,9,4,51,37,22,25,1,3
050,49,003,Utah,Box Elder County,2000,0,42884,21630,21254,20963,20595,37,32,214,197,232,255,5,8,179,167,21142,20762,63,53,313,282,283,313,10,11,19550,19339,31,30,171,168,216,237,5,8,164,158,19714,19497,55,51,257,245,267,294,10,11,1413,1256,6,2,43,29,16,18,0,0,15,9,1428,1265,8,2,56,37,16,19,0,0
050,49,003,Utah,Box Elder County,2001,0,43377,21888,21489,21228,20837,38,34,221,197,218,246,5,10,178,165,21406,21002,62,60,321,284,269,298,8,14,19779,19552,33,32,177,169,203,229,5,10,165,154,19944,19706,56,58,265,246,254,280,8,14,1449,1285,5,2,44,28,15,17,0,0,13,11,1462,1296,6,2,56,38,15,18,0,0
050,49,003,Utah,Box Elder County,2002,0,44036,22236,21800,21532,21096,49,40,234,214,223,259,6,10,192,181,21723,21277,83,69,335,304,280,320,13,13,20018,19737,44,37,192,184,209,242,6,10,179,169,20197,19906,76,66,282,265,266,300,12,13,1514,1359,5,3,42,30,14,17,0,0,13,12,1526,1371,7,3,53,39,14,20,1,0
050,49,003,Utah,Box Elder County,2003,0,44599,22511,22088,21803,21352,52,42,244,223,227,271,5,9,180,191,21982,21543,82,75,343,318,281,333,8,12,20252,19935,46,38,201,193,215,250,5,9,167,178,20419,20113,75,69,288,279,269,310,7,12,1551,1417,6,4,43,30,12,21,0,0,13,13,1563,1430,7,6,55,39,12,23,1,0
050,49,003,Utah,Box Elder County,2004,0,44810,22609,22201,21893,21471,61,48,241,223,220,263,8,8,186,188,22079,21659,94,86,344,312,272,323,10,9,20347,20048,55,40,200,195,207,250,8,8,177,174,20524,20222,88,72,294,277,259,309,10,9,1546,1423,6,8,41,28,13,13,0,0,9,14,1555,1437,6,14,50,35,13,14,0,0
050,49,003,Utah,Box Elder County,2000c,1,3963,2091,1872,2008,1773,15,10,23,25,9,26,1,1,35,37,2042,1808,22,19,38,41,19,37,5,6,1829,1591,14,10,14,14,8,22,1,1,30,32,1858,1621,21,17,27,29,15,32,5,5,179,182,1,0,9,11,1,4,0,0,5,5,184,187,1,2,11,12,4,5,0,1
050,49,003,Utah,Box Elder County,2000a,1,3963,2091,1872,2008,1773,15,10,23,25,9,26,1,1,35,37,2042,1808,22,19,38,41,19,37,5,6,1829,1591,14,10,14,14,8,22,1,1,30,32,1858,1621,21,17,27,29,15,32,5,5,179,182,1,0,9,11,1,4,0,0,5,5,184,187,1,2,11,12,4,5,0,1
050,49,003,Utah,Box Elder County,2000,1,3997,2111,1886,2027,1791,11,8,23,26,12,22,0,2,38,37,2065,1828,25,17,36,39,22,35,1,4,1844,1604,10,8,15,17,10,19,0,2,33,33,1877,1637,23,17,24,26,20,32,1,4,183,187,1,0,8,9,2,3,0,0,5,4,188,191,2,0,12,13,2,3,0,0
050,49,003,Utah,Box Elder County,2001,1,4015,2086,1929,2012,1834,9,7,23,24,8,23,0,3,34,38,2046,1872,21,17,35,37,17,36,1,5,1824,1654,8,7,14,16,8,19,0,3,29,33,1853,1687,19,17,22,25,17,31,1,5,188,180,1,0,9,8,0,4,0,0,5,5,193,185,2,0,13,12,0,5,0,0
050,49,003,Utah,Box Elder County,2002,1,4032,2076,1956,2009,1868,8,8,20,21,7,21,0,2,32,36,2041,1904,20,17,30,33,17,34,0,4,1826,1674,7,7,14,15,7,18,0,2,29,33,1855,1707,18,16,22,24,17,31,0,4,183,194,1,1,6,6,0,3,0,0,3,3,186,197,2,1,8,9,0,3,0,0
050,49,003,Utah,Box Elder County,2003,1,4006,2058,1948,1997,1872,4,6,18,17,10,19,0,1,29,33,2026,1905,14,16,27,26,20,32,0,2,1824,1677,4,4,15,13,10,16,0,1,27,28,1851,1705,14,12,22,20,20,28,0,2,173,195,0,2,3,4,0,3,0,0,2,5,175,200,0,4,5,6,0,4,0,0
050,49,003,Utah,Box Elder County,2004,1,3895,1998,1897,1948,1827,2,7,17,18,9,15,0,0,22,30,1970,1857,8,19,24,25,18,26,0,0,1788,1653,2,2,16,13,9,14,0,0,21,23,1809,1676,8,8,22,19,18,25,0,0,160,174,0,5,1,5,0,1,0,0,1,7,161,181,0,11,2,6,0,1,0,0
050,49,003,Utah,Box Elder County,2000c,2,4148,2142,2006,2063,1937,8,5,23,17,11,14,1,1,36,32,2096,1968,15,11,43,32,22,26,3,2,1892,1769,8,5,18,16,11,12,1,1,31,27,1921,1795,13,11,34,28,22,22,3,2,171,168,0,0,5,1,0,2,0,0,5,5,175,173,2,0,9,4,0,4,0,0
050,49,003,Utah,Box Elder County,2000a,2,4148,2142,2006,2063,1937,8,5,23,17,11,14,1,1,36,32,2096,1968,15,11,43,32,22,26,3,2,1892,1769,8,5,18,16,11,12,1,1,31,27,1921,1795,13,11,34,28,22,22,3,2,171,168,0,0,5,1,0,2,0,0,5,5,175,173,2,0,9,4,0,4,0,0
050,49,003,Utah,Box Elder County,2000,2,4138,2137,2001,2061,1933,6,6,26,19,11,13,1,1,32,29,2093,1962,14,13,39,30,21,24,2,1,1889,1763,6,6,20,18,11,11,1,1,29,27,1918,1790,14,13,30,28,21,21,2,1,172,170,0,0,6,1,0,2,0,0,3,2,175,172,0,0,9,2,0,3,0,0
050,49,003,Utah,Box Elder County,2001,2,4050,2121,1929,2047,1858,9,8,24,20,8,12,0,1,33,30,2080,1888,19,18,37,31,17,22,1,2,1872,1679,9,8,19,18,8,11,0,1,30,29,1902,1708,19,18,29,28,17,21,1,2,175,179,0,0,5,2,0,1,0,0,3,1,178,180,0,0,8,3,0,1,0,0
050,49,003,Utah,Box Elder County,2002,2,4083,2160,1923,2075,1847,13,9,23,21,10,12,0,0,39,34,2114,1881,28,21,38,32,19,23,4,0,1889,1665,13,9,17,16,9,12,0,0,36,31,1925,1696,28,21,29,25,18,22,4,0,186,182,0,0,6,5,1,0,0,0,3,3,189,185,0,0,9,7,1,1,0,0
050,49,003,Utah,Box Elder County,2003,2,4015,2127,1888,2040,1792,15,11,25,26,10,18,0,1,37,40,2077,1832,30,25,39,40,20,30,2,3,1857,1612,13,11,18,19,10,16,0,1,34,37,1891,1649,28,25,29,30,20,28,2,3,183,180,2,0,7,7,0,2,0,0,3,3,186,183,2,0,10,10,0,2,0,0
050,49,003,Utah,Box Elder County,2004,2,3974,2096,1878,2009,1784,16,11,23,22,9,19,0,2,39,40,2048,1824,33,27,37,33,18,31,1,3,1830,1603,15,10,16,19,8,17,0,2,36,37,1866,1640,32,26,27,28,17,28,1,3,179,181,1,1,7,3,1,2,0,0,3,3,182,184,1,1,10,5,1,3,0,0
050,49,003,Utah,Box Elder County,2000c,3,4447,2261,2186,2184,2118,3,2,26,19,16,22,0,4,32,21,2215,2138,6,4,43,28,27,33,3,4,2019,1973,2,2,23,15,15,20,0,4,31,21,2049,1993,5,4,39,24,26,31,3,4,165,145,1,0,3,4,1,2,0,0,1,0,166,145,1,0,4,4,1,2,0,0
050,49,003,Utah,Box Elder County,2000a,3,4447,2261,2186,2184,2118,3,2,26,19,16,22,0,4,32,21,2215,2138,6,4,43,28,27,33,3,4,2019,1973,2,2,23,15,15,20,0,4,31,21,2049,1993,5,4,39,24,26,31,3,4,165,145,1,0,3,4,1,2,0,0,1,0,166,145,1,0,4,4,1,2,0,0
050,49,003,Utah,Box Elder County,2000,3,4452,2265,2187,2191,2116,4,2,26,19,15,21,2,4,27,25,2218,2141,7,5,41,29,23,32,3,5,2025,1970,3,2,23,15,14,19,2,4,23,23,2048,1993,5,5,35,23,22,30,3,5,166,146,1,0,3,4,1,2,0,0,4,2,170,148,2,0,6,6,1,2,0,0
050,49,003,Utah,Box Elder County,2001,3,4454,2284,2170,2209,2105,2,2,29,18,16,19,3,4,25,22,2234,2127,4,5,42,28,25,28,4,4,2035,1951,1,2,26,15,15,18,3,4,24,20,2059,1971,3,5,38,23,24,27,4,4,174,154,1,0,3,3,1,1,0,0,1,2,175,156,1,0,4,5,1,1,0,0
050,49,003,Utah,Box Elder County,2002,3,4382,2260,2122,2177,2048,3,3,31,22,17,19,3,4,29,26,2206,2074,7,8,44,33,28,30,4,5,1995,1890,2,3,27,20,17,17,3,4,27,24,2022,1914,6,8,38,30,28,27,4,5,182,158,1,0,4,2,0,2,0,0,2,2,184,160,1,0,6,3,0,3,0,0
050,49,003,Utah,Box Elder County,2003,3,4326,2245,2081,2163,2011,5,4,32,20,14,18,2,3,29,25,2192,2036,9,9,48,29,24,29,2,3,1976,1848,5,4,27,18,14,15,2,3,26,23,2002,1871,9,9,40,26,24,25,2,3,187,163,0,0,5,2,0,3,0,0,3,2,190,165,0,0,8,3,0,4,0,0
050,49,003,Utah,Box Elder County,2004,3,4175,2155,2020,2074,1953,8,4,29,22,12,14,2,2,30,25,2104,1978,15,10,44,33,20,22,2,2,1902,1787,7,4,23,19,12,13,2,2,27,23,1929,1810,14,10,35,28,20,21,2,2,172,166,1,0,6,3,0,1,0,0,3,2,175,168,1,0,9,5,0,1,0,0
050,49,003,Utah,Box Elder County,2000c,4,4404,2295,2109,2224,2034,2,5,22,20,22,18,2,4,23,28,2247,2061,4,9,36,33,30,32,3,7,2088,1922,0,5,17,16,19,16,2,4,22,27,2110,1948,2,9,30,29,27,30,3,6,136,112,2,0,5,4,3,2,0,0,1,1,137,113,2,0,6,4,3,2,0,1
050,49,003,Utah,Box Elder County,2000a,4,4404,2295,2109,2224,2034,2,5,22,20,22,18,2,4,23,28,2247,2061,4,9,36,33,30,32,3,7,2088,1922,0,5,17,16,19,16,2,4,22,27,2110,1948,2,9,30,29,27,30,3,6,136,112,2,0,5,4,3,2,0,0,1,1,137,113,2,0,6,4,3,2,0,1
050,49,003,Utah,Box Elder County,2000,4,4376,2283,2093,2215,2024,2,5,24,21,19,21,1,1,22,21,2237,2045,2,7,36,31,28,30,2,1,2081,1914,0,5,19,18,17,19,1,1,20,20,2101,1934,0,7,29,27,26,28,2,1,134,110,2,0,5,3,2,2,0,0,2,1,136,111,2,0,7,4,2,2,0,0
050,49,003,Utah,Box Elder County,2001,4,4530,2328,2202,2267,2134,3,4,25,19,13,21,1,2,19,22,2286,2156,3,6,37,31,20,30,1,3,2138,2016,2,4,19,16,12,20,1,2,18,19,2156,2035,2,6,30,25,19,29,1,3,129,118,1,0,6,3,1,1,0,0,1,3,130,121,1,0,7,6,1,1,0,0
050,49,003,Utah,Box Elder County,2002,4,4451,2269,2182,2208,2109,4,5,28,22,10,21,0,2,19,23,2227,2132,5,8,40,32,16,31,0,2,2069,1984,2,5,24,18,9,19,0,2,18,20,2087,2004,3,8,35,26,15,28,0,2,139,125,2,0,4,4,1,2,0,0,1,3,140,128,2,0,5,6,1,3,0,0
050,49,003,Utah,Box Elder County,2003,4,4416,2239,2177,2179,2104,4,5,27,21,10,21,1,3,18,23,2197,2127,4,8,39,32,16,30,1,3,2029,1960,2,5,21,19,9,19,1,3,16,21,2045,1981,2,8,31,28,15,28,1,3,150,144,2,0,6,2,1,2,0,0,2,2,152,146,2,0,8,4,1,2,0,0
050,49,003,Utah,Box Elder County,2004,4,4283,2168,2115,2108,2050,2,5,26,19,11,17,2,2,19,22,2127,2072,3,8,37,29,18,26,2,2,1950,1899,1,5,22,18,10,17,2,2,19,21,1969,1920,2,8,33,27,17,26,2,2,158,151,1,0,4,1,1,0,0,0,0,1,158,152,1,0,4,2,1,0,0,0
050,49,003,Utah,Box Elder County,2000c,5,2953,1490,1463,1448,1419,1,2,13,13,11,14,3,2,14,13,1461,1431,4,3,17,18,18,19,4,5,1325,1312,1,2,11,10,10,11,3,2,13,13,1337,1324,3,3,15,15,17,16,4,5,123,107,0,0,2,3,1,3,0,0,1,0,124,107,1,0,2,3,1,3,0,0
050,49,003,Utah,Box Elder County,2000a,5,2953,1490,1463,1448,1419,1,2,13,13,11,14,3,2,14,13,1461,1431,4,3,17,18,18,19,4,5,1325,1312,1,2,11,10,10,11,3,2,13,13,1337,1324,3,3,15,15,17,16,4,5,123,107,0,0,2,3,1,3,0,0,1,0,124,107,1,0,2,3,1,3,0,0
050,49,003,Utah,Box Elder County,2000,5,2977,1503,1474,1465,1433,1,2,12,15,15,15,0,0,10,9,1475,1442,1,2,17,19,20,20,0,0,1340,1325,1,2,10,12,14,13,0,0,10,9,1350,1334,1,2,15,16,19,18,0,0,125,108,0,0,2,3,1,2,0,0,0,0,125,108,0,0,2,3,1,2,0,0
050,49,003,Utah,Box Elder County,2001,5,3168,1605,1563,1557,1518,2,3,16,18,17,13,1,0,12,11,1569,1529,2,4,22,23,23,18,1,0,1425,1415,1,3,14,15,15,10,1,0,12,11,1437,1426,1,4,20,20,21,15,1,0,132,103,1,0,2,3,2,3,0,0,0,0,132,103,1,0,2,3,2,3,0,0
050,49,003,Utah,Box Elder County,2002,5,3615,1843,1772,1781,1720,3,3,22,21,20,17,2,0,15,11,1796,1731,3,3,31,26,26,23,2,0,1650,1602,3,3,19,18,17,15,2,0,13,11,1663,1613,3,3,26,23,23,21,2,0,131,118,0,0,3,3,3,2,0,0,2,0,133,118,0,0,5,3,3,2,0,0
050,49,003,Utah,Box Elder County,2003,5,3991,2042,1949,1973,1890,4,4,25,23,23,18,1,0,16,14,1989,1904,4,5,34,30,30,24,1,0,1836,1775,3,4,22,19,20,17,1,0,15,13,1851,1788,3,5,30,25,27,23,1,0,137,115,1,0,3,4,3,1,0,0,1,1,138,116,1,0,4,5,3,1,0,0
050,49,003,Utah,Box Elder County,2004,5,4361,2266,2095,2190,2025,6,8,26,21,23,23,2,1,19,17,2209,2042,7,9,36,29,31,31,2,1,2038,1902,5,8,24,17,20,21,2,1,18,16,2056,1918,6,9,33,24,28,29,2,1,152,123,1,0,2,4,3,2,0,0,1,1,153,124,1,0,3,5,3,2,0,0
050,49,003,Utah,Box Elder County,2000c,6,2475,1254,1221,1211,1185,1,1,20,13,11,10,5,1,6,11,1217,1196,1,2,22,18,14,15,6,2,1087,1077,1,0,15,12,9,9,5,1,5,9,1092,1086,1,1,17,17,11,13,6,1,124,108,0,1,5,1,2,1,0,0,1,2,125,110,0,1,5,1,3,2,0,1
050,49,003,Utah,Box Elder County,2000a,6,2475,1254,1221,1211,1185,1,1,20,13,11,10,5,1,6,11,1217,1196,1,2,22,18,14,15,6,2,1087,1077,1,0,15,12,9,9,5,1,5,9,1092,1086,1,1,17,17,11,13,6,1,124,108,0,1,5,1,2,1,0,0,1,2,125,110,0,1,5,1,3,2,0,1
050,49,003,Utah,Box Elder County,2000,6,2516,1275,1241,1228,1205,1,2,20,14,17,12,0,0,9,8,1237,1213,1,2,25,18,21,16,0,0,1100,1092,1,1,15,13,15,11,0,0,9,8,1109,1100,1,1,20,17,19,15,0,0,128,113,0,1,5,1,2,1,0,0,0,0,128,113,0,1,5,1,2,1,0,0
050,49,003,Utah,Box Elder County,2001,6,2649,1355,1294,1310,1258,2,1,17,16,14,11,0,0,12,8,1322,1266,2,1,24,22,19,13,0,0,1179,1142,2,1,12,15,12,10,0,0,11,8,1190,1150,2,1,18,21,17,12,0,0,131,116,0,0,5,1,2,1,0,0,1,0,132,116,0,0,6,1,2,1,0,0
050,49,003,Utah,Box Elder County,2002,6,2750,1393,1357,1348,1312,5,3,13,16,17,17,0,0,10,9,1358,1321,5,3,18,21,22,21,0,0,1207,1199,5,3,10,14,15,16,0,0,10,9,1217,1208,5,3,15,19,20,20,0,0,141,113,0,0,3,2,2,1,0,0,0,0,141,113,0,0,3,2,2,1,0,0
050,49,003,Utah,Box Elder County,2003,6,2909,1463,1446,1414,1388,7,3,17,23,14,20,0,0,11,12,1425,1400,7,3,23,30,19,25,0,0,1274,1271,7,3,14,20,12,17,0,0,11,12,1285,1283,7,3,20,27,17,22,0,0,140,117,0,0,3,3,2,3,0,0,0,0,140,117,0,0,3,3,2,3,0,0
050,49,003,Utah,Box Elder County,2004,6,3010,1498,1512,1448,1455,10,5,18,23,12,18,0,0,10,11,1458,1466,10,5,23,29,17,23,0,0,1321,1344,9,5,14,19,10,16,0,0,10,11,1331,1355,9,5,19,25,15,21,0,0,127,111,1,0,4,4,2,2,0,0,0,0,127,111,1,0,4,4,2,2,0,0
050,49,003,Utah,Box Elder County,2000c,7,2419,1232,1187,1205,1156,2,2,7,13,13,9,1,0,4,7,1208,1163,2,2,9,17,15,12,2,0,1089,1067,1,1,6,11,11,9,0,0,4,6,1092,1073,1,1,8,14,13,12,1,0,116,89,1,1,1,2,2,0,1,0,0,1,116,90,1,1,1,3,2,0,1,0
050,49,003,Utah,Box Elder County,2000a,7,2419,1232,1187,1205,1156,2,2,7,13,13,9,1,0,4,7,1208,1163,2,2,9,17,15,12,2,0,1089,1067,1,1,6,11,11,9,0,0,4,6,1092,1073,1,1,8,14,13,12,1,0,116,89,1,1,1,2,2,0,1,0,0,1,116,90,1,1,1,3,2,0,1,0
050,49,003,Utah,Box Elder County,2000,7,2431,1238,1193,1211,1162,2,2,7,13,13,10,0,0,5,6,1216,1168,2,2,11,18,14,11,0,0,1094,1072,1,1,6,11,10,10,0,0,5,6,1099,1078,1,1,10,16,11,11,0,0,117,90,1,1,1,2,3,0,0,0,0,0,117,90,1,1,1,2,3,0,0,0
050,49,003,Utah,Box Elder County,2001,7,2419,1242,1177,1213,1154,2,1,9,9,12,9,0,0,6,4,1219,1158,2,1,13,13,14,9,0,0,1099,1069,1,0,9,7,9,8,0,0,6,4,1105,1073,1,0,13,11,11,8,0,0,114,85,1,1,0,2,3,1,0,0,0,0,114,85,1,1,0,2,3,1,0,0
050,49,003,Utah,Box Elder County,2002,7,2470,1282,1188,1244,1156,4,1,17,12,11,12,0,0,6,7,1250,1163,4,1,22,18,12,13,0,0,1122,1058,3,0,15,10,9,11,0,0,6,6,1128,1064,3,0,20,15,10,12,0,0,122,98,1,1,2,2,2,1,0,0,0,1,122,99,1,1,2,3,2,1,0,0
050,49,003,Utah,Box Elder County,2003,7,2473,1256,1217,1215,1187,3,1,17,11,14,11,0,0,7,7,1222,1194,3,1,22,16,16,13,0,0,1089,1076,3,0,15,9,12,10,0,0,6,7,1095,1083,3,0,19,14,14,12,0,0,126,111,0,1,2,2,2,1,0,0,1,0,127,111,0,1,3,2,2,1,0,0
050,49,003,Utah,Box Elder County,2004,7,2438,1257,1181,1214,1154,6,1,18,11,11,9,0,0,8,6,1222,1160,6,1,23,15,14,11,0,0,1087,1043,6,0,15,10,10,8,0,0,8,6,1095,1049,6,0,20,14,13,10,0,0,127,111,0,1,3,1,1,1,0,0,0,0,127,111,0,1,3,1,1,1,0,0
050,49,003,Utah,Box Elder County,2000c,8,2928,1425,1503,1389,1458,3,0,18,15,9,19,2,2,4,9,1393,1465,3,1,20,20,11,22,2,4,1292,1372,3,0,17,14,8,18,2,2,4,8,1296,1378,3,1,19,19,10,20,2,4,97,86,0,0,1,1,1,1,0,0,0,1,97,87,0,0,1,1,1,2,0,0
050,49,003,Utah,Box Elder County,2000a,8,2928,1425,1503,1389,1458,3,0,18,15,9,19,2,2,4,9,1393,1465,3,1,20,20,11,22,2,4,1292,1372,3,0,17,14,8,18,2,2,4,8,1296,1378,3,1,19,19,10,20,2,4,97,86,0,0,1,1,1,1,0,0,0,1,97,87,0,0,1,1,1,2,0,0
050,49,003,Utah,Box Elder County,2000,8,2908,1415,1493,1379,1449,3,0,16,14,11,22,0,0,6,8,1385,1457,3,0,21,20,12,24,0,0,1282,1362,3,0,15,13,10,21,0,0,6,8,1288,1370,3,0,20,19,11,23,0,0,97,87,0,0,1,1,1,1,0,0,0,0,97,87,0,0,1,1,1,1,0,0
050,49,003,Utah,Box Elder County,2001,8,2686,1305,1381,1274,1342,3,3,16,15,7,15,0,0,5,6,1279,1348,3,3,21,20,7,16,0,0,1183,1249,3,2,14,14,6,14,0,0,5,6,1188,1255,3,2,19,19,6,15,0,0,91,93,0,1,2,1,1,1,0,0,0,0,91,93,0,1,2,1,1,1,0,0
050,49,003,Utah,Box Elder County,2002,8,2514,1223,1291,1192,1256,2,2,15,13,8,14,0,0,6,6,1198,1262,2,2,20,18,9,15,0,0,1099,1164,2,1,13,13,7,14,0,0,6,6,1105,1170,2,1,18,18,8,15,0,0,93,92,0,1,2,0,1,0,0,0,0,0,93,92,0,1,2,0,1,0,0,0
050,49,003,Utah,Box Elder County,2003,8,2419,1204,1215,1173,1176,3,2,13,12,9,18,0,0,6,7,1179,1183,3,2,18,17,10,20,0,0,1074,1085,2,1,11,12,8,18,0,0,6,7,1080,1092,2,1,16,17,9,20,0,0,99,91,1,1,2,0,1,0,0,0,0,0,99,91,1,1,2,0,1,0,0,0
050,49,003,Utah,Box Elder County,2004,8,2332,1179,1153,1152,1118,4,2,10,12,8,15,0,0,5,6,1157,1124,4,2,15,18,8,15,0,0,1054,1030,3,1,8,11,7,15,0,0,5,6,1059,1036,3,1,13,17,7,15,0,0,98,88,1,1,2,1,1,0,0,0,0,0,98,88,1,1,2,1,1,0,0,0
050,49,003,Utah,Box Elder County,2000c,9,3015,1552,1463,1499,1420,3,0,22,16,21,19,1,1,6,7,1505,1424,3,0,27,20,22,23,1,3,1421,1350,2,0,17,13,20,15,1,1,6,7,1427,1354,2,0,22,17,21,19,1,3,78,70,1,0,5,3,1,4,0,0,0,0,78,70,1,0,5,3,1,4,0,0
050,49,003,Utah,Box Elder County,2000a,9,3015,1552,1463,1499,1420,3,0,22,16,21,19,1,1,6,7,1505,1424,3,0,27,20,22,23,1,3,1421,1350,2,0,17,13,20,15,1,1,6,7,1427,1354,2,0,22,17,21,19,1,3,78,70,1,0,5,3,1,4,0,0,0,0,78,70,1,0,5,3,1,4,0,0
050,49,003,Utah,Box Elder County,2000,9,3014,1551,1463,1500,1420,3,0,21,16,18,21,0,0,9,6,1509,1426,3,0,28,21,20,22,0,0,1421,1350,2,0,16,13,18,17,0,0,9,6,1430,1356,2,0,23,18,20,18,0,0,79,70,1,0,5,3,0,4,0,0,0,0,79,70,1,0,5,3,0,4,0,0
050,49,003,Utah,Box Elder County,2001,9,3051,1575,1476,1528,1431,1,0,19,16,18,22,0,0,9,7,1537,1438,1,0,26,21,20,24,0,0,1443,1357,1,0,16,14,17,19,0,0,9,7,1452,1364,1,0,23,19,19,21,0,0,85,74,0,0,3,2,1,3,0,0,0,0,85,74,0,0,3,2,1,3,0,0
050,49,003,Utah,Box Elder County,2002,9,3084,1578,1506,1538,1455,2,1,16,18,15,23,0,1,7,8,1545,1463,2,1,21,23,17,26,0,1,1445,1376,2,1,14,15,14,20,0,1,7,8,1452,1384,2,1,19,20,16,23,0,1,93,79,0,0,2,3,1,3,0,0,0,0,93,79,0,0,2,3,1,3,0,0
050,49,003,Utah,Box Elder County,2003,9,3028,1556,1472,1517,1426,2,1,16,19,14,20,0,0,7,6,1524,1432,2,1,21,24,16,21,0,0,1411,1345,2,1,15,17,12,17,0,0,7,6,1418,1351,2,1,20,22,14,18,0,0,106,81,0,0,1,2,2,3,0,0,0,0,106,81,0,0,1,2,2,3,0,0
050,49,003,Utah,Box Elder County,2004,9,2972,1489,1483,1450,1436,3,0,18,20,11,19,0,0,7,8,1457,1444,3,0,24,25,12,22,0,0,1348,1348,3,0,18,18,10,18,0,0,7,8,1355,1356,3,0,24,23,11,21,0,0,102,88,0,0,0,2,1,1,0,0,0,0,102,88,0,0,0,2,1,1,0,0
050,49,003,Utah,Box Elder County,2000c,10,2558,1334,1224,1299,1194,0,0,16,10,14,15,1,0,4,5,1302,1199,0,0,18,14,17,16,1,0,1239,1146,0,0,13,9,13,15,1,0,3,5,1241,1151,0,0,15,13,15,16,1,0,60,48,0,0,3,1,1,0,0,0,1,0,61,48,0,0,3,1,2,0,0,0
050,49,003,Utah,Box Elder County,2000a,10,2558,1334,1224,1299,1194,0,0,16,10,14,15,1,0,4,5,1302,1199,0,0,18,14,17,16,1,0,1239,1146,0,0,13,9,13,15,1,0,3,5,1241,1151,0,0,15,13,15,16,1,0,60,48,0,0,3,1,1,0,0,0,1,0,61,48,0,0,3,1,2,0,0,0
050,49,003,Utah,Box Elder County,2000,10,2578,1344,1234,1309,1202,0,0,14,10,14,16,0,0,7,6,1316,1208,0,0,20,15,15,17,0,0,1248,1154,0,0,11,9,13,16,0,0,6,6,1254,1160,0,0,16,14,14,17,0,0,61,48,0,0,3,1,1,0,0,0,1,0,62,48,0,0,4,1,1,0,0,0
050,49,003,Utah,Box Elder County,2001,10,2681,1376,1305,1334,1268,0,0,17,13,16,18,0,0,9,6,1343,1274,0,0,24,18,18,19,0,0,1271,1222,0,0,12,11,15,17,0,0,7,6,1278,1228,0,0,17,16,17,18,0,0,63,46,0,0,5,2,1,1,0,0,2,0,65,46,0,0,7,2,1,1,0,0
050,49,003,Utah,Box Elder County,2002,10,2753,1395,1358,1346,1323,0,0,21,12,19,18,0,0,9,5,1355,1328,0,0,27,17,22,18,0,0,1282,1271,0,0,15,10,18,16,0,0,8,5,1290,1276,0,0,20,15,21,16,0,0,64,52,0,0,6,2,1,2,0,0,1,0,65,52,0,0,7,2,1,2,0,0
050,49,003,Utah,Box Elder County,2003,10,2839,1426,1413,1379,1373,0,0,22,13,18,21,1,0,6,6,1385,1379,0,0,27,18,19,22,1,0,1318,1312,0,0,15,11,17,19,1,0,6,6,1324,1318,0,0,20,16,18,20,1,0,61,61,0,0,7,2,1,2,0,0,0,0,61,61,0,0,7,2,1,2,0,0
050,49,003,Utah,Box Elder County,2004,10,2878,1447,1431,1397,1387,0,0,22,13,20,24,0,0,8,7,1405,1394,0,0,29,18,21,26,0,0,1332,1325,0,0,14,11,18,21,0,0,7,7,1339,1332,0,0,20,16,19,23,0,0,65,62,0,0,8,2,2,3,0,0,1,0,66,62,0,0,9,2,2,3,0,0
050,49,003,Utah,Box Elder County,2000c,11,1888,960,928,936,910,2,2,3,4,13,11,0,0,6,1,942,911,3,2,7,5,14,11,0,0,883,878,2,2,2,4,12,11,0,0,6,1,889,879,3,2,6,5,13,11,0,0,53,32,0,0,1,0,1,0,0,0,0,0,53,32,0,0,1,0,1,0,0,0
050,49,003,Utah,Box Elder County,2000a,11,1888,960,928,936,910,2,2,3,4,13,11,0,0,6,1,942,911,3,2,7,5,14,11,0,0,883,878,2,2,2,4,12,11,0,0,6,1,889,879,3,2,6,5,13,11,0,0,53,32,0,0,1,0,1,0,0,0,0,0,53,32,0,0,1,0,1,0,0,0
050,49,003,Utah,Box Elder County,2000,11,1911,971,940,948,921,2,2,4,3,13,11,0,0,4,3,952,924,2,2,8,6,13,11,0,0,894,889,2,2,3,3,12,11,0,0,4,3,898,892,2,2,7,6,12,11,0,0,54,32,0,0,1,0,1,0,0,0,0,0,54,32,0,0,1,0,1,0,0,0
050,49,003,Utah,Box Elder County,2001,11,2018,1034,984,1010,960,1,2,4,4,15,14,0,0,4,4,1014,964,1,2,8,8,15,14,0,0,953,924,1,2,3,4,14,14,0,0,4,4,957,928,1,2,7,8,14,14,0,0,57,36,0,0,1,0,1,0,0,0,0,0,57,36,0,0,1,0,1,0,0,0
050,49,003,Utah,Box Elder County,2002,11,2063,1097,966,1072,942,1,1,6,5,13,14,0,0,5,4,1077,946,1,1,10,9,14,14,0,0,1021,904,1,1,5,5,13,14,0,0,5,4,1026,908,1,1,9,9,14,14,0,0,51,38,0,0,1,0,0,0,0,0,0,0,51,38,0,0,1,0,0,0,0,0
050,49,003,Utah,Box Elder County,2003,11,2177,1151,1026,1124,999,1,1,6,7,16,15,0,0,4,4,1128,1003,1,1,10,11,16,15,0,0,1071,957,1,1,5,6,16,15,0,0,4,4,1075,961,1,1,9,10,16,15,0,0,53,42,0,0,1,1,0,0,0,0,0,0,53,42,0,0,1,1,0,0,0,0
050,49,003,Utah,Box Elder County,2004,11,2352,1244,1108,1215,1077,1,1,6,9,16,16,0,0,6,5,1221,1082,1,1,11,14,17,16,0,0,1155,1034,1,1,6,8,16,16,0,0,6,5,1161,1039,1,1,11,13,17,16,0,0,60,43,0,0,0,1,0,0,0,0,0,0,60,43,0,0,0,1,0,0,0,0
050,49,003,Utah,Box Elder County,2000c,12,1617,775,842,754,816,0,1,7,10,11,12,0,0,3,3,757,819,0,1,10,12,11,13,0,0,721,786,0,1,5,10,11,12,0,0,3,3,724,789,0,1,8,12,11,13,0,0,33,30,0,0,2,0,0,0,0,0,0,0,33,30,0,0,2,0,0,0,0,0
050,49,003,Utah,Box Elder County,2000a,12,1617,775,842,754,816,0,1,7,10,11,12,0,0,3,3,757,819,0,1,10,12,11,13,0,0,721,786,0,1,5,10,11,12,0,0,3,3,724,789,0,1,8,12,11,13,0,0,33,30,0,0,2,0,0,0,0,0,0,0,33,30,0,0,2,0,0,0,0,0
050,49,003,Utah,Box Elder County,2000,12,1626,780,846,757,820,0,1,8,9,11,13,0,0,4,3,761,823,0,1,12,12,11,13,0,0,724,790,0,1,6,9,11,13,0,0,4,3,728,793,0,1,10,12,11,13,0,0,33,30,0,0,2,0,0,0,0,0,0,0,33,30,0,0,2,0,0,0,0,0
050,49,003,Utah,Box Elder County,2001,12,1633,810,823,788,805,2,1,8,6,8,9,0,0,4,2,792,807,2,1,12,8,8,9,0,0,746,770,2,1,6,6,8,9,0,0,4,2,750,772,2,1,10,8,8,9,0,0,42,35,0,0,2,0,0,0,0,0,0,0,42,35,0,0,2,0,0,0,0,0
050,49,003,Utah,Box Elder County,2002,12,1720,825,895,802,872,1,2,7,8,11,9,0,0,4,4,806,876,1,2,11,11,11,10,0,0,748,833,1,2,5,8,10,9,0,0,4,4,752,837,1,2,9,11,10,10,0,0,54,39,0,0,2,0,1,0,0,0,0,0,54,39,0,0,2,0,1,0,0,0
050,49,003,Utah,Box Elder County,2003,12,1748,857,891,839,870,1,2,7,8,7,9,0,0,3,2,842,872,1,2,10,10,7,9,0,0,781,837,1,2,5,8,7,9,0,0,3,2,784,839,1,2,8,10,7,9,0,0,58,33,0,0,2,0,0,0,0,0,0,0,58,33,0,0,2,0,0,0,0,0
050,49,003,Utah,Box Elder County,2004,12,1801,893,908,870,886,1,2,7,7,11,11,0,0,4,2,874,888,1,2,11,9,11,11,0,0,816,849,1,2,5,7,10,11,0,0,4,2,820,851,1,2,9,9,10,11,0,0,54,37,0,0,2,0,1,0,0,0,0,0,54,37,0,0,2,0,1,0,0,0
050,49,003,Utah,Box Elder County,2000c,13,1487,714,773,697,755,1,1,5,3,8,10,0,1,3,3,700,758,1,1,6,5,10,10,0,2,673,735,1,1,5,3,8,9,0,1,3,3,676,738,1,1,6,5,10,9,0,2,24,20,0,0,0,0,0,1,0,0,0,0,24,20,0,0,0,0,0,1,0,0
050,49,003,Utah,Box Elder County,2000a,13,1487,714,773,697,755,1,1,5,3,8,10,0,1,3,3,700,758,1,1,6,5,10,10,0,2,673,735,1,1,5,3,8,9,0,1,3,3,676,738,1,1,6,5,10,9,0,2,24,20,0,0,0,0,0,1,0,0,0,0,24,20,0,0,0,0,0,1,0,0
050,49,003,Utah,Box Elder County,2000,13,1494,717,777,700,759,1,1,4,3,9,12,0,0,3,2,703,761,1,1,7,5,9,12,0,0,676,739,1,1,4,3,9,11,0,0,3,2,679,741,1,1,7,5,9,11,0,0,24,20,0,0,0,0,0,1,0,0,0,0,24,20,0,0,0,0,0,1,0,0
050,49,003,Utah,Box Elder County,2001,13,1458,663,795,642,773,1,1,5,5,12,13,0,0,3,3,645,776,1,1,8,8,12,13,0,0,624,752,1,1,5,5,12,13,0,0,3,3,627,755,1,1,8,8,12,13,0,0,18,21,0,0,0,0,0,0,0,0,0,0,18,21,0,0,0,0,0,0,0,0
050,49,003,Utah,Box Elder County,2002,13,1448,680,768,660,746,1,1,4,6,11,12,0,0,4,3,664,749,1,1,7,9,12,12,0,0,643,724,1,1,4,6,11,12,0,0,4,3,647,727,1,1,7,9,12,12,0,0,17,22,0,0,0,0,0,0,0,0,0,0,17,22,0,0,0,0,0,0,0,0
050,49,003,Utah,Box Elder County,2003,13,1483,687,796,666,774,1,1,6,6,10,11,0,0,4,4,670,778,1,1,10,10,10,11,0,0,652,744,1,1,6,6,10,11,0,0,4,4,656,748,1,1,10,10,10,11,0,0,14,30,0,0,0,0,0,0,0,0,0,0,14,30,0,0,0,0,0,0,0,0
050,49,003,Utah,Box Elder County,2004,13,1465,682,783,664,764,0,1,7,6,8,10,0,0,3,2,667,766,0,1,10,8,8,10,0,0,642,734,0,1,6,6,8,10,0,0,3,2,645,736,0,1,9,8,8,10,0,0,22,30,0,0,1,0,0,0,0,0,0,0,22,30,0,0,1,0,0,0,0,0
050,49,003,Utah,Box Elder County,2000c,14,1363,684,679,664,665,1,0,2,4,13,9,1,0,3,1,667,666,1,0,3,5,15,9,1,0,644,646,1,0,2,3,11,9,1,0,3,1,647,647,1,0,3,4,13,9,1,0,20,19,0,0,0,1,2,0,0,0,0,0,20,19,0,0,0,1,2,0,0,0
050,49,003,Utah,Box Elder County,2000a,14,1363,684,679,664,665,1,0,2,4,13,9,1,0,3,1,667,666,1,0,3,5,15,9,1,0,644,646,1,0,2,3,11,9,1,0,3,1,647,647,1,0,3,4,13,9,1,0,20,19,0,0,0,1,2,0,0,0,0,0,20,19,0,0,0,1,2,0,0,0
050,49,003,Utah,Box Elder County,2000,14,1364,684,680,665,666,1,0,2,4,14,9,0,0,2,1,667,667,2,0,4,5,14,9,1,0,645,647,1,0,2,3,12,9,0,0,2,1,647,648,2,0,4,4,12,9,1,0,20,19,0,0,0,1,2,0,0,0,0,0,20,19,0,0,0,1,2,0,0,0
050,49,003,Utah,Box Elder County,2001,14,1397,709,688,694,676,1,0,1,2,12,9,0,0,1,1,695,677,1,0,2,3,12,9,0,0,669,660,1,0,1,2,10,9,0,0,1,1,670,661,1,0,2,3,10,9,0,0,25,16,0,0,0,0,2,0,0,0,0,0,25,16,0,0,0,0,2,0,0,0
050,49,003,Utah,Box Elder County,2002,14,1450,714,736,699,721,1,0,2,2,8,11,0,0,4,2,702,723,3,0,5,4,8,11,2,0,671,704,1,0,2,2,7,10,0,0,3,2,674,706,2,0,5,4,7,10,1,0,28,17,0,0,0,0,1,1,0,0,1,0,28,17,1,0,0,0,1,1,1,0
050,49,003,Utah,Box Elder County,2003,14,1491,733,758,718,741,0,0,3,3,10,11,0,0,2,3,719,744,1,0,4,6,10,11,1,0,686,723,0,0,3,3,10,10,0,0,1,3,687,726,0,0,4,6,10,10,0,0,32,18,0,0,0,0,0,1,0,0,1,0,32,18,1,0,0,0,0,1,1,0
050,49,003,Utah,Box Elder County,2004,14,1547,758,789,735,773,1,0,4,3,13,10,0,0,5,3,740,776,2,0,9,6,13,10,1,0,709,757,1,0,4,3,13,10,0,0,5,3,714,760,2,0,9,6,13,10,1,0,26,16,0,0,0,0,0,0,0,0,0,0,26,16,0,0,0,0,0,0,0,0
050,49,003,Utah,Box Elder County,2000c,15,1090,532,558,514,543,0,0,4,3,10,11,0,0,4,1,518,544,0,0,6,3,12,12,0,0,504,528,0,0,3,3,10,11,0,0,3,1,507,529,0,0,5,3,11,12,0,0,10,15,0,0,1,0,0,0,0,0,1,0,11,15,0,0,1,0,1,0,0,0
050,49,003,Utah,Box Elder County,2000a,15,1090,532,558,514,543,0,0,4,3,10,11,0,0,4,1,518,544,0,0,6,3,12,12,0,0,504,528,0,0,3,3,10,11,0,0,3,1,507,529,0,0,5,3,11,12,0,0,10,15,0,0,1,0,0,0,0,0,1,0,11,15,0,0,1,0,1,0,0,0
050,49,003,Utah,Box Elder County,2000,15,1099,538,561,523,544,0,0,4,3,10,13,0,0,1,1,524,545,0,0,5,4,10,13,0,0,513,528,0,0,3,3,10,13,0,0,1,1,514,529,0,0,4,4,10,13,0,0,10,16,0,0,1,0,0,0,0,0,0,0,10,16,0,0,1,0,0,0,0,0
050,49,003,Utah,Box Elder County,2001,15,1150,574,576,556,564,0,0,5,4,12,8,0,0,1,0,557,564,0,0,6,4,12,8,0,0,542,545,0,0,4,3,12,8,0,0,1,0,543,545,0,0,5,3,12,8,0,0,14,19,0,0,1,1,0,0,0,0,0,0,14,19,0,0,1,1,0,0,0,0
050,49,003,Utah,Box Elder County,2002,15,1203,609,594,588,579,0,0,4,5,16,9,0,0,1,1,589,580,0,0,5,6,16,9,0,0,574,559,0,0,4,4,16,9,0,0,1,1,575,560,0,0,5,5,16,9,0,0,14,20,0,0,0,1,0,0,0,0,0,0,14,20,0,0,0,1,0,0,0,0
050,49,003,Utah,Box Elder County,2003,15,1213,593,620,573,603,1,0,2,5,17,9,0,0,0,3,573,606,1,0,2,8,17,9,0,0,557,585,1,0,2,4,17,9,0,0,0,3,557,588,1,0,2,7,17,9,0,0,16,18,0,0,0,1,0,0,0,0,0,0,16,18,0,0,0,1,0,0,0,0
050,49,003,Utah,Box Elder County,2004,15,1269,626,643,609,628,1,0,1,5,15,9,0,0,0,1,609,629,1,0,1,6,15,9,0,0,586,606,1,0,1,4,15,9,0,0,0,1,586,607,1,0,1,5,15,9,0,0,23,22,0,0,0,1,0,0,0,0,0,0,23,22,0,0,0,1,0,0,0,0
050,49,003,Utah,Box Elder County,2000c,16,868,390,478,374,463,0,1,3,2,12,9,0,0,1,3,375,466,0,1,3,4,13,10,0,0,367,456,0,1,3,2,12,9,0,0,1,3,368,459,0,1,3,4,13,10,0,0,7,7,0,0,0,0,0,0,0,0,0,0,7,7,0,0,0,0,0,0,0,0
050,49,003,Utah,Box Elder County,2000a,16,868,390,478,374,463,0,1,3,2,12,9,0,0,1,3,375,466,0,1,3,4,13,10,0,0,367,456,0,1,3,2,12,9,0,0,1,3,368,459,0,1,3,4,13,10,0,0,7,7,0,0,0,0,0,0,0,0,0,0,7,7,0,0,0,0,0,0,0,0
050,49,003,Utah,Box Elder County,2000,16,875,394,481,377,467,0,1,3,2,14,10,0,0,0,1,377,468,0,1,3,3,14,10,0,0,370,460,0,1,3,2,14,10,0,0,0,1,370,461,0,1,3,3,14,10,0,0,7,7,0,0,0,0,0,0,0,0,0,0,7,7,0,0,0,0,0,0,0,0
050,49,003,Utah,Box Elder County,2001,16,891,405,486,387,470,0,0,3,2,14,14,0,0,1,0,388,470,0,0,4,2,14,14,0,0,378,464,0,0,3,2,14,14,0,0,1,0,379,464,0,0,4,2,14,14,0,0,9,6,0,0,0,0,0,0,0,0,0,0,9,6,0,0,0,0,0,0,0,0
050,49,003,Utah,Box Elder County,2002,16,882,399,483,384,466,0,0,3,3,11,13,0,0,1,1,385,467,0,0,4,4,11,13,0,0,371,459,0,0,2,3,11,13,0,0,1,1,372,460,0,0,3,4,11,13,0,0,13,7,0,0,1,0,0,0,0,0,0,0,13,7,0,0,1,0,0,0,0,0
050,49,003,Utah,Box Elder County,2003,16,911,434,477,419,462,0,0,6,2,8,13,0,0,1,0,420,462,0,0,7,2,8,13,0,0,407,453,0,0,5,2,8,13,0,0,1,0,408,453,0,0,6,2,8,13,0,0,12,9,0,0,1,0,0,0,0,0,0,0,12,9,0,0,1,0,0,0,0,0
050,49,003,Utah,Box Elder County,2004,16,900,415,485,400,466,0,0,6,4,8,13,0,0,1,2,401,468,0,0,7,6,8,13,0,0,386,455,0,0,5,4,8,13,0,0,1,2,387,457,0,0,6,6,8,13,0,0,14,11,0,0,1,0,0,0,0,0,0,0,14,11,0,0,1,0,0,0,0,0
050,49,003,Utah,Box Elder County,2000c,17,606,251,355,234,342,0,0,0,1,16,11,0,0,1,1,235,343,1,0,0,2,16,11,0,0,231,340,0,0,0,1,16,11,0,0,1,1,232,341,1,0,0,2,16,11,0,0,3,2,0,0,0,0,0,0,0,0,0,0,3,2,0,0,0,0,0,0,0,0
050,49,003,Utah,Box Elder County,2000a,17,606,251,355,234,342,0,0,0,1,16,11,0,0,1,1,235,343,1,0,0,2,16,11,0,0,231,340,0,0,0,1,16,11,0,0,1,1,232,341,1,0,0,2,16,11,0,0,3,2,0,0,0,0,0,0,0,0,0,0,3,2,0,0,0,0,0,0,0,0
050,49,003,Utah,Box Elder County,2000,17,608,253,355,236,343,0,0,0,1,16,11,1,0,0,0,236,343,0,0,0,1,16,11,1,0,233,341,0,0,0,1,16,11,1,0,0,0,233,341,0,0,0,1,16,11,1,0,3,2,0,0,0,0,0,0,0,0,0,0,3,2,0,0,0,0,0,0,0,0
050,49,003,Utah,Box Elder County,2001,17,587,246,341,234,332,0,1,0,0,12,8,0,0,0,0,234,332,0,1,0,0,12,8,0,0,232,329,0,1,0,0,12,8,0,0,0,0,232,329,0,1,0,0,12,8,0,0,2,3,0,0,0,0,0,0,0,0,0,0,2,3,0,0,0,0,0,0,0,0
050,49,003,Utah,Box Elder County,2002,17,609,257,352,238,343,1,1,1,0,15,8,1,0,1,0,239,343,1,1,1,0,16,8,1,0,235,339,1,1,1,0,15,8,1,0,1,0,236,339,1,1,1,0,16,8,1,0,3,4,0,0,0,0,0,0,0,0,0,0,3,4,0,0,0,0,0,0,0,0
050,49,003,Utah,Box Elder County,2003,17,629,268,361,248,349,1,1,1,0,18,10,0,0,0,1,248,350,1,1,1,1,18,10,0,0,245,343,1,1,1,0,18,10,0,0,0,1,245,344,1,1,1,1,18,10,0,0,3,6,0,0,0,0,0,0,0,0,0,0,3,6,0,0,0,0,0,0,0,0
050,49,003,Utah,Box Elder County,2004,17,629,264,365,247,354,0,1,2,1,14,9,1,0,0,0,247,354,0,1,2,1,14,9,1,0,242,348,0,1,2,1,14,9,1,0,0,0,242,348,0,1,2,1,14,9,1,0,5,6,0,0,0,0,0,0,0,0,0,0,5,6,0,0,0,0,0,0,0,0
050,49,003,Utah,Box Elder County,2000c,18,516,169,347,168,336,0,0,0,5,0,3,0,0,1,3,169,339,0,0,1,8,0,3,0,0,168,335,0,0,0,5,0,3,0,0,1,3,169,338,0,0,1,8,0,3,0,0,0,1,0,0,0,0,0,0,0,0,0,0,0,1,0,0,0,0,0,0,0,0
050,49,003,Utah,Box Elder County,2000a,18,516,169,347,168,336,0,0,0,5,0,3,0,0,1,3,169,339,0,0,1,8,0,3,0,0,168,335,0,0,0,5,0,3,0,0,1,3,169,338,0,0,1,8,0,3,0,0,0,1,0,0,0,0,0,0,0,0,0,0,0,1,0,0,0,0,0,0,0,0
050,49,003,Utah,Box Elder County,2000,18,520,171,349,171,340,0,0,0,5,0,3,0,0,0,1,171,341,0,0,0,6,0,3,0,0,171,339,0,0,0,5,0,3,0,0,0,1,171,340,0,0,0,6,0,3,0,0,0,1,0,0,0,0,0,0,0,0,0,0,0,1,0,0,0,0,0,0,0,0
050,49,003,Utah,Box Elder County,2001,18,540,170,370,166,355,0,0,0,6,4,8,0,0,0,1,166,356,0,0,0,7,4,8,0,0,166,354,0,0,0,6,4,8,0,0,0,1,166,355,0,0,0,7,4,8,0,0,0,1,0,0,0,0,0,0,0,0,0,0,0,1,0,0,0,0,0,0,0,0
050,49,003,Utah,Box Elder County,2002,18,527,176,351,171,333,0,0,1,7,4,9,0,1,0,1,171,334,0,0,1,8,4,9,0,1,171,332,0,0,1,7,4,9,0,1,0,1,171,333,0,0,1,8,4,9,0,1,0,1,0,0,0,0,0,0,0,0,0,0,0,1,0,0,0,0,0,0,0,0
050,49,003,Utah,Box Elder County,2003,18,525,172,353,166,335,0,0,1,7,5,9,0,1,0,1,166,336,0,0,1,8,5,9,0,1,165,332,0,0,1,7,5,9,0,1,0,1,165,333,0,0,1,8,5,9,0,1,1,3,0,0,0,0,0,0,0,0,0,0,1,3,0,0,0,0,0,0,0,0
050,49,003,Utah,Box Elder County,2004,18,529,174,355,163,334,0,0,1,7,9,12,1,1,0,1,163,335,0,0,1,8,9,12,1,1,161,331,0,0,1,7,9,12,1,1,0,1,161,332,0,0,1,8,9,12,1,1,2,3,0,0,0,0,0,0,0,0,0,0,2,3,0,0,0,0,0,0,0,0
050,49,005,Utah,Cache County,2000c,0,91391,45009,46382,43045,44577,234,164,266,294,964,904,109,86,391,357,43406,44920,337,259,414,403,1105,1046,154,128,40077,42018,203,127,222,248,957,896,106,78,346,327,40400,42332,283,212,348,338,1087,1035,149,120,2968,2559,31,37,44,46,7,8,3,8,45,30,3006,2588,54,47,66,65,18,11,5,8
050,49,005,Utah,Cache County,2000a,0,91391,45009,46382,43045,44577,234,164,266,294,964,904,109,86,391,357,43406,44920,337,259,414,403,1105,1046,154,128,40077,42018,203,127,222,248,957,896,106,78,346,327,40400,42332,283,212,348,338,1087,1035,149,120,2968,2559,31,37,44,46,7,8,3,8,45,30,3006,2588,54,47,66,65,18,11,5,8
050,49,005,Utah,Cache County,2000,0,91681,45160,46521,43207,44669,228,171,280,285,961,948,117,94,367,354,43568,45021,315,254,401,402,1094,1079,150,121,40192,42081,197,133,235,239,953,936,116,92,341,329,40528,42409,276,210,339,338,1084,1065,149,119,3015,2588,31,38,45,46,8,12,1,2,26,25,3040,2612,39,44,62,64,10,14,1,2
050,49,005,Utah,Cache County,2001,0,93643,46071,47572,44071,45641,228,179,303,299,981,980,111,94,377,379,44443,46016,323,277,421,419,1120,1116,142,126,40795,42821,188,134,256,252,972,964,111,92,351,349,41141,43166,273,222,360,354,1109,1098,142,124,3276,2820,40,45,47,47,9,16,0,2,26,30,3302,2850,50,55,61,65,11,18,0,2
050,49,005,Utah,Cache County,2002,0,95845,47208,48637,45147,46669,265,198,296,300,996,992,113,97,391,381,45531,47048,370,297,417,417,1137,1131,144,128,41550,43575,214,146,249,252,987,975,112,94,362,348,41905,43921,307,235,355,349,1126,1111,143,125,3597,3094,51,52,47,48,9,17,1,3,29,33,3626,3127,63,62,62,68,11,20,1,3
050,49,005,Utah,Cache County,2003,0,96471,47474,48997,45389,46993,279,204,295,305,993,1008,110,94,408,393,45786,47384,397,313,414,422,1143,1148,142,124,41614,43735,220,149,250,257,985,989,109,91,373,353,41976,44086,320,245,354,352,1133,1124,141,121,3775,3258,59,55,45,48,8,19,1,3,35,40,3810,3298,77,68,60,70,10,24,1,3
050,49,005,Utah,Cache County,2004,0,97467,47911,49556,45812,47515,284,212,286,303,1012,1032,107,95,410,399,46210,47910,405,321,404,419,1160,1177,142,129,41864,44088,219,152,241,254,1001,1012,106,92,377,362,42230,44446,324,251,344,348,1146,1152,141,126,3948,3427,65,60,45,49,11,20,1,3,33,37,3980,3464,81,70,60,71,14,25,1,3
050,49,005,Utah,Cache County,2000c,1,9046,4555,4491,4321,4289,20,21,37,36,61,58,17,10,99,77,4416,4364,56,46,59,51,93,92,35,17,3919,3868,15,17,29,31,59,57,14,8,86,72,4001,3938,43,41,45,43,89,90,32,15,402,421,5,4,8,5,2,1,3,2,13,5,415,426,13,5,14,8,4,2,3,2
050,49,005,Utah,Cache County,2000a,1,9046,4555,4491,4321,4289,20,21,37,36,61,58,17,10,99,77,4416,4364,56,46,59,51,93,92,35,17,3919,3868,15,17,29,31,59,57,14,8,86,72,4001,3938,43,41,45,43,89,90,32,15,402,421,5,4,8,5,2,1,3,2,13,5,415,426,13,5,14,8,4,2,3,2
050,49,005,Utah,Cache County,2000,1,9099,4585,4514,4363,4321,25,24,38,32,64,56,12,9,83,72,4446,4393,56,50,58,49,90,80,19,14,3951,3893,19,20,29,27,61,54,11,9,73,66,4024,3959,46,43,44,42,86,77,18,14,412,428,6,4,9,5,3,2,1,0,10,6,422,434,10,7,14,7,4,3,1,0
050,49,005,Utah,Cache County,2001,1,9672,4936,4736,4714,4540,22,20,49,37,60,53,8,8,83,78,4796,4618,57,49,65,54,87,79,14,14,4236,4096,17,15,43,33,56,51,8,8,74,70,4309,4166,47,40,57,48,81,75,14,14,478,444,5,5,6,4,4,2,0,0,9,8,487,452,10,9,8,6,6,4,0,0
050,49,005,Utah,Cache County,2002,1,10244,5254,4990,5035,4792,22,19,47,40,57,54,8,8,85,77,5119,4869,59,51,62,54,84,80,15,13,4510,4341,14,16,42,36,54,52,7,8,74,69,4583,4410,45,43,54,48,79,77,14,13,525,451,8,3,5,4,3,2,1,0,11,8,536,459,14,8,8,6,5,3,1,0
050,49,005,Utah,Cache County,2003,1,10482,5367,5115,5154,4921,15,14,44,42,63,53,9,6,82,79,5235,5000,53,45,54,57,93,81,14,11,4616,4476,10,12,42,38,60,50,8,6,69,69,4684,4545,39,39,50,50,88,75,13,11,538,445,5,2,2,4,3,3,1,0,13,10,551,455,14,6,4,7,5,6,1,0
050,49,005,Utah,Cache County,2004,1,10610,5377,5233,5168,5046,16,13,41,42,65,51,8,5,79,76,5247,5122,53,43,50,54,93,80,13,10,4628,4583,10,12,40,40,64,50,8,5,69,68,4697,4651,39,39,48,50,91,76,13,10,540,463,6,1,1,2,1,1,0,0,10,8,550,471,14,4,2,4,2,4,0,0
050,49,005,Utah,Cache County,2000c,2,7371,3811,3560,3627,3403,24,13,32,32,46,43,10,5,72,64,3694,3466,49,39,55,49,73,60,16,15,3278,3097,19,12,24,26,46,43,10,4,66,60,3339,3156,41,38,44,39,71,60,16,14,349,306,5,1,8,6,0,0,0,1,6,4,355,310,8,1,11,10,2,0,0,1
050,49,005,Utah,Cache County,2000a,2,7371,3811,3560,3627,3403,24,13,32,32,46,43,10,5,72,64,3694,3466,49,39,55,49,73,60,16,15,3278,3097,19,12,24,26,46,43,10,4,66,60,3339,3156,41,38,44,39,71,60,16,14,349,306,5,1,8,6,0,0,0,1,6,4,355,310,8,1,11,10,2,0,0,1
050,49,005,Utah,Cache County,2000,2,7353,3802,3551,3628,3399,25,17,35,33,45,40,10,6,59,56,3685,3455,47,36,52,49,62,56,15,11,3275,3090,21,16,28,26,45,39,10,6,53,51,3326,3141,41,35,41,37,62,55,15,11,353,309,4,1,7,7,0,1,0,0,6,5,359,314,6,1,11,12,0,1,0,0
050,49,005,Utah,Cache County,2001,2,7436,3809,3627,3641,3472,25,16,32,34,43,38,8,8,60,59,3701,3530,47,36,48,52,61,55,13,13,3293,3115,18,15,23,27,43,37,8,8,52,54,3345,3168,36,35,35,40,61,54,13,13,348,357,7,1,9,7,0,1,0,0,8,5,356,362,11,1,13,12,0,1,0,0
050,49,005,Utah,Cache County,2002,2,7704,3915,3789,3737,3624,29,21,33,35,45,39,9,7,62,63,3798,3687,55,44,47,52,63,57,14,12,3358,3216,22,17,24,30,45,38,9,7,56,57,3413,3273,45,39,35,43,63,55,14,12,379,408,7,4,9,5,0,1,0,0,6,6,385,414,10,5,12,9,0,2,0,0
050,49,005,Utah,Cache County,2003,2,7901,3971,3930,3787,3764,32,22,37,35,41,38,6,5,68,66,3854,3830,61,49,54,51,59,56,11,10,3389,3325,21,16,25,30,41,37,6,5,59,59,3447,3384,46,41,37,42,59,54,11,10,398,439,11,6,12,5,0,1,0,0,9,7,407,446,15,8,17,9,0,2,0,0
050,49,005,Utah,Cache County,2004,2,8079,4068,4011,3879,3836,31,19,34,34,43,45,8,7,73,70,3950,3906,61,46,51,52,66,65,13,12,3451,3414,20,13,25,28,41,43,7,7,63,62,3513,3476,46,38,37,41,62,62,12,12,428,422,11,6,9,6,2,2,1,0,10,8,437,430,15,8,14,11,4,3,1,0
050,49,005,Utah,Cache County,2000c,3,7346,3808,3538,3645,3381,14,16,30,28,66,52,8,11,45,50,3690,3429,24,33,53,46,80,66,9,14,3373,3137,12,8,28,19,66,51,8,10,41,47,3414,3182,21,24,47,35,80,65,9,13,272,244,2,8,2,9,0,1,0,1,4,3,276,247,3,9,6,11,0,1,0,1
050,49,005,Utah,Cache County,2000a,3,7346,3808,3538,3645,3381,14,16,30,28,66,52,8,11,45,50,3690,3429,24,33,53,46,80,66,9,14,3373,3137,12,8,28,19,66,51,8,10,41,47,3414,3182,21,24,47,35,80,65,9,13,272,244,2,8,2,9,0,1,0,1,4,3,276,247,3,9,6,11,0,1,0,1
050,49,005,Utah,Cache County,2000,3,7332,3800,3532,3644,3384,14,17,33,30,52,46,11,9,46,46,3689,3429,25,29,49,46,67,60,16,14,3370,3138,12,11,30,22,52,45,11,9,44,41,3413,3178,23,22,44,34,67,59,16,14,274,246,2,6,3,8,0,1,0,0,2,5,276,251,2,7,5,12,0,1,0,0
050,49,005,Utah,Cache County,2001,3,7343,3800,3543,3636,3399,16,19,36,30,52,42,11,8,49,45,3684,3443,30,33,52,44,67,55,16,13,3316,3134,13,11,33,22,52,41,11,8,47,40,3362,3173,26,23,48,33,67,54,16,13,320,265,3,8,3,8,0,1,0,0,2,5,322,270,4,10,4,11,0,1,0,0
050,49,005,Utah,Cache County,2002,3,7375,3791,3584,3638,3449,19,19,34,32,42,35,8,5,50,44,3687,3493,33,30,51,47,57,49,13,9,3295,3156,13,12,29,23,42,33,8,5,45,38,3339,3194,25,23,43,33,57,46,13,9,343,293,6,7,5,9,0,2,0,0,5,6,348,299,8,7,8,14,0,3,0,0
050,49,005,Utah,Cache County,2003,3,7190,3679,3511,3531,3378,23,18,30,29,38,33,6,6,51,47,3582,3425,40,33,44,42,53,47,11,11,3171,3067,17,13,26,21,38,31,6,6,47,40,3218,3107,31,26,39,30,53,44,11,11,360,311,6,5,4,8,0,2,0,0,4,7,364,318,9,7,5,12,0,3,0,0
050,49,005,Utah,Cache County,2004,3,7021,3626,3395,3479,3270,27,21,27,29,35,27,5,5,53,43,3532,3313,46,37,43,40,48,39,10,9,3110,2930,19,15,22,21,35,25,5,5,46,38,3156,2968,35,30,34,29,48,36,10,9,369,340,8,6,5,8,0,2,0,0,7,5,376,345,11,7,9,11,0,3,0,0
050,49,005,Utah,Cache County,2000c,4,10157,4608,5549,4411,5348,24,29,26,33,85,94,17,4,45,41,4455,5389,30,37,48,42,101,115,19,11,4096,5062,20,23,21,26,85,93,17,4,43,40,4139,5102,25,30,42,35,100,114,19,11,315,286,4,6,5,7,0,1,0,0,2,1,316,287,5,7,6,7,1,1,0,0
050,49,005,Utah,Cache County,2000a,4,10157,4608,5549,4411,5348,24,29,26,33,85,94,17,4,45,41,4455,5389,30,37,48,42,101,115,19,11,4096,5062,20,23,21,26,85,93,17,4,43,40,4139,5102,25,30,42,35,100,114,19,11,315,286,4,6,5,7,0,1,0,0,2,1,316,287,5,7,6,7,1,1,0,0
050,49,005,Utah,Cache County,2000,4,10071,4564,5507,4380,5303,21,29,30,31,79,83,11,11,43,50,4423,5353,27,40,44,46,97,103,16,16,4071,5022,18,23,25,25,79,82,11,11,41,47,4112,5069,24,33,37,38,97,102,16,16,309,281,3,6,5,6,0,1,0,0,2,3,311,284,3,7,7,8,0,1,0,0
050,49,005,Utah,Cache County,2001,4,9228,4440,4788,4266,4589,19,31,34,29,70,79,11,10,40,50,4306,4639,25,44,48,43,85,96,16,16,3941,4301,15,24,29,21,70,76,11,10,38,43,3979,4344,21,34,41,31,85,93,16,16,325,288,4,7,5,8,0,3,0,0,2,7,327,295,4,10,7,12,0,3,0,0
050,49,005,Utah,Cache County,2002,4,8483,4144,4339,3969,4150,25,30,29,25,69,77,12,11,40,46,4009,4196,32,43,42,39,85,92,16,16,3618,3865,22,20,26,16,69,72,12,10,39,39,3657,3904,29,30,38,26,85,87,16,15,351,285,3,10,3,9,0,5,0,1,1,7,352,292,3,13,4,13,0,5,0,1
050,49,005,Utah,Cache County,2003,4,8052,3971,4081,3811,3895,23,33,26,28,63,71,11,10,37,44,3848,3939,30,46,37,40,78,86,15,14,3463,3615,19,22,25,20,63,65,11,9,37,37,3500,3652,26,31,36,29,78,80,15,13,348,280,4,11,1,8,0,6,0,1,0,7,348,287,4,15,1,11,0,6,0,1
050,49,005,Utah,Cache County,2004,4,7886,3875,4011,3715,3825,20,33,28,31,63,67,10,9,39,46,3754,3871,28,46,39,45,78,81,15,14,3357,3521,15,22,26,21,63,62,10,8,38,37,3395,3558,22,32,37,29,78,76,15,13,358,304,5,11,2,10,0,5,0,1,1,9,359,313,6,14,2,16,0,5,0,1
050,49,005,Utah,Cache County,2000c,5,14933,6997,7936,6624,7614,66,31,41,43,215,187,12,17,39,44,6656,7655,77,39,57,55,229,210,18,22,6220,7317,59,27,35,39,213,183,12,15,34,40,6247,7354,67,33,49,49,227,206,18,20,404,297,7,4,6,4,2,4,0,2,5,4,409,301,10,6,8,6,2,4,0,2
050,49,005,Utah,Cache County,2000a,5,14933,6997,7936,6624,7614,66,31,41,43,215,187,12,17,39,44,6656,7655,77,39,57,55,229,210,18,22,6220,7317,59,27,35,39,213,183,12,15,34,40,6247,7354,67,33,49,49,227,206,18,20,404,297,7,4,6,4,2,4,0,2,5,4,409,301,10,6,8,6,2,4,0,2
050,49,005,Utah,Cache County,2000,5,14993,7026,7967,6657,7640,62,29,41,41,193,186,25,21,48,50,6703,7690,72,38,53,55,215,210,31,25,6246,7340,54,24,35,37,192,182,25,19,46,48,6290,7388,63,33,46,49,214,206,31,23,411,300,8,5,6,4,1,4,0,2,2,2,413,302,9,5,7,6,1,4,0,2
050,49,005,Utah,Cache County,2001,5,15053,6474,8579,6103,8198,64,34,40,41,192,219,23,25,52,62,6153,8258,74,47,54,58,217,249,28,32,5694,7872,56,29,34,37,191,214,23,23,49,59,5741,7929,66,41,45,52,216,244,28,30,409,326,8,5,6,4,1,5,0,2,3,3,412,329,8,6,9,6,1,5,0,2
050,49,005,Utah,Cache County,2002,5,14403,6007,8396,5666,8023,63,38,35,40,169,211,22,24,52,60,5716,8081,75,49,50,55,191,240,27,33,5230,7656,52,33,28,35,167,208,22,22,48,58,5276,7712,63,44,40,48,189,237,27,31,436,367,11,5,7,5,2,3,0,2,4,2,440,369,12,5,10,7,2,3,0,2
050,49,005,Utah,Cache County,2003,5,12999,5259,7740,4969,7389,53,39,33,32,138,199,17,23,49,58,5015,7445,64,52,48,47,159,225,22,30,4538,6996,43,33,26,29,137,197,17,21,44,55,4579,7049,53,45,37,42,158,223,22,28,431,393,10,6,7,3,1,2,0,2,5,3,436,396,11,7,11,5,1,2,0,2
050,49,005,Utah,Cache County,2004,5,11689,4896,6793,4643,6469,43,38,27,28,123,185,15,20,45,53,4685,6520,53,48,42,42,140,209,21,28,4195,6080,35,31,21,25,122,182,15,18,42,51,4234,6129,45,41,33,37,139,206,21,26,448,389,8,7,6,3,1,3,0,2,3,2,451,391,8,7,9,5,1,3,0,2
050,49,005,Utah,Cache County,2000c,6,8243,4497,3746,4241,3537,21,16,26,36,167,127,10,2,32,28,4269,3563,26,24,38,45,185,138,12,5,3885,3266,17,12,23,31,165,127,10,2,30,22,3912,3286,21,17,34,38,182,137,12,5,356,271,4,4,3,5,2,0,0,0,2,6,357,277,5,7,4,7,3,1,0,0
050,49,005,Utah,Cache County,2000a,6,8243,4497,3746,4241,3537,21,16,26,36,167,127,10,2,32,28,4269,3563,26,24,38,45,185,138,12,5,3885,3266,17,12,23,31,165,127,10,2,30,22,3912,3286,21,17,34,38,182,137,12,5,356,271,4,4,3,5,2,0,0,0,2,6,357,277,5,7,4,7,3,1,0,0
050,49,005,Utah,Cache County,2000,6,8384,4576,3808,4307,3584,21,18,28,34,177,137,14,9,29,26,4336,3610,24,21,38,44,189,147,18,12,3938,3303,17,12,25,29,175,137,14,9,28,24,3966,3327,20,15,34,37,187,147,18,12,369,281,4,6,3,5,2,0,0,0,1,2,370,283,4,6,4,7,2,0,0,0
050,49,005,Utah,Cache County,2001,6,9636,5432,4204,5115,3978,18,17,34,35,212,137,19,8,34,29,5148,4007,22,22,43,45,229,148,24,11,4700,3681,14,10,29,30,210,136,19,8,34,29,4733,3710,18,15,38,40,227,147,24,11,415,297,4,7,5,5,2,1,0,0,0,0,415,297,4,7,5,5,2,1,0,0
050,49,005,Utah,Cache County,2002,6,11442,6406,5036,6037,4771,26,20,36,35,244,164,21,13,42,33,6077,4804,32,25,49,47,264,177,26,16,5577,4436,21,11,33,32,242,164,21,13,42,32,5617,4468,27,16,46,43,262,177,26,16,460,335,5,9,3,3,2,0,0,0,0,1,460,336,5,9,3,4,2,0,0,0
050,49,005,Utah,Cache County,2003,6,12998,7148,5850,6720,5555,44,19,39,43,267,181,25,14,53,38,6767,5593,55,25,55,56,293,196,31,18,6222,5192,36,10,35,36,265,179,25,14,52,36,6268,5228,47,16,50,47,291,194,31,18,498,363,8,9,4,7,2,2,0,0,1,2,499,365,8,9,5,9,2,2,0,0
050,49,005,Utah,Cache County,2004,6,14202,7325,6877,6867,6531,55,23,40,40,277,219,27,18,59,46,6919,6575,69,30,57,53,305,240,34,25,6371,6143,44,12,34,35,276,217,27,18,58,44,6422,6185,58,18,50,47,304,238,34,25,496,388,11,11,6,5,1,2,0,0,1,2,497,390,11,12,7,6,1,2,0,0
050,49,005,Utah,Cache County,2000c,7,5249,2773,2476,2597,2327,23,16,23,21,104,87,12,12,14,13,2607,2339,25,17,30,24,111,96,14,14,2313,2120,23,11,21,20,104,87,12,12,12,12,2323,2131,23,12,28,22,109,96,14,14,284,207,0,5,2,1,0,0,0,0,2,1,284,208,2,5,2,2,2,0,0,0
050,49,005,Utah,Cache County,2000a,7,5249,2773,2476,2597,2327,23,16,23,21,104,87,12,12,14,13,2607,2339,25,17,30,24,111,96,14,14,2313,2120,23,11,21,20,104,87,12,12,12,12,2323,2131,23,12,28,22,109,96,14,14,284,207,0,5,2,1,0,0,0,0,2,1,284,208,2,5,2,2,2,0,0,0
050,49,005,Utah,Cache County,2000,7,5292,2792,2500,2612,2338,20,16,23,20,113,107,10,7,14,12,2626,2350,22,17,28,25,119,113,11,7,2323,2128,20,11,21,18,112,107,10,7,14,12,2337,2140,22,12,26,23,118,113,11,7,289,210,0,5,2,2,1,0,0,0,0,0,289,210,0,5,2,2,1,0,0,0
050,49,005,Utah,Cache County,2001,7,5514,2859,2655,2678,2486,25,14,21,21,110,112,11,7,14,15,2692,2501,28,17,26,26,116,119,11,7,2363,2231,22,10,20,21,109,112,11,7,14,15,2377,2246,25,13,25,26,115,119,11,7,315,255,3,4,1,0,1,0,0,0,0,0,315,255,3,4,1,0,1,0,0,0
050,49,005,Utah,Cache County,2002,7,5765,2999,2766,2805,2592,30,18,20,21,118,111,10,7,16,17,2821,2609,33,21,26,27,125,119,10,7,2456,2308,27,13,18,19,117,111,10,7,16,15,2472,2323,30,15,24,24,124,119,10,7,349,284,3,5,2,2,1,0,0,0,0,2,349,286,3,6,2,3,1,0,0,0
050,49,005,Utah,Cache County,2003,7,6142,3216,2926,3010,2741,28,20,21,23,127,118,12,8,18,16,3028,2757,31,23,26,29,135,125,14,8,2639,2449,24,14,18,21,127,118,12,8,18,15,2657,2464,27,17,23,26,135,125,14,8,371,292,4,6,3,2,0,0,0,0,0,1,371,293,4,6,3,3,0,0,0,0
050,49,005,Utah,Cache County,2004,7,6702,3592,3110,3385,2918,27,22,19,25,133,118,11,8,17,19,3402,2937,29,26,25,32,141,126,12,8,2983,2596,22,15,16,21,131,117,11,8,17,17,3000,2613,24,19,22,26,139,125,12,8,402,322,5,7,3,4,2,1,0,0,0,2,402,324,5,7,3,6,2,1,0,0
050,49,005,Utah,Cache County,2000c,8,5049,2511,2538,2399,2419,20,7,21,25,52,72,8,6,11,9,2409,2428,23,7,26,31,54,74,10,7,2203,2247,18,6,16,21,52,72,8,6,9,8,2211,2255,21,6,20,26,53,74,10,7,196,172,2,1,5,4,0,0,0,0,2,1,198,173,2,1,6,5,1,0,0,0
050,49,005,Utah,Cache County,2000a,8,5049,2511,2538,2399,2419,20,7,21,25,52,72,8,6,11,9,2409,2428,23,7,26,31,54,74,10,7,2203,2247,18,6,16,21,52,72,8,6,9,8,2211,2255,21,6,20,26,53,74,10,7,196,172,2,1,5,4,0,0,0,0,2,1,198,173,2,1,6,5,1,0,0,0
050,49,005,Utah,Cache County,2000,8,5027,2501,2526,2384,2398,20,7,19,24,58,79,7,6,13,12,2397,2410,21,7,26,31,63,84,7,6,2184,2225,18,6,14,20,58,79,7,6,12,11,2196,2236,19,6,20,26,63,84,7,6,200,173,2,1,5,4,0,0,0,0,1,1,201,174,2,1,6,5,0,0,0,0
050,49,005,Utah,Cache County,2001,8,4807,2447,2360,2318,2228,18,10,22,22,69,82,7,6,13,12,2331,2240,19,11,29,28,74,87,7,6,2098,2054,15,8,16,20,69,82,7,6,12,12,2110,2066,16,9,22,26,74,87,7,6,220,174,3,2,6,2,0,0,0,0,1,0,221,174,3,2,7,2,0,0,0,0
050,49,005,Utah,Cache County,2002,8,4723,2452,2271,2317,2139,20,13,20,23,76,79,8,5,11,12,2328,2151,20,14,26,29,81,84,8,5,2063,1945,18,10,14,21,76,79,8,5,10,12,2073,1957,18,11,19,27,81,84,8,5,254,194,2,3,6,2,0,0,0,0,1,0,255,194,2,3,7,2,0,0,0,0
050,49,005,Utah,Cache County,2003,8,4614,2406,2208,2259,2072,25,15,19,21,84,83,8,6,11,11,2270,2083,26,15,24,27,89,88,8,6,1987,1862,21,11,15,19,83,83,8,6,11,11,1998,1873,22,11,20,25,88,88,8,6,272,210,4,4,4,2,1,0,0,0,0,0,272,210,4,4,4,2,1,0,0,0
050,49,005,Utah,Cache County,2004,8,4713,2488,2225,2326,2092,27,16,22,15,92,86,8,5,13,11,2339,2103,28,17,28,20,97,91,9,5,2020,1866,22,11,19,13,91,86,8,5,12,11,2032,1877,23,12,24,18,96,91,9,5,306,226,5,5,3,2,1,0,0,0,1,0,307,226,5,5,4,2,1,0,0,0
050,49,005,Utah,Cache County,2000c,9,4983,2459,2524,2378,2433,8,8,14,16,49,54,3,6,7,7,2384,2440,8,9,16,22,52,55,6,6,2237,2297,8,6,11,12,49,54,3,4,6,4,2242,2301,8,6,12,15,52,55,6,4,141,136,0,2,3,4,0,0,0,2,1,3,142,139,0,3,4,7,0,0,0,2
050,49,005,Utah,Cache County,2000a,9,4983,2459,2524,2378,2433,8,8,14,16,49,54,3,6,7,7,2384,2440,8,9,16,22,52,55,6,6,2237,2297,8,6,11,12,49,54,3,4,6,4,2242,2301,8,6,12,15,52,55,6,4,141,136,0,2,3,4,0,0,0,2,1,3,142,139,0,3,4,7,0,0,0,2
050,49,005,Utah,Cache County,2000,9,4994,2463,2531,2377,2433,7,7,14,16,49,59,5,5,11,11,2388,2444,7,8,20,21,54,64,5,5,2233,2294,7,5,11,12,49,57,5,5,10,11,2243,2305,7,6,16,17,54,62,5,5,144,139,0,2,3,4,0,2,0,0,1,0,145,139,0,2,4,4,0,2,0,0
050,49,005,Utah,Cache County,2001,9,5011,2479,2532,2404,2430,5,10,13,18,42,57,4,5,11,12,2415,2442,5,10,19,25,47,62,4,5,2244,2279,5,7,11,12,42,56,4,5,10,10,2254,2289,5,7,16,17,47,61,4,5,160,151,0,3,2,6,0,1,0,0,1,2,161,153,0,3,3,8,0,1,0,0
050,49,005,Utah,Cache County,2002,9,5062,2496,2566,2421,2465,9,9,15,18,36,58,4,5,11,11,2432,2476,9,9,21,24,41,63,4,5,2252,2298,7,7,15,12,36,57,4,5,11,10,2263,2308,7,7,21,17,41,62,4,5,169,167,2,2,0,6,0,1,0,0,0,1,169,168,2,2,0,7,0,1,0,0
050,49,005,Utah,Cache County,2003,9,4986,2501,2485,2428,2382,12,12,16,20,31,54,4,5,10,12,2438,2394,12,13,22,27,35,58,4,5,2235,2190,10,10,14,16,31,54,4,5,10,10,2245,2200,10,11,20,21,35,58,4,5,193,192,2,2,2,4,0,0,0,0,0,2,193,194,2,2,2,6,0,0,0,0
050,49,005,Utah,Cache County,2004,9,4847,2392,2455,2312,2348,13,12,16,22,39,56,3,5,9,12,2321,2360,13,13,21,28,43,61,3,5,2107,2153,11,11,13,18,39,56,3,5,9,11,2116,2164,11,12,18,23,43,61,3,5,205,195,2,1,3,4,0,0,0,0,0,1,205,196,2,1,3,5,0,0,0,0
050,49,005,Utah,Cache County,2000c,10,4559,2290,2269,2239,2203,6,3,7,12,31,37,2,6,5,8,2244,2211,8,3,9,18,33,39,3,6,2136,2122,6,1,6,11,30,36,2,6,4,8,2140,2130,7,1,8,17,32,38,3,6,103,81,0,2,1,1,1,1,0,0,1,0,104,81,1,2,1,1,1,1,0,0
050,49,005,Utah,Cache County,2000a,10,4559,2290,2269,2239,2203,6,3,7,12,31,37,2,6,5,8,2244,2211,8,3,9,18,33,39,3,6,2136,2122,6,1,6,11,30,36,2,6,4,8,2140,2130,7,1,8,17,32,38,3,6,103,81,0,2,1,1,1,1,0,0,1,0,104,81,1,2,1,1,1,1,0,0
050,49,005,Utah,Cache County,2000,10,4600,2309,2291,2250,2216,5,3,7,12,33,46,5,4,9,10,2259,2226,5,3,12,17,37,51,5,4,2146,2134,5,1,6,11,32,45,5,4,9,10,2155,2144,5,1,11,16,36,50,5,4,104,82,0,2,1,1,1,1,0,0,0,0,104,82,0,2,1,1,1,1,0,0
050,49,005,Utah,Cache County,2001,10,4685,2333,2352,2269,2276,7,2,8,17,35,44,4,4,10,9,2279,2285,7,2,14,22,39,48,4,4,2157,2172,6,1,6,15,34,42,4,4,10,9,2167,2181,6,1,12,20,38,46,4,4,112,104,1,1,2,2,1,2,0,0,0,0,112,104,1,1,2,2,1,2,0,0
050,49,005,Utah,Cache County,2002,10,4757,2345,2412,2270,2333,10,6,12,14,38,47,5,4,10,8,2280,2341,10,6,18,19,42,50,5,4,2143,2211,9,3,8,13,38,45,5,4,9,8,2152,2219,9,3,13,18,42,48,5,4,127,122,1,3,4,1,0,2,0,0,1,0,128,122,1,3,5,1,0,2,0,0
050,49,005,Utah,Cache County,2003,10,4750,2318,2432,2241,2344,10,5,12,14,40,54,5,4,10,11,2251,2355,10,5,18,20,44,59,5,4,2106,2226,9,4,8,11,40,51,5,4,9,10,2115,2236,9,4,13,16,44,56,5,4,135,118,1,1,4,3,0,3,0,0,1,1,136,119,1,1,5,4,0,3,0,0
050,49,005,Utah,Cache County,2004,10,4771,2349,2422,2273,2332,7,9,13,14,41,53,5,5,10,9,2283,2341,7,9,18,19,46,57,5,5,2133,2193,7,6,9,11,41,51,5,5,10,9,2143,2202,7,6,14,16,46,55,5,5,140,139,0,3,4,3,0,2,0,0,0,0,140,139,0,3,4,3,0,2,0,0
050,49,005,Utah,Cache County,2000c,11,3270,1632,1638,1584,1587,0,2,3,3,31,38,6,1,8,7,1592,1593,0,2,9,6,33,42,6,3,1522,1532,0,2,2,3,31,38,6,1,6,7,1528,1538,0,2,6,6,33,42,6,3,62,55,0,0,1,0,0,0,0,0,2,0,64,55,0,0,3,0,0,0,0,0
050,49,005,Utah,Cache County,2000a,11,3270,1632,1638,1584,1587,0,2,3,3,31,38,6,1,8,7,1592,1593,0,2,9,6,33,42,6,3,1522,1532,0,2,2,3,31,38,6,1,6,7,1528,1538,0,2,6,6,33,42,6,3,62,55,0,0,1,0,0,0,0,0,2,0,64,55,0,0,3,0,0,0,0,0
050,49,005,Utah,Cache County,2000,11,3319,1657,1662,1604,1604,0,2,5,3,38,45,4,4,6,4,1610,1608,0,2,9,6,40,46,4,4,1539,1549,0,2,4,3,38,45,4,4,6,4,1545,1553,0,2,8,6,40,46,4,4,65,55,0,0,1,0,0,0,0,0,0,0,65,55,0,0,1,0,0,0,0,0
050,49,005,Utah,Cache County,2001,11,3575,1774,1801,1724,1737,1,3,4,4,35,49,3,3,7,5,1731,1742,1,3,9,8,37,50,3,3,1652,1673,1,2,3,4,35,49,3,3,7,5,1659,1678,1,2,8,8,37,50,3,3,72,64,0,1,1,0,0,0,0,0,0,0,72,64,0,1,1,0,0,0,0,0
050,49,005,Utah,Cache County,2002,11,3760,1868,1892,1819,1828,3,3,4,5,32,44,3,5,7,7,1826,1835,3,3,9,9,34,47,3,5,1739,1757,3,2,3,4,31,44,3,5,7,7,1746,1764,3,2,8,8,33,47,3,5,80,71,0,1,1,1,1,0,0,0,0,0,80,71,0,1,1,1,1,0,0,0
050,49,005,Utah,Cache County,2003,11,3937,1946,1991,1895,1931,4,4,7,6,30,39,2,4,8,7,1903,1938,4,4,12,11,33,41,2,4,1800,1848,4,2,6,5,29,39,2,4,7,7,1807,1855,4,2,10,10,32,41,2,4,95,83,0,2,1,1,1,0,0,0,1,0,96,83,0,2,2,1,1,0,0,0
050,49,005,Utah,Cache County,2004,11,4178,2063,2115,2013,2054,9,4,6,9,26,39,2,3,7,6,2020,2060,9,4,11,13,28,41,2,3,1899,1960,8,2,5,8,25,38,2,3,7,6,1906,1966,8,2,10,12,27,40,2,3,114,94,1,2,1,1,1,1,0,0,0,0,114,94,1,2,1,1,1,1,0,0
050,49,005,Utah,Cache County,2000c,12,2555,1248,1307,1207,1282,4,0,3,1,28,21,1,1,5,2,1212,1284,5,0,7,3,28,21,1,1,1173,1253,3,0,3,1,28,21,1,1,4,1,1177,1254,3,0,7,2,28,21,1,1,34,29,1,0,0,0,0,0,0,0,1,1,35,30,2,0,0,1,0,0,0,0
050,49,005,Utah,Cache County,2000a,12,2555,1248,1307,1207,1282,4,0,3,1,28,21,1,1,5,2,1212,1284,5,0,7,3,28,21,1,1,1173,1253,3,0,3,1,28,21,1,1,4,1,1177,1254,3,0,7,2,28,21,1,1,34,29,1,0,0,0,0,0,0,0,1,1,35,30,2,0,0,1,0,0,0,0
050,49,005,Utah,Cache County,2000,12,2567,1256,1311,1214,1285,4,0,4,1,28,22,3,2,3,1,1217,1286,4,0,7,2,28,22,3,2,1179,1255,3,0,4,1,28,22,3,2,3,1,1182,1256,3,0,7,2,28,22,3,2,35,30,1,0,0,0,0,0,0,0,0,0,35,30,1,0,0,0,0,0,0,0
050,49,005,Utah,Cache County,2001,12,2578,1260,1318,1221,1293,3,0,3,1,29,23,2,1,2,0,1223,1293,3,0,5,1,29,23,2,1,1175,1259,3,0,3,0,29,23,2,1,2,0,1177,1259,3,0,5,0,29,23,2,1,46,34,0,0,0,1,0,0,0,0,0,0,46,34,0,0,0,1,0,0,0,0
050,49,005,Utah,Cache County,2002,12,2792,1375,1417,1332,1386,2,0,3,0,32,29,3,2,3,0,1335,1386,2,0,6,0,32,29,3,2,1276,1345,1,0,2,0,32,29,3,2,3,0,1279,1345,1,0,5,0,32,29,3,2,56,41,1,0,1,0,0,0,0,0,0,0,56,41,1,0,1,0,0,0,0,0
050,49,005,Utah,Cache County,2003,12,2851,1415,1436,1372,1399,1,0,3,2,31,32,3,2,5,1,1377,1400,1,0,7,3,32,32,3,2,1318,1353,0,0,3,2,31,32,3,2,5,1,1323,1354,0,0,7,3,32,32,3,2,54,46,1,0,0,0,0,0,0,0,0,0,54,46,1,0,0,0,0,0,0,0
050,49,005,Utah,Cache County,2004,12,2953,1479,1474,1434,1429,1,0,5,3,32,35,4,4,3,3,1437,1432,1,0,8,5,32,36,4,4,1376,1381,0,0,4,3,32,35,4,4,3,3,1379,1384,0,0,7,5,32,36,4,4,58,48,1,0,1,0,0,0,0,0,0,0,58,48,1,0,1,0,0,0,0,0
050,49,005,Utah,Cache County,2000c,13,2091,1041,1050,1027,1030,2,0,1,4,10,10,0,3,1,3,1028,1032,2,0,2,5,10,12,0,4,1008,1010,2,0,1,4,10,10,0,3,1,3,1009,1012,2,0,2,5,10,12,0,4,19,20,0,0,0,0,0,0,0,0,0,0,19,20,0,0,0,0,0,0,0,0
050,49,005,Utah,Cache County,2000a,13,2091,1041,1050,1027,1030,2,0,1,4,10,10,0,3,1,3,1028,1032,2,0,2,5,10,12,0,4,1008,1010,2,0,1,4,10,10,0,3,1,3,1009,1012,2,0,2,5,10,12,0,4,19,20,0,0,0,0,0,0,0,0,0,0,19,20,0,0,0,0,0,0,0,0
050,49,005,Utah,Cache County,2000,13,2094,1042,1052,1029,1032,2,0,1,4,10,14,0,1,0,1,1029,1033,2,0,1,5,10,14,0,1,1010,1012,2,0,1,4,10,14,0,1,0,1,1010,1013,2,0,1,5,10,14,0,1,19,20,0,0,0,0,0,0,0,0,0,0,19,20,0,0,0,0,0,0,0,0
050,49,005,Utah,Cache County,2001,13,2163,1061,1102,1044,1086,2,0,4,4,10,10,0,0,1,2,1045,1088,2,0,5,6,10,10,0,0,1025,1063,1,0,4,4,10,10,0,0,1,2,1026,1065,1,0,5,6,10,10,0,0,19,23,1,0,0,0,0,0,0,0,0,0,19,23,1,0,0,0,0,0,0,0
050,49,005,Utah,Cache County,2002,13,2182,1091,1091,1069,1075,3,0,5,5,12,9,0,0,2,2,1071,1077,3,0,7,7,12,9,0,0,1047,1050,3,0,5,4,12,9,0,0,2,2,1049,1052,3,0,7,6,12,9,0,0,22,25,0,0,0,1,0,0,0,0,0,0,22,25,0,0,0,1,0,0,0,0
050,49,005,Utah,Cache County,2003,13,2286,1143,1143,1117,1125,5,0,4,4,13,12,1,0,3,2,1120,1127,5,0,7,5,13,13,1,0,1089,1096,4,0,4,3,13,12,1,0,3,2,1092,1098,4,0,7,4,13,13,1,0,28,29,1,0,0,1,0,0,0,0,0,0,28,29,1,0,0,1,0,0,0,0
050,49,005,Utah,Cache County,2004,13,2400,1166,1234,1139,1215,5,0,3,4,17,13,1,0,1,2,1140,1217,5,0,4,6,17,13,1,0,1106,1184,4,0,3,3,17,13,1,0,1,2,1107,1186,4,0,4,5,17,13,1,0,33,31,1,0,0,1,0,0,0,0,0,0,33,31,1,0,0,1,0,0,0,0
050,49,005,Utah,Cache County,2000c,14,1655,800,855,781,842,1,0,1,1,11,9,0,1,6,2,784,843,3,1,2,2,15,10,2,1,765,828,1,0,1,1,11,9,0,1,2,1,767,829,1,0,1,2,13,9,0,1,16,14,0,0,0,0,0,0,0,0,4,1,17,14,2,1,1,0,2,1,2,0
050,49,005,Utah,Cache County,2000a,14,1655,800,855,781,842,1,0,1,1,11,9,0,1,6,2,784,843,3,1,2,2,15,10,2,1,765,828,1,0,1,1,11,9,0,1,2,1,767,829,1,0,1,2,13,9,0,1,16,14,0,0,0,0,0,0,0,0,4,1,17,14,2,1,1,0,2,1,2,0
050,49,005,Utah,Cache County,2000,14,1653,798,855,783,843,1,0,1,1,11,10,0,0,2,1,784,843,2,1,2,1,12,11,0,0,767,829,1,0,1,1,11,10,0,0,1,0,768,829,1,0,2,1,11,10,0,0,16,14,0,0,0,0,0,0,0,0,1,1,16,14,1,1,0,0,1,1,0,0
050,49,005,Utah,Cache County,2001,14,1780,881,899,863,880,3,1,2,2,13,15,0,1,0,0,863,880,3,1,2,2,13,15,0,1,846,866,2,0,1,2,13,15,0,1,0,0,846,866,2,0,1,2,13,15,0,1,17,14,1,1,1,0,0,0,0,0,0,0,17,14,1,1,1,0,0,0,0,0
050,49,005,Utah,Cache County,2002,14,1862,901,961,884,942,1,0,1,3,15,15,0,1,0,0,884,942,1,0,1,3,15,15,0,1,866,920,1,0,1,3,15,14,0,1,0,0,866,920,1,0,1,3,15,14,0,1,18,22,0,0,0,0,0,1,0,0,0,0,18,22,0,0,0,0,0,1,0,0
050,49,005,Utah,Cache County,2003,14,1948,942,1006,924,983,1,0,2,3,13,19,1,1,1,0,925,983,1,0,3,3,13,19,1,1,902,960,1,0,2,3,13,19,1,1,1,0,903,960,1,0,3,3,13,19,1,1,22,23,0,0,0,0,0,0,0,0,0,0,22,23,0,0,0,0,0,0,0,0
050,49,005,Utah,Cache County,2004,14,2042,983,1059,970,1040,1,0,3,2,8,16,0,1,1,0,971,1040,1,0,4,2,8,16,0,1,949,1013,1,0,3,2,8,16,0,1,1,0,950,1013,1,0,4,2,8,16,0,1,21,27,0,0,0,0,0,0,0,0,0,0,21,27,0,0,0,0,0,0,0,0
050,49,005,Utah,Cache County,2000c,15,1542,722,820,714,815,1,0,0,2,5,2,1,1,1,0,715,815,1,0,1,2,5,2,1,1,710,809,0,0,0,2,5,2,1,1,1,0,711,809,0,0,1,2,5,2,1,1,4,6,1,0,0,0,0,0,0,0,0,0,4,6,1,0,0,0,0,0,0,0
050,49,005,Utah,Cache County,2000a,15,1542,722,820,714,815,1,0,0,2,5,2,1,1,1,0,715,815,1,0,1,2,5,2,1,1,710,809,0,0,0,2,5,2,1,1,1,0,711,809,0,0,1,2,5,2,1,1,4,6,1,0,0,0,0,0,0,0,0,0,4,6,1,0,0,0,0,0,0,0
050,49,005,Utah,Cache County,2000,15,1543,723,820,716,814,1,0,0,2,6,3,0,0,0,1,716,815,1,0,0,3,6,3,0,0,712,808,0,0,0,2,6,3,0,0,0,1,712,809,0,0,0,3,6,3,0,0,4,6,1,0,0,0,0,0,0,0,0,0,4,6,1,0,0,0,0,0,0,0
050,49,005,Utah,Cache County,2001,15,1561,729,832,726,825,0,0,0,2,3,5,0,0,0,0,726,825,0,0,0,2,3,5,0,0,718,817,0,0,0,2,3,5,0,0,0,0,718,817,0,0,0,2,3,5,0,0,8,8,0,0,0,0,0,0,0,0,0,0,8,8,0,0,0,0,0,0,0,0
050,49,005,Utah,Cache County,2002,15,1633,755,878,749,869,3,0,1,2,2,7,0,0,0,0,749,869,3,0,1,2,2,7,0,0,736,859,1,0,0,2,2,7,0,0,0,0,736,859,1,0,0,2,2,7,0,0,13,10,2,0,1,0,0,0,0,0,0,0,13,10,2,0,1,0,0,0,0,0
050,49,005,Utah,Cache County,2003,15,1641,758,883,748,873,3,1,1,2,5,7,0,0,1,0,749,873,4,1,1,2,5,7,0,0,733,859,1,0,0,2,5,7,0,0,0,0,733,859,1,0,0,2,5,7,0,0,15,14,2,1,1,0,0,0,0,0,1,0,16,14,3,1,1,0,0,0,0,0
050,49,005,Utah,Cache County,2004,15,1649,775,874,764,863,1,0,1,2,9,8,0,0,0,1,764,864,1,0,1,3,9,8,0,0,749,846,1,0,0,2,7,7,0,0,0,1,749,847,1,0,0,3,7,7,0,0,15,17,0,0,1,0,2,1,0,0,0,0,15,17,0,0,1,0,2,1,0,0
050,49,005,Utah,Cache County,2000c,16,1249,517,732,513,726,0,2,0,0,2,4,2,0,0,0,513,726,0,2,0,0,2,4,2,0,507,720,0,2,0,0,2,4,2,0,0,0,507,720,0,2,0,0,2,4,2,0,6,6,0,0,0,0,0,0,0,0,0,0,6,6,0,0,0,0,0,0,0,0
050,49,005,Utah,Cache County,2000a,16,1249,517,732,513,726,0,2,0,0,2,4,2,0,0,0,513,726,0,2,0,0,2,4,2,0,507,720,0,2,0,0,2,4,2,0,0,0,507,720,0,2,0,0,2,4,2,0,6,6,0,0,0,0,0,0,0,0,0,0,6,6,0,0,0,0,0,0,0,0
050,49,005,Utah,Cache County,2000,16,1255,520,735,516,728,0,2,0,0,4,5,0,0,0,0,516,728,0,2,0,0,4,5,0,0,510,722,0,2,0,0,4,5,0,0,0,0,510,722,0,2,0,0,4,5,0,0,6,6,0,0,0,0,0,0,0,0,0,0,6,6,0,0,0,0,0,0,0,0
050,49,005,Utah,Cache County,2001,16,1335,543,792,539,786,0,1,0,0,4,5,0,0,0,0,539,786,0,1,0,0,4,5,0,0,532,780,0,1,0,0,4,5,0,0,0,0,532,780,0,1,0,0,4,5,0,0,7,6,0,0,0,0,0,0,0,0,0,0,7,6,0,0,0,0,0,0,0,0
050,49,005,Utah,Cache County,2002,16,1380,579,801,572,798,0,1,0,0,7,2,0,0,0,0,572,798,0,1,0,0,7,2,0,0,564,789,0,1,0,0,7,2,0,0,0,0,564,789,0,1,0,0,7,2,0,0,8,9,0,0,0,0,0,0,0,0,0,0,8,9,0,0,0,0,0,0,0,0
050,49,005,Utah,Cache County,2003,16,1381,594,787,588,785,0,1,0,0,6,1,0,0,0,0,588,785,0,1,0,0,6,1,0,0,581,779,0,1,0,0,6,1,0,0,0,0,581,779,0,1,0,0,6,1,0,0,7,6,0,0,0,0,0,0,0,0,0,0,7,6,0,0,0,0,0,0,0,0
050,49,005,Utah,Cache County,2004,16,1406,620,786,614,782,1,0,0,1,5,2,0,0,0,1,614,783,1,0,0,2,5,2,0,0,610,776,0,0,0,1,5,2,0,0,0,1,610,777,0,0,0,2,5,2,0,0,4,6,1,0,0,0,0,0,0,0,0,0,4,6,1,0,0,0,0,0,0,0
050,49,005,Utah,Cache County,2000c,17,1062,401,661,400,653,0,0,0,1,1,6,0,0,0,1,400,654,0,0,0,1,1,7,0,1,397,646,0,0,0,1,1,6,0,0,0,1,397,647,0,0,0,1,1,7,0,1,3,7,0,0,0,0,0,0,0,0,0,0,3,7,0,0,0,0,0,0,0,0
050,49,005,Utah,Cache County,2000a,17,1062,401,661,400,653,0,0,0,1,1,6,0,0,0,1,400,654,0,0,0,1,1,7,0,1,397,646,0,0,0,1,1,6,0,0,0,1,397,647,0,0,0,1,1,7,0,1,3,7,0,0,0,0,0,0,0,0,0,0,3,7,0,0,0,0,0,0,0,0
050,49,005,Utah,Cache County,2000,17,1063,401,662,400,654,0,0,0,1,1,7,0,0,0,0,400,654,0,0,0,1,1,7,0,0,397,647,0,0,0,1,1,7,0,0,0,0,397,647,0,0,0,1,1,7,0,0,3,7,0,0,0,0,0,0,0,0,0,0,3,7,0,0,0,0,0,0,0,0
050,49,005,Utah,Cache County,2001,17,1105,432,673,430,663,0,1,0,1,2,8,0,0,0,0,430,663,0,1,0,1,2,8,0,0,427,656,0,1,0,1,2,8,0,0,0,0,427,656,0,1,0,1,2,8,0,0,3,7,0,0,0,0,0,0,0,0,0,0,3,7,0,0,0,0,0,0,0,0
050,49,005,Utah,Cache County,2002,17,1113,438,675,436,664,0,1,0,1,2,9,0,0,0,0,436,664,0,1,0,1,2,9,0,0,433,659,0,1,0,1,2,9,0,0,0,0,433,659,0,1,0,1,2,9,0,0,3,5,0,0,0,0,0,0,0,0,0,0,3,5,0,0,0,0,0,0,0,0
050,49,005,Utah,Cache County,2003,17,1115,431,684,428,674,0,1,0,0,3,9,0,0,0,0,428,674,0,1,0,0,3,9,0,0,422,667,0,1,0,0,3,9,0,0,0,0,422,667,0,1,0,0,3,9,0,0,6,7,0,0,0,0,0,0,0,0,0,0,6,7,0,0,0,0,0,0,0,0
050,49,005,Utah,Cache County,2004,17,1073,419,654,415,645,0,2,0,0,4,7,0,0,0,0,415,645,0,2,0,0,4,7,0,0,409,637,0,2,0,0,4,7,0,0,0,0,409,637,0,2,0,0,4,7,0,0,6,8,0,0,0,0,0,0,0,0,0,0,6,8,0,0,0,0,0,0,0,0
050,49,005,Utah,Cache County,2000c,18,1031,339,692,337,688,0,0,1,0,0,3,0,0,1,1,338,689,0,0,2,1,0,3,0,0,335,687,0,0,1,0,0,3,0,0,1,1,336,688,0,0,2,1,0,3,0,0,2,1,0,0,0,0,0,0,0,0,0,0,2,1,0,0,0,0,0,0,0,0
050,49,005,Utah,Cache County,2000a,18,1031,339,692,337,688,0,0,1,0,0,3,0,0,1,1,338,689,0,0,2,1,0,3,0,0,335,687,0,0,1,0,0,3,0,0,1,1,336,688,0,0,2,1,0,3,0,0,2,1,0,0,0,0,0,0,0,0,0,0,2,1,0,0,0,0,0,0,0,0
050,49,005,Utah,Cache County,2000,18,1042,345,697,343,693,0,0,1,0,0,3,0,0,1,1,344,694,0,0,2,1,0,3,0,0,341,692,0,0,1,0,0,3,0,0,1,1,342,693,0,0,2,1,0,3,0,0,2,1,0,0,0,0,0,0,0,0,0,0,2,1,0,0,0,0,0,0,0,0
050,49,005,Utah,Cache County,2001,18,1161,382,779,380,775,0,0,1,1,0,2,0,0,1,1,381,776,0,0,2,2,0,2,0,0,378,772,0,0,1,1,0,2,0,0,1,1,379,773,0,0,2,2,0,2,0,0,2,3,0,0,0,0,0,0,0,0,0,0,2,3,0,0,0,0,0,0,0,0
050,49,005,Utah,Cache County,2002,18,1165,392,773,391,769,0,0,1,1,0,2,0,0,0,1,391,770,0,0,1,2,0,2,0,0,387,764,0,0,1,1,0,2,0,0,0,1,387,765,0,0,1,2,0,2,0,0,4,5,0,0,0,0,0,0,0,0,0,0,4,5,0,0,0,0,0,0,0,0
050,49,005,Utah,Cache County,2003,18,1198,409,789,407,782,0,0,1,1,0,5,0,0,1,1,408,783,0,0,2,2,0,5,0,0,403,775,0,0,1,1,0,5,0,0,1,1,404,776,0,0,2,2,0,5,0,0,4,7,0,0,0,0,0,0,0,0,0,0,4,7,0,0,0,0,0,0,0,0
050,49,005,Utah,Cache County,2004,18,1246,418,828,416,820,0,0,1,2,0,5,0,0,1,1,417,821,0,0,2,3,0,5,0,0,411,812,0,0,1,2,0,5,0,0,1,1,412,813,0,0,2,3,0,5,0,0,5,8,0,0,0,0,0,0,0,0,0,0,5,8,0,0,0,0,0,0,0,0
050,49,007,Utah,Carbon County,2000c,0,20422,9981,10441,9690,10201,47,17,115,126,42,32,6,3,81,62,9771,10260,68,35,150,158,61,42,12,8,8668,9223,38,14,92,101,41,32,4,2,68,42,8736,9262,49,21,124,124,60,42,10,7,1022,978,9,3,23,25,1,0,2,1,13,20,1035,998,19,14,26,34,1,0,2,1
050,49,007,Utah,Carbon County,2000a,0,20422,9981,10441,9690,10201,47,17,115,126,42,32,6,3,81,62,9771,10260,68,35,150,158,61,42,12,8,8668,9223,38,14,92,101,41,32,4,2,68,42,8736,9262,49,21,124,124,60,42,10,7,1022,978,9,3,23,25,1,0,2,1,13,20,1035,998,19,14,26,34,1,0,2,1
050,49,007,Utah,Carbon County,2000,0,20374,9970,10404,9706,10181,47,19,120,127,45,33,0,1,52,43,9758,10224,67,32,144,151,53,39,0,1,8671,9196,37,15,97,102,44,33,0,1,48,39,8719,9235,53,27,121,123,52,39,0,1,1035,985,10,4,23,25,1,0,0,0,4,4,1039,989,14,5,23,28,1,0,0,0
050,49,007,Utah,Carbon County,2001,0,19772,9659,10113,9366,9858,61,27,125,135,53,43,0,1,54,49,9420,9907,84,44,148,161,61,49,0,1,8410,8931,46,19,102,110,51,42,0,1,50,44,8460,8975,65,34,125,133,59,48,0,1,956,927,15,8,23,25,2,1,0,0,4,5,960,932,19,10,23,28,2,1,0,0
050,49,007,Utah,Carbon County,2002,0,19837,9671,10166,9385,9914,53,29,126,131,57,47,0,1,50,44,9435,9958,75,44,146,154,65,53,0,1,8412,8960,38,18,103,106,54,46,0,1,47,42,8459,9002,57,33,123,127,62,52,0,1,973,954,15,11,23,25,3,1,0,0,3,2,976,956,18,11,23,27,3,1,0,0
050,49,007,Utah,Carbon County,2003,0,19882,9675,10207,9407,9978,48,26,120,124,51,39,0,1,49,39,9456,10017,69,42,139,143,60,43,0,1,8417,8990,34,16,97,99,50,38,0,1,45,33,8462,9023,52,30,116,114,58,42,0,1,990,988,14,10,23,25,1,1,0,0,4,6,994,994,17,12,23,29,2,1,0,0
050,49,007,Utah,Carbon County,2004,0,19689,9579,10110,9322,9894,45,21,119,124,52,37,0,1,41,33,9363,9927,65,34,134,140,58,41,0,1,8307,8871,32,13,96,99,50,37,0,1,36,30,8343,8901,48,25,110,113,56,41,0,1,1015,1023,13,8,23,25,2,0,0,0,5,3,1020,1026,17,9,24,27,2,0,0,0
050,49,007,Utah,Carbon County,2000c,1,1479,721,758,693,725,0,4,14,19,1,1,0,0,13,9,706,734,6,9,16,23,5,1,1,0,605,637,0,4,12,16,1,1,0,0,12,5,617,642,5,8,14,17,5,1,1,0,88,88,0,0,2,3,0,0,0,0,1,4,89,92,1,1,2,6,0,0,0,0
050,49,007,Utah,Carbon County,2000a,1,1479,721,758,693,725,0,4,14,19,1,1,0,0,13,9,706,734,6,9,16,23,5,1,1,0,605,637,0,4,12,16,1,1,0,0,12,5,617,642,5,8,14,17,5,1,1,0,88,88,0,0,2,3,0,0,0,0,1,4,89,92,1,1,2,6,0,0,0,0
050,49,007,Utah,Carbon County,2000,1,1490,730,760,703,726,1,4,13,16,2,1,0,0,11,13,714,739,6,11,17,21,4,2,0,0,613,636,1,4,11,13,2,1,0,0,11,12,624,648,6,11,15,17,4,2,0,0,90,90,0,0,2,3,0,0,0,0,0,1,90,91,0,0,2,4,0,0,0,0
050,49,007,Utah,Carbon County,2001,1,1453,722,731,696,695,2,5,10,17,2,1,0,0,12,13,708,708,9,12,13,22,4,2,0,0,619,616,2,5,8,14,2,1,0,0,12,12,631,628,9,12,11,18,4,2,0,0,77,79,0,0,2,3,0,0,0,0,0,1,77,80,0,0,2,4,0,0,0,0
050,49,007,Utah,Carbon County,2002,1,1476,732,744,703,718,2,3,11,13,4,0,0,0,12,10,715,728,8,9,13,17,8,0,0,0,621,641,2,3,10,10,4,0,0,0,12,9,633,650,8,9,12,13,8,0,0,0,82,77,0,0,1,3,0,0,0,0,0,1,82,78,0,0,1,4,0,0,0,0
050,49,007,Utah,Carbon County,2003,1,1492,737,755,711,735,0,3,14,9,3,0,0,0,9,8,720,743,4,9,16,11,6,0,0,0,629,650,0,3,13,7,3,0,0,0,9,7,638,657,4,9,15,8,6,0,0,0,82,85,0,0,1,2,0,0,0,0,0,1,82,86,0,0,1,3,0,0,0,0
050,49,007,Utah,Carbon County,2004,1,1472,731,741,706,727,0,0,14,9,3,0,0,0,8,5,714,732,5,4,15,10,5,0,0,0,624,635,0,0,14,7,3,0,0,0,8,4,632,639,5,4,15,7,5,0,0,0,82,92,0,0,0,2,0,0,0,0,0,1,82,93,0,0,0,3,0,0,0,0
050,49,007,Utah,Carbon County,2000c,2,1520,789,731,751,703,6,0,15,20,2,0,2,0,13,8,764,710,10,3,19,22,5,3,4,1,645,615,1,0,12,17,2,0,1,0,12,5,657,619,5,1,15,18,5,3,3,1,106,88,5,0,3,3,0,0,1,0,1,3,107,91,5,2,4,4,0,0,1,0
050,49,007,Utah,Carbon County,2000a,2,1520,789,731,751,703,6,0,15,20,2,0,2,0,13,8,764,710,10,3,19,22,5,3,4,1,645,615,1,0,12,17,2,0,1,0,12,5,657,619,5,1,15,18,5,3,3,1,106,88,5,0,3,3,0,0,1,0,1,3,107,91,5,2,4,4,0,0,1,0
050,49,007,Utah,Carbon County,2000,2,1516,790,726,750,697,6,1,16,19,3,1,0,0,15,8,765,705,13,2,21,25,6,2,0,0,644,608,1,0,13,16,3,1,0,0,13,7,657,615,6,1,18,21,6,2,0,0,106,89,5,1,3,3,0,0,0,0,2,1,108,90,7,1,3,4,0,0,0,0
050,49,007,Utah,Carbon County,2001,2,1453,741,712,696,678,8,4,18,19,5,1,0,0,14,10,710,688,14,9,23,24,8,1,0,0,592,596,4,2,15,18,4,1,0,0,13,9,605,605,9,6,20,23,7,1,0,0,104,82,4,2,3,1,1,0,0,0,1,1,105,83,5,3,3,1,1,0,0,0
050,49,007,Utah,Carbon County,2002,2,1415,697,718,663,682,3,4,15,18,3,2,0,0,13,12,676,694,10,9,19,23,5,4,0,0,572,592,0,2,12,17,2,2,0,0,11,12,583,604,5,7,16,22,4,4,0,0,91,90,3,2,3,1,1,0,0,0,2,0,93,90,5,2,3,1,1,0,0,0
050,49,007,Utah,Carbon County,2003,2,1399,680,719,652,686,2,3,11,19,3,1,0,0,12,10,664,696,7,8,14,23,7,2,0,0,559,596,1,2,9,17,3,1,0,0,11,9,570,605,6,6,12,21,6,2,0,0,93,90,1,1,2,2,0,0,0,0,1,1,94,91,1,2,2,2,1,0,0,0
050,49,007,Utah,Carbon County,2004,2,1369,644,725,623,689,2,4,10,19,2,1,0,0,7,12,630,701,6,10,12,24,3,2,0,0,538,599,1,3,8,17,2,1,0,0,6,12,544,611,4,9,10,22,3,2,0,0,85,90,1,1,2,2,0,0,0,0,1,0,86,90,2,1,2,2,0,0,0,0
050,49,007,Utah,Carbon County,2000c,3,1706,857,849,829,819,4,6,13,10,1,4,1,1,9,9,838,828,5,9,19,15,3,5,1,1,735,723,3,3,11,9,1,4,0,0,8,4,743,727,3,4,17,11,3,5,0,0,94,96,1,3,2,1,0,0,1,1,1,5,95,101,2,5,2,4,0,0,1,1
050,49,007,Utah,Carbon County,2000a,3,1706,857,849,829,819,4,6,13,10,1,4,1,1,9,9,838,828,5,9,19,15,3,5,1,1,735,723,3,3,11,9,1,4,0,0,8,4,743,727,3,4,17,11,3,5,0,0,94,96,1,3,2,1,0,0,1,1,1,5,95,101,2,5,2,4,0,0,1,1
050,49,007,Utah,Carbon County,2000,3,1704,860,844,831,813,3,6,15,11,2,3,0,0,9,11,840,824,6,11,20,15,3,5,0,0,736,715,2,3,13,10,1,3,0,0,8,10,744,725,4,7,18,14,2,5,0,0,95,98,1,3,2,1,1,0,0,0,1,1,96,99,2,4,2,1,1,0,0,0
050,49,007,Utah,Carbon County,2001,3,1639,827,812,792,774,6,6,17,15,1,4,0,0,11,13,803,787,11,11,22,20,2,7,0,0,708,683,4,3,15,12,1,4,0,0,9,11,717,694,7,7,20,16,2,7,0,0,84,91,2,3,2,3,0,0,0,0,2,2,86,93,4,4,2,4,0,0,0,0
050,49,007,Utah,Carbon County,2002,3,1600,816,784,778,749,7,5,19,15,1,4,0,0,11,11,789,760,12,8,24,20,2,7,0,0,688,657,4,3,17,11,1,4,0,0,10,10,698,667,8,6,22,15,2,7,0,0,90,92,3,2,2,4,0,0,0,0,1,1,91,93,4,2,2,5,0,0,0,0
050,49,007,Utah,Carbon County,2003,3,1505,776,729,740,704,8,2,16,12,1,2,0,0,11,9,751,713,15,6,20,17,1,2,0,0,645,617,3,1,13,9,1,2,0,0,9,7,654,624,8,4,17,13,1,2,0,0,95,87,5,1,3,3,0,0,0,0,2,2,97,89,7,2,3,4,0,0,0,0
050,49,007,Utah,Carbon County,2004,3,1452,758,694,725,672,6,2,15,12,3,2,0,0,9,6,734,678,11,4,18,16,4,2,0,0,624,583,2,1,11,9,2,2,0,0,7,6,631,589,5,3,14,13,3,2,0,0,101,89,4,1,4,3,1,0,0,0,2,0,103,89,6,1,4,3,1,0,0,0
050,49,007,Utah,Carbon County,2000c,4,2128,1016,1112,977,1090,9,0,10,10,6,5,0,0,14,7,991,1096,11,1,19,13,8,7,1,2,859,970,8,0,7,8,6,5,0,0,11,6,870,975,8,1,15,10,8,7,1,2,118,120,1,0,3,2,0,0,0,0,3,1,121,121,3,0,4,3,0,0,0,0
050,49,007,Utah,Carbon County,2000a,4,2128,1016,1112,977,1090,9,0,10,10,6,5,0,0,14,7,991,1096,11,1,19,13,8,7,1,2,859,970,8,0,7,8,6,5,0,0,11,6,870,975,8,1,15,10,8,7,1,2,118,120,1,0,3,2,0,0,0,0,3,1,121,121,3,0,4,3,0,0,0,0
050,49,007,Utah,Carbon County,2000,4,2106,1006,1100,972,1081,9,1,12,10,5,5,0,1,8,2,980,1083,12,1,16,11,6,6,0,1,855,962,8,1,9,8,5,5,0,1,8,2,863,964,11,1,13,9,6,6,0,1,117,119,1,0,3,2,0,0,0,0,0,0,117,119,1,0,3,2,0,0,0,0
050,49,007,Utah,Carbon County,2001,4,1964,964,1000,931,981,8,1,12,10,4,4,0,1,9,3,940,984,11,1,17,12,5,5,0,1,830,875,7,1,10,9,4,3,0,1,9,3,839,878,10,1,15,11,5,4,0,1,101,106,1,0,2,1,0,1,0,0,0,0,101,106,1,0,2,1,0,1,0,0
050,49,007,Utah,Carbon County,2002,4,1879,940,939,912,919,7,3,11,9,4,3,0,1,6,4,918,923,9,4,14,11,5,4,0,1,804,820,5,2,9,8,3,2,0,1,6,4,810,824,7,3,12,10,4,3,0,1,108,99,2,1,2,1,1,1,0,0,0,0,108,99,2,1,2,1,1,1,0,0
050,49,007,Utah,Carbon County,2003,4,1862,933,929,908,904,5,5,10,10,4,5,0,1,6,4,914,908,7,6,13,11,5,7,0,1,804,815,4,3,8,9,3,4,0,1,6,4,810,819,6,4,11,10,4,6,0,1,104,89,1,2,2,1,1,1,0,0,0,0,104,89,1,2,2,1,1,1,0,0
050,49,007,Utah,Carbon County,2004,4,1749,874,875,847,852,5,5,11,10,4,3,0,0,7,5,854,857,7,6,15,12,5,5,0,0,745,761,4,3,10,10,3,3,0,0,7,4,752,765,6,3,14,12,4,5,0,0,102,91,1,2,1,0,1,0,0,0,0,1,102,92,1,3,1,0,1,0,0,0
050,49,007,Utah,Carbon County,2000c,5,1545,801,744,771,722,6,2,11,8,9,6,1,1,3,5,774,727,7,3,11,10,10,8,2,1,684,659,6,2,11,7,9,6,1,1,3,4,687,663,7,2,11,9,10,8,2,1,87,63,0,0,0,1,0,0,0,0,0,1,87,64,0,1,0,1,0,0,0,0
050,49,007,Utah,Carbon County,2000a,5,1545,801,744,771,722,6,2,11,8,9,6,1,1,3,5,774,727,7,3,11,10,10,8,2,1,684,659,6,2,11,7,9,6,1,1,3,4,687,663,7,2,11,9,10,8,2,1,87,63,0,0,0,1,0,0,0,0,0,1,87,64,0,1,0,1,0,0,0,0
050,49,007,Utah,Carbon County,2000,5,1545,802,743,774,726,5,2,11,8,8,5,0,0,4,2,778,728,6,2,13,9,9,6,0,0,687,664,5,2,11,7,8,5,0,0,4,2,691,666,6,2,13,8,9,6,0,0,87,62,0,0,0,1,0,0,0,0,0,0,87,62,0,0,0,1,0,0,0,0
050,49,007,Utah,Carbon County,2001,5,1593,798,795,767,777,7,3,11,6,11,8,0,0,2,1,769,778,8,3,11,6,12,9,0,0,682,711,6,2,10,5,11,8,0,0,2,1,684,712,7,2,10,5,12,9,0,0,85,66,1,1,1,1,0,0,0,0,0,0,85,66,1,1,1,1,0,0,0,0
050,49,007,Utah,Carbon County,2002,5,1780,857,923,822,901,7,3,14,10,11,8,0,0,3,1,825,902,9,3,15,11,11,8,0,0,732,819,6,2,12,9,11,8,0,0,3,1,735,820,8,2,13,10,11,8,0,0,90,82,1,1,2,1,0,0,0,0,0,0,90,82,1,1,2,1,0,0,0,0
050,49,007,Utah,Carbon County,2003,5,1953,917,1036,881,1022,8,1,12,7,11,4,0,0,5,2,886,1024,10,1,14,8,12,5,0,0,779,906,6,1,10,5,11,4,0,0,5,2,784,908,8,1,12,6,12,5,0,0,102,116,2,0,2,2,0,0,0,0,0,0,102,116,2,0,2,2,0,0,0,0
050,49,007,Utah,Carbon County,2004,5,2009,956,1053,921,1042,9,0,11,6,9,2,0,1,6,2,927,1044,12,0,13,7,10,3,0,1,804,922,7,0,8,4,9,2,0,1,5,2,809,924,10,0,9,5,10,3,0,1,117,120,2,0,3,2,0,0,0,0,1,0,118,120,2,0,4,2,0,0,0,0
050,49,007,Utah,Carbon County,2000c,6,1103,538,565,514,550,6,1,9,10,4,1,0,0,5,3,519,553,7,1,10,12,7,1,0,1,456,485,6,1,8,10,4,1,0,0,5,3,461,488,7,1,9,12,7,1,0,1,58,65,0,0,1,0,0,0,0,0,0,0,58,65,0,0,1,0,0,0,0,0
050,49,007,Utah,Carbon County,2000a,6,1103,538,565,514,550,6,1,9,10,4,1,0,0,5,3,519,553,7,1,10,12,7,1,0,1,456,485,6,1,8,10,4,1,0,0,5,3,461,488,7,1,9,12,7,1,0,1,58,65,0,0,1,0,0,0,0,0,0,0,58,65,0,0,1,0,0,0,0,0
050,49,007,Utah,Carbon County,2000,6,1112,542,570,521,556,6,1,9,10,5,1,0,0,1,2,522,558,6,1,10,12,5,1,0,0,463,491,6,1,8,10,5,1,0,0,1,2,464,493,6,1,9,12,5,1,0,0,58,65,0,0,1,0,0,0,0,0,0,0,58,65,0,0,1,0,0,0,0,0
050,49,007,Utah,Carbon County,2001,6,970,468,502,441,480,8,2,10,13,7,5,0,0,2,2,443,482,8,2,12,15,7,5,0,0,392,430,8,2,10,12,7,5,0,0,2,2,394,432,8,2,12,14,7,5,0,0,49,50,0,0,0,1,0,0,0,0,0,0,49,50,0,0,0,1,0,0,0,0
050,49,007,Utah,Carbon County,2002,6,1014,514,500,489,480,5,2,9,11,9,5,0,0,2,2,491,482,5,2,11,13,9,5,0,0,436,429,5,2,9,10,9,5,0,0,2,2,438,431,5,2,11,12,9,5,0,0,53,51,0,0,0,1,0,0,0,0,0,0,53,51,0,0,0,1,0,0,0,0
050,49,007,Utah,Carbon County,2003,6,1060,549,511,529,489,2,3,11,13,5,3,0,0,2,3,531,492,2,3,13,16,5,3,0,0,468,435,2,2,11,12,5,3,0,0,2,3,470,438,2,2,13,15,5,3,0,0,61,54,0,1,0,1,0,0,0,0,0,0,61,54,0,1,0,1,0,0,0,0
050,49,007,Utah,Carbon County,2004,6,1101,577,524,560,507,2,2,9,11,5,3,0,0,1,1,561,508,2,2,10,12,5,3,0,0,487,442,2,1,9,10,5,3,0,0,1,1,488,443,2,1,10,11,5,3,0,0,73,65,0,1,0,1,0,0,0,0,0,0,73,65,0,1,0,1,0,0,0,0
050,49,007,Utah,Carbon County,2000c,7,1028,491,537,472,521,4,0,9,11,2,1,0,1,4,3,476,524,6,2,10,11,3,2,0,1,420,470,3,0,6,5,2,1,0,1,2,1,422,471,3,0,7,5,3,2,0,1,52,51,1,0,3,6,0,0,0,0,2,2,54,53,3,2,3,6,0,0,0,0
050,49,007,Utah,Carbon County,2000a,7,1028,491,537,472,521,4,0,9,11,2,1,0,1,4,3,476,524,6,2,10,11,3,2,0,1,420,470,3,0,6,5,2,1,0,1,2,1,422,471,3,0,7,5,3,2,0,1,52,51,1,0,3,6,0,0,0,0,2,2,54,53,3,2,3,6,0,0,0,0
050,49,007,Utah,Carbon County,2000,7,1025,489,536,474,522,4,0,9,11,2,2,0,0,0,1,474,523,4,0,9,12,2,2,0,0,421,469,3,0,6,5,2,2,0,0,0,1,421,470,3,0,6,6,2,2,0,0,53,53,1,0,3,6,0,0,0,0,0,0,53,53,1,0,3,6,0,0,0,0
050,49,007,Utah,Carbon County,2001,7,967,462,505,445,487,5,0,8,13,4,2,0,0,0,3,445,490,5,0,8,16,4,2,0,0,405,437,3,0,5,9,4,2,0,0,0,2,405,439,3,0,5,11,4,2,0,0,40,50,2,0,3,4,0,0,0,0,0,1,40,51,2,0,3,5,0,0,0,0
050,49,007,Utah,Carbon County,2002,7,941,444,497,426,480,5,2,8,11,5,3,0,0,0,1,426,481,5,2,8,12,5,3,0,0,386,426,4,0,5,8,5,3,0,0,0,1,386,427,4,0,5,9,5,3,0,0,40,54,1,2,3,3,0,0,0,0,0,0,40,54,1,2,3,3,0,0,0,0
050,49,007,Utah,Carbon County,2003,7,915,439,476,420,464,6,1,8,10,5,0,0,0,0,1,420,465,6,1,8,11,5,0,0,0,381,410,5,0,5,7,5,0,0,0,0,0,381,410,5,0,5,7,5,0,0,0,39,54,1,1,3,3,0,0,0,0,0,1,39,55,1,1,3,4,0,0,0,0
050,49,007,Utah,Carbon County,2004,7,890,436,454,415,447,5,1,9,6,6,0,0,0,1,0,416,447,5,1,10,6,6,0,0,0,375,394,4,1,6,6,6,0,0,0,1,0,376,394,4,1,7,6,6,0,0,0,40,53,1,0,3,0,0,0,0,0,0,0,40,53,1,0,3,0,0,0,0,0
050,49,007,Utah,Carbon County,2000c,8,1288,623,665,606,644,3,1,7,13,3,2,0,0,4,5,610,648,3,1,10,17,4,3,0,1,551,586,3,1,5,12,2,2,0,0,3,5,554,590,3,1,7,16,3,3,0,1,55,58,0,0,2,1,1,0,0,0,1,0,56,58,0,0,3,1,1,0,0,0
050,49,007,Utah,Carbon County,2000a,8,1288,623,665,606,644,3,1,7,13,3,2,0,0,4,5,610,648,3,1,10,17,4,3,0,1,551,586,3,1,5,12,2,2,0,0,3,5,554,590,3,1,7,16,3,3,0,1,55,58,0,0,2,1,1,0,0,0,1,0,56,58,0,0,3,1,1,0,0,0
050,49,007,Utah,Carbon County,2000,8,1270,613,657,600,637,3,1,7,14,2,3,0,0,1,2,601,639,3,1,8,16,2,3,0,0,544,579,3,1,5,13,2,3,0,0,1,2,545,581,3,1,6,15,2,3,0,0,56,58,0,0,2,1,0,0,0,0,0,0,56,58,0,0,2,1,0,0,0,0
050,49,007,Utah,Carbon County,2001,8,1133,533,600,518,579,3,1,8,13,3,3,0,0,1,4,519,583,3,1,9,17,3,3,0,0,466,525,3,1,5,10,2,3,0,0,1,4,467,529,3,1,6,14,2,3,0,0,52,54,0,0,3,3,1,0,0,0,0,0,52,54,0,0,3,3,1,0,0,0
050,49,007,Utah,Carbon County,2002,8,1050,495,555,481,537,3,1,8,12,2,4,0,0,1,1,482,538,3,1,9,13,2,4,0,0,430,483,3,1,5,8,1,4,0,0,1,1,431,484,3,1,6,9,1,4,0,0,51,54,0,0,3,4,1,0,0,0,0,0,51,54,0,0,3,4,1,0,0,0
050,49,007,Utah,Carbon County,2003,8,960,458,502,449,484,3,2,6,11,0,5,0,0,0,0,449,484,3,2,6,11,0,5,0,0,398,438,3,1,4,7,0,5,0,0,0,0,398,438,3,1,4,7,0,5,0,0,51,46,0,1,2,4,0,0,0,0,0,0,51,46,0,1,2,4,0,0,0,0
050,49,007,Utah,Carbon County,2004,8,925,433,492,421,472,4,2,7,14,1,4,0,0,0,0,421,472,4,2,7,14,1,4,0,0,371,424,4,1,5,7,1,4,0,0,0,0,371,424,4,1,5,7,1,4,0,0,50,48,0,1,2,7,0,0,0,0,0,0,50,48,0,1,2,7,0,0,0,0
050,49,007,Utah,Carbon County,2000c,9,1574,803,771,788,756,4,0,7,6,2,4,0,0,2,5,790,761,5,2,8,9,2,4,0,0,718,699,3,0,6,5,2,4,0,0,1,3,719,702,3,0,7,8,2,4,0,0,70,57,1,0,1,1,0,0,0,0,1,2,71,59,2,2,1,1,0,0,0,0
050,49,007,Utah,Carbon County,2000a,9,1574,803,771,788,756,4,0,7,6,2,4,0,0,2,5,790,761,5,2,8,9,2,4,0,0,718,699,3,0,6,5,2,4,0,0,1,3,719,702,3,0,7,8,2,4,0,0,70,57,1,0,1,1,0,0,0,0,1,2,71,59,2,2,1,1,0,0,0,0
050,49,007,Utah,Carbon County,2000,9,1566,801,765,786,754,4,0,7,6,2,4,0,0,2,1,788,755,5,0,8,7,2,4,0,0,714,696,3,0,6,5,2,4,0,0,1,1,715,697,3,0,7,6,2,4,0,0,72,58,1,0,1,1,0,0,0,0,1,0,73,58,2,0,1,1,0,0,0,0
050,49,007,Utah,Carbon County,2001,9,1547,799,748,782,732,6,2,7,7,2,7,0,0,2,0,784,732,7,2,8,7,2,7,0,0,721,682,4,0,6,6,2,7,0,0,1,0,722,682,4,0,7,6,2,7,0,0,61,50,2,2,1,1,0,0,0,0,1,0,62,50,3,2,1,1,0,0,0,0
050,49,007,Utah,Carbon County,2002,9,1456,735,721,723,700,2,1,6,10,3,8,0,0,1,2,724,702,2,1,7,12,3,8,0,0,670,652,2,0,5,10,3,8,0,0,1,2,671,654,2,0,6,12,3,8,0,0,53,48,0,1,1,0,0,0,0,0,0,0,53,48,0,1,1,0,0,0,0,0
050,49,007,Utah,Carbon County,2003,9,1407,687,720,674,702,2,0,8,9,3,8,0,0,0,1,674,703,2,0,8,10,3,8,0,0,621,649,2,0,6,9,3,8,0,0,0,1,621,650,2,0,6,10,3,8,0,0,53,53,0,0,2,0,0,0,0,0,0,0,53,53,0,0,2,0,0,0,0,0
050,49,007,Utah,Carbon County,2004,9,1275,610,665,598,643,2,0,8,11,2,10,0,0,0,1,598,644,2,0,8,12,2,10,0,0,552,588,2,0,6,11,2,10,0,0,0,1,552,589,2,0,6,12,2,10,0,0,46,55,0,0,2,0,0,0,0,0,0,0,46,55,0,0,2,0,0,0,0,0
050,49,007,Utah,Carbon County,2000c,10,1538,799,739,774,725,4,1,9,7,5,3,1,0,6,3,780,728,6,1,11,10,7,3,1,0,691,658,4,1,6,2,5,3,1,0,4,3,695,661,4,1,8,5,7,3,1,0,83,67,0,0,3,5,0,0,0,0,2,0,85,67,2,0,3,5,0,0,0,0
050,49,007,Utah,Carbon County,2000a,10,1538,799,739,774,725,4,1,9,7,5,3,1,0,6,3,780,728,6,1,11,10,7,3,1,0,691,658,4,1,6,2,5,3,1,0,4,3,695,661,4,1,8,5,7,3,1,0,83,67,0,0,3,5,0,0,0,0,2,0,85,67,2,0,3,5,0,0,0,0
050,49,007,Utah,Carbon County,2000,10,1537,798,739,778,727,5,1,9,8,5,3,0,0,1,0,779,727,5,1,10,8,5,3,0,0,692,660,4,1,6,3,5,3,0,0,1,0,693,660,4,1,7,3,5,3,0,0,86,67,1,0,3,5,0,0,0,0,0,0,86,67,1,0,3,5,0,0,0,0
050,49,007,Utah,Carbon County,2001,10,1495,775,720,757,709,5,1,8,7,4,3,0,0,1,0,758,709,5,1,9,7,4,3,0,0,673,642,4,1,6,3,4,3,0,0,1,0,674,642,4,1,7,3,4,3,0,0,84,67,1,0,2,4,0,0,0,0,0,0,84,67,1,0,2,4,0,0,0,0
050,49,007,Utah,Carbon County,2002,10,1538,812,726,796,716,6,1,7,5,2,4,0,0,1,0,797,716,6,1,8,5,2,4,0,0,709,653,4,0,6,2,2,4,0,0,1,0,710,653,4,0,7,2,2,4,0,0,87,63,2,1,1,3,0,0,0,0,0,0,87,63,2,1,1,3,0,0,0,0
050,49,007,Utah,Carbon County,2003,10,1535,800,735,784,722,5,2,6,7,3,4,0,0,2,0,786,722,6,2,7,7,3,4,0,0,709,662,4,0,5,4,3,4,0,0,1,0,710,662,4,0,6,4,3,4,0,0,75,60,1,2,1,3,0,0,0,0,1,0,76,60,2,2,1,3,0,0,0,0
050,49,007,Utah,Carbon County,2004,10,1534,792,742,782,729,2,1,5,7,2,5,0,0,1,0,783,729,3,1,5,7,2,5,0,0,704,672,1,0,5,5,2,5,0,0,0,0,704,672,1,0,5,5,2,5,0,0,78,57,1,1,0,2,0,0,0,0,1,0,79,57,2,1,0,2,0,0,0,0
050,49,007,Utah,Carbon County,2000c,11,1193,605,588,598,581,0,1,3,3,1,2,0,0,3,1,601,582,1,2,5,3,1,2,0,0,537,527,0,1,2,3,1,2,0,0,2,0,539,527,0,1,4,3,1,2,0,0,61,54,0,0,1,0,0,0,0,0,1,1,62,55,1,1,1,0,0,0,0,0
050,49,007,Utah,Carbon County,2000a,11,1193,605,588,598,581,0,1,3,3,1,2,0,0,3,1,601,582,1,2,5,3,1,2,0,0,537,527,0,1,2,3,1,2,0,0,2,0,539,527,0,1,4,3,1,2,0,0,61,54,0,0,1,0,0,0,0,0,1,1,62,55,1,1,1,0,0,0,0,0
050,49,007,Utah,Carbon County,2000,11,1199,607,592,603,586,0,1,3,3,1,2,0,0,0,0,603,586,0,1,3,3,1,2,0,0,541,531,0,1,2,3,1,2,0,0,0,0,541,531,0,1,2,3,1,2,0,0,62,55,0,0,1,0,0,0,0,0,0,0,62,55,0,0,1,0,0,0,0,0
050,49,007,Utah,Carbon County,2001,11,1263,644,619,632,611,2,1,7,5,3,2,0,0,0,0,632,611,2,1,7,5,3,2,0,0,568,555,0,1,5,4,3,2,0,0,0,0,568,555,0,1,5,4,3,2,0,0,64,56,2,0,2,1,0,0,0,0,0,0,64,56,2,0,2,1,0,0,0,0
050,49,007,Utah,Carbon County,2002,11,1290,665,625,648,615,5,3,7,5,5,2,0,0,0,0,648,615,5,3,7,5,5,2,0,0,581,554,2,2,4,3,5,2,0,0,0,0,581,554,2,2,4,3,5,2,0,0,67,61,3,1,3,2,0,0,0,0,0,0,67,61,3,1,3,2,0,0,0,0
050,49,007,Utah,Carbon County,2003,11,1333,690,643,670,633,6,2,7,5,5,3,0,0,2,0,672,633,6,2,9,5,5,3,0,0,600,569,3,2,4,2,5,3,0,0,2,0,602,569,3,2,6,2,5,3,0,0,70,64,3,0,3,3,0,0,0,0,0,0,70,64,3,0,3,3,0,0,0,0
050,49,007,Utah,Carbon County,2004,11,1373,706,667,682,658,7,1,9,5,7,3,0,0,1,0,683,658,7,1,10,5,7,3,0,0,607,588,4,1,5,1,7,3,0,0,1,0,608,588,4,1,6,1,7,3,0,0,75,70,3,0,4,4,0,0,0,0,0,0,75,70,3,0,4,4,0,0,0,0
050,49,007,Utah,Carbon County,2000c,12,890,448,442,441,437,0,0,3,4,1,0,0,0,3,1,444,438,0,0,6,5,1,0,0,0,408,398,0,0,2,2,1,0,0,0,3,1,411,399,0,0,5,3,1,0,0,0,33,39,0,0,1,2,0,0,0,0,0,0,33,39,0,0,1,2,0,0,0,0
050,49,007,Utah,Carbon County,2000a,12,890,448,442,441,437,0,0,3,4,1,0,0,0,3,1,444,438,0,0,6,5,1,0,0,0,408,398,0,0,2,2,1,0,0,0,3,1,411,399,0,0,5,3,1,0,0,0,33,39,0,0,1,2,0,0,0,0,0,0,33,39,0,0,1,2,0,0,0,0
050,49,007,Utah,Carbon County,2000,12,891,447,444,442,438,0,0,4,5,1,0,0,0,0,1,442,439,0,0,4,6,1,0,0,0,409,399,0,0,3,3,1,0,0,0,0,0,409,399,0,0,3,3,1,0,0,0,33,39,0,0,1,2,0,0,0,0,0,1,33,40,0,0,1,3,0,0,0,0
050,49,007,Utah,Carbon County,2001,12,885,453,432,450,428,0,0,2,4,1,0,0,0,0,0,450,428,0,0,2,4,1,0,0,0,416,387,0,0,2,2,1,0,0,0,0,0,416,387,0,0,2,2,1,0,0,0,34,41,0,0,0,2,0,0,0,0,0,0,34,41,0,0,0,2,0,0,0,0
050,49,007,Utah,Carbon County,2002,12,955,476,479,471,474,0,0,4,4,1,1,0,0,0,0,471,474,0,0,4,4,1,1,0,0,431,429,0,0,4,2,1,1,0,0,0,0,431,429,0,0,4,2,1,1,0,0,40,45,0,0,0,2,0,0,0,0,0,0,40,45,0,0,0,2,0,0,0,0
050,49,007,Utah,Carbon County,2003,12,992,497,495,492,489,0,1,4,3,1,1,0,0,0,1,492,490,0,1,4,4,1,1,0,0,444,444,0,0,4,2,1,1,0,0,0,0,444,444,0,0,4,2,1,1,0,0,48,45,0,1,0,1,0,0,0,0,0,1,48,46,0,1,0,2,0,0,0,0
050,49,007,Utah,Carbon County,2004,12,1057,534,523,531,514,0,2,3,5,0,1,0,0,0,1,531,515,0,2,3,6,0,1,0,0,478,471,0,1,3,3,0,1,0,0,0,0,478,471,0,1,3,3,0,1,0,0,53,43,0,1,0,2,0,0,0,0,0,1,53,44,0,1,0,3,0,0,0,0
050,49,007,Utah,Carbon County,2000c,13,724,337,387,333,383,0,0,2,4,0,0,1,0,1,0,334,383,0,0,3,4,0,0,1,0,304,356,0,0,1,4,0,0,1,0,1,0,305,356,0,0,2,4,0,0,1,0,29,27,0,0,1,0,0,0,0,0,0,0,29,27,0,0,1,0,0,0,0,0
050,49,007,Utah,Carbon County,2000a,13,724,337,387,333,383,0,0,2,4,0,0,1,0,1,0,334,383,0,0,3,4,0,0,1,0,304,356,0,0,1,4,0,0,1,0,1,0,305,356,0,0,2,4,0,0,1,0,29,27,0,0,1,0,0,0,0,0,0,0,29,27,0,0,1,0,0,0,0,0
050,49,007,Utah,Carbon County,2000,13,722,336,386,333,382,0,0,2,4,1,0,0,0,0,0,333,382,0,0,2,4,1,0,0,0,304,355,0,0,1,4,1,0,0,0,0,0,304,355,0,0,1,4,1,0,0,0,29,27,0,0,1,0,0,0,0,0,0,0,29,27,0,0,1,0,0,0,0,0
050,49,007,Utah,Carbon County,2001,13,745,346,399,341,396,0,0,4,3,1,0,0,0,0,0,341,396,0,0,4,3,1,0,0,0,309,366,0,0,2,3,1,0,0,0,0,0,309,366,0,0,2,3,1,0,0,0,32,30,0,0,2,0,0,0,0,0,0,0,32,30,0,0,2,0,0,0,0,0
050,49,007,Utah,Carbon County,2002,13,766,363,403,359,399,0,0,3,4,1,0,0,0,0,0,359,399,0,0,3,4,1,0,0,0,327,371,0,0,2,4,1,0,0,0,0,0,327,371,0,0,2,4,1,0,0,0,32,28,0,0,1,0,0,0,0,0,0,0,32,28,0,0,1,0,0,0,0,0
050,49,007,Utah,Carbon County,2003,13,779,373,406,369,402,0,0,3,4,1,0,0,0,0,0,369,402,0,0,3,4,1,0,0,0,339,370,0,0,2,4,1,0,0,0,0,0,339,370,0,0,2,4,1,0,0,0,30,32,0,0,1,0,0,0,0,0,0,0,30,32,0,0,1,0,0,0,0,0
050,49,007,Utah,Carbon County,2004,13,786,377,409,373,406,0,0,3,3,1,0,0,0,0,0,373,406,0,0,3,3,1,0,0,0,350,371,0,0,2,3,1,0,0,0,0,0,350,371,0,0,2,3,1,0,0,0,23,35,0,0,1,0,0,0,0,0,0,0,23,35,0,0,1,0,0,0,0,0
050,49,007,Utah,Carbon County,2000c,14,699,309,390,309,389,0,0,0,0,0,0,0,0,0,1,309,390,0,0,0,1,0,0,0,0,283,362,0,0,0,0,0,0,0,0,0,1,283,363,0,0,0,1,0,0,0,0,26,27,0,0,0,0,0,0,0,0,0,0,26,27,0,0,0,0,0,0,0,0
050,49,007,Utah,Carbon County,2000a,14,699,309,390,309,389,0,0,0,0,0,0,0,0,0,1,309,390,0,0,0,1,0,0,0,0,283,362,0,0,0,0,0,0,0,0,0,1,283,363,0,0,0,1,0,0,0,0,26,27,0,0,0,0,0,0,0,0,0,0,26,27,0,0,0,0,0,0,0,0
050,49,007,Utah,Carbon County,2000,14,693,306,387,306,386,0,0,0,1,0,0,0,0,0,0,306,386,0,0,0,1,0,0,0,0,280,359,0,0,0,1,0,0,0,0,0,0,280,359,0,0,0,1,0,0,0,0,26,27,0,0,0,0,0,0,0,0,0,0,26,27,0,0,0,0,0,0,0,0
050,49,007,Utah,Carbon County,2001,14,669,298,371,298,369,0,0,0,2,0,0,0,0,0,0,298,369,0,0,0,2,0,0,0,0,275,341,0,0,0,2,0,0,0,0,0,0,275,341,0,0,0,2,0,0,0,0,23,28,0,0,0,0,0,0,0,0,0,0,23,28,0,0,0,0,0,0,0,0
050,49,007,Utah,Carbon County,2002,14,659,295,364,294,362,0,0,1,2,0,0,0,0,0,0,294,362,0,0,1,2,0,0,0,0,272,334,0,0,0,2,0,0,0,0,0,0,272,334,0,0,0,2,0,0,0,0,22,28,0,0,1,0,0,0,0,0,0,0,22,28,0,0,1,0,0,0,0,0
050,49,007,Utah,Carbon County,2003,14,665,305,360,304,357,0,0,1,3,0,0,0,0,0,0,304,357,0,0,1,3,0,0,0,0,281,330,0,0,0,3,0,0,0,0,0,0,281,330,0,0,0,3,0,0,0,0,23,27,0,0,1,0,0,0,0,0,0,0,23,27,0,0,1,0,0,0,0,0
050,49,007,Utah,Carbon County,2004,14,696,319,377,316,373,0,0,2,4,1,0,0,0,0,0,316,373,0,0,2,4,1,0,0,0,289,350,0,0,1,4,1,0,0,0,0,0,289,350,0,0,1,4,1,0,0,0,27,23,0,0,1,0,0,0,0,0,0,0,27,23,0,0,1,0,0,0,0,0
050,49,007,Utah,Carbon County,2000c,15,651,315,336,312,333,0,0,1,1,1,1,0,0,1,1,313,334,0,0,1,2,1,1,1,0,289,312,0,0,1,1,1,1,0,0,1,1,290,313,0,0,1,2,1,1,1,0,23,21,0,0,0,0,0,0,0,0,0,0,23,21,0,0,0,0,0,0,0,0
050,49,007,Utah,Carbon County,2000a,15,651,315,336,312,333,0,0,1,1,1,1,0,0,1,1,313,334,0,0,1,2,1,1,1,0,289,312,0,0,1,1,1,1,0,0,1,1,290,313,0,0,1,2,1,1,1,0,23,21,0,0,0,0,0,0,0,0,0,0,23,21,0,0,0,0,0,0,0,0
050,49,007,Utah,Carbon County,2000,15,643,311,332,308,330,0,0,1,1,2,1,0,0,0,0,308,330,0,0,1,1,2,1,0,0,285,309,0,0,1,1,2,1,0,0,0,0,285,309,0,0,1,1,2,1,0,0,23,21,0,0,0,0,0,0,0,0,0,0,23,21,0,0,0,0,0,0,0,0
050,49,007,Utah,Carbon County,2001,15,636,294,342,293,340,0,0,0,1,1,1,0,0,0,0,293,340,0,0,0,1,1,1,0,0,269,321,0,0,0,1,1,1,0,0,0,0,269,321,0,0,0,1,1,1,0,0,24,19,0,0,0,0,0,0,0,0,0,0,24,19,0,0,0,0,0,0,0,0
050,49,007,Utah,Carbon County,2002,15,629,272,357,271,356,0,0,0,1,1,0,0,0,0,0,271,356,0,0,0,1,1,0,0,0,246,335,0,0,0,1,1,0,0,0,0,0,246,335,0,0,0,1,1,0,0,0,25,21,0,0,0,0,0,0,0,0,0,0,25,21,0,0,0,0,0,0,0,0
050,49,007,Utah,Carbon County,2003,15,625,257,368,257,368,0,0,0,0,0,0,0,0,0,0,257,368,0,0,0,0,0,0,0,0,235,345,0,0,0,0,0,0,0,0,0,0,235,345,0,0,0,0,0,0,0,0,22,23,0,0,0,0,0,0,0,0,0,0,22,23,0,0,0,0,0,0,0,0
050,49,007,Utah,Carbon County,2004,15,602,244,358,244,358,0,0,0,0,0,0,0,0,0,0,244,358,0,0,0,0,0,0,0,0,222,330,0,0,0,0,0,0,0,0,0,0,222,330,0,0,0,0,0,0,0,0,22,28,0,0,0,0,0,0,0,0,0,0,22,28,0,0,0,0,0,0,0,0
050,49,007,Utah,Carbon County,2000c,16,614,259,355,256,352,0,1,1,0,2,1,0,0,0,1,256,353,0,1,1,1,2,1,0,0,239,328,0,1,1,0,2,1,0,0,0,0,239,328,0,1,1,0,2,1,0,0,17,24,0,0,0,0,0,0,0,0,0,1,17,25,0,0,0,1,0,0,0,0
050,49,007,Utah,Carbon County,2000a,16,614,259,355,256,352,0,1,1,0,2,1,0,0,0,1,256,353,0,1,1,1,2,1,0,0,239,328,0,1,1,0,2,1,0,0,0,0,239,328,0,1,1,0,2,1,0,0,17,24,0,0,0,0,0,0,0,0,0,1,17,25,0,0,0,1,0,0,0,0
050,49,007,Utah,Carbon County,2000,16,615,262,353,259,351,0,1,1,0,2,1,0,0,0,0,259,351,0,1,1,0,2,1,0,0,240,326,0,1,1,0,2,1,0,0,0,0,240,326,0,1,1,0,2,1,0,0,19,25,0,0,0,0,0,0,0,0,0,0,19,25,0,0,0,0,0,0,0,0
050,49,007,Utah,Carbon County,2001,16,611,263,348,260,346,0,1,1,0,2,1,0,0,0,0,260,346,0,1,1,0,2,1,0,0,239,320,0,1,1,0,2,1,0,0,0,0,239,320,0,1,1,0,2,1,0,0,21,26,0,0,0,0,0,0,0,0,0,0,21,26,0,0,0,0,0,0,0,0
050,49,007,Utah,Carbon County,2002,16,630,287,343,283,341,0,0,1,1,3,1,0,0,0,0,283,341,0,0,1,1,3,1,0,0,261,316,0,0,1,1,3,1,0,0,0,0,261,316,0,0,1,1,3,1,0,0,22,25,0,0,0,0,0,0,0,0,0,0,22,25,0,0,0,0,0,0,0,0
050,49,007,Utah,Carbon County,2003,16,612,280,332,276,329,0,0,1,2,3,1,0,0,0,0,276,329,0,0,1,2,3,1,0,0,252,304,0,0,1,2,3,1,0,0,0,0,252,304,0,0,1,2,3,1,0,0,24,25,0,0,0,0,0,0,0,0,0,0,24,25,0,0,0,0,0,0,0,0
050,49,007,Utah,Carbon County,2004,16,598,281,317,277,314,0,0,1,2,3,1,0,0,0,0,277,314,0,0,1,2,3,1,0,0,253,293,0,0,1,2,3,1,0,0,0,0,253,293,0,0,1,2,3,1,0,0,24,21,0,0,0,0,0,0,0,0,0,0,24,21,0,0,0,0,0,0,0,0
050,49,007,Utah,Carbon County,2000c,17,391,147,244,144,243,1,0,0,0,2,1,0,0,0,0,144,243,1,0,0,0,2,1,0,0,132,228,1,0,0,0,2,1,0,0,0,0,132,228,1,0,0,0,2,1,0,0,12,15,0,0,0,0,0,0,0,0,0,0,12,15,0,0,0,0,0,0,0,0
050,49,007,Utah,Carbon County,2000a,17,391,147,244,144,243,1,0,0,0,2,1,0,0,0,0,144,243,1,0,0,0,2,1,0,0,132,228,1,0,0,0,2,1,0,0,0,0,132,228,1,0,0,0,2,1,0,0,12,15,0,0,0,0,0,0,0,0,0,0,12,15,0,0,0,0,0,0,0,0
050,49,007,Utah,Carbon County,2000,17,388,146,242,143,241,1,0,0,0,2,1,0,0,0,0,143,241,1,0,0,0,2,1,0,0,130,227,1,0,0,0,2,1,0,0,0,0,130,227,1,0,0,0,2,1,0,0,13,14,0,0,0,0,0,0,0,0,0,0,13,14,0,0,0,0,0,0,0,0
050,49,007,Utah,Carbon County,2001,17,400,149,251,146,250,0,0,1,0,2,1,0,0,0,0,146,250,0,0,1,0,2,1,0,0,135,235,0,0,1,0,2,1,0,0,0,0,135,235,0,0,1,0,2,1,0,0,11,15,0,0,0,0,0,0,0,0,0,0,11,15,0,0,0,0,0,0,0,0
050,49,007,Utah,Carbon County,2002,17,410,142,268,139,265,0,1,1,0,2,2,0,0,0,0,139,265,0,1,1,0,2,2,0,0,131,248,0,1,1,0,2,2,0,0,0,0,131,248,0,1,1,0,2,2,0,0,8,17,0,0,0,0,0,0,0,0,0,0,8,17,0,0,0,0,0,0,0,0
050,49,007,Utah,Carbon County,2003,17,437,166,271,163,268,0,1,1,0,2,2,0,0,0,0,163,268,0,1,1,0,2,2,0,0,155,247,0,1,1,0,2,2,0,0,0,0,155,247,0,1,1,0,2,2,0,0,8,21,0,0,0,0,0,0,0,0,0,0,8,21,0,0,0,0,0,0,0,0
050,49,007,Utah,Carbon County,2004,17,438,164,274,162,271,0,1,1,0,1,2,0,0,0,0,162,271,0,1,1,0,1,2,0,0,155,250,0,1,1,0,1,2,0,0,0,0,155,250,0,1,1,0,1,2,0,0,7,21,0,0,0,0,0,0,0,0,0,0,7,21,0,0,0,0,0,0,0,0
050,49,007,Utah,Carbon County,2000c,18,351,123,228,122,228,0,0,1,0,0,0,0,0,0,0,122,228,0,0,1,0,0,0,0,0,112,210,0,0,1,0,0,0,0,0,0,0,112,210,0,0,1,0,0,0,0,0,10,18,0,0,0,0,0,0,0,0,0,0,10,18,0,0,0,0,0,0,0,0
050,49,007,Utah,Carbon County,2000a,18,351,123,228,122,228,0,0,1,0,0,0,0,0,0,0,122,228,0,0,1,0,0,0,0,0,112,210,0,0,1,0,0,0,0,0,0,0,112,210,0,0,1,0,0,0,0,0,10,18,0,0,0,0,0,0,0,0,0,0,10,18,0,0,0,0,0,0,0,0
050,49,007,Utah,Carbon County,2000,18,352,124,228,123,228,0,0,1,0,0,0,0,0,0,0,123,228,0,0,1,0,0,0,0,0,113,210,0,0,1,0,0,0,0,0,0,0,113,210,0,0,1,0,0,0,0,0,10,18,0,0,0,0,0,0,0,0,0,0,10,18,0,0,0,0,0,0,0,0
050,49,007,Utah,Carbon County,2001,18,349,123,226,121,226,1,0,1,0,0,0,0,0,0,0,121,226,1,0,1,0,0,0,0,0,111,209,1,0,1,0,0,0,0,0,0,0,111,209,1,0,1,0,0,0,0,0,10,17,0,0,0,0,0,0,0,0,0,0,10,17,0,0,0,0,0,0,0,0
050,49,007,Utah,Carbon County,2002,18,349,129,220,127,220,1,0,1,0,0,0,0,0,0,0,127,220,1,0,1,0,0,0,0,0,115,201,1,0,1,0,0,0,0,0,0,0,115,201,1,0,1,0,0,0,0,0,12,19,0,0,0,0,0,0,0,0,0,0,12,19,0,0,0,0,0,0,0,0
050,49,007,Utah,Carbon County,2003,18,351,131,220,128,220,1,0,1,0,1,0,0,0,0,0,128,220,1,0,1,0,1,0,0,0,118,203,1,0,1,0,1,0,0,0,0,0,118,203,1,0,1,0,1,0,0,0,10,17,0,0,0,0,0,0,0,0,0,0,10,17,0,0,0,0,0,0,0,0
050,49,007,Utah,Carbon County,2004,18,363,143,220,139,220,1,0,1,0,2,0,0,0,0,0,139,220,1,0,1,0,2,0,0,0,129,198,1,0,1,0,2,0,0,0,0,0,129,198,1,0,1,0,2,0,0,0,10,22,0,0,0,0,0,0,0,0,0,0,10,22,0,0,0,0,0,0,0,0
050,49,009,Utah,Daggett County,2000c,0,921,512,409,495,397,8,2,4,3,0,1,0,1,5,5,500,402,9,3,7,4,3,4,0,1,462,391,3,1,4,3,0,1,0,1,3,5,465,396,4,2,5,4,3,4,0,1,33,6,5,1,0,0,0,0,0,0,2,0,35,6,5,1,2,0,0,0,0,0
050,49,009,Utah,Daggett County,2000a,0,921,512,409,495,397,8,2,4,3,0,1,0,1,5,5,500,402,9,3,7,4,3,4,0,1,462,391,3,1,4,3,0,1,0,1,3,5,465,396,4,2,5,4,3,4,0,1,33,6,5,1,0,0,0,0,0,0,2,0,35,6,5,1,2,0,0,0,0,0
050,49,009,Utah,Daggett County,2000,0,929,518,411,505,404,8,3,4,3,0,0,0,0,1,1,506,405,8,3,4,3,1,1,0,0,470,398,3,2,4,3,0,0,0,0,1,1,471,399,3,2,4,3,1,1,0,0,35,6,5,1,0,0,0,0,0,0,0,0,35,6,5,1,0,0,0,0,0,0
050,49,009,Utah,Daggett County,2001,0,923,514,409,501,404,8,2,4,3,0,0,0,0,1,0,502,404,8,2,4,3,1,0,0,0,466,398,3,1,4,3,0,0,0,0,1,0,467,398,3,1,4,3,1,0,0,0,35,6,5,1,0,0,0,0,0,0,0,0,35,6,5,1,0,0,0,0,0,0
050,49,009,Utah,Daggett County,2002,0,900,506,394,492,388,8,2,5,3,0,0,0,0,1,1,493,389,8,2,5,3,1,1,0,0,455,382,3,1,5,3,0,0,0,0,1,1,456,383,3,1,5,3,1,1,0,0,37,6,5,1,0,0,0,0,0,0,0,0,37,6,5,1,0,0,0,0,0,0
050,49,009,Utah,Daggett County,2003,0,901,513,388,498,382,8,3,6,3,0,0,0,0,1,0,499,382,9,3,7,3,1,0,0,0,461,376,3,2,6,3,0,0,0,0,0,0,461,376,3,2,6,3,0,0,0,0,37,6,5,1,0,0,0,0,0,0,1,0,38,6,6,1,1,0,1,0,0,0
050,49,009,Utah,Daggett County,2004,0,926,523,403,509,395,8,2,6,3,0,0,0,0,0,3,509,398,8,3,6,4,0,3,0,0,471,389,3,1,6,3,0,0,0,0,0,3,471,392,3,2,6,4,0,3,0,0,38,6,5,1,0,0,0,0,0,0,0,0,38,6,5,1,0,0,0,0,0,0
050,49,009,Utah,Daggett County,2000c,1,61,33,28,28,26,3,1,1,1,0,0,0,0,1,0,29,26,3,1,2,1,0,0,0,0,28,26,1,1,1,1,0,0,0,0,0,0,28,26,1,1,1,1,0,0,0,0,0,0,2,0,0,0,0,0,0,0,1,0,1,0,2,0,1,0,0,0,0,0
050,49,009,Utah,Daggett County,2000a,1,61,33,28,28,26,3,1,1,1,0,0,0,0,1,0,29,26,3,1,2,1,0,0,0,0,28,26,1,1,1,1,0,0,0,0,0,0,28,26,1,1,1,1,0,0,0,0,0,0,2,0,0,0,0,0,0,0,1,0,1,0,2,0,1,0,0,0,0,0
050,49,009,Utah,Daggett County,2000,1,62,34,28,30,26,3,1,1,1,0,0,0,0,0,0,30,26,3,1,1,1,0,0,0,0,29,26,1,1,1,1,0,0,0,0,0,0,29,26,1,1,1,1,0,0,0,0,1,0,2,0,0,0,0,0,0,0,0,0,1,0,2,0,0,0,0,0,0,0
050,49,009,Utah,Daggett County,2001,1,57,31,26,28,25,2,0,1,1,0,0,0,0,0,0,28,25,2,0,1,1,0,0,0,0,28,25,0,0,1,1,0,0,0,0,0,0,28,25,0,0,1,1,0,0,0,0,0,0,2,0,0,0,0,0,0,0,0,0,0,0,2,0,0,0,0,0,0,0
050,49,009,Utah,Daggett County,2002,1,67,42,25,39,24,2,0,1,1,0,0,0,0,0,0,39,24,2,0,1,1,0,0,0,0,38,24,0,0,1,1,0,0,0,0,0,0,38,24,0,0,1,1,0,0,0,0,1,0,2,0,0,0,0,0,0,0,0,0,1,0,2,0,0,0,0,0,0,0
050,49,009,Utah,Daggett County,2003,1,62,40,22,37,21,1,0,2,1,0,0,0,0,0,0,37,21,1,0,2,1,0,0,0,0,36,21,0,0,2,1,0,0,0,0,0,0,36,21,0,0,2,1,0,0,0,0,1,0,1,0,0,0,0,0,0,0,0,0,1,0,1,0,0,0,0,0,0,0
050,49,009,Utah,Daggett County,2004,1,59,38,21,35,20,1,0,2,1,0,0,0,0,0,0,35,20,1,0,2,1,0,0,0,0,34,20,0,0,2,1,0,0,0,0,0,0,34,20,0,0,2,1,0,0,0,0,1,0,1,0,0,0,0,0,0,0,0,0,1,0,1,0,0,0,0,0,0,0
050,49,009,Utah,Daggett County,2000c,2,55,23,32,22,31,1,0,0,1,0,0,0,0,0,0,22,31,1,0,0,1,0,0,0,0,21,30,0,0,0,1,0,0,0,0,0,0,21,30,0,0,0,1,0,0,0,0,1,1,1,0,0,0,0,0,0,0,0,0,1,1,1,0,0,0,0,0,0,0
050,49,009,Utah,Daggett County,2000a,2,55,23,32,22,31,1,0,0,1,0,0,0,0,0,0,22,31,1,0,0,1,0,0,0,0,21,30,0,0,0,1,0,0,0,0,0,0,21,30,0,0,0,1,0,0,0,0,1,1,1,0,0,0,0,0,0,0,0,0,1,1,1,0,0,0,0,0,0,0
050,49,009,Utah,Daggett County,2000,2,55,23,32,22,31,1,0,0,1,0,0,0,0,0,0,22,31,1,0,0,1,0,0,0,0,21,30,0,0,0,1,0,0,0,0,0,0,21,30,0,0,0,1,0,0,0,0,1,1,1,0,0,0,0,0,0,0,0,0,1,1,1,0,0,0,0,0,0,0
050,49,009,Utah,Daggett County,2001,2,65,28,37,26,35,2,1,0,1,0,0,0,0,0,0,26,35,2,1,0,1,0,0,0,0,25,34,1,1,0,1,0,0,0,0,0,0,25,34,1,1,0,1,0,0,0,0,1,1,1,0,0,0,0,0,0,0,0,0,1,1,1,0,0,0,0,0,0,0
050,49,009,Utah,Daggett County,2002,2,55,24,31,21,29,2,1,1,1,0,0,0,0,0,0,21,29,2,1,1,1,0,0,0,0,20,29,1,1,1,1,0,0,0,0,0,0,20,29,1,1,1,1,0,0,0,0,1,0,1,0,0,0,0,0,0,0,0,0,1,0,1,0,0,0,0,0,0,0
050,49,009,Utah,Daggett County,2003,2,52,26,26,21,24,3,1,1,1,0,0,0,0,1,0,22,24,4,1,2,1,1,0,0,0,21,24,1,1,1,1,0,0,0,0,0,0,21,24,1,1,1,1,0,0,0,0,0,0,2,0,0,0,0,0,0,0,1,0,1,0,3,0,1,0,1,0,0,0
050,49,009,Utah,Daggett County,2004,2,51,26,25,22,24,3,1,1,0,0,0,0,0,0,0,22,24,3,1,1,0,0,0,0,0,22,24,1,1,1,0,0,0,0,0,0,0,22,24,1,1,1,0,0,0,0,0,0,0,2,0,0,0,0,0,0,0,0,0,0,0,2,0,0,0,0,0,0,0
050,49,009,Utah,Daggett County,2000c,3,54,27,27,26,24,0,0,0,0,0,0,0,0,1,3,27,27,0,1,0,0,1,2,0,0,24,23,0,0,0,0,0,0,0,0,1,3,25,26,0,1,0,0,1,2,0,0,2,1,0,0,0,0,0,0,0,0,0,0,2,1,0,0,0,0,0,0,0,0
050,49,009,Utah,Daggett County,2000a,3,54,27,27,26,24,0,0,0,0,0,0,0,0,1,3,27,27,0,1,0,0,1,2,0,0,24,23,0,0,0,0,0,0,0,0,1,3,25,26,0,1,0,0,1,2,0,0,2,1,0,0,0,0,0,0,0,0,0,0,2,1,0,0,0,0,0,0,0,0
050,49,009,Utah,Daggett County,2000,3,55,28,27,27,25,0,1,0,0,0,0,0,0,1,1,28,26,0,1,0,0,1,1,0,0,25,24,0,1,0,0,0,0,0,0,1,1,26,25,0,1,0,0,1,1,0,0,2,1,0,0,0,0,0,0,0,0,0,0,2,1,0,0,0,0,0,0,0,0
050,49,009,Utah,Daggett County,2001,3,47,24,23,23,23,0,0,0,0,0,0,0,0,1,0,24,23,0,0,0,0,1,0,0,0,21,22,0,0,0,0,0,0,0,0,1,0,22,22,0,0,0,0,1,0,0,0,2,1,0,0,0,0,0,0,0,0,0,0,2,1,0,0,0,0,0,0,0,0
050,49,009,Utah,Daggett County,2002,3,48,23,25,22,24,0,0,0,0,0,0,0,0,1,1,23,25,0,0,0,0,1,1,0,0,20,23,0,0,0,0,0,0,0,0,1,1,21,24,0,0,0,0,1,1,0,0,2,1,0,0,0,0,0,0,0,0,0,0,2,1,0,0,0,0,0,0,0,0
050,49,009,Utah,Daggett County,2003,3,46,21,25,21,24,0,1,0,0,0,0,0,0,0,0,21,24,0,1,0,0,0,0,0,0,19,23,0,1,0,0,0,0,0,0,0,0,19,23,0,1,0,0,0,0,0,0,2,1,0,0,0,0,0,0,0,0,0,0,2,1,0,0,0,0,0,0,0,0
050,49,009,Utah,Daggett County,2004,3,51,24,27,24,26,0,0,0,1,0,0,0,0,0,0,24,26,0,0,0,1,0,0,0,0,22,25,0,0,0,1,0,0,0,0,0,0,22,25,0,0,0,1,0,0,0,0,2,1,0,0,0,0,0,0,0,0,0,0,2,1,0,0,0,0,0,0,0,0
050,49,009,Utah,Daggett County,2000c,4,70,34,36,34,36,0,0,0,0,0,0,0,0,0,0,34,36,0,0,0,0,0,0,0,0,33,36,0,0,0,0,0,0,0,0,0,0,33,36,0,0,0,0,0,0,0,0,1,0,0,0,0,0,0,0,0,0,0,0,1,0,0,0,0,0,0,0,0,0
050,49,009,Utah,Daggett County,2000a,4,70,34,36,34,36,0,0,0,0,0,0,0,0,0,0,34,36,0,0,0,0,0,0,0,0,33,36,0,0,0,0,0,0,0,0,0,0,33,36,0,0,0,0,0,0,0,0,1,0,0,0,0,0,0,0,0,0,0,0,1,0,0,0,0,0,0,0,0,0
050,49,009,Utah,Daggett County,2000,4,71,35,36,35,36,0,0,0,0,0,0,0,0,0,0,35,36,0,0,0,0,0,0,0,0,34,36,0,0,0,0,0,0,0,0,0,0,34,36,0,0,0,0,0,0,0,0,1,0,0,0,0,0,0,0,0,0,0,0,1,0,0,0,0,0,0,0,0,0
050,49,009,Utah,Daggett County,2001,4,66,34,32,34,32,0,0,0,0,0,0,0,0,0,0,34,32,0,0,0,0,0,0,0,0,33,32,0,0,0,0,0,0,0,0,0,0,33,32,0,0,0,0,0,0,0,0,1,0,0,0,0,0,0,0,0,0,0,0,1,0,0,0,0,0,0,0,0,0
050,49,009,Utah,Daggett County,2002,4,56,31,25,31,25,0,0,0,0,0,0,0,0,0,0,31,25,0,0,0,0,0,0,0,0,30,24,0,0,0,0,0,0,0,0,0,0,30,24,0,0,0,0,0,0,0,0,1,1,0,0,0,0,0,0,0,0,0,0,1,1,0,0,0,0,0,0,0,0
050,49,009,Utah,Daggett County,2003,4,51,26,25,26,25,0,0,0,0,0,0,0,0,0,0,26,25,0,0,0,0,0,0,0,0,24,24,0,0,0,0,0,0,0,0,0,0,24,24,0,0,0,0,0,0,0,0,2,1,0,0,0,0,0,0,0,0,0,0,2,1,0,0,0,0,0,0,0,0
050,49,009,Utah,Daggett County,2004,4,54,25,29,25,27,0,0,0,0,0,0,0,0,0,2,25,29,0,0,0,0,0,2,0,0,23,26,0,0,0,0,0,0,0,0,0,2,23,28,0,0,0,0,0,2,0,0,2,1,0,0,0,0,0,0,0,0,0,0,2,1,0,0,0,0,0,0,0,0
050,49,009,Utah,Daggett County,2000c,5,56,34,22,31,21,2,1,1,0,0,0,0,0,0,0,31,21,2,1,1,0,0,0,0,0,27,21,0,0,1,0,0,0,0,0,0,0,27,21,0,0,1,0,0,0,0,0,4,0,2,1,0,0,0,0,0,0,0,0,4,0,2,1,0,0,0,0,0,0
050,49,009,Utah,Daggett County,2000a,5,56,34,22,31,21,2,1,1,0,0,0,0,0,0,0,31,21,2,1,1,0,0,0,0,0,27,21,0,0,1,0,0,0,0,0,0,0,27,21,0,0,1,0,0,0,0,0,4,0,2,1,0,0,0,0,0,0,0,0,4,0,2,1,0,0,0,0,0,0
050,49,009,Utah,Daggett County,2000,5,62,37,25,34,24,2,1,1,0,0,0,0,0,0,0,34,24,2,1,1,0,0,0,0,0,30,24,0,0,1,0,0,0,0,0,0,0,30,24,0,0,1,0,0,0,0,0,4,0,2,1,0,0,0,0,0,0,0,0,4,0,2,1,0,0,0,0,0,0
050,49,009,Utah,Daggett County,2001,5,55,31,24,28,24,2,0,1,0,0,0,0,0,0,0,28,24,2,0,1,0,0,0,0,0,24,24,0,0,1,0,0,0,0,0,0,0,24,24,0,0,1,0,0,0,0,0,4,0,2,0,0,0,0,0,0,0,0,0,4,0,2,0,0,0,0,0,0,0
050,49,009,Utah,Daggett County,2002,5,63,29,34,26,34,2,0,1,0,0,0,0,0,0,0,26,34,2,0,1,0,0,0,0,0,22,34,0,0,1,0,0,0,0,0,0,0,22,34,0,0,1,0,0,0,0,0,4,0,2,0,0,0,0,0,0,0,0,0,4,0,2,0,0,0,0,0,0,0
050,49,009,Utah,Daggett County,2003,5,72,40,32,37,32,2,0,1,0,0,0,0,0,0,0,37,32,2,0,1,0,0,0,0,0,33,32,0,0,1,0,0,0,0,0,0,0,33,32,0,0,1,0,0,0,0,0,4,0,2,0,0,0,0,0,0,0,0,0,4,0,2,0,0,0,0,0,0,0
050,49,009,Utah,Daggett County,2004,5,82,45,37,42,37,2,0,1,0,0,0,0,0,0,0,42,37,2,0,1,0,0,0,0,0,38,37,0,0,1,0,0,0,0,0,0,0,38,37,0,0,1,0,0,0,0,0,4,0,2,0,0,0,0,0,0,0,0,0,4,0,2,0,0,0,0,0,0,0
050,49,009,Utah,Daggett County,2000c,6,69,41,28,38,28,2,0,1,0,0,0,0,0,0,0,38,28,2,0,1,0,0,0,0,0,32,27,2,0,1,0,0,0,0,0,0,0,32,27,2,0,1,0,0,0,0,0,6,1,0,0,0,0,0,0,0,0,0,0,6,1,0,0,0,0,0,0,0,0
050,49,009,Utah,Daggett County,2000a,6,69,41,28,38,28,2,0,1,0,0,0,0,0,0,0,38,28,2,0,1,0,0,0,0,0,32,27,2,0,1,0,0,0,0,0,0,0,32,27,2,0,1,0,0,0,0,0,6,1,0,0,0,0,0,0,0,0,0,0,6,1,0,0,0,0,0,0,0,0
050,49,009,Utah,Daggett County,2000,6,69,41,28,38,28,2,0,1,0,0,0,0,0,0,0,38,28,2,0,1,0,0,0,0,0,32,27,2,0,1,0,0,0,0,0,0,0,32,27,2,0,1,0,0,0,0,0,6,1,0,0,0,0,0,0,0,0,0,0,6,1,0,0,0,0,0,0,0,0
050,49,009,Utah,Daggett County,2001,6,64,40,24,38,23,2,1,0,0,0,0,0,0,0,0,38,23,2,1,0,0,0,0,0,0,32,22,2,0,0,0,0,0,0,0,0,0,32,22,2,0,0,0,0,0,0,0,6,1,0,1,0,0,0,0,0,0,0,0,6,1,0,1,0,0,0,0,0,0
050,49,009,Utah,Daggett County,2002,6,60,38,22,36,21,2,1,0,0,0,0,0,0,0,0,36,21,2,1,0,0,0,0,0,0,30,20,2,0,0,0,0,0,0,0,0,0,30,20,2,0,0,0,0,0,0,0,6,1,0,1,0,0,0,0,0,0,0,0,6,1,0,1,0,0,0,0,0,0
050,49,009,Utah,Daggett County,2003,6,61,35,26,33,25,2,1,0,0,0,0,0,0,0,0,33,25,2,1,0,0,0,0,0,0,27,25,2,0,0,0,0,0,0,0,0,0,27,25,2,0,0,0,0,0,0,0,6,0,0,1,0,0,0,0,0,0,0,0,6,0,0,1,0,0,0,0,0,0
050,49,009,Utah,Daggett County,2004,6,61,34,27,32,26,2,1,0,0,0,0,0,0,0,0,32,26,2,1,0,0,0,0,0,0,26,26,2,0,0,0,0,0,0,0,0,0,26,26,2,0,0,0,0,0,0,0,6,0,0,1,0,0,0,0,0,0,0,0,6,0,0,1,0,0,0,0,0,0
050,49,009,Utah,Daggett County,2000c,7,48,35,13,35,13,0,0,0,0,0,0,0,0,0,0,35,13,0,0,0,0,0,0,0,0,31,11,0,0,0,0,0,0,0,0,0,0,31,11,0,0,0,0,0,0,0,0,4,2,0,0,0,0,0,0,0,0,0,0,4,2,0,0,0,0,0,0,0,0
050,49,009,Utah,Daggett County,2000a,7,48,35,13,35,13,0,0,0,0,0,0,0,0,0,0,35,13,0,0,0,0,0,0,0,0,31,11,0,0,0,0,0,0,0,0,0,0,31,11,0,0,0,0,0,0,0,0,4,2,0,0,0,0,0,0,0,0,0,0,4,2,0,0,0,0,0,0,0,0
050,49,009,Utah,Daggett County,2000,7,48,35,13,35,13,0,0,0,0,0,0,0,0,0,0,35,13,0,0,0,0,0,0,0,0,31,11,0,0,0,0,0,0,0,0,0,0,31,11,0,0,0,0,0,0,0,0,4,2,0,0,0,0,0,0,0,0,0,0,4,2,0,0,0,0,0,0,0,0
050,49,009,Utah,Daggett County,2001,7,52,37,15,36,15,0,0,1,0,0,0,0,0,0,0,36,15,0,0,1,0,0,0,0,0,32,14,0,0,1,0,0,0,0,0,0,0,32,14,0,0,1,0,0,0,0,0,4,1,0,0,0,0,0,0,0,0,0,0,4,1,0,0,0,0,0,0,0,0
050,49,009,Utah,Daggett County,2002,7,45,32,13,31,13,0,0,1,0,0,0,0,0,0,0,31,13,0,0,1,0,0,0,0,0,27,12,0,0,1,0,0,0,0,0,0,0,27,12,0,0,1,0,0,0,0,0,4,1,0,0,0,0,0,0,0,0,0,0,4,1,0,0,0,0,0,0,0,0
050,49,009,Utah,Daggett County,2003,7,48,32,16,31,16,0,0,1,0,0,0,0,0,0,0,31,16,0,0,1,0,0,0,0,0,27,14,0,0,1,0,0,0,0,0,0,0,27,14,0,0,1,0,0,0,0,0,4,2,0,0,0,0,0,0,0,0,0,0,4,2,0,0,0,0,0,0,0,0
050,49,009,Utah,Daggett County,2004,7,49,34,15,33,15,0,0,1,0,0,0,0,0,0,0,33,15,0,0,1,0,0,0,0,0,29,14,0,0,1,0,0,0,0,0,0,0,29,14,0,0,1,0,0,0,0,0,4,1,0,0,0,0,0,0,0,0,0,0,4,1,0,0,0,0,0,0,0,0
050,49,009,Utah,Daggett County,2000c,8,63,30,33,27,32,0,0,1,0,0,0,0,0,2,1,29,33,1,0,3,0,1,1,0,0,22,32,0,0,1,0,0,0,0,0,1,1,23,33,1,0,2,0,1,1,0,0,5,0,0,0,0,0,0,0,0,0,1,0,6,0,0,0,1,0,0,0,0,0
050,49,009,Utah,Daggett County,2000a,8,63,30,33,27,32,0,0,1,0,0,0,0,0,2,1,29,33,1,0,3,0,1,1,0,0,22,32,0,0,1,0,0,0,0,0,1,1,23,33,1,0,2,0,1,1,0,0,5,0,0,0,0,0,0,0,0,0,1,0,6,0,0,0,1,0,0,0,0,0
050,49,009,Utah,Daggett County,2000,8,62,29,33,28,33,0,0,1,0,0,0,0,0,0,0,28,33,0,0,1,0,0,0,0,0,22,33,0,0,1,0,0,0,0,0,0,0,22,33,0,0,1,0,0,0,0,0,6,0,0,0,0,0,0,0,0,0,0,0,6,0,0,0,0,0,0,0,0,0
050,49,009,Utah,Daggett County,2001,8,53,27,26,26,26,0,0,1,0,0,0,0,0,0,0,26,26,0,0,1,0,0,0,0,0,21,25,0,0,1,0,0,0,0,0,0,0,21,25,0,0,1,0,0,0,0,0,5,1,0,0,0,0,0,0,0,0,0,0,5,1,0,0,0,0,0,0,0,0
050,49,009,Utah,Daggett County,2002,8,42,24,18,23,18,0,0,1,0,0,0,0,0,0,0,23,18,0,0,1,0,0,0,0,0,18,17,0,0,1,0,0,0,0,0,0,0,18,17,0,0,1,0,0,0,0,0,5,1,0,0,0,0,0,0,0,0,0,0,5,1,0,0,0,0,0,0,0,0
050,49,009,Utah,Daggett County,2003,8,41,28,13,27,13,0,0,1,0,0,0,0,0,0,0,27,13,0,0,1,0,0,0,0,0,22,12,0,0,1,0,0,0,0,0,0,0,22,12,0,0,1,0,0,0,0,0,5,1,0,0,0,0,0,0,0,0,0,0,5,1,0,0,0,0,0,0,0,0
050,49,009,Utah,Daggett County,2004,8,44,30,14,29,14,0,0,1,0,0,0,0,0,0,0,29,14,0,0,1,0,0,0,0,0,24,12,0,0,1,0,0,0,0,0,0,0,24,12,0,0,1,0,0,0,0,0,5,2,0,0,0,0,0,0,0,0,0,0,5,2,0,0,0,0,0,0,0,0
050,49,009,Utah,Daggett County,2000c,9,72,45,27,44,26,0,0,0,1,0,0,0,0,1,0,45,26,0,0,0,1,1,0,0,0,40,26,0,0,0,1,0,0,0,0,1,0,41,26,0,0,0,1,1,0,0,0,4,0,0,0,0,0,0,0,0,0,0,0,4,0,0,0,0,0,0,0,0,0
050,49,009,Utah,Daggett County,2000a,9,72,45,27,44,26,0,0,0,1,0,0,0,0,1,0,45,26,0,0,0,1,1,0,0,0,40,26,0,0,0,1,0,0,0,0,1,0,41,26,0,0,0,1,1,0,0,0,4,0,0,0,0,0,0,0,0,0,0,0,4,0,0,0,0,0,0,0,0,0
050,49,009,Utah,Daggett County,2000,9,71,44,27,44,26,0,0,0,1,0,0,0,0,0,0,44,26,0,0,0,1,0,0,0,0,40,26,0,0,0,1,0,0,0,0,0,0,40,26,0,0,0,1,0,0,0,0,4,0,0,0,0,0,0,0,0,0,0,0,4,0,0,0,0,0,0,0,0,0
050,49,009,Utah,Daggett County,2001,9,75,46,29,46,29,0,0,0,0,0,0,0,0,0,0,46,29,0,0,0,0,0,0,0,0,40,29,0,0,0,0,0,0,0,0,0,0,40,29,0,0,0,0,0,0,0,0,6,0,0,0,0,0,0,0,0,0,0,0,6,0,0,0,0,0,0,0,0,0
050,49,009,Utah,Daggett County,2002,9,72,43,29,43,29,0,0,0,0,0,0,0,0,0,0,43,29,0,0,0,0,0,0,0,0,36,29,0,0,0,0,0,0,0,0,0,0,36,29,0,0,0,0,0,0,0,0,7,0,0,0,0,0,0,0,0,0,0,0,7,0,0,0,0,0,0,0,0,0
050,49,009,Utah,Daggett County,2003,9,68,38,30,38,30,0,0,0,0,0,0,0,0,0,0,38,30,0,0,0,0,0,0,0,0,32,30,0,0,0,0,0,0,0,0,0,0,32,30,0,0,0,0,0,0,0,0,6,0,0,0,0,0,0,0,0,0,0,0,6,0,0,0,0,0,0,0,0,0
050,49,009,Utah,Daggett County,2004,9,70,33,37,33,37,0,0,0,0,0,0,0,0,0,0,33,37,0,0,0,0,0,0,0,0,27,37,0,0,0,0,0,0,0,0,0,0,27,37,0,0,0,0,0,0,0,0,6,0,0,0,0,0,0,0,0,0,0,0,6,0,0,0,0,0,0,0,0,0
050,49,009,Utah,Daggett County,2000c,10,73,45,28,45,27,0,0,0,0,0,0,0,1,0,0,45,27,0,0,0,0,0,0,0,1,41,27,0,0,0,0,0,0,0,1,0,0,41,27,0,0,0,0,0,0,0,1,4,0,0,0,0,0,0,0,0,0,0,0,4,0,0,0,0,0,0,0,0,0
050,49,009,Utah,Daggett County,2000a,10,73,45,28,45,27,0,0,0,0,0,0,0,1,0,0,45,27,0,0,0,0,0,0,0,1,41,27,0,0,0,0,0,0,0,1,0,0,41,27,0,0,0,0,0,0,0,1,4,0,0,0,0,0,0,0,0,0,0,0,4,0,0,0,0,0,0,0,0,0
050,49,009,Utah,Daggett County,2000,10,72,45,27,45,27,0,0,0,0,0,0,0,0,0,0,45,27,0,0,0,0,0,0,0,0,41,27,0,0,0,0,0,0,0,0,0,0,41,27,0,0,0,0,0,0,0,0,4,0,0,0,0,0,0,0,0,0,0,0,4,0,0,0,0,0,0,0,0,0
050,49,009,Utah,Daggett County,2001,10,69,42,27,42,26,0,0,0,1,0,0,0,0,0,0,42,26,0,0,0,1,0,0,0,0,38,26,0,0,0,1,0,0,0,0,0,0,38,26,0,0,0,1,0,0,0,0,4,0,0,0,0,0,0,0,0,0,0,0,4,0,0,0,0,0,0,0,0,0
050,49,009,Utah,Daggett County,2002,10,68,45,23,45,22,0,0,0,1,0,0,0,0,0,0,45,22,0,0,0,1,0,0,0,0,41,22,0,0,0,1,0,0,0,0,0,0,41,22,0,0,0,1,0,0,0,0,4,0,0,0,0,0,0,0,0,0,0,0,4,0,0,0,0,0,0,0,0,0
050,49,009,Utah,Daggett County,2003,10,70,45,25,45,24,0,0,0,1,0,0,0,0,0,0,45,24,0,0,0,1,0,0,0,0,41,24,0,0,0,1,0,0,0,0,0,0,41,24,0,0,0,1,0,0,0,0,4,0,0,0,0,0,0,0,0,0,0,0,4,0,0,0,0,0,0,0,0,0
050,49,009,Utah,Daggett County,2004,10,66,42,24,42,23,0,0,0,1,0,0,0,0,0,0,42,23,0,0,0,1,0,0,0,0,37,23,0,0,0,1,0,0,0,0,0,0,37,23,0,0,0,1,0,0,0,0,5,0,0,0,0,0,0,0,0,0,0,0,5,0,0,0,0,0,0,0,0,0
050,49,009,Utah,Daggett County,2000c,11,69,31,38,31,38,0,0,0,0,0,0,0,0,0,0,31,38,0,0,0,0,0,0,0,0,31,38,0,0,0,0,0,0,0,0,0,0,31,38,0,0,0,0,0,0,0,0,0,0,0,0,0,0,0,0,0,0,0,0,0,0,0,0,0,0,0,0,0,0
050,49,009,Utah,Daggett County,2000a,11,69,31,38,31,38,0,0,0,0,0,0,0,0,0,0,31,38,0,0,0,0,0,0,0,0,31,38,0,0,0,0,0,0,0,0,0,0,31,38,0,0,0,0,0,0,0,0,0,0,0,0,0,0,0,0,0,0,0,0,0,0,0,0,0,0,0,0,0,0
050,49,009,Utah,Daggett County,2000,11,70,31,39,31,39,0,0,0,0,0,0,0,0,0,0,31,39,0,0,0,0,0,0,0,0,31,39,0,0,0,0,0,0,0,0,0,0,31,39,0,0,0,0,0,0,0,0,0,0,0,0,0,0,0,0,0,0,0,0,0,0,0,0,0,0,0,0,0,0
050,49,009,Utah,Daggett County,2001,11,65,29,36,29,36,0,0,0,0,0,0,0,0,0,0,29,36,0,0,0,0,0,0,0,0,29,36,0,0,0,0,0,0,0,0,0,0,29,36,0,0,0,0,0,0,0,0,0,0,0,0,0,0,0,0,0,0,0,0,0,0,0,0,0,0,0,0,0,0
050,49,009,Utah,Daggett County,2002,11,67,30,37,30,37,0,0,0,0,0,0,0,0,0,0,30,37,0,0,0,0,0,0,0,0,30,37,0,0,0,0,0,0,0,0,0,0,30,37,0,0,0,0,0,0,0,0,0,0,0,0,0,0,0,0,0,0,0,0,0,0,0,0,0,0,0,0,0,0
050,49,009,Utah,Daggett County,2003,11,63,32,31,32,31,0,0,0,0,0,0,0,0,0,0,32,31,0,0,0,0,0,0,0,0,31,31,0,0,0,0,0,0,0,0,0,0,31,31,0,0,0,0,0,0,0,0,1,0,0,0,0,0,0,0,0,0,0,0,1,0,0,0,0,0,0,0,0,0
050,49,009,Utah,Daggett County,2004,11,66,36,30,36,29,0,0,0,0,0,0,0,0,0,1,36,30,0,1,0,1,0,1,0,0,35,29,0,0,0,0,0,0,0,0,0,1,35,30,0,1,0,1,0,1,0,0,1,0,0,0,0,0,0,0,0,0,0,0,1,0,0,0,0,0,0,0,0,0
050,49,009,Utah,Daggett County,2000c,12,54,33,21,33,20,0,0,0,0,0,0,0,0,0,1,33,21,0,0,0,1,0,0,0,0,32,20,0,0,0,0,0,0,0,0,0,1,32,21,0,0,0,1,0,0,0,0,1,0,0,0,0,0,0,0,0,0,0,0,1,0,0,0,0,0,0,0,0,0
050,49,009,Utah,Daggett County,2000a,12,54,33,21,33,20,0,0,0,0,0,0,0,0,0,1,33,21,0,0,0,1,0,0,0,0,32,20,0,0,0,0,0,0,0,0,0,1,32,21,0,0,0,1,0,0,0,0,1,0,0,0,0,0,0,0,0,0,0,0,1,0,0,0,0,0,0,0,0,0
050,49,009,Utah,Daggett County,2000,12,53,33,20,33,20,0,0,0,0,0,0,0,0,0,0,33,20,0,0,0,0,0,0,0,0,32,20,0,0,0,0,0,0,0,0,0,0,32,20,0,0,0,0,0,0,0,0,1,0,0,0,0,0,0,0,0,0,0,0,1,0,0,0,0,0,0,0,0,0
050,49,009,Utah,Daggett County,2001,12,52,29,23,29,23,0,0,0,0,0,0,0,0,0,0,29,23,0,0,0,0,0,0,0,0,29,23,0,0,0,0,0,0,0,0,0,0,29,23,0,0,0,0,0,0,0,0,0,0,0,0,0,0,0,0,0,0,0,0,0,0,0,0,0,0,0,0,0,0
050,49,009,Utah,Daggett County,2002,12,64,34,30,34,30,0,0,0,0,0,0,0,0,0,0,34,30,0,0,0,0,0,0,0,0,34,30,0,0,0,0,0,0,0,0,0,0,34,30,0,0,0,0,0,0,0,0,0,0,0,0,0,0,0,0,0,0,0,0,0,0,0,0,0,0,0,0,0,0
050,49,009,Utah,Daggett County,2003,12,67,33,34,33,34,0,0,0,0,0,0,0,0,0,0,33,34,0,0,0,0,0,0,0,0,33,34,0,0,0,0,0,0,0,0,0,0,33,34,0,0,0,0,0,0,0,0,0,0,0,0,0,0,0,0,0,0,0,0,0,0,0,0,0,0,0,0,0,0
050,49,009,Utah,Daggett County,2004,12,68,34,34,34,34,0,0,0,0,0,0,0,0,0,0,34,34,0,0,0,0,0,0,0,0,34,34,0,0,0,0,0,0,0,0,0,0,34,34,0,0,0,0,0,0,0,0,0,0,0,0,0,0,0,0,0,0,0,0,0,0,0,0,0,0,0,0,0,0
050,49,009,Utah,Daggett County,2000c,13,53,29,24,29,24,0,0,0,0,0,0,0,0,0,0,29,24,0,0,0,0,0,0,0,0,28,23,0,0,0,0,0,0,0,0,0,0,28,23,0,0,0,0,0,0,0,0,1,1,0,0,0,0,0,0,0,0,0,0,1,1,0,0,0,0,0,0,0,0
050,49,009,Utah,Daggett County,2000a,13,53,29,24,29,24,0,0,0,0,0,0,0,0,0,0,29,24,0,0,0,0,0,0,0,0,28,23,0,0,0,0,0,0,0,0,0,0,28,23,0,0,0,0,0,0,0,0,1,1,0,0,0,0,0,0,0,0,0,0,1,1,0,0,0,0,0,0,0,0
050,49,009,Utah,Daggett County,2000,13,53,29,24,29,24,0,0,0,0,0,0,0,0,0,0,29,24,0,0,0,0,0,0,0,0,28,23,0,0,0,0,0,0,0,0,0,0,28,23,0,0,0,0,0,0,0,0,1,1,0,0,0,0,0,0,0,0,0,0,1,1,0,0,0,0,0,0,0,0
050,49,009,Utah,Daggett County,2001,13,59,35,24,35,24,0,0,0,0,0,0,0,0,0,0,35,24,0,0,0,0,0,0,0,0,33,24,0,0,0,0,0,0,0,0,0,0,33,24,0,0,0,0,0,0,0,0,2,0,0,0,0,0,0,0,0,0,0,0,2,0,0,0,0,0,0,0,0,0
050,49,009,Utah,Daggett County,2002,13,52,32,20,32,20,0,0,0,0,0,0,0,0,0,0,32,20,0,0,0,0,0,0,0,0,30,20,0,0,0,0,0,0,0,0,0,0,30,20,0,0,0,0,0,0,0,0,2,0,0,0,0,0,0,0,0,0,0,0,2,0,0,0,0,0,0,0,0,0
050,49,009,Utah,Daggett County,2003,13,52,35,17,35,17,0,0,0,0,0,0,0,0,0,0,35,17,0,0,0,0,0,0,0,0,33,17,0,0,0,0,0,0,0,0,0,0,33,17,0,0,0,0,0,0,0,0,2,0,0,0,0,0,0,0,0,0,0,0,2,0,0,0,0,0,0,0,0,0
050,49,009,Utah,Daggett County,2004,13,50,33,17,33,17,0,0,0,0,0,0,0,0,0,0,33,17,0,0,0,0,0,0,0,0,32,17,0,0,0,0,0,0,0,0,0,0,32,17,0,0,0,0,0,0,0,0,1,0,0,0,0,0,0,0,0,0,0,0,1,0,0,0,0,0,0,0,0,0
050,49,009,Utah,Daggett County,2000c,14,58,37,21,37,21,0,0,0,0,0,0,0,0,0,0,37,21,0,0,0,0,0,0,0,0,37,21,0,0,0,0,0,0,0,0,0,0,37,21,0,0,0,0,0,0,0,0,0,0,0,0,0,0,0,0,0,0,0,0,0,0,0,0,0,0,0,0,0,0
050,49,009,Utah,Daggett County,2000a,14,58,37,21,37,21,0,0,0,0,0,0,0,0,0,0,37,21,0,0,0,0,0,0,0,0,37,21,0,0,0,0,0,0,0,0,0,0,37,21,0,0,0,0,0,0,0,0,0,0,0,0,0,0,0,0,0,0,0,0,0,0,0,0,0,0,0,0,0,0
050,49,009,Utah,Daggett County,2000,14,59,38,21,38,21,0,0,0,0,0,0,0,0,0,0,38,21,0,0,0,0,0,0,0,0,38,21,0,0,0,0,0,0,0,0,0,0,38,21,0,0,0,0,0,0,0,0,0,0,0,0,0,0,0,0,0,0,0,0,0,0,0,0,0,0,0,0,0,0
050,49,009,Utah,Daggett County,2001,14,62,34,28,34,28,0,0,0,0,0,0,0,0,0,0,34,28,0,0,0,0,0,0,0,0,34,27,0,0,0,0,0,0,0,0,0,0,34,27,0,0,0,0,0,0,0,0,0,1,0,0,0,0,0,0,0,0,0,0,0,1,0,0,0,0,0,0,0,0
050,49,009,Utah,Daggett County,2002,14,51,27,24,27,24,0,0,0,0,0,0,0,0,0,0,27,24,0,0,0,0,0,0,0,0,27,23,0,0,0,0,0,0,0,0,0,0,27,23,0,0,0,0,0,0,0,0,0,1,0,0,0,0,0,0,0,0,0,0,0,1,0,0,0,0,0,0,0,0
050,49,009,Utah,Daggett County,2003,14,49,24,25,24,25,0,0,0,0,0,0,0,0,0,0,24,25,0,0,0,0,0,0,0,0,24,24,0,0,0,0,0,0,0,0,0,0,24,24,0,0,0,0,0,0,0,0,0,1,0,0,0,0,0,0,0,0,0,0,0,1,0,0,0,0,0,0,0,0
050,49,009,Utah,Daggett County,2004,14,43,20,23,20,23,0,0,0,0,0,0,0,0,0,0,20,23,0,0,0,0,0,0,0,0,19,22,0,0,0,0,0,0,0,0,0,0,19,22,0,0,0,0,0,0,0,0,1,1,0,0,0,0,0,0,0,0,0,0,1,1,0,0,0,0,0,0,0,0
050,49,009,Utah,Daggett County,2000c,15,34,17,17,17,16,0,0,0,0,0,1,0,0,0,0,17,16,0,0,0,0,0,1,0,0,17,16,0,0,0,0,0,1,0,0,0,0,17,16,0,0,0,0,0,1,0,0,0,0,0,0,0,0,0,0,0,0,0,0,0,0,0,0,0,0,0,0,0,0
050,49,009,Utah,Daggett County,2000a,15,34,17,17,17,16,0,0,0,0,0,1,0,0,0,0,17,16,0,0,0,0,0,1,0,0,17,16,0,0,0,0,0,1,0,0,0,0,17,16,0,0,0,0,0,1,0,0,0,0,0,0,0,0,0,0,0,0,0,0,0,0,0,0,0,0,0,0,0,0
050,49,009,Utah,Daggett County,2000,15,35,18,17,18,17,0,0,0,0,0,0,0,0,0,0,18,17,0,0,0,0,0,0,0,0,18,17,0,0,0,0,0,0,0,0,0,0,18,17,0,0,0,0,0,0,0,0,0,0,0,0,0,0,0,0,0,0,0,0,0,0,0,0,0,0,0,0,0,0
050,49,009,Utah,Daggett County,2001,15,37,24,13,24,13,0,0,0,0,0,0,0,0,0,0,24,13,0,0,0,0,0,0,0,0,24,13,0,0,0,0,0,0,0,0,0,0,24,13,0,0,0,0,0,0,0,0,0,0,0,0,0,0,0,0,0,0,0,0,0,0,0,0,0,0,0,0,0,0
050,49,009,Utah,Daggett County,2002,15,47,29,18,29,18,0,0,0,0,0,0,0,0,0,0,29,18,0,0,0,0,0,0,0,0,29,18,0,0,0,0,0,0,0,0,0,0,29,18,0,0,0,0,0,0,0,0,0,0,0,0,0,0,0,0,0,0,0,0,0,0,0,0,0,0,0,0,0,0
050,49,009,Utah,Daggett County,2003,15,46,30,16,30,16,0,0,0,0,0,0,0,0,0,0,30,16,0,0,0,0,0,0,0,0,30,16,0,0,0,0,0,0,0,0,0,0,30,16,0,0,0,0,0,0,0,0,0,0,0,0,0,0,0,0,0,0,0,0,0,0,0,0,0,0,0,0,0,0
050,49,009,Utah,Daggett County,2004,15,55,37,18,37,18,0,0,0,0,0,0,0,0,0,0,37,18,0,0,0,0,0,0,0,0,37,18,0,0,0,0,0,0,0,0,0,0,37,18,0,0,0,0,0,0,0,0,0,0,0,0,0,0,0,0,0,0,0,0,0,0,0,0,0,0,0,0,0,0
050,49,009,Utah,Daggett County,2000c,16,16,8,8,8,8,0,0,0,0,0,0,0,0,0,0,8,8,0,0,0,0,0,0,0,0,8,8,0,0,0,0,0,0,0,0,0,0,8,8,0,0,0,0,0,0,0,0,0,0,0,0,0,0,0,0,0,0,0,0,0,0,0,0,0,0,0,0,0,0
050,49,009,Utah,Daggett County,2000a,16,16,8,8,8,8,0,0,0,0,0,0,0,0,0,0,8,8,0,0,0,0,0,0,0,0,8,8,0,0,0,0,0,0,0,0,0,0,8,8,0,0,0,0,0,0,0,0,0,0,0,0,0,0,0,0,0,0,0,0,0,0,0,0,0,0,0,0,0,0
050,49,009,Utah,Daggett County,2000,16,16,8,8,8,8,0,0,0,0,0,0,0,0,0,0,8,8,0,0,0,0,0,0,0,0,8,8,0,0,0,0,0,0,0,0,0,0,8,8,0,0,0,0,0,0,0,0,0,0,0,0,0,0,0,0,0,0,0,0,0,0,0,0,0,0,0,0,0,0
050,49,009,Utah,Daggett County,2001,16,21,9,12,9,12,0,0,0,0,0,0,0,0,0,0,9,12,0,0,0,0,0,0,0,0,9,12,0,0,0,0,0,0,0,0,0,0,9,12,0,0,0,0,0,0,0,0,0,0,0,0,0,0,0,0,0,0,0,0,0,0,0,0,0,0,0,0,0,0
050,49,009,Utah,Daggett County,2002,16,21,10,11,10,11,0,0,0,0,0,0,0,0,0,0,10,11,0,0,0,0,0,0,0,0,10,11,0,0,0,0,0,0,0,0,0,0,10,11,0,0,0,0,0,0,0,0,0,0,0,0,0,0,0,0,0,0,0,0,0,0,0,0,0,0,0,0,0,0
050,49,009,Utah,Daggett County,2003,16,28,13,15,13,15,0,0,0,0,0,0,0,0,0,0,13,15,0,0,0,0,0,0,0,0,13,15,0,0,0,0,0,0,0,0,0,0,13,15,0,0,0,0,0,0,0,0,0,0,0,0,0,0,0,0,0,0,0,0,0,0,0,0,0,0,0,0,0,0
050,49,009,Utah,Daggett County,2004,16,28,14,14,14,14,0,0,0,0,0,0,0,0,0,0,14,14,0,0,0,0,0,0,0,0,14,14,0,0,0,0,0,0,0,0,0,0,14,14,0,0,0,0,0,0,0,0,0,0,0,0,0,0,0,0,0,0,0,0,0,0,0,0,0,0,0,0,0,0
050,49,009,Utah,Daggett County,2000c,17,6,4,2,4,2,0,0,0,0,0,0,0,0,0,0,4,2,0,0,0,0,0,0,0,0,4,2,0,0,0,0,0,0,0,0,0,0,4,2,0,0,0,0,0,0,0,0,0,0,0,0,0,0,0,0,0,0,0,0,0,0,0,0,0,0,0,0,0,0
050,49,009,Utah,Daggett County,2000a,17,6,4,2,4,2,0,0,0,0,0,0,0,0,0,0,4,2,0,0,0,0,0,0,0,0,4,2,0,0,0,0,0,0,0,0,0,0,4,2,0,0,0,0,0,0,0,0,0,0,0,0,0,0,0,0,0,0,0,0,0,0,0,0,0,0,0,0,0,0
050,49,009,Utah,Daggett County,2000,17,6,4,2,4,2,0,0,0,0,0,0,0,0,0,0,4,2,0,0,0,0,0,0,0,0,4,2,0,0,0,0,0,0,0,0,0,0,4,2,0,0,0,0,0,0,0,0,0,0,0,0,0,0,0,0,0,0,0,0,0,0,0,0,0,0,0,0,0,0
050,49,009,Utah,Daggett County,2001,17,12,8,4,8,4,0,0,0,0,0,0,0,0,0,0,8,4,0,0,0,0,0,0,0,0,8,4,0,0,0,0,0,0,0,0,0,0,8,4,0,0,0,0,0,0,0,0,0,0,0,0,0,0,0,0,0,0,0,0,0,0,0,0,0,0,0,0,0,0
050,49,009,Utah,Daggett County,2002,17,11,7,4,7,4,0,0,0,0,0,0,0,0,0,0,7,4,0,0,0,0,0,0,0,0,7,4,0,0,0,0,0,0,0,0,0,0,7,4,0,0,0,0,0,0,0,0,0,0,0,0,0,0,0,0,0,0,0,0,0,0,0,0,0,0,0,0,0,0
050,49,009,Utah,Daggett County,2003,17,14,8,6,8,6,0,0,0,0,0,0,0,0,0,0,8,6,0,0,0,0,0,0,0,0,8,6,0,0,0,0,0,0,0,0,0,0,8,6,0,0,0,0,0,0,0,0,0,0,0,0,0,0,0,0,0,0,0,0,0,0,0,0,0,0,0,0,0,0
050,49,009,Utah,Daggett County,2004,17,17,10,7,10,7,0,0,0,0,0,0,0,0,0,0,10,7,0,0,0,0,0,0,0,0,10,7,0,0,0,0,0,0,0,0,0,0,10,7,0,0,0,0,0,0,0,0,0,0,0,0,0,0,0,0,0,0,0,0,0,0,0,0,0,0,0,0,0,0
050,49,009,Utah,Daggett County,2000c,18,10,6,4,6,4,0,0,0,0,0,0,0,0,0,0,6,4,0,0,0,0,0,0,0,0,6,4,0,0,0,0,0,0,0,0,0,0,6,4,0,0,0,0,0,0,0,0,0,0,0,0,0,0,0,0,0,0,0,0,0,0,0,0,0,0,0,0,0,0
050,49,009,Utah,Daggett County,2000a,18,10,6,4,6,4,0,0,0,0,0,0,0,0,0,0,6,4,0,0,0,0,0,0,0,0,6,4,0,0,0,0,0,0,0,0,0,0,6,4,0,0,0,0,0,0,0,0,0,0,0,0,0,0,0,0,0,0,0,0,0,0,0,0,0,0,0,0,0,0
050,49,009,Utah,Daggett County,2000,18,10,6,4,6,4,0,0,0,0,0,0,0,0,0,0,6,4,0,0,0,0,0,0,0,0,6,4,0,0,0,0,0,0,0,0,0,0,6,4,0,0,0,0,0,0,0,0,0,0,0,0,0,0,0,0,0,0,0,0,0,0,0,0,0,0,0,0,0,0
050,49,009,Utah,Daggett County,2001,18,12,6,6,6,6,0,0,0,0,0,0,0,0,0,0,6,6,0,0,0,0,0,0,0,0,6,6,0,0,0,0,0,0,0,0,0,0,6,6,0,0,0,0,0,0,0,0,0,0,0,0,0,0,0,0,0,0,0,0,0,0,0,0,0,0,0,0,0,0
050,49,009,Utah,Daggett County,2002,18,11,6,5,6,5,0,0,0,0,0,0,0,0,0,0,6,5,0,0,0,0,0,0,0,0,6,5,0,0,0,0,0,0,0,0,0,0,6,5,0,0,0,0,0,0,0,0,0,0,0,0,0,0,0,0,0,0,0,0,0,0,0,0,0,0,0,0,0,0
050,49,009,Utah,Daggett County,2003,18,11,7,4,7,4,0,0,0,0,0,0,0,0,0,0,7,4,0,0,0,0,0,0,0,0,7,4,0,0,0,0,0,0,0,0,0,0,7,4,0,0,0,0,0,0,0,0,0,0,0,0,0,0,0,0,0,0,0,0,0,0,0,0,0,0,0,0,0,0
050,49,009,Utah,Daggett County,2004,18,12,8,4,8,4,0,0,0,0,0,0,0,0,0,0,8,4,0,0,0,0,0,0,0,0,8,4,0,0,0,0,0,0,0,0,0,0,8,4,0,0,0,0,0,0,0,0,0,0,0,0,0,0,0,0,0,0,0,0,0,0,0,0,0,0,0,0,0,0
050,49,011,Utah,Davis County,2000c,0,238994,120051,118943,113981,113016,1571,1173,740,726,1655,2170,367,303,1737,1555,115550,114441,1994,1551,1214,1164,2499,2917,665,532,107798,107278,1474,1074,600,583,1564,2099,341,284,1559,1385,109201,108545,1861,1409,982,938,2340,2783,622,499,6183,5738,97,99,140,143,91,71,26,19,178,170,6349,5896,133,142,232,226,159,134,43,33
050,49,011,Utah,Davis County,2000a,0,238994,120051,118943,113981,113016,1571,1173,740,726,1655,2170,367,303,1737,1555,115550,114441,1994,1551,1214,1164,2499,2917,665,532,107798,107278,1474,1074,600,583,1564,2099,341,284,1559,1385,109201,108545,1861,1409,982,938,2340,2783,622,499,6183,5738,97,99,140,143,91,71,26,19,178,170,6349,5896,133,142,232,226,159,134,43,33
050,49,011,Utah,Davis County,2000,0,240306,120711,119595,114562,113530,1591,1174,755,735,1726,2186,352,338,1725,1632,116129,115025,2011,1556,1219,1171,2555,2973,612,584,108242,107670,1489,1067,606,589,1639,2119,326,318,1607,1511,109700,109048,1890,1423,1006,961,2429,2868,577,561,6320,5860,102,107,149,146,87,67,26,20,118,121,6429,5977,121,133,213,210,126,105,35,23
050,49,011,Utah,Davis County,2001,0,244270,122691,121579,116422,115290,1556,1180,749,729,1844,2326,373,357,1747,1697,118010,116848,1982,1576,1198,1166,2702,3157,631,612,109673,109020,1437,1054,594,572,1754,2256,342,337,1628,1569,111151,110455,1838,1423,981,938,2573,3050,593,588,6749,6270,119,126,155,157,90,70,31,20,119,128,6859,6393,144,153,217,228,129,107,38,24
050,49,011,Utah,Davis County,2002,0,249235,125246,123989,118764,117447,1601,1232,765,743,1909,2420,378,365,1829,1782,120433,119087,2063,1663,1222,1189,2817,3297,628,624,111643,110824,1461,1090,598,581,1826,2345,347,343,1693,1620,113186,112310,1894,1482,989,945,2685,3172,590,592,7121,6623,140,142,167,162,83,75,31,22,136,162,7247,6777,169,181,233,244,132,125,38,32
050,49,011,Utah,Davis County,2003,0,255308,128366,126942,121550,120091,1673,1305,797,757,2029,2555,398,377,1919,1857,123292,121797,2171,1770,1273,1198,2982,3481,666,655,114012,113071,1515,1140,622,594,1941,2479,369,356,1778,1701,115621,114628,1981,1564,1027,959,2844,3353,631,624,7538,7020,158,165,175,163,88,76,29,21,141,156,7671,7169,190,206,246,239,138,128,35,31
050,49,011,Utah,Davis County,2004,0,261208,131354,129854,124377,122724,1681,1346,805,769,2115,2687,401,394,1975,1934,126176,124484,2195,1838,1278,1217,3101,3670,674,671,116402,115282,1504,1162,620,595,2022,2606,374,369,1818,1759,118053,116885,1977,1604,1014,962,2959,3524,639,639,7975,7442,177,184,185,174,93,81,27,25,157,175,8123,7599,218,234,264,255,142,146,35,32
050,49,011,Utah,Davis County,2000c,1,23329,11993,11336,11252,10621,142,131,61,62,124,123,43,45,371,354,11600,10958,275,257,117,125,295,278,112,106,10480,9893,120,111,51,49,111,109,42,44,333,308,10790,10185,245,228,95,93,262,242,109,98,772,728,22,20,10,13,13,14,1,1,38,46,810,773,30,29,22,32,33,36,3,8
050,49,011,Utah,Davis County,2000a,1,23329,11993,11336,11252,10621,142,131,61,62,124,123,43,45,371,354,11600,10958,275,257,117,125,295,278,112,106,10480,9893,120,111,51,49,111,109,42,44,333,308,10790,10185,245,228,95,93,262,242,109,98,772,728,22,20,10,13,13,14,1,1,38,46,810,773,30,29,22,32,33,36,3,8
050,49,011,Utah,Davis County,2000,1,23633,12150,11483,11383,10753,147,139,65,66,144,139,40,39,371,347,11732,11080,281,252,118,128,314,295,98,90,10584,9998,126,119,54,51,135,127,35,34,344,316,10908,10295,251,223,100,103,296,272,89,82,799,755,21,20,11,15,9,12,5,5,27,31,824,785,30,29,18,25,18,23,9,8
050,49,011,Utah,Davis County,2001,1,24006,12332,11674,11592,10960,125,122,62,64,151,148,40,39,362,341,11931,11283,255,231,108,113,325,309,91,86,10761,10174,108,103,52,48,142,138,35,34,334,311,11075,10468,227,203,92,88,305,289,83,78,831,786,17,19,10,16,9,10,5,5,28,30,856,815,28,28,16,25,20,20,8,8
050,49,011,Utah,Davis County,2002,1,24427,12584,11843,11866,11136,115,108,59,61,150,158,37,38,357,342,12207,11459,249,221,97,107,322,323,79,81,10992,10303,97,93,51,49,142,147,33,34,331,313,11308,10598,220,197,85,86,304,301,73,75,874,833,18,15,8,12,8,11,4,4,26,29,899,861,29,24,12,21,18,22,6,6
050,49,011,Utah,Davis County,2003,1,24678,12737,11941,12055,11246,96,103,59,51,148,165,34,36,345,340,12383,11572,229,219,93,87,315,336,70,75,11160,10417,80,90,52,44,143,156,31,33,321,312,11465,10715,202,196,81,73,302,316,66,69,895,829,16,13,7,7,5,9,3,3,24,28,918,857,27,23,12,14,13,20,4,6
050,49,011,Utah,Davis County,2004,1,24633,12749,11884,12096,11207,85,104,56,45,150,163,31,34,331,331,12412,11524,216,224,83,75,311,330,60,65,11194,10388,69,90,47,41,146,157,29,32,304,305,11484,10680,186,199,67,65,300,314,58,62,902,819,16,14,9,4,4,6,2,2,27,26,928,844,30,25,16,10,11,16,2,3
050,49,011,Utah,Davis County,2000c,2,22572,11686,10886,10988,10280,150,108,62,75,129,116,45,30,312,277,11271,10540,261,194,120,145,273,243,89,54,10304,9648,134,94,52,55,124,111,40,30,282,252,10558,9883,238,175,98,114,256,230,81,53,684,632,16,14,10,20,5,5,5,0,30,25,713,657,23,19,22,31,17,13,8,1
050,49,011,Utah,Davis County,2000a,2,22572,11686,10886,10988,10280,150,108,62,75,129,116,45,30,312,277,11271,10540,261,194,120,145,273,243,89,54,10304,9648,134,94,52,55,124,111,40,30,282,252,10558,9883,238,175,98,114,256,230,81,53,684,632,16,14,10,20,5,5,5,0,30,25,713,657,23,19,22,31,17,13,8,1
050,49,011,Utah,Davis County,2000,2,22647,11723,10924,11017,10299,157,111,67,83,136,115,43,35,303,281,11301,10564,255,201,121,147,282,241,83,69,10317,9652,141,96,55,63,128,111,39,33,284,260,10582,9897,234,181,103,115,267,230,78,67,700,647,16,15,12,20,8,4,4,2,19,21,719,667,21,20,18,32,15,11,5,2
050,49,011,Utah,Davis County,2001,2,22861,11789,11072,11062,10431,162,111,65,76,143,124,45,35,312,295,11355,10709,265,210,116,135,294,259,86,71,10326,9738,141,96,52,59,136,120,41,34,292,276,10599,9998,239,191,96,108,280,247,81,70,736,693,21,15,13,17,7,4,4,1,20,19,756,711,26,19,20,27,14,12,5,1
050,49,011,Utah,Davis County,2002,2,23145,11927,11218,11185,10530,158,132,59,67,152,131,46,37,327,321,11491,10834,271,249,108,125,315,272,87,77,10413,9807,134,111,44,51,145,124,42,34,308,295,10700,10085,241,221,86,98,301,257,83,72,772,723,24,21,15,16,7,7,4,3,19,26,791,749,30,28,22,27,14,15,4,5
050,49,011,Utah,Davis County,2003,2,23278,11988,11290,11207,10574,161,133,61,71,156,140,47,37,356,335,11541,10890,287,256,115,128,333,290,93,80,10389,9790,133,108,47,53,147,133,43,35,328,309,10695,10080,250,225,93,98,310,273,88,76,818,784,28,25,14,18,9,7,4,2,28,26,846,810,37,31,22,30,23,17,5,4
050,49,011,Utah,Davis County,2004,2,23564,12123,11441,11343,10689,150,129,61,68,162,153,50,45,357,357,11679,11024,274,257,109,129,342,319,96,89,10492,9856,121,102,49,51,154,144,45,40,333,323,10804,10160,236,222,91,98,323,295,91,81,851,833,29,27,12,17,8,9,5,5,24,34,875,864,38,35,18,31,19,24,5,8
050,49,011,Utah,Davis County,2000c,3,23061,11700,11361,11100,10798,113,128,73,67,151,128,28,31,235,209,11326,10992,178,183,129,114,267,233,50,58,10513,10223,106,117,56,51,144,122,24,29,219,185,10723,10396,169,164,101,86,255,219,45,56,587,575,7,11,17,16,7,6,4,2,16,24,603,596,9,19,28,28,12,14,5,2
050,49,011,Utah,Davis County,2000a,3,23061,11700,11361,11100,10798,113,128,73,67,151,128,28,31,235,209,11326,10992,178,183,129,114,267,233,50,58,10513,10223,106,117,56,51,144,122,24,29,219,185,10723,10396,169,164,101,86,255,219,45,56,587,575,7,11,17,16,7,6,4,2,16,24,603,596,9,19,28,28,12,14,5,2
050,49,011,Utah,Davis County,2000,3,23136,11736,11400,11134,10825,119,127,75,68,134,120,42,35,232,225,11353,11033,176,190,132,121,247,228,74,63,10538,10237,112,113,59,52,126,114,39,34,216,207,10741,10429,167,172,108,96,233,214,70,62,596,588,7,14,16,16,8,6,3,1,16,18,612,604,9,18,24,25,14,14,4,1
050,49,011,Utah,Davis County,2001,3,23284,11875,11409,11263,10812,117,128,72,80,142,121,43,35,238,233,11489,11027,177,194,126,137,260,232,77,63,10609,10188,108,112,59,56,133,115,40,35,224,212,10821,10384,165,172,107,102,246,218,73,63,654,624,9,16,13,24,9,6,3,0,14,21,668,643,12,22,19,35,14,14,4,0
050,49,011,Utah,Davis County,2002,3,23420,11976,11444,11321,10842,130,118,78,84,142,125,43,36,262,239,11567,11064,199,186,139,142,269,239,81,66,10638,10177,121,99,65,60,135,119,40,36,240,211,10864,10375,186,156,116,105,254,224,74,63,683,665,9,19,13,24,7,6,3,0,22,28,703,689,13,30,23,37,15,15,7,3
050,49,011,Utah,Davis County,2003,3,23406,11994,11412,11309,10786,143,118,76,85,149,134,47,40,270,249,11562,11018,222,189,137,143,277,255,83,72,10579,10082,128,97,63,62,139,127,43,39,249,224,10811,10291,201,160,115,109,261,238,78,69,730,704,15,21,13,23,10,7,4,1,21,25,751,727,21,29,22,34,16,17,5,3
050,49,011,Utah,Davis County,2004,3,22845,11751,11094,11075,10484,144,115,72,84,144,125,43,37,273,249,11332,10716,225,189,129,140,275,246,83,66,10305,9750,124,93,59,61,134,119,40,36,249,223,10540,9960,200,158,108,106,255,229,74,64,770,734,20,22,13,23,10,6,3,1,24,26,792,756,25,31,21,34,20,17,9,2
050,49,011,Utah,Davis County,2000c,4,24032,12445,11587,11668,10926,188,168,107,98,178,166,52,39,252,190,11894,11096,228,212,176,143,317,268,110,73,11015,10327,175,158,88,80,160,158,47,36,221,167,11215,10478,207,194,141,112,286,251,99,69,653,599,13,10,19,18,18,8,5,3,31,23,679,618,21,18,35,31,31,17,11,4
050,49,011,Utah,Davis County,2000a,4,24032,12445,11587,11668,10926,188,168,107,98,178,166,52,39,252,190,11894,11096,228,212,176,143,317,268,110,73,11015,10327,175,158,88,80,160,158,47,36,221,167,11215,10478,207,194,141,112,286,251,99,69,653,599,13,10,19,18,18,8,5,3,31,23,679,618,21,18,35,31,31,17,11,4
050,49,011,Utah,Davis County,2000,4,23898,12381,11517,11622,10848,186,169,109,93,187,163,50,41,227,203,11825,11036,231,211,174,148,306,263,87,73,10968,10249,170,156,86,74,170,155,45,37,209,186,11157,10420,213,194,142,119,279,251,80,69,654,599,16,13,23,19,17,8,5,4,18,17,668,616,18,17,32,29,27,12,7,4
050,49,011,Utah,Davis County,2001,4,23824,12319,11505,11582,10837,175,166,105,89,184,165,47,40,226,208,11785,11031,223,209,167,145,302,267,81,71,10921,10231,156,151,80,68,169,157,42,37,208,189,11109,10406,201,190,132,114,279,254,75,68,661,606,19,15,25,21,15,8,5,3,18,19,676,625,22,19,35,31,23,13,6,3
050,49,011,Utah,Davis County,2002,4,23394,12089,11305,11342,10637,195,169,101,85,176,159,47,40,228,215,11547,10837,243,216,161,143,298,267,80,70,10646,10005,172,150,75,64,162,152,43,36,209,189,10834,10180,218,191,126,109,274,251,75,65,696,632,23,19,26,21,14,7,4,4,19,26,713,657,25,25,35,34,24,16,5,5
050,49,011,Utah,Davis County,2003,4,23169,11968,11201,11227,10532,200,177,96,90,172,152,44,37,229,213,11432,10731,251,224,155,146,293,255,78,70,10509,9881,179,156,71,66,159,146,41,33,213,188,10701,10056,227,198,123,109,272,241,74,64,718,651,21,21,25,24,13,6,3,4,16,25,731,675,24,26,32,37,21,14,4,6
050,49,011,Utah,Davis County,2004,4,23170,12007,11163,11252,10490,203,174,100,92,171,152,43,37,238,218,11469,10692,259,223,163,150,295,259,74,68,10498,9821,180,154,75,67,160,144,41,34,222,195,10700,10001,233,198,129,112,277,244,72,65,754,669,23,20,25,25,11,8,2,3,16,23,769,691,26,25,34,38,18,15,2,3
050,49,011,Utah,Davis County,2000c,5,20201,10433,9768,9763,9259,216,132,101,84,166,148,37,31,150,114,9895,9363,238,149,153,113,245,210,65,58,9063,8728,205,121,85,79,154,142,36,26,129,100,9178,8820,222,135,125,99,227,200,60,52,700,531,11,11,16,5,12,6,1,5,21,14,717,543,16,14,28,14,18,10,5,6
050,49,011,Utah,Davis County,2000a,5,20201,10433,9768,9763,9259,216,132,101,84,166,148,37,31,150,114,9895,9363,238,149,153,113,245,210,65,58,9063,8728,205,121,85,79,154,142,36,26,129,100,9178,8820,222,135,125,99,227,200,60,52,700,531,11,11,16,5,12,6,1,5,21,14,717,543,16,14,28,14,18,10,5,6
050,49,011,Utah,Davis County,2000,5,20341,10508,9833,9838,9320,215,124,102,82,172,159,36,27,145,121,9965,9429,243,150,146,111,248,224,58,48,9124,8781,202,113,84,73,162,152,33,24,131,116,9240,8885,230,137,117,100,232,216,54,45,714,539,13,11,18,9,10,7,3,3,14,5,725,544,13,13,29,11,16,8,4,3
050,49,011,Utah,Davis County,2001,5,21246,11007,10239,10312,9708,212,119,98,66,191,182,42,32,152,132,10446,9827,239,145,144,97,271,255,66,55,9539,9103,195,106,80,60,179,172,37,28,141,124,9663,9214,221,130,118,86,256,244,61,51,773,605,17,13,18,6,12,10,5,4,11,8,783,613,18,15,26,11,15,11,5,4
050,49,011,Utah,Davis County,2002,5,22813,11753,11060,11022,10467,197,137,101,74,212,197,46,34,175,151,11176,10603,227,169,155,109,307,279,71,59,10233,9820,179,122,83,66,198,186,40,31,159,139,10374,9945,208,151,126,95,286,264,65,56,789,647,18,15,18,8,14,11,6,3,16,12,802,658,19,18,29,14,21,15,6,3
050,49,011,Utah,Davis County,2003,5,24490,12497,11993,11687,11347,217,151,108,79,241,213,49,37,195,166,11859,11496,250,188,169,120,345,300,81,65,10857,10663,198,136,88,70,225,202,44,33,177,158,11014,10804,230,171,137,106,321,288,74,61,830,684,19,15,20,9,16,11,5,4,18,8,845,692,20,17,32,14,24,12,7,4
050,49,011,Utah,Davis County,2004,5,25982,13049,12933,12212,12213,223,171,102,84,255,237,51,39,206,189,12397,12380,259,214,159,127,368,339,84,72,11372,11469,202,151,83,70,239,226,45,35,188,177,11540,11625,236,190,129,107,345,325,77,68,840,744,21,20,19,14,16,11,6,4,18,12,857,755,23,24,30,20,23,14,7,4
050,49,011,Utah,Davis County,2000c,6,17369,8668,8701,8147,8238,152,90,64,74,154,177,27,26,124,96,8247,8324,174,110,103,102,223,235,53,38,7566,7684,141,83,53,59,146,174,25,24,115,86,7659,7762,161,98,85,82,211,227,50,34,581,554,11,7,11,15,8,3,2,2,9,10,588,562,13,12,18,20,12,8,3,4
050,49,011,Utah,Davis County,2000a,6,17369,8668,8701,8147,8238,152,90,64,74,154,177,27,26,124,96,8247,8324,174,110,103,102,223,235,53,38,7566,7684,141,83,53,59,146,174,25,24,115,86,7659,7762,161,98,85,82,211,227,50,34,581,554,11,7,11,15,8,3,2,2,9,10,588,562,13,12,18,20,12,8,3,4
050,49,011,Utah,Davis County,2000,6,17621,8799,8822,8265,8342,157,91,66,71,178,199,29,21,104,98,8352,8428,179,108,99,101,233,250,46,38,7665,7771,145,83,55,57,171,195,26,20,99,91,7747,7850,167,100,83,81,225,245,43,37,600,571,12,8,11,14,7,4,3,1,5,7,605,578,12,8,16,20,8,5,3,1
050,49,011,Utah,Davis County,2001,6,17906,8923,8983,8375,8461,147,92,71,74,194,222,30,26,106,108,8465,8557,168,109,102,106,252,280,48,45,7708,7851,134,79,56,58,188,217,28,24,100,101,7792,7940,155,96,81,84,245,274,46,43,667,610,13,13,15,16,6,5,2,2,6,7,673,617,13,13,21,22,7,6,2,2
050,49,011,Utah,Davis County,2002,6,18743,9405,9338,8811,8786,168,96,78,67,203,243,31,29,114,117,8909,8891,191,117,111,97,267,305,50,51,8080,8168,153,81,59,54,197,237,29,27,106,108,8170,8264,175,100,86,79,259,298,48,48,731,618,15,15,19,13,6,6,2,2,8,9,739,627,16,17,25,18,8,7,2,3
050,49,011,Utah,Davis County,2003,6,20270,10289,9981,9636,9379,174,114,77,68,234,264,38,30,130,126,9747,9491,201,139,113,99,306,333,59,53,8826,8717,154,92,59,54,226,259,36,29,122,117,8930,8820,180,114,89,80,296,327,57,52,810,662,20,22,18,14,8,5,2,1,8,9,817,671,21,25,24,19,10,6,2,1
050,49,011,Utah,Davis County,2004,6,21713,11144,10569,10463,9931,166,120,81,65,253,280,40,36,141,137,10583,10052,194,146,120,97,333,358,63,62,9517,9211,146,97,60,55,241,274,37,33,130,124,9627,9321,172,119,91,81,318,347,60,58,946,720,20,23,21,10,12,6,3,3,11,13,956,731,22,27,29,16,15,11,3,4
050,49,011,Utah,Davis County,2000c,7,15939,7967,7972,7574,7570,112,61,60,59,126,194,33,22,62,66,7630,7627,115,69,84,85,161,228,44,32,7050,7105,111,56,45,49,118,189,31,21,57,60,7101,7156,113,63,65,73,153,221,42,30,524,465,1,5,15,10,8,5,2,1,5,6,529,471,2,6,19,12,8,7,2,2
050,49,011,Utah,Davis County,2000a,7,15939,7967,7972,7574,7570,112,61,60,59,126,194,33,22,62,66,7630,7627,115,69,84,85,161,228,44,32,7050,7105,111,56,45,49,118,189,31,21,57,60,7101,7156,113,63,65,73,153,221,42,30,524,465,1,5,15,10,8,5,2,1,5,6,529,471,2,6,19,12,8,7,2,2
050,49,011,Utah,Davis County,2000,7,16058,8025,8033,7622,7614,111,61,61,58,140,201,22,22,69,77,7679,7682,119,70,86,82,175,245,37,36,7086,7140,110,56,45,50,133,196,22,22,64,69,7138,7200,118,64,65,69,168,238,37,36,536,474,1,5,16,8,7,5,0,0,5,8,541,482,1,6,21,13,7,7,0,0
050,49,011,Utah,Davis County,2001,7,16357,8173,8184,7744,7724,114,78,64,62,156,217,25,23,70,80,7803,7794,123,88,88,87,192,264,39,39,7189,7196,109,70,48,53,147,214,22,23,66,75,7244,7261,118,80,68,74,183,259,36,38,555,528,5,8,16,9,9,3,3,0,4,5,559,533,5,8,20,13,9,5,3,1
050,49,011,Utah,Davis County,2002,7,16627,8295,8332,7844,7851,118,89,68,68,166,219,25,23,74,82,7905,7924,128,99,93,94,206,266,39,38,7244,7277,108,80,51,54,159,215,23,22,67,73,7299,7341,117,89,71,73,197,260,37,36,600,574,10,9,17,14,7,4,2,1,7,9,606,583,11,10,22,21,9,6,2,2
050,49,011,Utah,Davis County,2003,7,16987,8472,8515,7981,7998,125,86,76,71,182,242,29,26,79,92,8047,8078,135,99,102,99,225,296,45,42,7363,7353,116,78,57,52,174,237,26,25,74,80,7424,7423,126,88,78,72,216,287,42,40,618,645,9,8,19,19,8,5,3,1,5,12,623,655,9,11,24,27,9,9,3,2
050,49,011,Utah,Davis County,2004,7,17424,8749,8675,8243,8115,128,90,80,78,181,259,28,27,89,106,8317,8206,143,107,108,111,228,321,44,43,7587,7412,113,78,58,55,174,254,27,26,80,88,7653,7488,126,90,80,78,219,309,43,41,656,703,15,12,22,23,7,5,1,1,9,18,664,718,17,17,28,33,9,12,1,2
050,49,011,Utah,Davis County,2000c,8,17107,8571,8536,8146,8060,139,97,64,68,139,223,22,22,61,66,8197,8120,148,103,93,102,164,249,34,29,7729,7669,134,87,50,53,134,214,19,22,54,57,7773,7720,142,92,76,82,156,237,31,29,417,391,5,10,14,15,5,9,3,0,7,9,424,400,6,11,17,20,8,12,3,0
050,49,011,Utah,Davis County,2000a,8,17107,8571,8536,8146,8060,139,97,64,68,139,223,22,22,61,66,8197,8120,148,103,93,102,164,249,34,29,7729,7669,134,87,50,53,134,214,19,22,54,57,7773,7720,142,92,76,82,156,237,31,29,417,391,5,10,14,15,5,9,3,0,7,9,424,400,6,11,17,20,8,12,3,0
050,49,011,Utah,Davis County,2000,8,17014,8527,8487,8098,8009,138,95,63,67,137,214,23,28,68,74,8157,8076,147,104,91,97,167,247,35,40,7673,7612,133,85,50,52,132,209,20,25,65,68,7729,7673,142,93,75,79,162,240,32,37,425,397,5,10,13,15,5,5,3,3,3,6,428,403,5,11,16,18,5,7,3,3
050,49,011,Utah,Davis County,2001,8,16447,8204,8243,7779,7758,128,90,58,66,152,226,25,28,62,75,7833,7825,135,99,85,95,180,260,35,42,7331,7343,123,79,43,51,147,219,22,25,56,69,7380,7404,130,87,64,76,174,252,32,39,448,415,5,11,15,15,5,7,3,3,6,6,453,421,5,12,21,19,6,8,3,3
050,49,011,Utah,Davis County,2002,8,15906,7956,7950,7534,7471,120,86,57,69,156,227,23,28,66,69,7590,7536,131,91,84,97,186,259,34,39,7061,7044,112,74,43,52,151,221,21,25,60,62,7112,7102,121,79,66,75,180,251,32,36,473,427,8,12,14,17,5,6,2,3,6,7,478,434,10,12,18,22,6,8,2,3
050,49,011,Utah,Davis County,2003,8,15691,7861,7830,7448,7351,113,88,55,66,156,227,24,28,65,70,7505,7415,123,97,81,91,186,260,36,40,6924,6897,105,73,43,50,151,220,22,25,61,64,6977,6955,115,81,65,72,181,251,34,37,524,454,8,15,12,16,5,7,2,3,4,6,528,460,8,16,16,19,5,9,2,3
050,49,011,Utah,Davis County,2004,8,15704,7821,7883,7397,7405,109,86,51,60,167,235,26,27,71,70,7458,7469,121,94,75,86,202,269,41,38,6838,6910,100,72,37,45,160,228,23,25,63,63,6892,6968,109,79,56,67,194,259,38,36,559,495,9,14,14,15,7,7,3,2,8,7,566,501,12,15,19,19,8,10,3,2
050,49,011,Utah,Davis County,2000c,9,16950,8582,8368,8205,7979,107,83,49,39,131,203,30,16,60,48,8253,8019,115,86,74,57,161,229,43,28,7836,7645,103,75,38,27,126,197,30,14,53,47,7877,7684,110,78,58,44,154,223,43,26,369,334,4,8,11,12,5,6,0,2,7,1,376,335,5,8,16,13,7,6,0,2
050,49,011,Utah,Davis County,2000a,9,16950,8582,8368,8205,7979,107,83,49,39,131,203,30,16,60,48,8253,8019,115,86,74,57,161,229,43,28,7836,7645,103,75,38,27,126,197,30,14,53,47,7877,7684,110,78,58,44,154,223,43,26,369,334,4,8,11,12,5,6,0,2,7,1,376,335,5,8,16,13,7,6,0,2
050,49,011,Utah,Davis County,2000,9,16992,8600,8392,8214,7990,108,80,48,38,138,193,22,26,70,65,8272,8046,116,85,79,62,171,227,34,41,7837,7652,104,72,37,28,135,189,22,25,66,60,7891,7703,112,77,64,47,168,222,34,40,377,338,4,8,11,10,3,4,0,1,4,5,381,343,4,8,15,15,3,5,0,1
050,49,011,Utah,Davis County,2001,9,17228,8652,8576,8264,8159,110,83,46,40,140,201,24,27,68,66,8320,8217,117,90,75,66,174,232,37,40,7860,7794,105,74,38,28,136,195,23,25,65,60,7913,7846,112,81,64,48,170,226,36,38,404,365,5,9,8,12,4,6,1,2,3,6,407,371,5,9,11,18,4,6,1,2
050,49,011,Utah,Davis County,2002,9,17341,8706,8635,8324,8194,109,89,50,47,133,208,23,28,67,69,8382,8254,115,96,78,72,165,243,34,42,7895,7796,103,80,37,35,128,202,20,27,62,65,7948,7852,109,87,61,56,159,237,31,41,429,398,6,9,13,12,5,6,3,1,5,4,434,402,6,9,17,16,6,6,3,1
050,49,011,Utah,Davis County,2003,9,17369,8706,8663,8296,8205,126,93,55,52,138,210,22,29,69,74,8355,8270,133,102,83,79,172,248,35,44,7843,7791,117,81,40,42,133,205,21,28,64,69,7897,7851,124,89,63,65,166,242,34,43,453,414,9,12,15,10,5,5,1,1,5,5,458,419,9,13,20,14,6,6,1,1
050,49,011,Utah,Davis County,2004,9,17415,8786,8629,8345,8138,141,101,59,61,145,222,24,31,72,76,8406,8203,150,110,89,89,179,261,36,46,7882,7706,132,89,45,48,140,216,23,29,67,72,7938,7767,141,97,70,73,174,255,35,44,463,432,9,12,14,13,5,6,1,2,5,4,468,436,9,13,19,16,5,6,1,2
050,49,011,Utah,Davis County,2000c,10,14527,7189,7338,6884,6964,106,69,38,31,104,206,22,17,35,51,6914,7006,109,74,54,60,121,226,28,25,6591,6680,102,67,30,24,101,202,20,16,33,48,6619,6719,105,72,44,51,118,221,26,24,293,284,4,2,8,7,3,4,2,1,2,3,295,287,4,2,10,9,3,5,2,1
050,49,011,Utah,Davis County,2000a,10,14527,7189,7338,6884,6964,106,69,38,31,104,206,22,17,35,51,6914,7006,109,74,54,60,121,226,28,25,6591,6680,102,67,30,24,101,202,20,16,33,48,6619,6719,105,72,44,51,118,221,26,24,293,284,4,2,8,7,3,4,2,1,2,3,295,287,4,2,10,9,3,5,2,1
050,49,011,Utah,Davis County,2000,10,14641,7245,7396,6931,7014,105,70,38,37,109,208,16,19,46,48,6970,7053,111,73,60,59,127,232,24,29,6633,6725,101,68,30,29,104,203,16,19,43,47,6669,6763,106,71,50,50,122,227,24,29,298,289,4,2,8,8,5,5,0,0,3,1,301,290,5,2,10,9,5,5,0,0
050,49,011,Utah,Davis County,2001,10,15096,7534,7562,7216,7169,98,73,41,36,112,211,17,21,50,52,7259,7211,104,76,65,58,132,238,25,34,6869,6858,94,70,30,28,107,205,17,21,45,50,6907,6898,99,73,51,48,126,232,25,34,347,311,4,3,11,8,5,6,0,0,5,2,352,313,5,3,14,10,6,6,0,0
050,49,011,Utah,Davis County,2002,10,15616,7791,7825,7445,7426,112,81,41,36,122,204,19,19,52,59,7489,7473,120,84,64,61,144,238,27,33,7090,7104,107,77,28,26,119,199,19,19,49,54,7131,7147,114,80,49,47,141,231,27,33,355,322,5,4,13,10,3,5,0,0,3,5,358,326,6,4,15,14,3,7,0,0
050,49,011,Utah,Davis County,2003,10,16081,8048,8033,7672,7601,115,88,50,38,132,222,21,22,58,62,7722,7651,123,91,79,65,155,256,29,37,7323,7263,107,81,32,27,129,217,21,22,51,57,7366,7309,114,84,55,49,151,250,29,37,349,338,8,7,18,11,3,5,0,0,7,5,356,342,9,7,24,16,4,6,0,0
050,49,011,Utah,Davis County,2004,10,16427,8221,8206,7847,7791,106,92,55,33,135,212,22,21,56,57,7897,7840,112,95,83,55,157,243,30,35,7460,7426,99,80,35,22,131,207,22,20,50,54,7504,7472,105,83,57,41,152,238,30,34,387,365,7,12,20,11,4,5,0,1,6,3,393,368,7,12,26,14,5,5,0,1
050,49,011,Utah,Davis County,2000c,11,11312,5642,5670,5447,5421,57,35,29,26,73,150,8,6,28,32,5471,5452,61,37,45,44,82,161,12,11,5251,5236,57,35,28,23,69,148,8,4,24,29,5271,5264,60,36,42,39,77,159,12,9,196,185,0,0,1,3,4,2,0,2,4,3,200,188,1,1,3,5,5,2,0,2
050,49,011,Utah,Davis County,2000a,11,11312,5642,5670,5447,5421,57,35,29,26,73,150,8,6,28,32,5471,5452,61,37,45,44,82,161,12,11,5251,5236,57,35,28,23,69,148,8,4,24,29,5271,5264,60,36,42,39,77,159,12,9,196,185,0,0,1,3,4,2,0,2,4,3,200,188,1,1,3,5,5,2,0,2
050,49,011,Utah,Davis County,2000,11,11470,5718,5752,5517,5492,59,35,27,27,72,145,11,15,32,38,5547,5525,60,37,46,44,83,164,15,22,5315,5302,59,35,26,24,68,141,11,15,31,37,5344,5334,60,37,44,41,79,159,15,22,202,190,0,0,1,3,4,4,0,0,1,1,203,191,0,0,2,3,4,5,0,0
050,49,011,Utah,Davis County,2001,11,12205,6115,6090,5885,5813,70,43,31,29,82,151,10,15,37,39,5916,5847,72,47,53,47,97,169,16,22,5661,5602,69,42,28,26,77,148,10,15,34,37,5690,5635,70,45,48,43,90,165,15,22,224,211,1,1,3,3,5,3,0,0,3,2,226,212,2,2,5,4,7,4,1,0
050,49,011,Utah,Davis County,2002,11,12430,6205,6225,5954,5909,71,48,34,32,94,174,13,16,39,46,5988,5949,73,51,56,53,109,197,18,26,5722,5681,71,46,31,29,91,169,13,16,37,43,5754,5718,73,49,51,48,106,191,18,26,232,228,0,2,3,3,3,5,0,0,2,3,234,231,0,2,5,5,3,6,0,0
050,49,011,Utah,Davis County,2003,11,12922,6397,6525,6126,6181,84,59,35,35,98,181,12,17,42,52,6162,6227,86,65,58,57,116,205,18,29,5861,5928,83,56,31,30,94,176,12,17,39,50,5894,5972,85,62,51,50,112,200,18,29,265,253,1,3,4,5,4,5,0,0,3,2,268,255,1,3,7,7,4,5,0,0
050,49,011,Utah,Davis County,2004,11,13620,6704,6916,6428,6532,85,64,30,39,104,204,13,20,44,57,6466,6578,88,72,54,59,122,234,19,34,6153,6263,81,60,25,32,99,199,13,19,39,52,6186,6305,83,67,45,49,117,227,19,33,275,269,4,4,5,7,5,5,0,1,5,5,280,273,5,5,9,10,5,7,0,1
050,49,011,Utah,Davis County,2000c,12,8550,4216,4334,4103,4202,28,19,7,6,49,85,6,5,23,17,4125,4216,29,20,24,15,54,93,10,7,3975,4071,27,18,6,5,48,84,6,5,21,15,3995,4083,28,19,21,13,53,92,10,6,128,131,1,1,1,1,1,1,0,0,2,2,130,133,1,1,3,2,1,1,0,1
050,49,011,Utah,Davis County,2000a,12,8550,4216,4334,4103,4202,28,19,7,6,49,85,6,5,23,17,4125,4216,29,20,24,15,54,93,10,7,3975,4071,27,18,6,5,48,84,6,5,21,15,3995,4083,28,19,21,13,53,92,10,6,128,131,1,1,1,1,1,1,0,0,2,2,130,133,1,1,3,2,1,1,0,1
050,49,011,Utah,Davis County,2000,12,8597,4237,4360,4127,4224,28,19,11,9,48,85,6,8,17,15,4142,4237,30,20,21,14,54,93,8,11,3996,4091,27,18,9,8,47,84,6,8,16,15,4010,4104,29,19,18,13,53,92,8,11,131,133,1,1,2,1,1,1,0,0,1,0,132,133,1,1,3,1,1,1,0,0
050,49,011,Utah,Davis County,2001,12,8695,4292,4403,4163,4246,34,21,12,10,54,99,8,10,21,17,4181,4262,37,23,22,17,62,106,12,12,4028,4099,33,20,10,8,53,98,8,10,21,15,4046,4113,36,22,20,13,61,105,12,12,135,147,1,1,2,2,1,1,0,0,0,2,135,149,1,1,2,4,1,1,0,0
050,49,011,Utah,Davis County,2002,12,9511,4734,4777,4599,4610,38,22,14,13,54,100,7,11,22,21,4619,4630,42,24,27,21,61,110,10,13,4444,4459,36,21,12,10,53,99,7,11,21,19,4463,4477,40,23,24,17,60,108,10,13,155,151,2,1,2,3,1,1,0,0,1,2,156,153,2,1,3,4,1,2,0,0
050,49,011,Utah,Davis County,2003,12,10019,5024,4995,4866,4794,37,33,19,16,65,117,11,12,26,23,4888,4815,42,35,32,25,75,128,16,15,4694,4632,36,33,17,14,65,116,10,12,26,21,4716,4651,41,35,30,22,75,126,15,15,172,162,1,0,2,2,0,1,1,0,0,2,172,164,1,0,2,3,0,2,1,0
050,49,011,Utah,Davis County,2004,12,10582,5277,5305,5087,5081,51,31,22,20,73,132,10,13,34,28,5115,5105,56,34,41,33,86,144,16,17,4893,4906,49,30,19,16,71,130,9,13,33,25,4920,4927,54,33,37,27,84,141,15,17,194,175,2,1,3,4,2,2,1,0,1,3,195,178,2,1,4,6,2,3,1,0
050,49,011,Utah,Davis County,2000c,13,6505,3155,3350,3064,3228,28,19,11,16,38,72,7,3,7,12,3071,3238,28,20,14,24,41,77,8,3,2987,3120,28,19,9,13,36,71,7,3,4,11,2991,3129,28,19,11,21,37,76,8,3,77,108,0,0,2,3,2,1,0,0,3,1,80,109,0,1,3,3,4,1,0,0
050,49,011,Utah,Davis County,2000a,13,6505,3155,3350,3064,3228,28,19,11,16,38,72,7,3,7,12,3071,3238,28,20,14,24,41,77,8,3,2987,3120,28,19,9,13,36,71,7,3,4,11,2991,3129,28,19,11,21,37,76,8,3,77,108,0,0,2,3,2,1,0,0,3,1,80,109,0,1,3,3,4,1,0,0
050,49,011,Utah,Davis County,2000,13,6537,3172,3365,3074,3242,28,18,9,15,39,66,5,9,17,15,3090,3256,29,19,19,24,46,72,6,9,2995,3132,28,18,7,12,37,65,5,9,15,14,3009,3145,29,19,15,20,44,71,6,9,79,110,0,0,2,3,2,1,0,0,2,1,81,111,0,0,4,4,2,1,0,0
050,49,011,Utah,Davis County,2001,13,6714,3264,3450,3169,3324,25,20,8,14,40,68,5,9,17,15,3185,3338,27,20,17,23,47,75,6,10,3081,3211,25,20,7,12,38,67,5,9,16,15,3096,3225,27,20,15,21,45,74,6,10,88,113,0,0,1,2,2,1,0,0,1,0,89,113,0,0,2,2,2,1,0,0
050,49,011,Utah,Davis County,2002,13,6889,3367,3522,3271,3404,22,19,10,10,41,69,6,8,17,12,3288,3416,24,19,19,16,48,75,6,9,3172,3282,22,19,9,9,39,69,5,8,15,12,3187,3294,24,19,17,15,45,75,5,9,99,122,0,0,1,1,2,0,1,0,2,0,101,122,0,0,2,1,3,0,1,0
050,49,011,Utah,Davis County,2003,13,7365,3593,3772,3486,3654,28,21,13,8,40,66,5,8,21,15,3505,3668,31,23,24,15,49,73,6,9,3379,3527,27,20,11,6,39,66,5,7,20,14,3397,3540,30,21,22,13,47,73,6,8,107,127,1,1,2,2,1,0,0,1,1,1,108,128,1,2,2,2,2,0,0,1
050,49,011,Utah,Davis County,2004,13,7900,3830,4070,3723,3943,24,22,11,8,45,73,6,8,21,16,3742,3958,27,23,22,17,53,80,8,9,3602,3806,24,21,10,7,44,71,6,8,20,16,3620,3821,27,22,20,16,52,78,8,9,121,137,0,1,1,1,1,2,0,0,1,0,122,137,0,1,2,1,1,2,0,0
050,49,011,Utah,Davis County,2000c,14,5541,2636,2905,2568,2805,21,14,5,6,30,67,3,4,9,9,2577,2812,22,16,12,11,31,71,3,4,2486,2722,21,14,4,4,30,67,3,4,7,9,2493,2729,22,16,9,9,31,71,3,4,82,83,0,0,1,2,0,0,0,0,2,0,84,83,0,0,3,2,0,0,0,0
050,49,011,Utah,Davis County,2000a,14,5541,2636,2905,2568,2805,21,14,5,6,30,67,3,4,9,9,2577,2812,22,16,12,11,31,71,3,4,2486,2722,21,14,4,4,30,67,3,4,7,9,2493,2729,22,16,9,9,31,71,3,4,82,83,0,0,1,2,0,0,0,0,2,0,84,83,0,0,3,2,0,0,0,0
050,49,011,Utah,Davis County,2000,14,5591,2658,2933,2588,2829,21,15,5,6,30,65,4,6,10,12,2598,2839,22,16,10,11,34,72,4,7,2503,2744,21,15,4,4,30,65,4,6,10,12,2513,2754,22,16,9,9,34,72,4,7,85,85,0,0,1,2,0,0,0,0,0,0,85,85,0,0,1,2,0,0,0,0
050,49,011,Utah,Davis County,2001,14,5853,2766,3087,2695,2984,21,12,4,8,32,64,4,6,10,13,2705,2995,22,13,9,13,36,72,4,7,2605,2899,21,11,3,5,31,64,4,6,10,13,2615,2910,22,12,8,10,35,72,4,7,90,85,0,1,1,3,1,0,0,0,0,0,90,85,0,1,1,3,1,0,0,0
050,49,011,Utah,Davis County,2002,14,6040,2792,3248,2717,3130,21,14,4,11,35,69,4,8,11,16,2728,3142,22,16,10,19,39,78,4,9,2634,3039,21,14,3,8,34,69,4,8,11,15,2645,3050,22,16,9,15,38,78,4,9,83,91,0,0,1,3,1,0,0,0,0,1,83,92,0,0,1,4,1,0,0,0
050,49,011,Utah,Davis County,2003,14,6245,2927,3318,2843,3197,21,13,4,11,40,72,6,8,13,17,2854,3209,23,15,10,18,46,83,7,10,2758,3100,21,12,3,9,39,71,5,8,12,15,2768,3111,23,13,8,16,45,80,6,10,85,97,0,1,1,2,1,1,1,0,1,2,86,98,0,2,2,2,1,3,1,0
050,49,011,Utah,Davis County,2004,14,6491,3091,3400,2983,3269,27,17,10,12,47,76,5,9,19,17,2998,3279,31,20,19,18,54,88,9,12,2903,3161,27,16,8,9,46,75,5,9,17,16,2917,3171,31,18,15,15,53,86,8,12,80,108,0,1,2,3,1,1,0,0,2,1,81,108,0,2,4,3,1,2,1,0
050,49,011,Utah,Davis County,2000c,15,4434,2074,2360,2038,2284,6,8,3,9,22,49,2,3,3,7,2041,2291,7,8,5,15,22,50,2,3,1992,2219,5,8,2,7,22,48,1,3,2,5,1994,2224,6,8,3,12,22,48,1,3,46,65,1,0,1,2,0,1,1,0,1,2,47,67,1,0,2,3,0,2,1,0
050,49,011,Utah,Davis County,2000a,15,4434,2074,2360,2038,2284,6,8,3,9,22,49,2,3,3,7,2041,2291,7,8,5,15,22,50,2,3,1992,2219,5,8,2,7,22,48,1,3,2,5,1994,2224,6,8,3,12,22,48,1,3,46,65,1,0,1,2,0,1,1,0,1,2,47,67,1,0,2,3,0,2,1,0
050,49,011,Utah,Davis County,2000,15,4466,2094,2372,2059,2295,6,8,2,9,21,50,1,5,5,5,2064,2299,6,8,5,12,23,52,1,6,2012,2228,5,8,1,7,20,49,1,5,5,5,2017,2232,5,8,4,10,22,51,1,6,47,67,1,0,1,2,1,1,0,0,0,0,47,67,1,0,1,2,1,1,0,0
050,49,011,Utah,Davis County,2001,15,4654,2179,2475,2125,2389,12,9,5,7,27,55,4,6,6,9,2131,2397,12,9,9,12,29,60,4,9,2077,2306,11,9,4,6,27,55,4,6,6,9,2083,2314,11,9,8,11,29,60,4,9,48,83,1,0,1,1,0,0,0,0,0,0,48,83,1,0,1,1,0,0,0,0
050,49,011,Utah,Davis County,2002,15,4839,2300,2539,2242,2445,19,10,4,9,24,62,4,6,7,7,2249,2452,19,10,8,14,27,64,4,6,2185,2358,18,10,3,8,24,62,4,5,7,7,2192,2365,18,10,7,13,27,64,4,5,57,87,1,0,1,1,0,0,0,1,0,0,57,87,1,0,1,1,0,0,0,1
050,49,011,Utah,Davis County,2003,15,5111,2415,2696,2345,2597,22,12,5,8,28,64,4,5,11,10,2354,2605,24,12,9,13,34,69,5,8,2278,2500,21,12,4,8,28,62,4,5,11,10,2287,2508,23,12,8,13,34,67,5,8,67,97,1,0,1,0,0,2,0,0,0,0,67,97,1,0,1,0,0,2,0,0
050,49,011,Utah,Davis County,2004,15,5303,2502,2801,2423,2697,25,14,5,8,33,66,6,5,10,11,2432,2705,26,14,8,13,39,72,8,9,2345,2596,24,14,4,7,33,66,6,5,10,11,2354,2604,25,14,7,12,39,72,8,9,78,101,1,0,1,1,0,0,0,0,0,0,78,101,1,0,1,1,0,0,0,0
050,49,011,Utah,Davis County,2000c,16,3666,1668,1998,1625,1952,5,7,4,3,30,31,1,1,3,4,1627,1955,5,7,7,5,31,34,1,1,1576,1919,5,7,3,2,30,31,1,1,3,4,1578,1922,5,7,6,4,31,34,1,1,49,33,0,0,1,1,0,0,0,0,0,0,49,33,0,0,1,1,0,0,0,0
050,49,011,Utah,Davis County,2000a,16,3666,1668,1998,1625,1952,5,7,4,3,30,31,1,1,3,4,1627,1955,5,7,7,5,31,34,1,1,1576,1919,5,7,3,2,30,31,1,1,3,4,1578,1922,5,7,6,4,31,34,1,1,49,33,0,0,1,1,0,0,0,0,0,0,49,33,0,0,1,1,0,0,0,0
050,49,011,Utah,Davis County,2000,16,3714,1694,2020,1645,1973,5,7,5,3,30,32,1,1,8,4,1653,1977,5,7,9,5,34,34,1,1,1595,1939,5,7,4,2,30,32,1,1,8,4,1603,1943,5,7,8,4,34,34,1,1,50,34,0,0,1,1,0,0,0,0,0,0,50,34,0,0,1,1,0,0,0,0
050,49,011,Utah,Davis County,2001,16,3740,1722,2018,1677,1956,3,9,5,6,28,39,2,2,7,6,1684,1962,3,9,9,10,31,41,2,2,1621,1915,3,9,3,4,28,39,2,2,7,5,1628,1920,3,9,7,7,31,41,2,2,56,41,0,0,2,2,0,0,0,0,0,1,56,42,0,0,2,3,0,0,0,0
050,49,011,Utah,Davis County,2002,16,3720,1697,2023,1652,1958,5,8,3,6,27,40,2,2,8,9,1660,1967,5,8,7,11,31,44,2,2,1597,1907,5,8,1,3,27,40,2,2,8,8,1605,1915,5,8,5,7,31,44,2,2,55,51,0,0,2,3,0,0,0,0,0,1,55,52,0,0,2,4,0,0,0,0
050,49,011,Utah,Davis County,2003,16,3720,1707,2013,1660,1942,8,7,3,5,27,48,2,3,7,8,1667,1950,8,7,6,8,31,53,2,3,1607,1887,8,7,1,4,27,48,2,3,7,8,1614,1895,8,7,4,7,31,53,2,3,53,55,0,0,2,1,0,0,0,0,0,0,53,55,0,0,2,1,0,0,0,0
050,49,011,Utah,Davis County,2004,16,3797,1769,2028,1729,1953,7,6,3,8,21,50,1,2,8,9,1737,1962,7,6,7,12,25,55,1,2,1677,1892,7,6,1,6,21,48,1,2,8,9,1685,1901,7,6,5,10,25,53,1,2,52,61,0,0,2,2,0,2,0,0,0,0,52,61,0,0,2,2,0,2,0,0
050,49,011,Utah,Davis County,2000c,17,2205,894,1311,887,1287,0,2,1,2,4,18,0,0,2,2,889,1289,0,3,3,3,4,18,0,0,878,1266,0,2,0,2,4,18,0,0,2,2,880,1268,0,3,2,3,4,18,0,0,9,21,0,0,1,0,0,0,0,0,0,0,9,21,0,0,1,0,0,0,0,0
050,49,011,Utah,Davis County,2000a,17,2205,894,1311,887,1287,0,2,1,2,4,18,0,0,2,2,889,1289,0,3,3,3,4,18,0,0,878,1266,0,2,0,2,4,18,0,0,2,2,880,1268,0,3,2,3,4,18,0,0,9,21,0,0,1,0,0,0,0,0,0,0,9,21,0,0,1,0,0,0,0,0
050,49,011,Utah,Davis County,2000,17,2231,900,1331,895,1306,0,3,1,2,4,18,0,0,0,2,895,1308,0,3,1,3,4,19,0,0,885,1282,0,3,0,2,4,18,0,0,0,2,885,1284,0,3,0,3,4,19,0,0,10,24,0,0,1,0,0,0,0,0,0,0,10,24,0,0,1,0,0,0,0,0
050,49,011,Utah,Davis County,2001,17,2426,981,1445,966,1419,2,1,1,2,9,17,1,1,2,5,968,1424,2,1,1,4,11,20,1,1,952,1397,2,1,1,2,9,17,1,1,2,5,954,1402,2,1,1,4,11,20,1,1,14,22,0,0,0,0,0,0,0,0,0,0,14,22,0,0,0,0,0,0,0,0
050,49,011,Utah,Davis County,2002,17,2569,1068,1501,1047,1474,2,3,2,4,14,16,1,0,2,4,1049,1477,3,4,2,7,15,17,1,0,1028,1452,2,3,2,3,14,16,1,0,2,4,1030,1455,3,4,2,6,15,17,1,0,19,22,0,0,0,1,0,0,0,0,0,0,19,22,0,0,0,1,0,0,0,0
050,49,011,Utah,Davis County,2003,17,2592,1072,1520,1049,1491,2,4,2,3,15,19,2,0,2,3,1051,1494,2,4,3,4,16,21,2,0,1024,1462,2,4,2,3,15,19,2,0,2,3,1026,1465,2,4,3,4,16,21,2,0,25,29,0,0,0,0,0,0,0,0,0,0,25,29,0,0,0,0,0,0,0,0
050,49,011,Utah,Davis County,2004,17,2656,1072,1584,1038,1546,5,5,4,3,21,26,1,1,3,3,1041,1549,5,5,5,4,23,28,1,1,1009,1509,5,5,4,2,21,26,1,1,3,3,1012,1512,5,5,5,3,23,28,1,1,29,37,0,0,0,1,0,0,0,0,0,0,29,37,0,0,0,1,0,0,0,0
050,49,011,Utah,Davis County,2000c,18,1694,532,1162,522,1142,1,2,1,1,7,14,1,2,0,1,522,1143,1,3,1,1,7,14,1,2,506,1123,0,2,0,1,7,14,1,2,0,0,506,1123,0,2,0,1,7,14,1,2,16,19,1,0,1,0,0,0,0,0,0,1,16,20,1,1,1,0,0,0,0,0
050,49,011,Utah,Davis County,2000a,18,1694,532,1162,522,1142,1,2,1,1,7,14,1,2,0,1,522,1143,1,3,1,1,7,14,1,2,506,1123,0,2,0,1,7,14,1,2,0,0,506,1123,0,2,0,1,7,14,1,2,16,19,1,0,1,0,0,0,0,0,0,1,16,20,1,1,1,0,0,0,0,0
050,49,011,Utah,Davis County,2000,18,1719,544,1175,533,1155,1,2,1,1,7,14,1,1,1,2,534,1157,1,2,2,2,7,15,1,1,516,1135,0,2,0,1,7,14,1,1,1,2,517,1137,0,2,1,2,7,15,1,1,17,20,1,0,1,0,0,0,0,0,0,0,17,20,1,0,1,0,0,0,0,0
050,49,011,Utah,Davis County,2001,18,1728,564,1164,553,1140,1,3,1,0,7,16,1,2,1,3,554,1142,1,3,2,1,7,18,1,3,535,1115,0,2,0,0,7,16,1,2,1,3,536,1117,0,2,1,1,7,18,1,3,18,25,1,1,1,0,0,0,0,0,0,0,18,25,1,1,1,0,0,0,0,0
050,49,011,Utah,Davis County,2002,18,1805,601,1204,588,1177,1,3,2,0,8,19,1,2,1,3,589,1179,1,3,3,1,8,21,1,3,569,1145,0,2,1,0,8,19,1,2,1,3,570,1147,0,2,2,1,8,21,1,3,19,32,1,1,1,0,0,0,0,0,0,0,19,32,1,1,1,0,0,0,0,0
050,49,011,Utah,Davis County,2003,18,1915,671,1244,657,1216,1,5,3,0,8,19,1,2,1,2,658,1217,1,5,4,1,8,20,1,3,638,1181,0,4,1,0,8,19,1,2,1,2,639,1182,0,4,2,1,8,20,1,3,19,35,1,1,2,0,0,0,0,0,0,0,19,35,1,1,2,0,0,0,0,0
050,49,011,Utah,Davis County,2004,18,1982,709,1273,693,1240,2,5,3,1,8,22,1,2,2,3,695,1242,2,5,4,2,9,24,1,3,675,1200,1,4,1,1,8,22,1,2,2,3,677,1202,1,4,2,2,9,24,1,3,18,40,1,1,2,0,0,0,0,0,0,0,18,40,1,1,2,0,0,0,0,0
050,49,013,Utah,Duchesne County,2000c,0,14371,7286,7085,6725,6516,11,11,391,400,14,16,6,2,139,140,6853,6653,23,22,516,523,27,24,11,6,6497,6310,9,9,360,375,12,15,6,2,133,135,6620,6442,20,20,479,493,24,23,11,6,228,206,2,2,31,25,2,1,0,0,6,5,233,211,3,2,37,30,3,1,0,0
050,49,013,Utah,Duchesne County,2000a,0,14371,7286,7085,6725,6516,11,11,391,400,14,16,6,2,139,140,6853,6653,23,22,516,523,27,24,11,6,6497,6310,9,9,360,375,12,15,6,2,133,135,6620,6442,20,20,479,493,24,23,11,6,228,206,2,2,31,25,2,1,0,0,6,5,233,211,3,2,37,30,3,1,0,0
050,49,013,Utah,Duchesne County,2000,0,14379,7299,7080,6757,6539,13,7,391,397,16,15,0,1,122,121,6877,6654,16,16,509,514,19,16,0,1,6528,6333,11,6,358,373,15,14,0,1,118,117,6644,6445,14,14,472,486,18,15,0,1,229,206,2,1,33,24,1,1,0,0,4,4,233,209,2,2,37,28,1,1,0,0
050,49,013,Utah,Duchesne County,2001,0,14568,7398,7170,6830,6589,14,11,417,425,14,16,0,0,123,129,6951,6713,19,19,532,548,19,19,0,0,6586,6375,12,9,384,398,13,15,0,0,120,124,6704,6494,17,17,496,517,18,17,0,0,244,214,2,2,33,27,1,1,0,0,3,5,247,219,2,2,36,31,1,2,0,0
050,49,013,Utah,Duchesne County,2002,0,14859,7540,7319,6996,6769,16,13,386,393,20,19,0,2,122,123,7116,6888,20,20,501,510,25,22,0,2,6706,6518,14,11,351,368,19,18,0,2,116,120,6820,6634,18,18,460,482,24,21,0,2,290,251,2,2,35,25,1,1,0,0,6,3,296,254,2,2,41,28,1,1,0,0
050,49,013,Utah,Duchesne County,2003,0,14911,7568,7343,7001,6753,17,14,403,423,25,26,0,0,122,127,7120,6876,23,21,515,543,32,30,0,0,6725,6517,15,12,366,392,25,25,0,0,116,123,6838,6636,21,19,472,508,32,29,0,0,276,236,2,2,37,31,0,1,0,0,6,4,282,240,2,2,43,35,0,1,0,0
050,49,013,Utah,Duchesne County,2004,0,15004,7600,7404,7070,6820,17,15,364,411,26,29,1,1,122,128,7190,6943,22,25,475,528,34,35,1,1,6772,6572,15,13,326,375,26,28,1,1,116,121,6886,6688,20,23,431,486,34,33,1,1,298,248,2,2,38,36,0,1,0,0,6,7,304,255,2,2,44,42,0,2,0,0
050,49,013,Utah,Duchesne County,2000c,1,1306,681,625,616,556,0,1,47,44,0,0,0,0,18,24,634,578,0,3,61,66,2,2,2,0,597,533,0,0,43,41,0,0,0,0,17,24,614,555,0,2,56,63,2,2,2,0,19,23,0,1,4,3,0,0,0,0,1,0,20,23,0,1,5,3,0,0,0,0
050,49,013,Utah,Duchesne County,2000a,1,1306,681,625,616,556,0,1,47,44,0,0,0,0,18,24,634,578,0,3,61,66,2,2,2,0,597,533,0,0,43,41,0,0,0,0,17,24,614,555,0,2,56,63,2,2,2,0,19,23,0,1,4,3,0,0,0,0,1,0,20,23,0,1,5,3,0,0,0,0
050,49,013,Utah,Duchesne County,2000,1,1310,683,627,622,564,0,0,45,46,0,0,0,0,16,17,638,579,0,2,60,63,1,0,0,0,603,541,0,0,41,43,0,0,0,0,15,16,618,556,0,1,55,59,1,0,0,0,19,23,0,0,4,3,0,0,0,0,1,1,20,23,0,1,5,4,0,0,0,0
050,49,013,Utah,Duchesne County,2001,1,1328,679,649,621,583,0,1,44,49,0,0,0,0,14,16,635,599,0,1,56,64,2,1,0,0,602,559,0,0,40,46,0,0,0,0,13,16,615,575,0,0,51,61,2,1,0,0,19,24,0,1,4,3,0,0,0,0,1,0,20,24,0,1,5,3,0,0,0,0
050,49,013,Utah,Duchesne County,2002,1,1376,705,671,640,611,0,1,49,45,2,1,0,0,14,13,654,624,0,1,60,56,5,3,0,0,615,578,0,0,44,42,2,1,0,0,12,13,627,591,0,0,53,53,5,3,0,0,25,33,0,1,5,3,0,0,0,0,2,0,27,33,0,1,7,3,0,0,0,0
050,49,013,Utah,Duchesne County,2003,1,1425,734,691,668,621,0,1,48,52,3,2,0,0,15,15,683,636,0,1,58,64,8,5,0,0,640,592,0,0,40,47,3,2,0,0,13,14,653,606,0,0,48,58,8,5,0,0,28,29,0,1,8,5,0,0,0,0,2,1,30,30,0,1,10,6,0,0,0,0
050,49,013,Utah,Duchesne County,2004,1,1459,757,702,699,623,0,0,42,61,4,3,0,0,12,15,711,638,0,0,50,73,8,6,0,0,667,594,0,0,36,51,4,3,0,0,11,13,678,607,0,0,43,61,8,6,0,0,32,29,0,0,6,10,0,0,0,0,1,2,33,31,0,0,7,12,0,0,0,0
050,49,013,Utah,Duchesne County,2000c,2,1401,718,683,642,596,2,3,47,52,0,0,0,0,27,32,668,628,3,9,71,77,4,2,0,0,618,570,2,2,41,43,0,0,0,0,27,31,644,601,3,8,65,67,4,2,0,0,24,26,0,1,6,9,0,0,0,0,0,1,24,27,0,1,6,10,0,0,0,0
050,49,013,Utah,Duchesne County,2000a,2,1401,718,683,642,596,2,3,47,52,0,0,0,0,27,32,668,628,3,9,71,77,4,2,0,0,618,570,2,2,41,43,0,0,0,0,27,31,644,601,3,8,65,67,4,2,0,0,24,26,0,1,6,9,0,0,0,0,0,1,24,27,0,1,6,10,0,0,0,0
050,49,013,Utah,Duchesne County,2000,2,1394,717,677,647,600,2,2,50,54,0,0,0,0,18,21,665,619,3,6,66,73,1,0,0,0,623,574,2,1,44,46,0,0,0,0,17,19,640,591,3,5,59,63,1,0,0,0,24,26,0,1,6,8,0,0,0,0,1,2,25,28,0,1,7,10,0,0,0,0
050,49,013,Utah,Duchesne County,2001,2,1421,741,680,664,601,2,3,55,55,0,0,0,0,20,21,683,619,5,8,72,74,1,0,0,0,638,573,2,2,49,50,0,0,0,0,18,20,655,590,5,7,64,68,1,0,0,0,26,28,0,1,6,5,0,0,0,0,2,1,28,29,0,1,8,6,0,0,0,0
050,49,013,Utah,Duchesne County,2002,2,1391,736,655,673,579,1,2,45,54,0,0,0,0,17,20,689,598,3,4,61,73,0,0,0,0,641,548,1,1,38,51,0,0,0,0,15,19,655,566,3,3,52,69,0,0,0,0,32,31,0,1,7,3,0,0,0,0,2,1,34,32,0,1,9,4,0,0,0,0
050,49,013,Utah,Duchesne County,2003,2,1304,683,621,623,549,0,2,44,52,0,0,0,0,16,18,639,566,0,4,60,69,0,0,0,0,600,526,0,1,38,47,0,0,0,0,13,17,613,542,0,3,51,63,0,0,0,0,23,23,0,1,6,5,0,0,0,0,3,1,26,24,0,1,9,6,0,0,0,0
050,49,013,Utah,Duchesne County,2004,2,1285,655,630,604,560,0,3,36,49,0,0,0,0,15,18,619,578,0,6,50,64,1,0,0,0,583,539,0,1,30,44,0,0,0,0,13,17,596,556,0,4,42,58,1,0,0,0,21,21,0,2,6,5,0,0,0,0,2,1,23,22,0,2,8,6,0,0,0,0
050,49,013,Utah,Duchesne County,2000c,3,1569,810,759,738,679,1,3,43,60,3,0,1,0,24,17,757,696,7,4,63,74,7,2,2,0,715,649,1,3,37,56,1,0,1,0,24,16,734,665,7,4,57,69,5,2,2,0,23,30,0,0,6,4,2,0,0,0,0,1,23,31,0,0,6,5,2,0,0,0
050,49,013,Utah,Duchesne County,2000a,3,1569,810,759,738,679,1,3,43,60,3,0,1,0,24,17,757,696,7,4,63,74,7,2,2,0,715,649,1,3,37,56,1,0,1,0,24,16,734,665,7,4,57,69,5,2,2,0,23,30,0,0,6,4,2,0,0,0,0,1,23,31,0,0,6,5,2,0,0,0
050,49,013,Utah,Duchesne County,2000,3,1568,810,758,742,678,3,2,45,58,2,0,0,0,18,20,759,696,4,5,62,77,3,0,0,0,719,648,3,2,39,54,1,0,0,0,17,19,735,665,4,5,55,72,2,0,0,0,23,30,0,0,6,4,1,0,0,0,1,1,24,31,0,0,7,5,1,0,0,0
050,49,013,Utah,Duchesne County,2001,3,1503,782,721,713,638,3,2,44,61,3,0,0,0,19,20,731,656,5,5,60,80,5,0,0,0,690,608,3,2,39,53,2,0,0,0,19,17,708,623,5,5,55,69,4,0,0,0,23,30,0,0,5,8,1,0,0,0,0,3,23,33,0,0,5,11,1,0,0,0
050,49,013,Utah,Duchesne County,2002,3,1504,780,724,710,642,3,4,45,57,4,0,0,0,18,21,727,660,5,9,60,76,6,0,0,0,682,610,3,4,40,49,3,0,0,0,18,19,699,626,5,9,55,66,5,0,0,0,28,32,0,0,5,8,1,0,0,0,0,2,28,34,0,0,5,10,1,0,0,0
050,49,013,Utah,Duchesne County,2003,3,1498,787,711,710,627,3,5,50,60,3,0,0,0,21,19,729,644,8,9,66,77,5,0,0,0,679,599,3,5,45,52,3,0,0,0,21,17,698,614,8,9,61,67,5,0,0,0,31,28,0,0,5,8,0,0,0,0,0,2,31,30,0,0,5,10,0,0,0,0
050,49,013,Utah,Duchesne County,2004,3,1400,741,659,665,580,3,4,50,55,2,0,0,0,21,20,685,597,7,9,67,73,3,0,0,0,633,553,3,4,44,47,2,0,0,0,20,18,652,568,7,9,60,63,3,0,0,0,32,27,0,0,6,8,0,0,0,0,1,2,33,29,0,0,7,10,0,0,0,0
050,49,013,Utah,Duchesne County,2000c,4,1488,778,710,721,660,0,1,39,37,2,3,1,0,15,9,734,668,1,1,54,45,3,3,1,2,682,630,0,1,35,36,2,3,1,0,14,7,695,636,1,1,49,42,2,3,1,2,39,30,0,0,4,1,0,0,0,0,1,2,39,32,0,0,5,3,1,0,0,0
050,49,013,Utah,Duchesne County,2000a,4,1488,778,710,721,660,0,1,39,37,2,3,1,0,15,9,734,668,1,1,54,45,3,3,1,2,682,630,0,1,35,36,2,3,1,0,14,7,695,636,1,1,49,42,2,3,1,2,39,30,0,0,4,1,0,0,0,0,1,2,39,32,0,0,5,3,1,0,0,0
050,49,013,Utah,Duchesne County,2000,4,1474,772,702,718,654,0,1,40,34,1,1,0,1,13,11,731,665,0,1,53,44,1,2,0,1,679,624,0,1,36,33,1,1,0,1,12,11,691,635,0,1,48,43,1,2,0,1,39,30,0,0,4,1,0,0,0,0,1,0,40,30,0,0,5,1,0,0,0,0
050,49,013,Utah,Duchesne County,2001,4,1566,811,755,754,697,0,2,44,42,0,1,0,0,13,13,767,710,0,2,57,55,0,1,0,0,713,671,0,2,39,40,0,1,0,0,13,13,726,684,0,2,52,53,0,1,0,0,41,26,0,0,5,2,0,0,0,0,0,0,41,26,0,0,5,2,0,0,0,0
050,49,013,Utah,Duchesne County,2002,4,1584,823,761,772,706,1,2,35,39,0,1,0,0,15,13,787,719,1,2,50,52,0,1,0,0,732,678,1,2,31,38,0,1,0,0,14,13,746,691,1,2,45,51,0,1,0,0,40,28,0,0,4,1,0,0,0,0,1,0,41,28,0,0,5,1,0,0,0,0
050,49,013,Utah,Duchesne County,2003,4,1530,778,752,725,691,2,2,38,44,0,1,0,0,13,14,738,704,2,3,51,58,0,1,0,0,693,661,2,2,33,42,0,1,0,0,13,14,706,674,2,3,46,56,0,1,0,0,32,30,0,0,5,2,0,0,0,0,0,0,32,30,0,0,5,2,0,0,0,0
050,49,013,Utah,Duchesne County,2004,4,1551,799,752,743,696,2,1,37,41,2,1,1,0,14,13,756,708,3,2,50,54,3,1,1,0,706,660,2,1,33,39,2,1,1,0,14,13,719,672,3,2,46,52,3,1,1,0,37,36,0,0,4,2,0,0,0,0,0,0,37,36,0,0,4,2,0,0,0,0
050,49,013,Utah,Duchesne County,2000c,5,865,449,416,409,373,1,1,29,37,1,0,0,0,9,5,416,378,2,1,38,42,1,0,1,0,376,363,0,1,29,37,1,0,0,0,8,5,382,368,1,1,37,42,1,0,1,0,33,10,1,0,0,0,0,0,0,0,1,0,34,10,1,0,1,0,0,0,0,0
050,49,013,Utah,Duchesne County,2000a,5,865,449,416,409,373,1,1,29,37,1,0,0,0,9,5,416,378,2,1,38,42,1,0,1,0,376,363,0,1,29,37,1,0,0,0,8,5,382,368,1,1,37,42,1,0,1,0,33,10,1,0,0,0,0,0,0,0,1,0,34,10,1,0,1,0,0,0,0,0
050,49,013,Utah,Duchesne County,2000,5,873,454,419,416,378,1,0,30,36,1,0,0,0,6,5,422,383,1,0,36,41,1,0,0,0,383,368,0,0,29,36,1,0,0,0,6,5,389,373,0,0,35,41,1,0,0,0,33,10,1,0,1,0,0,0,0,0,0,0,33,10,1,0,1,0,0,0,0,0
050,49,013,Utah,Duchesne County,2001,5,956,511,445,465,407,1,1,37,30,0,1,0,0,8,6,473,413,1,1,45,35,0,2,0,0,428,389,0,1,36,30,0,1,0,0,8,6,436,395,0,1,44,35,0,2,0,0,37,18,1,0,1,0,0,0,0,0,0,0,37,18,1,0,1,0,0,0,0,0
050,49,013,Utah,Duchesne County,2002,5,1102,575,527,533,493,2,1,31,22,1,3,0,1,8,7,541,500,2,1,39,28,1,4,0,1,486,466,1,1,29,21,1,3,0,1,7,7,493,473,1,1,36,27,1,4,0,1,47,27,1,0,2,1,0,0,0,0,1,0,48,27,1,0,3,1,0,0,0,0
050,49,013,Utah,Duchesne County,2003,5,1272,677,595,622,546,3,2,38,33,4,5,0,0,10,9,632,555,3,2,48,41,4,6,0,0,572,515,2,2,35,31,4,5,0,0,9,9,581,524,2,2,44,39,4,6,0,0,50,31,1,0,3,2,0,0,0,0,1,0,51,31,1,0,4,2,0,0,0,0
050,49,013,Utah,Duchesne County,2004,5,1402,740,662,692,615,3,3,30,28,2,5,0,1,13,10,705,625,3,3,42,36,3,7,0,1,640,583,2,3,26,26,2,5,0,1,11,9,651,592,2,3,36,33,3,7,0,1,52,32,1,0,4,2,0,0,0,0,2,1,54,33,1,0,6,3,0,0,0,0
050,49,013,Utah,Duchesne County,2000c,6,824,423,401,377,361,2,1,33,27,1,1,1,0,9,11,386,372,4,1,40,37,2,1,1,1,365,349,1,1,30,26,1,1,1,0,8,11,373,360,2,1,36,36,2,1,1,1,12,12,1,0,3,1,0,0,0,0,1,0,13,12,2,0,4,1,0,0,0,0
050,49,013,Utah,Duchesne County,2000a,6,824,423,401,377,361,2,1,33,27,1,1,1,0,9,11,386,372,4,1,40,37,2,1,1,1,365,349,1,1,30,26,1,1,1,0,8,11,373,360,2,1,36,36,2,1,1,1,12,12,1,0,3,1,0,0,0,0,1,0,13,12,2,0,4,1,0,0,0,0
050,49,013,Utah,Duchesne County,2000,6,835,429,406,386,370,2,1,33,29,2,1,0,0,6,5,392,375,2,1,39,34,2,1,0,0,374,358,1,1,30,28,2,1,0,0,6,5,380,363,1,1,36,33,2,1,0,0,12,12,1,0,3,1,0,0,0,0,0,0,12,12,1,0,3,1,0,0,0,0
050,49,013,Utah,Duchesne County,2001,6,826,427,399,380,357,2,1,38,34,1,1,0,0,6,6,386,363,2,1,44,40,1,1,0,0,365,344,1,1,37,33,1,1,0,0,6,6,371,350,1,1,43,39,1,1,0,0,15,13,1,0,1,1,0,0,0,0,0,0,15,13,1,0,1,1,0,0,0,0
050,49,013,Utah,Duchesne County,2002,6,882,462,420,412,379,2,1,38,32,3,1,0,0,7,7,419,386,2,1,45,39,3,1,0,0,387,361,1,1,37,31,3,1,0,0,7,7,394,368,1,1,44,38,3,1,0,0,25,18,1,0,1,1,0,0,0,0,0,0,25,18,1,0,1,1,0,0,0,0
050,49,013,Utah,Duchesne County,2003,6,863,447,416,399,367,1,1,37,36,4,5,0,0,6,7,405,374,1,1,43,43,4,5,0,0,373,353,1,1,37,35,4,5,0,0,6,7,379,360,1,1,43,42,4,5,0,0,26,14,0,0,0,1,0,0,0,0,0,0,26,14,0,0,0,1,0,0,0,0
050,49,013,Utah,Duchesne County,2004,6,855,435,420,394,375,1,2,30,31,4,5,0,0,6,7,400,381,1,3,36,38,4,5,0,0,360,358,1,2,28,31,4,5,0,0,6,7,366,364,1,3,34,38,4,5,0,0,34,17,0,0,2,0,0,0,0,0,0,0,34,17,0,0,2,0,0,0,0,0
050,49,013,Utah,Duchesne County,2000c,7,769,373,396,331,364,2,0,30,23,2,3,1,2,7,4,338,368,2,1,37,27,2,3,1,2,320,350,2,0,28,22,2,3,1,2,7,4,327,354,2,1,35,26,2,3,1,2,11,14,0,0,2,1,0,0,0,0,0,0,11,14,0,0,2,1,0,0,0,0
050,49,013,Utah,Duchesne County,2000a,7,769,373,396,331,364,2,0,30,23,2,3,1,2,7,4,338,368,2,1,37,27,2,3,1,2,320,350,2,0,28,22,2,3,1,2,7,4,327,354,2,1,35,26,2,3,1,2,11,14,0,0,2,1,0,0,0,0,0,0,11,14,0,0,2,1,0,0,0,0
050,49,013,Utah,Duchesne County,2000,7,768,374,394,334,362,2,0,30,23,3,4,0,0,5,5,339,367,2,0,35,28,3,4,0,0,323,348,2,0,28,22,3,4,0,0,5,5,328,353,2,0,33,27,3,4,0,0,11,14,0,0,2,1,0,0,0,0,0,0,11,14,0,0,2,1,0,0,0,0
050,49,013,Utah,Duchesne County,2001,7,765,365,400,325,362,2,0,30,30,3,3,0,0,5,5,330,367,2,0,35,35,3,3,0,0,312,350,2,0,26,29,3,3,0,0,5,5,317,355,2,0,31,34,3,3,0,0,13,12,0,0,4,1,0,0,0,0,0,0,13,12,0,0,4,1,0,0,0,0
050,49,013,Utah,Duchesne County,2002,7,787,369,418,336,384,3,0,22,25,3,3,0,1,5,5,341,389,3,0,27,30,3,3,0,1,318,367,3,0,19,24,3,3,0,1,5,5,323,372,3,0,24,29,3,3,0,1,18,17,0,0,3,1,0,0,0,0,0,0,18,17,0,0,3,1,0,0,0,0
050,49,013,Utah,Duchesne County,2003,7,796,385,411,348,378,3,0,26,26,3,2,0,0,5,5,353,383,3,0,31,31,3,2,0,0,336,366,2,0,22,26,3,2,0,0,5,5,341,371,2,0,27,31,3,2,0,0,12,12,1,0,4,0,0,0,0,0,0,0,12,12,1,0,4,0,0,0,0,0
050,49,013,Utah,Duchesne County,2004,7,803,408,395,374,363,3,0,23,24,4,3,0,0,4,5,378,368,3,0,27,29,4,3,0,0,360,348,2,0,20,23,4,3,0,0,4,5,364,353,2,0,24,28,4,3,0,0,14,15,1,0,3,1,0,0,0,0,0,0,14,15,1,0,3,1,0,0,0,0
050,49,013,Utah,Duchesne County,2000c,8,928,458,470,428,435,1,0,22,27,1,1,1,0,5,7,432,442,2,0,27,34,2,1,1,0,416,427,1,0,20,25,1,1,1,0,4,6,419,433,2,0,24,31,2,1,1,0,12,8,0,0,2,2,0,0,0,0,1,1,13,9,0,0,3,3,0,0,0,0
050,49,013,Utah,Duchesne County,2000a,8,928,458,470,428,435,1,0,22,27,1,1,1,0,5,7,432,442,2,0,27,34,2,1,1,0,416,427,1,0,20,25,1,1,1,0,4,6,419,433,2,0,24,31,2,1,1,0,12,8,0,0,2,2,0,0,0,0,1,1,13,9,0,0,3,3,0,0,0,0
050,49,013,Utah,Duchesne County,2000,8,915,453,462,421,429,1,0,23,26,2,1,0,0,6,6,427,435,1,0,29,32,2,1,0,0,409,421,1,0,20,24,2,1,0,0,6,6,415,427,1,0,26,30,2,1,0,0,12,8,0,0,3,2,0,0,0,0,0,0,12,8,0,0,3,2,0,0,0,0
050,49,013,Utah,Duchesne County,2001,8,895,438,457,404,425,2,0,25,24,2,2,0,0,5,6,409,431,2,0,30,30,2,2,0,0,390,416,2,0,22,22,2,2,0,0,5,6,395,422,2,0,27,28,2,2,0,0,14,9,0,0,3,2,0,0,0,0,0,0,14,9,0,0,3,2,0,0,0,0
050,49,013,Utah,Duchesne County,2002,8,837,410,427,372,399,2,0,29,21,2,2,0,0,5,5,377,404,2,0,34,26,2,2,0,0,359,390,2,0,25,20,2,2,0,0,5,5,364,395,2,0,30,25,2,2,0,0,13,9,0,0,4,1,0,0,0,0,0,0,13,9,0,0,4,1,0,0,0,0
050,49,013,Utah,Duchesne County,2003,8,769,377,392,339,362,2,0,27,21,3,4,0,0,6,5,344,367,3,0,33,26,3,4,0,0,328,352,2,0,26,20,3,4,0,0,6,5,333,357,3,0,32,25,3,4,0,0,11,10,0,0,1,1,0,0,0,0,0,0,11,10,0,0,1,1,0,0,0,0
050,49,013,Utah,Duchesne County,2004,8,752,370,382,333,355,2,0,27,19,2,3,0,0,6,5,339,360,2,0,33,24,2,3,0,0,321,344,2,0,25,18,2,3,0,0,6,5,327,349,2,0,31,23,2,3,0,0,12,11,0,0,2,1,0,0,0,0,0,0,12,11,0,0,2,1,0,0,0,0
050,49,013,Utah,Duchesne County,2000c,9,1030,521,509,488,476,1,1,28,25,0,1,0,0,4,6,492,482,1,1,32,31,0,1,0,0,470,458,1,1,27,24,0,1,0,0,3,6,473,464,1,1,30,30,0,1,0,0,18,18,0,0,1,1,0,0,0,0,1,0,19,18,0,0,2,1,0,0,0,0
050,49,013,Utah,Duchesne County,2000a,9,1030,521,509,488,476,1,1,28,25,0,1,0,0,4,6,492,482,1,1,32,31,0,1,0,0,470,458,1,1,27,24,0,1,0,0,3,6,473,464,1,1,30,30,0,1,0,0,18,18,0,0,1,1,0,0,0,0,1,0,19,18,0,0,2,1,0,0,0,0
050,49,013,Utah,Duchesne County,2000,9,1024,519,505,486,473,1,1,26,24,0,1,0,0,6,6,492,479,1,1,32,30,0,1,0,0,467,455,1,1,25,23,0,1,0,0,6,6,473,461,1,1,31,29,0,1,0,0,19,18,0,0,1,1,0,0,0,0,0,0,19,18,0,0,1,1,0,0,0,0
050,49,013,Utah,Duchesne County,2001,9,1010,504,506,468,471,1,1,28,27,0,1,0,0,7,6,475,477,1,1,35,33,0,1,0,0,450,456,1,1,27,25,0,1,0,0,7,6,457,462,1,1,34,31,0,1,0,0,18,15,0,0,1,2,0,0,0,0,0,0,18,15,0,0,1,2,0,0,0,0
050,49,013,Utah,Duchesne County,2002,9,1002,503,499,472,462,1,1,25,29,0,1,0,0,5,6,477,468,1,1,30,35,0,1,0,0,454,447,1,1,24,26,0,1,0,0,5,6,459,453,1,1,29,32,0,1,0,0,18,15,0,0,1,3,0,0,0,0,0,0,18,15,0,0,1,3,0,0,0,0
050,49,013,Utah,Duchesne County,2003,9,997,493,504,461,474,2,1,24,23,0,0,0,0,6,6,467,480,2,1,30,29,0,0,0,0,441,458,2,1,23,20,0,0,0,0,6,6,447,464,2,1,29,26,0,0,0,0,20,16,0,0,1,3,0,0,0,0,0,0,20,16,0,0,1,3,0,0,0,0
050,49,013,Utah,Duchesne County,2004,9,942,460,482,434,450,2,1,18,25,1,1,0,0,5,5,439,455,2,1,23,30,1,1,0,0,418,439,2,1,17,22,1,1,0,0,5,5,423,444,2,1,22,27,1,1,0,0,16,11,0,0,1,3,0,0,0,0,0,0,16,11,0,0,1,3,0,0,0,0
050,49,013,Utah,Duchesne County,2000c,10,864,439,425,416,395,0,0,17,19,1,2,0,0,5,9,421,404,0,0,22,27,1,3,0,0,404,384,0,0,17,17,1,2,0,0,5,9,409,393,0,0,22,25,1,3,0,0,12,11,0,0,0,2,0,0,0,0,0,0,12,11,0,0,0,2,0,0,0,0
050,49,013,Utah,Duchesne County,2000a,10,864,439,425,416,395,0,0,17,19,1,2,0,0,5,9,421,404,0,0,22,27,1,3,0,0,404,384,0,0,17,17,1,2,0,0,5,9,409,393,0,0,22,25,1,3,0,0,12,11,0,0,0,2,0,0,0,0,0,0,12,11,0,0,0,2,0,0,0,0
050,49,013,Utah,Duchesne County,2000,10,861,437,424,416,398,0,0,15,19,1,2,0,0,5,5,421,403,0,0,20,24,1,2,0,0,404,387,0,0,15,17,1,2,0,0,5,5,409,392,0,0,20,22,1,2,0,0,12,11,0,0,0,2,0,0,0,0,0,0,12,11,0,0,0,2,0,0,0,0
050,49,013,Utah,Duchesne County,2001,10,876,454,422,433,395,0,0,15,21,1,1,0,0,5,5,438,400,0,0,20,26,1,1,0,0,424,379,0,0,15,19,1,1,0,0,5,5,429,384,0,0,20,24,1,1,0,0,9,16,0,0,0,2,0,0,0,0,0,0,9,16,0,0,0,2,0,0,0,0
050,49,013,Utah,Duchesne County,2002,10,895,463,432,444,407,0,0,14,19,0,1,0,0,5,5,449,412,0,0,19,24,0,1,0,0,429,389,0,0,14,18,0,1,0,0,5,5,434,394,0,0,19,23,0,1,0,0,15,18,0,0,0,1,0,0,0,0,0,0,15,18,0,0,0,1,0,0,0,0
050,49,013,Utah,Duchesne County,2003,10,925,472,453,451,424,0,0,16,22,0,2,0,0,5,5,456,429,0,0,21,27,0,2,0,0,437,407,0,0,15,21,0,2,0,0,5,5,442,412,0,0,20,26,0,2,0,0,14,17,0,0,1,1,0,0,0,0,0,0,14,17,0,0,1,1,0,0,0,0
050,49,013,Utah,Duchesne County,2004,10,964,480,484,455,454,0,0,20,22,0,2,0,0,5,6,460,460,0,0,25,28,0,2,0,0,437,438,0,0,19,21,0,2,0,0,5,6,442,444,0,0,24,27,0,2,0,0,18,16,0,0,1,1,0,0,0,0,0,0,18,16,0,0,1,1,0,0,0,0
050,49,013,Utah,Duchesne County,2000c,11,759,387,372,354,355,0,0,27,13,1,1,1,0,4,3,358,358,0,0,30,16,1,1,2,0,345,349,0,0,24,13,1,1,1,0,4,3,349,352,0,0,27,16,1,1,2,0,9,6,0,0,3,0,0,0,0,0,0,0,9,6,0,0,3,0,0,0,0,0
050,49,013,Utah,Duchesne County,2000a,11,759,387,372,354,355,0,0,27,13,1,1,1,0,4,3,358,358,0,0,30,16,1,1,2,0,345,349,0,0,24,13,1,1,1,0,4,3,349,352,0,0,27,16,1,1,2,0,9,6,0,0,3,0,0,0,0,0,0,0,9,6,0,0,3,0,0,0,0,0
050,49,013,Utah,Duchesne County,2000,11,766,390,376,356,358,0,0,25,12,2,1,0,0,7,5,363,363,0,0,32,17,2,1,0,0,347,352,0,0,22,12,2,1,0,0,7,5,354,357,0,0,29,17,2,1,0,0,9,6,0,0,3,0,0,0,0,0,0,0,9,6,0,0,3,0,0,0,0,0
050,49,013,Utah,Duchesne County,2001,11,780,401,379,368,358,0,0,24,13,2,2,0,0,7,6,375,364,0,0,31,19,2,2,0,0,355,352,0,0,21,13,2,2,0,0,7,6,362,358,0,0,28,19,2,2,0,0,13,6,0,0,3,0,0,0,0,0,0,0,13,6,0,0,3,0,0,0,0,0
050,49,013,Utah,Duchesne County,2002,11,780,394,386,366,366,0,0,20,13,2,2,0,0,6,5,372,371,0,0,26,18,2,2,0,0,356,360,0,0,18,12,2,2,0,0,6,5,362,365,0,0,24,17,2,2,0,0,10,6,0,0,2,1,0,0,0,0,0,0,10,6,0,0,2,1,0,0,0,0
050,49,013,Utah,Duchesne County,2003,11,800,410,390,384,365,0,0,18,17,2,2,0,0,6,6,390,371,0,0,24,23,2,2,0,0,374,357,0,0,17,15,2,2,0,0,6,6,380,363,0,0,23,21,2,2,0,0,10,8,0,0,1,2,0,0,0,0,0,0,10,8,0,0,1,2,0,0,0,0
050,49,013,Utah,Duchesne County,2004,11,806,412,394,389,370,0,0,17,18,1,1,0,0,5,5,394,375,0,0,22,23,1,1,0,0,379,359,0,0,16,16,1,1,0,0,5,5,384,364,0,0,21,21,1,1,0,0,10,11,0,0,1,2,0,0,0,0,0,0,10,11,0,0,1,2,0,0,0,0
050,49,013,Utah,Duchesne County,2000c,12,660,325,335,312,315,0,0,11,13,1,4,0,0,1,3,313,318,0,1,12,15,1,4,0,0,309,303,0,0,11,13,1,3,0,0,1,3,310,306,0,1,12,15,1,3,0,0,3,12,0,0,0,0,0,1,0,0,0,0,3,12,0,0,0,0,0,1,0,0
050,49,013,Utah,Duchesne County,2000a,12,660,325,335,312,315,0,0,11,13,1,4,0,0,1,3,313,318,0,1,12,15,1,4,0,0,309,303,0,0,11,13,1,3,0,0,1,3,310,306,0,1,12,15,1,3,0,0,3,12,0,0,0,0,0,1,0,0,0,0,3,12,0,0,0,0,0,1,0,0
050,49,013,Utah,Duchesne County,2000,12,662,327,335,311,315,0,0,10,12,1,3,0,0,5,5,316,320,0,0,15,17,1,3,0,0,308,303,0,0,10,12,1,2,0,0,5,5,313,308,0,0,15,17,1,2,0,0,3,12,0,0,0,0,0,1,0,0,0,0,3,12,0,0,0,0,0,1,0,0
050,49,013,Utah,Duchesne County,2001,12,671,332,339,315,319,0,0,11,11,1,3,0,0,5,6,320,325,0,0,16,16,1,4,0,0,312,309,0,0,11,11,1,2,0,0,5,5,317,314,0,0,16,16,1,2,0,0,3,10,0,0,0,0,0,1,0,0,0,1,3,11,0,0,0,0,0,2,0,0
050,49,013,Utah,Duchesne County,2002,12,709,354,355,331,337,0,0,15,10,2,3,0,0,6,5,337,342,0,0,21,15,2,3,0,0,325,329,0,0,14,10,2,2,0,0,6,5,331,334,0,0,20,15,2,2,0,0,6,8,0,0,1,0,0,1,0,0,0,0,6,8,0,0,1,0,0,1,0,0
050,49,013,Utah,Duchesne County,2003,12,677,327,350,307,333,0,0,14,9,2,3,0,0,4,5,311,338,0,0,18,14,2,3,0,0,301,328,0,0,12,9,2,2,0,0,4,5,305,333,0,0,16,14,2,2,0,0,6,5,0,0,2,0,0,1,0,0,0,0,6,5,0,0,2,0,0,1,0,0
050,49,013,Utah,Duchesne County,2004,12,677,325,352,304,334,0,0,14,9,2,3,0,0,5,6,309,340,0,0,19,14,2,4,0,0,296,326,0,0,12,9,2,2,0,0,5,5,301,331,0,0,17,14,2,2,0,0,8,8,0,0,2,0,0,1,0,0,0,1,8,9,0,0,2,0,0,2,0,0
050,49,013,Utah,Duchesne County,2000c,13,559,285,274,275,264,1,0,6,6,0,0,0,0,3,4,278,268,1,0,9,9,0,1,0,1,272,263,1,0,6,6,0,0,0,0,3,4,275,267,1,0,9,9,0,1,0,1,3,1,0,0,0,0,0,0,0,0,0,0,3,1,0,0,0,0,0,0,0,0
050,49,013,Utah,Duchesne County,2000a,13,559,285,274,275,264,1,0,6,6,0,0,0,0,3,4,278,268,1,0,9,9,0,1,0,1,272,263,1,0,6,6,0,0,0,0,3,4,275,267,1,0,9,9,0,1,0,1,3,1,0,0,0,0,0,0,0,0,0,0,3,1,0,0,0,0,0,0,0,0
050,49,013,Utah,Duchesne County,2000,13,567,290,277,276,265,1,0,7,7,0,1,0,0,6,4,281,269,2,0,13,11,0,1,0,0,273,264,1,0,7,7,0,1,0,0,6,4,278,268,2,0,13,11,0,1,0,0,3,1,0,0,0,0,0,0,0,0,0,0,3,1,0,0,0,0,0,0,0,0
050,49,013,Utah,Duchesne County,2001,13,544,279,265,267,252,1,0,6,8,0,1,0,0,5,4,272,256,1,0,11,12,0,1,0,0,264,251,1,0,6,8,0,1,0,0,5,4,269,255,1,0,11,12,0,1,0,0,3,1,0,0,0,0,0,0,0,0,0,0,3,1,0,0,0,0,0,0,0,0
050,49,013,Utah,Duchesne County,2002,13,552,271,281,260,265,1,1,5,10,0,1,0,0,5,4,265,269,1,1,10,14,0,1,0,0,257,262,1,1,5,10,0,1,0,0,5,4,262,266,1,1,10,14,0,1,0,0,3,3,0,0,0,0,0,0,0,0,0,0,3,3,0,0,0,0,0,0,0,0
050,49,013,Utah,Duchesne County,2003,13,585,288,297,276,280,0,0,8,12,0,0,0,0,4,5,280,285,0,0,12,17,0,0,0,0,273,273,0,0,8,12,0,0,0,0,4,5,277,278,0,0,12,17,0,0,0,0,3,7,0,0,0,0,0,0,0,0,0,0,3,7,0,0,0,0,0,0,0,0
050,49,013,Utah,Duchesne County,2004,13,619,303,316,292,299,0,1,5,10,1,1,0,0,5,5,297,304,0,1,10,15,1,1,0,0,289,291,0,1,5,10,1,1,0,0,5,5,294,296,0,1,10,15,1,1,0,0,3,8,0,0,0,0,0,0,0,0,0,0,3,8,0,0,0,0,0,0,0,0
050,49,013,Utah,Duchesne County,2000c,14,468,247,221,239,216,0,0,5,3,0,0,0,0,3,2,242,218,0,0,8,5,0,0,0,0,235,214,0,0,5,3,0,0,0,0,3,2,238,216,0,0,8,5,0,0,0,0,4,2,0,0,0,0,0,0,0,0,0,0,4,2,0,0,0,0,0,0,0,0
050,49,013,Utah,Duchesne County,2000a,14,468,247,221,239,216,0,0,5,3,0,0,0,0,3,2,242,218,0,0,8,5,0,0,0,0,235,214,0,0,5,3,0,0,0,0,3,2,238,216,0,0,8,5,0,0,0,0,4,2,0,0,0,0,0,0,0,0,0,0,4,2,0,0,0,0,0,0,0,0
050,49,013,Utah,Duchesne County,2000,14,474,249,225,241,219,0,0,5,4,0,0,0,0,3,2,244,221,0,0,8,6,0,0,0,0,237,217,0,0,5,4,0,0,0,0,3,2,240,219,0,0,8,6,0,0,0,0,4,2,0,0,0,0,0,0,0,0,0,0,4,2,0,0,0,0,0,0,0,0
050,49,013,Utah,Duchesne County,2001,14,502,252,250,243,242,0,0,7,4,0,0,0,0,2,4,245,246,0,0,9,8,0,0,0,0,240,240,0,0,7,4,0,0,0,0,2,4,242,244,0,0,9,8,0,0,0,0,3,2,0,0,0,0,0,0,0,0,0,0,3,2,0,0,0,0,0,0,0,0
050,49,013,Utah,Duchesne County,2002,14,508,252,256,245,250,0,0,5,3,0,0,0,0,2,3,247,253,0,0,7,6,0,0,0,0,243,248,0,0,5,3,0,0,0,0,2,3,245,251,0,0,7,6,0,0,0,0,2,2,0,0,0,0,0,0,0,0,0,0,2,2,0,0,0,0,0,0,0,0
050,49,013,Utah,Duchesne County,2003,14,519,261,258,252,251,1,0,5,4,0,0,0,0,3,3,255,254,1,0,8,7,0,0,0,0,250,249,1,0,5,4,0,0,0,0,3,3,253,252,1,0,8,7,0,0,0,0,2,2,0,0,0,0,0,0,0,0,0,0,2,2,0,0,0,0,0,0,0,0
050,49,013,Utah,Duchesne County,2004,14,509,262,247,253,237,1,0,5,6,0,1,0,0,3,3,256,240,1,0,8,9,0,1,0,0,251,236,1,0,5,6,0,1,0,0,3,3,254,239,1,0,8,9,0,1,0,0,2,1,0,0,0,0,0,0,0,0,0,0,2,1,0,0,0,0,0,0,0,0
050,49,013,Utah,Duchesne County,2000c,15,358,163,195,157,187,0,0,4,7,0,0,0,0,2,1,159,188,0,0,6,8,0,0,0,0,154,185,0,0,4,6,0,0,0,0,2,1,156,186,0,0,6,7,0,0,0,0,3,2,0,0,0,1,0,0,0,0,0,0,3,2,0,0,0,1,0,0,0,0
050,49,013,Utah,Duchesne County,2000a,15,358,163,195,157,187,0,0,4,7,0,0,0,0,2,1,159,188,0,0,6,8,0,0,0,0,154,185,0,0,4,6,0,0,0,0,2,1,156,186,0,0,6,7,0,0,0,0,3,2,0,0,0,1,0,0,0,0,0,0,3,2,0,0,0,1,0,0,0,0
050,49,013,Utah,Duchesne County,2000,15,360,163,197,158,188,0,0,4,7,0,0,0,0,1,2,159,190,0,0,5,9,0,0,0,0,155,186,0,0,4,6,0,0,0,0,1,2,156,188,0,0,5,8,0,0,0,0,3,2,0,0,0,1,0,0,0,0,0,0,3,2,0,0,0,1,0,0,0,0
050,49,013,Utah,Duchesne County,2001,15,373,182,191,176,183,0,0,4,6,0,0,0,0,2,2,178,185,0,0,6,8,0,0,0,0,172,180,0,0,4,5,0,0,0,0,2,2,174,182,0,0,6,7,0,0,0,0,4,3,0,0,0,1,0,0,0,0,0,0,4,3,0,0,0,1,0,0,0,0
050,49,013,Utah,Duchesne County,2002,15,392,193,199,189,193,0,0,2,5,0,0,0,0,2,1,191,194,0,0,4,6,0,0,0,0,185,191,0,0,2,4,0,0,0,0,2,1,187,192,0,0,4,5,0,0,0,0,4,2,0,0,0,1,0,0,0,0,0,0,4,2,0,0,0,1,0,0,0,0
050,49,013,Utah,Duchesne County,2003,15,401,200,201,196,196,0,0,3,4,0,0,0,0,1,1,197,197,0,0,4,5,0,0,0,0,192,194,0,0,3,3,0,0,0,0,1,1,193,195,0,0,4,4,0,0,0,0,4,2,0,0,0,1,0,0,0,0,0,0,4,2,0,0,0,1,0,0,0,0
050,49,013,Utah,Duchesne County,2004,15,429,210,219,204,214,0,0,4,3,0,0,0,0,2,2,206,216,0,0,6,5,0,0,0,0,201,212,0,0,4,3,0,0,0,0,2,2,203,214,0,0,6,5,0,0,0,0,3,2,0,0,0,0,0,0,0,0,0,0,3,2,0,0,0,0,0,0,0,0
050,49,013,Utah,Duchesne County,2000c,16,262,129,133,124,129,0,0,2,3,1,0,0,0,2,1,126,130,0,0,4,4,1,0,0,0,121,128,0,0,2,3,1,0,0,0,2,1,123,129,0,0,4,4,1,0,0,0,3,1,0,0,0,0,0,0,0,0,0,0,3,1,0,0,0,0,0,0,0,0
050,49,013,Utah,Duchesne County,2000a,16,262,129,133,124,129,0,0,2,3,1,0,0,0,2,1,126,130,0,0,4,4,1,0,0,0,121,128,0,0,2,3,1,0,0,0,2,1,123,129,0,0,4,4,1,0,0,0,3,1,0,0,0,0,0,0,0,0,0,0,3,1,0,0,0,0,0,0,0,0
050,49,013,Utah,Duchesne County,2000,16,263,130,133,126,130,0,0,2,3,1,0,0,0,1,0,127,130,0,0,3,3,1,0,0,0,123,129,0,0,2,3,1,0,0,0,1,0,124,129,0,0,3,3,1,0,0,0,3,1,0,0,0,0,0,0,0,0,0,0,3,1,0,0,0,0,0,0,0,0
050,49,013,Utah,Duchesne County,2001,16,285,135,150,131,145,0,0,3,4,1,0,0,0,0,1,131,146,0,0,3,5,1,0,0,0,129,144,0,0,3,4,1,0,0,0,0,1,129,145,0,0,3,5,1,0,0,0,2,1,0,0,0,0,0,0,0,0,0,0,2,1,0,0,0,0,0,0,0,0
050,49,013,Utah,Duchesne County,2002,16,283,139,144,131,137,0,0,5,5,1,0,0,0,2,2,133,139,0,0,7,7,1,0,0,0,128,135,0,0,5,5,1,0,0,0,2,2,130,137,0,0,7,7,1,0,0,0,3,2,0,0,0,0,0,0,0,0,0,0,3,2,0,0,0,0,0,0,0,0
050,49,013,Utah,Duchesne County,2003,16,278,139,139,132,133,0,0,5,4,1,0,0,0,1,2,133,135,0,0,6,6,1,0,0,0,129,131,0,0,5,4,1,0,0,0,1,2,130,133,0,0,6,6,1,0,0,0,3,2,0,0,0,0,0,0,0,0,0,0,3,2,0,0,0,0,0,0,0,0
050,49,013,Utah,Duchesne County,2004,16,279,138,141,132,135,0,0,4,4,1,0,0,0,1,2,133,137,0,0,5,6,1,0,0,0,130,132,0,0,4,3,1,0,0,0,1,2,131,134,0,0,5,5,1,0,0,0,2,3,0,0,0,1,0,0,0,0,0,0,2,3,0,0,0,1,0,0,0,0
050,49,013,Utah,Duchesne County,2000c,17,159,64,95,62,91,0,0,1,2,0,0,0,0,1,2,63,93,0,0,2,4,0,0,0,0,62,91,0,0,1,2,0,0,0,0,1,2,63,93,0,0,2,4,0,0,0,0,0,0,0,0,0,0,0,0,0,0,0,0,0,0,0,0,0,0,0,0,0,0
050,49,013,Utah,Duchesne County,2000a,17,159,64,95,62,91,0,0,1,2,0,0,0,0,1,2,63,93,0,0,2,4,0,0,0,0,62,91,0,0,1,2,0,0,0,0,1,2,63,93,0,0,2,4,0,0,0,0,0,0,0,0,0,0,0,0,0,0,0,0,0,0,0,0,0,0,0,0,0,0
050,49,013,Utah,Duchesne County,2000,17,160,65,95,64,93,0,0,1,1,0,0,0,0,0,1,64,94,0,0,1,2,0,0,0,0,64,93,0,0,1,1,0,0,0,0,0,1,64,94,0,0,1,2,0,0,0,0,0,0,0,0,0,0,0,0,0,0,0,0,0,0,0,0,0,0,0,0,0,0
050,49,013,Utah,Duchesne County,2001,17,162,64,98,63,94,0,0,1,3,0,0,0,0,0,1,63,95,0,0,1,4,0,0,0,0,62,94,0,0,1,3,0,0,0,0,0,1,62,95,0,0,1,4,0,0,0,0,1,0,0,0,0,0,0,0,0,0,0,0,1,0,0,0,0,0,0,0,0,0
050,49,013,Utah,Duchesne County,2002,17,163,69,94,69,94,0,0,0,0,0,0,0,0,0,0,69,94,0,0,0,0,0,0,0,0,68,94,0,0,0,0,0,0,0,0,0,0,68,94,0,0,0,0,0,0,0,0,1,0,0,0,0,0,0,0,0,0,0,0,1,0,0,0,0,0,0,0,0,0
050,49,013,Utah,Duchesne County,2003,17,164,73,91,72,90,0,0,1,0,0,0,0,0,0,1,72,91,0,0,1,1,0,0,0,0,71,90,0,0,1,0,0,0,0,0,0,1,71,91,0,0,1,1,0,0,0,0,1,0,0,0,0,0,0,0,0,0,0,0,1,0,0,0,0,0,0,0,0,0
050,49,013,Utah,Duchesne County,2004,17,168,70,98,69,96,0,0,1,2,0,0,0,0,0,0,69,96,0,0,1,2,0,0,0,0,67,96,0,0,1,2,0,0,0,0,0,0,67,96,0,0,1,2,0,0,0,0,2,0,0,0,0,0,0,0,0,0,0,0,2,0,0,0,0,0,0,0,0,0
050,49,013,Utah,Duchesne County,2000c,18,102,36,66,36,64,0,0,0,2,0,0,0,0,0,0,36,64,0,0,0,2,0,0,0,0,36,64,0,0,0,2,0,0,0,0,0,0,36,64,0,0,0,2,0,0,0,0,0,0,0,0,0,0,0,0,0,0,0,0,0,0,0,0,0,0,0,0,0,0
050,49,013,Utah,Duchesne County,2000a,18,102,36,66,36,64,0,0,0,2,0,0,0,0,0,0,36,64,0,0,0,2,0,0,0,0,36,64,0,0,0,2,0,0,0,0,0,0,36,64,0,0,0,2,0,0,0,0,0,0,0,0,0,0,0,0,0,0,0,0,0,0,0,0,0,0,0,0,0,0
050,49,013,Utah,Duchesne County,2000,18,105,37,68,37,65,0,0,0,2,0,0,0,0,0,1,37,66,0,0,0,3,0,0,0,0,37,65,0,0,0,2,0,0,0,0,0,1,37,66,0,0,0,3,0,0,0,0,0,0,0,0,0,0,0,0,0,0,0,0,0,0,0,0,0,0,0,0,0,0
050,49,013,Utah,Duchesne County,2001,18,105,41,64,40,60,0,0,1,3,0,0,0,0,0,1,40,61,0,0,1,4,0,0,0,0,40,60,0,0,1,3,0,0,0,0,0,1,40,61,0,0,1,4,0,0,0,0,0,0,0,0,0,0,0,0,0,0,0,0,0,0,0,0,0,0,0,0,0,0
050,49,013,Utah,Duchesne County,2002,18,112,42,70,41,65,0,0,1,4,0,0,0,0,0,1,41,66,0,0,1,5,0,0,0,0,41,65,0,0,1,4,0,0,0,0,0,1,41,66,0,0,1,5,0,0,0,0,0,0,0,0,0,0,0,0,0,0,0,0,0,0,0,0,0,0,0,0,0,0
050,49,013,Utah,Duchesne County,2003,18,108,37,71,36,66,0,0,1,4,0,0,0,0,0,1,36,67,0,0,1,5,0,0,0,0,36,66,0,0,1,4,0,0,0,0,0,1,36,67,0,0,1,5,0,0,0,0,0,0,0,0,0,0,0,0,0,0,0,0,0,0,0,0,0,0,0,0,0,0
050,49,013,Utah,Duchesne County,2004,18,104,35,69,34,64,0,0,1,4,0,0,0,0,0,1,34,65,0,0,1,5,0,0,0,0,34,64,0,0,1,4,0,0,0,0,0,1,34,65,0,0,1,5,0,0,0,0,0,0,0,0,0,0,0,0,0,0,0,0,0,0,0,0,0,0,0,0,0,0
050,49,015,Utah,Emery County,2000c,0,10860,5452,5408,5335,5279,11,15,43,39,12,22,5,6,46,47,5379,5325,17,19,75,67,20,34,10,11,5043,5026,10,13,29,34,12,22,5,5,46,47,5087,5072,16,17,61,62,20,34,10,10,292,253,1,2,14,5,0,0,0,1,0,0,292,253,1,2,14,5,0,0,0,1
050,49,015,Utah,Emery County,2000a,0,10965,5495,5470,5376,5337,11,17,44,39,13,24,5,6,46,47,5420,5383,17,21,76,67,21,36,10,11,5075,5070,10,14,30,34,13,23,5,5,46,47,5119,5116,16,18,62,62,21,35,10,10,301,267,1,3,14,5,0,1,0,1,0,0,301,267,1,3,14,5,0,1,0,1
050,49,015,Utah,Emery County,2000,0,10955,5498,5457,5393,5341,11,16,42,38,12,22,3,3,37,37,5430,5378,14,24,70,59,18,30,3,3,5092,5074,10,13,28,33,12,22,3,3,34,35,5126,5109,13,21,53,52,18,30,3,3,301,267,1,3,14,5,0,0,0,0,3,2,304,269,1,3,17,7,0,0,0,0
050,49,015,Utah,Emery County,2001,0,10757,5407,5350,5306,5238,10,15,43,37,13,24,3,2,32,34,5338,5272,13,24,66,53,19,32,3,3,4999,4959,9,12,29,32,13,24,3,2,28,32,5027,4991,12,21,48,46,19,32,3,3,307,279,1,3,14,5,0,0,0,0,4,2,311,281,1,3,18,7,0,0,0,0
050,49,015,Utah,Emery County,2002,0,10711,5379,5332,5268,5216,17,18,42,37,16,23,3,3,33,35,5301,5251,21,29,65,53,22,32,3,4,4959,4924,16,15,28,32,16,23,3,3,29,32,4988,4956,20,26,47,45,22,31,3,3,309,292,1,3,14,5,0,0,0,0,4,3,313,295,1,3,18,8,0,1,0,1
050,49,015,Utah,Emery County,2003,0,10756,5406,5350,5294,5231,19,19,41,35,17,25,2,2,33,38,5327,5269,23,30,60,53,27,34,2,2,4978,4927,18,16,28,31,17,25,2,2,29,35,5007,4962,22,27,43,46,27,34,2,2,316,304,1,3,13,4,0,0,0,0,4,3,320,307,1,3,17,7,0,0,0,0
050,49,015,Utah,Emery County,2004,0,10723,5412,5311,5304,5191,14,18,46,37,19,28,2,3,27,34,5331,5225,17,29,64,53,25,35,2,3,5002,4899,13,15,32,32,19,28,2,3,25,32,5027,4931,16,26,48,46,25,35,2,3,302,292,1,3,14,5,0,0,0,0,2,2,304,294,1,3,16,7,0,0,0,0
050,49,015,Utah,Emery County,2000c,1,884,460,424,443,408,3,6,4,4,0,0,0,1,10,5,452,413,4,8,10,6,2,0,2,2,404,361,3,6,3,4,0,0,0,1,10,5,413,366,4,8,9,6,2,0,2,2,39,47,0,0,1,0,0,0,0,0,0,0,39,47,0,0,1,0,0,0,0,0
050,49,015,Utah,Emery County,2000a,1,893,464,429,447,413,3,6,4,4,0,0,0,1,10,5,456,418,4,8,10,6,2,0,2,2,407,364,3,6,3,4,0,0,0,1,10,5,416,369,4,8,9,6,2,0,2,2,40,49,0,0,1,0,0,0,0,0,0,0,40,49,0,0,1,0,0,0,0,0
050,49,015,Utah,Emery County,2000,1,898,466,432,454,415,2,5,5,3,0,1,0,0,5,8,459,423,4,9,8,6,0,2,0,0,414,366,2,5,4,3,0,1,0,0,5,8,419,374,4,9,7,6,0,2,0,0,40,49,0,0,1,0,0,0,0,0,0,0,40,49,0,0,1,0,0,0,0,0
050,49,015,Utah,Emery County,2001,1,858,462,396,451,383,2,3,5,3,0,1,0,0,4,6,455,389,4,6,7,5,0,2,0,0,416,335,2,3,4,3,0,1,0,0,4,6,420,341,4,6,6,5,0,2,0,0,35,48,0,0,1,0,0,0,0,0,0,0,35,48,0,0,1,0,0,0,0,0
050,49,015,Utah,Emery County,2002,1,863,448,415,437,403,2,4,5,2,0,0,0,0,4,6,441,409,4,8,6,3,1,1,0,0,407,348,2,4,4,2,0,0,0,0,4,6,411,354,4,8,5,3,1,1,0,0,30,55,0,0,1,0,0,0,0,0,0,0,30,55,0,0,1,0,0,0,0,0
050,49,015,Utah,Emery County,2003,1,810,415,395,405,383,1,4,5,2,0,0,0,0,4,6,409,389,2,8,6,3,2,1,0,0,374,324,1,4,4,2,0,0,0,0,4,6,378,330,2,8,5,3,2,1,0,0,31,59,0,0,1,0,0,0,0,0,0,0,31,59,0,0,1,0,0,0,0,0
050,49,015,Utah,Emery County,2004,1,765,403,362,397,354,0,3,2,1,2,0,0,0,2,4,399,358,0,6,2,1,4,1,0,0,365,305,0,3,2,1,2,0,0,0,2,4,367,309,0,6,2,1,4,1,0,0,32,49,0,0,0,0,0,0,0,0,0,0,32,49,0,0,0,0,0,0,0,0
050,49,015,Utah,Emery County,2000c,2,980,519,461,505,445,2,3,4,4,3,2,1,1,4,6,509,451,4,4,6,6,4,4,2,2,480,413,2,3,1,3,3,2,1,1,4,6,484,419,4,4,3,5,4,4,2,2,25,32,0,0,3,1,0,0,0,0,0,0,25,32,0,0,3,1,0,0,0,0
050,49,015,Utah,Emery County,2000a,2,995,524,471,509,454,2,3,4,4,4,3,1,1,4,6,513,460,4,4,6,6,5,5,2,2,482,418,2,3,1,3,4,3,1,1,4,6,486,424,4,4,3,5,5,5,2,2,27,36,0,0,3,1,0,0,0,0,0,0,27,36,0,0,3,1,0,0,0,0
050,49,015,Utah,Emery County,2000,2,989,521,468,506,450,1,3,4,3,2,3,1,0,7,9,513,459,2,5,7,6,5,7,1,0,479,414,1,3,1,2,2,3,1,0,6,9,485,423,2,5,3,5,5,7,1,0,27,36,0,0,3,1,0,0,0,0,1,0,28,36,0,0,4,1,0,0,0,0
050,49,015,Utah,Emery County,2001,2,952,486,466,469,448,1,3,5,4,3,2,2,0,6,9,475,457,2,6,7,7,6,5,2,0,434,407,1,3,2,3,3,2,2,0,5,8,439,415,2,6,3,5,6,5,2,0,35,41,0,0,3,1,0,0,0,0,1,1,36,42,0,0,4,2,0,0,0,0
050,49,015,Utah,Emery County,2002,2,867,446,421,431,402,3,2,3,4,2,3,1,1,6,9,437,411,5,5,5,7,4,6,1,1,397,365,3,2,1,4,2,3,1,1,5,9,402,374,5,5,2,7,4,6,1,1,34,37,0,0,2,0,0,0,0,0,1,0,35,37,0,0,3,0,0,0,0,0
050,49,015,Utah,Emery County,2003,2,878,461,417,453,399,2,3,1,4,1,2,1,0,3,9,456,408,4,7,1,7,2,4,1,0,420,359,2,3,1,4,1,2,1,0,3,9,423,368,4,7,1,7,2,4,1,0,33,40,0,0,0,0,0,0,0,0,0,0,33,40,0,0,0,0,0,0,0,0
050,49,015,Utah,Emery County,2004,2,857,458,399,449,383,2,4,4,3,0,1,0,0,3,8,452,391,4,8,5,6,0,2,0,0,417,342,2,4,3,3,0,1,0,0,3,8,420,350,4,8,4,6,0,2,0,0,32,41,0,0,1,0,0,0,0,0,0,0,32,41,0,0,1,0,0,0,0,0
050,49,015,Utah,Emery County,2000c,3,1165,599,566,578,549,0,4,9,3,3,3,0,0,9,7,587,556,1,5,14,5,5,6,1,1,538,515,0,3,6,3,3,3,0,0,9,7,547,522,1,4,11,5,5,6,1,1,40,34,0,1,3,0,0,0,0,0,0,0,40,34,0,1,3,0,0,0,0,0
050,49,015,Utah,Emery County,2000a,3,1176,604,572,582,555,0,4,10,3,3,3,0,0,9,7,591,562,1,5,15,5,5,6,1,1,542,519,0,3,7,3,3,3,0,0,9,7,551,526,1,4,12,5,5,6,1,1,40,36,0,1,3,0,0,0,0,0,0,0,40,36,0,1,3,0,0,0,0,0
050,49,015,Utah,Emery County,2000,3,1179,608,571,585,554,0,4,9,3,3,2,1,1,10,7,595,561,0,6,16,6,6,4,1,1,545,518,0,3,6,3,3,2,1,1,9,7,554,525,0,5,12,6,6,4,1,1,40,36,0,1,3,0,0,0,0,0,1,0,41,36,0,1,4,0,0,0,0,0
050,49,015,Utah,Emery County,2001,3,1122,572,550,559,534,0,4,5,2,2,2,0,1,6,7,565,541,0,6,10,4,3,4,0,2,525,497,0,3,2,2,2,2,0,1,4,7,529,504,0,5,5,4,3,4,0,2,34,37,0,1,3,0,0,0,0,0,2,0,36,37,0,1,5,0,0,0,0,0
050,49,015,Utah,Emery County,2002,3,1131,584,547,566,530,1,4,5,3,4,2,0,1,8,7,574,537,1,7,11,5,6,4,0,1,530,493,1,4,1,2,4,2,0,1,5,7,535,500,1,7,4,4,6,4,0,1,36,37,0,0,4,1,0,0,0,0,3,0,39,37,0,0,7,1,0,0,0,0
050,49,015,Utah,Emery County,2003,3,1076,548,528,526,513,4,4,5,1,4,3,0,0,9,7,535,520,5,6,9,3,8,6,0,0,492,478,4,4,1,0,4,3,0,0,7,6,499,484,5,6,3,1,8,6,0,0,34,35,0,0,4,1,0,0,0,0,2,1,36,36,0,0,6,2,0,0,0,0
050,49,015,Utah,Emery County,2004,3,1007,519,488,497,469,2,4,6,4,5,3,1,0,8,8,505,477,3,7,9,7,9,5,1,0,474,433,2,4,2,3,5,3,1,0,7,7,481,440,3,7,4,5,9,5,1,0,23,36,0,0,4,1,0,0,0,0,1,1,24,37,0,0,5,2,0,0,0,0
050,49,015,Utah,Emery County,2000c,4,1184,589,595,578,577,0,1,4,6,1,4,1,1,5,6,583,582,0,1,8,9,2,7,1,2,542,549,0,0,3,5,1,4,1,0,5,6,547,554,0,0,7,8,2,7,1,1,36,28,0,1,1,1,0,0,0,1,0,0,36,28,0,1,1,1,0,0,0,1
050,49,015,Utah,Emery County,2000a,4,1191,590,601,579,581,0,2,4,6,1,5,1,1,5,6,584,586,0,2,8,9,2,8,1,2,543,553,0,0,3,5,1,4,1,0,5,6,548,558,0,0,7,8,2,7,1,1,36,28,0,2,1,1,0,1,0,1,0,0,36,28,0,2,1,1,0,1,0,1
050,49,015,Utah,Emery County,2000,4,1176,583,593,575,577,0,2,4,6,0,2,0,1,4,5,579,582,0,2,8,10,0,3,0,1,539,549,0,0,3,5,0,2,0,1,4,4,543,553,0,0,7,8,0,3,0,1,36,28,0,2,1,1,0,0,0,0,0,1,36,29,0,2,1,2,0,0,0,0
050,49,015,Utah,Emery County,2001,4,1224,617,607,599,588,0,3,8,6,1,3,1,1,8,6,607,594,0,4,14,9,3,5,1,1,572,561,0,1,7,5,1,3,1,1,8,6,580,567,0,2,13,8,3,5,1,1,27,27,0,2,1,1,0,0,0,0,0,0,27,27,0,2,1,1,0,0,0,0
050,49,015,Utah,Emery County,2002,4,1199,621,578,605,559,0,5,7,4,2,3,1,1,6,6,611,565,0,6,12,7,3,5,1,1,574,530,0,2,6,3,2,3,1,1,6,5,580,535,0,3,11,5,3,5,1,1,31,29,0,3,1,1,0,0,0,0,0,1,31,30,0,3,1,2,0,0,0,0
050,49,015,Utah,Emery County,2003,4,1155,595,560,577,540,0,4,8,4,3,3,1,1,6,8,583,548,0,5,12,8,5,6,1,1,545,503,0,2,6,3,3,3,1,1,5,7,550,510,0,3,9,6,5,6,1,1,32,37,0,2,2,1,0,0,0,0,1,1,33,38,0,2,3,2,0,0,0,0
050,49,015,Utah,Emery County,2004,4,1084,549,535,536,518,0,3,8,4,2,3,0,1,3,6,539,524,0,4,11,7,2,5,0,1,505,490,0,2,5,3,2,3,0,1,3,5,508,495,0,3,8,5,2,5,0,1,31,28,0,1,3,1,0,0,0,0,0,1,31,29,0,1,3,2,0,0,0,0
050,49,015,Utah,Emery County,2000c,5,669,352,317,343,311,0,0,4,2,2,0,1,0,2,4,344,315,1,0,6,6,2,0,1,0,311,288,0,0,3,2,2,0,1,0,2,4,312,292,1,0,5,6,2,0,1,0,32,23,0,0,1,0,0,0,0,0,0,0,32,23,0,0,1,0,0,0,0,0
050,49,015,Utah,Emery County,2000a,5,672,354,318,345,312,0,0,4,2,2,0,1,0,2,4,346,316,1,0,6,6,2,0,1,0,313,289,0,0,3,2,2,0,1,0,2,4,314,293,1,0,5,6,2,0,1,0,32,23,0,0,1,0,0,0,0,0,0,0,32,23,0,0,1,0,0,0,0,0
050,49,015,Utah,Emery County,2000,5,680,358,322,347,318,1,0,4,3,2,0,1,0,3,1,350,319,1,0,7,4,2,0,1,0,315,295,1,0,3,3,2,0,1,0,2,1,317,296,1,0,5,4,2,0,1,0,32,23,0,0,1,0,0,0,0,0,1,0,33,23,0,0,2,0,0,0,0,0
050,49,015,Utah,Emery County,2001,5,649,348,301,340,298,1,0,4,2,1,1,0,0,2,0,342,298,1,0,6,2,1,1,0,0,293,273,1,0,3,2,1,1,0,0,2,0,295,273,1,0,5,2,1,1,0,0,47,25,0,0,1,0,0,0,0,0,0,0,47,25,0,0,1,0,0,0,0,0
050,49,015,Utah,Emery County,2002,5,752,388,364,375,355,3,1,5,5,2,2,1,0,2,1,377,356,3,1,7,6,2,2,1,0,327,327,3,1,4,5,2,2,1,0,2,1,329,328,3,1,6,6,2,2,1,0,48,28,0,0,1,0,0,0,0,0,0,0,48,28,0,0,1,0,0,0,0,0
050,49,015,Utah,Emery County,2003,5,936,486,450,471,440,2,1,6,5,2,2,0,0,5,2,476,442,2,1,10,7,3,2,0,0,419,413,2,0,5,5,2,2,0,0,4,2,423,415,2,0,8,7,3,2,0,0,52,27,0,1,1,0,0,0,0,0,1,0,53,27,0,1,2,0,0,0,0,0
050,49,015,Utah,Emery County,2004,5,1090,558,532,543,517,1,2,6,5,3,4,1,1,4,3,547,520,1,2,10,7,3,5,1,1,493,483,1,0,5,5,3,4,1,1,4,3,497,486,1,0,9,7,3,5,1,1,50,34,0,2,1,0,0,0,0,0,0,0,50,34,0,2,1,0,0,0,0,0
050,49,015,Utah,Emery County,2000c,6,533,253,280,244,269,2,0,2,6,0,1,1,1,4,3,248,272,2,0,5,8,1,2,1,1,208,253,2,0,0,3,0,1,1,1,4,3,212,256,2,0,3,5,1,2,1,1,36,16,0,0,2,3,0,0,0,0,0,0,36,16,0,0,2,3,0,0,0,0
050,49,015,Utah,Emery County,2000a,6,541,255,286,246,275,2,0,2,6,0,1,1,1,4,3,250,278,2,0,5,8,1,2,1,1,210,256,2,0,0,3,0,1,1,1,4,3,214,259,2,0,3,5,1,2,1,1,36,19,0,0,2,3,0,0,0,0,0,0,36,19,0,0,2,3,0,0,0,0
050,49,015,Utah,Emery County,2000,6,551,261,290,254,280,2,0,3,6,1,2,0,0,1,2,255,282,2,0,4,8,1,2,0,0,218,261,2,0,1,3,1,2,0,0,1,1,219,262,2,0,2,4,1,2,0,0,36,19,0,0,2,3,0,0,0,0,0,1,36,20,0,0,2,4,0,0,0,0
050,49,015,Utah,Emery County,2001,6,527,260,267,253,263,2,0,2,3,2,1,0,0,1,0,254,263,2,0,3,3,2,1,0,0,217,240,2,0,1,2,2,1,0,0,1,0,218,240,2,0,2,2,2,1,0,0,36,23,0,0,1,1,0,0,0,0,0,0,36,23,0,0,1,1,0,0,0,0
050,49,015,Utah,Emery County,2002,6,503,252,251,244,248,4,0,2,2,2,1,0,0,0,0,244,248,4,0,2,2,2,1,0,0,211,221,4,0,1,1,2,1,0,0,0,0,211,221,4,0,1,1,2,1,0,0,33,27,0,0,1,1,0,0,0,0,0,0,33,27,0,0,1,1,0,0,0,0
050,49,015,Utah,Emery County,2003,6,492,249,243,241,240,4,1,1,1,3,1,0,0,0,0,241,240,4,1,1,1,3,1,0,0,212,212,4,1,1,1,3,1,0,0,0,0,212,212,4,1,1,1,3,1,0,0,29,28,0,0,0,0,0,0,0,0,0,0,29,28,0,0,0,0,0,0,0,0
050,49,015,Utah,Emery County,2004,6,496,253,243,245,241,4,0,1,1,2,1,0,0,1,0,246,241,4,0,2,1,2,1,0,0,221,216,4,0,1,1,2,1,0,0,1,0,222,216,4,0,2,1,2,1,0,0,24,25,0,0,0,0,0,0,0,0,0,0,24,25,0,0,0,0,0,0,0,0
050,49,015,Utah,Emery County,2000c,7,545,264,281,257,278,2,0,4,1,0,0,0,0,1,2,258,280,3,0,4,2,0,1,0,0,232,257,1,0,3,1,0,0,0,0,1,2,233,259,2,0,3,2,0,1,0,0,25,21,1,0,1,0,0,0,0,0,0,0,25,21,1,0,1,0,0,0,0,0
050,49,015,Utah,Emery County,2000a,7,553,270,283,263,280,2,0,4,1,0,0,0,0,1,2,264,282,3,0,4,2,0,1,0,0,235,259,1,0,3,1,0,0,0,0,1,2,236,261,2,0,3,2,0,1,0,0,28,21,1,0,1,0,0,0,0,0,0,0,28,21,1,0,1,0,0,0,0,0
050,49,015,Utah,Emery County,2000,7,553,272,281,265,280,3,0,3,1,0,0,0,0,1,0,266,280,3,0,4,1,0,0,0,0,237,259,2,0,2,1,0,0,0,0,1,0,238,259,2,0,3,1,0,0,0,0,28,21,1,0,1,0,0,0,0,0,0,0,28,21,1,0,1,0,0,0,0,0
050,49,015,Utah,Emery County,2001,7,527,247,280,240,272,2,0,4,5,0,1,0,0,1,2,241,274,2,0,5,7,0,1,0,0,212,252,1,0,2,3,0,1,0,0,1,1,213,253,1,0,3,4,0,1,0,0,28,20,1,0,2,2,0,0,0,0,0,1,28,21,1,0,2,3,0,0,0,0
050,49,015,Utah,Emery County,2002,7,487,218,269,214,260,1,0,3,5,0,1,0,0,0,3,214,263,1,0,3,8,0,2,0,1,189,241,0,0,1,3,0,1,0,0,0,1,189,242,0,0,1,4,0,1,0,0,25,19,1,0,2,2,0,0,0,0,0,2,25,21,1,0,2,4,0,1,0,1
050,49,015,Utah,Emery County,2003,7,487,228,259,223,250,2,0,3,6,0,1,0,0,0,2,223,252,2,0,3,8,0,1,0,0,195,235,2,0,1,4,0,1,0,0,0,1,195,236,2,0,1,5,0,1,0,0,28,15,0,0,2,2,0,0,0,0,0,1,28,16,0,0,2,3,0,0,0,0
050,49,015,Utah,Emery County,2004,7,462,214,248,208,240,1,0,4,6,1,1,0,0,0,1,208,241,1,0,4,7,1,1,0,0,180,226,1,0,2,3,1,1,0,0,0,1,180,227,1,0,2,4,1,1,0,0,28,14,0,0,2,3,0,0,0,0,0,0,28,14,0,0,2,3,0,0,0,0
050,49,015,Utah,Emery County,2000c,8,681,307,374,301,370,0,0,2,1,1,0,1,0,2,3,303,373,0,0,4,2,1,2,1,1,289,355,0,0,1,1,1,0,1,0,2,3,291,358,0,0,3,2,1,2,1,1,12,15,0,0,1,0,0,0,0,0,0,0,12,15,0,0,1,0,0,0,0,0
050,49,015,Utah,Emery County,2000a,8,690,311,379,305,375,0,0,2,1,1,0,1,0,2,3,307,378,0,0,4,2,1,2,1,1,292,358,0,0,1,1,1,0,1,0,2,3,294,361,0,0,3,2,1,2,1,1,13,17,0,0,1,0,0,0,0,0,0,0,13,17,0,0,1,0,0,0,0,0
050,49,015,Utah,Emery County,2000,8,680,307,373,302,371,0,0,2,1,2,0,0,0,1,1,303,372,0,0,3,2,2,0,0,0,289,354,0,0,1,1,2,0,0,0,1,1,290,355,0,0,2,2,2,0,0,0,13,17,0,0,1,0,0,0,0,0,0,0,13,17,0,0,1,0,0,0,0,0
050,49,015,Utah,Emery County,2001,8,602,273,329,268,328,0,0,2,1,1,0,0,0,2,0,270,328,0,0,4,1,1,0,0,0,255,312,0,0,1,1,1,0,0,0,1,0,256,312,0,0,2,1,1,0,0,0,13,16,0,0,1,0,0,0,0,0,1,0,14,16,0,0,2,0,0,0,0,0
050,49,015,Utah,Emery County,2002,8,554,254,300,246,300,1,0,4,0,1,0,0,0,2,0,248,300,1,0,6,0,1,0,0,0,228,282,1,0,3,0,1,0,0,0,2,0,230,282,1,0,5,0,1,0,0,0,18,18,0,0,1,0,0,0,0,0,0,0,18,18,0,0,1,0,0,0,0,0
050,49,015,Utah,Emery County,2003,8,516,235,281,226,281,2,0,4,0,1,0,0,0,2,0,228,281,2,0,6,0,1,0,0,0,205,264,1,0,2,0,1,0,0,0,2,0,207,264,1,0,4,0,1,0,0,0,21,17,1,0,2,0,0,0,0,0,0,0,21,17,1,0,2,0,0,0,0,0
050,49,015,Utah,Emery County,2004,8,498,244,254,235,252,2,0,5,1,0,1,0,0,2,0,237,252,2,0,7,1,0,1,0,0,212,232,1,0,3,1,0,1,0,0,1,0,213,232,1,0,4,1,0,1,0,0,23,20,1,0,2,0,0,0,0,0,1,0,24,20,1,0,3,0,0,0,0,0
050,49,015,Utah,Emery County,2000c,9,859,455,404,447,392,1,0,5,3,0,6,0,1,2,2,449,394,1,0,6,5,1,6,0,1,434,383,1,0,4,3,0,6,0,1,2,2,436,385,1,0,5,5,1,6,0,1,13,9,0,0,1,0,0,0,0,0,0,0,13,9,0,0,1,0,0,0,0,0
050,49,015,Utah,Emery County,2000a,9,863,457,406,449,393,1,1,5,3,0,6,0,1,2,2,451,395,1,1,6,5,1,6,0,1,436,384,1,1,4,3,0,6,0,1,2,2,438,386,1,1,5,5,1,6,0,1,13,9,0,0,1,0,0,0,0,0,0,0,13,9,0,0,1,0,0,0,0,0
050,49,015,Utah,Emery County,2000,9,858,454,404,447,391,1,1,4,3,0,6,0,1,2,2,449,393,1,1,6,5,0,6,0,1,434,382,1,1,3,3,0,6,0,1,2,2,436,384,1,1,5,5,0,6,0,1,13,9,0,0,1,0,0,0,0,0,0,0,13,9,0,0,1,0,0,0,0,0
050,49,015,Utah,Emery County,2001,9,835,433,402,427,393,1,1,3,3,1,4,0,0,1,1,428,394,1,1,4,4,1,4,0,0,412,380,1,1,3,3,1,4,0,0,1,1,413,381,1,1,4,4,1,4,0,0,15,13,0,0,0,0,0,0,0,0,0,0,15,13,0,0,0,0,0,0,0,0
050,49,015,Utah,Emery County,2002,9,803,400,403,395,395,1,1,2,3,1,2,0,0,1,2,396,397,1,1,3,5,1,2,0,0,380,383,1,1,2,3,1,2,0,0,1,2,381,385,1,1,3,5,1,2,0,0,15,12,0,0,0,0,0,0,0,0,0,0,15,12,0,0,0,0,0,0,0,0
050,49,015,Utah,Emery County,2003,9,743,353,390,350,384,1,1,1,2,1,2,0,0,0,1,350,385,1,1,1,3,1,2,0,0,339,368,1,1,1,2,1,2,0,0,0,1,339,369,1,1,1,3,1,2,0,0,11,16,0,0,0,0,0,0,0,0,0,0,11,16,0,0,0,0,0,0,0,0
050,49,015,Utah,Emery County,2004,9,707,324,383,320,379,0,0,1,2,2,1,0,0,1,1,321,380,0,0,2,3,2,1,0,0,307,364,0,0,1,2,2,1,0,0,1,1,308,365,0,0,2,3,2,1,0,0,13,15,0,0,0,0,0,0,0,0,0,0,13,15,0,0,0,0,0,0,0,0
050,49,015,Utah,Emery County,2000c,10,742,388,354,386,343,0,1,1,3,0,4,0,0,1,3,387,346,0,1,2,6,0,4,0,0,379,338,0,1,1,3,0,4,0,0,1,3,380,341,0,1,2,6,0,4,0,0,7,5,0,0,0,0,0,0,0,0,0,0,7,5,0,0,0,0,0,0,0,0
050,49,015,Utah,Emery County,2000a,10,748,390,358,388,347,0,1,1,3,0,4,0,0,1,3,389,350,0,1,2,6,0,4,0,0,381,342,0,1,1,3,0,4,0,0,1,3,382,345,0,1,2,6,0,4,0,0,7,5,0,0,0,0,0,0,0,0,0,0,7,5,0,0,0,0,0,0,0,0
050,49,015,Utah,Emery County,2000,10,748,391,357,389,348,0,1,1,3,0,3,0,0,1,2,390,350,0,1,2,5,0,3,0,0,382,343,0,1,1,3,0,3,0,0,1,2,383,345,0,1,2,5,0,3,0,0,7,5,0,0,0,0,0,0,0,0,0,0,7,5,0,0,0,0,0,0,0,0
050,49,015,Utah,Emery County,2001,10,757,391,366,389,355,0,1,2,3,0,6,0,0,0,1,389,356,0,1,2,4,0,6,0,0,382,350,0,1,1,3,0,6,0,0,0,1,382,351,0,1,1,4,0,6,0,0,7,5,0,0,1,0,0,0,0,0,0,0,7,5,0,0,1,0,0,0,0,0
050,49,015,Utah,Emery County,2002,10,794,426,368,421,357,0,1,3,3,0,6,0,0,2,1,423,358,0,1,5,4,0,6,0,0,412,350,0,1,2,3,0,6,0,0,2,1,414,351,0,1,4,4,0,6,0,0,9,7,0,0,1,0,0,0,0,0,0,0,9,7,0,0,1,0,0,0,0,0
050,49,015,Utah,Emery County,2003,10,810,438,372,431,360,0,0,4,3,0,6,0,1,3,2,434,362,0,0,7,5,0,6,0,1,416,355,0,0,3,3,0,6,0,1,3,2,419,357,0,0,6,5,0,6,0,1,15,5,0,0,1,0,0,0,0,0,0,0,15,5,0,0,1,0,0,0,0,0
050,49,015,Utah,Emery County,2004,10,803,428,375,421,363,1,1,4,1,0,8,0,1,2,1,423,364,1,1,6,2,0,8,0,1,408,357,1,1,3,1,0,8,0,1,2,1,410,358,1,1,5,2,0,8,0,1,13,6,0,0,1,0,0,0,0,0,0,0,13,6,0,0,1,0,0,0,0,0
050,49,015,Utah,Emery County,2000c,11,616,322,294,321,291,0,0,0,1,1,1,0,0,0,1,321,292,0,0,0,2,1,1,0,0,316,285,0,0,0,1,1,1,0,0,0,1,316,286,0,0,0,2,1,1,0,0,5,6,0,0,0,0,0,0,0,0,0,0,5,6,0,0,0,0,0,0,0,0
050,49,015,Utah,Emery County,2000a,11,621,324,297,323,294,0,0,0,1,1,1,0,0,0,1,323,295,0,0,0,2,1,1,0,0,317,288,0,0,0,1,1,1,0,0,0,1,317,289,0,0,0,2,1,1,0,0,6,6,0,0,0,0,0,0,0,0,0,0,6,6,0,0,0,0,0,0,0,0
050,49,015,Utah,Emery County,2000,11,621,326,295,325,293,0,0,0,1,1,1,0,0,0,0,325,293,0,0,0,1,1,1,0,0,319,287,0,0,0,1,1,1,0,0,0,0,319,287,0,0,0,1,1,1,0,0,6,6,0,0,0,0,0,0,0,0,0,0,6,6,0,0,0,0,0,0,0,0
050,49,015,Utah,Emery County,2001,11,651,346,305,345,303,0,0,0,1,1,1,0,0,0,0,345,303,0,0,0,1,1,1,0,0,341,296,0,0,0,1,1,1,0,0,0,0,341,296,0,0,0,1,1,1,0,0,4,7,0,0,0,0,0,0,0,0,0,0,4,7,0,0,0,0,0,0,0,0
050,49,015,Utah,Emery County,2002,11,650,325,325,324,322,0,0,0,1,1,2,0,0,0,0,324,322,0,0,0,1,1,2,0,0,320,317,0,0,0,1,1,2,0,0,0,0,320,317,0,0,0,1,1,2,0,0,4,5,0,0,0,0,0,0,0,0,0,0,4,5,0,0,0,0,0,0,0,0
050,49,015,Utah,Emery County,2003,11,682,354,328,353,322,0,1,0,2,1,2,0,0,0,1,353,323,0,1,0,3,1,2,0,0,349,316,0,1,0,2,1,2,0,0,0,1,349,317,0,1,0,3,1,2,0,0,4,6,0,0,0,0,0,0,0,0,0,0,4,6,0,0,0,0,0,0,0,0
050,49,015,Utah,Emery County,2004,11,716,370,346,368,337,0,1,1,4,1,2,0,0,0,2,368,339,0,1,1,6,1,2,0,0,362,332,0,1,1,4,1,2,0,0,0,2,362,334,0,1,1,6,1,2,0,0,6,5,0,0,0,0,0,0,0,0,0,0,6,5,0,0,0,0,0,0,0,0
050,49,015,Utah,Emery County,2000c,12,500,257,243,252,240,1,0,2,1,0,0,0,0,2,2,254,242,1,0,4,3,0,0,0,0,243,230,1,0,2,1,0,0,0,0,2,2,245,232,1,0,4,3,0,0,0,0,9,10,0,0,0,0,0,0,0,0,0,0,9,10,0,0,0,0,0,0,0,0
050,49,015,Utah,Emery County,2000a,12,502,257,245,252,242,1,0,2,1,0,0,0,0,2,2,254,244,1,0,4,3,0,0,0,0,243,232,1,0,2,1,0,0,0,0,2,2,245,234,1,0,4,3,0,0,0,0,9,10,0,0,0,0,0,0,0,0,0,0,9,10,0,0,0,0,0,0,0,0
050,49,015,Utah,Emery County,2000,12,499,255,244,252,243,1,0,1,1,0,0,0,0,1,0,253,243,1,0,2,1,0,0,0,0,243,233,1,0,1,1,0,0,0,0,1,0,244,233,1,0,2,1,0,0,0,0,9,10,0,0,0,0,0,0,0,0,0,0,9,10,0,0,0,0,0,0,0,0
050,49,015,Utah,Emery County,2001,12,486,247,239,244,238,1,0,1,1,0,0,0,0,1,0,245,238,1,0,2,1,0,0,0,0,236,229,1,0,1,1,0,0,0,0,1,0,237,229,1,0,2,1,0,0,0,0,8,9,0,0,0,0,0,0,0,0,0,0,8,9,0,0,0,0,0,0,0,0
050,49,015,Utah,Emery County,2002,12,500,277,223,276,222,1,0,0,1,0,0,0,0,0,0,276,222,1,0,0,1,0,0,0,0,267,216,1,0,0,1,0,0,0,0,0,0,267,216,1,0,0,1,0,0,0,0,9,6,0,0,0,0,0,0,0,0,0,0,9,6,0,0,0,0,0,0,0,0
050,49,015,Utah,Emery County,2003,12,512,272,240,272,239,0,0,0,0,0,1,0,0,0,0,272,239,0,0,0,0,0,1,0,0,263,232,0,0,0,0,0,1,0,0,0,0,263,232,0,0,0,0,0,1,0,0,9,7,0,0,0,0,0,0,0,0,0,0,9,7,0,0,0,0,0,0,0,0
050,49,015,Utah,Emery County,2004,12,554,286,268,286,267,0,0,0,0,0,1,0,0,0,0,286,267,0,0,0,0,0,1,0,0,278,261,0,0,0,0,0,1,0,0,0,0,278,261,0,0,0,0,0,1,0,0,8,6,0,0,0,0,0,0,0,0,0,0,8,6,0,0,0,0,0,0,0,0
050,49,015,Utah,Emery County,2000c,13,408,203,205,200,202,0,0,1,2,0,1,0,0,2,0,202,202,0,0,3,2,0,1,1,0,197,200,0,0,1,2,0,1,0,0,2,0,199,200,0,0,3,2,0,1,1,0,3,2,0,0,0,0,0,0,0,0,0,0,3,2,0,0,0,0,0,0,0,0
050,49,015,Utah,Emery County,2000a,13,411,204,207,201,204,0,0,1,2,0,1,0,0,2,0,203,204,0,0,3,2,0,1,1,0,198,202,0,0,1,2,0,1,0,0,2,0,200,202,0,0,3,2,0,1,1,0,3,2,0,0,0,0,0,0,0,0,0,0,3,2,0,0,0,0,0,0,0,0
050,49,015,Utah,Emery County,2000,13,410,203,207,201,204,0,0,1,2,0,1,0,0,1,0,202,204,0,0,2,2,0,1,0,0,198,202,0,0,1,2,0,1,0,0,1,0,199,202,0,0,2,2,0,1,0,0,3,2,0,0,0,0,0,0,0,0,0,0,3,2,0,0,0,0,0,0,0,0
050,49,015,Utah,Emery County,2001,13,442,220,222,219,218,0,0,1,2,0,1,0,0,0,1,219,219,0,0,1,3,0,1,0,0,212,215,0,0,1,2,0,1,0,0,0,1,212,216,0,0,1,3,0,1,0,0,7,3,0,0,0,0,0,0,0,0,0,0,7,3,0,0,0,0,0,0,0,0
050,49,015,Utah,Emery County,2002,13,450,211,239,209,237,0,0,1,2,0,0,0,0,1,0,210,237,0,0,2,2,0,0,0,0,202,230,0,0,1,2,0,0,0,0,1,0,203,230,0,0,2,2,0,0,0,0,7,7,0,0,0,0,0,0,0,0,0,0,7,7,0,0,0,0,0,0,0,0
050,49,015,Utah,Emery County,2003,13,481,233,248,230,246,1,0,1,2,0,0,0,0,1,0,231,246,1,0,2,2,0,0,0,0,223,240,1,0,1,2,0,0,0,0,1,0,224,240,1,0,2,2,0,0,0,0,7,6,0,0,0,0,0,0,0,0,0,0,7,6,0,0,0,0,0,0,0,0
050,49,015,Utah,Emery County,2004,13,483,240,243,237,241,1,0,1,2,0,0,0,0,1,0,238,241,1,0,2,2,0,0,0,0,228,234,1,0,1,2,0,0,0,0,1,0,229,234,1,0,2,2,0,0,0,0,9,7,0,0,0,0,0,0,0,0,0,0,9,7,0,0,0,0,0,0,0,0
050,49,015,Utah,Emery County,2000c,14,300,150,150,148,150,0,0,0,0,1,0,0,0,1,0,149,150,0,0,1,0,1,0,0,0,144,148,0,0,0,0,1,0,0,0,1,0,145,148,0,0,1,0,1,0,0,0,4,2,0,0,0,0,0,0,0,0,0,0,4,2,0,0,0,0,0,0,0,0
050,49,015,Utah,Emery County,2000a,14,305,153,152,151,152,0,0,0,0,1,0,0,0,1,0,152,152,0,0,1,0,1,0,0,0,146,150,0,0,0,0,1,0,0,0,1,0,147,150,0,0,1,0,1,0,0,0,5,2,0,0,0,0,0,0,0,0,0,0,5,2,0,0,0,0,0,0,0,0
050,49,015,Utah,Emery County,2000,14,306,153,153,152,153,0,0,0,0,1,0,0,0,0,0,152,153,0,0,0,0,1,0,0,0,147,151,0,0,0,0,1,0,0,0,0,0,147,151,0,0,0,0,1,0,0,0,5,2,0,0,0,0,0,0,0,0,0,0,5,2,0,0,0,0,0,0,0,0
050,49,015,Utah,Emery County,2001,14,294,144,150,143,150,0,0,0,0,1,0,0,0,0,0,143,150,0,0,0,0,1,0,0,0,139,148,0,0,0,0,1,0,0,0,0,0,139,148,0,0,0,0,1,0,0,0,4,2,0,0,0,0,0,0,0,0,0,0,4,2,0,0,0,0,0,0,0,0
050,49,015,Utah,Emery County,2002,14,319,163,156,161,156,0,0,1,0,0,0,0,0,1,0,162,156,0,0,2,0,0,0,0,0,158,156,0,0,1,0,0,0,0,0,1,0,159,156,0,0,2,0,0,0,0,0,3,0,0,0,0,0,0,0,0,0,0,0,3,0,0,0,0,0,0,0,0,0
050,49,015,Utah,Emery County,2003,14,331,167,164,166,162,0,0,1,1,0,1,0,0,0,0,166,162,0,0,1,1,0,1,0,0,164,161,0,0,1,1,0,1,0,0,0,0,164,161,0,0,1,1,0,1,0,0,2,1,0,0,0,0,0,0,0,0,0,0,2,1,0,0,0,0,0,0,0,0
050,49,015,Utah,Emery County,2004,14,343,170,173,169,171,0,0,1,1,0,1,0,0,0,0,169,171,0,0,1,1,0,1,0,0,168,170,0,0,1,1,0,1,0,0,0,0,168,170,0,0,1,1,0,1,0,0,1,1,0,0,0,0,0,0,0,0,0,0,1,1,0,0,0,0,0,0,0,0
050,49,015,Utah,Emery County,2000c,15,300,146,154,145,153,0,0,1,0,0,0,0,0,0,1,145,154,0,0,1,1,0,0,0,0,142,153,0,0,1,0,0,0,0,0,0,1,142,154,0,0,1,1,0,0,0,0,3,0,0,0,0,0,0,0,0,0,0,0,3,0,0,0,0,0,0,0,0,0
050,49,015,Utah,Emery County,2000a,15,307,149,158,148,157,0,0,1,0,0,0,0,0,0,1,148,158,0,0,1,1,0,0,0,0,145,156,0,0,1,0,0,0,0,0,0,1,145,157,0,0,1,1,0,0,0,0,3,1,0,0,0,0,0,0,0,0,0,0,3,1,0,0,0,0,0,0,0,0
050,49,015,Utah,Emery County,2000,15,308,150,158,149,158,0,0,1,0,0,0,0,0,0,0,149,158,0,0,1,0,0,0,0,0,146,157,0,0,1,0,0,0,0,0,0,0,146,157,0,0,1,0,0,0,0,0,3,1,0,0,0,0,0,0,0,0,0,0,3,1,0,0,0,0,0,0,0,0
050,49,015,Utah,Emery County,2001,15,314,155,159,154,159,0,0,1,0,0,0,0,0,0,0,154,159,0,0,1,0,0,0,0,0,150,158,0,0,1,0,0,0,0,0,0,0,150,158,0,0,1,0,0,0,0,0,4,1,0,0,0,0,0,0,0,0,0,0,4,1,0,0,0,0,0,0,0,0
050,49,015,Utah,Emery County,2002,15,308,152,156,150,156,0,0,1,0,1,0,0,0,0,0,150,156,0,0,1,0,1,0,0,0,145,153,0,0,1,0,1,0,0,0,0,0,145,153,0,0,1,0,1,0,0,0,5,3,0,0,0,0,0,0,0,0,0,0,5,3,0,0,0,0,0,0,0,0
050,49,015,Utah,Emery County,2003,15,298,143,155,141,155,0,0,1,0,1,0,0,0,0,0,141,155,0,0,1,0,1,0,0,0,135,152,0,0,1,0,1,0,0,0,0,0,135,152,0,0,1,0,1,0,0,0,6,3,0,0,0,0,0,0,0,0,0,0,6,3,0,0,0,0,0,0,0,0
050,49,015,Utah,Emery County,2004,15,297,151,146,149,146,0,0,1,0,1,0,0,0,0,0,149,146,0,0,1,0,1,0,0,0,144,144,0,0,1,0,1,0,0,0,0,0,144,144,0,0,1,0,1,0,0,0,5,2,0,0,0,0,0,0,0,0,0,0,5,2,0,0,0,0,0,0,0,0
050,49,015,Utah,Emery County,2000c,16,207,91,116,90,113,0,0,0,1,0,0,0,1,1,1,91,114,0,0,1,2,0,0,0,1,88,111,0,0,0,1,0,0,0,1,1,1,89,112,0,0,1,2,0,0,0,1,2,2,0,0,0,0,0,0,0,0,0,0,2,2,0,0,0,0,0,0,0,0
050,49,015,Utah,Emery County,2000a,16,210,92,118,91,115,0,0,0,1,0,0,0,1,1,1,92,116,0,0,1,2,0,0,0,1,89,113,0,0,0,1,0,0,0,1,1,1,90,114,0,0,1,2,0,0,0,1,2,2,0,0,0,0,0,0,0,0,0,0,2,2,0,0,0,0,0,0,0,0
050,49,015,Utah,Emery County,2000,16,210,91,119,91,117,0,0,0,1,0,1,0,0,0,0,91,117,0,0,0,1,0,1,0,0,89,115,0,0,0,1,0,1,0,0,0,0,89,115,0,0,0,1,0,1,0,0,2,2,0,0,0,0,0,0,0,0,0,0,2,2,0,0,0,0,0,0,0,0
050,49,015,Utah,Emery County,2001,16,237,113,124,113,123,0,0,0,0,0,1,0,0,0,0,113,123,0,0,0,0,0,1,0,0,112,122,0,0,0,0,0,1,0,0,0,0,112,122,0,0,0,0,0,1,0,0,1,1,0,0,0,0,0,0,0,0,0,0,1,1,0,0,0,0,0,0,0,0
050,49,015,Utah,Emery County,2002,16,237,116,121,116,120,0,0,0,0,0,1,0,0,0,0,116,120,0,0,0,0,0,1,0,0,115,119,0,0,0,0,0,1,0,0,0,0,115,119,0,0,0,0,0,1,0,0,1,1,0,0,0,0,0,0,0,0,0,0,1,1,0,0,0,0,0,0,0,0
050,49,015,Utah,Emery County,2003,16,250,128,122,128,122,0,0,0,0,0,0,0,0,0,0,128,122,0,0,0,0,0,0,0,0,127,122,0,0,0,0,0,0,0,0,0,0,127,122,0,0,0,0,0,0,0,0,1,0,0,0,0,0,0,0,0,0,0,0,1,0,0,0,0,0,0,0,0,0
050,49,015,Utah,Emery County,2004,16,268,126,142,125,142,0,0,1,0,0,0,0,0,0,0,125,142,0,0,1,0,0,0,0,0,123,141,0,0,1,0,0,0,0,0,0,0,123,141,0,0,1,0,0,0,0,0,2,1,0,0,0,0,0,0,0,0,0,0,2,1,0,0,0,0,0,0,0,0
050,49,015,Utah,Emery County,2000c,17,144,60,84,60,83,0,0,0,1,0,0,0,0,0,0,60,83,0,0,0,1,0,0,0,0,60,83,0,0,0,1,0,0,0,0,0,0,60,83,0,0,0,1,0,0,0,0,0,0,0,0,0,0,0,0,0,0,0,0,0,0,0,0,0,0,0,0,0,0
050,49,015,Utah,Emery County,2000a,17,144,60,84,60,83,0,0,0,1,0,0,0,0,0,0,60,83,0,0,0,1,0,0,0,0,60,83,0,0,0,1,0,0,0,0,0,0,60,83,0,0,0,1,0,0,0,0,0,0,0,0,0,0,0,0,0,0,0,0,0,0,0,0,0,0,0,0,0,0
050,49,015,Utah,Emery County,2000,17,145,61,84,61,83,0,0,0,1,0,0,0,0,0,0,61,83,0,0,0,1,0,0,0,0,61,83,0,0,0,1,0,0,0,0,0,0,61,83,0,0,0,1,0,0,0,0,0,0,0,0,0,0,0,0,0,0,0,0,0,0,0,0,0,0,0,0,0,0
050,49,015,Utah,Emery County,2001,17,135,53,82,53,80,0,0,0,1,0,0,0,0,0,1,53,81,0,0,0,2,0,0,0,0,52,80,0,0,0,1,0,0,0,0,0,1,52,81,0,0,0,2,0,0,0,0,1,0,0,0,0,0,0,0,0,0,0,0,1,0,0,0,0,0,0,0,0,0
050,49,015,Utah,Emery County,2002,17,144,51,93,51,91,0,0,0,2,0,0,0,0,0,0,51,91,0,0,0,2,0,0,0,0,50,91,0,0,0,2,0,0,0,0,0,0,50,91,0,0,0,2,0,0,0,0,1,0,0,0,0,0,0,0,0,0,0,0,1,0,0,0,0,0,0,0,0,0
050,49,015,Utah,Emery County,2003,17,147,55,92,55,90,0,0,0,1,0,1,0,0,0,0,55,90,0,0,0,1,0,1,0,0,54,89,0,0,0,1,0,1,0,0,0,0,54,89,0,0,0,1,0,1,0,0,1,1,0,0,0,0,0,0,0,0,0,0,1,1,0,0,0,0,0,0,0,0
050,49,015,Utah,Emery County,2004,17,133,67,66,67,64,0,0,0,1,0,1,0,0,0,0,67,64,0,0,0,1,0,1,0,0,65,63,0,0,0,1,0,1,0,0,0,0,65,63,0,0,0,1,0,1,0,0,2,1,0,0,0,0,0,0,0,0,0,0,2,1,0,0,0,0,0,0,0,0
050,49,015,Utah,Emery County,2000c,18,143,37,106,37,105,0,0,0,0,0,0,0,0,0,1,37,106,0,0,0,1,0,0,0,0,36,104,0,0,0,0,0,0,0,0,0,1,36,105,0,0,0,1,0,0,0,0,1,1,0,0,0,0,0,0,0,0,0,0,1,1,0,0,0,0,0,0,0,0
050,49,015,Utah,Emery County,2000a,18,143,37,106,37,105,0,0,0,0,0,0,0,0,0,1,37,106,0,0,0,1,0,0,0,0,36,104,0,0,0,0,0,0,0,0,0,1,36,105,0,0,0,1,0,0,0,0,1,1,0,0,0,0,0,0,0,0,0,0,1,1,0,0,0,0,0,0,0,0
050,49,015,Utah,Emery County,2000,18,144,38,106,38,106,0,0,0,0,0,0,0,0,0,0,38,106,0,0,0,0,0,0,0,0,37,105,0,0,0,0,0,0,0,0,0,0,37,105,0,0,0,0,0,0,0,0,1,1,0,0,0,0,0,0,0,0,0,0,1,1,0,0,0,0,0,0,0,0
050,49,015,Utah,Emery County,2001,18,145,40,105,40,105,0,0,0,0,0,0,0,0,0,0,40,105,0,0,0,0,0,0,0,0,39,104,0,0,0,0,0,0,0,0,0,0,39,104,0,0,0,0,0,0,0,0,1,1,0,0,0,0,0,0,0,0,0,0,1,1,0,0,0,0,0,0,0,0
050,49,015,Utah,Emery County,2002,18,150,47,103,47,103,0,0,0,0,0,0,0,0,0,0,47,103,0,0,0,0,0,0,0,0,47,102,0,0,0,0,0,0,0,0,0,0,47,102,0,0,0,0,0,0,0,0,0,1,0,0,0,0,0,0,0,0,0,0,0,1,0,0,0,0,0,0,0,0
050,49,015,Utah,Emery County,2003,18,152,46,106,46,105,0,0,0,1,0,0,0,0,0,0,46,105,0,0,0,1,0,0,0,0,46,104,0,0,0,1,0,0,0,0,0,0,46,104,0,0,0,1,0,0,0,0,0,1,0,0,0,0,0,0,0,0,0,0,0,1,0,0,0,0,0,0,0,0
050,49,015,Utah,Emery County,2004,18,160,52,108,52,107,0,0,0,1,0,0,0,0,0,0,52,107,0,0,0,1,0,0,0,0,52,106,0,0,0,1,0,0,0,0,0,0,52,106,0,0,0,1,0,0,0,0,0,1,0,0,0,0,0,0,0,0,0,0,0,1,0,0,0,0,0,0,0,0
050,49,017,Utah,Garfield County,2000c,0,4735,2421,2314,2332,2237,8,0,49,41,6,14,1,1,25,21,2357,2258,9,0,66,53,12,23,2,1,2272,2182,8,0,41,33,5,14,1,1,23,19,2295,2201,9,0,56,43,11,23,2,1,60,55,0,0,8,8,1,0,0,0,2,2,62,57,0,0,10,10,1,0,0,0
050,49,017,Utah,Garfield County,2000a,0,4735,2421,2314,2332,2237,8,0,49,41,6,14,1,1,25,21,2357,2258,9,0,66,53,12,23,2,1,2272,2182,8,0,41,33,5,14,1,1,23,19,2295,2201,9,0,56,43,11,23,2,1,60,55,0,0,8,8,1,0,0,0,2,2,62,57,0,0,10,10,1,0,0,0
050,49,017,Utah,Garfield County,2000,0,4750,2431,2319,2356,2255,9,0,52,41,7,13,0,0,7,10,2363,2265,9,0,56,45,10,19,0,0,2294,2198,9,0,44,33,7,13,0,0,7,10,2301,2208,9,0,48,37,10,19,0,0,62,57,0,0,8,8,0,0,0,0,0,0,62,57,0,0,8,8,0,0,0,0
050,49,017,Utah,Garfield County,2001,0,4692,2409,2283,2330,2215,9,0,55,44,7,15,0,0,8,9,2338,2224,9,0,60,47,10,21,0,0,2269,2156,9,0,45,35,6,15,0,0,8,8,2277,2164,9,0,50,37,9,21,0,0,61,59,0,0,10,9,1,0,0,0,0,1,61,60,0,0,10,10,1,0,0,0
050,49,017,Utah,Garfield County,2002,0,4610,2356,2254,2283,2196,9,0,52,38,6,13,0,0,6,7,2289,2203,9,0,56,40,8,18,0,0,2226,2138,9,0,42,30,5,13,0,0,6,6,2232,2144,9,0,46,31,7,18,0,0,57,58,0,0,10,8,1,0,0,0,0,1,57,59,0,0,10,9,1,0,0,0
050,49,017,Utah,Garfield County,2003,0,4546,2329,2217,2262,2155,8,0,49,41,5,14,0,0,5,7,2267,2162,8,0,52,44,7,18,0,0,2199,2093,8,0,40,32,4,14,0,0,5,7,2204,2100,8,0,43,35,6,18,0,0,63,62,0,0,9,9,1,0,0,0,0,0,63,62,0,0,9,9,1,0,0,0
050,49,017,Utah,Garfield County,2004,0,4427,2282,2145,2221,2091,8,0,44,37,6,13,0,0,3,4,2224,2095,8,0,46,38,7,16,0,0,2157,2026,8,0,36,28,5,13,0,0,3,3,2160,2029,8,0,38,28,6,16,0,0,64,65,0,0,8,9,1,0,0,0,0,1,64,66,0,0,8,10,1,0,0,0
050,49,017,Utah,Garfield County,2000c,1,405,212,193,199,184,0,0,7,4,0,0,0,0,6,5,205,189,0,0,12,6,1,3,0,0,197,178,0,0,7,2,0,0,0,0,5,5,202,183,0,0,11,4,1,3,0,0,2,6,0,0,0,2,0,0,0,0,1,0,3,6,0,0,1,2,0,0,0,0
050,49,017,Utah,Garfield County,2000a,1,405,212,193,199,184,0,0,7,4,0,0,0,0,6,5,205,189,0,0,12,6,1,3,0,0,197,178,0,0,7,2,0,0,0,0,5,5,202,183,0,0,11,4,1,3,0,0,2,6,0,0,0,2,0,0,0,0,1,0,3,6,0,0,1,2,0,0,0,0
050,49,017,Utah,Garfield County,2000,1,411,217,194,205,187,0,0,8,4,0,0,0,0,4,3,209,190,0,0,11,5,1,2,0,0,202,181,0,0,8,2,0,0,0,0,4,3,206,184,0,0,11,3,1,2,0,0,3,6,0,0,0,2,0,0,0,0,0,0,3,6,0,0,0,2,0,0,0,0
050,49,017,Utah,Garfield County,2001,1,396,205,191,196,185,0,0,7,3,0,0,0,0,2,3,198,188,0,0,9,4,0,2,0,0,192,177,0,0,6,1,0,0,0,0,2,3,194,180,0,0,8,2,0,2,0,0,4,8,0,0,1,2,0,0,0,0,0,0,4,8,0,0,1,2,0,0,0,0
050,49,017,Utah,Garfield County,2002,1,377,193,184,186,181,0,0,6,2,0,0,0,0,1,1,187,182,0,0,7,2,0,1,0,0,182,172,0,0,5,1,0,0,0,0,1,1,183,173,0,0,6,1,0,1,0,0,4,9,0,0,1,1,0,0,0,0,0,0,4,9,0,0,1,1,0,0,0,0
050,49,017,Utah,Garfield County,2003,1,351,180,171,175,168,0,0,4,3,0,0,0,0,1,0,176,168,0,0,5,3,0,0,0,0,171,156,0,0,4,2,0,0,0,0,1,0,172,156,0,0,5,2,0,0,0,0,4,12,0,0,0,1,0,0,0,0,0,0,4,12,0,0,0,1,0,0,0,0
050,49,017,Utah,Garfield County,2004,1,316,155,161,154,157,0,0,1,4,0,0,0,0,0,0,154,157,0,0,1,4,0,0,0,0,148,145,0,0,1,3,0,0,0,0,0,0,148,145,0,0,1,3,0,0,0,0,6,12,0,0,0,1,0,0,0,0,0,0,6,12,0,0,0,1,0,0,0,0
050,49,017,Utah,Garfield County,2000c,2,396,201,195,191,187,0,0,7,5,0,0,1,0,2,3,193,190,0,0,9,6,0,2,1,0,186,178,0,0,4,3,0,0,1,0,2,3,188,181,0,0,6,4,0,2,1,0,5,9,0,0,3,2,0,0,0,0,0,0,5,9,0,0,3,2,0,0,0,0
050,49,017,Utah,Garfield County,2000a,2,396,201,195,191,187,0,0,7,5,0,0,1,0,2,3,193,190,0,0,9,6,0,2,1,0,186,178,0,0,4,3,0,0,1,0,2,3,188,181,0,0,6,4,0,2,1,0,5,9,0,0,3,2,0,0,0,0,0,0,5,9,0,0,3,2,0,0,0,0
050,49,017,Utah,Garfield County,2000,2,395,202,193,191,186,0,0,8,5,1,0,0,0,2,2,193,188,0,0,9,6,2,1,0,0,186,177,0,0,5,3,1,0,0,0,2,2,188,179,0,0,6,4,2,1,0,0,5,9,0,0,3,2,0,0,0,0,0,0,5,9,0,0,3,2,0,0,0,0
050,49,017,Utah,Garfield County,2001,2,387,204,183,192,176,0,0,9,4,0,1,0,0,3,2,195,178,0,0,11,5,1,2,0,0,188,170,0,0,7,2,0,1,0,0,3,1,191,171,0,0,9,2,1,2,0,0,4,6,0,0,2,2,0,0,0,0,0,1,4,7,0,0,2,3,0,0,0,0
050,49,017,Utah,Garfield County,2002,2,366,181,185,171,179,0,0,7,4,0,0,0,0,3,2,174,181,0,0,10,5,0,1,0,0,169,172,0,0,6,1,0,0,0,0,3,1,172,173,0,0,9,1,0,1,0,0,2,7,0,0,1,3,0,0,0,0,0,1,2,8,0,0,1,4,0,0,0,0
050,49,017,Utah,Garfield County,2003,2,382,197,185,188,179,0,0,7,4,0,1,0,0,2,1,190,180,0,0,9,4,0,2,0,0,185,174,0,0,6,1,0,1,0,0,2,1,187,175,0,0,8,1,0,2,0,0,3,5,0,0,1,3,0,0,0,0,0,0,3,5,0,0,1,3,0,0,0,0
050,49,017,Utah,Garfield County,2004,2,383,205,178,196,173,0,0,7,4,0,0,0,0,2,1,198,174,0,0,9,5,0,0,0,0,194,168,0,0,7,1,0,0,0,0,2,0,196,168,0,0,9,1,0,0,0,0,2,5,0,0,0,3,0,0,0,0,0,1,2,6,0,0,0,4,0,0,0,0
050,49,017,Utah,Garfield County,2000c,3,418,212,206,206,199,0,0,5,5,1,2,0,0,0,0,206,199,0,0,5,5,1,2,0,0,197,194,0,0,4,4,1,2,0,0,0,0,197,194,0,0,4,4,1,2,0,0,9,5,0,0,1,1,0,0,0,0,0,0,9,5,0,0,1,1,0,0,0,0
050,49,017,Utah,Garfield County,2000a,3,418,212,206,206,199,0,0,5,5,1,2,0,0,0,0,206,199,0,0,5,5,1,2,0,0,197,194,0,0,4,4,1,2,0,0,0,0,197,194,0,0,4,4,1,2,0,0,9,5,0,0,1,1,0,0,0,0,0,0,9,5,0,0,1,1,0,0,0,0
050,49,017,Utah,Garfield County,2000,3,419,213,206,206,198,0,0,5,5,1,1,0,0,1,2,207,200,0,0,5,6,2,2,0,0,197,193,0,0,4,4,1,1,0,0,1,2,198,195,0,0,4,5,2,2,0,0,9,5,0,0,1,1,0,0,0,0,0,0,9,5,0,0,1,1,0,0,0,0
050,49,017,Utah,Garfield County,2001,3,413,214,199,206,192,0,0,6,5,1,1,0,0,1,1,207,193,0,0,6,5,2,2,0,0,200,185,0,0,4,5,1,1,0,0,1,1,201,186,0,0,4,5,2,2,0,0,6,7,0,0,2,0,0,0,0,0,0,0,6,7,0,0,2,0,0,0,0,0
050,49,017,Utah,Garfield County,2002,3,410,218,192,210,188,0,0,6,4,1,0,0,0,1,0,211,188,0,0,6,4,2,0,0,0,206,181,0,0,3,4,1,0,0,0,1,0,207,181,0,0,3,4,2,0,0,0,4,7,0,0,3,0,0,0,0,0,0,0,4,7,0,0,3,0,0,0,0,0
050,49,017,Utah,Garfield County,2003,3,390,203,187,195,184,0,0,6,2,1,0,0,0,1,1,196,185,0,0,6,3,2,0,0,0,192,175,0,0,3,2,1,0,0,0,1,1,193,176,0,0,3,3,2,0,0,0,3,9,0,0,3,0,0,0,0,0,0,0,3,9,0,0,3,0,0,0,0,0
050,49,017,Utah,Garfield County,2004,3,362,190,172,181,169,0,0,7,2,1,0,0,0,1,1,182,170,0,0,7,2,2,1,0,0,177,159,0,0,4,2,1,0,0,0,1,1,178,160,0,0,4,2,2,1,0,0,4,10,0,0,3,0,0,0,0,0,0,0,4,10,0,0,3,0,0,0,0,0
050,49,017,Utah,Garfield County,2000c,4,455,266,189,259,183,0,0,3,1,0,3,0,0,4,2,263,185,0,0,4,1,2,5,1,0,252,178,0,0,1,1,0,3,0,0,4,2,256,180,0,0,2,1,2,5,1,0,7,5,0,0,2,0,0,0,0,0,0,0,7,5,0,0,2,0,0,0,0,0
050,49,017,Utah,Garfield County,2000a,4,455,266,189,259,183,0,0,3,1,0,3,0,0,4,2,263,185,0,0,4,1,2,5,1,0,252,178,0,0,1,1,0,3,0,0,4,2,256,180,0,0,2,1,2,5,1,0,7,5,0,0,2,0,0,0,0,0,0,0,7,5,0,0,2,0,0,0,0,0
050,49,017,Utah,Garfield County,2000,4,456,266,190,262,185,0,0,3,1,1,2,0,0,0,2,262,187,0,0,3,1,1,4,0,0,255,180,0,0,1,1,1,2,0,0,0,2,255,182,0,0,1,1,1,4,0,0,7,5,0,0,2,0,0,0,0,0,0,0,7,5,0,0,2,0,0,0,0,0
050,49,017,Utah,Garfield County,2001,4,483,273,210,269,203,0,0,2,3,1,2,0,0,1,2,270,205,0,0,2,3,2,4,0,0,260,197,0,0,1,2,1,2,0,0,1,2,261,199,0,0,1,2,2,4,0,0,9,6,0,0,1,1,0,0,0,0,0,0,9,6,0,0,1,1,0,0,0,0
050,49,017,Utah,Garfield County,2002,4,468,259,209,254,201,0,0,3,4,1,2,0,0,1,2,255,203,0,0,3,4,2,4,0,0,242,195,0,0,2,3,1,2,0,0,1,2,243,197,0,0,2,3,2,4,0,0,12,6,0,0,1,1,0,0,0,0,0,0,12,6,0,0,1,1,0,0,0,0
050,49,017,Utah,Garfield County,2003,4,426,229,197,226,187,0,0,2,6,0,2,0,0,1,2,227,189,0,0,2,6,1,4,0,0,214,181,0,0,1,5,0,2,0,0,1,2,215,183,0,0,1,5,1,4,0,0,12,6,0,0,1,1,0,0,0,0,0,0,12,6,0,0,1,1,0,0,0,0
050,49,017,Utah,Garfield County,2004,4,411,219,192,217,184,0,0,1,4,1,2,0,0,0,2,217,186,0,0,1,4,1,4,0,0,206,178,0,0,0,3,1,2,0,0,0,2,206,180,0,0,0,3,1,4,0,0,11,6,0,0,1,1,0,0,0,0,0,0,11,6,0,0,1,1,0,0,0,0
050,49,017,Utah,Garfield County,2000c,5,238,125,113,123,109,0,0,0,3,1,1,0,0,1,0,124,109,0,0,0,3,2,1,0,0,113,107,0,0,0,3,1,1,0,0,1,0,114,107,0,0,0,3,2,1,0,0,10,2,0,0,0,0,0,0,0,0,0,0,10,2,0,0,0,0,0,0,0,0
050,49,017,Utah,Garfield County,2000a,5,238,125,113,123,109,0,0,0,3,1,1,0,0,1,0,124,109,0,0,0,3,2,1,0,0,113,107,0,0,0,3,1,1,0,0,1,0,114,107,0,0,0,3,2,1,0,0,10,2,0,0,0,0,0,0,0,0,0,0,10,2,0,0,0,0,0,0,0,0
050,49,017,Utah,Garfield County,2000,5,245,127,118,126,114,0,0,0,3,1,1,0,0,0,0,126,114,0,0,0,3,1,1,0,0,116,112,0,0,0,3,1,1,0,0,0,0,116,112,0,0,0,3,1,1,0,0,10,2,0,0,0,0,0,0,0,0,0,0,10,2,0,0,0,0,0,0,0,0
050,49,017,Utah,Garfield County,2001,5,253,139,114,137,110,0,0,1,3,1,1,0,0,0,0,137,110,0,0,1,3,1,1,0,0,125,108,0,0,0,3,1,1,0,0,0,0,125,108,0,0,0,3,1,1,0,0,12,2,0,0,1,0,0,0,0,0,0,0,12,2,0,0,1,0,0,0,0,0
050,49,017,Utah,Garfield County,2002,5,255,148,107,146,102,0,0,1,2,1,2,0,0,0,1,146,103,0,0,1,2,1,3,0,0,136,101,0,0,0,2,1,2,0,0,0,1,136,102,0,0,0,2,1,3,0,0,10,1,0,0,1,0,0,0,0,0,0,0,10,1,0,0,1,0,0,0,0,0
050,49,017,Utah,Garfield County,2003,5,328,198,130,195,125,0,0,2,2,1,2,0,0,0,1,195,126,0,0,2,2,1,3,0,0,181,123,0,0,1,2,1,2,0,0,0,1,181,124,0,0,1,2,1,3,0,0,14,2,0,0,1,0,0,0,0,0,0,0,14,2,0,0,1,0,0,0,0,0
050,49,017,Utah,Garfield County,2004,5,353,216,137,213,135,0,0,2,0,1,2,0,0,0,0,213,135,0,0,2,0,1,2,0,0,200,132,0,0,0,0,1,2,0,0,0,0,200,132,0,0,0,0,1,2,0,0,13,3,0,0,2,0,0,0,0,0,0,0,13,3,0,0,2,0,0,0,0,0
050,49,017,Utah,Garfield County,2000c,6,270,133,137,125,131,0,0,7,6,0,0,0,0,1,0,126,131,0,0,7,6,1,0,0,0,121,125,0,0,6,4,0,0,0,0,1,0,122,125,0,0,6,4,1,0,0,0,4,6,0,0,1,2,0,0,0,0,0,0,4,6,0,0,1,2,0,0,0,0
050,49,017,Utah,Garfield County,2000a,6,270,133,137,125,131,0,0,7,6,0,0,0,0,1,0,126,131,0,0,7,6,1,0,0,0,121,125,0,0,6,4,0,0,0,0,1,0,122,125,0,0,6,4,1,0,0,0,4,6,0,0,1,2,0,0,0,0,0,0,4,6,0,0,1,2,0,0,0,0
050,49,017,Utah,Garfield County,2000,6,274,136,138,129,132,0,0,7,6,0,0,0,0,0,0,129,132,0,0,7,6,0,0,0,0,125,126,0,0,6,4,0,0,0,0,0,0,125,126,0,0,6,4,0,0,0,0,4,6,0,0,1,2,0,0,0,0,0,0,4,6,0,0,1,2,0,0,0,0
050,49,017,Utah,Garfield County,2001,6,241,125,116,119,111,0,0,6,5,0,0,0,0,0,0,119,111,0,0,6,5,0,0,0,0,117,106,0,0,6,3,0,0,0,0,0,0,117,106,0,0,6,3,0,0,0,0,2,5,0,0,0,2,0,0,0,0,0,0,2,5,0,0,0,2,0,0,0,0
050,49,017,Utah,Garfield County,2002,6,225,120,105,114,103,0,0,6,2,0,0,0,0,0,0,114,103,0,0,6,2,0,0,0,0,113,99,0,0,6,1,0,0,0,0,0,0,113,99,0,0,6,1,0,0,0,0,1,4,0,0,0,1,0,0,0,0,0,0,1,4,0,0,0,1,0,0,0,0
050,49,017,Utah,Garfield County,2003,6,203,112,91,106,88,0,0,6,3,0,0,0,0,0,0,106,88,0,0,6,3,0,0,0,0,103,85,0,0,6,2,0,0,0,0,0,0,103,85,0,0,6,2,0,0,0,0,3,3,0,0,0,1,0,0,0,0,0,0,3,3,0,0,0,1,0,0,0,0
050,49,017,Utah,Garfield County,2004,6,165,95,70,90,69,0,0,5,1,0,0,0,0,0,0,90,69,0,0,5,1,0,0,0,0,86,67,0,0,5,1,0,0,0,0,0,0,86,67,0,0,5,1,0,0,0,0,4,2,0,0,0,0,0,0,0,0,0,0,4,2,0,0,0,0,0,0,0,0
050,49,017,Utah,Garfield County,2000c,7,235,134,101,125,98,2,0,7,1,0,1,0,0,0,1,125,99,2,0,7,2,0,1,0,0,121,94,2,0,7,0,0,1,0,0,0,1,121,95,2,0,7,1,0,1,0,0,4,4,0,0,0,1,0,0,0,0,0,0,4,4,0,0,0,1,0,0,0,0
050,49,017,Utah,Garfield County,2000a,7,235,134,101,125,98,2,0,7,1,0,1,0,0,0,1,125,99,2,0,7,2,0,1,0,0,121,94,2,0,7,0,0,1,0,0,0,1,121,95,2,0,7,1,0,1,0,0,4,4,0,0,0,1,0,0,0,0,0,0,4,4,0,0,0,1,0,0,0,0
050,49,017,Utah,Garfield County,2000,7,235,134,101,125,99,2,0,7,1,0,1,0,0,0,0,125,99,2,0,7,1,0,1,0,0,121,95,2,0,7,0,0,1,0,0,0,0,121,95,2,0,7,0,0,1,0,0,4,4,0,0,0,1,0,0,0,0,0,0,4,4,0,0,0,1,0,0,0,0
050,49,017,Utah,Garfield County,2001,7,235,129,106,119,102,2,0,8,3,0,1,0,0,0,0,119,102,2,0,8,3,0,1,0,0,114,98,2,0,7,2,0,1,0,0,0,0,114,98,2,0,7,2,0,1,0,0,5,4,0,0,1,1,0,0,0,0,0,0,5,4,0,0,1,1,0,0,0,0
050,49,017,Utah,Garfield County,2002,7,247,127,120,119,114,2,0,6,5,0,1,0,0,0,0,119,114,2,0,6,5,0,1,0,0,115,110,2,0,5,3,0,1,0,0,0,0,115,110,2,0,5,3,0,1,0,0,4,4,0,0,1,2,0,0,0,0,0,0,4,4,0,0,1,2,0,0,0,0
050,49,017,Utah,Garfield County,2003,7,243,119,124,113,119,2,0,4,5,0,0,0,0,0,0,113,119,2,0,4,5,0,0,0,0,108,114,2,0,3,3,0,0,0,0,0,0,108,114,2,0,3,3,0,0,0,0,5,5,0,0,1,2,0,0,0,0,0,0,5,5,0,0,1,2,0,0,0,0
050,49,017,Utah,Garfield County,2004,7,233,118,115,111,109,2,0,5,6,0,0,0,0,0,0,111,109,2,0,5,6,0,0,0,0,106,102,2,0,4,3,0,0,0,0,0,0,106,102,2,0,4,3,0,0,0,0,5,7,0,0,1,3,0,0,0,0,0,0,5,7,0,0,1,3,0,0,0,0
050,49,017,Utah,Garfield County,2000c,8,283,144,139,136,133,2,0,4,5,0,0,0,0,2,1,138,134,3,0,5,5,0,1,0,0,131,129,2,0,4,5,0,0,0,0,2,1,133,130,3,0,5,5,0,1,0,0,5,4,0,0,0,0,0,0,0,0,0,0,5,4,0,0,0,0,0,0,0,0
050,49,017,Utah,Garfield County,2000a,8,283,144,139,136,133,2,0,4,5,0,0,0,0,2,1,138,134,3,0,5,5,0,1,0,0,131,129,2,0,4,5,0,0,0,0,2,1,133,130,3,0,5,5,0,1,0,0,5,4,0,0,0,0,0,0,0,0,0,0,5,4,0,0,0,0,0,0,0,0
050,49,017,Utah,Garfield County,2000,8,281,143,138,136,133,3,0,4,5,0,0,0,0,0,0,136,133,3,0,4,5,0,0,0,0,131,129,3,0,4,5,0,0,0,0,0,0,131,129,3,0,4,5,0,0,0,0,5,4,0,0,0,0,0,0,0,0,0,0,5,4,0,0,0,0,0,0,0,0
050,49,017,Utah,Garfield County,2001,8,263,130,133,124,127,2,0,4,5,0,1,0,0,0,0,124,127,2,0,4,5,0,1,0,0,119,123,2,0,4,5,0,1,0,0,0,0,119,123,2,0,4,5,0,1,0,0,5,4,0,0,0,0,0,0,0,0,0,0,5,4,0,0,0,0,0,0,0,0
050,49,017,Utah,Garfield County,2002,8,233,126,107,118,103,2,0,6,4,0,0,0,0,0,0,118,103,2,0,6,4,0,0,0,0,114,102,2,0,6,4,0,0,0,0,0,0,114,102,2,0,6,4,0,0,0,0,4,1,0,0,0,0,0,0,0,0,0,0,4,1,0,0,0,0,0,0,0,0
050,49,017,Utah,Garfield County,2003,8,202,117,85,109,82,2,0,6,2,0,1,0,0,0,0,109,82,2,0,6,2,0,1,0,0,105,81,2,0,6,2,0,1,0,0,0,0,105,81,2,0,6,2,0,1,0,0,4,1,0,0,0,0,0,0,0,0,0,0,4,1,0,0,0,0,0,0,0,0
050,49,017,Utah,Garfield County,2004,8,202,114,88,106,85,2,0,6,2,0,1,0,0,0,0,106,85,2,0,6,2,0,1,0,0,102,83,2,0,6,2,0,1,0,0,0,0,102,83,2,0,6,2,0,1,0,0,4,2,0,0,0,0,0,0,0,0,0,0,4,2,0,0,0,0,0,0,0,0
050,49,017,Utah,Garfield County,2000c,9,308,148,160,141,156,2,0,4,1,1,2,0,0,0,1,141,157,2,0,4,2,1,2,0,0,139,156,2,0,3,1,1,2,0,0,0,1,139,157,2,0,3,2,1,2,0,0,2,0,0,0,1,0,0,0,0,0,0,0,2,0,0,0,1,0,0,0,0,0
050,49,017,Utah,Garfield County,2000a,9,308,148,160,141,156,2,0,4,1,1,2,0,0,0,1,141,157,2,0,4,2,1,2,0,0,139,156,2,0,3,1,1,2,0,0,0,1,139,157,2,0,3,2,1,2,0,0,2,0,0,0,1,0,0,0,0,0,0,0,2,0,0,0,1,0,0,0,0,0
050,49,017,Utah,Garfield County,2000,9,308,148,160,141,157,2,0,4,1,1,2,0,0,0,0,141,157,2,0,4,1,1,2,0,0,139,157,2,0,3,1,1,2,0,0,0,0,139,157,2,0,3,1,1,2,0,0,2,0,0,0,1,0,0,0,0,0,0,0,2,0,0,0,1,0,0,0,0,0
050,49,017,Utah,Garfield County,2001,9,293,141,152,134,148,3,0,3,2,1,2,0,0,0,0,134,148,3,0,3,2,1,2,0,0,132,147,3,0,2,2,1,2,0,0,0,0,132,147,3,0,2,2,1,2,0,0,2,1,0,0,1,0,0,0,0,0,0,0,2,1,0,0,1,0,0,0,0,0
050,49,017,Utah,Garfield County,2002,9,294,138,156,133,153,3,0,2,2,0,1,0,0,0,0,133,153,3,0,2,2,0,1,0,0,130,149,3,0,1,2,0,1,0,0,0,0,130,149,3,0,1,2,0,1,0,0,3,4,0,0,1,0,0,0,0,0,0,0,3,4,0,0,1,0,0,0,0,0
050,49,017,Utah,Garfield County,2003,9,293,131,162,127,157,2,0,2,4,0,1,0,0,0,0,127,157,2,0,2,4,0,1,0,0,125,153,2,0,1,4,0,1,0,0,0,0,125,153,2,0,1,4,0,1,0,0,2,4,0,0,1,0,0,0,0,0,0,0,2,4,0,0,1,0,0,0,0,0
050,49,017,Utah,Garfield County,2004,9,277,130,147,126,143,2,0,2,4,0,0,0,0,0,0,126,143,2,0,2,4,0,0,0,0,124,139,2,0,1,4,0,0,0,0,0,0,124,139,2,0,1,4,0,0,0,0,2,4,0,0,1,0,0,0,0,0,0,0,2,4,0,0,1,0,0,0,0,0
050,49,017,Utah,Garfield County,2000c,10,340,184,156,172,148,1,0,3,3,2,1,0,1,6,3,178,151,1,0,8,5,3,2,0,1,168,145,1,0,3,3,1,1,0,1,5,3,173,148,1,0,7,5,2,2,0,1,4,3,0,0,0,0,1,0,0,0,1,0,5,3,0,0,1,0,1,0,0,0
050,49,017,Utah,Garfield County,2000a,10,340,184,156,172,148,1,0,3,3,2,1,0,1,6,3,178,151,1,0,8,5,3,2,0,1,168,145,1,0,3,3,1,1,0,1,5,3,173,148,1,0,7,5,2,2,0,1,4,3,0,0,0,0,1,0,0,0,1,0,5,3,0,0,1,0,1,0,0,0
050,49,017,Utah,Garfield County,2000,10,337,182,155,176,150,1,0,4,3,1,2,0,0,0,0,176,150,1,0,4,3,1,2,0,0,171,147,1,0,4,3,1,2,0,0,0,0,171,147,1,0,4,3,1,2,0,0,5,3,0,0,0,0,0,0,0,0,0,0,5,3,0,0,0,0,0,0,0,0
050,49,017,Utah,Garfield County,2001,10,329,178,151,169,148,1,0,6,2,2,1,0,0,0,0,169,148,1,0,6,2,2,1,0,0,165,145,1,0,5,2,1,1,0,0,0,0,165,145,1,0,5,2,1,1,0,0,4,3,0,0,1,0,1,0,0,0,0,0,4,3,0,0,1,0,1,0,0,0
050,49,017,Utah,Garfield County,2002,10,318,172,146,164,144,1,0,5,0,2,2,0,0,0,0,164,144,1,0,5,0,2,2,0,0,160,141,1,0,4,0,1,2,0,0,0,0,160,141,1,0,4,0,1,2,0,0,4,3,0,0,1,0,1,0,0,0,0,0,4,3,0,0,1,0,1,0,0,0
050,49,017,Utah,Garfield County,2003,10,298,161,137,152,135,1,0,7,0,1,2,0,0,0,0,152,135,1,0,7,0,1,2,0,0,149,133,1,0,6,0,1,2,0,0,0,0,149,133,1,0,6,0,1,2,0,0,3,2,0,0,1,0,0,0,0,0,0,0,3,2,0,0,1,0,0,0,0,0
050,49,017,Utah,Garfield County,2004,10,292,150,142,144,140,1,0,4,0,1,2,0,0,0,0,144,140,1,0,4,0,1,2,0,0,142,139,1,0,4,0,1,2,0,0,0,0,142,139,1,0,4,0,1,2,0,0,2,1,0,0,0,0,0,0,0,0,0,0,2,1,0,0,0,0,0,0,0,0
050,49,017,Utah,Garfield County,2000c,11,312,150,162,150,156,0,0,0,3,0,0,0,0,0,3,150,159,0,0,0,6,0,0,0,0,148,153,0,0,0,3,0,0,0,0,0,2,148,155,0,0,0,5,0,0,0,0,2,3,0,0,0,0,0,0,0,0,0,1,2,4,0,0,0,1,0,0,0,0
050,49,017,Utah,Garfield County,2000a,11,312,150,162,150,156,0,0,0,3,0,0,0,0,0,3,150,159,0,0,0,6,0,0,0,0,148,153,0,0,0,3,0,0,0,0,0,2,148,155,0,0,0,5,0,0,0,0,2,3,0,0,0,0,0,0,0,0,0,1,2,4,0,0,0,1,0,0,0,0
050,49,017,Utah,Garfield County,2000,11,314,151,163,151,159,0,0,0,3,0,0,0,0,0,1,151,160,0,0,0,4,0,0,0,0,149,155,0,0,0,3,0,0,0,0,0,1,149,156,0,0,0,4,0,0,0,0,2,4,0,0,0,0,0,0,0,0,0,0,2,4,0,0,0,0,0,0,0,0
050,49,017,Utah,Garfield County,2001,11,321,160,161,159,155,0,0,1,4,0,1,0,0,0,1,159,156,0,0,1,5,0,1,0,0,157,152,0,0,1,4,0,1,0,0,0,1,157,153,0,0,1,5,0,1,0,0,2,3,0,0,0,0,0,0,0,0,0,0,2,3,0,0,0,0,0,0,0,0
050,49,017,Utah,Garfield County,2002,11,320,152,168,150,160,0,0,1,6,1,1,0,0,0,1,150,161,0,0,1,7,1,1,0,0,147,158,0,0,1,6,1,1,0,0,0,1,147,159,0,0,1,7,1,1,0,0,3,2,0,0,0,0,0,0,0,0,0,0,3,2,0,0,0,0,0,0,0,0
050,49,017,Utah,Garfield County,2003,11,324,159,165,156,156,0,0,1,6,2,1,0,0,0,2,156,158,0,0,1,8,2,1,0,0,153,154,0,0,1,6,1,1,0,0,0,2,153,156,0,0,1,8,1,1,0,0,3,2,0,0,0,0,1,0,0,0,0,0,3,2,0,0,0,0,1,0,0,0
050,49,017,Utah,Garfield County,2004,11,317,160,157,156,152,0,0,2,3,2,2,0,0,0,0,156,152,0,0,2,3,2,2,0,0,152,150,0,0,2,3,1,2,0,0,0,0,152,150,0,0,2,3,1,2,0,0,4,2,0,0,0,0,1,0,0,0,0,0,4,2,0,0,0,0,1,0,0,0
050,49,017,Utah,Garfield County,2000c,12,195,103,92,101,89,1,0,0,3,0,0,0,0,1,0,102,89,1,0,1,3,0,0,0,0,101,88,1,0,0,3,0,0,0,0,1,0,102,88,1,0,1,3,0,0,0,0,0,1,0,0,0,0,0,0,0,0,0,0,0,1,0,0,0,0,0,0,0,0
050,49,017,Utah,Garfield County,2000a,12,195,103,92,101,89,1,0,0,3,0,0,0,0,1,0,102,89,1,0,1,3,0,0,0,0,101,88,1,0,0,3,0,0,0,0,1,0,102,88,1,0,1,3,0,0,0,0,0,1,0,0,0,0,0,0,0,0,0,0,0,1,0,0,0,0,0,0,0,0
050,49,017,Utah,Garfield County,2000,12,195,102,93,101,90,1,0,0,3,0,0,0,0,0,0,101,90,1,0,0,3,0,0,0,0,101,89,1,0,0,3,0,0,0,0,0,0,101,89,1,0,0,3,0,0,0,0,0,1,0,0,0,0,0,0,0,0,0,0,0,1,0,0,0,0,0,0,0,0
050,49,017,Utah,Garfield County,2001,12,204,106,98,105,97,1,0,0,1,0,0,0,0,0,0,105,97,1,0,0,1,0,0,0,0,105,95,1,0,0,1,0,0,0,0,0,0,105,95,1,0,0,1,0,0,0,0,0,2,0,0,0,0,0,0,0,0,0,0,0,2,0,0,0,0,0,0,0,0
050,49,017,Utah,Garfield County,2002,12,229,126,103,125,102,1,0,0,1,0,0,0,0,0,0,125,102,1,0,0,1,0,0,0,0,125,101,1,0,0,1,0,0,0,0,0,0,125,101,1,0,0,1,0,0,0,0,0,1,0,0,0,0,0,0,0,0,0,0,0,1,0,0,0,0,0,0,0,0
050,49,017,Utah,Garfield County,2003,12,248,134,114,133,113,1,0,0,1,0,0,0,0,0,0,133,113,1,0,0,1,0,0,0,0,132,111,1,0,0,1,0,0,0,0,0,0,132,111,1,0,0,1,0,0,0,0,1,2,0,0,0,0,0,0,0,0,0,0,1,2,0,0,0,0,0,0,0,0
050,49,017,Utah,Garfield County,2004,12,272,139,133,138,130,1,0,0,3,0,0,0,0,0,0,138,130,1,0,0,3,0,0,0,0,137,127,1,0,0,3,0,0,0,0,0,0,137,127,1,0,0,3,0,0,0,0,1,3,0,0,0,0,0,0,0,0,0,0,1,3,0,0,0,0,0,0,0,0
050,49,017,Utah,Garfield County,2000c,13,213,108,105,106,105,0,0,2,0,0,0,0,0,0,0,106,105,0,0,2,0,0,0,0,0,101,104,0,0,2,0,0,0,0,0,0,0,101,104,0,0,2,0,0,0,0,0,5,1,0,0,0,0,0,0,0,0,0,0,5,1,0,0,0,0,0,0,0,0
050,49,017,Utah,Garfield County,2000a,13,213,108,105,106,105,0,0,2,0,0,0,0,0,0,0,106,105,0,0,2,0,0,0,0,0,101,104,0,0,2,0,0,0,0,0,0,0,101,104,0,0,2,0,0,0,0,0,5,1,0,0,0,0,0,0,0,0,0,0,5,1,0,0,0,0,0,0,0,0
050,49,017,Utah,Garfield County,2000,13,213,108,105,106,105,0,0,2,0,0,0,0,0,0,0,106,105,0,0,2,0,0,0,0,0,101,104,0,0,2,0,0,0,0,0,0,0,101,104,0,0,2,0,0,0,0,0,5,1,0,0,0,0,0,0,0,0,0,0,5,1,0,0,0,0,0,0,0,0
050,49,017,Utah,Garfield County,2001,13,205,100,105,100,103,0,0,0,2,0,0,0,0,0,0,100,103,0,0,0,2,0,0,0,0,97,102,0,0,0,2,0,0,0,0,0,0,97,102,0,0,0,2,0,0,0,0,3,1,0,0,0,0,0,0,0,0,0,0,3,1,0,0,0,0,0,0,0,0
050,49,017,Utah,Garfield County,2002,13,200,96,104,96,103,0,0,0,1,0,0,0,0,0,0,96,103,0,0,0,1,0,0,0,0,94,102,0,0,0,1,0,0,0,0,0,0,94,102,0,0,0,1,0,0,0,0,2,1,0,0,0,0,0,0,0,0,0,0,2,1,0,0,0,0,0,0,0,0
050,49,017,Utah,Garfield County,2003,13,190,88,102,88,101,0,0,0,1,0,0,0,0,0,0,88,101,0,0,0,1,0,0,0,0,86,100,0,0,0,1,0,0,0,0,0,0,86,100,0,0,0,1,0,0,0,0,2,1,0,0,0,0,0,0,0,0,0,0,2,1,0,0,0,0,0,0,0,0
050,49,017,Utah,Garfield County,2004,13,179,85,94,85,92,0,0,0,2,0,0,0,0,0,0,85,92,0,0,0,2,0,0,0,0,85,91,0,0,0,2,0,0,0,0,0,0,85,91,0,0,0,2,0,0,0,0,0,1,0,0,0,0,0,0,0,0,0,0,0,1,0,0,0,0,0,0,0,0
050,49,017,Utah,Garfield County,2000c,14,213,106,107,106,105,0,0,0,0,0,1,0,0,0,1,106,106,0,0,0,1,0,1,0,0,106,102,0,0,0,0,0,1,0,0,0,1,106,103,0,0,0,1,0,1,0,0,0,3,0,0,0,0,0,0,0,0,0,0,0,3,0,0,0,0,0,0,0,0
050,49,017,Utah,Garfield County,2000a,14,213,106,107,106,105,0,0,0,0,0,1,0,0,0,1,106,106,0,0,0,1,0,1,0,0,106,102,0,0,0,0,0,1,0,0,0,1,106,103,0,0,0,1,0,1,0,0,0,3,0,0,0,0,0,0,0,0,0,0,0,3,0,0,0,0,0,0,0,0
050,49,017,Utah,Garfield County,2000,14,210,105,105,105,104,0,0,0,0,0,1,0,0,0,0,105,104,0,0,0,0,0,1,0,0,105,101,0,0,0,0,0,1,0,0,0,0,105,101,0,0,0,0,0,1,0,0,0,3,0,0,0,0,0,0,0,0,0,0,0,3,0,0,0,0,0,0,0,0
050,49,017,Utah,Garfield County,2001,14,203,106,97,103,96,0,0,2,0,0,1,0,0,1,0,104,96,0,0,3,0,0,1,0,0,101,93,0,0,2,0,0,1,0,0,1,0,102,93,0,0,3,0,0,1,0,0,2,3,0,0,0,0,0,0,0,0,0,0,2,3,0,0,0,0,0,0,0,0
050,49,017,Utah,Garfield County,2002,14,193,100,93,98,92,0,0,2,0,0,1,0,0,0,0,98,92,0,0,2,0,0,1,0,0,95,90,0,0,2,0,0,1,0,0,0,0,95,90,0,0,2,0,0,1,0,0,3,2,0,0,0,0,0,0,0,0,0,0,3,2,0,0,0,0,0,0,0,0
050,49,017,Utah,Garfield County,2003,14,191,96,95,94,95,0,0,2,0,0,0,0,0,0,0,94,95,0,0,2,0,0,0,0,0,91,94,0,0,2,0,0,0,0,0,0,0,91,94,0,0,2,0,0,0,0,0,3,1,0,0,0,0,0,0,0,0,0,0,3,1,0,0,0,0,0,0,0,0
050,49,017,Utah,Garfield County,2004,14,205,101,104,99,104,0,0,2,0,0,0,0,0,0,0,99,104,0,0,2,0,0,0,0,0,94,103,0,0,2,0,0,0,0,0,0,0,94,103,0,0,2,0,0,0,0,0,5,1,0,0,0,0,0,0,0,0,0,0,5,1,0,0,0,0,0,0,0,0
050,49,017,Utah,Garfield County,2000c,15,164,74,90,73,87,0,0,0,0,0,3,0,0,1,0,74,87,0,0,1,0,0,3,0,0,73,86,0,0,0,0,0,3,0,0,1,0,74,86,0,0,1,0,0,3,0,0,0,1,0,0,0,0,0,0,0,0,0,0,0,1,0,0,0,0,0,0,0,0
050,49,017,Utah,Garfield County,2000a,15,164,74,90,73,87,0,0,0,0,0,3,0,0,1,0,74,87,0,0,1,0,0,3,0,0,73,86,0,0,0,0,0,3,0,0,1,0,74,86,0,0,1,0,0,3,0,0,0,1,0,0,0,0,0,0,0,0,0,0,0,1,0,0,0,0,0,0,0,0
050,49,017,Utah,Garfield County,2000,15,166,75,91,75,88,0,0,0,0,0,3,0,0,0,0,75,88,0,0,0,0,0,3,0,0,75,87,0,0,0,0,0,3,0,0,0,0,75,87,0,0,0,0,0,3,0,0,0,1,0,0,0,0,0,0,0,0,0,0,0,1,0,0,0,0,0,0,0,0
050,49,017,Utah,Garfield County,2001,15,167,79,88,79,86,0,0,0,0,0,2,0,0,0,0,79,86,0,0,0,0,0,2,0,0,79,85,0,0,0,0,0,2,0,0,0,0,79,85,0,0,0,0,0,2,0,0,0,1,0,0,0,0,0,0,0,0,0,0,0,1,0,0,0,0,0,0,0,0
050,49,017,Utah,Garfield County,2002,15,184,86,98,85,96,0,0,1,0,0,2,0,0,0,0,85,96,0,0,1,0,0,2,0,0,85,94,0,0,1,0,0,2,0,0,0,0,85,94,0,0,1,0,0,2,0,0,0,2,0,0,0,0,0,0,0,0,0,0,0,2,0,0,0,0,0,0,0,0
050,49,017,Utah,Garfield County,2003,15,178,89,89,89,88,0,0,0,0,0,1,0,0,0,0,89,88,0,0,0,0,0,1,0,0,89,85,0,0,0,0,0,1,0,0,0,0,89,85,0,0,0,0,0,1,0,0,0,3,0,0,0,0,0,0,0,0,0,0,0,3,0,0,0,0,0,0,0,0
050,49,017,Utah,Garfield County,2004,15,183,91,92,91,91,0,0,0,0,0,1,0,0,0,0,91,91,0,0,0,0,0,1,0,0,91,88,0,0,0,0,0,1,0,0,0,0,91,88,0,0,0,0,0,1,0,0,0,3,0,0,0,0,0,0,0,0,0,0,0,3,0,0,0,0,0,0,0,0
050,49,017,Utah,Garfield County,2000c,16,140,64,76,63,75,0,0,0,0,0,0,0,0,1,1,64,76,0,0,1,1,0,0,0,0,62,74,0,0,0,0,0,0,0,0,1,0,63,74,0,0,1,0,0,0,0,0,1,1,0,0,0,0,0,0,0,0,0,1,1,2,0,0,0,1,0,0,0,0
050,49,017,Utah,Garfield County,2000a,16,140,64,76,63,75,0,0,0,0,0,0,0,0,1,1,64,76,0,0,1,1,0,0,0,0,62,74,0,0,0,0,0,0,0,0,1,0,63,74,0,0,1,0,0,0,0,0,1,1,0,0,0,0,0,0,0,0,0,1,1,2,0,0,0,1,0,0,0,0
050,49,017,Utah,Garfield County,2000,16,141,64,77,64,77,0,0,0,0,0,0,0,0,0,0,64,77,0,0,0,0,0,0,0,0,63,75,0,0,0,0,0,0,0,0,0,0,63,75,0,0,0,0,0,0,0,0,1,2,0,0,0,0,0,0,0,0,0,0,1,2,0,0,0,0,0,0,0,0
050,49,017,Utah,Garfield County,2001,16,164,71,93,71,91,0,0,0,1,0,1,0,0,0,0,71,91,0,0,0,1,0,1,0,0,70,89,0,0,0,0,0,1,0,0,0,0,70,89,0,0,0,0,0,1,0,0,1,2,0,0,0,1,0,0,0,0,0,0,1,2,0,0,0,1,0,0,0,0
050,49,017,Utah,Garfield County,2002,16,159,68,91,68,90,0,0,0,0,0,1,0,0,0,0,68,90,0,0,0,0,0,1,0,0,67,87,0,0,0,0,0,1,0,0,0,0,67,87,0,0,0,0,0,1,0,0,1,3,0,0,0,0,0,0,0,0,0,0,1,3,0,0,0,0,0,0,0,0
050,49,017,Utah,Garfield County,2003,16,159,66,93,66,89,0,0,0,1,0,3,0,0,0,0,66,89,0,0,0,1,0,3,0,0,65,86,0,0,0,0,0,3,0,0,0,0,65,86,0,0,0,0,0,3,0,0,1,3,0,0,0,1,0,0,0,0,0,0,1,3,0,0,0,1,0,0,0,0
050,49,017,Utah,Garfield County,2004,16,138,59,79,59,75,0,0,0,1,0,3,0,0,0,0,59,75,0,0,0,1,0,3,0,0,58,73,0,0,0,0,0,3,0,0,0,0,58,73,0,0,0,0,0,3,0,0,1,2,0,0,0,1,0,0,0,0,0,0,1,2,0,0,0,1,0,0,0,0
050,49,017,Utah,Garfield County,2000c,17,82,29,53,28,52,0,0,0,1,1,0,0,0,0,0,28,52,0,0,0,1,1,0,0,0,28,51,0,0,0,1,1,0,0,0,0,0,28,51,0,0,0,1,1,0,0,0,0,1,0,0,0,0,0,0,0,0,0,0,0,1,0,0,0,0,0,0,0,0
050,49,017,Utah,Garfield County,2000a,17,82,29,53,28,52,0,0,0,1,1,0,0,0,0,0,28,52,0,0,0,1,1,0,0,0,28,51,0,0,0,1,1,0,0,0,0,0,28,51,0,0,0,1,1,0,0,0,0,1,0,0,0,0,0,0,0,0,0,0,0,1,0,0,0,0,0,0,0,0
050,49,017,Utah,Garfield County,2000,17,82,30,52,29,51,0,0,0,1,1,0,0,0,0,0,29,51,0,0,0,1,1,0,0,0,29,50,0,0,0,1,1,0,0,0,0,0,29,50,0,0,0,1,1,0,0,0,0,1,0,0,0,0,0,0,0,0,0,0,0,1,0,0,0,0,0,0,0,0
050,49,017,Utah,Garfield County,2001,17,69,23,46,22,45,0,0,0,1,1,0,0,0,0,0,22,45,0,0,0,1,1,0,0,0,22,45,0,0,0,1,1,0,0,0,0,0,22,45,0,0,0,1,1,0,0,0,0,0,0,0,0,0,0,0,0,0,0,0,0,0,0,0,0,0,0,0,0,0
050,49,017,Utah,Garfield County,2002,17,70,24,46,24,45,0,0,0,1,0,0,0,0,0,0,24,45,0,0,0,1,0,0,0,0,24,45,0,0,0,1,0,0,0,0,0,0,24,45,0,0,0,1,0,0,0,0,0,0,0,0,0,0,0,0,0,0,0,0,0,0,0,0,0,0,0,0,0,0
050,49,017,Utah,Garfield County,2003,17,75,28,47,28,47,0,0,0,0,0,0,0,0,0,0,28,47,0,0,0,0,0,0,0,0,28,47,0,0,0,0,0,0,0,0,0,0,28,47,0,0,0,0,0,0,0,0,0,0,0,0,0,0,0,0,0,0,0,0,0,0,0,0,0,0,0,0,0,0
050,49,017,Utah,Garfield County,2004,17,88,36,52,36,52,0,0,0,0,0,0,0,0,0,0,36,52,0,0,0,0,0,0,0,0,36,52,0,0,0,0,0,0,0,0,0,0,36,52,0,0,0,0,0,0,0,0,0,0,0,0,0,0,0,0,0,0,0,0,0,0,0,0,0,0,0,0,0,0
050,49,017,Utah,Garfield County,2000c,18,68,28,40,28,40,0,0,0,0,0,0,0,0,0,0,28,40,0,0,0,0,0,0,0,0,28,40,0,0,0,0,0,0,0,0,0,0,28,40,0,0,0,0,0,0,0,0,0,0,0,0,0,0,0,0,0,0,0,0,0,0,0,0,0,0,0,0,0,0
050,49,017,Utah,Garfield County,2000a,18,68,28,40,28,40,0,0,0,0,0,0,0,0,0,0,28,40,0,0,0,0,0,0,0,0,28,40,0,0,0,0,0,0,0,0,0,0,28,40,0,0,0,0,0,0,0,0,0,0,0,0,0,0,0,0,0,0,0,0,0,0,0,0,0,0,0,0,0,0
050,49,017,Utah,Garfield County,2000,18,68,28,40,28,40,0,0,0,0,0,0,0,0,0,0,28,40,0,0,0,0,0,0,0,0,28,40,0,0,0,0,0,0,0,0,0,0,28,40,0,0,0,0,0,0,0,0,0,0,0,0,0,0,0,0,0,0,0,0,0,0,0,0,0,0,0,0,0,0
050,49,017,Utah,Garfield County,2001,18,66,26,40,26,40,0,0,0,0,0,0,0,0,0,0,26,40,0,0,0,0,0,0,0,0,26,39,0,0,0,0,0,0,0,0,0,0,26,39,0,0,0,0,0,0,0,0,0,1,0,0,0,0,0,0,0,0,0,0,0,1,0,0,0,0,0,0,0,0
050,49,017,Utah,Garfield County,2002,18,62,22,40,22,40,0,0,0,0,0,0,0,0,0,0,22,40,0,0,0,0,0,0,0,0,22,39,0,0,0,0,0,0,0,0,0,0,22,39,0,0,0,0,0,0,0,0,0,1,0,0,0,0,0,0,0,0,0,0,0,1,0,0,0,0,0,0,0,0
050,49,017,Utah,Garfield County,2003,18,65,22,43,22,42,0,0,0,1,0,0,0,0,0,0,22,42,0,0,0,1,0,0,0,0,22,41,0,0,0,1,0,0,0,0,0,0,22,41,0,0,0,1,0,0,0,0,0,1,0,0,0,0,0,0,0,0,0,0,0,1,0,0,0,0,0,0,0,0
050,49,017,Utah,Garfield County,2004,18,51,19,32,19,31,0,0,0,1,0,0,0,0,0,0,19,31,0,0,0,1,0,0,0,0,19,30,0,0,0,1,0,0,0,0,0,0,19,30,0,0,0,1,0,0,0,0,0,1,0,0,0,0,0,0,0,0,0,0,0,1,0,0,0,0,0,0,0,0
050,49,019,Utah,Grand County,2000c,0,8485,4163,4322,3931,4087,14,12,161,173,10,9,3,1,44,40,3972,4125,20,16,197,201,13,18,5,2,3708,3870,9,10,154,164,9,8,1,1,44,36,3749,3904,15,14,190,191,12,15,3,1,223,217,5,2,7,9,1,1,2,0,0,4,223,221,5,2,7,10,1,3,2,1
050,49,019,Utah,Grand County,2000a,0,8380,4120,4260,3890,4029,14,10,160,173,9,7,3,1,44,40,3931,4067,20,14,196,201,12,16,5,2,3676,3826,9,9,153,164,8,7,1,1,44,36,3717,3860,15,13,189,191,11,14,3,1,214,203,5,1,7,9,1,0,2,0,0,4,214,207,5,1,7,10,1,2,2,1
050,49,019,Utah,Grand County,2000,0,8407,4144,4263,3927,4053,15,10,165,171,9,8,1,0,27,21,3954,4074,15,11,190,190,11,9,1,0,3713,3847,10,9,158,161,8,8,0,0,26,21,3739,3868,10,10,183,180,9,9,0,0,214,206,5,1,7,10,1,0,1,0,1,0,215,206,5,1,7,10,2,0,1,0
050,49,019,Utah,Grand County,2001,0,8497,4227,4270,3989,4037,14,11,182,190,10,9,1,0,31,23,4019,4060,15,12,210,210,13,11,1,0,3755,3830,9,10,176,180,8,9,1,0,29,23,3784,3853,9,11,203,200,10,11,1,0,234,207,5,1,6,10,2,0,0,0,2,0,235,207,6,1,7,10,3,0,0,0
050,49,019,Utah,Grand County,2002,0,8640,4301,4339,4031,4077,14,10,210,214,12,8,0,0,34,30,4065,4106,14,12,238,239,18,12,0,0,3784,3864,9,9,204,205,10,8,0,0,32,29,3816,3892,9,11,232,230,14,11,0,0,247,213,5,1,6,9,2,0,0,0,2,1,249,214,5,1,6,9,4,1,0,0
050,49,019,Utah,Grand County,2003,0,8682,4328,4354,4034,4064,15,11,223,235,16,10,1,0,39,34,4073,4097,15,13,254,264,24,14,1,0,3769,3842,10,10,217,226,14,10,1,0,37,34,3806,3875,10,12,248,255,20,14,1,0,265,222,5,1,6,9,2,0,0,0,2,0,267,222,5,1,6,9,4,0,0,0
050,49,019,Utah,Grand County,2004,0,8712,4364,4348,4069,4052,15,10,226,239,17,14,1,0,36,33,4105,4084,15,12,255,266,24,19,1,0,3779,3817,10,9,220,229,15,14,1,0,36,33,3815,3849,10,11,249,256,22,19,1,0,290,235,5,1,6,10,2,0,0,0,0,0,290,235,5,1,6,10,2,0,0,0
050,49,019,Utah,Grand County,2000c,1,591,278,313,252,279,1,2,19,24,1,0,2,1,3,7,255,285,1,3,22,31,1,0,2,1,242,259,1,2,19,23,1,0,1,1,3,7,245,265,1,3,22,30,1,0,1,1,10,20,0,0,0,1,0,0,1,0,0,0,10,20,0,0,0,1,0,0,1,0
050,49,019,Utah,Grand County,2000a,1,582,274,308,248,274,1,2,19,24,1,0,2,1,3,7,251,280,1,3,22,31,1,0,2,1,239,256,1,2,19,23,1,0,1,1,3,7,242,262,1,3,22,30,1,0,1,1,9,18,0,0,0,1,0,0,1,0,0,0,9,18,0,0,0,1,0,0,1,0
050,49,019,Utah,Grand County,2000,1,586,278,308,252,276,1,1,19,24,1,0,0,0,5,7,257,283,1,2,22,29,3,1,0,0,243,258,1,1,19,23,1,0,0,0,4,7,247,265,1,2,22,28,2,1,0,0,9,18,0,0,0,1,0,0,0,0,1,0,10,18,0,0,0,1,1,0,0,0
050,49,019,Utah,Grand County,2001,1,585,282,303,252,271,1,0,24,25,1,1,0,0,4,6,256,277,1,0,27,29,2,3,0,0,238,253,1,0,24,24,1,1,0,0,4,6,242,259,1,0,27,28,2,3,0,0,14,18,0,0,0,1,0,0,0,0,0,0,14,18,0,0,0,1,0,0,0,0
050,49,019,Utah,Grand County,2002,1,606,302,304,269,273,0,0,26,24,2,1,0,0,5,6,274,279,0,0,29,27,4,4,0,0,254,254,0,0,26,23,2,1,0,0,5,6,259,260,0,0,29,26,4,4,0,0,15,19,0,0,0,1,0,0,0,0,0,0,15,19,0,0,0,1,0,0,0,0
050,49,019,Utah,Grand County,2003,1,593,303,290,273,259,0,0,23,23,3,2,0,0,4,6,277,265,0,0,24,25,6,6,0,0,256,236,0,0,23,22,3,2,0,0,4,6,260,242,0,0,24,24,6,6,0,0,17,23,0,0,0,1,0,0,0,0,0,0,17,23,0,0,0,1,0,0,0,0
050,49,019,Utah,Grand County,2004,1,593,326,267,296,233,0,0,23,24,2,4,0,0,5,6,301,239,0,0,25,25,5,9,0,0,276,211,0,0,23,23,2,4,0,0,5,6,281,217,0,0,25,24,5,9,0,0,20,22,0,0,0,1,0,0,0,0,0,0,20,22,0,0,0,1,0,0,0,0
050,49,019,Utah,Grand County,2000c,2,593,328,265,301,232,1,1,21,25,1,1,1,0,3,6,304,238,1,3,24,27,1,2,1,1,277,214,1,1,20,23,1,1,0,0,3,5,280,219,1,3,23,25,1,2,0,0,24,18,0,0,1,2,0,0,1,0,0,1,24,19,0,0,1,2,0,0,1,1
050,49,019,Utah,Grand County,2000a,2,578,323,255,297,223,1,1,21,25,0,0,1,0,3,6,300,229,1,3,24,27,0,1,1,1,275,209,1,1,20,23,0,0,0,0,3,5,278,214,1,3,23,25,0,1,0,0,22,14,0,0,1,2,0,0,1,0,0,1,22,15,0,0,1,2,0,0,1,1
050,49,019,Utah,Grand County,2000,2,575,323,252,297,223,1,2,19,23,0,0,1,0,5,4,302,227,1,2,24,27,0,0,1,0,275,208,1,2,18,21,0,0,0,0,5,4,280,212,1,2,23,25,0,0,0,0,22,15,0,0,1,2,0,0,1,0,0,0,22,15,0,0,1,2,0,0,1,0
050,49,019,Utah,Grand County,2001,2,578,322,256,291,221,1,3,21,26,2,0,1,0,6,6,297,227,1,4,25,31,4,0,1,0,272,206,1,3,20,24,1,0,1,0,5,6,277,212,1,4,24,29,2,0,1,0,19,15,0,0,1,2,1,0,0,0,1,0,20,15,0,0,1,2,2,0,0,0
050,49,019,Utah,Grand County,2002,2,587,311,276,279,237,1,2,19,30,3,0,0,0,9,7,288,243,1,4,24,36,7,0,0,0,261,224,1,2,19,28,2,0,0,0,7,7,268,230,1,4,24,34,4,0,0,0,18,13,0,0,0,2,1,0,0,0,2,0,20,13,0,0,0,2,3,0,0,0
050,49,019,Utah,Grand County,2003,2,583,306,277,265,235,1,3,25,32,4,0,1,0,10,7,275,241,1,5,30,38,9,0,1,0,246,225,1,3,25,30,3,0,1,0,8,7,254,231,1,5,30,36,6,0,1,0,19,10,0,0,0,2,1,0,0,0,2,0,21,10,0,0,0,2,3,0,0,0
050,49,019,Utah,Grand County,2004,2,579,296,283,260,246,1,1,24,29,3,0,1,0,7,7,267,252,1,3,27,35,7,0,1,0,248,234,1,1,24,28,3,0,1,0,7,7,255,240,1,3,27,34,7,0,1,0,12,12,0,0,0,1,0,0,0,0,0,0,12,12,0,0,0,1,0,0,0,0
050,49,019,Utah,Grand County,2000c,3,661,320,341,289,314,0,0,25,26,0,0,0,0,6,1,295,314,1,1,30,27,0,0,0,0,273,291,0,0,24,26,0,0,0,0,6,1,279,291,1,1,29,27,0,0,0,0,16,23,0,0,1,0,0,0,0,0,0,0,16,23,0,0,1,0,0,0,0,0
050,49,019,Utah,Grand County,2000a,3,650,315,335,285,308,0,0,24,26,0,0,0,0,6,1,291,308,1,1,29,27,0,0,0,0,269,287,0,0,23,26,0,0,0,0,6,1,275,287,1,1,28,27,0,0,0,0,16,21,0,0,1,0,0,0,0,0,0,0,16,21,0,0,1,0,0,0,0,0
050,49,019,Utah,Grand County,2000,3,649,316,333,288,305,0,0,24,24,0,0,0,0,4,4,292,309,0,0,28,28,0,0,0,0,272,284,0,0,23,24,0,0,0,0,4,4,276,288,0,0,27,28,0,0,0,0,16,21,0,0,1,0,0,0,0,0,0,0,16,21,0,0,1,0,0,0,0,0
050,49,019,Utah,Grand County,2001,3,665,323,342,295,308,0,1,24,28,0,0,0,0,4,5,299,313,0,1,28,33,0,0,0,0,276,291,0,1,23,28,0,0,0,0,4,5,280,296,0,1,27,33,0,0,0,0,19,17,0,0,1,0,0,0,0,0,0,0,19,17,0,0,1,0,0,0,0,0
050,49,019,Utah,Grand County,2002,3,654,336,318,304,287,1,1,26,25,0,0,0,0,5,5,309,292,1,1,31,29,0,1,0,0,287,267,1,1,24,25,0,0,0,0,5,4,292,271,1,1,29,29,0,0,0,0,17,20,0,0,2,0,0,0,0,0,0,1,17,21,0,0,2,0,0,1,0,0
050,49,019,Utah,Grand County,2003,3,632,331,301,300,268,1,1,25,28,0,0,0,0,5,4,305,272,1,1,30,32,0,0,0,0,285,248,1,1,23,28,0,0,0,0,5,4,290,252,1,1,28,32,0,0,0,0,15,20,0,0,2,0,0,0,0,0,0,0,15,20,0,0,2,0,0,0,0,0
050,49,019,Utah,Grand County,2004,3,597,318,279,289,246,1,2,22,26,1,0,0,0,5,5,294,251,1,2,27,31,1,0,0,0,270,225,1,2,21,25,0,0,0,0,5,5,275,230,1,2,26,30,0,0,0,0,19,21,0,0,1,1,1,0,0,0,0,0,19,21,0,0,1,1,1,0,0,0
050,49,019,Utah,Grand County,2000c,4,651,326,325,300,307,0,1,19,15,1,2,0,0,6,0,306,307,1,1,22,15,3,2,0,0,273,282,0,0,18,15,1,1,0,0,6,0,279,282,1,0,21,15,3,1,0,0,27,25,0,1,1,0,0,1,0,0,0,0,27,25,0,1,1,0,0,1,0,0
050,49,019,Utah,Grand County,2000a,4,644,325,319,299,303,0,0,19,15,1,1,0,0,6,0,305,303,1,0,22,15,3,1,0,0,272,278,0,0,18,15,1,1,0,0,6,0,278,278,1,0,21,15,3,1,0,0,27,25,0,0,1,0,0,0,0,0,0,0,27,25,0,0,1,0,0,0,0,0
050,49,019,Utah,Grand County,2000,4,645,324,321,302,304,0,0,18,14,1,1,0,0,3,2,305,306,0,0,21,16,1,1,0,0,275,279,0,0,17,14,1,1,0,0,3,2,278,281,0,0,20,16,1,1,0,0,27,25,0,0,1,0,0,0,0,0,0,0,27,25,0,0,1,0,0,0,0,0
050,49,019,Utah,Grand County,2001,4,658,336,322,314,302,0,0,19,16,0,1,0,0,3,3,317,305,0,0,22,19,0,1,0,0,281,274,0,0,19,16,0,1,0,0,3,3,284,277,0,0,22,19,0,1,0,0,33,28,0,0,0,0,0,0,0,0,0,0,33,28,0,0,0,0,0,0,0,0
050,49,019,Utah,Grand County,2002,4,686,355,331,324,306,0,0,27,20,0,0,0,0,4,5,328,311,0,0,31,25,0,0,0,0,284,282,0,0,27,20,0,0,0,0,4,5,288,287,0,0,31,25,0,0,0,0,40,24,0,0,0,0,0,0,0,0,0,0,40,24,0,0,0,0,0,0,0,0
050,49,019,Utah,Grand County,2003,4,694,359,335,324,306,0,0,30,24,0,0,0,0,5,5,329,311,0,0,35,29,0,0,0,0,285,282,0,0,30,24,0,0,0,0,5,5,290,287,0,0,35,29,0,0,0,0,39,24,0,0,0,0,0,0,0,0,0,0,39,24,0,0,0,0,0,0,0,0
050,49,019,Utah,Grand County,2004,4,685,352,333,315,302,0,0,32,26,0,0,0,0,5,5,320,307,0,0,37,31,0,0,0,0,278,280,0,0,31,26,0,0,0,0,5,5,283,285,0,0,36,31,0,0,0,0,37,22,0,0,1,0,0,0,0,0,0,0,37,22,0,0,1,0,0,0,0,0
050,49,019,Utah,Grand County,2000c,5,482,242,240,223,224,1,0,13,15,0,0,0,0,5,1,228,225,1,0,15,16,1,0,2,0,198,206,1,0,12,15,0,0,0,0,5,1,203,207,1,0,14,16,1,0,2,0,25,18,0,0,1,0,0,0,0,0,0,0,25,18,0,0,1,0,0,0,0,0
050,49,019,Utah,Grand County,2000a,5,479,240,239,221,223,1,0,13,15,0,0,0,0,5,1,226,224,1,0,15,16,1,0,2,0,196,205,1,0,12,15,0,0,0,0,5,1,201,206,1,0,14,16,1,0,2,0,25,18,0,0,1,0,0,0,0,0,0,0,25,18,0,0,1,0,0,0,0,0
050,49,019,Utah,Grand County,2000,5,487,244,243,228,228,1,0,13,15,0,0,0,0,2,0,230,228,1,0,15,15,0,0,0,0,203,210,1,0,12,15,0,0,0,0,2,0,205,210,1,0,14,15,0,0,0,0,25,18,0,0,1,0,0,0,0,0,0,0,25,18,0,0,1,0,0,0,0,0
050,49,019,Utah,Grand County,2001,5,512,264,248,250,235,1,0,11,13,0,0,0,0,2,0,252,235,1,0,13,13,0,0,0,0,224,218,1,0,10,13,0,0,0,0,2,0,226,218,1,0,12,13,0,0,0,0,26,17,0,0,1,0,0,0,0,0,0,0,26,17,0,0,1,0,0,0,0,0
050,49,019,Utah,Grand County,2002,5,560,286,274,267,258,1,0,16,16,0,0,0,0,2,0,269,258,1,0,18,16,0,0,0,0,239,239,1,0,15,16,0,0,0,0,2,0,241,239,1,0,17,16,0,0,0,0,28,19,0,0,1,0,0,0,0,0,0,0,28,19,0,0,1,0,0,0,0,0
050,49,019,Utah,Grand County,2003,5,608,315,293,291,271,0,0,20,19,1,1,0,0,3,2,294,273,0,0,23,21,1,1,0,0,256,252,0,0,19,19,1,1,0,0,3,2,259,254,0,0,22,21,1,1,0,0,35,19,0,0,1,0,0,0,0,0,0,0,35,19,0,0,1,0,0,0,0,0
050,49,019,Utah,Grand County,2004,5,684,358,326,330,300,1,0,23,22,1,1,0,0,3,3,333,303,1,0,26,25,1,1,0,0,280,277,1,0,22,22,1,1,0,0,3,3,283,280,1,0,25,25,1,1,0,0,50,23,0,0,1,0,0,0,0,0,0,0,50,23,0,0,1,0,0,0,0,0
050,49,019,Utah,Grand County,2000c,6,549,244,305,227,279,0,2,11,16,0,1,0,0,6,7,232,286,1,2,17,21,0,3,0,0,207,257,0,2,11,14,0,1,0,0,6,7,212,264,1,2,17,19,0,3,0,0,20,22,0,0,0,2,0,0,0,0,0,0,20,22,0,0,0,2,0,0,0,0
050,49,019,Utah,Grand County,2000a,6,541,242,299,225,273,0,2,11,16,0,1,0,0,6,7,230,280,1,2,17,21,0,3,0,0,205,254,0,2,11,14,0,1,0,0,6,7,210,261,1,2,17,19,0,3,0,0,20,19,0,0,0,2,0,0,0,0,0,0,20,19,0,0,0,2,0,0,0,0
050,49,019,Utah,Grand County,2000,6,548,247,301,231,279,1,2,13,17,0,2,0,0,2,1,233,280,1,2,15,18,0,2,0,0,211,260,1,2,13,15,0,2,0,0,2,1,213,261,1,2,15,16,0,2,0,0,20,19,0,0,0,2,0,0,0,0,0,0,20,19,0,0,0,2,0,0,0,0
050,49,019,Utah,Grand County,2001,6,541,264,277,239,251,0,2,21,22,0,1,0,0,4,1,243,252,0,2,25,23,0,1,0,0,218,233,0,2,21,20,0,1,0,0,4,1,222,234,0,2,25,21,0,1,0,0,21,18,0,0,0,2,0,0,0,0,0,0,21,18,0,0,0,2,0,0,0,0
050,49,019,Utah,Grand County,2002,6,549,267,282,239,251,0,2,24,25,0,1,0,0,4,3,243,254,0,2,28,28,0,1,0,0,219,234,0,2,24,23,0,1,0,0,4,3,223,237,0,2,28,26,0,1,0,0,20,17,0,0,0,2,0,0,0,0,0,0,20,17,0,0,0,2,0,0,0,0
050,49,019,Utah,Grand County,2003,6,519,243,276,217,242,1,2,21,27,1,1,0,0,3,4,220,246,1,2,24,31,1,1,0,0,192,222,1,2,21,25,1,1,0,0,3,4,195,226,1,2,24,29,1,1,0,0,25,20,0,0,0,2,0,0,0,0,0,0,25,20,0,0,0,2,0,0,0,0
050,49,019,Utah,Grand County,2004,6,514,250,264,223,234,1,2,21,25,3,1,0,0,2,2,225,236,1,2,23,27,3,1,0,0,197,212,1,2,21,24,3,1,0,0,2,2,199,214,1,2,23,26,3,1,0,0,26,22,0,0,0,1,0,0,0,0,0,0,26,22,0,0,0,1,0,0,0,0
050,49,019,Utah,Grand County,2000c,7,494,250,244,237,227,0,1,9,13,3,1,0,0,1,2,238,229,0,1,10,14,3,2,0,0,219,212,0,1,9,11,2,1,0,0,1,1,220,213,0,1,10,12,2,1,0,0,18,15,0,0,0,2,1,0,0,0,0,1,18,16,0,0,0,2,1,1,0,0
050,49,019,Utah,Grand County,2000a,7,486,244,242,231,225,0,1,9,13,3,1,0,0,1,2,232,227,0,1,10,14,3,2,0,0,216,210,0,1,9,11,2,1,0,0,1,1,217,211,0,1,10,12,2,1,0,0,15,15,0,0,0,2,1,0,0,0,0,1,15,16,0,0,0,2,1,1,0,0
050,49,019,Utah,Grand County,2000,7,486,246,240,233,225,0,1,10,13,3,1,0,0,0,0,233,225,0,1,10,13,3,1,0,0,218,210,0,1,10,11,2,1,0,0,0,0,218,210,0,1,10,11,2,1,0,0,15,15,0,0,0,2,1,0,0,0,0,0,15,15,0,0,0,2,1,0,0,0
050,49,019,Utah,Grand County,2001,7,502,249,253,233,241,0,0,12,11,3,1,0,0,1,0,234,241,0,0,13,11,3,1,0,0,216,224,0,0,12,9,2,1,0,0,1,0,217,224,0,0,13,9,2,1,0,0,17,17,0,0,0,2,1,0,0,0,0,0,17,17,0,0,0,2,1,0,0,0
050,49,019,Utah,Grand County,2002,7,522,252,270,236,251,0,0,14,18,2,1,0,0,0,0,236,251,0,0,14,18,2,1,0,0,215,232,0,0,14,17,2,1,0,0,0,0,215,232,0,0,14,17,2,1,0,0,21,19,0,0,0,1,0,0,0,0,0,0,21,19,0,0,0,1,0,0,0,0
050,49,019,Utah,Grand County,2003,7,541,266,275,244,251,0,0,19,22,2,1,0,0,1,1,245,252,0,0,20,23,2,1,0,0,223,232,0,0,19,21,2,1,0,0,1,1,224,233,0,0,20,22,2,1,0,0,21,19,0,0,0,1,0,0,0,0,0,0,21,19,0,0,0,1,0,0,0,0
050,49,019,Utah,Grand County,2004,7,525,254,271,232,247,0,0,19,23,1,1,0,0,2,0,234,247,0,0,21,23,1,1,0,0,207,224,0,0,19,22,1,1,0,0,2,0,209,224,0,0,21,22,1,1,0,0,25,23,0,0,0,1,0,0,0,0,0,0,25,23,0,0,0,1,0,0,0,0
050,49,019,Utah,Grand County,2000c,8,621,305,316,281,299,6,0,14,13,1,0,0,0,3,4,283,303,7,0,17,15,1,2,0,0,269,284,3,0,13,11,1,0,0,0,3,3,271,287,4,0,16,13,1,1,0,0,12,15,3,0,1,2,0,0,0,0,0,1,12,16,3,0,1,2,0,1,0,0
050,49,019,Utah,Grand County,2000a,8,612,301,311,277,294,6,0,14,13,1,0,0,0,3,4,279,298,7,0,17,15,1,2,0,0,266,281,3,0,13,11,1,0,0,0,3,3,268,284,4,0,16,13,1,1,0,0,11,13,3,0,1,2,0,0,0,0,0,1,11,14,3,0,1,2,0,1,0,0
050,49,019,Utah,Grand County,2000,8,607,300,307,275,293,6,0,16,13,1,0,0,0,2,1,277,294,6,0,18,14,1,0,0,0,264,279,3,0,15,11,1,0,0,0,2,1,266,280,3,0,17,12,1,0,0,0,11,14,3,0,1,2,0,0,0,0,0,0,11,14,3,0,1,2,0,0,0,0
050,49,019,Utah,Grand County,2001,8,570,288,282,270,264,5,1,11,15,1,1,0,0,1,1,270,265,6,1,12,16,1,1,0,0,258,251,3,1,10,14,1,1,0,0,0,1,258,252,3,1,10,15,1,1,0,0,12,13,2,0,1,1,0,0,0,0,1,0,12,13,3,0,2,1,0,0,0,0
050,49,019,Utah,Grand County,2002,8,537,263,274,243,253,3,1,15,17,1,1,0,0,1,2,244,255,3,1,16,19,1,1,0,0,233,237,3,1,14,15,0,1,0,0,1,2,234,239,3,1,15,17,0,1,0,0,10,16,0,0,1,2,1,0,0,0,0,0,10,16,0,0,1,2,1,0,0,0
050,49,019,Utah,Grand County,2003,8,519,252,267,234,248,1,1,15,16,1,1,0,0,1,1,235,249,1,1,16,17,1,1,0,0,222,234,1,1,14,14,0,1,0,0,1,1,223,235,1,1,15,15,0,1,0,0,12,14,0,0,1,2,1,0,0,0,0,0,12,14,0,0,1,2,1,0,0,0
050,49,019,Utah,Grand County,2004,8,488,246,242,231,224,1,1,12,15,2,1,0,0,0,1,231,225,1,1,12,16,2,1,0,0,217,209,1,1,11,13,1,1,0,0,0,1,217,210,1,1,11,14,1,1,0,0,14,15,0,0,1,2,1,0,0,0,0,0,14,15,0,0,1,2,1,0,0,0
050,49,019,Utah,Grand County,2000c,9,700,353,347,338,333,3,1,9,10,0,0,0,0,3,3,340,336,4,1,12,11,0,2,0,0,324,322,2,1,9,10,0,0,0,0,3,3,326,325,3,1,12,11,0,2,0,0,14,11,1,0,0,0,0,0,0,0,0,0,14,11,1,0,0,0,0,0,0,0
050,49,019,Utah,Grand County,2000a,9,696,351,345,336,332,3,0,9,10,0,0,0,0,3,3,338,335,4,0,12,11,0,2,0,0,322,321,2,0,9,10,0,0,0,0,3,3,324,324,3,0,12,11,0,2,0,0,14,11,1,0,0,0,0,0,0,0,0,0,14,11,1,0,0,0,0,0,0,0
050,49,019,Utah,Grand County,2000,9,695,351,344,337,333,3,0,10,10,0,0,0,0,1,1,338,334,3,0,11,11,0,0,0,0,323,322,2,0,10,10,0,0,0,0,1,1,324,323,2,0,11,11,0,0,0,0,14,11,1,0,0,0,0,0,0,0,0,0,14,11,1,0,0,0,0,0,0,0
050,49,019,Utah,Grand County,2001,9,694,348,346,328,331,3,0,14,14,0,0,0,0,3,1,331,332,3,0,17,15,0,0,0,0,312,319,1,0,14,13,0,0,0,0,3,1,315,320,1,0,17,14,0,0,0,0,16,12,2,0,0,1,0,0,0,0,0,0,16,12,2,0,0,1,0,0,0,0
050,49,019,Utah,Grand County,2002,9,679,350,329,332,315,4,0,12,13,1,0,0,0,1,1,333,316,4,0,13,14,1,0,0,0,315,304,1,0,12,12,1,0,0,0,1,1,316,305,1,0,13,13,1,0,0,0,17,11,3,0,0,1,0,0,0,0,0,0,17,11,3,0,0,1,0,0,0,0
050,49,019,Utah,Grand County,2003,9,663,348,315,323,297,7,0,15,16,1,0,0,0,2,2,325,299,7,0,17,18,1,0,0,0,304,280,4,0,15,15,1,0,0,0,2,2,306,282,4,0,17,17,1,0,0,0,19,17,3,0,0,1,0,0,0,0,0,0,19,17,3,0,0,1,0,0,0,0
050,49,019,Utah,Grand County,2004,9,676,345,331,318,309,6,0,16,18,1,1,0,0,4,3,322,312,6,0,20,21,1,1,0,0,299,291,3,0,16,16,1,1,0,0,4,3,303,294,3,0,20,19,1,1,0,0,19,18,3,0,0,2,0,0,0,0,0,0,19,18,3,0,0,2,0,0,0,0
050,49,019,Utah,Grand County,2000c,10,720,364,356,358,346,1,1,1,6,1,2,0,0,3,1,361,347,1,1,4,7,1,2,0,0,343,338,0,1,1,6,1,2,0,0,3,1,346,339,0,1,4,7,1,2,0,0,15,8,1,0,0,0,0,0,0,0,0,0,15,8,1,0,0,0,0,0,0,0
050,49,019,Utah,Grand County,2000a,10,714,362,352,356,342,1,1,1,6,1,2,0,0,3,1,359,343,1,1,4,7,1,2,0,0,341,334,0,1,1,6,1,2,0,0,3,1,344,335,0,1,4,7,1,2,0,0,15,8,1,0,0,0,0,0,0,0,0,0,15,8,1,0,0,0,0,0,0,0
050,49,019,Utah,Grand County,2000,10,718,364,354,359,345,1,1,2,6,1,2,0,0,1,0,360,345,1,1,3,6,1,2,0,0,344,337,0,1,2,6,1,2,0,0,1,0,345,337,0,1,3,6,1,2,0,0,15,8,1,0,0,0,0,0,0,0,0,0,15,8,1,0,0,0,0,0,0,0
050,49,019,Utah,Grand County,2001,10,733,371,362,365,352,1,1,4,7,1,2,0,0,0,0,365,352,1,1,4,7,1,2,0,0,348,342,1,1,4,7,1,2,0,0,0,0,348,342,1,1,4,7,1,2,0,0,17,10,0,0,0,0,0,0,0,0,0,0,17,10,0,0,0,0,0,0,0,0
050,49,019,Utah,Grand County,2002,10,709,368,341,358,330,2,0,6,9,1,2,0,0,1,0,359,330,2,0,7,9,1,2,0,0,340,319,1,0,6,9,1,2,0,0,1,0,341,319,1,0,7,9,1,2,0,0,18,11,1,0,0,0,0,0,0,0,0,0,18,11,1,0,0,0,0,0,0,0
050,49,019,Utah,Grand County,2003,10,704,357,347,347,336,2,0,6,9,1,1,0,0,1,1,348,337,2,0,7,10,1,1,0,0,330,329,1,0,6,9,1,1,0,0,1,1,331,330,1,0,7,10,1,1,0,0,17,7,1,0,0,0,0,0,0,0,0,0,17,7,1,0,0,0,0,0,0,0
050,49,019,Utah,Grand County,2004,10,652,323,329,312,318,2,0,8,9,1,1,0,0,0,1,312,319,2,0,8,10,1,1,0,0,296,309,1,0,8,9,1,1,0,0,0,1,296,310,1,0,8,10,1,1,0,0,16,9,1,0,0,0,0,0,0,0,0,0,16,9,1,0,0,0,0,0,0,0
050,49,019,Utah,Grand County,2000c,11,596,312,284,299,274,1,3,11,4,0,0,0,0,1,3,300,277,1,3,12,7,0,0,0,0,285,261,1,2,10,4,0,0,0,0,1,2,286,263,1,2,11,6,0,0,0,0,14,13,0,1,1,0,0,0,0,0,0,1,14,14,0,1,1,1,0,0,0,0
050,49,019,Utah,Grand County,2000a,11,591,310,281,297,271,1,3,11,4,0,0,0,0,1,3,298,274,1,3,12,7,0,0,0,0,284,258,1,2,10,4,0,0,0,0,1,2,285,260,1,2,11,6,0,0,0,0,13,13,0,1,1,0,0,0,0,0,0,1,13,14,0,1,1,1,0,0,0,0
050,49,019,Utah,Grand County,2000,11,597,312,285,299,276,1,3,10,5,0,0,0,0,2,1,301,277,1,3,12,6,0,0,0,0,286,262,1,2,9,4,0,0,0,0,2,1,288,263,1,2,11,5,0,0,0,0,13,14,0,1,1,1,0,0,0,0,0,0,13,14,0,1,1,1,0,0,0,0
050,49,019,Utah,Grand County,2001,11,637,338,299,324,292,2,2,9,5,0,0,0,0,3,0,327,292,2,2,12,5,0,0,0,0,313,278,1,1,8,4,0,0,0,0,3,0,316,278,1,1,11,4,0,0,0,0,11,14,1,1,1,1,0,0,0,0,0,0,11,14,1,1,1,1,0,0,0,0
050,49,019,Utah,Grand County,2002,11,670,344,326,331,315,2,3,9,7,0,0,0,0,2,1,333,316,2,3,11,8,0,0,0,0,317,301,1,2,9,7,0,0,0,0,2,1,319,302,1,2,11,8,0,0,0,0,14,14,1,1,0,0,0,0,0,0,0,0,14,14,1,1,0,0,0,0,0,0
050,49,019,Utah,Grand County,2003,11,682,352,330,342,317,2,2,6,9,0,1,0,0,2,1,344,318,2,2,8,10,0,1,0,0,330,301,1,1,6,9,0,1,0,0,2,1,332,302,1,1,8,10,0,1,0,0,12,16,1,1,0,0,0,0,0,0,0,0,12,16,1,1,0,0,0,0,0,0
050,49,019,Utah,Grand County,2004,11,720,373,347,365,336,1,1,6,9,0,1,0,0,1,0,366,336,1,1,7,9,0,1,0,0,350,323,0,1,6,8,0,1,0,0,1,0,351,323,0,1,7,8,0,1,0,0,15,13,1,0,0,1,0,0,0,0,0,0,15,13,1,0,0,1,0,0,0,0
050,49,019,Utah,Grand County,2000c,12,425,210,215,205,210,0,0,3,3,0,1,0,0,2,1,207,211,0,0,5,4,0,1,0,0,198,203,0,0,3,3,0,1,0,0,2,1,200,204,0,0,5,4,0,1,0,0,7,7,0,0,0,0,0,0,0,0,0,0,7,7,0,0,0,0,0,0,0,0
050,49,019,Utah,Grand County,2000a,12,423,210,213,205,208,0,0,3,3,0,1,0,0,2,1,207,209,0,0,5,4,0,1,0,0,198,201,0,0,3,3,0,1,0,0,2,1,200,202,0,0,5,4,0,1,0,0,7,7,0,0,0,0,0,0,0,0,0,0,7,7,0,0,0,0,0,0,0,0
050,49,019,Utah,Grand County,2000,12,424,211,213,207,209,0,0,4,3,0,1,0,0,0,0,207,209,0,0,4,3,0,1,0,0,200,202,0,0,4,3,0,1,0,0,0,0,200,202,0,0,4,3,0,1,0,0,7,7,0,0,0,0,0,0,0,0,0,0,7,7,0,0,0,0,0,0,0,0
050,49,019,Utah,Grand County,2001,12,419,208,211,203,205,0,1,5,4,0,1,0,0,0,0,203,205,0,1,5,4,0,1,0,0,194,198,0,1,5,4,0,1,0,0,0,0,194,198,0,1,5,4,0,1,0,0,9,7,0,0,0,0,0,0,0,0,0,0,9,7,0,0,0,0,0,0,0,0
050,49,019,Utah,Grand County,2002,12,468,231,237,225,231,0,1,6,5,0,0,0,0,0,0,225,231,0,1,6,5,0,0,0,0,216,224,0,1,5,5,0,0,0,0,0,0,216,224,0,1,5,5,0,0,0,0,9,7,0,0,1,0,0,0,0,0,0,0,9,7,0,0,1,0,0,0,0,0
050,49,019,Utah,Grand County,2003,12,516,248,268,239,260,0,2,7,6,0,0,0,0,2,0,241,260,0,2,9,6,0,0,0,0,225,251,0,2,6,6,0,0,0,0,2,0,227,251,0,2,8,6,0,0,0,0,14,9,0,0,1,0,0,0,0,0,0,0,14,9,0,0,1,0,0,0,0,0
050,49,019,Utah,Grand County,2004,12,551,272,279,261,268,1,3,8,8,0,0,0,0,2,0,263,268,1,3,10,8,0,0,0,0,245,258,1,2,7,8,0,0,0,0,2,0,247,258,1,2,9,8,0,0,0,0,16,10,0,1,1,0,0,0,0,0,0,0,16,10,0,1,1,0,0,0,0,0
050,49,019,Utah,Grand County,2000c,13,341,162,179,157,176,0,0,4,1,0,1,0,0,1,1,158,177,1,0,4,2,0,1,0,0,153,171,0,0,3,1,0,1,0,0,1,1,154,172,1,0,3,2,0,1,0,0,4,5,0,0,1,0,0,0,0,0,0,0,4,5,0,0,1,0,0,0,0,0
050,49,019,Utah,Grand County,2000a,13,338,161,177,156,174,0,0,4,1,0,1,0,0,1,1,157,175,1,0,4,2,0,1,0,0,152,169,0,0,3,1,0,1,0,0,1,1,153,170,1,0,3,2,0,1,0,0,4,5,0,0,1,0,0,0,0,0,0,0,4,5,0,0,1,0,0,0,0,0
050,49,019,Utah,Grand County,2000,13,337,161,176,157,174,0,0,4,1,0,1,0,0,0,0,157,174,0,0,4,1,0,1,0,0,153,169,0,0,3,1,0,1,0,0,0,0,153,169,0,0,3,1,0,1,0,0,4,5,0,0,1,0,0,0,0,0,0,0,4,5,0,0,1,0,0,0,0,0
050,49,019,Utah,Grand County,2001,13,337,173,164,172,162,0,0,1,1,0,1,0,0,0,0,172,162,0,0,1,1,0,1,0,0,168,157,0,0,1,1,0,1,0,0,0,0,168,157,0,0,1,1,0,1,0,0,4,5,0,0,0,0,0,0,0,0,0,0,4,5,0,0,0,0,0,0,0,0
050,49,019,Utah,Grand County,2002,13,339,169,170,166,166,0,0,3,2,0,2,0,0,0,0,166,166,0,0,3,2,0,2,0,0,162,159,0,0,3,2,0,2,0,0,0,0,162,159,0,0,3,2,0,2,0,0,4,7,0,0,0,0,0,0,0,0,0,0,4,7,0,0,0,0,0,0,0,0
050,49,019,Utah,Grand County,2003,13,354,183,171,179,168,0,0,4,2,0,1,0,0,0,0,179,168,0,0,4,2,0,1,0,0,177,161,0,0,4,2,0,1,0,0,0,0,177,161,0,0,4,2,0,1,0,0,2,7,0,0,0,0,0,0,0,0,0,0,2,7,0,0,0,0,0,0,0,0
050,49,019,Utah,Grand County,2004,13,381,192,189,187,186,0,0,5,2,0,1,0,0,0,0,187,186,0,0,5,2,0,1,0,0,185,180,0,0,5,2,0,1,0,0,0,0,185,180,0,0,5,2,0,1,0,0,2,6,0,0,0,0,0,0,0,0,0,0,2,6,0,0,0,0,0,0,0,0
050,49,019,Utah,Grand County,2000c,14,333,157,176,154,173,0,0,2,2,1,0,0,0,0,1,154,174,0,0,2,2,1,1,0,0,148,165,0,0,2,2,1,0,0,0,0,1,148,166,0,0,2,2,1,1,0,0,6,8,0,0,0,0,0,0,0,0,0,0,6,8,0,0,0,0,0,0,0,0
050,49,019,Utah,Grand County,2000a,14,328,154,174,151,171,0,0,2,2,1,0,0,0,0,1,151,172,0,0,2,2,1,1,0,0,146,163,0,0,2,2,1,0,0,0,0,1,146,164,0,0,2,2,1,1,0,0,5,8,0,0,0,0,0,0,0,0,0,0,5,8,0,0,0,0,0,0,0,0
050,49,019,Utah,Grand County,2000,14,329,155,174,152,172,0,0,2,2,1,0,0,0,0,0,152,172,0,0,2,2,1,0,0,0,147,164,0,0,2,2,1,0,0,0,0,0,147,164,0,0,2,2,1,0,0,0,5,8,0,0,0,0,0,0,0,0,0,0,5,8,0,0,0,0,0,0,0,0
050,49,019,Utah,Grand County,2001,14,325,147,178,141,177,0,0,5,1,1,0,0,0,0,0,141,177,0,0,5,1,1,0,0,0,136,172,0,0,4,1,1,0,0,0,0,0,136,172,0,0,4,1,1,0,0,0,5,5,0,0,1,0,0,0,0,0,0,0,5,5,0,0,1,0,0,0,0,0
050,49,019,Utah,Grand County,2002,14,339,164,175,158,175,0,0,5,0,1,0,0,0,0,0,158,175,0,0,5,0,1,0,0,0,154,171,0,0,4,0,1,0,0,0,0,0,154,171,0,0,4,0,1,0,0,0,4,4,0,0,1,0,0,0,0,0,0,0,4,4,0,0,1,0,0,0,0,0
050,49,019,Utah,Grand County,2003,14,336,159,177,154,176,0,0,4,0,1,1,0,0,0,0,154,176,0,0,4,0,1,1,0,0,149,171,0,0,3,0,1,1,0,0,0,0,149,171,0,0,3,0,1,1,0,0,5,5,0,0,1,0,0,0,0,0,0,0,5,5,0,0,1,0,0,0,0,0
050,49,019,Utah,Grand County,2004,14,321,149,172,144,169,0,0,4,1,1,2,0,0,0,0,144,169,0,0,4,1,1,2,0,0,138,164,0,0,3,1,1,2,0,0,0,0,138,164,0,0,3,1,1,2,0,0,6,5,0,0,1,0,0,0,0,0,0,0,6,5,0,0,1,0,0,0,0,0
050,49,019,Utah,Grand County,2000c,15,276,127,149,127,149,0,0,0,0,0,0,0,0,0,0,127,149,0,0,0,0,0,0,0,0,123,145,0,0,0,0,0,0,0,0,0,0,123,145,0,0,0,0,0,0,0,0,4,4,0,0,0,0,0,0,0,0,0,0,4,4,0,0,0,0,0,0,0,0
050,49,019,Utah,Grand County,2000a,15,269,124,145,124,145,0,0,0,0,0,0,0,0,0,0,124,145,0,0,0,0,0,0,0,0,120,142,0,0,0,0,0,0,0,0,0,0,120,142,0,0,0,0,0,0,0,0,4,3,0,0,0,0,0,0,0,0,0,0,4,3,0,0,0,0,0,0,0,0
050,49,019,Utah,Grand County,2000,15,271,125,146,125,146,0,0,0,0,0,0,0,0,0,0,125,146,0,0,0,0,0,0,0,0,121,143,0,0,0,0,0,0,0,0,0,0,121,143,0,0,0,0,0,0,0,0,4,3,0,0,0,0,0,0,0,0,0,0,4,3,0,0,0,0,0,0,0,0
050,49,019,Utah,Grand County,2001,15,278,124,154,124,153,0,0,0,1,0,0,0,0,0,0,124,153,0,0,0,1,0,0,0,0,119,147,0,0,0,1,0,0,0,0,0,0,119,147,0,0,0,1,0,0,0,0,5,6,0,0,0,0,0,0,0,0,0,0,5,6,0,0,0,0,0,0,0,0
050,49,019,Utah,Grand County,2002,15,266,107,159,106,157,0,0,1,2,0,0,0,0,0,0,106,157,0,0,1,2,0,0,0,0,102,151,0,0,1,2,0,0,0,0,0,0,102,151,0,0,1,2,0,0,0,0,4,6,0,0,0,0,0,0,0,0,0,0,4,6,0,0,0,0,0,0,0,0
050,49,019,Utah,Grand County,2003,15,255,103,152,101,151,0,0,2,1,0,0,0,0,0,0,101,151,0,0,2,1,0,0,0,0,97,145,0,0,2,1,0,0,0,0,0,0,97,145,0,0,2,1,0,0,0,0,4,6,0,0,0,0,0,0,0,0,0,0,4,6,0,0,0,0,0,0,0,0
050,49,019,Utah,Grand County,2004,15,270,116,154,114,153,0,0,2,1,0,0,0,0,0,0,114,153,0,0,2,1,0,0,0,0,111,146,0,0,2,1,0,0,0,0,0,0,111,146,0,0,2,1,0,0,0,0,3,7,0,0,0,0,0,0,0,0,0,0,3,7,0,0,0,0,0,0,0,0
050,49,019,Utah,Grand County,2000c,16,209,89,120,88,120,0,0,0,0,1,0,0,0,0,0,88,120,0,0,0,0,1,0,0,0,84,118,0,0,0,0,1,0,0,0,0,0,84,118,0,0,0,0,1,0,0,0,4,2,0,0,0,0,0,0,0,0,0,0,4,2,0,0,0,0,0,0,0,0
050,49,019,Utah,Grand County,2000a,16,206,88,118,87,118,0,0,0,0,1,0,0,0,0,0,87,118,0,0,0,0,1,0,0,0,83,116,0,0,0,0,1,0,0,0,0,0,83,116,0,0,0,0,1,0,0,0,4,2,0,0,0,0,0,0,0,0,0,0,4,2,0,0,0,0,0,0,0,0
050,49,019,Utah,Grand County,2000,16,209,90,119,89,119,0,0,0,0,1,0,0,0,0,0,89,119,0,0,0,0,1,0,0,0,85,117,0,0,0,0,1,0,0,0,0,0,85,117,0,0,0,0,1,0,0,0,4,2,0,0,0,0,0,0,0,0,0,0,4,2,0,0,0,0,0,0,0,0
050,49,019,Utah,Grand County,2001,16,207,86,121,85,121,0,0,0,0,1,0,0,0,0,0,85,121,0,0,0,0,1,0,0,0,82,120,0,0,0,0,1,0,0,0,0,0,82,120,0,0,0,0,1,0,0,0,3,1,0,0,0,0,0,0,0,0,0,0,3,1,0,0,0,0,0,0,0,0
050,49,019,Utah,Grand County,2002,16,214,99,115,98,115,0,0,0,0,1,0,0,0,0,0,98,115,0,0,0,0,1,0,0,0,94,114,0,0,0,0,1,0,0,0,0,0,94,114,0,0,0,0,1,0,0,0,4,1,0,0,0,0,0,0,0,0,0,0,4,1,0,0,0,0,0,0,0,0
050,49,019,Utah,Grand County,2003,16,220,103,117,103,117,0,0,0,0,0,0,0,0,0,0,103,117,0,0,0,0,0,0,0,0,99,116,0,0,0,0,0,0,0,0,0,0,99,116,0,0,0,0,0,0,0,0,4,1,0,0,0,0,0,0,0,0,0,0,4,1,0,0,0,0,0,0,0,0
050,49,019,Utah,Grand County,2004,16,207,95,112,95,112,0,0,0,0,0,0,0,0,0,0,95,112,0,0,0,0,0,0,0,0,91,110,0,0,0,0,0,0,0,0,0,0,91,110,0,0,0,0,0,0,0,0,4,2,0,0,0,0,0,0,0,0,0,0,4,2,0,0,0,0,0,0,0,0
050,49,019,Utah,Grand County,2000c,17,136,60,76,59,74,0,0,0,0,0,0,0,0,1,2,60,76,0,0,1,2,0,0,0,0,56,73,0,0,0,0,0,0,0,0,1,2,57,75,0,0,1,2,0,0,0,0,3,1,0,0,0,0,0,0,0,0,0,0,3,1,0,0,0,0,0,0,0,0
050,49,019,Utah,Grand County,2000a,17,136,60,76,59,74,0,0,0,0,0,0,0,0,1,2,60,76,0,0,1,2,0,0,0,0,56,73,0,0,0,0,0,0,0,0,1,2,57,75,0,0,1,2,0,0,0,0,3,1,0,0,0,0,0,0,0,0,0,0,3,1,0,0,0,0,0,0,0,0
050,49,019,Utah,Grand County,2000,17,135,60,75,59,74,0,0,1,1,0,0,0,0,0,0,59,74,0,0,1,1,0,0,0,0,56,73,0,0,1,1,0,0,0,0,0,0,56,73,0,0,1,1,0,0,0,0,3,1,0,0,0,0,0,0,0,0,0,0,3,1,0,0,0,0,0,0,0,0
050,49,019,Utah,Grand County,2001,17,146,63,83,62,82,0,0,1,1,0,0,0,0,0,0,62,82,0,0,1,1,0,0,0,0,59,80,0,0,1,1,0,0,0,0,0,0,59,80,0,0,1,1,0,0,0,0,3,2,0,0,0,0,0,0,0,0,0,0,3,2,0,0,0,0,0,0,0,0
050,49,019,Utah,Grand County,2002,17,146,57,89,57,88,0,0,0,1,0,0,0,0,0,0,57,88,0,0,0,1,0,0,0,0,53,86,0,0,0,1,0,0,0,0,0,0,53,86,0,0,0,1,0,0,0,0,4,2,0,0,0,0,0,0,0,0,0,0,4,2,0,0,0,0,0,0,0,0
050,49,019,Utah,Grand County,2003,17,141,51,90,50,89,0,0,0,1,1,0,0,0,0,0,50,89,0,0,0,1,1,0,0,0,45,87,0,0,0,1,1,0,0,0,0,0,45,87,0,0,0,1,1,0,0,0,5,2,0,0,0,0,0,0,0,0,0,0,5,2,0,0,0,0,0,0,0,0
050,49,019,Utah,Grand County,2004,17,141,52,89,51,88,0,0,0,1,1,0,0,0,0,0,51,88,0,0,0,1,1,0,0,0,45,86,0,0,0,1,1,0,0,0,0,0,45,86,0,0,0,1,1,0,0,0,6,2,0,0,0,0,0,0,0,0,0,0,6,2,0,0,0,0,0,0,0,0
050,49,019,Utah,Grand County,2000c,18,107,36,71,36,71,0,0,0,0,0,0,0,0,0,0,36,71,0,0,0,0,0,0,0,0,36,69,0,0,0,0,0,0,0,0,0,0,36,69,0,0,0,0,0,0,0,0,0,2,0,0,0,0,0,0,0,0,0,0,0,2,0,0,0,0,0,0,0,0
050,49,019,Utah,Grand County,2000a,18,107,36,71,36,71,0,0,0,0,0,0,0,0,0,0,36,71,0,0,0,0,0,0,0,0,36,69,0,0,0,0,0,0,0,0,0,0,36,69,0,0,0,0,0,0,0,0,0,2,0,0,0,0,0,0,0,0,0,0,0,2,0,0,0,0,0,0,0,0
050,49,019,Utah,Grand County,2000,18,109,37,72,37,72,0,0,0,0,0,0,0,0,0,0,37,72,0,0,0,0,0,0,0,0,37,70,0,0,0,0,0,0,0,0,0,0,37,70,0,0,0,0,0,0,0,0,0,2,0,0,0,0,0,0,0,0,0,0,0,2,0,0,0,0,0,0,0,0
050,49,019,Utah,Grand County,2001,18,110,41,69,41,69,0,0,0,0,0,0,0,0,0,0,41,69,0,0,0,0,0,0,0,0,41,67,0,0,0,0,0,0,0,0,0,0,41,67,0,0,0,0,0,0,0,0,0,2,0,0,0,0,0,0,0,0,0,0,0,2,0,0,0,0,0,0,0,0
050,49,019,Utah,Grand County,2002,18,109,40,69,39,69,0,0,1,0,0,0,0,0,0,0,39,69,0,0,1,0,0,0,0,0,39,66,0,0,1,0,0,0,0,0,0,0,39,66,0,0,1,0,0,0,0,0,0,3,0,0,0,0,0,0,0,0,0,0,0,3,0,0,0,0,0,0,0,0
050,49,019,Utah,Grand County,2003,18,122,49,73,48,73,0,0,1,0,0,0,0,0,0,0,48,73,0,0,1,0,0,0,0,0,48,70,0,0,1,0,0,0,0,0,0,0,48,70,0,0,1,0,0,0,0,0,0,3,0,0,0,0,0,0,0,0,0,0,0,3,0,0,0,0,0,0,0,0
050,49,019,Utah,Grand County,2004,18,128,47,81,46,81,0,0,1,0,0,0,0,0,0,0,46,81,0,0,1,0,0,0,0,0,46,78,0,0,1,0,0,0,0,0,0,0,46,78,0,0,1,0,0,0,0,0,0,3,0,0,0,0,0,0,0,0,0,0,0,3,0,0,0,0,0,0,0,0
050,49,021,Utah,Iron County,2000c,0,33779,16757,17022,15909,16248,95,38,373,393,128,133,64,41,188,169,16083,16409,129,62,471,494,182,170,88,59,15242,15666,79,33,341,363,121,131,51,38,174,157,15402,15815,112,57,429,455,174,167,73,54,667,582,16,5,32,30,7,2,13,3,14,12,681,594,17,5,42,39,8,3,15,5
050,49,021,Utah,Iron County,2000a,0,33779,16757,17022,15909,16248,95,38,373,393,128,133,64,41,188,169,16083,16409,129,62,471,494,182,170,88,59,15242,15666,79,33,341,363,121,131,51,38,174,157,15402,15815,112,57,429,455,174,167,73,54,667,582,16,5,32,30,7,2,13,3,14,12,681,594,17,5,42,39,8,3,15,5
050,49,021,Utah,Iron County,2000,0,33967,16858,17109,16025,16333,97,42,378,398,140,134,57,47,161,155,16186,16488,114,56,471,492,175,167,73,61,15346,15741,81,37,344,368,128,131,52,46,160,150,15506,15891,98,51,436,457,163,164,68,60,679,592,16,5,34,30,12,3,5,1,1,5,680,597,16,5,35,35,12,3,5,1
050,49,021,Utah,Iron County,2001,0,34571,17177,17394,16319,16611,98,41,362,381,157,147,68,52,173,162,16491,16773,117,58,455,476,200,181,87,68,15603,16000,82,36,327,346,145,145,61,51,168,157,15770,16157,101,53,417,436,186,179,80,67,716,611,16,5,35,35,12,2,7,1,5,5,721,616,16,5,38,40,14,2,7,1
050,49,021,Utah,Iron County,2002,0,35350,17567,17783,16636,16956,97,44,394,405,178,156,77,52,185,170,16821,17126,117,60,496,509,222,192,96,66,15868,16309,80,39,353,366,161,152,68,51,178,164,16046,16473,99,55,449,464,205,188,87,65,768,647,17,5,41,39,17,4,9,1,7,6,775,653,18,5,47,45,17,4,9,1
050,49,021,Utah,Iron County,2003,0,35578,17640,17938,16696,17094,96,44,392,408,192,168,78,58,186,166,16881,17260,116,63,493,502,239,207,97,72,15873,16390,80,38,343,368,174,164,67,58,181,158,16053,16548,100,56,439,455,221,203,86,72,823,704,16,6,49,40,18,4,11,0,5,8,828,712,16,7,54,47,18,4,11,0
050,49,021,Utah,Iron County,2004,0,36285,18005,18280,17040,17408,92,46,389,405,210,186,92,61,182,174,17221,17582,114,68,482,503,257,226,113,75,16196,16692,74,35,332,362,192,183,79,60,178,164,16373,16856,95,54,422,453,239,223,100,74,844,716,18,11,57,43,18,3,13,1,4,10,848,726,19,14,60,50,18,3,13,1
050,49,021,Utah,Iron County,2000c,1,3166,1653,1513,1541,1425,9,2,57,52,3,5,7,3,36,26,1574,1450,20,8,72,64,13,9,12,8,1463,1340,7,2,49,37,3,5,5,2,32,25,1492,1364,18,8,61,49,12,8,10,7,78,85,2,0,8,15,0,0,2,1,4,1,82,86,2,0,11,15,1,1,2,1
050,49,021,Utah,Iron County,2000a,1,3166,1653,1513,1541,1425,9,2,57,52,3,5,7,3,36,26,1574,1450,20,8,72,64,13,9,12,8,1463,1340,7,2,49,37,3,5,5,2,32,25,1492,1364,18,8,61,49,12,8,10,7,78,85,2,0,8,15,0,0,2,1,4,1,82,86,2,0,11,15,1,1,2,1
050,49,021,Utah,Iron County,2000,1,3201,1673,1528,1561,1438,10,4,57,49,7,5,5,3,33,29,1594,1467,17,8,71,63,14,11,10,8,1480,1351,8,4,49,36,7,5,4,3,32,26,1512,1377,15,8,62,47,14,11,9,8,81,87,2,0,8,13,0,0,1,0,1,3,82,90,2,0,9,16,0,0,1,0
050,49,021,Utah,Iron County,2001,1,3431,1812,1619,1691,1526,10,4,57,47,10,6,7,5,37,31,1727,1557,19,9,70,62,21,12,12,10,1603,1447,8,4,50,33,9,6,6,4,35,27,1637,1474,17,9,62,44,19,12,11,9,88,79,2,0,7,14,1,0,1,1,2,4,90,83,2,0,8,18,2,0,1,1
050,49,021,Utah,Iron County,2002,1,3600,1888,1712,1770,1614,5,2,62,55,11,6,6,3,34,32,1804,1646,11,7,76,70,20,13,11,8,1673,1535,4,2,53,43,10,5,5,3,31,29,1704,1564,10,7,64,55,19,12,10,8,97,79,1,0,9,12,1,1,1,0,3,3,100,82,1,0,12,15,1,1,1,0
050,49,021,Utah,Iron County,2003,1,3649,1910,1739,1788,1641,3,2,64,57,14,7,8,4,33,28,1821,1669,9,8,76,69,24,14,13,7,1684,1558,3,1,55,45,13,7,7,4,31,24,1715,1582,9,6,65,54,23,14,12,7,104,83,0,1,9,12,1,0,1,0,2,4,106,87,0,2,11,15,1,0,1,0
050,49,021,Utah,Iron County,2004,1,3632,1912,1720,1802,1616,1,4,60,52,14,9,7,5,28,34,1830,1650,7,12,67,63,24,19,12,10,1705,1539,1,0,49,45,13,9,6,5,27,29,1732,1568,7,5,55,54,23,19,11,10,97,77,0,4,11,7,1,0,1,0,1,5,98,82,0,7,12,9,1,0,1,0
050,49,021,Utah,Iron County,2000c,2,2792,1446,1346,1353,1272,11,8,38,38,4,4,4,4,36,20,1387,1292,20,14,56,49,13,6,7,5,1271,1201,11,8,36,38,4,4,2,4,33,20,1302,1221,19,14,52,49,13,6,5,5,82,71,0,0,2,0,0,0,2,0,3,0,85,71,1,0,4,0,0,0,2,0
050,49,021,Utah,Iron County,2000a,2,2792,1446,1346,1353,1272,11,8,38,38,4,4,4,4,36,20,1387,1292,20,14,56,49,13,6,7,5,1271,1201,11,8,36,38,4,4,2,4,33,20,1302,1221,19,14,52,49,13,6,5,5,82,71,0,0,2,0,0,0,2,0,3,0,85,71,1,0,4,0,0,0,2,0
050,49,021,Utah,Iron County,2000,2,2793,1444,1349,1359,1271,11,7,40,39,5,5,5,3,24,24,1383,1295,17,13,50,49,10,10,8,6,1275,1200,11,7,38,39,4,5,4,3,24,24,1299,1224,17,13,48,49,9,10,7,6,84,71,0,0,2,0,1,0,1,0,0,0,84,71,0,0,2,0,1,0,1,0
050,49,021,Utah,Iron County,2001,2,2783,1439,1344,1359,1275,10,4,35,32,6,6,4,3,25,24,1384,1299,16,10,45,42,12,11,7,6,1264,1196,9,4,32,31,5,6,3,3,24,24,1288,1220,15,10,42,41,10,11,6,6,95,79,1,0,3,1,1,0,1,0,1,0,96,79,1,0,3,1,2,0,1,0
050,49,021,Utah,Iron County,2002,2,2830,1477,1353,1377,1281,14,6,45,31,8,7,6,4,27,24,1404,1305,21,12,56,42,14,12,9,6,1282,1201,12,6,43,27,7,7,5,4,27,23,1309,1224,19,12,54,37,13,12,8,6,95,80,2,0,2,4,1,0,1,0,0,1,95,81,2,0,2,5,1,0,1,0
050,49,021,Utah,Iron County,2003,2,2824,1474,1350,1379,1275,12,6,45,33,8,7,5,4,25,25,1404,1300,18,12,56,43,14,13,7,7,1273,1194,10,6,40,28,7,7,4,4,25,24,1298,1218,16,12,51,37,13,13,6,7,106,81,2,0,5,5,1,0,1,0,0,1,106,82,2,0,5,6,1,0,1,0
050,49,021,Utah,Iron County,2004,2,2905,1515,1390,1409,1314,10,3,48,38,9,7,7,3,32,25,1440,1339,18,9,61,50,16,12,12,5,1302,1228,8,3,42,30,8,7,6,3,31,23,1332,1251,16,9,54,40,15,12,11,5,107,86,2,0,6,8,1,0,1,0,1,2,108,88,2,0,7,10,1,0,1,0
050,49,021,Utah,Iron County,2000c,3,2773,1447,1326,1357,1243,12,5,51,44,5,7,1,3,21,24,1378,1264,15,12,61,58,11,12,3,5,1285,1192,10,3,49,43,5,7,1,2,20,19,1305,1208,13,10,58,53,11,12,3,3,72,51,2,2,2,1,0,0,0,1,1,5,73,56,2,2,3,5,0,0,0,2
050,49,021,Utah,Iron County,2000a,3,2773,1447,1326,1357,1243,12,5,51,44,5,7,1,3,21,24,1378,1264,15,12,61,58,11,12,3,5,1285,1192,10,3,49,43,5,7,1,2,20,19,1305,1208,13,10,58,53,11,12,3,3,72,51,2,2,2,1,0,0,0,1,1,5,73,56,2,2,3,5,0,0,0,2
050,49,021,Utah,Iron County,2000,3,2781,1454,1327,1362,1247,11,7,50,44,5,7,3,4,23,18,1385,1265,15,9,63,54,10,12,4,5,1289,1194,9,5,47,41,5,6,3,4,23,18,1312,1212,13,7,60,51,10,11,4,5,73,53,2,2,3,3,0,1,0,0,0,0,73,53,2,2,3,3,0,1,0,0
050,49,021,Utah,Iron County,2001,3,2757,1409,1348,1327,1269,9,7,42,41,5,7,5,4,21,20,1348,1289,12,11,53,51,10,11,7,6,1254,1217,8,6,40,40,5,6,5,4,21,20,1275,1237,11,10,51,50,10,10,7,6,73,52,1,1,2,1,0,1,0,0,0,0,73,52,1,1,2,1,0,1,0,0
050,49,021,Utah,Iron County,2002,3,2780,1412,1368,1328,1289,9,7,40,42,7,6,7,3,21,21,1349,1310,13,11,50,53,12,11,9,4,1247,1228,8,7,36,41,6,5,6,3,21,21,1268,1249,12,11,46,52,11,10,8,4,81,61,1,0,4,1,1,1,1,0,0,0,81,61,1,0,4,1,1,1,1,0
050,49,021,Utah,Iron County,2003,3,2814,1435,1379,1353,1308,12,5,33,39,8,4,6,3,23,20,1376,1328,17,10,42,49,13,9,10,3,1273,1235,10,5,30,38,7,4,6,3,23,20,1296,1255,15,10,39,48,12,9,10,3,80,73,2,0,3,1,1,0,0,0,0,0,80,73,2,0,3,1,1,0,0,0
050,49,021,Utah,Iron County,2004,3,2767,1434,1333,1351,1266,13,6,34,36,8,4,6,2,22,19,1373,1285,18,10,43,45,13,9,9,3,1260,1191,12,6,31,35,7,4,6,2,22,19,1282,1210,17,10,40,44,12,9,9,3,91,75,1,0,3,1,1,0,0,0,0,0,91,75,1,0,3,1,1,0,0,0
050,49,021,Utah,Iron County,2000c,4,3851,1759,2092,1653,2006,11,5,49,41,12,12,7,6,27,22,1678,2028,13,5,64,52,20,19,13,10,1568,1933,10,5,44,37,11,12,6,6,24,21,1590,1954,12,5,58,47,19,19,10,10,85,73,1,0,5,4,1,0,1,0,3,1,88,74,1,0,6,5,1,0,3,0
050,49,021,Utah,Iron County,2000a,4,3851,1759,2092,1653,2006,11,5,49,41,12,12,7,6,27,22,1678,2028,13,5,64,52,20,19,13,10,1568,1933,10,5,44,37,11,12,6,6,24,21,1590,1954,12,5,58,47,19,19,10,10,85,73,1,0,5,4,1,0,1,0,3,1,88,74,1,0,6,5,1,0,3,0
050,49,021,Utah,Iron County,2000,4,3836,1752,2084,1651,1997,11,5,50,40,14,13,7,8,19,21,1670,2018,11,6,61,52,20,19,9,10,1567,1924,10,5,45,37,13,13,6,8,19,19,1586,1943,10,6,56,47,19,19,8,10,84,73,1,0,5,3,1,0,1,0,0,2,84,75,1,0,5,5,1,0,1,0
050,49,021,Utah,Iron County,2001,4,3313,1650,1663,1552,1585,12,7,46,38,13,9,7,7,20,17,1572,1602,13,8,57,48,19,14,9,8,1470,1518,10,6,42,35,12,9,6,7,20,16,1490,1534,11,7,53,44,18,14,8,8,82,67,2,1,4,3,1,0,1,0,0,1,82,68,2,1,4,4,1,0,1,0
050,49,021,Utah,Iron County,2002,4,3030,1581,1449,1480,1375,10,8,49,38,13,7,7,6,22,15,1502,1390,11,8,61,47,19,12,10,7,1391,1310,9,6,47,37,12,7,6,6,22,15,1413,1325,10,6,59,46,18,12,9,7,89,65,1,2,2,1,1,0,1,0,0,0,89,65,1,2,2,1,1,0,1,0
050,49,021,Utah,Iron County,2003,4,2858,1481,1377,1382,1299,11,10,51,39,12,8,5,5,20,16,1402,1315,12,11,63,48,18,13,6,6,1286,1233,10,8,50,38,11,7,5,5,20,16,1306,1249,11,9,62,47,17,12,6,6,96,66,1,2,1,1,1,1,0,0,0,0,96,66,1,2,1,1,1,1,0,0
050,49,021,Utah,Iron County,2004,4,2834,1464,1370,1371,1302,10,8,47,33,12,8,7,6,17,13,1388,1315,11,9,57,41,17,12,8,6,1278,1241,8,6,45,32,11,8,6,6,17,13,1295,1254,9,7,55,40,16,12,7,6,93,61,2,2,2,1,1,0,1,0,0,0,93,61,2,2,2,1,1,0,1,0
050,49,021,Utah,Iron County,2000c,5,4919,2372,2547,2215,2408,16,6,43,47,60,50,19,13,19,23,2232,2430,18,9,55,58,66,59,21,14,2136,2333,11,6,38,43,57,50,19,13,17,22,2151,2354,13,9,48,53,63,59,21,14,79,75,5,0,5,4,3,0,0,0,2,1,81,76,5,0,7,5,3,0,0,0
050,49,021,Utah,Iron County,2000a,5,4919,2372,2547,2215,2408,16,6,43,47,60,50,19,13,19,23,2232,2430,18,9,55,58,66,59,21,14,2136,2333,11,6,38,43,57,50,19,13,17,22,2151,2354,13,9,48,53,63,59,21,14,79,75,5,0,5,4,3,0,0,0,2,1,81,76,5,0,7,5,3,0,0,0
050,49,021,Utah,Iron County,2000,5,4962,2393,2569,2236,2431,17,7,45,48,50,43,22,17,23,23,2259,2454,17,8,55,58,59,52,26,20,2154,2354,12,7,40,44,47,43,22,17,23,23,2177,2377,12,8,50,54,56,52,26,20,82,77,5,0,5,4,3,0,0,0,0,0,82,77,5,0,5,4,3,0,0,0
050,49,021,Utah,Iron County,2001,5,5344,2377,2967,2217,2826,17,7,45,48,49,45,22,17,27,24,2244,2850,17,8,57,58,59,54,27,21,2128,2732,14,7,40,43,47,45,22,17,25,24,2153,2756,14,8,50,53,57,54,27,21,89,94,3,0,5,5,2,0,0,0,2,0,91,94,3,0,7,5,2,0,0,0
050,49,021,Utah,Iron County,2002,5,5333,2222,3111,2066,2958,15,7,48,51,45,48,21,18,27,29,2093,2987,16,8,61,65,54,58,25,22,1977,2858,13,7,41,44,42,48,20,18,25,27,2002,2885,14,8,52,56,51,58,24,22,89,100,2,0,7,7,3,0,1,0,2,2,91,102,2,0,9,9,3,0,1,0
050,49,021,Utah,Iron County,2003,5,4912,1989,2923,1841,2780,14,6,43,43,45,47,20,21,26,26,1867,2806,14,7,55,54,54,57,25,25,1754,2675,12,6,33,38,43,47,20,21,24,24,1778,2699,12,7,43,47,52,57,25,25,87,105,2,0,10,5,2,0,0,0,2,2,89,107,2,0,12,7,2,0,0,0
050,49,021,Utah,Iron County,2004,5,4566,1880,2686,1741,2553,12,7,42,44,42,40,19,17,24,25,1765,2578,12,9,53,56,51,48,23,20,1649,2450,10,7,34,38,41,40,19,17,23,23,1672,2473,10,9,44,48,50,48,23,20,92,103,2,0,8,6,1,0,0,0,1,2,93,105,2,0,9,8,1,0,0,0
050,49,021,Utah,Iron County,2000c,6,2429,1322,1107,1239,1048,10,3,34,32,22,17,6,1,11,6,1246,1054,15,3,38,35,27,20,7,1,1174,998,7,2,28,30,20,17,5,1,11,4,1181,1002,12,2,32,31,25,20,6,1,65,50,3,1,6,2,2,0,1,0,0,2,65,52,3,1,6,4,2,0,1,0
050,49,021,Utah,Iron County,2000a,6,2429,1322,1107,1239,1048,10,3,34,32,22,17,6,1,11,6,1246,1054,15,3,38,35,27,20,7,1,1174,998,7,2,28,30,20,17,5,1,11,4,1181,1002,12,2,32,31,25,20,6,1,65,50,3,1,6,2,2,0,1,0,0,2,65,52,3,1,6,4,2,0,1,0
050,49,021,Utah,Iron County,2000,6,2467,1344,1123,1261,1063,11,3,33,32,23,14,5,4,11,7,1272,1070,11,3,40,37,26,16,6,4,1193,1011,8,2,27,30,21,14,5,4,11,7,1204,1018,8,2,34,35,24,16,6,4,68,52,3,1,6,2,2,0,0,0,0,0,68,52,3,1,6,2,2,0,0,0
050,49,021,Utah,Iron County,2001,6,2830,1573,1257,1473,1181,12,3,34,32,31,23,10,7,13,11,1486,1192,12,3,41,38,35,27,12,8,1402,1126,9,2,27,28,30,23,9,7,13,11,1415,1137,9,2,34,34,34,27,11,8,71,55,3,1,7,4,1,0,1,0,0,0,71,55,3,1,7,4,1,0,1,0
050,49,021,Utah,Iron County,2002,6,3391,1927,1464,1793,1377,14,3,42,36,45,29,15,7,18,12,1811,1389,14,3,51,43,52,33,17,8,1716,1318,9,3,33,32,43,29,15,7,17,12,1733,1330,9,3,41,39,50,33,17,8,77,59,5,0,9,4,2,0,0,0,1,0,78,59,5,0,10,4,2,0,0,0
050,49,021,Utah,Iron County,2003,6,3948,2210,1738,2067,1640,13,2,42,34,49,36,16,11,23,15,2089,1655,15,2,53,41,58,41,18,14,1984,1571,8,2,33,30,47,36,15,11,22,15,2005,1586,10,2,43,37,56,41,17,14,83,69,5,0,9,4,2,0,1,0,1,0,84,69,5,0,10,4,2,0,1,0
050,49,021,Utah,Iron County,2004,6,4553,2415,2138,2248,2004,15,5,42,42,65,52,23,15,22,20,2270,2024,16,6,51,52,74,58,26,18,2164,1926,10,3,32,36,62,52,23,15,22,20,2186,1946,11,4,41,46,71,58,26,18,84,78,5,2,10,6,3,0,0,0,0,0,84,78,5,2,10,6,3,0,0,0
050,49,021,Utah,Iron County,2000c,7,1790,882,908,838,855,5,1,21,30,4,8,5,4,9,10,847,864,6,1,27,37,4,11,7,6,788,819,5,1,19,30,4,8,2,4,9,9,797,827,6,1,25,36,4,11,4,6,50,36,0,0,2,0,0,0,3,0,0,1,50,37,0,0,2,1,0,0,3,0
050,49,021,Utah,Iron County,2000a,7,1790,882,908,838,855,5,1,21,30,4,8,5,4,9,10,847,864,6,1,27,37,4,11,7,6,788,819,5,1,19,30,4,8,2,4,9,9,797,827,6,1,25,36,4,11,4,6,50,36,0,0,2,0,0,0,3,0,0,1,50,37,0,0,2,1,0,0,3,0
050,49,021,Utah,Iron County,2000,7,1806,889,917,846,863,5,1,22,33,8,12,3,3,5,5,851,868,5,1,27,38,8,12,3,3,796,826,5,1,20,32,6,12,2,3,5,5,801,831,5,1,25,37,6,12,2,3,50,37,0,0,2,1,2,0,1,0,0,0,50,37,0,0,2,1,2,0,1,0
050,49,021,Utah,Iron County,2001,7,1851,921,930,872,877,8,1,20,30,11,14,4,2,6,6,878,883,8,1,25,35,12,15,4,2,823,842,6,1,18,29,9,14,3,2,6,6,829,848,6,1,23,34,10,15,3,2,49,35,2,0,2,1,2,0,1,0,0,0,49,35,2,0,2,1,2,0,1,0
050,49,021,Utah,Iron County,2002,7,1942,982,960,927,904,10,2,23,31,12,15,4,3,6,5,933,909,10,2,28,36,13,15,4,3,864,858,8,1,19,29,8,15,3,3,6,5,870,863,8,1,24,34,9,15,3,3,63,46,2,1,4,2,4,0,1,0,0,0,63,46,2,1,4,2,4,0,1,0
050,49,021,Utah,Iron County,2003,7,1998,1024,974,957,911,12,4,26,35,18,15,5,3,6,6,963,917,12,4,30,40,20,16,5,3,890,856,10,3,19,32,12,15,3,3,6,6,896,862,10,3,23,37,14,16,3,3,67,55,2,1,7,3,6,0,2,0,0,0,67,55,2,1,7,3,6,0,2,0
050,49,021,Utah,Iron County,2004,7,2129,1108,1021,1042,961,9,3,29,31,16,16,6,4,6,6,1048,967,9,3,33,36,18,17,6,4,975,908,6,2,17,29,13,16,4,4,6,6,981,914,6,2,21,34,15,17,4,4,67,53,3,1,12,2,3,0,2,0,0,0,67,53,3,1,12,2,3,0,2,0
050,49,021,Utah,Iron County,2000c,8,1800,915,885,874,844,4,2,21,23,3,6,6,1,7,9,881,853,5,2,24,31,5,6,8,2,841,808,3,1,21,23,3,6,4,1,6,9,847,817,4,1,23,31,5,6,6,2,33,36,1,1,0,0,0,0,2,0,1,0,34,36,1,1,1,0,0,0,2,0
050,49,021,Utah,Iron County,2000a,8,1800,915,885,874,844,4,2,21,23,3,6,6,1,7,9,881,853,5,2,24,31,5,6,8,2,841,808,3,1,21,23,3,6,4,1,6,9,847,817,4,1,23,31,5,6,6,2,33,36,1,1,0,0,0,0,2,0,1,0,34,36,1,1,1,0,0,0,2,0
050,49,021,Utah,Iron County,2000,8,1791,909,882,871,842,4,2,21,25,6,6,2,1,5,6,876,848,4,2,26,31,6,6,2,1,837,806,3,1,20,25,5,6,2,1,5,6,842,812,3,1,25,31,5,6,2,1,34,36,1,1,1,0,1,0,0,0,0,0,34,36,1,1,1,0,1,0,0,0
050,49,021,Utah,Iron County,2001,8,1760,896,864,852,824,4,2,24,25,7,6,4,2,5,5,857,829,4,2,29,30,7,6,4,2,816,785,3,1,21,25,6,6,3,2,5,5,821,790,3,1,26,30,6,6,3,2,36,39,1,1,3,0,1,0,1,0,0,0,36,39,1,1,3,0,1,0,1,0
050,49,021,Utah,Iron County,2002,8,1726,885,841,836,802,3,1,26,23,9,6,5,3,6,6,842,808,3,1,32,29,9,6,5,3,801,765,3,0,24,23,7,6,3,3,6,6,807,771,3,0,30,29,7,6,3,3,35,37,0,1,2,0,2,0,2,0,0,0,35,37,0,1,2,0,2,0,2,0
050,49,021,Utah,Iron County,2003,8,1645,834,811,783,772,3,0,26,24,9,8,7,2,6,5,789,777,3,0,32,29,9,8,7,2,736,733,3,0,23,24,6,8,2,2,6,5,742,738,3,0,29,29,6,8,2,2,47,39,0,0,3,0,3,0,5,0,0,0,47,39,0,0,3,0,3,0,5,0
050,49,021,Utah,Iron County,2004,8,1675,842,833,800,790,3,1,16,19,11,13,7,4,5,6,805,796,3,1,21,24,11,14,7,4,746,746,3,1,14,19,6,13,2,4,5,6,751,752,3,1,19,24,6,14,2,4,54,44,0,0,2,0,5,0,5,0,0,0,54,44,0,0,2,0,5,0,5,0
050,49,021,Utah,Iron County,2000c,9,1936,955,981,912,936,5,2,24,28,3,6,3,1,8,8,920,944,5,3,30,35,5,6,3,2,866,891,5,2,23,27,3,4,2,1,8,7,874,898,5,3,29,34,5,4,2,1,46,45,0,0,1,1,0,2,1,0,0,1,46,46,0,0,1,1,0,2,1,1
050,49,021,Utah,Iron County,2000a,9,1936,955,981,912,936,5,2,24,28,3,6,3,1,8,8,920,944,5,3,30,35,5,6,3,2,866,891,5,2,23,27,3,4,2,1,8,7,874,898,5,3,29,34,5,4,2,1,46,45,0,0,1,1,0,2,1,0,0,1,46,46,0,0,1,1,0,2,1,1
050,49,021,Utah,Iron County,2000,9,1940,958,982,917,940,5,2,24,28,5,6,2,1,5,5,922,945,5,2,29,33,5,6,2,1,871,894,5,2,23,27,4,5,1,0,5,5,876,899,5,2,28,32,4,5,1,0,46,46,0,0,1,1,1,1,1,1,0,0,46,46,0,0,1,1,1,1,1,1
050,49,021,Utah,Iron County,2001,9,1916,955,961,920,920,2,1,18,26,7,7,3,1,5,6,925,926,2,1,23,32,7,7,3,1,871,873,2,1,17,25,6,7,2,1,5,6,876,879,2,1,22,31,6,7,2,1,49,47,0,0,1,1,1,0,1,0,0,0,49,47,0,0,1,1,1,0,1,0
050,49,021,Utah,Iron County,2002,9,1877,933,944,900,903,2,2,13,26,8,7,4,1,6,5,906,908,2,2,18,31,9,7,4,1,855,857,1,2,12,26,7,7,3,1,6,5,861,862,1,2,17,31,8,7,3,1,45,46,1,0,1,0,1,0,1,0,0,0,45,46,1,0,1,0,1,0,1,0
050,49,021,Utah,Iron County,2003,9,1837,913,924,876,881,2,3,14,25,11,8,5,2,5,5,881,886,2,3,19,30,11,8,5,2,837,837,1,2,13,25,10,8,4,2,5,5,842,842,1,2,18,30,10,8,4,2,39,44,1,1,1,0,1,0,1,0,0,0,39,44,1,1,1,0,1,0,1,0
050,49,021,Utah,Iron County,2004,9,1794,889,905,842,860,4,2,17,27,13,8,8,3,5,5,847,865,4,2,22,32,13,8,8,3,812,814,3,1,16,27,12,8,5,3,5,5,817,819,3,1,21,32,12,8,5,3,30,46,1,1,1,0,1,0,3,0,0,0,30,46,1,1,1,0,1,0,3,0
050,49,021,Utah,Iron County,2000c,10,1816,912,904,894,870,4,3,5,20,4,6,4,0,1,5,895,874,4,3,5,24,5,7,4,1,874,843,4,2,5,19,3,6,3,0,1,5,875,847,4,2,5,23,4,7,3,1,20,27,0,1,0,1,1,0,1,0,0,0,20,27,0,1,0,1,1,0,1,0
050,49,021,Utah,Iron County,2000a,10,1816,912,904,894,870,4,3,5,20,4,6,4,0,1,5,895,874,4,3,5,24,5,7,4,1,874,843,4,2,5,19,3,6,3,0,1,5,875,847,4,2,5,23,4,7,3,1,20,27,0,1,0,1,1,0,1,0,0,0,20,27,0,1,0,1,1,0,1,0
050,49,021,Utah,Iron County,2000,10,1831,920,911,900,876,4,3,5,20,6,5,1,2,4,5,904,881,4,3,9,25,6,5,1,2,880,849,4,2,5,19,5,5,1,2,4,5,884,854,4,2,9,24,5,5,1,2,20,27,0,1,0,1,1,0,0,0,0,0,20,27,0,1,0,1,1,0,0,0
050,49,021,Utah,Iron County,2001,10,1823,909,914,881,883,6,4,10,17,6,4,1,1,5,5,886,888,6,4,15,22,6,4,1,1,858,856,6,3,10,17,4,3,1,1,5,5,863,861,6,3,15,22,4,3,1,1,23,27,0,1,0,0,2,1,0,0,0,0,23,27,0,1,0,0,2,1,0,0
050,49,021,Utah,Iron County,2002,10,1862,921,941,889,903,5,4,15,22,6,5,1,2,5,5,894,908,5,4,20,27,6,5,1,2,856,871,5,3,15,21,5,4,1,1,5,5,861,876,5,3,20,26,5,4,1,1,33,32,0,1,0,1,1,1,0,1,0,0,33,32,0,1,0,1,1,1,0,1
050,49,021,Utah,Iron County,2003,10,1869,910,959,881,924,5,2,16,22,3,6,0,0,5,5,886,929,5,2,21,27,3,6,0,0,841,885,5,1,16,21,3,4,0,0,5,5,846,890,5,1,21,26,3,4,0,0,40,39,0,1,0,1,0,2,0,0,0,0,40,39,0,1,0,1,0,2,0,0
050,49,021,Utah,Iron County,2004,10,1910,937,973,906,938,3,2,19,21,4,6,0,1,5,5,911,943,3,2,24,26,4,6,0,1,856,902,3,2,18,20,3,4,0,0,5,5,861,907,3,2,23,25,3,4,0,0,50,36,0,0,1,1,1,2,0,1,0,0,50,36,0,0,1,1,1,2,0,1
050,49,021,Utah,Iron County,2000c,11,1450,719,731,697,714,3,0,14,10,1,3,1,1,3,3,700,717,3,0,16,13,2,3,1,1,680,706,3,0,14,9,1,3,1,0,3,3,683,709,3,0,16,12,2,3,1,0,17,8,0,0,0,1,0,0,0,1,0,0,17,8,0,0,0,1,0,0,0,1
050,49,021,Utah,Iron County,2000a,11,1450,719,731,697,714,3,0,14,10,1,3,1,1,3,3,700,717,3,0,16,13,2,3,1,1,680,706,3,0,14,9,1,3,1,0,3,3,683,709,3,0,16,12,2,3,1,0,17,8,0,0,0,1,0,0,0,1,0,0,17,8,0,0,0,1,0,0,0,1
050,49,021,Utah,Iron County,2000,11,1472,731,741,707,722,3,0,14,10,2,4,0,0,5,5,712,727,3,0,19,15,2,4,0,0,690,714,3,0,14,9,2,3,0,0,5,5,695,719,3,0,19,14,2,3,0,0,17,8,0,0,0,1,0,1,0,0,0,0,17,8,0,0,0,1,0,1,0,0
050,49,021,Utah,Iron County,2001,11,1576,776,800,752,778,4,0,12,12,3,5,0,1,5,4,757,782,4,0,17,16,3,5,0,1,736,766,4,0,12,10,3,5,0,1,5,4,741,770,4,0,17,14,3,5,0,1,16,12,0,0,0,2,0,0,0,0,0,0,16,12,0,0,0,2,0,0,0,0
050,49,021,Utah,Iron County,2002,11,1585,795,790,771,764,4,0,11,15,4,5,0,1,5,5,776,769,4,0,16,20,4,5,0,1,754,750,4,0,11,13,4,4,0,1,5,5,759,755,4,0,16,18,4,4,0,1,17,14,0,0,0,2,0,1,0,0,0,0,17,14,0,0,0,2,0,1,0,0
050,49,021,Utah,Iron County,2003,11,1631,831,800,806,770,4,2,10,16,5,6,1,1,5,5,811,775,4,2,15,21,5,6,1,1,785,749,4,2,10,14,5,5,1,1,5,5,790,754,4,2,15,19,5,5,1,1,21,21,0,0,0,2,0,1,0,0,0,0,21,21,0,0,0,2,0,1,0,0
050,49,021,Utah,Iron County,2004,11,1687,866,821,842,791,6,3,8,16,4,5,1,1,5,5,847,796,6,3,13,21,4,5,1,1,821,768,6,2,8,15,4,5,1,1,5,5,826,773,6,2,13,20,4,5,1,1,21,23,0,1,0,1,0,0,0,0,0,0,21,23,0,1,0,1,0,0,0,0
050,49,021,Utah,Iron County,2000c,12,1199,572,627,563,612,1,1,4,10,2,1,0,0,2,3,565,615,1,1,6,13,2,1,0,0,553,607,0,1,3,9,2,1,0,0,2,3,555,610,0,1,5,12,2,1,0,0,10,5,1,0,1,1,0,0,0,0,0,0,10,5,1,0,1,1,0,0,0,0
050,49,021,Utah,Iron County,2000a,12,1199,572,627,563,612,1,1,4,10,2,1,0,0,2,3,565,615,1,1,6,13,2,1,0,0,553,607,0,1,3,9,2,1,0,0,2,3,555,610,0,1,5,12,2,1,0,0,10,5,1,0,1,1,0,0,0,0,0,0,10,5,1,0,1,1,0,0,0,0
050,49,021,Utah,Iron County,2000,12,1208,576,632,567,615,1,1,4,11,2,1,0,0,2,4,569,619,1,1,6,15,2,1,0,0,557,610,0,1,3,10,2,1,0,0,2,4,559,614,0,1,5,14,2,1,0,0,10,5,1,0,1,1,0,0,0,0,0,0,10,5,1,0,1,1,0,0,0,0
050,49,021,Utah,Iron County,2001,12,1224,591,633,580,611,1,1,6,14,2,2,0,0,2,5,582,616,1,1,8,19,2,2,0,0,565,605,0,1,5,11,2,2,0,0,2,5,567,610,0,1,7,16,2,2,0,0,15,6,1,0,1,3,0,0,0,0,0,0,15,6,1,0,1,3,0,0,0,0
050,49,021,Utah,Iron County,2002,12,1299,618,681,608,660,1,1,5,14,2,2,0,0,2,4,610,664,1,1,7,18,2,2,0,0,594,652,1,1,4,9,2,2,0,0,2,4,596,656,1,1,6,13,2,2,0,0,14,8,0,0,1,5,0,0,0,0,0,0,14,8,0,0,1,5,0,0,0,0
050,49,021,Utah,Iron County,2003,12,1305,621,684,610,660,1,1,5,16,2,2,0,0,3,5,613,665,1,1,8,21,2,2,0,0,594,652,1,1,5,10,2,2,0,0,3,4,597,656,1,1,8,14,2,2,0,0,16,8,0,0,0,6,0,0,0,0,0,1,16,9,0,0,0,7,0,0,0,0
050,49,021,Utah,Iron County,2004,12,1347,646,701,630,673,1,1,9,18,3,4,0,0,3,5,633,678,1,1,12,23,3,4,0,0,614,664,1,1,9,9,3,3,0,0,3,4,617,668,1,1,12,13,3,3,0,0,16,9,0,0,0,9,0,1,0,0,0,1,16,10,0,0,0,10,0,1,0,0
050,49,021,Utah,Iron County,2000c,13,967,487,480,476,465,3,0,4,10,2,1,0,2,2,2,477,467,3,0,6,12,3,1,0,2,463,457,2,0,4,10,2,1,0,2,2,2,464,459,2,0,6,12,3,1,0,2,13,8,1,0,0,0,0,0,0,0,0,0,13,8,1,0,0,0,0,0,0,0
050,49,021,Utah,Iron County,2000a,13,967,487,480,476,465,3,0,4,10,2,1,0,2,2,2,477,467,3,0,6,12,3,1,0,2,463,457,2,0,4,10,2,1,0,2,2,2,464,459,2,0,6,12,3,1,0,2,13,8,1,0,0,0,0,0,0,0,0,0,13,8,1,0,0,0,0,0,0,0
050,49,021,Utah,Iron County,2000,13,974,489,485,478,468,3,0,4,11,2,3,1,0,1,3,479,471,3,0,5,14,2,3,1,0,465,460,2,0,4,11,2,3,1,0,1,3,466,463,2,0,5,14,2,3,1,0,13,8,1,0,0,0,0,0,0,0,0,0,13,8,1,0,0,0,0,0,0,0
050,49,021,Utah,Iron County,2001,13,969,489,480,479,468,2,0,5,8,1,3,1,0,1,1,480,469,2,0,6,9,1,3,1,0,470,462,2,0,5,8,1,3,1,0,1,1,471,463,2,0,6,9,1,3,1,0,9,6,0,0,0,0,0,0,0,0,0,0,9,6,0,0,0,0,0,0,0,0
050,49,021,Utah,Iron County,2002,13,1002,515,487,497,471,4,0,7,9,1,3,1,0,5,4,502,475,5,0,11,13,1,3,1,0,487,466,2,0,7,9,1,3,1,0,4,4,491,470,2,0,11,13,1,3,1,0,10,5,2,0,0,0,0,0,0,0,1,0,11,5,3,0,0,0,0,0,0,0
050,49,021,Utah,Iron County,2003,13,1047,530,517,517,508,2,0,6,5,2,2,0,0,3,2,520,510,2,0,9,7,2,2,0,0,508,504,1,0,5,5,2,2,0,0,3,2,511,506,1,0,8,7,2,2,0,0,9,4,1,0,1,0,0,0,0,0,0,0,9,4,1,0,1,0,0,0,0,0
050,49,021,Utah,Iron County,2004,13,1091,525,566,512,554,2,0,5,7,2,2,0,0,4,3,516,557,3,0,8,10,2,2,0,0,504,551,0,0,4,6,2,2,0,0,3,3,507,554,0,0,7,9,2,2,0,0,8,3,2,0,1,1,0,0,0,0,1,0,9,3,3,0,1,1,0,0,0,0
050,49,021,Utah,Iron County,2000c,14,888,441,447,429,431,0,0,5,6,3,4,0,2,4,4,433,434,0,1,8,8,4,6,1,2,422,425,0,0,5,6,3,4,0,2,4,4,426,428,0,1,8,8,4,6,1,2,7,6,0,0,0,0,0,0,0,0,0,0,7,6,0,0,0,0,0,0,0,0
050,49,021,Utah,Iron County,2000a,14,888,441,447,429,431,0,0,5,6,3,4,0,2,4,4,433,434,0,1,8,8,4,6,1,2,422,425,0,0,5,6,3,4,0,2,4,4,426,428,0,1,8,8,4,6,1,2,7,6,0,0,0,0,0,0,0,0,0,0,7,6,0,0,0,0,0,0,0,0
050,49,021,Utah,Iron County,2000,14,887,441,446,430,433,0,0,6,6,3,6,1,1,1,0,431,433,0,0,7,6,3,6,1,1,423,427,0,0,6,6,3,6,1,1,1,0,424,427,0,0,7,6,3,6,1,1,7,6,0,0,0,0,0,0,0,0,0,0,7,6,0,0,0,0,0,0,0,0
050,49,021,Utah,Iron County,2001,14,924,460,464,450,446,0,0,5,8,4,6,0,2,1,2,451,448,0,0,6,10,4,6,0,2,438,440,0,0,5,8,4,6,0,2,1,2,439,442,0,0,6,10,4,6,0,2,12,6,0,0,0,0,0,0,0,0,0,0,12,6,0,0,0,0,0,0,0,0
050,49,021,Utah,Iron County,2002,14,941,454,487,448,470,0,1,3,7,3,6,0,1,0,2,448,472,0,1,3,9,3,6,0,1,437,464,0,1,3,7,3,6,0,1,0,2,437,466,0,1,3,9,3,6,0,1,11,6,0,0,0,0,0,0,0,0,0,0,11,6,0,0,0,0,0,0,0,0
050,49,021,Utah,Iron County,2003,14,964,456,508,448,488,1,1,4,11,2,5,0,2,1,1,449,489,1,1,5,12,2,5,0,2,436,481,1,1,4,11,2,5,0,2,1,1,437,482,1,1,5,12,2,5,0,2,12,7,0,0,0,0,0,0,0,0,0,0,12,7,0,0,0,0,0,0,0,0
050,49,021,Utah,Iron County,2004,14,1029,501,528,492,511,2,1,4,11,1,3,0,0,2,2,494,513,2,1,6,13,1,3,0,0,477,499,2,1,4,11,1,3,0,0,2,2,479,501,2,1,6,13,1,3,0,0,15,12,0,0,0,0,0,0,0,0,0,0,15,12,0,0,0,0,0,0,0,0
050,49,021,Utah,Iron County,2000c,15,746,349,397,347,394,1,0,1,0,0,2,0,0,0,1,347,395,1,0,1,1,0,2,0,0,343,391,1,0,1,0,0,2,0,0,0,1,343,392,1,0,1,1,0,2,0,0,4,3,0,0,0,0,0,0,0,0,0,0,4,3,0,0,0,0,0,0,0,0
050,49,021,Utah,Iron County,2000a,15,746,349,397,347,394,1,0,1,0,0,2,0,0,0,1,347,395,1,0,1,1,0,2,0,0,343,391,1,0,1,0,0,2,0,0,0,1,343,392,1,0,1,1,0,2,0,0,4,3,0,0,0,0,0,0,0,0,0,0,4,3,0,0,0,0,0,0,0,0
050,49,021,Utah,Iron County,2000,15,753,355,398,353,396,1,0,1,0,0,2,0,0,0,0,353,396,1,0,1,0,0,2,0,0,349,393,1,0,1,0,0,2,0,0,0,0,349,393,1,0,1,0,0,2,0,0,4,3,0,0,0,0,0,0,0,0,0,0,4,3,0,0,0,0,0,0,0,0
050,49,021,Utah,Iron County,2001,15,764,375,389,373,387,1,0,1,1,0,1,0,0,0,0,373,387,1,0,1,1,0,1,0,0,370,383,1,0,1,1,0,1,0,0,0,0,370,383,1,0,1,1,0,1,0,0,3,4,0,0,0,0,0,0,0,0,0,0,3,4,0,0,0,0,0,0,0,0
050,49,021,Utah,Iron County,2002,15,808,397,411,390,405,1,0,3,3,2,2,0,0,1,1,391,406,1,0,4,4,2,2,0,0,385,400,1,0,3,3,2,2,0,0,1,1,386,401,1,0,4,4,2,2,0,0,5,5,0,0,0,0,0,0,0,0,0,0,5,5,0,0,0,0,0,0,0,0
050,49,021,Utah,Iron County,2003,15,860,418,442,410,432,0,0,4,4,2,4,0,0,2,2,412,434,0,0,6,6,2,4,0,0,402,428,0,0,4,4,2,4,0,0,2,2,404,430,0,0,6,6,2,4,0,0,8,4,0,0,0,0,0,0,0,0,0,0,8,4,0,0,0,0,0,0,0,0
050,49,021,Utah,Iron County,2004,15,883,435,448,422,435,0,0,6,6,4,7,1,0,2,0,424,435,0,0,8,6,4,7,1,0,413,431,0,0,6,6,4,7,1,0,2,0,415,431,0,0,8,6,4,7,1,0,9,4,0,0,0,0,0,0,0,0,0,0,9,4,0,0,0,0,0,0,0,0
050,49,021,Utah,Iron County,2000c,16,552,259,293,255,291,0,0,1,0,0,0,1,0,2,2,257,293,0,0,1,1,2,1,1,0,251,290,0,0,1,0,0,0,1,0,2,2,253,292,0,0,1,1,2,1,1,0,4,1,0,0,0,0,0,0,0,0,0,0,4,1,0,0,0,0,0,0,0,0
050,49,021,Utah,Iron County,2000a,16,552,259,293,255,291,0,0,1,0,0,0,1,0,2,2,257,293,0,0,1,1,2,1,1,0,251,290,0,0,1,0,0,0,1,0,2,2,253,292,0,0,1,1,2,1,1,0,4,1,0,0,0,0,0,0,0,0,0,0,4,1,0,0,0,0,0,0,0,0
050,49,021,Utah,Iron County,2000,16,553,259,294,256,293,0,0,1,0,2,1,0,0,0,0,256,293,0,0,1,0,2,1,0,0,252,292,0,0,1,0,2,1,0,0,0,0,252,292,0,0,1,0,2,1,0,0,4,1,0,0,0,0,0,0,0,0,0,0,4,1,0,0,0,0,0,0,0,0
050,49,021,Utah,Iron County,2001,16,576,267,309,264,306,0,0,1,0,2,2,0,0,0,1,264,307,0,0,1,1,2,2,0,0,259,304,0,0,1,0,2,2,0,0,0,1,259,305,0,0,1,1,2,2,0,0,5,2,0,0,0,0,0,0,0,0,0,0,5,2,0,0,0,0,0,0,0,0
050,49,021,Utah,Iron County,2002,16,593,270,323,268,322,0,0,1,0,1,1,0,0,0,0,268,322,0,0,1,0,1,1,0,0,264,319,0,0,1,0,1,1,0,0,0,0,264,319,0,0,1,0,1,1,0,0,4,3,0,0,0,0,0,0,0,0,0,0,4,3,0,0,0,0,0,0,0,0
050,49,021,Utah,Iron County,2003,16,645,313,332,309,329,1,0,2,1,1,2,0,0,0,0,309,329,1,0,2,1,1,2,0,0,304,325,1,0,2,1,1,2,0,0,0,0,304,325,1,0,2,1,1,2,0,0,5,4,0,0,0,0,0,0,0,0,0,0,5,4,0,0,0,0,0,0,0,0
050,49,021,Utah,Iron County,2004,16,674,307,367,305,365,1,0,1,1,0,1,0,0,0,0,305,365,1,0,1,1,0,1,0,0,299,362,1,0,1,1,0,1,0,0,0,0,299,362,1,0,1,1,0,1,0,0,6,3,0,0,0,0,0,0,0,0,0,0,6,3,0,0,0,0,0,0,0,0
050,49,021,Utah,Iron County,2000c,17,389,164,225,163,224,0,0,1,1,0,0,0,0,0,0,163,224,0,0,1,1,0,0,0,0,162,224,0,0,1,1,0,0,0,0,0,0,162,224,0,0,1,1,0,0,0,0,1,0,0,0,0,0,0,0,0,0,0,0,1,0,0,0,0,0,0,0,0,0
050,49,021,Utah,Iron County,2000a,17,389,164,225,163,224,0,0,1,1,0,0,0,0,0,0,163,224,0,0,1,1,0,0,0,0,162,224,0,0,1,1,0,0,0,0,0,0,162,224,0,0,1,1,0,0,0,0,1,0,0,0,0,0,0,0,0,0,0,0,1,0,0,0,0,0,0,0,0,0
050,49,021,Utah,Iron County,2000,17,393,166,227,165,226,0,0,1,1,0,0,0,0,0,0,165,226,0,0,1,1,0,0,0,0,164,226,0,0,1,1,0,0,0,0,0,0,164,226,0,0,1,1,0,0,0,0,1,0,0,0,0,0,0,0,0,0,0,0,1,0,0,0,0,0,0,0,0,0
050,49,021,Utah,Iron County,2001,17,398,161,237,160,236,0,0,1,1,0,0,0,0,0,0,160,236,0,0,1,1,0,0,0,0,159,236,0,0,1,1,0,0,0,0,0,0,159,236,0,0,1,1,0,0,0,0,1,0,0,0,0,0,0,0,0,0,0,0,1,0,0,0,0,0,0,0,0,0
050,49,021,Utah,Iron County,2002,17,404,165,239,163,238,0,0,1,1,1,0,0,0,0,0,163,238,0,0,1,1,1,0,0,0,160,238,0,0,1,1,1,0,0,0,0,0,160,238,0,0,1,1,1,0,0,0,3,0,0,0,0,0,0,0,0,0,0,0,3,0,0,0,0,0,0,0,0,0
050,49,021,Utah,Iron County,2003,17,405,155,250,153,248,0,0,1,2,1,0,0,0,0,0,153,248,0,0,1,2,1,0,0,0,150,248,0,0,1,2,1,0,0,0,0,0,150,248,0,0,1,2,1,0,0,0,3,0,0,0,0,0,0,0,0,0,0,0,3,0,0,0,0,0,0,0,0,0
050,49,021,Utah,Iron County,2004,17,444,190,254,186,253,0,0,2,1,2,0,0,0,0,0,186,253,0,0,2,1,2,0,0,0,183,252,0,0,2,1,2,0,0,0,0,0,183,252,0,0,2,1,2,0,0,0,3,1,0,0,0,0,0,0,0,0,0,0,3,1,0,0,0,0,0,0,0,0
050,49,021,Utah,Iron County,2000c,18,316,103,213,103,210,0,0,0,1,0,1,0,0,0,1,103,211,0,0,0,2,0,1,0,0,102,208,0,0,0,1,0,1,0,0,0,1,102,209,0,0,0,2,0,1,0,0,1,2,0,0,0,0,0,0,0,0,0,0,1,2,0,0,0,0,0,0,0,0
050,49,021,Utah,Iron County,2000a,18,316,103,213,103,210,0,0,0,1,0,1,0,0,0,1,103,211,0,0,0,2,0,1,0,0,102,208,0,0,0,1,0,1,0,0,0,1,102,209,0,0,0,2,0,1,0,0,1,2,0,0,0,0,0,0,0,0,0,0,1,2,0,0,0,0,0,0,0,0
050,49,021,Utah,Iron County,2000,18,319,105,214,105,212,0,0,0,1,0,1,0,0,0,0,105,212,0,0,0,1,0,1,0,0,104,210,0,0,0,1,0,1,0,0,0,0,104,210,0,0,0,1,0,1,0,0,1,2,0,0,0,0,0,0,0,0,0,0,1,2,0,0,0,0,0,0,0,0
050,49,021,Utah,Iron County,2001,18,332,117,215,117,213,0,0,0,1,0,1,0,0,0,0,117,213,0,0,0,1,0,1,0,0,117,212,0,0,0,1,0,1,0,0,0,0,117,212,0,0,0,1,0,1,0,0,0,1,0,0,0,0,0,0,0,0,0,0,0,1,0,0,0,0,0,0,0,0
050,49,021,Utah,Iron County,2002,18,347,125,222,125,220,0,0,0,1,0,1,0,0,0,0,125,220,0,0,0,1,0,1,0,0,125,219,0,0,0,1,0,1,0,0,0,0,125,219,0,0,0,1,0,1,0,0,0,1,0,0,0,0,0,0,0,0,0,0,0,1,0,0,0,0,0,0,0,0
050,49,021,Utah,Iron County,2003,18,367,136,231,136,228,0,0,0,2,0,1,0,0,0,0,136,228,0,0,0,2,0,1,0,0,136,226,0,0,0,2,0,1,0,0,0,0,136,226,0,0,0,2,0,1,0,0,0,2,0,0,0,0,0,0,0,0,0,0,0,2,0,0,0,0,0,0,0,0
050,49,021,Utah,Iron County,2004,18,365,139,226,139,222,0,0,0,2,0,1,0,0,0,1,139,223,0,0,0,3,0,1,0,0,138,220,0,0,0,2,0,1,0,0,0,1,138,221,0,0,0,3,0,1,0,0,1,2,0,0,0,0,0,0,0,0,0,0,1,2,0,0,0,0,0,0,0,0
050,49,023,Utah,Juab County,2000c,0,8238,4126,4112,4043,4008,8,4,42,54,10,18,3,5,20,23,4060,4030,10,7,54,69,13,21,9,9,3934,3926,6,3,34,46,10,17,2,1,20,22,3951,3947,8,6,46,60,13,20,8,5,109,82,2,1,8,8,0,1,1,4,0,1,109,83,2,1,8,9,0,1,1,4
050,49,023,Utah,Juab County,2000a,0,8238,4126,4112,4043,4008,8,4,42,54,10,18,3,5,20,23,4060,4030,10,7,54,69,13,21,9,9,3934,3926,6,3,34,46,10,17,2,1,20,22,3951,3947,8,6,46,60,13,20,8,5,109,82,2,1,8,8,0,1,1,4,0,1,109,83,2,1,8,9,0,1,1,4
050,49,023,Utah,Juab County,2000,0,8283,4151,4132,4081,4045,8,5,47,58,12,17,1,2,2,5,4083,4050,8,5,48,60,12,17,2,5,3972,3962,6,4,39,50,11,15,1,1,2,5,3974,3967,6,4,40,52,11,15,2,4,109,83,2,1,8,8,1,2,0,1,0,0,109,83,2,1,8,8,1,2,0,1
050,49,023,Utah,Juab County,2001,0,8471,4264,4207,4193,4119,7,4,47,59,13,18,1,2,3,5,4196,4124,7,4,49,63,13,18,2,3,4082,4032,6,3,39,51,12,15,1,1,3,5,4085,4037,6,3,41,55,12,15,2,2,111,87,1,1,8,8,1,3,0,1,0,0,111,87,1,1,8,8,1,3,0,1
050,49,023,Utah,Juab County,2002,0,8640,4345,4295,4277,4205,8,4,45,63,13,19,1,1,1,3,4278,4208,8,4,46,64,13,19,1,3,4171,4118,7,3,37,54,12,16,1,0,1,3,4172,4121,7,3,38,55,12,16,1,2,106,87,1,1,8,9,1,3,0,1,0,0,106,87,1,1,8,9,1,3,0,1
050,49,023,Utah,Juab County,2003,0,8783,4411,4372,4335,4276,8,4,47,63,15,23,1,3,5,3,4340,4279,9,4,50,65,15,23,2,4,4239,4188,7,3,39,54,14,20,1,2,5,3,4244,4191,8,3,42,56,14,20,2,3,96,88,1,1,8,9,1,3,0,1,0,0,96,88,1,1,8,9,1,3,0,1
050,49,023,Utah,Juab County,2004,0,9009,4522,4487,4447,4388,9,5,46,57,18,29,0,4,2,4,4449,4392,9,5,47,58,18,29,1,7,4357,4301,8,4,38,50,17,26,0,3,2,3,4359,4304,8,4,39,50,17,26,1,6,90,87,1,1,8,7,1,3,0,1,0,1,90,88,1,1,8,8,1,3,0,1
050,49,023,Utah,Juab County,2000c,1,920,471,449,460,438,4,0,5,4,0,4,0,1,2,2,462,440,4,1,5,4,0,4,2,2,438,431,3,0,4,4,0,3,0,0,2,2,440,433,3,1,4,4,0,3,2,1,22,7,1,0,1,0,0,1,0,1,0,0,22,7,1,0,1,0,0,1,0,1
050,49,023,Utah,Juab County,2000a,1,920,471,449,460,438,4,0,5,4,0,4,0,1,2,2,462,440,4,1,5,4,0,4,2,2,438,431,3,0,4,4,0,3,0,0,2,2,440,433,3,1,4,4,0,3,2,1,22,7,1,0,1,0,0,1,0,1,0,0,22,7,1,0,1,0,0,1,0,1
050,49,023,Utah,Juab County,2000,1,928,477,451,467,442,4,0,5,4,0,3,0,1,1,1,468,443,4,0,5,4,0,3,1,2,445,435,3,0,4,4,0,2,0,0,1,1,446,436,3,0,4,4,0,2,1,1,22,7,1,0,1,0,0,1,0,1,0,0,22,7,1,0,1,0,0,1,0,1
050,49,023,Utah,Juab County,2001,1,934,472,462,463,455,3,0,3,3,1,2,0,1,2,1,465,456,3,0,4,3,1,2,1,2,443,449,2,0,3,3,1,1,0,0,2,1,445,450,2,0,4,3,1,1,1,1,20,6,1,0,0,0,0,1,0,1,0,0,20,6,1,0,0,0,0,1,0,1
050,49,023,Utah,Juab County,2002,1,936,479,457,472,452,3,0,2,2,2,2,0,0,0,1,472,453,3,0,2,2,2,2,0,1,455,443,2,0,2,2,2,2,0,0,0,1,455,444,2,0,2,2,2,2,0,1,17,9,1,0,0,0,0,0,0,0,0,0,17,9,1,0,0,0,0,0,0,0
050,49,023,Utah,Juab County,2003,1,921,482,439,474,432,2,0,2,2,3,3,0,1,1,1,475,433,3,0,2,2,3,3,0,2,464,423,1,0,2,2,3,3,0,1,1,1,465,424,2,0,2,2,3,3,0,2,10,9,1,0,0,0,0,0,0,0,0,0,10,9,1,0,0,0,0,0,0,0
050,49,023,Utah,Juab County,2004,1,866,462,404,455,397,2,0,2,1,3,4,0,1,0,1,455,398,2,0,2,1,3,4,0,2,452,384,1,0,2,1,3,4,0,1,0,1,452,385,1,0,2,1,3,4,0,2,3,13,1,0,0,0,0,0,0,0,0,0,3,13,1,0,0,0,0,0,0,0
050,49,023,Utah,Juab County,2000c,2,884,446,438,438,422,1,3,3,7,1,1,0,2,3,3,440,425,2,3,5,9,2,1,0,3,427,411,1,3,2,6,1,1,0,0,3,3,429,414,2,3,4,8,2,1,0,1,11,11,0,0,1,1,0,0,0,2,0,0,11,11,0,0,1,1,0,0,0,2
050,49,023,Utah,Juab County,2000a,2,884,446,438,438,422,1,3,3,7,1,1,0,2,3,3,440,425,2,3,5,9,2,1,0,3,427,411,1,3,2,6,1,1,0,0,3,3,429,414,2,3,4,8,2,1,0,1,11,11,0,0,1,1,0,0,0,2,0,0,11,11,0,0,1,1,0,0,0,2
050,49,023,Utah,Juab County,2000,2,877,443,434,439,421,1,3,3,7,0,1,0,0,0,2,439,423,1,3,3,9,0,1,0,0,428,410,1,3,2,6,0,0,0,0,0,2,428,412,1,3,2,8,0,0,0,0,11,11,0,0,1,1,0,1,0,0,0,0,11,11,0,0,1,1,0,1,0,0
050,49,023,Utah,Juab County,2001,2,895,458,437,451,422,1,2,5,9,1,1,0,0,0,3,451,425,1,2,5,12,1,1,0,0,440,412,1,2,3,8,1,1,0,0,0,3,440,415,1,2,3,11,1,1,0,0,11,10,0,0,2,1,0,0,0,0,0,0,11,10,0,0,2,1,0,0,0,0
050,49,023,Utah,Juab County,2002,2,899,466,433,459,419,2,2,5,8,0,2,0,1,0,1,459,420,2,2,5,9,0,2,0,1,444,410,2,2,4,7,0,1,0,0,0,1,444,411,2,2,4,8,0,1,0,0,15,9,0,0,1,1,0,1,0,1,0,0,15,9,0,0,1,1,0,1,0,1
050,49,023,Utah,Juab County,2003,2,903,460,443,453,432,3,2,4,5,0,2,0,1,0,1,453,433,3,2,4,6,0,2,0,1,438,423,3,2,3,4,0,1,0,0,0,1,438,424,3,2,3,5,0,1,0,0,15,9,0,0,1,1,0,1,0,1,0,0,15,9,0,0,1,1,0,1,0,1
050,49,023,Utah,Juab County,2004,2,930,471,459,464,449,3,1,3,6,1,2,0,1,0,0,464,449,3,1,3,6,1,2,0,1,446,439,3,1,2,5,1,1,0,0,0,0,446,439,3,1,2,5,1,1,0,0,18,10,0,0,1,1,0,1,0,1,0,0,18,10,0,0,1,1,0,1,0,1
050,49,023,Utah,Juab County,2000c,3,825,450,375,438,361,0,0,5,12,4,1,1,0,2,1,440,362,0,0,7,13,4,1,1,0,426,353,0,0,5,10,4,1,0,0,2,0,428,353,0,0,7,10,4,1,0,0,12,8,0,0,0,2,0,0,1,0,0,1,12,9,0,0,0,3,0,0,1,0
050,49,023,Utah,Juab County,2000a,3,825,450,375,438,361,0,0,5,12,4,1,1,0,2,1,440,362,0,0,7,13,4,1,1,0,426,353,0,0,5,10,4,1,0,0,2,0,428,353,0,0,7,10,4,1,0,0,12,8,0,0,0,2,0,0,1,0,0,1,12,9,0,0,0,3,0,0,1,0
050,49,023,Utah,Juab County,2000,3,826,451,375,440,362,0,0,6,12,4,1,1,0,0,0,440,362,0,0,6,12,4,1,1,0,428,353,0,0,6,10,3,1,1,0,0,0,428,353,0,0,6,10,3,1,1,0,12,9,0,0,0,2,1,0,0,0,0,0,12,9,0,0,0,2,1,0,0,0
050,49,023,Utah,Juab County,2001,3,852,459,393,448,378,1,1,6,11,3,2,0,0,1,1,449,379,1,1,7,12,3,2,0,0,436,366,1,1,6,9,2,1,0,0,1,1,437,367,1,1,7,10,2,1,0,0,12,12,0,0,0,2,1,1,0,0,0,0,12,12,0,0,0,2,1,1,0,0
050,49,023,Utah,Juab County,2002,3,899,478,421,466,407,1,1,7,12,3,1,0,0,1,0,467,407,1,1,8,12,3,1,0,0,456,396,1,1,6,9,2,0,0,0,1,0,457,396,1,1,7,9,2,0,0,0,10,11,0,0,1,3,1,1,0,0,0,0,10,11,0,0,1,3,1,1,0,0
050,49,023,Utah,Juab County,2003,3,895,481,414,466,399,1,1,9,11,3,2,0,0,2,1,468,400,1,1,11,12,3,2,0,0,450,388,1,1,8,9,2,1,0,0,2,1,452,389,1,1,10,10,2,1,0,0,16,11,0,0,1,2,1,1,0,0,0,0,16,11,0,0,1,2,1,1,0,0
050,49,023,Utah,Juab County,2004,3,902,478,424,470,414,1,2,5,6,2,2,0,0,0,0,470,414,1,2,5,6,2,2,0,0,460,404,1,2,4,6,2,1,0,0,0,0,460,404,1,2,4,6,2,1,0,0,10,10,0,0,1,0,0,1,0,0,0,0,10,10,0,0,1,0,0,1,0,0
050,49,023,Utah,Juab County,2000c,4,806,402,404,391,391,1,0,6,5,1,5,0,1,3,2,393,393,2,1,8,6,1,5,1,1,383,380,1,0,5,3,1,5,0,1,3,2,385,382,2,1,7,4,1,5,1,1,8,11,0,0,1,2,0,0,0,0,0,0,8,11,0,0,1,2,0,0,0,0
050,49,023,Utah,Juab County,2000a,4,806,402,404,391,391,1,0,6,5,1,5,0,1,3,2,393,393,2,1,8,6,1,5,1,1,383,380,1,0,5,3,1,5,0,1,3,2,385,382,2,1,7,4,1,5,1,1,8,11,0,0,1,2,0,0,0,0,0,0,8,11,0,0,1,2,0,0,0,0
050,49,023,Utah,Juab County,2000,4,808,402,406,393,393,1,1,6,5,1,4,0,1,1,2,394,395,1,1,7,5,1,4,0,3,385,382,1,1,5,3,1,4,0,1,1,2,386,384,1,1,6,3,1,4,0,3,8,11,0,0,1,2,0,0,0,0,0,0,8,11,0,0,1,2,0,0,0,0
050,49,023,Utah,Juab County,2001,4,840,442,398,432,388,1,0,7,6,1,3,1,1,0,0,432,388,1,0,7,6,1,3,1,1,423,376,1,0,6,4,1,3,1,1,0,0,423,376,1,0,6,4,1,3,1,1,9,12,0,0,1,2,0,0,0,0,0,0,9,12,0,0,1,2,0,0,0,0
050,49,023,Utah,Juab County,2002,4,823,420,403,412,393,1,0,5,8,1,2,1,0,0,0,412,393,1,0,5,8,1,2,1,0,403,380,1,0,4,6,1,2,1,0,0,0,403,380,1,0,4,6,1,2,1,0,9,13,0,0,1,2,0,0,0,0,0,0,9,13,0,0,1,2,0,0,0,0
050,49,023,Utah,Juab County,2003,4,795,414,381,404,369,1,0,5,10,2,2,1,0,1,0,405,369,1,0,5,10,2,2,2,0,396,361,1,0,4,7,2,2,1,0,1,0,397,361,1,0,4,7,2,2,2,0,8,8,0,0,1,3,0,0,0,0,0,0,8,8,0,0,1,3,0,0,0,0
050,49,023,Utah,Juab County,2004,4,785,414,371,404,357,0,0,5,12,3,1,0,0,2,1,406,358,0,0,6,13,3,1,1,0,390,348,0,0,5,9,2,1,0,0,2,0,392,348,0,0,6,9,2,1,1,0,14,9,0,0,0,3,1,0,0,0,0,1,14,10,0,0,0,4,1,0,0,0
050,49,023,Utah,Juab County,2000c,5,520,246,274,243,270,1,0,2,2,0,0,0,0,0,2,243,272,1,0,2,3,0,1,0,0,234,265,0,0,2,2,0,0,0,0,0,2,234,267,0,0,2,3,0,1,0,0,9,5,1,0,0,0,0,0,0,0,0,0,9,5,1,0,0,0,0,0,0,0
050,49,023,Utah,Juab County,2000a,5,520,246,274,243,270,1,0,2,2,0,0,0,0,0,2,243,272,1,0,2,3,0,1,0,0,234,265,0,0,2,2,0,0,0,0,0,2,234,267,0,0,2,3,0,1,0,0,9,5,1,0,0,0,0,0,0,0,0,0,9,5,1,0,0,0,0,0,0,0
050,49,023,Utah,Juab County,2000,5,532,252,280,249,278,1,0,2,2,0,0,0,0,0,0,249,278,1,0,2,2,0,0,0,0,240,273,0,0,2,2,0,0,0,0,0,0,240,273,0,0,2,2,0,0,0,0,9,5,1,0,0,0,0,0,0,0,0,0,9,5,1,0,0,0,0,0,0,0
050,49,023,Utah,Juab County,2001,5,588,273,315,271,311,0,0,2,3,0,1,0,0,0,0,271,311,0,0,2,3,0,1,0,0,261,304,0,0,2,3,0,1,0,0,0,0,261,304,0,0,2,3,0,1,0,0,10,7,0,0,0,0,0,0,0,0,0,0,10,7,0,0,0,0,0,0,0,0
050,49,023,Utah,Juab County,2002,5,648,313,335,310,328,0,0,3,3,0,3,0,0,0,1,310,329,0,0,3,3,0,3,0,1,302,323,0,0,3,3,0,3,0,0,0,1,302,324,0,0,3,3,0,3,0,1,8,5,0,0,0,0,0,0,0,0,0,0,8,5,0,0,0,0,0,0,0,0
050,49,023,Utah,Juab County,2003,5,745,349,396,345,387,0,0,3,4,0,4,0,1,1,0,346,387,0,0,4,4,0,4,0,1,341,378,0,0,3,4,0,4,0,1,1,0,342,378,0,0,4,4,0,4,0,1,4,9,0,0,0,0,0,0,0,0,0,0,4,9,0,0,0,0,0,0,0,0
050,49,023,Utah,Juab County,2004,5,854,415,439,406,422,2,1,6,4,1,8,0,2,0,2,406,424,2,1,6,4,1,8,0,4,402,416,2,1,5,4,1,8,0,2,0,2,402,418,2,1,5,4,1,8,0,4,4,6,0,0,1,0,0,0,0,0,0,0,4,6,0,0,1,0,0,0,0,0
050,49,023,Utah,Juab County,2000c,6,564,269,295,265,289,0,0,3,4,0,1,0,0,1,1,266,289,0,0,3,4,1,2,0,1,255,283,0,0,3,4,0,1,0,0,1,1,256,283,0,0,3,4,1,2,0,1,10,6,0,0,0,0,0,0,0,0,0,0,10,6,0,0,0,0,0,0,0,0
050,49,023,Utah,Juab County,2000a,6,564,269,295,265,289,0,0,3,4,0,1,0,0,1,1,266,289,0,0,3,4,1,2,0,1,255,283,0,0,3,4,0,1,0,0,1,1,256,283,0,0,3,4,1,2,0,1,10,6,0,0,0,0,0,0,0,0,0,0,10,6,0,0,0,0,0,0,0,0
050,49,023,Utah,Juab County,2000,6,573,274,299,271,293,0,0,3,4,0,2,0,0,0,0,271,293,0,0,3,4,0,2,0,0,261,287,0,0,3,4,0,2,0,0,0,0,261,287,0,0,3,4,0,2,0,0,10,6,0,0,0,0,0,0,0,0,0,0,10,6,0,0,0,0,0,0,0,0
050,49,023,Utah,Juab County,2001,6,579,287,292,284,286,0,0,3,4,0,2,0,0,0,0,284,286,0,0,3,4,0,2,0,0,273,280,0,0,3,4,0,2,0,0,0,0,273,280,0,0,3,4,0,2,0,0,11,6,0,0,0,0,0,0,0,0,0,0,11,6,0,0,0,0,0,0,0,0
050,49,023,Utah,Juab County,2002,6,563,269,294,266,289,0,0,3,3,0,2,0,0,0,0,266,289,0,0,3,3,0,2,0,0,258,284,0,0,3,3,0,2,0,0,0,0,258,284,0,0,3,3,0,2,0,0,8,5,0,0,0,0,0,0,0,0,0,0,8,5,0,0,0,0,0,0,0,0
050,49,023,Utah,Juab County,2003,6,608,294,314,291,311,0,0,3,3,0,0,0,0,0,0,291,311,0,0,3,3,0,0,0,0,287,305,0,0,3,3,0,0,0,0,0,0,287,305,0,0,3,3,0,0,0,0,4,6,0,0,0,0,0,0,0,0,0,0,4,6,0,0,0,0,0,0,0,0
050,49,023,Utah,Juab County,2004,6,657,314,343,312,338,0,0,2,3,0,2,0,0,0,0,312,338,0,0,2,3,0,2,0,0,310,335,0,0,2,3,0,2,0,0,0,0,310,335,0,0,2,3,0,2,0,0,2,3,0,0,0,0,0,0,0,0,0,0,2,3,0,0,0,0,0,0,0,0
050,49,023,Utah,Juab County,2000c,7,515,263,252,258,245,0,0,3,3,1,1,0,1,1,2,258,247,0,0,3,5,2,1,1,1,248,240,0,0,2,2,1,1,0,0,1,2,248,242,0,0,2,4,2,1,1,0,10,5,0,0,1,1,0,0,0,1,0,0,10,5,0,0,1,1,0,0,0,1
050,49,023,Utah,Juab County,2000a,7,515,263,252,258,245,0,0,3,3,1,1,0,1,1,2,258,247,0,0,3,5,2,1,1,1,248,240,0,0,2,2,1,1,0,0,1,2,248,242,0,0,2,4,2,1,1,0,10,5,0,0,1,1,0,0,0,1,0,0,10,5,0,0,1,1,0,0,0,1
050,49,023,Utah,Juab County,2000,7,518,265,253,260,248,0,0,3,4,2,1,0,0,0,0,260,248,0,0,3,4,2,1,0,0,250,243,0,0,2,3,2,1,0,0,0,0,250,243,0,0,2,3,2,1,0,0,10,5,0,0,1,1,0,0,0,0,0,0,10,5,0,0,1,1,0,0,0,0
050,49,023,Utah,Juab County,2001,7,548,275,273,270,267,0,0,3,4,2,2,0,0,0,0,270,267,0,0,3,4,2,2,0,0,262,263,0,0,2,3,2,1,0,0,0,0,262,263,0,0,2,3,2,1,0,0,8,4,0,0,1,1,0,1,0,0,0,0,8,4,0,0,1,1,0,1,0,0
050,49,023,Utah,Juab County,2002,7,566,285,281,282,275,0,0,2,4,1,2,0,0,0,0,282,275,0,0,2,4,1,2,0,0,274,270,0,0,1,4,1,1,0,0,0,0,274,270,0,0,1,4,1,1,0,0,8,5,0,0,1,0,0,1,0,0,0,0,8,5,0,0,1,0,0,1,0,0
050,49,023,Utah,Juab County,2003,7,551,265,286,263,279,0,0,1,3,1,4,0,0,0,0,263,279,0,0,1,3,1,4,0,0,258,275,0,0,1,3,1,3,0,0,0,0,258,275,0,0,1,3,1,3,0,0,5,4,0,0,0,0,0,1,0,0,0,0,5,4,0,0,0,0,0,1,0,0
050,49,023,Utah,Juab County,2004,7,567,267,300,264,293,0,0,2,3,1,4,0,0,0,0,264,293,0,0,2,3,1,4,0,0,259,290,0,0,2,3,1,3,0,0,0,0,259,290,0,0,2,3,1,3,0,0,5,3,0,0,0,0,0,1,0,0,0,0,5,3,0,0,0,0,0,1,0,0
050,49,023,Utah,Juab County,2000c,8,494,252,242,243,236,0,0,5,2,1,0,1,0,2,4,245,240,0,0,6,6,1,0,2,0,238,230,0,0,4,2,1,0,1,0,2,4,240,234,0,0,5,6,1,0,2,0,5,6,0,0,1,0,0,0,0,0,0,0,5,6,0,0,1,0,0,0,0,0
050,49,023,Utah,Juab County,2000a,8,494,252,242,243,236,0,0,5,2,1,0,1,0,2,4,245,240,0,0,6,6,1,0,2,0,238,230,0,0,4,2,1,0,1,0,2,4,240,234,0,0,5,6,1,0,2,0,5,6,0,0,1,0,0,0,0,0,0,0,5,6,0,0,1,0,0,0,0,0
050,49,023,Utah,Juab County,2000,8,493,251,242,243,238,0,0,6,4,2,0,0,0,0,0,243,238,0,0,6,4,2,0,0,0,238,232,0,0,5,4,2,0,0,0,0,0,238,232,0,0,5,4,2,0,0,0,5,6,0,0,1,0,0,0,0,0,0,0,5,6,0,0,1,0,0,0,0,0
050,49,023,Utah,Juab County,2001,8,488,248,240,243,236,0,0,4,4,1,0,0,0,0,0,243,236,0,0,4,4,1,0,0,0,236,232,0,0,4,4,1,0,0,0,0,0,236,232,0,0,4,4,1,0,0,0,7,4,0,0,0,0,0,0,0,0,0,0,7,4,0,0,0,0,0,0,0,0
050,49,023,Utah,Juab County,2002,8,484,252,232,245,227,0,0,5,5,2,0,0,0,0,0,245,227,0,0,5,5,2,0,0,0,236,224,0,0,5,4,2,0,0,0,0,0,236,224,0,0,5,4,2,0,0,0,9,3,0,0,0,1,0,0,0,0,0,0,9,3,0,0,0,1,0,0,0,0
050,49,023,Utah,Juab County,2003,8,494,263,231,258,225,0,0,4,6,1,0,0,0,0,0,258,225,0,0,4,6,1,0,0,0,247,220,0,0,3,5,1,0,0,0,0,0,247,220,0,0,3,5,1,0,0,0,11,5,0,0,1,1,0,0,0,0,0,0,11,5,0,0,1,1,0,0,0,0
050,49,023,Utah,Juab County,2004,8,490,257,233,252,230,0,0,3,3,2,0,0,0,0,0,252,230,0,0,3,3,2,0,0,0,243,224,0,0,2,2,2,0,0,0,0,0,243,224,0,0,2,2,2,0,0,0,9,6,0,0,1,1,0,0,0,0,0,0,9,6,0,0,1,1,0,0,0,0
050,49,023,Utah,Juab County,2000c,9,507,269,238,262,229,1,1,4,5,1,1,0,0,1,2,263,231,1,1,4,7,1,1,1,0,251,223,1,0,3,4,1,1,0,0,1,2,252,225,1,0,3,6,1,1,1,0,11,6,0,1,1,1,0,0,0,0,0,0,11,6,0,1,1,1,0,0,0,0
050,49,023,Utah,Juab County,2000a,9,507,269,238,262,229,1,1,4,5,1,1,0,0,1,2,263,231,1,1,4,7,1,1,1,0,251,223,1,0,3,4,1,1,0,0,1,2,252,225,1,0,3,6,1,1,1,0,11,6,0,1,1,1,0,0,0,0,0,0,11,6,0,1,1,1,0,0,0,0
050,49,023,Utah,Juab County,2000,9,509,270,239,264,231,1,1,4,6,1,1,0,0,0,0,264,231,1,1,4,6,1,1,0,0,253,225,1,0,3,5,1,1,0,0,0,0,253,225,1,0,3,5,1,1,0,0,11,6,0,1,1,1,0,0,0,0,0,0,11,6,0,1,1,1,0,0,0,0
050,49,023,Utah,Juab County,2001,9,489,262,227,255,221,0,1,6,5,1,0,0,0,0,0,255,221,0,1,6,5,1,0,0,0,245,213,0,0,4,4,1,0,0,0,0,0,245,213,0,0,4,4,1,0,0,0,10,8,0,1,2,1,0,0,0,0,0,0,10,8,0,1,2,1,0,0,0,0
050,49,023,Utah,Juab County,2002,9,487,249,238,242,232,0,1,6,5,1,0,0,0,0,0,242,232,0,1,6,5,1,0,0,0,235,224,0,0,5,4,1,0,0,0,0,0,235,224,0,0,5,4,1,0,0,0,7,8,0,1,1,1,0,0,0,0,0,0,7,8,0,1,1,1,0,0,0,0
050,49,023,Utah,Juab County,2003,9,476,236,240,228,234,0,1,6,5,2,0,0,0,0,0,228,234,0,1,6,5,2,0,0,0,220,227,0,0,5,4,2,0,0,0,0,0,220,227,0,0,5,4,2,0,0,0,8,7,0,1,1,1,0,0,0,0,0,0,8,7,0,1,1,1,0,0,0,0
050,49,023,Utah,Juab County,2004,9,505,259,246,251,242,0,0,6,4,2,0,0,0,0,0,251,242,0,0,6,4,2,0,0,0,242,236,0,0,5,3,2,0,0,0,0,0,242,236,0,0,5,3,2,0,0,0,9,6,0,0,1,1,0,0,0,0,0,0,9,6,0,0,1,1,0,0,0,0
050,49,023,Utah,Juab County,2000c,10,456,224,232,223,228,0,0,1,3,0,1,0,0,0,0,223,228,0,0,1,3,0,1,0,0,219,225,0,0,0,2,0,1,0,0,0,0,219,225,0,0,0,2,0,1,0,0,4,3,0,0,1,1,0,0,0,0,0,0,4,3,0,0,1,1,0,0,0,0
050,49,023,Utah,Juab County,2000a,10,456,224,232,223,228,0,0,1,3,0,1,0,0,0,0,223,228,0,0,1,3,0,1,0,0,219,225,0,0,0,2,0,1,0,0,0,0,219,225,0,0,0,2,0,1,0,0,4,3,0,0,1,1,0,0,0,0,0,0,4,3,0,0,1,1,0,0,0,0
050,49,023,Utah,Juab County,2000,10,460,226,234,225,230,0,0,1,3,0,1,0,0,0,0,225,230,0,0,1,3,0,1,0,0,221,227,0,0,0,2,0,1,0,0,0,0,221,227,0,0,0,2,0,1,0,0,4,3,0,0,1,1,0,0,0,0,0,0,4,3,0,0,1,1,0,0,0,0
050,49,023,Utah,Juab County,2001,10,461,229,232,226,228,1,0,1,2,1,2,0,0,0,0,226,228,1,0,1,2,1,2,0,0,220,224,1,0,0,1,1,2,0,0,0,0,220,224,1,0,0,1,1,2,0,0,6,4,0,0,1,1,0,0,0,0,0,0,6,4,0,0,1,1,0,0,0,0
050,49,023,Utah,Juab County,2002,10,485,248,237,244,231,1,0,2,4,1,2,0,0,0,0,244,231,1,0,2,4,1,2,0,0,237,228,1,0,0,3,1,2,0,0,0,0,237,228,1,0,0,3,1,2,0,0,7,3,0,0,2,1,0,0,0,0,0,0,7,3,0,0,2,1,0,0,0,0
050,49,023,Utah,Juab County,2003,10,478,248,230,242,225,1,0,4,3,1,2,0,0,0,0,242,225,1,0,4,3,1,2,0,0,235,221,1,0,2,3,1,2,0,0,0,0,235,221,1,0,2,3,1,2,0,0,7,4,0,0,2,0,0,0,0,0,0,0,7,4,0,0,2,0,0,0,0,0
050,49,023,Utah,Juab County,2004,10,490,260,230,254,223,1,1,4,4,1,2,0,0,0,0,254,223,1,1,4,4,1,2,0,0,246,218,1,0,3,4,1,2,0,0,0,0,246,218,1,0,3,4,1,2,0,0,8,5,0,1,1,0,0,0,0,0,0,0,8,5,0,1,1,0,0,0,0,0
050,49,023,Utah,Juab County,2000c,11,380,187,193,182,186,0,0,3,4,0,1,0,0,2,2,184,188,0,1,5,5,0,2,0,0,182,183,0,0,2,4,0,1,0,0,2,2,184,185,0,1,4,5,0,2,0,0,0,3,0,0,1,0,0,0,0,0,0,0,0,3,0,0,1,0,0,0,0,0
050,49,023,Utah,Juab County,2000a,11,380,187,193,182,186,0,0,3,4,0,1,0,0,2,2,184,188,0,1,5,5,0,2,0,0,182,183,0,0,2,4,0,1,0,0,2,2,184,185,0,1,4,5,0,2,0,0,0,3,0,0,1,0,0,0,0,0,0,0,0,3,0,0,1,0,0,0,0,0
050,49,023,Utah,Juab County,2000,11,386,191,195,186,190,0,0,5,4,0,1,0,0,0,0,186,190,0,0,5,4,0,1,0,0,186,187,0,0,4,4,0,1,0,0,0,0,186,187,0,0,4,4,0,1,0,0,0,3,0,0,1,0,0,0,0,0,0,0,0,3,0,0,1,0,0,0,0,0
050,49,023,Utah,Juab County,2001,11,418,208,210,205,206,0,0,3,3,0,1,0,0,0,0,205,206,0,0,3,3,0,1,0,0,205,204,0,0,2,3,0,1,0,0,0,0,205,204,0,0,2,3,0,1,0,0,0,2,0,0,1,0,0,0,0,0,0,0,0,2,0,0,1,0,0,0,0,0
050,49,023,Utah,Juab County,2002,11,426,216,210,214,207,0,0,2,2,0,1,0,0,0,0,214,207,0,0,2,2,0,1,0,0,212,203,0,0,1,2,0,1,0,0,0,0,212,203,0,0,1,2,0,1,0,0,2,4,0,0,1,0,0,0,0,0,0,0,2,4,0,0,1,0,0,0,0,0
050,49,023,Utah,Juab County,2003,11,454,230,224,229,219,0,0,1,4,0,1,0,0,0,0,229,219,0,0,1,4,0,1,0,0,227,215,0,0,1,3,0,1,0,0,0,0,227,215,0,0,1,3,0,1,0,0,2,4,0,0,0,1,0,0,0,0,0,0,2,4,0,0,0,1,0,0,0,0
050,49,023,Utah,Juab County,2004,11,438,222,216,221,213,0,0,1,3,0,0,0,0,0,0,221,213,0,0,1,3,0,0,0,0,219,209,0,0,0,2,0,0,0,0,0,0,219,209,0,0,0,2,0,0,0,0,2,4,0,0,1,1,0,0,0,0,0,0,2,4,0,0,1,1,0,0,0,0
050,49,023,Utah,Juab County,2000c,12,293,145,148,144,146,0,0,1,1,0,0,0,0,0,1,144,147,0,0,1,2,0,0,0,0,143,142,0,0,1,1,0,0,0,0,0,1,143,143,0,0,1,2,0,0,0,0,1,4,0,0,0,0,0,0,0,0,0,0,1,4,0,0,0,0,0,0,0,0
050,49,023,Utah,Juab County,2000a,12,293,145,148,144,146,0,0,1,1,0,0,0,0,0,1,144,147,0,0,1,2,0,0,0,0,143,142,0,0,1,1,0,0,0,0,0,1,143,143,0,0,1,2,0,0,0,0,1,4,0,0,0,0,0,0,0,0,0,0,1,4,0,0,0,0,0,0,0,0
050,49,023,Utah,Juab County,2000,12,297,147,150,146,149,0,0,1,1,0,0,0,0,0,0,146,149,0,0,1,1,0,0,0,0,145,145,0,0,1,1,0,0,0,0,0,0,145,145,0,0,1,1,0,0,0,0,1,4,0,0,0,0,0,0,0,0,0,0,1,4,0,0,0,0,0,0,0,0
050,49,023,Utah,Juab County,2001,12,293,147,146,145,143,0,0,2,3,0,0,0,0,0,0,145,143,0,0,2,3,0,0,0,0,144,140,0,0,2,3,0,0,0,0,0,0,144,140,0,0,2,3,0,0,0,0,1,3,0,0,0,0,0,0,0,0,0,0,1,3,0,0,0,0,0,0,0,0
050,49,023,Utah,Juab County,2002,12,302,143,159,141,154,0,0,2,5,0,0,0,0,0,0,141,154,0,0,2,5,0,0,0,0,140,151,0,0,2,5,0,0,0,0,0,0,140,151,0,0,2,5,0,0,0,0,1,3,0,0,0,0,0,0,0,0,0,0,1,3,0,0,0,0,0,0,0,0
050,49,023,Utah,Juab County,2003,12,329,156,173,153,168,0,0,3,5,0,0,0,0,0,0,153,168,0,0,3,5,0,0,0,0,152,166,0,0,2,5,0,0,0,0,0,0,152,166,0,0,2,5,0,0,0,0,1,2,0,0,1,0,0,0,0,0,0,0,1,2,0,0,1,0,0,0,0,0
050,49,023,Utah,Juab County,2004,12,361,173,188,170,182,0,0,3,5,0,1,0,0,0,0,170,182,0,0,3,5,0,1,0,0,170,180,0,0,2,5,0,1,0,0,0,0,170,180,0,0,2,5,0,1,0,0,0,2,0,0,1,0,0,0,0,0,0,0,0,2,0,0,1,0,0,0,0,0
050,49,023,Utah,Juab County,2000c,13,265,133,132,130,132,0,0,1,0,0,0,1,0,1,0,131,132,0,0,2,0,0,0,1,0,128,131,0,0,1,0,0,0,1,0,1,0,129,131,0,0,2,0,0,0,1,0,2,1,0,0,0,0,0,0,0,0,0,0,2,1,0,0,0,0,0,0,0,0
050,49,023,Utah,Juab County,2000a,13,265,133,132,130,132,0,0,1,0,0,0,1,0,1,0,131,132,0,0,2,0,0,0,1,0,128,131,0,0,1,0,0,0,1,0,1,0,129,131,0,0,2,0,0,0,1,0,2,1,0,0,0,0,0,0,0,0,0,0,2,1,0,0,0,0,0,0,0,0
050,49,023,Utah,Juab County,2000,13,266,133,133,131,133,0,0,1,0,1,0,0,0,0,0,131,133,0,0,1,0,1,0,0,0,129,132,0,0,1,0,1,0,0,0,0,0,129,132,0,0,1,0,1,0,0,0,2,1,0,0,0,0,0,0,0,0,0,0,2,1,0,0,0,0,0,0,0,0
050,49,023,Utah,Juab County,2001,13,271,132,139,130,139,0,0,1,0,1,0,0,0,0,0,130,139,0,0,1,0,1,0,0,0,129,136,0,0,1,0,1,0,0,0,0,0,129,136,0,0,1,0,1,0,0,0,1,3,0,0,0,0,0,0,0,0,0,0,1,3,0,0,0,0,0,0,0,0
050,49,023,Utah,Juab County,2002,13,264,134,130,133,130,0,0,1,0,0,0,0,0,0,0,133,130,0,0,1,0,0,0,0,0,132,127,0,0,1,0,0,0,0,0,0,0,132,127,0,0,1,0,0,0,0,0,1,3,0,0,0,0,0,0,0,0,0,0,1,3,0,0,0,0,0,0,0,0
050,49,023,Utah,Juab County,2003,13,256,140,116,138,116,0,0,2,0,0,0,0,0,0,0,138,116,0,0,2,0,0,0,0,0,137,112,0,0,2,0,0,0,0,0,0,0,137,112,0,0,2,0,0,0,0,0,1,4,0,0,0,0,0,0,0,0,0,0,1,4,0,0,0,0,0,0,0,0
050,49,023,Utah,Juab County,2004,13,264,137,127,135,126,0,0,2,1,0,0,0,0,0,0,135,126,0,0,2,1,0,0,0,0,134,123,0,0,2,1,0,0,0,0,0,0,134,123,0,0,2,1,0,0,0,0,1,3,0,0,0,0,0,0,0,0,0,0,1,3,0,0,0,0,0,0,0,0
050,49,023,Utah,Juab County,2000c,14,200,110,90,108,88,0,0,0,1,0,0,0,0,2,1,110,89,0,0,2,1,0,0,0,1,105,87,0,0,0,1,0,0,0,0,2,1,107,88,0,0,2,1,0,0,0,1,3,1,0,0,0,0,0,0,0,0,0,0,3,1,0,0,0,0,0,0,0,0
050,49,023,Utah,Juab County,2000a,14,200,110,90,108,88,0,0,0,1,0,0,0,0,2,1,110,89,0,0,2,1,0,0,0,1,105,87,0,0,0,1,0,0,0,0,2,1,107,88,0,0,2,1,0,0,0,1,3,1,0,0,0,0,0,0,0,0,0,0,3,1,0,0,0,0,0,0,0,0
050,49,023,Utah,Juab County,2000,14,199,109,90,108,89,0,0,1,1,0,0,0,0,0,0,108,89,0,0,1,1,0,0,0,0,105,88,0,0,1,1,0,0,0,0,0,0,105,88,0,0,1,1,0,0,0,0,3,1,0,0,0,0,0,0,0,0,0,0,3,1,0,0,0,0,0,0,0,0
050,49,023,Utah,Juab County,2001,14,206,111,95,110,94,0,0,1,1,0,0,0,0,0,0,110,94,0,0,1,1,0,0,0,0,106,93,0,0,1,1,0,0,0,0,0,0,106,93,0,0,1,1,0,0,0,0,4,1,0,0,0,0,0,0,0,0,0,0,4,1,0,0,0,0,0,0,0,0
050,49,023,Utah,Juab County,2002,14,231,119,112,118,111,0,0,0,1,1,0,0,0,0,0,118,111,0,0,0,1,1,0,0,0,115,110,0,0,0,1,1,0,0,0,0,0,115,110,0,0,0,1,1,0,0,0,3,1,0,0,0,0,0,0,0,0,0,0,3,1,0,0,0,0,0,0,0,0
050,49,023,Utah,Juab County,2003,14,254,124,130,123,129,0,0,0,1,1,0,0,0,0,0,123,129,0,0,0,1,1,0,0,0,120,128,0,0,0,1,1,0,0,0,0,0,120,128,0,0,0,1,1,0,0,0,3,1,0,0,0,0,0,0,0,0,0,0,3,1,0,0,0,0,0,0,0,0
050,49,023,Utah,Juab County,2004,14,270,130,140,128,139,0,0,1,1,1,0,0,0,0,0,128,139,0,0,1,1,1,0,0,0,124,138,0,0,1,1,1,0,0,0,0,0,124,138,0,0,1,1,1,0,0,0,4,1,0,0,0,0,0,0,0,0,0,0,4,1,0,0,0,0,0,0,0,0
050,49,023,Utah,Juab County,2000c,15,195,86,109,86,108,0,0,0,0,0,1,0,0,0,0,86,108,0,0,0,0,0,1,0,0,85,105,0,0,0,0,0,1,0,0,0,0,85,105,0,0,0,0,0,1,0,0,1,3,0,0,0,0,0,0,0,0,0,0,1,3,0,0,0,0,0,0,0,0
050,49,023,Utah,Juab County,2000a,15,195,86,109,86,108,0,0,0,0,0,1,0,0,0,0,86,108,0,0,0,0,0,1,0,0,85,105,0,0,0,0,0,1,0,0,0,0,85,105,0,0,0,0,0,1,0,0,1,3,0,0,0,0,0,0,0,0,0,0,1,3,0,0,0,0,0,0,0,0
050,49,023,Utah,Juab County,2000,15,194,86,108,86,107,0,0,0,0,0,1,0,0,0,0,86,107,0,0,0,0,0,1,0,0,85,104,0,0,0,0,0,1,0,0,0,0,85,104,0,0,0,0,0,1,0,0,1,3,0,0,0,0,0,0,0,0,0,0,1,3,0,0,0,0,0,0,0,0
050,49,023,Utah,Juab County,2001,15,180,81,99,81,98,0,0,0,0,0,1,0,0,0,0,81,98,0,0,0,0,0,1,0,0,80,96,0,0,0,0,0,1,0,0,0,0,80,96,0,0,0,0,0,1,0,0,1,2,0,0,0,0,0,0,0,0,0,0,1,2,0,0,0,0,0,0,0,0
050,49,023,Utah,Juab County,2002,15,179,84,95,84,94,0,0,0,0,0,1,0,0,0,0,84,94,0,0,0,0,0,1,0,0,83,93,0,0,0,0,0,1,0,0,0,0,83,93,0,0,0,0,0,1,0,0,1,1,0,0,0,0,0,0,0,0,0,0,1,1,0,0,0,0,0,0,0,0
050,49,023,Utah,Juab County,2003,15,186,83,103,83,101,0,0,0,0,0,2,0,0,0,0,83,101,0,0,0,0,0,2,0,0,82,100,0,0,0,0,0,2,0,0,0,0,82,100,0,0,0,0,0,2,0,0,1,1,0,0,0,0,0,0,0,0,0,0,1,1,0,0,0,0,0,0,0,0
050,49,023,Utah,Juab County,2004,15,183,90,93,89,91,0,0,1,0,0,2,0,0,0,0,89,91,0,0,1,0,0,2,0,0,88,90,0,0,1,0,0,2,0,0,0,0,88,90,0,0,1,0,0,2,0,0,1,1,0,0,0,0,0,0,0,0,0,0,1,1,0,0,0,0,0,0,0,0
050,49,023,Utah,Juab County,2000c,16,168,77,91,77,90,0,0,0,0,0,1,0,0,0,0,77,90,0,0,0,0,0,1,0,0,77,90,0,0,0,0,0,1,0,0,0,0,77,90,0,0,0,0,0,1,0,0,0,0,0,0,0,0,0,0,0,0,0,0,0,0,0,0,0,0,0,0,0,0
050,49,023,Utah,Juab County,2000a,16,168,77,91,77,90,0,0,0,0,0,1,0,0,0,0,77,90,0,0,0,0,0,1,0,0,77,90,0,0,0,0,0,1,0,0,0,0,77,90,0,0,0,0,0,1,0,0,0,0,0,0,0,0,0,0,0,0,0,0,0,0,0,0,0,0,0,0,0,0
050,49,023,Utah,Juab County,2000,16,168,77,91,77,90,0,0,0,0,0,1,0,0,0,0,77,90,0,0,0,0,0,1,0,0,77,90,0,0,0,0,0,1,0,0,0,0,77,90,0,0,0,0,0,1,0,0,0,0,0,0,0,0,0,0,0,0,0,0,0,0,0,0,0,0,0,0,0,0
050,49,023,Utah,Juab County,2001,16,180,83,97,83,97,0,0,0,0,0,0,0,0,0,0,83,97,0,0,0,0,0,0,0,0,83,96,0,0,0,0,0,0,0,0,0,0,83,96,0,0,0,0,0,0,0,0,0,1,0,0,0,0,0,0,0,0,0,0,0,1,0,0,0,0,0,0,0,0
050,49,023,Utah,Juab County,2002,16,183,83,100,83,100,0,0,0,0,0,0,0,0,0,0,83,100,0,0,0,0,0,0,0,0,83,98,0,0,0,0,0,0,0,0,0,0,83,98,0,0,0,0,0,0,0,0,0,2,0,0,0,0,0,0,0,0,0,0,0,2,0,0,0,0,0,0,0,0
050,49,023,Utah,Juab County,2003,16,177,80,97,80,97,0,0,0,0,0,0,0,0,0,0,80,97,0,0,0,0,0,0,0,0,80,95,0,0,0,0,0,0,0,0,0,0,80,95,0,0,0,0,0,0,0,0,0,2,0,0,0,0,0,0,0,0,0,0,0,2,0,0,0,0,0,0,0,0
050,49,023,Utah,Juab County,2004,16,183,75,108,75,108,0,0,0,0,0,0,0,0,0,0,75,108,0,0,0,0,0,0,0,0,75,105,0,0,0,0,0,0,0,0,0,0,75,105,0,0,0,0,0,0,0,0,0,3,0,0,0,0,0,0,0,0,0,0,0,3,0,0,0,0,0,0,0,0
050,49,023,Utah,Juab County,2000c,17,137,50,87,49,86,0,0,0,1,1,0,0,0,0,0,49,86,0,0,0,1,1,0,0,0,49,84,0,0,0,1,1,0,0,0,0,0,49,84,0,0,0,1,1,0,0,0,0,2,0,0,0,0,0,0,0,0,0,0,0,2,0,0,0,0,0,0,0,0
050,49,023,Utah,Juab County,2000a,17,137,50,87,49,86,0,0,0,1,1,0,0,0,0,0,49,86,0,0,0,1,1,0,0,0,49,84,0,0,0,1,1,0,0,0,0,0,49,84,0,0,0,1,1,0,0,0,0,2,0,0,0,0,0,0,0,0,0,0,0,2,0,0,0,0,0,0,0,0
050,49,023,Utah,Juab County,2000,17,138,50,88,49,87,0,0,0,1,1,0,0,0,0,0,49,87,0,0,0,1,1,0,0,0,49,85,0,0,0,1,1,0,0,0,0,0,49,85,0,0,0,1,1,0,0,0,0,2,0,0,0,0,0,0,0,0,0,0,0,2,0,0,0,0,0,0,0,0
050,49,023,Utah,Juab County,2001,17,128,48,80,47,78,0,0,0,1,1,1,0,0,0,0,47,78,0,0,0,1,1,1,0,0,47,77,0,0,0,1,1,1,0,0,0,0,47,77,0,0,0,1,1,1,0,0,0,1,0,0,0,0,0,0,0,0,0,0,0,1,0,0,0,0,0,0,0,0
050,49,023,Utah,Juab County,2002,17,134,56,78,55,76,0,0,0,1,1,1,0,0,0,0,55,76,0,0,0,1,1,1,0,0,55,76,0,0,0,1,1,1,0,0,0,0,55,76,0,0,0,1,1,1,0,0,0,0,0,0,0,0,0,0,0,0,0,0,0,0,0,0,0,0,0,0,0,0
050,49,023,Utah,Juab County,2003,17,118,56,62,55,60,0,0,0,1,1,1,0,0,0,0,55,60,0,0,0,1,1,1,0,0,55,60,0,0,0,1,1,1,0,0,0,0,55,60,0,0,0,1,1,1,0,0,0,0,0,0,0,0,0,0,0,0,0,0,0,0,0,0,0,0,0,0,0,0
050,49,023,Utah,Juab County,2004,17,123,54,69,53,67,0,0,0,1,1,1,0,0,0,0,53,67,0,0,0,1,1,1,0,0,53,67,0,0,0,1,1,1,0,0,0,0,53,67,0,0,0,1,1,1,0,0,0,0,0,0,0,0,0,0,0,0,0,0,0,0,0,0,0,0,0,0,0,0
050,49,023,Utah,Juab County,2000c,18,109,46,63,46,63,0,0,0,0,0,0,0,0,0,0,46,63,0,0,0,0,0,0,0,0,46,63,0,0,0,0,0,0,0,0,0,0,46,63,0,0,0,0,0,0,0,0,0,0,0,0,0,0,0,0,0,0,0,0,0,0,0,0,0,0,0,0,0,0
050,49,023,Utah,Juab County,2000a,18,109,46,63,46,63,0,0,0,0,0,0,0,0,0,0,46,63,0,0,0,0,0,0,0,0,46,63,0,0,0,0,0,0,0,0,0,0,46,63,0,0,0,0,0,0,0,0,0,0,0,0,0,0,0,0,0,0,0,0,0,0,0,0,0,0,0,0,0,0
050,49,023,Utah,Juab County,2000,18,111,47,64,47,64,0,0,0,0,0,0,0,0,0,0,47,64,0,0,0,0,0,0,0,0,47,64,0,0,0,0,0,0,0,0,0,0,47,64,0,0,0,0,0,0,0,0,0,0,0,0,0,0,0,0,0,0,0,0,0,0,0,0,0,0,0,0,0,0
050,49,023,Utah,Juab County,2001,18,121,49,72,49,72,0,0,0,0,0,0,0,0,0,0,49,72,0,0,0,0,0,0,0,0,49,71,0,0,0,0,0,0,0,0,0,0,49,71,0,0,0,0,0,0,0,0,0,1,0,0,0,0,0,0,0,0,0,0,0,1,0,0,0,0,0,0,0,0
050,49,023,Utah,Juab County,2002,18,131,51,80,51,80,0,0,0,0,0,0,0,0,0,0,51,80,0,0,0,0,0,0,0,0,51,78,0,0,0,0,0,0,0,0,0,0,51,78,0,0,0,0,0,0,0,0,0,2,0,0,0,0,0,0,0,0,0,0,0,2,0,0,0,0,0,0,0,0
050,49,023,Utah,Juab County,2003,18,143,50,93,50,93,0,0,0,0,0,0,0,0,0,0,50,93,0,0,0,0,0,0,0,0,50,91,0,0,0,0,0,0,0,0,0,0,50,91,0,0,0,0,0,0,0,0,0,2,0,0,0,0,0,0,0,0,0,0,0,2,0,0,0,0,0,0,0,0
050,49,023,Utah,Juab County,2004,18,141,44,97,44,97,0,0,0,0,0,0,0,0,0,0,44,97,0,0,0,0,0,0,0,0,44,95,0,0,0,0,0,0,0,0,0,0,44,95,0,0,0,0,0,0,0,0,0,2,0,0,0,0,0,0,0,0,0,0,0,2,0,0,0,0,0,0,0,0
050,49,025,Utah,Kane County,2000c,0,6046,2997,3049,2899,2959,1,2,54,46,8,7,2,1,33,34,2931,2991,2,4,79,72,12,12,6,5,2832,2903,1,2,49,41,8,7,1,1,31,30,2862,2931,2,4,72,63,12,12,5,5,67,56,0,0,5,5,0,0,1,0,2,4,69,60,0,0,7,9,0,0,1,0
050,49,025,Utah,Kane County,2000a,0,6046,2997,3049,2899,2959,1,2,54,46,8,7,2,1,33,34,2931,2991,2,4,79,72,12,12,6,5,2832,2903,1,2,49,41,8,7,1,1,31,30,2862,2931,2,4,72,63,12,12,5,5,67,56,0,0,5,5,0,0,1,0,2,4,69,60,0,0,7,9,0,0,1,0
050,49,025,Utah,Kane County,2000,0,6080,3025,3055,2945,2989,1,2,51,47,10,8,0,0,18,9,2963,2997,1,3,69,56,10,8,0,0,2877,2930,1,2,46,41,10,8,0,0,18,9,2895,2938,1,3,64,50,10,8,0,0,68,59,0,0,5,6,0,0,0,0,0,0,68,59,0,0,5,6,0,0,0,0
050,49,025,Utah,Kane County,2001,0,5959,2978,2981,2897,2919,1,3,53,42,11,7,0,0,16,10,2913,2928,1,4,67,52,12,7,1,0,2832,2863,1,3,48,37,10,7,0,0,16,9,2848,2871,1,4,62,46,11,7,1,0,65,56,0,0,5,5,1,0,0,0,0,1,65,57,0,0,5,6,1,0,0,0
050,49,025,Utah,Kane County,2002,0,6038,3010,3028,2932,2963,1,2,52,45,8,8,0,0,17,10,2949,2973,1,2,68,55,9,8,0,0,2862,2905,1,2,47,40,8,8,0,0,17,9,2879,2914,1,2,63,49,9,8,0,0,70,58,0,0,5,5,0,0,0,0,0,1,70,59,0,0,5,6,0,0,0,0
050,49,025,Utah,Kane County,2003,0,6087,3029,3058,2948,2991,1,3,54,47,9,8,0,0,17,9,2965,3000,1,3,69,56,10,8,1,0,2885,2934,1,3,49,42,9,8,0,0,17,9,2902,2943,1,3,64,51,10,8,1,0,63,57,0,0,5,5,0,0,0,0,0,0,63,57,0,0,5,5,0,0,0,0
050,49,025,Utah,Kane County,2004,0,6178,3074,3104,3001,3044,1,2,51,42,9,7,0,0,12,9,3013,3053,1,2,62,51,10,7,0,0,2932,2981,1,2,46,37,9,7,0,0,12,7,2944,2988,1,2,57,44,10,7,0,0,69,63,0,0,5,5,0,0,0,0,0,2,69,65,0,0,5,7,0,0,0,0
050,49,025,Utah,Kane County,2000c,1,399,204,195,197,188,0,0,5,2,0,0,0,0,2,5,199,192,0,1,6,5,0,0,1,2,190,183,0,0,4,2,0,0,0,0,2,3,192,185,0,1,5,3,0,0,1,2,7,5,0,0,1,0,0,0,0,0,0,2,7,7,0,0,1,2,0,0,0,0
050,49,025,Utah,Kane County,2000a,1,399,204,195,197,188,0,0,5,2,0,0,0,0,2,5,199,192,0,1,6,5,0,0,1,2,190,183,0,0,4,2,0,0,0,0,2,3,192,185,0,1,5,3,0,0,1,2,7,5,0,0,1,0,0,0,0,0,0,2,7,7,0,0,1,2,0,0,0,0
050,49,025,Utah,Kane County,2000,1,406,209,197,204,193,0,0,4,3,0,0,0,0,1,1,205,194,0,0,5,4,0,0,0,0,197,186,0,0,3,2,0,0,0,0,1,1,198,187,0,0,4,3,0,0,0,0,7,7,0,0,1,1,0,0,0,0,0,0,7,7,0,0,1,1,0,0,0,0
050,49,025,Utah,Kane County,2001,1,405,217,188,208,186,0,0,5,1,1,0,0,0,3,1,211,187,0,0,6,2,2,0,1,0,201,182,0,0,4,1,1,0,0,0,3,1,204,183,0,0,5,2,2,0,1,0,7,4,0,0,1,0,0,0,0,0,0,0,7,4,0,0,1,0,0,0,0,0
050,49,025,Utah,Kane County,2002,1,410,214,196,207,195,0,0,4,1,1,0,0,0,2,0,209,195,0,0,5,1,2,0,0,0,199,190,0,0,4,1,1,0,0,0,2,0,201,190,0,0,5,1,2,0,0,0,8,5,0,0,0,0,0,0,0,0,0,0,8,5,0,0,0,0,0,0,0,0
050,49,025,Utah,Kane County,2003,1,409,210,199,202,197,0,0,4,2,1,0,0,0,3,0,205,197,0,0,5,2,2,0,1,0,194,191,0,0,4,2,1,0,0,0,3,0,197,191,0,0,5,2,2,0,1,0,8,6,0,0,0,0,0,0,0,0,0,0,8,6,0,0,0,0,0,0,0,0
050,49,025,Utah,Kane County,2004,1,418,214,204,210,202,0,0,2,2,1,0,0,0,1,0,211,202,0,0,2,2,2,0,0,0,199,196,0,0,2,2,1,0,0,0,1,0,200,196,0,0,2,2,2,0,0,0,11,6,0,0,0,0,0,0,0,0,0,0,11,6,0,0,0,0,0,0,0,0
050,49,025,Utah,Kane County,2000c,2,457,245,212,235,202,0,0,5,7,1,0,0,0,4,3,239,205,1,0,8,9,1,0,0,1,232,198,0,0,4,6,1,0,0,0,3,2,235,200,1,0,6,7,1,0,0,1,3,4,0,0,1,1,0,0,0,0,1,1,4,5,0,0,2,2,0,0,0,0
050,49,025,Utah,Kane County,2000a,2,457,245,212,235,202,0,0,5,7,1,0,0,0,4,3,239,205,1,0,8,9,1,0,0,1,232,198,0,0,4,6,1,0,0,0,3,2,235,200,1,0,6,7,1,0,0,1,3,4,0,0,1,1,0,0,0,0,1,1,4,5,0,0,2,2,0,0,0,0
050,49,025,Utah,Kane County,2000,2,454,245,209,237,201,0,0,5,6,1,0,0,0,2,2,239,203,0,0,7,8,1,0,0,0,233,196,0,0,4,5,1,0,0,0,2,2,235,198,0,0,6,7,1,0,0,0,4,5,0,0,1,1,0,0,0,0,0,0,4,5,0,0,1,1,0,0,0,0
050,49,025,Utah,Kane County,2001,2,419,213,206,209,200,0,0,3,5,0,0,0,0,1,1,210,201,0,0,4,6,0,0,0,0,204,196,0,0,3,4,0,0,0,0,1,1,205,197,0,0,4,5,0,0,0,0,5,4,0,0,0,1,0,0,0,0,0,0,5,4,0,0,0,1,0,0,0,0
050,49,025,Utah,Kane County,2002,2,408,207,201,203,194,0,0,3,5,0,0,0,0,1,2,204,196,0,0,4,7,0,0,0,0,198,191,0,0,2,4,0,0,0,0,1,2,199,193,0,0,3,6,0,0,0,0,5,3,0,0,1,1,0,0,0,0,0,0,5,3,0,0,1,1,0,0,0,0
050,49,025,Utah,Kane County,2003,2,410,209,201,206,198,0,0,3,2,0,0,0,0,0,1,206,199,0,0,3,3,0,0,0,0,201,195,0,0,2,1,0,0,0,0,0,1,201,196,0,0,2,2,0,0,0,0,5,3,0,0,1,1,0,0,0,0,0,0,5,3,0,0,1,1,0,0,0,0
050,49,025,Utah,Kane County,2004,2,407,211,196,205,195,0,0,5,1,0,0,0,0,1,0,206,195,0,0,6,1,0,0,0,0,199,191,0,0,4,1,0,0,0,0,1,0,200,191,0,0,5,1,0,0,0,0,6,4,0,0,1,0,0,0,0,0,0,0,6,4,0,0,1,0,0,0,0,0
050,49,025,Utah,Kane County,2000c,3,569,285,284,276,271,0,0,4,8,0,0,0,0,5,5,281,276,0,0,8,12,1,1,0,0,262,263,0,0,4,7,0,0,0,0,5,4,267,267,0,0,8,10,1,1,0,0,14,8,0,0,0,1,0,0,0,0,0,1,14,9,0,0,0,2,0,0,0,0
050,49,025,Utah,Kane County,2000a,3,569,285,284,276,271,0,0,4,8,0,0,0,0,5,5,281,276,0,0,8,12,1,1,0,0,262,263,0,0,4,7,0,0,0,0,5,4,267,267,0,0,8,10,1,1,0,0,14,8,0,0,0,1,0,0,0,0,0,1,14,9,0,0,0,2,0,0,0,0
050,49,025,Utah,Kane County,2000,3,571,288,283,282,272,0,0,4,8,0,0,0,0,2,3,284,275,0,0,6,11,0,0,0,0,268,264,0,0,4,7,0,0,0,0,2,3,270,267,0,0,6,10,0,0,0,0,14,8,0,0,0,1,0,0,0,0,0,0,14,8,0,0,0,1,0,0,0,0
050,49,025,Utah,Kane County,2001,3,538,283,255,274,243,0,0,6,8,1,0,0,0,2,4,276,247,0,0,8,12,1,0,0,0,264,236,0,0,5,7,1,0,0,0,2,3,266,239,0,0,7,10,1,0,0,0,10,7,0,0,1,1,0,0,0,0,0,1,10,8,0,0,1,2,0,0,0,0
050,49,025,Utah,Kane County,2002,3,530,280,250,271,237,0,0,7,9,0,0,0,0,2,4,273,241,0,0,9,13,0,0,0,0,263,229,0,0,6,8,0,0,0,0,2,3,265,232,0,0,8,11,0,0,0,0,8,8,0,0,1,1,0,0,0,0,0,1,8,9,0,0,1,2,0,0,0,0
050,49,025,Utah,Kane County,2003,3,506,270,236,263,222,0,0,4,11,1,0,0,0,2,3,265,225,0,0,6,14,1,0,0,0,254,216,0,0,3,10,1,0,0,0,2,3,256,219,0,0,5,13,1,0,0,0,9,6,0,0,1,1,0,0,0,0,0,0,9,6,0,0,1,1,0,0,0,0
050,49,025,Utah,Kane County,2004,3,467,247,220,241,208,0,0,4,9,1,0,0,0,1,3,242,211,0,0,5,12,1,0,0,0,234,203,0,0,3,7,1,0,0,0,1,2,235,205,0,0,4,9,1,0,0,0,7,5,0,0,1,2,0,0,0,0,0,1,7,6,0,0,1,3,0,0,0,0
050,49,025,Utah,Kane County,2000c,4,511,284,227,273,224,0,0,6,2,1,0,0,0,4,1,277,225,0,0,8,3,2,0,1,0,265,218,0,0,6,1,1,0,0,0,4,1,269,219,0,0,8,2,2,0,1,0,8,6,0,0,0,1,0,0,0,0,0,0,8,6,0,0,0,1,0,0,0,0
050,49,025,Utah,Kane County,2000a,4,511,284,227,273,224,0,0,6,2,1,0,0,0,4,1,277,225,0,0,8,3,2,0,1,0,265,218,0,0,6,1,1,0,0,0,4,1,269,219,0,0,8,2,2,0,1,0,8,6,0,0,0,1,0,0,0,0,0,0,8,6,0,0,0,1,0,0,0,0
050,49,025,Utah,Kane County,2000,4,514,285,229,276,227,0,0,5,2,1,0,0,0,3,0,279,227,0,0,8,2,1,0,0,0,268,221,0,0,5,1,1,0,0,0,3,0,271,221,0,0,8,1,1,0,0,0,8,6,0,0,0,1,0,0,0,0,0,0,8,6,0,0,0,1,0,0,0,0
050,49,025,Utah,Kane County,2001,4,567,311,256,300,253,0,0,6,2,1,0,0,0,4,1,304,254,0,0,10,3,1,0,0,0,289,244,0,0,6,1,1,0,0,0,4,1,293,245,0,0,10,2,1,0,0,0,11,9,0,0,0,1,0,0,0,0,0,0,11,9,0,0,0,1,0,0,0,0
050,49,025,Utah,Kane County,2002,4,570,304,266,295,263,0,0,5,2,0,0,0,0,4,1,299,264,0,0,9,3,0,0,0,0,283,254,0,0,5,1,0,0,0,0,4,1,287,255,0,0,9,2,0,0,0,0,12,9,0,0,0,1,0,0,0,0,0,0,12,9,0,0,0,1,0,0,0,0
050,49,025,Utah,Kane County,2003,4,573,305,268,294,265,0,0,7,3,0,0,0,0,4,0,298,265,0,0,11,3,0,0,0,0,283,255,0,0,7,2,0,0,0,0,4,0,287,255,0,0,11,2,0,0,0,0,11,10,0,0,0,1,0,0,0,0,0,0,11,10,0,0,0,1,0,0,0,0
050,49,025,Utah,Kane County,2004,4,564,295,269,290,262,0,0,3,4,0,0,0,0,2,3,292,265,0,0,5,7,0,0,0,0,278,251,0,0,3,3,0,0,0,0,2,2,280,253,0,0,5,5,0,0,0,0,12,11,0,0,0,1,0,0,0,0,0,1,12,12,0,0,0,2,0,0,0,0
050,49,025,Utah,Kane County,2000c,5,252,119,133,115,129,1,1,3,3,0,0,0,0,0,0,115,129,1,1,3,3,0,0,0,0,110,128,1,1,3,3,0,0,0,0,0,0,110,128,1,1,3,3,0,0,0,0,5,1,0,0,0,0,0,0,0,0,0,0,5,1,0,0,0,0,0,0,0,0
050,49,025,Utah,Kane County,2000a,5,252,119,133,115,129,1,1,3,3,0,0,0,0,0,0,115,129,1,1,3,3,0,0,0,0,110,128,1,1,3,3,0,0,0,0,0,0,110,128,1,1,3,3,0,0,0,0,5,1,0,0,0,0,0,0,0,0,0,0,5,1,0,0,0,0,0,0,0,0
050,49,025,Utah,Kane County,2000,5,262,124,138,120,134,1,1,3,3,0,0,0,0,0,0,120,134,1,1,3,3,0,0,0,0,115,133,1,1,3,3,0,0,0,0,0,0,115,133,1,1,3,3,0,0,0,0,5,1,0,0,0,0,0,0,0,0,0,0,5,1,0,0,0,0,0,0,0,0
050,49,025,Utah,Kane County,2001,5,270,136,134,135,132,0,1,1,1,0,0,0,0,0,0,135,132,0,1,1,1,0,0,0,0,132,132,0,1,1,1,0,0,0,0,0,0,132,132,0,1,1,1,0,0,0,0,3,0,0,0,0,0,0,0,0,0,0,0,3,0,0,0,0,0,0,0,0,0
050,49,025,Utah,Kane County,2002,5,344,186,158,185,156,0,1,1,1,0,0,0,0,0,0,185,156,0,1,1,1,0,0,0,0,178,156,0,1,1,1,0,0,0,0,0,0,178,156,0,1,1,1,0,0,0,0,7,0,0,0,0,0,0,0,0,0,0,0,7,0,0,0,0,0,0,0,0,0
050,49,025,Utah,Kane County,2003,5,418,223,195,219,192,0,0,3,2,0,0,0,0,1,1,220,193,0,0,4,3,0,0,0,0,216,191,0,0,3,2,0,0,0,0,1,1,217,192,0,0,4,3,0,0,0,0,3,1,0,0,0,0,0,0,0,0,0,0,3,1,0,0,0,0,0,0,0,0
050,49,025,Utah,Kane County,2004,5,507,277,230,270,229,0,0,4,1,1,0,0,0,2,0,272,229,0,0,6,1,1,0,0,0,268,225,0,0,4,1,1,0,0,0,2,0,270,225,0,0,6,1,1,0,0,0,2,4,0,0,0,0,0,0,0,0,0,0,2,4,0,0,0,0,0,0,0,0
050,49,025,Utah,Kane County,2000c,6,280,138,142,132,137,0,0,2,2,0,1,0,0,4,2,135,139,0,0,4,3,2,2,1,0,130,134,0,0,2,2,0,1,0,0,4,2,133,136,0,0,4,3,2,2,1,0,2,3,0,0,0,0,0,0,0,0,0,0,2,3,0,0,0,0,0,0,0,0
050,49,025,Utah,Kane County,2000a,6,280,138,142,132,137,0,0,2,2,0,1,0,0,4,2,135,139,0,0,4,3,2,2,1,0,130,134,0,0,2,2,0,1,0,0,4,2,133,136,0,0,4,3,2,2,1,0,2,3,0,0,0,0,0,0,0,0,0,0,2,3,0,0,0,0,0,0,0,0
050,49,025,Utah,Kane County,2000,6,284,141,143,137,140,0,0,2,2,1,1,0,0,1,0,138,140,0,0,3,2,1,1,0,0,135,137,0,0,2,2,1,1,0,0,1,0,136,137,0,0,3,2,1,1,0,0,2,3,0,0,0,0,0,0,0,0,0,0,2,3,0,0,0,0,0,0,0,0
050,49,025,Utah,Kane County,2001,6,262,122,140,117,137,1,0,2,2,1,1,0,0,1,0,118,137,1,0,3,2,1,1,0,0,116,135,1,0,2,2,1,1,0,0,1,0,117,135,1,0,3,2,1,1,0,0,1,2,0,0,0,0,0,0,0,0,0,0,1,2,0,0,0,0,0,0,0,0
050,49,025,Utah,Kane County,2002,6,265,123,142,117,138,1,0,3,3,1,1,0,0,1,0,118,138,1,0,4,3,1,1,0,0,115,136,1,0,3,3,1,1,0,0,1,0,116,136,1,0,4,3,1,1,0,0,2,2,0,0,0,0,0,0,0,0,0,0,2,2,0,0,0,0,0,0,0,0
050,49,025,Utah,Kane County,2003,6,224,107,117,104,113,1,1,2,3,0,0,0,0,0,0,104,113,1,1,2,3,0,0,0,0,103,113,1,1,2,3,0,0,0,0,0,0,103,113,1,1,2,3,0,0,0,0,1,0,0,0,0,0,0,0,0,0,0,0,1,0,0,0,0,0,0,0,0,0
050,49,025,Utah,Kane County,2004,6,241,113,128,110,126,1,1,1,1,0,0,0,0,1,0,111,126,1,1,2,1,0,0,0,0,106,124,1,1,1,1,0,0,0,0,1,0,107,124,1,1,2,1,0,0,0,0,4,2,0,0,0,0,0,0,0,0,0,0,4,2,0,0,0,0,0,0,0,0
050,49,025,Utah,Kane County,2000c,7,262,121,141,110,138,0,0,6,1,1,0,1,0,3,2,113,140,0,0,8,2,1,1,2,0,106,136,0,0,5,1,1,0,0,0,3,2,109,138,0,0,7,2,1,1,1,0,4,2,0,0,1,0,0,0,1,0,0,0,4,2,0,0,1,0,0,0,1,0
050,49,025,Utah,Kane County,2000a,7,262,121,141,110,138,0,0,6,1,1,0,1,0,3,2,113,140,0,0,8,2,1,1,2,0,106,136,0,0,5,1,1,0,0,0,3,2,109,138,0,0,7,2,1,1,1,0,4,2,0,0,1,0,0,0,1,0,0,0,4,2,0,0,1,0,0,0,1,0
050,49,025,Utah,Kane County,2000,7,259,120,139,113,138,0,0,6,1,1,0,0,0,0,0,113,138,0,0,6,1,1,0,0,0,109,136,0,0,5,1,1,0,0,0,0,0,109,136,0,0,5,1,1,0,0,0,4,2,0,0,1,0,0,0,0,0,0,0,4,2,0,0,1,0,0,0,0,0
050,49,025,Utah,Kane County,2001,7,252,123,129,116,128,0,0,5,1,2,0,0,0,0,0,116,128,0,0,5,1,2,0,0,0,112,125,0,0,5,1,1,0,0,0,0,0,112,125,0,0,5,1,1,0,0,0,4,3,0,0,0,0,1,0,0,0,0,0,4,3,0,0,0,0,1,0,0,0
050,49,025,Utah,Kane County,2002,7,253,127,126,122,126,0,0,3,0,1,0,0,0,1,0,123,126,0,0,4,0,1,0,0,0,118,123,0,0,3,0,1,0,0,0,1,0,119,123,0,0,4,0,1,0,0,0,4,3,0,0,0,0,0,0,0,0,0,0,4,3,0,0,0,0,0,0,0,0
050,49,025,Utah,Kane County,2003,7,272,130,142,124,140,0,0,3,1,2,1,0,0,1,0,125,140,0,0,4,1,2,1,0,0,122,138,0,0,3,1,2,1,0,0,1,0,123,138,0,0,4,1,2,1,0,0,2,2,0,0,0,0,0,0,0,0,0,0,2,2,0,0,0,0,0,0,0,0
050,49,025,Utah,Kane County,2004,7,270,128,142,123,141,0,0,3,0,2,1,0,0,0,0,123,141,0,0,3,0,2,1,0,0,123,139,0,0,3,0,2,1,0,0,0,0,123,139,0,0,3,0,2,1,0,0,0,2,0,0,0,0,0,0,0,0,0,0,0,2,0,0,0,0,0,0,0,0
050,49,025,Utah,Kane County,2000c,8,351,167,184,160,176,0,0,4,4,1,1,0,0,2,3,162,179,0,0,6,7,1,1,0,0,154,171,0,0,4,3,1,1,0,0,1,3,155,174,0,0,5,6,1,1,0,0,6,5,0,0,0,1,0,0,0,0,1,0,7,5,0,0,1,1,0,0,0,0
050,49,025,Utah,Kane County,2000a,8,351,167,184,160,176,0,0,4,4,1,1,0,0,2,3,162,179,0,0,6,7,1,1,0,0,154,171,0,0,4,3,1,1,0,0,1,3,155,174,0,0,5,6,1,1,0,0,6,5,0,0,0,1,0,0,0,0,1,0,7,5,0,0,1,1,0,0,0,0
050,49,025,Utah,Kane County,2000,8,347,165,182,159,175,0,0,4,5,1,1,0,0,1,1,160,176,0,0,5,6,1,1,0,0,153,170,0,0,4,4,1,1,0,0,1,1,154,171,0,0,5,5,1,1,0,0,6,5,0,0,0,1,0,0,0,0,0,0,6,5,0,0,0,1,0,0,0,0
050,49,025,Utah,Kane County,2001,8,327,153,174,149,167,0,0,3,5,1,1,0,0,0,1,149,168,0,0,3,6,1,1,0,0,144,163,0,0,2,4,1,1,0,0,0,1,144,164,0,0,2,5,1,1,0,0,5,4,0,0,1,1,0,0,0,0,0,0,5,4,0,0,1,1,0,0,0,0
050,49,025,Utah,Kane County,2002,8,295,128,167,124,164,0,0,3,2,1,1,0,0,0,0,124,164,0,0,3,2,1,1,0,0,120,160,0,0,2,2,1,1,0,0,0,0,120,160,0,0,2,2,1,1,0,0,4,4,0,0,1,0,0,0,0,0,0,0,4,4,0,0,1,0,0,0,0,0
050,49,025,Utah,Kane County,2003,8,268,126,142,119,140,0,0,5,1,1,1,0,0,1,0,120,140,0,0,6,1,1,1,0,0,117,136,0,0,4,1,1,1,0,0,1,0,118,136,0,0,5,1,1,1,0,0,2,4,0,0,1,0,0,0,0,0,0,0,2,4,0,0,1,0,0,0,0,0
050,49,025,Utah,Kane County,2004,8,258,126,132,121,131,0,0,5,1,0,0,0,0,0,0,121,131,0,0,5,1,0,0,0,0,116,129,0,0,4,1,0,0,0,0,0,0,116,129,0,0,4,1,0,0,0,0,5,2,0,0,1,0,0,0,0,0,0,0,5,2,0,0,1,0,0,0,0,0
050,49,025,Utah,Kane County,2000c,9,388,194,194,188,188,0,0,3,4,0,0,0,0,3,2,191,190,0,0,6,6,0,0,0,0,182,185,0,0,2,4,0,0,0,0,3,2,185,187,0,0,5,6,0,0,0,0,6,3,0,0,1,0,0,0,0,0,0,0,6,3,0,0,1,0,0,0,0,0
050,49,025,Utah,Kane County,2000a,9,388,194,194,188,188,0,0,3,4,0,0,0,0,3,2,191,190,0,0,6,6,0,0,0,0,182,185,0,0,2,4,0,0,0,0,3,2,185,187,0,0,5,6,0,0,0,0,6,3,0,0,1,0,0,0,0,0,0,0,6,3,0,0,1,0,0,0,0,0
050,49,025,Utah,Kane County,2000,9,388,194,194,189,189,0,0,3,4,0,0,0,0,2,1,191,190,0,0,5,5,0,0,0,0,183,186,0,0,2,4,0,0,0,0,2,1,185,187,0,0,4,5,0,0,0,0,6,3,0,0,1,0,0,0,0,0,0,0,6,3,0,0,1,0,0,0,0,0
050,49,025,Utah,Kane County,2001,9,379,194,185,188,180,0,0,5,4,0,0,0,0,1,1,189,181,0,0,6,5,0,0,0,0,181,176,0,0,4,4,0,0,0,0,1,1,182,177,0,0,5,5,0,0,0,0,7,4,0,0,1,0,0,0,0,0,0,0,7,4,0,0,1,0,0,0,0,0
050,49,025,Utah,Kane County,2002,9,372,191,181,184,171,0,0,6,8,0,0,0,0,1,2,185,173,0,0,7,10,0,0,0,0,179,167,0,0,5,7,0,0,0,0,1,2,180,169,0,0,6,9,0,0,0,0,5,4,0,0,1,1,0,0,0,0,0,0,5,4,0,0,1,1,0,0,0,0
050,49,025,Utah,Kane County,2003,9,360,173,187,167,176,0,0,4,9,0,0,0,0,2,2,169,178,0,0,6,11,0,0,0,0,161,171,0,0,4,8,0,0,0,0,2,2,163,173,0,0,6,10,0,0,0,0,6,5,0,0,0,1,0,0,0,0,0,0,6,5,0,0,0,1,0,0,0,0
050,49,025,Utah,Kane County,2004,9,355,164,191,161,180,0,0,3,8,0,1,0,0,0,2,161,182,0,0,3,10,0,1,0,0,155,175,0,0,3,7,0,1,0,0,0,2,155,177,0,0,3,9,0,1,0,0,6,5,0,0,0,1,0,0,0,0,0,0,6,5,0,0,0,1,0,0,0,0
050,49,025,Utah,Kane County,2000c,10,487,244,243,236,234,0,0,6,5,0,2,0,0,2,2,238,236,0,0,8,7,0,2,0,0,235,227,0,0,5,5,0,2,0,0,2,2,237,229,0,0,7,7,0,2,0,0,1,7,0,0,1,0,0,0,0,0,0,0,1,7,0,0,1,0,0,0,0,0
050,49,025,Utah,Kane County,2000a,10,487,244,243,236,234,0,0,6,5,0,2,0,0,2,2,238,236,0,0,8,7,0,2,0,0,235,227,0,0,5,5,0,2,0,0,2,2,237,229,0,0,7,7,0,2,0,0,1,7,0,0,1,0,0,0,0,0,0,0,1,7,0,0,1,0,0,0,0,0
050,49,025,Utah,Kane County,2000,10,490,247,243,238,236,0,0,6,5,0,2,0,0,3,0,241,236,0,0,9,5,0,2,0,0,237,229,0,0,5,5,0,2,0,0,3,0,240,229,0,0,8,5,0,2,0,0,1,7,0,0,1,0,0,0,0,0,0,0,1,7,0,0,1,0,0,0,0,0
050,49,025,Utah,Kane County,2001,10,463,231,232,223,227,0,0,6,4,0,1,0,0,2,0,225,227,0,0,8,4,0,1,0,0,221,221,0,0,5,4,0,1,0,0,2,0,223,221,0,0,7,4,0,1,0,0,2,6,0,0,1,0,0,0,0,0,0,0,2,6,0,0,1,0,0,0,0,0
050,49,025,Utah,Kane County,2002,10,455,216,239,209,234,0,0,5,3,0,1,0,0,2,1,211,235,0,0,7,4,0,1,0,0,204,227,0,0,4,3,0,1,0,0,2,1,206,228,0,0,6,4,0,1,0,0,5,7,0,0,1,0,0,0,0,0,0,0,5,7,0,0,1,0,0,0,0,0
050,49,025,Utah,Kane County,2003,10,439,216,223,210,219,0,0,5,2,0,1,0,0,1,1,211,220,0,0,6,3,0,1,0,0,204,212,0,0,3,2,0,1,0,0,1,1,205,213,0,0,4,3,0,1,0,0,6,7,0,0,2,0,0,0,0,0,0,0,6,7,0,0,2,0,0,0,0,0
050,49,025,Utah,Kane County,2004,10,416,202,214,194,211,0,0,6,2,0,0,0,0,2,1,196,212,0,0,8,3,0,0,0,0,188,207,0,0,5,2,0,0,0,0,2,1,190,208,0,0,7,3,0,0,0,0,6,4,0,0,1,0,0,0,0,0,0,0,6,4,0,0,1,0,0,0,0,0
050,49,025,Utah,Kane County,2000c,11,407,205,202,199,194,0,0,3,3,2,2,0,0,1,3,200,196,0,1,4,4,2,4,0,1,196,192,0,0,3,2,2,2,0,0,1,3,197,194,0,1,4,3,2,4,0,1,3,2,0,0,0,1,0,0,0,0,0,0,3,2,0,0,0,1,0,0,0,0
050,49,025,Utah,Kane County,2000a,11,407,205,202,199,194,0,0,3,3,2,2,0,0,1,3,200,196,0,1,4,4,2,4,0,1,196,192,0,0,3,2,2,2,0,0,1,3,197,194,0,1,4,3,2,4,0,1,3,2,0,0,0,1,0,0,0,0,0,0,3,2,0,0,0,1,0,0,0,0
050,49,025,Utah,Kane County,2000,11,409,207,202,201,197,0,0,3,3,2,2,0,0,1,0,202,197,0,0,4,3,2,2,0,0,198,195,0,0,3,2,2,2,0,0,1,0,199,195,0,0,4,2,2,2,0,0,3,2,0,0,0,1,0,0,0,0,0,0,3,2,0,0,0,1,0,0,0,0
050,49,025,Utah,Kane County,2001,11,410,209,201,203,195,0,1,3,3,1,2,0,0,2,0,205,195,0,1,5,3,1,2,0,0,201,192,0,1,3,3,1,2,0,0,2,0,203,192,0,1,5,3,1,2,0,0,2,3,0,0,0,0,0,0,0,0,0,0,2,3,0,0,0,0,0,0,0,0
050,49,025,Utah,Kane County,2002,11,425,224,201,219,196,0,0,3,3,1,2,0,0,1,0,220,196,0,0,4,3,1,2,0,0,218,193,0,0,3,3,1,2,0,0,1,0,219,193,0,0,4,3,1,2,0,0,1,3,0,0,0,0,0,0,0,0,0,0,1,3,0,0,0,0,0,0,0,0
050,49,025,Utah,Kane County,2003,11,439,227,212,223,207,0,0,3,4,0,1,0,0,1,0,224,207,0,0,4,4,0,1,0,0,223,205,0,0,3,4,0,1,0,0,1,0,224,205,0,0,4,4,0,1,0,0,0,2,0,0,0,0,0,0,0,0,0,0,0,2,0,0,0,0,0,0,0,0
050,49,025,Utah,Kane County,2004,11,462,240,222,235,215,0,0,4,5,0,2,0,0,1,0,236,215,0,0,5,5,0,2,0,0,235,208,0,0,3,5,0,2,0,0,1,0,236,208,0,0,4,5,0,2,0,0,0,7,0,0,1,0,0,0,0,0,0,0,0,7,0,0,1,0,0,0,0,0
050,49,025,Utah,Kane County,2000c,12,357,150,207,147,204,0,0,2,2,0,0,0,0,1,1,148,205,0,0,3,3,0,0,0,0,142,200,0,0,2,2,0,0,0,0,1,1,143,201,0,0,3,3,0,0,0,0,5,4,0,0,0,0,0,0,0,0,0,0,5,4,0,0,0,0,0,0,0,0
050,49,025,Utah,Kane County,2000a,12,357,150,207,147,204,0,0,2,2,0,0,0,0,1,1,148,205,0,0,3,3,0,0,0,0,142,200,0,0,2,2,0,0,0,0,1,1,143,201,0,0,3,3,0,0,0,0,5,4,0,0,0,0,0,0,0,0,0,0,5,4,0,0,0,0,0,0,0,0
050,49,025,Utah,Kane County,2000,12,357,150,207,148,205,0,0,1,2,0,0,0,0,1,0,149,205,0,0,2,2,0,0,0,0,143,201,0,0,1,2,0,0,0,0,1,0,144,201,0,0,2,2,0,0,0,0,5,4,0,0,0,0,0,0,0,0,0,0,5,4,0,0,0,0,0,0,0,0
050,49,025,Utah,Kane County,2001,12,352,150,202,147,199,0,0,3,3,0,0,0,0,0,0,147,199,0,0,3,3,0,0,0,0,143,195,0,0,3,2,0,0,0,0,0,0,143,195,0,0,3,2,0,0,0,0,4,4,0,0,0,1,0,0,0,0,0,0,4,4,0,0,0,1,0,0,0,0
050,49,025,Utah,Kane County,2002,12,355,160,195,154,190,0,0,4,4,0,1,0,0,2,0,156,190,0,0,6,4,0,1,0,0,150,187,0,0,4,3,0,1,0,0,2,0,152,187,0,0,6,3,0,1,0,0,4,3,0,0,0,1,0,0,0,0,0,0,4,3,0,0,0,1,0,0,0,0
050,49,025,Utah,Kane County,2003,12,366,167,199,160,193,0,1,5,3,1,2,0,0,1,0,161,193,0,1,6,3,1,2,0,0,156,190,0,1,5,2,1,2,0,0,1,0,157,190,0,1,6,2,1,2,0,0,4,3,0,0,0,1,0,0,0,0,0,0,4,3,0,0,0,1,0,0,0,0
050,49,025,Utah,Kane County,2004,12,371,183,188,178,184,0,0,3,3,1,1,0,0,1,0,179,184,0,0,4,3,1,1,0,0,174,182,0,0,3,2,1,1,0,0,1,0,175,182,0,0,4,2,1,1,0,0,4,2,0,0,0,1,0,0,0,0,0,0,4,2,0,0,0,1,0,0,0,0
050,49,025,Utah,Kane County,2000c,13,316,157,159,155,155,0,0,1,1,0,0,1,1,0,2,155,157,0,0,1,3,0,0,1,1,154,153,0,0,1,1,0,0,1,1,0,2,154,155,0,0,1,3,0,0,1,1,1,2,0,0,0,0,0,0,0,0,0,0,1,2,0,0,0,0,0,0,0,0
050,49,025,Utah,Kane County,2000a,13,316,157,159,155,155,0,0,1,1,0,0,1,1,0,2,155,157,0,0,1,3,0,0,1,1,154,153,0,0,1,1,0,0,1,1,0,2,154,155,0,0,1,3,0,0,1,1,1,2,0,0,0,0,0,0,0,0,0,0,1,2,0,0,0,0,0,0,0,0
050,49,025,Utah,Kane County,2000,13,315,157,158,155,156,0,0,1,1,1,1,0,0,0,0,155,156,0,0,1,1,1,1,0,0,154,154,0,0,1,1,1,1,0,0,0,0,154,154,0,0,1,1,1,1,0,0,1,2,0,0,0,0,0,0,0,0,0,0,1,2,0,0,0,0,0,0,0,0
050,49,025,Utah,Kane County,2001,13,304,144,160,142,159,0,0,1,0,1,1,0,0,0,0,142,159,0,0,1,0,1,1,0,0,141,158,0,0,1,0,1,1,0,0,0,0,141,158,0,0,1,0,1,1,0,0,1,1,0,0,0,0,0,0,0,0,0,0,1,1,0,0,0,0,0,0,0,0
050,49,025,Utah,Kane County,2002,13,325,150,175,148,173,0,0,1,1,1,1,0,0,0,0,148,173,0,0,1,1,1,1,0,0,146,172,0,0,1,1,1,1,0,0,0,0,146,172,0,0,1,1,1,1,0,0,2,1,0,0,0,0,0,0,0,0,0,0,2,1,0,0,0,0,0,0,0,0
050,49,025,Utah,Kane County,2003,13,337,150,187,148,185,0,0,1,1,1,1,0,0,0,0,148,185,0,0,1,1,1,1,0,0,145,183,0,0,1,1,1,1,0,0,0,0,145,183,0,0,1,1,1,1,0,0,3,2,0,0,0,0,0,0,0,0,0,0,3,2,0,0,0,0,0,0,0,0
050,49,025,Utah,Kane County,2004,13,348,143,205,139,203,0,0,3,1,1,1,0,0,0,0,139,203,0,0,3,1,1,1,0,0,136,200,0,0,3,1,1,1,0,0,0,0,136,200,0,0,3,1,1,1,0,0,3,3,0,0,0,0,0,0,0,0,0,0,3,3,0,0,0,0,0,0,0,0
050,49,025,Utah,Kane County,2000c,14,301,165,136,162,133,0,1,0,0,2,0,0,0,1,2,163,135,0,1,1,2,2,0,0,0,161,131,0,1,0,0,2,0,0,0,1,2,162,133,0,1,1,2,2,0,0,0,1,2,0,0,0,0,0,0,0,0,0,0,1,2,0,0,0,0,0,0,0,0
050,49,025,Utah,Kane County,2000a,14,301,165,136,162,133,0,1,0,0,2,0,0,0,1,2,163,135,0,1,1,2,2,0,0,0,161,131,0,1,0,0,2,0,0,0,1,2,162,133,0,1,1,2,2,0,0,0,1,2,0,0,0,0,0,0,0,0,0,0,1,2,0,0,0,0,0,0,0,0
050,49,025,Utah,Kane County,2000,14,305,168,137,166,135,0,1,0,0,2,0,0,0,0,1,166,135,0,2,0,1,2,0,0,0,165,133,0,1,0,0,2,0,0,0,0,1,165,133,0,2,0,1,2,0,0,0,1,2,0,0,0,0,0,0,0,0,0,0,1,2,0,0,0,0,0,0,0,0
050,49,025,Utah,Kane County,2001,14,300,166,134,164,131,0,1,0,1,2,0,0,0,0,1,164,131,0,2,0,2,2,0,0,0,162,128,0,1,0,1,2,0,0,0,0,1,162,128,0,2,0,2,2,0,0,0,2,3,0,0,0,0,0,0,0,0,0,0,2,3,0,0,0,0,0,0,0,0
050,49,025,Utah,Kane County,2002,14,297,161,136,160,135,0,0,0,1,1,0,0,0,0,0,160,135,0,0,0,1,1,0,0,0,158,133,0,0,0,1,1,0,0,0,0,0,158,133,0,0,0,1,1,0,0,0,2,2,0,0,0,0,0,0,0,0,0,0,2,2,0,0,0,0,0,0,0,0
050,49,025,Utah,Kane County,2003,14,299,163,136,162,135,0,0,0,1,1,0,0,0,0,0,162,135,0,0,0,1,1,0,0,0,161,133,0,0,0,1,1,0,0,0,0,0,161,133,0,0,0,1,1,0,0,0,1,2,0,0,0,0,0,0,0,0,0,0,1,2,0,0,0,0,0,0,0,0
050,49,025,Utah,Kane County,2004,14,307,161,146,161,144,0,0,0,2,0,0,0,0,0,0,161,144,0,0,0,2,0,0,0,0,160,142,0,0,0,2,0,0,0,0,0,0,160,142,0,0,0,2,0,0,0,0,1,2,0,0,0,0,0,0,0,0,0,0,1,2,0,0,0,0,0,0,0,0
050,49,025,Utah,Kane County,2000c,15,263,135,128,132,128,0,0,3,0,0,0,0,0,0,0,132,128,0,0,3,0,0,0,0,0,132,128,0,0,3,0,0,0,0,0,0,0,132,128,0,0,3,0,0,0,0,0,0,0,0,0,0,0,0,0,0,0,0,0,0,0,0,0,0,0,0,0,0,0
050,49,025,Utah,Kane County,2000a,15,263,135,128,132,128,0,0,3,0,0,0,0,0,0,0,132,128,0,0,3,0,0,0,0,0,132,128,0,0,3,0,0,0,0,0,0,0,132,128,0,0,3,0,0,0,0,0,0,0,0,0,0,0,0,0,0,0,0,0,0,0,0,0,0,0,0,0,0,0
050,49,025,Utah,Kane County,2000,15,269,140,129,136,129,0,0,3,0,0,0,0,0,1,0,137,129,0,0,4,0,0,0,0,0,136,129,0,0,3,0,0,0,0,0,1,0,137,129,0,0,4,0,0,0,0,0,0,0,0,0,0,0,0,0,0,0,0,0,0,0,0,0,0,0,0,0,0,0
050,49,025,Utah,Kane County,2001,15,279,146,133,144,133,0,0,2,0,0,0,0,0,0,0,144,133,0,0,2,0,0,0,0,0,144,133,0,0,2,0,0,0,0,0,0,0,144,133,0,0,2,0,0,0,0,0,0,0,0,0,0,0,0,0,0,0,0,0,0,0,0,0,0,0,0,0,0,0
050,49,025,Utah,Kane County,2002,15,283,153,130,150,129,0,1,2,0,1,0,0,0,0,0,150,129,0,1,2,0,1,0,0,0,150,127,0,1,2,0,1,0,0,0,0,0,150,127,0,1,2,0,1,0,0,0,0,2,0,0,0,0,0,0,0,0,0,0,0,2,0,0,0,0,0,0,0,0
050,49,025,Utah,Kane County,2003,15,283,146,137,144,136,0,1,1,0,1,0,0,0,0,0,144,136,0,1,1,0,1,0,0,0,143,134,0,1,1,0,1,0,0,0,0,0,143,134,0,1,1,0,1,0,0,0,1,2,0,0,0,0,0,0,0,0,0,0,1,2,0,0,0,0,0,0,0,0
050,49,025,Utah,Kane County,2004,15,282,149,133,146,132,0,1,1,0,2,0,0,0,0,0,146,132,0,1,1,0,2,0,0,0,145,130,0,1,1,0,2,0,0,0,0,0,145,130,0,1,1,0,2,0,0,0,1,2,0,0,0,0,0,0,0,0,0,0,1,2,0,0,0,0,0,0,0,0
050,49,025,Utah,Kane County,2000c,16,198,83,115,82,114,0,0,0,1,0,0,0,0,1,0,83,114,0,0,1,1,0,0,0,0,82,112,0,0,0,1,0,0,0,0,1,0,83,112,0,0,1,1,0,0,0,0,0,2,0,0,0,0,0,0,0,0,0,0,0,2,0,0,0,0,0,0,0,0
050,49,025,Utah,Kane County,2000a,16,198,83,115,82,114,0,0,0,1,0,0,0,0,1,0,83,114,0,0,1,1,0,0,0,0,82,112,0,0,0,1,0,0,0,0,1,0,83,112,0,0,1,1,0,0,0,0,0,2,0,0,0,0,0,0,0,0,0,0,0,2,0,0,0,0,0,0,0,0
050,49,025,Utah,Kane County,2000,16,199,82,117,82,116,0,0,0,1,0,0,0,0,0,0,82,116,0,0,0,1,0,0,0,0,82,114,0,0,0,1,0,0,0,0,0,0,82,114,0,0,0,1,0,0,0,0,0,2,0,0,0,0,0,0,0,0,0,0,0,2,0,0,0,0,0,0,0,0
050,49,025,Utah,Kane County,2001,16,186,83,103,82,102,0,0,1,1,0,0,0,0,0,0,82,102,0,0,1,1,0,0,0,0,82,102,0,0,1,1,0,0,0,0,0,0,82,102,0,0,1,1,0,0,0,0,0,0,0,0,0,0,0,0,0,0,0,0,0,0,0,0,0,0,0,0,0,0
050,49,025,Utah,Kane County,2002,16,194,83,111,82,110,0,0,1,1,0,0,0,0,0,0,82,110,0,0,1,1,0,0,0,0,82,110,0,0,1,1,0,0,0,0,0,0,82,110,0,0,1,1,0,0,0,0,0,0,0,0,0,0,0,0,0,0,0,0,0,0,0,0,0,0,0,0,0,0
050,49,025,Utah,Kane County,2003,16,217,102,115,99,115,0,0,3,0,0,0,0,0,0,0,99,115,0,0,3,0,0,0,0,0,99,115,0,0,3,0,0,0,0,0,0,0,99,115,0,0,3,0,0,0,0,0,0,0,0,0,0,0,0,0,0,0,0,0,0,0,0,0,0,0,0,0,0,0
050,49,025,Utah,Kane County,2004,16,228,106,122,103,122,0,0,3,0,0,0,0,0,0,0,103,122,0,0,3,0,0,0,0,0,103,122,0,0,3,0,0,0,0,0,0,0,103,122,0,0,3,0,0,0,0,0,0,0,0,0,0,0,0,0,0,0,0,0,0,0,0,0,0,0,0,0,0,0
050,49,025,Utah,Kane County,2000c,17,150,71,79,70,78,0,0,1,0,0,0,0,0,0,1,70,79,0,0,1,1,0,0,0,0,69,78,0,0,1,0,0,0,0,0,0,1,69,79,0,0,1,1,0,0,0,0,1,0,0,0,0,0,0,0,0,0,0,0,1,0,0,0,0,0,0,0,0,0
050,49,025,Utah,Kane County,2000a,17,150,71,79,70,78,0,0,1,0,0,0,0,0,0,1,70,79,0,0,1,1,0,0,0,0,69,78,0,0,1,0,0,0,0,0,0,1,69,79,0,0,1,1,0,0,0,0,1,0,0,0,0,0,0,0,0,0,0,0,1,0,0,0,0,0,0,0,0,0
050,49,025,Utah,Kane County,2000,17,151,72,79,71,79,0,0,1,0,0,0,0,0,0,0,71,79,0,0,1,0,0,0,0,0,70,79,0,0,1,0,0,0,0,0,0,0,70,79,0,0,1,0,0,0,0,0,1,0,0,0,0,0,0,0,0,0,0,0,1,0,0,0,0,0,0,0,0,0
050,49,025,Utah,Kane County,2001,17,146,60,86,59,86,0,0,1,0,0,0,0,0,0,0,59,86,0,0,1,0,0,0,0,0,58,84,0,0,1,0,0,0,0,0,0,0,58,84,0,0,1,0,0,0,0,0,1,2,0,0,0,0,0,0,0,0,0,0,1,2,0,0,0,0,0,0,0,0
050,49,025,Utah,Kane County,2002,17,157,67,90,66,90,0,0,1,0,0,0,0,0,0,0,66,90,0,0,1,0,0,0,0,0,65,88,0,0,1,0,0,0,0,0,0,0,65,88,0,0,1,0,0,0,0,0,1,2,0,0,0,0,0,0,0,0,0,0,1,2,0,0,0,0,0,0,0,0
050,49,025,Utah,Kane County,2003,17,165,66,99,66,97,0,0,0,1,0,0,0,0,0,1,66,98,0,0,0,2,0,0,0,0,65,95,0,0,0,1,0,0,0,0,0,1,65,96,0,0,0,2,0,0,0,0,1,2,0,0,0,0,0,0,0,0,0,0,1,2,0,0,0,0,0,0,0,0
050,49,025,Utah,Kane County,2004,17,163,66,97,66,96,0,0,0,1,0,0,0,0,0,0,66,96,0,0,0,1,0,0,0,0,65,94,0,0,0,1,0,0,0,0,0,0,65,94,0,0,0,1,0,0,0,0,1,2,0,0,0,0,0,0,0,0,0,0,1,2,0,0,0,0,0,0,0,0
050,49,025,Utah,Kane County,2000c,18,98,30,68,30,66,0,0,0,1,0,1,0,0,0,0,30,66,0,0,0,1,0,1,0,0,30,66,0,0,0,1,0,1,0,0,0,0,30,66,0,0,0,1,0,1,0,0,0,0,0,0,0,0,0,0,0,0,0,0,0,0,0,0,0,0,0,0,0,0
050,49,025,Utah,Kane County,2000a,18,98,30,68,30,66,0,0,0,1,0,1,0,0,0,0,30,66,0,0,0,1,0,1,0,0,30,66,0,0,0,1,0,1,0,0,0,0,30,66,0,0,0,1,0,1,0,0,0,0,0,0,0,0,0,0,0,0,0,0,0,0,0,0,0,0,0,0,0,0
050,49,025,Utah,Kane County,2000,18,100,31,69,31,67,0,0,0,1,0,1,0,0,0,0,31,67,0,0,0,1,0,1,0,0,31,67,0,0,0,1,0,1,0,0,0,0,31,67,0,0,0,1,0,1,0,0,0,0,0,0,0,0,0,0,0,0,0,0,0,0,0,0,0,0,0,0,0,0
050,49,025,Utah,Kane County,2001,18,100,37,63,37,61,0,0,0,1,0,1,0,0,0,0,37,61,0,0,0,1,0,1,0,0,37,61,0,0,0,1,0,1,0,0,0,0,37,61,0,0,0,1,0,1,0,0,0,0,0,0,0,0,0,0,0,0,0,0,0,0,0,0,0,0,0,0,0,0
050,49,025,Utah,Kane County,2002,18,100,36,64,36,62,0,0,0,1,0,1,0,0,0,0,36,62,0,0,0,1,0,1,0,0,36,62,0,0,0,1,0,1,0,0,0,0,36,62,0,0,0,1,0,1,0,0,0,0,0,0,0,0,0,0,0,0,0,0,0,0,0,0,0,0,0,0,0,0
050,49,025,Utah,Kane County,2003,18,102,39,63,38,61,0,0,1,1,0,1,0,0,0,0,38,61,0,0,1,1,0,1,0,0,38,61,0,0,1,1,0,1,0,0,0,0,38,61,0,0,1,1,0,1,0,0,0,0,0,0,0,0,0,0,0,0,0,0,0,0,0,0,0,0,0,0,0,0
050,49,025,Utah,Kane County,2004,18,114,49,65,48,63,0,0,1,1,0,1,0,0,0,0,48,63,0,0,1,1,0,1,0,0,48,63,0,0,1,1,0,1,0,0,0,0,48,63,0,0,1,1,0,1,0,0,0,0,0,0,0,0,0,0,0,0,0,0,0,0,0,0,0,0,0,0,0,0
050,49,027,Utah,Millard County,2000c,0,12405,6351,6054,6139,5892,11,5,97,80,33,26,12,13,59,38,6193,5929,16,7,134,106,51,35,16,15,5656,5532,9,4,72,72,33,26,12,13,50,35,5702,5566,13,5,104,96,47,35,16,15,483,360,2,1,25,8,0,0,0,0,9,3,491,363,3,2,30,10,4,0,0,0
050,49,027,Utah,Millard County,2000a,0,12405,6351,6054,6139,5892,11,5,97,80,33,26,12,13,59,38,6193,5929,16,7,134,106,51,35,16,15,5656,5532,9,4,72,72,33,26,12,13,50,35,5702,5566,13,5,104,96,47,35,16,15,483,360,2,1,25,8,0,0,0,0,9,3,491,363,3,2,30,10,4,0,0,0
050,49,027,Utah,Millard County,2000,0,12409,6353,6056,6163,5901,9,5,98,82,32,30,13,9,38,29,6201,5930,13,5,119,104,45,37,13,9,5675,5537,7,4,72,74,32,30,13,9,35,27,5710,5564,11,4,90,94,45,37,13,9,488,364,2,1,26,8,0,0,0,0,3,2,491,366,2,1,29,10,0,0,0,0
050,49,027,Utah,Millard County,2001,0,12397,6367,6030,6170,5874,9,7,95,84,33,29,15,9,45,27,6215,5901,14,8,121,103,47,36,15,9,5663,5511,7,4,70,76,33,29,15,9,42,26,5705,5537,12,5,93,94,47,36,15,9,507,363,2,3,25,8,0,0,0,0,3,1,510,364,2,3,28,9,0,0,0,0
050,49,027,Utah,Millard County,2002,0,12384,6368,6016,6174,5849,10,8,97,85,32,34,14,8,41,32,6215,5881,13,10,121,106,46,43,14,8,5616,5449,8,4,72,75,32,34,14,8,38,29,5654,5478,11,6,93,93,46,43,14,8,558,400,2,4,25,10,0,0,0,0,3,3,561,403,2,4,28,13,0,0,0,0
050,49,027,Utah,Millard County,2003,0,12401,6392,6009,6194,5846,13,9,101,90,32,30,13,7,39,27,6233,5873,17,10,123,108,45,38,13,7,5571,5405,10,4,74,78,32,30,13,7,36,23,5607,5428,14,5,93,92,45,38,13,7,623,441,3,5,27,12,0,0,0,0,3,4,626,445,3,5,30,16,0,0,0,0
050,49,027,Utah,Millard County,2004,0,12305,6345,5960,6151,5789,13,10,97,94,34,32,15,8,35,27,6186,5816,17,12,114,112,48,39,15,8,5485,5321,11,4,72,81,34,32,15,8,33,24,5518,5345,15,6,87,96,48,39,15,8,666,468,2,6,25,13,0,0,0,0,2,3,668,471,2,6,27,16,0,0,0,0
050,49,027,Utah,Millard County,2000c,1,1003,523,480,499,461,4,0,11,11,1,0,2,1,6,7,505,468,5,1,12,16,5,1,2,1,443,396,3,0,6,7,1,0,2,1,6,7,449,403,4,1,7,12,5,1,2,1,56,65,1,0,5,4,0,0,0,0,0,0,56,65,1,0,5,4,0,0,0,0
050,49,027,Utah,Millard County,2000a,1,1003,523,480,499,461,4,0,11,11,1,0,2,1,6,7,505,468,5,1,12,16,5,1,2,1,443,396,3,0,6,7,1,0,2,1,6,7,449,403,4,1,7,12,5,1,2,1,56,65,1,0,5,4,0,0,0,0,0,0,56,65,1,0,5,4,0,0,0,0
050,49,027,Utah,Millard County,2000,1,1007,526,481,503,464,3,0,10,12,2,0,1,0,7,5,510,469,5,0,13,16,4,1,1,0,447,398,2,0,5,8,2,0,1,0,6,4,453,402,4,0,7,11,4,1,1,0,56,66,1,0,5,4,0,0,0,0,1,1,57,67,1,0,6,5,0,0,0,0
050,49,027,Utah,Millard County,2001,1,984,509,475,490,458,3,0,6,13,2,0,1,0,7,4,497,462,5,0,9,16,4,1,1,0,436,395,2,0,2,11,2,0,1,0,6,4,442,399,4,0,4,14,4,1,1,0,54,63,1,0,4,2,0,0,0,0,1,0,55,63,1,0,5,2,0,0,0,0
050,49,027,Utah,Millard County,2002,1,967,490,477,475,458,2,0,8,12,2,2,0,0,3,5,478,463,3,0,9,16,3,3,0,0,417,388,1,0,4,8,2,2,0,0,2,4,419,392,2,0,4,11,3,3,0,0,58,70,1,0,4,4,0,0,0,0,1,1,59,71,1,0,5,5,0,0,0,0
050,49,027,Utah,Millard County,2003,1,947,484,463,472,442,2,0,6,16,1,0,0,0,3,5,475,447,3,0,7,21,2,0,0,0,404,369,1,0,5,11,1,0,0,0,3,3,407,372,2,0,6,14,2,0,0,0,68,73,1,0,1,5,0,0,0,0,0,2,68,75,1,0,1,7,0,0,0,0
050,49,027,Utah,Millard County,2004,1,906,448,458,443,433,0,0,3,18,1,1,0,1,1,5,444,438,0,0,3,22,2,2,0,1,381,364,0,0,3,13,1,1,0,1,1,3,382,367,0,0,3,15,2,2,0,1,62,69,0,0,0,5,0,0,0,0,0,2,62,71,0,0,0,7,0,0,0,0
050,49,027,Utah,Millard County,2000c,2,1227,632,595,594,566,2,2,16,11,4,3,5,3,11,10,604,575,4,2,20,16,10,7,5,5,540,514,2,2,14,11,4,3,5,3,10,9,549,522,4,2,18,15,9,7,5,5,54,52,0,0,2,0,0,0,0,0,1,1,55,53,0,0,2,1,1,0,0,0
050,49,027,Utah,Millard County,2000a,2,1227,632,595,594,566,2,2,16,11,4,3,5,3,11,10,604,575,4,2,20,16,10,7,5,5,540,514,2,2,14,11,4,3,5,3,10,9,549,522,4,2,18,15,9,7,5,5,54,52,0,0,2,0,0,0,0,0,1,1,55,53,0,0,2,1,1,0,0,0
050,49,027,Utah,Millard County,2000,2,1222,631,591,594,565,2,2,15,10,5,4,4,4,11,6,605,571,3,2,20,13,10,7,4,4,539,512,2,2,13,10,5,4,4,4,11,6,550,518,3,2,18,13,10,7,4,4,55,53,0,0,2,0,0,0,0,0,0,0,55,53,0,0,2,0,0,0,0,0
050,49,027,Utah,Millard County,2001,2,1172,608,564,572,539,2,2,14,12,5,3,3,2,12,6,584,545,4,3,19,15,10,5,3,2,514,485,2,2,14,10,5,3,3,2,12,6,526,491,4,3,19,13,10,5,3,2,58,54,0,0,0,2,0,0,0,0,0,0,58,54,0,0,0,2,0,0,0,0
050,49,027,Utah,Millard County,2002,2,1151,615,536,583,507,3,2,10,13,5,2,3,2,11,10,594,517,4,4,15,18,10,5,3,2,512,450,3,2,10,11,5,2,3,2,11,9,523,459,4,4,15,15,10,5,3,2,71,57,0,0,0,2,0,0,0,0,0,1,71,58,0,0,0,3,0,0,0,0
050,49,027,Utah,Millard County,2003,2,1099,571,528,540,510,3,1,11,9,5,1,3,1,9,6,549,516,4,2,15,12,9,3,3,1,463,452,3,1,7,6,5,1,3,1,8,5,471,457,4,2,10,8,9,3,3,1,77,58,0,0,4,3,0,0,0,0,1,1,78,59,0,0,5,4,0,0,0,0
050,49,027,Utah,Millard County,2004,2,1044,546,498,515,481,5,1,11,11,4,1,3,0,8,4,523,485,7,2,14,14,7,1,3,0,432,419,4,1,7,8,4,1,3,0,7,4,439,423,6,2,9,11,7,1,3,0,83,62,1,0,4,3,0,0,0,0,1,0,84,62,1,0,5,3,0,0,0,0
050,49,027,Utah,Millard County,2000c,3,1374,737,637,702,623,2,1,14,6,7,1,2,1,10,5,709,628,3,1,20,11,12,1,3,1,658,583,2,1,11,6,7,1,2,1,5,5,661,588,2,1,14,11,10,1,3,1,44,40,0,0,3,0,0,0,0,0,5,0,48,40,1,0,6,0,2,0,0,0
050,49,027,Utah,Millard County,2000a,3,1374,737,637,702,623,2,1,14,6,7,1,2,1,10,5,709,628,3,1,20,11,12,1,3,1,658,583,2,1,11,6,7,1,2,1,5,5,661,588,2,1,14,11,10,1,3,1,44,40,0,0,3,0,0,0,0,0,5,0,48,40,1,0,6,0,2,0,0,0
050,49,027,Utah,Millard County,2000,3,1375,739,636,703,620,1,1,15,8,5,1,3,1,12,5,715,625,2,1,21,12,10,2,3,1,658,580,1,1,11,8,5,1,3,1,10,5,668,585,2,1,15,12,10,2,3,1,45,40,0,0,4,0,0,0,0,0,2,0,47,40,0,0,6,0,0,0,0,0
050,49,027,Utah,Millard County,2001,3,1366,739,627,703,609,1,1,15,7,5,2,3,2,12,6,715,615,2,1,22,11,9,4,3,2,646,564,1,1,10,7,5,2,3,2,10,6,656,570,2,1,15,11,9,4,3,2,57,45,0,0,5,0,0,0,0,0,2,0,59,45,0,0,7,0,0,0,0,0
050,49,027,Utah,Millard County,2002,3,1321,720,601,684,582,2,0,14,7,5,4,3,3,12,5,696,587,3,0,21,10,9,6,3,3,623,532,2,0,11,7,5,4,3,3,11,5,634,537,3,0,17,10,9,6,3,3,61,50,0,0,3,0,0,0,0,0,1,0,62,50,0,0,4,0,0,0,0,0
050,49,027,Utah,Millard County,2003,3,1306,712,594,676,569,1,1,16,10,4,4,2,3,13,7,689,576,2,1,23,13,9,8,2,3,615,512,1,1,14,10,4,4,2,3,12,7,627,519,2,1,20,13,9,8,2,3,61,57,0,0,2,0,0,0,0,0,1,0,62,57,0,0,3,0,0,0,0,0
050,49,027,Utah,Millard County,2004,3,1205,646,559,611,535,2,1,13,9,5,4,4,3,11,7,622,542,3,2,18,12,10,7,4,3,549,472,2,1,11,8,5,4,4,3,11,7,560,479,3,2,16,11,10,7,4,3,62,63,0,0,2,1,0,0,0,0,0,0,62,63,0,0,2,1,0,0,0,0
050,49,027,Utah,Millard County,2000c,4,1449,787,662,762,647,1,0,9,4,6,4,1,2,8,5,770,652,1,0,16,8,6,5,2,2,709,612,0,0,7,4,6,4,1,2,8,5,717,617,0,0,14,8,6,5,2,2,53,35,1,0,2,0,0,0,0,0,0,0,53,35,1,0,2,0,0,0,0,0
050,49,027,Utah,Millard County,2000a,4,1449,787,662,762,647,1,0,9,4,6,4,1,2,8,5,770,652,1,0,16,8,6,5,2,2,709,612,0,0,7,4,6,4,1,2,8,5,717,617,0,0,14,8,6,5,2,2,53,35,1,0,2,0,0,0,0,0,0,0,53,35,1,0,2,0,0,0,0,0
050,49,027,Utah,Millard County,2000,4,1445,784,661,759,644,1,0,11,5,5,4,2,2,6,6,765,650,1,0,16,9,6,6,2,2,706,609,0,0,9,5,5,4,2,2,6,6,712,615,0,0,14,9,6,6,2,2,53,35,1,0,2,0,0,0,0,0,0,0,53,35,1,0,2,0,0,0,0,0
050,49,027,Utah,Millard County,2001,4,1528,821,707,793,693,1,0,9,4,6,4,4,1,8,5,801,698,1,0,14,7,9,6,4,1,747,657,0,0,7,4,6,4,4,1,8,5,755,662,0,0,12,7,9,6,4,1,46,36,1,0,2,0,0,0,0,0,0,0,46,36,1,0,2,0,0,0,0,0
050,49,027,Utah,Millard County,2002,4,1508,786,722,760,709,1,1,10,5,4,2,3,0,8,5,768,714,1,1,15,8,7,4,3,0,717,673,0,1,8,5,4,2,3,0,7,5,724,678,0,1,12,8,7,4,3,0,43,36,1,0,2,0,0,0,0,0,1,0,44,36,1,0,3,0,0,0,0,0
050,49,027,Utah,Millard County,2003,4,1422,747,675,716,665,3,1,11,5,5,1,4,0,8,3,724,668,4,1,15,8,8,1,4,0,667,625,2,1,7,5,5,1,4,0,7,3,674,628,3,1,10,8,8,1,4,0,49,40,1,0,4,0,0,0,0,0,1,0,50,40,1,0,5,0,0,0,0,0
050,49,027,Utah,Millard County,2004,4,1398,750,648,715,636,2,1,15,5,6,1,3,1,9,4,724,640,3,1,19,8,10,2,3,1,662,598,2,1,11,5,6,1,3,1,9,4,671,602,3,1,15,8,10,2,3,1,53,38,0,0,4,0,0,0,0,0,0,0,53,38,0,0,4,0,0,0,0,0
050,49,027,Utah,Millard County,2000c,5,568,313,255,298,246,2,1,11,5,0,1,0,1,2,1,300,247,2,1,12,6,1,1,0,1,233,220,2,0,8,2,0,1,0,1,1,1,234,221,2,0,9,3,0,1,0,1,65,26,0,1,3,3,0,0,0,0,1,0,66,26,0,1,3,3,1,0,0,0
050,49,027,Utah,Millard County,2000a,5,568,313,255,298,246,2,1,11,5,0,1,0,1,2,1,300,247,2,1,12,6,1,1,0,1,233,220,2,0,8,2,0,1,0,1,1,1,234,221,2,0,9,3,0,1,0,1,65,26,0,1,3,3,0,0,0,0,1,0,66,26,0,1,3,3,1,0,0,0
050,49,027,Utah,Millard County,2000,5,574,314,260,301,251,2,1,10,5,0,2,0,0,1,1,302,252,2,1,11,6,0,2,0,0,236,225,2,0,7,2,0,2,0,0,1,0,237,225,2,0,8,2,0,2,0,0,65,26,0,1,3,3,0,0,0,0,0,1,65,27,0,1,3,4,0,0,0,0
050,49,027,Utah,Millard County,2001,5,625,372,253,355,244,2,2,12,4,1,2,0,0,2,1,357,245,2,2,14,5,1,2,0,0,289,219,2,0,9,1,1,2,0,0,2,0,291,219,2,0,11,1,1,2,0,0,66,25,0,2,3,3,0,0,0,0,0,1,66,26,0,2,3,4,0,0,0,0
050,49,027,Utah,Millard County,2002,5,790,482,308,458,291,2,3,15,6,2,4,1,1,4,3,462,294,2,3,18,8,3,5,1,1,382,256,2,0,11,3,2,4,1,1,4,2,386,258,2,0,14,4,3,5,1,1,76,35,0,3,4,3,0,0,0,0,0,1,76,36,0,3,4,4,0,0,0,0
050,49,027,Utah,Millard County,2003,5,1040,618,422,597,405,3,4,11,4,3,4,1,2,3,3,600,408,3,4,14,5,3,6,1,2,510,367,2,0,8,4,3,4,1,2,3,3,513,370,2,0,11,5,3,6,1,2,87,38,1,4,3,0,0,0,0,0,0,0,87,38,1,4,3,0,0,0,0,0
050,49,027,Utah,Millard County,2004,5,1247,713,534,691,515,3,5,10,5,4,5,1,1,4,3,695,518,3,5,13,6,5,7,1,1,611,470,2,0,7,5,4,5,1,1,3,3,614,473,2,0,9,6,5,7,1,1,80,45,1,5,3,0,0,0,0,0,1,0,81,45,1,5,4,0,0,0,0,0
050,49,027,Utah,Millard County,2000c,6,593,300,293,287,281,0,0,8,10,1,1,0,0,4,1,291,282,0,0,12,11,1,1,0,0,232,239,0,0,5,10,1,1,0,0,3,1,235,240,0,0,8,11,1,1,0,0,55,42,0,0,3,0,0,0,0,0,1,0,56,42,0,0,4,0,0,0,0,0
050,49,027,Utah,Millard County,2000a,6,593,300,293,287,281,0,0,8,10,1,1,0,0,4,1,291,282,0,0,12,11,1,1,0,0,232,239,0,0,5,10,1,1,0,0,3,1,235,240,0,0,8,11,1,1,0,0,55,42,0,0,3,0,0,0,0,0,1,0,56,42,0,0,4,0,0,0,0,0
050,49,027,Utah,Millard County,2000,6,599,303,296,294,285,0,0,8,10,1,1,0,0,0,0,294,285,0,0,8,10,1,1,0,0,237,243,0,0,5,10,1,1,0,0,0,0,237,243,0,0,5,10,1,1,0,0,57,42,0,0,3,0,0,0,0,0,0,0,57,42,0,0,3,0,0,0,0,0
050,49,027,Utah,Millard County,2001,6,539,266,273,256,264,0,0,9,8,1,1,0,0,0,0,256,264,0,0,9,8,1,1,0,0,206,229,0,0,5,8,1,1,0,0,0,0,206,229,0,0,5,8,1,1,0,0,50,35,0,0,4,0,0,0,0,0,0,0,50,35,0,0,4,0,0,0,0,0
050,49,027,Utah,Millard County,2002,6,512,249,263,240,255,0,0,8,7,1,1,0,0,0,0,240,255,0,0,8,7,1,1,0,0,184,221,0,0,4,7,1,1,0,0,0,0,184,221,0,0,4,7,1,1,0,0,56,34,0,0,4,0,0,0,0,0,0,0,56,34,0,0,4,0,0,0,0,0
050,49,027,Utah,Millard County,2003,6,496,249,247,235,236,0,0,12,9,1,1,0,0,1,1,236,237,0,0,13,10,1,1,0,0,172,194,0,0,7,6,1,1,0,0,1,0,173,194,0,0,8,6,1,1,0,0,63,42,0,0,5,3,0,0,0,0,0,1,63,43,0,0,5,4,0,0,0,0
050,49,027,Utah,Millard County,2004,6,456,248,208,235,199,0,0,11,7,1,1,0,0,1,1,236,200,0,0,12,8,1,1,0,0,153,158,0,0,7,4,1,1,0,0,1,0,154,158,0,0,8,4,1,1,0,0,82,41,0,0,4,3,0,0,0,0,0,1,82,42,0,0,4,4,0,0,0,0
050,49,027,Utah,Millard County,2000c,7,565,274,291,261,277,0,0,6,11,3,0,0,0,4,3,265,280,0,0,9,13,3,1,1,0,228,247,0,0,4,11,3,0,0,0,3,2,231,249,0,0,6,12,3,1,1,0,33,30,0,0,2,0,0,0,0,0,1,1,34,31,0,0,3,1,0,0,0,0
050,49,027,Utah,Millard County,2000a,7,565,274,291,261,277,0,0,6,11,3,0,0,0,4,3,265,280,0,0,9,13,3,1,1,0,228,247,0,0,4,11,3,0,0,0,3,2,231,249,0,0,6,12,3,1,1,0,33,30,0,0,2,0,0,0,0,0,1,1,34,31,0,0,3,1,0,0,0,0
050,49,027,Utah,Millard County,2000,7,564,273,291,264,278,0,0,6,11,2,0,1,0,0,2,264,280,0,0,6,13,2,0,1,0,230,247,0,0,4,11,2,0,1,0,0,2,230,249,0,0,4,13,2,0,1,0,34,31,0,0,2,0,0,0,0,0,0,0,34,31,0,0,2,0,0,0,0,0
050,49,027,Utah,Millard County,2001,7,559,277,282,269,267,0,0,5,13,2,0,1,0,0,2,269,269,0,0,5,15,2,0,1,0,227,239,0,0,3,13,2,0,1,0,0,2,227,241,0,0,3,15,2,0,1,0,42,28,0,0,2,0,0,0,0,0,0,0,42,28,0,0,2,0,0,0,0,0
050,49,027,Utah,Millard County,2002,7,552,275,277,267,265,0,0,7,11,1,0,0,0,0,1,267,266,0,0,7,12,1,0,0,0,218,233,0,0,4,11,1,0,0,0,0,1,218,234,0,0,4,12,1,0,0,0,49,32,0,0,3,0,0,0,0,0,0,0,49,32,0,0,3,0,0,0,0,0
050,49,027,Utah,Millard County,2003,7,571,289,282,281,272,0,0,7,9,1,1,0,0,0,0,281,272,0,0,7,9,1,1,0,0,221,237,0,0,5,9,1,1,0,0,0,0,221,237,0,0,5,9,1,1,0,0,60,35,0,0,2,0,0,0,0,0,0,0,60,35,0,0,2,0,0,0,0,0
050,49,027,Utah,Millard County,2004,7,555,287,268,281,258,0,0,5,9,1,1,0,0,0,0,281,258,0,0,5,9,1,1,0,0,208,218,0,0,4,9,1,1,0,0,0,0,208,218,0,0,4,9,1,1,0,0,73,40,0,0,1,0,0,0,0,0,0,0,73,40,0,0,1,0,0,0,0,0
050,49,027,Utah,Millard County,2000c,8,790,395,395,384,380,0,0,7,6,2,2,1,3,1,4,385,384,0,1,8,8,2,3,1,3,339,363,0,0,6,5,2,2,1,3,1,3,340,366,0,0,7,7,2,3,1,3,45,17,0,0,1,1,0,0,0,0,0,1,45,18,0,1,1,1,0,0,0,0
050,49,027,Utah,Millard County,2000a,8,790,395,395,384,380,0,0,7,6,2,2,1,3,1,4,385,384,0,1,8,8,2,3,1,3,339,363,0,0,6,5,2,2,1,3,1,3,340,366,0,0,7,7,2,3,1,3,45,17,0,0,1,1,0,0,0,0,0,1,45,18,0,1,1,1,0,0,0,0
050,49,027,Utah,Millard County,2000,8,781,391,390,380,378,0,0,7,6,3,4,0,1,1,1,381,379,0,0,8,7,3,4,0,1,335,360,0,0,6,5,3,4,0,1,1,1,336,361,0,0,7,6,3,4,0,1,45,18,0,0,1,1,0,0,0,0,0,0,45,18,0,0,1,1,0,0,0,0
050,49,027,Utah,Millard County,2001,8,699,352,347,343,337,0,1,6,6,2,2,0,0,1,1,344,338,0,1,7,7,2,2,0,0,297,316,0,0,5,5,2,2,0,0,1,1,298,317,0,0,6,6,2,2,0,0,46,21,0,1,1,1,0,0,0,0,0,0,46,21,0,1,1,1,0,0,0,0
050,49,027,Utah,Millard County,2002,8,637,328,309,317,299,0,1,6,7,3,1,1,0,1,1,318,300,0,1,7,8,3,1,1,0,273,274,0,0,5,6,3,1,1,0,1,1,274,275,0,0,6,7,3,1,1,0,44,25,0,1,1,1,0,0,0,0,0,0,44,25,0,1,1,1,0,0,0,0
050,49,027,Utah,Millard County,2003,8,576,285,291,276,278,0,1,7,10,2,1,0,0,0,1,276,279,0,1,7,11,2,1,0,0,228,244,0,0,5,10,2,1,0,0,0,1,228,245,0,0,5,11,2,1,0,0,48,34,0,1,2,0,0,0,0,0,0,0,48,34,0,1,2,0,0,0,0,0
050,49,027,Utah,Millard County,2004,8,543,262,281,249,269,0,1,10,9,2,1,1,0,0,1,249,270,0,1,10,10,2,1,1,0,203,229,0,0,7,9,2,1,1,0,0,1,203,230,0,0,7,10,2,1,1,0,46,40,0,1,3,0,0,0,0,0,0,0,46,40,0,1,3,0,0,0,0,0
050,49,027,Utah,Millard County,2000c,9,895,467,428,453,420,0,1,4,3,4,4,0,0,6,0,459,420,0,1,9,3,4,4,1,0,426,404,0,1,1,3,4,4,0,0,6,0,432,404,0,1,6,3,4,4,1,0,27,16,0,0,3,0,0,0,0,0,0,0,27,16,0,0,3,0,0,0,0,0
050,49,027,Utah,Millard County,2000a,9,895,467,428,453,420,0,1,4,3,4,4,0,0,6,0,459,420,0,1,9,3,4,4,1,0,426,404,0,1,1,3,4,4,0,0,6,0,432,404,0,1,6,3,4,4,1,0,27,16,0,0,3,0,0,0,0,0,0,0,27,16,0,0,3,0,0,0,0,0
050,49,027,Utah,Millard County,2000,9,890,464,426,454,418,0,1,5,3,4,3,1,1,0,0,454,418,0,1,5,3,4,3,1,1,427,402,0,1,2,3,4,3,1,1,0,0,427,402,0,1,2,3,4,3,1,1,27,16,0,0,3,0,0,0,0,0,0,0,27,16,0,0,3,0,0,0,0,0
050,49,027,Utah,Millard County,2001,9,932,470,462,456,450,0,1,7,4,4,5,1,2,2,0,458,450,0,1,9,4,4,5,1,2,425,434,0,1,5,4,4,5,1,2,2,0,427,434,0,1,7,4,4,5,1,2,31,16,0,0,2,0,0,0,0,0,0,0,31,16,0,0,2,0,0,0,0,0
050,49,027,Utah,Millard County,2002,9,898,431,467,420,454,0,0,6,4,3,7,1,2,1,0,421,454,0,0,7,4,3,7,1,2,382,437,0,0,4,4,3,7,1,2,1,0,383,437,0,0,5,4,3,7,1,2,38,17,0,0,2,0,0,0,0,0,0,0,38,17,0,0,2,0,0,0,0,0
050,49,027,Utah,Millard County,2003,9,852,416,436,406,426,0,0,6,4,3,5,0,1,1,0,407,426,0,0,7,4,3,5,0,1,364,414,0,0,5,3,3,5,0,1,1,0,365,414,0,0,6,3,3,5,0,1,42,12,0,0,1,1,0,0,0,0,0,0,42,12,0,0,1,1,0,0,0,0
050,49,027,Utah,Millard County,2004,9,805,399,406,393,393,0,0,3,6,2,4,0,2,1,1,394,394,0,0,4,7,2,4,0,2,345,380,0,0,3,5,2,4,0,2,1,1,346,381,0,0,4,6,2,4,0,2,48,13,0,0,0,1,0,0,0,0,0,0,48,13,0,0,0,1,0,0,0,0
050,49,027,Utah,Millard County,2000c,10,790,402,388,395,382,0,0,2,3,3,2,1,0,1,1,396,383,0,0,3,3,3,3,1,0,376,373,0,0,2,3,3,2,1,0,1,1,377,374,0,0,3,3,3,3,1,0,19,9,0,0,0,0,0,0,0,0,0,0,19,9,0,0,0,0,0,0,0,0
050,49,027,Utah,Millard County,2000a,10,790,402,388,395,382,0,0,2,3,3,2,1,0,1,1,396,383,0,0,3,3,3,3,1,0,376,373,0,0,2,3,3,2,1,0,1,1,377,374,0,0,3,3,3,3,1,0,19,9,0,0,0,0,0,0,0,0,0,0,19,9,0,0,0,0,0,0,0,0
050,49,027,Utah,Millard County,2000,10,790,402,388,397,383,0,0,2,3,2,2,1,0,0,0,397,383,0,0,2,3,2,2,1,0,378,374,0,0,2,3,2,2,1,0,0,0,378,374,0,0,2,3,2,2,1,0,19,9,0,0,0,0,0,0,0,0,0,0,19,9,0,0,0,0,0,0,0,0
050,49,027,Utah,Millard County,2001,10,799,424,375,417,370,0,0,2,3,3,2,2,0,0,0,417,370,0,0,2,3,3,2,2,0,394,360,0,0,1,3,3,2,2,0,0,0,394,360,0,0,1,3,3,2,2,0,23,10,0,0,1,0,0,0,0,0,0,0,23,10,0,0,1,0,0,0,0,0
050,49,027,Utah,Millard County,2002,10,821,439,382,431,376,0,1,2,3,4,2,2,0,0,0,431,376,0,1,2,3,4,2,2,0,408,363,0,1,1,3,4,2,2,0,0,0,408,363,0,1,1,3,4,2,2,0,23,13,0,0,1,0,0,0,0,0,0,0,23,13,0,0,1,0,0,0,0,0
050,49,027,Utah,Millard County,2003,10,854,444,410,435,402,0,1,3,4,4,3,2,0,0,0,435,402,0,1,3,4,4,3,2,0,408,384,0,1,1,4,4,3,2,0,0,0,408,384,0,1,1,4,4,3,2,0,27,18,0,0,2,0,0,0,0,0,0,0,27,18,0,0,2,0,0,0,0,0
050,49,027,Utah,Millard County,2004,10,839,437,402,425,393,0,1,5,5,5,3,2,0,0,0,425,393,0,1,5,5,5,3,2,0,396,373,0,1,2,5,5,3,2,0,0,0,396,373,0,1,2,5,5,3,2,0,29,20,0,0,3,0,0,0,0,0,0,0,29,20,0,0,3,0,0,0,0,0
050,49,027,Utah,Millard County,2000c,11,642,329,313,322,306,0,0,4,4,0,3,0,0,3,0,325,306,0,0,7,4,0,3,0,0,308,295,0,0,3,4,0,3,0,0,3,0,311,295,0,0,6,4,0,3,0,0,14,11,0,0,1,0,0,0,0,0,0,0,14,11,0,0,1,0,0,0,0,0
050,49,027,Utah,Millard County,2000a,11,642,329,313,322,306,0,0,4,4,0,3,0,0,3,0,325,306,0,0,7,4,0,3,0,0,308,295,0,0,3,4,0,3,0,0,3,0,311,295,0,0,6,4,0,3,0,0,14,11,0,0,1,0,0,0,0,0,0,0,14,11,0,0,1,0,0,0,0,0
050,49,027,Utah,Millard County,2000,11,648,330,318,326,310,0,0,4,4,0,2,0,0,0,2,326,312,0,0,4,6,0,2,0,0,312,299,0,0,3,4,0,2,0,0,0,2,312,301,0,0,3,6,0,2,0,0,14,11,0,0,1,0,0,0,0,0,0,0,14,11,0,0,1,0,0,0,0,0
050,49,027,Utah,Millard County,2001,11,681,345,336,340,328,0,0,4,4,0,3,0,0,1,1,341,329,0,0,5,5,0,3,0,0,326,318,0,0,3,4,0,3,0,0,1,1,327,319,0,0,4,5,0,3,0,0,14,10,0,0,1,0,0,0,0,0,0,0,14,10,0,0,1,0,0,0,0,0
050,49,027,Utah,Millard County,2002,11,684,361,323,357,316,0,0,4,3,0,3,0,0,0,1,357,317,0,0,4,4,0,3,0,0,341,309,0,0,3,3,0,3,0,0,0,1,341,310,0,0,3,4,0,3,0,0,16,7,0,0,1,0,0,0,0,0,0,0,16,7,0,0,1,0,0,0,0,0
050,49,027,Utah,Millard County,2003,11,714,381,333,377,329,0,0,2,3,1,1,1,0,0,0,377,329,0,0,2,3,1,1,1,0,360,323,0,0,2,3,1,1,1,0,0,0,360,323,0,0,2,3,1,1,1,0,17,6,0,0,0,0,0,0,0,0,0,0,17,6,0,0,0,0,0,0,0,0
050,49,027,Utah,Millard County,2004,11,770,406,364,402,361,0,0,2,1,1,2,1,0,0,0,402,361,0,0,2,1,1,2,1,0,380,354,0,0,2,1,1,2,1,0,0,0,380,354,0,0,2,1,1,2,1,0,22,7,0,0,0,0,0,0,0,0,0,0,22,7,0,0,0,0,0,0,0,0
050,49,027,Utah,Millard County,2000c,12,535,274,261,272,253,0,0,2,4,0,3,0,1,0,0,272,253,0,0,2,4,0,3,0,1,267,248,0,0,2,4,0,3,0,1,0,0,267,248,0,0,2,4,0,3,0,1,5,5,0,0,0,0,0,0,0,0,0,0,5,5,0,0,0,0,0,0,0,0
050,49,027,Utah,Millard County,2000a,12,535,274,261,272,253,0,0,2,4,0,3,0,1,0,0,272,253,0,0,2,4,0,3,0,1,267,248,0,0,2,4,0,3,0,1,0,0,267,248,0,0,2,4,0,3,0,1,5,5,0,0,0,0,0,0,0,0,0,0,5,5,0,0,0,0,0,0,0,0
050,49,027,Utah,Millard County,2000,12,535,275,260,273,252,0,0,2,3,0,4,0,0,0,1,273,253,0,0,2,4,0,4,0,0,268,247,0,0,2,3,0,4,0,0,0,1,268,248,0,0,2,4,0,4,0,0,5,5,0,0,0,0,0,0,0,0,0,0,5,5,0,0,0,0,0,0,0,0
050,49,027,Utah,Millard County,2001,12,529,268,261,265,254,0,0,3,3,0,2,0,1,0,1,265,255,0,0,3,4,0,2,0,1,260,245,0,0,3,3,0,2,0,1,0,1,260,246,0,0,3,4,0,2,0,1,5,9,0,0,0,0,0,0,0,0,0,0,5,9,0,0,0,0,0,0,0,0
050,49,027,Utah,Millard County,2002,12,562,274,288,270,280,0,0,3,4,0,3,0,0,1,1,271,281,0,0,4,5,0,3,0,0,263,270,0,0,3,4,0,3,0,0,1,1,264,271,0,0,4,5,0,3,0,0,7,10,0,0,0,0,0,0,0,0,0,0,7,10,0,0,0,0,0,0,0,0
050,49,027,Utah,Millard County,2003,12,563,279,284,274,274,0,0,4,4,0,5,0,0,1,1,275,275,0,0,5,5,0,5,0,0,267,262,0,0,3,4,0,5,0,0,1,1,268,263,0,0,4,5,0,5,0,0,7,12,0,0,1,0,0,0,0,0,0,0,7,12,0,0,1,0,0,0,0,0
050,49,027,Utah,Millard County,2004,12,568,288,280,284,273,0,0,4,4,0,3,0,0,0,0,284,273,0,0,4,4,0,3,0,0,275,260,0,0,3,4,0,3,0,0,0,0,275,260,0,0,3,4,0,3,0,0,9,13,0,0,1,0,0,0,0,0,0,0,9,13,0,0,1,0,0,0,0,0
050,49,027,Utah,Millard County,2000c,13,445,228,217,225,214,0,0,0,1,1,0,0,1,2,1,226,215,1,0,1,2,2,0,0,1,219,210,0,0,0,1,1,0,0,1,2,1,220,211,1,0,1,2,2,0,0,1,6,4,0,0,0,0,0,0,0,0,0,0,6,4,0,0,0,0,0,0,0,0
050,49,027,Utah,Millard County,2000a,13,445,228,217,225,214,0,0,0,1,1,0,0,1,2,1,226,215,1,0,1,2,2,0,0,1,219,210,0,0,0,1,1,0,0,1,2,1,220,211,1,0,1,2,2,0,0,1,6,4,0,0,0,0,0,0,0,0,0,0,6,4,0,0,0,0,0,0,0,0
050,49,027,Utah,Millard County,2000,13,444,227,217,226,215,0,0,0,1,1,1,0,0,0,0,226,215,0,0,0,1,1,1,0,0,220,211,0,0,0,1,1,1,0,0,0,0,220,211,0,0,0,1,1,1,0,0,6,4,0,0,0,0,0,0,0,0,0,0,6,4,0,0,0,0,0,0,0,0
050,49,027,Utah,Millard County,2001,13,446,223,223,222,219,0,0,0,2,1,2,0,0,0,0,222,219,0,0,0,2,1,2,0,0,216,215,0,0,0,2,1,2,0,0,0,0,216,215,0,0,0,2,1,2,0,0,6,4,0,0,0,0,0,0,0,0,0,0,6,4,0,0,0,0,0,0,0,0
050,49,027,Utah,Millard County,2002,13,439,229,210,227,207,0,0,1,1,1,2,0,0,0,0,227,207,0,0,1,1,1,2,0,0,220,201,0,0,1,1,1,2,0,0,0,0,220,201,0,0,1,1,1,2,0,0,7,6,0,0,0,0,0,0,0,0,0,0,7,6,0,0,0,0,0,0,0,0
050,49,027,Utah,Millard County,2003,13,457,240,217,237,215,0,0,2,1,1,1,0,0,0,0,237,215,0,0,2,1,1,1,0,0,232,208,0,0,2,1,1,1,0,0,0,0,232,208,0,0,2,1,1,1,0,0,5,7,0,0,0,0,0,0,0,0,0,0,5,7,0,0,0,0,0,0,0,0
050,49,027,Utah,Millard County,2004,13,505,260,245,257,238,0,0,2,3,1,3,0,0,0,1,257,239,0,0,2,4,1,3,0,0,253,231,0,0,2,3,1,3,0,0,0,1,253,232,0,0,2,4,1,3,0,0,4,7,0,0,0,0,0,0,0,0,0,0,4,7,0,0,0,0,0,0,0,0
050,49,027,Utah,Millard County,2000c,14,417,189,228,187,227,0,0,2,1,0,0,0,0,0,0,187,227,0,0,2,1,0,0,0,0,186,225,0,0,2,1,0,0,0,0,0,0,186,225,0,0,2,1,0,0,0,0,1,2,0,0,0,0,0,0,0,0,0,0,1,2,0,0,0,0,0,0,0,0
050,49,027,Utah,Millard County,2000a,14,417,189,228,187,227,0,0,2,1,0,0,0,0,0,0,187,227,0,0,2,1,0,0,0,0,186,225,0,0,2,1,0,0,0,0,0,0,186,225,0,0,2,1,0,0,0,0,1,2,0,0,0,0,0,0,0,0,0,0,1,2,0,0,0,0,0,0,0,0
050,49,027,Utah,Millard County,2000,14,417,189,228,187,227,0,0,2,1,0,0,0,0,0,0,187,227,0,0,2,1,0,0,0,0,186,225,0,0,2,1,0,0,0,0,0,0,186,225,0,0,2,1,0,0,0,0,1,2,0,0,0,0,0,0,0,0,0,0,1,2,0,0,0,0,0,0,0,0
050,49,027,Utah,Millard County,2001,14,405,189,216,188,215,0,0,1,1,0,0,0,0,0,0,188,215,0,0,1,1,0,0,0,0,185,213,0,0,1,1,0,0,0,0,0,0,185,213,0,0,1,1,0,0,0,0,3,2,0,0,0,0,0,0,0,0,0,0,3,2,0,0,0,0,0,0,0,0
050,49,027,Utah,Millard County,2002,14,410,196,214,195,212,0,0,1,2,0,0,0,0,0,0,195,212,0,0,1,2,0,0,0,0,192,209,0,0,1,2,0,0,0,0,0,0,192,209,0,0,1,2,0,0,0,0,3,3,0,0,0,0,0,0,0,0,0,0,3,3,0,0,0,0,0,0,0,0
050,49,027,Utah,Millard County,2003,14,417,204,213,202,210,1,0,1,2,0,1,0,0,0,0,202,210,1,0,1,2,0,1,0,0,196,206,1,0,1,2,0,1,0,0,0,0,196,206,1,0,1,2,0,1,0,0,6,4,0,0,0,0,0,0,0,0,0,0,6,4,0,0,0,0,0,0,0,0
050,49,027,Utah,Millard County,2004,14,403,196,207,194,204,1,0,1,2,0,1,0,0,0,0,194,204,1,0,1,2,0,1,0,0,187,199,1,0,1,2,0,1,0,0,0,0,187,199,1,0,1,2,0,1,0,0,7,5,0,0,0,0,0,0,0,0,0,0,7,5,0,0,0,0,0,0,0,0
050,49,027,Utah,Millard County,2000c,15,403,204,199,203,199,0,0,1,0,0,0,0,0,0,0,203,199,0,0,1,0,0,0,0,0,201,198,0,0,1,0,0,0,0,0,0,0,201,198,0,0,1,0,0,0,0,0,2,1,0,0,0,0,0,0,0,0,0,0,2,1,0,0,0,0,0,0,0,0
050,49,027,Utah,Millard County,2000a,15,403,204,199,203,199,0,0,1,0,0,0,0,0,0,0,203,199,0,0,1,0,0,0,0,0,201,198,0,0,1,0,0,0,0,0,0,0,201,198,0,0,1,0,0,0,0,0,2,1,0,0,0,0,0,0,0,0,0,0,2,1,0,0,0,0,0,0,0,0
050,49,027,Utah,Millard County,2000,15,403,205,198,204,198,0,0,1,0,0,0,0,0,0,0,204,198,0,0,1,0,0,0,0,0,202,197,0,0,1,0,0,0,0,0,0,0,202,197,0,0,1,0,0,0,0,0,2,1,0,0,0,0,0,0,0,0,0,0,2,1,0,0,0,0,0,0,0,0
050,49,027,Utah,Millard County,2001,15,403,197,206,196,206,0,0,1,0,0,0,0,0,0,0,196,206,0,0,1,0,0,0,0,0,194,205,0,0,1,0,0,0,0,0,0,0,194,205,0,0,1,0,0,0,0,0,2,1,0,0,0,0,0,0,0,0,0,0,2,1,0,0,0,0,0,0,0,0
050,49,027,Utah,Millard County,2002,15,403,187,216,186,216,0,0,1,0,0,0,0,0,0,0,186,216,0,0,1,0,0,0,0,0,184,215,0,0,1,0,0,0,0,0,0,0,184,215,0,0,1,0,0,0,0,0,2,1,0,0,0,0,0,0,0,0,0,0,2,1,0,0,0,0,0,0,0,0
050,49,027,Utah,Millard County,2003,15,382,169,213,168,213,0,0,1,0,0,0,0,0,0,0,168,213,0,0,1,0,0,0,0,0,167,212,0,0,1,0,0,0,0,0,0,0,167,212,0,0,1,0,0,0,0,0,1,1,0,0,0,0,0,0,0,0,0,0,1,1,0,0,0,0,0,0,0,0
050,49,027,Utah,Millard County,2004,15,367,160,207,159,207,0,0,1,0,0,0,0,0,0,0,159,207,0,0,1,0,0,0,0,0,158,206,0,0,1,0,0,0,0,0,0,0,158,206,0,0,1,0,0,0,0,0,1,1,0,0,0,0,0,0,0,0,0,0,1,1,0,0,0,0,0,0,0,0
050,49,027,Utah,Millard County,2000c,16,300,129,171,129,171,0,0,0,0,0,0,0,0,0,0,129,171,0,0,0,0,0,0,0,0,126,169,0,0,0,0,0,0,0,0,0,0,126,169,0,0,0,0,0,0,0,0,3,2,0,0,0,0,0,0,0,0,0,0,3,2,0,0,0,0,0,0,0,0
050,49,027,Utah,Millard County,2000a,16,300,129,171,129,171,0,0,0,0,0,0,0,0,0,0,129,171,0,0,0,0,0,0,0,0,126,169,0,0,0,0,0,0,0,0,0,0,126,169,0,0,0,0,0,0,0,0,3,2,0,0,0,0,0,0,0,0,0,0,3,2,0,0,0,0,0,0,0,0
050,49,027,Utah,Millard County,2000,16,302,129,173,129,173,0,0,0,0,0,0,0,0,0,0,129,173,0,0,0,0,0,0,0,0,126,171,0,0,0,0,0,0,0,0,0,0,126,171,0,0,0,0,0,0,0,0,3,2,0,0,0,0,0,0,0,0,0,0,3,2,0,0,0,0,0,0,0,0
050,49,027,Utah,Millard County,2001,16,324,140,184,139,184,0,0,1,0,0,0,0,0,0,0,139,184,0,0,1,0,0,0,0,0,137,183,0,0,1,0,0,0,0,0,0,0,137,183,0,0,1,0,0,0,0,0,2,1,0,0,0,0,0,0,0,0,0,0,2,1,0,0,0,0,0,0,0,0
050,49,027,Utah,Millard County,2002,16,320,144,176,143,176,0,0,1,0,0,0,0,0,0,0,143,176,0,0,1,0,0,0,0,0,141,175,0,0,1,0,0,0,0,0,0,0,141,175,0,0,1,0,0,0,0,0,2,1,0,0,0,0,0,0,0,0,0,0,2,1,0,0,0,0,0,0,0,0
050,49,027,Utah,Millard County,2003,16,313,157,156,156,156,0,0,1,0,0,0,0,0,0,0,156,156,0,0,1,0,0,0,0,0,155,156,0,0,1,0,0,0,0,0,0,0,155,156,0,0,1,0,0,0,0,0,1,0,0,0,0,0,0,0,0,0,0,0,1,0,0,0,0,0,0,0,0,0
050,49,027,Utah,Millard County,2004,16,318,162,156,161,156,0,0,1,0,0,0,0,0,0,0,161,156,0,0,1,0,0,0,0,0,160,156,0,0,1,0,0,0,0,0,0,0,160,156,0,0,1,0,0,0,0,0,1,0,0,0,0,0,0,0,0,0,0,0,1,0,0,0,0,0,0,0,0,0
050,49,027,Utah,Millard County,2000c,17,235,107,128,105,127,0,0,0,0,1,1,0,0,1,0,106,127,0,0,0,0,2,1,0,0,104,126,0,0,0,0,1,1,0,0,1,0,105,126,0,0,0,0,2,1,0,0,1,1,0,0,0,0,0,0,0,0,0,0,1,1,0,0,0,0,0,0,0,0
050,49,027,Utah,Millard County,2000a,17,235,107,128,105,127,0,0,0,0,1,1,0,0,1,0,106,127,0,0,0,0,2,1,0,0,104,126,0,0,0,0,1,1,0,0,1,0,105,126,0,0,0,0,2,1,0,0,1,1,0,0,0,0,0,0,0,0,0,0,1,1,0,0,0,0,0,0,0,0
050,49,027,Utah,Millard County,2000,17,237,109,128,107,127,0,0,0,0,2,1,0,0,0,0,107,127,0,0,0,0,2,1,0,0,106,126,0,0,0,0,2,1,0,0,0,0,106,126,0,0,0,0,2,1,0,0,1,1,0,0,0,0,0,0,0,0,0,0,1,1,0,0,0,0,0,0,0,0
050,49,027,Utah,Millard County,2001,17,227,104,123,103,123,0,0,0,0,1,0,0,0,0,0,103,123,0,0,0,0,1,0,0,0,101,122,0,0,0,0,1,0,0,0,0,0,101,122,0,0,0,0,1,0,0,0,2,1,0,0,0,0,0,0,0,0,0,0,2,1,0,0,0,0,0,0,0,0
050,49,027,Utah,Millard County,2002,17,225,95,130,94,130,0,0,0,0,1,0,0,0,0,0,94,130,0,0,0,0,1,0,0,0,92,129,0,0,0,0,1,0,0,0,0,0,92,129,0,0,0,0,1,0,0,0,2,1,0,0,0,0,0,0,0,0,0,0,2,1,0,0,0,0,0,0,0,0
050,49,027,Utah,Millard County,2003,17,215,85,130,84,130,0,0,0,0,1,0,0,0,0,0,84,130,0,0,0,0,1,0,0,0,80,128,0,0,0,0,1,0,0,0,0,0,80,128,0,0,0,0,1,0,0,0,4,2,0,0,0,0,0,0,0,0,0,0,4,2,0,0,0,0,0,0,0,0
050,49,027,Utah,Millard County,2004,17,192,74,118,73,118,0,0,0,0,1,0,0,0,0,0,73,118,0,0,0,0,1,0,0,0,70,116,0,0,0,0,1,0,0,0,0,0,70,116,0,0,0,0,1,0,0,0,3,2,0,0,0,0,0,0,0,0,0,0,3,2,0,0,0,0,0,0,0,0
050,49,027,Utah,Millard County,2000c,18,174,61,113,61,112,0,0,0,0,0,1,0,0,0,0,61,112,0,0,0,0,0,1,0,0,61,110,0,0,0,0,0,1,0,0,0,0,61,110,0,0,0,0,0,1,0,0,0,2,0,0,0,0,0,0,0,0,0,0,0,2,0,0,0,0,0,0,0,0
050,49,027,Utah,Millard County,2000a,18,174,61,113,61,112,0,0,0,0,0,1,0,0,0,0,61,112,0,0,0,0,0,1,0,0,61,110,0,0,0,0,0,1,0,0,0,0,61,110,0,0,0,0,0,1,0,0,0,2,0,0,0,0,0,0,0,0,0,0,0,2,0,0,0,0,0,0,0,0
050,49,027,Utah,Millard County,2000,18,176,62,114,62,113,0,0,0,0,0,1,0,0,0,0,62,113,0,0,0,0,0,1,0,0,62,111,0,0,0,0,0,1,0,0,0,0,62,111,0,0,0,0,0,1,0,0,0,2,0,0,0,0,0,0,0,0,0,0,0,2,0,0,0,0,0,0,0,0
050,49,027,Utah,Millard County,2001,18,179,63,116,63,114,0,0,0,0,0,1,0,1,0,0,63,114,0,0,0,0,0,1,0,1,63,112,0,0,0,0,0,1,0,1,0,0,63,112,0,0,0,0,0,1,0,1,0,2,0,0,0,0,0,0,0,0,0,0,0,2,0,0,0,0,0,0,0,0
050,49,027,Utah,Millard County,2002,18,184,67,117,67,116,0,0,0,0,0,1,0,0,0,0,67,116,0,0,0,0,0,1,0,0,67,114,0,0,0,0,0,1,0,0,0,0,67,114,0,0,0,0,0,1,0,0,0,2,0,0,0,0,0,0,0,0,0,0,0,2,0,0,0,0,0,0,0,0
050,49,027,Utah,Millard County,2003,18,177,62,115,62,114,0,0,0,0,0,1,0,0,0,0,62,114,0,0,0,0,0,1,0,0,62,112,0,0,0,0,0,1,0,0,0,0,62,112,0,0,0,0,0,1,0,0,0,2,0,0,0,0,0,0,0,0,0,0,0,2,0,0,0,0,0,0,0,0
050,49,027,Utah,Millard County,2004,18,184,63,121,63,120,0,0,0,0,0,1,0,0,0,0,63,120,0,0,0,0,0,1,0,0,62,118,0,0,0,0,0,1,0,0,0,0,62,118,0,0,0,0,0,1,0,0,1,2,0,0,0,0,0,0,0,0,0,0,1,2,0,0,0,0,0,0,0,0
050,49,029,Utah,Morgan County,2000c,0,7129,3616,3513,3573,3459,3,1,7,6,2,10,0,0,31,37,3604,3496,6,8,22,24,15,23,1,0,3531,3410,2,0,7,6,2,9,0,0,25,34,3556,3444,4,7,18,22,14,21,1,0,42,49,1,1,0,0,0,1,0,0,6,3,48,52,2,1,4,2,1,2,0,0
050,49,029,Utah,Morgan County,2000a,0,7129,3616,3513,3573,3459,3,1,7,6,2,10,0,0,31,37,3604,3496,6,8,22,24,15,23,1,0,3531,3410,2,0,7,6,2,9,0,0,25,34,3556,3444,4,7,18,22,14,21,1,0,42,49,1,1,0,0,0,1,0,0,6,3,48,52,2,1,4,2,1,2,0,0
050,49,029,Utah,Morgan County,2000,0,7162,3642,3520,3613,3486,2,1,3,4,0,7,0,0,24,22,3637,3508,8,4,12,13,9,17,0,0,3566,3435,1,1,3,4,0,7,0,0,22,22,3588,3457,5,4,12,13,9,17,0,0,47,51,1,0,0,0,0,0,0,0,2,0,49,51,3,0,0,0,0,0,0,0
050,49,029,Utah,Morgan County,2001,0,7307,3707,3600,3672,3550,2,3,4,7,2,9,0,0,27,31,3699,3581,8,7,14,18,13,25,0,0,3626,3495,1,2,4,7,2,8,0,0,24,31,3650,3526,5,6,13,18,13,24,0,0,46,55,1,1,0,0,0,1,0,0,3,0,49,55,3,1,1,0,0,1,0,0
050,49,029,Utah,Morgan County,2002,0,7423,3761,3662,3722,3614,2,3,6,7,2,9,0,0,29,29,3751,3643,8,7,17,19,14,22,0,0,3681,3560,1,2,6,7,2,8,0,0,26,29,3707,3589,5,6,16,19,14,21,0,0,41,54,1,1,0,0,0,1,0,0,3,0,44,54,3,1,1,0,0,1,0,0
050,49,029,Utah,Morgan County,2003,0,7487,3801,3686,3750,3634,2,3,5,8,1,8,0,0,43,33,3793,3667,9,9,28,22,14,21,0,0,3700,3579,1,2,5,8,1,7,0,0,41,30,3741,3609,7,7,27,21,14,19,0,0,50,55,1,1,0,0,0,1,0,0,2,3,52,58,2,2,1,1,0,2,0,0
050,49,029,Utah,Morgan County,2004,0,7614,3869,3745,3816,3686,1,3,7,8,2,9,0,0,43,39,3859,3725,13,15,25,22,15,22,0,0,3761,3625,1,2,7,8,2,8,0,0,42,36,3803,3661,13,13,24,22,15,19,0,0,55,61,0,1,0,0,0,1,0,0,1,3,56,64,0,2,1,0,0,3,0,0
050,49,029,Utah,Morgan County,2000c,1,581,302,279,297,272,1,0,0,0,0,0,0,0,4,7,301,279,2,0,1,5,3,2,0,0,291,266,1,0,0,0,0,0,0,0,4,7,295,273,2,0,1,5,3,2,0,0,6,6,0,0,0,0,0,0,0,0,0,0,6,6,0,0,0,0,0,0,0,0
050,49,029,Utah,Morgan County,2000a,1,581,302,279,297,272,1,0,0,0,0,0,0,0,4,7,301,279,2,0,1,5,3,2,0,0,291,266,1,0,0,0,0,0,0,0,4,7,295,273,2,0,1,5,3,2,0,0,6,6,0,0,0,0,0,0,0,0,0,0,6,6,0,0,0,0,0,0,0,0
050,49,029,Utah,Morgan County,2000,1,589,308,281,302,276,0,0,0,0,0,0,0,0,6,5,308,281,3,0,0,3,3,2,0,0,296,270,0,0,0,0,0,0,0,0,6,5,302,275,3,0,0,3,3,2,0,0,6,6,0,0,0,0,0,0,0,0,0,0,6,6,0,0,0,0,0,0,0,0
050,49,029,Utah,Morgan County,2001,1,587,299,288,294,283,0,0,0,0,0,0,0,0,5,5,299,288,2,0,0,2,3,3,0,0,289,275,0,0,0,0,0,0,0,0,5,5,294,280,2,0,0,2,3,3,0,0,5,8,0,0,0,0,0,0,0,0,0,0,5,8,0,0,0,0,0,0,0,0
050,49,029,Utah,Morgan County,2002,1,546,272,274,270,270,0,0,0,0,0,0,0,0,2,4,272,274,0,0,0,2,2,2,0,0,266,262,0,0,0,0,0,0,0,0,2,4,268,266,0,0,0,2,2,2,0,0,4,8,0,0,0,0,0,0,0,0,0,0,4,8,0,0,0,0,0,0,0,0
050,49,029,Utah,Morgan County,2003,1,508,256,252,253,249,0,0,0,1,0,0,0,0,3,2,256,251,1,0,0,2,2,1,0,0,248,244,0,0,0,1,0,0,0,0,3,2,251,246,1,0,0,2,2,1,0,0,5,5,0,0,0,0,0,0,0,0,0,0,5,5,0,0,0,0,0,0,0,0
050,49,029,Utah,Morgan County,2004,1,506,262,244,258,241,0,0,0,0,0,0,0,0,4,3,262,244,3,2,0,1,1,0,0,0,251,236,0,0,0,0,0,0,0,0,4,3,255,239,3,2,0,1,1,0,0,0,7,5,0,0,0,0,0,0,0,0,0,0,7,5,0,0,0,0,0,0,0,0
050,49,029,Utah,Morgan County,2000c,2,664,340,324,332,321,0,0,0,0,0,0,0,0,8,3,340,324,1,0,4,2,3,2,0,0,326,317,0,0,0,0,0,0,0,0,6,2,332,319,1,0,2,1,3,2,0,0,6,4,0,0,0,0,0,0,0,0,2,1,8,5,0,0,2,1,0,0,0,0
050,49,029,Utah,Morgan County,2000a,2,664,340,324,332,321,0,0,0,0,0,0,0,0,8,3,340,324,1,0,4,2,3,2,0,0,326,317,0,0,0,0,0,0,0,0,6,2,332,319,1,0,2,1,3,2,0,0,6,4,0,0,0,0,0,0,0,0,2,1,8,5,0,0,2,1,0,0,0,0
050,49,029,Utah,Morgan County,2000,2,660,339,321,335,319,0,0,0,0,0,0,0,0,4,2,339,321,1,0,1,0,2,2,0,0,327,314,0,0,0,0,0,0,0,0,4,2,331,316,1,0,1,0,2,2,0,0,8,5,0,0,0,0,0,0,0,0,0,0,8,5,0,0,0,0,0,0,0,0
050,49,029,Utah,Morgan County,2001,2,649,345,304,338,300,0,0,0,1,1,0,0,0,6,3,344,303,2,0,2,2,3,2,0,0,329,295,0,0,0,1,1,0,0,0,5,3,334,298,2,0,1,2,3,2,0,0,9,5,0,0,0,0,0,0,0,0,1,0,10,5,0,0,1,0,0,0,0,0
050,49,029,Utah,Morgan County,2002,2,655,336,319,329,315,0,0,0,1,0,0,0,0,7,3,336,318,4,0,1,2,2,2,0,0,322,308,0,0,0,1,0,0,0,0,7,3,329,311,4,0,1,2,2,2,0,0,7,7,0,0,0,0,0,0,0,0,0,0,7,7,0,0,0,0,0,0,0,0
050,49,029,Utah,Morgan County,2003,2,643,335,308,325,301,0,0,0,1,0,0,0,0,10,6,335,307,5,1,2,3,3,3,0,0,317,294,0,0,0,1,0,0,0,0,10,6,327,300,5,1,2,3,3,3,0,0,8,7,0,0,0,0,0,0,0,0,0,0,8,7,0,0,0,0,0,0,0,0
050,49,029,Utah,Morgan County,2004,2,631,332,299,322,287,0,0,0,1,0,0,0,0,10,11,332,298,6,5,1,3,3,4,0,0,314,280,0,0,0,1,0,0,0,0,10,11,324,291,6,5,1,3,3,4,0,0,8,7,0,0,0,0,0,0,0,0,0,0,8,7,0,0,0,0,0,0,0,0
050,49,029,Utah,Morgan County,2000c,3,826,455,371,447,365,1,0,2,0,1,0,0,0,4,6,451,371,2,2,3,1,3,3,0,0,441,357,0,0,2,0,1,0,0,0,2,6,443,363,0,2,3,1,2,3,0,0,6,8,1,0,0,0,0,0,0,0,2,0,8,8,2,0,0,0,1,0,0,0
050,49,029,Utah,Morgan County,2000a,3,826,455,371,447,365,1,0,2,0,1,0,0,0,4,6,451,371,2,2,3,1,3,3,0,0,441,357,0,0,2,0,1,0,0,0,2,6,443,363,0,2,3,1,2,3,0,0,6,8,1,0,0,0,0,0,0,0,2,0,8,8,2,0,0,0,1,0,0,0
050,49,029,Utah,Morgan County,2000,3,829,460,369,452,366,1,0,1,0,0,0,0,0,6,3,458,369,3,1,3,0,2,2,0,0,444,358,0,0,1,0,0,0,0,0,4,3,448,361,0,1,3,0,2,2,0,0,8,8,1,0,0,0,0,0,0,0,2,0,10,8,3,0,0,0,0,0,0,0
050,49,029,Utah,Morgan County,2001,3,816,446,370,438,363,1,0,1,0,0,0,0,0,6,7,444,370,3,2,2,1,3,4,0,0,434,357,0,0,1,0,0,0,0,0,4,7,438,364,0,2,2,1,3,4,0,0,4,6,1,0,0,0,0,0,0,0,2,0,6,6,3,0,0,0,0,0,0,0
050,49,029,Utah,Morgan County,2002,3,784,417,367,407,363,1,0,2,0,0,0,0,0,7,4,414,367,3,1,4,0,3,3,0,0,404,361,0,0,2,0,0,0,0,0,5,4,409,365,0,1,4,0,3,3,0,0,3,2,1,0,0,0,0,0,0,0,2,0,5,2,3,0,0,0,0,0,0,0
050,49,029,Utah,Morgan County,2003,3,747,388,359,380,355,0,0,2,0,0,0,0,0,6,4,386,359,0,1,6,1,2,2,0,0,376,350,0,0,2,0,0,0,0,0,5,4,381,354,0,1,5,1,2,2,0,0,4,5,0,0,0,0,0,0,0,0,1,0,5,5,0,0,1,0,0,0,0,0
050,49,029,Utah,Morgan County,2004,3,717,367,350,357,346,0,0,2,0,0,0,0,0,8,4,365,350,3,2,4,1,3,1,0,0,352,341,0,0,2,0,0,0,0,0,8,4,360,345,3,2,4,1,3,1,0,0,5,5,0,0,0,0,0,0,0,0,0,0,5,5,0,0,0,0,0,0,0,0
050,49,029,Utah,Morgan County,2000c,4,869,440,429,433,415,0,0,2,0,0,0,0,0,5,14,438,429,0,4,4,7,3,3,0,0,427,409,0,0,2,0,0,0,0,0,4,13,431,422,0,4,3,7,3,2,0,0,6,6,0,0,0,0,0,0,0,0,1,1,7,7,0,0,1,0,0,1,0,0
050,49,029,Utah,Morgan County,2000a,4,869,440,429,433,415,0,0,2,0,0,0,0,0,5,14,438,429,0,4,4,7,3,3,0,0,427,409,0,0,2,0,0,0,0,0,4,13,431,422,0,4,3,7,3,2,0,0,6,6,0,0,0,0,0,0,0,0,1,1,7,7,0,0,1,0,0,1,0,0
050,49,029,Utah,Morgan County,2000,4,871,440,431,434,422,0,1,1,2,0,0,0,0,5,6,439,428,0,3,4,4,2,2,0,0,428,416,0,1,1,2,0,0,0,0,5,6,433,422,0,3,4,4,2,2,0,0,6,6,0,0,0,0,0,0,0,0,0,0,6,6,0,0,0,0,0,0,0,0
050,49,029,Utah,Morgan County,2001,4,917,459,458,451,449,0,1,2,2,0,0,0,0,6,6,457,455,0,2,6,4,2,3,0,0,443,439,0,1,2,2,0,0,0,0,6,6,449,445,0,2,6,4,2,3,0,0,8,10,0,0,0,0,0,0,0,0,0,0,8,10,0,0,0,0,0,0,0,0
050,49,029,Utah,Morgan County,2002,4,896,464,432,457,423,0,1,2,1,0,0,0,0,5,7,462,430,0,3,5,3,2,3,0,0,448,412,0,1,2,1,0,0,0,0,5,7,453,419,0,3,5,3,2,3,0,0,9,11,0,0,0,0,0,0,0,0,0,0,9,11,0,0,0,0,0,0,0,0
050,49,029,Utah,Morgan County,2003,4,862,452,410,439,402,1,0,2,1,0,0,0,0,10,7,449,409,2,1,8,3,3,4,0,0,433,393,0,0,2,1,0,0,0,0,9,6,442,399,0,1,8,3,3,3,0,0,6,9,1,0,0,0,0,0,0,0,1,1,7,10,2,0,0,0,0,1,0,0
050,49,029,Utah,Morgan County,2004,4,818,430,388,422,384,0,0,1,0,1,0,0,0,6,4,428,388,0,0,4,1,4,3,0,0,417,375,0,0,1,0,1,0,0,0,6,4,423,379,0,0,4,1,4,3,0,0,5,9,0,0,0,0,0,0,0,0,0,0,5,9,0,0,0,0,0,0,0,0
050,49,029,Utah,Morgan County,2000c,5,398,229,169,227,165,0,1,1,2,0,1,0,0,1,0,228,165,0,1,1,2,1,1,0,0,224,162,0,0,1,2,0,1,0,0,1,0,225,162,0,0,1,2,1,1,0,0,3,3,0,1,0,0,0,0,0,0,0,0,3,3,0,1,0,0,0,0,0,0
050,49,029,Utah,Morgan County,2000a,5,398,229,169,227,165,0,1,1,2,0,1,0,0,1,0,228,165,0,1,1,2,1,1,0,0,224,162,0,0,1,2,0,1,0,0,1,0,225,162,0,0,1,2,1,1,0,0,3,3,0,1,0,0,0,0,0,0,0,0,3,3,0,1,0,0,0,0,0,0
050,49,029,Utah,Morgan County,2000,5,407,235,172,233,170,0,0,1,0,0,0,0,0,1,2,234,172,0,0,2,1,0,1,0,0,230,167,0,0,1,0,0,0,0,0,1,2,231,169,0,0,2,1,0,1,0,0,3,3,0,0,0,0,0,0,0,0,0,0,3,3,0,0,0,0,0,0,0,0
050,49,029,Utah,Morgan County,2001,5,508,284,224,282,214,0,2,1,2,0,1,0,0,1,5,283,219,0,3,2,4,0,3,0,0,278,212,0,1,1,2,0,1,0,0,1,5,279,217,0,2,2,4,0,3,0,0,4,2,0,1,0,0,0,0,0,0,0,0,4,2,0,1,0,0,0,0,0,0
050,49,029,Utah,Morgan County,2002,5,643,352,291,346,279,0,2,1,3,0,1,0,0,5,6,351,285,0,3,4,7,2,2,0,0,343,276,0,1,1,3,0,1,0,0,4,6,347,282,0,2,3,7,2,2,0,0,3,3,0,1,0,0,0,0,0,0,1,0,4,3,0,1,1,0,0,0,0,0
050,49,029,Utah,Morgan County,2003,5,758,402,356,395,342,0,3,1,2,0,1,0,0,6,8,401,350,0,6,5,5,2,3,0,0,388,339,0,2,1,2,0,1,0,0,6,7,394,346,0,4,5,5,2,3,0,0,7,3,0,1,0,0,0,0,0,0,0,1,7,4,0,2,0,0,0,0,0,0
050,49,029,Utah,Morgan County,2004,5,870,451,419,443,404,0,2,2,4,0,0,0,0,6,9,449,413,0,4,7,8,1,3,0,0,435,398,0,2,2,4,0,0,0,0,6,8,441,406,0,4,7,8,1,2,0,0,8,6,0,0,0,0,0,0,0,0,0,1,8,7,0,0,0,0,0,1,0,0
050,49,029,Utah,Morgan County,2000c,6,343,147,196,145,195,1,0,0,0,0,0,0,0,1,1,146,196,1,0,1,1,0,0,0,0,143,192,1,0,0,0,0,0,0,0,1,0,144,192,1,0,1,0,0,0,0,0,2,3,0,0,0,0,0,0,0,0,0,1,2,4,0,0,0,1,0,0,0,0
050,49,029,Utah,Morgan County,2000a,6,343,147,196,145,195,1,0,0,0,0,0,0,0,1,1,146,196,1,0,1,1,0,0,0,0,143,192,1,0,0,0,0,0,0,0,1,0,144,192,1,0,1,0,0,0,0,0,2,3,0,0,0,0,0,0,0,0,0,1,2,4,0,0,0,1,0,0,0,0
050,49,029,Utah,Morgan County,2000,6,356,154,202,153,202,1,0,0,0,0,0,0,0,0,0,153,202,1,0,0,0,0,0,0,0,151,198,1,0,0,0,0,0,0,0,0,0,151,198,1,0,0,0,0,0,0,0,2,4,0,0,0,0,0,0,0,0,0,0,2,4,0,0,0,0,0,0,0,0
050,49,029,Utah,Morgan County,2001,6,358,170,188,167,188,1,0,0,0,1,0,0,0,1,0,168,188,1,0,0,0,2,0,0,0,165,184,1,0,0,0,1,0,0,0,1,0,166,184,1,0,0,0,2,0,0,0,2,4,0,0,0,0,0,0,0,0,0,0,2,4,0,0,0,0,0,0,0,0
050,49,029,Utah,Morgan County,2002,6,356,180,176,175,176,1,0,1,0,1,0,0,0,2,0,177,176,1,0,2,0,2,0,0,0,174,174,1,0,1,0,1,0,0,0,2,0,176,174,1,0,2,0,2,0,0,0,1,2,0,0,0,0,0,0,0,0,0,0,1,2,0,0,0,0,0,0,0,0
050,49,029,Utah,Morgan County,2003,6,401,218,183,214,181,0,0,0,1,1,0,0,0,3,1,217,182,0,0,2,2,2,0,0,0,209,177,0,0,0,1,1,0,0,0,3,1,212,178,0,0,2,2,2,0,0,0,5,4,0,0,0,0,0,0,0,0,0,0,5,4,0,0,0,0,0,0,0,0
050,49,029,Utah,Morgan County,2004,6,456,252,204,247,197,0,1,0,1,1,1,0,0,4,4,251,201,0,2,2,3,3,2,0,0,242,191,0,0,0,1,1,1,0,0,4,3,246,194,0,0,2,3,3,2,0,0,5,6,0,1,0,0,0,0,0,0,0,1,5,7,0,2,0,0,0,0,0,0
050,49,029,Utah,Morgan County,2000c,7,331,155,176,153,174,0,0,0,0,0,1,0,0,2,1,155,175,0,0,2,0,0,2,0,0,152,171,0,0,0,0,0,1,0,0,1,1,153,172,0,0,1,0,0,2,0,0,1,3,0,0,0,0,0,0,0,0,1,0,2,3,0,0,1,0,0,0,0,0
050,49,029,Utah,Morgan County,2000a,7,331,155,176,153,174,0,0,0,0,0,1,0,0,2,1,155,175,0,0,2,0,0,2,0,0,152,171,0,0,0,0,0,1,0,0,1,1,153,172,0,0,1,0,0,2,0,0,1,3,0,0,0,0,0,0,0,0,1,0,2,3,0,0,1,0,0,0,0,0
050,49,029,Utah,Morgan County,2000,7,330,155,175,155,174,0,0,0,0,0,1,0,0,0,0,155,174,0,0,0,0,0,1,0,0,153,171,0,0,0,0,0,1,0,0,0,0,153,171,0,0,0,0,0,1,0,0,2,3,0,0,0,0,0,0,0,0,0,0,2,3,0,0,0,0,0,0,0,0
050,49,029,Utah,Morgan County,2001,7,334,151,183,151,181,0,0,0,0,0,1,0,0,0,1,151,182,0,0,0,0,0,2,0,0,149,178,0,0,0,0,0,1,0,0,0,1,149,179,0,0,0,0,0,2,0,0,2,3,0,0,0,0,0,0,0,0,0,0,2,3,0,0,0,0,0,0,0,0
050,49,029,Utah,Morgan County,2002,7,355,160,195,160,195,0,0,0,0,0,0,0,0,0,0,160,195,0,0,0,0,0,0,0,0,158,191,0,0,0,0,0,0,0,0,0,0,158,191,0,0,0,0,0,0,0,0,2,4,0,0,0,0,0,0,0,0,0,0,2,4,0,0,0,0,0,0,0,0
050,49,029,Utah,Morgan County,2003,7,364,165,199,163,198,1,0,0,0,0,0,0,0,1,1,164,199,1,0,1,1,0,0,0,0,160,193,1,0,0,0,0,0,0,0,1,0,161,193,1,0,1,0,0,0,0,0,3,5,0,0,0,0,0,0,0,0,0,1,3,6,0,0,0,1,0,0,0,0
050,49,029,Utah,Morgan County,2004,7,376,176,200,173,200,1,0,1,0,0,0,0,0,1,0,174,200,1,0,2,0,0,0,0,0,169,195,1,0,1,0,0,0,0,0,1,0,170,195,1,0,2,0,0,0,0,0,4,5,0,0,0,0,0,0,0,0,0,0,4,5,0,0,0,0,0,0,0,0
050,49,029,Utah,Morgan County,2000c,8,522,247,275,246,273,0,0,0,0,0,1,0,0,1,1,247,274,0,0,1,0,0,2,0,0,243,271,0,0,0,0,0,1,0,0,1,1,244,272,0,0,1,0,0,2,0,0,3,2,0,0,0,0,0,0,0,0,0,0,3,2,0,0,0,0,0,0,0,0
050,49,029,Utah,Morgan County,2000a,8,522,247,275,246,273,0,0,0,0,0,1,0,0,1,1,247,274,0,0,1,0,0,2,0,0,243,271,0,0,0,0,0,1,0,0,1,1,244,272,0,0,1,0,0,2,0,0,3,2,0,0,0,0,0,0,0,0,0,0,3,2,0,0,0,0,0,0,0,0
050,49,029,Utah,Morgan County,2000,8,517,245,272,245,270,0,0,0,0,0,1,0,0,0,1,245,271,0,0,0,0,0,2,0,0,242,268,0,0,0,0,0,1,0,0,0,1,242,269,0,0,0,0,0,2,0,0,3,2,0,0,0,0,0,0,0,0,0,0,3,2,0,0,0,0,0,0,0,0
050,49,029,Utah,Morgan County,2001,8,463,202,261,202,259,0,0,0,0,0,1,0,0,0,1,202,260,0,0,0,0,0,2,0,0,200,257,0,0,0,0,0,1,0,0,0,1,200,258,0,0,0,0,0,2,0,0,2,2,0,0,0,0,0,0,0,0,0,0,2,2,0,0,0,0,0,0,0,0
050,49,029,Utah,Morgan County,2002,8,439,190,249,190,246,0,0,0,0,0,2,0,0,0,1,190,247,0,0,0,0,0,3,0,0,189,244,0,0,0,0,0,2,0,0,0,1,189,245,0,0,0,0,0,3,0,0,1,2,0,0,0,0,0,0,0,0,0,0,1,2,0,0,0,0,0,0,0,0
050,49,029,Utah,Morgan County,2003,8,379,170,209,170,208,0,0,0,0,0,1,0,0,0,0,170,208,0,0,0,0,0,1,0,0,169,206,0,0,0,0,0,1,0,0,0,0,169,206,0,0,0,0,0,1,0,0,1,2,0,0,0,0,0,0,0,0,0,0,1,2,0,0,0,0,0,0,0,0
050,49,029,Utah,Morgan County,2004,8,340,151,189,149,188,0,0,0,0,0,1,0,0,2,0,151,188,0,0,2,0,0,1,0,0,148,186,0,0,0,0,0,1,0,0,1,0,149,186,0,0,1,0,0,1,0,0,1,2,0,0,0,0,0,0,0,0,1,0,2,2,0,0,1,0,0,0,0,0
050,49,029,Utah,Morgan County,2000c,9,534,283,251,281,247,0,0,0,2,0,1,0,0,2,1,283,248,0,1,1,2,0,1,1,0,278,242,0,0,0,2,0,0,0,0,2,1,280,243,0,1,1,2,0,0,1,0,3,5,0,0,0,0,0,1,0,0,0,0,3,5,0,0,0,0,0,1,0,0
050,49,029,Utah,Morgan County,2000a,9,534,283,251,281,247,0,0,0,2,0,1,0,0,2,1,283,248,0,1,1,2,0,1,1,0,278,242,0,0,0,2,0,0,0,0,2,1,280,243,0,1,1,2,0,0,1,0,3,5,0,0,0,0,0,1,0,0,0,0,3,5,0,0,0,0,0,1,0,0
050,49,029,Utah,Morgan County,2000,9,531,282,249,282,247,0,0,0,1,0,0,0,0,0,1,282,248,0,0,0,2,0,0,0,0,279,242,0,0,0,1,0,0,0,0,0,1,279,243,0,0,0,2,0,0,0,0,3,5,0,0,0,0,0,0,0,0,0,0,3,5,0,0,0,0,0,0,0,0
050,49,029,Utah,Morgan County,2001,9,535,289,246,289,245,0,0,0,0,0,1,0,0,0,0,289,245,0,0,0,0,0,1,0,0,285,241,0,0,0,0,0,0,0,0,0,0,285,241,0,0,0,0,0,0,0,0,4,4,0,0,0,0,0,1,0,0,0,0,4,4,0,0,0,0,0,1,0,0
050,49,029,Utah,Morgan County,2002,9,530,279,251,279,251,0,0,0,0,0,0,0,0,0,0,279,251,0,0,0,0,0,0,0,0,274,247,0,0,0,0,0,0,0,0,0,0,274,247,0,0,0,0,0,0,0,0,5,4,0,0,0,0,0,0,0,0,0,0,5,4,0,0,0,0,0,0,0,0
050,49,029,Utah,Morgan County,2003,9,537,264,273,262,271,0,0,0,0,0,1,0,0,2,1,264,272,0,0,2,0,0,2,0,0,258,267,0,0,0,0,0,1,0,0,2,1,260,268,0,0,2,0,0,2,0,0,4,4,0,0,0,0,0,0,0,0,0,0,4,4,0,0,0,0,0,0,0,0
050,49,029,Utah,Morgan County,2004,9,535,264,271,264,270,0,0,0,0,0,1,0,0,0,0,264,270,0,0,0,0,0,1,0,0,260,266,0,0,0,0,0,1,0,0,0,0,260,266,0,0,0,0,0,1,0,0,4,4,0,0,0,0,0,0,0,0,0,0,4,4,0,0,0,0,0,0,0,0
050,49,029,Utah,Morgan County,2000c,10,466,228,238,226,231,0,0,0,2,0,2,0,0,2,3,228,234,0,0,1,4,1,3,0,0,223,225,0,0,0,2,0,2,0,0,2,3,225,228,0,0,1,4,1,3,0,0,3,6,0,0,0,0,0,0,0,0,0,0,3,6,0,0,0,0,0,0,0,0
050,49,029,Utah,Morgan County,2000a,10,466,228,238,226,231,0,0,0,2,0,2,0,0,2,3,228,234,0,0,1,4,1,3,0,0,223,225,0,0,0,2,0,2,0,0,2,3,225,228,0,0,1,4,1,3,0,0,3,6,0,0,0,0,0,0,0,0,0,0,3,6,0,0,0,0,0,0,0,0
050,49,029,Utah,Morgan County,2000,10,468,229,239,229,234,0,0,0,1,0,2,0,0,0,2,229,236,0,0,0,3,0,2,0,0,226,228,0,0,0,1,0,2,0,0,0,2,226,230,0,0,0,3,0,2,0,0,3,6,0,0,0,0,0,0,0,0,0,0,3,6,0,0,0,0,0,0,0,0
050,49,029,Utah,Morgan County,2001,10,501,252,249,252,243,0,0,0,2,0,1,0,0,0,3,252,246,0,0,0,5,0,1,0,0,249,236,0,0,0,2,0,1,0,0,0,3,249,239,0,0,0,5,0,1,0,0,3,7,0,0,0,0,0,0,0,0,0,0,3,7,0,0,0,0,0,0,0,0
050,49,029,Utah,Morgan County,2002,10,516,268,248,268,243,0,0,0,2,0,1,0,0,0,2,268,245,0,0,0,4,0,1,0,0,266,238,0,0,0,2,0,0,0,0,0,2,266,240,0,0,0,4,0,0,0,0,2,5,0,0,0,0,0,1,0,0,0,0,2,5,0,0,0,0,0,1,0,0
050,49,029,Utah,Morgan County,2003,10,525,275,250,275,247,0,0,0,1,0,1,0,0,0,1,275,248,0,0,0,2,0,1,0,0,272,243,0,0,0,1,0,0,0,0,0,1,272,244,0,0,0,2,0,0,0,0,3,4,0,0,0,0,0,1,0,0,0,0,3,4,0,0,0,0,0,1,0,0
050,49,029,Utah,Morgan County,2004,10,537,282,255,282,251,0,0,0,1,0,1,0,0,0,2,282,253,0,0,0,2,0,2,0,0,279,248,0,0,0,1,0,0,0,0,0,1,279,249,0,0,0,2,0,0,0,0,3,3,0,0,0,0,0,1,0,0,0,1,3,4,0,0,0,0,0,2,0,0
050,49,029,Utah,Morgan County,2000c,11,371,190,181,189,181,0,0,0,0,1,0,0,0,0,0,189,181,0,0,0,0,1,0,0,0,188,181,0,0,0,0,1,0,0,0,0,0,188,181,0,0,0,0,1,0,0,0,1,0,0,0,0,0,0,0,0,0,0,0,1,0,0,0,0,0,0,0,0,0
050,49,029,Utah,Morgan County,2000a,11,371,190,181,189,181,0,0,0,0,1,0,0,0,0,0,189,181,0,0,0,0,1,0,0,0,188,181,0,0,0,0,1,0,0,0,0,0,188,181,0,0,0,0,1,0,0,0,1,0,0,0,0,0,0,0,0,0,0,0,1,0,0,0,0,0,0,0,0,0
050,49,029,Utah,Morgan County,2000,11,372,190,182,190,182,0,0,0,0,0,0,0,0,0,0,190,182,0,0,0,0,0,0,0,0,189,182,0,0,0,0,0,0,0,0,0,0,189,182,0,0,0,0,0,0,0,0,1,0,0,0,0,0,0,0,0,0,0,0,1,0,0,0,0,0,0,0,0,0
050,49,029,Utah,Morgan County,2001,11,391,192,199,192,198,0,0,0,0,0,1,0,0,0,0,192,198,0,0,0,0,0,1,0,0,191,197,0,0,0,0,0,1,0,0,0,0,191,197,0,0,0,0,0,1,0,0,1,1,0,0,0,0,0,0,0,0,0,0,1,1,0,0,0,0,0,0,0,0
050,49,029,Utah,Morgan County,2002,11,393,190,203,189,199,0,0,0,0,1,2,0,0,0,2,189,201,0,0,0,1,1,3,0,0,187,196,0,0,0,0,1,2,0,0,0,2,187,198,0,0,0,1,1,3,0,0,2,3,0,0,0,0,0,0,0,0,0,0,2,3,0,0,0,0,0,0,0,0
050,49,029,Utah,Morgan County,2003,11,390,188,202,188,197,0,0,0,1,0,2,0,0,0,2,188,199,0,0,0,3,0,2,0,0,187,193,0,0,0,1,0,2,0,0,0,2,187,195,0,0,0,3,0,2,0,0,1,4,0,0,0,0,0,0,0,0,0,0,1,4,0,0,0,0,0,0,0,0
050,49,029,Utah,Morgan County,2004,11,437,211,226,211,221,0,0,0,1,0,2,0,0,0,2,211,223,0,0,0,3,0,2,0,0,209,215,0,0,0,1,0,2,0,0,0,2,209,217,0,0,0,3,0,2,0,0,2,6,0,0,0,0,0,0,0,0,0,0,2,6,0,0,0,0,0,0,0,0
050,49,029,Utah,Morgan County,2000c,12,340,159,181,158,180,0,0,1,0,0,1,0,0,0,0,158,180,0,0,1,0,0,1,0,0,157,179,0,0,1,0,0,1,0,0,0,0,157,179,0,0,1,0,0,1,0,0,1,1,0,0,0,0,0,0,0,0,0,0,1,1,0,0,0,0,0,0,0,0
050,49,029,Utah,Morgan County,2000a,12,340,159,181,158,180,0,0,1,0,0,1,0,0,0,0,158,180,0,0,1,0,0,1,0,0,157,179,0,0,1,0,0,1,0,0,0,0,157,179,0,0,1,0,0,1,0,0,1,1,0,0,0,0,0,0,0,0,0,0,1,1,0,0,0,0,0,0,0,0
050,49,029,Utah,Morgan County,2000,12,340,160,180,159,180,0,0,0,0,0,0,0,0,1,0,160,180,0,0,1,0,0,0,0,0,158,179,0,0,0,0,0,0,0,0,1,0,159,179,0,0,1,0,0,0,0,0,1,1,0,0,0,0,0,0,0,0,0,0,1,1,0,0,0,0,0,0,0,0
050,49,029,Utah,Morgan County,2001,12,333,162,171,161,171,0,0,0,0,0,0,0,0,1,0,162,171,0,0,1,0,0,0,0,0,161,170,0,0,0,0,0,0,0,0,1,0,162,170,0,0,1,0,0,0,0,0,0,1,0,0,0,0,0,0,0,0,0,0,0,1,0,0,0,0,0,0,0,0
050,49,029,Utah,Morgan County,2002,12,356,172,184,171,184,0,0,0,0,0,0,0,0,1,0,172,184,0,0,1,0,0,0,0,0,171,183,0,0,0,0,0,0,0,0,1,0,172,183,0,0,1,0,0,0,0,0,0,1,0,0,0,0,0,0,0,0,0,0,0,1,0,0,0,0,0,0,0,0
050,49,029,Utah,Morgan County,2003,12,351,173,178,172,178,0,0,0,0,0,0,0,0,1,0,173,178,0,0,1,0,0,0,0,0,171,178,0,0,0,0,0,0,0,0,1,0,172,178,0,0,1,0,0,0,0,0,1,0,0,0,0,0,0,0,0,0,0,0,1,0,0,0,0,0,0,0,0,0
050,49,029,Utah,Morgan County,2004,12,347,174,173,172,173,0,0,1,0,0,0,0,0,1,0,173,173,0,0,2,0,0,0,0,0,171,173,0,0,1,0,0,0,0,0,1,0,172,173,0,0,2,0,0,0,0,0,1,0,0,0,0,0,0,0,0,0,0,0,1,0,0,0,0,0,0,0,0,0
050,49,029,Utah,Morgan County,2000c,13,264,143,121,141,121,0,0,1,0,0,0,0,0,1,0,142,121,0,0,2,0,0,0,0,0,140,121,0,0,1,0,0,0,0,0,1,0,141,121,0,0,2,0,0,0,0,0,1,0,0,0,0,0,0,0,0,0,0,0,1,0,0,0,0,0,0,0,0,0
050,49,029,Utah,Morgan County,2000a,13,264,143,121,141,121,0,0,1,0,0,0,0,0,1,0,142,121,0,0,2,0,0,0,0,0,140,121,0,0,1,0,0,0,0,0,1,0,141,121,0,0,2,0,0,0,0,0,1,0,0,0,0,0,0,0,0,0,0,0,1,0,0,0,0,0,0,0,0,0
050,49,029,Utah,Morgan County,2000,13,264,143,121,142,121,0,0,0,0,0,0,0,0,1,0,143,121,0,0,1,0,0,0,0,0,141,121,0,0,0,0,0,0,0,0,1,0,142,121,0,0,1,0,0,0,0,0,1,0,0,0,0,0,0,0,0,0,0,0,1,0,0,0,0,0,0,0,0,0
050,49,029,Utah,Morgan County,2001,13,264,135,129,135,129,0,0,0,0,0,0,0,0,0,0,135,129,0,0,0,0,0,0,0,0,134,129,0,0,0,0,0,0,0,0,0,0,134,129,0,0,0,0,0,0,0,0,1,0,0,0,0,0,0,0,0,0,0,0,1,0,0,0,0,0,0,0,0,0
050,49,029,Utah,Morgan County,2002,13,277,143,134,143,134,0,0,0,0,0,0,0,0,0,0,143,134,0,0,0,0,0,0,0,0,142,134,0,0,0,0,0,0,0,0,0,0,142,134,0,0,0,0,0,0,0,0,1,0,0,0,0,0,0,0,0,0,0,0,1,0,0,0,0,0,0,0,0,0
050,49,029,Utah,Morgan County,2003,13,320,167,153,167,153,0,0,0,0,0,0,0,0,0,0,167,153,0,0,0,0,0,0,0,0,166,152,0,0,0,0,0,0,0,0,0,0,166,152,0,0,0,0,0,0,0,0,1,1,0,0,0,0,0,0,0,0,0,0,1,1,0,0,0,0,0,0,0,0
050,49,029,Utah,Morgan County,2004,13,322,158,164,158,164,0,0,0,0,0,0,0,0,0,0,158,164,0,0,0,0,0,0,0,0,157,163,0,0,0,0,0,0,0,0,0,0,157,163,0,0,0,0,0,0,0,0,1,1,0,0,0,0,0,0,0,0,0,0,1,1,0,0,0,0,0,0,0,0
050,49,029,Utah,Morgan County,2000c,14,211,111,100,111,99,0,0,0,0,0,1,0,0,0,0,111,99,0,0,0,0,0,1,0,0,111,99,0,0,0,0,0,1,0,0,0,0,111,99,0,0,0,0,0,1,0,0,0,0,0,0,0,0,0,0,0,0,0,0,0,0,0,0,0,0,0,0,0,0
050,49,029,Utah,Morgan County,2000a,14,211,111,100,111,99,0,0,0,0,0,1,0,0,0,0,111,99,0,0,0,0,0,1,0,0,111,99,0,0,0,0,0,1,0,0,0,0,111,99,0,0,0,0,0,1,0,0,0,0,0,0,0,0,0,0,0,0,0,0,0,0,0,0,0,0,0,0,0,0
050,49,029,Utah,Morgan County,2000,14,213,112,101,112,100,0,0,0,0,0,1,0,0,0,0,112,100,0,0,0,0,0,1,0,0,112,100,0,0,0,0,0,1,0,0,0,0,112,100,0,0,0,0,0,1,0,0,0,0,0,0,0,0,0,0,0,0,0,0,0,0,0,0,0,0,0,0,0,0
050,49,029,Utah,Morgan County,2001,14,229,121,108,120,107,0,0,0,0,0,1,0,0,1,0,121,107,0,0,1,0,0,1,0,0,119,107,0,0,0,0,0,1,0,0,1,0,120,107,0,0,1,0,0,1,0,0,1,0,0,0,0,0,0,0,0,0,0,0,1,0,0,0,0,0,0,0,0,0
050,49,029,Utah,Morgan County,2002,14,245,126,119,126,118,0,0,0,0,0,1,0,0,0,0,126,118,0,0,0,0,0,1,0,0,125,118,0,0,0,0,0,1,0,0,0,0,125,118,0,0,0,0,0,1,0,0,1,0,0,0,0,0,0,0,0,0,0,0,1,0,0,0,0,0,0,0,0,0
050,49,029,Utah,Morgan County,2003,14,247,133,114,132,114,0,0,0,0,0,0,0,0,1,0,133,114,0,0,1,0,0,0,0,0,131,114,0,0,0,0,0,0,0,0,1,0,132,114,0,0,1,0,0,0,0,0,1,0,0,0,0,0,0,0,0,0,0,0,1,0,0,0,0,0,0,0,0,0
050,49,029,Utah,Morgan County,2004,14,260,143,117,142,117,0,0,0,0,0,0,0,0,1,0,143,117,0,0,1,0,0,0,0,0,141,117,0,0,0,0,0,0,0,0,1,0,142,117,0,0,1,0,0,0,0,0,1,0,0,0,0,0,0,0,0,0,0,0,1,0,0,0,0,0,0,0,0,0
050,49,029,Utah,Morgan County,2000c,15,166,83,83,83,81,0,0,0,0,0,2,0,0,0,0,83,81,0,0,0,0,0,2,0,0,83,80,0,0,0,0,0,2,0,0,0,0,83,80,0,0,0,0,0,2,0,0,0,1,0,0,0,0,0,0,0,0,0,0,0,1,0,0,0,0,0,0,0,0
050,49,029,Utah,Morgan County,2000a,15,166,83,83,83,81,0,0,0,0,0,2,0,0,0,0,83,81,0,0,0,0,0,2,0,0,83,80,0,0,0,0,0,2,0,0,0,0,83,80,0,0,0,0,0,2,0,0,0,1,0,0,0,0,0,0,0,0,0,0,0,1,0,0,0,0,0,0,0,0
050,49,029,Utah,Morgan County,2000,15,167,84,83,84,81,0,0,0,0,0,2,0,0,0,0,84,81,0,0,0,0,0,2,0,0,84,80,0,0,0,0,0,2,0,0,0,0,84,80,0,0,0,0,0,2,0,0,0,1,0,0,0,0,0,0,0,0,0,0,0,1,0,0,0,0,0,0,0,0
050,49,029,Utah,Morgan County,2001,15,173,91,82,91,80,0,0,0,0,0,2,0,0,0,0,91,80,0,0,0,0,0,2,0,0,91,80,0,0,0,0,0,2,0,0,0,0,91,80,0,0,0,0,0,2,0,0,0,0,0,0,0,0,0,0,0,0,0,0,0,0,0,0,0,0,0,0,0,0
050,49,029,Utah,Morgan County,2002,15,169,88,81,88,79,0,0,0,0,0,2,0,0,0,0,88,79,0,0,0,0,0,2,0,0,88,79,0,0,0,0,0,2,0,0,0,0,88,79,0,0,0,0,0,2,0,0,0,0,0,0,0,0,0,0,0,0,0,0,0,0,0,0,0,0,0,0,0,0
050,49,029,Utah,Morgan County,2003,15,182,88,94,88,93,0,0,0,0,0,1,0,0,0,0,88,93,0,0,0,0,0,1,0,0,88,93,0,0,0,0,0,1,0,0,0,0,88,93,0,0,0,0,0,1,0,0,0,0,0,0,0,0,0,0,0,0,0,0,0,0,0,0,0,0,0,0,0,0
050,49,029,Utah,Morgan County,2004,15,185,88,97,88,95,0,0,0,0,0,2,0,0,0,0,88,95,0,0,0,0,0,2,0,0,88,95,0,0,0,0,0,2,0,0,0,0,88,95,0,0,0,0,0,2,0,0,0,0,0,0,0,0,0,0,0,0,0,0,0,0,0,0,0,0,0,0,0,0
050,49,029,Utah,Morgan County,2000c,16,116,56,60,56,60,0,0,0,0,0,0,0,0,0,0,56,60,0,0,0,0,0,0,0,0,56,60,0,0,0,0,0,0,0,0,0,0,56,60,0,0,0,0,0,0,0,0,0,0,0,0,0,0,0,0,0,0,0,0,0,0,0,0,0,0,0,0,0,0
050,49,029,Utah,Morgan County,2000a,16,116,56,60,56,60,0,0,0,0,0,0,0,0,0,0,56,60,0,0,0,0,0,0,0,0,56,60,0,0,0,0,0,0,0,0,0,0,56,60,0,0,0,0,0,0,0,0,0,0,0,0,0,0,0,0,0,0,0,0,0,0,0,0,0,0,0,0,0,0
050,49,029,Utah,Morgan County,2000,16,118,57,61,57,61,0,0,0,0,0,0,0,0,0,0,57,61,0,0,0,0,0,0,0,0,57,61,0,0,0,0,0,0,0,0,0,0,57,61,0,0,0,0,0,0,0,0,0,0,0,0,0,0,0,0,0,0,0,0,0,0,0,0,0,0,0,0,0,0
050,49,029,Utah,Morgan County,2001,16,122,57,65,57,65,0,0,0,0,0,0,0,0,0,0,57,65,0,0,0,0,0,0,0,0,57,64,0,0,0,0,0,0,0,0,0,0,57,64,0,0,0,0,0,0,0,0,0,1,0,0,0,0,0,0,0,0,0,0,0,1,0,0,0,0,0,0,0,0
050,49,029,Utah,Morgan County,2002,16,131,66,65,66,65,0,0,0,0,0,0,0,0,0,0,66,65,0,0,0,0,0,0,0,0,66,64,0,0,0,0,0,0,0,0,0,0,66,64,0,0,0,0,0,0,0,0,0,1,0,0,0,0,0,0,0,0,0,0,0,1,0,0,0,0,0,0,0,0
050,49,029,Utah,Morgan County,2003,16,136,67,69,67,68,0,0,0,0,0,1,0,0,0,0,67,68,0,0,0,0,0,1,0,0,67,67,0,0,0,0,0,1,0,0,0,0,67,67,0,0,0,0,0,1,0,0,0,1,0,0,0,0,0,0,0,0,0,0,0,1,0,0,0,0,0,0,0,0
050,49,029,Utah,Morgan County,2004,16,128,60,68,60,67,0,0,0,0,0,1,0,0,0,0,60,67,0,0,0,0,0,1,0,0,60,66,0,0,0,0,0,1,0,0,0,0,60,66,0,0,0,0,0,1,0,0,0,1,0,0,0,0,0,0,0,0,0,0,0,1,0,0,0,0,0,0,0,0
050,49,029,Utah,Morgan County,2000c,17,68,31,37,31,37,0,0,0,0,0,0,0,0,0,0,31,37,0,0,0,0,0,0,0,0,31,37,0,0,0,0,0,0,0,0,0,0,31,37,0,0,0,0,0,0,0,0,0,0,0,0,0,0,0,0,0,0,0,0,0,0,0,0,0,0,0,0,0,0
050,49,029,Utah,Morgan County,2000a,17,68,31,37,31,37,0,0,0,0,0,0,0,0,0,0,31,37,0,0,0,0,0,0,0,0,31,37,0,0,0,0,0,0,0,0,0,0,31,37,0,0,0,0,0,0,0,0,0,0,0,0,0,0,0,0,0,0,0,0,0,0,0,0,0,0,0,0,0,0
050,49,029,Utah,Morgan County,2000,17,69,31,38,31,38,0,0,0,0,0,0,0,0,0,0,31,38,0,0,0,0,0,0,0,0,31,38,0,0,0,0,0,0,0,0,0,0,31,38,0,0,0,0,0,0,0,0,0,0,0,0,0,0,0,0,0,0,0,0,0,0,0,0,0,0,0,0,0,0
050,49,029,Utah,Morgan County,2001,17,60,26,34,26,34,0,0,0,0,0,0,0,0,0,0,26,34,0,0,0,0,0,0,0,0,26,34,0,0,0,0,0,0,0,0,0,0,26,34,0,0,0,0,0,0,0,0,0,0,0,0,0,0,0,0,0,0,0,0,0,0,0,0,0,0,0,0,0,0
050,49,029,Utah,Morgan County,2002,17,70,34,36,34,36,0,0,0,0,0,0,0,0,0,0,34,36,0,0,0,0,0,0,0,0,34,36,0,0,0,0,0,0,0,0,0,0,34,36,0,0,0,0,0,0,0,0,0,0,0,0,0,0,0,0,0,0,0,0,0,0,0,0,0,0,0,0,0,0
050,49,029,Utah,Morgan County,2003,17,71,31,40,31,40,0,0,0,0,0,0,0,0,0,0,31,40,0,0,0,0,0,0,0,0,31,40,0,0,0,0,0,0,0,0,0,0,31,40,0,0,0,0,0,0,0,0,0,0,0,0,0,0,0,0,0,0,0,0,0,0,0,0,0,0,0,0,0,0
050,49,029,Utah,Morgan County,2004,17,79,40,39,40,39,0,0,0,0,0,0,0,0,0,0,40,39,0,0,0,0,0,0,0,0,40,39,0,0,0,0,0,0,0,0,0,0,40,39,0,0,0,0,0,0,0,0,0,0,0,0,0,0,0,0,0,0,0,0,0,0,0,0,0,0,0,0,0,0
050,49,029,Utah,Morgan County,2000c,18,59,17,42,17,42,0,0,0,0,0,0,0,0,0,0,17,42,0,0,0,0,0,0,0,0,17,41,0,0,0,0,0,0,0,0,0,0,17,41,0,0,0,0,0,0,0,0,0,1,0,0,0,0,0,0,0,0,0,0,0,1,0,0,0,0,0,0,0,0
050,49,029,Utah,Morgan County,2000a,18,59,17,42,17,42,0,0,0,0,0,0,0,0,0,0,17,42,0,0,0,0,0,0,0,0,17,41,0,0,0,0,0,0,0,0,0,0,17,41,0,0,0,0,0,0,0,0,0,1,0,0,0,0,0,0,0,0,0,0,0,1,0,0,0,0,0,0,0,0
050,49,029,Utah,Morgan County,2000,18,61,18,43,18,43,0,0,0,0,0,0,0,0,0,0,18,43,0,0,0,0,0,0,0,0,18,42,0,0,0,0,0,0,0,0,0,0,18,42,0,0,0,0,0,0,0,0,0,1,0,0,0,0,0,0,0,0,0,0,0,1,0,0,0,0,0,0,0,0
050,49,029,Utah,Morgan County,2001,18,67,26,41,26,41,0,0,0,0,0,0,0,0,0,0,26,41,0,0,0,0,0,0,0,0,26,40,0,0,0,0,0,0,0,0,0,0,26,40,0,0,0,0,0,0,0,0,0,1,0,0,0,0,0,0,0,0,0,0,0,1,0,0,0,0,0,0,0,0
050,49,029,Utah,Morgan County,2002,18,62,24,38,24,38,0,0,0,0,0,0,0,0,0,0,24,38,0,0,0,0,0,0,0,0,24,37,0,0,0,0,0,0,0,0,0,0,24,37,0,0,0,0,0,0,0,0,0,1,0,0,0,0,0,0,0,0,0,0,0,1,0,0,0,0,0,0,0,0
050,49,029,Utah,Morgan County,2003,18,66,29,37,29,37,0,0,0,0,0,0,0,0,0,0,29,37,0,0,0,0,0,0,0,0,29,36,0,0,0,0,0,0,0,0,0,0,29,36,0,0,0,0,0,0,0,0,0,1,0,0,0,0,0,0,0,0,0,0,0,1,0,0,0,0,0,0,0,0
050,49,029,Utah,Morgan County,2004,18,70,28,42,28,42,0,0,0,0,0,0,0,0,0,0,28,42,0,0,0,0,0,0,0,0,28,41,0,0,0,0,0,0,0,0,0,0,28,41,0,0,0,0,0,0,0,0,0,1,0,0,0,0,0,0,0,0,0,0,0,1,0,0,0,0,0,0,0,0
050,49,031,Utah,Piute County,2000c,0,1435,733,702,711,689,1,1,12,5,1,2,0,1,8,4,719,692,1,1,18,9,2,3,1,1,678,663,1,1,9,4,1,2,0,1,7,4,685,666,1,1,14,8,2,3,1,1,33,26,0,0,3,1,0,0,0,0,1,0,34,26,0,0,4,1,0,0,0,0
050,49,031,Utah,Piute County,2000a,0,1435,733,702,711,689,1,1,12,5,1,2,0,1,8,4,719,692,1,1,18,9,2,3,1,1,678,663,1,1,9,4,1,2,0,1,7,4,685,666,1,1,14,8,2,3,1,1,33,26,0,0,3,1,0,0,0,0,1,0,34,26,0,0,4,1,0,0,0,0
050,49,031,Utah,Piute County,2000,0,1438,736,702,721,694,1,1,13,5,1,2,0,0,0,0,721,694,1,1,13,5,1,2,0,0,687,668,1,1,10,4,1,2,0,0,0,0,687,668,1,1,10,4,1,2,0,0,34,26,0,0,3,1,0,0,0,0,0,0,34,26,0,0,3,1,0,0,0,0
050,49,031,Utah,Piute County,2001,0,1400,722,678,710,667,1,1,10,8,0,2,0,0,1,0,711,667,1,1,11,8,0,2,0,0,677,639,1,1,8,7,0,2,0,0,1,0,678,639,1,1,9,7,0,2,0,0,33,28,0,0,2,1,0,0,0,0,0,0,33,28,0,0,2,1,0,0,0,0
050,49,031,Utah,Piute County,2002,0,1382,714,668,702,659,1,1,11,6,0,2,0,0,0,0,702,659,1,1,11,6,0,2,0,0,669,630,1,1,9,5,0,2,0,0,0,0,669,630,1,1,9,5,0,2,0,0,33,29,0,0,2,1,0,0,0,0,0,0,33,29,0,0,2,1,0,0,0,0
050,49,031,Utah,Piute County,2003,0,1380,707,673,694,661,1,1,11,9,0,2,0,0,1,0,695,661,1,1,12,9,0,2,0,0,662,633,1,1,9,8,0,2,0,0,1,0,663,633,1,1,10,8,0,2,0,0,32,28,0,0,2,1,0,0,0,0,0,0,32,28,0,0,2,1,0,0,0,0
050,49,031,Utah,Piute County,2004,0,1393,718,675,707,664,1,1,10,7,0,2,0,0,0,1,707,665,1,1,10,8,0,2,0,0,670,635,1,1,8,6,0,2,0,0,0,1,670,636,1,1,8,7,0,2,0,0,37,29,0,0,2,1,0,0,0,0,0,0,37,29,0,0,2,1,0,0,0,0
050,49,031,Utah,Piute County,2000c,1,118,67,51,65,50,0,1,2,0,0,0,0,0,0,0,65,50,0,1,2,0,0,0,0,0,58,44,0,1,0,0,0,0,0,0,0,0,58,44,0,1,0,0,0,0,0,0,7,6,0,0,2,0,0,0,0,0,0,0,7,6,0,0,2,0,0,0,0,0
050,49,031,Utah,Piute County,2000a,1,118,67,51,65,50,0,1,2,0,0,0,0,0,0,0,65,50,0,1,2,0,0,0,0,0,58,44,0,1,0,0,0,0,0,0,0,0,58,44,0,1,0,0,0,0,0,0,7,6,0,0,2,0,0,0,0,0,0,0,7,6,0,0,2,0,0,0,0,0
050,49,031,Utah,Piute County,2000,1,119,68,51,66,50,0,1,2,0,0,0,0,0,0,0,66,50,0,1,2,0,0,0,0,0,59,44,0,1,0,0,0,0,0,0,0,0,59,44,0,1,0,0,0,0,0,0,7,6,0,0,2,0,0,0,0,0,0,0,7,6,0,0,2,0,0,0,0,0
050,49,031,Utah,Piute County,2001,1,118,69,49,68,49,0,0,1,0,0,0,0,0,0,0,68,49,0,0,1,0,0,0,0,0,60,43,0,0,0,0,0,0,0,0,0,0,60,43,0,0,0,0,0,0,0,0,8,6,0,0,1,0,0,0,0,0,0,0,8,6,0,0,1,0,0,0,0,0
050,49,031,Utah,Piute County,2002,1,109,62,47,62,47,0,0,0,0,0,0,0,0,0,0,62,47,0,0,0,0,0,0,0,0,56,41,0,0,0,0,0,0,0,0,0,0,56,41,0,0,0,0,0,0,0,0,6,6,0,0,0,0,0,0,0,0,0,0,6,6,0,0,0,0,0,0,0,0
050,49,031,Utah,Piute County,2003,1,104,60,44,60,44,0,0,0,0,0,0,0,0,0,0,60,44,0,0,0,0,0,0,0,0,54,38,0,0,0,0,0,0,0,0,0,0,54,38,0,0,0,0,0,0,0,0,6,6,0,0,0,0,0,0,0,0,0,0,6,6,0,0,0,0,0,0,0,0
050,49,031,Utah,Piute County,2004,1,107,68,39,68,39,0,0,0,0,0,0,0,0,0,0,68,39,0,0,0,0,0,0,0,0,63,34,0,0,0,0,0,0,0,0,0,0,63,34,0,0,0,0,0,0,0,0,5,5,0,0,0,0,0,0,0,0,0,0,5,5,0,0,0,0,0,0,0,0
050,49,031,Utah,Piute County,2000c,2,103,51,52,51,49,0,0,0,2,0,0,0,1,0,0,51,49,0,0,0,2,0,0,0,1,45,46,0,0,0,1,0,0,0,1,0,0,45,46,0,0,0,1,0,0,0,1,6,3,0,0,0,1,0,0,0,0,0,0,6,3,0,0,0,1,0,0,0,0
050,49,031,Utah,Piute County,2000a,2,103,51,52,51,49,0,0,0,2,0,0,0,1,0,0,51,49,0,0,0,2,0,0,0,1,45,46,0,0,0,1,0,0,0,1,0,0,45,46,0,0,0,1,0,0,0,1,6,3,0,0,0,1,0,0,0,0,0,0,6,3,0,0,0,1,0,0,0,0
050,49,031,Utah,Piute County,2000,2,102,51,51,51,49,0,0,0,2,0,0,0,0,0,0,51,49,0,0,0,2,0,0,0,0,45,46,0,0,0,1,0,0,0,0,0,0,45,46,0,0,0,1,0,0,0,0,6,3,0,0,0,1,0,0,0,0,0,0,6,3,0,0,0,1,0,0,0,0
050,49,031,Utah,Piute County,2001,2,106,57,49,56,46,0,1,1,2,0,0,0,0,0,0,56,46,0,1,1,2,0,0,0,0,50,43,0,1,0,1,0,0,0,0,0,0,50,43,0,1,0,1,0,0,0,0,6,3,0,0,1,1,0,0,0,0,0,0,6,3,0,0,1,1,0,0,0,0
050,49,031,Utah,Piute County,2002,2,107,58,49,56,47,0,1,2,1,0,0,0,0,0,0,56,47,0,1,2,1,0,0,0,0,50,43,0,1,0,0,0,0,0,0,0,0,50,43,0,1,0,0,0,0,0,0,6,4,0,0,2,1,0,0,0,0,0,0,6,4,0,0,2,1,0,0,0,0
050,49,031,Utah,Piute County,2003,2,109,62,47,60,45,0,1,2,1,0,0,0,0,0,0,60,45,0,1,2,1,0,0,0,0,54,41,0,1,0,0,0,0,0,0,0,0,54,41,0,1,0,0,0,0,0,0,6,4,0,0,2,1,0,0,0,0,0,0,6,4,0,0,2,1,0,0,0,0
050,49,031,Utah,Piute County,2004,2,100,57,43,55,41,0,1,2,1,0,0,0,0,0,0,55,41,0,1,2,1,0,0,0,0,46,37,0,1,0,0,0,0,0,0,0,0,46,37,0,1,0,0,0,0,0,0,9,4,0,0,2,1,0,0,0,0,0,0,9,4,0,0,2,1,0,0,0,0
050,49,031,Utah,Piute County,2000c,3,122,59,63,53,61,1,0,1,1,1,0,0,0,3,1,56,61,1,0,2,2,2,1,1,0,53,57,1,0,1,1,1,0,0,0,2,1,55,57,1,0,1,2,2,1,1,0,0,4,0,0,0,0,0,0,0,0,1,0,1,4,0,0,1,0,0,0,0,0
050,49,031,Utah,Piute County,2000a,3,122,59,63,53,61,1,0,1,1,1,0,0,0,3,1,56,61,1,0,2,2,2,1,1,0,53,57,1,0,1,1,1,0,0,0,2,1,55,57,1,0,1,2,2,1,1,0,0,4,0,0,0,0,0,0,0,0,1,0,1,4,0,0,1,0,0,0,0,0
050,49,031,Utah,Piute County,2000,3,120,58,62,55,61,1,0,1,1,1,0,0,0,0,0,55,61,1,0,1,1,1,0,0,0,54,57,1,0,1,1,1,0,0,0,0,0,54,57,1,0,1,1,1,0,0,0,1,4,0,0,0,0,0,0,0,0,0,0,1,4,0,0,0,0,0,0,0,0
050,49,031,Utah,Piute County,2001,3,108,56,52,54,51,1,0,1,1,0,0,0,0,0,0,54,51,1,0,1,1,0,0,0,0,54,45,1,0,1,1,0,0,0,0,0,0,54,45,1,0,1,1,0,0,0,0,0,6,0,0,0,0,0,0,0,0,0,0,0,6,0,0,0,0,0,0,0,0
050,49,031,Utah,Piute County,2002,3,96,51,45,50,43,0,0,1,2,0,0,0,0,0,0,50,43,0,0,1,2,0,0,0,0,48,38,0,0,1,2,0,0,0,0,0,0,48,38,0,0,1,2,0,0,0,0,2,5,0,0,0,0,0,0,0,0,0,0,2,5,0,0,0,0,0,0,0,0
050,49,031,Utah,Piute County,2003,3,99,45,54,44,52,0,0,1,2,0,0,0,0,0,0,44,52,0,0,1,2,0,0,0,0,41,47,0,0,1,2,0,0,0,0,0,0,41,47,0,0,1,2,0,0,0,0,3,5,0,0,0,0,0,0,0,0,0,0,3,5,0,0,0,0,0,0,0,0
050,49,031,Utah,Piute County,2004,3,96,47,49,46,48,0,0,1,1,0,0,0,0,0,0,46,48,0,0,1,1,0,0,0,0,43,44,0,0,1,1,0,0,0,0,0,0,43,44,0,0,1,1,0,0,0,0,3,4,0,0,0,0,0,0,0,0,0,0,3,4,0,0,0,0,0,0,0,0
050,49,031,Utah,Piute County,2000c,4,131,71,60,68,60,0,0,3,0,0,0,0,0,0,0,68,60,0,0,3,0,0,0,0,0,65,57,0,0,2,0,0,0,0,0,0,0,65,57,0,0,2,0,0,0,0,0,3,3,0,0,1,0,0,0,0,0,0,0,3,3,0,0,1,0,0,0,0,0
050,49,031,Utah,Piute County,2000a,4,131,71,60,68,60,0,0,3,0,0,0,0,0,0,0,68,60,0,0,3,0,0,0,0,0,65,57,0,0,2,0,0,0,0,0,0,0,65,57,0,0,2,0,0,0,0,0,3,3,0,0,1,0,0,0,0,0,0,0,3,3,0,0,1,0,0,0,0,0
050,49,031,Utah,Piute County,2000,4,132,72,60,69,60,0,0,3,0,0,0,0,0,0,0,69,60,0,0,3,0,0,0,0,0,66,57,0,0,2,0,0,0,0,0,0,0,66,57,0,0,2,0,0,0,0,0,3,3,0,0,1,0,0,0,0,0,0,0,3,3,0,0,1,0,0,0,0,0
050,49,031,Utah,Piute County,2001,4,121,61,60,61,60,0,0,0,0,0,0,0,0,0,0,61,60,0,0,0,0,0,0,0,0,60,59,0,0,0,0,0,0,0,0,0,0,60,59,0,0,0,0,0,0,0,0,1,1,0,0,0,0,0,0,0,0,0,0,1,1,0,0,0,0,0,0,0,0
050,49,031,Utah,Piute County,2002,4,127,63,64,62,64,1,0,0,0,0,0,0,0,0,0,62,64,1,0,0,0,0,0,0,0,61,62,1,0,0,0,0,0,0,0,0,0,61,62,1,0,0,0,0,0,0,0,1,2,0,0,0,0,0,0,0,0,0,0,1,2,0,0,0,0,0,0,0,0
050,49,031,Utah,Piute County,2003,4,122,61,61,60,60,1,0,0,1,0,0,0,0,0,0,60,60,1,0,0,1,0,0,0,0,59,58,1,0,0,1,0,0,0,0,0,0,59,58,1,0,0,1,0,0,0,0,1,2,0,0,0,0,0,0,0,0,0,0,1,2,0,0,0,0,0,0,0,0
050,49,031,Utah,Piute County,2004,4,113,59,54,58,53,1,0,0,1,0,0,0,0,0,0,58,53,1,0,0,1,0,0,0,0,58,49,1,0,0,1,0,0,0,0,0,0,58,49,1,0,0,1,0,0,0,0,0,4,0,0,0,0,0,0,0,0,0,0,0,4,0,0,0,0,0,0,0,0
050,49,031,Utah,Piute County,2000c,5,61,34,27,34,26,0,0,0,0,0,0,0,0,0,1,34,27,0,0,0,1,0,0,0,0,30,21,0,0,0,0,0,0,0,0,0,1,30,22,0,0,0,1,0,0,0,0,4,5,0,0,0,0,0,0,0,0,0,0,4,5,0,0,0,0,0,0,0,0
050,49,031,Utah,Piute County,2000a,5,61,34,27,34,26,0,0,0,0,0,0,0,0,0,1,34,27,0,0,0,1,0,0,0,0,30,21,0,0,0,0,0,0,0,0,0,1,30,22,0,0,0,1,0,0,0,0,4,5,0,0,0,0,0,0,0,0,0,0,4,5,0,0,0,0,0,0,0,0
050,49,031,Utah,Piute County,2000,5,67,37,30,37,30,0,0,0,0,0,0,0,0,0,0,37,30,0,0,0,0,0,0,0,0,33,25,0,0,0,0,0,0,0,0,0,0,33,25,0,0,0,0,0,0,0,0,4,5,0,0,0,0,0,0,0,0,0,0,4,5,0,0,0,0,0,0,0,0
050,49,031,Utah,Piute County,2001,5,64,34,30,34,30,0,0,0,0,0,0,0,0,0,0,34,30,0,0,0,0,0,0,0,0,31,24,0,0,0,0,0,0,0,0,0,0,31,24,0,0,0,0,0,0,0,0,3,6,0,0,0,0,0,0,0,0,0,0,3,6,0,0,0,0,0,0,0,0
050,49,031,Utah,Piute County,2002,5,72,38,34,38,34,0,0,0,0,0,0,0,0,0,0,38,34,0,0,0,0,0,0,0,0,35,29,0,0,0,0,0,0,0,0,0,0,35,29,0,0,0,0,0,0,0,0,3,5,0,0,0,0,0,0,0,0,0,0,3,5,0,0,0,0,0,0,0,0
050,49,031,Utah,Piute County,2003,5,79,43,36,43,36,0,0,0,0,0,0,0,0,0,0,43,36,0,0,0,0,0,0,0,0,42,34,0,0,0,0,0,0,0,0,0,0,42,34,0,0,0,0,0,0,0,0,1,2,0,0,0,0,0,0,0,0,0,0,1,2,0,0,0,0,0,0,0,0
050,49,031,Utah,Piute County,2004,5,109,55,54,55,54,0,0,0,0,0,0,0,0,0,0,55,54,0,0,0,0,0,0,0,0,52,52,0,0,0,0,0,0,0,0,0,0,52,52,0,0,0,0,0,0,0,0,3,2,0,0,0,0,0,0,0,0,0,0,3,2,0,0,0,0,0,0,0,0
050,49,031,Utah,Piute County,2000c,6,58,28,30,26,30,0,0,1,0,0,0,0,0,1,0,27,30,0,0,2,0,0,0,0,0,21,28,0,0,1,0,0,0,0,0,1,0,22,28,0,0,2,0,0,0,0,0,5,2,0,0,0,0,0,0,0,0,0,0,5,2,0,0,0,0,0,0,0,0
050,49,031,Utah,Piute County,2000a,6,58,28,30,26,30,0,0,1,0,0,0,0,0,1,0,27,30,0,0,2,0,0,0,0,0,21,28,0,0,1,0,0,0,0,0,1,0,22,28,0,0,2,0,0,0,0,0,5,2,0,0,0,0,0,0,0,0,0,0,5,2,0,0,0,0,0,0,0,0
050,49,031,Utah,Piute County,2000,6,58,28,30,27,30,0,0,1,0,0,0,0,0,0,0,27,30,0,0,1,0,0,0,0,0,22,28,0,0,1,0,0,0,0,0,0,0,22,28,0,0,1,0,0,0,0,0,5,2,0,0,0,0,0,0,0,0,0,0,5,2,0,0,0,0,0,0,0,0
050,49,031,Utah,Piute County,2001,6,63,34,29,32,28,0,0,2,1,0,0,0,0,0,0,32,28,0,0,2,1,0,0,0,0,25,26,0,0,2,1,0,0,0,0,0,0,25,26,0,0,2,1,0,0,0,0,7,2,0,0,0,0,0,0,0,0,0,0,7,2,0,0,0,0,0,0,0,0
050,49,031,Utah,Piute County,2002,6,54,32,22,30,21,0,0,2,1,0,0,0,0,0,0,30,21,0,0,2,1,0,0,0,0,25,18,0,0,2,1,0,0,0,0,0,0,25,18,0,0,2,1,0,0,0,0,5,3,0,0,0,0,0,0,0,0,0,0,5,3,0,0,0,0,0,0,0,0
050,49,031,Utah,Piute County,2003,6,46,25,21,24,20,0,0,1,1,0,0,0,0,0,0,24,20,0,0,1,1,0,0,0,0,19,16,0,0,1,1,0,0,0,0,0,0,19,16,0,0,1,1,0,0,0,0,5,4,0,0,0,0,0,0,0,0,0,0,5,4,0,0,0,0,0,0,0,0
050,49,031,Utah,Piute County,2004,6,58,33,25,32,24,0,0,1,1,0,0,0,0,0,0,32,24,0,0,1,1,0,0,0,0,26,19,0,0,1,1,0,0,0,0,0,0,26,19,0,0,1,1,0,0,0,0,6,5,0,0,0,0,0,0,0,0,0,0,6,5,0,0,0,0,0,0,0,0
050,49,031,Utah,Piute County,2000c,7,66,35,31,34,31,0,0,1,0,0,0,0,0,0,0,34,31,0,0,1,0,0,0,0,0,32,31,0,0,1,0,0,0,0,0,0,0,32,31,0,0,1,0,0,0,0,0,2,0,0,0,0,0,0,0,0,0,0,0,2,0,0,0,0,0,0,0,0,0
050,49,031,Utah,Piute County,2000a,7,66,35,31,34,31,0,0,1,0,0,0,0,0,0,0,34,31,0,0,1,0,0,0,0,0,32,31,0,0,1,0,0,0,0,0,0,0,32,31,0,0,1,0,0,0,0,0,2,0,0,0,0,0,0,0,0,0,0,0,2,0,0,0,0,0,0,0,0,0
050,49,031,Utah,Piute County,2000,7,66,35,31,34,31,0,0,1,0,0,0,0,0,0,0,34,31,0,0,1,0,0,0,0,0,32,31,0,0,1,0,0,0,0,0,0,0,32,31,0,0,1,0,0,0,0,0,2,0,0,0,0,0,0,0,0,0,0,0,2,0,0,0,0,0,0,0,0,0
050,49,031,Utah,Piute County,2001,7,54,27,27,26,27,0,0,1,0,0,0,0,0,0,0,26,27,0,0,1,0,0,0,0,0,24,26,0,0,1,0,0,0,0,0,0,0,24,26,0,0,1,0,0,0,0,0,2,1,0,0,0,0,0,0,0,0,0,0,2,1,0,0,0,0,0,0,0,0
050,49,031,Utah,Piute County,2002,7,52,21,31,20,31,0,0,1,0,0,0,0,0,0,0,20,31,0,0,1,0,0,0,0,0,17,30,0,0,1,0,0,0,0,0,0,0,17,30,0,0,1,0,0,0,0,0,3,1,0,0,0,0,0,0,0,0,0,0,3,1,0,0,0,0,0,0,0,0
050,49,031,Utah,Piute County,2003,7,50,21,29,19,29,0,0,2,0,0,0,0,0,0,0,19,29,0,0,2,0,0,0,0,0,17,27,0,0,2,0,0,0,0,0,0,0,17,27,0,0,2,0,0,0,0,0,2,2,0,0,0,0,0,0,0,0,0,0,2,2,0,0,0,0,0,0,0,0
050,49,031,Utah,Piute County,2004,7,47,23,24,21,24,0,0,2,0,0,0,0,0,0,0,21,24,0,0,2,0,0,0,0,0,18,22,0,0,2,0,0,0,0,0,0,0,18,22,0,0,2,0,0,0,0,0,3,2,0,0,0,0,0,0,0,0,0,0,3,2,0,0,0,0,0,0,0,0
050,49,031,Utah,Piute County,2000c,8,75,40,35,39,35,0,0,1,0,0,0,0,0,0,0,39,35,0,0,1,0,0,0,0,0,39,34,0,0,1,0,0,0,0,0,0,0,39,34,0,0,1,0,0,0,0,0,0,1,0,0,0,0,0,0,0,0,0,0,0,1,0,0,0,0,0,0,0,0
050,49,031,Utah,Piute County,2000a,8,75,40,35,39,35,0,0,1,0,0,0,0,0,0,0,39,35,0,0,1,0,0,0,0,0,39,34,0,0,1,0,0,0,0,0,0,0,39,34,0,0,1,0,0,0,0,0,0,1,0,0,0,0,0,0,0,0,0,0,0,1,0,0,0,0,0,0,0,0
050,49,031,Utah,Piute County,2000,8,75,40,35,39,35,0,0,1,0,0,0,0,0,0,0,39,35,0,0,1,0,0,0,0,0,39,34,0,0,1,0,0,0,0,0,0,0,39,34,0,0,1,0,0,0,0,0,0,1,0,0,0,0,0,0,0,0,0,0,0,1,0,0,0,0,0,0,0,0
050,49,031,Utah,Piute County,2001,8,65,33,32,32,32,0,0,1,0,0,0,0,0,0,0,32,32,0,0,1,0,0,0,0,0,32,31,0,0,1,0,0,0,0,0,0,0,32,31,0,0,1,0,0,0,0,0,0,1,0,0,0,0,0,0,0,0,0,0,0,1,0,0,0,0,0,0,0,0
050,49,031,Utah,Piute County,2002,8,69,35,34,35,34,0,0,0,0,0,0,0,0,0,0,35,34,0,0,0,0,0,0,0,0,34,33,0,0,0,0,0,0,0,0,0,0,34,33,0,0,0,0,0,0,0,0,1,1,0,0,0,0,0,0,0,0,0,0,1,1,0,0,0,0,0,0,0,0
050,49,031,Utah,Piute County,2003,8,69,37,32,37,32,0,0,0,0,0,0,0,0,0,0,37,32,0,0,0,0,0,0,0,0,35,31,0,0,0,0,0,0,0,0,0,0,35,31,0,0,0,0,0,0,0,0,2,1,0,0,0,0,0,0,0,0,0,0,2,1,0,0,0,0,0,0,0,0
050,49,031,Utah,Piute County,2004,8,68,33,35,33,35,0,0,0,0,0,0,0,0,0,0,33,35,0,0,0,0,0,0,0,0,31,34,0,0,0,0,0,0,0,0,0,0,31,34,0,0,0,0,0,0,0,0,2,1,0,0,0,0,0,0,0,0,0,0,2,1,0,0,0,0,0,0,0,0
050,49,031,Utah,Piute County,2000c,9,83,45,38,45,36,0,0,0,0,0,1,0,0,0,1,45,37,0,0,0,1,0,1,0,0,43,35,0,0,0,0,0,1,0,0,0,1,43,36,0,0,0,1,0,1,0,0,2,1,0,0,0,0,0,0,0,0,0,0,2,1,0,0,0,0,0,0,0,0
050,49,031,Utah,Piute County,2000a,9,83,45,38,45,36,0,0,0,0,0,1,0,0,0,1,45,37,0,0,0,1,0,1,0,0,43,35,0,0,0,0,0,1,0,0,0,1,43,36,0,0,0,1,0,1,0,0,2,1,0,0,0,0,0,0,0,0,0,0,2,1,0,0,0,0,0,0,0,0
050,49,031,Utah,Piute County,2000,9,82,45,37,45,36,0,0,0,0,0,1,0,0,0,0,45,36,0,0,0,0,0,1,0,0,43,35,0,0,0,0,0,1,0,0,0,0,43,35,0,0,0,0,0,1,0,0,2,1,0,0,0,0,0,0,0,0,0,0,2,1,0,0,0,0,0,0,0,0
050,49,031,Utah,Piute County,2001,9,80,45,35,45,33,0,0,0,1,0,1,0,0,0,0,45,33,0,0,0,1,0,1,0,0,43,32,0,0,0,1,0,1,0,0,0,0,43,32,0,0,0,1,0,1,0,0,2,1,0,0,0,0,0,0,0,0,0,0,2,1,0,0,0,0,0,0,0,0
050,49,031,Utah,Piute County,2002,9,72,44,28,43,28,0,0,1,0,0,0,0,0,0,0,43,28,0,0,1,0,0,0,0,0,41,27,0,0,1,0,0,0,0,0,0,0,41,27,0,0,1,0,0,0,0,0,2,1,0,0,0,0,0,0,0,0,0,0,2,1,0,0,0,0,0,0,0,0
050,49,031,Utah,Piute County,2003,9,71,43,28,42,28,0,0,1,0,0,0,0,0,0,0,42,28,0,0,1,0,0,0,0,0,41,28,0,0,1,0,0,0,0,0,0,0,41,28,0,0,1,0,0,0,0,0,1,0,0,0,0,0,0,0,0,0,0,0,1,0,0,0,0,0,0,0,0,0
050,49,031,Utah,Piute County,2004,9,74,44,30,43,30,0,0,1,0,0,0,0,0,0,0,43,30,0,0,1,0,0,0,0,0,42,30,0,0,1,0,0,0,0,0,0,0,42,30,0,0,1,0,0,0,0,0,1,0,0,0,0,0,0,0,0,0,0,0,1,0,0,0,0,0,0,0,0,0
050,49,031,Utah,Piute County,2000c,10,102,45,57,42,56,0,0,3,0,0,1,0,0,0,0,42,56,0,0,3,0,0,1,0,0,40,55,0,0,3,0,0,1,0,0,0,0,40,55,0,0,3,0,0,1,0,0,2,1,0,0,0,0,0,0,0,0,0,0,2,1,0,0,0,0,0,0,0,0
050,49,031,Utah,Piute County,2000a,10,102,45,57,42,56,0,0,3,0,0,1,0,0,0,0,42,56,0,0,3,0,0,1,0,0,40,55,0,0,3,0,0,1,0,0,0,0,40,55,0,0,3,0,0,1,0,0,2,1,0,0,0,0,0,0,0,0,0,0,2,1,0,0,0,0,0,0,0,0
050,49,031,Utah,Piute County,2000,10,102,45,57,42,56,0,0,3,0,0,1,0,0,0,0,42,56,0,0,3,0,0,1,0,0,40,55,0,0,3,0,0,1,0,0,0,0,40,55,0,0,3,0,0,1,0,0,2,1,0,0,0,0,0,0,0,0,0,0,2,1,0,0,0,0,0,0,0,0
050,49,031,Utah,Piute County,2001,10,98,44,54,41,53,0,0,2,0,0,1,0,0,1,0,42,53,0,0,3,0,0,1,0,0,39,52,0,0,2,0,0,1,0,0,1,0,40,52,0,0,3,0,0,1,0,0,2,1,0,0,0,0,0,0,0,0,0,0,2,1,0,0,0,0,0,0,0,0
050,49,031,Utah,Piute County,2002,10,90,43,47,40,45,0,0,3,0,0,2,0,0,0,0,40,45,0,0,3,0,0,2,0,0,39,45,0,0,3,0,0,2,0,0,0,0,39,45,0,0,3,0,0,2,0,0,1,0,0,0,0,0,0,0,0,0,0,0,1,0,0,0,0,0,0,0,0,0
050,49,031,Utah,Piute County,2003,10,92,44,48,40,45,0,0,3,1,0,2,0,0,1,0,41,45,0,0,4,1,0,2,0,0,39,44,0,0,3,1,0,2,0,0,1,0,40,44,0,0,4,1,0,2,0,0,1,1,0,0,0,0,0,0,0,0,0,0,1,1,0,0,0,0,0,0,0,0
050,49,031,Utah,Piute County,2004,10,77,40,37,39,36,0,0,1,0,0,1,0,0,0,0,39,36,0,0,1,0,0,1,0,0,38,35,0,0,1,0,0,1,0,0,0,0,38,35,0,0,1,0,0,1,0,0,1,1,0,0,0,0,0,0,0,0,0,0,1,1,0,0,0,0,0,0,0,0
050,49,031,Utah,Piute County,2000c,11,81,37,44,35,44,0,0,0,0,0,0,0,0,2,0,37,44,0,0,2,0,0,0,0,0,35,44,0,0,0,0,0,0,0,0,2,0,37,44,0,0,2,0,0,0,0,0,0,0,0,0,0,0,0,0,0,0,0,0,0,0,0,0,0,0,0,0,0,0
050,49,031,Utah,Piute County,2000a,11,81,37,44,35,44,0,0,0,0,0,0,0,0,2,0,37,44,0,0,2,0,0,0,0,0,35,44,0,0,0,0,0,0,0,0,2,0,37,44,0,0,2,0,0,0,0,0,0,0,0,0,0,0,0,0,0,0,0,0,0,0,0,0,0,0,0,0,0,0
050,49,031,Utah,Piute County,2000,11,80,36,44,36,44,0,0,0,0,0,0,0,0,0,0,36,44,0,0,0,0,0,0,0,0,36,44,0,0,0,0,0,0,0,0,0,0,36,44,0,0,0,0,0,0,0,0,0,0,0,0,0,0,0,0,0,0,0,0,0,0,0,0,0,0,0,0,0,0
050,49,031,Utah,Piute County,2001,11,80,38,42,38,42,0,0,0,0,0,0,0,0,0,0,38,42,0,0,0,0,0,0,0,0,38,42,0,0,0,0,0,0,0,0,0,0,38,42,0,0,0,0,0,0,0,0,0,0,0,0,0,0,0,0,0,0,0,0,0,0,0,0,0,0,0,0,0,0
050,49,031,Utah,Piute County,2002,11,89,39,50,39,50,0,0,0,0,0,0,0,0,0,0,39,50,0,0,0,0,0,0,0,0,38,49,0,0,0,0,0,0,0,0,0,0,38,49,0,0,0,0,0,0,0,0,1,1,0,0,0,0,0,0,0,0,0,0,1,1,0,0,0,0,0,0,0,0
050,49,031,Utah,Piute County,2003,11,95,44,51,44,51,0,0,0,0,0,0,0,0,0,0,44,51,0,0,0,0,0,0,0,0,42,50,0,0,0,0,0,0,0,0,0,0,42,50,0,0,0,0,0,0,0,0,2,1,0,0,0,0,0,0,0,0,0,0,2,1,0,0,0,0,0,0,0,0
050,49,031,Utah,Piute County,2004,11,102,47,55,46,54,0,0,1,0,0,1,0,0,0,0,46,54,0,0,1,0,0,1,0,0,44,53,0,0,1,0,0,1,0,0,0,0,44,53,0,0,1,0,0,1,0,0,2,1,0,0,0,0,0,0,0,0,0,0,2,1,0,0,0,0,0,0,0,0
050,49,031,Utah,Piute County,2000c,12,100,53,47,53,47,0,0,0,0,0,0,0,0,0,0,53,47,0,0,0,0,0,0,0,0,52,47,0,0,0,0,0,0,0,0,0,0,52,47,0,0,0,0,0,0,0,0,1,0,0,0,0,0,0,0,0,0,0,0,1,0,0,0,0,0,0,0,0,0
050,49,031,Utah,Piute County,2000a,12,100,53,47,53,47,0,0,0,0,0,0,0,0,0,0,53,47,0,0,0,0,0,0,0,0,52,47,0,0,0,0,0,0,0,0,0,0,52,47,0,0,0,0,0,0,0,0,1,0,0,0,0,0,0,0,0,0,0,0,1,0,0,0,0,0,0,0,0,0
050,49,031,Utah,Piute County,2000,12,100,53,47,53,47,0,0,0,0,0,0,0,0,0,0,53,47,0,0,0,0,0,0,0,0,52,47,0,0,0,0,0,0,0,0,0,0,52,47,0,0,0,0,0,0,0,0,1,0,0,0,0,0,0,0,0,0,0,0,1,0,0,0,0,0,0,0,0,0
050,49,031,Utah,Piute County,2001,12,96,52,44,52,44,0,0,0,0,0,0,0,0,0,0,52,44,0,0,0,0,0,0,0,0,51,44,0,0,0,0,0,0,0,0,0,0,51,44,0,0,0,0,0,0,0,0,1,0,0,0,0,0,0,0,0,0,0,0,1,0,0,0,0,0,0,0,0,0
050,49,031,Utah,Piute County,2002,12,89,45,44,45,44,0,0,0,0,0,0,0,0,0,0,45,44,0,0,0,0,0,0,0,0,44,44,0,0,0,0,0,0,0,0,0,0,44,44,0,0,0,0,0,0,0,0,1,0,0,0,0,0,0,0,0,0,0,0,1,0,0,0,0,0,0,0,0,0
050,49,031,Utah,Piute County,2003,12,83,41,42,41,42,0,0,0,0,0,0,0,0,0,0,41,42,0,0,0,0,0,0,0,0,40,42,0,0,0,0,0,0,0,0,0,0,40,42,0,0,0,0,0,0,0,0,1,0,0,0,0,0,0,0,0,0,0,0,1,0,0,0,0,0,0,0,0,0
050,49,031,Utah,Piute County,2004,12,75,35,40,35,40,0,0,0,0,0,0,0,0,0,0,35,40,0,0,0,0,0,0,0,0,34,40,0,0,0,0,0,0,0,0,0,0,34,40,0,0,0,0,0,0,0,0,1,0,0,0,0,0,0,0,0,0,0,0,1,0,0,0,0,0,0,0,0,0
050,49,031,Utah,Piute County,2000c,13,90,46,44,46,44,0,0,0,0,0,0,0,0,0,0,46,44,0,0,0,0,0,0,0,0,46,44,0,0,0,0,0,0,0,0,0,0,46,44,0,0,0,0,0,0,0,0,0,0,0,0,0,0,0,0,0,0,0,0,0,0,0,0,0,0,0,0,0,0
050,49,031,Utah,Piute County,2000a,13,90,46,44,46,44,0,0,0,0,0,0,0,0,0,0,46,44,0,0,0,0,0,0,0,0,46,44,0,0,0,0,0,0,0,0,0,0,46,44,0,0,0,0,0,0,0,0,0,0,0,0,0,0,0,0,0,0,0,0,0,0,0,0,0,0,0,0,0,0
050,49,031,Utah,Piute County,2000,13,90,46,44,46,44,0,0,0,0,0,0,0,0,0,0,46,44,0,0,0,0,0,0,0,0,46,44,0,0,0,0,0,0,0,0,0,0,46,44,0,0,0,0,0,0,0,0,0,0,0,0,0,0,0,0,0,0,0,0,0,0,0,0,0,0,0,0,0,0
050,49,031,Utah,Piute County,2001,13,93,45,48,45,48,0,0,0,0,0,0,0,0,0,0,45,48,0,0,0,0,0,0,0,0,45,48,0,0,0,0,0,0,0,0,0,0,45,48,0,0,0,0,0,0,0,0,0,0,0,0,0,0,0,0,0,0,0,0,0,0,0,0,0,0,0,0,0,0
050,49,031,Utah,Piute County,2002,13,96,52,44,52,44,0,0,0,0,0,0,0,0,0,0,52,44,0,0,0,0,0,0,0,0,52,44,0,0,0,0,0,0,0,0,0,0,52,44,0,0,0,0,0,0,0,0,0,0,0,0,0,0,0,0,0,0,0,0,0,0,0,0,0,0,0,0,0,0
050,49,031,Utah,Piute County,2003,13,95,45,50,45,50,0,0,0,0,0,0,0,0,0,0,45,50,0,0,0,0,0,0,0,0,45,50,0,0,0,0,0,0,0,0,0,0,45,50,0,0,0,0,0,0,0,0,0,0,0,0,0,0,0,0,0,0,0,0,0,0,0,0,0,0,0,0,0,0
050,49,031,Utah,Piute County,2004,13,95,48,47,48,47,0,0,0,0,0,0,0,0,0,0,48,47,0,0,0,0,0,0,0,0,48,47,0,0,0,0,0,0,0,0,0,0,48,47,0,0,0,0,0,0,0,0,0,0,0,0,0,0,0,0,0,0,0,0,0,0,0,0,0,0,0,0,0,0
050,49,031,Utah,Piute County,2000c,14,66,33,33,33,32,0,0,0,0,0,0,0,0,0,1,33,33,0,0,0,1,0,0,0,0,32,32,0,0,0,0,0,0,0,0,0,1,32,33,0,0,0,1,0,0,0,0,1,0,0,0,0,0,0,0,0,0,0,0,1,0,0,0,0,0,0,0,0,0
050,49,031,Utah,Piute County,2000a,14,66,33,33,33,32,0,0,0,0,0,0,0,0,0,1,33,33,0,0,0,1,0,0,0,0,32,32,0,0,0,0,0,0,0,0,0,1,32,33,0,0,0,1,0,0,0,0,1,0,0,0,0,0,0,0,0,0,0,0,1,0,0,0,0,0,0,0,0,0
050,49,031,Utah,Piute County,2000,14,66,33,33,33,33,0,0,0,0,0,0,0,0,0,0,33,33,0,0,0,0,0,0,0,0,32,33,0,0,0,0,0,0,0,0,0,0,32,33,0,0,0,0,0,0,0,0,1,0,0,0,0,0,0,0,0,0,0,0,1,0,0,0,0,0,0,0,0,0
050,49,031,Utah,Piute County,2001,14,63,34,29,34,28,0,0,0,1,0,0,0,0,0,0,34,28,0,0,0,1,0,0,0,0,34,28,0,0,0,1,0,0,0,0,0,0,34,28,0,0,0,1,0,0,0,0,0,0,0,0,0,0,0,0,0,0,0,0,0,0,0,0,0,0,0,0,0,0
050,49,031,Utah,Piute County,2002,14,66,34,32,34,32,0,0,0,0,0,0,0,0,0,0,34,32,0,0,0,0,0,0,0,0,34,32,0,0,0,0,0,0,0,0,0,0,34,32,0,0,0,0,0,0,0,0,0,0,0,0,0,0,0,0,0,0,0,0,0,0,0,0,0,0,0,0,0,0
050,49,031,Utah,Piute County,2003,14,75,43,32,43,32,0,0,0,0,0,0,0,0,0,0,43,32,0,0,0,0,0,0,0,0,43,32,0,0,0,0,0,0,0,0,0,0,43,32,0,0,0,0,0,0,0,0,0,0,0,0,0,0,0,0,0,0,0,0,0,0,0,0,0,0,0,0,0,0
050,49,031,Utah,Piute County,2004,14,89,46,43,46,43,0,0,0,0,0,0,0,0,0,0,46,43,0,0,0,0,0,0,0,0,46,43,0,0,0,0,0,0,0,0,0,0,46,43,0,0,0,0,0,0,0,0,0,0,0,0,0,0,0,0,0,0,0,0,0,0,0,0,0,0,0,0,0,0
050,49,031,Utah,Piute County,2000c,15,64,35,29,33,29,0,0,0,0,0,0,0,0,2,0,35,29,0,0,2,0,0,0,0,0,33,29,0,0,0,0,0,0,0,0,2,0,35,29,0,0,2,0,0,0,0,0,0,0,0,0,0,0,0,0,0,0,0,0,0,0,0,0,0,0,0,0,0,0
050,49,031,Utah,Piute County,2000a,15,64,35,29,33,29,0,0,0,0,0,0,0,0,2,0,35,29,0,0,2,0,0,0,0,0,33,29,0,0,0,0,0,0,0,0,2,0,35,29,0,0,2,0,0,0,0,0,0,0,0,0,0,0,0,0,0,0,0,0,0,0,0,0,0,0,0,0,0,0
050,49,031,Utah,Piute County,2000,15,64,35,29,34,29,0,0,1,0,0,0,0,0,0,0,34,29,0,0,1,0,0,0,0,0,34,29,0,0,1,0,0,0,0,0,0,0,34,29,0,0,1,0,0,0,0,0,0,0,0,0,0,0,0,0,0,0,0,0,0,0,0,0,0,0,0,0,0,0
050,49,031,Utah,Piute County,2001,15,73,36,37,35,37,0,0,1,0,0,0,0,0,0,0,35,37,0,0,1,0,0,0,0,0,34,37,0,0,1,0,0,0,0,0,0,0,34,37,0,0,1,0,0,0,0,0,1,0,0,0,0,0,0,0,0,0,0,0,1,0,0,0,0,0,0,0,0,0
050,49,031,Utah,Piute County,2002,15,77,39,38,38,38,0,0,1,0,0,0,0,0,0,0,38,38,0,0,1,0,0,0,0,0,37,38,0,0,1,0,0,0,0,0,0,0,37,38,0,0,1,0,0,0,0,0,1,0,0,0,0,0,0,0,0,0,0,0,1,0,0,0,0,0,0,0,0,0
050,49,031,Utah,Piute County,2003,15,77,36,41,35,40,0,0,1,1,0,0,0,0,0,0,35,40,0,0,1,1,0,0,0,0,34,40,0,0,1,1,0,0,0,0,0,0,34,40,0,0,1,1,0,0,0,0,1,0,0,0,0,0,0,0,0,0,0,0,1,0,0,0,0,0,0,0,0,0
050,49,031,Utah,Piute County,2004,15,60,24,36,24,35,0,0,0,1,0,0,0,0,0,0,24,35,0,0,0,1,0,0,0,0,23,35,0,0,0,1,0,0,0,0,0,0,23,35,0,0,0,1,0,0,0,0,1,0,0,0,0,0,0,0,0,0,0,0,1,0,0,0,0,0,0,0,0,0
050,49,031,Utah,Piute County,2000c,16,40,23,17,23,16,0,0,0,1,0,0,0,0,0,0,23,16,0,0,0,1,0,0,0,0,23,16,0,0,0,1,0,0,0,0,0,0,23,16,0,0,0,1,0,0,0,0,0,0,0,0,0,0,0,0,0,0,0,0,0,0,0,0,0,0,0,0,0,0
050,49,031,Utah,Piute County,2000a,16,40,23,17,23,16,0,0,0,1,0,0,0,0,0,0,23,16,0,0,0,1,0,0,0,0,23,16,0,0,0,1,0,0,0,0,0,0,23,16,0,0,0,1,0,0,0,0,0,0,0,0,0,0,0,0,0,0,0,0,0,0,0,0,0,0,0,0,0,0
050,49,031,Utah,Piute County,2000,16,41,24,17,24,16,0,0,0,1,0,0,0,0,0,0,24,16,0,0,0,1,0,0,0,0,24,16,0,0,0,1,0,0,0,0,0,0,24,16,0,0,0,1,0,0,0,0,0,0,0,0,0,0,0,0,0,0,0,0,0,0,0,0,0,0,0,0,0,0
050,49,031,Utah,Piute County,2001,16,41,25,16,25,15,0,0,0,1,0,0,0,0,0,0,25,15,0,0,0,1,0,0,0,0,25,15,0,0,0,1,0,0,0,0,0,0,25,15,0,0,0,1,0,0,0,0,0,0,0,0,0,0,0,0,0,0,0,0,0,0,0,0,0,0,0,0,0,0
050,49,031,Utah,Piute County,2002,16,43,26,17,26,16,0,0,0,1,0,0,0,0,0,0,26,16,0,0,0,1,0,0,0,0,26,16,0,0,0,1,0,0,0,0,0,0,26,16,0,0,0,1,0,0,0,0,0,0,0,0,0,0,0,0,0,0,0,0,0,0,0,0,0,0,0,0,0,0
050,49,031,Utah,Piute County,2003,16,43,24,19,24,18,0,0,0,1,0,0,0,0,0,0,24,18,0,0,0,1,0,0,0,0,24,18,0,0,0,1,0,0,0,0,0,0,24,18,0,0,0,1,0,0,0,0,0,0,0,0,0,0,0,0,0,0,0,0,0,0,0,0,0,0,0,0,0,0
050,49,031,Utah,Piute County,2004,16,54,28,26,27,26,0,0,1,0,0,0,0,0,0,0,27,26,0,0,1,0,0,0,0,0,27,26,0,0,1,0,0,0,0,0,0,0,27,26,0,0,1,0,0,0,0,0,0,0,0,0,0,0,0,0,0,0,0,0,0,0,0,0,0,0,0,0,0,0
050,49,031,Utah,Piute County,2000c,17,37,12,25,12,24,0,0,0,1,0,0,0,0,0,0,12,24,0,0,0,1,0,0,0,0,12,24,0,0,0,1,0,0,0,0,0,0,12,24,0,0,0,1,0,0,0,0,0,0,0,0,0,0,0,0,0,0,0,0,0,0,0,0,0,0,0,0,0,0
050,49,031,Utah,Piute County,2000a,17,37,12,25,12,24,0,0,0,1,0,0,0,0,0,0,12,24,0,0,0,1,0,0,0,0,12,24,0,0,0,1,0,0,0,0,0,0,12,24,0,0,0,1,0,0,0,0,0,0,0,0,0,0,0,0,0,0,0,0,0,0,0,0,0,0,0,0,0,0
050,49,031,Utah,Piute County,2000,17,36,11,25,11,24,0,0,0,1,0,0,0,0,0,0,11,24,0,0,0,1,0,0,0,0,11,24,0,0,0,1,0,0,0,0,0,0,11,24,0,0,0,1,0,0,0,0,0,0,0,0,0,0,0,0,0,0,0,0,0,0,0,0,0,0,0,0,0,0
050,49,031,Utah,Piute County,2001,17,37,11,26,11,25,0,0,0,1,0,0,0,0,0,0,11,25,0,0,0,1,0,0,0,0,11,25,0,0,0,1,0,0,0,0,0,0,11,25,0,0,0,1,0,0,0,0,0,0,0,0,0,0,0,0,0,0,0,0,0,0,0,0,0,0,0,0,0,0
050,49,031,Utah,Piute County,2002,17,37,13,24,13,23,0,0,0,1,0,0,0,0,0,0,13,23,0,0,0,1,0,0,0,0,13,23,0,0,0,1,0,0,0,0,0,0,13,23,0,0,0,1,0,0,0,0,0,0,0,0,0,0,0,0,0,0,0,0,0,0,0,0,0,0,0,0,0,0
050,49,031,Utah,Piute County,2003,17,37,17,20,17,19,0,0,0,1,0,0,0,0,0,0,17,19,0,0,0,1,0,0,0,0,17,19,0,0,0,1,0,0,0,0,0,0,17,19,0,0,0,1,0,0,0,0,0,0,0,0,0,0,0,0,0,0,0,0,0,0,0,0,0,0,0,0,0,0
050,49,031,Utah,Piute County,2004,17,31,15,16,15,13,0,0,0,2,0,0,0,0,0,1,15,14,0,0,0,3,0,0,0,0,15,13,0,0,0,2,0,0,0,0,0,1,15,14,0,0,0,3,0,0,0,0,0,0,0,0,0,0,0,0,0,0,0,0,0,0,0,0,0,0,0,0,0,0
050,49,031,Utah,Piute County,2000c,18,38,19,19,19,19,0,0,0,0,0,0,0,0,0,0,19,19,0,0,0,0,0,0,0,0,19,19,0,0,0,0,0,0,0,0,0,0,19,19,0,0,0,0,0,0,0,0,0,0,0,0,0,0,0,0,0,0,0,0,0,0,0,0,0,0,0,0,0,0
050,49,031,Utah,Piute County,2000a,18,38,19,19,19,19,0,0,0,0,0,0,0,0,0,0,19,19,0,0,0,0,0,0,0,0,19,19,0,0,0,0,0,0,0,0,0,0,19,19,0,0,0,0,0,0,0,0,0,0,0,0,0,0,0,0,0,0,0,0,0,0,0,0,0,0,0,0,0,0
050,49,031,Utah,Piute County,2000,18,38,19,19,19,19,0,0,0,0,0,0,0,0,0,0,19,19,0,0,0,0,0,0,0,0,19,19,0,0,0,0,0,0,0,0,0,0,19,19,0,0,0,0,0,0,0,0,0,0,0,0,0,0,0,0,0,0,0,0,0,0,0,0,0,0,0,0,0,0
050,49,031,Utah,Piute County,2001,18,40,21,19,21,19,0,0,0,0,0,0,0,0,0,0,21,19,0,0,0,0,0,0,0,0,21,19,0,0,0,0,0,0,0,0,0,0,21,19,0,0,0,0,0,0,0,0,0,0,0,0,0,0,0,0,0,0,0,0,0,0,0,0,0,0,0,0,0,0
050,49,031,Utah,Piute County,2002,18,37,19,18,19,18,0,0,0,0,0,0,0,0,0,0,19,18,0,0,0,0,0,0,0,0,19,18,0,0,0,0,0,0,0,0,0,0,19,18,0,0,0,0,0,0,0,0,0,0,0,0,0,0,0,0,0,0,0,0,0,0,0,0,0,0,0,0,0,0
050,49,031,Utah,Piute County,2003,18,34,16,18,16,18,0,0,0,0,0,0,0,0,0,0,16,18,0,0,0,0,0,0,0,0,16,18,0,0,0,0,0,0,0,0,0,0,16,18,0,0,0,0,0,0,0,0,0,0,0,0,0,0,0,0,0,0,0,0,0,0,0,0,0,0,0,0,0,0
050,49,031,Utah,Piute County,2004,18,38,16,22,16,22,0,0,0,0,0,0,0,0,0,0,16,22,0,0,0,0,0,0,0,0,16,22,0,0,0,0,0,0,0,0,0,0,16,22,0,0,0,0,0,0,0,0,0,0,0,0,0,0,0,0,0,0,0,0,0,0,0,0,0,0,0,0,0,0
050,49,033,Utah,Rich County,2000c,0,1961,998,963,991,953,0,0,0,1,4,5,0,0,3,4,994,957,1,0,1,4,5,6,0,0,967,941,0,0,0,1,4,5,0,0,3,4,970,945,1,0,1,4,5,6,0,0,24,12,0,0,0,0,0,0,0,0,0,0,24,12,0,0,0,0,0,0,0,0
050,49,033,Utah,Rich County,2000a,0,1961,998,963,991,953,0,0,0,1,4,5,0,0,3,4,994,957,1,0,1,4,5,6,0,0,967,941,0,0,0,1,4,5,0,0,3,4,970,945,1,0,1,4,5,6,0,0,24,12,0,0,0,0,0,0,0,0,0,0,24,12,0,0,0,0,0,0,0,0
050,49,033,Utah,Rich County,2000,0,1967,1001,966,996,957,0,0,0,0,4,5,0,0,1,4,997,961,1,0,0,4,4,5,0,0,972,945,0,0,0,0,4,5,0,0,1,4,973,949,1,0,0,4,4,5,0,0,24,12,0,0,0,0,0,0,0,0,0,0,24,12,0,0,0,0,0,0,0,0
050,49,033,Utah,Rich County,2001,0,1951,988,963,983,955,0,0,0,0,4,5,0,0,1,3,984,958,1,0,0,3,4,5,0,0,960,942,0,0,0,0,4,5,0,0,1,3,961,945,1,0,0,3,4,5,0,0,23,13,0,0,0,0,0,0,0,0,0,0,23,13,0,0,0,0,0,0,0,0
050,49,033,Utah,Rich County,2002,0,1953,983,970,978,962,0,0,0,0,4,5,0,0,1,3,979,965,1,0,0,3,4,5,0,0,955,948,0,0,0,0,4,5,0,0,1,3,956,951,1,0,0,3,4,5,0,0,23,14,0,0,0,0,0,0,0,0,0,0,23,14,0,0,0,0,0,0,0,0
050,49,033,Utah,Rich County,2003,0,2028,1016,1012,1011,1007,0,0,0,0,4,5,0,0,1,0,1012,1007,1,0,0,0,4,5,0,0,988,992,0,0,0,0,4,5,0,0,1,0,989,992,1,0,0,0,4,5,0,0,23,15,0,0,0,0,0,0,0,0,0,0,23,15,0,0,0,0,0,0,0,0
050,49,033,Utah,Rich County,2004,0,2054,1032,1022,1027,1016,0,0,0,0,4,6,0,0,1,0,1028,1016,1,0,0,0,4,6,0,0,1004,1000,0,0,0,0,4,6,0,0,1,0,1005,1000,1,0,0,0,4,6,0,0,23,16,0,0,0,0,0,0,0,0,0,0,23,16,0,0,0,0,0,0,0,0
050,49,033,Utah,Rich County,2000c,1,142,73,69,73,69,0,0,0,0,0,0,0,0,0,0,73,69,0,0,0,0,0,0,0,0,71,64,0,0,0,0,0,0,0,0,0,0,71,64,0,0,0,0,0,0,0,0,2,5,0,0,0,0,0,0,0,0,0,0,2,5,0,0,0,0,0,0,0,0
050,49,033,Utah,Rich County,2000a,1,142,73,69,73,69,0,0,0,0,0,0,0,0,0,0,73,69,0,0,0,0,0,0,0,0,71,64,0,0,0,0,0,0,0,0,0,0,71,64,0,0,0,0,0,0,0,0,2,5,0,0,0,0,0,0,0,0,0,0,2,5,0,0,0,0,0,0,0,0
050,49,033,Utah,Rich County,2000,1,142,73,69,73,69,0,0,0,0,0,0,0,0,0,0,73,69,0,0,0,0,0,0,0,0,71,64,0,0,0,0,0,0,0,0,0,0,71,64,0,0,0,0,0,0,0,0,2,5,0,0,0,0,0,0,0,0,0,0,2,5,0,0,0,0,0,0,0,0
050,49,033,Utah,Rich County,2001,1,127,64,63,64,63,0,0,0,0,0,0,0,0,0,0,64,63,0,0,0,0,0,0,0,0,62,58,0,0,0,0,0,0,0,0,0,0,62,58,0,0,0,0,0,0,0,0,2,5,0,0,0,0,0,0,0,0,0,0,2,5,0,0,0,0,0,0,0,0
050,49,033,Utah,Rich County,2002,1,121,56,65,56,65,0,0,0,0,0,0,0,0,0,0,56,65,0,0,0,0,0,0,0,0,54,61,0,0,0,0,0,0,0,0,0,0,54,61,0,0,0,0,0,0,0,0,2,4,0,0,0,0,0,0,0,0,0,0,2,4,0,0,0,0,0,0,0,0
050,49,033,Utah,Rich County,2003,1,121,61,60,61,60,0,0,0,0,0,0,0,0,0,0,61,60,0,0,0,0,0,0,0,0,59,60,0,0,0,0,0,0,0,0,0,0,59,60,0,0,0,0,0,0,0,0,2,0,0,0,0,0,0,0,0,0,0,0,2,0,0,0,0,0,0,0,0,0
050,49,033,Utah,Rich County,2004,1,118,62,56,62,56,0,0,0,0,0,0,0,0,0,0,62,56,0,0,0,0,0,0,0,0,62,56,0,0,0,0,0,0,0,0,0,0,62,56,0,0,0,0,0,0,0,0,0,0,0,0,0,0,0,0,0,0,0,0,0,0,0,0,0,0,0,0,0,0
050,49,033,Utah,Rich County,2000c,2,168,85,83,84,81,0,0,0,0,1,0,0,0,0,2,84,83,0,0,0,2,1,0,0,0,82,81,0,0,0,0,1,0,0,0,0,2,82,83,0,0,0,2,1,0,0,0,2,0,0,0,0,0,0,0,0,0,0,0,2,0,0,0,0,0,0,0,0,0
050,49,033,Utah,Rich County,2000a,2,168,85,83,84,81,0,0,0,0,1,0,0,0,0,2,84,83,0,0,0,2,1,0,0,0,82,81,0,0,0,0,1,0,0,0,0,2,82,83,0,0,0,2,1,0,0,0,2,0,0,0,0,0,0,0,0,0,0,0,2,0,0,0,0,0,0,0,0,0
050,49,033,Utah,Rich County,2000,2,168,85,83,84,81,0,0,0,0,1,0,0,0,0,2,84,83,0,0,0,2,1,0,0,0,82,81,0,0,0,0,1,0,0,0,0,2,82,83,0,0,0,2,1,0,0,0,2,0,0,0,0,0,0,0,0,0,0,0,2,0,0,0,0,0,0,0,0,0
050,49,033,Utah,Rich County,2001,2,164,80,84,79,82,0,0,0,0,1,0,0,0,0,2,79,84,0,0,0,2,1,0,0,0,79,82,0,0,0,0,1,0,0,0,0,2,79,84,0,0,0,2,1,0,0,0,0,0,0,0,0,0,0,0,0,0,0,0,0,0,0,0,0,0,0,0,0,0
050,49,033,Utah,Rich County,2002,2,157,78,79,78,77,0,0,0,0,0,0,0,0,0,2,78,79,0,0,0,2,0,0,0,0,78,76,0,0,0,0,0,0,0,0,0,2,78,78,0,0,0,2,0,0,0,0,0,1,0,0,0,0,0,0,0,0,0,0,0,1,0,0,0,0,0,0,0,0
050,49,033,Utah,Rich County,2003,2,156,75,81,75,81,0,0,0,0,0,0,0,0,0,0,75,81,0,0,0,0,0,0,0,0,75,76,0,0,0,0,0,0,0,0,0,0,75,76,0,0,0,0,0,0,0,0,0,5,0,0,0,0,0,0,0,0,0,0,0,5,0,0,0,0,0,0,0,0
050,49,033,Utah,Rich County,2004,2,153,74,79,74,79,0,0,0,0,0,0,0,0,0,0,74,79,0,0,0,0,0,0,0,0,72,74,0,0,0,0,0,0,0,0,0,0,72,74,0,0,0,0,0,0,0,0,2,5,0,0,0,0,0,0,0,0,0,0,2,5,0,0,0,0,0,0,0,0
050,49,033,Utah,Rich County,2000c,3,218,111,107,110,105,0,0,0,0,0,1,0,0,1,1,111,106,1,0,0,1,0,1,0,0,103,104,0,0,0,0,0,1,0,0,1,1,104,105,1,0,0,1,0,1,0,0,7,1,0,0,0,0,0,0,0,0,0,0,7,1,0,0,0,0,0,0,0,0
050,49,033,Utah,Rich County,2000a,3,218,111,107,110,105,0,0,0,0,0,1,0,0,1,1,111,106,1,0,0,1,0,1,0,0,103,104,0,0,0,0,0,1,0,0,1,1,104,105,1,0,0,1,0,1,0,0,7,1,0,0,0,0,0,0,0,0,0,0,7,1,0,0,0,0,0,0,0,0
050,49,033,Utah,Rich County,2000,3,220,112,108,111,106,0,0,0,0,0,1,0,0,1,1,112,107,1,0,0,1,0,1,0,0,104,105,0,0,0,0,0,1,0,0,1,1,105,106,1,0,0,1,0,1,0,0,7,1,0,0,0,0,0,0,0,0,0,0,7,1,0,0,0,0,0,0,0,0
050,49,033,Utah,Rich County,2001,3,204,109,95,108,94,0,0,0,0,0,1,0,0,1,0,109,94,1,0,0,0,0,1,0,0,100,94,0,0,0,0,0,1,0,0,1,0,101,94,1,0,0,0,0,1,0,0,8,0,0,0,0,0,0,0,0,0,0,0,8,0,0,0,0,0,0,0,0,0
050,49,033,Utah,Rich County,2002,3,207,107,100,105,99,0,0,0,0,1,1,0,0,1,0,106,99,1,0,0,0,1,1,0,0,100,99,0,0,0,0,1,1,0,0,1,0,101,99,1,0,0,0,1,1,0,0,5,0,0,0,0,0,0,0,0,0,0,0,5,0,0,0,0,0,0,0,0,0
050,49,033,Utah,Rich County,2003,3,198,106,92,104,92,0,0,0,0,1,0,0,0,1,0,105,92,1,0,0,0,1,0,0,0,99,92,0,0,0,0,1,0,0,0,1,0,100,92,1,0,0,0,1,0,0,0,5,0,0,0,0,0,0,0,0,0,0,0,5,0,0,0,0,0,0,0,0,0
050,49,033,Utah,Rich County,2004,3,185,102,83,100,83,0,0,0,0,1,0,0,0,1,0,101,83,1,0,0,0,1,0,0,0,96,83,0,0,0,0,1,0,0,0,1,0,97,83,1,0,0,0,1,0,0,0,4,0,0,0,0,0,0,0,0,0,0,0,4,0,0,0,0,0,0,0,0,0
050,49,033,Utah,Rich County,2000c,4,219,122,97,119,94,0,0,0,0,2,2,0,0,1,1,120,95,0,0,0,0,3,3,0,0,116,94,0,0,0,0,2,2,0,0,1,1,117,95,0,0,0,0,3,3,0,0,3,0,0,0,0,0,0,0,0,0,0,0,3,0,0,0,0,0,0,0,0,0
050,49,033,Utah,Rich County,2000a,4,219,122,97,119,94,0,0,0,0,2,2,0,0,1,1,120,95,0,0,0,0,3,3,0,0,116,94,0,0,0,0,2,2,0,0,1,1,117,95,0,0,0,0,3,3,0,0,3,0,0,0,0,0,0,0,0,0,0,0,3,0,0,0,0,0,0,0,0,0
050,49,033,Utah,Rich County,2000,4,218,122,96,120,94,0,0,0,0,2,2,0,0,0,0,120,94,0,0,0,0,2,2,0,0,117,94,0,0,0,0,2,2,0,0,0,0,117,94,0,0,0,0,2,2,0,0,3,0,0,0,0,0,0,0,0,0,0,0,3,0,0,0,0,0,0,0,0,0
050,49,033,Utah,Rich County,2001,4,231,123,108,121,106,0,0,0,0,2,2,0,0,0,0,121,106,0,0,0,0,2,2,0,0,117,105,0,0,0,0,2,2,0,0,0,0,117,105,0,0,0,0,2,2,0,0,4,1,0,0,0,0,0,0,0,0,0,0,4,1,0,0,0,0,0,0,0,0
050,49,033,Utah,Rich County,2002,4,219,116,103,114,101,0,0,0,0,2,2,0,0,0,0,114,101,0,0,0,0,2,2,0,0,109,100,0,0,0,0,2,2,0,0,0,0,109,100,0,0,0,0,2,2,0,0,5,1,0,0,0,0,0,0,0,0,0,0,5,1,0,0,0,0,0,0,0,0
050,49,033,Utah,Rich County,2003,4,223,115,108,114,106,0,0,0,0,1,2,0,0,0,0,114,106,0,0,0,0,1,2,0,0,109,105,0,0,0,0,1,2,0,0,0,0,109,105,0,0,0,0,1,2,0,0,5,1,0,0,0,0,0,0,0,0,0,0,5,1,0,0,0,0,0,0,0,0
050,49,033,Utah,Rich County,2004,4,214,105,109,105,107,0,0,0,0,0,2,0,0,0,0,105,107,0,0,0,0,0,2,0,0,99,106,0,0,0,0,0,2,0,0,0,0,99,106,0,0,0,0,0,2,0,0,6,1,0,0,0,0,0,0,0,0,0,0,6,1,0,0,0,0,0,0,0,0
050,49,033,Utah,Rich County,2000c,5,73,35,38,35,38,0,0,0,0,0,0,0,0,0,0,35,38,0,0,0,0,0,0,0,0,35,38,0,0,0,0,0,0,0,0,0,0,35,38,0,0,0,0,0,0,0,0,0,0,0,0,0,0,0,0,0,0,0,0,0,0,0,0,0,0,0,0,0,0
050,49,033,Utah,Rich County,2000a,5,73,35,38,35,38,0,0,0,0,0,0,0,0,0,0,35,38,0,0,0,0,0,0,0,0,35,38,0,0,0,0,0,0,0,0,0,0,35,38,0,0,0,0,0,0,0,0,0,0,0,0,0,0,0,0,0,0,0,0,0,0,0,0,0,0,0,0,0,0
050,49,033,Utah,Rich County,2000,5,75,36,39,36,39,0,0,0,0,0,0,0,0,0,0,36,39,0,0,0,0,0,0,0,0,36,39,0,0,0,0,0,0,0,0,0,0,36,39,0,0,0,0,0,0,0,0,0,0,0,0,0,0,0,0,0,0,0,0,0,0,0,0,0,0,0,0,0,0
050,49,033,Utah,Rich County,2001,5,82,44,38,44,38,0,0,0,0,0,0,0,0,0,0,44,38,0,0,0,0,0,0,0,0,44,38,0,0,0,0,0,0,0,0,0,0,44,38,0,0,0,0,0,0,0,0,0,0,0,0,0,0,0,0,0,0,0,0,0,0,0,0,0,0,0,0,0,0
050,49,033,Utah,Rich County,2002,5,118,67,51,67,51,0,0,0,0,0,0,0,0,0,0,67,51,0,0,0,0,0,0,0,0,65,51,0,0,0,0,0,0,0,0,0,0,65,51,0,0,0,0,0,0,0,0,2,0,0,0,0,0,0,0,0,0,0,0,2,0,0,0,0,0,0,0,0,0
050,49,033,Utah,Rich County,2003,5,170,91,79,90,78,0,0,0,0,1,1,0,0,0,0,90,78,0,0,0,0,1,1,0,0,88,78,0,0,0,0,1,1,0,0,0,0,88,78,0,0,0,0,1,1,0,0,2,0,0,0,0,0,0,0,0,0,0,0,2,0,0,0,0,0,0,0,0,0
050,49,033,Utah,Rich County,2004,5,214,115,99,113,97,0,0,0,0,2,2,0,0,0,0,113,97,0,0,0,0,2,2,0,0,111,97,0,0,0,0,2,2,0,0,0,0,111,97,0,0,0,0,2,2,0,0,2,0,0,0,0,0,0,0,0,0,0,0,2,0,0,0,0,0,0,0,0,0
050,49,033,Utah,Rich County,2000c,6,88,42,46,42,45,0,0,0,1,0,0,0,0,0,0,42,45,0,0,0,1,0,0,0,0,42,41,0,0,0,1,0,0,0,0,0,0,42,41,0,0,0,1,0,0,0,0,0,4,0,0,0,0,0,0,0,0,0,0,0,4,0,0,0,0,0,0,0,0
050,49,033,Utah,Rich County,2000a,6,88,42,46,42,45,0,0,0,1,0,0,0,0,0,0,42,45,0,0,0,1,0,0,0,0,42,41,0,0,0,1,0,0,0,0,0,0,42,41,0,0,0,1,0,0,0,0,0,4,0,0,0,0,0,0,0,0,0,0,0,4,0,0,0,0,0,0,0,0
050,49,033,Utah,Rich County,2000,6,88,42,46,42,45,0,0,0,0,0,0,0,0,0,1,42,46,0,0,0,1,0,0,0,0,42,41,0,0,0,0,0,0,0,0,0,1,42,42,0,0,0,1,0,0,0,0,0,4,0,0,0,0,0,0,0,0,0,0,0,4,0,0,0,0,0,0,0,0
050,49,033,Utah,Rich County,2001,6,82,37,45,37,45,0,0,0,0,0,0,0,0,0,0,37,45,0,0,0,0,0,0,0,0,37,41,0,0,0,0,0,0,0,0,0,0,37,41,0,0,0,0,0,0,0,0,0,4,0,0,0,0,0,0,0,0,0,0,0,4,0,0,0,0,0,0,0,0
050,49,033,Utah,Rich County,2002,6,72,29,43,29,43,0,0,0,0,0,0,0,0,0,0,29,43,0,0,0,0,0,0,0,0,29,38,0,0,0,0,0,0,0,0,0,0,29,38,0,0,0,0,0,0,0,0,0,5,0,0,0,0,0,0,0,0,0,0,0,5,0,0,0,0,0,0,0,0
050,49,033,Utah,Rich County,2003,6,92,40,52,40,52,0,0,0,0,0,0,0,0,0,0,40,52,0,0,0,0,0,0,0,0,40,46,0,0,0,0,0,0,0,0,0,0,40,46,0,0,0,0,0,0,0,0,0,6,0,0,0,0,0,0,0,0,0,0,0,6,0,0,0,0,0,0,0,0
050,49,033,Utah,Rich County,2004,6,81,36,45,36,45,0,0,0,0,0,0,0,0,0,0,36,45,0,0,0,0,0,0,0,0,36,39,0,0,0,0,0,0,0,0,0,0,36,39,0,0,0,0,0,0,0,0,0,6,0,0,0,0,0,0,0,0,0,0,0,6,0,0,0,0,0,0,0,0
050,49,033,Utah,Rich County,2000c,7,86,39,47,39,47,0,0,0,0,0,0,0,0,0,0,39,47,0,0,0,0,0,0,0,0,39,45,0,0,0,0,0,0,0,0,0,0,39,45,0,0,0,0,0,0,0,0,0,2,0,0,0,0,0,0,0,0,0,0,0,2,0,0,0,0,0,0,0,0
050,49,033,Utah,Rich County,2000a,7,86,39,47,39,47,0,0,0,0,0,0,0,0,0,0,39,47,0,0,0,0,0,0,0,0,39,45,0,0,0,0,0,0,0,0,0,0,39,45,0,0,0,0,0,0,0,0,0,2,0,0,0,0,0,0,0,0,0,0,0,2,0,0,0,0,0,0,0,0
050,49,033,Utah,Rich County,2000,7,86,39,47,39,47,0,0,0,0,0,0,0,0,0,0,39,47,0,0,0,0,0,0,0,0,39,45,0,0,0,0,0,0,0,0,0,0,39,45,0,0,0,0,0,0,0,0,0,2,0,0,0,0,0,0,0,0,0,0,0,2,0,0,0,0,0,0,0,0
050,49,033,Utah,Rich County,2001,7,85,37,48,37,47,0,0,0,0,0,0,0,0,0,1,37,48,0,0,0,1,0,0,0,0,37,44,0,0,0,0,0,0,0,0,0,1,37,45,0,0,0,1,0,0,0,0,0,3,0,0,0,0,0,0,0,0,0,0,0,3,0,0,0,0,0,0,0,0
050,49,033,Utah,Rich County,2002,7,80,36,44,36,43,0,0,0,0,0,0,0,0,0,1,36,44,0,0,0,1,0,0,0,0,36,42,0,0,0,0,0,0,0,0,0,1,36,43,0,0,0,1,0,0,0,0,0,1,0,0,0,0,0,0,0,0,0,0,0,1,0,0,0,0,0,0,0,0
050,49,033,Utah,Rich County,2003,7,86,40,46,40,46,0,0,0,0,0,0,0,0,0,0,40,46,0,0,0,0,0,0,0,0,40,45,0,0,0,0,0,0,0,0,0,0,40,45,0,0,0,0,0,0,0,0,0,1,0,0,0,0,0,0,0,0,0,0,0,1,0,0,0,0,0,0,0,0
050,49,033,Utah,Rich County,2004,7,100,45,55,45,55,0,0,0,0,0,0,0,0,0,0,45,55,0,0,0,0,0,0,0,0,45,53,0,0,0,0,0,0,0,0,0,0,45,53,0,0,0,0,0,0,0,0,0,2,0,0,0,0,0,0,0,0,0,0,0,2,0,0,0,0,0,0,0,0
050,49,033,Utah,Rich County,2000c,8,125,63,62,62,62,0,0,0,0,1,0,0,0,0,0,62,62,0,0,0,0,1,0,0,0,57,62,0,0,0,0,1,0,0,0,0,0,57,62,0,0,0,0,1,0,0,0,5,0,0,0,0,0,0,0,0,0,0,0,5,0,0,0,0,0,0,0,0,0
050,49,033,Utah,Rich County,2000a,8,125,63,62,62,62,0,0,0,0,1,0,0,0,0,0,62,62,0,0,0,0,1,0,0,0,57,62,0,0,0,0,1,0,0,0,0,0,57,62,0,0,0,0,1,0,0,0,5,0,0,0,0,0,0,0,0,0,0,0,5,0,0,0,0,0,0,0,0,0
050,49,033,Utah,Rich County,2000,8,125,63,62,62,62,0,0,0,0,1,0,0,0,0,0,62,62,0,0,0,0,1,0,0,0,57,62,0,0,0,0,1,0,0,0,0,0,57,62,0,0,0,0,1,0,0,0,5,0,0,0,0,0,0,0,0,0,0,0,5,0,0,0,0,0,0,0,0,0
050,49,033,Utah,Rich County,2001,8,115,56,59,56,59,0,0,0,0,0,0,0,0,0,0,56,59,0,0,0,0,0,0,0,0,51,59,0,0,0,0,0,0,0,0,0,0,51,59,0,0,0,0,0,0,0,0,5,0,0,0,0,0,0,0,0,0,0,0,5,0,0,0,0,0,0,0,0,0
050,49,033,Utah,Rich County,2002,8,116,55,61,55,61,0,0,0,0,0,0,0,0,0,0,55,61,0,0,0,0,0,0,0,0,50,59,0,0,0,0,0,0,0,0,0,0,50,59,0,0,0,0,0,0,0,0,5,2,0,0,0,0,0,0,0,0,0,0,5,2,0,0,0,0,0,0,0,0
050,49,033,Utah,Rich County,2003,8,99,44,55,44,55,0,0,0,0,0,0,0,0,0,0,44,55,0,0,0,0,0,0,0,0,41,53,0,0,0,0,0,0,0,0,0,0,41,53,0,0,0,0,0,0,0,0,3,2,0,0,0,0,0,0,0,0,0,0,3,2,0,0,0,0,0,0,0,0
050,49,033,Utah,Rich County,2004,8,84,38,46,38,46,0,0,0,0,0,0,0,0,0,0,38,46,0,0,0,0,0,0,0,0,38,44,0,0,0,0,0,0,0,0,0,0,38,44,0,0,0,0,0,0,0,0,0,2,0,0,0,0,0,0,0,0,0,0,0,2,0,0,0,0,0,0,0,0
050,49,033,Utah,Rich County,2000c,9,136,71,65,71,64,0,0,0,0,0,1,0,0,0,0,71,64,0,0,0,0,0,1,0,0,70,64,0,0,0,0,0,1,0,0,0,0,70,64,0,0,0,0,0,1,0,0,1,0,0,0,0,0,0,0,0,0,0,0,1,0,0,0,0,0,0,0,0,0
050,49,033,Utah,Rich County,2000a,9,136,71,65,71,64,0,0,0,0,0,1,0,0,0,0,71,64,0,0,0,0,0,1,0,0,70,64,0,0,0,0,0,1,0,0,0,0,70,64,0,0,0,0,0,1,0,0,1,0,0,0,0,0,0,0,0,0,0,0,1,0,0,0,0,0,0,0,0,0
050,49,033,Utah,Rich County,2000,9,136,71,65,71,64,0,0,0,0,0,1,0,0,0,0,71,64,0,0,0,0,0,1,0,0,70,64,0,0,0,0,0,1,0,0,0,0,70,64,0,0,0,0,0,1,0,0,1,0,0,0,0,0,0,0,0,0,0,0,1,0,0,0,0,0,0,0,0,0
050,49,033,Utah,Rich County,2001,9,139,74,65,73,64,0,0,0,0,1,1,0,0,0,0,73,64,0,0,0,0,1,1,0,0,72,64,0,0,0,0,1,1,0,0,0,0,72,64,0,0,0,0,1,1,0,0,1,0,0,0,0,0,0,0,0,0,0,0,1,0,0,0,0,0,0,0,0,0
050,49,033,Utah,Rich County,2002,9,123,66,57,65,56,0,0,0,0,1,1,0,0,0,0,65,56,0,0,0,0,1,1,0,0,64,56,0,0,0,0,1,1,0,0,0,0,64,56,0,0,0,0,1,1,0,0,1,0,0,0,0,0,0,0,0,0,0,0,1,0,0,0,0,0,0,0,0,0
050,49,033,Utah,Rich County,2003,9,132,71,61,70,60,0,0,0,0,1,1,0,0,0,0,70,60,0,0,0,0,1,1,0,0,67,60,0,0,0,0,1,1,0,0,0,0,67,60,0,0,0,0,1,1,0,0,3,0,0,0,0,0,0,0,0,0,0,0,3,0,0,0,0,0,0,0,0,0
050,49,033,Utah,Rich County,2004,9,128,71,57,70,57,0,0,0,0,1,0,0,0,0,0,70,57,0,0,0,0,1,0,0,0,65,57,0,0,0,0,1,0,0,0,0,0,65,57,0,0,0,0,1,0,0,0,5,0,0,0,0,0,0,0,0,0,0,0,5,0,0,0,0,0,0,0,0,0
050,49,033,Utah,Rich County,2000c,10,128,68,60,68,60,0,0,0,0,0,0,0,0,0,0,68,60,0,0,0,0,0,0,0,0,64,60,0,0,0,0,0,0,0,0,0,0,64,60,0,0,0,0,0,0,0,0,4,0,0,0,0,0,0,0,0,0,0,0,4,0,0,0,0,0,0,0,0,0
050,49,033,Utah,Rich County,2000a,10,128,68,60,68,60,0,0,0,0,0,0,0,0,0,0,68,60,0,0,0,0,0,0,0,0,64,60,0,0,0,0,0,0,0,0,0,0,64,60,0,0,0,0,0,0,0,0,4,0,0,0,0,0,0,0,0,0,0,0,4,0,0,0,0,0,0,0,0,0
050,49,033,Utah,Rich County,2000,10,128,68,60,68,60,0,0,0,0,0,0,0,0,0,0,68,60,0,0,0,0,0,0,0,0,64,60,0,0,0,0,0,0,0,0,0,0,64,60,0,0,0,0,0,0,0,0,4,0,0,0,0,0,0,0,0,0,0,0,4,0,0,0,0,0,0,0,0,0
050,49,033,Utah,Rich County,2001,10,142,73,69,73,69,0,0,0,0,0,0,0,0,0,0,73,69,0,0,0,0,0,0,0,0,70,69,0,0,0,0,0,0,0,0,0,0,70,69,0,0,0,0,0,0,0,0,3,0,0,0,0,0,0,0,0,0,0,0,3,0,0,0,0,0,0,0,0,0
050,49,033,Utah,Rich County,2002,10,141,74,67,74,67,0,0,0,0,0,0,0,0,0,0,74,67,0,0,0,0,0,0,0,0,72,67,0,0,0,0,0,0,0,0,0,0,72,67,0,0,0,0,0,0,0,0,2,0,0,0,0,0,0,0,0,0,0,0,2,0,0,0,0,0,0,0,0,0
050,49,033,Utah,Rich County,2003,10,145,76,69,76,69,0,0,0,0,0,0,0,0,0,0,76,69,0,0,0,0,0,0,0,0,75,69,0,0,0,0,0,0,0,0,0,0,75,69,0,0,0,0,0,0,0,0,1,0,0,0,0,0,0,0,0,0,0,0,1,0,0,0,0,0,0,0,0,0
050,49,033,Utah,Rich County,2004,10,145,73,72,73,71,0,0,0,0,0,1,0,0,0,0,73,71,0,0,0,0,0,1,0,0,72,71,0,0,0,0,0,1,0,0,0,0,72,71,0,0,0,0,0,1,0,0,1,0,0,0,0,0,0,0,0,0,0,0,1,0,0,0,0,0,0,0,0,0
050,49,033,Utah,Rich County,2000c,11,117,52,65,51,64,0,0,0,0,0,1,0,0,1,0,52,64,0,0,1,0,0,1,0,0,51,64,0,0,0,0,0,1,0,0,1,0,52,64,0,0,1,0,0,1,0,0,0,0,0,0,0,0,0,0,0,0,0,0,0,0,0,0,0,0,0,0,0,0
050,49,033,Utah,Rich County,2000a,11,117,52,65,51,64,0,0,0,0,0,1,0,0,1,0,52,64,0,0,1,0,0,1,0,0,51,64,0,0,0,0,0,1,0,0,1,0,52,64,0,0,1,0,0,1,0,0,0,0,0,0,0,0,0,0,0,0,0,0,0,0,0,0,0,0,0,0,0,0
050,49,033,Utah,Rich County,2000,11,118,52,66,52,65,0,0,0,0,0,1,0,0,0,0,52,65,0,0,0,0,0,1,0,0,52,65,0,0,0,0,0,1,0,0,0,0,52,65,0,0,0,0,0,1,0,0,0,0,0,0,0,0,0,0,0,0,0,0,0,0,0,0,0,0,0,0,0,0
050,49,033,Utah,Rich County,2001,11,112,58,54,58,53,0,0,0,0,0,1,0,0,0,0,58,53,0,0,0,0,0,1,0,0,58,53,0,0,0,0,0,1,0,0,0,0,58,53,0,0,0,0,0,1,0,0,0,0,0,0,0,0,0,0,0,0,0,0,0,0,0,0,0,0,0,0,0,0
050,49,033,Utah,Rich County,2002,11,118,60,58,60,58,0,0,0,0,0,0,0,0,0,0,60,58,0,0,0,0,0,0,0,0,59,58,0,0,0,0,0,0,0,0,0,0,59,58,0,0,0,0,0,0,0,0,1,0,0,0,0,0,0,0,0,0,0,0,1,0,0,0,0,0,0,0,0,0
050,49,033,Utah,Rich County,2003,11,122,58,64,58,64,0,0,0,0,0,0,0,0,0,0,58,64,0,0,0,0,0,0,0,0,56,64,0,0,0,0,0,0,0,0,0,0,56,64,0,0,0,0,0,0,0,0,2,0,0,0,0,0,0,0,0,0,0,0,2,0,0,0,0,0,0,0,0,0
050,49,033,Utah,Rich County,2004,11,126,62,64,62,64,0,0,0,0,0,0,0,0,0,0,62,64,0,0,0,0,0,0,0,0,59,64,0,0,0,0,0,0,0,0,0,0,59,64,0,0,0,0,0,0,0,0,3,0,0,0,0,0,0,0,0,0,0,0,3,0,0,0,0,0,0,0,0,0
050,49,033,Utah,Rich County,2000c,12,120,62,58,62,58,0,0,0,0,0,0,0,0,0,0,62,58,0,0,0,0,0,0,0,0,62,58,0,0,0,0,0,0,0,0,0,0,62,58,0,0,0,0,0,0,0,0,0,0,0,0,0,0,0,0,0,0,0,0,0,0,0,0,0,0,0,0,0,0
050,49,033,Utah,Rich County,2000a,12,120,62,58,62,58,0,0,0,0,0,0,0,0,0,0,62,58,0,0,0,0,0,0,0,0,62,58,0,0,0,0,0,0,0,0,0,0,62,58,0,0,0,0,0,0,0,0,0,0,0,0,0,0,0,0,0,0,0,0,0,0,0,0,0,0,0,0,0,0
050,49,033,Utah,Rich County,2000,12,121,62,59,62,59,0,0,0,0,0,0,0,0,0,0,62,59,0,0,0,0,0,0,0,0,62,59,0,0,0,0,0,0,0,0,0,0,62,59,0,0,0,0,0,0,0,0,0,0,0,0,0,0,0,0,0,0,0,0,0,0,0,0,0,0,0,0,0,0
050,49,033,Utah,Rich County,2001,12,117,55,62,55,62,0,0,0,0,0,0,0,0,0,0,55,62,0,0,0,0,0,0,0,0,55,62,0,0,0,0,0,0,0,0,0,0,55,62,0,0,0,0,0,0,0,0,0,0,0,0,0,0,0,0,0,0,0,0,0,0,0,0,0,0,0,0,0,0
050,49,033,Utah,Rich County,2002,12,121,58,63,58,62,0,0,0,0,0,1,0,0,0,0,58,62,0,0,0,0,0,1,0,0,58,62,0,0,0,0,0,1,0,0,0,0,58,62,0,0,0,0,0,1,0,0,0,0,0,0,0,0,0,0,0,0,0,0,0,0,0,0,0,0,0,0,0,0
050,49,033,Utah,Rich County,2003,12,115,57,58,57,57,0,0,0,0,0,1,0,0,0,0,57,57,0,0,0,0,0,1,0,0,57,57,0,0,0,0,0,1,0,0,0,0,57,57,0,0,0,0,0,1,0,0,0,0,0,0,0,0,0,0,0,0,0,0,0,0,0,0,0,0,0,0,0,0
050,49,033,Utah,Rich County,2004,12,113,54,59,54,58,0,0,0,0,0,1,0,0,0,0,54,58,0,0,0,0,0,1,0,0,54,58,0,0,0,0,0,1,0,0,0,0,54,58,0,0,0,0,0,1,0,0,0,0,0,0,0,0,0,0,0,0,0,0,0,0,0,0,0,0,0,0,0,0
050,49,033,Utah,Rich County,2000c,13,64,35,29,35,29,0,0,0,0,0,0,0,0,0,0,35,29,0,0,0,0,0,0,0,0,35,29,0,0,0,0,0,0,0,0,0,0,35,29,0,0,0,0,0,0,0,0,0,0,0,0,0,0,0,0,0,0,0,0,0,0,0,0,0,0,0,0,0,0
050,49,033,Utah,Rich County,2000a,13,64,35,29,35,29,0,0,0,0,0,0,0,0,0,0,35,29,0,0,0,0,0,0,0,0,35,29,0,0,0,0,0,0,0,0,0,0,35,29,0,0,0,0,0,0,0,0,0,0,0,0,0,0,0,0,0,0,0,0,0,0,0,0,0,0,0,0,0,0
050,49,033,Utah,Rich County,2000,13,64,35,29,35,29,0,0,0,0,0,0,0,0,0,0,35,29,0,0,0,0,0,0,0,0,35,29,0,0,0,0,0,0,0,0,0,0,35,29,0,0,0,0,0,0,0,0,0,0,0,0,0,0,0,0,0,0,0,0,0,0,0,0,0,0,0,0,0,0
050,49,033,Utah,Rich County,2001,13,71,40,31,40,31,0,0,0,0,0,0,0,0,0,0,40,31,0,0,0,0,0,0,0,0,40,31,0,0,0,0,0,0,0,0,0,0,40,31,0,0,0,0,0,0,0,0,0,0,0,0,0,0,0,0,0,0,0,0,0,0,0,0,0,0,0,0,0,0
050,49,033,Utah,Rich County,2002,13,85,46,39,46,39,0,0,0,0,0,0,0,0,0,0,46,39,0,0,0,0,0,0,0,0,46,39,0,0,0,0,0,0,0,0,0,0,46,39,0,0,0,0,0,0,0,0,0,0,0,0,0,0,0,0,0,0,0,0,0,0,0,0,0,0,0,0,0,0
050,49,033,Utah,Rich County,2003,13,92,48,44,48,44,0,0,0,0,0,0,0,0,0,0,48,44,0,0,0,0,0,0,0,0,48,44,0,0,0,0,0,0,0,0,0,0,48,44,0,0,0,0,0,0,0,0,0,0,0,0,0,0,0,0,0,0,0,0,0,0,0,0,0,0,0,0,0,0
050,49,033,Utah,Rich County,2004,13,109,57,52,57,52,0,0,0,0,0,0,0,0,0,0,57,52,0,0,0,0,0,0,0,0,57,52,0,0,0,0,0,0,0,0,0,0,57,52,0,0,0,0,0,0,0,0,0,0,0,0,0,0,0,0,0,0,0,0,0,0,0,0,0,0,0,0,0,0
050,49,033,Utah,Rich County,2000c,14,93,56,37,56,37,0,0,0,0,0,0,0,0,0,0,56,37,0,0,0,0,0,0,0,0,56,37,0,0,0,0,0,0,0,0,0,0,56,37,0,0,0,0,0,0,0,0,0,0,0,0,0,0,0,0,0,0,0,0,0,0,0,0,0,0,0,0,0,0
050,49,033,Utah,Rich County,2000a,14,93,56,37,56,37,0,0,0,0,0,0,0,0,0,0,56,37,0,0,0,0,0,0,0,0,56,37,0,0,0,0,0,0,0,0,0,0,56,37,0,0,0,0,0,0,0,0,0,0,0,0,0,0,0,0,0,0,0,0,0,0,0,0,0,0,0,0,0,0
050,49,033,Utah,Rich County,2000,14,94,57,37,57,37,0,0,0,0,0,0,0,0,0,0,57,37,0,0,0,0,0,0,0,0,57,37,0,0,0,0,0,0,0,0,0,0,57,37,0,0,0,0,0,0,0,0,0,0,0,0,0,0,0,0,0,0,0,0,0,0,0,0,0,0,0,0,0,0
050,49,033,Utah,Rich County,2001,14,91,51,40,51,40,0,0,0,0,0,0,0,0,0,0,51,40,0,0,0,0,0,0,0,0,51,40,0,0,0,0,0,0,0,0,0,0,51,40,0,0,0,0,0,0,0,0,0,0,0,0,0,0,0,0,0,0,0,0,0,0,0,0,0,0,0,0,0,0
050,49,033,Utah,Rich County,2002,14,88,50,38,50,38,0,0,0,0,0,0,0,0,0,0,50,38,0,0,0,0,0,0,0,0,50,38,0,0,0,0,0,0,0,0,0,0,50,38,0,0,0,0,0,0,0,0,0,0,0,0,0,0,0,0,0,0,0,0,0,0,0,0,0,0,0,0,0,0
050,49,033,Utah,Rich County,2003,14,83,46,37,46,37,0,0,0,0,0,0,0,0,0,0,46,37,0,0,0,0,0,0,0,0,46,37,0,0,0,0,0,0,0,0,0,0,46,37,0,0,0,0,0,0,0,0,0,0,0,0,0,0,0,0,0,0,0,0,0,0,0,0,0,0,0,0,0,0
050,49,033,Utah,Rich County,2004,14,67,37,30,37,30,0,0,0,0,0,0,0,0,0,0,37,30,0,0,0,0,0,0,0,0,37,30,0,0,0,0,0,0,0,0,0,0,37,30,0,0,0,0,0,0,0,0,0,0,0,0,0,0,0,0,0,0,0,0,0,0,0,0,0,0,0,0,0,0
050,49,033,Utah,Rich County,2000c,15,55,25,30,25,30,0,0,0,0,0,0,0,0,0,0,25,30,0,0,0,0,0,0,0,0,25,30,0,0,0,0,0,0,0,0,0,0,25,30,0,0,0,0,0,0,0,0,0,0,0,0,0,0,0,0,0,0,0,0,0,0,0,0,0,0,0,0,0,0
050,49,033,Utah,Rich County,2000a,15,55,25,30,25,30,0,0,0,0,0,0,0,0,0,0,25,30,0,0,0,0,0,0,0,0,25,30,0,0,0,0,0,0,0,0,0,0,25,30,0,0,0,0,0,0,0,0,0,0,0,0,0,0,0,0,0,0,0,0,0,0,0,0,0,0,0,0,0,0
050,49,033,Utah,Rich County,2000,15,57,26,31,26,31,0,0,0,0,0,0,0,0,0,0,26,31,0,0,0,0,0,0,0,0,26,31,0,0,0,0,0,0,0,0,0,0,26,31,0,0,0,0,0,0,0,0,0,0,0,0,0,0,0,0,0,0,0,0,0,0,0,0,0,0,0,0,0,0
050,49,033,Utah,Rich County,2001,15,62,28,34,28,34,0,0,0,0,0,0,0,0,0,0,28,34,0,0,0,0,0,0,0,0,28,34,0,0,0,0,0,0,0,0,0,0,28,34,0,0,0,0,0,0,0,0,0,0,0,0,0,0,0,0,0,0,0,0,0,0,0,0,0,0,0,0,0,0
050,49,033,Utah,Rich County,2002,15,64,28,36,28,36,0,0,0,0,0,0,0,0,0,0,28,36,0,0,0,0,0,0,0,0,28,36,0,0,0,0,0,0,0,0,0,0,28,36,0,0,0,0,0,0,0,0,0,0,0,0,0,0,0,0,0,0,0,0,0,0,0,0,0,0,0,0,0,0
050,49,033,Utah,Rich County,2003,15,66,31,35,31,35,0,0,0,0,0,0,0,0,0,0,31,35,0,0,0,0,0,0,0,0,31,35,0,0,0,0,0,0,0,0,0,0,31,35,0,0,0,0,0,0,0,0,0,0,0,0,0,0,0,0,0,0,0,0,0,0,0,0,0,0,0,0,0,0
050,49,033,Utah,Rich County,2004,15,80,45,35,45,35,0,0,0,0,0,0,0,0,0,0,45,35,0,0,0,0,0,0,0,0,45,35,0,0,0,0,0,0,0,0,0,0,45,35,0,0,0,0,0,0,0,0,0,0,0,0,0,0,0,0,0,0,0,0,0,0,0,0,0,0,0,0,0,0
050,49,033,Utah,Rich County,2000c,16,57,29,28,29,28,0,0,0,0,0,0,0,0,0,0,29,28,0,0,0,0,0,0,0,0,29,28,0,0,0,0,0,0,0,0,0,0,29,28,0,0,0,0,0,0,0,0,0,0,0,0,0,0,0,0,0,0,0,0,0,0,0,0,0,0,0,0,0,0
050,49,033,Utah,Rich County,2000a,16,57,29,28,29,28,0,0,0,0,0,0,0,0,0,0,29,28,0,0,0,0,0,0,0,0,29,28,0,0,0,0,0,0,0,0,0,0,29,28,0,0,0,0,0,0,0,0,0,0,0,0,0,0,0,0,0,0,0,0,0,0,0,0,0,0,0,0,0,0
050,49,033,Utah,Rich County,2000,16,56,28,28,28,28,0,0,0,0,0,0,0,0,0,0,28,28,0,0,0,0,0,0,0,0,28,28,0,0,0,0,0,0,0,0,0,0,28,28,0,0,0,0,0,0,0,0,0,0,0,0,0,0,0,0,0,0,0,0,0,0,0,0,0,0,0,0,0,0
050,49,033,Utah,Rich County,2001,16,49,26,23,26,23,0,0,0,0,0,0,0,0,0,0,26,23,0,0,0,0,0,0,0,0,26,23,0,0,0,0,0,0,0,0,0,0,26,23,0,0,0,0,0,0,0,0,0,0,0,0,0,0,0,0,0,0,0,0,0,0,0,0,0,0,0,0,0,0
050,49,033,Utah,Rich County,2002,16,46,25,21,25,21,0,0,0,0,0,0,0,0,0,0,25,21,0,0,0,0,0,0,0,0,25,21,0,0,0,0,0,0,0,0,0,0,25,21,0,0,0,0,0,0,0,0,0,0,0,0,0,0,0,0,0,0,0,0,0,0,0,0,0,0,0,0,0,0
050,49,033,Utah,Rich County,2003,16,53,29,24,29,24,0,0,0,0,0,0,0,0,0,0,29,24,0,0,0,0,0,0,0,0,29,24,0,0,0,0,0,0,0,0,0,0,29,24,0,0,0,0,0,0,0,0,0,0,0,0,0,0,0,0,0,0,0,0,0,0,0,0,0,0,0,0,0,0
050,49,033,Utah,Rich County,2004,16,51,25,26,25,26,0,0,0,0,0,0,0,0,0,0,25,26,0,0,0,0,0,0,0,0,25,26,0,0,0,0,0,0,0,0,0,0,25,26,0,0,0,0,0,0,0,0,0,0,0,0,0,0,0,0,0,0,0,0,0,0,0,0,0,0,0,0,0,0
050,49,033,Utah,Rich County,2000c,17,34,14,20,14,20,0,0,0,0,0,0,0,0,0,0,14,20,0,0,0,0,0,0,0,0,14,20,0,0,0,0,0,0,0,0,0,0,14,20,0,0,0,0,0,0,0,0,0,0,0,0,0,0,0,0,0,0,0,0,0,0,0,0,0,0,0,0,0,0
050,49,033,Utah,Rich County,2000a,17,34,14,20,14,20,0,0,0,0,0,0,0,0,0,0,14,20,0,0,0,0,0,0,0,0,14,20,0,0,0,0,0,0,0,0,0,0,14,20,0,0,0,0,0,0,0,0,0,0,0,0,0,0,0,0,0,0,0,0,0,0,0,0,0,0,0,0,0,0
050,49,033,Utah,Rich County,2000,17,33,14,19,14,19,0,0,0,0,0,0,0,0,0,0,14,19,0,0,0,0,0,0,0,0,14,19,0,0,0,0,0,0,0,0,0,0,14,19,0,0,0,0,0,0,0,0,0,0,0,0,0,0,0,0,0,0,0,0,0,0,0,0,0,0,0,0,0,0
050,49,033,Utah,Rich County,2001,17,40,16,24,16,24,0,0,0,0,0,0,0,0,0,0,16,24,0,0,0,0,0,0,0,0,16,24,0,0,0,0,0,0,0,0,0,0,16,24,0,0,0,0,0,0,0,0,0,0,0,0,0,0,0,0,0,0,0,0,0,0,0,0,0,0,0,0,0,0
050,49,033,Utah,Rich County,2002,17,38,18,20,18,20,0,0,0,0,0,0,0,0,0,0,18,20,0,0,0,0,0,0,0,0,18,20,0,0,0,0,0,0,0,0,0,0,18,20,0,0,0,0,0,0,0,0,0,0,0,0,0,0,0,0,0,0,0,0,0,0,0,0,0,0,0,0,0,0
050,49,033,Utah,Rich County,2003,17,36,15,21,15,21,0,0,0,0,0,0,0,0,0,0,15,21,0,0,0,0,0,0,0,0,15,21,0,0,0,0,0,0,0,0,0,0,15,21,0,0,0,0,0,0,0,0,0,0,0,0,0,0,0,0,0,0,0,0,0,0,0,0,0,0,0,0,0,0
050,49,033,Utah,Rich County,2004,17,44,18,26,18,26,0,0,0,0,0,0,0,0,0,0,18,26,0,0,0,0,0,0,0,0,18,26,0,0,0,0,0,0,0,0,0,0,18,26,0,0,0,0,0,0,0,0,0,0,0,0,0,0,0,0,0,0,0,0,0,0,0,0,0,0,0,0,0,0
050,49,033,Utah,Rich County,2000c,18,38,16,22,16,22,0,0,0,0,0,0,0,0,0,0,16,22,0,0,0,0,0,0,0,0,16,22,0,0,0,0,0,0,0,0,0,0,16,22,0,0,0,0,0,0,0,0,0,0,0,0,0,0,0,0,0,0,0,0,0,0,0,0,0,0,0,0,0,0
050,49,033,Utah,Rich County,2000a,18,38,16,22,16,22,0,0,0,0,0,0,0,0,0,0,16,22,0,0,0,0,0,0,0,0,16,22,0,0,0,0,0,0,0,0,0,0,16,22,0,0,0,0,0,0,0,0,0,0,0,0,0,0,0,0,0,0,0,0,0,0,0,0,0,0,0,0,0,0
050,49,033,Utah,Rich County,2000,18,38,16,22,16,22,0,0,0,0,0,0,0,0,0,0,16,22,0,0,0,0,0,0,0,0,16,22,0,0,0,0,0,0,0,0,0,0,16,22,0,0,0,0,0,0,0,0,0,0,0,0,0,0,0,0,0,0,0,0,0,0,0,0,0,0,0,0,0,0
050,49,033,Utah,Rich County,2001,18,38,17,21,17,21,0,0,0,0,0,0,0,0,0,0,17,21,0,0,0,0,0,0,0,0,17,21,0,0,0,0,0,0,0,0,0,0,17,21,0,0,0,0,0,0,0,0,0,0,0,0,0,0,0,0,0,0,0,0,0,0,0,0,0,0,0,0,0,0
050,49,033,Utah,Rich County,2002,18,39,14,25,14,25,0,0,0,0,0,0,0,0,0,0,14,25,0,0,0,0,0,0,0,0,14,25,0,0,0,0,0,0,0,0,0,0,14,25,0,0,0,0,0,0,0,0,0,0,0,0,0,0,0,0,0,0,0,0,0,0,0,0,0,0,0,0,0,0
050,49,033,Utah,Rich County,2003,18,39,13,26,13,26,0,0,0,0,0,0,0,0,0,0,13,26,0,0,0,0,0,0,0,0,13,26,0,0,0,0,0,0,0,0,0,0,13,26,0,0,0,0,0,0,0,0,0,0,0,0,0,0,0,0,0,0,0,0,0,0,0,0,0,0,0,0,0,0
050,49,033,Utah,Rich County,2004,18,42,13,29,13,29,0,0,0,0,0,0,0,0,0,0,13,29,0,0,0,0,0,0,0,0,13,29,0,0,0,0,0,0,0,0,0,0,13,29,0,0,0,0,0,0,0,0,0,0,0,0,0,0,0,0,0,0,0,0,0,0,0,0,0,0,0,0,0,0
050,49,035,Utah,Salt Lake County,2000c,0,898387,452957,445430,418533,412928,6147,4411,4467,4131,11612,12281,5999,5700,6199,5979,424206,418429,7645,5857,6367,5917,14024,14578,7366,7038,364253,366563,5231,3554,3308,3281,11350,12043,5758,5463,5492,5304,369287,371443,6514,4793,4835,4720,13595,14162,7022,6724,54280,46365,916,857,1159,850,262,238,241,237,707,675,54919,46986,1131,1064,1532,1197,429,416,344,314
050,49,035,Utah,Salt Lake County,2000a,0,898412,452973,445439,418549,412937,6147,4411,4467,4131,11612,12281,5999,5700,6199,5979,424222,418438,7645,5857,6367,5917,14024,14578,7366,7038,364269,366572,5231,3554,3308,3281,11350,12043,5758,5463,5492,5304,369303,371452,6514,4793,4835,4720,13595,14162,7022,6724,54280,46365,916,857,1159,850,262,238,241,237,707,675,54919,46986,1131,1064,1532,1197,429,416,344,314
050,49,035,Utah,Salt Lake County,2000,0,900651,454219,446432,419235,413478,6190,4440,4515,4179,11613,12584,6193,5576,6473,6175,425072,419081,7794,5968,6578,6117,14157,15040,7667,6970,364339,366651,5262,3581,3354,3319,11329,12318,5934,5336,5601,5360,369396,371516,6599,4848,4957,4858,13634,14538,7271,6605,54896,46827,928,859,1161,860,284,266,259,240,872,815,55676,47565,1195,1120,1621,1259,523,502,396,365
050,49,035,Utah,Salt Lake County,2001,0,910060,459556,450504,423774,416604,6416,4703,4601,4218,11898,12965,6266,5683,6601,6331,429735,422352,8105,6350,6632,6130,14504,15495,7734,7064,365191,366764,5425,3766,3426,3365,11609,12696,6001,5430,5708,5469,370349,371731,6835,5125,4998,4869,13976,14975,7336,6684,58583,49840,991,937,1175,853,289,269,265,253,893,862,59386,50621,1270,1225,1634,1261,528,520,398,380
050,49,035,Utah,Salt Lake County,2002,0,917382,463561,453821,427111,419186,6603,4952,4599,4205,12150,13292,6319,5735,6779,6451,433238,425056,8405,6696,6641,6092,14815,15867,7779,7101,365105,366613,5532,3919,3426,3361,11862,13011,6049,5491,5839,5563,370393,371677,7034,5359,4996,4845,14275,15328,7370,6729,62006,52573,1071,1033,1173,844,288,281,270,244,940,888,62845,53379,1371,1337,1645,1247,540,539,409,372
050,49,035,Utah,Salt Lake County,2003,0,924760,467557,457203,430587,421945,6757,5109,4579,4197,12412,13612,6376,5781,6846,6559,436796,427927,8651,6924,6569,6060,15117,16242,7794,7147,365481,366775,5610,3999,3405,3355,12109,13325,6110,5534,5895,5646,370832,371928,7188,5497,4931,4816,14559,15683,7398,6767,65106,55170,1147,1110,1174,842,303,287,266,247,951,913,65964,55999,1463,1427,1638,1244,558,559,396,380
050,49,035,Utah,Salt Lake County,2004,0,935295,473193,462102,435404,425861,6969,5351,4595,4234,12769,14054,6464,5872,6992,6730,441745,432001,8943,7276,6592,6087,15549,16755,7886,7238,367117,368089,5746,4176,3406,3396,12458,13755,6194,5625,6013,5791,372574,373370,7393,5772,4930,4844,14974,16188,7480,6857,68287,57772,1223,1175,1189,838,311,299,270,247,979,939,69171,58631,1550,1504,1662,1243,575,567,406,381
050,49,035,Utah,Salt Lake County,2000c,1,79832,41050,38782,36992,34903,599,595,455,420,958,919,685,671,1361,1274,38266,36106,1084,1014,696,693,1447,1365,1006,966,30406,28615,488,472,309,295,933,882,635,628,1212,1133,31543,29685,911,827,500,509,1387,1298,927,907,6586,6288,111,123,146,125,25,37,50,43,149,141,6723,6421,173,187,196,184,60,67,79,59
050,49,035,Utah,Salt Lake County,2000a,1,79835,41053,38782,36995,34903,599,595,455,420,958,919,685,671,1361,1274,38269,36106,1084,1014,696,693,1447,1365,1006,966,30409,28615,488,472,309,295,933,882,635,628,1212,1133,31546,29685,911,827,500,509,1387,1298,927,907,6586,6288,111,123,146,125,25,37,50,43,149,141,6723,6421,173,187,196,184,60,67,79,59
050,49,035,Utah,Salt Lake County,2000,1,80516,41371,39145,37354,35280,598,589,459,434,920,894,686,663,1354,1285,38624,36489,1073,1016,715,709,1416,1363,999,954,30655,28894,488,465,321,314,885,857,641,621,1177,1105,31760,29934,895,822,508,515,1334,1277,926,881,6699,6386,110,124,138,120,35,37,45,42,177,180,6864,6555,178,194,207,194,82,86,73,73
050,49,035,Utah,Salt Lake County,2001,1,83178,42723,40455,38743,36603,565,561,478,438,947,930,650,642,1340,1281,40006,37809,1056,1004,701,682,1446,1406,932,908,31537,29811,464,447,357,338,917,898,614,605,1165,1105,32635,30851,882,818,522,520,1372,1328,872,845,7206,6792,101,114,121,100,30,32,36,37,175,176,7371,6958,174,186,179,162,74,78,60,63
050,49,035,Utah,Salt Lake County,2002,1,85017,43684,41333,39752,37600,533,536,450,402,982,930,624,612,1343,1253,41017,38787,1056,992,647,610,1486,1403,881,845,31881,30295,431,430,361,319,960,903,592,582,1167,1077,32979,31314,874,812,508,473,1420,1331,827,792,7871,7305,102,106,89,83,22,27,32,30,176,176,8038,7473,182,180,139,137,66,72,54,53
050,49,035,Utah,Salt Lake County,2003,1,86467,44388,42079,40549,38432,488,494,422,400,1016,949,602,571,1311,1233,41786,39602,1028,962,588,579,1516,1425,821,781,32185,30754,394,404,351,332,999,925,574,548,1131,1068,33249,31766,844,799,473,469,1456,1358,775,738,8364,7678,94,90,71,68,17,24,28,23,180,165,8537,7836,184,163,115,110,60,67,46,43
050,49,035,Utah,Salt Lake County,2004,1,87471,44874,42597,41140,39056,453,454,399,401,1042,954,565,529,1275,1203,42349,40201,998,929,536,556,1537,1425,754,713,32411,31024,373,387,358,355,1030,936,548,511,1104,1044,33455,32015,830,791,461,475,1481,1364,721,676,8729,8032,80,67,41,46,12,18,17,18,171,159,8894,8186,168,138,75,81,56,61,33,37
050,49,035,Utah,Salt Lake County,2000c,2,73950,38140,35810,34521,32298,558,514,443,407,856,840,742,741,1020,1010,35477,33247,871,850,647,612,1259,1202,978,962,29103,27170,455,399,305,313,826,815,707,693,905,910,29951,28025,737,707,457,467,1194,1154,929,903,5418,5128,103,115,138,94,30,25,35,48,115,100,5526,5222,134,143,190,145,65,48,49,59
050,49,035,Utah,Salt Lake County,2000a,2,73954,38143,35811,34524,32299,558,514,443,407,856,840,742,741,1020,1010,35480,33248,871,850,647,612,1259,1202,978,962,29106,27171,455,399,305,313,826,815,707,693,905,910,29954,28026,737,707,457,467,1194,1154,929,903,5418,5128,103,115,138,94,30,25,35,48,115,100,5526,5222,134,143,190,145,65,48,49,59
050,49,035,Utah,Salt Lake County,2000,2,73995,38154,35841,34524,32339,557,513,443,407,850,852,736,716,1044,1014,35495,33285,879,840,671,635,1263,1239,973,929,29058,27166,453,399,304,310,820,822,696,671,913,902,29907,28010,735,692,473,486,1190,1174,911,871,5466,5173,104,114,139,97,30,30,40,45,131,112,5588,5275,144,148,198,149,73,65,62,58
050,49,035,Utah,Salt Lake County,2001,2,74884,38570,36314,34864,32695,590,541,425,414,865,878,734,716,1092,1070,35878,33692,947,910,656,645,1291,1281,974,930,28945,27121,475,421,287,314,832,845,689,667,951,946,29828,28005,788,751,455,488,1213,1208,907,868,5919,5574,115,120,138,100,33,33,45,49,141,124,6050,5687,159,159,201,157,78,73,67,62
050,49,035,Utah,Salt Lake County,2002,2,75834,39089,36745,35324,33026,617,582,412,408,869,893,729,704,1138,1132,36385,34084,1002,991,638,646,1314,1310,971,925,29006,27189,499,444,272,313,834,862,682,658,988,1000,29927,28126,840,811,434,494,1229,1237,901,863,6318,5837,118,138,140,95,35,31,47,46,150,132,6458,5958,162,180,204,152,85,73,70,62
050,49,035,Utah,Salt Lake County,2003,2,76098,39249,36849,35458,33095,620,576,416,395,859,909,718,708,1178,1166,36559,34187,1035,1009,645,628,1310,1342,962,929,28846,26978,499,432,284,298,824,875,675,659,1023,1025,29802,27940,865,819,446,471,1226,1263,896,864,6612,6117,121,144,132,97,35,34,43,49,155,141,6757,6247,170,190,199,157,84,79,66,65
050,49,035,Utah,Salt Lake County,2004,2,76368,39354,37014,35464,33182,627,601,436,398,873,914,726,703,1228,1216,36613,34322,1067,1071,673,628,1342,1361,976,930,28673,26869,495,443,288,292,837,881,679,654,1063,1071,29667,27875,884,864,453,462,1254,1284,905,865,6791,6313,132,158,148,106,36,33,47,49,165,145,6946,6447,183,207,220,166,88,77,71,65
050,49,035,Utah,Salt Lake County,2000c,3,73042,37533,35509,34256,32309,528,460,422,396,818,819,736,761,773,764,34978,33017,725,663,628,587,1118,1129,919,923,29730,28105,425,368,313,306,783,789,717,744,676,682,30365,28738,592,551,464,457,1062,1069,883,899,4526,4204,103,92,109,90,35,30,19,17,97,82,4613,4279,133,112,164,130,56,60,36,24
050,49,035,Utah,Salt Lake County,2000a,3,73044,37535,35509,34258,32309,528,460,422,396,818,819,736,761,773,764,34980,33017,725,663,628,587,1118,1129,919,923,29732,28105,425,368,313,306,783,789,717,744,676,682,30367,28738,592,551,464,457,1062,1069,883,899,4526,4204,103,92,109,90,35,30,19,17,97,82,4613,4279,133,112,164,130,56,60,36,24
050,49,035,Utah,Salt Lake County,2000,3,73116,37536,35580,34205,32338,518,461,424,400,839,864,710,724,840,793,34976,33070,743,672,669,619,1167,1182,899,894,29648,28103,416,370,313,309,806,830,688,704,725,699,30316,28750,605,552,493,482,1103,1120,858,864,4557,4235,102,91,111,91,33,34,22,20,115,94,4660,4320,138,120,176,137,64,62,41,30
050,49,035,Utah,Salt Lake County,2001,3,73529,37673,35856,34231,32542,540,499,430,389,868,877,737,738,867,811,35029,33290,779,728,671,600,1210,1206,928,909,29429,28005,434,390,323,297,833,843,715,719,750,710,30122,28662,637,584,500,461,1142,1142,887,879,4802,4537,106,109,107,92,35,34,22,19,117,101,4907,4628,142,144,171,139,68,64,41,30
050,49,035,Utah,Salt Lake County,2002,3,73517,37677,35840,34133,32459,568,515,428,400,895,891,754,743,899,832,34963,33228,830,755,671,612,1246,1228,949,916,29067,27632,460,400,318,302,858,850,729,722,775,726,29786,28305,681,604,495,465,1175,1154,904,884,5066,4827,108,115,110,98,37,41,25,21,124,106,5177,4923,149,151,176,147,71,74,45,32
050,49,035,Utah,Salt Lake County,2003,3,72784,37341,35443,33780,32053,598,545,416,389,895,879,744,734,908,843,34621,32834,878,803,649,594,1248,1217,932,906,28442,26957,485,414,297,297,855,836,720,710,781,731,29170,27638,722,633,463,453,1173,1137,888,869,5338,5096,113,131,119,92,40,43,24,24,127,112,5451,5196,156,170,186,141,75,80,44,37
050,49,035,Utah,Salt Lake County,2004,3,71740,36807,34933,33294,31516,596,556,376,375,887,887,733,734,921,865,34146,32317,891,834,604,577,1246,1231,923,905,27726,26229,482,425,260,285,845,842,706,707,790,752,28460,26927,735,661,420,438,1168,1152,875,867,5568,5287,114,131,116,90,42,45,27,27,131,113,5686,5390,156,173,184,139,78,79,48,38
050,49,035,Utah,Salt Lake County,2000c,4,78298,40189,38109,37021,35163,445,386,419,367,940,892,714,629,650,672,37622,35794,561,507,628,570,1207,1165,872,786,31989,30963,353,299,315,296,910,875,685,606,599,597,32549,31524,457,407,494,453,1165,1122,832,757,5032,4200,92,87,104,71,30,17,29,23,51,75,5073,4270,104,100,134,117,42,43,40,29
050,49,035,Utah,Salt Lake County,2000a,4,78298,40189,38109,37021,35163,445,386,419,367,940,892,714,629,650,672,37622,35794,561,507,628,570,1207,1165,872,786,31989,30963,353,299,315,296,910,875,685,606,599,597,32549,31524,457,407,494,453,1165,1122,832,757,5032,4200,92,87,104,71,30,17,29,23,51,75,5073,4270,104,100,134,117,42,43,40,29
050,49,035,Utah,Salt Lake County,2000,4,77458,39784,37674,36600,34755,445,387,423,377,932,911,683,577,701,667,37234,35360,575,522,644,579,1237,1209,869,738,31666,30605,356,306,323,304,901,887,654,557,623,575,32237,31129,464,414,503,458,1178,1153,823,706,4934,4150,89,81,100,73,31,24,29,20,78,92,4997,4231,111,108,141,121,59,56,46,32
050,49,035,Utah,Salt Lake County,2001,4,75071,38936,36135,35795,33249,473,422,400,363,914,874,659,564,695,663,36423,33853,610,561,615,564,1213,1169,841,718,30906,29059,385,332,296,283,882,850,631,541,615,562,31470,29574,500,443,469,431,1153,1109,795,681,4889,4190,88,90,104,80,32,24,28,23,80,101,4953,4279,110,118,146,133,60,60,46,37
050,49,035,Utah,Salt Lake County,2002,4,72355,37687,34668,34514,31804,524,440,403,348,898,859,643,559,705,658,35152,32403,672,584,617,546,1199,1146,821,711,29633,27578,427,348,296,267,869,833,616,534,624,560,30207,28091,552,465,467,413,1143,1086,777,673,4881,4226,97,92,107,81,29,26,27,25,81,98,4945,4312,120,119,150,133,56,60,44,38
050,49,035,Utah,Salt Lake County,2003,4,70707,36754,33953,33573,31003,536,467,391,346,894,886,647,575,713,676,34221,31621,691,616,602,541,1201,1182,825,733,28709,26725,427,366,286,264,866,862,620,551,631,577,29290,27256,560,487,454,408,1145,1123,782,696,4864,4278,109,101,105,82,28,24,27,24,82,99,4931,4365,131,129,148,133,56,59,43,37
050,49,035,Utah,Salt Lake County,2004,4,69920,36261,33659,33029,30624,575,501,392,359,901,899,643,582,721,694,33683,31258,739,662,600,557,1211,1204,820,739,28046,26221,457,394,286,273,871,874,617,557,637,590,28634,26763,596,524,451,418,1151,1143,777,701,4983,4403,118,107,106,86,30,25,26,25,84,104,5049,4495,143,138,149,139,60,61,43,38
050,49,035,Utah,Salt Lake County,2000c,5,83947,42866,41081,39675,38077,578,384,494,482,1002,1084,583,543,534,511,40165,38532,671,482,679,653,1223,1299,702,669,32782,33111,459,292,374,407,975,1057,558,519,466,452,33208,33515,535,370,517,545,1176,1258,671,639,6893,4966,119,92,120,75,27,27,25,24,68,59,6957,5017,136,112,162,108,47,41,31,30
050,49,035,Utah,Salt Lake County,2000a,5,83950,42868,41082,39677,38078,578,384,494,482,1002,1084,583,543,534,511,40167,38533,671,482,679,653,1223,1299,702,669,32784,33112,459,292,374,407,975,1057,558,519,466,452,33210,33516,535,370,517,545,1176,1258,671,639,6893,4966,119,92,120,75,27,27,25,24,68,59,6957,5017,136,112,162,108,47,41,31,30
050,49,035,Utah,Salt Lake County,2000,5,84203,43058,41145,39804,38100,593,394,497,483,1043,1130,587,517,534,521,40280,38562,694,496,694,654,1268,1361,706,647,32841,33108,471,301,379,406,1012,1102,561,491,449,452,33240,33508,548,381,522,541,1219,1316,670,610,6963,4992,122,93,118,77,31,28,26,26,85,69,7040,5054,146,115,172,113,49,45,36,37
050,49,035,Utah,Salt Lake County,2001,5,84048,42707,41341,39333,38177,615,421,508,486,1078,1170,608,546,565,541,39836,38658,718,527,713,656,1317,1413,739,681,32086,32945,481,319,396,417,1046,1140,581,521,474,474,32507,33366,560,403,544,552,1264,1365,701,648,7247,5232,134,102,112,69,32,30,27,25,91,67,7329,5292,158,124,169,104,53,48,38,33
050,49,035,Utah,Salt Lake County,2002,5,83324,42224,41100,38902,37869,575,455,481,462,1079,1196,604,561,583,557,39423,38365,680,566,689,632,1327,1445,739,703,31505,32427,443,339,373,390,1049,1168,576,537,492,487,31944,32861,525,427,524,524,1275,1400,700,669,7397,5442,132,116,108,72,30,28,28,24,91,70,7479,5504,155,139,165,108,52,45,39,34
050,49,035,Utah,Salt Lake County,2003,5,82654,42110,40544,38738,37357,579,475,455,431,1126,1171,612,540,600,570,39273,37864,690,590,660,607,1388,1425,754,685,31270,31873,457,347,344,355,1093,1146,582,516,506,492,31721,32311,547,438,491,491,1329,1380,711,649,7468,5484,122,128,111,76,33,25,30,24,94,78,7552,5553,143,152,169,116,59,45,43,36
050,49,035,Utah,Salt Lake County,2004,5,82887,42345,40542,38893,37229,610,517,416,416,1171,1225,626,556,629,599,39457,37766,729,642,624,593,1448,1489,774,710,31407,31586,480,383,314,340,1135,1198,595,531,532,516,31884,32049,576,482,463,476,1386,1441,730,672,7486,5643,130,134,102,76,36,27,31,25,97,83,7573,5717,153,160,161,117,62,48,44,38
050,49,035,Utah,Salt Lake County,2000c,6,77844,40580,37264,37145,34184,629,421,526,374,1401,1413,455,433,424,439,37510,34574,716,498,688,516,1584,1603,551,541,30457,29255,516,319,399,307,1370,1397,442,415,371,373,30774,29586,588,382,528,416,1539,1568,529,509,6688,4929,113,102,127,67,31,16,13,18,53,66,6736,4988,128,116,160,100,45,35,22,32
050,49,035,Utah,Salt Lake County,2000a,6,77844,40580,37264,37145,34184,629,421,526,374,1401,1413,455,433,424,439,37510,34574,716,498,688,516,1584,1603,551,541,30457,29255,516,319,399,307,1370,1397,442,415,371,373,30774,29586,588,382,528,416,1539,1568,529,509,6688,4929,113,102,127,67,31,16,13,18,53,66,6736,4988,128,116,160,100,45,35,22,32
050,49,035,Utah,Salt Lake County,2000,6,78743,41070,37673,37520,34511,644,432,526,389,1368,1461,529,446,483,434,37929,34897,746,516,714,529,1575,1651,640,555,30641,29450,527,328,398,316,1338,1442,510,426,411,365,30988,29777,607,391,542,425,1524,1610,607,517,6879,5061,117,104,128,73,30,19,19,20,72,69,6941,5120,139,125,172,104,51,41,33,38
050,49,035,Utah,Salt Lake County,2001,6,79946,41845,38101,38306,34841,659,456,544,421,1326,1475,529,463,481,445,38717,35237,759,546,723,563,1534,1666,640,574,30761,29398,530,341,405,336,1294,1456,507,440,410,374,31111,29732,611,411,539,446,1482,1626,605,533,7545,5443,129,115,139,85,32,19,22,23,71,71,7606,5505,148,135,184,117,52,40,35,41
050,49,035,Utah,Salt Lake County,2002,6,81363,42578,38785,39007,35461,689,474,538,438,1307,1469,542,476,495,467,39430,35877,792,571,728,588,1517,1669,656,590,31031,29784,542,343,386,352,1271,1447,515,452,417,391,31387,30135,624,418,525,468,1459,1622,614,547,7976,5677,147,131,152,86,36,22,27,24,78,76,8043,5742,168,153,203,120,58,47,42,43
050,49,035,Utah,Salt Lake County,2003,6,82478,43062,39416,39535,36065,721,495,529,458,1244,1429,537,488,496,481,39964,36493,831,595,713,611,1452,1633,645,607,31167,30025,546,355,382,366,1203,1402,509,461,417,400,31529,30383,633,431,518,485,1389,1579,603,560,8368,6040,175,140,147,92,41,27,28,27,79,81,8435,6110,198,164,195,126,63,54,42,47
050,49,035,Utah,Salt Lake County,2004,6,83690,43805,39885,40205,36494,760,523,537,463,1235,1401,551,504,517,500,40652,36939,875,633,730,620,1451,1612,667,627,31305,30191,573,369,382,373,1196,1373,523,474,432,410,31679,30560,664,452,522,492,1388,1553,623,573,8900,6303,187,154,155,90,39,28,28,30,85,90,8973,6379,211,181,208,128,63,59,44,54
050,49,035,Utah,Salt Lake County,2000c,7,66950,35295,31655,32287,29036,661,341,417,411,1159,1190,436,390,335,287,32568,29290,723,383,542,510,1308,1323,510,453,27046,25073,581,278,305,336,1137,1169,420,379,294,236,27291,25281,631,306,403,408,1277,1289,492,435,5241,3963,80,63,112,75,22,21,16,11,41,51,5277,4009,92,77,139,102,31,34,18,18
050,49,035,Utah,Salt Lake County,2000a,7,66951,35296,31655,32288,29036,661,341,417,411,1159,1190,436,390,335,287,32569,29290,723,383,542,510,1308,1323,510,453,27047,25073,581,278,305,336,1137,1169,420,379,294,236,27292,25281,631,306,403,408,1277,1289,492,435,5241,3963,80,63,112,75,22,21,16,11,41,51,5277,4009,92,77,139,102,31,34,18,18
050,49,035,Utah,Salt Lake County,2000,7,67289,35488,31801,32410,29117,673,343,420,401,1156,1246,496,387,333,307,32689,29382,734,395,551,523,1300,1382,574,454,27087,25105,590,278,305,325,1132,1223,477,373,285,248,27325,25320,637,314,404,415,1262,1341,553,430,5323,4012,83,65,115,76,24,23,19,14,48,59,5364,4062,97,81,147,108,38,41,21,24
050,49,035,Utah,Salt Lake County,2001,7,69123,36497,32626,33271,29832,692,390,429,363,1240,1323,519,400,346,318,33559,30108,756,450,560,479,1394,1470,603,468,27481,25484,595,312,312,296,1213,1299,500,384,296,255,27727,25706,644,353,409,381,1353,1425,582,441,5790,4348,97,78,117,67,27,24,19,16,50,63,5832,4402,112,97,151,98,41,45,21,27
050,49,035,Utah,Salt Lake County,2002,7,70471,37211,33260,33875,30352,713,433,443,355,1295,1385,528,403,357,332,34176,30638,781,497,578,469,1452,1540,609,478,27526,25655,599,341,330,291,1269,1361,511,388,305,269,27782,25888,650,385,432,374,1412,1497,590,451,6349,4697,114,92,113,64,26,24,17,15,52,63,6394,4750,131,112,146,95,40,43,19,27
050,49,035,Utah,Salt Lake County,2003,7,71676,37719,33957,34281,30952,709,439,459,338,1348,1465,552,421,370,342,34592,31250,780,509,594,451,1513,1625,638,495,27511,26006,592,339,346,279,1326,1439,534,406,318,278,27777,26250,646,387,448,362,1477,1580,618,467,6770,4946,117,100,113,59,22,26,18,15,52,64,6815,5000,134,122,146,89,36,45,20,28
050,49,035,Utah,Salt Lake County,2004,7,73004,38327,34677,34852,31526,709,487,462,333,1372,1542,557,436,375,353,35168,31834,782,562,594,445,1543,1709,644,508,27549,26251,582,371,346,271,1346,1515,538,421,322,287,27819,26500,637,423,445,353,1503,1664,623,483,7303,5275,127,116,116,62,26,27,19,15,53,66,7349,5334,145,139,149,92,40,45,21,25
050,49,035,Utah,Salt Lake County,2000c,8,65830,33829,32001,31196,29705,576,304,366,362,1020,1020,384,364,287,246,31460,29927,612,345,503,468,1127,1111,435,418,27031,26303,516,242,282,282,1006,1002,365,342,251,217,27265,26496,541,276,394,374,1108,1086,413,393,4165,3402,60,62,84,80,14,18,19,22,36,29,4195,3431,71,69,109,94,19,25,22,25
050,49,035,Utah,Salt Lake County,2000a,8,65834,33831,32003,31198,29707,576,304,366,362,1020,1020,384,364,287,246,31462,29929,612,345,503,468,1127,1111,435,418,27033,26305,516,242,282,282,1006,1002,365,342,251,217,27267,26498,541,276,394,374,1108,1086,413,393,4165,3402,60,62,84,80,14,18,19,22,36,29,4195,3431,71,69,109,94,19,25,22,25
050,49,035,Utah,Salt Lake County,2000,8,65379,33624,31755,30961,29421,574,307,370,357,1002,1046,422,362,295,262,31218,29654,622,351,507,481,1115,1143,487,418,26764,26006,512,244,284,275,983,1024,404,342,249,231,26980,26208,549,280,392,384,1087,1112,465,394,4197,3415,62,63,86,82,19,22,18,20,46,31,4238,3446,73,71,115,97,28,31,22,24
050,49,035,Utah,Salt Lake County,2001,8,63681,32923,30758,30225,28327,604,342,365,369,1013,1082,426,365,290,273,30476,28569,657,393,497,495,1125,1182,492,422,25796,24791,533,270,278,289,996,1064,406,346,244,238,26007,24999,572,311,382,398,1100,1154,465,399,4429,3536,71,72,87,80,17,18,20,19,46,35,4469,3570,85,82,115,97,25,28,27,23
050,49,035,Utah,Salt Lake County,2002,8,62302,32342,29960,29600,27495,627,364,372,367,1028,1100,423,364,292,270,29852,27733,682,416,505,489,1138,1202,488,420,24977,23769,541,290,277,290,1009,1078,403,345,244,235,25188,23973,582,331,380,397,1110,1169,462,397,4623,3726,86,74,95,77,19,22,20,19,48,35,4664,3760,100,85,125,92,28,33,26,23
050,49,035,Utah,Salt Lake County,2003,8,61748,32294,29454,29495,26925,658,382,364,368,1052,1142,433,367,292,270,29749,27164,715,434,491,488,1163,1245,498,423,24531,22990,564,309,265,290,1030,1123,409,348,243,234,24742,23194,607,351,362,393,1132,1215,469,400,4964,3935,94,73,99,78,22,19,24,19,49,36,5007,3970,108,83,129,95,31,30,29,23
050,49,035,Utah,Salt Lake County,2004,8,62283,32663,29620,29781,27037,677,388,373,359,1095,1190,438,370,299,276,30040,27284,735,444,505,477,1209,1295,503,426,24617,22910,575,307,270,284,1072,1170,414,353,247,239,24831,23120,617,351,370,387,1177,1264,473,405,5164,4127,102,81,103,75,23,20,24,17,52,37,5209,4164,118,93,135,90,32,31,30,21
050,49,035,Utah,Salt Lake County,2000c,9,64440,32554,31886,30245,29798,536,285,332,297,830,922,365,344,246,240,30463,30012,566,320,454,408,924,1014,410,386,27143,27221,486,237,240,251,818,909,351,333,208,211,27325,27410,509,261,340,343,906,996,390,375,3102,2577,50,48,92,46,12,13,14,11,38,29,3138,2602,57,59,114,65,18,18,20,11
050,49,035,Utah,Salt Lake County,2000a,9,64444,32555,31889,30246,29801,536,285,332,297,830,922,365,344,246,240,30464,30015,566,320,454,408,924,1014,410,386,27144,27224,486,237,240,251,818,909,351,333,208,211,27326,27413,509,261,340,343,906,996,390,375,3102,2577,50,48,92,46,12,13,14,11,38,29,3138,2602,57,59,114,65,18,18,20,11
050,49,035,Utah,Salt Lake County,2000,9,64451,32574,31877,30207,29754,538,288,335,300,839,949,381,338,274,248,30444,29966,579,330,466,416,943,1046,441,391,27056,27146,487,239,241,252,824,933,365,327,235,216,27258,27330,520,269,350,348,919,1023,419,379,3151,2608,51,49,94,48,15,16,16,11,39,32,3186,2636,59,61,116,68,24,23,22,12
050,49,035,Utah,Salt Lake County,2001,9,64580,32642,31938,30207,29758,549,288,353,325,864,958,390,351,279,258,30448,29979,588,333,487,445,970,1059,452,405,26818,26907,493,231,249,270,846,936,375,333,238,222,27020,27096,525,262,357,368,945,1029,432,386,3389,2851,56,57,104,55,18,22,15,18,41,36,3428,2883,63,71,130,77,25,30,20,19
050,49,035,Utah,Salt Lake County,2002,9,64463,32665,31798,30160,29567,572,305,366,333,881,974,400,363,286,256,30407,29789,613,351,500,451,990,1073,465,415,26519,26545,515,244,257,274,865,952,382,347,240,220,26724,26734,547,276,364,370,965,1044,440,398,3641,3022,57,61,109,59,16,22,18,16,46,36,3683,3055,66,75,136,81,25,29,25,17
050,49,035,Utah,Salt Lake County,2003,9,64423,32731,31692,30184,29434,575,315,363,328,916,982,412,375,281,258,30428,29658,618,361,496,443,1021,1084,473,429,26250,26199,513,245,260,263,899,959,392,356,238,222,26454,26390,547,277,368,356,997,1054,447,409,3934,3235,62,70,103,65,17,23,20,19,43,36,3974,3268,71,84,128,87,24,30,26,20
050,49,035,Utah,Salt Lake County,2004,9,64499,32952,31547,30285,29203,595,334,374,328,975,1030,431,389,292,263,30537,29427,641,383,508,440,1088,1137,495,447,26028,25737,517,261,265,260,958,1003,413,370,248,225,26239,25927,554,295,373,348,1063,1103,471,427,4257,3466,78,73,109,68,17,27,18,19,44,38,4298,3500,87,88,135,92,25,34,24,20
050,49,035,Utah,Salt Lake County,2000c,10,57582,28921,28661,27112,26946,372,212,245,235,708,873,287,238,197,157,27283,27084,407,225,349,317,777,930,314,274,24925,25047,343,192,199,190,688,864,281,236,173,142,25075,25172,372,201,287,262,752,918,306,269,2187,1899,29,20,46,45,20,9,6,2,24,15,2208,1912,35,24,62,55,25,12,8,5
050,49,035,Utah,Salt Lake County,2000a,10,57584,28922,28662,27113,26947,372,212,245,235,708,873,287,238,197,157,27284,27085,407,225,349,317,777,930,314,274,24926,25048,343,192,199,190,688,864,281,236,173,142,25076,25173,372,201,287,262,752,918,306,269,2187,1899,29,20,46,45,20,9,6,2,24,15,2208,1912,35,24,62,55,25,12,8,5
050,49,035,Utah,Salt Lake County,2000,10,57832,29054,28778,27216,27027,377,211,248,237,716,885,309,239,188,179,27377,27178,412,234,349,334,783,952,342,280,24998,25108,348,190,200,191,697,875,299,237,163,159,25138,25241,375,209,287,275,756,936,327,274,2218,1919,29,21,48,46,19,10,10,2,25,20,2239,1937,37,25,62,59,27,16,15,6
050,49,035,Utah,Salt Lake County,2001,10,58966,29721,29245,27774,27441,414,228,266,229,743,913,322,249,202,185,27947,27596,452,252,373,327,817,986,358,293,25331,25370,377,202,209,187,728,906,314,247,176,164,25481,25507,405,221,301,271,794,972,346,285,2443,2071,37,26,57,42,15,7,8,2,26,21,2466,2089,47,31,72,56,23,14,12,8
050,49,035,Utah,Salt Lake County,2002,10,60077,30380,29697,28330,27794,422,253,273,243,792,954,352,261,211,192,28511,27956,459,278,382,343,870,1029,390,305,25738,25565,379,217,213,195,774,945,342,259,183,170,25895,25707,407,237,307,282,843,1014,376,298,2592,2229,43,36,60,48,18,9,10,2,28,22,2616,2249,52,41,75,61,27,15,14,7
050,49,035,Utah,Salt Lake County,2003,10,60865,30716,30149,28571,28155,455,290,294,273,813,963,365,265,218,203,28757,28328,496,317,405,379,895,1042,405,311,25824,25738,402,240,219,223,794,953,356,262,187,179,25984,25889,431,260,313,314,867,1025,391,303,2747,2417,53,50,75,50,19,10,9,3,31,24,2773,2439,65,57,92,65,28,17,14,8
050,49,035,Utah,Salt Lake County,2004,10,61748,31180,30568,28940,28498,486,312,316,276,829,1001,381,270,228,211,29135,28677,528,340,434,386,912,1083,424,318,25910,25923,432,254,230,227,809,987,371,268,194,186,26076,26080,461,275,328,321,884,1062,408,310,3030,2575,54,58,86,49,20,14,10,2,34,25,3059,2597,67,65,106,65,28,21,16,8
050,49,035,Utah,Salt Lake County,2000c,11,45904,22955,22949,21634,21666,260,143,148,144,584,676,204,177,125,143,21744,21795,274,166,213,221,631,727,222,203,20136,20184,245,134,116,120,578,665,199,174,108,136,20231,20307,252,155,172,193,621,714,216,200,1498,1482,15,9,32,24,6,11,5,3,17,7,1513,1488,22,11,41,28,10,13,6,3
050,49,035,Utah,Salt Lake County,2000a,11,45904,22955,22949,21634,21666,260,143,148,144,584,676,204,177,125,143,21744,21795,274,166,213,221,631,727,222,203,20136,20184,245,134,116,120,578,665,199,174,108,136,20231,20307,252,155,172,193,621,714,216,200,1498,1482,15,9,32,24,6,11,5,3,17,7,1513,1488,22,11,41,28,10,13,6,3
050,49,035,Utah,Salt Lake County,2000,11,46382,23203,23179,21823,21853,267,147,150,146,596,690,221,186,146,157,21950,21992,286,174,231,233,647,747,245,220,20298,20345,250,137,117,125,588,681,216,180,123,141,20404,20471,262,160,185,201,633,735,238,213,1525,1508,17,10,33,21,8,9,5,6,23,16,1546,1521,24,14,46,32,14,12,7,7
050,49,035,Utah,Salt Lake County,2001,11,49302,24565,24737,23116,23303,289,173,164,165,614,730,228,199,154,167,23253,23452,309,202,249,258,666,789,252,234,21446,21678,270,157,129,142,604,720,219,194,131,150,21560,21813,283,183,201,222,652,777,242,227,1670,1625,19,16,35,23,10,10,9,5,23,17,1693,1639,26,19,48,36,14,12,10,7
050,49,035,Utah,Salt Lake County,2002,11,50061,24884,25177,23398,23705,300,171,170,174,626,751,235,205,155,171,23533,23857,320,202,255,267,682,813,260,239,21606,22054,280,157,140,149,614,744,227,199,132,154,21720,22192,293,184,212,230,664,803,250,232,1792,1651,20,14,30,25,12,7,8,6,23,17,1813,1665,27,18,43,37,18,10,10,7
050,49,035,Utah,Salt Lake County,2003,11,51539,25700,25839,24164,24267,302,180,188,168,648,826,237,224,161,174,24305,24421,323,210,275,260,707,892,262,261,22225,22572,278,160,155,144,635,819,231,219,138,157,22345,22712,291,186,230,224,688,882,254,255,1939,1695,24,20,33,24,13,7,6,5,23,17,1960,1709,32,24,45,36,19,10,8,6
050,49,035,Utah,Salt Lake County,2004,11,53671,26693,26978,25071,25256,309,195,202,203,679,886,255,247,177,191,25226,25427,332,227,296,305,746,956,284,286,22960,23393,281,169,166,171,666,877,244,241,148,171,23088,23547,294,198,245,257,726,945,269,278,2111,1863,28,26,36,32,13,9,11,6,29,20,2138,1880,38,29,51,48,20,11,15,8
050,49,035,Utah,Salt Lake County,2000c,12,33355,16453,16902,15577,16081,153,99,92,81,394,447,147,123,90,71,15652,16144,165,110,151,118,423,467,162,137,14603,15141,138,85,73,65,391,441,144,120,86,65,14674,15198,149,95,129,99,420,459,159,134,974,940,15,14,19,16,3,6,3,3,4,6,978,946,16,15,22,19,3,8,3,3
050,49,035,Utah,Salt Lake County,2000a,12,33355,16453,16902,15577,16081,153,99,92,81,394,447,147,123,90,71,15652,16144,165,110,151,118,423,467,162,137,14603,15141,138,85,73,65,391,441,144,120,86,65,14674,15198,149,95,129,99,420,459,159,134,974,940,15,14,19,16,3,6,3,3,4,6,978,946,16,15,22,19,3,8,3,3
050,49,035,Utah,Salt Lake County,2000,12,33449,16505,16944,15608,16092,154,100,98,83,400,454,152,126,93,89,15686,16168,170,115,155,130,427,483,172,147,14624,15146,139,86,79,68,397,448,149,124,84,76,14694,15209,153,99,131,107,424,474,166,142,984,946,15,14,19,15,3,6,3,2,9,13,992,959,17,16,24,23,3,9,6,5
050,49,035,Utah,Salt Lake County,2001,12,34327,17015,17312,16065,16421,163,108,102,80,428,479,163,134,94,90,16146,16498,180,123,160,127,454,509,181,155,14970,15382,146,91,82,64,423,472,158,131,86,76,15043,15445,161,104,136,103,449,498,174,149,1095,1039,17,17,20,16,5,7,5,3,8,14,1103,1053,19,19,24,24,5,11,7,6
050,49,035,Utah,Salt Lake County,2002,12,37056,18389,18667,17354,17688,185,128,118,98,453,519,172,143,107,91,17446,17769,202,142,185,146,482,548,194,161,16181,16550,162,106,91,81,450,511,167,140,95,76,16262,16616,177,118,151,120,479,536,185,155,1173,1138,23,22,27,17,3,8,5,3,12,15,1184,1153,25,24,34,26,3,12,9,6
050,49,035,Utah,Salt Lake County,2003,12,39034,19269,19765,18171,18691,197,142,116,111,493,569,185,155,107,97,18262,18778,214,157,182,161,524,603,207,174,16884,17399,172,115,87,94,486,558,179,153,98,80,16966,17469,187,126,148,135,517,586,199,168,1287,1292,25,27,29,17,7,11,6,2,9,17,1296,1309,27,31,34,26,7,17,8,6
050,49,035,Utah,Salt Lake County,2004,12,41160,20415,20745,19228,19581,228,160,120,117,524,615,201,167,114,105,19324,19674,246,176,188,168,558,652,226,189,17885,18214,200,133,92,102,518,605,194,165,105,88,17972,18290,216,146,156,145,552,637,216,183,1343,1367,28,27,28,15,6,10,7,2,9,17,1352,1384,30,30,32,23,6,15,10,6
050,49,035,Utah,Salt Lake County,2000c,13,24733,11915,12818,11345,12214,80,69,47,50,286,337,89,101,68,47,11410,12257,88,76,81,76,308,350,99,110,10624,11437,75,61,35,41,283,335,87,96,60,44,10682,11477,82,67,63,65,305,348,95,105,721,777,5,8,12,9,3,2,2,5,8,3,728,780,6,9,18,11,3,2,4,5
050,49,035,Utah,Salt Lake County,2000a,13,24733,11915,12818,11345,12214,80,69,47,50,286,337,89,101,68,47,11410,12257,88,76,81,76,308,350,99,110,10624,11437,75,61,35,41,283,335,87,96,60,44,10682,11477,82,67,63,65,305,348,95,105,721,777,5,8,12,9,3,2,2,5,8,3,728,780,6,9,18,11,3,2,4,5
050,49,035,Utah,Salt Lake County,2000,13,24786,11950,12836,11359,12215,81,69,54,53,286,338,99,107,71,54,11422,12262,92,78,89,81,309,355,114,118,10630,11433,76,61,40,44,284,336,97,102,61,51,10684,11477,86,68,70,71,305,353,109,113,729,782,5,8,14,9,2,2,2,5,10,3,738,785,6,10,19,10,4,2,5,5
050,49,035,Utah,Salt Lake County,2001,13,25479,12276,13203,11651,12536,91,79,61,61,294,352,102,117,77,58,11720,12586,103,90,99,91,320,369,116,129,10876,11695,84,70,46,48,293,349,100,108,66,53,10934,11741,95,78,79,76,316,366,112,119,775,841,7,9,15,13,1,3,2,9,11,5,786,845,8,12,20,15,4,3,4,10
050,49,035,Utah,Salt Lake County,2002,13,26690,12874,13816,12204,13083,84,84,67,61,325,400,113,126,81,62,12275,13138,98,95,110,93,349,418,128,138,11382,12223,79,71,55,50,324,394,111,118,70,57,11443,12273,92,79,90,80,347,412,124,130,822,860,5,13,12,11,1,6,2,8,11,5,832,865,6,16,20,13,2,6,4,8
050,49,035,Utah,Salt Lake County,2003,13,28355,13774,14581,13025,13816,112,87,79,71,353,413,120,130,85,64,13102,13873,126,98,124,106,379,430,134,142,12183,12933,99,75,65,58,350,405,120,124,74,59,12249,12985,111,83,104,91,374,422,133,136,842,883,13,12,14,13,3,8,0,6,11,5,853,888,15,15,20,15,5,8,1,6
050,49,035,Utah,Salt Lake County,2004,13,29888,14521,15367,13730,14571,127,92,82,77,369,427,124,131,89,69,13809,14631,142,103,130,117,396,446,139,143,12797,13675,113,80,65,61,366,420,124,127,78,61,12865,13728,127,87,106,97,391,439,138,138,933,896,14,12,17,16,3,7,0,4,11,8,944,903,15,16,24,20,5,7,1,5
050,49,035,Utah,Salt Lake County,2000c,14,19908,9216,10692,8804,10226,51,48,34,44,228,263,68,76,31,35,8831,10254,54,53,51,64,238,278,76,82,8330,9671,45,44,25,33,226,261,67,74,29,31,8355,9695,47,48,41,49,235,275,75,79,474,555,6,4,9,11,2,2,1,2,2,4,476,559,7,5,10,15,3,3,1,3
050,49,035,Utah,Salt Lake County,2000a,14,19908,9216,10692,8804,10226,51,48,34,44,228,263,68,76,31,35,8831,10254,54,53,51,64,238,278,76,82,8330,9671,45,44,25,33,226,261,67,74,29,31,8355,9695,47,48,41,49,235,275,75,79,474,555,6,4,9,11,2,2,1,2,2,4,476,559,7,5,10,15,3,3,1,3
050,49,035,Utah,Salt Lake County,2000,14,19961,9232,10729,8802,10242,52,49,35,44,232,270,71,78,40,46,8836,10277,57,55,55,66,246,291,81,87,8323,9679,45,45,26,33,230,268,70,76,33,41,8351,9709,49,51,41,53,242,287,79,84,479,563,7,4,9,11,2,2,1,2,7,5,485,568,8,4,14,13,4,4,2,3
050,49,035,Utah,Salt Lake County,2001,14,20359,9513,10846,9059,10325,51,49,36,48,243,291,79,85,45,48,9095,10361,59,57,57,71,259,314,92,95,8530,9733,46,47,27,39,242,289,76,83,37,43,8562,9764,51,54,45,59,255,310,86,91,529,592,5,2,9,9,1,2,3,2,8,5,533,597,8,3,12,12,4,4,6,4
050,49,035,Utah,Salt Lake County,2002,14,20942,9714,11228,9240,10664,64,63,36,51,250,305,77,90,47,55,9276,10705,74,75,58,77,266,331,91,102,8669,9988,56,57,27,41,247,302,76,89,35,44,8699,10020,61,65,44,62,259,322,86,97,571,676,8,6,9,10,3,3,1,1,12,11,577,685,13,10,14,15,7,9,5,5
050,49,035,Utah,Salt Lake County,2003,14,21835,10184,11651,9701,11065,70,71,41,51,248,313,78,97,46,54,9740,11106,78,81,64,78,263,338,88,107,9084,10326,62,66,31,44,244,311,77,96,37,46,9116,10361,67,73,49,67,256,331,86,104,617,739,8,5,10,7,4,2,1,1,9,8,624,745,11,8,15,11,7,7,2,3
050,49,035,Utah,Salt Lake County,2004,14,22941,10697,12244,10167,11605,76,75,49,50,268,347,86,112,51,55,10211,11646,85,85,76,76,284,373,97,123,9501,10804,70,66,40,44,263,343,83,109,41,47,9537,10838,76,74,61,67,276,365,93,117,666,801,6,9,9,6,5,4,3,3,10,8,674,808,9,11,15,9,8,8,4,6
050,49,035,Utah,Salt Lake County,2000c,15,18162,8137,10025,7839,9612,47,54,12,33,170,243,44,47,25,36,7861,9645,52,58,25,52,179,253,46,60,7478,9171,43,49,7,21,169,241,44,46,22,33,7498,9201,46,51,18,39,178,250,46,57,361,441,4,5,5,12,1,2,0,1,3,3,363,444,6,7,7,13,1,3,0,3
050,49,035,Utah,Salt Lake County,2000a,15,18162,8137,10025,7839,9612,47,54,12,33,170,243,44,47,25,36,7861,9645,52,58,25,52,179,253,46,60,7478,9171,43,49,7,21,169,241,44,46,22,33,7498,9201,46,51,18,39,178,250,46,57,361,441,4,5,5,12,1,2,0,1,3,3,363,444,6,7,7,13,1,3,0,3
050,49,035,Utah,Salt Lake County,2000,15,18217,8175,10042,7859,9611,45,53,16,37,174,250,47,46,34,45,7889,9650,52,58,31,58,185,265,54,62,7493,9163,41,48,11,25,173,248,47,45,29,37,7519,9194,46,51,23,42,183,262,54,59,366,448,4,5,5,12,1,2,0,1,5,8,370,456,6,7,8,16,2,3,0,3
050,49,035,Utah,Salt Lake County,2001,15,18108,8130,9978,7799,9538,42,50,17,37,184,258,55,47,33,48,7829,9581,48,57,30,60,196,275,62,65,7428,9060,39,49,13,22,184,255,54,47,29,37,7454,9092,44,51,24,39,195,269,61,61,371,478,3,1,4,15,0,3,1,0,4,11,375,489,4,6,6,21,1,6,1,4
050,49,035,Utah,Salt Lake County,2002,15,18238,8244,9994,7901,9544,46,51,23,33,187,271,54,50,33,45,7931,9583,51,60,38,53,198,289,61,67,7497,9033,43,47,17,20,187,269,54,49,29,35,7523,9062,48,51,29,34,197,284,61,63,404,511,3,4,6,13,0,2,0,1,4,10,408,521,3,9,9,19,1,5,0,4
050,49,035,Utah,Salt Lake County,2003,15,18202,8229,9973,7862,9515,52,50,24,30,198,276,60,55,33,47,7893,9555,56,58,38,51,210,294,67,75,7442,9008,45,44,19,16,198,274,60,54,29,37,7469,9038,49,48,30,31,209,289,67,70,420,507,7,6,5,14,0,2,0,1,4,10,424,517,7,10,8,20,1,5,0,5
050,49,035,Utah,Salt Lake County,2004,15,18194,8175,10019,7782,9534,47,51,31,35,214,291,68,58,33,50,7812,9577,53,60,43,58,227,309,75,78,7361,8988,37,47,24,24,214,289,68,56,30,40,7388,9021,42,51,35,41,226,304,75,73,421,546,10,4,7,11,0,2,0,2,3,10,424,556,11,9,8,17,1,5,0,5
050,49,035,Utah,Salt Lake County,2000c,16,15412,6482,8930,6225,8638,52,46,10,16,148,183,27,29,20,18,6245,8654,53,53,19,23,156,191,31,31,5992,8332,45,41,8,11,148,182,27,27,19,14,6011,8345,46,44,17,18,156,189,30,29,233,306,7,5,2,5,0,1,0,2,1,4,234,309,7,9,2,5,0,2,1,2
050,49,035,Utah,Salt Lake County,2000a,16,15413,6482,8931,6225,8639,52,46,10,16,148,183,27,29,20,18,6245,8655,53,53,19,23,156,191,31,31,5992,8333,45,41,8,11,148,182,27,27,19,14,6011,8346,46,44,17,18,156,189,30,29,233,306,7,5,2,5,0,1,0,2,1,4,234,309,7,9,2,5,0,2,1,2
050,49,035,Utah,Salt Lake County,2000,16,15519,6531,8988,6267,8679,52,47,10,16,150,184,28,27,24,35,6289,8711,54,56,21,34,160,198,33,32,6027,8365,45,42,8,11,150,183,28,25,23,28,6048,8391,47,46,19,27,160,195,32,28,240,314,7,5,2,5,0,1,0,2,1,7,241,320,7,10,2,7,0,3,1,4
050,49,035,Utah,Salt Lake County,2001,16,15794,6705,9089,6434,8764,53,44,12,15,154,198,29,30,23,38,6455,8799,54,55,21,32,164,212,34,34,6155,8413,50,39,7,12,154,197,29,28,23,28,6176,8439,51,43,16,27,164,210,34,31,279,351,3,5,5,3,0,1,0,2,0,10,279,360,3,12,5,5,0,2,0,3
050,49,035,Utah,Salt Lake County,2002,16,15551,6635,8916,6359,8584,54,44,12,19,155,198,31,30,24,41,6381,8622,56,57,23,38,165,213,36,35,6072,8220,50,40,7,15,155,195,31,29,24,29,6094,8247,52,44,18,31,165,208,36,32,287,364,4,4,5,4,0,3,0,1,0,12,287,375,4,13,5,7,0,5,0,3
050,49,035,Utah,Salt Lake County,2003,16,15444,6571,8873,6284,8509,51,49,12,25,165,216,32,32,27,42,6309,8548,53,61,24,47,177,229,39,38,5984,8128,46,45,7,19,165,215,32,28,25,28,6007,8154,48,49,18,36,176,226,37,31,300,381,5,4,5,6,0,1,0,4,2,14,302,394,5,12,6,11,1,3,2,7
050,49,035,Utah,Salt Lake County,2004,16,15130,6517,8613,6228,8250,50,49,16,27,166,216,33,32,24,39,6250,8287,52,58,28,46,176,229,37,37,5918,7855,44,44,10,19,166,213,33,31,24,29,5940,7882,46,48,22,35,176,226,37,34,310,395,6,5,6,8,0,3,0,1,0,10,310,405,6,10,6,11,0,3,0,3
050,49,035,Utah,Salt Lake County,2000c,17,10601,4129,6472,4019,6295,10,25,4,5,67,109,21,19,8,19,4027,6312,10,26,8,15,71,118,21,20,3911,6122,8,20,2,3,67,109,18,17,8,19,3919,6139,8,21,6,13,71,118,18,18,108,173,2,5,2,2,0,0,3,2,0,0,108,173,2,5,2,2,0,0,3,2
050,49,035,Utah,Salt Lake County,2000a,17,10602,4130,6472,4020,6295,10,25,4,5,67,109,21,19,8,19,4028,6312,10,26,8,15,71,118,21,20,3912,6122,8,20,2,3,67,109,18,17,8,19,3920,6139,8,21,6,13,71,118,18,18,108,173,2,5,2,2,0,0,3,2,0,0,108,173,2,5,2,2,0,0,3,2
050,49,035,Utah,Salt Lake County,2000,17,10666,4150,6516,4035,6332,10,25,5,8,68,110,20,20,12,21,4047,6350,12,29,10,17,72,119,21,23,3924,6154,8,20,3,6,68,110,17,18,11,21,3935,6172,9,24,8,15,72,119,18,21,111,178,2,5,2,2,0,0,3,2,1,0,112,178,3,5,2,2,0,0,3,2
050,49,035,Utah,Salt Lake County,2001,17,10774,4213,6561,4083,6366,14,26,7,7,78,123,20,19,11,20,4094,6383,16,30,12,16,81,131,21,22,3961,6172,14,26,6,5,78,123,18,18,10,20,3971,6189,15,30,11,14,81,131,19,21,122,194,0,0,1,2,0,0,2,1,1,0,123,194,1,0,1,2,0,0,2,1
050,49,035,Utah,Salt Lake County,2002,17,10985,4292,6693,4150,6475,20,29,4,7,82,136,20,25,16,21,4166,6492,25,33,10,16,86,146,21,28,4002,6252,19,24,3,6,82,136,18,23,12,21,4014,6269,20,28,9,15,86,146,19,26,148,223,1,5,1,1,0,0,2,2,4,0,152,223,5,5,1,1,0,0,2,2
050,49,035,Utah,Salt Lake County,2003,17,10870,4256,6614,4105,6390,21,27,6,7,90,149,21,21,13,20,4118,6407,24,31,11,16,94,157,22,24,3946,6130,21,24,5,5,90,148,20,20,12,20,3958,6147,23,28,10,14,94,156,21,23,159,260,0,3,1,2,0,1,1,1,1,0,160,260,1,3,1,2,0,1,1,1
050,49,035,Utah,Salt Lake County,2004,17,10950,4300,6650,4119,6422,31,30,8,9,108,141,22,26,12,22,4131,6440,33,34,13,18,112,152,23,29,3953,6147,27,24,7,7,108,141,22,24,11,22,3964,6165,28,28,12,16,112,152,23,27,166,275,4,6,1,2,0,0,0,2,1,0,167,275,5,6,1,2,0,0,0,2
050,49,035,Utah,Salt Lake County,2000c,18,8597,2713,5884,2640,5777,12,25,1,7,43,51,12,14,5,10,2644,5785,13,28,5,14,44,53,12,17,2567,5642,10,22,1,4,42,50,11,14,5,9,2571,5649,11,24,5,10,43,51,11,16,73,135,2,3,0,3,1,1,1,0,0,1,73,136,2,4,0,4,1,2,1,1
050,49,035,Utah,Salt Lake County,2000a,18,8597,2713,5884,2640,5777,12,25,1,7,43,51,12,14,5,10,2644,5785,13,28,5,14,44,53,12,17,2567,5642,10,22,1,4,42,50,11,14,5,9,2571,5649,11,24,5,10,43,51,11,16,73,135,2,3,0,3,1,1,1,0,0,1,73,136,2,4,0,4,1,2,1,1
050,49,035,Utah,Salt Lake County,2000,18,8689,2760,5929,2681,5812,12,25,2,7,42,50,16,17,7,18,2687,5828,14,31,6,19,44,54,17,21,2606,5675,10,22,2,5,41,49,15,17,7,13,2612,5686,12,25,6,13,43,51,16,19,75,137,2,3,0,2,1,1,1,0,0,5,75,142,2,6,0,6,1,3,1,2
050,49,035,Utah,Salt Lake County,2001,18,8911,2902,6009,2818,5886,12,26,4,8,45,54,16,18,7,17,2824,5901,14,32,8,19,47,58,17,22,2735,5740,9,22,4,6,44,54,15,18,7,12,2741,5750,11,25,8,13,46,56,16,20,83,146,3,4,0,2,1,0,1,0,0,5,83,151,3,7,0,6,1,2,1,2
050,49,035,Utah,Salt Lake County,2002,18,9136,2992,6144,2908,6016,10,25,3,6,46,61,18,20,7,16,2914,6030,12,31,7,16,48,64,19,23,2813,5854,7,21,3,6,45,61,17,20,7,12,2819,5864,9,24,7,13,47,63,18,22,95,162,3,4,0,0,1,0,1,0,0,4,95,166,3,7,0,3,1,1,1,1
050,49,035,Utah,Salt Lake County,2003,18,9581,3210,6371,3111,6221,13,25,4,8,54,75,21,23,7,19,3117,6238,15,32,8,20,56,79,22,27,2998,6034,8,19,2,8,52,75,20,23,7,13,3004,6045,10,22,6,16,54,77,21,25,113,187,5,6,2,0,2,0,1,0,0,6,113,193,5,10,2,4,2,2,1,2
050,49,035,Utah,Salt Lake County,2004,18,9751,3307,6444,3196,6277,13,26,6,8,61,88,24,26,7,19,3202,6294,15,33,10,20,63,92,25,30,3070,6072,8,19,3,8,58,88,22,26,7,13,3076,6083,10,22,7,16,60,90,23,28,126,205,5,7,3,0,3,0,2,0,0,6,126,211,5,11,3,4,3,2,2,2
050,49,037,Utah,San Juan County,2000c,0,14413,7190,7223,3114,3045,11,8,3958,4089,10,15,5,0,92,66,3195,3107,24,13,4033,4137,21,24,18,11,2879,2850,11,7,3907,4042,10,15,5,0,86,61,2954,2907,24,10,3976,4087,21,24,17,11,235,195,0,1,51,47,0,0,0,0,6,5,241,200,0,3,57,50,0,0,1,0
050,49,037,Utah,San Juan County,2000a,0,14413,7190,7223,3114,3045,11,8,3958,4089,10,15,5,0,92,66,3195,3107,24,13,4033,4137,21,24,18,11,2879,2850,11,7,3907,4042,10,15,5,0,86,61,2954,2907,24,10,3976,4087,21,24,17,11,235,195,0,1,51,47,0,0,0,0,6,5,241,200,0,3,57,50,0,0,1,0
050,49,037,Utah,San Juan County,2000,0,14370,7162,7208,3159,3068,14,7,3912,4059,11,11,0,0,66,63,3220,3129,20,11,3966,4109,11,11,11,11,2921,2870,14,6,3858,4012,11,11,0,0,66,63,2982,2931,20,10,3912,4062,11,11,11,11,238,198,0,1,54,47,0,0,0,0,0,0,238,198,0,1,54,47,0,0,0,0
050,49,037,Utah,San Juan County,2001,0,13603,6786,6817,3038,2959,14,7,3665,3789,14,10,0,0,55,52,3091,3010,17,9,3708,3829,15,10,11,11,2817,2772,14,5,3612,3741,14,10,0,0,55,52,2870,2823,17,7,3655,3781,15,10,11,11,221,187,0,2,53,48,0,0,0,0,0,0,221,187,0,2,53,48,0,0,0,0
050,49,037,Utah,San Juan County,2002,0,13831,6902,6929,3055,2962,14,7,3761,3898,12,11,0,0,60,51,3114,3013,16,8,3810,3940,14,11,9,8,2828,2775,14,5,3707,3850,12,11,0,0,60,51,2887,2826,16,6,3756,3892,14,11,9,8,227,187,0,2,54,48,0,0,0,0,0,0,227,187,0,2,54,48,0,0,0,0
050,49,037,Utah,San Juan County,2003,0,13832,6873,6959,3019,2953,13,5,3774,3945,11,10,1,0,55,46,3072,2999,17,6,3818,3983,11,10,10,7,2823,2784,13,3,3719,3897,11,10,1,0,55,46,2876,2830,17,4,3763,3935,11,10,10,7,196,169,0,2,55,48,0,0,0,0,0,0,196,169,0,2,55,48,0,0,0,0
050,49,037,Utah,San Juan County,2004,0,14015,6915,7100,3040,2985,14,4,3786,4050,14,11,1,0,60,50,3097,3034,18,6,3835,4094,15,11,10,5,2858,2828,14,2,3731,4001,14,11,1,0,60,50,2915,2877,18,4,3780,4045,15,11,10,5,182,157,0,2,55,49,0,0,0,0,0,0,182,157,0,2,55,49,0,0,0,0
050,49,037,Utah,San Juan County,2000c,1,1402,712,690,272,248,0,6,419,416,1,0,0,0,20,20,290,268,3,8,436,430,4,2,1,4,241,228,0,5,409,408,1,0,0,0,20,18,259,246,3,6,426,421,4,2,1,4,31,20,0,1,10,8,0,0,0,0,0,2,31,22,0,2,10,9,0,0,0,0
050,49,037,Utah,San Juan County,2000a,1,1402,712,690,272,248,0,6,419,416,1,0,0,0,20,20,290,268,3,8,436,430,4,2,1,4,241,228,0,5,409,408,1,0,0,0,20,18,259,246,3,6,426,421,4,2,1,4,31,20,0,1,10,8,0,0,0,0,0,2,31,22,0,2,10,9,0,0,0,0
050,49,037,Utah,San Juan County,2000,1,1374,702,672,282,255,0,6,410,399,1,0,0,0,9,12,290,266,1,8,416,406,1,0,3,4,251,234,0,5,400,391,1,0,0,0,9,12,259,245,1,7,406,398,1,0,3,4,31,21,0,1,10,8,0,0,0,0,0,0,31,21,0,1,10,8,0,0,0,0
050,49,037,Utah,San Juan County,2001,1,1258,658,600,263,238,0,4,385,349,1,0,0,0,9,9,272,246,0,6,390,354,1,0,4,3,234,223,0,3,377,346,1,0,0,0,9,9,243,231,0,5,382,351,1,0,4,3,29,15,0,1,8,3,0,0,0,0,0,0,29,15,0,1,8,3,0,0,0,0
050,49,037,Utah,San Juan County,2002,1,1235,640,595,261,235,0,4,370,348,1,0,0,0,8,8,269,243,0,5,374,353,2,0,3,2,233,222,0,3,363,346,1,0,0,0,8,8,241,230,0,4,367,351,2,0,3,2,28,13,0,1,7,2,0,0,0,0,0,0,28,13,0,1,7,2,0,0,0,0
050,49,037,Utah,San Juan County,2003,1,1222,612,610,245,228,0,3,359,372,1,0,0,0,7,7,252,235,0,4,364,377,1,0,2,1,221,219,0,2,355,371,1,0,0,0,7,7,228,226,0,3,360,376,1,0,2,1,24,9,0,1,4,1,0,0,0,0,0,0,24,9,0,1,4,1,0,0,0,0
050,49,037,Utah,San Juan County,2004,1,1204,573,631,220,222,0,1,350,403,0,0,0,0,3,5,223,227,0,1,352,407,0,0,1,1,204,214,0,1,348,403,0,0,0,0,3,5,207,219,0,1,350,407,0,0,1,1,16,8,0,0,2,0,0,0,0,0,0,0,16,8,0,0,2,0,0,0,0,0
050,49,037,Utah,San Juan County,2000c,2,1608,865,743,288,251,4,2,554,477,0,1,0,0,19,12,306,262,6,3,569,486,2,2,1,3,262,233,4,2,542,470,0,1,0,0,16,11,277,243,6,3,554,478,2,2,1,3,26,18,0,0,12,7,0,0,0,0,3,1,29,19,0,0,15,8,0,0,0,0
050,49,037,Utah,San Juan County,2000a,2,1608,865,743,288,251,4,2,554,477,0,1,0,0,19,12,306,262,6,3,569,486,2,2,1,3,262,233,4,2,542,470,0,1,0,0,16,11,277,243,6,3,554,478,2,2,1,3,26,18,0,0,12,7,0,0,0,0,3,1,29,19,0,0,15,8,0,0,0,0
050,49,037,Utah,San Juan County,2000,2,1577,854,723,296,251,4,1,543,460,0,1,0,0,11,10,305,260,7,3,550,466,0,1,3,3,268,233,4,1,529,453,0,1,0,0,11,10,277,242,7,3,536,459,0,1,3,3,28,18,0,0,14,7,0,0,0,0,0,0,28,18,0,0,14,7,0,0,0,0
050,49,037,Utah,San Juan County,2001,2,1444,777,667,287,235,3,2,478,420,1,1,0,0,8,9,295,244,4,2,483,425,1,1,2,4,262,217,3,2,465,410,1,1,0,0,8,9,270,226,4,2,470,415,1,1,2,4,25,18,0,0,13,10,0,0,0,0,0,0,25,18,0,0,13,10,0,0,0,0
050,49,037,Utah,San Juan County,2002,2,1396,740,656,270,239,3,1,457,407,0,1,0,0,10,8,279,247,5,1,463,412,0,1,3,3,248,218,3,1,446,396,0,1,0,0,10,8,257,226,5,1,452,401,0,1,3,3,22,21,0,0,11,11,0,0,0,0,0,0,22,21,0,0,11,11,0,0,0,0
050,49,037,Utah,San Juan County,2003,2,1318,703,615,263,235,2,0,427,373,0,0,0,0,11,7,273,242,4,0,433,378,0,0,4,2,246,220,2,0,414,363,0,0,0,0,11,7,256,227,4,0,420,368,0,0,4,2,17,15,0,0,13,10,0,0,0,0,0,0,17,15,0,0,13,10,0,0,0,0
050,49,037,Utah,San Juan County,2004,2,1276,662,614,269,241,1,2,379,364,1,0,0,0,12,7,280,248,3,3,385,369,1,0,5,1,253,225,1,1,367,353,1,0,0,0,12,7,264,232,3,2,373,358,1,0,5,1,16,16,0,1,12,11,0,0,0,0,0,0,16,16,0,1,12,11,0,0,0,0
050,49,037,Utah,San Juan County,2000c,3,1720,884,836,314,283,1,0,551,539,0,3,1,0,17,11,328,294,3,0,563,548,3,4,4,1,287,264,1,0,544,531,0,3,1,0,16,10,300,274,3,0,555,539,3,4,4,1,27,19,0,0,7,8,0,0,0,0,1,1,28,20,0,0,8,9,0,0,0,0
050,49,037,Utah,San Juan County,2000a,3,1720,884,836,314,283,1,0,551,539,0,3,1,0,17,11,328,294,3,0,563,548,3,4,4,1,287,264,1,0,544,531,0,3,1,0,16,10,300,274,3,0,555,539,3,4,4,1,27,19,0,0,7,8,0,0,0,0,1,1,28,20,0,0,8,9,0,0,0,0
050,49,037,Utah,San Juan County,2000,3,1699,874,825,321,285,1,0,539,530,1,2,0,0,12,8,332,293,2,0,547,535,1,2,4,3,294,265,1,0,532,522,1,2,0,0,12,8,305,273,2,0,540,527,1,2,4,3,27,20,0,0,7,8,0,0,0,0,0,0,27,20,0,0,7,8,0,0,0,0
050,49,037,Utah,San Juan County,2001,3,1605,831,774,308,277,2,0,509,489,1,1,0,0,11,7,318,284,3,0,517,494,2,1,3,2,282,259,2,0,500,478,1,1,0,0,11,7,292,266,3,0,508,483,2,1,3,2,26,18,0,0,9,11,0,0,0,0,0,0,26,18,0,0,9,11,0,0,0,0
050,49,037,Utah,San Juan County,2002,3,1614,854,760,301,279,2,1,542,472,0,1,0,0,9,7,310,286,2,1,550,477,1,1,1,2,273,262,2,1,531,462,0,1,0,0,9,7,282,269,2,1,539,467,1,1,1,2,28,17,0,0,11,10,0,0,0,0,0,0,28,17,0,0,11,10,0,0,0,0
050,49,037,Utah,San Juan County,2003,3,1566,831,735,294,253,2,1,527,472,0,2,0,0,8,7,301,260,4,1,534,477,0,2,0,2,267,238,2,1,516,464,0,2,0,0,8,7,274,245,4,1,523,469,0,2,0,2,27,15,0,0,11,8,0,0,0,0,0,0,27,15,0,0,11,8,0,0,0,0
050,49,037,Utah,San Juan County,2004,3,1511,814,697,292,228,4,0,510,460,0,2,0,0,8,7,299,234,6,1,517,466,0,2,0,1,268,215,4,0,498,452,0,2,0,0,8,7,275,221,6,1,505,458,0,2,0,1,24,13,0,0,12,8,0,0,0,0,0,0,24,13,0,0,12,8,0,0,0,0
050,49,037,Utah,San Juan County,2000c,4,1446,737,709,286,309,0,0,438,395,2,2,0,0,11,3,296,312,1,1,448,396,2,2,2,1,262,285,0,0,435,393,2,2,0,0,11,3,272,288,1,1,445,394,2,2,2,1,24,24,0,0,3,2,0,0,0,0,0,0,24,24,0,0,3,2,0,0,0,0
050,49,037,Utah,San Juan County,2000a,4,1446,737,709,286,309,0,0,438,395,2,2,0,0,11,3,296,312,1,1,448,396,2,2,2,1,262,285,0,0,435,393,2,2,0,0,11,3,272,288,1,1,445,394,2,2,2,1,24,24,0,0,3,2,0,0,0,0,0,0,24,24,0,0,3,2,0,0,0,0
050,49,037,Utah,San Juan County,2000,4,1421,719,702,290,308,0,0,422,387,1,1,0,0,6,6,296,314,0,0,427,392,1,1,1,1,266,284,0,0,419,385,1,1,0,0,6,6,272,290,0,0,424,390,1,1,1,1,24,24,0,0,3,2,0,0,0,0,0,0,24,24,0,0,3,2,0,0,0,0
050,49,037,Utah,San Juan County,2001,4,1438,720,718,291,315,0,0,421,394,1,2,0,0,7,7,298,322,0,0,426,399,1,2,2,2,269,290,0,0,418,391,1,2,0,0,7,7,276,297,0,0,423,396,1,2,2,2,22,25,0,0,3,3,0,0,0,0,0,0,22,25,0,0,3,3,0,0,0,0
050,49,037,Utah,San Juan County,2002,4,1472,732,740,300,297,0,0,423,435,2,2,0,0,7,6,307,303,0,0,428,440,2,2,2,1,274,271,0,0,419,432,2,2,0,0,7,6,281,277,0,0,424,437,2,2,2,1,26,26,0,0,4,3,0,0,0,0,0,0,26,26,0,0,4,3,0,0,0,0
050,49,037,Utah,San Juan County,2003,4,1516,752,764,297,300,0,0,445,455,2,2,0,0,8,7,305,307,0,0,450,460,2,2,3,2,274,274,0,0,439,449,2,2,0,0,8,7,282,281,0,0,444,454,2,2,3,2,23,26,0,0,6,6,0,0,0,0,0,0,23,26,0,0,6,6,0,0,0,0
050,49,037,Utah,San Juan County,2004,4,1549,770,779,301,291,0,0,459,479,2,2,0,0,8,7,309,298,0,0,464,484,2,2,3,2,275,273,0,0,452,472,2,2,0,0,8,7,283,280,0,0,457,477,2,2,3,2,26,18,0,0,7,7,0,0,0,0,0,0,26,18,0,0,7,7,0,0,0,0
050,49,037,Utah,San Juan County,2000c,5,935,462,473,194,164,0,0,261,303,1,1,1,0,5,5,197,169,3,1,265,307,2,1,1,0,173,145,0,0,256,299,1,1,1,0,5,4,176,149,3,0,260,303,2,1,1,0,21,19,0,0,5,4,0,0,0,0,0,1,21,20,0,1,5,4,0,0,0,0
050,49,037,Utah,San Juan County,2000a,5,935,462,473,194,164,0,0,261,303,1,1,1,0,5,5,197,169,3,1,265,307,2,1,1,0,173,145,0,0,256,299,1,1,1,0,5,4,176,149,3,0,260,303,2,1,1,0,21,19,0,0,5,4,0,0,0,0,0,1,21,20,0,1,5,4,0,0,0,0
050,49,037,Utah,San Juan County,2000,5,963,474,489,199,170,2,0,268,315,1,1,0,0,4,3,203,173,2,0,272,318,1,1,0,0,178,150,2,0,263,311,1,1,0,0,4,3,182,153,2,0,267,314,1,1,0,0,21,20,0,0,5,4,0,0,0,0,0,0,21,20,0,0,5,4,0,0,0,0
050,49,037,Utah,San Juan County,2001,5,888,456,432,183,148,2,1,267,280,2,1,0,0,2,2,185,150,2,1,269,282,2,1,0,0,167,130,2,0,261,276,2,1,0,0,2,2,169,132,2,0,263,278,2,1,0,0,16,18,0,1,6,4,0,0,0,0,0,0,16,18,0,1,6,4,0,0,0,0
050,49,037,Utah,San Juan County,2002,5,1008,534,474,226,174,2,1,301,295,2,1,0,0,3,3,229,177,2,1,304,298,2,1,0,0,208,158,2,0,295,292,2,1,0,0,3,3,211,161,2,0,298,295,2,1,0,0,18,16,0,1,6,3,0,0,0,0,0,0,18,16,0,1,6,3,0,0,0,0
050,49,037,Utah,San Juan County,2003,5,1118,582,536,244,212,2,1,329,319,2,0,0,0,5,4,249,216,2,1,334,323,2,0,0,0,232,198,2,0,323,315,2,0,0,0,5,4,237,202,2,0,328,319,2,0,0,0,12,14,0,1,6,4,0,0,0,0,0,0,12,14,0,1,6,4,0,0,0,0
050,49,037,Utah,San Juan County,2004,5,1290,664,626,278,273,2,1,377,347,2,1,0,0,5,4,283,277,2,1,382,351,2,1,0,0,268,255,2,0,371,344,2,1,0,0,5,4,273,259,2,0,376,348,2,1,0,0,10,18,0,1,6,3,0,0,0,0,0,0,10,18,0,1,6,3,0,0,0,0
050,49,037,Utah,San Juan County,2000c,6,923,454,469,173,196,2,0,274,269,1,1,1,0,3,3,175,199,3,0,277,272,1,1,1,0,152,181,2,0,272,267,1,1,1,0,2,3,153,184,3,0,274,270,1,1,1,0,21,15,0,0,2,2,0,0,0,0,1,0,22,15,0,0,3,2,0,0,0,0
050,49,037,Utah,San Juan County,2000a,6,923,454,469,173,196,2,0,274,269,1,1,1,0,3,3,175,199,3,0,277,272,1,1,1,0,152,181,2,0,272,267,1,1,1,0,2,3,153,184,3,0,274,270,1,1,1,0,21,15,0,0,2,2,0,0,0,0,1,0,22,15,0,0,3,2,0,0,0,0
050,49,037,Utah,San Juan County,2000,6,954,467,487,178,201,3,0,282,281,1,1,0,0,3,4,181,205,3,0,285,285,1,1,0,0,156,186,3,0,279,279,1,1,0,0,3,4,159,190,3,0,282,283,1,1,0,0,22,15,0,0,3,2,0,0,0,0,0,0,22,15,0,0,3,2,0,0,0,0
050,49,037,Utah,San Juan County,2001,6,770,363,407,144,167,3,0,212,237,2,1,0,0,2,2,146,169,3,0,214,239,2,1,0,0,124,156,3,0,210,236,2,1,0,0,2,2,126,158,3,0,212,238,2,1,0,0,20,11,0,0,2,1,0,0,0,0,0,0,20,11,0,0,2,1,0,0,0,0
050,49,037,Utah,San Juan County,2002,6,775,358,417,127,144,2,0,226,270,0,1,0,0,3,2,130,146,2,0,229,272,0,1,0,0,110,133,2,0,224,268,0,1,0,0,3,2,113,135,2,0,227,270,0,1,0,0,17,11,0,0,2,2,0,0,0,0,0,0,17,11,0,0,2,2,0,0,0,0
050,49,037,Utah,San Juan County,2003,6,727,337,390,117,130,2,0,218,257,0,1,0,0,0,2,117,132,2,0,218,259,0,1,0,0,102,120,2,0,216,256,0,1,0,0,0,2,102,122,2,0,216,258,0,1,0,0,15,10,0,0,2,1,0,0,0,0,0,0,15,10,0,0,2,1,0,0,0,0
050,49,037,Utah,San Juan County,2004,6,762,360,402,138,133,1,0,217,267,0,0,0,0,4,2,142,135,1,0,221,269,0,0,0,0,125,125,1,0,214,265,0,0,0,0,4,2,129,127,1,0,218,267,0,0,0,0,13,8,0,0,3,2,0,0,0,0,0,0,13,8,0,0,3,2,0,0,0,0
050,49,037,Utah,San Juan County,2000c,7,815,405,410,160,153,1,0,239,255,1,0,1,0,3,2,162,154,1,0,242,256,2,2,2,0,143,134,1,0,235,250,1,0,1,0,3,2,145,135,1,0,238,251,2,2,2,0,17,19,0,0,4,5,0,0,0,0,0,0,17,19,0,0,4,5,0,0,0,0
050,49,037,Utah,San Juan County,2000a,7,815,405,410,160,153,1,0,239,255,1,0,1,0,3,2,162,154,1,0,242,256,2,2,2,0,143,134,1,0,235,250,1,0,1,0,3,2,145,135,1,0,238,251,2,2,2,0,17,19,0,0,4,5,0,0,0,0,0,0,17,19,0,0,4,5,0,0,0,0
050,49,037,Utah,San Juan County,2000,7,832,412,420,161,153,1,0,247,265,1,0,0,0,2,2,163,155,1,0,249,267,1,0,0,0,144,134,1,0,243,260,1,0,0,0,2,2,146,136,1,0,245,262,1,0,0,0,17,19,0,0,4,5,0,0,0,0,0,0,17,19,0,0,4,5,0,0,0,0
050,49,037,Utah,San Juan County,2001,7,782,393,389,148,156,1,0,241,232,2,0,0,0,1,1,149,157,1,0,242,233,2,0,0,0,132,136,1,0,238,226,2,0,0,0,1,1,133,137,1,0,239,227,2,0,0,0,16,20,0,0,3,6,0,0,0,0,0,0,16,20,0,0,3,6,0,0,0,0
050,49,037,Utah,San Juan County,2002,7,779,401,378,150,162,2,0,244,216,3,0,0,0,2,0,152,162,2,0,246,216,3,0,0,0,134,144,2,0,240,212,3,0,0,0,2,0,136,144,2,0,242,212,3,0,0,0,16,18,0,0,4,4,0,0,0,0,0,0,16,18,0,0,4,4,0,0,0,0
050,49,037,Utah,San Juan County,2003,7,799,401,398,153,161,2,0,242,237,2,0,0,0,2,0,155,161,2,0,244,237,2,0,0,0,141,148,2,0,239,232,2,0,0,0,2,0,143,148,2,0,241,232,2,0,0,0,12,13,0,0,3,5,0,0,0,0,0,0,12,13,0,0,3,5,0,0,0,0
050,49,037,Utah,San Juan County,2004,7,744,357,387,139,151,3,0,212,234,2,1,0,0,1,1,140,152,3,0,213,235,2,1,0,0,129,142,3,0,211,231,2,1,0,0,1,1,130,143,3,0,212,232,2,1,0,0,10,9,0,0,1,3,0,0,0,0,0,0,10,9,0,0,1,3,0,0,0,0
050,49,037,Utah,San Juan County,2000c,8,981,494,487,219,182,0,0,274,301,0,1,0,0,1,3,220,184,1,0,275,302,1,3,1,1,205,170,0,0,271,298,0,1,0,0,1,3,206,172,1,0,272,299,1,3,1,1,14,12,0,0,3,3,0,0,0,0,0,0,14,12,0,0,3,3,0,0,0,0
050,49,037,Utah,San Juan County,2000a,8,981,494,487,219,182,0,0,274,301,0,1,0,0,1,3,220,184,1,0,275,302,1,3,1,1,205,170,0,0,271,298,0,1,0,0,1,3,206,172,1,0,272,299,1,3,1,1,14,12,0,0,3,3,0,0,0,0,0,0,14,12,0,0,3,3,0,0,0,0
050,49,037,Utah,San Juan County,2000,8,982,496,486,215,179,0,0,276,301,1,1,0,0,4,5,219,184,0,0,280,306,1,1,0,0,201,167,0,0,273,298,1,1,0,0,4,5,205,172,0,0,277,303,1,1,0,0,14,12,0,0,3,3,0,0,0,0,0,0,14,12,0,0,3,3,0,0,0,0
050,49,037,Utah,San Juan County,2001,8,904,459,445,196,155,0,0,258,285,1,1,0,0,4,4,200,159,0,0,262,289,1,1,0,0,185,143,0,0,255,282,1,1,0,0,4,4,189,147,0,0,259,286,1,1,0,0,11,12,0,0,3,3,0,0,0,0,0,0,11,12,0,0,3,3,0,0,0,0
050,49,037,Utah,San Juan County,2002,8,881,442,439,185,146,0,0,252,288,1,1,0,0,4,4,189,150,0,0,256,292,1,1,0,0,171,133,0,0,249,283,1,1,0,0,4,4,175,137,0,0,253,287,1,1,0,0,14,13,0,0,3,5,0,0,0,0,0,0,14,13,0,0,3,5,0,0,0,0
050,49,037,Utah,San Juan County,2003,8,824,401,423,159,146,0,0,239,273,1,0,0,0,2,4,161,150,0,0,241,277,1,0,0,0,148,133,0,0,237,268,1,0,0,0,2,4,150,137,0,0,239,272,1,0,0,0,11,13,0,0,2,5,0,0,0,0,0,0,11,13,0,0,2,5,0,0,0,0
050,49,037,Utah,San Juan County,2004,8,784,401,383,149,139,0,0,246,242,3,0,0,0,3,2,152,141,0,0,249,244,3,0,0,0,137,126,0,0,242,235,3,0,0,0,3,2,140,128,0,0,245,237,3,0,0,0,12,13,0,0,4,7,0,0,0,0,0,0,12,13,0,0,4,7,0,0,0,0
050,49,037,Utah,San Juan County,2000c,9,908,445,463,213,204,2,0,224,253,3,4,1,0,2,2,215,206,2,0,225,255,3,4,2,0,198,194,2,0,224,253,3,4,1,0,2,2,200,196,2,0,225,255,3,4,2,0,15,10,0,0,0,0,0,0,0,0,0,0,15,10,0,0,0,0,0,0,0,0
050,49,037,Utah,San Juan County,2000a,9,908,445,463,213,204,2,0,224,253,3,4,1,0,2,2,215,206,2,0,225,255,3,4,2,0,198,194,2,0,224,253,3,4,1,0,2,2,200,196,2,0,225,255,3,4,2,0,15,10,0,0,0,0,0,0,0,0,0,0,15,10,0,0,0,0,0,0,0,0
050,49,037,Utah,San Juan County,2000,9,909,443,466,211,203,2,0,224,257,3,2,0,0,3,4,214,207,2,0,227,261,3,2,0,0,196,193,2,0,224,257,3,2,0,0,3,4,199,197,2,0,227,261,3,2,0,0,15,10,0,0,0,0,0,0,0,0,0,0,15,10,0,0,0,0,0,0,0,0
050,49,037,Utah,San Juan County,2001,9,875,420,455,196,194,2,0,219,256,0,2,0,0,3,3,199,197,2,0,222,259,0,2,0,0,182,183,2,0,218,256,0,2,0,0,3,3,185,186,2,0,221,259,0,2,0,0,14,11,0,0,1,0,0,0,0,0,0,0,14,11,0,0,1,0,0,0,0,0
050,49,037,Utah,San Juan County,2002,9,864,426,438,191,184,2,0,229,248,0,1,0,0,4,5,195,189,2,0,233,253,0,1,0,0,177,172,2,0,228,248,0,1,0,0,4,5,181,177,2,0,232,253,0,1,0,0,14,12,0,0,1,0,0,0,0,0,0,0,14,12,0,0,1,0,0,0,0,0
050,49,037,Utah,San Juan County,2003,9,880,451,429,198,171,1,0,249,254,0,2,0,0,3,2,201,173,1,0,252,256,0,2,0,0,187,157,1,0,246,254,0,2,0,0,3,2,190,159,1,0,249,256,0,2,0,0,11,14,0,0,3,0,0,0,0,0,0,0,11,14,0,0,3,0,0,0,0,0
050,49,037,Utah,San Juan County,2004,9,916,461,455,201,176,1,0,254,273,1,2,0,0,4,4,205,180,1,0,258,277,1,2,0,0,191,165,1,0,251,273,1,2,0,0,4,4,195,169,1,0,255,277,1,2,0,0,10,11,0,0,3,0,0,0,0,0,0,0,10,11,0,0,3,0,0,0,0,0
050,49,037,Utah,San Juan County,2000c,10,779,369,410,205,212,1,0,159,197,0,1,0,0,4,0,209,212,1,0,163,197,0,1,1,0,200,206,1,0,158,194,0,1,0,0,3,0,203,206,1,0,161,194,0,1,0,0,5,6,0,0,1,3,0,0,0,0,1,0,6,6,0,0,2,3,0,0,1,0
050,49,037,Utah,San Juan County,2000a,10,779,369,410,205,212,1,0,159,197,0,1,0,0,4,0,209,212,1,0,163,197,0,1,1,0,200,206,1,0,158,194,0,1,0,0,3,0,203,206,1,0,161,194,0,1,0,0,5,6,0,0,1,3,0,0,0,0,1,0,6,6,0,0,2,3,0,0,1,0
050,49,037,Utah,San Juan County,2000,10,784,370,414,206,211,1,0,157,198,0,1,0,0,6,4,211,215,2,0,163,202,0,1,0,0,201,205,1,0,156,195,0,1,0,0,6,4,206,209,2,0,162,199,0,1,0,0,5,6,0,0,1,3,0,0,0,0,0,0,5,6,0,0,1,3,0,0,0,0
050,49,037,Utah,San Juan County,2001,10,775,372,403,211,208,1,0,154,191,2,1,0,0,4,3,214,211,2,0,158,194,2,1,0,0,201,201,1,0,154,190,2,1,0,0,4,3,204,204,2,0,158,193,2,1,0,0,10,7,0,0,0,1,0,0,0,0,0,0,10,7,0,0,0,1,0,0,0,0
050,49,037,Utah,San Juan County,2002,10,832,391,441,207,217,1,0,177,219,2,2,0,0,4,3,211,220,1,0,181,222,2,2,0,0,196,210,1,0,177,218,2,2,0,0,4,3,200,213,1,0,181,221,2,2,0,0,11,7,0,0,0,1,0,0,0,0,0,0,11,7,0,0,0,1,0,0,0,0
050,49,037,Utah,San Juan County,2003,10,827,378,449,198,219,2,0,172,226,2,1,1,0,3,3,201,222,2,0,175,229,2,1,1,0,186,213,2,0,172,226,2,1,1,0,3,3,189,216,2,0,175,229,2,1,1,0,12,6,0,0,0,0,0,0,0,0,0,0,12,6,0,0,0,0,0,0,0,0
050,49,037,Utah,San Juan County,2004,10,853,394,459,191,212,1,0,195,241,2,1,1,0,4,5,194,217,1,0,199,246,3,1,1,0,180,204,1,0,195,241,2,1,1,0,4,5,183,209,1,0,199,246,3,1,1,0,11,8,0,0,0,0,0,0,0,0,0,0,11,8,0,0,0,0,0,0,0,0
050,49,037,Utah,San Juan County,2000c,11,677,335,342,182,194,0,0,150,145,0,0,0,0,3,3,185,196,0,0,153,148,0,1,0,0,169,181,0,0,149,144,0,0,0,0,3,3,172,183,0,0,152,147,0,1,0,0,13,13,0,0,1,1,0,0,0,0,0,0,13,13,0,0,1,1,0,0,0,0
050,49,037,Utah,San Juan County,2000a,11,677,335,342,182,194,0,0,150,145,0,0,0,0,3,3,185,196,0,0,153,148,0,1,0,0,169,181,0,0,149,144,0,0,0,0,3,3,172,183,0,0,152,147,0,1,0,0,13,13,0,0,1,1,0,0,0,0,0,0,13,13,0,0,1,1,0,0,0,0
050,49,037,Utah,San Juan County,2000,11,676,335,341,184,195,0,0,147,143,0,0,0,0,4,3,188,198,0,0,151,146,0,0,0,0,171,182,0,0,146,142,0,0,0,0,4,3,175,185,0,0,150,145,0,0,0,0,13,13,0,0,1,1,0,0,0,0,0,0,13,13,0,0,1,1,0,0,0,0
050,49,037,Utah,San Juan County,2001,11,660,320,340,190,192,0,0,127,144,0,0,0,0,3,4,193,196,0,0,130,148,0,0,0,0,178,183,0,0,125,142,0,0,0,0,3,4,181,187,0,0,128,146,0,0,0,0,12,9,0,0,2,2,0,0,0,0,0,0,12,9,0,0,2,2,0,0,0,0
050,49,037,Utah,San Juan County,2002,11,652,319,333,193,172,0,0,123,158,0,0,0,0,3,3,196,175,0,0,126,161,0,0,0,0,182,164,0,0,122,155,0,0,0,0,3,3,185,167,0,0,125,158,0,0,0,0,11,8,0,0,1,3,0,0,0,0,0,0,11,8,0,0,1,3,0,0,0,0
050,49,037,Utah,San Juan County,2003,11,691,353,338,202,176,0,0,147,159,0,1,0,0,4,2,206,178,0,0,151,161,0,1,0,0,195,169,0,0,146,156,0,1,0,0,4,2,199,171,0,0,150,158,0,1,0,0,7,7,0,0,1,3,0,0,0,0,0,0,7,7,0,0,1,3,0,0,0,0
050,49,037,Utah,San Juan County,2004,11,722,340,382,201,196,1,0,133,181,0,1,0,0,5,4,206,200,1,0,138,185,0,1,0,0,197,190,1,0,132,178,0,1,0,0,5,4,202,194,1,0,137,182,0,1,0,0,4,6,0,0,1,3,0,0,0,0,0,0,4,6,0,0,1,3,0,0,0,0
050,49,037,Utah,San Juan County,2000c,12,583,262,321,160,157,0,0,99,162,1,0,0,0,2,2,162,159,0,0,100,163,1,0,1,1,154,155,0,0,97,160,1,0,0,0,2,2,156,157,0,0,98,161,1,0,1,1,6,2,0,0,2,2,0,0,0,0,0,0,6,2,0,0,2,2,0,0,0,0
050,49,037,Utah,San Juan County,2000a,12,583,262,321,160,157,0,0,99,162,1,0,0,0,2,2,162,159,0,0,100,163,1,0,1,1,154,155,0,0,97,160,1,0,0,0,2,2,156,157,0,0,98,161,1,0,1,1,6,2,0,0,2,2,0,0,0,0,0,0,6,2,0,0,2,2,0,0,0,0
050,49,037,Utah,San Juan County,2000,12,577,258,319,161,157,0,0,94,161,1,0,0,0,2,1,163,158,0,0,96,162,1,0,0,0,155,155,0,0,92,159,1,0,0,0,2,1,157,156,0,0,94,160,1,0,0,0,6,2,0,0,2,2,0,0,0,0,0,0,6,2,0,0,2,2,0,0,0,0
050,49,037,Utah,San Juan County,2001,12,547,247,300,160,163,0,0,86,137,0,0,0,0,1,0,161,163,0,0,87,137,0,0,0,0,152,157,0,0,85,135,0,0,0,0,1,0,153,157,0,0,86,135,0,0,0,0,8,6,0,0,1,2,0,0,0,0,0,0,8,6,0,0,1,2,0,0,0,0
050,49,037,Utah,San Juan County,2002,12,597,260,337,160,195,0,0,98,141,0,0,0,0,2,1,162,196,0,0,100,142,0,0,0,0,151,187,0,0,96,140,0,0,0,0,2,1,153,188,0,0,98,141,0,0,0,0,9,8,0,0,2,1,0,0,0,0,0,0,9,8,0,0,2,1,0,0,0,0
050,49,037,Utah,San Juan County,2003,12,578,244,334,156,197,0,0,87,136,0,0,0,0,1,1,157,198,0,0,88,137,0,0,0,0,146,188,0,0,86,134,0,0,0,0,1,1,147,189,0,0,87,135,0,0,0,0,10,9,0,0,1,2,0,0,0,0,0,0,10,9,0,0,1,2,0,0,0,0
050,49,037,Utah,San Juan County,2004,12,613,280,333,165,195,0,0,114,138,0,0,0,0,1,0,166,195,0,0,115,138,0,0,0,0,152,184,0,0,113,136,0,0,0,0,1,0,153,184,0,0,114,136,0,0,0,0,13,11,0,0,1,2,0,0,0,0,0,0,13,11,0,0,1,2,0,0,0,0
050,49,037,Utah,San Juan County,2000c,13,422,199,223,118,128,0,0,80,95,0,0,0,0,1,0,119,128,0,0,81,95,0,0,0,0,113,126,0,0,80,93,0,0,0,0,1,0,114,126,0,0,81,93,0,0,0,0,5,2,0,0,0,2,0,0,0,0,0,0,5,2,0,0,0,2,0,0,0,0
050,49,037,Utah,San Juan County,2000a,13,422,199,223,118,128,0,0,80,95,0,0,0,0,1,0,119,128,0,0,81,95,0,0,0,0,113,126,0,0,80,93,0,0,0,0,1,0,114,126,0,0,81,93,0,0,0,0,5,2,0,0,0,2,0,0,0,0,0,0,5,2,0,0,0,2,0,0,0,0
050,49,037,Utah,San Juan County,2000,13,416,194,222,118,128,0,0,76,93,0,0,0,0,0,1,118,129,0,0,76,94,0,0,0,0,113,126,0,0,76,91,0,0,0,0,0,1,113,127,0,0,76,92,0,0,0,0,5,2,0,0,0,2,0,0,0,0,0,0,5,2,0,0,0,2,0,0,0,0
050,49,037,Utah,San Juan County,2001,13,456,213,243,126,135,0,0,86,107,1,0,0,0,0,1,126,136,0,0,86,108,1,0,0,0,122,133,0,0,85,106,1,0,0,0,0,1,122,134,0,0,85,107,1,0,0,0,4,2,0,0,1,1,0,0,0,0,0,0,4,2,0,0,1,1,0,0,0,0
050,49,037,Utah,San Juan County,2002,13,476,222,254,133,138,0,0,88,115,1,0,0,0,0,1,133,139,0,0,88,116,1,0,0,0,131,136,0,0,87,113,1,0,0,0,0,1,131,137,0,0,87,114,1,0,0,0,2,2,0,0,1,2,0,0,0,0,0,0,2,2,0,0,1,2,0,0,0,0
050,49,037,Utah,San Juan County,2003,13,517,244,273,144,147,0,0,98,126,1,0,0,0,1,0,145,147,0,0,99,126,1,0,0,0,140,144,0,0,96,125,1,0,0,0,1,0,141,144,0,0,97,125,1,0,0,0,4,3,0,0,2,1,0,0,0,0,0,0,4,3,0,0,2,1,0,0,0,0
050,49,037,Utah,San Juan County,2004,13,542,254,288,160,152,0,0,91,134,1,0,0,0,2,2,162,154,0,0,93,136,1,0,0,0,154,149,0,0,89,133,1,0,0,0,2,2,156,151,0,0,91,135,1,0,0,0,6,3,0,0,2,1,0,0,0,0,0,0,6,3,0,0,2,1,0,0,0,0
050,49,037,Utah,San Juan County,2000c,14,372,184,188,122,100,0,0,61,87,0,1,0,0,1,0,123,100,0,0,61,87,0,1,1,0,120,96,0,0,61,87,0,1,0,0,1,0,121,96,0,0,61,87,0,1,1,0,2,4,0,0,0,0,0,0,0,0,0,0,2,4,0,0,0,0,0,0,0,0
050,49,037,Utah,San Juan County,2000a,14,372,184,188,122,100,0,0,61,87,0,1,0,0,1,0,123,100,0,0,61,87,0,1,1,0,120,96,0,0,61,87,0,1,0,0,1,0,121,96,0,0,61,87,0,1,1,0,2,4,0,0,0,0,0,0,0,0,0,0,2,4,0,0,0,0,0,0,0,0
050,49,037,Utah,San Juan County,2000,14,371,183,188,124,102,0,0,59,85,0,1,0,0,0,0,124,102,0,0,59,85,0,1,0,0,122,98,0,0,59,85,0,1,0,0,0,0,122,98,0,0,59,85,0,1,0,0,2,4,0,0,0,0,0,0,0,0,0,0,2,4,0,0,0,0,0,0,0,0
050,49,037,Utah,San Juan County,2001,14,352,159,193,111,106,0,0,48,87,0,0,0,0,0,0,111,106,0,0,48,87,0,0,0,0,109,102,0,0,48,86,0,0,0,0,0,0,109,102,0,0,48,86,0,0,0,0,2,4,0,0,0,1,0,0,0,0,0,0,2,4,0,0,0,1,0,0,0,0
050,49,037,Utah,San Juan County,2002,14,360,167,193,117,100,0,0,49,93,0,0,0,0,1,0,118,100,0,0,50,93,0,0,0,0,113,97,0,0,49,92,0,0,0,0,1,0,114,97,0,0,50,92,0,0,0,0,4,3,0,0,0,1,0,0,0,0,0,0,4,3,0,0,0,1,0,0,0,0
050,49,037,Utah,San Juan County,2003,14,368,173,195,112,106,0,0,61,89,0,0,0,0,0,0,112,106,0,0,61,89,0,0,0,0,108,103,0,0,61,87,0,0,0,0,0,0,108,103,0,0,61,87,0,0,0,0,4,3,0,0,0,2,0,0,0,0,0,0,4,3,0,0,0,2,0,0,0,0
050,49,037,Utah,San Juan County,2004,14,370,176,194,106,108,0,0,70,86,0,0,0,0,0,0,106,108,0,0,70,86,0,0,0,0,102,107,0,0,70,84,0,0,0,0,0,0,102,107,0,0,70,84,0,0,0,0,4,1,0,0,0,2,0,0,0,0,0,0,4,1,0,0,0,2,0,0,0,0
050,49,037,Utah,San Juan County,2000c,15,316,132,184,61,88,0,0,71,96,0,0,0,0,0,0,61,88,0,0,71,96,0,0,0,0,58,81,0,0,71,96,0,0,0,0,0,0,58,81,0,0,71,96,0,0,0,0,3,7,0,0,0,0,0,0,0,0,0,0,3,7,0,0,0,0,0,0,0,0
050,49,037,Utah,San Juan County,2000a,15,316,132,184,61,88,0,0,71,96,0,0,0,0,0,0,61,88,0,0,71,96,0,0,0,0,58,81,0,0,71,96,0,0,0,0,0,0,58,81,0,0,71,96,0,0,0,0,3,7,0,0,0,0,0,0,0,0,0,0,3,7,0,0,0,0,0,0,0,0
050,49,037,Utah,San Juan County,2000,15,313,130,183,61,89,0,0,69,94,0,0,0,0,0,0,61,89,0,0,69,94,0,0,0,0,58,82,0,0,69,94,0,0,0,0,0,0,58,82,0,0,69,94,0,0,0,0,3,7,0,0,0,0,0,0,0,0,0,0,3,7,0,0,0,0,0,0,0,0
050,49,037,Utah,San Juan County,2001,15,320,143,177,76,89,0,0,67,88,0,0,0,0,0,0,76,89,0,0,67,88,0,0,0,0,75,83,0,0,67,88,0,0,0,0,0,0,75,83,0,0,67,88,0,0,0,0,1,6,0,0,0,0,0,0,0,0,0,0,1,6,0,0,0,0,0,0,0,0
050,49,037,Utah,San Juan County,2002,15,346,162,184,92,98,0,0,70,85,0,1,0,0,0,0,92,98,0,0,70,85,0,1,0,0,90,94,0,0,70,85,0,1,0,0,0,0,90,94,0,0,70,85,0,1,0,0,2,4,0,0,0,0,0,0,0,0,0,0,2,4,0,0,0,0,0,0,0,0
050,49,037,Utah,San Juan County,2003,15,338,163,175,101,86,0,0,62,88,0,1,0,0,0,0,101,86,0,0,62,88,0,1,0,0,99,83,0,0,62,88,0,1,0,0,0,0,99,83,0,0,62,88,0,1,0,0,2,3,0,0,0,0,0,0,0,0,0,0,2,3,0,0,0,0,0,0,0,0
050,49,037,Utah,San Juan County,2004,15,321,152,169,94,83,0,0,58,85,0,1,0,0,0,0,94,83,0,0,58,85,0,1,0,0,93,79,0,0,58,85,0,1,0,0,0,0,93,79,0,0,58,85,0,1,0,0,1,4,0,0,0,0,0,0,0,0,0,0,1,4,0,0,0,0,0,0,0,0
050,49,037,Utah,San Juan County,2000c,16,239,126,113,85,67,0,0,41,46,0,0,0,0,0,0,85,67,0,0,41,46,0,0,0,0,81,65,0,0,41,46,0,0,0,0,0,0,81,65,0,0,41,46,0,0,0,0,4,2,0,0,0,0,0,0,0,0,0,0,4,2,0,0,0,0,0,0,0,0
050,49,037,Utah,San Juan County,2000a,16,239,126,113,85,67,0,0,41,46,0,0,0,0,0,0,85,67,0,0,41,46,0,0,0,0,81,65,0,0,41,46,0,0,0,0,0,0,81,65,0,0,41,46,0,0,0,0,4,2,0,0,0,0,0,0,0,0,0,0,4,2,0,0,0,0,0,0,0,0
050,49,037,Utah,San Juan County,2000,16,237,127,110,87,69,0,0,40,41,0,0,0,0,0,0,87,69,0,0,40,41,0,0,0,0,83,67,0,0,40,41,0,0,0,0,0,0,83,67,0,0,40,41,0,0,0,0,4,2,0,0,0,0,0,0,0,0,0,0,4,2,0,0,0,0,0,0,0,0
050,49,037,Utah,San Juan County,2001,16,242,129,113,79,68,0,0,50,45,0,0,0,0,0,0,79,68,0,0,50,45,0,0,0,0,76,65,0,0,50,45,0,0,0,0,0,0,76,65,0,0,50,45,0,0,0,0,3,3,0,0,0,0,0,0,0,0,0,0,3,3,0,0,0,0,0,0,0,0
050,49,037,Utah,San Juan County,2002,16,250,123,127,68,65,0,0,55,62,0,0,0,0,0,0,68,65,0,0,55,62,0,0,0,0,66,60,0,0,55,62,0,0,0,0,0,0,66,60,0,0,55,62,0,0,0,0,2,5,0,0,0,0,0,0,0,0,0,0,2,5,0,0,0,0,0,0,0,0
050,49,037,Utah,San Juan County,2003,16,242,109,133,58,69,0,0,51,64,0,0,0,0,0,0,58,69,0,0,51,64,0,0,0,0,56,63,0,0,51,64,0,0,0,0,0,0,56,63,0,0,51,64,0,0,0,0,2,6,0,0,0,0,0,0,0,0,0,0,2,6,0,0,0,0,0,0,0,0
050,49,037,Utah,San Juan County,2004,16,251,107,144,47,75,0,0,60,69,0,0,0,0,0,0,47,75,0,0,60,69,0,0,0,0,45,68,0,0,60,69,0,0,0,0,0,0,45,68,0,0,60,69,0,0,0,0,2,7,0,0,0,0,0,0,0,0,0,0,2,7,0,0,0,0,0,0,0,0
050,49,037,Utah,San Juan County,2000c,17,149,59,90,32,68,0,0,27,22,0,0,0,0,0,0,32,68,0,0,27,22,0,0,0,0,32,67,0,0,27,22,0,0,0,0,0,0,32,67,0,0,27,22,0,0,0,0,0,1,0,0,0,0,0,0,0,0,0,0,0,1,0,0,0,0,0,0,0,0
050,49,037,Utah,San Juan County,2000a,17,149,59,90,32,68,0,0,27,22,0,0,0,0,0,0,32,68,0,0,27,22,0,0,0,0,32,67,0,0,27,22,0,0,0,0,0,0,32,67,0,0,27,22,0,0,0,0,0,1,0,0,0,0,0,0,0,0,0,0,0,1,0,0,0,0,0,0,0,0
050,49,037,Utah,San Juan County,2000,17,149,59,90,34,70,0,0,25,20,0,0,0,0,0,0,34,70,0,0,25,20,0,0,0,0,34,69,0,0,25,20,0,0,0,0,0,0,34,69,0,0,25,20,0,0,0,0,0,1,0,0,0,0,0,0,0,0,0,0,0,1,0,0,0,0,0,0,0,0
050,49,037,Utah,San Juan County,2001,17,157,71,86,43,66,0,0,28,20,0,0,0,0,0,0,43,66,0,0,28,20,0,0,0,0,41,65,0,0,28,20,0,0,0,0,0,0,41,65,0,0,28,20,0,0,0,0,2,1,0,0,0,0,0,0,0,0,0,0,2,1,0,0,0,0,0,0,0,0
050,49,037,Utah,San Juan County,2002,17,154,71,83,39,60,0,0,32,23,0,0,0,0,0,0,39,60,0,0,32,23,0,0,0,0,36,58,0,0,32,23,0,0,0,0,0,0,36,58,0,0,32,23,0,0,0,0,3,2,0,0,0,0,0,0,0,0,0,0,3,2,0,0,0,0,0,0,0,0
050,49,037,Utah,San Juan County,2003,17,161,77,84,41,58,0,0,36,26,0,0,0,0,0,0,41,58,0,0,36,26,0,0,0,0,38,56,0,0,36,26,0,0,0,0,0,0,38,56,0,0,36,26,0,0,0,0,3,2,0,0,0,0,0,0,0,0,0,0,3,2,0,0,0,0,0,0,0,0
050,49,037,Utah,San Juan County,2004,17,171,91,80,55,51,0,0,36,29,0,0,0,0,0,0,55,51,0,0,36,29,0,0,0,0,51,50,0,0,36,29,0,0,0,0,0,0,51,50,0,0,36,29,0,0,0,0,4,1,0,0,0,0,0,0,0,0,0,0,4,1,0,0,0,0,0,0,0,0
050,49,037,Utah,San Juan County,2000c,18,138,66,72,30,41,0,0,36,31,0,0,0,0,0,0,30,41,0,0,36,31,0,0,0,0,29,39,0,0,35,31,0,0,0,0,0,0,29,39,0,0,35,31,0,0,0,0,1,2,0,0,1,0,0,0,0,0,0,0,1,2,0,0,1,0,0,0,0,0
050,49,037,Utah,San Juan County,2000a,18,138,66,72,30,41,0,0,36,31,0,0,0,0,0,0,30,41,0,0,36,31,0,0,0,0,29,39,0,0,35,31,0,0,0,0,0,0,29,39,0,0,35,31,0,0,0,0,1,2,0,0,1,0,0,0,0,0,0,0,1,2,0,0,1,0,0,0,0,0
050,49,037,Utah,San Juan County,2000,18,136,65,71,31,42,0,0,34,29,0,0,0,0,0,0,31,42,0,0,34,29,0,0,0,0,30,40,0,0,33,29,0,0,0,0,0,0,30,40,0,0,33,29,0,0,0,0,1,2,0,0,1,0,0,0,0,0,0,0,1,2,0,0,1,0,0,0,0,0
050,49,037,Utah,San Juan County,2001,18,130,55,75,26,47,0,0,29,28,0,0,0,0,0,0,26,47,0,0,29,28,0,0,0,0,26,46,0,0,28,28,0,0,0,0,0,0,26,46,0,0,28,28,0,0,0,0,0,1,0,0,1,0,0,0,0,0,0,0,0,1,0,0,1,0,0,0,0,0
050,49,037,Utah,San Juan County,2002,18,140,60,80,35,57,0,0,25,23,0,0,0,0,0,0,35,57,0,0,25,23,0,0,0,0,35,56,0,0,24,23,0,0,0,0,0,0,35,56,0,0,24,23,0,0,0,0,0,1,0,0,1,0,0,0,0,0,0,0,0,1,0,0,1,0,0,0,0,0
050,49,037,Utah,San Juan County,2003,18,140,62,78,37,59,0,0,25,19,0,0,0,0,0,0,37,59,0,0,25,19,0,0,0,0,37,58,0,0,24,19,0,0,0,0,0,0,37,58,0,0,24,19,0,0,0,0,0,1,0,0,1,0,0,0,0,0,0,0,0,1,0,0,1,0,0,0,0,0
050,49,037,Utah,San Juan County,2004,18,136,59,77,34,59,0,0,25,18,0,0,0,0,0,0,34,59,0,0,25,18,0,0,0,0,34,57,0,0,24,18,0,0,0,0,0,0,34,57,0,0,24,18,0,0,0,0,0,2,0,0,1,0,0,0,0,0,0,0,0,2,0,0,1,0,0,0,0,0
050,49,039,Utah,Sanpete County,2000c,0,22763,11519,11244,11110,10937,67,12,132,92,43,68,71,30,96,105,11203,11040,77,23,192,150,65,96,87,46,10295,10332,56,5,110,81,43,68,57,21,88,97,10381,10428,66,15,163,134,64,94,71,35,815,605,11,7,22,11,0,0,14,9,8,8,822,612,11,8,29,16,1,2,16,11
050,49,039,Utah,Sanpete County,2000a,0,22763,11519,11244,11110,10937,67,12,132,92,43,68,71,30,96,105,11203,11040,77,23,192,150,65,96,87,46,10295,10332,56,5,110,81,43,68,57,21,88,97,10381,10428,66,15,163,134,64,94,71,35,815,605,11,7,22,11,0,0,14,9,8,8,822,612,11,8,29,16,1,2,16,11
050,49,039,Utah,Sanpete County,2000,0,22809,11550,11259,11156,10986,69,15,134,95,53,48,72,51,66,64,11222,11050,73,19,179,140,67,61,75,53,10334,10378,58,8,110,82,51,48,60,42,65,63,10399,10441,62,12,154,126,65,61,63,44,822,608,11,7,24,13,2,0,12,9,1,1,823,609,11,7,25,14,2,0,12,9
050,49,039,Utah,Sanpete County,2001,0,23210,11765,11445,11329,11133,75,18,144,104,64,59,79,62,74,69,11403,11202,77,22,195,151,79,75,85,64,10460,10486,64,9,120,92,58,57,65,53,73,68,10533,10554,66,13,170,138,73,73,71,55,869,647,11,9,24,12,6,2,14,9,1,1,870,648,11,9,25,13,6,2,14,9
050,49,039,Utah,Sanpete County,2002,0,23364,11879,11485,11438,11148,73,21,147,102,67,73,81,63,73,78,11511,11226,76,26,194,152,86,92,86,68,10514,10463,62,11,122,89,61,70,65,57,70,74,10584,10537,65,16,166,135,80,89,70,62,924,685,11,10,25,13,6,3,16,6,3,4,927,689,11,10,28,17,6,3,16,6
050,49,039,Utah,Sanpete County,2003,0,23560,12062,11498,11603,11171,77,18,146,94,71,76,88,66,77,73,11680,11244,82,23,195,137,91,97,92,71,10604,10439,66,8,122,82,64,75,69,58,75,71,10679,10510,71,13,169,123,84,96,73,63,999,732,11,10,24,12,7,1,19,8,2,2,1001,734,11,10,26,14,7,1,19,8
050,49,039,Utah,Sanpete County,2004,0,23649,12189,11460,11707,11133,87,21,141,90,79,78,92,68,83,70,11790,11203,93,26,193,129,101,100,96,74,10716,10438,74,9,116,78,70,77,72,61,79,68,10795,10506,80,14,164,115,92,99,76,67,991,695,13,12,25,12,9,1,20,7,4,2,995,697,13,12,29,14,9,1,20,7
050,49,039,Utah,Sanpete County,2000c,1,1897,988,909,968,877,2,0,4,11,0,2,8,5,6,14,974,891,3,2,6,17,2,6,10,8,865,768,2,0,4,10,0,2,6,3,5,13,870,781,3,2,6,16,1,5,7,5,103,109,0,0,0,1,0,0,2,2,1,1,104,110,0,0,0,1,1,1,3,3
050,49,039,Utah,Sanpete County,2000a,1,1897,988,909,968,877,2,0,4,11,0,2,8,5,6,14,974,891,3,2,6,17,2,6,10,8,865,768,2,0,4,10,0,2,6,3,5,13,870,781,3,2,6,16,1,5,7,5,103,109,0,0,0,1,0,0,2,2,1,1,104,110,0,0,0,1,1,1,3,3
050,49,039,Utah,Sanpete County,2000,1,1913,1000,913,973,885,2,0,3,11,3,3,6,4,13,10,986,895,5,0,8,17,7,7,7,4,869,775,2,0,3,10,2,3,4,3,13,10,882,785,5,0,8,16,6,7,5,3,104,110,0,0,0,1,1,0,2,1,0,0,104,110,0,0,0,1,1,0,2,1
050,49,039,Utah,Sanpete County,2001,1,1984,1036,948,1009,916,3,0,5,10,3,4,5,5,11,13,1020,929,5,1,9,17,7,8,6,6,896,798,3,0,5,9,2,4,4,4,11,12,907,810,5,1,9,15,6,8,5,5,113,118,0,0,0,1,1,0,1,1,0,1,113,119,0,0,0,2,1,0,1,1
050,49,039,Utah,Sanpete County,2002,1,1996,1038,958,1013,928,2,1,5,8,2,4,4,6,12,11,1025,939,5,2,9,13,6,8,5,7,884,802,2,1,5,7,2,4,4,5,12,10,896,812,5,2,9,11,6,8,5,6,129,126,0,0,0,1,0,0,0,1,0,1,129,127,0,0,0,2,0,0,0,1
050,49,039,Utah,Sanpete County,2003,1,1954,1058,896,1031,875,3,0,6,6,2,3,4,4,12,8,1043,883,6,0,10,11,6,6,5,4,897,754,3,0,6,5,2,3,3,3,12,7,909,761,6,0,10,9,6,6,4,3,134,121,0,0,0,1,0,0,1,1,0,1,134,122,0,0,0,2,0,0,1,1
050,49,039,Utah,Sanpete County,2004,1,1858,1017,841,993,828,2,0,6,4,2,2,3,3,11,4,1004,832,6,0,10,5,5,5,3,3,868,714,2,0,6,3,2,2,3,3,11,4,879,718,6,0,10,4,5,5,3,3,125,114,0,0,0,1,0,0,0,0,0,0,125,114,0,0,0,1,0,0,0,0
050,49,039,Utah,Sanpete County,2000c,2,2026,1028,998,993,968,1,6,12,7,0,0,7,5,15,12,1008,980,2,8,20,13,4,4,9,5,907,891,0,3,9,6,0,0,6,3,15,12,922,903,1,5,17,12,4,4,8,3,86,77,1,3,3,1,0,0,1,2,0,0,86,77,1,3,3,1,0,0,1,2
050,49,039,Utah,Sanpete County,2000a,2,2026,1028,998,993,968,1,6,12,7,0,0,7,5,15,12,1008,980,2,8,20,13,4,4,9,5,907,891,0,3,9,6,0,0,6,3,15,12,922,903,1,5,17,12,4,4,8,3,86,77,1,3,3,1,0,0,1,2,0,0,86,77,1,3,3,1,0,0,1,2
050,49,039,Utah,Sanpete County,2000,2,2027,1028,999,994,966,1,7,13,7,2,2,8,5,10,12,1004,978,2,11,19,13,4,4,9,5,908,889,0,4,10,6,2,2,7,3,10,12,918,901,1,8,16,12,4,4,8,3,86,77,1,3,3,1,0,0,1,2,0,0,86,77,1,3,3,1,0,0,1,2
050,49,039,Utah,Sanpete County,2001,2,1983,1023,960,988,929,1,5,14,10,3,1,6,4,11,11,999,940,1,8,20,16,6,3,8,4,880,853,1,3,11,9,3,1,6,2,11,11,891,864,1,6,17,15,6,3,8,2,108,76,0,2,3,1,0,0,0,2,0,0,108,76,0,2,3,1,0,0,0,2
050,49,039,Utah,Sanpete County,2002,2,1941,1014,927,978,897,1,4,11,10,4,0,9,4,11,12,989,909,1,6,16,16,9,4,10,4,870,817,1,2,9,10,3,0,7,2,11,12,881,829,1,4,14,16,8,4,8,2,108,80,0,2,2,0,1,0,2,2,0,0,108,80,0,2,2,0,1,0,2,2
050,49,039,Utah,Sanpete County,2003,2,1936,1001,935,966,906,1,2,9,9,5,2,8,5,12,11,978,917,3,4,14,15,9,5,9,5,859,818,1,1,8,9,4,1,6,3,12,11,871,829,3,3,13,15,8,4,7,3,107,88,0,1,1,0,1,1,2,2,0,0,107,88,0,1,1,0,1,1,2,2
050,49,039,Utah,Sanpete County,2004,2,1880,991,889,962,862,2,0,3,8,5,2,8,6,11,11,973,873,4,2,7,13,10,6,8,6,853,776,2,0,3,8,4,2,7,3,11,11,864,787,4,2,7,13,9,6,7,3,109,86,0,0,0,0,1,0,1,3,0,0,109,86,0,0,0,0,1,0,1,3
050,49,039,Utah,Sanpete County,2000c,3,2119,1061,1058,1025,1023,1,3,16,12,3,5,8,2,8,13,1033,1036,2,5,20,19,5,7,10,6,957,964,1,1,15,9,3,5,8,2,8,11,965,975,2,3,19,14,5,7,10,6,68,59,0,2,1,3,0,0,0,0,0,2,68,61,0,2,1,5,0,0,0,0
050,49,039,Utah,Sanpete County,2000a,3,2119,1061,1058,1025,1023,1,3,16,12,3,5,8,2,8,13,1033,1036,2,5,20,19,5,7,10,6,957,964,1,1,15,9,3,5,8,2,8,11,965,975,2,3,19,14,5,7,10,6,68,59,0,2,1,3,0,0,0,0,0,2,68,61,0,2,1,5,0,0,0,0
050,49,039,Utah,Sanpete County,2000,3,2126,1065,1061,1026,1027,1,3,14,13,4,3,8,6,12,9,1038,1036,1,3,21,20,8,5,9,6,958,967,1,1,13,9,4,3,8,6,12,8,970,975,1,1,20,15,8,5,9,6,68,60,0,2,1,4,0,0,0,0,0,1,68,61,0,2,1,5,0,0,0,0
050,49,039,Utah,Sanpete County,2001,3,2088,1054,1034,1018,1003,2,3,13,10,3,4,7,7,11,7,1029,1010,2,3,19,15,6,6,9,7,960,934,1,2,12,7,3,4,7,6,11,7,971,941,1,2,18,12,6,6,9,6,58,69,1,1,1,3,0,0,0,1,0,0,58,69,1,1,1,3,0,0,0,1
050,49,039,Utah,Sanpete County,2002,3,2083,1053,1030,1017,995,2,4,14,10,3,4,7,6,10,11,1027,1006,2,6,21,16,5,6,8,7,951,921,1,3,12,7,3,4,7,6,9,10,960,931,1,5,18,12,5,6,8,7,66,74,1,1,2,3,0,0,0,0,1,1,67,75,1,1,3,4,0,0,0,0
050,49,039,Utah,Sanpete County,2003,3,2047,1028,1019,988,981,1,6,15,10,3,4,8,6,13,12,1001,993,1,9,22,15,8,7,9,7,905,897,0,4,13,8,3,4,8,6,13,12,918,909,0,7,20,13,8,7,9,7,83,84,1,2,2,2,0,0,0,0,0,0,83,84,1,2,2,2,0,0,0,0
050,49,039,Utah,Sanpete County,2004,3,1965,976,989,942,956,1,7,13,11,3,2,8,3,9,10,951,966,1,10,19,16,6,4,8,3,855,879,0,4,10,9,3,2,7,3,9,10,864,889,0,7,16,14,6,4,7,3,87,77,1,3,3,2,0,0,1,0,0,0,87,77,1,3,3,2,0,0,1,0
050,49,039,Utah,Sanpete County,2000c,4,3170,1426,1744,1375,1692,8,2,13,8,11,15,5,3,14,24,1389,1715,11,4,21,19,14,23,8,8,1272,1611,6,1,11,8,11,15,1,3,14,21,1286,1632,9,3,19,17,14,22,4,7,103,81,2,1,2,0,0,0,4,0,0,3,103,83,2,1,2,2,0,1,4,1
050,49,039,Utah,Sanpete County,2000a,4,3170,1426,1744,1375,1692,8,2,13,8,11,15,5,3,14,24,1389,1715,11,4,21,19,14,23,8,8,1272,1611,6,1,11,8,11,15,1,3,14,21,1286,1632,9,3,19,17,14,22,4,7,103,81,2,1,2,0,0,0,4,0,0,3,103,83,2,1,2,2,0,1,4,1
050,49,039,Utah,Sanpete County,2000,4,3149,1420,1729,1369,1684,9,3,14,10,7,9,12,12,9,11,1378,1695,9,3,20,17,10,12,12,13,1267,1604,7,2,12,10,7,9,8,11,9,11,1276,1615,7,2,18,17,10,12,8,12,102,80,2,1,2,0,0,0,4,1,0,0,102,80,2,1,2,0,0,0,4,1
050,49,039,Utah,Sanpete County,2001,4,2850,1410,1440,1359,1390,7,6,16,14,7,8,11,10,10,12,1369,1402,7,6,23,21,10,13,11,10,1257,1318,6,3,14,13,6,8,8,10,10,12,1267,1330,6,3,21,20,9,13,8,10,102,72,1,3,2,1,1,0,3,0,0,0,102,72,1,3,2,1,1,0,3,0
050,49,039,Utah,Sanpete County,2002,4,2569,1293,1276,1244,1227,6,6,18,15,4,8,11,9,10,11,1254,1238,6,6,25,22,7,11,11,10,1136,1155,5,4,16,13,3,8,8,9,10,11,1146,1166,5,4,23,20,6,11,8,10,108,72,1,2,2,2,1,0,3,0,0,0,108,72,1,2,2,2,1,0,3,0
050,49,039,Utah,Sanpete County,2003,4,2375,1195,1180,1150,1139,7,3,14,12,5,9,10,9,9,8,1159,1147,7,3,21,17,7,12,10,9,1052,1069,6,1,12,9,4,9,8,9,9,8,1061,1077,6,1,19,14,6,12,8,9,98,70,1,2,2,3,1,0,2,0,0,0,98,70,1,2,2,3,1,0,2,0
050,49,039,Utah,Sanpete County,2004,4,2331,1173,1158,1127,1114,6,3,11,11,5,8,12,11,12,11,1139,1125,6,3,18,17,9,12,13,12,1032,1047,5,1,10,8,5,8,9,11,12,10,1044,1057,5,1,17,13,9,12,10,12,95,67,1,2,1,3,0,0,3,0,0,1,95,68,1,2,1,4,0,0,3,0
050,49,039,Utah,Sanpete County,2000c,5,2085,1154,931,1068,890,15,0,20,8,16,21,21,6,14,6,1081,896,17,2,28,9,19,24,23,6,961,832,11,0,18,7,16,21,19,4,12,6,972,838,13,2,24,8,19,24,21,4,107,58,4,0,2,1,0,0,2,2,2,0,109,58,4,0,4,1,0,0,2,2
050,49,039,Utah,Sanpete County,2000a,5,2085,1154,931,1068,890,15,0,20,8,16,21,21,6,14,6,1081,896,17,2,28,9,19,24,23,6,961,832,11,0,18,7,16,21,19,4,12,6,972,838,13,2,24,8,19,24,21,4,107,58,4,0,2,1,0,0,2,2,2,0,109,58,4,0,4,1,0,0,2,2
050,49,039,Utah,Sanpete County,2000,5,2097,1159,938,1078,901,16,1,21,7,17,11,20,12,7,6,1085,907,16,1,27,10,18,13,20,13,969,843,12,1,19,6,17,11,19,10,7,6,976,849,12,1,25,9,18,13,19,11,109,58,4,0,2,1,0,0,1,2,0,0,109,58,4,0,2,1,0,0,1,2
050,49,039,Utah,Sanpete County,2001,5,2683,1301,1382,1203,1336,20,1,20,6,22,15,26,17,10,7,1213,1343,20,1,27,9,24,18,27,18,1086,1267,15,1,18,6,21,15,22,14,10,7,1096,1274,15,1,25,9,23,18,23,15,117,69,5,0,2,0,1,0,4,3,0,0,117,69,5,0,2,0,1,0,4,3
050,49,039,Utah,Sanpete County,2002,5,3062,1465,1597,1363,1538,21,2,20,6,22,21,26,19,13,11,1376,1549,21,2,27,11,27,26,28,21,1233,1463,16,1,19,6,21,20,22,17,12,11,1245,1474,16,1,25,11,26,25,24,19,130,75,5,1,1,0,1,1,4,2,1,0,131,75,5,1,2,0,1,1,4,2
050,49,039,Utah,Sanpete County,2003,5,3273,1556,1717,1451,1653,20,3,21,6,25,21,27,20,12,14,1463,1667,20,3,28,10,30,28,28,24,1296,1568,15,2,19,6,23,21,24,18,11,14,1307,1582,15,2,25,10,28,28,25,22,155,85,5,1,2,0,2,0,3,2,1,0,156,85,5,1,3,0,2,0,3,2
050,49,039,Utah,Sanpete County,2004,5,3355,1554,1801,1441,1735,20,5,22,7,27,22,28,18,16,14,1457,1749,20,5,30,12,33,29,31,22,1295,1658,16,4,20,7,25,21,24,17,15,14,1310,1672,16,4,27,12,31,28,27,21,146,77,4,1,2,0,2,1,4,1,1,0,147,77,4,1,3,0,2,1,4,1
050,49,039,Utah,Sanpete County,2000c,6,1210,679,531,649,513,3,0,10,3,4,5,7,3,6,7,654,520,4,0,12,8,7,7,8,3,559,465,3,0,6,3,4,5,5,1,5,7,564,472,4,0,7,8,7,7,5,1,90,48,0,0,4,0,0,0,2,2,1,0,90,48,0,0,5,0,0,0,3,2
050,49,039,Utah,Sanpete County,2000a,6,1210,679,531,649,513,3,0,10,3,4,5,7,3,6,7,654,520,4,0,12,8,7,7,8,3,559,465,3,0,6,3,4,5,5,1,5,7,564,472,4,0,7,8,7,7,5,1,90,48,0,0,4,0,0,0,2,2,1,0,90,48,0,0,5,0,0,0,3,2
050,49,039,Utah,Sanpete County,2000,6,1225,688,537,662,525,3,0,11,5,6,3,5,3,1,1,663,526,3,0,12,6,6,3,5,3,569,476,3,0,6,5,6,3,4,1,1,1,570,477,3,0,7,6,6,3,4,1,93,49,0,0,5,0,0,0,1,2,0,0,93,49,0,0,5,0,0,0,1,2
050,49,039,Utah,Sanpete County,2001,6,1299,722,577,683,548,4,0,16,10,9,9,8,7,2,3,685,551,4,0,18,13,9,9,8,7,586,494,4,0,11,9,8,8,6,6,2,3,588,497,4,0,13,12,8,8,6,6,97,54,0,0,5,1,1,1,2,1,0,0,97,54,0,0,5,1,1,1,2,1
050,49,039,Utah,Sanpete County,2002,6,1365,765,600,720,571,4,0,17,8,12,9,9,7,3,5,723,576,4,0,20,12,12,10,9,7,630,522,4,0,11,7,10,9,7,6,3,4,633,526,4,0,14,10,10,10,7,6,90,49,0,0,6,1,2,0,2,1,0,1,90,50,0,0,6,2,2,0,2,1
050,49,039,Utah,Sanpete County,2003,6,1576,929,647,877,615,3,0,18,7,13,12,15,9,3,4,880,619,3,0,21,9,13,14,15,9,767,556,3,0,13,6,11,12,9,7,3,4,770,560,3,0,16,8,11,14,9,7,110,59,0,0,5,1,2,0,6,2,0,0,110,59,0,0,5,1,2,0,6,2
050,49,039,Utah,Sanpete County,2004,6,1776,1075,701,1009,662,7,0,23,5,15,15,14,13,7,6,1016,668,7,0,29,8,16,17,14,14,897,608,5,0,17,4,12,15,9,11,6,5,903,613,5,0,22,6,13,17,9,12,112,54,2,0,6,1,3,0,5,2,1,1,113,55,2,0,7,2,3,0,5,2
050,49,039,Utah,Sanpete County,2000c,7,1155,627,528,590,511,12,0,13,5,1,6,6,1,5,5,594,516,12,1,17,6,2,9,7,3,520,464,10,0,11,4,1,6,5,1,5,4,524,468,10,0,15,5,2,9,6,3,70,47,2,0,2,1,0,0,1,0,0,1,70,48,2,1,2,1,0,0,1,0
050,49,039,Utah,Sanpete County,2000a,7,1155,627,528,590,511,12,0,13,5,1,6,6,1,5,5,594,516,12,1,17,6,2,9,7,3,520,464,10,0,11,4,1,6,5,1,5,4,524,468,10,0,15,5,2,9,6,3,70,47,2,0,2,1,0,0,1,0,0,1,70,48,2,1,2,1,0,0,1,0
050,49,039,Utah,Sanpete County,2000,7,1157,629,528,593,515,12,0,13,5,3,6,5,2,3,0,596,515,12,0,16,5,3,6,5,2,523,467,10,0,11,4,2,6,4,2,3,0,526,467,10,0,14,4,2,6,4,2,70,48,2,0,2,1,1,0,1,0,0,0,70,48,2,0,2,1,1,0,1,0
050,49,039,Utah,Sanpete County,2001,7,1182,637,545,599,529,12,2,13,3,4,6,5,4,4,1,603,530,12,2,17,4,4,6,5,4,527,483,10,0,11,3,3,6,4,3,4,1,531,484,10,0,15,4,3,6,4,3,72,46,2,2,2,0,1,0,1,1,0,0,72,46,2,2,2,0,1,0,1,1
050,49,039,Utah,Sanpete County,2002,7,1194,648,546,612,524,12,2,12,5,6,10,6,4,0,1,612,525,12,2,12,6,6,10,6,4,528,468,10,0,10,5,6,9,5,4,0,1,528,469,10,0,10,6,6,9,5,4,84,56,2,2,2,0,0,1,1,0,0,0,84,56,2,2,2,0,0,1,1,0
050,49,039,Utah,Sanpete County,2003,7,1198,634,564,598,543,14,2,11,6,5,8,5,4,1,1,599,544,14,2,12,7,5,8,5,4,514,481,12,0,8,6,5,8,4,4,1,1,515,482,12,0,9,7,5,8,4,4,84,62,2,2,3,0,0,0,1,0,0,0,84,62,2,2,3,0,0,0,1,0
050,49,039,Utah,Sanpete County,2004,7,1201,672,529,629,506,18,2,9,5,10,9,6,6,0,1,629,507,18,2,9,6,10,9,6,6,554,451,15,0,6,5,8,9,5,5,0,1,554,452,15,0,6,6,8,9,5,5,75,55,3,2,3,0,2,0,1,1,0,0,75,55,3,2,3,0,2,0,1,1
050,49,039,Utah,Sanpete County,2000c,8,1303,711,592,676,582,10,0,16,6,1,1,2,1,6,2,682,584,10,0,21,8,3,1,2,1,612,543,9,0,13,5,1,1,2,1,4,2,616,545,9,0,16,7,3,1,2,1,64,39,1,0,3,1,0,0,0,0,2,0,66,39,1,0,5,1,0,0,0,0
050,49,039,Utah,Sanpete County,2000a,8,1303,711,592,676,582,10,0,16,6,1,1,2,1,6,2,682,584,10,0,21,8,3,1,2,1,612,543,9,0,13,5,1,1,2,1,4,2,616,545,9,0,16,7,3,1,2,1,64,39,1,0,3,1,0,0,0,0,2,0,66,39,1,0,5,1,0,0,0,0
050,49,039,Utah,Sanpete County,2000,8,1295,707,588,675,577,10,0,17,6,2,1,1,0,2,4,677,581,10,0,19,10,2,1,1,0,610,538,9,0,13,5,2,1,1,0,2,4,612,542,9,0,15,9,2,1,1,0,65,39,1,0,4,1,0,0,0,0,0,0,65,39,1,0,4,1,0,0,0,0
050,49,039,Utah,Sanpete County,2001,8,1240,679,561,643,547,10,0,18,7,3,2,1,2,4,3,647,550,10,0,22,10,3,2,1,2,580,499,9,0,15,6,2,2,0,2,4,3,584,502,9,0,19,9,2,2,0,2,63,48,1,0,3,1,1,0,1,0,0,0,63,48,1,0,3,1,1,0,1,0
050,49,039,Utah,Sanpete County,2002,8,1224,683,541,646,525,10,1,18,6,3,4,1,2,5,3,651,528,10,1,23,9,3,4,1,2,584,478,9,0,16,5,3,4,0,2,5,3,589,481,9,0,21,8,3,4,0,2,62,47,1,1,2,1,0,0,1,0,0,0,62,47,1,1,2,1,0,0,1,0
050,49,039,Utah,Sanpete County,2003,8,1201,685,516,645,499,11,1,19,6,3,5,2,3,5,2,650,501,11,1,24,8,3,5,2,3,581,452,10,0,17,5,3,5,1,3,5,2,586,454,10,0,22,7,3,5,1,3,64,47,1,1,2,1,0,0,1,0,0,0,64,47,1,1,2,1,0,0,1,0
050,49,039,Utah,Sanpete County,2004,8,1197,692,505,647,488,13,3,21,5,4,5,2,2,5,2,652,490,13,3,26,7,4,5,2,2,574,443,12,0,19,4,4,5,2,2,5,2,579,445,12,0,24,6,4,5,2,2,73,45,1,3,2,1,0,0,0,0,0,0,73,45,1,3,2,1,0,0,0,0
050,49,039,Utah,Sanpete County,2000c,9,1294,680,614,647,594,9,0,13,12,1,3,4,1,6,4,653,597,10,0,18,13,1,5,5,3,605,567,9,0,10,10,1,3,3,1,6,4,611,570,10,0,15,11,1,5,4,3,42,27,0,0,3,2,0,0,1,0,0,0,42,27,0,0,3,2,0,0,1,0
050,49,039,Utah,Sanpete County,2000a,9,1294,680,614,647,594,9,0,13,12,1,3,4,1,6,4,653,597,10,0,18,13,1,5,5,3,605,567,9,0,10,10,1,3,3,1,6,4,611,570,10,0,15,11,1,5,4,3,42,27,0,0,3,2,0,0,1,0,0,0,42,27,0,0,3,2,0,0,1,0
050,49,039,Utah,Sanpete County,2000,9,1294,680,614,647,596,9,0,13,10,3,2,3,3,5,3,652,599,9,0,18,13,3,2,3,3,605,569,9,0,10,8,3,2,2,3,4,3,609,572,9,0,14,11,3,2,2,3,42,27,0,0,3,2,0,0,1,0,1,0,43,27,0,0,4,2,0,0,1,0
050,49,039,Utah,Sanpete County,2001,9,1303,708,595,675,580,9,0,13,9,3,1,4,2,4,3,679,583,9,0,17,12,3,1,4,2,623,550,9,0,9,8,3,1,2,2,3,3,626,553,9,0,12,11,3,1,2,2,52,30,0,0,4,1,0,0,2,0,1,0,53,30,0,0,5,1,0,0,2,0
050,49,039,Utah,Sanpete County,2002,9,1322,727,595,694,582,9,0,14,7,2,2,4,2,4,2,698,584,9,0,18,9,2,2,4,2,641,545,9,0,10,6,2,2,2,2,3,2,644,547,9,0,13,8,2,2,2,2,53,37,0,0,4,1,0,0,2,0,1,0,54,37,0,0,5,1,0,0,2,0
050,49,039,Utah,Sanpete County,2003,9,1322,720,602,685,591,11,0,13,6,3,2,4,1,4,2,689,593,11,0,17,8,3,2,4,1,623,550,11,0,9,5,3,2,2,1,3,2,626,552,11,0,12,7,3,2,2,1,62,41,0,0,4,1,0,0,2,0,1,0,63,41,0,0,5,1,0,0,2,0
050,49,039,Utah,Sanpete County,2004,9,1302,706,596,678,585,11,0,10,6,2,2,4,1,1,2,679,587,11,0,11,8,2,2,4,1,614,544,11,0,8,5,2,2,2,1,1,2,615,546,11,0,9,7,2,2,2,1,64,41,0,0,2,1,0,0,2,0,0,0,64,41,0,0,2,1,0,0,2,0
050,49,039,Utah,Sanpete County,2000c,10,1327,689,638,673,623,2,0,8,9,2,2,0,0,4,4,677,627,2,0,10,13,3,2,2,0,632,604,2,0,6,8,2,2,0,0,4,3,636,607,2,0,8,11,3,2,2,0,41,19,0,0,2,1,0,0,0,0,0,1,41,20,0,0,2,2,0,0,0,0
050,49,039,Utah,Sanpete County,2000a,10,1327,689,638,673,623,2,0,8,9,2,2,0,0,4,4,677,627,2,0,10,13,3,2,2,0,632,604,2,0,6,8,2,2,0,0,4,3,636,607,2,0,8,11,3,2,2,0,41,19,0,0,2,1,0,0,0,0,0,1,41,20,0,0,2,2,0,0,0,0
050,49,039,Utah,Sanpete County,2000,10,1335,692,643,676,628,2,0,8,10,3,0,2,0,1,5,677,633,2,0,9,15,3,0,2,0,635,609,2,0,6,8,3,0,2,0,1,5,636,614,2,0,7,13,3,0,2,0,41,19,0,0,2,2,0,0,0,0,0,0,41,19,0,0,2,2,0,0,0,0
050,49,039,Utah,Sanpete County,2001,10,1305,648,657,630,639,3,0,8,10,3,2,2,1,2,5,632,644,3,0,10,15,3,2,2,1,594,618,3,0,7,7,3,2,2,1,2,5,596,623,3,0,9,12,3,2,2,1,36,21,0,0,1,3,0,0,0,0,0,0,36,21,0,0,1,3,0,0,0,0
050,49,039,Utah,Sanpete County,2002,10,1290,628,662,606,641,2,0,9,12,5,2,4,1,2,6,608,647,2,0,11,18,5,2,4,1,571,617,2,0,7,9,4,2,3,1,2,5,573,622,2,0,9,14,4,2,3,1,35,24,0,0,2,3,1,0,1,0,0,1,35,25,0,0,2,4,1,0,1,0
050,49,039,Utah,Sanpete County,2003,10,1270,644,626,621,607,2,0,11,10,4,3,3,2,3,4,624,611,2,0,14,14,4,3,3,2,584,582,2,0,9,8,3,3,2,2,3,4,587,586,2,0,12,12,3,3,2,2,37,25,0,0,2,2,1,0,1,0,0,0,37,25,0,0,2,2,1,0,1,0
050,49,039,Utah,Sanpete County,2004,10,1261,663,598,636,580,3,0,11,9,4,3,5,3,4,3,640,583,3,0,15,12,4,3,5,3,602,558,3,0,7,7,3,3,2,3,3,3,605,561,3,0,10,10,3,3,2,3,34,22,0,0,4,2,1,0,3,0,1,0,35,22,0,0,5,2,1,0,3,0
050,49,039,Utah,Sanpete County,2000c,11,1063,535,528,523,516,1,1,4,3,1,3,0,1,6,4,529,520,1,1,10,7,2,3,0,1,505,496,1,0,4,3,1,3,0,1,5,4,510,500,1,0,9,7,2,3,0,1,18,20,0,1,0,0,0,0,0,0,1,0,19,20,0,1,1,0,0,0,0,0
050,49,039,Utah,Sanpete County,2000a,11,1063,535,528,523,516,1,1,4,3,1,3,0,1,6,4,529,520,1,1,10,7,2,3,0,1,505,496,1,0,4,3,1,3,0,1,5,4,510,500,1,0,9,7,2,3,0,1,18,20,0,1,0,0,0,0,0,0,1,0,19,20,0,1,1,0,0,0,0,0
050,49,039,Utah,Sanpete County,2000,11,1071,538,533,530,522,1,1,4,4,0,3,1,1,2,2,532,524,1,1,6,6,0,3,1,1,512,502,1,0,4,4,0,3,1,1,2,2,514,504,1,0,6,6,0,3,1,1,18,20,0,1,0,0,0,0,0,0,0,0,18,20,0,1,0,0,0,0,0,0
050,49,039,Utah,Sanpete County,2001,11,1148,588,560,577,547,1,1,5,6,1,2,1,1,3,3,580,550,1,1,8,9,1,2,1,1,552,527,1,0,4,6,1,2,1,1,3,3,555,530,1,0,7,9,1,2,1,1,25,20,0,1,1,0,0,0,0,0,0,0,25,20,0,1,1,0,0,0,0,0
050,49,039,Utah,Sanpete County,2002,11,1160,599,561,589,548,1,1,6,6,1,2,0,1,2,3,591,551,1,1,8,9,1,2,0,1,560,530,1,0,4,5,1,2,0,1,2,3,562,533,1,0,6,8,1,2,0,1,29,18,0,1,2,1,0,0,0,0,0,0,29,18,0,1,2,1,0,0,0,0
050,49,039,Utah,Sanpete County,2003,11,1201,624,577,614,564,1,1,4,6,1,2,2,0,2,4,616,568,1,1,6,10,1,2,2,0,580,550,1,0,3,5,1,2,2,0,2,3,582,553,1,0,5,8,1,2,2,0,34,14,0,1,1,1,0,0,0,0,0,1,34,15,0,1,1,2,0,0,0,0
050,49,039,Utah,Sanpete County,2004,11,1228,624,604,610,588,1,1,8,8,1,3,1,0,3,4,613,592,1,1,11,12,1,3,1,0,576,570,1,0,6,7,1,3,1,0,2,4,578,574,1,0,8,11,1,3,1,0,34,18,0,1,2,1,0,0,0,0,1,0,35,18,0,1,3,1,0,0,0,0
050,49,039,Utah,Sanpete County,2000c,12,876,437,439,429,429,3,0,1,6,0,1,2,1,2,2,431,431,3,0,3,8,0,1,2,1,424,423,2,0,1,6,0,1,2,1,2,2,426,425,2,0,3,8,0,1,2,1,5,6,1,0,0,0,0,0,0,0,0,0,5,6,1,0,0,0,0,0,0,0
050,49,039,Utah,Sanpete County,2000a,12,876,437,439,429,429,3,0,1,6,0,1,2,1,2,2,431,431,3,0,3,8,0,1,2,1,424,423,2,0,1,6,0,1,2,1,2,2,426,425,2,0,3,8,0,1,2,1,5,6,1,0,0,0,0,0,0,0,0,0,5,6,1,0,0,0,0,0,0,0
050,49,039,Utah,Sanpete County,2000,12,875,436,439,431,430,3,0,1,5,0,2,0,1,1,1,432,431,3,0,2,6,0,2,0,1,426,424,2,0,1,5,0,2,0,1,1,1,427,425,2,0,2,6,0,2,0,1,5,6,1,0,0,0,0,0,0,0,0,0,5,6,1,0,0,0,0,0,0,0
050,49,039,Utah,Sanpete County,2001,12,873,431,442,425,432,3,0,1,6,0,2,1,1,1,1,426,433,3,0,2,7,0,2,1,1,418,425,2,0,1,6,0,2,1,1,1,1,419,426,2,0,2,7,0,2,1,1,7,7,1,0,0,0,0,0,0,0,0,0,7,7,1,0,0,0,0,0,0,0
050,49,039,Utah,Sanpete County,2002,12,884,444,440,440,428,3,0,1,7,0,2,0,1,0,2,440,430,3,0,1,9,0,2,0,1,430,420,2,0,1,7,0,2,0,1,0,2,430,422,2,0,1,9,0,2,0,1,10,8,1,0,0,0,0,0,0,0,0,0,10,8,1,0,0,0,0,0,0,0
050,49,039,Utah,Sanpete County,2003,12,912,448,464,442,452,3,0,2,7,0,1,0,1,1,3,443,455,3,0,3,10,0,1,0,1,430,436,2,0,2,7,0,1,0,1,1,3,431,439,2,0,3,10,0,1,0,1,12,16,1,0,0,0,0,0,0,0,0,0,12,16,1,0,0,0,0,0,0,0
050,49,039,Utah,Sanpete County,2004,12,955,471,484,464,474,3,0,1,6,0,1,1,1,2,2,466,476,3,0,3,8,0,1,1,1,450,456,2,0,1,6,0,1,1,1,2,2,452,458,2,0,3,8,0,1,1,1,14,18,1,0,0,0,0,0,0,0,0,0,14,18,1,0,0,0,0,0,0,0
050,49,039,Utah,Sanpete County,2000c,13,775,380,395,377,391,0,0,1,0,2,0,0,1,0,3,377,394,0,0,1,3,2,0,0,1,369,387,0,0,1,0,2,0,0,0,0,3,369,390,0,0,1,3,2,0,0,0,8,4,0,0,0,0,0,0,0,1,0,0,8,4,0,0,0,0,0,0,0,1
050,49,039,Utah,Sanpete County,2000a,13,775,380,395,377,391,0,0,1,0,2,0,0,1,0,3,377,394,0,0,1,3,2,0,0,1,369,387,0,0,1,0,2,0,0,0,0,3,369,390,0,0,1,3,2,0,0,0,8,4,0,0,0,0,0,0,0,1,0,0,8,4,0,0,0,0,0,0,0,1
050,49,039,Utah,Sanpete County,2000,13,774,380,394,377,393,0,0,1,0,2,0,0,1,0,0,377,393,0,0,1,0,2,0,0,1,369,389,0,0,1,0,2,0,0,0,0,0,369,389,0,0,1,0,2,0,0,0,8,4,0,0,0,0,0,0,0,1,0,0,8,4,0,0,0,0,0,0,0,1
050,49,039,Utah,Sanpete County,2001,13,758,378,380,376,378,0,0,1,0,1,2,0,0,0,0,376,378,0,0,1,0,1,2,0,0,368,374,0,0,1,0,1,1,0,0,0,0,368,374,0,0,1,0,1,1,0,0,8,4,0,0,0,0,0,1,0,0,0,0,8,4,0,0,0,0,0,1,0,0
050,49,039,Utah,Sanpete County,2002,13,770,375,395,373,393,0,0,1,0,1,2,0,0,0,0,373,393,0,0,1,0,1,2,0,0,365,387,0,0,1,0,1,1,0,0,0,0,365,387,0,0,1,0,1,1,0,0,8,6,0,0,0,0,0,1,0,0,0,0,8,6,0,0,0,0,0,1,0,0
050,49,039,Utah,Sanpete County,2003,13,774,381,393,379,390,0,0,1,1,1,2,0,0,0,0,379,390,0,0,1,1,1,2,0,0,374,383,0,0,1,1,1,2,0,0,0,0,374,383,0,0,1,1,1,2,0,0,5,7,0,0,0,0,0,0,0,0,0,0,5,7,0,0,0,0,0,0,0,0
050,49,039,Utah,Sanpete County,2004,13,797,399,398,396,393,0,0,1,3,1,2,0,0,1,0,397,393,0,0,2,3,1,2,0,0,389,387,0,0,1,3,1,2,0,0,1,0,390,387,0,0,2,3,1,2,0,0,7,6,0,0,0,0,0,0,0,0,0,0,7,6,0,0,0,0,0,0,0,0
050,49,039,Utah,Sanpete County,2000c,14,678,348,330,343,328,0,0,1,1,0,0,1,0,3,1,346,329,0,0,4,2,0,0,1,0,339,323,0,0,1,1,0,0,0,0,2,1,341,324,0,0,3,2,0,0,0,0,4,5,0,0,0,0,0,0,1,0,1,0,5,5,0,0,1,0,0,0,1,0
050,49,039,Utah,Sanpete County,2000a,14,678,348,330,343,328,0,0,1,1,0,0,1,0,3,1,346,329,0,0,4,2,0,0,1,0,339,323,0,0,1,1,0,0,0,0,2,1,341,324,0,0,3,2,0,0,0,0,4,5,0,0,0,0,0,0,1,0,1,0,5,5,0,0,1,0,0,0,1,0
050,49,039,Utah,Sanpete County,2000,14,677,347,330,345,329,0,0,1,1,0,0,1,0,0,0,345,329,0,0,1,1,0,0,1,0,340,324,0,0,1,1,0,0,0,0,0,0,340,324,0,0,1,1,0,0,0,0,5,5,0,0,0,0,0,0,1,0,0,0,5,5,0,0,0,0,0,0,1,0
050,49,039,Utah,Sanpete County,2001,14,715,364,351,362,350,0,0,0,1,1,0,1,0,0,0,362,350,0,0,0,1,1,0,1,0,359,344,0,0,0,1,1,0,1,0,0,0,359,344,0,0,0,1,1,0,1,0,3,6,0,0,0,0,0,0,0,0,0,0,3,6,0,0,0,0,0,0,0,0
050,49,039,Utah,Sanpete County,2002,14,713,360,353,359,353,0,0,0,0,1,0,0,0,0,0,359,353,0,0,0,0,1,0,0,0,358,347,0,0,0,0,1,0,0,0,0,0,358,347,0,0,0,0,1,0,0,0,1,6,0,0,0,0,0,0,0,0,0,0,1,6,0,0,0,0,0,0,0,0
050,49,039,Utah,Sanpete County,2003,14,726,356,370,356,369,0,0,0,0,0,0,0,1,0,0,356,369,0,0,0,0,0,0,0,1,352,364,0,0,0,0,0,0,0,0,0,0,352,364,0,0,0,0,0,0,0,0,4,5,0,0,0,0,0,0,0,1,0,0,4,5,0,0,0,0,0,0,0,1
050,49,039,Utah,Sanpete County,2004,14,744,361,383,360,383,0,0,1,0,0,0,0,0,0,0,360,383,0,0,1,0,0,0,0,0,355,378,0,0,1,0,0,0,0,0,0,0,355,378,0,0,1,0,0,0,0,0,5,5,0,0,0,0,0,0,0,0,0,0,5,5,0,0,0,0,0,0,0,0
050,49,039,Utah,Sanpete County,2000c,15,637,306,331,305,329,0,0,0,1,0,0,0,0,1,1,306,330,0,0,1,2,0,0,0,0,303,326,0,0,0,1,0,0,0,0,1,1,304,327,0,0,1,2,0,0,0,0,2,3,0,0,0,0,0,0,0,0,0,0,2,3,0,0,0,0,0,0,0,0
050,49,039,Utah,Sanpete County,2000a,15,637,306,331,305,329,0,0,0,1,0,0,0,0,1,1,306,330,0,0,1,2,0,0,0,0,303,326,0,0,0,1,0,0,0,0,1,1,304,327,0,0,1,2,0,0,0,0,2,3,0,0,0,0,0,0,0,0,0,0,2,3,0,0,0,0,0,0,0,0
050,49,039,Utah,Sanpete County,2000,15,638,306,332,306,331,0,0,0,1,0,0,0,0,0,0,306,331,0,0,0,1,0,0,0,0,304,328,0,0,0,1,0,0,0,0,0,0,304,328,0,0,0,1,0,0,0,0,2,3,0,0,0,0,0,0,0,0,0,0,2,3,0,0,0,0,0,0,0,0
050,49,039,Utah,Sanpete County,2001,15,632,301,331,299,330,0,0,1,1,0,0,0,0,1,0,300,330,0,0,2,1,0,0,0,0,295,327,0,0,1,1,0,0,0,0,1,0,296,327,0,0,2,1,0,0,0,0,4,3,0,0,0,0,0,0,0,0,0,0,4,3,0,0,0,0,0,0,0,0
050,49,039,Utah,Sanpete County,2002,15,645,309,336,307,334,0,0,1,2,0,0,0,0,1,0,308,334,0,0,2,2,0,0,0,0,301,331,0,0,1,2,0,0,0,0,1,0,302,331,0,0,2,2,0,0,0,0,6,3,0,0,0,0,0,0,0,0,0,0,6,3,0,0,0,0,0,0,0,0
050,49,039,Utah,Sanpete County,2003,15,643,318,325,316,323,0,0,2,2,0,0,0,0,0,0,316,323,0,0,2,2,0,0,0,0,312,319,0,0,2,2,0,0,0,0,0,0,312,319,0,0,2,2,0,0,0,0,4,4,0,0,0,0,0,0,0,0,0,0,4,4,0,0,0,0,0,0,0,0
050,49,039,Utah,Sanpete County,2004,15,621,314,307,312,305,0,0,1,2,0,0,0,0,1,0,313,305,0,0,2,2,0,0,0,0,307,300,0,0,1,2,0,0,0,0,1,0,308,300,0,0,2,2,0,0,0,0,5,5,0,0,0,0,0,0,0,0,0,0,5,5,0,0,0,0,0,0,0,0
050,49,039,Utah,Sanpete County,2000c,16,474,204,270,204,268,0,0,0,0,0,0,0,0,0,2,204,270,0,0,0,2,0,0,0,0,201,267,0,0,0,0,0,0,0,0,0,2,201,269,0,0,0,2,0,0,0,0,3,1,0,0,0,0,0,0,0,0,0,0,3,1,0,0,0,0,0,0,0,0
050,49,039,Utah,Sanpete County,2000a,16,474,204,270,204,268,0,0,0,0,0,0,0,0,0,2,204,270,0,0,0,2,0,0,0,0,201,267,0,0,0,0,0,0,0,0,0,2,201,269,0,0,0,2,0,0,0,0,3,1,0,0,0,0,0,0,0,0,0,0,3,1,0,0,0,0,0,0,0,0
050,49,039,Utah,Sanpete County,2000,16,474,205,269,205,269,0,0,0,0,0,0,0,0,0,0,205,269,0,0,0,0,0,0,0,0,202,268,0,0,0,0,0,0,0,0,0,0,202,268,0,0,0,0,0,0,0,0,3,1,0,0,0,0,0,0,0,0,0,0,3,1,0,0,0,0,0,0,0,0
050,49,039,Utah,Sanpete County,2001,16,472,213,259,213,258,0,0,0,1,0,0,0,0,0,0,213,258,0,0,0,1,0,0,0,0,210,257,0,0,0,1,0,0,0,0,0,0,210,257,0,0,0,1,0,0,0,0,3,1,0,0,0,0,0,0,0,0,0,0,3,1,0,0,0,0,0,0,0,0
050,49,039,Utah,Sanpete County,2002,16,469,218,251,218,251,0,0,0,0,0,0,0,0,0,0,218,251,0,0,0,0,0,0,0,0,214,250,0,0,0,0,0,0,0,0,0,0,214,250,0,0,0,0,0,0,0,0,4,1,0,0,0,0,0,0,0,0,0,0,4,1,0,0,0,0,0,0,0,0
050,49,039,Utah,Sanpete County,2003,16,502,240,262,240,262,0,0,0,0,0,0,0,0,0,0,240,262,0,0,0,0,0,0,0,0,236,261,0,0,0,0,0,0,0,0,0,0,236,261,0,0,0,0,0,0,0,0,4,1,0,0,0,0,0,0,0,0,0,0,4,1,0,0,0,0,0,0,0,0
050,49,039,Utah,Sanpete County,2004,16,529,248,281,248,281,0,0,0,0,0,0,0,0,0,0,248,281,0,0,0,0,0,0,0,0,244,279,0,0,0,0,0,0,0,0,0,0,244,279,0,0,0,0,0,0,0,0,4,2,0,0,0,0,0,0,0,0,0,0,4,2,0,0,0,0,0,0,0,0
050,49,039,Utah,Sanpete County,2000c,17,348,154,194,154,191,0,0,0,0,0,2,0,0,0,1,154,192,0,0,0,1,0,2,0,0,154,190,0,0,0,0,0,2,0,0,0,1,154,191,0,0,0,1,0,2,0,0,0,1,0,0,0,0,0,0,0,0,0,0,0,1,0,0,0,0,0,0,0,0
050,49,039,Utah,Sanpete County,2000a,17,348,154,194,154,191,0,0,0,0,0,2,0,0,0,1,154,192,0,0,0,1,0,2,0,0,154,190,0,0,0,0,0,2,0,0,0,1,154,191,0,0,0,1,0,2,0,0,0,1,0,0,0,0,0,0,0,0,0,0,0,1,0,0,0,0,0,0,0,0
050,49,039,Utah,Sanpete County,2000,17,352,156,196,156,194,0,0,0,0,0,2,0,0,0,0,156,194,0,0,0,0,0,2,0,0,156,193,0,0,0,0,0,2,0,0,0,0,156,193,0,0,0,0,0,2,0,0,0,1,0,0,0,0,0,0,0,0,0,0,0,1,0,0,0,0,0,0,0,0
050,49,039,Utah,Sanpete County,2001,17,373,166,207,166,207,0,0,0,0,0,0,0,0,0,0,166,207,0,0,0,0,0,0,0,0,166,205,0,0,0,0,0,0,0,0,0,0,166,205,0,0,0,0,0,0,0,0,0,2,0,0,0,0,0,0,0,0,0,0,0,2,0,0,0,0,0,0,0,0
050,49,039,Utah,Sanpete County,2002,17,361,155,206,155,205,0,0,0,0,0,1,0,0,0,0,155,205,0,0,0,0,0,1,0,0,155,203,0,0,0,0,0,1,0,0,0,0,155,203,0,0,0,0,0,1,0,0,0,2,0,0,0,0,0,0,0,0,0,0,0,2,0,0,0,0,0,0,0,0
050,49,039,Utah,Sanpete County,2003,17,318,126,192,126,192,0,0,0,0,0,0,0,0,0,0,126,192,0,0,0,0,0,0,0,0,125,190,0,0,0,0,0,0,0,0,0,0,125,190,0,0,0,0,0,0,0,0,1,2,0,0,0,0,0,0,0,0,0,0,1,2,0,0,0,0,0,0,0,0
050,49,039,Utah,Sanpete County,2004,17,322,128,194,128,194,0,0,0,0,0,0,0,0,0,0,128,194,0,0,0,0,0,0,0,0,127,193,0,0,0,0,0,0,0,0,0,0,127,193,0,0,0,0,0,0,0,0,1,1,0,0,0,0,0,0,0,0,0,0,1,1,0,0,0,0,0,0,0,0
050,49,039,Utah,Sanpete County,2000c,18,326,112,214,111,212,0,0,0,0,1,2,0,0,0,0,111,212,0,0,0,0,1,2,0,0,110,211,0,0,0,0,1,2,0,0,0,0,110,211,0,0,0,0,1,2,0,0,1,1,0,0,0,0,0,0,0,0,0,0,1,1,0,0,0,0,0,0,0,0
050,49,039,Utah,Sanpete County,2000a,18,326,112,214,111,212,0,0,0,0,1,2,0,0,0,0,111,212,0,0,0,0,1,2,0,0,110,211,0,0,0,0,1,2,0,0,0,0,110,211,0,0,0,0,1,2,0,0,1,1,0,0,0,0,0,0,0,0,0,0,1,1,0,0,0,0,0,0,0,0
050,49,039,Utah,Sanpete County,2000,18,330,114,216,113,214,0,0,0,0,1,1,0,1,0,0,113,214,0,0,0,0,1,1,0,1,112,213,0,0,0,0,1,1,0,1,0,0,112,213,0,0,0,0,1,1,0,1,1,1,0,0,0,0,0,0,0,0,0,0,1,1,0,0,0,0,0,0,0,0
050,49,039,Utah,Sanpete County,2001,18,322,106,216,104,214,0,0,0,0,1,1,1,1,0,0,104,214,0,0,0,0,1,1,1,1,103,213,0,0,0,0,1,1,1,1,0,0,103,213,0,0,0,0,1,1,1,1,1,1,0,0,0,0,0,0,0,0,0,0,1,1,0,0,0,0,0,0,0,0
050,49,039,Utah,Sanpete County,2002,18,316,105,211,104,208,0,0,0,0,1,2,0,1,0,0,104,208,0,0,0,0,1,2,0,1,103,207,0,0,0,0,1,2,0,1,0,0,103,207,0,0,0,0,1,2,0,1,1,1,0,0,0,0,0,0,0,0,0,0,1,1,0,0,0,0,0,0,0,0
050,49,039,Utah,Sanpete County,2003,18,332,119,213,118,210,0,0,0,0,1,2,0,1,0,0,118,210,0,0,0,0,1,2,0,1,117,209,0,0,0,0,1,2,0,1,0,0,117,209,0,0,0,0,1,2,0,1,1,1,0,0,0,0,0,0,0,0,0,0,1,1,0,0,0,0,0,0,0,0
050,49,039,Utah,Sanpete County,2004,18,327,125,202,125,199,0,0,0,0,0,2,0,1,0,0,125,199,0,0,0,0,0,2,0,1,124,197,0,0,0,0,0,2,0,1,0,0,124,197,0,0,0,0,0,2,0,1,1,2,0,0,0,0,0,0,0,0,0,0,1,2,0,0,0,0,0,0,0,0
050,49,041,Utah,Sevier County,2000c,0,18842,9384,9458,9076,9113,29,25,197,192,9,40,5,12,68,76,9140,9187,34,32,252,244,18,54,10,20,8856,8909,26,23,177,171,8,40,5,11,66,69,8918,8976,31,29,230,217,17,54,10,19,220,204,3,2,20,21,1,0,0,1,2,7,222,211,3,3,22,27,1,0,0,1
050,49,041,Utah,Sevier County,2000a,0,18842,9384,9458,9076,9113,29,25,197,192,9,40,5,12,68,76,9140,9187,34,32,252,244,18,54,10,20,8856,8909,26,23,177,171,8,40,5,11,66,69,8918,8976,31,29,230,217,17,54,10,19,220,204,3,2,20,21,1,0,0,1,2,7,222,211,3,3,22,27,1,0,0,1
050,49,041,Utah,Sevier County,2000,0,18881,9407,9474,9112,9147,32,25,202,196,14,40,3,11,44,55,9156,9202,32,31,245,240,15,45,3,11,8890,8938,29,23,182,173,13,40,3,10,44,53,8934,8991,29,29,225,215,14,45,3,10,222,209,3,2,20,23,1,0,0,1,0,2,222,211,3,2,20,25,1,0,0,1
050,49,041,Utah,Sevier County,2001,0,19047,9502,9545,9215,9226,28,25,197,186,16,43,2,8,44,57,9259,9283,28,31,239,231,18,49,2,8,8957,8991,25,23,176,164,15,42,2,8,44,56,9001,9047,25,29,218,208,17,48,2,8,258,235,3,2,21,22,1,1,0,0,0,1,258,236,3,2,21,23,1,1,0,0
050,49,041,Utah,Sevier County,2002,0,19118,9548,9570,9262,9255,28,26,193,182,16,44,3,9,46,54,9308,9309,28,31,237,224,18,51,3,9,8986,9013,25,23,172,156,15,44,3,9,46,52,9032,9065,25,28,216,196,17,51,3,9,276,242,3,3,21,26,1,0,0,0,0,2,276,244,3,3,21,28,1,0,0,0
050,49,041,Utah,Sevier County,2003,0,19169,9565,9604,9294,9303,28,26,182,175,14,41,4,9,43,50,9337,9353,28,31,222,213,17,48,4,9,9022,9062,25,23,162,151,13,41,3,9,42,49,9064,9111,25,28,201,188,16,48,3,9,272,241,3,3,20,24,1,0,1,0,1,1,273,242,3,3,21,25,1,0,1,0
050,49,041,Utah,Sevier County,2004,0,19455,9694,9761,9427,9451,28,26,178,172,18,46,4,11,39,55,9466,9506,29,32,214,214,20,53,4,11,9162,9223,25,23,158,146,17,46,4,11,39,53,9201,9276,26,29,194,186,19,53,4,11,265,228,3,3,20,26,1,0,0,0,0,2,265,230,3,3,20,28,1,0,0,0
050,49,041,Utah,Sevier County,2000c,1,1667,834,833,799,788,1,4,24,20,1,6,1,2,8,13,807,801,3,8,29,24,2,10,2,4,769,745,1,4,23,16,1,6,1,2,7,13,776,758,3,8,27,20,2,10,2,4,30,43,0,0,1,4,0,0,0,0,1,0,31,43,0,0,2,4,0,0,0,0
050,49,041,Utah,Sevier County,2000a,1,1667,834,833,799,788,1,4,24,20,1,6,1,2,8,13,807,801,3,8,29,24,2,10,2,4,769,745,1,4,23,16,1,6,1,2,7,13,776,758,3,8,27,20,2,10,2,4,30,43,0,0,1,4,0,0,0,0,1,0,31,43,0,0,2,4,0,0,0,0
050,49,041,Utah,Sevier County,2000,1,1681,840,841,806,794,2,5,23,19,2,5,0,5,7,13,813,807,2,8,29,25,3,9,0,5,775,751,2,5,22,16,2,5,0,5,7,13,782,764,2,8,28,22,3,9,0,5,31,43,0,0,1,3,0,0,0,0,0,0,31,43,0,0,1,3,0,0,0,0
050,49,041,Utah,Sevier County,2001,1,1698,850,848,815,810,1,2,24,17,3,4,1,4,6,11,821,821,1,4,29,22,4,8,1,4,776,768,1,2,23,14,3,4,1,4,6,11,782,779,1,4,28,19,4,8,1,4,39,42,0,0,1,3,0,0,0,0,0,0,39,42,0,0,1,3,0,0,0,0
050,49,041,Utah,Sevier County,2002,1,1683,841,842,807,809,1,1,22,16,3,3,1,3,7,10,814,819,1,2,27,22,5,6,1,3,770,771,1,1,22,12,3,3,1,3,7,9,777,780,1,2,27,17,5,6,1,3,37,38,0,0,0,4,0,0,0,0,0,1,37,39,0,0,0,5,0,0,0,0
050,49,041,Utah,Sevier County,2003,1,1640,824,816,795,790,1,0,18,17,2,2,1,2,7,5,802,795,1,0,23,20,4,4,1,2,767,762,1,0,18,12,2,2,1,2,7,5,774,767,1,0,23,15,4,4,1,2,28,28,0,0,0,5,0,0,0,0,0,0,28,28,0,0,0,5,0,0,0,0
050,49,041,Utah,Sevier County,2004,1,1612,812,800,789,776,0,0,14,17,2,1,1,1,6,5,795,781,0,0,18,21,4,2,1,1,766,762,0,0,14,12,2,1,1,1,6,5,772,767,0,0,18,16,4,2,1,1,23,14,0,0,0,5,0,0,0,0,0,0,23,14,0,0,0,5,0,0,0,0
050,49,041,Utah,Sevier County,2000c,2,1665,857,808,828,768,2,4,17,21,0,2,0,0,10,13,837,781,4,6,24,31,2,2,0,1,810,744,1,4,14,17,0,2,0,0,10,10,819,754,3,6,21,24,2,2,0,1,18,24,1,0,3,4,0,0,0,0,0,3,18,27,1,0,3,7,0,0,0,0
050,49,041,Utah,Sevier County,2000a,2,1665,857,808,828,768,2,4,17,21,0,2,0,0,10,13,837,781,4,6,24,31,2,2,0,1,810,744,1,4,14,17,0,2,0,0,10,10,819,754,3,6,21,24,2,2,0,1,18,24,1,0,3,4,0,0,0,0,0,3,18,27,1,0,3,7,0,0,0,0
050,49,041,Utah,Sevier County,2000,2,1657,853,804,826,768,3,3,19,21,0,2,0,0,5,10,831,778,3,6,24,28,0,2,0,0,808,741,2,3,16,17,0,2,0,0,5,9,813,750,2,6,21,23,0,2,0,0,18,27,1,0,3,4,0,0,0,0,0,1,18,28,1,0,3,5,0,0,0,0
050,49,041,Utah,Sevier County,2001,2,1652,864,788,843,753,2,4,14,18,0,3,0,0,5,10,848,763,2,6,19,25,0,4,0,0,824,723,1,4,13,14,0,3,0,0,5,9,829,732,1,6,18,20,0,4,0,0,19,30,1,0,1,4,0,0,0,0,0,1,19,31,1,0,1,5,0,0,0,0
050,49,041,Utah,Sevier County,2002,2,1645,861,784,841,752,2,5,13,11,0,4,0,2,5,10,846,762,2,8,18,16,0,6,0,2,818,716,1,5,12,8,0,4,0,2,5,10,823,726,1,8,17,13,0,6,0,2,23,36,1,0,1,3,0,0,0,0,0,0,23,36,1,0,1,3,0,0,0,0
050,49,041,Utah,Sevier County,2003,2,1637,827,810,805,777,0,5,16,12,0,3,0,2,6,11,811,788,0,8,21,17,1,6,0,2,779,738,0,5,15,9,0,3,0,2,6,11,785,749,0,8,20,14,1,6,0,2,26,39,0,0,1,3,0,0,0,0,0,0,26,39,0,0,1,3,0,0,0,0
050,49,041,Utah,Sevier County,2004,2,1637,809,828,783,792,1,4,18,11,1,5,0,4,6,12,789,804,2,7,23,16,1,9,0,4,760,749,1,4,17,9,1,5,0,4,6,12,766,761,2,7,22,14,1,9,0,4,23,43,0,0,1,2,0,0,0,0,0,0,23,43,0,0,1,2,0,0,0,0
050,49,041,Utah,Sevier County,2000c,3,1803,923,880,886,831,3,6,21,25,0,2,0,2,13,14,899,845,3,7,34,36,0,4,0,3,864,815,3,5,20,20,0,2,0,1,12,13,876,828,3,5,32,31,0,4,0,2,22,16,0,1,1,5,0,0,0,1,1,1,23,17,0,2,2,5,0,0,0,1
050,49,041,Utah,Sevier County,2000a,3,1803,923,880,886,831,3,6,21,25,0,2,0,2,13,14,899,845,3,7,34,36,0,4,0,3,864,815,3,5,20,20,0,2,0,1,12,13,876,828,3,5,32,31,0,4,0,2,22,16,0,1,1,5,0,0,0,1,1,1,23,17,0,2,2,5,0,0,0,1
050,49,041,Utah,Sevier County,2000,3,1800,923,877,890,834,3,6,24,27,0,1,0,2,6,7,896,841,3,6,30,34,0,1,0,2,867,818,3,5,23,22,0,1,0,1,6,6,873,824,3,5,29,28,0,1,0,1,23,16,0,1,1,5,0,0,0,1,0,1,23,17,0,1,1,6,0,0,0,1
050,49,041,Utah,Sevier County,2001,3,1799,905,894,876,852,3,6,21,24,0,2,0,1,5,9,881,861,3,8,26,30,0,3,0,1,853,831,3,6,17,21,0,2,0,1,5,9,858,840,3,8,22,27,0,3,0,1,23,21,0,0,4,3,0,0,0,0,0,0,23,21,0,0,4,3,0,0,0,0
050,49,041,Utah,Sevier County,2002,3,1807,913,894,882,846,3,5,22,33,0,2,0,0,6,8,888,854,3,6,28,40,0,2,0,0,857,824,3,5,17,27,0,2,0,0,6,7,863,831,3,6,23,33,0,2,0,0,25,22,0,0,5,6,0,0,0,0,0,1,25,23,0,0,5,7,0,0,0,0
050,49,041,Utah,Sevier County,2003,3,1759,908,851,880,807,3,5,19,29,0,1,0,0,6,9,886,816,3,7,25,36,0,1,0,0,861,784,2,5,15,23,0,1,0,0,6,8,867,792,2,7,21,29,0,1,0,0,19,23,1,0,4,6,0,0,0,0,0,1,19,24,1,0,4,7,0,0,0,0
050,49,041,Utah,Sevier County,2004,3,1710,893,817,870,775,3,4,15,26,0,2,0,0,5,10,875,785,3,6,20,34,0,2,0,0,847,750,2,4,12,20,0,2,0,0,5,9,852,759,2,6,17,27,0,2,0,0,23,25,1,0,3,6,0,0,0,0,0,1,23,26,1,0,3,7,0,0,0,0
050,49,041,Utah,Sevier County,2000c,4,2029,1047,982,976,922,10,3,51,44,1,6,1,2,8,5,984,927,10,3,56,47,3,8,2,2,948,900,8,3,46,42,1,6,1,2,8,5,956,905,8,3,51,45,3,8,2,2,28,22,2,0,5,2,0,0,0,0,0,0,28,22,2,0,5,2,0,0,0,0
050,49,041,Utah,Sevier County,2000a,4,2029,1047,982,976,922,10,3,51,44,1,6,1,2,8,5,984,927,10,3,56,47,3,8,2,2,948,900,8,3,46,42,1,6,1,2,8,5,956,905,8,3,51,45,3,8,2,2,28,22,2,0,5,2,0,0,0,0,0,0,28,22,2,0,5,2,0,0,0,0
050,49,041,Utah,Sevier County,2000,4,2020,1041,979,973,918,10,3,48,41,2,6,1,2,7,9,980,927,10,3,55,49,2,7,1,2,945,896,8,3,43,39,2,6,1,2,7,9,952,905,8,3,50,47,2,7,1,2,28,22,2,0,5,2,0,0,0,0,0,0,28,22,2,0,5,2,0,0,0,0
050,49,041,Utah,Sevier County,2001,4,2093,1080,1013,1012,948,9,4,48,44,2,8,0,1,9,8,1021,956,9,4,56,52,3,8,0,1,983,924,7,3,43,40,2,7,0,1,9,8,992,932,7,3,51,48,3,7,0,1,29,24,2,1,5,4,0,1,0,0,0,0,29,24,2,1,5,4,0,1,0,0
050,49,041,Utah,Sevier County,2002,4,2003,1023,980,962,918,6,5,44,41,2,6,0,1,9,9,971,927,6,5,53,49,2,7,0,1,932,894,5,3,40,37,2,6,0,1,9,9,941,903,5,3,49,45,2,7,0,1,30,24,1,2,4,4,0,0,0,0,0,0,30,24,1,2,4,4,0,0,0,0
050,49,041,Utah,Sevier County,2003,4,1924,972,952,917,892,8,6,40,37,0,7,0,1,7,9,924,901,8,6,47,45,0,8,0,1,886,866,7,4,38,35,0,7,0,1,7,9,893,875,7,4,45,43,0,8,0,1,31,26,1,2,2,2,0,0,0,0,0,0,31,26,1,2,2,2,0,0,0,0
050,49,041,Utah,Sevier County,2004,4,1874,955,919,897,852,7,8,43,41,1,6,0,1,7,11,904,863,7,9,50,50,1,7,0,1,865,828,6,6,41,36,1,6,0,1,7,10,872,838,6,7,48,44,1,7,0,1,32,24,1,2,2,5,0,0,0,0,0,1,32,25,1,2,2,6,0,0,0,0
050,49,041,Utah,Sevier County,2000c,5,1231,644,587,619,568,1,2,15,10,1,4,2,1,6,2,623,570,1,2,20,11,3,5,4,1,589,552,1,1,12,9,1,4,2,1,6,2,593,554,1,1,17,10,3,5,4,1,30,16,0,1,3,1,0,0,0,0,0,0,30,16,0,1,3,1,0,0,0,0
050,49,041,Utah,Sevier County,2000a,5,1231,644,587,619,568,1,2,15,10,1,4,2,1,6,2,623,570,1,2,20,11,3,5,4,1,589,552,1,1,12,9,1,4,2,1,6,2,593,554,1,1,17,10,3,5,4,1,30,16,0,1,3,1,0,0,0,0,0,0,30,16,0,1,3,1,0,0,0,0
050,49,041,Utah,Sevier County,2000,5,1246,653,593,627,574,1,2,17,10,3,4,1,1,4,2,631,576,1,2,21,12,3,4,1,1,597,558,1,1,14,9,3,4,1,1,4,2,601,560,1,1,18,11,3,4,1,1,30,16,0,1,3,1,0,0,0,0,0,0,30,16,0,1,3,1,0,0,0,0
050,49,041,Utah,Sevier County,2001,5,1350,716,634,693,619,1,3,15,8,3,1,0,0,4,3,697,622,1,3,19,11,3,1,0,0,653,598,1,2,13,8,3,1,0,0,4,3,657,601,1,2,17,11,3,1,0,0,40,21,0,1,2,0,0,0,0,0,0,0,40,21,0,1,2,0,0,0,0,0
050,49,041,Utah,Sevier County,2002,5,1506,807,699,778,679,4,4,18,7,2,4,0,1,5,4,783,683,4,4,23,10,2,5,0,1,736,658,3,3,16,7,2,4,0,1,5,4,741,662,3,3,21,10,2,5,0,1,42,21,1,1,2,0,0,0,0,0,0,0,42,21,1,1,2,0,0,0,0,0
050,49,041,Utah,Sevier County,2003,5,1664,895,769,866,747,4,4,18,12,3,2,0,1,4,3,870,750,4,4,22,14,3,3,0,1,826,724,3,3,14,11,3,2,0,1,3,3,829,727,3,3,17,13,3,3,0,1,40,23,1,1,4,1,0,0,0,0,1,0,41,23,1,1,5,1,0,0,0,0
050,49,041,Utah,Sevier County,2004,5,1863,975,888,942,863,5,4,19,11,3,4,1,2,5,4,947,867,5,4,24,14,3,5,1,2,906,843,4,3,14,10,3,4,1,2,5,4,911,847,4,3,19,13,3,5,1,2,36,20,1,1,5,1,0,0,0,0,0,0,36,20,1,1,5,1,0,0,0,0
050,49,041,Utah,Sevier County,2000c,6,972,497,475,484,455,2,0,8,11,0,3,0,1,3,5,487,460,3,0,10,15,0,4,0,1,466,444,2,0,8,11,0,3,0,1,3,4,469,448,3,0,10,14,0,4,0,1,18,11,0,0,0,0,0,0,0,0,0,1,18,12,0,0,0,1,0,0,0,0
050,49,041,Utah,Sevier County,2000a,6,972,497,475,484,455,2,0,8,11,0,3,0,1,3,5,487,460,3,0,10,15,0,4,0,1,466,444,2,0,8,11,0,3,0,1,3,4,469,448,3,0,10,14,0,4,0,1,18,11,0,0,0,0,0,0,0,0,0,1,18,12,0,0,0,1,0,0,0,0
050,49,041,Utah,Sevier County,2000,6,987,506,481,493,462,3,0,8,13,0,3,0,0,2,3,495,465,3,0,10,16,0,3,0,0,475,450,3,0,8,12,0,3,0,0,2,3,477,453,3,0,10,15,0,3,0,0,18,12,0,0,0,1,0,0,0,0,0,0,18,12,0,0,0,1,0,0,0,0
050,49,041,Utah,Sevier County,2001,6,1020,525,495,509,473,2,0,11,13,1,5,0,1,2,3,511,476,2,0,13,16,1,5,0,1,487,454,2,0,10,12,1,5,0,1,2,3,489,457,2,0,12,15,1,5,0,1,22,19,0,0,1,1,0,0,0,0,0,0,22,19,0,0,1,1,0,0,0,0
050,49,041,Utah,Sevier County,2002,6,1065,552,513,537,494,1,0,10,13,2,4,1,1,1,1,538,495,1,0,11,14,2,4,1,1,507,475,1,0,8,11,2,4,1,1,1,1,508,476,1,0,9,12,2,4,1,1,30,19,0,0,2,2,0,0,0,0,0,0,30,19,0,0,2,2,0,0,0,0
050,49,041,Utah,Sevier County,2003,6,1107,570,537,555,521,1,0,8,9,2,5,2,1,2,1,557,522,1,0,10,10,2,5,2,1,520,503,1,0,6,8,2,5,2,1,2,1,522,504,1,0,8,9,2,5,2,1,35,18,0,0,2,1,0,0,0,0,0,0,35,18,0,0,2,1,0,0,0,0
050,49,041,Utah,Sevier County,2004,6,1225,626,599,614,583,0,0,6,8,4,6,1,1,1,1,615,584,0,0,7,9,4,6,1,1,575,567,0,0,4,7,4,6,1,1,1,1,576,568,0,0,5,8,4,6,1,1,39,16,0,0,2,1,0,0,0,0,0,0,39,16,0,0,2,1,0,0,0,0
050,49,041,Utah,Sevier County,2000c,7,901,440,461,419,441,3,1,10,12,2,3,1,0,5,4,423,445,3,1,15,16,3,3,1,0,396,428,3,1,9,11,1,3,1,0,5,3,400,431,3,1,14,14,2,3,1,0,23,13,0,0,1,1,1,0,0,0,0,1,23,14,0,0,1,2,1,0,0,0
050,49,041,Utah,Sevier County,2000a,7,901,440,461,419,441,3,1,10,12,2,3,1,0,5,4,423,445,3,1,15,16,3,3,1,0,396,428,3,1,9,11,1,3,1,0,5,3,400,431,3,1,14,14,2,3,1,0,23,13,0,0,1,1,1,0,0,0,0,1,23,14,0,0,1,2,1,0,0,0
050,49,041,Utah,Sevier County,2000,7,904,442,462,422,444,3,1,11,13,3,2,1,0,2,2,424,446,3,1,13,15,3,2,1,0,399,430,3,1,10,11,2,2,1,0,2,2,401,432,3,1,12,13,2,2,1,0,23,14,0,0,1,2,1,0,0,0,0,0,23,14,0,0,1,2,1,0,0,0
050,49,041,Utah,Sevier County,2001,7,910,455,455,439,442,2,0,9,9,3,3,1,0,1,1,440,443,2,0,10,10,3,3,1,0,408,429,2,0,9,8,2,3,1,0,1,1,409,430,2,0,10,9,2,3,1,0,31,13,0,0,0,1,1,0,0,0,0,0,31,13,0,0,0,1,1,0,0,0
050,49,041,Utah,Sevier County,2002,7,908,458,450,447,441,2,0,8,5,0,4,0,0,1,0,448,441,2,0,9,5,0,4,0,0,420,425,2,0,8,5,0,4,0,0,1,0,421,425,2,0,9,5,0,4,0,0,27,16,0,0,0,0,0,0,0,0,0,0,27,16,0,0,0,0,0,0,0,0
050,49,041,Utah,Sevier County,2003,7,904,455,449,446,441,2,0,7,5,0,3,0,0,0,0,446,441,2,0,7,5,0,3,0,0,424,425,2,0,7,5,0,3,0,0,0,0,424,425,2,0,7,5,0,3,0,0,22,16,0,0,0,0,0,0,0,0,0,0,22,16,0,0,0,0,0,0,0,0
050,49,041,Utah,Sevier County,2004,7,922,470,452,460,444,3,0,7,5,0,3,0,0,0,0,460,444,3,0,7,5,0,3,0,0,445,429,3,0,7,5,0,3,0,0,0,0,445,429,3,0,7,5,0,3,0,0,15,15,0,0,0,0,0,0,0,0,0,0,15,15,0,0,0,0,0,0,0,0
050,49,041,Utah,Sevier County,2000c,8,1196,548,648,528,621,1,2,15,15,0,6,0,0,4,4,532,625,1,2,19,18,0,6,0,1,511,608,1,2,14,13,0,6,0,0,4,4,515,612,1,2,18,16,0,6,0,1,17,13,0,0,1,2,0,0,0,0,0,0,17,13,0,0,1,2,0,0,0,0
050,49,041,Utah,Sevier County,2000a,8,1196,548,648,528,621,1,2,15,15,0,6,0,0,4,4,532,625,1,2,19,18,0,6,0,1,511,608,1,2,14,13,0,6,0,0,4,4,515,612,1,2,18,16,0,6,0,1,17,13,0,0,1,2,0,0,0,0,0,0,17,13,0,0,1,2,0,0,0,0
050,49,041,Utah,Sevier County,2000,8,1187,543,644,525,618,1,2,15,15,0,5,0,1,2,3,527,621,1,2,17,18,0,5,0,1,508,605,1,2,14,13,0,5,0,1,2,3,510,608,1,2,16,16,0,5,0,1,17,13,0,0,1,2,0,0,0,0,0,0,17,13,0,0,1,2,0,0,0,0
050,49,041,Utah,Sevier County,2001,8,1072,483,589,466,558,2,3,12,19,0,4,0,1,3,4,469,562,2,3,15,23,0,4,0,1,449,543,2,3,10,17,0,4,0,1,3,4,452,547,2,3,13,21,0,4,0,1,17,15,0,0,2,2,0,0,0,0,0,0,17,15,0,0,2,2,0,0,0,0
050,49,041,Utah,Sevier County,2002,8,1000,464,536,443,509,3,2,13,18,3,3,1,0,1,4,444,513,3,2,14,22,3,3,1,0,421,497,3,2,11,15,2,3,1,0,1,4,422,501,3,2,12,19,2,3,1,0,22,12,0,0,2,3,1,0,0,0,0,0,22,12,0,0,2,3,1,0,0,0
050,49,041,Utah,Sevier County,2003,8,915,434,481,413,460,3,2,12,13,3,3,1,0,2,3,415,463,3,2,14,16,3,3,1,0,389,447,3,2,10,11,2,3,0,0,2,3,391,450,3,2,12,14,2,3,0,0,24,13,0,0,2,2,1,0,1,0,0,0,24,13,0,0,2,2,1,0,1,0
050,49,041,Utah,Sevier County,2004,8,866,433,433,415,419,3,2,10,8,3,2,1,0,1,2,416,421,3,2,11,10,3,2,1,0,392,406,3,2,8,7,2,2,1,0,1,2,393,408,3,2,9,9,2,2,1,0,23,13,0,0,2,1,1,0,0,0,0,0,23,13,0,0,2,1,1,0,0,0
050,49,041,Utah,Sevier County,2000c,9,1239,627,612,602,593,3,2,16,11,2,1,0,1,4,4,606,597,3,2,18,12,3,3,1,3,592,583,3,2,13,9,2,1,0,1,4,4,596,587,3,2,15,10,3,3,1,3,10,10,0,0,3,2,0,0,0,0,0,0,10,10,0,0,3,2,0,0,0,0
050,49,041,Utah,Sevier County,2000a,9,1239,627,612,602,593,3,2,16,11,2,1,0,1,4,4,606,597,3,2,18,12,3,3,1,3,592,583,3,2,13,9,2,1,0,1,4,4,596,587,3,2,15,10,3,3,1,3,10,10,0,0,3,2,0,0,0,0,0,0,10,10,0,0,3,2,0,0,0,0
050,49,041,Utah,Sevier County,2000,9,1243,629,614,603,594,3,2,16,12,2,3,0,0,5,3,608,597,3,2,21,15,2,3,0,0,593,584,3,2,13,10,2,3,0,0,5,3,598,587,3,2,18,13,2,3,0,0,10,10,0,0,3,2,0,0,0,0,0,0,10,10,0,0,3,2,0,0,0,0
050,49,041,Utah,Sevier County,2001,9,1279,636,643,605,627,3,2,21,9,2,3,0,0,5,2,610,629,3,2,26,11,2,3,0,0,592,615,3,2,18,6,2,3,0,0,5,2,597,617,3,2,23,8,2,3,0,0,13,12,0,0,3,3,0,0,0,0,0,0,13,12,0,0,3,3,0,0,0,0
050,49,041,Utah,Sevier County,2002,9,1278,619,659,594,641,3,2,16,10,2,3,0,1,4,2,598,643,3,2,20,12,2,3,0,1,582,626,3,2,14,8,2,3,0,1,4,2,586,628,3,2,18,10,2,3,0,1,12,15,0,0,2,2,0,0,0,0,0,0,12,15,0,0,2,2,0,0,0,0
050,49,041,Utah,Sevier County,2003,9,1284,619,665,597,645,3,1,14,12,2,4,0,1,3,2,600,647,3,1,17,14,2,4,0,1,578,630,3,1,13,9,2,4,0,1,3,2,581,632,3,1,16,11,2,4,0,1,19,15,0,0,1,3,0,0,0,0,0,0,19,15,0,0,1,3,0,0,0,0
050,49,041,Utah,Sevier County,2004,9,1247,568,679,550,655,3,1,11,14,1,4,0,1,3,4,553,659,3,1,14,18,1,4,0,1,529,638,3,1,11,12,1,4,0,1,3,4,532,642,3,1,14,16,1,4,0,1,21,17,0,0,0,2,0,0,0,0,0,0,21,17,0,0,0,2,0,0,0,0
050,49,041,Utah,Sevier County,2000c,10,1124,558,566,552,556,0,0,4,7,1,2,0,0,1,1,553,556,0,0,5,8,1,2,0,1,544,545,0,0,3,7,1,2,0,0,1,1,545,545,0,0,4,8,1,2,0,1,8,11,0,0,1,0,0,0,0,0,0,0,8,11,0,0,1,0,0,0,0,0
050,49,041,Utah,Sevier County,2000a,10,1124,558,566,552,556,0,0,4,7,1,2,0,0,1,1,553,556,0,0,5,8,1,2,0,1,544,545,0,0,3,7,1,2,0,0,1,1,545,545,0,0,4,8,1,2,0,1,8,11,0,0,1,0,0,0,0,0,0,0,8,11,0,0,1,0,0,0,0,0
050,49,041,Utah,Sevier County,2000,10,1128,561,567,554,558,0,0,4,7,1,1,0,0,2,1,556,559,0,0,6,8,1,1,0,0,546,547,0,0,3,7,1,1,0,0,2,1,548,548,0,0,5,8,1,1,0,0,8,11,0,0,1,0,0,0,0,0,0,0,8,11,0,0,1,0,0,0,0,0
050,49,041,Utah,Sevier County,2001,10,1122,578,544,572,533,0,0,4,7,1,2,0,0,1,2,573,535,0,0,5,9,1,2,0,0,565,524,0,0,3,7,1,2,0,0,1,2,566,526,0,0,4,9,1,2,0,0,7,9,0,0,1,0,0,0,0,0,0,0,7,9,0,0,1,0,0,0,0,0
050,49,041,Utah,Sevier County,2002,10,1119,569,550,556,534,0,1,9,9,1,3,0,0,3,3,559,537,0,1,12,12,1,3,0,0,548,526,0,1,7,8,1,3,0,0,3,3,551,529,0,1,10,11,1,3,0,0,8,8,0,0,2,1,0,0,0,0,0,0,8,8,0,0,2,1,0,0,0,0
050,49,041,Utah,Sevier County,2003,10,1138,566,572,553,552,0,2,10,11,1,3,0,0,2,4,555,556,0,2,12,15,1,3,0,0,547,544,0,2,7,10,1,3,0,0,2,4,549,548,0,2,9,14,1,3,0,0,6,8,0,0,3,1,0,0,0,0,0,0,6,8,0,0,3,1,0,0,0,0
050,49,041,Utah,Sevier County,2004,10,1189,606,583,587,566,0,2,14,9,2,3,0,0,3,3,590,569,0,2,17,12,2,3,0,0,580,559,0,2,10,7,2,3,0,0,3,3,583,562,0,2,13,10,2,3,0,0,7,7,0,0,4,2,0,0,0,0,0,0,7,7,0,0,4,2,0,0,0,0
050,49,041,Utah,Sevier County,2000c,11,978,474,504,470,489,1,0,2,11,1,1,0,1,0,2,470,491,1,0,2,13,1,1,0,1,465,485,1,0,2,11,1,1,0,1,0,2,465,487,1,0,2,13,1,1,0,1,5,4,0,0,0,0,0,0,0,0,0,0,5,4,0,0,0,0,0,0,0,0
050,49,041,Utah,Sevier County,2000a,11,978,474,504,470,489,1,0,2,11,1,1,0,1,0,2,470,491,1,0,2,13,1,1,0,1,465,485,1,0,2,11,1,1,0,1,0,2,465,487,1,0,2,13,1,1,0,1,5,4,0,0,0,0,0,0,0,0,0,0,5,4,0,0,0,0,0,0,0,0
050,49,041,Utah,Sevier County,2000,11,989,479,510,475,496,1,0,2,10,1,2,0,0,0,2,475,498,1,0,2,12,1,2,0,0,470,492,1,0,2,10,1,2,0,0,0,2,470,494,1,0,2,12,1,2,0,0,5,4,0,0,0,0,0,0,0,0,0,0,5,4,0,0,0,0,0,0,0,0
050,49,041,Utah,Sevier County,2001,11,1037,499,538,493,523,1,0,3,10,1,1,0,0,1,4,494,527,1,0,4,14,1,1,0,0,487,517,1,0,3,10,1,1,0,0,1,4,488,521,1,0,4,14,1,1,0,0,6,6,0,0,0,0,0,0,0,0,0,0,6,6,0,0,0,0,0,0,0,0
050,49,041,Utah,Sevier County,2002,11,1038,520,518,514,508,1,0,3,8,1,0,0,0,1,2,515,510,1,0,4,10,1,0,0,0,506,500,1,0,3,8,1,0,0,0,1,2,507,502,1,0,4,10,1,0,0,0,8,8,0,0,0,0,0,0,0,0,0,0,8,8,0,0,0,0,0,0,0,0
050,49,041,Utah,Sevier County,2003,11,1035,528,507,521,498,1,0,3,7,1,0,0,0,2,2,523,500,1,0,5,9,1,0,0,0,512,489,1,0,3,7,1,0,0,0,2,2,514,491,1,0,5,9,1,0,0,0,9,9,0,0,0,0,0,0,0,0,0,0,9,9,0,0,0,0,0,0,0,0
050,49,041,Utah,Sevier County,2004,11,1065,542,523,538,515,0,0,3,6,0,1,0,0,1,1,539,516,0,0,4,7,0,1,0,0,529,504,0,0,3,6,0,1,0,0,1,1,530,505,0,0,4,7,0,1,0,0,9,11,0,0,0,0,0,0,0,0,0,0,9,11,0,0,0,0,0,0,0,0
050,49,041,Utah,Sevier County,2000c,12,842,420,422,415,411,2,1,3,2,0,2,0,1,0,5,415,416,2,1,3,6,0,3,0,1,414,398,2,1,3,2,0,2,0,1,0,4,414,402,2,1,3,5,0,3,0,1,1,13,0,0,0,0,0,0,0,0,0,1,1,14,0,0,0,1,0,0,0,0
050,49,041,Utah,Sevier County,2000a,12,842,420,422,415,411,2,1,3,2,0,2,0,1,0,5,415,416,2,1,3,6,0,3,0,1,414,398,2,1,3,2,0,2,0,1,0,4,414,402,2,1,3,5,0,3,0,1,1,13,0,0,0,0,0,0,0,0,0,1,1,14,0,0,0,1,0,0,0,0
050,49,041,Utah,Sevier County,2000,12,845,422,423,416,415,2,1,3,4,0,3,0,0,1,0,417,415,2,1,4,4,0,3,0,0,415,402,2,1,3,3,0,3,0,0,1,0,416,402,2,1,4,3,0,3,0,0,1,13,0,0,0,1,0,0,0,0,0,0,1,13,0,0,0,1,0,0,0,0
050,49,041,Utah,Sevier County,2001,12,826,402,424,397,416,2,1,2,3,0,4,0,0,1,0,398,416,2,1,3,3,0,4,0,0,395,403,2,1,2,2,0,4,0,0,1,0,396,403,2,1,3,2,0,4,0,0,2,13,0,0,0,1,0,0,0,0,0,0,2,13,0,0,0,1,0,0,0,0
050,49,041,Utah,Sevier County,2002,12,869,415,454,412,441,2,1,1,6,0,5,0,0,0,1,412,442,2,1,1,7,0,5,0,0,410,430,2,1,1,5,0,5,0,0,0,1,410,431,2,1,1,6,0,5,0,0,2,11,0,0,0,1,0,0,0,0,0,0,2,11,0,0,0,1,0,0,0,0
050,49,041,Utah,Sevier County,2003,12,890,426,464,422,453,2,1,2,6,0,3,0,0,0,1,422,454,2,1,2,7,0,3,0,0,420,445,2,1,2,6,0,3,0,0,0,1,420,446,2,1,2,7,0,3,0,0,2,8,0,0,0,0,0,0,0,0,0,0,2,8,0,0,0,0,0,0,0,0
050,49,041,Utah,Sevier County,2004,12,914,430,484,425,468,1,1,3,11,1,2,0,0,0,2,425,470,1,1,3,13,1,2,0,0,422,463,1,1,3,10,1,2,0,0,0,2,422,465,1,1,3,12,1,2,0,0,3,5,0,0,0,1,0,0,0,0,0,0,3,5,0,0,0,1,0,0,0,0
050,49,041,Utah,Sevier County,2000c,13,769,403,366,398,365,0,0,4,0,0,0,0,0,1,1,399,366,0,0,5,1,0,0,0,0,395,364,0,0,3,0,0,0,0,0,1,1,396,365,0,0,4,1,0,0,0,0,3,1,0,0,1,0,0,0,0,0,0,0,3,1,0,0,1,0,0,0,0,0
050,49,041,Utah,Sevier County,2000a,13,769,403,366,398,365,0,0,4,0,0,0,0,0,1,1,399,366,0,0,5,1,0,0,0,0,395,364,0,0,3,0,0,0,0,0,1,1,396,365,0,0,4,1,0,0,0,0,3,1,0,0,1,0,0,0,0,0,0,0,3,1,0,0,1,0,0,0,0,0
050,49,041,Utah,Sevier County,2000,13,770,403,367,399,367,0,0,4,0,0,0,0,0,0,0,399,367,0,0,4,0,0,0,0,0,396,366,0,0,3,0,0,0,0,0,0,0,396,366,0,0,3,0,0,0,0,0,3,1,0,0,1,0,0,0,0,0,0,0,3,1,0,0,1,0,0,0,0,0
050,49,041,Utah,Sevier County,2001,13,746,383,363,377,362,0,0,5,1,0,0,0,0,1,0,378,362,0,0,6,1,0,0,0,0,375,360,0,0,4,1,0,0,0,0,1,0,376,360,0,0,5,1,0,0,0,0,2,2,0,0,1,0,0,0,0,0,0,0,2,2,0,0,1,0,0,0,0,0
050,49,041,Utah,Sevier County,2002,13,769,388,381,381,380,0,0,6,1,0,0,0,0,1,0,382,380,0,0,7,1,0,0,0,0,379,376,0,0,5,1,0,0,0,0,1,0,380,376,0,0,6,1,0,0,0,0,2,4,0,0,1,0,0,0,0,0,0,0,2,4,0,0,1,0,0,0,0,0
050,49,041,Utah,Sevier County,2003,13,784,387,397,381,394,0,0,5,1,0,2,0,0,1,0,382,394,0,0,6,1,0,2,0,0,378,387,0,0,4,1,0,2,0,0,1,0,379,387,0,0,5,1,0,2,0,0,3,7,0,0,1,0,0,0,0,0,0,0,3,7,0,0,1,0,0,0,0,0
050,49,041,Utah,Sevier County,2004,13,793,394,399,387,394,2,0,5,1,0,3,0,1,0,0,387,394,2,0,5,1,0,3,0,1,385,384,2,0,4,1,0,3,0,1,0,0,385,384,2,0,4,1,0,3,0,1,2,10,0,0,1,0,0,0,0,0,0,0,2,10,0,0,1,0,0,0,0,0
050,49,041,Utah,Sevier County,2000c,14,638,308,330,299,327,0,0,5,0,0,2,0,1,4,0,303,327,0,0,9,0,0,2,0,1,298,326,0,0,5,0,0,2,0,1,4,0,302,326,0,0,9,0,0,2,0,1,1,1,0,0,0,0,0,0,0,0,0,0,1,1,0,0,0,0,0,0,0,0
050,49,041,Utah,Sevier County,2000a,14,638,308,330,299,327,0,0,5,0,0,2,0,1,4,0,303,327,0,0,9,0,0,2,0,1,298,326,0,0,5,0,0,2,0,1,4,0,302,326,0,0,9,0,0,2,0,1,1,1,0,0,0,0,0,0,0,0,0,0,1,1,0,0,0,0,0,0,0,0
050,49,041,Utah,Sevier County,2000,14,636,306,330,299,327,0,0,6,0,0,3,0,0,1,0,300,327,0,0,7,0,0,3,0,0,298,326,0,0,6,0,0,3,0,0,1,0,299,326,0,0,7,0,0,3,0,0,1,1,0,0,0,0,0,0,0,0,0,0,1,1,0,0,0,0,0,0,0,0
050,49,041,Utah,Sevier County,2001,14,672,340,332,336,329,0,0,4,0,0,3,0,0,0,0,336,329,0,0,4,0,0,3,0,0,334,327,0,0,4,0,0,3,0,0,0,0,334,327,0,0,4,0,0,3,0,0,2,2,0,0,0,0,0,0,0,0,0,0,2,2,0,0,0,0,0,0,0,0
050,49,041,Utah,Sevier County,2002,14,663,330,333,325,330,0,0,4,0,0,3,0,0,1,0,326,330,0,0,5,0,0,3,0,0,323,328,0,0,4,0,0,3,0,0,1,0,324,328,0,0,5,0,0,3,0,0,2,2,0,0,0,0,0,0,0,0,0,0,2,2,0,0,0,0,0,0,0,0
050,49,041,Utah,Sevier County,2003,14,678,348,330,342,326,0,0,5,0,0,3,0,1,1,0,343,326,0,0,6,0,0,3,0,1,341,324,0,0,5,0,0,3,0,1,1,0,342,324,0,0,6,0,0,3,0,1,1,2,0,0,0,0,0,0,0,0,0,0,1,2,0,0,0,0,0,0,0,0
050,49,041,Utah,Sevier County,2004,14,721,380,341,378,339,0,0,2,0,0,2,0,0,0,0,378,339,0,0,2,0,0,2,0,0,376,337,0,0,2,0,0,2,0,0,0,0,376,337,0,0,2,0,0,2,0,0,2,2,0,0,0,0,0,0,0,0,0,0,2,2,0,0,0,0,0,0,0,0
050,49,041,Utah,Sevier County,2000c,15,624,308,316,307,315,0,0,1,1,0,0,0,0,0,0,307,315,0,0,1,1,0,0,0,0,306,314,0,0,1,1,0,0,0,0,0,0,306,314,0,0,1,1,0,0,0,0,1,1,0,0,0,0,0,0,0,0,0,0,1,1,0,0,0,0,0,0,0,0
050,49,041,Utah,Sevier County,2000a,15,624,308,316,307,315,0,0,1,1,0,0,0,0,0,0,307,315,0,0,1,1,0,0,0,0,306,314,0,0,1,1,0,0,0,0,0,0,306,314,0,0,1,1,0,0,0,0,1,1,0,0,0,0,0,0,0,0,0,0,1,1,0,0,0,0,0,0,0,0
050,49,041,Utah,Sevier County,2000,15,620,306,314,305,313,0,0,1,1,0,0,0,0,0,0,305,313,0,0,1,1,0,0,0,0,304,312,0,0,1,1,0,0,0,0,0,0,304,312,0,0,1,1,0,0,0,0,1,1,0,0,0,0,0,0,0,0,0,0,1,1,0,0,0,0,0,0,0,0
050,49,041,Utah,Sevier County,2001,15,602,288,314,286,313,0,0,2,1,0,0,0,0,0,0,286,313,0,0,2,1,0,0,0,0,285,313,0,0,2,1,0,0,0,0,0,0,285,313,0,0,2,1,0,0,0,0,1,0,0,0,0,0,0,0,0,0,0,0,1,0,0,0,0,0,0,0,0,0
050,49,041,Utah,Sevier County,2002,15,611,300,311,296,311,0,0,3,0,0,0,0,0,1,0,297,311,0,0,4,0,0,0,0,0,295,311,0,0,3,0,0,0,0,0,1,0,296,311,0,0,4,0,0,0,0,0,1,0,0,0,0,0,0,0,0,0,0,0,1,0,0,0,0,0,0,0,0,0
050,49,041,Utah,Sevier County,2003,15,630,297,333,294,333,0,0,3,0,0,0,0,0,0,0,294,333,0,0,3,0,0,0,0,0,292,333,0,0,3,0,0,0,0,0,0,0,292,333,0,0,3,0,0,0,0,0,2,0,0,0,0,0,0,0,0,0,0,0,2,0,0,0,0,0,0,0,0,0
050,49,041,Utah,Sevier County,2004,15,603,280,323,273,322,0,0,6,0,0,1,0,0,1,0,274,322,0,0,7,0,0,1,0,0,272,322,0,0,6,0,0,1,0,0,1,0,273,322,0,0,7,0,0,1,0,0,1,0,0,0,0,0,0,0,0,0,0,0,1,0,0,0,0,0,0,0,0,0
050,49,041,Utah,Sevier County,2000c,16,491,233,258,232,256,0,0,0,1,0,0,0,0,1,1,233,257,0,0,1,2,0,0,0,0,229,252,0,0,0,1,0,0,0,0,1,1,230,253,0,0,1,2,0,0,0,0,3,4,0,0,0,0,0,0,0,0,0,0,3,4,0,0,0,0,0,0,0,0
050,49,041,Utah,Sevier County,2000a,16,491,233,258,232,256,0,0,0,1,0,0,0,0,1,1,233,257,0,0,1,2,0,0,0,0,229,252,0,0,0,1,0,0,0,0,1,1,230,253,0,0,1,2,0,0,0,0,3,4,0,0,0,0,0,0,0,0,0,0,3,4,0,0,0,0,0,0,0,0
050,49,041,Utah,Sevier County,2000,16,490,234,256,234,255,0,0,0,1,0,0,0,0,0,0,234,255,0,0,0,1,0,0,0,0,231,251,0,0,0,1,0,0,0,0,0,0,231,251,0,0,0,1,0,0,0,0,3,4,0,0,0,0,0,0,0,0,0,0,3,4,0,0,0,0,0,0,0,0
050,49,041,Utah,Sevier County,2001,16,479,235,244,234,243,0,0,1,1,0,0,0,0,0,0,234,243,0,0,1,1,0,0,0,0,231,238,0,0,1,1,0,0,0,0,0,0,231,238,0,0,1,1,0,0,0,0,3,5,0,0,0,0,0,0,0,0,0,0,3,5,0,0,0,0,0,0,0,0
050,49,041,Utah,Sevier County,2002,16,490,240,250,240,249,0,0,0,1,0,0,0,0,0,0,240,249,0,0,0,1,0,0,0,0,238,244,0,0,0,1,0,0,0,0,0,0,238,244,0,0,0,1,0,0,0,0,2,5,0,0,0,0,0,0,0,0,0,0,2,5,0,0,0,0,0,0,0,0
050,49,041,Utah,Sevier County,2003,16,505,250,255,249,254,0,0,1,1,0,0,0,0,0,0,249,254,0,0,1,1,0,0,0,0,247,250,0,0,1,1,0,0,0,0,0,0,247,250,0,0,1,1,0,0,0,0,2,4,0,0,0,0,0,0,0,0,0,0,2,4,0,0,0,0,0,0,0,0
050,49,041,Utah,Sevier County,2004,16,518,243,275,242,274,0,0,1,1,0,0,0,0,0,0,242,274,0,0,1,1,0,0,0,0,239,272,0,0,1,1,0,0,0,0,0,0,239,272,0,0,1,1,0,0,0,0,3,2,0,0,0,0,0,0,0,0,0,0,3,2,0,0,0,0,0,0,0,0
050,49,041,Utah,Sevier County,2000c,17,385,160,225,160,223,0,0,0,1,0,0,0,0,0,1,160,223,0,0,0,2,0,1,0,0,158,222,0,0,0,1,0,0,0,0,0,1,158,222,0,0,0,2,0,1,0,0,2,1,0,0,0,0,0,0,0,0,0,0,2,1,0,0,0,0,0,0,0,0
050,49,041,Utah,Sevier County,2000a,17,385,160,225,160,223,0,0,0,1,0,0,0,0,0,1,160,223,0,0,0,2,0,1,0,0,158,222,0,0,0,1,0,0,0,0,0,1,158,222,0,0,0,2,0,1,0,0,2,1,0,0,0,0,0,0,0,0,0,0,2,1,0,0,0,0,0,0,0,0
050,49,041,Utah,Sevier County,2000,17,388,162,226,162,225,0,0,0,1,0,0,0,0,0,0,162,225,0,0,0,1,0,0,0,0,160,224,0,0,0,1,0,0,0,0,0,0,160,224,0,0,0,1,0,0,0,0,2,1,0,0,0,0,0,0,0,0,0,0,2,1,0,0,0,0,0,0,0,0
050,49,041,Utah,Sevier County,2001,17,387,163,224,163,223,0,0,0,1,0,0,0,0,0,0,163,223,0,0,0,1,0,0,0,0,161,222,0,0,0,1,0,0,0,0,0,0,161,222,0,0,0,1,0,0,0,0,2,1,0,0,0,0,0,0,0,0,0,0,2,1,0,0,0,0,0,0,0,0
050,49,041,Utah,Sevier County,2002,17,356,135,221,135,218,0,0,0,3,0,0,0,0,0,0,135,218,0,0,0,3,0,0,0,0,132,217,0,0,0,3,0,0,0,0,0,0,132,217,0,0,0,3,0,0,0,0,3,1,0,0,0,0,0,0,0,0,0,0,3,1,0,0,0,0,0,0,0,0
050,49,041,Utah,Sevier County,2003,17,347,138,209,138,207,0,0,0,2,0,0,0,0,0,0,138,207,0,0,0,2,0,0,0,0,135,205,0,0,0,2,0,0,0,0,0,0,135,205,0,0,0,2,0,0,0,0,3,2,0,0,0,0,0,0,0,0,0,0,3,2,0,0,0,0,0,0,0,0
050,49,041,Utah,Sevier County,2004,17,380,162,218,162,217,0,0,0,1,0,0,0,0,0,0,162,217,0,0,0,1,0,0,0,0,159,213,0,0,0,1,0,0,0,0,0,0,159,213,0,0,0,1,0,0,0,0,3,4,0,0,0,0,0,0,0,0,0,0,3,4,0,0,0,0,0,0,0,0
050,49,041,Utah,Sevier County,2000c,18,288,103,185,102,184,0,0,1,0,0,0,0,0,0,1,102,185,0,0,1,1,0,0,0,0,102,184,0,0,1,0,0,0,0,0,0,1,102,185,0,0,1,1,0,0,0,0,0,0,0,0,0,0,0,0,0,0,0,0,0,0,0,0,0,0,0,0,0,0
050,49,041,Utah,Sevier County,2000a,18,288,103,185,102,184,0,0,1,0,0,0,0,0,0,1,102,185,0,0,1,1,0,0,0,0,102,184,0,0,1,0,0,0,0,0,0,1,102,185,0,0,1,1,0,0,0,0,0,0,0,0,0,0,0,0,0,0,0,0,0,0,0,0,0,0,0,0,0,0
050,49,041,Utah,Sevier County,2000,18,290,104,186,103,185,0,0,1,1,0,0,0,0,0,0,103,185,0,0,1,1,0,0,0,0,103,185,0,0,1,1,0,0,0,0,0,0,103,185,0,0,1,1,0,0,0,0,0,0,0,0,0,0,0,0,0,0,0,0,0,0,0,0,0,0,0,0,0,0
050,49,041,Utah,Sevier County,2001,18,303,100,203,99,202,0,0,1,1,0,0,0,0,0,0,99,202,0,0,1,1,0,0,0,0,99,202,0,0,1,1,0,0,0,0,0,0,99,202,0,0,1,1,0,0,0,0,0,0,0,0,0,0,0,0,0,0,0,0,0,0,0,0,0,0,0,0,0,0
050,49,041,Utah,Sevier County,2002,18,308,113,195,112,195,0,0,1,0,0,0,0,0,0,0,112,195,0,0,1,0,0,0,0,0,112,195,0,0,1,0,0,0,0,0,0,0,112,195,0,0,1,0,0,0,0,0,0,0,0,0,0,0,0,0,0,0,0,0,0,0,0,0,0,0,0,0,0,0
050,49,041,Utah,Sevier County,2003,18,328,121,207,120,206,0,0,1,1,0,0,0,0,0,0,120,206,0,0,1,1,0,0,0,0,120,206,0,0,1,1,0,0,0,0,0,0,120,206,0,0,1,1,0,0,0,0,0,0,0,0,0,0,0,0,0,0,0,0,0,0,0,0,0,0,0,0,0,0
050,49,041,Utah,Sevier County,2004,18,316,116,200,115,197,0,0,1,2,0,1,0,0,0,0,115,197,0,0,1,2,0,1,0,0,115,197,0,0,1,2,0,1,0,0,0,0,115,197,0,0,1,2,0,1,0,0,0,0,0,0,0,0,0,0,0,0,0,0,0,0,0,0,0,0,0,0,0,0
050,49,043,Utah,Summit County,2000c,0,29736,15458,14278,15097,13926,48,35,48,53,148,146,7,7,110,111,15197,14028,70,61,86,90,197,200,25,17,13753,12932,31,23,39,39,147,145,7,6,104,104,13848,13028,53,48,74,73,193,196,24,15,1344,994,17,12,9,14,1,1,0,1,6,7,1349,1000,17,13,12,17,4,4,1,2
050,49,043,Utah,Summit County,2000a,0,29736,15458,14278,15097,13926,48,35,48,53,148,146,7,7,110,111,15197,14028,70,61,86,90,197,200,25,17,13753,12932,31,23,39,39,147,145,7,6,104,104,13848,13028,53,48,74,73,193,196,24,15,1344,994,17,12,9,14,1,1,0,1,6,7,1349,1000,17,13,12,17,4,4,1,2
050,49,043,Utah,Summit County,2000,0,29993,15596,14397,15266,14074,49,36,49,53,152,155,1,1,79,78,15345,14151,61,48,70,76,197,197,2,3,13899,13067,33,24,40,38,150,154,1,1,78,73,13977,13139,44,35,61,57,195,196,2,3,1367,1007,16,12,9,15,2,1,0,0,1,5,1368,1012,17,13,9,19,2,1,0,0
050,49,043,Utah,Summit County,2001,0,30955,16127,14828,15775,14482,54,41,49,52,163,171,1,1,85,81,15860,14563,68,57,73,73,210,216,2,1,14262,13360,38,30,40,38,161,169,1,1,83,76,14345,13436,51,44,63,56,208,214,2,1,1513,1122,16,11,9,14,2,2,0,0,2,5,1515,1127,17,13,10,17,2,2,0,0
050,49,043,Utah,Summit County,2002,0,31862,16578,15284,16203,14915,59,43,52,59,172,177,1,1,91,89,16294,15004,76,62,77,83,221,225,2,1,14554,13692,42,31,42,43,169,174,1,1,87,84,14641,13776,57,47,66,64,217,222,2,1,1649,1223,17,12,10,16,3,3,0,0,4,5,1653,1228,19,15,11,19,4,3,0,0
050,49,043,Utah,Summit County,2003,0,32778,17059,15719,16643,15318,75,61,67,67,175,176,1,2,98,95,16740,15411,95,81,96,97,226,223,1,3,14855,14004,58,48,53,53,171,173,1,2,92,92,14946,14094,77,67,79,81,220,220,1,3,1788,1314,17,13,14,14,4,3,0,0,6,3,1794,1317,18,14,17,16,6,3,0,0
050,49,043,Utah,Summit County,2004,0,33843,17636,16207,17178,15774,82,68,73,70,193,193,2,1,108,101,17285,15874,102,91,108,99,247,244,3,2,15211,14346,65,55,56,55,189,192,2,1,103,98,15313,14443,84,77,88,82,241,243,3,2,1967,1428,17,13,17,15,4,1,0,0,5,3,1972,1431,18,14,20,17,6,1,0,0
050,49,043,Utah,Summit County,2000c,1,2118,1078,1040,1047,996,5,4,5,3,4,14,0,1,17,22,1064,1014,14,14,9,7,10,26,1,2,894,868,2,1,4,2,4,14,0,1,17,20,911,884,11,11,8,6,10,24,1,2,153,128,3,3,1,1,0,0,0,0,0,2,153,130,3,3,1,1,0,2,0,0
050,49,043,Utah,Summit County,2000a,1,2118,1078,1040,1047,996,5,4,5,3,4,14,0,1,17,22,1064,1014,14,14,9,7,10,26,1,2,894,868,2,1,4,2,4,14,0,1,17,20,911,884,11,11,8,6,10,24,1,2,153,128,3,3,1,1,0,0,0,0,0,2,153,130,3,3,1,1,0,2,0,0
050,49,043,Utah,Summit County,2000,1,2148,1095,1053,1064,1013,7,6,5,4,4,13,0,0,15,17,1079,1030,13,11,7,6,10,22,1,1,908,882,4,3,4,3,4,13,0,0,14,16,922,898,9,7,6,5,10,22,1,1,156,131,3,3,1,1,0,0,0,0,1,1,157,132,4,4,1,1,0,0,0,0
050,49,043,Utah,Summit County,2001,1,2257,1154,1103,1126,1071,5,4,4,2,6,12,0,0,13,14,1139,1085,11,9,5,2,12,21,0,0,937,895,3,3,3,1,6,12,0,0,12,13,949,908,8,7,4,1,12,21,0,0,189,176,2,1,1,1,0,0,0,0,1,1,190,177,3,2,1,1,0,0,0,0
050,49,043,Utah,Summit County,2002,1,2332,1201,1131,1172,1097,5,4,4,2,5,13,0,0,15,15,1187,1112,12,9,6,3,11,22,0,0,938,890,3,3,2,1,4,13,0,0,12,14,950,904,9,7,3,2,9,22,0,0,234,207,2,1,2,1,1,0,0,0,3,1,237,208,3,2,3,1,2,0,0,0
050,49,043,Utah,Summit County,2003,1,2355,1214,1141,1177,1110,5,4,9,1,5,11,0,0,18,15,1194,1125,13,9,13,2,12,20,0,0,918,885,4,2,3,0,3,11,0,0,13,14,930,899,11,6,5,1,8,20,0,0,259,225,1,2,6,1,2,0,0,0,5,1,264,226,2,3,8,1,4,0,0,0
050,49,043,Utah,Summit County,2004,1,2423,1243,1180,1211,1151,3,4,9,1,6,9,0,0,14,15,1225,1166,8,9,11,2,13,18,0,0,916,886,2,2,1,0,4,9,0,0,10,14,926,900,7,6,1,1,9,18,0,0,295,265,1,2,8,1,2,0,0,0,4,1,299,266,1,3,10,1,4,0,0,0
050,49,043,Utah,Summit County,2000c,2,2463,1304,1159,1262,1123,6,9,5,5,11,7,0,0,20,15,1282,1137,10,15,7,11,23,13,2,0,1153,1027,4,7,3,3,11,7,0,0,18,15,1171,1041,8,13,4,9,22,13,2,0,109,96,2,2,2,2,0,0,0,0,2,0,111,96,2,2,3,2,1,0,0,0
050,49,043,Utah,Summit County,2000a,2,2463,1304,1159,1262,1123,6,9,5,5,11,7,0,0,20,15,1282,1137,10,15,7,11,23,13,2,0,1153,1027,4,7,3,3,11,7,0,0,18,15,1171,1041,8,13,4,9,22,13,2,0,109,96,2,2,2,2,0,0,0,0,2,0,111,96,2,2,3,2,1,0,0,0
050,49,043,Utah,Summit County,2000,2,2470,1308,1162,1273,1128,6,8,4,5,11,7,0,0,14,14,1287,1142,10,14,6,7,19,13,0,0,1162,1032,5,6,2,3,11,7,0,0,14,14,1176,1046,9,12,4,5,19,13,0,0,111,96,1,2,2,2,0,0,0,0,0,0,111,96,1,2,2,2,0,0,0,0
050,49,043,Utah,Summit County,2001,2,2441,1279,1162,1241,1122,7,8,6,6,8,8,1,0,16,18,1257,1140,11,16,9,10,16,14,2,0,1115,1017,5,5,5,5,8,8,1,0,16,16,1131,1033,9,12,8,8,16,14,2,0,126,105,2,3,1,1,0,0,0,0,0,2,126,107,2,4,1,2,0,0,0,0
050,49,043,Utah,Summit County,2002,2,2423,1239,1184,1203,1144,6,9,5,5,10,8,1,0,14,18,1217,1162,10,18,7,8,18,15,1,0,1070,1029,5,6,4,4,10,8,1,0,14,17,1084,1046,9,14,6,7,18,15,1,0,133,115,1,3,1,1,0,0,0,0,0,1,133,116,1,4,1,1,0,0,0,0
050,49,043,Utah,Summit County,2003,2,2414,1256,1158,1225,1111,5,9,5,8,7,11,0,0,14,19,1239,1130,10,17,7,13,14,18,0,0,1072,981,3,7,5,7,7,11,0,0,14,19,1086,1000,8,15,7,12,14,18,0,0,153,130,2,2,0,1,0,0,0,0,0,0,153,130,2,2,0,1,0,0,0,0
050,49,043,Utah,Summit County,2004,2,2373,1236,1137,1198,1095,8,7,6,5,7,12,0,0,17,18,1214,1113,15,13,10,8,14,21,0,0,1031,960,6,6,5,5,7,12,0,0,17,18,1047,978,13,12,9,8,14,21,0,0,167,135,2,1,1,0,0,0,0,0,0,0,167,135,2,1,1,0,0,0,0,0
050,49,043,Utah,Summit County,2000c,3,2656,1340,1316,1308,1281,8,2,3,5,10,9,1,2,10,17,1317,1297,10,5,7,12,15,17,1,3,1226,1202,5,2,3,5,10,9,1,2,10,17,1235,1218,7,5,7,12,15,17,1,3,82,79,3,0,0,0,0,0,0,0,0,0,82,79,3,0,0,0,0,0,0,0
050,49,043,Utah,Summit County,2000a,3,2656,1340,1316,1308,1281,8,2,3,5,10,9,1,2,10,17,1317,1297,10,5,7,12,15,17,1,3,1226,1202,5,2,3,5,10,9,1,2,10,17,1235,1218,7,5,7,12,15,17,1,3,82,79,3,0,0,0,0,0,0,0,0,0,82,79,3,0,0,0,0,0,0,0
050,49,043,Utah,Summit County,2000,3,2664,1343,1321,1315,1293,7,2,3,5,8,9,0,0,10,12,1325,1305,9,3,6,9,13,16,0,0,1233,1214,4,2,3,5,8,9,0,0,10,12,1243,1226,6,3,6,9,13,16,0,0,82,79,3,0,0,0,0,0,0,0,0,0,82,79,3,0,0,0,0,0,0,0
050,49,043,Utah,Summit County,2001,3,2688,1375,1313,1343,1277,6,5,3,6,10,12,0,0,13,13,1356,1290,9,7,6,10,17,19,0,0,1255,1189,5,5,2,5,10,12,0,0,12,13,1267,1202,8,7,4,9,17,19,0,0,88,88,1,0,1,1,0,0,0,0,1,0,89,88,1,0,2,1,0,0,0,0
050,49,043,Utah,Summit County,2002,3,2698,1401,1297,1363,1259,8,3,5,9,9,12,0,0,16,14,1379,1273,14,6,9,13,15,19,1,0,1268,1167,6,3,4,8,9,12,0,0,15,14,1283,1181,11,6,8,12,15,19,1,0,95,92,2,0,1,1,0,0,0,0,1,0,96,92,3,0,1,1,0,0,0,0
050,49,043,Utah,Summit County,2003,3,2716,1408,1308,1362,1266,13,8,6,8,11,10,0,0,16,16,1378,1281,19,13,10,13,18,17,0,0,1255,1173,11,7,4,7,11,10,0,0,16,16,1271,1188,17,12,8,12,18,17,0,0,107,93,2,1,2,1,0,0,0,0,0,0,107,93,2,1,2,1,0,0,0,0
050,49,043,Utah,Summit County,2004,3,2656,1380,1276,1334,1230,11,12,6,9,12,9,0,0,17,16,1351,1246,17,19,10,12,19,15,1,0,1226,1133,9,10,4,7,12,9,0,0,16,16,1242,1149,14,17,7,10,19,15,1,0,108,97,2,2,2,2,0,0,0,0,1,0,109,97,3,2,3,2,0,0,0,0
050,49,043,Utah,Summit County,2000c,4,2367,1306,1061,1281,1041,5,3,2,1,9,7,0,0,9,9,1289,1050,6,4,4,4,14,13,3,0,1131,948,2,2,2,0,9,6,0,0,8,8,1139,956,3,3,4,2,13,12,2,0,150,93,3,1,0,1,0,1,0,0,1,1,150,94,3,1,0,2,1,1,1,0
050,49,043,Utah,Summit County,2000a,4,2367,1306,1061,1281,1041,5,3,2,1,9,7,0,0,9,9,1289,1050,6,4,4,4,14,13,3,0,1131,948,2,2,2,0,9,6,0,0,8,8,1139,956,3,3,4,2,13,12,2,0,150,93,3,1,0,1,0,1,0,0,1,1,150,94,3,1,0,2,1,1,1,0
050,49,043,Utah,Summit County,2000,4,2357,1301,1056,1278,1041,5,3,3,1,8,6,0,0,7,5,1285,1046,5,3,5,2,13,10,0,0,1131,949,2,2,3,0,7,6,0,0,7,4,1138,953,2,2,5,0,12,10,0,0,147,92,3,1,0,1,1,0,0,0,0,1,147,93,3,1,0,2,1,0,0,0
050,49,043,Utah,Summit County,2001,4,2620,1427,1193,1397,1176,7,3,4,0,11,8,0,0,8,6,1405,1182,7,4,6,1,17,13,0,0,1255,1086,3,2,4,0,10,8,0,0,8,6,1263,1092,3,3,6,1,16,13,0,0,142,90,4,1,0,0,1,0,0,0,0,0,142,90,4,1,0,0,1,0,0,0
050,49,043,Utah,Summit County,2002,4,2702,1428,1274,1402,1252,6,5,3,2,9,8,0,0,8,7,1410,1259,6,6,6,3,14,13,0,0,1273,1151,2,4,3,2,9,8,0,0,8,7,1281,1158,2,5,6,3,14,13,0,0,129,101,4,1,0,0,0,0,0,0,0,0,129,101,4,1,0,0,0,0,0,0
050,49,043,Utah,Summit County,2003,4,2709,1388,1321,1359,1295,6,5,4,5,10,7,0,0,9,9,1368,1304,6,6,8,8,15,12,0,0,1245,1185,2,4,4,5,10,7,0,0,9,9,1254,1194,2,5,8,8,15,12,0,0,114,110,4,1,0,0,0,0,0,0,0,0,114,110,4,1,0,0,0,0,0,0
050,49,043,Utah,Summit County,2004,4,2769,1438,1331,1401,1296,9,6,6,6,10,10,0,0,12,13,1413,1309,10,10,11,12,16,15,0,0,1271,1192,6,5,6,6,10,10,0,0,12,13,1283,1205,7,9,11,12,16,15,0,0,130,104,3,1,0,0,0,0,0,0,0,0,130,104,3,1,0,0,0,0,0,0
050,49,043,Utah,Summit County,2000c,5,1768,961,807,939,781,2,3,6,10,9,8,1,0,4,5,943,785,3,5,8,10,10,11,1,1,724,637,1,1,5,6,9,8,1,0,3,5,727,641,2,3,6,6,10,11,1,1,215,144,1,2,1,4,0,0,0,0,1,0,216,144,1,2,2,4,0,0,0,0
050,49,043,Utah,Summit County,2000a,5,1768,961,807,939,781,2,3,6,10,9,8,1,0,4,5,943,785,3,5,8,10,10,11,1,1,724,637,1,1,5,6,9,8,1,0,3,5,727,641,2,3,6,6,10,11,1,1,215,144,1,2,1,4,0,0,0,0,1,0,216,144,1,2,2,4,0,0,0,0
050,49,043,Utah,Summit County,2000,5,1795,976,819,956,794,2,3,5,9,9,8,0,0,4,5,960,799,2,3,6,12,12,10,0,0,738,648,1,1,4,5,9,8,0,0,4,3,742,651,1,1,5,6,12,10,0,0,218,146,1,2,1,4,0,0,0,0,0,2,218,148,1,2,1,6,0,0,0,0
050,49,043,Utah,Summit County,2001,5,1945,1072,873,1050,847,5,3,4,9,9,10,0,0,4,4,1054,851,5,3,5,11,12,12,0,0,810,698,3,3,3,5,9,10,0,0,4,3,814,701,3,3,4,6,12,12,0,0,240,149,2,0,1,4,0,0,0,0,0,1,240,150,2,0,1,5,0,0,0,0
050,49,043,Utah,Summit County,2002,5,2147,1203,944,1175,921,6,2,4,8,12,9,0,0,6,4,1181,925,6,2,6,9,16,12,0,0,924,777,3,2,4,6,11,8,0,0,6,4,930,781,3,2,6,7,15,11,0,0,251,144,3,0,0,2,1,1,0,0,0,0,251,144,3,0,0,2,1,1,0,0
050,49,043,Utah,Summit County,2003,5,2427,1365,1062,1331,1033,10,6,6,9,9,8,0,0,9,6,1340,1039,11,7,9,11,14,11,0,0,1079,890,7,6,6,7,8,7,0,0,9,6,1088,896,8,7,9,9,13,10,0,0,252,143,3,0,0,2,1,1,0,0,0,0,252,143,3,0,0,2,1,1,0,0
050,49,043,Utah,Summit County,2004,5,2775,1525,1250,1486,1218,11,7,6,8,12,10,0,0,10,7,1496,1225,12,7,10,10,17,15,0,0,1239,1056,7,7,6,6,11,10,0,0,10,7,1249,1063,8,7,10,8,16,15,0,0,247,162,4,0,0,2,1,0,0,0,0,0,247,162,4,0,0,2,1,0,0,0
050,49,043,Utah,Summit County,2000c,6,2076,1093,983,1050,954,7,1,3,6,24,12,1,2,8,8,1056,961,9,2,5,10,27,14,4,4,842,814,4,0,1,6,24,12,1,1,8,7,848,821,6,0,3,10,27,14,4,2,208,140,3,1,2,0,0,0,0,1,0,1,208,140,3,2,2,0,0,0,0,2
050,49,043,Utah,Summit County,2000a,6,2076,1093,983,1050,954,7,1,3,6,24,12,1,2,8,8,1056,961,9,2,5,10,27,14,4,4,842,814,4,0,1,6,24,12,1,1,8,7,848,821,6,0,3,10,27,14,4,2,208,140,3,1,2,0,0,0,0,1,0,1,208,140,3,2,2,0,0,0,0,2
050,49,043,Utah,Summit County,2000,6,2119,1116,1003,1076,976,7,1,3,6,25,15,0,0,5,5,1081,981,7,1,3,8,30,18,0,0,860,832,4,0,1,6,25,14,0,0,5,5,865,837,4,0,1,8,30,17,0,0,216,144,3,1,2,0,0,1,0,0,0,0,216,144,3,1,2,0,0,1,0,0
050,49,043,Utah,Summit County,2001,6,2149,1139,1010,1104,975,6,4,3,5,21,20,0,0,5,6,1109,981,6,4,4,6,25,25,0,0,864,799,4,1,1,4,21,19,0,0,5,6,869,805,4,1,2,5,25,24,0,0,240,176,2,3,2,1,0,1,0,0,0,0,240,176,2,3,2,1,0,1,0,0
050,49,043,Utah,Summit County,2002,6,2190,1171,1019,1136,976,6,5,6,5,17,25,0,0,6,8,1142,984,6,6,7,9,22,29,0,0,871,784,6,2,3,2,17,24,0,0,6,5,877,789,6,2,4,3,22,28,0,0,265,192,0,3,3,3,0,1,0,0,0,3,265,195,0,4,3,6,0,1,0,0
050,49,043,Utah,Summit County,2003,6,2288,1224,1064,1193,1012,6,9,8,8,12,27,0,1,5,7,1198,1019,6,9,9,10,16,32,0,1,898,810,6,6,5,5,12,26,0,1,5,6,903,816,6,6,6,6,16,31,0,1,295,202,0,3,3,3,0,1,0,0,0,1,295,203,0,3,3,4,0,1,0,0
050,49,043,Utah,Summit County,2004,6,2388,1293,1095,1254,1037,7,8,9,13,16,27,0,0,7,10,1261,1047,7,9,11,17,21,32,0,0,931,829,7,6,7,10,16,27,0,0,7,9,938,838,7,7,9,13,21,32,0,0,323,208,0,2,2,3,0,0,0,0,0,1,323,209,0,2,2,4,0,0,0,0
050,49,043,Utah,Summit County,2000c,7,2208,1127,1081,1086,1045,6,4,4,6,21,18,2,1,8,7,1089,1051,7,4,7,8,26,23,7,2,947,948,5,2,3,3,20,18,2,1,7,6,949,953,6,2,6,5,24,22,7,2,139,97,1,2,1,3,1,0,0,0,1,1,140,98,1,2,1,3,2,1,0,0
050,49,043,Utah,Summit County,2000a,7,2208,1127,1081,1086,1045,6,4,4,6,21,18,2,1,8,7,1089,1051,7,4,7,8,26,23,7,2,947,948,5,2,3,3,20,18,2,1,7,6,949,953,6,2,6,5,24,22,7,2,139,97,1,2,1,3,1,0,0,0,1,1,140,98,1,2,1,3,2,1,0,0
050,49,043,Utah,Summit County,2000,7,2233,1141,1092,1101,1057,6,4,4,6,24,20,0,0,6,5,1107,1062,6,4,5,7,29,24,0,0,957,958,5,2,3,3,23,20,0,0,6,4,963,962,5,2,4,3,28,24,0,0,144,99,1,2,1,3,1,0,0,0,0,1,144,100,1,2,1,4,1,0,0,0
050,49,043,Utah,Summit County,2001,7,2215,1139,1076,1096,1042,7,2,5,6,25,21,0,0,6,5,1102,1047,7,2,7,7,29,25,0,0,938,937,6,0,4,4,24,20,0,0,6,4,944,941,6,0,6,4,28,24,0,0,158,105,1,2,1,2,1,1,0,0,0,1,158,106,1,2,1,3,1,1,0,0
050,49,043,Utah,Summit County,2002,7,2260,1163,1097,1116,1061,9,3,4,7,28,19,0,0,6,7,1122,1068,9,3,5,9,33,24,0,0,945,942,6,0,4,5,27,18,0,0,6,7,951,949,6,0,5,7,32,23,0,0,171,119,3,3,0,2,1,1,0,0,0,0,171,119,3,3,0,2,1,1,0,0
050,49,043,Utah,Summit County,2003,7,2296,1197,1099,1140,1068,13,4,3,6,36,15,0,0,5,6,1145,1074,13,4,3,9,41,18,0,0,953,935,10,2,3,5,35,15,0,0,5,5,958,940,10,2,3,7,40,18,0,0,187,133,3,2,0,1,1,0,0,0,0,1,187,134,3,2,0,2,1,0,0,0
050,49,043,Utah,Summit County,2004,7,2373,1261,1112,1200,1077,12,7,6,4,36,20,1,0,6,4,1206,1081,12,7,7,5,41,23,1,0,972,927,9,5,5,4,35,19,1,0,6,4,978,931,9,5,6,5,40,22,1,0,228,150,3,2,1,0,1,1,0,0,0,0,228,150,3,2,1,0,1,1,0,0
050,49,043,Utah,Summit County,2000c,8,2713,1353,1360,1315,1313,3,5,6,5,17,30,2,0,10,7,1325,1320,3,7,10,6,22,33,4,2,1201,1233,3,4,5,3,17,30,2,0,10,7,1211,1240,3,6,9,4,22,33,4,2,114,80,0,1,1,2,0,0,0,0,0,0,114,80,0,1,1,2,0,0,0,0
050,49,043,Utah,Summit County,2000a,8,2713,1353,1360,1315,1313,3,5,6,5,17,30,2,0,10,7,1325,1320,3,7,10,6,22,33,4,2,1201,1233,3,4,5,3,17,30,2,0,10,7,1211,1240,3,6,9,4,22,33,4,2,114,80,0,1,1,2,0,0,0,0,0,0,114,80,0,1,1,2,0,0,0,0
050,49,043,Utah,Summit County,2000,8,2712,1355,1357,1319,1312,3,5,6,4,20,30,0,1,7,5,1326,1316,3,5,9,6,24,33,0,2,1203,1231,3,4,5,2,20,30,0,1,7,5,1210,1235,3,4,8,4,24,33,0,2,116,81,0,1,1,2,0,0,0,0,0,0,116,81,0,1,1,2,0,0,0,0
050,49,043,Utah,Summit County,2001,8,2628,1322,1306,1286,1261,5,8,4,2,22,31,0,1,5,3,1291,1264,5,8,6,3,25,33,0,1,1158,1183,4,7,4,1,22,31,0,1,5,3,1163,1186,4,7,6,2,25,33,0,1,128,78,1,1,0,1,0,0,0,0,0,0,128,78,1,1,0,1,0,0,0,0
050,49,043,Utah,Summit County,2002,8,2546,1291,1255,1251,1222,6,6,3,4,26,20,0,0,5,3,1256,1225,6,6,3,5,31,22,0,0,1106,1142,5,5,2,2,26,20,0,0,5,3,1111,1145,5,5,2,3,31,22,0,0,145,80,1,1,1,2,0,0,0,0,0,0,145,80,1,1,1,2,0,0,0,0
050,49,043,Utah,Summit County,2003,8,2467,1285,1182,1239,1146,9,8,6,4,24,21,0,0,7,3,1246,1149,9,8,9,5,28,23,0,0,1071,1062,8,6,5,2,24,20,0,0,6,3,1077,1065,8,6,7,3,28,22,0,0,168,84,1,2,1,2,0,1,0,0,1,0,169,84,1,2,2,2,0,1,0,0
050,49,043,Utah,Summit County,2004,8,2421,1259,1162,1211,1119,10,8,5,7,27,24,0,0,6,4,1217,1123,10,8,7,8,31,27,0,0,1036,1025,9,5,4,3,27,24,0,0,6,4,1042,1029,9,5,6,4,31,27,0,0,175,94,1,3,1,4,0,0,0,0,0,0,175,94,1,3,1,4,0,0,0,0
050,49,043,Utah,Summit County,2000c,9,3122,1570,1552,1536,1523,1,0,9,2,18,15,0,0,6,12,1542,1535,3,0,13,9,19,20,0,0,1458,1478,1,0,8,1,18,15,0,0,5,11,1463,1489,3,0,11,7,19,20,0,0,78,45,0,0,1,1,0,0,0,0,1,1,79,46,0,0,2,2,0,0,0,0
050,49,043,Utah,Summit County,2000a,9,3122,1570,1552,1536,1523,1,0,9,2,18,15,0,0,6,12,1542,1535,3,0,13,9,19,20,0,0,1458,1478,1,0,8,1,18,15,0,0,5,11,1463,1489,3,0,11,7,19,20,0,0,78,45,0,0,1,1,0,0,0,0,1,1,79,46,0,0,2,2,0,0,0,0
050,49,043,Utah,Summit County,2000,9,3146,1579,1567,1548,1542,1,0,8,4,17,16,1,0,4,5,1552,1547,1,0,10,6,19,19,1,0,1467,1496,1,0,7,2,17,16,1,0,4,5,1471,1501,1,0,9,4,19,19,1,0,81,46,0,0,1,2,0,0,0,0,0,0,81,46,0,0,1,2,0,0,0,0
050,49,043,Utah,Summit County,2001,9,3076,1541,1535,1504,1505,1,0,7,5,23,19,0,0,6,6,1510,1511,1,0,10,7,26,23,0,0,1416,1454,1,0,6,3,23,19,0,0,6,6,1422,1460,1,0,9,5,26,23,0,0,88,51,0,0,1,2,0,0,0,0,0,0,88,51,0,0,1,2,0,0,0,0
050,49,043,Utah,Summit County,2002,9,3026,1530,1496,1494,1452,1,2,9,6,19,29,0,1,7,6,1501,1458,1,2,13,8,22,33,0,1,1398,1389,1,2,8,3,19,29,0,1,7,6,1405,1395,1,2,12,5,22,33,0,1,96,63,0,0,1,3,0,0,0,0,0,0,96,63,0,0,1,3,0,0,0,0
050,49,043,Utah,Summit County,2003,9,2986,1470,1516,1433,1468,2,2,8,7,20,30,1,1,6,8,1439,1475,2,2,11,10,23,35,1,2,1326,1397,2,2,7,5,20,30,1,1,6,8,1332,1404,2,2,10,8,23,35,1,2,107,71,0,0,1,2,0,0,0,0,0,0,107,71,0,0,1,2,0,0,0,0
050,49,043,Utah,Summit County,2004,9,2941,1453,1488,1414,1443,5,3,6,5,22,30,0,1,6,6,1420,1448,5,3,9,7,25,34,0,2,1291,1360,5,3,5,3,22,30,0,1,6,5,1297,1364,5,3,8,4,25,34,0,2,123,83,0,0,1,2,0,0,0,0,0,1,123,84,0,0,1,3,0,0,0,0
050,49,043,Utah,Summit County,2000c,10,2616,1363,1253,1345,1233,1,1,2,7,9,6,0,1,6,5,1351,1238,1,2,5,8,12,8,0,3,1309,1189,1,1,2,7,9,6,0,1,6,4,1315,1193,1,2,5,7,12,8,0,3,36,44,0,0,0,0,0,0,0,0,0,1,36,45,0,0,0,1,0,0,0,0
050,49,043,Utah,Summit County,2000a,10,2616,1363,1253,1345,1233,1,1,2,7,9,6,0,1,6,5,1351,1238,1,2,5,8,12,8,0,3,1309,1189,1,1,2,7,9,6,0,1,6,4,1315,1193,1,2,5,7,12,8,0,3,36,44,0,0,0,0,0,0,0,0,0,1,36,45,0,0,0,1,0,0,0,0
050,49,043,Utah,Summit County,2000,10,2647,1380,1267,1362,1248,1,1,3,6,10,9,0,0,4,3,1366,1251,1,1,5,9,12,9,0,0,1326,1203,1,1,3,6,10,9,0,0,4,3,1330,1206,1,1,5,9,12,9,0,0,36,45,0,0,0,0,0,0,0,0,0,0,36,45,0,0,0,0,0,0,0,0
050,49,043,Utah,Summit County,2001,10,2813,1457,1356,1436,1338,1,1,5,6,11,8,0,0,4,3,1440,1341,1,1,7,9,13,8,0,0,1392,1289,1,1,4,5,11,8,0,0,4,3,1396,1292,1,1,6,8,13,8,0,0,44,49,0,0,1,1,0,0,0,0,0,0,44,49,0,0,1,1,0,0,0,0
050,49,043,Utah,Summit County,2002,10,2997,1517,1480,1492,1460,2,1,4,4,16,12,0,0,3,3,1495,1463,2,1,6,6,17,13,0,0,1439,1410,2,1,3,3,16,12,0,0,3,3,1442,1413,2,1,5,5,17,13,0,0,53,50,0,0,1,1,0,0,0,0,0,0,53,50,0,0,1,1,0,0,0,0
050,49,043,Utah,Summit County,2003,10,3062,1553,1509,1523,1491,1,3,6,4,18,10,0,0,5,1,1528,1492,1,3,8,5,21,10,0,0,1462,1437,1,3,5,3,18,10,0,0,5,1,1467,1438,1,3,7,4,21,10,0,0,61,54,0,0,1,1,0,0,0,0,0,0,61,54,0,0,1,1,0,0,0,0
050,49,043,Utah,Summit County,2004,10,3163,1610,1553,1571,1530,1,3,9,5,21,12,1,0,7,3,1578,1533,1,3,13,7,24,13,1,0,1497,1473,1,3,8,4,21,12,1,0,7,3,1504,1476,1,3,12,6,24,13,1,0,74,57,0,0,1,1,0,0,0,0,0,0,74,57,0,0,1,1,0,0,0,0
050,49,043,Utah,Summit County,2000c,11,2032,1078,954,1063,936,0,1,2,2,8,13,0,0,5,2,1068,938,0,1,6,3,8,14,1,0,1041,915,0,1,2,2,8,13,0,0,5,2,1046,917,0,1,6,3,8,14,1,0,22,21,0,0,0,0,0,0,0,0,0,0,22,21,0,0,0,0,0,0,0,0
050,49,043,Utah,Summit County,2000a,11,2032,1078,954,1063,936,0,1,2,2,8,13,0,0,5,2,1068,938,0,1,6,3,8,14,1,0,1041,915,0,1,2,2,8,13,0,0,5,2,1046,917,0,1,6,3,8,14,1,0,22,21,0,0,0,0,0,0,0,0,0,0,22,21,0,0,0,0,0,0,0,0
050,49,043,Utah,Summit County,2000,11,2064,1095,969,1082,950,0,1,3,2,8,14,0,0,2,2,1084,952,0,1,5,3,8,15,0,0,1060,929,0,1,3,2,8,14,0,0,2,2,1062,931,0,1,5,3,8,15,0,0,22,21,0,0,0,0,0,0,0,0,0,0,22,21,0,0,0,0,0,0,0,0
050,49,043,Utah,Summit County,2001,11,2243,1184,1059,1170,1040,0,1,3,4,8,11,0,0,3,3,1173,1043,0,1,5,6,9,12,0,0,1140,1016,0,1,3,4,8,11,0,0,3,3,1143,1019,0,1,5,6,9,12,0,0,30,24,0,0,0,0,0,0,0,0,0,0,30,24,0,0,0,0,0,0,0,0
050,49,043,Utah,Summit County,2002,11,2305,1213,1092,1196,1072,0,1,3,6,11,9,0,0,3,4,1199,1076,0,1,5,9,12,10,0,0,1160,1045,0,1,3,6,11,9,0,0,3,4,1163,1049,0,1,5,9,12,10,0,0,36,27,0,0,0,0,0,0,0,0,0,0,36,27,0,0,0,0,0,0,0,0
050,49,043,Utah,Summit County,2003,11,2474,1292,1182,1276,1161,1,0,3,5,10,12,0,0,2,4,1278,1165,1,0,4,9,11,12,0,0,1239,1128,1,0,3,5,10,12,0,0,2,4,1241,1132,1,0,4,9,11,12,0,0,37,33,0,0,0,0,0,0,0,0,0,0,37,33,0,0,0,0,0,0,0,0
050,49,043,Utah,Summit County,2004,11,2624,1350,1274,1334,1249,1,0,2,5,10,15,0,0,3,5,1337,1254,1,0,4,9,11,16,0,0,1293,1217,1,0,2,5,10,15,0,0,3,5,1296,1222,1,0,4,9,11,16,0,0,41,32,0,0,0,0,0,0,0,0,0,0,41,32,0,0,0,0,0,0,0,0
050,49,043,Utah,Summit County,2000c,12,1351,731,620,718,616,3,1,1,0,4,2,0,0,5,1,722,617,3,1,5,0,6,3,0,0,700,607,2,1,1,0,4,2,0,0,5,1,704,608,2,1,5,0,6,3,0,0,18,9,1,0,0,0,0,0,0,0,0,0,18,9,1,0,0,0,0,0,0,0
050,49,043,Utah,Summit County,2000a,12,1351,731,620,718,616,3,1,1,0,4,2,0,0,5,1,722,617,3,1,5,0,6,3,0,0,700,607,2,1,1,0,4,2,0,0,5,1,704,608,2,1,5,0,6,3,0,0,18,9,1,0,0,0,0,0,0,0,0,0,18,9,1,0,0,0,0,0,0,0
050,49,043,Utah,Summit County,2000,12,1361,736,625,726,621,3,1,2,0,4,3,0,0,1,0,727,621,3,1,3,0,4,3,0,0,708,612,2,1,2,0,4,3,0,0,1,0,709,612,2,1,3,0,4,3,0,0,18,9,1,0,0,0,0,0,0,0,0,0,18,9,1,0,0,0,0,0,0,0
050,49,043,Utah,Summit County,2001,12,1431,776,655,765,648,3,1,1,0,5,6,0,0,2,0,767,648,4,1,3,0,5,6,0,0,750,637,2,1,1,0,5,6,0,0,2,0,752,637,3,1,3,0,5,6,0,0,15,11,1,0,0,0,0,0,0,0,0,0,15,11,1,0,0,0,0,0,0,0
050,49,043,Utah,Summit County,2002,12,1598,858,740,848,731,2,1,2,0,4,8,0,0,2,0,850,731,2,1,4,0,4,8,0,0,837,718,1,1,2,0,4,8,0,0,2,0,839,718,1,1,4,0,4,8,0,0,11,13,1,0,0,0,0,0,0,0,0,0,11,13,1,0,0,0,0,0,0,0
050,49,043,Utah,Summit County,2003,12,1732,927,805,914,793,2,1,3,1,6,9,0,0,2,1,916,794,2,1,5,1,6,10,0,0,898,781,1,1,3,1,6,9,0,0,2,1,900,782,1,1,5,1,6,10,0,0,16,12,1,0,0,0,0,0,0,0,0,0,16,12,1,0,0,0,0,0,0,0
050,49,043,Utah,Summit County,2004,12,1890,1005,885,991,874,1,1,3,1,7,9,0,0,3,0,994,874,1,1,5,1,8,9,0,0,967,858,1,1,3,1,7,9,0,0,3,0,970,858,1,1,5,1,8,9,0,0,24,16,0,0,0,0,0,0,0,0,0,0,24,16,0,0,0,0,0,0,0,0
050,49,043,Utah,Summit County,2000c,13,800,431,369,428,367,1,1,0,0,1,0,0,0,1,1,429,368,1,1,0,1,2,0,0,0,418,361,1,1,0,0,1,0,0,0,1,1,419,362,1,1,0,1,2,0,0,0,10,6,0,0,0,0,0,0,0,0,0,0,10,6,0,0,0,0,0,0,0,0
050,49,043,Utah,Summit County,2000a,13,800,431,369,428,367,1,1,0,0,1,0,0,0,1,1,429,368,1,1,0,1,2,0,0,0,418,361,1,1,0,0,1,0,0,0,1,1,419,362,1,1,0,1,2,0,0,0,10,6,0,0,0,0,0,0,0,0,0,0,10,6,0,0,0,0,0,0,0,0
050,49,043,Utah,Summit County,2000,13,805,434,371,432,370,1,1,0,0,1,0,0,0,0,0,432,370,1,1,0,0,1,0,0,0,422,364,1,1,0,0,1,0,0,0,0,0,422,364,1,1,0,0,1,0,0,0,10,6,0,0,0,0,0,0,0,0,0,0,10,6,0,0,0,0,0,0,0,0
050,49,043,Utah,Summit County,2001,13,878,468,410,467,409,0,1,0,0,1,0,0,0,0,0,467,409,0,1,0,0,1,0,0,0,455,400,0,1,0,0,1,0,0,0,0,0,455,400,0,1,0,0,1,0,0,0,12,9,0,0,0,0,0,0,0,0,0,0,12,9,0,0,0,0,0,0,0,0
050,49,043,Utah,Summit County,2002,13,991,532,459,528,458,1,1,0,0,3,0,0,0,0,0,528,458,1,1,0,0,3,0,0,0,511,449,1,1,0,0,3,0,0,0,0,0,511,449,1,1,0,0,3,0,0,0,17,9,0,0,0,0,0,0,0,0,0,0,17,9,0,0,0,0,0,0,0,0
050,49,043,Utah,Summit County,2003,13,1125,616,509,612,507,1,2,0,0,3,0,0,0,0,0,612,507,1,2,0,0,3,0,0,0,593,494,1,2,0,0,3,0,0,0,0,0,593,494,1,2,0,0,3,0,0,0,19,13,0,0,0,0,0,0,0,0,0,0,19,13,0,0,0,0,0,0,0,0
050,49,043,Utah,Summit County,2004,13,1237,674,563,669,560,2,2,0,0,3,1,0,0,0,0,669,560,2,2,0,0,3,1,0,0,650,547,1,2,0,0,3,1,0,0,0,0,650,547,1,2,0,0,3,1,0,0,19,13,1,0,0,0,0,0,0,0,0,0,19,13,1,0,0,0,0,0,0,0
050,49,043,Utah,Summit County,2000c,14,533,287,246,286,242,0,0,0,1,1,3,0,0,0,0,286,242,0,0,0,1,1,3,0,0,281,236,0,0,0,1,1,3,0,0,0,0,281,236,0,0,0,1,1,3,0,0,5,6,0,0,0,0,0,0,0,0,0,0,5,6,0,0,0,0,0,0,0,0
050,49,043,Utah,Summit County,2000a,14,533,287,246,286,242,0,0,0,1,1,3,0,0,0,0,286,242,0,0,0,1,1,3,0,0,281,236,0,0,0,1,1,3,0,0,0,0,281,236,0,0,0,1,1,3,0,0,5,6,0,0,0,0,0,0,0,0,0,0,5,6,0,0,0,0,0,0,0,0
050,49,043,Utah,Summit County,2000,14,540,291,249,290,245,0,0,0,1,1,3,0,0,0,0,290,245,0,0,0,1,1,3,0,0,285,239,0,0,0,1,1,3,0,0,0,0,285,239,0,0,0,1,1,3,0,0,5,6,0,0,0,0,0,0,0,0,0,0,5,6,0,0,0,0,0,0,0,0
050,49,043,Utah,Summit County,2001,14,593,320,273,318,270,1,0,0,0,1,3,0,0,0,0,318,270,1,0,0,0,1,3,0,0,310,264,1,0,0,0,1,3,0,0,0,0,310,264,1,0,0,0,1,3,0,0,8,6,0,0,0,0,0,0,0,0,0,0,8,6,0,0,0,0,0,0,0,0
050,49,043,Utah,Summit County,2002,14,623,346,277,344,274,1,0,0,0,1,3,0,0,0,0,344,274,1,0,0,0,1,3,0,0,334,269,1,0,0,0,1,3,0,0,0,0,334,269,1,0,0,0,1,3,0,0,10,5,0,0,0,0,0,0,0,0,0,0,10,5,0,0,0,0,0,0,0,0
050,49,043,Utah,Summit County,2003,14,664,358,306,356,304,1,0,0,0,1,2,0,0,0,0,356,304,1,0,0,0,1,2,0,0,346,300,1,0,0,0,1,2,0,0,0,0,346,300,1,0,0,0,1,2,0,0,10,4,0,0,0,0,0,0,0,0,0,0,10,4,0,0,0,0,0,0,0,0
050,49,043,Utah,Summit County,2004,14,740,393,347,391,345,1,0,0,0,1,2,0,0,0,0,391,345,1,0,0,0,1,2,0,0,381,340,1,0,0,0,1,2,0,0,0,0,381,340,1,0,0,0,1,2,0,0,10,5,0,0,0,0,0,0,0,0,0,0,10,5,0,0,0,0,0,0,0,0
050,49,043,Utah,Summit County,2000c,15,399,222,177,221,176,0,0,0,0,0,1,0,0,1,0,222,176,0,0,0,0,0,1,1,0,219,175,0,0,0,0,0,1,0,0,1,0,220,175,0,0,0,0,0,1,1,0,2,1,0,0,0,0,0,0,0,0,0,0,2,1,0,0,0,0,0,0,0,0
050,49,043,Utah,Summit County,2000a,15,399,222,177,221,176,0,0,0,0,0,1,0,0,1,0,222,176,0,0,0,0,0,1,1,0,219,175,0,0,0,0,0,1,0,0,1,0,220,175,0,0,0,0,0,1,1,0,2,1,0,0,0,0,0,0,0,0,0,0,2,1,0,0,0,0,0,0,0,0
050,49,043,Utah,Summit County,2000,15,407,227,180,227,179,0,0,0,0,0,1,0,0,0,0,227,179,0,0,0,0,0,1,0,0,225,178,0,0,0,0,0,1,0,0,0,0,225,178,0,0,0,0,0,1,0,0,2,1,0,0,0,0,0,0,0,0,0,0,2,1,0,0,0,0,0,0,0,0
050,49,043,Utah,Summit County,2001,15,430,238,192,238,191,0,0,0,1,0,0,0,0,0,0,238,191,0,0,0,1,0,0,0,0,236,191,0,0,0,1,0,0,0,0,0,0,236,191,0,0,0,1,0,0,0,0,2,0,0,0,0,0,0,0,0,0,0,0,2,0,0,0,0,0,0,0,0,0
050,49,043,Utah,Summit County,2002,15,446,236,210,236,209,0,0,0,1,0,0,0,0,0,0,236,209,0,0,0,1,0,0,0,0,235,207,0,0,0,1,0,0,0,0,0,0,235,207,0,0,0,1,0,0,0,0,1,2,0,0,0,0,0,0,0,0,0,0,1,2,0,0,0,0,0,0,0,0
050,49,043,Utah,Summit County,2003,15,451,228,223,227,221,0,0,0,1,1,1,0,0,0,0,227,221,0,0,0,1,1,1,0,0,226,218,0,0,0,1,1,1,0,0,0,0,226,218,0,0,0,1,1,1,0,0,1,3,0,0,0,0,0,0,0,0,0,0,1,3,0,0,0,0,0,0,0,0
050,49,043,Utah,Summit County,2004,15,449,228,221,227,219,0,0,0,1,1,1,0,0,0,0,227,219,0,0,0,1,1,1,0,0,226,216,0,0,0,1,1,1,0,0,0,0,226,216,0,0,0,1,1,1,0,0,1,3,0,0,0,0,0,0,0,0,0,0,1,3,0,0,0,0,0,0,0,0
050,49,043,Utah,Summit County,2000c,16,235,109,126,107,125,0,0,0,0,2,1,0,0,0,0,107,125,0,0,0,0,2,1,0,0,105,124,0,0,0,0,2,1,0,0,0,0,105,124,0,0,0,0,2,1,0,0,2,1,0,0,0,0,0,0,0,0,0,0,2,1,0,0,0,0,0,0,0,0
050,49,043,Utah,Summit County,2000a,16,235,109,126,107,125,0,0,0,0,2,1,0,0,0,0,107,125,0,0,0,0,2,1,0,0,105,124,0,0,0,0,2,1,0,0,0,0,105,124,0,0,0,0,2,1,0,0,2,1,0,0,0,0,0,0,0,0,0,0,2,1,0,0,0,0,0,0,0,0
050,49,043,Utah,Summit County,2000,16,240,111,129,109,128,0,0,0,0,2,1,0,0,0,0,109,128,0,0,0,0,2,1,0,0,107,127,0,0,0,0,2,1,0,0,0,0,107,127,0,0,0,0,2,1,0,0,2,1,0,0,0,0,0,0,0,0,0,0,2,1,0,0,0,0,0,0,0,0
050,49,043,Utah,Summit County,2001,16,259,119,140,117,138,0,0,0,0,2,2,0,0,0,0,117,138,0,0,0,0,2,2,0,0,115,136,0,0,0,0,2,2,0,0,0,0,115,136,0,0,0,0,2,2,0,0,2,2,0,0,0,0,0,0,0,0,0,0,2,2,0,0,0,0,0,0,0,0
050,49,043,Utah,Summit County,2002,16,281,126,155,126,154,0,0,0,0,0,1,0,0,0,0,126,154,0,0,0,0,0,1,0,0,125,152,0,0,0,0,0,1,0,0,0,0,125,152,0,0,0,0,0,1,0,0,1,2,0,0,0,0,0,0,0,0,0,0,1,2,0,0,0,0,0,0,0,0
050,49,043,Utah,Summit County,2003,16,306,151,155,151,154,0,0,0,0,0,1,0,0,0,0,151,154,0,0,0,0,0,1,0,0,150,153,0,0,0,0,0,1,0,0,0,0,150,153,0,0,0,0,0,1,0,0,1,1,0,0,0,0,0,0,0,0,0,0,1,1,0,0,0,0,0,0,0,0
050,49,043,Utah,Summit County,2004,16,305,157,148,156,147,0,0,0,0,1,1,0,0,0,0,156,147,0,0,0,0,1,1,0,0,155,146,0,0,0,0,1,1,0,0,0,0,155,146,0,0,0,0,1,1,0,0,1,1,0,0,0,0,0,0,0,0,0,0,1,1,0,0,0,0,0,0,0,0
050,49,043,Utah,Summit County,2000c,17,167,69,98,69,98,0,0,0,0,0,0,0,0,0,0,69,98,0,0,0,0,0,0,0,0,69,97,0,0,0,0,0,0,0,0,0,0,69,97,0,0,0,0,0,0,0,0,0,1,0,0,0,0,0,0,0,0,0,0,0,1,0,0,0,0,0,0,0,0
050,49,043,Utah,Summit County,2000a,17,167,69,98,69,98,0,0,0,0,0,0,0,0,0,0,69,98,0,0,0,0,0,0,0,0,69,97,0,0,0,0,0,0,0,0,0,0,69,97,0,0,0,0,0,0,0,0,0,1,0,0,0,0,0,0,0,0,0,0,0,1,0,0,0,0,0,0,0,0
050,49,043,Utah,Summit County,2000,17,170,71,99,71,99,0,0,0,0,0,0,0,0,0,0,71,99,0,0,0,0,0,0,0,0,71,98,0,0,0,0,0,0,0,0,0,0,71,98,0,0,0,0,0,0,0,0,0,1,0,0,0,0,0,0,0,0,0,0,0,1,0,0,0,0,0,0,0,0
050,49,043,Utah,Summit County,2001,17,170,78,92,78,92,0,0,0,0,0,0,0,0,0,0,78,92,0,0,0,0,0,0,0,0,78,92,0,0,0,0,0,0,0,0,0,0,78,92,0,0,0,0,0,0,0,0,0,0,0,0,0,0,0,0,0,0,0,0,0,0,0,0,0,0,0,0,0,0
050,49,043,Utah,Summit County,2002,17,173,79,94,77,93,0,0,0,0,2,1,0,0,0,0,77,93,0,0,0,0,2,1,0,0,76,93,0,0,0,0,2,1,0,0,0,0,76,93,0,0,0,0,2,1,0,0,1,0,0,0,0,0,0,0,0,0,0,0,1,0,0,0,0,0,0,0,0,0
050,49,043,Utah,Summit County,2003,17,173,80,93,78,92,0,0,0,0,2,1,0,0,0,0,78,92,0,0,0,0,2,1,0,0,77,91,0,0,0,0,2,1,0,0,0,0,77,91,0,0,0,0,2,1,0,0,1,1,0,0,0,0,0,0,0,0,0,0,1,1,0,0,0,0,0,0,0,0
050,49,043,Utah,Summit County,2004,17,180,83,97,82,96,0,0,0,0,1,1,0,0,0,0,82,96,0,0,0,0,1,1,0,0,81,95,0,0,0,0,1,1,0,0,0,0,81,95,0,0,0,0,1,1,0,0,1,1,0,0,0,0,0,0,0,0,0,0,1,1,0,0,0,0,0,0,0,0
050,49,043,Utah,Summit County,2000c,18,112,36,76,36,76,0,0,0,0,0,0,0,0,0,0,36,76,0,0,0,0,0,0,0,0,35,73,0,0,0,0,0,0,0,0,0,0,35,73,0,0,0,0,0,0,0,0,1,3,0,0,0,0,0,0,0,0,0,0,1,3,0,0,0,0,0,0,0,0
050,49,043,Utah,Summit County,2000a,18,112,36,76,36,76,0,0,0,0,0,0,0,0,0,0,36,76,0,0,0,0,0,0,0,0,35,73,0,0,0,0,0,0,0,0,0,0,35,73,0,0,0,0,0,0,0,0,1,3,0,0,0,0,0,0,0,0,0,0,1,3,0,0,0,0,0,0,0,0
050,49,043,Utah,Summit County,2000,18,115,37,78,37,78,0,0,0,0,0,0,0,0,0,0,37,78,0,0,0,0,0,0,0,0,36,75,0,0,0,0,0,0,0,0,0,0,36,75,0,0,0,0,0,0,0,0,1,3,0,0,0,0,0,0,0,0,0,0,1,3,0,0,0,0,0,0,0,0
050,49,043,Utah,Summit County,2001,18,119,39,80,39,80,0,0,0,0,0,0,0,0,0,0,39,80,0,0,0,0,0,0,0,0,38,77,0,0,0,0,0,0,0,0,0,0,38,77,0,0,0,0,0,0,0,0,1,3,0,0,0,0,0,0,0,0,0,0,1,3,0,0,0,0,0,0,0,0
050,49,043,Utah,Summit County,2002,18,124,44,80,44,80,0,0,0,0,0,0,0,0,0,0,44,80,0,0,0,0,0,0,0,0,44,78,0,0,0,0,0,0,0,0,0,0,44,78,0,0,0,0,0,0,0,0,0,2,0,0,0,0,0,0,0,0,0,0,0,2,0,0,0,0,0,0,0,0
050,49,043,Utah,Summit County,2003,18,133,47,86,47,86,0,0,0,0,0,0,0,0,0,0,47,86,0,0,0,0,0,0,0,0,47,84,0,0,0,0,0,0,0,0,0,0,47,84,0,0,0,0,0,0,0,0,0,2,0,0,0,0,0,0,0,0,0,0,0,2,0,0,0,0,0,0,0,0
050,49,043,Utah,Summit County,2004,18,136,48,88,48,88,0,0,0,0,0,0,0,0,0,0,48,88,0,0,0,0,0,0,0,0,48,86,0,0,0,0,0,0,0,0,0,0,48,86,0,0,0,0,0,0,0,0,0,2,0,0,0,0,0,0,0,0,0,0,0,2,0,0,0,0,0,0,0,0
050,49,045,Utah,Tooele County,2000c,0,40735,20056,20679,19208,19303,162,406,291,437,95,170,43,33,257,330,19458,19596,215,485,410,616,173,274,75,68,17166,17410,120,377,217,402,85,157,36,28,223,300,17384,17674,163,448,325,567,152,254,63,59,2042,1893,42,29,74,35,10,13,7,5,34,30,2074,1922,52,37,85,49,21,20,12,9
050,49,045,Utah,Tooele County,2000a,0,40735,20056,20679,19208,19303,162,406,291,437,95,170,43,33,257,330,19458,19596,215,485,410,616,173,274,75,68,17166,17410,120,377,217,402,85,157,36,28,223,300,17384,17674,163,448,325,567,152,254,63,59,2042,1893,42,29,74,35,10,13,7,5,34,30,2074,1922,52,37,85,49,21,20,12,9
050,49,045,Utah,Tooele County,2000,0,41680,20539,21141,19696,19786,171,395,307,454,105,160,32,45,228,301,19924,20076,204,467,418,599,172,243,55,70,17582,17835,128,366,235,418,96,148,28,42,206,283,17788,18107,158,436,330,550,161,228,50,67,2114,1951,43,29,72,36,9,12,4,3,22,18,2136,1969,46,31,88,49,11,15,5,3
050,49,045,Utah,Tooele County,2001,0,43962,21686,22276,20753,20847,189,417,324,461,118,185,42,51,260,315,21011,21151,225,492,445,603,201,277,69,80,18616,18831,138,383,254,423,110,174,38,48,229,298,18845,19119,172,455,353,554,186,262,63,77,2137,2016,51,34,70,38,8,11,4,3,31,17,2166,2032,53,37,92,49,15,15,6,3
050,49,045,Utah,Tooele County,2002,0,46007,22713,23294,21694,21781,218,435,334,471,138,211,48,55,281,341,21971,22108,262,518,462,620,223,315,79,86,19495,19710,155,395,258,435,129,198,45,53,253,325,19745,20021,194,476,366,573,210,299,76,84,2199,2071,63,40,76,36,9,13,3,2,28,16,2226,2087,68,42,96,47,13,16,3,2
050,49,045,Utah,Tooele County,2003,0,48084,23733,24351,22645,22765,244,452,332,472,163,234,49,64,300,364,22943,23115,294,540,459,627,261,350,83,97,20352,20599,168,402,257,434,152,223,47,60,271,345,20622,20932,213,488,363,576,244,333,81,93,2293,2166,76,50,75,38,11,11,2,4,29,19,2321,2183,81,52,96,51,17,17,2,4
050,49,045,Utah,Tooele County,2004,0,49688,24485,25203,23314,23549,297,483,323,460,179,260,60,68,312,383,23622,23917,353,579,449,618,286,384,94,103,20994,21363,206,427,247,424,171,246,55,65,288,359,21279,21708,259,516,355,570,274,363,89,99,2320,2186,91,56,76,36,8,14,5,3,24,24,2343,2209,94,63,94,48,12,21,5,4
050,49,045,Utah,Tooele County,2000c,1,4477,2269,2208,2161,2100,20,19,24,21,8,8,6,8,50,52,2211,2150,38,35,36,37,23,23,15,16,1915,1826,11,15,13,13,7,7,5,8,40,44,1955,1869,26,30,23,24,19,20,12,15,246,274,9,4,11,8,1,1,1,0,10,8,256,281,12,5,13,13,4,3,3,1
050,49,045,Utah,Tooele County,2000a,1,4477,2269,2208,2161,2100,20,19,24,21,8,8,6,8,50,52,2211,2150,38,35,36,37,23,23,15,16,1915,1826,11,15,13,13,7,7,5,8,40,44,1955,1869,26,30,23,24,19,20,12,15,246,274,9,4,11,8,1,1,1,0,10,8,256,281,12,5,13,13,4,3,3,1
050,49,045,Utah,Tooele County,2000,1,4627,2342,2285,2228,2166,21,22,25,23,11,10,6,5,51,59,2279,2225,34,36,39,42,29,29,14,13,1970,1881,13,18,15,15,10,10,5,5,44,51,2014,1932,24,31,26,28,27,28,12,13,258,285,8,4,10,8,1,0,1,0,7,8,265,293,10,5,13,14,2,1,2,0
050,49,045,Utah,Tooele County,2001,1,4832,2467,2365,2353,2251,18,21,26,20,10,15,5,5,55,53,2408,2304,32,33,39,33,31,35,14,13,2078,1957,11,18,18,14,9,14,4,5,47,48,2125,2005,23,29,28,24,28,33,12,13,275,294,7,3,8,6,1,1,1,0,8,5,283,299,9,4,11,9,3,2,2,0
050,49,045,Utah,Tooele County,2002,1,4995,2574,2421,2464,2309,15,17,21,19,12,14,6,5,56,57,2520,2366,33,31,32,31,32,37,14,13,2171,2015,9,15,16,14,11,14,5,5,49,51,2220,2066,23,28,25,23,30,35,13,13,293,294,6,2,5,5,1,0,1,0,7,6,300,300,10,3,7,8,2,2,1,0
050,49,045,Utah,Tooele County,2003,1,5010,2591,2419,2481,2326,12,8,25,14,12,14,6,5,55,52,2536,2378,29,20,37,23,33,38,13,13,2161,2025,8,8,19,12,11,14,5,5,46,50,2207,2075,22,20,26,20,29,37,12,13,320,301,4,0,6,2,1,0,1,0,9,2,329,303,7,0,11,3,4,1,1,0
050,49,045,Utah,Tooele County,2004,1,4930,2544,2386,2448,2301,10,6,20,14,13,14,5,5,48,46,2496,2347,27,18,26,21,33,35,10,11,2116,2019,10,6,16,13,13,14,5,5,46,44,2162,2063,25,17,22,19,33,35,10,11,332,282,0,0,4,1,0,0,0,0,2,2,334,284,2,1,4,2,0,0,0,0
050,49,045,Utah,Tooele County,2000c,2,3888,1998,1890,1900,1789,20,13,24,28,6,8,4,2,44,50,1942,1838,33,24,45,45,17,23,9,12,1665,1556,14,9,16,22,4,7,2,1,39,45,1703,1600,24,17,34,38,15,21,7,11,235,233,6,4,8,6,2,1,2,1,5,5,239,238,9,7,11,7,2,2,2,1
050,49,045,Utah,Tooele County,2000a,2,3888,1998,1890,1900,1789,20,13,24,28,6,8,4,2,44,50,1942,1838,33,24,45,45,17,23,9,12,1665,1556,14,9,16,22,4,7,2,1,39,45,1703,1600,24,17,34,38,15,21,7,11,235,233,6,4,8,6,2,1,2,1,5,5,239,238,9,7,11,7,2,2,2,1
050,49,045,Utah,Tooele County,2000,2,3985,2047,1938,1945,1836,23,14,28,30,7,9,4,6,40,43,1985,1879,33,24,43,46,18,22,9,11,1703,1596,15,10,20,24,6,8,3,5,35,37,1738,1633,25,19,31,36,16,20,8,10,242,240,8,4,8,6,1,1,1,1,5,6,247,246,8,5,12,10,2,2,1,1
050,49,045,Utah,Tooele County,2001,2,4254,2159,2095,2046,1986,24,15,27,32,9,10,5,6,48,46,2094,2032,35,25,44,49,25,25,11,11,1818,1730,16,9,19,25,7,9,4,5,39,39,1857,1769,27,18,31,38,20,22,9,10,228,256,8,6,8,7,2,1,1,1,9,7,237,263,8,7,13,11,5,3,2,1
050,49,045,Utah,Tooele County,2002,2,4448,2279,2169,2156,2056,25,21,32,26,11,12,5,6,50,48,2205,2104,38,34,50,42,27,27,10,11,1910,1799,17,12,20,21,10,11,5,5,42,43,1951,1842,29,24,33,34,24,25,10,10,246,257,8,9,12,5,1,1,0,1,8,5,254,262,9,10,17,8,3,2,0,1
050,49,045,Utah,Tooele County,2003,2,4688,2374,2314,2258,2180,25,25,25,31,9,15,6,6,51,57,2309,2236,39,40,40,50,26,34,12,12,2010,1916,15,17,15,23,9,14,6,5,45,49,2055,1965,28,31,26,36,25,31,12,11,248,264,10,8,10,8,0,1,0,1,6,8,254,271,11,9,14,14,1,3,0,1
050,49,045,Utah,Tooele County,2004,2,4829,2421,2408,2286,2273,30,28,28,24,13,14,7,6,57,63,2343,2335,44,48,43,43,35,34,14,13,2030,1996,17,20,16,15,12,14,6,6,49,55,2079,2050,30,39,27,29,31,32,13,13,256,277,13,8,12,9,1,0,1,0,8,8,264,285,14,9,16,14,4,2,1,0
050,49,045,Utah,Tooele County,2000c,3,3512,1798,1714,1697,1633,8,9,31,23,14,15,3,1,45,33,1742,1665,16,16,50,35,31,30,9,5,1486,1442,6,7,23,22,13,15,3,1,38,28,1524,1469,11,13,39,33,28,27,9,5,211,191,2,2,8,1,1,0,0,0,7,5,218,196,5,3,11,2,3,3,0,0
050,49,045,Utah,Tooele County,2000a,3,3512,1798,1714,1697,1633,8,9,31,23,14,15,3,1,45,33,1742,1665,16,16,50,35,31,30,9,5,1486,1442,6,7,23,22,13,15,3,1,38,28,1524,1469,11,13,39,33,28,27,9,5,211,191,2,2,8,1,1,0,0,0,7,5,218,196,5,3,11,2,3,3,0,0
050,49,045,Utah,Tooele County,2000,3,3604,1847,1757,1745,1676,10,10,33,23,13,11,6,6,40,31,1785,1707,16,15,50,32,27,23,12,11,1526,1478,8,8,25,22,12,11,6,6,36,30,1562,1508,14,13,38,31,26,22,12,11,219,198,2,2,8,1,1,0,0,0,4,1,223,199,2,2,12,1,1,1,0,0
050,49,045,Utah,Tooele County,2001,3,3777,1982,1795,1878,1708,15,12,33,23,12,12,5,7,39,33,1917,1741,20,17,50,34,25,24,10,12,1647,1504,10,10,26,21,11,12,5,7,34,32,1681,1536,15,15,38,31,24,24,10,12,231,204,5,2,7,2,1,0,0,0,5,1,236,205,5,2,12,3,1,0,0,0
050,49,045,Utah,Tooele County,2002,3,3967,2026,1941,1916,1844,19,16,30,24,13,14,8,7,40,36,1956,1879,25,22,47,37,26,27,13,12,1695,1621,14,14,22,21,12,13,7,7,35,34,1730,1654,20,20,34,32,25,26,12,12,221,223,5,2,8,3,1,1,1,0,5,2,226,225,5,2,13,5,1,1,1,0
050,49,045,Utah,Tooele County,2003,3,4082,2108,1974,1989,1872,24,21,31,25,13,13,7,7,44,36,2033,1907,33,29,48,37,28,25,13,12,1757,1647,18,15,23,22,11,13,7,7,38,34,1795,1680,26,22,36,33,25,25,13,12,232,225,6,6,8,3,2,0,0,0,6,2,238,227,7,7,12,4,3,0,0,0
050,49,045,Utah,Tooele County,2004,3,4214,2168,2046,2050,1932,27,23,26,30,13,13,8,7,44,41,2094,1973,37,33,44,43,26,27,13,12,1824,1700,20,15,19,26,11,12,7,7,39,36,1863,1736,30,22,32,37,24,25,12,12,226,232,7,8,7,4,2,1,1,0,5,5,231,237,7,11,12,6,2,2,1,0
050,49,045,Utah,Tooele County,2000c,4,3931,1689,2242,1598,1742,18,223,34,156,11,31,3,4,25,86,1622,1803,21,253,46,216,19,63,7,6,1382,1549,13,220,27,153,11,29,3,3,22,83,1403,1607,16,249,39,212,16,60,7,4,216,193,5,3,7,3,0,2,0,1,3,3,219,196,5,4,7,4,3,3,0,2
050,49,045,Utah,Tooele County,2000a,4,3931,1689,2242,1598,1742,18,223,34,156,11,31,3,4,25,86,1622,1803,21,253,46,216,19,63,7,6,1382,1549,13,220,27,153,11,29,3,3,22,83,1403,1607,16,249,39,212,16,60,7,4,216,193,5,3,7,3,0,2,0,1,3,3,219,196,5,4,7,4,3,3,0,2
050,49,045,Utah,Tooele County,2000,4,3978,1713,2265,1624,1779,18,212,35,158,8,27,3,9,25,80,1649,1851,21,243,47,202,15,43,6,14,1407,1584,13,209,28,155,8,26,3,8,24,78,1431,1654,16,240,39,197,15,42,6,13,217,195,5,3,7,3,0,1,0,1,1,2,218,197,5,3,8,5,0,1,0,1
050,49,045,Utah,Tooele County,2001,4,4149,1761,2388,1661,1890,19,220,37,159,11,26,5,10,28,83,1689,1966,23,254,49,202,19,41,9,16,1448,1682,14,215,31,157,11,25,5,9,27,82,1475,1757,18,249,42,199,19,40,9,15,213,208,5,5,6,2,0,1,0,1,1,1,214,209,5,5,7,3,0,1,0,1
050,49,045,Utah,Tooele County,2002,4,4245,1834,2411,1723,1906,22,219,40,161,11,28,4,11,34,86,1756,1984,27,253,55,205,21,46,9,17,1500,1694,14,213,33,159,11,28,4,11,32,86,1531,1772,19,247,46,203,21,46,9,17,223,212,8,6,7,2,0,0,0,0,2,0,225,212,8,6,9,2,0,0,0,0
050,49,045,Utah,Tooele County,2003,4,4331,1861,2470,1743,1950,20,222,40,159,15,32,5,13,38,94,1780,2036,25,257,56,205,28,54,11,20,1508,1719,13,214,33,157,14,32,5,13,35,91,1542,1802,18,249,46,201,27,53,11,20,235,231,7,8,7,2,1,0,0,0,3,3,238,234,7,8,10,4,1,1,0,0
050,49,045,Utah,Tooele County,2004,4,4405,1919,2486,1799,1963,23,225,37,156,16,36,6,14,38,92,1836,2045,28,259,53,200,29,59,11,21,1567,1745,18,218,31,154,15,36,6,14,35,90,1601,1825,23,252,44,197,28,58,11,21,232,218,5,7,6,2,1,0,0,0,3,2,235,220,5,7,9,3,1,1,0,0
050,49,045,Utah,Tooele County,2000c,5,3148,1354,1794,1267,1563,21,105,36,81,12,11,2,5,16,29,1281,1586,26,112,45,101,16,22,3,6,1127,1410,14,101,27,78,10,11,2,4,15,28,1140,1432,19,108,36,97,13,22,3,5,140,153,7,4,9,3,2,0,0,1,1,1,141,154,7,4,9,4,3,0,0,1
050,49,045,Utah,Tooele County,2000a,5,3148,1354,1794,1267,1563,21,105,36,81,12,11,2,5,16,29,1281,1586,26,112,45,101,16,22,3,6,1127,1410,14,101,27,78,10,11,2,4,15,28,1140,1432,19,108,36,97,13,22,3,5,140,153,7,4,9,3,2,0,0,1,1,1,141,154,7,4,9,4,3,0,0,1
050,49,045,Utah,Tooele County,2000,5,3242,1399,1843,1311,1613,24,98,38,81,10,15,2,5,14,31,1325,1641,24,109,46,98,15,23,3,6,1165,1456,17,94,29,78,9,14,2,5,12,31,1177,1484,17,105,35,95,14,22,3,6,146,157,7,4,9,3,1,1,0,0,2,0,148,157,7,4,11,3,1,1,0,0
050,49,045,Utah,Tooele County,2001,5,3705,1674,2031,1574,1782,24,102,37,85,14,19,5,7,20,36,1594,1815,25,114,47,102,21,29,7,10,1416,1636,17,98,28,82,13,19,5,7,18,36,1434,1669,18,110,36,99,20,29,7,10,158,146,7,4,9,3,1,0,0,0,2,0,160,146,7,4,11,3,1,0,0,0
050,49,045,Utah,Tooele County,2002,5,4119,1873,2246,1758,1973,28,108,39,92,19,23,6,7,23,43,1781,2013,29,123,51,111,26,34,9,11,1569,1819,21,103,31,87,17,21,6,7,20,42,1589,1858,22,118,40,105,24,32,9,11,189,154,7,5,8,5,2,2,0,0,3,1,192,155,7,5,11,6,2,2,0,0
050,49,045,Utah,Tooele County,2003,5,4546,2085,2461,1960,2175,32,110,35,94,23,27,6,8,29,47,1989,2219,35,125,46,116,33,40,11,12,1755,1999,21,102,26,90,22,25,6,8,27,46,1782,2042,24,117,35,111,32,38,11,12,205,176,11,8,9,4,1,2,0,0,2,1,207,177,11,8,11,5,1,2,0,0
050,49,045,Utah,Tooele County,2004,5,4687,2164,2523,2021,2234,45,115,37,91,20,27,6,8,35,48,2055,2280,51,130,52,113,31,41,11,12,1801,2048,29,107,28,88,19,26,6,8,32,46,1832,2092,35,122,40,109,30,39,11,12,220,186,16,8,9,3,1,1,0,0,3,2,223,188,16,8,12,4,1,2,0,0
050,49,045,Utah,Tooele County,2000c,6,3368,1660,1708,1590,1645,17,11,26,18,9,19,6,4,12,11,1601,1655,19,11,32,21,12,23,9,10,1400,1506,12,7,18,13,8,16,4,3,10,9,1409,1514,14,7,23,16,11,20,6,7,190,139,5,4,8,5,1,3,2,1,2,2,192,141,5,4,9,5,1,3,3,3
050,49,045,Utah,Tooele County,2000a,6,3368,1660,1708,1590,1645,17,11,26,18,9,19,6,4,12,11,1601,1655,19,11,32,21,12,23,9,10,1400,1506,12,7,18,13,8,16,4,3,10,9,1409,1514,14,7,23,16,11,20,6,7,190,139,5,4,8,5,1,3,2,1,2,2,192,141,5,4,9,5,1,3,3,3
050,49,045,Utah,Tooele County,2000,6,3483,1717,1766,1648,1699,17,11,26,19,11,19,3,4,12,14,1660,1713,17,12,33,26,16,24,3,5,1447,1553,12,7,19,14,10,16,2,3,11,13,1458,1566,12,8,25,20,15,21,2,4,201,146,5,4,7,5,1,3,1,1,1,1,202,147,5,4,8,6,1,3,1,1
050,49,045,Utah,Tooele County,2001,6,3732,1799,1933,1711,1860,22,12,34,20,13,20,5,5,14,16,1724,1876,23,13,42,27,19,26,5,7,1517,1705,18,9,25,15,13,18,4,4,12,15,1529,1720,19,10,31,21,18,24,4,6,194,155,4,3,9,5,0,2,1,1,2,1,195,156,4,3,11,6,1,2,1,1
050,49,045,Utah,Tooele County,2002,6,4025,1943,2082,1838,1996,25,12,38,22,16,25,6,6,20,21,1857,2017,26,13,49,31,22,33,9,9,1649,1838,20,10,28,17,16,24,5,5,18,19,1667,1857,21,11,37,24,21,32,8,8,189,158,5,2,10,5,0,1,1,1,2,2,190,160,5,2,12,7,1,1,1,1
050,49,045,Utah,Tooele County,2003,6,4361,2093,2268,1971,2176,34,19,40,18,22,27,6,7,20,21,1991,2197,36,22,48,24,29,36,9,10,1788,2014,26,14,30,15,21,26,5,6,20,20,1808,2034,28,17,38,21,28,34,8,9,183,162,8,5,10,3,1,1,1,1,0,1,183,163,8,5,10,3,1,2,1,1
050,49,045,Utah,Tooele County,2004,6,4629,2202,2427,2056,2316,42,25,40,17,28,35,9,8,27,26,2082,2341,45,28,52,25,38,46,14,13,1888,2144,33,18,30,15,27,33,8,7,25,26,1913,2169,36,21,40,23,36,44,13,12,168,172,9,7,10,2,1,2,1,1,2,0,169,172,9,7,12,2,2,2,1,1
050,49,045,Utah,Tooele County,2000c,7,2992,1560,1432,1506,1386,14,5,15,17,7,13,8,1,10,10,1516,1396,15,6,22,23,8,14,9,3,1345,1234,13,5,11,17,7,11,8,1,10,9,1355,1243,14,6,18,22,8,12,9,3,161,152,1,0,4,0,0,2,0,0,0,1,161,153,1,0,4,1,0,2,0,0
050,49,045,Utah,Tooele County,2000a,7,2992,1560,1432,1506,1386,14,5,15,17,7,13,8,1,10,10,1516,1396,15,6,22,23,8,14,9,3,1345,1234,13,5,11,17,7,11,8,1,10,9,1355,1243,14,6,18,22,8,12,9,3,161,152,1,0,4,0,0,2,0,0,0,1,161,153,1,0,4,1,0,2,0,0
050,49,045,Utah,Tooele County,2000,7,3069,1601,1468,1548,1424,14,6,17,18,11,9,3,2,8,9,1556,1433,14,6,22,23,14,13,3,2,1381,1266,13,6,13,18,11,8,3,2,8,9,1389,1275,13,6,18,23,14,12,3,2,167,158,1,0,4,0,0,1,0,0,0,0,167,158,1,0,4,0,0,1,0,0
050,49,045,Utah,Tooele County,2001,7,3281,1690,1591,1630,1533,13,10,21,20,13,17,3,2,10,9,1640,1542,13,10,26,25,18,21,3,2,1471,1380,11,8,16,18,13,15,3,2,10,9,1481,1389,11,8,21,23,18,19,3,2,159,153,2,2,5,2,0,2,0,0,0,0,159,153,2,2,5,2,0,2,0,0
050,49,045,Utah,Tooele County,2002,7,3495,1781,1714,1714,1651,14,10,20,17,16,23,5,3,12,10,1726,1661,14,10,25,22,21,28,7,3,1552,1497,10,7,14,16,15,19,5,3,12,10,1564,1507,10,7,19,21,20,24,7,3,162,154,4,3,6,1,1,4,0,0,0,0,162,154,4,3,6,1,1,4,0,0
050,49,045,Utah,Tooele County,2003,7,3673,1874,1799,1804,1723,14,11,22,17,18,29,5,5,11,14,1815,1736,14,11,28,24,23,37,5,5,1635,1569,10,8,17,13,17,25,5,5,11,12,1646,1581,10,8,23,18,22,32,5,5,169,154,4,3,5,4,1,4,0,0,0,2,169,155,4,3,5,6,1,5,0,0
050,49,045,Utah,Tooele County,2004,7,3880,1967,1913,1890,1829,21,16,20,17,19,32,5,5,12,14,1902,1842,21,16,25,23,24,40,7,6,1733,1691,15,11,14,12,19,28,5,5,12,12,1745,1703,15,11,19,17,24,35,7,5,157,138,6,5,6,5,0,4,0,0,0,2,157,139,6,5,6,6,0,5,0,1
050,49,045,Utah,Tooele County,2000c,8,3026,1598,1428,1560,1369,11,6,20,20,2,13,1,1,4,19,1564,1388,12,8,21,35,2,18,3,2,1397,1237,10,4,18,20,2,12,1,1,3,18,1400,1255,11,5,19,34,2,17,2,2,163,132,1,2,2,0,0,1,0,0,1,1,164,133,1,3,2,1,0,1,1,0
050,49,045,Utah,Tooele County,2000a,8,3026,1598,1428,1560,1369,11,6,20,20,2,13,1,1,4,19,1564,1388,12,8,21,35,2,18,3,2,1397,1237,10,4,18,20,2,12,1,1,3,18,1400,1255,11,5,19,34,2,17,2,2,163,132,1,2,2,0,0,1,0,0,1,1,164,133,1,3,2,1,0,1,1,0
050,49,045,Utah,Tooele County,2000,8,3053,1613,1440,1576,1390,11,6,18,23,2,11,0,2,6,8,1582,1398,11,6,24,29,2,13,0,2,1409,1255,10,4,16,23,2,10,0,2,6,8,1415,1263,10,4,22,29,2,12,0,2,167,135,1,2,2,0,0,1,0,0,0,0,167,135,1,2,2,0,0,1,0,0
050,49,045,Utah,Tooele County,2001,8,3083,1626,1457,1578,1407,10,7,21,22,6,10,1,2,10,9,1588,1416,10,7,28,29,8,12,2,2,1422,1261,9,5,19,22,6,10,1,2,10,9,1432,1270,9,5,26,29,8,12,2,2,156,146,1,2,2,0,0,0,0,0,0,0,156,146,1,2,2,0,0,0,0,0
050,49,045,Utah,Tooele County,2002,8,3074,1626,1448,1568,1391,15,8,21,22,10,14,3,3,9,10,1577,1401,15,8,27,28,13,18,3,3,1423,1249,14,6,19,22,10,13,3,3,9,10,1432,1259,14,6,25,28,13,17,3,3,145,142,1,2,2,0,0,1,0,0,0,0,145,142,1,2,2,0,0,1,0,0
050,49,045,Utah,Tooele County,2003,8,3112,1628,1484,1566,1426,16,9,20,21,14,14,3,4,9,10,1575,1436,16,9,25,27,17,18,4,4,1423,1288,15,7,18,21,14,13,3,4,9,10,1432,1298,15,7,23,27,17,17,4,4,143,138,1,2,2,0,0,1,0,0,0,0,143,138,1,2,2,0,0,1,0,0
050,49,045,Utah,Tooele County,2004,8,3205,1676,1529,1611,1467,18,9,18,20,16,18,3,4,10,11,1621,1478,18,9,23,27,21,22,3,4,1460,1316,17,9,15,20,16,16,3,4,10,11,1470,1327,17,9,20,27,21,20,3,4,151,151,1,0,3,0,0,2,0,0,0,0,151,151,1,0,3,0,0,2,0,0
050,49,045,Utah,Tooele County,2000c,9,2651,1354,1297,1288,1243,13,8,19,23,10,11,1,2,23,10,1310,1253,13,11,31,29,23,13,2,2,1157,1146,11,4,15,20,9,11,1,1,21,9,1178,1155,11,7,27,25,20,13,1,1,131,97,2,4,4,3,1,0,0,1,2,1,132,98,2,4,4,4,3,0,1,1
050,49,045,Utah,Tooele County,2000a,9,2651,1354,1297,1288,1243,13,8,19,23,10,11,1,2,23,10,1310,1253,13,11,31,29,23,13,2,2,1157,1146,11,4,15,20,9,11,1,1,21,9,1178,1155,11,7,27,25,20,13,1,1,131,97,2,4,4,3,1,0,0,1,2,1,132,98,2,4,4,4,3,0,1,1
050,49,045,Utah,Tooele County,2000,9,2703,1380,1323,1321,1271,13,9,22,22,11,10,3,3,10,8,1331,1279,13,9,29,27,14,13,3,3,1186,1170,11,5,18,19,10,9,2,3,9,8,1195,1178,11,5,24,24,13,12,2,3,135,101,2,4,4,3,1,1,1,0,1,0,136,101,2,4,5,3,1,1,1,0
050,49,045,Utah,Tooele County,2001,9,2791,1442,1349,1387,1298,19,6,17,23,8,10,3,3,8,9,1395,1307,19,6,23,29,10,13,3,3,1236,1202,13,5,15,20,7,10,2,3,8,9,1244,1211,13,5,21,26,9,13,2,3,151,96,6,1,2,3,1,0,1,0,0,0,151,96,6,1,2,3,1,0,1,0
050,49,045,Utah,Tooele County,2002,9,2872,1492,1380,1432,1332,23,8,19,22,7,9,2,2,9,7,1440,1339,23,8,26,27,10,11,2,2,1285,1222,13,6,18,21,6,9,2,2,9,7,1293,1229,13,6,25,26,9,11,2,2,147,110,10,2,1,1,1,0,0,0,0,0,147,110,10,2,1,1,1,0,0,0
050,49,045,Utah,Tooele County,2003,9,3035,1591,1444,1519,1393,28,7,21,26,9,10,2,1,12,7,1531,1400,28,7,29,31,13,12,2,1,1362,1261,14,6,19,25,8,10,2,1,12,7,1374,1268,14,6,27,30,12,12,2,1,157,132,14,1,2,1,1,0,0,0,0,0,157,132,14,1,2,1,1,0,0,0
050,49,045,Utah,Tooele County,2004,9,3168,1657,1511,1581,1450,35,13,17,24,10,13,4,3,10,8,1591,1458,35,13,24,30,13,15,4,3,1426,1314,15,10,15,23,9,13,3,3,10,8,1436,1322,15,10,22,29,12,15,3,3,155,136,20,3,2,1,1,0,1,0,0,0,155,136,20,3,2,1,1,0,1,0
050,49,045,Utah,Tooele County,2000c,10,2308,1165,1143,1128,1109,6,2,15,12,6,10,3,0,7,10,1135,1118,6,3,20,18,8,13,3,1,1021,1028,5,2,12,9,5,9,3,0,7,10,1028,1037,5,3,17,15,7,12,3,1,107,81,1,0,3,3,1,1,0,0,0,0,107,81,1,0,3,3,1,1,0,0
050,49,045,Utah,Tooele County,2000a,10,2308,1165,1143,1128,1109,6,2,15,12,6,10,3,0,7,10,1135,1118,6,3,20,18,8,13,3,1,1021,1028,5,2,12,9,5,9,3,0,7,10,1028,1037,5,3,17,15,7,12,3,1,107,81,1,0,3,3,1,1,0,0,0,0,107,81,1,0,3,3,1,1,0,0
050,49,045,Utah,Tooele County,2000,10,2367,1195,1172,1160,1140,6,2,16,14,7,9,1,1,5,6,1165,1146,6,2,21,19,7,10,1,1,1048,1055,5,2,13,11,6,8,1,1,5,6,1053,1061,5,2,18,16,6,9,1,1,112,85,1,0,3,3,1,1,0,0,0,0,112,85,1,0,3,3,1,1,0,0
050,49,045,Utah,Tooele County,2001,10,2489,1242,1247,1202,1203,8,6,18,17,6,12,2,1,6,8,1208,1210,8,6,23,23,7,15,2,1,1099,1107,6,3,14,14,6,11,2,1,6,7,1105,1114,6,3,19,19,7,13,2,1,103,96,2,3,4,3,0,1,0,0,0,1,103,96,2,3,4,4,0,2,0,0
050,49,045,Utah,Tooele County,2002,10,2575,1294,1281,1247,1228,12,8,19,17,7,17,1,3,8,8,1255,1236,12,8,26,22,8,20,1,3,1136,1141,9,5,14,14,6,16,1,3,7,8,1143,1149,9,5,20,19,7,19,1,3,111,87,3,3,5,3,1,1,0,0,1,0,112,87,3,3,6,3,1,1,0,0
050,49,045,Utah,Tooele County,2003,10,2648,1336,1312,1287,1255,15,9,19,19,8,19,1,2,6,8,1293,1263,15,9,24,24,9,22,1,2,1174,1168,11,6,14,15,7,17,1,2,6,8,1180,1176,11,6,19,20,8,20,1,2,113,87,4,3,5,4,1,2,0,0,0,0,113,87,4,3,5,4,1,2,0,0
050,49,045,Utah,Tooele County,2004,10,2684,1360,1324,1300,1264,17,10,20,22,11,15,3,3,9,10,1308,1274,17,11,27,29,14,18,3,3,1186,1185,12,6,16,18,10,14,3,3,9,9,1194,1194,12,6,23,24,13,17,3,3,114,79,5,4,4,4,1,1,0,0,0,1,114,80,5,5,4,5,1,1,0,0
050,49,045,Utah,Tooele County,2000c,11,1902,1009,893,973,866,5,2,18,12,1,4,3,2,9,7,982,873,5,2,24,18,4,5,3,2,904,803,3,0,14,10,1,4,2,2,7,6,911,809,3,0,18,15,4,5,2,2,69,63,2,2,4,2,0,0,1,0,2,1,71,64,2,2,6,3,0,0,1,0
050,49,045,Utah,Tooele County,2000a,11,1902,1009,893,973,866,5,2,18,12,1,4,3,2,9,7,982,873,5,2,24,18,4,5,3,2,904,803,3,0,14,10,1,4,2,2,7,6,911,809,3,0,18,15,4,5,2,2,69,63,2,2,4,2,0,0,1,0,2,1,71,64,2,2,6,3,0,0,1,0
050,49,045,Utah,Tooele County,2000,11,1963,1041,922,1007,896,5,2,18,14,3,6,1,0,7,4,1014,900,5,2,24,18,4,6,1,0,934,829,3,0,14,11,3,6,1,0,7,4,941,833,3,0,20,15,4,6,1,0,73,67,2,2,4,3,0,0,0,0,0,0,73,67,2,2,4,3,0,0,0,0
050,49,045,Utah,Tooele County,2001,11,2116,1112,1004,1068,977,6,3,19,13,7,5,3,1,9,5,1076,982,6,3,27,18,9,5,3,1,978,909,4,0,15,10,6,5,3,1,7,5,985,914,4,0,21,15,7,5,3,1,90,68,2,3,4,3,1,0,0,0,2,0,91,68,2,3,6,3,2,0,0,0
050,49,045,Utah,Tooele County,2002,11,2172,1121,1051,1083,1020,7,5,15,15,7,5,2,0,7,6,1090,1025,7,5,21,21,8,6,2,0,985,944,5,1,12,11,7,5,2,0,7,6,992,949,5,1,18,17,8,6,2,0,98,76,2,4,3,4,0,0,0,0,0,0,98,76,2,4,3,4,0,0,0,0
050,49,045,Utah,Tooele County,2003,11,2206,1118,1088,1080,1057,9,5,11,13,9,6,2,2,7,5,1086,1062,9,5,17,18,11,6,2,2,987,983,7,2,9,10,8,6,2,2,6,5,993,988,7,2,14,15,9,6,2,2,93,74,2,3,2,3,1,0,0,0,1,0,93,74,2,3,3,3,2,0,0,0
050,49,045,Utah,Tooele County,2004,11,2337,1174,1163,1132,1127,11,6,14,9,8,12,2,2,7,7,1139,1134,11,6,19,14,10,14,2,2,1027,1042,9,3,12,7,8,12,2,2,7,7,1034,1049,9,3,17,12,10,14,2,2,105,85,2,3,2,2,0,0,0,0,0,0,105,85,2,3,2,2,0,0,0,0
050,49,045,Utah,Tooele County,2000c,12,1464,745,719,728,699,4,1,7,8,0,9,2,1,4,1,732,700,4,1,11,9,0,9,2,1,682,662,3,1,5,7,0,8,1,1,4,1,686,663,3,1,9,8,0,8,1,1,46,37,1,0,2,1,0,1,1,0,0,0,46,37,1,0,2,1,0,1,1,0
050,49,045,Utah,Tooele County,2000a,12,1464,745,719,728,699,4,1,7,8,0,9,2,1,4,1,732,700,4,1,11,9,0,9,2,1,682,662,3,1,5,7,0,8,1,1,4,1,686,663,3,1,9,8,0,8,1,1,46,37,1,0,2,1,0,1,1,0,0,0,46,37,1,0,2,1,0,1,1,0
050,49,045,Utah,Tooele County,2000,12,1500,765,735,747,714,4,1,9,8,2,8,0,1,3,3,750,717,4,1,12,11,2,8,0,1,699,677,3,1,7,7,1,7,0,1,3,3,702,680,3,1,10,10,1,7,0,1,48,37,1,0,2,1,1,1,0,0,0,0,48,37,1,0,2,1,1,1,0,0
050,49,045,Utah,Tooele County,2001,12,1517,790,727,769,704,4,1,11,8,1,10,0,1,5,3,774,707,4,1,16,10,1,11,0,1,720,667,2,1,8,6,1,8,0,1,4,3,724,670,2,1,12,8,1,9,0,1,49,37,2,0,3,2,0,2,0,0,1,0,50,37,2,0,4,2,0,2,0,0
050,49,045,Utah,Tooele County,2002,12,1622,837,785,810,759,5,1,16,13,0,8,0,1,6,3,816,762,5,1,22,16,0,8,0,1,764,715,2,1,12,11,0,7,0,1,6,3,770,718,2,1,18,14,0,7,0,1,46,44,3,0,4,2,0,1,0,0,0,0,46,44,3,0,4,2,0,1,0,0
050,49,045,Utah,Tooele County,2003,12,1713,892,821,859,794,7,3,18,12,0,7,0,1,8,4,867,798,7,3,26,16,0,7,0,1,803,741,2,1,13,9,0,7,0,1,7,4,810,745,2,1,20,13,0,7,0,1,56,53,5,2,5,3,0,0,0,0,1,0,57,53,5,2,6,3,0,0,0,0
050,49,045,Utah,Tooele County,2004,12,1793,939,854,903,829,6,4,20,12,2,5,1,0,7,4,910,833,7,4,27,16,2,5,1,0,844,772,2,1,13,9,2,4,1,0,7,4,851,776,3,1,20,13,2,4,1,0,59,57,4,3,7,3,0,1,0,0,0,0,59,57,4,3,7,3,0,1,0,0
050,49,045,Utah,Tooele County,2000c,13,1093,546,547,528,530,3,0,6,5,5,7,0,2,4,3,532,533,3,0,10,8,5,7,0,2,493,490,3,0,3,5,5,6,0,2,4,3,497,493,3,0,7,8,5,6,0,2,35,40,0,0,3,0,0,1,0,0,0,0,35,40,0,0,3,0,0,1,0,0
050,49,045,Utah,Tooele County,2000a,13,1093,546,547,528,530,3,0,6,5,5,7,0,2,4,3,532,533,3,0,10,8,5,7,0,2,493,490,3,0,3,5,5,6,0,2,4,3,497,493,3,0,7,8,5,6,0,2,35,40,0,0,3,0,0,1,0,0,0,0,35,40,0,0,3,0,0,1,0,0
050,49,045,Utah,Tooele County,2000,13,1116,557,559,541,541,3,0,6,7,4,7,0,1,3,3,544,544,3,0,9,10,4,7,0,1,506,501,3,0,3,7,4,6,0,1,3,3,509,504,3,0,6,10,4,6,0,1,35,40,0,0,3,0,0,1,0,0,0,0,35,40,0,0,3,0,0,1,0,0
050,49,045,Utah,Tooele County,2001,13,1195,595,600,576,584,3,0,7,5,4,7,0,1,5,3,581,587,3,0,12,7,4,8,0,1,544,540,3,0,5,5,3,6,0,1,4,3,548,543,3,0,9,7,3,7,0,1,32,44,0,0,2,0,1,1,0,0,1,0,33,44,0,0,3,0,1,1,0,0
050,49,045,Utah,Tooele County,2002,13,1279,639,640,624,620,3,0,4,7,5,8,0,1,3,4,627,623,3,0,7,11,5,9,0,1,586,578,3,0,2,7,4,7,0,1,3,4,589,581,3,0,5,11,4,8,0,1,38,42,0,0,2,0,1,1,0,0,0,0,38,42,0,0,2,0,1,1,0,0
050,49,045,Utah,Tooele County,2003,13,1388,709,679,691,659,4,0,6,6,4,9,0,2,4,3,695,662,4,0,10,9,4,9,0,2,645,615,4,0,4,6,3,9,0,1,4,3,649,618,4,0,8,9,3,9,0,1,46,44,0,0,2,0,1,0,0,1,0,0,46,44,0,0,2,0,1,0,0,1
050,49,045,Utah,Tooele County,2004,13,1478,750,728,730,706,7,0,6,7,2,8,1,2,4,5,734,711,7,0,10,11,2,9,1,2,690,664,5,0,5,7,2,7,0,0,4,5,694,669,5,0,9,11,2,8,0,0,40,42,2,0,1,0,0,1,1,2,0,0,40,42,2,0,1,0,0,1,1,2
050,49,045,Utah,Tooele County,2000c,14,935,424,511,414,495,1,1,6,5,2,6,0,0,1,4,415,499,2,1,6,9,2,6,0,0,374,451,1,1,6,5,1,6,0,0,1,3,375,454,2,1,6,8,1,6,0,0,40,44,0,0,0,0,1,0,0,0,0,1,40,45,0,0,0,1,1,0,0,0
050,49,045,Utah,Tooele County,2000a,14,935,424,511,414,495,1,1,6,5,2,6,0,0,1,4,415,499,2,1,6,9,2,6,0,0,374,451,1,1,6,5,1,6,0,0,1,3,375,454,2,1,6,8,1,6,0,0,40,44,0,0,0,0,1,0,0,0,0,1,40,45,0,0,0,1,1,0,0,0
050,49,045,Utah,Tooele County,2000,14,935,426,509,416,497,1,1,6,5,2,5,0,0,1,1,417,498,1,1,7,6,2,5,0,0,375,453,1,1,6,5,1,5,0,0,1,1,376,454,1,1,7,6,1,5,0,0,41,44,0,0,0,0,1,0,0,0,0,0,41,44,0,0,0,0,1,0,0,0
050,49,045,Utah,Tooele County,2001,14,930,429,501,418,488,3,1,5,5,2,6,0,0,1,1,419,489,3,1,6,6,2,6,0,0,378,441,3,1,5,5,2,6,0,0,1,1,379,442,3,1,6,6,2,6,0,0,40,47,0,0,0,0,0,0,0,0,0,0,40,47,0,0,0,0,0,0,0,0
050,49,045,Utah,Tooele County,2002,14,943,445,498,431,489,1,0,9,4,2,4,0,0,2,1,433,490,1,0,11,5,2,4,0,0,392,443,1,0,7,4,2,4,0,0,2,1,394,444,1,0,9,5,2,4,0,0,39,46,0,0,2,0,0,0,0,0,0,0,39,46,0,0,2,0,0,0,0,0
050,49,045,Utah,Tooele County,2003,14,1014,480,534,465,519,1,0,8,7,4,4,0,1,2,3,467,522,1,0,10,10,4,4,0,1,430,471,1,0,6,6,4,4,0,0,1,3,431,474,1,0,7,9,4,4,0,0,35,48,0,0,2,1,0,0,0,1,1,0,36,48,0,0,3,1,0,0,0,1
050,49,045,Utah,Tooele County,2004,14,1092,513,579,498,561,1,0,8,5,4,9,0,1,2,3,500,564,1,0,10,7,4,10,0,1,465,514,1,0,5,5,4,8,0,1,1,2,466,516,1,0,6,7,4,8,0,1,33,47,0,0,3,0,0,1,0,0,1,1,34,48,0,0,4,0,0,2,0,0
050,49,045,Utah,Tooele County,2000c,15,763,370,393,362,384,1,0,4,3,1,4,0,0,2,2,364,386,1,0,5,5,2,4,0,0,334,359,1,0,4,3,1,4,0,0,2,2,336,361,1,0,5,5,2,4,0,0,28,25,0,0,0,0,0,0,0,0,0,0,28,25,0,0,0,0,0,0,0,0
050,49,045,Utah,Tooele County,2000a,15,763,370,393,362,384,1,0,4,3,1,4,0,0,2,2,364,386,1,0,5,5,2,4,0,0,334,359,1,0,4,3,1,4,0,0,2,2,336,361,1,0,5,5,2,4,0,0,28,25,0,0,0,0,0,0,0,0,0,0,28,25,0,0,0,0,0,0,0,0
050,49,045,Utah,Tooele County,2000,15,766,372,394,365,387,1,0,4,3,1,3,0,0,1,1,366,388,1,0,5,4,1,3,0,0,337,362,1,0,4,3,1,3,0,0,1,1,338,363,1,0,5,4,1,3,0,0,28,25,0,0,0,0,0,0,0,0,0,0,28,25,0,0,0,0,0,0,0,0
050,49,045,Utah,Tooele County,2001,15,790,378,412,372,403,0,0,4,4,1,5,0,0,1,0,373,403,0,0,5,4,1,5,0,0,341,379,0,0,4,4,1,5,0,0,1,0,342,379,0,0,5,4,1,5,0,0,31,24,0,0,0,0,0,0,0,0,0,0,31,24,0,0,0,0,0,0,0,0
050,49,045,Utah,Tooele County,2002,15,832,391,441,384,428,2,1,4,5,1,6,0,0,0,1,384,429,2,1,4,6,1,6,0,0,359,403,2,1,4,5,1,6,0,0,0,1,359,404,2,1,4,6,1,6,0,0,25,25,0,0,0,0,0,0,0,0,0,0,25,25,0,0,0,0,0,0,0,0
050,49,045,Utah,Tooele County,2003,15,863,401,462,392,448,2,1,5,5,0,7,0,0,2,1,394,449,2,1,7,6,0,7,0,0,366,420,2,1,5,5,0,7,0,0,2,1,368,421,2,1,7,6,0,7,0,0,26,28,0,0,0,0,0,0,0,0,0,0,26,28,0,0,0,0,0,0,0,0
050,49,045,Utah,Tooele County,2004,15,882,406,476,396,464,2,1,6,4,1,6,0,0,1,1,397,465,2,1,7,5,1,6,0,0,366,432,2,1,6,4,1,6,0,0,1,1,367,433,2,1,7,5,1,6,0,0,30,32,0,0,0,0,0,0,0,0,0,0,30,32,0,0,0,0,0,0,0,0
050,49,045,Utah,Tooele County,2000c,16,601,263,338,260,333,0,0,3,2,0,0,0,0,0,3,260,336,0,1,3,4,0,0,0,0,251,309,0,0,2,2,0,0,0,0,0,2,251,311,0,0,2,4,0,0,0,0,9,24,0,0,1,0,0,0,0,0,0,1,9,25,0,1,1,0,0,0,0,0
050,49,045,Utah,Tooele County,2000a,16,601,263,338,260,333,0,0,3,2,0,0,0,0,0,3,260,336,0,1,3,4,0,0,0,0,251,309,0,0,2,2,0,0,0,0,0,2,251,311,0,0,2,4,0,0,0,0,9,24,0,0,1,0,0,0,0,0,0,1,9,25,0,1,1,0,0,0,0,0
050,49,045,Utah,Tooele County,2000,16,607,267,340,263,337,0,0,3,3,0,0,0,0,1,0,264,337,0,0,4,3,0,0,0,0,254,313,0,0,2,3,0,0,0,0,1,0,255,313,0,0,3,3,0,0,0,0,9,24,0,0,1,0,0,0,0,0,0,0,9,24,0,0,1,0,0,0,0,0
050,49,045,Utah,Tooele County,2001,16,628,287,341,282,337,1,0,3,3,0,0,0,0,1,1,283,338,1,1,4,3,0,0,0,0,270,313,1,0,2,3,0,0,0,0,1,0,271,313,1,0,3,3,0,0,0,0,12,24,0,0,1,0,0,0,0,0,0,1,12,25,0,1,1,0,0,0,0,0
050,49,045,Utah,Tooele County,2002,16,610,275,335,270,332,1,0,3,3,0,0,0,0,1,0,271,332,1,0,4,3,0,0,0,0,260,306,1,0,2,3,0,0,0,0,1,0,261,306,1,0,3,3,0,0,0,0,10,26,0,0,1,0,0,0,0,0,0,0,10,26,0,0,1,0,0,0,0,0
050,49,045,Utah,Tooele County,2003,16,614,273,341,268,337,1,1,2,2,1,0,0,0,1,1,269,338,1,1,3,3,1,0,0,0,257,312,1,0,2,2,1,0,0,0,1,1,258,313,1,0,3,3,1,0,0,0,11,25,0,1,0,0,0,0,0,0,0,0,11,25,0,1,0,0,0,0,0,0
050,49,045,Utah,Tooele County,2004,16,632,287,345,283,337,1,0,2,4,1,2,0,0,0,2,283,339,1,1,2,5,1,2,0,0,262,315,1,0,2,4,1,2,0,0,0,1,262,316,1,0,2,5,1,2,0,0,21,22,0,0,0,0,0,0,0,0,0,1,21,23,0,1,0,0,0,0,0,0
050,49,045,Utah,Tooele County,2000c,17,415,170,245,168,241,0,1,1,2,0,1,0,0,1,0,169,241,1,1,1,2,0,1,0,0,156,230,0,1,1,2,0,1,0,0,0,0,156,230,0,1,1,2,0,1,0,0,12,11,0,0,0,0,0,0,0,0,1,0,13,11,1,0,0,0,0,0,0,0
050,49,045,Utah,Tooele County,2000a,17,415,170,245,168,241,0,1,1,2,0,1,0,0,1,0,169,241,1,1,1,2,0,1,0,0,156,230,0,1,1,2,0,1,0,0,0,0,156,230,0,1,1,2,0,1,0,0,12,11,0,0,0,0,0,0,0,0,1,0,13,11,1,0,0,0,0,0,0,0
050,49,045,Utah,Tooele County,2000,17,417,171,246,169,242,0,1,1,2,0,1,0,0,1,0,170,242,1,1,1,2,0,1,0,0,156,232,0,1,1,2,0,1,0,0,0,0,156,232,0,1,1,2,0,1,0,0,13,10,0,0,0,0,0,0,0,0,1,0,14,10,1,0,0,0,0,0,0,0
050,49,045,Utah,Tooele County,2001,17,414,159,255,157,252,0,1,2,1,0,1,0,0,0,0,157,252,0,1,2,1,0,1,0,0,145,237,0,1,2,1,0,1,0,0,0,0,145,237,0,1,2,1,0,1,0,0,12,15,0,0,0,0,0,0,0,0,0,0,12,15,0,0,0,0,0,0,0,0
050,49,045,Utah,Tooele County,2002,17,434,177,257,175,255,1,0,1,1,0,1,0,0,0,0,175,255,1,0,1,1,0,1,0,0,163,240,0,0,1,1,0,1,0,0,0,0,163,240,0,0,1,1,0,1,0,0,12,15,1,0,0,0,0,0,0,0,0,0,12,15,1,0,0,0,0,0,0,0
050,49,045,Utah,Tooele County,2003,17,453,183,270,182,266,0,0,1,2,0,1,0,0,0,1,182,267,0,0,1,3,0,1,0,0,167,248,0,0,1,2,0,1,0,0,0,1,167,249,0,0,1,3,0,1,0,0,15,18,0,0,0,0,0,0,0,0,0,0,15,18,0,0,0,0,0,0,0,0
050,49,045,Utah,Tooele County,2004,17,459,183,276,181,272,1,0,1,3,0,0,0,0,0,1,181,273,1,0,1,4,0,0,0,0,169,251,0,0,1,3,0,0,0,0,0,1,169,252,0,0,1,4,0,0,0,0,12,21,1,0,0,0,0,0,0,0,0,0,12,21,1,0,0,0,0,0,0,0
050,49,045,Utah,Tooele County,2000c,18,261,84,177,80,176,0,0,2,1,1,0,1,0,0,0,80,176,0,0,2,1,1,0,1,0,77,172,0,0,2,1,1,0,1,0,0,0,77,172,0,0,2,1,1,0,1,0,3,4,0,0,0,0,0,0,0,0,0,0,3,4,0,0,0,0,0,0,0,0
050,49,045,Utah,Tooele County,2000a,18,261,84,177,80,176,0,0,2,1,1,0,1,0,0,0,80,176,0,0,2,1,1,0,1,0,77,172,0,0,2,1,1,0,1,0,0,0,77,172,0,0,2,1,1,0,1,0,3,4,0,0,0,0,0,0,0,0,0,0,3,4,0,0,0,0,0,0,0,0
050,49,045,Utah,Tooele County,2000,18,265,86,179,82,178,0,0,2,1,2,0,0,0,0,0,82,178,0,0,2,1,2,0,0,0,79,174,0,0,2,1,2,0,0,0,0,0,79,174,0,0,2,1,2,0,0,0,3,4,0,0,0,0,0,0,0,0,0,0,3,4,0,0,0,0,0,0,0,0
050,49,045,Utah,Tooele County,2001,18,279,94,185,91,184,0,0,2,1,1,0,0,0,0,0,91,184,0,0,2,1,1,0,0,0,88,181,0,0,2,1,1,0,0,0,0,0,88,181,0,0,2,1,1,0,0,0,3,3,0,0,0,0,0,0,0,0,0,0,3,3,0,0,0,0,0,0,0,0
050,49,045,Utah,Tooele County,2002,18,300,106,194,101,192,0,1,3,1,1,0,0,0,1,0,102,192,0,1,4,1,1,0,0,0,96,186,0,1,3,1,1,0,0,0,1,0,97,186,0,1,4,1,1,0,0,0,5,6,0,0,0,0,0,0,0,0,0,0,5,6,0,0,0,0,0,0,0,0
050,49,045,Utah,Tooele County,2003,18,347,136,211,130,209,0,1,3,1,2,0,0,0,1,0,131,209,0,1,4,1,2,0,0,0,124,203,0,1,3,1,2,0,0,0,1,0,125,203,0,1,4,1,2,0,0,0,6,6,0,0,0,0,0,0,0,0,0,0,6,6,0,0,0,0,0,0,0,0
050,49,045,Utah,Tooele County,2004,18,384,155,229,149,224,0,2,3,1,2,1,0,0,1,1,150,225,0,2,4,2,2,1,0,0,140,215,0,2,3,1,2,1,0,0,1,1,141,216,0,2,4,2,2,1,0,0,9,9,0,0,0,0,0,0,0,0,0,0,9,9,0,0,0,0,0,0,0,0
050,49,047,Utah,Uintah County,2000c,0,25224,12567,12657,11245,11214,14,16,1134,1245,20,36,10,10,144,136,11381,11349,26,19,1242,1360,44,53,20,13,10824,10868,14,13,1083,1187,20,36,9,10,137,129,10954,10996,25,16,1187,1295,42,53,18,13,421,346,0,3,51,58,0,0,1,0,7,7,427,353,1,3,55,65,2,0,2,0
050,49,047,Utah,Uintah County,2000a,0,25224,12567,12657,11245,11214,14,16,1134,1245,20,36,10,10,144,136,11381,11349,26,19,1242,1360,44,53,20,13,10824,10868,14,13,1083,1187,20,36,9,10,137,129,10954,10996,25,16,1187,1295,42,53,18,13,421,346,0,3,51,58,0,0,1,0,7,7,427,353,1,3,55,65,2,0,2,0
050,49,047,Utah,Uintah County,2000,0,25271,12587,12684,11296,11259,14,14,1122,1248,29,34,6,4,120,125,11416,11384,17,17,1223,1357,45,46,6,5,10871,10909,14,11,1070,1188,27,34,6,4,119,125,10990,11034,17,14,1170,1297,43,46,6,5,425,350,0,3,52,60,2,0,0,0,1,0,426,350,0,3,53,60,2,0,0,0
050,49,047,Utah,Uintah County,2001,0,25776,12855,12921,11552,11462,17,16,1129,1279,29,33,5,5,123,126,11675,11588,22,18,1232,1387,44,48,5,6,11105,11095,17,13,1077,1217,28,33,5,5,121,126,11226,11221,22,15,1179,1325,42,48,5,6,447,367,0,3,52,62,1,0,0,0,2,0,449,367,0,3,53,62,2,0,0,0
050,49,047,Utah,Uintah County,2002,0,26238,13097,13141,11735,11626,23,18,1173,1321,34,38,6,7,126,131,11860,11755,29,23,1277,1433,50,53,7,8,11271,11246,22,15,1120,1259,33,38,6,7,125,131,11395,11375,28,20,1223,1371,49,53,7,8,464,380,1,3,53,62,1,0,0,0,1,0,465,380,1,3,54,62,1,0,0,0
050,49,047,Utah,Uintah County,2003,0,26316,13152,13164,11806,11663,25,18,1146,1311,36,38,7,8,132,126,11938,11789,31,21,1251,1416,56,56,8,8,11309,11255,25,15,1089,1244,34,38,6,8,130,126,11439,11381,31,18,1193,1349,53,56,7,8,497,408,0,3,57,67,2,0,1,0,2,0,499,408,0,3,58,67,3,0,1,0
050,49,047,Utah,Uintah County,2004,0,26671,13332,13339,11983,11842,28,22,1126,1301,42,40,10,6,143,128,12125,11970,35,25,1234,1407,68,58,13,7,11514,11453,27,19,1065,1235,39,40,8,6,138,128,11651,11581,34,22,1172,1341,62,58,10,7,469,389,1,3,61,66,3,0,2,0,5,0,474,389,1,3,62,66,6,0,3,0
050,49,047,Utah,Uintah County,2000c,1,2108,1106,1002,964,876,4,1,112,101,1,4,1,1,24,19,988,895,7,1,131,117,2,6,3,2,908,841,4,1,105,90,1,4,1,1,21,18,929,859,6,1,123,105,1,6,3,2,56,35,0,0,7,11,0,0,0,0,3,1,59,36,1,0,8,12,1,0,0,0
050,49,047,Utah,Uintah County,2000a,1,2108,1106,1002,964,876,4,1,112,101,1,4,1,1,24,19,988,895,7,1,131,117,2,6,3,2,908,841,4,1,105,90,1,4,1,1,21,18,929,859,6,1,123,105,1,6,3,2,56,35,0,0,7,11,0,0,0,0,3,1,59,36,1,0,8,12,1,0,0,0
050,49,047,Utah,Uintah County,2000,1,2116,1108,1008,975,886,4,0,111,100,0,3,0,1,18,18,993,904,6,1,122,112,5,7,0,2,918,851,4,0,104,90,0,3,0,1,18,18,936,869,6,1,115,102,5,7,0,2,57,35,0,0,7,10,0,0,0,0,0,0,57,35,0,0,7,10,0,0,0,0
050,49,047,Utah,Uintah County,2001,1,2197,1159,1038,1032,903,3,2,108,115,0,2,0,0,16,16,1048,919,6,3,118,127,3,5,0,0,974,872,3,2,101,104,0,2,0,0,16,16,990,888,6,3,111,116,3,5,0,0,58,31,0,0,7,11,0,0,0,0,0,0,58,31,0,0,7,11,0,0,0,0
050,49,047,Utah,Uintah County,2002,1,2297,1196,1101,1063,953,5,2,106,128,3,3,1,0,18,15,1081,968,8,4,115,137,8,7,2,0,1009,918,4,2,100,118,3,3,1,0,18,15,1027,933,7,4,109,127,8,7,2,0,54,35,1,0,6,10,0,0,0,0,0,0,54,35,1,0,6,10,0,0,0,0
050,49,047,Utah,Uintah County,2003,1,2343,1197,1146,1068,985,3,2,100,136,5,5,3,1,18,17,1086,1002,6,4,107,146,12,10,4,1,1024,945,3,2,92,123,4,5,2,1,17,17,1041,962,6,4,99,133,10,10,3,1,44,40,0,0,8,13,1,0,1,0,1,0,45,40,0,0,8,13,2,0,1,0
050,49,047,Utah,Uintah County,2004,1,2384,1246,1138,1108,980,1,1,98,133,9,6,5,2,25,16,1132,996,4,2,105,140,22,13,8,3,1068,942,1,1,89,120,7,6,3,2,21,16,1088,958,4,2,96,127,17,13,5,3,40,38,0,0,9,13,2,0,2,0,4,0,44,38,0,0,9,13,5,0,3,0
050,49,047,Utah,Uintah County,2000c,2,2265,1165,1100,1031,946,0,3,115,128,1,0,0,3,18,20,1048,965,2,4,126,145,7,3,0,3,977,900,0,3,109,120,1,0,0,3,18,15,994,914,2,4,120,132,7,3,0,3,54,46,0,0,6,8,0,0,0,0,0,5,54,51,0,0,6,13,0,0,0,0
050,49,047,Utah,Uintah County,2000a,2,2265,1165,1100,1031,946,0,3,115,128,1,0,0,3,18,20,1048,965,2,4,126,145,7,3,0,3,977,900,0,3,109,120,1,0,0,3,18,15,994,914,2,4,120,132,7,3,0,3,54,46,0,0,6,8,0,0,0,0,0,5,54,51,0,0,6,13,0,0,0,0
050,49,047,Utah,Uintah County,2000,2,2254,1160,1094,1031,948,0,2,113,127,1,1,1,0,14,16,1045,964,0,4,123,138,5,4,1,0,977,899,0,2,107,117,1,1,1,0,14,16,991,915,0,4,117,128,5,4,1,0,54,49,0,0,6,10,0,0,0,0,0,0,54,49,0,0,6,10,0,0,0,0
050,49,047,Utah,Uintah County,2001,2,2208,1117,1091,982,949,1,2,117,117,1,2,1,2,15,19,997,968,2,3,128,129,4,7,1,3,930,905,1,2,114,105,1,2,1,2,15,19,945,924,2,3,125,117,4,7,1,3,52,44,0,0,3,12,0,0,0,0,0,0,52,44,0,0,3,12,0,0,0,0
050,49,047,Utah,Uintah County,2002,2,2171,1126,1045,986,904,1,2,124,117,0,2,0,2,15,18,1001,921,2,4,135,129,3,6,0,3,923,863,1,2,119,105,0,2,0,2,15,18,938,880,2,4,130,117,3,6,0,3,63,41,0,0,5,12,0,0,0,0,0,0,63,41,0,0,5,12,0,0,0,0
050,49,047,Utah,Uintah County,2003,2,2112,1125,987,981,855,2,1,126,111,0,2,0,2,16,16,997,871,4,2,137,121,3,7,0,2,905,813,2,1,120,98,0,2,0,2,16,16,921,829,4,2,131,108,3,7,0,2,76,42,0,0,6,13,0,0,0,0,0,0,76,42,0,0,6,13,0,0,0,0
050,49,047,Utah,Uintah County,2004,2,2112,1114,998,961,872,5,1,127,106,1,3,0,1,20,15,981,887,8,2,140,116,5,7,0,1,893,833,4,1,118,95,1,3,0,1,20,15,913,848,7,2,131,105,5,7,0,1,68,39,1,0,9,11,0,0,0,0,0,0,68,39,1,0,9,11,0,0,0,0
050,49,047,Utah,Uintah County,2000c,3,2596,1318,1278,1140,1102,4,3,145,154,2,2,0,0,27,17,1163,1119,7,3,165,168,6,5,4,0,1101,1057,4,3,135,146,2,2,0,0,25,17,1123,1074,7,3,154,160,5,5,3,0,39,45,0,0,10,8,0,0,0,0,2,0,40,45,0,0,11,8,1,0,1,0
050,49,047,Utah,Uintah County,2000a,3,2596,1318,1278,1140,1102,4,3,145,154,2,2,0,0,27,17,1163,1119,7,3,165,168,6,5,4,0,1101,1057,4,3,135,146,2,2,0,0,25,17,1123,1074,7,3,154,160,5,5,3,0,39,45,0,0,10,8,0,0,0,0,2,0,40,45,0,0,11,8,1,0,1,0
050,49,047,Utah,Uintah County,2000,3,2589,1318,1271,1145,1100,4,3,145,151,3,1,2,1,19,15,1164,1115,5,3,160,165,6,2,2,1,1105,1055,4,3,135,143,2,1,2,1,18,15,1123,1070,5,3,149,157,5,2,2,1,40,45,0,0,10,8,1,0,0,0,1,0,41,45,0,0,11,8,1,0,0,0
050,49,047,Utah,Uintah County,2001,3,2589,1316,1273,1151,1087,3,2,137,165,3,1,2,1,20,17,1171,1104,4,2,151,179,8,4,2,1,1108,1039,3,2,125,158,2,1,2,1,18,17,1126,1056,4,2,138,172,6,4,2,1,43,48,0,0,12,7,1,0,0,0,2,0,45,48,0,0,13,7,2,0,0,0
050,49,047,Utah,Uintah County,2002,3,2508,1274,1234,1103,1047,3,2,140,165,5,1,3,1,20,18,1122,1064,5,3,155,180,9,4,3,1,1061,999,3,2,128,156,4,1,3,1,19,18,1079,1016,5,3,142,171,8,4,3,1,42,48,0,0,12,9,1,0,0,0,1,0,43,48,0,0,13,9,1,0,0,0
050,49,047,Utah,Uintah County,2003,3,2432,1234,1198,1082,1037,4,3,123,140,5,1,3,1,17,16,1099,1053,5,3,135,152,9,5,3,1,1035,984,4,3,117,131,4,1,3,1,17,16,1052,1000,5,3,129,143,8,5,3,1,47,53,0,0,6,9,1,0,0,0,0,0,47,53,0,0,6,9,1,0,0,0
050,49,047,Utah,Uintah County,2004,3,2291,1190,1101,1059,952,1,5,112,128,2,1,2,1,14,14,1073,966,1,6,123,138,5,4,2,1,1009,903,1,5,106,117,2,1,2,1,14,14,1023,917,1,6,117,127,5,4,2,1,50,49,0,0,6,11,0,0,0,0,0,0,50,49,0,0,6,11,0,0,0,0
050,49,047,Utah,Uintah County,2000c,4,2696,1395,1301,1229,1137,0,1,137,142,1,2,1,1,27,18,1255,1155,3,1,153,157,7,5,4,2,1167,1092,0,0,130,133,1,2,1,1,27,18,1193,1110,3,0,146,148,7,5,4,2,62,45,0,1,7,9,0,0,0,0,0,0,62,45,0,1,7,9,0,0,0,0
050,49,047,Utah,Uintah County,2000a,4,2696,1395,1301,1229,1137,0,1,137,142,1,2,1,1,27,18,1255,1155,3,1,153,157,7,5,4,2,1167,1092,0,0,130,133,1,2,1,1,27,18,1193,1110,3,0,146,148,7,5,4,2,62,45,0,1,7,9,0,0,0,0,0,0,62,45,0,1,7,9,0,0,0,0
050,49,047,Utah,Uintah County,2000,4,2674,1385,1289,1227,1130,0,1,134,142,4,2,3,1,17,13,1244,1143,0,1,147,153,8,4,3,1,1165,1085,0,0,127,133,4,2,3,1,17,13,1182,1098,0,0,140,144,8,4,3,1,62,45,0,1,7,9,0,0,0,0,0,0,62,45,0,1,7,9,0,0,0,0
050,49,047,Utah,Uintah County,2001,4,2761,1444,1317,1291,1162,2,2,128,137,3,2,2,0,18,14,1309,1176,2,2,142,148,7,5,2,0,1222,1116,2,1,120,127,3,2,2,0,18,14,1240,1130,2,1,134,138,7,5,2,0,69,46,0,1,8,10,0,0,0,0,0,0,69,46,0,1,8,10,0,0,0,0
050,49,047,Utah,Uintah County,2002,4,2741,1424,1317,1264,1156,3,3,135,139,3,2,2,1,17,16,1281,1172,3,3,148,152,7,5,2,1,1200,1110,3,2,129,131,3,2,2,1,17,16,1217,1126,3,2,142,144,7,5,2,1,64,46,0,1,6,8,0,0,0,0,0,0,64,46,0,1,6,8,0,0,0,0
050,49,047,Utah,Uintah County,2003,4,2615,1345,1270,1185,1099,3,3,136,150,3,2,0,0,18,16,1203,1115,3,3,150,163,7,5,0,0,1127,1056,3,2,127,143,3,2,0,0,17,16,1144,1072,3,2,140,156,7,5,0,0,58,43,0,1,9,7,0,0,0,0,1,0,59,43,0,1,10,7,0,0,0,0
050,49,047,Utah,Uintah County,2004,4,2548,1290,1258,1129,1099,6,2,133,142,3,1,1,0,18,14,1147,1113,7,2,147,154,6,3,1,0,1073,1059,6,2,124,136,3,1,1,0,17,14,1090,1073,7,2,137,148,6,3,1,0,56,40,0,0,9,6,0,0,0,0,1,0,57,40,0,0,10,6,0,0,0,0
050,49,047,Utah,Uintah County,2000c,5,1774,906,868,802,756,0,0,95,105,1,1,2,3,6,3,808,759,0,0,100,108,2,1,2,3,763,730,0,0,92,103,1,1,1,3,6,3,769,733,0,0,97,106,2,1,1,3,39,26,0,0,3,2,0,0,1,0,0,0,39,26,0,0,3,2,0,0,1,0
050,49,047,Utah,Uintah County,2000a,5,1774,906,868,802,756,0,0,95,105,1,1,2,3,6,3,808,759,0,0,100,108,2,1,2,3,763,730,0,0,92,103,1,1,1,3,6,3,769,733,0,0,97,106,2,1,1,3,39,26,0,0,3,2,0,0,1,0,0,0,39,26,0,0,3,2,0,0,1,0
050,49,047,Utah,Uintah County,2000,5,1790,912,878,809,761,0,0,95,106,3,3,0,0,5,8,814,769,0,0,100,113,3,4,0,0,770,735,0,0,92,104,2,3,0,0,5,8,775,743,0,0,97,111,2,4,0,0,39,26,0,0,3,2,1,0,0,0,0,0,39,26,0,0,3,2,1,0,0,0
050,49,047,Utah,Uintah County,2001,5,1999,1007,992,892,863,1,0,105,117,3,3,0,1,6,8,898,871,1,0,111,124,3,4,0,1,842,822,1,0,102,115,3,3,0,1,6,8,848,830,1,0,108,122,3,4,0,1,50,41,0,0,3,2,0,0,0,0,0,0,50,41,0,0,3,2,0,0,0,0
050,49,047,Utah,Uintah County,2002,5,2250,1146,1104,1026,966,3,0,106,125,3,3,0,1,8,9,1034,975,3,0,114,133,3,4,0,1,968,919,3,0,101,122,3,3,0,1,8,9,976,928,3,0,109,130,3,4,0,1,58,47,0,0,5,3,0,0,0,0,0,0,58,47,0,0,5,3,0,0,0,0
050,49,047,Utah,Uintah County,2003,5,2456,1257,1199,1136,1064,3,0,104,125,3,2,0,0,11,8,1147,1072,3,0,113,133,5,2,0,0,1069,1010,3,0,97,120,3,2,0,0,11,8,1080,1018,3,0,106,128,5,2,0,0,67,54,0,0,7,5,0,0,0,0,0,0,67,54,0,0,7,5,0,0,0,0
050,49,047,Utah,Uintah County,2004,5,2734,1396,1338,1273,1174,3,2,102,148,3,2,1,0,14,12,1287,1186,3,2,113,159,6,3,1,0,1217,1122,3,1,95,141,3,2,1,0,14,12,1231,1134,3,1,106,152,6,3,1,0,56,52,0,1,7,7,0,0,0,0,0,0,56,52,0,1,7,7,0,0,0,0
050,49,047,Utah,Uintah County,2000c,6,1454,710,744,620,663,1,1,80,71,1,1,1,0,7,8,625,671,1,1,85,79,4,1,2,0,589,631,1,1,80,70,1,1,1,0,7,8,594,639,1,1,85,78,4,1,2,0,31,32,0,0,0,1,0,0,0,0,0,0,31,32,0,0,0,1,0,0,0,0
050,49,047,Utah,Uintah County,2000a,6,1454,710,744,620,663,1,1,80,71,1,1,1,0,7,8,625,671,1,1,85,79,4,1,2,0,589,631,1,1,80,70,1,1,1,0,7,8,594,639,1,1,85,78,4,1,2,0,31,32,0,0,0,1,0,0,0,0,0,0,31,32,0,0,0,1,0,0,0,0
050,49,047,Utah,Uintah County,2000,6,1471,717,754,627,671,1,1,81,76,3,1,0,0,5,5,632,676,1,1,86,81,3,1,0,0,596,639,1,1,81,75,3,1,0,0,5,5,601,644,1,1,86,80,3,1,0,0,31,32,0,0,0,1,0,0,0,0,0,0,31,32,0,0,0,1,0,0,0,0
050,49,047,Utah,Uintah County,2001,6,1539,769,770,675,685,1,0,84,79,3,1,0,0,6,5,681,690,1,0,90,84,3,1,0,0,647,657,1,0,83,77,3,1,0,0,6,5,653,662,1,0,89,82,3,1,0,0,28,28,0,0,1,2,0,0,0,0,0,0,28,28,0,0,1,2,0,0,0,0
050,49,047,Utah,Uintah County,2002,6,1690,843,847,735,739,2,0,97,99,3,3,0,0,6,6,741,745,2,0,103,105,3,3,0,0,708,712,2,0,96,97,3,3,0,0,6,6,714,718,2,0,102,103,3,3,0,0,27,27,0,0,1,2,0,0,0,0,0,0,27,27,0,0,1,2,0,0,0,0
050,49,047,Utah,Uintah County,2003,6,1762,902,860,784,740,4,0,102,109,4,2,0,1,8,8,792,748,4,0,110,116,4,3,0,1,746,710,4,0,100,107,4,2,0,1,8,8,754,718,4,0,108,114,4,3,0,1,38,30,0,0,2,2,0,0,0,0,0,0,38,30,0,0,2,2,0,0,0,0
050,49,047,Utah,Uintah County,2004,6,1815,908,907,788,793,6,1,100,101,5,3,1,1,8,8,796,801,6,1,108,108,5,4,1,1,750,765,6,1,98,99,4,3,1,1,8,8,758,773,6,1,106,106,4,4,1,1,38,28,0,0,2,2,1,0,0,0,0,0,38,28,0,0,2,2,1,0,0,0
050,49,047,Utah,Uintah County,2000c,7,1319,638,681,555,580,1,2,77,85,2,4,2,1,1,9,556,589,2,3,77,91,2,6,2,1,529,565,1,2,75,82,2,4,2,1,1,9,530,574,2,3,75,88,2,6,2,1,26,15,0,0,2,3,0,0,0,0,0,0,26,15,0,0,2,3,0,0,0,0
050,49,047,Utah,Uintah County,2000a,7,1319,638,681,555,580,1,2,77,85,2,4,2,1,1,9,556,589,2,3,77,91,2,6,2,1,529,565,1,2,75,82,2,4,2,1,1,9,530,574,2,3,75,88,2,6,2,1,26,15,0,0,2,3,0,0,0,0,0,0,26,15,0,0,2,3,0,0,0,0
050,49,047,Utah,Uintah County,2000,7,1325,639,686,554,584,1,2,76,88,3,5,0,1,5,6,559,590,1,2,81,93,3,6,0,1,528,569,1,2,74,85,3,5,0,1,5,6,533,575,1,2,79,90,3,6,0,1,26,15,0,0,2,3,0,0,0,0,0,0,26,15,0,0,2,3,0,0,0,0
050,49,047,Utah,Uintah County,2001,7,1357,677,680,591,588,1,2,77,83,3,2,0,0,5,5,596,593,1,2,82,88,3,2,0,0,558,566,1,2,75,81,3,2,0,0,5,5,563,571,1,2,80,86,3,2,0,0,33,22,0,0,2,2,0,0,0,0,0,0,33,22,0,0,2,2,0,0,0,0
050,49,047,Utah,Uintah County,2002,7,1382,688,694,598,602,0,2,82,83,3,2,0,0,5,5,603,607,0,2,87,88,3,2,0,0,560,576,0,2,80,81,3,2,0,0,5,5,565,581,0,2,85,86,3,2,0,0,38,26,0,0,2,2,0,0,0,0,0,0,38,26,0,0,2,2,0,0,0,0
050,49,047,Utah,Uintah County,2003,7,1387,674,713,590,629,0,2,77,75,2,2,0,0,5,5,595,634,0,2,82,80,2,2,0,0,549,595,0,2,75,74,2,2,0,0,5,5,554,600,0,2,80,79,2,2,0,0,41,34,0,0,2,1,0,0,0,0,0,0,41,34,0,0,2,1,0,0,0,0
050,49,047,Utah,Uintah County,2004,7,1427,711,716,631,635,0,2,72,73,2,1,0,0,6,5,637,640,0,2,78,78,2,1,0,0,593,604,0,2,71,72,2,1,0,0,6,5,599,609,0,2,77,77,2,1,0,0,38,31,0,0,1,1,0,0,0,0,0,0,38,31,0,0,1,1,0,0,0,0
050,49,047,Utah,Uintah County,2000c,8,1704,801,903,714,791,1,1,80,95,1,4,0,0,5,12,719,803,1,1,85,105,1,6,0,0,687,772,1,1,76,87,1,4,0,0,5,12,692,784,1,1,81,97,1,6,0,0,27,19,0,0,4,8,0,0,0,0,0,0,27,19,0,0,4,8,0,0,0,0
050,49,047,Utah,Uintah County,2000a,8,1704,801,903,714,791,1,1,80,95,1,4,0,0,5,12,719,803,1,1,85,105,1,6,0,0,687,772,1,1,76,87,1,4,0,0,5,12,692,784,1,1,81,97,1,6,0,0,27,19,0,0,4,8,0,0,0,0,0,0,27,19,0,0,4,8,0,0,0,0
050,49,047,Utah,Uintah County,2000,8,1688,793,895,708,787,1,1,79,96,0,3,0,0,5,8,713,795,1,1,84,104,0,3,0,0,681,768,1,1,75,88,0,3,0,0,5,8,686,776,1,1,80,96,0,3,0,0,27,19,0,0,4,8,0,0,0,0,0,0,27,19,0,0,4,8,0,0,0,0
050,49,047,Utah,Uintah County,2001,8,1555,717,838,629,732,2,2,79,92,2,4,0,1,5,7,634,739,2,2,84,99,2,4,0,1,603,713,2,2,76,86,2,4,0,1,5,7,608,720,2,2,81,93,2,4,0,1,26,19,0,0,3,6,0,0,0,0,0,0,26,19,0,0,3,6,0,0,0,0
050,49,047,Utah,Uintah County,2002,8,1435,655,780,560,684,3,2,84,82,3,4,0,1,5,7,565,691,3,2,89,89,3,4,0,1,531,669,3,2,81,78,3,4,0,1,5,7,536,676,3,2,86,85,3,4,0,1,29,15,0,0,3,4,0,0,0,0,0,0,29,15,0,0,3,4,0,0,0,0
050,49,047,Utah,Uintah County,2003,8,1360,632,728,545,623,3,2,75,92,4,4,0,1,5,6,550,629,3,2,80,98,4,4,0,1,511,607,3,2,75,88,4,4,0,1,5,6,516,613,3,2,80,94,4,4,0,1,34,16,0,0,0,4,0,0,0,0,0,0,34,16,0,0,0,4,0,0,0,0
050,49,047,Utah,Uintah County,2004,8,1311,621,690,532,590,3,2,76,87,5,4,0,1,5,6,537,596,3,2,81,93,5,4,0,1,508,574,3,2,75,83,5,4,0,1,5,6,513,580,3,2,80,89,5,4,0,1,24,16,0,0,1,4,0,0,0,0,0,0,24,16,0,0,1,4,0,0,0,0
050,49,047,Utah,Uintah County,2000c,9,1925,942,983,852,886,3,3,77,87,3,5,0,0,7,2,859,888,3,3,83,88,5,6,0,0,827,861,3,2,69,85,3,5,0,0,7,2,834,863,3,2,75,86,5,6,0,0,25,25,0,1,8,2,0,0,0,0,0,0,25,25,0,1,8,2,0,0,0,0
050,49,047,Utah,Uintah County,2000a,9,1925,942,983,852,886,3,3,77,87,3,5,0,0,7,2,859,888,3,3,83,88,5,6,0,0,827,861,3,2,69,85,3,5,0,0,7,2,834,863,3,2,75,86,5,6,0,0,25,25,0,1,8,2,0,0,0,0,0,0,25,25,0,1,8,2,0,0,0,0
050,49,047,Utah,Uintah County,2000,9,1923,942,981,852,882,3,3,77,85,3,4,0,0,7,7,859,889,3,3,84,92,3,4,0,0,827,857,3,2,69,83,3,4,0,0,7,7,834,864,3,2,76,90,3,4,0,0,25,25,0,1,8,2,0,0,0,0,0,0,25,25,0,1,8,2,0,0,0,0
050,49,047,Utah,Uintah County,2001,9,1913,914,999,830,899,3,3,73,86,2,5,0,0,6,6,836,905,3,3,79,92,2,5,0,0,807,875,3,2,66,84,2,5,0,0,6,6,813,881,3,2,72,90,2,5,0,0,23,24,0,1,7,2,0,0,0,0,0,0,23,24,0,1,7,2,0,0,0,0
050,49,047,Utah,Uintah County,2002,9,1886,907,979,828,866,3,4,69,97,1,5,0,1,6,6,834,872,3,4,75,103,1,5,0,1,807,842,3,3,63,93,1,5,0,1,6,6,813,848,3,3,69,99,1,5,0,1,21,24,0,1,6,4,0,0,0,0,0,0,21,24,0,1,6,4,0,0,0,0
050,49,047,Utah,Uintah County,2003,9,1778,862,916,780,823,3,3,72,79,1,4,0,1,6,6,786,829,3,3,78,85,1,4,0,1,760,801,3,2,63,74,1,4,0,1,6,6,766,807,3,2,69,80,1,4,0,1,20,22,0,1,9,5,0,0,0,0,0,0,20,22,0,1,9,5,0,0,0,0
050,49,047,Utah,Uintah County,2004,9,1732,830,902,754,809,3,2,66,82,1,4,0,0,6,5,760,814,3,2,72,87,1,4,0,0,728,791,3,1,58,77,1,4,0,0,6,5,734,796,3,1,64,82,1,4,0,0,26,18,0,1,8,5,0,0,0,0,0,0,26,18,0,1,8,5,0,0,0,0
050,49,047,Utah,Uintah County,2000c,10,1666,857,809,780,718,0,0,69,81,1,4,1,0,6,6,786,724,0,0,75,87,1,4,1,0,766,701,0,0,69,79,1,4,1,0,6,6,772,707,0,0,75,85,1,4,1,0,14,17,0,0,0,2,0,0,0,0,0,0,14,17,0,0,0,2,0,0,0,0
050,49,047,Utah,Uintah County,2000a,10,1666,857,809,780,718,0,0,69,81,1,4,1,0,6,6,786,724,0,0,75,87,1,4,1,0,766,701,0,0,69,79,1,4,1,0,6,6,772,707,0,0,75,85,1,4,1,0,14,17,0,0,0,2,0,0,0,0,0,0,14,17,0,0,0,2,0,0,0,0
050,49,047,Utah,Uintah County,2000,10,1671,858,813,784,723,0,0,68,82,1,3,0,0,5,5,789,728,0,0,73,87,1,3,0,0,770,706,0,0,68,80,1,3,0,0,5,5,775,711,0,0,73,85,1,3,0,0,14,17,0,0,0,2,0,0,0,0,0,0,14,17,0,0,0,2,0,0,0,0
050,49,047,Utah,Uintah County,2001,10,1736,896,840,822,750,0,0,65,81,2,3,0,0,7,6,829,756,0,0,72,87,2,3,0,0,807,731,0,0,64,79,2,3,0,0,7,6,814,737,0,0,71,85,2,3,0,0,15,19,0,0,1,2,0,0,0,0,0,0,15,19,0,0,1,2,0,0,0,0
050,49,047,Utah,Uintah County,2002,10,1765,915,850,830,759,0,0,75,81,3,4,0,0,7,6,837,765,0,0,82,87,3,4,0,0,812,736,0,0,73,78,3,4,0,0,7,6,819,742,0,0,80,84,3,4,0,0,18,23,0,0,2,3,0,0,0,0,0,0,18,23,0,0,2,3,0,0,0,0
050,49,047,Utah,Uintah County,2003,10,1819,903,916,827,817,0,1,67,89,2,4,0,0,7,5,834,822,0,1,74,94,2,4,0,0,805,794,0,1,65,87,2,4,0,0,7,5,812,799,0,1,72,92,2,4,0,0,22,23,0,0,2,2,0,0,0,0,0,0,22,23,0,0,2,2,0,0,0,0
050,49,047,Utah,Uintah County,2004,10,1852,902,950,817,850,0,2,77,87,2,4,0,0,6,7,823,857,0,2,83,94,2,4,0,0,795,825,0,2,74,85,2,4,0,0,6,7,801,832,0,2,80,92,2,4,0,0,22,25,0,0,3,2,0,0,0,0,0,0,22,25,0,0,3,2,0,0,0,0
050,49,047,Utah,Uintah County,2000c,11,1286,652,634,605,574,0,1,44,52,1,0,0,0,2,7,607,581,0,1,46,59,1,0,0,0,592,563,0,0,43,50,1,0,0,0,1,6,593,569,0,0,44,56,1,0,0,0,13,11,0,1,1,2,0,0,0,0,1,1,14,12,0,1,2,3,0,0,0,0
050,49,047,Utah,Uintah County,2000a,11,1286,652,634,605,574,0,1,44,52,1,0,0,0,2,7,607,581,0,1,46,59,1,0,0,0,592,563,0,0,43,50,1,0,0,0,1,6,593,569,0,0,44,56,1,0,0,0,13,11,0,1,1,2,0,0,0,0,1,1,14,12,0,1,2,3,0,0,0,0
050,49,047,Utah,Uintah County,2000,11,1301,658,643,610,583,0,1,42,54,1,0,0,0,5,5,615,588,0,1,47,59,1,0,0,0,597,571,0,0,40,51,1,0,0,0,5,5,602,576,0,0,45,56,1,0,0,0,13,12,0,1,2,3,0,0,0,0,0,0,13,12,0,1,2,3,0,0,0,0
050,49,047,Utah,Uintah County,2001,11,1401,710,691,653,622,0,0,51,63,1,1,0,0,5,5,658,627,0,0,56,68,1,1,0,0,639,609,0,0,50,60,1,1,0,0,5,5,644,614,0,0,55,65,1,1,0,0,14,13,0,0,1,3,0,0,0,0,0,0,14,13,0,0,1,3,0,0,0,0
050,49,047,Utah,Uintah County,2002,11,1446,732,714,679,643,0,0,47,64,1,1,0,0,5,6,684,649,0,0,52,70,1,1,0,0,664,631,0,0,46,61,1,1,0,0,5,6,669,637,0,0,51,67,1,1,0,0,15,12,0,0,1,3,0,0,0,0,0,0,15,12,0,0,1,3,0,0,0,0
050,49,047,Utah,Uintah County,2003,11,1494,771,723,709,654,0,0,54,62,2,2,0,0,6,5,715,659,0,0,60,67,2,2,0,0,695,643,0,0,53,59,2,2,0,0,6,5,701,648,0,0,59,64,2,2,0,0,14,11,0,0,1,3,0,0,0,0,0,0,14,11,0,0,1,3,0,0,0,0
050,49,047,Utah,Uintah County,2004,11,1559,809,750,748,674,0,0,53,67,2,3,0,0,6,6,754,680,0,0,59,73,2,3,0,0,733,661,0,0,53,65,2,3,0,0,6,6,739,667,0,0,59,71,2,3,0,0,15,13,0,0,0,2,0,0,0,0,0,0,15,13,0,0,0,2,0,0,0,0
050,49,047,Utah,Uintah County,2000c,12,1027,516,511,485,464,0,0,30,37,1,5,0,0,0,5,485,469,0,0,30,42,1,5,0,0,475,455,0,0,29,37,1,5,0,0,0,5,475,460,0,0,29,42,1,5,0,0,10,9,0,0,1,0,0,0,0,0,0,0,10,9,0,0,1,0,0,0,0,0
050,49,047,Utah,Uintah County,2000a,12,1027,516,511,485,464,0,0,30,37,1,5,0,0,0,5,485,469,0,0,30,42,1,5,0,0,475,455,0,0,29,37,1,5,0,0,0,5,475,460,0,0,29,42,1,5,0,0,10,9,0,0,1,0,0,0,0,0,0,0,10,9,0,0,1,0,0,0,0,0
050,49,047,Utah,Uintah County,2000,12,1033,521,512,486,468,0,0,29,36,1,3,0,0,5,5,491,473,0,0,34,41,1,3,0,0,476,459,0,0,28,36,1,3,0,0,5,5,481,464,0,0,33,41,1,3,0,0,10,9,0,0,1,0,0,0,0,0,0,0,10,9,0,0,1,0,0,0,0,0
050,49,047,Utah,Uintah County,2001,12,1009,518,491,485,447,0,1,27,36,1,2,0,0,5,5,490,452,0,1,32,41,1,2,0,0,472,437,0,0,25,35,1,2,0,0,5,5,477,442,0,0,30,40,1,2,0,0,13,10,0,1,2,1,0,0,0,0,0,0,13,10,0,1,2,1,0,0,0,0
050,49,047,Utah,Uintah County,2002,12,1094,554,540,519,493,0,1,30,39,0,2,0,0,5,5,524,498,0,1,35,44,0,2,0,0,508,482,0,0,28,38,0,2,0,0,5,5,513,487,0,0,33,43,0,2,0,0,11,11,0,1,2,1,0,0,0,0,0,0,11,11,0,1,2,1,0,0,0,0
050,49,047,Utah,Uintah County,2003,12,1112,562,550,525,502,0,1,32,41,0,1,0,0,5,5,530,507,0,1,37,46,0,1,0,0,512,488,0,0,30,40,0,1,0,0,5,5,517,493,0,0,35,45,0,1,0,0,13,14,0,1,2,1,0,0,0,0,0,0,13,14,0,1,2,1,0,0,0,0
050,49,047,Utah,Uintah County,2004,12,1201,613,588,570,535,0,1,37,46,1,1,0,0,5,5,575,540,0,1,42,51,1,1,0,0,557,524,0,0,35,45,1,1,0,0,5,5,562,529,0,0,40,50,1,1,0,0,13,11,0,1,2,1,0,0,0,0,0,0,13,11,0,1,2,1,0,0,0,0
050,49,047,Utah,Uintah County,2000c,13,897,405,492,372,442,0,0,26,44,1,0,0,1,6,5,378,447,0,1,32,47,1,0,0,2,364,435,0,0,24,43,1,0,0,1,6,5,370,440,0,1,30,46,1,0,0,2,8,7,0,0,2,1,0,0,0,0,0,0,8,7,0,0,2,1,0,0,0,0
050,49,047,Utah,Uintah County,2000a,13,897,405,492,372,442,0,0,26,44,1,0,0,1,6,5,378,447,0,1,32,47,1,0,0,2,364,435,0,0,24,43,1,0,0,1,6,5,370,440,0,1,30,46,1,0,0,2,8,7,0,0,2,1,0,0,0,0,0,0,8,7,0,0,2,1,0,0,0,0
050,49,047,Utah,Uintah County,2000,13,899,406,493,375,445,0,0,26,42,1,1,0,0,4,5,379,450,0,0,30,47,1,1,0,0,367,438,0,0,24,41,1,1,0,0,4,5,371,443,0,0,28,46,1,1,0,0,8,7,0,0,2,1,0,0,0,0,0,0,8,7,0,0,2,1,0,0,0,0
050,49,047,Utah,Uintah County,2001,13,902,403,499,375,451,0,0,23,43,1,0,0,0,4,5,379,456,0,0,27,48,1,0,0,0,368,444,0,0,22,42,1,0,0,0,4,5,372,449,0,0,26,47,1,0,0,0,7,7,0,0,1,1,0,0,0,0,0,0,7,7,0,0,1,1,0,0,0,0
050,49,047,Utah,Uintah County,2002,13,916,404,512,378,470,0,0,21,36,1,1,0,0,4,5,382,475,0,0,25,41,1,1,0,0,372,463,0,0,20,35,1,1,0,0,4,5,376,468,0,0,24,40,1,1,0,0,6,7,0,0,1,1,0,0,0,0,0,0,6,7,0,0,1,1,0,0,0,0
050,49,047,Utah,Uintah County,2003,13,923,436,487,410,448,0,0,21,31,1,2,0,1,4,5,414,453,0,0,25,36,1,2,0,1,405,441,0,0,20,30,1,2,0,1,4,5,409,446,0,0,24,35,1,2,0,1,5,7,0,0,1,1,0,0,0,0,0,0,5,7,0,0,1,1,0,0,0,0
050,49,047,Utah,Uintah County,2004,13,926,448,478,427,442,0,1,16,28,1,2,0,0,4,5,431,447,0,1,20,33,1,2,0,0,420,433,0,1,14,27,1,2,0,0,4,5,424,438,0,1,18,32,1,2,0,0,7,9,0,0,2,1,0,0,0,0,0,0,7,9,0,0,2,1,0,0,0,0
050,49,047,Utah,Uintah County,2000c,14,798,384,414,367,388,0,0,13,24,1,1,1,0,2,1,369,389,0,0,15,24,1,2,1,0,363,383,0,0,13,24,1,1,1,0,1,1,364,384,0,0,14,24,1,2,1,0,4,5,0,0,0,0,0,0,0,0,1,0,5,5,0,0,1,0,0,0,0,0
050,49,047,Utah,Uintah County,2000a,14,798,384,414,367,388,0,0,13,24,1,1,1,0,2,1,369,389,0,0,15,24,1,2,1,0,363,383,0,0,13,24,1,1,1,0,1,1,364,384,0,0,14,24,1,2,1,0,4,5,0,0,0,0,0,0,0,0,1,0,5,5,0,0,1,0,0,0,0,0
050,49,047,Utah,Uintah County,2000,14,809,388,421,371,392,0,0,13,24,2,1,0,0,2,4,373,396,0,0,15,28,2,1,0,0,366,387,0,0,13,24,2,1,0,0,2,4,368,391,0,0,15,28,2,1,0,0,5,5,0,0,0,0,0,0,0,0,0,0,5,5,0,0,0,0,0,0,0,0
050,49,047,Utah,Uintah County,2001,14,820,390,430,370,399,0,0,17,26,2,2,0,0,1,3,371,402,0,0,18,29,2,2,0,0,365,394,0,0,16,26,2,2,0,0,1,3,366,397,0,0,17,29,2,2,0,0,5,5,0,0,1,0,0,0,0,0,0,0,5,5,0,0,1,0,0,0,0,0
050,49,047,Utah,Uintah County,2002,14,823,405,418,378,383,0,0,24,30,1,1,0,0,2,4,380,387,0,0,26,34,1,1,0,0,371,375,0,0,23,30,1,1,0,0,2,4,373,379,0,0,25,34,1,1,0,0,7,8,0,0,1,0,0,0,0,0,0,0,7,8,0,0,1,0,0,0,0,0
050,49,047,Utah,Uintah County,2003,14,850,400,450,368,410,0,0,28,35,0,1,0,0,4,4,372,414,0,0,32,39,0,1,0,0,360,401,0,0,26,35,0,1,0,0,4,4,364,405,0,0,30,39,0,1,0,0,8,9,0,0,2,0,0,0,0,0,0,0,8,9,0,0,2,0,0,0,0,0
050,49,047,Utah,Uintah County,2004,14,883,398,485,365,439,0,0,30,40,0,1,0,0,3,5,368,444,0,0,33,45,0,1,0,0,358,431,0,0,29,40,0,1,0,0,3,5,361,436,0,0,32,45,0,1,0,0,7,8,0,0,1,0,0,0,0,0,0,0,7,8,0,0,1,0,0,0,0,0
050,49,047,Utah,Uintah County,2000c,15,646,333,313,317,299,0,0,13,12,1,2,1,0,1,0,318,299,0,0,14,12,1,2,1,0,310,293,0,0,13,12,1,2,1,0,1,0,311,293,0,0,14,12,1,2,1,0,7,6,0,0,0,0,0,0,0,0,0,0,7,6,0,0,0,0,0,0,0,0
050,49,047,Utah,Uintah County,2000a,15,646,333,313,317,299,0,0,13,12,1,2,1,0,1,0,318,299,0,0,14,12,1,2,1,0,310,293,0,0,13,12,1,2,1,0,1,0,311,293,0,0,14,12,1,2,1,0,7,6,0,0,0,0,0,0,0,0,0,0,7,6,0,0,0,0,0,0,0,0
050,49,047,Utah,Uintah County,2000,15,651,338,313,322,298,0,0,12,11,2,2,0,0,2,2,324,300,0,0,14,13,2,2,0,0,315,292,0,0,12,11,2,2,0,0,2,2,317,294,0,0,14,13,2,2,0,0,7,6,0,0,0,0,0,0,0,0,0,0,7,6,0,0,0,0,0,0,0,0
050,49,047,Utah,Uintah County,2001,15,664,342,322,326,306,0,0,13,12,1,2,0,0,2,2,328,308,0,0,15,14,1,2,0,0,320,300,0,0,13,12,1,2,0,0,2,2,322,302,0,0,15,14,1,2,0,0,6,6,0,0,0,0,0,0,0,0,0,0,6,6,0,0,0,0,0,0,0,0
050,49,047,Utah,Uintah County,2002,15,674,341,333,323,316,0,0,13,14,3,2,0,0,2,1,325,317,0,0,15,15,3,2,0,0,317,310,0,0,13,14,3,2,0,0,2,1,319,311,0,0,15,15,3,2,0,0,6,6,0,0,0,0,0,0,0,0,0,0,6,6,0,0,0,0,0,0,0,0
050,49,047,Utah,Uintah County,2003,15,697,341,356,324,338,0,0,12,14,3,2,1,0,1,2,325,340,0,0,13,16,3,2,1,0,321,333,0,0,12,14,3,2,1,0,1,2,322,335,0,0,13,16,3,2,1,0,3,5,0,0,0,0,0,0,0,0,0,0,3,5,0,0,0,0,0,0,0,0
050,49,047,Utah,Uintah County,2004,15,713,344,369,328,356,0,0,10,9,4,2,0,0,2,2,330,358,0,0,12,11,4,2,0,0,325,351,0,0,9,9,4,2,0,0,2,2,327,353,0,0,11,11,4,2,0,0,3,5,0,0,1,0,0,0,0,0,0,0,3,5,0,0,1,0,0,0,0,0
050,49,047,Utah,Uintah County,2000c,16,498,231,267,219,254,0,0,11,11,1,0,0,0,0,2,219,256,0,0,11,13,1,0,0,0,215,253,0,0,11,10,1,0,0,0,0,2,215,255,0,0,11,12,1,0,0,0,4,1,0,0,0,1,0,0,0,0,0,0,4,1,0,0,0,1,0,0,0,0
050,49,047,Utah,Uintah County,2000a,16,498,231,267,219,254,0,0,11,11,1,0,0,0,0,2,219,256,0,0,11,13,1,0,0,0,215,253,0,0,11,10,1,0,0,0,0,2,215,255,0,0,11,12,1,0,0,0,4,1,0,0,0,1,0,0,0,0,0,0,4,1,0,0,0,1,0,0,0,0
050,49,047,Utah,Uintah County,2000,16,505,235,270,222,258,0,0,11,11,1,0,0,0,1,1,223,259,0,0,12,12,1,0,0,0,217,257,0,0,11,10,1,0,0,0,1,1,218,258,0,0,12,11,1,0,0,0,5,1,0,0,0,1,0,0,0,0,0,0,5,1,0,0,0,1,0,0,0,0
050,49,047,Utah,Uintah County,2001,16,524,246,278,233,265,0,0,11,11,1,0,0,0,1,2,234,267,0,0,12,13,1,0,0,0,229,263,0,0,11,11,1,0,0,0,1,2,230,265,0,0,12,13,1,0,0,0,4,2,0,0,0,0,0,0,0,0,0,0,4,2,0,0,0,0,0,0,0,0
050,49,047,Utah,Uintah County,2002,16,532,246,286,236,275,0,0,8,8,1,1,0,0,1,2,237,277,0,0,9,10,1,1,0,0,233,273,0,0,8,8,1,1,0,0,1,2,234,275,0,0,9,10,1,1,0,0,3,2,0,0,0,0,0,0,0,0,0,0,3,2,0,0,0,0,0,0,0,0
050,49,047,Utah,Uintah County,2003,16,545,263,282,254,272,0,0,7,8,1,1,0,0,1,1,255,273,0,0,8,9,1,1,0,0,250,269,0,0,7,8,1,1,0,0,1,1,251,270,0,0,8,9,1,1,0,0,4,3,0,0,0,0,0,0,0,0,0,0,4,3,0,0,0,0,0,0,0,0
050,49,047,Utah,Uintah County,2004,16,535,261,274,250,263,0,0,10,9,0,1,0,0,1,1,251,264,0,0,11,10,0,1,0,0,245,258,0,0,10,9,0,1,0,0,1,1,246,259,0,0,11,10,0,1,0,0,5,5,0,0,0,0,0,0,0,0,0,0,5,5,0,0,0,0,0,0,0,0
050,49,047,Utah,Uintah County,2000c,17,312,119,193,114,182,0,0,3,9,0,1,0,0,2,1,116,183,0,0,5,10,0,1,0,0,113,181,0,0,3,9,0,1,0,0,2,1,115,182,0,0,5,10,0,1,0,0,1,1,0,0,0,0,0,0,0,0,0,0,1,1,0,0,0,0,0,0,0,0
050,49,047,Utah,Uintah County,2000a,17,312,119,193,114,182,0,0,3,9,0,1,0,0,2,1,116,183,0,0,5,10,0,1,0,0,113,181,0,0,3,9,0,1,0,0,2,1,115,182,0,0,5,10,0,1,0,0,1,1,0,0,0,0,0,0,0,0,0,0,1,1,0,0,0,0,0,0,0,0
050,49,047,Utah,Uintah County,2000,17,316,119,197,116,185,0,0,3,10,0,1,0,0,0,1,116,186,0,0,3,11,0,1,0,0,115,184,0,0,3,10,0,1,0,0,0,1,115,185,0,0,3,11,0,1,0,0,1,1,0,0,0,0,0,0,0,0,0,0,1,1,0,0,0,0,0,0,0,0
050,49,047,Utah,Uintah County,2001,17,338,138,200,132,190,0,0,6,9,0,1,0,0,0,0,132,190,0,0,6,9,0,1,0,0,131,190,0,0,6,8,0,1,0,0,0,0,131,190,0,0,6,8,0,1,0,0,1,0,0,0,0,1,0,0,0,0,0,0,1,0,0,0,0,1,0,0,0,0
050,49,047,Utah,Uintah County,2002,17,339,141,198,136,190,0,0,5,6,0,1,0,0,0,1,136,191,0,0,5,7,0,1,0,0,134,190,0,0,5,6,0,1,0,0,0,1,134,191,0,0,5,7,0,1,0,0,2,0,0,0,0,0,0,0,0,0,0,0,2,0,0,0,0,0,0,0,0,0
050,49,047,Utah,Uintah County,2003,17,339,148,191,141,187,0,0,7,4,0,0,0,0,0,0,141,187,0,0,7,4,0,0,0,0,139,187,0,0,7,3,0,0,0,0,0,0,139,187,0,0,7,3,0,0,0,0,2,0,0,0,0,1,0,0,0,0,0,0,2,0,0,0,0,1,0,0,0,0
050,49,047,Utah,Uintah County,2004,17,349,156,193,149,189,0,0,6,3,1,0,0,0,0,1,149,190,0,0,6,4,1,0,0,0,149,189,0,0,6,3,1,0,0,0,0,1,149,190,0,0,6,4,1,0,0,0,0,0,0,0,0,0,0,0,0,0,0,0,0,0,0,0,0,0,0,0,0,0
050,49,047,Utah,Uintah County,2000c,18,253,89,164,79,156,0,0,7,7,0,0,0,0,3,1,82,157,0,0,9,8,1,0,0,0,78,155,0,0,7,7,0,0,0,0,3,1,81,156,0,0,9,8,1,0,0,0,1,1,0,0,0,0,0,0,0,0,0,0,1,1,0,0,0,0,0,0,0,0
050,49,047,Utah,Uintah County,2000a,18,253,89,164,79,156,0,0,7,7,0,0,0,0,3,1,82,157,0,0,9,8,1,0,0,0,78,155,0,0,7,7,0,0,0,0,3,1,81,156,0,0,9,8,1,0,0,0,1,1,0,0,0,0,0,0,0,0,0,0,1,1,0,0,0,0,0,0,0,0
050,49,047,Utah,Uintah County,2000,18,256,90,166,82,158,0,0,7,7,0,0,0,0,1,1,83,159,0,0,8,8,0,0,0,0,81,157,0,0,7,7,0,0,0,0,1,1,82,158,0,0,8,8,0,0,0,0,1,1,0,0,0,0,0,0,0,0,0,0,1,1,0,0,0,0,0,0,0,0
050,49,047,Utah,Uintah County,2001,18,264,92,172,83,164,0,0,8,7,0,0,0,0,1,1,84,165,0,0,9,8,0,0,0,0,83,162,0,0,8,7,0,0,0,0,1,1,84,163,0,0,9,8,0,0,0,0,0,2,0,0,0,0,0,0,0,0,0,0,0,2,0,0,0,0,0,0,0,0
050,49,047,Utah,Uintah County,2002,18,289,100,189,93,180,0,0,7,8,0,0,0,0,0,1,93,181,0,0,7,9,0,0,0,0,93,178,0,0,7,8,0,0,0,0,0,1,93,179,0,0,7,9,0,0,0,0,0,2,0,0,0,0,0,0,0,0,0,0,0,2,0,0,0,0,0,0,0,0
050,49,047,Utah,Uintah County,2003,18,292,100,192,97,180,0,0,3,10,0,1,0,0,0,1,97,181,0,0,3,11,0,1,0,0,96,178,0,0,3,10,0,1,0,0,0,1,96,179,0,0,3,11,0,1,0,0,1,2,0,0,0,0,0,0,0,0,0,0,1,2,0,0,0,0,0,0,0,0
050,49,047,Utah,Uintah County,2004,18,299,95,204,94,190,0,0,1,12,0,1,0,0,0,1,94,191,0,0,1,13,0,1,0,0,93,188,0,0,1,12,0,1,0,0,0,1,93,189,0,0,1,13,0,1,0,0,1,2,0,0,0,0,0,0,0,0,0,0,1,2,0,0,0,0,0,0,0,0
050,49,049,Utah,Utah County,2000c,0,368536,182657,185879,175476,178580,722,517,1163,1178,1815,2272,1178,1025,2303,2307,177591,180717,1074,877,1912,1897,2676,3184,1905,1725,162545,166957,610,431,925,970,1764,2211,1140,984,2095,2113,164469,168917,927,739,1550,1598,2566,3064,1830,1648,12931,11623,112,86,238,208,51,61,38,41,208,194,13122,11800,147,138,362,299,110,120,75,77
050,49,049,Utah,Utah County,2000a,0,368540,182657,185883,175476,178583,722,517,1163,1178,1815,2273,1178,1025,2303,2307,177591,180720,1074,877,1912,1897,2676,3185,1905,1725,162545,166960,610,431,925,970,1764,2212,1140,984,2095,2113,164469,168920,927,739,1550,1598,2566,3065,1830,1648,12931,11623,112,86,238,208,51,61,38,41,208,194,13122,11800,147,138,362,299,110,120,75,77
050,49,049,Utah,Utah County,2000,0,370862,183893,186969,176401,179405,698,518,1183,1185,1886,2170,1163,1131,2562,2560,178745,181775,1133,925,1961,1951,2858,3162,1977,1921,163240,167602,591,431,946,985,1837,2117,1108,1069,2360,2349,165393,169771,986,802,1613,1639,2766,3053,1887,1825,13161,11803,107,87,237,200,49,53,55,62,202,211,13352,12004,147,123,348,312,92,109,90,96
050,49,049,Utah,Utah County,2001,0,382482,189760,192722,181957,184825,766,575,1204,1199,1978,2307,1198,1170,2657,2646,184392,187281,1253,1025,1971,1948,2990,3350,2028,1976,167979,172181,630,463,965,1002,1924,2248,1143,1110,2433,2416,170202,174415,1061,865,1622,1637,2887,3230,1930,1881,13978,12644,136,112,239,197,54,59,55,60,224,230,14190,12866,192,160,349,311,103,120,98,95
050,49,049,Utah,Utah County,2002,0,391569,194209,197360,186164,189187,834,636,1189,1181,2063,2429,1234,1219,2725,2708,188660,191692,1357,1120,1955,1915,3117,3506,2070,2043,171232,175641,673,499,943,982,2002,2365,1169,1157,2479,2476,173496,177924,1134,926,1587,1609,3000,3382,1956,1943,14932,13546,161,137,246,199,61,64,65,62,246,232,15164,13768,223,194,368,306,117,124,114,100
050,49,049,Utah,Utah County,2003,0,397170,197017,200153,188794,191781,841,630,1229,1200,2121,2515,1243,1244,2789,2783,191353,194354,1393,1144,2015,1944,3202,3627,2070,2081,173138,177517,655,477,977,1002,2065,2456,1178,1177,2525,2522,175448,179844,1136,919,1638,1630,3082,3501,1955,1965,15656,14264,186,153,252,198,56,59,65,67,264,261,15905,14510,257,225,377,314,120,126,115,116
050,49,049,Utah,Utah County,2004,0,403352,199991,203361,191546,194710,877,664,1240,1223,2205,2638,1265,1274,2858,2852,194180,197348,1459,1204,2010,1972,3337,3787,2092,2120,175031,179656,660,484,982,1030,2144,2571,1202,1206,2576,2573,177396,182030,1157,944,1629,1664,3209,3643,1977,1997,16515,15054,217,180,258,193,61,67,63,68,282,279,16784,15318,302,260,381,308,128,144,115,123
050,49,049,Utah,Utah County,2000c,1,40373,20748,19625,19702,18585,107,96,122,135,154,150,137,136,526,523,20212,19086,223,200,232,248,356,343,300,300,17960,16955,94,82,97,107,144,145,129,126,484,476,18430,17412,203,174,184,204,335,326,282,277,1742,1630,13,14,25,28,10,5,8,10,42,47,1782,1674,20,26,48,44,21,17,18,23
050,49,049,Utah,Utah County,2000a,1,40373,20748,19625,19702,18585,107,96,122,135,154,150,137,136,526,523,20212,19086,223,200,232,248,356,343,300,300,17960,16955,94,82,97,107,144,145,129,126,484,476,18430,17412,203,174,184,204,335,326,282,277,1742,1630,13,14,25,28,10,5,8,10,42,47,1782,1674,20,26,48,44,21,17,18,23
050,49,049,Utah,Utah County,2000,1,41027,21083,19944,19917,18798,102,98,130,140,180,180,149,149,605,579,20488,19349,267,236,242,271,400,382,347,330,18134,17129,91,83,103,113,172,172,138,138,559,534,18661,17635,245,211,198,226,378,363,325,309,1783,1669,11,15,27,27,8,8,11,11,46,45,1827,1714,22,25,44,45,22,19,22,21
050,49,049,Utah,Utah County,2001,1,43979,22659,21320,21470,20194,95,86,131,138,201,188,151,145,611,569,22047,20738,270,230,232,254,429,394,340,309,19525,18353,83,73,114,115,191,180,139,135,565,521,20058,18850,244,204,204,213,404,373,317,289,1945,1841,12,13,17,23,10,8,12,10,46,48,1989,1888,26,26,28,41,25,21,23,20
050,49,049,Utah,Utah County,2002,1,46463,23948,22515,22775,21395,82,86,133,136,207,197,146,145,605,556,23345,21928,261,232,224,238,441,403,321,292,20635,19355,70,69,118,119,199,189,134,136,553,507,21156,19840,231,197,197,208,416,383,296,274,2140,2040,12,17,15,17,8,8,12,9,52,49,2189,2088,30,35,27,30,25,20,25,18
050,49,049,Utah,Utah County,2003,1,48235,24848,23387,23687,22315,70,65,146,124,220,205,143,140,582,538,24240,22831,241,206,231,209,450,418,296,277,21395,20079,56,47,132,111,213,199,133,132,529,486,21898,20544,207,166,205,184,427,399,275,260,2292,2236,14,18,14,13,7,6,10,8,53,52,2342,2287,34,40,26,25,23,19,21,17
050,49,049,Utah,Utah County,2004,1,49221,25436,23785,24286,22767,64,62,144,118,233,205,142,125,567,508,24825,23256,238,200,212,187,467,412,277,246,21816,20434,46,42,126,112,228,199,133,119,507,460,22297,20875,192,157,182,175,446,395,259,231,2470,2333,18,20,18,6,5,6,9,6,60,48,2528,2381,46,43,30,12,21,17,18,15
050,49,049,Utah,Utah County,2000c,2,33840,17352,16488,16510,15701,96,91,144,123,111,118,121,106,370,349,16861,16029,181,179,228,218,236,250,239,200,15091,14376,90,86,106,99,106,110,117,102,339,320,15412,14682,170,167,176,177,220,225,226,191,1419,1325,6,5,38,24,5,8,4,4,31,29,1449,1347,11,12,52,41,16,25,13,9
050,49,049,Utah,Utah County,2000a,2,33840,17352,16488,16510,15701,96,91,144,123,111,118,121,106,370,349,16861,16029,181,179,228,218,236,250,239,200,15091,14376,90,86,106,99,106,110,117,102,339,320,15412,14682,170,167,176,177,220,225,226,191,1419,1325,6,5,38,24,5,8,4,4,31,29,1449,1347,11,12,52,41,16,25,13,9
050,49,049,Utah,Utah County,2000,2,34023,17443,16580,16525,15704,95,88,140,126,134,128,125,123,424,411,16921,16091,200,200,246,228,282,265,249,238,15086,14364,89,82,105,103,128,122,119,112,390,380,15449,14721,190,190,192,189,267,250,238,221,1439,1340,6,6,35,23,6,6,6,11,34,31,1472,1370,10,10,54,39,15,15,11,17
050,49,049,Utah,Utah County,2001,2,34950,17926,17024,16964,16114,98,86,142,122,145,143,135,127,442,432,17379,16523,215,207,244,221,299,293,264,246,15448,14709,86,76,106,100,139,136,126,117,406,399,15828,15086,195,192,190,184,284,276,249,230,1516,1405,12,10,36,22,6,7,9,10,36,33,1551,1437,20,15,54,37,15,17,15,16
050,49,049,Utah,Utah County,2002,2,35674,18308,17366,17306,16471,104,82,130,110,150,143,141,126,477,434,17754,16884,235,206,236,202,320,295,280,247,15702,15000,91,69,98,87,143,137,131,116,434,404,16109,15383,212,188,184,166,299,280,261,232,1604,1471,13,13,32,23,7,6,10,10,43,30,1645,1501,23,18,52,36,21,15,19,15
050,49,049,Utah,Utah County,2003,2,36436,18761,17675,17734,16725,103,86,125,120,155,150,143,128,501,466,18203,17166,245,223,231,218,334,313,288,254,16035,15237,87,71,96,97,149,145,134,119,459,431,16464,15644,219,201,184,180,316,298,270,239,1699,1488,16,15,29,23,6,5,9,9,42,35,1739,1522,26,22,47,38,18,15,18,15
050,49,049,Utah,Utah County,2004,2,37542,19297,18245,18243,17222,105,88,117,124,161,166,147,140,524,505,18736,17701,262,239,217,230,357,346,296,275,16470,15630,85,71,89,101,153,160,137,130,477,464,16918,16070,228,213,171,190,333,326,275,256,1773,1592,20,17,28,23,8,6,10,10,47,41,1818,1631,34,26,46,40,24,20,21,19
050,49,049,Utah,Utah County,2000c,3,31426,16178,15248,15464,14567,51,53,130,132,107,124,121,98,305,274,15748,14822,105,100,234,223,215,218,210,180,14403,13571,45,40,106,102,103,120,118,97,275,254,14659,13808,94,81,192,183,202,209,203,175,1061,996,6,13,24,30,4,4,3,1,30,20,1089,1014,11,19,42,40,13,9,7,5
050,49,049,Utah,Utah County,2000a,3,31426,16178,15248,15464,14567,51,53,130,132,107,124,121,98,305,274,15748,14822,105,100,234,223,215,218,210,180,14403,13571,45,40,106,102,103,120,118,97,275,254,14659,13808,94,81,192,183,202,209,203,175,1061,996,6,13,24,30,4,4,3,1,30,20,1089,1014,11,19,42,40,13,9,7,5
050,49,049,Utah,Utah County,2000,3,31590,16259,15331,15503,14610,58,55,136,136,128,125,124,116,310,289,15796,14882,108,105,233,226,241,230,218,197,14426,13602,52,43,111,108,123,121,118,114,284,263,14694,13849,97,87,194,183,230,220,206,192,1077,1008,6,12,25,28,5,4,6,2,26,26,1102,1033,11,18,39,43,11,10,12,5
050,49,049,Utah,Utah County,2001,3,32463,16767,15696,15965,14921,80,75,138,139,128,130,121,121,335,310,16280,15213,149,139,236,228,247,243,219,206,14777,13787,71,59,110,110,123,125,115,116,302,280,15061,14049,133,116,191,183,233,230,206,198,1188,1134,9,16,28,29,5,5,6,5,33,30,1219,1164,16,23,45,45,14,13,13,8
050,49,049,Utah,Utah County,2002,3,33111,17025,16086,16211,15258,91,92,124,143,134,135,126,124,339,334,16530,15571,167,170,217,236,257,253,222,213,14878,13979,79,75,98,112,128,128,121,119,308,299,15167,14258,149,146,175,187,242,235,210,203,1333,1279,12,17,26,31,6,7,5,5,31,35,1363,1313,18,24,42,49,15,18,12,10
050,49,049,Utah,Utah County,2003,3,33007,16942,16065,16106,15244,99,97,125,131,137,133,127,121,348,339,16433,15560,184,186,219,222,262,251,224,212,14708,13889,86,80,96,106,129,124,120,114,313,303,15001,14171,164,160,172,180,243,230,209,198,1398,1355,13,17,29,25,8,9,7,7,35,36,1432,1389,20,26,47,42,19,21,15,14
050,49,049,Utah,Utah County,2004,3,32713,16742,15971,15893,15160,104,102,122,125,139,133,126,118,358,333,16229,15473,197,193,214,208,270,248,224,204,14429,13745,89,84,96,102,130,122,121,113,324,302,14732,14028,174,167,172,171,250,228,211,193,1464,1415,15,18,26,23,9,11,5,5,34,31,1497,1445,23,26,42,37,20,20,13,11
050,49,049,Utah,Utah County,2000c,4,41555,19603,21952,18812,21068,76,54,124,142,187,233,124,142,280,313,19065,21353,109,103,206,232,305,362,230,243,17522,19858,55,47,99,115,183,227,122,138,251,282,17751,20113,83,81,163,195,288,348,224,236,1290,1210,21,7,25,27,4,6,2,4,29,31,1314,1240,26,22,43,37,17,14,6,7
050,49,049,Utah,Utah County,2000a,4,41557,19603,21954,18812,21069,76,54,124,142,187,234,124,142,280,313,19065,21354,109,103,206,232,305,363,230,243,17522,19859,55,47,99,115,183,228,122,138,251,282,17751,20114,83,81,163,195,288,349,224,236,1290,1210,21,7,25,27,4,6,2,4,29,31,1314,1240,26,22,43,37,17,14,6,7
050,49,049,Utah,Utah County,2000,4,41386,19526,21860,18702,20942,73,59,123,141,182,227,146,155,300,336,18973,21249,106,98,217,242,309,373,255,262,17425,19735,54,49,96,118,178,222,139,148,281,304,17679,20011,84,82,179,201,300,358,243,252,1277,1207,19,10,27,23,4,5,7,7,19,32,1294,1238,22,16,38,41,9,15,12,10
050,49,049,Utah,Utah County,2001,4,38414,19405,19009,18587,18197,72,61,124,126,179,191,141,133,302,301,18865,18474,109,98,217,217,305,319,244,229,17341,17092,51,51,99,106,176,188,136,128,281,274,17599,17342,82,83,181,181,297,308,234,222,1246,1105,21,10,25,20,3,3,5,5,21,27,1266,1132,27,15,36,36,8,11,10,7
050,49,049,Utah,Utah County,2002,4,36759,18818,17941,17971,17154,85,64,138,121,176,184,136,128,312,290,18253,17420,129,102,239,209,302,306,243,218,16733,16078,60,51,106,100,172,179,130,122,285,265,16992,16319,97,82,191,173,293,296,229,211,1238,1076,25,13,32,21,4,5,6,6,27,25,1261,1101,32,20,48,36,9,10,14,7
050,49,049,Utah,Utah County,2003,4,35000,18006,16994,17200,16202,88,66,129,129,162,177,128,126,299,294,17474,16473,130,109,224,218,283,300,230,216,15985,15114,59,51,98,103,157,175,122,121,275,266,16238,15357,96,85,179,176,271,292,217,209,1215,1088,29,15,31,26,5,2,6,5,24,28,1236,1116,34,24,45,42,12,8,13,7
050,49,049,Utah,Utah County,2004,4,33952,17420,16532,16615,15740,92,62,135,129,156,177,122,125,300,299,16895,16016,135,106,226,220,275,302,222,216,15356,14625,59,45,103,102,152,174,117,120,274,264,15612,14867,97,78,180,173,266,290,211,208,1259,1115,33,17,32,27,4,3,5,5,26,35,1283,1149,38,28,46,47,9,12,11,8
050,49,049,Utah,Utah County,2000c,5,55649,26630,29019,25555,27823,107,70,164,153,351,455,173,172,280,346,25806,28137,128,93,262,252,481,634,258,290,23764,26296,86,57,134,134,343,442,167,165,252,323,23988,26588,104,77,214,223,469,613,248,277,1791,1527,21,13,30,19,8,13,6,7,28,23,1818,1549,24,16,48,29,12,21,10,13
050,49,049,Utah,Utah County,2000a,5,55649,26630,29019,25555,27823,107,70,164,153,351,455,173,172,280,346,25806,28137,128,93,262,252,481,634,258,290,23764,26296,86,57,134,134,343,442,167,165,252,323,23988,26588,104,77,214,223,469,613,248,277,1791,1527,21,13,30,19,8,13,6,7,28,23,1818,1549,24,16,48,29,12,21,10,13
050,49,049,Utah,Utah County,2000,5,56041,26827,29214,25726,28004,100,66,167,160,325,417,196,212,313,355,26007,28318,132,101,263,256,464,589,300,340,23901,26459,81,55,137,140,318,405,189,201,285,331,24155,26754,108,87,218,224,452,568,288,323,1825,1545,19,11,30,20,7,12,7,11,28,24,1852,1564,24,14,45,32,12,21,12,17
050,49,049,Utah,Utah County,2001,5,56514,24878,31636,23811,30293,113,81,152,169,306,459,191,237,305,397,24083,30643,147,123,241,270,443,657,295,383,22044,28625,85,62,120,147,297,446,183,225,275,369,22288,28951,112,98,193,236,427,634,281,364,1767,1668,28,19,32,22,9,13,8,12,30,28,1795,1692,35,25,48,34,16,23,14,19
050,49,049,Utah,Utah County,2002,5,53285,22246,31039,21284,29680,113,87,124,159,275,461,169,240,281,412,21538,30041,142,133,206,264,399,666,267,394,19549,27949,81,66,97,135,267,449,162,228,253,379,19776,28282,104,105,163,224,386,643,255,374,1735,1731,32,21,27,24,8,12,7,12,28,33,1762,1759,38,28,43,40,13,23,12,20
050,49,049,Utah,Utah County,2003,5,48517,19324,29193,18427,27905,101,82,126,153,252,436,151,223,267,394,18668,28253,130,126,206,258,369,626,242,370,16735,26258,70,58,94,132,246,425,144,212,239,362,16948,26579,94,93,159,221,357,606,230,352,1692,1647,31,24,32,21,6,11,7,11,28,32,1720,1674,36,33,47,37,12,20,12,18
050,49,049,Utah,Utah County,2004,5,44048,17895,26153,17039,24909,98,86,114,150,238,418,139,215,267,375,17280,25240,129,130,195,252,356,593,231,355,15379,23260,66,60,86,125,231,407,132,204,236,341,15590,23562,90,94,151,209,342,574,218,338,1660,1649,32,26,28,25,7,11,7,11,31,34,1690,1678,39,36,44,43,14,19,13,17
050,49,049,Utah,Utah County,2000c,6,33171,17601,15570,16788,14798,94,44,123,133,269,355,152,103,175,137,16945,14922,106,57,191,172,339,417,212,155,15084,13454,79,31,103,108,266,347,146,98,158,124,15226,13565,88,40,162,140,329,406,204,149,1704,1344,15,13,20,25,3,8,6,5,17,13,1719,1357,18,17,29,32,10,11,8,6
050,49,049,Utah,Utah County,2000a,6,33173,17601,15572,16788,14800,94,44,123,133,269,355,152,103,175,137,16945,14924,106,57,191,172,339,417,212,155,15084,13456,79,31,103,108,266,347,146,98,158,124,15226,13567,88,40,162,140,329,406,204,149,1704,1344,15,13,20,25,3,8,6,5,17,13,1719,1357,18,17,29,32,10,11,8,6
050,49,049,Utah,Utah County,2000,6,33676,17885,15791,17062,15006,87,41,126,122,285,323,126,112,199,187,17231,15172,112,56,198,178,370,411,190,177,15298,13619,73,29,106,99,279,318,121,105,183,165,15454,13765,94,40,168,145,360,399,184,165,1764,1387,14,12,20,23,6,5,5,7,16,22,1777,1407,18,16,30,33,10,12,6,12
050,49,049,Utah,Utah County,2001,6,39146,21204,17942,20247,17071,107,53,140,126,330,359,149,124,231,209,20445,17260,138,72,220,184,427,456,222,199,18327,15549,91,38,118,101,322,352,145,119,216,186,18511,15716,117,53,189,149,417,442,218,190,1920,1522,16,15,22,25,8,7,4,5,15,23,1934,1544,21,19,31,35,10,14,4,9
050,49,049,Utah,Utah County,2002,6,45885,25210,20675,24067,19686,122,66,167,122,390,406,184,153,280,242,24310,19905,161,91,265,185,512,516,271,242,21995,18070,101,46,131,99,379,398,176,145,258,219,22218,18268,134,66,215,152,496,502,262,229,2072,1616,21,20,36,23,11,8,8,8,22,23,2092,1637,27,25,50,33,16,14,9,13
050,49,049,Utah,Utah County,2003,6,52034,28594,23440,27338,22305,135,67,175,139,425,465,205,181,316,283,27612,22557,179,94,284,215,564,598,305,284,25163,20501,105,48,138,112,414,457,197,171,292,252,25416,20726,143,71,231,175,546,579,294,264,2175,1804,30,19,37,27,11,8,8,10,24,31,2196,1831,36,23,53,40,18,19,11,20
050,49,049,Utah,Utah County,2004,6,56691,29826,26865,28488,25612,146,69,185,150,449,503,220,205,338,326,28781,25902,190,103,295,235,602,656,328,327,26244,23703,111,51,141,126,438,495,212,194,311,294,26514,23965,150,81,235,200,583,634,316,305,2244,1909,35,18,44,24,11,8,8,11,27,32,2267,1937,40,22,60,35,19,22,12,22
050,49,049,Utah,Utah County,2000c,7,22998,11773,11225,11264,10710,77,32,81,83,178,259,92,60,81,81,11334,10785,86,41,112,118,206,289,121,79,9971,9727,63,27,57,71,173,256,90,55,69,72,10030,9794,69,34,78,100,199,285,119,73,1293,983,14,5,24,12,5,3,2,5,12,9,1304,991,17,7,34,18,7,4,2,6
050,49,049,Utah,Utah County,2000a,7,22998,11773,11225,11264,10710,77,32,81,83,178,259,92,60,81,81,11334,10785,86,41,112,118,206,289,121,79,9971,9727,63,27,57,71,173,256,90,55,69,72,10030,9794,69,34,78,100,199,285,119,73,1293,983,14,5,24,12,5,3,2,5,12,9,1304,991,17,7,34,18,7,4,2,6
050,49,049,Utah,Utah County,2000,7,23139,11854,11285,11340,10777,72,31,78,80,175,219,83,76,106,102,11428,10870,87,40,118,113,216,267,120,107,10020,9778,58,26,54,68,171,216,80,72,93,90,10096,9859,67,33,86,95,212,261,116,102,1320,999,14,5,24,12,4,3,3,4,13,12,1332,1011,20,7,32,18,4,6,4,5
050,49,049,Utah,Utah County,2001,7,24255,12381,11874,11853,11306,64,41,85,87,183,246,86,81,110,113,11946,11408,75,55,122,121,228,298,128,115,10436,10235,51,32,61,73,180,242,83,78,98,98,10517,10323,57,41,91,99,225,292,124,111,1417,1071,13,9,24,14,3,4,3,3,12,15,1429,1085,18,14,31,22,3,6,4,4
050,49,049,Utah,Utah County,2002,7,25044,12802,12242,12238,11629,79,45,81,96,198,267,90,86,116,119,12336,11737,91,58,120,133,246,324,132,122,10695,10449,64,36,60,81,193,263,85,82,103,105,10780,10543,72,46,91,110,241,317,126,116,1543,1180,15,9,21,15,5,4,5,4,13,14,1556,1194,19,12,29,23,5,7,6,6
050,49,049,Utah,Utah County,2003,7,26233,13444,12789,12836,12150,79,46,96,92,209,280,95,92,129,129,12946,12269,96,60,141,129,261,343,139,134,11219,10888,63,32,76,76,205,274,90,86,113,110,11314,10989,73,42,113,105,255,331,133,123,1617,1262,16,14,20,16,4,6,5,6,16,19,1632,1280,23,18,28,24,6,12,6,11
050,49,049,Utah,Utah County,2004,7,28401,14771,13630,14128,12917,79,55,102,100,226,312,100,102,136,144,14243,13049,92,70,148,143,285,383,147,148,12408,11572,63,37,83,81,220,305,95,94,123,119,12510,11681,72,47,122,112,278,368,141,133,1720,1345,16,18,19,19,6,7,5,8,13,25,1733,1368,20,23,26,31,7,15,6,15
050,49,049,Utah,Utah County,2000c,8,20444,10368,10076,9985,9681,39,24,84,86,116,154,84,61,60,70,10032,9745,43,29,116,119,136,179,104,81,9094,8920,36,21,69,72,112,153,82,60,52,67,9133,8981,38,26,95,103,132,177,101,79,891,761,3,3,15,14,4,1,2,1,8,3,899,764,5,3,21,16,4,2,3,2
050,49,049,Utah,Utah County,2000a,8,20444,10368,10076,9985,9681,39,24,84,86,116,154,84,61,60,70,10032,9745,43,29,116,119,136,179,104,81,9094,8920,36,21,69,72,112,153,82,60,52,67,9133,8981,38,26,95,103,132,177,101,79,891,761,3,3,15,14,4,1,2,1,8,3,899,764,5,3,21,16,4,2,3,2
050,49,049,Utah,Utah County,2000,8,20316,10309,10007,9927,9624,35,24,80,81,127,146,59,55,81,77,10000,9696,42,29,117,117,156,171,83,75,9025,8858,32,21,65,68,125,145,56,53,74,73,9091,8926,38,26,96,100,154,170,80,73,902,766,3,3,15,13,2,1,3,2,7,4,909,770,4,3,21,17,2,1,3,2
050,49,049,Utah,Utah County,2001,8,20332,10450,9882,10027,9488,52,28,84,80,138,154,63,58,86,74,10104,9558,62,31,121,113,171,181,89,78,9008,8690,43,23,65,68,136,152,60,55,77,66,9076,8752,51,25,95,97,169,176,86,74,1019,798,9,5,19,12,2,2,3,3,9,8,1028,806,11,6,26,16,2,5,3,4
050,49,049,Utah,Utah County,2002,8,20489,10522,9967,10085,9546,53,35,73,70,154,173,73,61,84,82,10160,9621,60,43,107,101,187,204,100,87,8965,8671,43,25,52,57,151,170,68,60,74,74,9030,8738,49,30,78,86,184,198,94,85,1120,875,10,10,21,13,3,3,5,1,10,8,1130,883,11,13,29,15,3,6,6,2
050,49,049,Utah,Utah County,2003,8,20556,10591,9965,10132,9516,60,38,75,76,163,185,72,66,89,84,10210,9595,72,46,109,109,200,214,100,90,8895,8639,46,29,52,62,161,183,70,63,77,76,8961,8710,54,34,79,90,197,212,98,87,1237,877,14,9,23,14,2,2,2,3,12,8,1249,885,18,12,30,19,3,2,2,3
050,49,049,Utah,Utah County,2004,8,21008,10809,10199,10311,9731,74,39,77,72,176,202,76,69,95,86,10397,9811,87,47,114,103,214,237,106,94,8986,8769,55,26,52,59,175,200,73,66,81,76,9058,8839,64,30,80,86,212,233,101,90,1325,962,19,13,25,13,1,2,3,3,14,10,1339,972,23,17,34,17,2,4,5,4
050,49,049,Utah,Utah County,2000c,9,18696,9319,9377,8991,9065,28,17,63,70,100,113,51,40,86,72,9067,9132,35,28,116,109,120,131,71,58,8440,8519,25,13,56,66,99,106,49,37,83,66,8513,8580,31,22,107,102,119,122,69,55,551,546,3,4,7,4,1,7,2,3,3,6,554,552,4,6,9,7,1,9,2,3
050,49,049,Utah,Utah County,2000a,9,18696,9319,9377,8991,9065,28,17,63,70,100,113,51,40,86,72,9067,9132,35,28,116,109,120,131,71,58,8440,8519,25,13,56,66,99,106,49,37,83,66,8513,8580,31,22,107,102,119,122,69,55,551,546,3,4,7,4,1,7,2,3,3,6,554,552,4,6,9,7,1,9,2,3
050,49,049,Utah,Utah County,2000,9,18735,9338,9397,9022,9094,29,19,70,71,99,104,49,44,69,65,9084,9153,30,22,102,103,124,127,70,61,8461,8539,25,15,64,66,98,99,47,38,65,60,8519,8593,26,17,93,94,123,122,67,55,561,555,4,4,6,5,1,5,2,6,4,5,565,560,4,5,9,9,1,5,3,6
050,49,049,Utah,Utah County,2001,9,19130,9486,9644,9151,9315,30,18,67,74,110,118,54,49,74,70,9215,9377,32,22,100,106,139,142,78,71,8549,8693,26,14,60,67,107,113,52,45,68,65,8608,8750,27,16,90,96,135,137,74,67,602,622,4,4,7,7,3,5,2,4,6,5,607,627,5,6,10,10,4,5,4,4
050,49,049,Utah,Utah County,2002,9,19167,9648,9519,9305,9184,38,25,70,74,111,117,53,50,71,69,9369,9244,40,29,102,103,137,143,74,73,8636,8524,31,20,62,67,109,113,51,46,65,65,8694,8580,32,23,90,93,135,139,71,69,669,660,7,5,8,7,2,4,2,4,6,4,675,664,8,6,12,10,2,4,3,4
050,49,049,Utah,Utah County,2003,9,19490,9870,9620,9512,9278,36,24,71,71,112,123,57,53,82,71,9585,9340,40,29,108,99,143,150,81,77,8778,8525,29,17,62,63,109,121,51,50,72,66,8842,8582,31,20,94,88,138,148,73,74,734,753,7,7,9,8,3,2,6,3,10,5,743,758,9,9,14,11,5,2,8,3
050,49,049,Utah,Utah County,2004,9,19705,9991,9714,9637,9340,37,29,64,76,117,135,57,58,79,76,9707,9408,41,36,98,107,146,163,83,80,8786,8515,27,21,56,67,113,132,53,54,70,68,8848,8575,28,25,86,93,141,160,77,76,851,825,10,8,8,9,4,3,4,4,9,8,859,833,13,11,12,14,5,3,6,4
050,49,049,Utah,Utah County,2000c,10,16098,7972,8126,7757,7889,19,10,43,52,78,98,36,30,39,47,7789,7927,22,16,68,82,87,116,48,41,7327,7528,16,7,37,44,76,96,34,29,36,45,7358,7564,18,13,60,72,84,114,45,40,430,361,3,3,6,8,2,2,2,1,3,2,431,363,4,3,8,10,3,2,3,1
050,49,049,Utah,Utah County,2000a,10,16098,7972,8126,7757,7889,19,10,43,52,78,98,36,30,39,47,7789,7927,22,16,68,82,87,116,48,41,7327,7528,16,7,37,44,76,96,34,29,36,45,7358,7564,18,13,60,72,84,114,45,40,430,361,3,3,6,8,2,2,2,1,3,2,431,363,4,3,8,10,3,2,3,1
050,49,049,Utah,Utah County,2000,10,16205,8028,8177,7814,7946,19,11,43,52,72,91,35,28,45,49,7855,7991,20,11,67,77,87,109,46,43,7377,7579,15,8,37,45,70,90,33,27,43,47,7416,7622,16,8,59,68,85,108,44,42,437,367,4,3,6,7,2,1,2,1,2,2,439,369,4,3,8,9,2,1,2,1
050,49,049,Utah,Utah County,2001,10,16754,8364,8390,8154,8146,20,18,44,56,68,91,34,28,44,51,8194,8192,20,18,67,83,83,109,46,44,7670,7715,15,13,39,48,67,88,32,27,40,47,7707,7757,15,13,60,72,81,106,42,42,484,431,5,5,5,8,1,3,2,1,4,4,487,435,5,5,7,11,2,3,4,2
050,49,049,Utah,Utah County,2002,10,17272,8527,8745,8298,8485,26,22,48,59,72,97,37,30,46,52,8340,8533,28,23,71,86,88,114,48,46,7786,8014,20,16,46,52,71,92,35,29,44,49,7827,8059,21,16,69,78,86,109,45,44,512,471,6,6,2,7,1,5,2,1,2,3,513,474,7,7,2,8,2,5,3,2
050,49,049,Utah,Utah County,2003,10,17581,8687,8894,8431,8617,28,25,54,62,82,104,39,31,53,55,8480,8667,30,26,82,91,99,123,51,48,7886,8107,21,19,50,57,81,99,39,30,50,52,7932,8154,22,19,76,84,98,118,51,46,545,510,7,6,4,5,1,5,0,1,3,3,548,513,8,7,6,7,1,5,0,2
050,49,049,Utah,Utah County,2004,10,17867,8811,9056,8529,8760,29,27,60,61,92,112,46,34,55,62,8580,8813,33,30,89,92,110,134,56,55,7948,8217,22,18,55,56,90,106,45,32,51,57,7995,8265,24,20,82,85,108,127,55,51,581,543,7,9,5,5,2,6,1,2,4,5,585,548,9,10,7,7,2,7,1,4
050,49,049,Utah,Utah County,2000c,11,13194,6395,6799,6214,6618,12,11,33,25,65,74,32,31,39,40,6246,6652,15,14,58,51,79,89,40,40,5957,6301,10,7,23,22,64,73,31,31,37,33,5987,6330,13,10,46,42,77,86,39,39,257,317,2,4,10,3,1,1,1,0,2,7,259,322,2,4,12,9,2,3,1,1
050,49,049,Utah,Utah County,2000a,11,13194,6395,6799,6214,6618,12,11,33,25,65,74,32,31,39,40,6246,6652,15,14,58,51,79,89,40,40,5957,6301,10,7,23,22,64,73,31,31,37,33,5987,6330,13,10,46,42,77,86,39,39,257,317,2,4,10,3,1,1,1,0,2,7,259,322,2,4,12,9,2,3,1,1
050,49,049,Utah,Utah County,2000,11,13370,6481,6889,6298,6707,13,11,35,29,67,76,28,21,40,45,6332,6747,14,12,59,52,80,92,37,36,6035,6380,11,7,25,24,66,76,27,21,35,41,6064,6416,11,8,45,43,79,92,36,36,263,327,2,4,10,5,1,0,1,0,5,4,268,331,3,4,14,9,1,0,1,0
050,49,049,Utah,Utah County,2001,11,14013,6772,7241,6574,7032,14,12,36,35,75,87,33,27,40,48,6609,7076,15,13,60,59,87,103,42,42,6254,6700,13,8,27,30,74,85,32,26,34,44,6283,6740,13,9,47,50,86,101,40,41,320,332,1,4,9,5,1,2,1,1,6,4,326,336,2,4,13,9,1,2,2,1
050,49,049,Utah,Utah County,2002,11,14204,6940,7264,6736,7048,17,13,41,39,73,91,31,28,42,45,6772,7088,18,13,66,64,86,106,41,43,6383,6687,14,9,29,34,73,90,30,28,35,41,6412,6724,14,9,49,55,86,105,39,42,353,361,3,4,12,5,0,1,1,0,7,4,360,364,4,4,17,9,0,1,2,1
050,49,049,Utah,Utah County,2003,11,14586,7146,7440,6934,7213,17,12,40,43,76,90,33,29,46,53,6974,7260,19,14,66,72,91,107,43,46,6554,6843,13,9,31,37,76,89,31,27,39,47,6587,6885,13,10,53,61,91,106,40,43,380,370,4,3,9,6,0,1,2,2,7,6,387,375,6,4,13,11,0,1,3,3
050,49,049,Utah,Utah County,2004,11,15056,7436,7620,7206,7375,19,16,46,48,80,97,33,30,52,54,7253,7423,22,19,74,77,98,115,44,47,6781,6984,14,10,37,43,80,96,32,29,44,50,6820,7028,14,12,61,69,97,114,42,46,425,391,5,6,9,5,0,1,1,1,8,4,433,395,8,7,13,8,1,1,2,1
050,49,049,Utah,Utah County,2000c,12,10020,4853,5167,4739,5069,7,5,30,17,35,45,20,15,22,16,4758,5083,9,5,44,26,38,49,27,20,4545,4839,3,4,22,12,34,44,20,15,20,15,4563,4852,5,4,35,20,37,48,25,20,194,230,4,1,8,5,1,1,0,0,2,1,195,231,4,1,9,6,1,1,2,0
050,49,049,Utah,Utah County,2000a,12,10020,4853,5167,4739,5069,7,5,30,17,35,45,20,15,22,16,4758,5083,9,5,44,26,38,49,27,20,4545,4839,3,4,22,12,34,44,20,15,20,15,4563,4852,5,4,35,20,37,48,25,20,194,230,4,1,8,5,1,1,0,0,2,1,195,231,4,1,9,6,1,1,2,0
050,49,049,Utah,Utah County,2000,12,10078,4882,5196,4766,5096,7,5,27,18,38,43,16,14,28,20,4790,5116,7,5,44,30,46,47,26,18,4568,4863,3,4,20,13,37,42,15,14,27,17,4591,4880,3,4,36,23,45,45,25,18,198,233,4,1,7,5,1,1,1,0,1,3,199,236,4,1,8,7,1,2,1,0
050,49,049,Utah,Utah County,2001,12,10485,5053,5432,4927,5322,9,6,31,17,39,49,16,15,31,23,4953,5344,9,6,51,30,47,55,27,20,4728,5060,5,5,21,13,39,49,16,15,28,20,4752,5079,5,5,38,23,47,55,26,20,199,262,4,1,10,4,0,0,0,0,3,3,201,265,4,1,13,7,0,0,1,0
050,49,049,Utah,Utah County,2002,12,11242,5367,5875,5235,5752,10,7,26,20,46,55,21,18,29,23,5259,5773,11,7,42,33,55,61,32,24,5017,5472,8,6,18,16,44,55,19,18,27,20,5039,5490,8,6,33,26,53,61,30,24,218,280,2,1,8,4,2,0,2,0,2,3,220,283,3,1,9,7,2,0,2,0
050,49,049,Utah,Utah County,2003,12,11530,5561,5969,5426,5832,11,9,22,21,50,63,22,20,30,24,5452,5854,12,10,39,34,58,69,33,26,5184,5523,8,6,15,16,50,62,20,20,26,21,5206,5542,8,7,30,26,58,68,30,26,242,309,3,3,7,5,0,1,2,0,4,3,246,312,4,3,9,8,0,1,3,0
050,49,049,Utah,Utah County,2004,12,12038,5815,6223,5681,6077,12,11,21,26,49,63,22,20,30,26,5707,6100,13,11,39,40,57,71,32,27,5425,5737,9,6,13,21,48,63,20,19,27,23,5448,5757,9,6,29,33,56,70,30,26,256,340,3,5,8,5,1,0,2,1,3,3,259,343,4,5,10,7,1,1,2,1
050,49,049,Utah,Utah County,2000c,13,7569,3619,3950,3555,3892,7,2,8,11,21,23,14,11,14,11,3565,3903,8,3,14,17,27,26,19,13,3426,3765,7,1,6,7,21,23,14,11,14,10,3436,3775,8,1,12,13,27,26,19,13,129,127,0,1,2,4,0,0,0,0,0,1,129,128,0,2,2,4,0,0,0,0
050,49,049,Utah,Utah County,2000a,13,7569,3619,3950,3555,3892,7,2,8,11,21,23,14,11,14,11,3565,3903,8,3,14,17,27,26,19,13,3426,3765,7,1,6,7,21,23,14,11,14,10,3436,3775,8,1,12,13,27,26,19,13,129,127,0,1,2,4,0,0,0,0,0,1,129,128,0,2,2,4,0,0,0,0
050,49,049,Utah,Utah County,2000,13,7605,3637,3968,3571,3910,6,2,9,11,26,23,10,8,15,14,3586,3924,6,2,17,17,30,26,13,14,3441,3780,6,1,8,7,26,23,10,8,14,14,3455,3794,6,1,15,13,30,26,13,14,130,130,0,1,1,4,0,0,0,0,1,0,131,130,0,1,2,4,0,0,0,0
050,49,049,Utah,Utah County,2001,13,7737,3743,3994,3672,3931,9,1,9,11,28,24,9,10,16,17,3688,3948,9,1,18,20,32,27,12,16,3519,3777,8,1,8,8,27,24,9,9,15,16,3534,3793,8,1,16,16,31,27,12,15,153,154,1,0,1,3,1,0,0,1,1,1,154,155,1,0,2,4,1,0,0,1
050,49,049,Utah,Utah County,2002,13,7999,3877,4122,3802,4060,8,2,13,12,27,23,10,9,17,16,3818,4076,8,2,22,20,32,26,14,15,3633,3885,6,1,10,8,26,23,10,8,16,15,3648,3900,6,1,18,15,31,26,14,14,169,175,2,1,3,4,1,0,0,1,1,1,170,176,2,1,4,5,1,0,0,1
050,49,049,Utah,Utah County,2003,13,8531,4039,4492,3953,4416,7,3,20,17,25,27,10,10,24,19,3975,4434,8,4,34,27,31,30,15,17,3781,4222,6,1,15,11,24,26,10,9,19,17,3799,4238,6,1,25,20,30,29,14,16,172,194,1,2,5,6,1,1,0,1,5,2,176,196,2,3,9,7,1,1,1,1
050,49,049,Utah,Utah County,2004,13,9176,4346,4830,4247,4746,7,6,21,16,31,32,13,11,27,19,4274,4765,9,7,37,25,37,36,17,17,4057,4524,4,3,18,11,30,31,12,11,22,18,4079,4542,5,3,31,20,36,35,15,17,190,222,3,3,3,5,1,1,1,0,5,1,195,223,4,4,6,5,1,1,2,0
050,49,049,Utah,Utah County,2000c,14,6619,3098,3521,3063,3478,1,2,4,7,13,22,9,6,8,6,3069,3484,2,2,9,12,16,23,12,6,3001,3371,1,2,3,5,13,21,9,6,7,6,3006,3377,2,2,7,10,16,22,12,6,62,107,0,0,1,2,0,1,0,0,1,0,63,107,0,0,2,2,0,1,0,0
050,49,049,Utah,Utah County,2000a,14,6619,3098,3521,3063,3478,1,2,4,7,13,22,9,6,8,6,3069,3484,2,2,9,12,16,23,12,6,3001,3371,1,2,3,5,13,21,9,6,7,6,3006,3377,2,2,7,10,16,22,12,6,62,107,0,0,1,2,0,1,0,0,1,0,63,107,0,0,2,2,0,1,0,0
050,49,049,Utah,Utah County,2000,14,6641,3112,3529,3072,3487,1,2,5,8,17,19,6,6,11,7,3082,3494,1,2,11,14,20,20,10,6,3009,3378,1,2,4,6,17,18,6,6,11,6,3019,3384,1,2,10,11,20,19,10,6,63,109,0,0,1,2,0,1,0,0,0,1,63,110,0,0,1,3,0,1,0,0
050,49,049,Utah,Utah County,2001,14,6938,3267,3671,3230,3627,1,1,5,10,14,19,5,6,12,8,3241,3635,1,1,12,15,17,22,9,6,3163,3513,1,0,4,8,14,19,5,6,11,8,3173,3521,1,0,10,13,17,22,9,6,67,114,0,1,1,2,0,0,0,0,1,0,68,114,0,1,2,2,0,0,0,0
050,49,049,Utah,Utah County,2002,14,7134,3398,3736,3348,3686,4,0,8,8,18,25,7,8,13,9,3360,3694,4,0,15,13,22,29,12,9,3264,3570,4,0,7,6,18,24,7,8,12,9,3275,3578,4,0,13,11,22,28,12,9,84,116,0,0,1,2,0,1,0,0,1,0,85,116,0,0,2,2,0,1,0,0
050,49,049,Utah,Utah County,2003,14,7388,3523,3865,3469,3812,5,2,8,10,23,24,8,9,10,8,3479,3820,5,2,14,15,25,27,11,9,3358,3692,5,1,7,8,23,24,8,9,10,8,3368,3700,5,1,13,13,25,27,11,9,111,120,0,1,1,2,0,0,0,0,0,0,111,120,0,1,1,2,0,0,0,0
050,49,049,Utah,Utah County,2004,14,7594,3588,4006,3524,3939,7,3,11,14,26,28,9,9,11,13,3535,3951,7,3,18,23,28,32,12,10,3380,3797,7,1,9,12,26,28,9,9,11,12,3391,3808,7,1,16,20,28,32,12,10,144,142,0,2,2,2,0,0,0,0,0,1,144,143,0,2,2,3,0,0,0,0
050,49,049,Utah,Utah County,2000c,15,5842,2730,3112,2699,3070,0,5,4,4,12,20,6,4,9,9,2707,3078,1,6,10,6,14,24,7,7,2649,3006,0,5,3,3,11,20,6,4,9,8,2657,3013,1,6,9,5,13,24,7,6,50,64,0,0,1,1,1,0,0,0,0,1,50,65,0,0,1,1,1,0,0,1
050,49,049,Utah,Utah County,2000a,15,5842,2730,3112,2699,3070,0,5,4,4,12,20,6,4,9,9,2707,3078,1,6,10,6,14,24,7,7,2649,3006,0,5,3,3,11,20,6,4,9,8,2657,3013,1,6,9,5,13,24,7,6,50,64,0,0,1,1,1,0,0,0,0,1,50,65,0,0,1,1,1,0,0,1
050,49,049,Utah,Utah County,2000,15,5872,2751,3121,2721,3079,0,5,6,4,12,20,6,4,6,9,2727,3088,0,5,11,9,13,22,7,7,2669,3015,0,5,5,3,12,20,5,4,6,9,2675,3024,0,5,10,8,13,22,6,7,52,64,0,0,1,1,0,0,1,0,0,0,52,64,0,0,1,1,0,0,1,0
050,49,049,Utah,Utah County,2001,15,5950,2776,3174,2741,3134,1,7,8,2,14,19,5,4,7,8,2748,3142,1,7,14,7,15,20,6,6,2680,3058,1,7,7,2,14,19,5,4,7,8,2687,3066,1,7,13,7,15,20,6,6,61,76,0,0,1,0,0,0,0,0,0,0,61,76,0,0,1,0,0,0,0,0
050,49,049,Utah,Utah County,2002,15,6186,2831,3355,2805,3311,1,6,5,3,11,20,4,5,5,10,2810,3320,1,6,9,8,12,23,5,9,2737,3219,1,6,4,3,11,20,4,5,5,10,2742,3228,1,6,8,8,12,23,5,9,68,92,0,0,1,0,0,0,0,0,0,0,68,92,0,0,1,0,0,0,0,0
050,49,049,Utah,Utah County,2003,15,6219,2825,3394,2799,3355,0,6,7,4,10,15,3,5,6,9,2805,3364,0,6,12,9,11,16,4,8,2725,3241,0,6,6,4,10,15,3,5,6,8,2731,3249,0,6,11,9,11,16,4,7,74,114,0,0,1,0,0,0,0,0,0,1,74,115,0,0,1,0,0,0,0,1
050,49,049,Utah,Utah County,2004,15,6334,2875,3459,2847,3421,1,6,6,4,10,16,4,3,7,9,2854,3430,1,6,11,9,11,17,6,6,2783,3305,1,6,5,4,10,15,4,3,7,8,2790,3313,1,6,10,9,11,16,6,5,64,116,0,0,1,0,0,1,0,0,0,1,64,117,0,0,1,0,0,1,0,1
050,49,049,Utah,Utah County,2000c,16,4726,2059,2667,2042,2648,0,0,2,1,10,10,0,0,5,8,2047,2656,0,0,5,4,12,15,0,1,2001,2597,0,0,0,0,9,9,0,0,5,7,2006,2604,0,0,3,2,11,14,0,1,41,51,0,0,2,1,1,1,0,0,0,1,41,52,0,0,2,2,1,1,0,0
050,49,049,Utah,Utah County,2000a,16,4726,2059,2667,2042,2648,0,0,2,1,10,10,0,0,5,8,2047,2656,0,0,5,4,12,15,0,1,2001,2597,0,0,0,0,9,9,0,0,5,7,2006,2604,0,0,3,2,11,14,0,1,41,51,0,0,2,1,1,1,0,0,0,1,41,52,0,0,2,2,1,1,0,0
050,49,049,Utah,Utah County,2000,16,4768,2083,2685,2064,2667,0,0,3,2,9,9,2,1,5,6,2069,2673,0,0,7,7,9,10,3,1,2021,2615,0,0,1,1,8,8,2,1,5,6,2026,2621,0,0,5,6,8,9,3,1,43,52,0,0,2,1,1,1,0,0,0,0,43,52,0,0,2,1,1,1,0,0
050,49,049,Utah,Utah County,2001,16,4885,2147,2738,2125,2716,0,0,3,3,10,11,3,1,6,7,2131,2723,0,0,7,9,10,12,5,1,2087,2663,0,0,1,2,9,11,3,1,5,6,2092,2669,0,0,5,7,9,12,4,1,38,53,0,0,2,1,1,0,0,0,1,1,39,54,0,0,2,2,1,0,1,0
050,49,049,Utah,Utah County,2002,16,4965,2204,2761,2176,2728,0,2,4,4,15,17,4,4,5,6,2181,2734,0,2,7,9,15,18,6,4,2139,2668,0,2,3,2,13,17,4,3,4,6,2143,2674,0,2,6,7,13,18,5,3,37,60,0,0,1,2,2,0,0,1,1,0,38,60,0,0,1,2,2,0,1,1
050,49,049,Utah,Utah County,2003,16,5039,2252,2787,2227,2754,1,1,3,2,12,20,4,4,5,6,2232,2760,1,1,6,7,13,21,5,4,2193,2694,1,1,2,1,11,20,4,4,4,6,2197,2700,1,1,5,6,12,21,4,4,34,60,0,0,1,1,1,0,0,0,1,0,35,60,0,0,1,1,1,0,1,0
050,49,049,Utah,Utah County,2004,16,5147,2331,2816,2295,2782,1,1,6,3,15,19,5,4,9,7,2304,2789,1,1,11,8,17,20,7,5,2248,2717,1,1,5,2,14,19,5,4,8,7,2256,2724,1,1,10,7,16,20,6,5,47,65,0,0,1,1,1,0,0,0,1,0,48,65,0,0,1,1,1,0,1,0
050,49,049,Utah,Utah County,2000c,17,3431,1371,2060,1362,2038,0,1,2,3,4,14,2,4,1,0,1363,2038,0,1,3,3,4,14,2,4,1347,2012,0,1,2,2,4,14,2,4,1,0,1348,2012,0,1,3,2,4,14,2,4,15,26,0,0,0,1,0,0,0,0,0,0,15,26,0,0,0,1,0,0,0,0
050,49,049,Utah,Utah County,2000a,17,3431,1371,2060,1362,2038,0,1,2,3,4,14,2,4,1,0,1363,2038,0,1,3,3,4,14,2,4,1347,2012,0,1,2,2,4,14,2,4,1,0,1348,2012,0,1,3,2,4,14,2,4,15,26,0,0,0,1,0,0,0,0,0,0,15,26,0,0,0,1,0,0,0,0
050,49,049,Utah,Utah County,2000,17,3465,1387,2078,1377,2055,0,1,2,2,4,12,1,4,3,4,1380,2059,0,1,5,6,4,12,1,4,1362,2029,0,1,2,1,4,12,1,4,3,4,1365,2033,0,1,5,5,4,12,1,4,15,26,0,0,0,1,0,0,0,0,0,0,15,26,0,0,0,1,0,0,0,0
050,49,049,Utah,Utah County,2001,17,3516,1416,2100,1408,2080,0,1,2,2,3,11,0,2,3,4,1411,2084,0,1,5,6,3,11,0,2,1384,2044,0,1,2,2,3,11,0,2,3,4,1387,2048,0,1,5,6,3,11,0,2,24,36,0,0,0,0,0,0,0,0,0,0,24,36,0,0,0,0,0,0,0,0
050,49,049,Utah,Utah County,2002,17,3523,1408,2115,1406,2095,0,1,0,3,1,10,0,2,1,4,1407,2099,0,1,1,6,1,11,0,2,1380,2056,0,1,0,2,1,10,0,2,1,4,1381,2060,0,1,1,5,1,11,0,2,26,39,0,0,0,1,0,0,0,0,0,0,26,39,0,0,0,1,0,0,0,0
050,49,049,Utah,Utah County,2003,17,3538,1454,2084,1445,2064,0,0,2,3,4,9,2,3,1,5,1446,2068,0,0,3,6,4,11,2,4,1420,2016,0,0,2,3,4,9,1,2,1,5,1421,2020,0,0,3,6,4,11,1,3,25,48,0,0,0,0,0,0,1,1,0,0,25,48,0,0,0,0,0,0,1,1
050,49,049,Utah,Utah County,2004,17,3536,1413,2123,1401,2105,0,0,4,3,3,8,3,2,2,5,1403,2110,0,0,6,7,3,9,3,2,1374,2053,0,0,3,2,3,7,1,1,2,5,1376,2058,0,0,5,6,3,8,1,1,27,52,0,0,1,1,0,1,2,1,0,0,27,52,0,0,1,1,0,1,2,1
050,49,049,Utah,Utah County,2000c,18,2885,988,1897,974,1880,1,0,2,1,4,5,4,6,3,5,977,1885,1,0,4,5,5,5,5,7,963,1862,0,0,2,1,3,5,4,6,3,5,966,1867,0,0,4,5,4,5,5,7,11,18,1,0,0,0,1,0,0,0,0,0,11,18,1,0,0,0,1,0,0,0
050,49,049,Utah,Utah County,2000a,18,2885,988,1897,974,1880,1,0,2,1,4,5,4,6,3,5,977,1885,1,0,4,5,5,5,5,7,963,1862,0,0,2,1,3,5,4,6,3,5,966,1867,0,0,4,5,4,5,5,7,11,18,1,0,0,0,1,0,0,0,0,0,11,18,1,0,0,0,1,0,0,0
050,49,049,Utah,Utah County,2000,18,2925,1008,1917,994,1899,1,0,3,2,6,8,2,3,2,5,996,1903,1,0,4,5,7,9,2,5,982,1880,0,0,3,2,5,8,2,3,2,5,984,1884,0,0,4,5,6,9,2,5,12,19,1,0,0,0,1,0,0,0,0,0,12,19,1,0,0,0,1,0,0,0
050,49,049,Utah,Utah County,2001,18,3021,1066,1955,1051,1938,1,0,3,2,7,8,2,2,2,5,1053,1943,1,1,4,5,8,8,2,3,1039,1918,0,0,3,2,6,8,2,2,2,5,1041,1923,0,1,4,5,7,8,2,3,12,20,1,0,0,0,1,0,0,0,0,0,12,20,1,0,0,0,1,0,0,0
050,49,049,Utah,Utah County,2002,18,3167,1130,2037,1116,2019,1,1,4,2,5,8,2,2,2,5,1118,2024,1,2,6,5,5,8,2,3,1105,1995,0,1,4,2,4,8,2,2,2,5,1107,2000,0,2,6,5,4,8,2,3,11,24,1,0,0,0,1,0,0,0,0,0,11,24,1,0,0,0,1,0,0,0
050,49,049,Utah,Utah County,2003,18,3250,1150,2100,1138,2078,1,1,5,3,4,9,1,3,1,6,1139,2083,1,2,6,6,4,10,1,5,1124,2049,0,1,5,3,3,9,1,3,1,6,1125,2054,0,2,6,6,3,10,1,5,14,29,1,0,0,0,1,0,0,0,0,0,14,29,1,0,0,0,1,0,0,0
050,49,049,Utah,Utah County,2004,18,3323,1189,2134,1176,2107,2,2,5,4,4,12,1,4,1,5,1177,2111,2,3,6,6,4,13,1,6,1161,2069,1,2,5,4,3,12,1,4,1,5,1162,2073,1,3,6,6,3,13,1,6,15,38,1,0,0,0,1,0,0,0,0,0,15,38,1,0,0,0,1,0,0,0
050,49,051,Utah,Wasatch County,2000c,0,15215,7731,7484,7549,7315,16,22,46,34,18,27,9,7,93,79,7639,7392,19,30,112,80,38,48,24,23,7221,6978,13,19,32,27,18,26,9,6,44,47,7262,7023,16,27,51,45,38,47,22,18,328,337,3,3,14,7,0,1,0,1,49,32,377,369,3,3,61,35,0,1,2,5
050,49,051,Utah,Wasatch County,2000a,0,15215,7731,7484,7549,7315,16,22,46,34,18,27,9,7,93,79,7639,7392,19,30,112,80,38,48,24,23,7221,6978,13,19,32,27,18,26,9,6,44,47,7262,7023,16,27,51,45,38,47,22,18,328,337,3,3,14,7,0,1,0,1,49,32,377,369,3,3,61,35,0,1,2,5
050,49,051,Utah,Wasatch County,2000,0,15435,7853,7582,7687,7430,16,23,49,35,17,25,1,2,83,67,7770,7497,17,24,114,87,28,33,9,9,7329,7069,13,20,30,23,17,24,1,2,60,54,7389,7123,14,21,72,62,28,32,9,9,358,361,3,3,19,12,0,1,0,0,23,13,381,374,3,3,42,25,0,1,0,0
050,49,051,Utah,Wasatch County,2001,0,16171,8212,7959,8019,7779,15,23,60,45,21,25,3,6,94,81,8113,7860,17,24,136,106,31,37,12,16,7645,7388,13,20,32,31,20,24,3,6,66,66,7711,7454,15,21,80,77,29,35,12,16,374,391,2,3,28,14,1,1,0,0,28,15,402,406,2,3,56,29,2,2,0,0
050,49,051,Utah,Wasatch County,2002,0,16915,8586,8329,8359,8126,16,23,75,58,24,28,4,9,108,85,8467,8211,17,25,161,118,37,41,16,20,7925,7677,13,20,38,40,24,28,4,8,76,71,8001,7748,14,21,92,87,36,41,16,19,434,449,3,3,37,18,0,0,0,1,32,14,466,463,3,4,69,31,1,0,0,1
050,49,051,Utah,Wasatch County,2003,0,17620,8931,8689,8677,8456,16,25,82,61,28,36,8,8,120,103,8797,8559,18,26,175,132,43,55,20,25,8168,7932,13,22,40,40,28,35,8,8,84,85,8252,8017,15,23,97,94,42,53,20,24,509,524,3,3,42,21,0,1,0,0,36,18,545,542,3,3,78,38,1,2,0,1
050,49,051,Utah,Wasatch County,2004,0,18139,9186,8953,8898,8710,18,24,99,65,35,38,6,11,130,105,9028,8815,20,25,202,138,52,58,17,25,8320,8112,15,21,49,43,35,38,6,11,85,86,8405,8198,17,22,107,98,51,58,17,24,578,598,3,3,50,22,0,0,0,0,45,19,623,617,3,3,95,40,1,0,0,1
050,49,051,Utah,Wasatch County,2000c,1,1398,746,652,724,630,1,3,6,1,1,2,2,0,12,16,736,646,3,4,14,12,4,5,2,1,682,573,1,3,3,1,1,2,2,0,6,8,688,581,3,4,5,5,4,5,2,0,42,57,0,0,3,0,0,0,0,0,6,8,48,65,0,0,9,7,0,0,0,1
050,49,051,Utah,Wasatch County,2000a,1,1398,746,652,724,630,1,3,6,1,1,2,2,0,12,16,736,646,3,4,14,12,4,5,2,1,682,573,1,3,3,1,1,2,2,0,6,8,688,581,3,4,5,5,4,5,2,0,42,57,0,0,3,0,0,0,0,0,6,8,48,65,0,0,9,7,0,0,0,1
050,49,051,Utah,Wasatch County,2000,1,1442,771,671,743,650,1,3,6,2,2,1,0,0,19,15,762,665,2,4,16,10,6,4,5,3,697,587,1,3,2,0,2,1,0,0,15,12,712,599,2,4,8,5,6,4,5,3,46,63,0,0,4,2,0,0,0,0,4,3,50,66,0,0,8,5,0,0,0,0
050,49,051,Utah,Wasatch County,2001,1,1483,780,703,756,683,0,1,7,4,2,1,0,0,15,14,771,697,0,1,16,12,5,4,4,3,701,608,0,1,2,2,2,1,0,0,10,11,711,619,0,1,6,7,5,4,4,3,55,75,0,0,5,2,0,0,0,0,5,3,60,78,0,0,10,5,0,0,0,0
050,49,051,Utah,Wasatch County,2002,1,1603,830,773,806,751,0,1,7,6,1,1,1,0,15,14,821,765,0,1,16,13,5,5,4,3,735,661,0,1,2,3,1,1,1,0,11,11,746,672,0,1,7,7,5,5,4,3,71,90,0,0,5,3,0,0,0,0,4,3,75,93,0,0,9,6,0,0,0,0
050,49,051,Utah,Wasatch County,2003,1,1693,871,822,847,802,0,0,6,4,2,1,1,0,15,15,862,817,0,0,13,11,7,6,4,3,750,691,0,0,1,2,2,1,1,0,11,13,761,704,0,0,4,7,7,6,4,3,97,111,0,0,5,2,0,0,0,0,4,2,101,113,0,0,9,4,0,0,0,0
050,49,051,Utah,Wasatch County,2004,1,1742,877,865,857,850,0,0,4,3,4,1,1,0,11,11,868,861,0,0,9,8,9,5,2,2,744,713,0,0,0,2,4,1,1,0,7,10,751,723,0,0,1,6,9,5,2,2,113,137,0,0,4,1,0,0,0,0,4,1,117,138,0,0,8,2,0,0,0,0
050,49,051,Utah,Wasatch County,2000c,2,1420,746,674,719,651,4,2,7,2,3,4,0,2,13,13,732,664,4,5,14,11,7,6,3,4,674,605,4,2,5,2,3,4,0,2,7,9,681,614,4,5,6,7,7,6,3,4,45,46,0,0,2,0,0,0,0,0,6,4,51,50,0,0,8,4,0,0,0,0
050,49,051,Utah,Wasatch County,2000a,2,1420,746,674,719,651,4,2,7,2,3,4,0,2,13,13,732,664,4,5,14,11,7,6,3,4,674,605,4,2,5,2,3,4,0,2,7,9,681,614,4,5,6,7,7,6,3,4,45,46,0,0,2,0,0,0,0,0,6,4,51,50,0,0,8,4,0,0,0,0
050,49,051,Utah,Wasatch County,2000,2,1441,761,680,732,659,4,2,5,2,3,3,0,1,17,13,749,672,4,2,16,9,7,6,3,4,683,610,4,2,4,1,3,3,0,1,14,12,697,622,4,2,12,7,7,6,3,4,49,49,0,0,1,1,0,0,0,0,3,1,52,50,0,0,4,2,0,0,0,0
050,49,051,Utah,Wasatch County,2001,2,1481,799,682,764,653,4,3,7,3,3,3,0,3,21,17,785,670,6,4,17,11,8,8,5,8,723,606,4,3,3,2,3,3,0,3,17,15,740,621,6,4,9,8,8,7,5,8,41,47,0,0,4,1,0,0,0,0,4,2,45,49,0,0,8,3,0,1,0,0
050,49,051,Utah,Wasatch County,2002,2,1523,826,697,787,664,4,3,9,6,3,4,1,3,22,17,809,681,5,4,21,13,8,9,6,8,741,613,4,3,2,5,3,4,1,3,16,16,757,629,5,4,8,11,8,9,6,8,46,51,0,0,7,1,0,0,0,0,6,1,52,52,0,0,13,2,0,0,0,0
050,49,051,Utah,Wasatch County,2003,2,1529,819,710,783,675,2,3,8,6,3,4,1,3,22,19,805,694,3,4,20,14,7,10,6,9,733,618,2,3,3,5,3,4,1,3,16,17,749,635,3,4,9,11,7,10,6,9,50,57,0,0,5,1,0,0,0,0,6,2,56,59,0,0,11,3,0,0,0,0
050,49,051,Utah,Wasatch County,2004,2,1546,827,719,783,677,3,3,11,8,4,5,2,4,24,22,807,699,4,4,26,17,9,12,6,11,725,614,3,3,5,6,4,5,2,4,17,19,742,633,4,4,13,12,9,12,6,11,58,63,0,0,6,2,0,0,0,0,7,3,65,66,0,0,13,5,0,0,0,0
050,49,051,Utah,Wasatch County,2000c,3,1472,775,697,761,677,2,5,2,3,0,1,0,0,10,11,771,688,2,7,8,7,3,5,2,3,729,657,2,5,1,2,0,1,0,0,5,9,734,666,2,7,2,4,3,5,2,3,32,20,0,0,1,1,0,0,0,0,5,2,37,22,0,0,6,3,0,0,0,0
050,49,051,Utah,Wasatch County,2000a,3,1472,775,697,761,677,2,5,2,3,0,1,0,0,10,11,771,688,2,7,8,7,3,5,2,3,729,657,2,5,1,2,0,1,0,0,5,9,734,666,2,7,2,4,3,5,2,3,32,20,0,0,1,1,0,0,0,0,5,2,37,22,0,0,6,3,0,0,0,0
050,49,051,Utah,Wasatch County,2000,3,1488,785,703,773,686,2,5,2,4,0,1,0,0,8,7,781,693,2,5,10,10,0,2,0,0,738,664,2,5,1,3,0,1,0,0,5,6,743,670,2,5,6,8,0,2,0,0,35,22,0,0,1,1,0,0,0,0,3,1,38,23,0,0,4,2,0,0,0,0
050,49,051,Utah,Wasatch County,2001,3,1556,801,755,789,734,3,6,2,4,0,1,0,1,7,9,796,743,3,6,9,10,0,3,0,2,750,711,3,6,1,3,0,1,0,1,5,8,755,719,3,6,6,8,0,3,0,2,39,23,0,0,1,1,0,0,0,0,2,1,41,24,0,0,3,2,0,0,0,0
050,49,051,Utah,Wasatch County,2002,3,1565,799,766,781,749,2,3,5,3,0,1,0,1,11,9,792,758,2,3,15,9,1,2,1,3,741,715,2,3,4,2,0,1,0,1,8,8,749,723,2,3,11,7,1,2,1,3,40,34,0,0,1,1,0,0,0,0,3,1,43,35,0,0,4,2,0,0,0,0
050,49,051,Utah,Wasatch County,2003,3,1580,816,764,785,739,3,4,8,4,1,3,1,2,18,12,803,751,4,4,20,10,4,6,4,5,739,693,3,4,4,3,1,3,1,2,13,11,752,704,4,4,11,8,4,6,4,5,46,46,0,0,4,1,0,0,0,0,5,1,51,47,0,0,9,2,0,0,0,0
050,49,051,Utah,Wasatch County,2004,3,1543,798,745,760,722,3,3,11,5,3,2,1,2,20,11,780,733,4,3,23,11,7,5,5,4,710,674,3,3,6,4,3,2,1,2,15,10,725,684,4,3,13,9,7,5,5,4,50,48,0,0,5,1,0,0,0,0,5,1,55,49,0,0,10,2,0,0,0,0
050,49,051,Utah,Wasatch County,2000c,4,1392,727,665,710,653,2,3,4,0,2,1,0,0,9,8,717,660,3,4,10,2,3,7,3,4,680,615,2,3,2,0,2,1,0,0,4,7,682,621,3,4,4,1,3,7,2,4,30,38,0,0,2,0,0,0,0,0,5,1,35,39,0,0,6,1,0,0,1,0
050,49,051,Utah,Wasatch County,2000a,4,1392,727,665,710,653,2,3,4,0,2,1,0,0,9,8,717,660,3,4,10,2,3,7,3,4,680,615,2,3,2,0,2,1,0,0,4,7,682,621,3,4,4,1,3,7,2,4,30,38,0,0,2,0,0,0,0,0,5,1,35,39,0,0,6,1,0,0,1,0
050,49,051,Utah,Wasatch County,2000,4,1402,735,667,719,658,2,3,3,0,1,2,0,0,10,4,729,662,2,3,11,3,3,2,0,1,688,620,2,3,2,0,1,2,0,0,7,4,695,624,2,3,7,3,3,2,0,1,31,38,0,0,1,0,0,0,0,0,3,0,34,38,0,0,4,0,0,0,0,0
050,49,051,Utah,Wasatch County,2001,4,1502,785,717,768,704,2,1,6,2,0,2,0,0,9,8,777,712,2,1,15,8,0,3,0,1,728,663,2,1,3,1,0,2,0,0,6,7,734,670,2,1,9,6,0,3,0,1,40,41,0,0,3,1,0,0,0,0,3,1,43,42,0,0,6,2,0,0,0,0
050,49,051,Utah,Wasatch County,2002,4,1521,800,721,781,705,3,4,6,3,0,2,0,0,10,7,791,712,3,4,15,9,0,3,1,0,734,670,3,4,3,2,0,2,0,0,7,6,741,676,3,4,9,7,0,3,1,0,47,35,0,0,3,1,0,0,0,0,3,1,50,36,0,0,6,2,0,0,0,0
050,49,051,Utah,Wasatch County,2003,4,1536,819,717,798,704,4,5,6,2,0,1,0,0,11,5,809,709,4,5,16,7,0,1,1,0,746,670,4,5,2,1,0,1,0,0,7,4,753,674,4,5,8,5,0,1,1,0,52,34,0,0,4,1,0,0,0,0,4,1,56,35,0,0,8,2,0,0,0,0
050,49,051,Utah,Wasatch County,2004,4,1552,835,717,809,701,4,5,9,2,1,2,0,0,12,7,821,708,4,5,20,8,1,3,1,0,752,668,4,5,4,1,1,2,0,0,7,6,759,674,4,5,10,6,1,3,1,0,57,33,0,0,5,1,0,0,0,0,5,1,62,34,0,0,10,2,0,0,0,0
050,49,051,Utah,Wasatch County,2000c,5,1028,526,502,510,484,0,2,5,6,1,3,3,2,7,5,517,489,0,2,11,9,2,4,4,3,464,454,0,2,4,5,1,3,3,2,1,1,465,455,0,2,4,5,2,4,4,2,46,30,0,0,1,1,0,0,0,0,6,4,52,34,0,0,7,4,0,0,0,1
050,49,051,Utah,Wasatch County,2000a,5,1028,526,502,510,484,0,2,5,6,1,3,3,2,7,5,517,489,0,2,11,9,2,4,4,3,464,454,0,2,4,5,1,3,3,2,1,1,465,455,0,2,4,5,2,4,4,2,46,30,0,0,1,1,0,0,0,0,6,4,52,34,0,0,7,4,0,0,0,1
050,49,051,Utah,Wasatch County,2000,5,1056,541,515,525,501,0,2,7,5,2,3,1,0,6,4,531,505,0,2,12,9,3,4,1,0,475,468,0,2,4,4,2,3,1,0,3,4,478,472,0,2,6,8,3,4,1,0,50,33,0,0,3,1,0,0,0,0,3,0,53,33,0,0,6,1,0,0,0,0
050,49,051,Utah,Wasatch County,2001,5,1207,615,592,589,575,0,2,10,5,4,3,2,1,10,6,599,581,0,2,19,11,5,4,2,1,550,544,0,2,5,4,4,3,2,1,6,6,556,550,0,2,10,10,5,4,2,1,39,31,0,0,5,1,0,0,0,0,4,0,43,31,0,0,9,1,0,0,0,0
050,49,051,Utah,Wasatch County,2002,5,1445,745,700,712,678,0,2,11,5,5,5,2,2,15,8,727,686,0,2,22,10,8,7,4,3,668,636,0,2,5,4,5,5,2,2,9,8,677,644,0,2,10,9,7,7,4,3,44,42,0,0,6,1,0,0,0,0,6,0,50,42,0,0,12,1,1,0,0,0
050,49,051,Utah,Wasatch County,2003,5,1593,786,807,760,776,0,3,11,7,3,7,2,3,10,11,770,787,0,3,20,13,4,11,2,6,710,724,0,3,6,5,3,7,2,3,6,11,716,735,0,3,11,11,4,11,2,6,50,52,0,0,5,2,0,0,0,0,4,0,54,52,0,0,9,2,0,0,0,0
050,49,051,Utah,Wasatch County,2004,5,1687,835,852,804,826,0,3,13,5,3,6,1,2,14,10,818,836,0,3,25,11,4,10,2,3,749,764,0,3,6,4,3,6,1,2,7,10,756,774,0,3,11,10,4,10,2,3,55,62,0,0,7,1,0,0,0,0,7,0,62,62,0,0,14,1,0,0,0,0
050,49,051,Utah,Wasatch County,2000c,6,1008,492,516,471,498,2,1,5,6,2,3,0,0,12,8,483,506,2,1,15,11,3,6,2,0,443,454,1,1,4,4,2,3,0,0,5,3,448,457,1,1,7,4,3,6,2,0,28,44,1,0,1,2,0,0,0,0,7,5,35,49,1,0,8,7,0,0,0,0
050,49,051,Utah,Wasatch County,2000a,6,1008,492,516,471,498,2,1,5,6,2,3,0,0,12,8,483,506,2,1,15,11,3,6,2,0,443,454,1,1,4,4,2,3,0,0,5,3,448,457,1,1,7,4,3,6,2,0,28,44,1,0,1,2,0,0,0,0,7,5,35,49,1,0,8,7,0,0,0,0
050,49,051,Utah,Wasatch County,2000,6,1032,505,527,488,512,2,1,8,5,1,3,0,0,6,6,494,518,2,1,14,11,1,3,0,0,455,464,1,1,4,3,1,3,0,0,3,3,458,467,1,1,7,6,1,3,0,0,33,48,1,0,4,2,0,0,0,0,3,3,36,51,1,0,7,5,0,0,0,0
050,49,051,Utah,Wasatch County,2001,6,1149,563,586,544,559,1,3,7,10,2,4,0,0,9,10,553,569,1,3,16,20,3,4,0,0,501,501,0,3,4,6,2,4,0,0,5,5,506,506,0,3,9,11,2,4,0,0,43,58,1,0,3,4,0,0,0,0,4,5,47,63,1,0,7,9,1,0,0,0
050,49,051,Utah,Wasatch County,2002,6,1240,600,640,575,609,0,2,12,13,4,4,0,1,9,11,584,620,0,2,21,24,4,4,0,1,520,545,0,2,6,8,4,4,0,1,5,6,525,551,0,2,11,14,4,4,0,1,55,64,0,0,6,5,0,0,0,0,4,5,59,69,0,0,10,10,0,0,0,0
050,49,051,Utah,Wasatch County,2003,6,1399,696,703,668,669,0,2,11,14,6,6,1,0,10,12,678,681,0,2,20,25,8,6,1,1,607,601,0,2,6,8,6,6,1,0,6,7,613,608,0,2,11,14,7,6,1,1,61,68,0,0,5,6,0,0,0,0,4,5,65,73,0,0,9,11,1,0,0,0
050,49,051,Utah,Wasatch County,2004,6,1534,778,756,745,713,1,2,13,16,6,7,1,3,12,15,757,728,1,2,24,29,8,8,1,4,672,640,1,2,7,9,6,7,1,3,6,9,678,649,1,2,12,16,7,8,1,4,73,73,0,0,6,7,0,0,0,0,6,6,79,79,0,0,12,13,1,0,0,0
050,49,051,Utah,Wasatch County,2000c,7,1085,529,556,518,539,0,2,3,2,2,5,0,0,6,8,524,546,0,3,8,6,3,6,1,3,489,513,0,1,2,1,2,5,0,0,3,5,492,517,0,2,4,2,3,6,1,3,29,26,0,1,1,1,0,0,0,0,3,3,32,29,0,1,4,4,0,0,0,0
050,49,051,Utah,Wasatch County,2000a,7,1085,529,556,518,539,0,2,3,2,2,5,0,0,6,8,524,546,0,3,8,6,3,6,1,3,489,513,0,1,2,1,2,5,0,0,3,5,492,517,0,2,4,2,3,6,1,3,29,26,0,1,1,1,0,0,0,0,3,3,32,29,0,1,4,4,0,0,0,0
050,49,051,Utah,Wasatch County,2000,7,1098,534,564,528,549,0,3,3,3,1,5,0,1,2,3,530,552,0,3,5,6,1,5,0,1,496,521,0,2,2,1,1,5,0,1,1,1,497,522,0,2,3,2,1,5,0,1,32,28,0,1,1,2,0,0,0,0,1,2,33,30,0,1,2,4,0,0,0,0
050,49,051,Utah,Wasatch County,2001,7,1119,558,561,546,550,1,3,5,2,1,3,0,1,5,2,551,552,1,3,10,4,1,3,0,1,523,522,1,2,3,1,1,3,0,1,3,1,526,523,1,2,6,2,1,3,0,1,23,28,0,1,2,1,0,0,0,0,2,1,25,29,0,1,4,2,0,0,0,0
050,49,051,Utah,Wasatch County,2002,7,1154,577,577,560,563,2,3,7,5,3,3,0,0,5,3,565,566,2,3,12,8,3,3,0,0,536,528,1,3,4,3,3,3,0,0,4,2,540,530,1,3,8,5,3,3,0,0,24,35,1,0,3,2,0,0,0,0,1,1,25,36,1,0,4,3,0,0,0,0
050,49,051,Utah,Wasatch County,2003,7,1161,571,590,547,568,2,3,10,7,3,4,1,0,8,8,555,576,2,3,18,15,3,4,1,0,513,519,1,3,7,4,3,4,1,0,5,5,518,524,1,3,12,9,3,4,1,0,34,49,1,0,3,3,0,0,0,0,3,3,37,52,1,0,6,6,0,0,0,0
050,49,051,Utah,Wasatch County,2004,7,1170,582,588,555,564,2,3,13,8,3,5,0,0,9,8,564,572,2,3,22,16,3,5,0,0,515,511,1,3,8,5,3,5,0,0,5,5,520,516,1,3,13,10,3,5,0,0,40,53,1,0,5,3,0,0,0,0,4,3,44,56,1,0,9,6,0,0,0,0
050,49,051,Utah,Wasatch County,2000c,8,1135,593,542,575,530,2,1,4,5,2,1,1,1,9,4,584,534,2,1,12,9,4,2,1,1,553,503,1,0,2,4,2,1,1,0,2,3,555,506,1,0,3,7,4,2,1,0,22,27,1,1,2,1,0,0,0,1,7,1,29,28,1,1,9,2,0,0,0,1
050,49,051,Utah,Wasatch County,2000a,8,1135,593,542,575,530,2,1,4,5,2,1,1,1,9,4,584,534,2,1,12,9,4,2,1,1,553,503,1,0,2,4,2,1,1,0,2,3,555,506,1,0,3,7,4,2,1,0,22,27,1,1,2,1,0,0,0,1,7,1,29,28,1,1,9,2,0,0,0,1
050,49,051,Utah,Wasatch County,2000,8,1133,590,543,579,531,2,1,4,6,2,1,0,0,3,4,582,535,2,1,7,10,2,1,0,0,554,503,1,0,1,4,2,1,0,0,1,3,555,506,1,0,2,7,2,1,0,0,25,28,1,1,3,2,0,0,0,0,2,1,27,29,1,1,5,3,0,0,0,0
050,49,051,Utah,Wasatch County,2001,8,1124,575,549,559,535,2,1,6,6,2,2,1,0,5,5,564,540,2,1,11,11,2,2,1,0,529,510,1,0,2,4,2,2,1,0,2,4,531,514,1,0,4,8,2,2,1,0,30,25,1,1,4,2,0,0,0,0,3,1,33,26,1,1,7,3,0,0,0,0
050,49,051,Utah,Wasatch County,2002,8,1136,561,575,549,557,2,2,4,6,1,3,0,2,5,5,554,562,2,2,9,11,1,3,0,2,511,530,1,0,0,3,1,3,0,1,2,4,513,534,1,0,2,7,1,3,0,1,38,27,1,2,4,3,0,0,0,1,3,1,41,28,1,2,7,4,0,0,0,1
050,49,051,Utah,Wasatch County,2003,8,1165,578,587,560,569,2,2,6,5,2,4,1,0,7,7,567,576,2,2,13,11,2,5,1,1,520,541,1,0,0,2,2,4,1,0,3,4,523,545,1,0,3,6,2,4,1,0,40,28,1,2,6,3,0,0,0,0,4,3,44,31,1,2,10,5,0,1,0,1
050,49,051,Utah,Wasatch County,2004,8,1169,577,592,560,577,2,2,5,4,2,4,0,0,8,5,568,582,2,2,13,9,2,4,0,0,517,542,1,0,1,0,2,4,0,0,5,3,522,545,1,0,6,3,2,4,0,0,43,35,1,2,4,4,0,0,0,0,3,2,46,37,1,2,7,6,0,0,0,0
050,49,051,Utah,Wasatch County,2000c,9,1183,588,595,577,589,1,0,4,2,2,1,1,2,3,1,580,590,1,0,6,3,3,1,1,2,552,571,1,0,3,2,2,1,1,2,1,0,553,571,1,0,3,2,3,1,1,2,25,18,0,0,1,0,0,0,0,0,2,1,27,19,0,0,3,1,0,0,0,0
050,49,051,Utah,Wasatch County,2000a,9,1183,588,595,577,589,1,0,4,2,2,1,1,2,3,1,580,590,1,0,6,3,3,1,1,2,552,571,1,0,3,2,2,1,1,2,1,0,553,571,1,0,3,2,3,1,1,2,25,18,0,0,1,0,0,0,0,0,2,1,27,19,0,0,3,1,0,0,0,0
050,49,051,Utah,Wasatch County,2000,9,1197,594,603,583,596,1,0,4,2,2,2,0,0,4,3,587,599,1,0,8,5,2,2,0,0,556,577,1,0,3,2,2,2,0,0,3,3,559,580,1,0,6,5,2,2,0,0,27,19,0,0,1,0,0,0,0,0,1,0,28,19,0,0,2,0,0,0,0,0
050,49,051,Utah,Wasatch County,2001,9,1208,595,613,587,606,0,0,3,2,2,2,0,0,3,3,590,609,0,0,6,5,2,2,0,0,558,582,0,0,2,2,2,2,0,0,2,3,560,585,0,0,4,5,2,2,0,0,29,24,0,0,1,0,0,0,0,0,1,0,30,24,0,0,2,0,0,0,0,0
050,49,051,Utah,Wasatch County,2002,9,1213,608,605,593,596,0,0,6,3,3,2,0,0,6,4,599,600,0,0,12,7,3,2,0,0,566,569,0,0,4,3,3,2,0,0,5,4,571,573,0,0,9,7,3,2,0,0,27,27,0,0,2,0,0,0,0,0,1,0,28,27,0,0,3,0,0,0,0,0
050,49,051,Utah,Wasatch County,2003,9,1220,618,602,600,591,0,0,9,4,2,1,0,0,7,6,607,597,0,0,16,10,2,1,0,0,570,560,0,0,4,3,2,1,0,0,5,5,575,565,0,0,9,8,2,1,0,0,30,31,0,0,5,1,0,0,0,0,2,1,32,32,0,0,7,2,0,0,0,0
050,49,051,Utah,Wasatch County,2004,9,1249,638,611,619,597,0,0,10,7,2,2,0,0,7,5,626,602,0,0,17,12,2,2,0,0,586,558,0,0,3,5,2,2,0,0,4,5,590,563,0,0,7,10,2,2,0,0,33,39,0,0,7,2,0,0,0,0,3,0,36,39,0,0,10,2,0,0,0,0
050,49,051,Utah,Wasatch County,2000c,10,979,507,472,504,464,0,0,0,3,0,2,0,0,3,3,507,467,0,0,2,6,1,2,0,0,494,453,0,0,0,3,0,2,0,0,3,2,497,455,0,0,2,5,1,2,0,0,10,11,0,0,0,0,0,0,0,0,0,1,10,12,0,0,0,1,0,0,0,0
050,49,051,Utah,Wasatch County,2000a,10,979,507,472,504,464,0,0,0,3,0,2,0,0,3,3,507,467,0,0,2,6,1,2,0,0,494,453,0,0,0,3,0,2,0,0,3,2,497,455,0,0,2,5,1,2,0,0,10,11,0,0,0,0,0,0,0,0,0,1,10,12,0,0,0,1,0,0,0,0
050,49,051,Utah,Wasatch County,2000,10,994,514,480,512,472,0,0,0,3,0,1,0,0,2,4,514,476,0,0,2,7,0,1,0,0,502,460,0,0,0,3,0,1,0,0,2,3,504,463,0,0,2,6,0,1,0,0,10,12,0,0,0,0,0,0,0,0,0,1,10,13,0,0,0,1,0,0,0,0
050,49,051,Utah,Wasatch County,2001,10,1072,565,507,559,501,1,0,1,3,0,0,0,0,4,3,563,504,1,0,5,6,0,0,0,0,548,488,1,0,1,3,0,0,0,0,4,3,552,491,1,0,5,6,0,0,0,0,11,13,0,0,0,0,0,0,0,0,0,0,11,13,0,0,0,0,0,0,0,0
050,49,051,Utah,Wasatch County,2002,10,1127,593,534,587,527,1,0,1,5,1,0,0,0,3,2,590,529,1,0,4,7,1,0,0,0,571,510,1,0,1,4,1,0,0,0,3,2,574,512,1,0,4,6,1,0,0,0,16,17,0,0,0,1,0,0,0,0,0,0,16,17,0,0,0,1,0,0,0,0
050,49,051,Utah,Wasatch County,2003,10,1159,617,542,610,534,1,0,1,3,2,1,0,0,3,4,613,538,1,0,4,7,2,1,0,0,589,517,1,0,1,3,2,1,0,0,3,4,592,521,1,0,4,7,2,1,0,0,21,17,0,0,0,0,0,0,0,0,0,0,21,17,0,0,0,0,0,0,0,0
050,49,051,Utah,Wasatch County,2004,10,1184,611,573,599,566,1,0,3,3,3,1,0,0,5,3,604,569,1,0,8,6,3,1,0,0,576,549,1,0,2,3,3,1,0,0,4,3,580,552,1,0,6,6,3,1,0,0,23,17,0,0,1,0,0,0,0,0,1,0,24,17,0,0,2,0,0,0,0,0
050,49,051,Utah,Wasatch County,2000c,11,779,385,394,375,391,0,0,1,2,2,1,2,0,5,0,379,391,0,0,5,2,3,1,3,0,366,383,0,0,1,2,2,1,2,0,4,0,369,383,0,0,4,2,3,1,3,0,9,8,0,0,0,0,0,0,0,0,1,0,10,8,0,0,1,0,0,0,0,0
050,49,051,Utah,Wasatch County,2000a,11,779,385,394,375,391,0,0,1,2,2,1,2,0,5,0,379,391,0,0,5,2,3,1,3,0,366,383,0,0,1,2,2,1,2,0,4,0,369,383,0,0,4,2,3,1,3,0,9,8,0,0,0,0,0,0,0,0,1,0,10,8,0,0,1,0,0,0,0,0
050,49,051,Utah,Wasatch County,2000,11,796,393,403,386,399,0,0,2,2,3,0,0,0,2,2,388,401,0,0,4,4,3,0,0,0,376,391,0,0,2,2,3,0,0,0,2,2,378,393,0,0,4,4,3,0,0,0,10,8,0,0,0,0,0,0,0,0,0,0,10,8,0,0,0,0,0,0,0,0
050,49,051,Utah,Wasatch County,2001,11,857,433,424,426,418,0,0,2,2,3,1,0,0,2,3,428,421,0,0,4,5,3,1,0,0,415,407,0,0,2,2,3,1,0,0,2,2,417,409,0,0,4,4,3,1,0,0,11,11,0,0,0,0,0,0,0,0,0,1,11,12,0,0,0,1,0,0,0,0
050,49,051,Utah,Wasatch County,2002,11,884,444,440,436,436,0,0,2,1,2,1,0,0,4,2,440,438,0,0,6,3,2,1,0,0,425,425,0,0,2,1,2,1,0,0,3,2,428,427,0,0,5,3,2,1,0,0,11,11,0,0,0,0,0,0,0,0,1,0,12,11,0,0,1,0,0,0,0,0
050,49,051,Utah,Wasatch County,2003,11,935,463,472,457,467,0,0,1,2,1,1,0,0,4,2,461,469,0,0,5,4,1,1,0,0,449,454,0,0,1,2,1,1,0,0,4,2,453,456,0,0,5,4,1,1,0,0,8,13,0,0,0,0,0,0,0,0,0,0,8,13,0,0,0,0,0,0,0,0
050,49,051,Utah,Wasatch County,2004,11,975,497,478,492,470,0,0,2,2,0,1,0,0,3,5,495,475,0,0,5,7,0,1,0,0,479,455,0,0,2,2,0,1,0,0,3,4,482,459,0,0,5,6,0,1,0,0,13,15,0,0,0,0,0,0,0,0,0,1,13,16,0,0,0,1,0,0,0,0
050,49,051,Utah,Wasatch County,2000c,12,603,305,298,301,293,0,2,1,1,1,1,0,0,2,1,303,294,0,2,2,1,1,1,1,1,300,291,0,1,1,1,1,1,0,0,1,0,301,291,0,1,2,1,1,1,0,0,1,2,0,1,0,0,0,0,0,0,1,1,2,3,0,1,0,0,0,0,1,1
050,49,051,Utah,Wasatch County,2000a,12,603,305,298,301,293,0,2,1,1,1,1,0,0,2,1,303,294,0,2,2,1,1,1,1,1,300,291,0,1,1,1,1,1,0,0,1,0,301,291,0,1,2,1,1,1,0,0,1,2,0,1,0,0,0,0,0,0,1,1,2,3,0,1,0,0,0,0,1,1
050,49,051,Utah,Wasatch County,2000,12,609,308,301,306,297,0,2,1,0,0,1,0,0,1,1,307,298,0,2,2,1,0,1,0,0,305,294,0,1,1,0,0,1,0,0,1,1,306,295,0,1,2,1,0,1,0,0,1,3,0,1,0,0,0,0,0,0,0,0,1,3,0,1,0,0,0,0,0,0
050,49,051,Utah,Wasatch County,2001,12,604,297,307,294,302,0,2,1,1,1,1,0,0,1,1,295,303,0,2,2,2,1,1,0,0,290,301,0,1,1,1,1,1,0,0,1,1,291,302,0,1,2,2,1,1,0,0,4,1,0,1,0,0,0,0,0,0,0,0,4,1,0,1,0,0,0,0,0,0
050,49,051,Utah,Wasatch County,2002,12,660,335,325,332,320,0,1,1,2,1,0,0,0,1,2,333,322,0,1,2,4,1,0,0,0,326,318,0,1,1,2,1,0,0,0,1,2,327,320,0,1,2,4,1,0,0,0,6,2,0,0,0,0,0,0,0,0,0,0,6,2,0,0,0,0,0,0,0,0
050,49,051,Utah,Wasatch County,2003,12,695,340,355,334,352,0,1,2,1,2,0,0,0,2,1,336,353,0,1,4,2,2,0,0,0,324,348,0,1,2,1,2,0,0,0,2,1,326,349,0,1,4,2,2,0,0,0,10,4,0,0,0,0,0,0,0,0,0,0,10,4,0,0,0,0,0,0,0,0
050,49,051,Utah,Wasatch County,2004,12,742,369,373,363,371,0,0,1,1,3,0,0,0,2,1,365,372,0,0,3,2,3,0,0,0,352,365,0,0,1,1,3,0,0,0,2,1,354,366,0,0,3,2,3,0,0,0,11,6,0,0,0,0,0,0,0,0,0,0,11,6,0,0,0,0,0,0,0,0
050,49,051,Utah,Wasatch County,2000c,13,449,216,233,212,232,1,0,2,0,0,1,0,0,1,0,213,232,1,0,3,0,1,1,0,0,208,226,0,0,2,0,0,1,0,0,1,0,209,226,0,0,3,0,1,1,0,0,4,6,1,0,0,0,0,0,0,0,0,0,4,6,1,0,0,0,0,0,0,0
050,49,051,Utah,Wasatch County,2000a,13,449,216,233,212,232,1,0,2,0,0,1,0,0,1,0,213,232,1,0,3,0,1,1,0,0,208,226,0,0,2,0,0,1,0,0,1,0,209,226,0,0,3,0,1,1,0,0,4,6,1,0,0,0,0,0,0,0,0,0,4,6,1,0,0,0,0,0,0,0
050,49,051,Utah,Wasatch County,2000,13,455,220,235,215,234,1,0,2,0,0,1,0,0,2,0,217,234,1,0,4,0,0,1,0,0,211,228,0,0,2,0,0,1,0,0,2,0,213,228,0,0,4,0,0,1,0,0,4,6,1,0,0,0,0,0,0,0,0,0,4,6,1,0,0,0,0,0,0,0
050,49,051,Utah,Wasatch County,2001,13,493,235,258,230,257,0,0,2,0,1,1,0,0,2,0,232,257,0,0,4,0,1,1,0,0,227,249,0,0,2,0,0,1,0,0,2,0,229,249,0,0,4,0,0,1,0,0,3,8,0,0,0,0,1,0,0,0,0,0,3,8,0,0,0,0,1,0,0,0
050,49,051,Utah,Wasatch County,2002,13,508,246,262,241,259,1,1,2,0,0,1,0,0,2,1,243,260,1,2,4,0,0,1,0,0,239,251,0,0,2,0,0,1,0,0,2,0,241,251,0,0,4,0,0,1,0,0,2,8,1,1,0,0,0,0,0,0,0,1,2,9,1,2,0,0,0,0,0,0
050,49,051,Utah,Wasatch County,2003,13,548,277,271,271,267,1,1,2,1,1,1,0,0,2,1,273,268,1,1,4,2,1,1,0,0,268,259,0,0,2,1,1,1,0,0,2,1,270,260,0,0,4,2,1,1,0,0,3,8,1,1,0,0,0,0,0,0,0,0,3,8,1,1,0,0,0,0,0,0
050,49,051,Utah,Wasatch County,2004,13,565,274,291,270,286,1,2,1,1,1,1,0,0,1,1,271,287,1,2,2,2,1,1,0,0,270,279,0,1,1,1,1,1,0,0,1,1,271,280,0,1,2,2,1,1,0,0,0,7,1,1,0,0,0,0,0,0,0,0,0,7,1,1,0,0,0,0,0,0
050,49,051,Utah,Wasatch County,2000c,14,407,201,206,200,205,0,0,0,0,0,1,0,0,1,0,201,205,0,0,0,0,0,1,1,0,198,204,0,0,0,0,0,0,0,0,1,0,199,204,0,0,0,0,0,0,1,0,2,1,0,0,0,0,0,1,0,0,0,0,2,1,0,0,0,0,0,1,0,0
050,49,051,Utah,Wasatch County,2000a,14,407,201,206,200,205,0,0,0,0,0,1,0,0,1,0,201,205,0,0,0,0,0,1,1,0,198,204,0,0,0,0,0,0,0,0,1,0,199,204,0,0,0,0,0,0,1,0,2,1,0,0,0,0,0,1,0,0,0,0,2,1,0,0,0,0,0,1,0,0
050,49,051,Utah,Wasatch County,2000,14,409,202,207,202,206,0,0,0,0,0,1,0,0,0,0,202,206,0,0,0,0,0,1,0,0,200,205,0,0,0,0,0,0,0,0,0,0,200,205,0,0,0,0,0,0,0,0,2,1,0,0,0,0,0,1,0,0,0,0,2,1,0,0,0,0,0,1,0,0
050,49,051,Utah,Wasatch County,2001,14,405,201,204,201,203,0,0,0,0,0,1,0,0,0,0,201,203,0,0,0,0,0,1,0,0,199,201,0,0,0,0,0,0,0,0,0,0,199,201,0,0,0,0,0,0,0,0,2,2,0,0,0,0,0,1,0,0,0,0,2,2,0,0,0,0,0,1,0,0
050,49,051,Utah,Wasatch County,2002,14,418,207,211,207,210,0,0,0,0,0,1,0,0,0,0,207,210,0,0,0,0,0,1,0,0,204,209,0,0,0,0,0,1,0,0,0,0,204,209,0,0,0,0,0,1,0,0,3,1,0,0,0,0,0,0,0,0,0,0,3,1,0,0,0,0,0,0,0,0
050,49,051,Utah,Wasatch County,2003,14,446,211,235,211,233,0,0,0,0,0,2,0,0,0,0,211,233,0,0,0,0,0,2,0,0,209,232,0,0,0,0,0,1,0,0,0,0,209,232,0,0,0,0,0,1,0,0,2,1,0,0,0,0,0,1,0,0,0,0,2,1,0,0,0,0,0,1,0,0
050,49,051,Utah,Wasatch County,2004,14,459,210,249,208,248,0,0,1,0,0,1,0,0,1,0,209,248,0,0,2,0,0,1,0,0,204,244,0,0,1,0,0,1,0,0,1,0,205,244,0,0,2,0,0,1,0,0,4,4,0,0,0,0,0,0,0,0,0,0,4,4,0,0,0,0,0,0,0,0
050,49,051,Utah,Wasatch County,2000c,15,332,165,167,163,166,0,1,2,0,0,0,0,0,0,0,163,166,0,1,2,0,0,0,0,0,161,166,0,1,2,0,0,0,0,0,0,0,161,166,0,1,2,0,0,0,0,0,2,0,0,0,0,0,0,0,0,0,0,0,2,0,0,0,0,0,0,0,0,0
050,49,051,Utah,Wasatch County,2000a,15,332,165,167,163,166,0,1,2,0,0,0,0,0,0,0,163,166,0,1,2,0,0,0,0,0,161,166,0,1,2,0,0,0,0,0,0,0,161,166,0,1,2,0,0,0,0,0,2,0,0,0,0,0,0,0,0,0,0,0,2,0,0,0,0,0,0,0,0,0
050,49,051,Utah,Wasatch County,2000,15,335,168,167,165,166,0,1,2,0,0,0,0,0,1,0,166,166,0,1,3,0,0,0,0,0,163,166,0,1,2,0,0,0,0,0,1,0,164,166,0,1,3,0,0,0,0,0,2,0,0,0,0,0,0,0,0,0,0,0,2,0,0,0,0,0,0,0,0,0
050,49,051,Utah,Wasatch County,2001,15,348,173,175,171,174,0,1,1,0,0,0,0,0,1,0,172,174,0,1,2,0,0,0,0,0,168,174,0,1,1,0,0,0,0,0,1,0,169,174,0,1,2,0,0,0,0,0,3,0,0,0,0,0,0,0,0,0,0,0,3,0,0,0,0,0,0,0,0,0
050,49,051,Utah,Wasatch County,2002,15,364,175,189,174,188,0,1,1,0,0,0,0,0,0,0,174,188,0,1,1,0,0,0,0,0,171,187,0,1,1,0,0,0,0,0,0,0,171,187,0,1,1,0,0,0,0,0,3,1,0,0,0,0,0,0,0,0,0,0,3,1,0,0,0,0,0,0,0,0
050,49,051,Utah,Wasatch County,2003,15,367,184,183,184,183,0,0,0,0,0,0,0,0,0,0,184,183,0,0,0,0,0,0,0,0,180,182,0,0,0,0,0,0,0,0,0,0,180,182,0,0,0,0,0,0,0,0,4,1,0,0,0,0,0,0,0,0,0,0,4,1,0,0,0,0,0,0,0,0
050,49,051,Utah,Wasatch County,2004,15,391,190,201,190,200,0,0,0,0,0,0,0,0,0,1,190,201,0,0,0,0,0,0,0,1,188,199,0,0,0,0,0,0,0,0,0,0,188,199,0,0,0,0,0,0,0,0,2,1,0,0,0,0,0,0,0,0,0,1,2,2,0,0,0,0,0,0,0,1
050,49,051,Utah,Wasatch County,2000c,16,229,101,128,100,126,1,0,0,1,0,0,0,0,0,1,100,127,1,0,0,1,0,0,0,1,100,126,1,0,0,0,0,0,0,0,0,0,100,126,1,0,0,0,0,0,0,0,0,0,0,0,0,1,0,0,0,0,0,1,0,1,0,0,0,1,0,0,0,1
050,49,051,Utah,Wasatch County,2000a,16,229,101,128,100,126,1,0,0,1,0,0,0,0,0,1,100,127,1,0,0,1,0,0,0,1,100,126,1,0,0,0,0,0,0,0,0,0,100,126,1,0,0,0,0,0,0,0,0,0,0,0,0,1,0,0,0,0,0,1,0,1,0,0,0,1,0,0,0,1
050,49,051,Utah,Wasatch County,2000,16,229,102,127,101,125,1,0,0,1,0,0,0,0,0,1,101,126,1,0,0,2,0,0,0,0,101,125,1,0,0,0,0,0,0,0,0,0,101,125,1,0,0,0,0,0,0,0,0,0,0,0,0,1,0,0,0,0,0,1,0,1,0,0,0,2,0,0,0,0
050,49,051,Utah,Wasatch County,2001,16,242,110,132,109,132,1,0,0,0,0,0,0,0,0,0,109,132,1,0,0,0,0,0,0,0,109,132,1,0,0,0,0,0,0,0,0,0,109,132,1,0,0,0,0,0,0,0,0,0,0,0,0,0,0,0,0,0,0,0,0,0,0,0,0,0,0,0,0,0
050,49,051,Utah,Wasatch County,2002,16,250,116,134,115,134,0,0,1,0,0,0,0,0,0,0,115,134,0,0,1,0,0,0,0,0,115,134,0,0,1,0,0,0,0,0,0,0,115,134,0,0,1,0,0,0,0,0,0,0,0,0,0,0,0,0,0,0,0,0,0,0,0,0,0,0,0,0,0,0
050,49,051,Utah,Wasatch County,2003,16,272,130,142,128,141,0,1,1,0,0,0,0,0,1,0,129,141,0,1,2,0,0,0,0,0,128,141,0,1,1,0,0,0,0,0,1,0,129,141,0,1,2,0,0,0,0,0,0,0,0,0,0,0,0,0,0,0,0,0,0,0,0,0,0,0,0,0,0,0
050,49,051,Utah,Wasatch County,2004,16,283,138,145,135,144,0,1,2,0,0,0,0,0,1,0,136,144,0,1,3,0,0,0,0,0,133,144,0,1,2,0,0,0,0,0,1,0,134,144,0,1,3,0,0,0,0,0,2,0,0,0,0,0,0,0,0,0,0,0,2,0,0,0,0,0,0,0,0,0
050,49,051,Utah,Wasatch County,2000c,17,179,82,97,82,97,0,0,0,0,0,0,0,0,0,0,82,97,0,0,0,0,0,0,0,0,82,94,0,0,0,0,0,0,0,0,0,0,82,94,0,0,0,0,0,0,0,0,0,3,0,0,0,0,0,0,0,0,0,0,0,3,0,0,0,0,0,0,0,0
050,49,051,Utah,Wasatch County,2000a,17,179,82,97,82,97,0,0,0,0,0,0,0,0,0,0,82,97,0,0,0,0,0,0,0,0,82,94,0,0,0,0,0,0,0,0,0,0,82,94,0,0,0,0,0,0,0,0,0,3,0,0,0,0,0,0,0,0,0,0,0,3,0,0,0,0,0,0,0,0
050,49,051,Utah,Wasatch County,2000,17,180,82,98,82,98,0,0,0,0,0,0,0,0,0,0,82,98,0,0,0,0,0,0,0,0,82,95,0,0,0,0,0,0,0,0,0,0,82,95,0,0,0,0,0,0,0,0,0,3,0,0,0,0,0,0,0,0,0,0,0,3,0,0,0,0,0,0,0,0
050,49,051,Utah,Wasatch County,2001,17,183,83,100,83,99,0,0,0,1,0,0,0,0,0,0,83,99,0,0,0,1,0,0,0,0,83,95,0,0,0,0,0,0,0,0,0,0,83,95,0,0,0,0,0,0,0,0,0,4,0,0,0,1,0,0,0,0,0,0,0,4,0,0,0,1,0,0,0,0
050,49,051,Utah,Wasatch County,2002,17,170,76,94,75,94,1,0,0,0,0,0,0,0,0,0,75,94,1,0,0,0,0,0,0,0,75,90,1,0,0,0,0,0,0,0,0,0,75,90,1,0,0,0,0,0,0,0,0,4,0,0,0,0,0,0,0,0,0,0,0,4,0,0,0,0,0,0,0,0
050,49,051,Utah,Wasatch County,2003,17,170,72,98,71,97,1,0,0,1,0,0,0,0,0,0,71,97,1,0,0,1,0,0,0,0,71,94,1,0,0,0,0,0,0,0,0,0,71,94,1,0,0,0,0,0,0,0,0,3,0,0,0,1,0,0,0,0,0,0,0,3,0,0,0,1,0,0,0,0
050,49,051,Utah,Wasatch County,2004,17,184,78,106,77,106,1,0,0,0,0,0,0,0,0,0,77,106,1,0,0,0,0,0,0,0,77,104,1,0,0,0,0,0,0,0,0,0,77,104,1,0,0,0,0,0,0,0,0,2,0,0,0,0,0,0,0,0,0,0,0,2,0,0,0,0,0,0,0,0
050,49,051,Utah,Wasatch County,2000c,18,137,47,90,47,90,0,0,0,0,0,0,0,0,0,0,47,90,0,0,0,0,0,0,0,0,46,90,0,0,0,0,0,0,0,0,0,0,46,90,0,0,0,0,0,0,0,0,1,0,0,0,0,0,0,0,0,0,0,0,1,0,0,0,0,0,0,0,0,0
050,49,051,Utah,Wasatch County,2000a,18,137,47,90,47,90,0,0,0,0,0,0,0,0,0,0,47,90,0,0,0,0,0,0,0,0,46,90,0,0,0,0,0,0,0,0,0,0,46,90,0,0,0,0,0,0,0,0,1,0,0,0,0,0,0,0,0,0,0,0,1,0,0,0,0,0,0,0,0,0
050,49,051,Utah,Wasatch County,2000,18,139,48,91,48,91,0,0,0,0,0,0,0,0,0,0,48,91,0,0,0,0,0,0,0,0,47,91,0,0,0,0,0,0,0,0,0,0,47,91,0,0,0,0,0,0,0,0,1,0,0,0,0,0,0,0,0,0,0,0,1,0,0,0,0,0,0,0,0,0
050,49,051,Utah,Wasatch County,2001,18,138,44,94,44,94,0,0,0,0,0,0,0,0,0,0,44,94,0,0,0,0,0,0,0,0,43,94,0,0,0,0,0,0,0,0,0,0,43,94,0,0,0,0,0,0,0,0,1,0,0,0,0,0,0,0,0,0,0,0,1,0,0,0,0,0,0,0,0,0
050,49,051,Utah,Wasatch County,2002,18,134,48,86,48,86,0,0,0,0,0,0,0,0,0,0,48,86,0,0,0,0,0,0,0,0,47,86,0,0,0,0,0,0,0,0,0,0,47,86,0,0,0,0,0,0,0,0,1,0,0,0,0,0,0,0,0,0,0,0,1,0,0,0,0,0,0,0,0,0
050,49,051,Utah,Wasatch County,2003,18,152,63,89,63,89,0,0,0,0,0,0,0,0,0,0,63,89,0,0,0,0,0,0,0,0,62,88,0,0,0,0,0,0,0,0,0,0,62,88,0,0,0,0,0,0,0,0,1,1,0,0,0,0,0,0,0,0,0,0,1,1,0,0,0,0,0,0,0,0
050,49,051,Utah,Wasatch County,2004,18,164,72,92,72,92,0,0,0,0,0,0,0,0,0,0,72,92,0,0,0,0,0,0,0,0,71,89,0,0,0,0,0,0,0,0,0,0,71,89,0,0,0,0,0,0,0,0,1,3,0,0,0,0,0,0,0,0,0,0,1,3,0,0,0,0,0,0,0,0
050,49,053,Utah,Washington County,2000c,0,90354,44561,45793,42846,44067,131,66,686,701,172,244,226,173,500,542,43306,44568,226,154,912,969,304,386,353,317,40469,42012,117,58,598,643,160,237,212,168,462,491,40892,42463,207,141,797,878,285,366,332,307,2377,2055,14,8,88,58,12,7,14,5,38,51,2414,2105,19,13,115,91,19,20,21,10
050,49,053,Utah,Washington County,2000a,0,90354,44561,45793,42846,44067,131,66,686,701,172,244,226,173,500,542,43306,44568,226,154,912,969,304,386,353,317,40469,42012,117,58,598,643,160,237,212,168,462,491,40892,42463,207,141,797,878,285,366,332,307,2377,2055,14,8,88,58,12,7,14,5,38,51,2414,2105,19,13,115,91,19,20,21,10
050,49,053,Utah,Washington County,2000,0,91235,45012,46223,43286,44517,128,72,683,716,186,222,214,199,515,497,43770,44986,219,147,912,948,309,343,340,321,40857,42407,116,65,594,653,179,219,198,190,487,474,41313,42853,203,138,800,865,301,339,324,312,2429,2110,12,7,89,63,7,3,16,9,28,23,2457,2133,16,9,112,83,8,4,16,9
050,49,053,Utah,Washington County,2001,0,94602,46749,47853,44857,46061,159,83,722,742,207,241,241,212,563,514,45385,46549,266,162,963,976,348,370,382,333,42243,43768,137,73,632,675,200,238,220,202,525,487,42734,44229,235,149,847,886,339,366,359,323,2614,2293,22,10,90,67,7,3,21,10,38,27,2651,2320,31,13,116,90,9,4,23,10
050,49,053,Utah,Washington County,2002,0,99605,49197,50408,47211,48522,168,102,738,759,225,254,258,224,597,547,47768,49039,285,195,988,996,377,395,406,360,44344,46003,139,83,644,692,216,251,238,214,554,514,44859,46487,244,168,870,903,362,390,384,347,2867,2519,29,19,94,67,9,3,20,10,43,33,2909,2552,41,27,118,93,15,5,22,13
050,49,053,Utah,Washington County,2003,0,104498,51584,52914,49444,50876,216,141,766,797,239,269,275,238,644,593,50042,51436,356,251,1025,1046,403,428,438,380,46294,48096,170,108,671,723,233,266,252,223,591,555,46840,48618,291,208,900,947,392,423,409,363,3150,2780,46,33,95,74,6,3,23,15,53,38,3202,2818,65,43,125,99,11,5,29,17
050,49,053,Utah,Washington County,2004,0,109924,54204,55720,51957,53553,236,156,785,830,266,298,293,258,667,625,52575,54144,390,285,1038,1082,440,463,461,404,48570,50542,179,117,690,748,258,295,270,246,608,578,49131,51088,306,229,917,971,427,459,433,390,3387,3011,57,39,95,82,8,3,23,12,59,47,3444,3056,84,56,121,111,13,4,28,14
050,49,053,Utah,Washington County,2000c,1,8229,4260,3969,4006,3703,16,7,74,95,21,16,25,22,118,126,4117,3824,47,32,106,151,53,49,65,53,3668,3385,14,7,62,74,20,16,19,22,107,110,3768,3490,43,28,86,120,51,48,58,51,338,318,2,0,12,21,1,0,6,0,11,16,349,334,4,4,20,31,2,1,7,2
050,49,053,Utah,Washington County,2000a,1,8229,4260,3969,4006,3703,16,7,74,95,21,16,25,22,118,126,4117,3824,47,32,106,151,53,49,65,53,3668,3385,14,7,62,74,20,16,19,22,107,110,3768,3490,43,28,86,120,51,48,58,51,338,318,2,0,12,21,1,0,6,0,11,16,349,334,4,4,20,31,2,1,7,2
050,49,053,Utah,Washington County,2000,1,8396,4347,4049,4076,3777,17,9,75,100,22,20,35,28,122,115,4188,3884,57,34,106,140,54,50,71,62,3727,3446,15,9,61,78,20,20,30,28,115,106,3832,3544,53,33,88,110,51,50,66,62,349,331,2,0,14,22,2,0,5,0,7,9,356,340,4,1,18,30,3,0,5,0
050,49,053,Utah,Washington County,2001,1,8680,4477,4203,4164,3923,17,12,93,103,27,22,42,31,134,112,4289,4029,58,40,126,138,67,52,82,60,3812,3567,14,10,79,83,25,22,36,31,122,103,3925,3664,50,36,106,111,64,52,76,60,352,356,3,2,14,20,2,0,6,0,12,9,364,365,8,4,20,27,3,0,6,0
050,49,053,Utah,Washington County,2002,1,9179,4717,4462,4407,4179,11,11,100,105,30,24,39,31,130,112,4525,4285,52,40,128,138,72,55,77,59,4005,3794,9,8,87,89,29,24,35,31,117,101,4111,3889,44,33,112,115,67,55,72,59,402,385,2,3,13,16,1,0,4,0,13,11,414,396,8,7,16,23,5,0,5,0
050,49,053,Utah,Washington County,2003,1,9402,4784,4618,4483,4338,15,9,101,114,30,22,36,27,119,108,4593,4439,59,40,124,144,64,52,67,53,4062,3911,10,7,93,95,29,22,32,27,106,98,4159,4002,45,34,114,119,61,52,62,53,421,427,5,2,8,19,1,0,4,0,13,10,434,437,14,6,10,25,3,0,5,0
050,49,053,Utah,Washington County,2004,1,9550,4876,4674,4582,4417,15,9,103,107,28,21,32,23,116,97,4689,4509,61,41,123,133,61,47,60,42,4151,3968,8,7,98,87,28,21,30,23,99,87,4242,4050,40,35,116,107,60,47,57,42,431,449,7,2,5,20,0,0,2,0,17,10,447,459,21,6,7,26,1,0,3,0
050,49,053,Utah,Washington County,2000c,2,7413,3800,3613,3573,3401,11,9,90,81,20,12,20,15,86,95,3654,3485,36,37,118,119,46,32,41,43,3345,3178,8,6,82,75,19,11,20,14,82,90,3422,3257,32,34,108,111,44,27,40,42,228,223,3,3,8,6,1,1,0,1,4,5,232,228,4,3,10,8,2,5,1,1
050,49,053,Utah,Washington County,2000a,2,7413,3800,3613,3573,3401,11,9,90,81,20,12,20,15,86,95,3654,3485,36,37,118,119,46,32,41,43,3345,3178,8,6,82,75,19,11,20,14,82,90,3422,3257,32,34,108,111,44,27,40,42,228,223,3,3,8,6,1,1,0,1,4,5,232,228,4,3,10,8,2,5,1,1
050,49,053,Utah,Washington County,2000,2,7486,3834,3652,3600,3427,14,14,86,83,18,14,29,24,87,90,3683,3513,34,38,114,115,41,36,54,47,3369,3199,12,11,79,77,18,14,28,22,83,85,3448,3280,31,34,104,106,41,35,53,45,231,228,2,3,7,6,0,0,1,2,4,5,235,233,3,4,10,9,0,1,1,2
050,49,053,Utah,Washington County,2001,2,7694,3965,3729,3734,3515,19,10,79,77,15,17,25,27,93,83,3820,3594,48,32,107,104,38,39,50,48,3465,3265,14,8,73,69,15,16,25,24,89,77,3547,3338,40,29,100,92,38,37,50,45,269,250,5,2,6,8,0,1,0,3,4,6,273,256,8,3,7,12,0,2,0,3
050,49,053,Utah,Washington County,2002,2,8036,4138,3898,3885,3671,19,10,77,85,20,16,32,26,105,90,3984,3756,52,36,109,114,46,38,59,49,3592,3380,14,8,70,72,19,15,30,23,96,84,3682,3459,44,33,98,96,44,37,56,46,293,291,5,2,7,13,1,1,2,3,9,6,302,297,8,3,11,18,2,1,3,3
050,49,053,Utah,Washington County,2003,2,8444,4396,4048,4100,3789,25,19,81,86,22,18,41,29,127,107,4217,3892,68,54,115,119,56,43,76,53,3762,3476,18,14,70,71,21,17,37,26,117,98,3869,3570,56,46,100,99,54,41,71,50,338,313,7,5,11,15,1,1,4,3,10,9,348,322,12,8,15,20,2,2,5,3
050,49,053,Utah,Washington County,2004,2,8839,4595,4244,4273,3968,25,16,77,95,28,20,47,32,145,113,4408,4078,71,49,113,129,71,49,89,59,3895,3625,18,11,63,78,26,19,42,30,129,103,4014,3725,60,40,92,106,65,48,81,57,378,343,7,5,14,17,2,1,5,2,16,10,394,353,11,9,21,23,6,1,8,2
050,49,053,Utah,Washington County,2000c,3,7682,3865,3817,3671,3633,14,9,90,81,12,11,13,14,65,69,3731,3697,25,21,124,121,25,24,29,29,3474,3439,14,8,80,77,11,10,13,14,58,63,3527,3497,25,20,111,113,21,21,26,29,197,194,0,1,10,4,1,1,0,0,7,6,204,200,0,1,13,8,4,3,3,0
050,49,053,Utah,Washington County,2000a,3,7682,3865,3817,3671,3633,14,9,90,81,12,11,13,14,65,69,3731,3697,25,21,124,121,25,24,29,29,3474,3439,14,8,80,77,11,10,13,14,58,63,3527,3497,25,20,111,113,21,21,26,29,197,194,0,1,10,4,1,1,0,0,7,6,204,200,0,1,13,8,4,3,3,0
050,49,053,Utah,Washington County,2000,3,7763,3903,3860,3700,3666,13,10,89,84,13,13,17,19,71,68,3767,3728,29,23,120,116,27,28,34,35,3498,3466,13,9,80,79,12,12,17,19,68,65,3562,3525,29,22,108,108,26,27,34,35,202,200,0,1,9,5,1,1,0,0,3,3,205,203,0,1,12,8,1,1,0,0
050,49,053,Utah,Washington County,2001,3,7909,4009,3900,3783,3699,13,13,91,88,16,12,27,19,79,69,3857,3764,28,27,125,120,35,26,48,35,3572,3490,13,11,83,83,15,11,25,18,74,66,3641,3552,28,25,113,112,34,25,45,34,211,209,0,2,8,5,1,1,2,1,5,3,216,212,0,2,12,8,1,1,3,1
050,49,053,Utah,Washington County,2002,3,8160,4178,3982,3953,3773,12,16,88,82,18,13,29,23,78,75,4026,3842,28,34,121,111,36,30,48,43,3721,3549,11,13,83,77,16,13,28,23,74,72,3790,3615,26,30,114,104,33,30,47,43,232,224,1,3,5,5,2,0,1,0,4,3,236,227,2,4,7,7,3,0,1,0
050,49,053,Utah,Washington County,2003,3,8282,4255,4027,4012,3815,18,18,91,78,16,14,30,26,88,76,4095,3886,37,35,127,107,37,34,53,45,3753,3564,15,13,85,73,16,14,28,26,81,71,3829,3630,33,29,117,98,36,34,49,45,259,251,3,5,6,5,0,0,2,0,7,5,266,256,4,6,10,9,1,0,4,0
050,49,053,Utah,Washington County,2004,3,8346,4261,4085,4025,3851,22,20,80,82,18,17,30,31,86,84,4105,3931,47,43,111,110,38,39,50,51,3750,3589,16,15,76,76,17,17,29,30,80,77,3824,3662,37,36,105,100,37,38,49,50,275,262,6,5,4,6,1,0,1,1,6,7,281,269,10,7,6,10,1,1,1,1
050,49,053,Utah,Washington County,2000c,4,8598,4192,4406,3996,4242,10,6,79,80,12,17,30,10,65,51,4050,4291,21,9,109,106,37,36,46,25,3737,4029,8,5,72,77,12,17,28,10,60,42,3787,4069,18,7,98,96,36,35,43,23,259,213,2,1,7,3,0,0,2,0,5,9,263,222,3,2,11,10,1,1,3,2
050,49,053,Utah,Washington County,2000a,4,8598,4192,4406,3996,4242,10,6,79,80,12,17,30,10,65,51,4050,4291,21,9,109,106,37,36,46,25,3737,4029,8,5,72,77,12,17,28,10,60,42,3787,4069,18,7,98,96,36,35,43,23,259,213,2,1,7,3,0,0,2,0,5,9,263,222,3,2,11,10,1,1,3,2
050,49,053,Utah,Washington County,2000,4,8589,4191,4398,3994,4231,11,3,78,79,19,13,27,17,62,55,4053,4285,18,9,104,104,36,28,46,30,3738,4016,9,3,71,74,19,13,27,17,61,51,3796,4066,16,9,96,95,36,28,46,30,256,215,2,0,7,5,0,0,0,0,1,4,257,219,2,0,8,9,0,0,0,0
050,49,053,Utah,Washington County,2001,4,8416,4229,4187,4027,4013,20,6,81,79,16,15,26,18,59,56,4084,4067,28,14,108,104,31,29,41,32,3769,3787,17,6,73,74,16,15,24,18,56,52,3823,3837,25,14,97,95,31,29,39,32,258,226,3,0,8,5,0,0,2,0,3,4,261,230,3,0,11,9,0,0,2,0
050,49,053,Utah,Washington County,2002,4,8144,4131,4013,3923,3835,26,10,85,84,14,12,22,14,61,58,3983,3891,35,19,113,110,29,26,37,29,3661,3600,22,9,71,79,14,12,20,14,58,54,3718,3652,31,18,96,101,29,26,35,29,262,235,4,1,14,5,0,0,2,0,3,4,265,239,4,1,17,9,0,0,2,0
050,49,053,Utah,Washington County,2003,4,8168,4119,4049,3913,3855,27,15,80,86,13,12,23,17,63,64,3974,3917,38,28,108,115,29,27,38,32,3649,3613,22,13,67,81,13,12,21,16,60,59,3707,3670,33,25,92,106,29,27,36,31,264,242,5,2,13,5,0,0,2,1,3,5,267,247,5,3,16,9,0,0,2,1
050,49,053,Utah,Washington County,2004,4,8322,4230,4092,3997,3901,30,18,94,84,15,11,26,15,68,63,4061,3963,43,32,124,112,32,25,43,28,3739,3656,24,14,81,79,14,11,23,15,65,56,3800,3711,37,26,108,102,31,25,40,28,258,245,6,4,13,5,1,0,3,0,3,7,261,252,6,6,16,10,1,0,3,0
050,49,053,Utah,Washington County,2000c,5,6755,3464,3291,3274,3115,18,5,78,80,26,25,41,24,27,42,3298,3156,20,12,88,96,37,35,50,37,2991,2899,18,5,67,77,23,24,39,23,25,39,3013,2937,20,12,75,91,34,34,48,35,283,216,0,0,11,3,3,1,2,1,2,3,285,219,0,0,13,5,3,1,2,2
050,49,053,Utah,Washington County,2000a,5,6755,3464,3291,3274,3115,18,5,78,80,26,25,41,24,27,42,3298,3156,20,12,88,96,37,35,50,37,2991,2899,18,5,67,77,23,24,39,23,25,39,3013,2937,20,12,75,91,34,34,48,35,283,216,0,0,11,3,3,1,2,1,2,3,285,219,0,0,13,5,3,1,2,2
050,49,053,Utah,Washington County,2000,5,6848,3512,3336,3312,3161,15,6,75,79,31,24,33,22,46,44,3353,3199,21,10,94,97,46,39,46,39,3024,2942,15,6,65,76,29,24,30,21,42,43,3061,2979,21,10,80,93,44,39,43,38,288,219,0,0,10,3,2,0,3,1,4,1,292,220,0,0,14,4,2,0,3,1
050,49,053,Utah,Washington County,2001,5,8205,4062,4143,3830,3940,19,8,78,89,35,29,38,26,62,51,3884,3986,28,13,100,110,57,46,60,43,3510,3698,18,7,69,83,34,28,36,24,58,49,3560,3742,27,12,87,102,56,45,58,41,320,242,1,1,9,6,1,1,2,2,4,2,324,244,1,1,13,8,1,1,2,2
050,49,053,Utah,Washington County,2002,5,9769,4713,5056,4479,4845,22,10,79,90,32,29,37,27,64,55,4535,4895,31,15,102,113,54,48,60,45,4135,4579,19,7,71,83,32,28,35,24,62,51,4189,4625,28,12,92,103,54,47,58,41,344,266,3,3,8,7,0,1,2,3,2,4,346,270,3,3,10,10,0,1,2,4
050,49,053,Utah,Washington County,2003,5,10746,5099,5647,4837,5425,29,18,88,93,34,27,39,24,72,60,4900,5480,39,24,116,121,57,46,63,42,4464,5116,24,12,81,86,34,27,37,22,68,56,4523,5167,34,18,105,110,57,46,61,40,373,309,5,6,7,7,0,0,2,2,4,4,377,313,5,6,11,11,0,0,2,2
050,49,053,Utah,Washington County,2004,5,11574,5422,6152,5160,5909,29,16,90,98,36,30,38,26,69,73,5224,5973,37,27,119,128,58,53,57,50,4775,5566,23,10,85,89,35,29,36,25,65,66,4835,5624,31,19,110,114,57,52,55,48,385,343,6,6,5,9,1,1,2,1,4,7,389,349,6,8,9,14,1,1,2,2
050,49,053,Utah,Washington County,2000c,6,5420,2780,2640,2642,2500,13,5,54,58,18,23,26,23,27,31,2666,2527,16,6,71,72,23,33,33,35,2343,2299,11,4,45,54,18,23,23,20,22,30,2362,2325,13,5,58,68,22,32,29,32,299,201,2,1,9,4,0,0,3,3,5,1,304,202,3,1,13,4,1,1,4,3
050,49,053,Utah,Washington County,2000a,6,5420,2780,2640,2642,2500,13,5,54,58,18,23,26,23,27,31,2666,2527,16,6,71,72,23,33,33,35,2343,2299,11,4,45,54,18,23,23,20,22,30,2362,2325,13,5,58,68,22,32,29,32,299,201,2,1,9,4,0,0,3,3,5,1,304,202,3,1,13,4,1,1,4,3
050,49,053,Utah,Washington County,2000,6,5517,2831,2686,2694,2550,12,4,56,58,21,27,18,19,30,28,2721,2576,13,6,72,71,30,35,26,27,2382,2341,10,3,46,54,20,26,17,16,27,27,2406,2366,11,5,59,66,29,34,25,24,312,209,2,1,10,4,1,1,1,3,3,1,315,210,2,1,13,5,1,1,1,3
050,49,053,Utah,Washington County,2001,6,5987,3074,2913,2911,2767,16,2,70,64,25,28,21,20,31,32,2940,2795,18,3,87,77,32,41,28,31,2580,2534,12,2,57,60,23,28,19,17,26,31,2605,2561,14,3,70,72,29,41,25,28,331,233,4,0,13,4,2,0,2,3,5,1,335,234,4,0,17,5,3,0,3,3
050,49,053,Utah,Washington County,2002,6,6913,3571,3342,3374,3174,19,9,77,65,32,34,29,23,40,37,3409,3206,23,10,95,79,44,50,41,37,2995,2906,12,5,64,62,30,34,27,22,37,37,3027,2938,16,6,79,76,42,50,39,36,379,268,7,4,13,3,2,0,2,1,3,0,382,268,7,4,16,3,2,0,2,1
050,49,053,Utah,Washington County,2003,6,8052,4202,3850,3971,3653,27,12,80,73,38,37,33,28,53,47,4018,3696,33,17,103,90,55,54,49,45,3556,3360,19,7,65,71,36,37,31,25,48,44,3598,3400,25,12,83,87,53,53,47,40,415,293,8,5,15,2,2,0,2,3,5,3,420,296,8,5,20,3,2,1,2,5
050,49,053,Utah,Washington County,2004,6,9476,4913,4563,4664,4331,27,17,81,79,43,46,38,34,60,56,4715,4381,37,24,105,99,61,66,58,54,4199,4001,19,12,64,75,41,46,35,31,53,53,4244,4049,26,18,84,93,59,66,54,50,465,330,8,5,17,4,2,0,3,3,7,3,471,332,11,6,21,6,2,0,4,4
050,49,053,Utah,Washington County,2000c,7,4782,2446,2336,2320,2217,15,4,55,54,16,26,24,13,16,22,2334,2237,16,8,63,65,22,35,27,19,2116,2054,14,4,48,49,11,26,24,13,15,19,2129,2072,15,8,55,58,17,33,27,19,204,163,1,0,7,5,5,0,0,0,1,3,205,165,1,0,8,7,5,2,0,0
050,49,053,Utah,Washington County,2000a,7,4782,2446,2336,2320,2217,15,4,55,54,16,26,24,13,16,22,2334,2237,16,8,63,65,22,35,27,19,2116,2054,14,4,48,49,11,26,24,13,15,19,2129,2072,15,8,55,58,17,33,27,19,204,163,1,0,7,5,5,0,0,0,1,3,205,165,1,0,8,7,5,2,0,0
050,49,053,Utah,Washington County,2000,7,4827,2470,2357,2348,2243,14,4,52,55,19,21,17,13,20,21,2366,2264,14,5,62,65,26,27,23,18,2138,2076,13,4,45,49,18,21,13,13,19,21,2155,2097,13,5,54,59,25,27,19,18,210,167,1,0,7,6,1,0,4,0,1,0,211,167,1,0,8,6,1,0,4,0
050,49,053,Utah,Washington County,2001,7,5102,2602,2500,2482,2369,13,8,51,65,19,21,17,13,20,24,2501,2393,14,9,61,77,25,28,22,19,2256,2202,12,7,44,59,18,21,13,13,19,23,2274,2225,13,8,53,70,24,28,18,19,226,167,1,1,7,6,1,0,4,0,1,1,227,168,1,1,8,7,1,0,4,0
050,49,053,Utah,Washington County,2002,7,5527,2859,2668,2727,2540,13,8,46,60,24,22,22,14,27,24,2751,2564,14,10,57,72,34,28,32,19,2476,2359,12,7,37,56,22,22,18,13,25,23,2498,2382,13,9,46,67,32,28,28,18,251,181,1,1,9,4,2,0,4,1,2,1,253,182,1,1,11,5,2,0,4,1
050,49,053,Utah,Washington County,2003,7,6050,3164,2886,3013,2740,21,13,54,64,25,27,22,15,29,27,3039,2764,24,15,66,74,34,38,31,24,2721,2528,15,9,44,59,23,26,18,14,27,26,2745,2551,18,10,54,69,32,37,27,23,292,212,6,4,10,5,2,1,4,1,2,1,294,213,6,5,12,5,2,1,4,1
050,49,053,Utah,Washington County,2004,7,6550,3421,3129,3263,2970,25,14,56,67,25,31,22,17,30,30,3289,2997,28,20,68,78,35,40,32,26,2951,2730,18,9,47,64,25,30,20,16,28,29,2975,2756,21,14,57,75,35,39,30,25,312,240,7,5,9,3,0,1,2,1,2,1,314,241,7,6,11,3,0,1,2,1
050,49,053,Utah,Washington County,2000c,8,4957,2449,2508,2356,2423,7,5,48,38,9,22,7,7,22,13,2374,2435,10,6,61,49,14,23,14,8,2189,2305,6,5,37,36,8,22,7,7,21,13,2206,2317,9,6,49,47,13,23,14,8,167,118,1,0,11,2,1,0,0,0,1,0,168,118,1,0,12,2,1,0,0,0
050,49,053,Utah,Washington County,2000a,8,4957,2449,2508,2356,2423,7,5,48,38,9,22,7,7,22,13,2374,2435,10,6,61,49,14,23,14,8,2189,2305,6,5,37,36,8,22,7,7,21,13,2206,2317,9,6,49,47,13,23,14,8,167,118,1,0,11,2,1,0,0,0,1,0,168,118,1,0,12,2,1,0,0,0
050,49,053,Utah,Washington County,2000,8,4944,2444,2500,2356,2417,7,4,49,39,8,14,8,10,16,16,2372,2433,7,4,62,49,10,17,9,13,2186,2298,6,4,38,37,8,14,7,10,13,16,2199,2314,6,4,48,47,10,17,8,13,170,119,1,0,11,2,0,0,1,0,3,0,173,119,1,0,14,2,0,0,1,0
050,49,053,Utah,Washington County,2001,8,4892,2429,2463,2329,2378,11,4,45,35,13,17,13,11,18,18,2346,2396,12,4,55,45,17,21,17,15,2137,2231,9,4,36,33,13,17,11,11,17,18,2153,2249,10,4,45,43,17,21,15,15,192,147,2,0,9,2,0,0,2,0,1,0,193,147,2,0,10,2,0,0,2,0
050,49,053,Utah,Washington County,2002,8,4961,2471,2490,2370,2394,12,6,48,42,11,17,12,11,18,20,2388,2414,14,7,60,52,13,22,14,15,2157,2224,9,6,40,39,11,17,10,11,15,20,2172,2244,10,7,50,49,13,22,12,15,213,170,3,0,8,3,0,0,2,0,3,0,216,170,4,0,10,3,0,0,2,0
050,49,053,Utah,Washington County,2003,8,5033,2519,2514,2411,2408,17,10,46,45,13,18,13,13,19,20,2429,2428,18,11,58,55,17,24,16,17,2177,2232,13,8,39,40,13,18,11,12,16,20,2192,2252,13,9,49,50,17,24,14,16,234,176,4,2,7,5,0,0,2,1,3,0,237,176,5,2,9,5,0,0,2,1
050,49,053,Utah,Washington County,2004,8,5322,2721,2601,2599,2485,19,13,46,45,20,23,18,14,19,21,2617,2505,21,14,56,55,24,29,23,19,2331,2302,13,9,40,38,19,23,14,13,17,20,2347,2321,14,10,49,47,23,29,19,18,268,183,6,4,6,7,1,0,4,1,2,1,270,184,7,4,7,8,1,0,4,1
050,49,053,Utah,Washington County,2000c,9,5062,2476,2586,2386,2492,13,3,40,47,9,19,11,10,17,15,2403,2504,13,4,52,59,13,22,13,14,2262,2386,12,2,38,42,9,18,11,10,17,13,2279,2396,12,3,50,52,13,21,13,14,124,106,1,1,2,5,0,1,0,0,0,2,124,108,1,1,2,7,0,1,0,0
050,49,053,Utah,Washington County,2000a,9,5062,2476,2586,2386,2492,13,3,40,47,9,19,11,10,17,15,2403,2504,13,4,52,59,13,22,13,14,2262,2386,12,2,38,42,9,18,11,10,17,13,2279,2396,12,3,50,52,13,21,13,14,124,106,1,1,2,5,0,1,0,0,0,2,124,108,1,1,2,7,0,1,0,0
050,49,053,Utah,Washington County,2000,9,5087,2490,2597,2406,2508,11,3,39,47,10,14,9,12,15,13,2421,2521,11,3,51,56,12,17,10,13,2279,2398,10,2,37,42,10,14,9,11,14,13,2293,2411,10,2,48,51,12,17,10,12,127,110,1,1,2,5,0,0,0,1,1,0,128,110,1,1,3,5,0,0,0,1
050,49,053,Utah,Washington County,2001,9,5247,2589,2658,2494,2562,10,5,47,48,10,14,10,11,18,18,2512,2579,10,5,60,59,14,19,11,14,2356,2444,10,4,42,42,10,14,10,11,17,17,2373,2460,10,4,54,52,14,19,11,14,138,118,0,1,5,6,0,0,0,0,1,1,139,119,0,1,6,7,0,0,0,0
050,49,053,Utah,Washington County,2002,9,5354,2631,2723,2541,2622,12,5,43,50,9,15,8,12,18,19,2559,2640,13,5,56,61,11,19,10,17,2392,2503,12,5,37,44,9,15,8,12,16,18,2408,2520,13,5,48,54,11,19,10,17,149,119,0,0,6,6,0,0,0,0,2,1,151,120,0,0,8,7,0,0,0,0
050,49,053,Utah,Washington County,2003,9,5445,2666,2779,2568,2667,14,8,46,49,11,18,10,14,17,23,2585,2688,14,8,57,61,14,26,13,20,2409,2535,14,8,38,45,11,18,10,14,16,22,2425,2555,14,8,48,56,14,26,13,20,159,132,0,0,8,4,0,0,0,0,1,1,160,133,0,0,9,5,0,0,0,0
050,49,053,Utah,Washington County,2004,9,5596,2731,2865,2627,2754,16,11,48,48,11,18,9,14,20,20,2646,2773,16,11,59,59,16,23,14,19,2440,2613,16,10,39,44,11,18,9,14,19,20,2458,2632,16,10,49,55,16,23,14,19,187,141,0,1,9,4,0,0,0,0,1,0,188,141,0,1,10,4,0,0,0,0
050,49,053,Utah,Washington County,2000c,10,4519,2168,2351,2121,2280,6,3,23,29,3,16,8,6,7,17,2128,2296,8,3,29,37,3,24,8,10,2035,2196,4,2,20,28,3,16,8,6,7,16,2042,2211,6,2,26,36,3,23,8,10,86,84,2,1,3,1,0,0,0,0,0,1,86,85,2,1,3,1,0,1,0,0
050,49,053,Utah,Washington County,2000a,10,4519,2168,2351,2121,2280,6,3,23,29,3,16,8,6,7,17,2128,2296,8,3,29,37,3,24,8,10,2035,2196,4,2,20,28,3,16,8,6,7,16,2042,2211,6,2,26,36,3,23,8,10,86,84,2,1,3,1,0,0,0,0,0,1,86,85,2,1,3,1,0,1,0,0
050,49,053,Utah,Washington County,2000,10,4562,2190,2372,2145,2308,5,3,23,29,4,13,4,8,9,11,2154,2318,6,3,30,38,5,15,4,9,2057,2223,4,2,20,28,4,13,4,8,8,11,2065,2233,4,2,27,37,5,15,4,9,88,85,1,1,3,1,0,0,0,0,1,0,89,85,2,1,3,1,0,0,0,0
050,49,053,Utah,Washington County,2001,10,4618,2226,2392,2172,2337,10,3,25,28,6,10,4,6,9,8,2181,2345,11,3,33,36,6,10,4,6,2073,2245,7,2,22,28,6,10,4,6,8,8,2081,2253,7,2,30,36,6,10,4,6,99,92,3,1,3,0,0,0,0,0,1,0,100,92,4,1,3,0,0,0,0,0
050,49,053,Utah,Washington County,2002,10,4787,2340,2447,2280,2389,9,4,26,25,7,11,7,7,11,11,2291,2400,10,5,34,34,9,14,7,8,2168,2281,6,2,23,25,7,11,7,7,10,10,2178,2291,6,2,31,33,9,13,7,7,112,108,3,2,3,0,0,0,0,0,1,1,113,109,4,3,3,1,0,1,0,1
050,49,053,Utah,Washington County,2003,10,5013,2444,2569,2379,2499,7,5,31,33,8,12,8,8,11,12,2390,2511,8,5,40,43,11,14,9,8,2245,2379,6,3,29,31,8,12,8,7,10,12,2255,2391,6,3,37,41,10,14,8,7,134,120,1,2,2,2,0,0,0,1,1,0,135,120,2,2,3,2,1,0,1,1
050,49,053,Utah,Washington County,2004,10,5231,2562,2669,2482,2585,9,7,37,39,11,14,10,8,13,16,2495,2601,9,8,47,50,13,17,11,10,2340,2447,7,5,33,36,11,14,10,8,13,15,2353,2462,7,5,43,47,13,17,11,10,142,138,2,2,4,3,0,0,0,0,0,1,142,139,2,3,4,3,0,0,0,0
050,49,053,Utah,Washington County,2000c,11,4113,1993,2120,1949,2055,5,4,18,19,4,13,6,9,11,20,1960,2074,5,5,27,32,6,16,6,15,1905,1994,5,4,15,19,4,13,5,9,11,19,1916,2012,5,5,24,31,6,16,5,15,44,61,0,0,3,0,0,0,1,0,0,1,44,62,0,0,3,1,0,0,1,0
050,49,053,Utah,Washington County,2000a,11,4113,1993,2120,1949,2055,5,4,18,19,4,13,6,9,11,20,1960,2074,5,5,27,32,6,16,6,15,1905,1994,5,4,15,19,4,13,5,9,11,19,1916,2012,5,5,24,31,6,16,5,15,44,61,0,0,3,0,0,0,1,0,0,1,44,62,0,0,3,1,0,0,1,0
050,49,053,Utah,Washington County,2000,11,4174,2024,2150,1984,2098,5,4,20,20,4,13,4,7,7,8,1991,2106,5,4,27,28,4,13,4,7,1940,2034,5,4,17,20,4,13,3,7,7,8,1947,2042,5,4,24,28,4,13,3,7,44,64,0,0,3,0,0,0,1,0,0,0,44,64,0,0,3,0,0,0,1,0
050,49,053,Utah,Washington County,2001,11,4331,2080,2251,2040,2189,5,3,17,22,5,16,5,8,8,13,2048,2202,5,3,25,32,5,19,5,8,1978,2114,5,3,15,21,5,16,4,8,7,13,1985,2127,5,3,22,31,5,19,4,8,62,75,0,0,2,1,0,0,1,0,1,0,63,75,0,0,3,1,0,0,1,0
050,49,053,Utah,Washington County,2002,11,4393,2113,2280,2069,2218,5,3,17,24,6,14,6,9,10,12,2079,2230,5,3,27,33,6,15,6,11,2002,2142,5,3,15,23,5,14,5,9,9,12,2011,2154,5,3,24,32,5,15,5,11,67,76,0,0,2,1,1,0,1,0,1,0,68,76,0,0,3,1,1,0,1,0
050,49,053,Utah,Washington County,2003,11,4550,2190,2360,2149,2290,7,3,15,27,5,16,5,8,9,16,2158,2306,8,3,23,37,5,20,5,11,2071,2202,5,3,14,26,5,16,4,8,8,16,2079,2218,5,3,22,36,5,20,4,11,78,88,2,0,1,1,0,0,1,0,1,0,79,88,3,0,1,1,0,0,1,0
050,49,053,Utah,Washington County,2004,11,4674,2244,2430,2200,2354,8,4,16,27,6,18,6,11,8,16,2208,2370,9,4,23,37,6,23,6,13,2111,2261,6,4,15,26,6,18,5,11,7,16,2118,2277,6,4,22,36,6,23,5,13,89,93,2,0,1,1,0,0,1,0,1,0,90,93,3,0,1,1,0,0,1,0
050,49,053,Utah,Washington County,2000c,12,3654,1694,1960,1661,1923,1,0,16,14,3,10,3,6,10,7,1671,1930,3,0,23,19,4,12,5,7,1615,1885,1,0,13,13,3,7,3,6,9,5,1624,1890,3,0,19,16,4,9,5,7,46,38,0,0,3,1,0,3,0,0,1,2,47,40,0,0,4,3,0,3,0,0
050,49,053,Utah,Washington County,2000a,12,3654,1694,1960,1661,1923,1,0,16,14,3,10,3,6,10,7,1671,1930,3,0,23,19,4,12,5,7,1615,1885,1,0,13,13,3,7,3,6,9,5,1624,1890,3,0,19,16,4,9,5,7,46,38,0,0,3,1,0,3,0,0,1,2,47,40,0,0,4,3,0,3,0,0
050,49,053,Utah,Washington County,2000,12,3686,1710,1976,1680,1944,1,0,16,14,3,7,3,6,7,5,1687,1949,1,0,23,19,3,7,3,6,1633,1904,1,0,12,13,3,6,3,4,7,5,1640,1909,1,0,19,18,3,6,3,4,47,40,0,0,4,1,0,1,0,2,0,0,47,40,0,0,4,1,0,1,0,2
050,49,053,Utah,Washington County,2001,12,3656,1730,1926,1698,1893,2,1,17,15,3,7,3,5,7,5,1705,1898,2,1,24,20,3,7,3,5,1659,1846,2,1,14,13,3,7,3,4,7,5,1666,1851,2,1,21,18,3,7,3,4,39,47,0,0,3,2,0,0,0,1,0,0,39,47,0,0,3,2,0,0,0,1
050,49,053,Utah,Washington County,2002,12,3841,1818,2023,1784,1984,4,1,18,15,3,12,2,6,7,5,1791,1989,4,1,25,20,3,12,2,6,1744,1928,4,1,16,14,3,11,2,5,7,5,1751,1933,4,1,23,19,3,11,2,5,40,56,0,0,2,1,0,1,0,1,0,0,40,56,0,0,2,1,0,1,0,1
050,49,053,Utah,Washington County,2003,12,3885,1853,2032,1818,1992,4,2,18,15,2,11,2,6,9,6,1827,1998,4,2,27,20,2,12,2,6,1781,1934,4,2,14,15,2,11,2,5,8,6,1789,1940,4,2,22,20,2,12,2,5,37,58,0,0,4,0,0,0,0,1,1,0,38,58,0,0,5,0,0,0,0,1
050,49,053,Utah,Washington County,2004,12,4081,1942,2139,1906,2091,4,2,17,20,5,12,3,8,7,6,1913,2097,4,2,24,25,5,13,3,8,1863,2024,4,2,14,20,5,12,3,7,7,6,1870,2030,4,2,21,25,5,13,3,7,43,67,0,0,3,0,0,0,0,1,0,0,43,67,0,0,3,0,0,0,0,1
050,49,053,Utah,Washington County,2000c,13,3827,1716,2111,1684,2072,1,1,5,8,7,16,6,7,13,7,1697,2079,2,3,16,10,7,18,7,8,1657,2029,1,1,5,7,7,16,6,7,12,7,1669,2036,2,3,15,9,7,18,7,8,27,43,0,0,0,1,0,0,0,0,1,0,28,43,0,0,1,1,0,0,0,0
050,49,053,Utah,Washington County,2000a,13,3827,1716,2111,1684,2072,1,1,5,8,7,16,6,7,13,7,1697,2079,2,3,16,10,7,18,7,8,1657,2029,1,1,5,7,7,16,6,7,12,7,1669,2036,2,3,15,9,7,18,7,8,27,43,0,0,0,1,0,0,0,0,1,0,28,43,0,0,1,1,0,0,0,0
050,49,053,Utah,Washington County,2000,13,3854,1729,2125,1702,2089,1,2,8,8,6,12,5,7,7,7,1709,2096,1,2,14,13,7,14,5,8,1674,2046,1,2,8,7,6,12,5,7,7,7,1681,2053,1,2,14,12,7,14,5,8,28,43,0,0,0,1,0,0,0,0,0,0,28,43,0,0,0,1,0,0,0,0
050,49,053,Utah,Washington County,2001,13,3760,1694,2066,1664,2030,1,2,10,9,6,13,5,7,8,5,1672,2035,1,2,17,14,7,13,6,7,1631,1989,1,2,9,8,6,13,5,7,8,5,1639,1994,1,2,16,13,7,13,6,7,33,41,0,0,1,1,0,0,0,0,0,0,33,41,0,0,1,1,0,0,0,0
050,49,053,Utah,Washington County,2002,13,3689,1657,2032,1628,1997,1,1,11,8,6,11,5,9,6,6,1634,2003,1,1,16,13,7,12,5,9,1596,1959,1,1,9,8,6,11,5,8,6,6,1602,1965,1,1,14,13,7,12,5,8,32,38,0,0,2,0,0,0,0,1,0,0,32,38,0,0,2,0,0,0,0,1
050,49,053,Utah,Washington County,2003,13,3677,1658,2019,1626,1986,1,1,12,8,7,10,5,9,7,5,1633,1991,1,1,19,13,7,10,6,9,1584,1947,1,1,11,6,7,10,5,7,6,5,1590,1952,1,1,17,11,7,10,6,7,42,39,0,0,1,2,0,0,0,2,1,0,43,39,0,0,2,2,0,0,0,2
050,49,053,Utah,Washington County,2004,13,3705,1703,2002,1672,1973,2,1,13,9,5,7,4,7,7,5,1679,1978,2,1,20,14,5,7,5,7,1627,1936,2,1,10,7,5,7,4,5,7,5,1634,1941,2,1,17,12,5,7,5,5,45,37,0,0,3,2,0,0,0,2,0,0,45,37,0,0,3,2,0,0,0,2
050,49,053,Utah,Washington County,2000c,14,4216,2073,2143,2054,2116,0,2,6,8,5,8,5,4,3,5,2057,2120,2,2,7,10,5,11,5,5,2025,2085,0,2,5,8,5,8,5,4,3,4,2028,2088,2,2,6,10,5,10,5,5,29,31,0,0,1,0,0,0,0,0,0,1,29,32,0,0,1,0,0,1,0,0
050,49,053,Utah,Washington County,2000a,14,4216,2073,2143,2054,2116,0,2,6,8,5,8,5,4,3,5,2057,2120,2,2,7,10,5,11,5,5,2025,2085,0,2,5,8,5,8,5,4,3,4,2028,2088,2,2,6,10,5,10,5,5,29,31,0,0,1,0,0,0,0,0,0,1,29,32,0,0,1,0,0,1,0,0
050,49,053,Utah,Washington County,2000,14,4250,2089,2161,2069,2135,1,2,6,8,4,7,4,4,5,5,2074,2140,1,2,11,13,4,7,4,4,2040,2103,1,2,5,8,4,7,4,4,5,5,2045,2108,1,2,10,13,4,7,4,4,29,32,0,0,1,0,0,0,0,0,0,0,29,32,0,0,1,0,0,0,0,0
050,49,053,Utah,Washington County,2001,14,4261,2011,2250,1989,2221,1,2,7,8,5,8,4,6,5,5,1994,2226,1,2,12,13,5,8,4,6,1959,2187,1,2,6,8,5,8,4,6,5,5,1964,2192,1,2,11,13,5,8,4,6,30,34,0,0,1,0,0,0,0,0,0,0,30,34,0,0,1,0,0,0,0,0
050,49,053,Utah,Washington County,2002,14,4306,2018,2288,1991,2252,0,3,11,10,4,9,5,7,7,7,1998,2259,0,4,18,16,4,11,5,8,1960,2218,0,3,10,9,4,9,5,7,7,6,1967,2224,0,3,17,14,4,10,5,7,31,34,0,0,1,1,0,0,0,0,0,1,31,35,0,1,1,2,0,1,0,1
050,49,053,Utah,Washington County,2003,14,4341,2010,2331,1980,2293,1,2,13,11,6,11,4,8,6,6,1985,2298,2,2,18,16,6,12,5,9,1949,2254,1,2,12,10,6,10,4,8,5,6,1954,2259,1,2,17,15,6,11,4,9,31,39,0,0,1,1,0,1,0,0,1,0,31,39,1,0,1,1,0,1,1,0
050,49,053,Utah,Washington County,2004,14,4465,2031,2434,2006,2390,2,2,8,12,5,13,5,10,5,7,2011,2396,2,3,13,18,5,14,5,10,1974,2343,2,2,8,11,5,13,5,10,5,7,1979,2349,2,3,13,17,5,14,5,10,32,47,0,0,0,1,0,0,0,0,0,0,32,47,0,0,0,1,0,0,0,0
050,49,053,Utah,Washington County,2000c,15,4039,1958,2081,1945,2062,0,1,5,5,2,4,0,0,6,9,1951,2068,0,2,9,10,4,8,1,5,1917,2044,0,1,4,4,2,4,0,0,6,9,1923,2050,0,2,8,9,4,8,1,5,28,18,0,0,1,1,0,0,0,0,0,0,28,18,0,0,1,1,0,0,0,0
050,49,053,Utah,Washington County,2000a,15,4039,1958,2081,1945,2062,0,1,5,5,2,4,0,0,6,9,1951,2068,0,2,9,10,4,8,1,5,1917,2044,0,1,4,4,2,4,0,0,6,9,1923,2050,0,2,8,9,4,8,1,5,28,18,0,0,1,1,0,0,0,0,0,0,28,18,0,0,1,1,0,0,0,0
050,49,053,Utah,Washington County,2000,15,4073,1976,2097,1966,2079,0,2,5,7,1,4,0,0,4,5,1970,2084,0,2,9,12,1,4,0,0,1936,2060,0,2,4,6,1,4,0,0,4,5,1940,2065,0,2,8,11,1,4,0,0,30,19,0,0,1,1,0,0,0,0,0,0,30,19,0,0,1,1,0,0,0,0
050,49,053,Utah,Washington County,2001,15,4150,2042,2108,2035,2090,0,2,1,6,2,4,0,1,4,5,2039,2095,0,2,5,11,2,4,0,1,2003,2067,0,2,1,5,2,4,0,1,4,5,2007,2072,0,2,5,10,2,4,0,1,32,23,0,0,0,1,0,0,0,0,0,0,32,23,0,0,0,1,0,0,0,0
050,49,053,Utah,Washington County,2002,15,4286,2059,2227,2046,2209,1,1,2,5,3,5,2,2,5,5,2051,2214,1,1,7,10,3,5,2,2,2016,2178,1,1,2,5,3,5,2,2,5,5,2021,2183,1,1,7,10,3,5,2,2,30,31,0,0,0,0,0,0,0,0,0,0,30,31,0,0,0,0,0,0,0,0
050,49,053,Utah,Washington County,2003,15,4552,2200,2352,2188,2331,1,2,1,7,4,5,2,2,4,5,2192,2336,1,2,5,12,4,5,2,2,2153,2296,1,2,1,7,4,5,2,2,4,5,2157,2301,1,2,5,12,4,5,2,2,35,35,0,0,0,0,0,0,0,0,0,0,35,35,0,0,0,0,0,0,0,0
050,49,053,Utah,Washington County,2004,15,4672,2240,2432,2219,2406,1,2,8,7,4,8,3,4,5,5,2224,2411,1,2,13,12,4,8,3,4,2185,2367,1,2,7,7,4,8,3,4,5,5,2190,2372,1,2,12,12,4,8,3,4,34,39,0,0,1,0,0,0,0,0,0,0,34,39,0,0,1,0,0,0,0,0
050,49,053,Utah,Washington County,2000c,16,3394,1611,1783,1598,1771,1,1,2,0,4,4,1,1,5,6,1603,1777,1,1,6,5,4,5,2,1,1590,1760,1,1,2,0,4,4,1,1,5,6,1595,1766,1,1,6,5,4,5,2,1,8,11,0,0,0,0,0,0,0,0,0,0,8,11,0,0,0,0,0,0,0,0
050,49,053,Utah,Washington County,2000a,16,3394,1611,1783,1598,1771,1,1,2,0,4,4,1,1,5,6,1603,1777,1,1,6,5,4,5,2,1,1590,1760,1,1,2,0,4,4,1,1,5,6,1595,1766,1,1,6,5,4,5,2,1,8,11,0,0,0,0,0,0,0,0,0,0,8,11,0,0,0,0,0,0,0,0
050,49,053,Utah,Washington County,2000,16,3435,1630,1805,1619,1794,1,1,3,2,2,3,1,2,4,3,1623,1797,1,1,7,5,2,3,1,2,1611,1783,1,1,3,2,2,3,1,2,4,3,1615,1786,1,1,7,5,2,3,1,2,8,11,0,0,0,0,0,0,0,0,0,0,8,11,0,0,0,0,0,0,0,0
050,49,053,Utah,Washington County,2001,16,3603,1722,1881,1706,1867,1,1,7,2,3,4,1,2,4,5,1710,1872,1,1,11,7,3,4,1,2,1693,1853,1,1,6,2,3,4,1,2,4,5,1697,1858,1,1,10,7,3,4,1,2,13,14,0,0,1,0,0,0,0,0,0,0,13,14,0,0,1,0,0,0,0,0
050,49,053,Utah,Washington County,2002,16,3762,1793,1969,1777,1954,1,2,6,3,3,4,1,1,5,5,1782,1959,1,2,11,8,3,4,1,1,1756,1941,1,2,5,2,3,4,1,1,5,4,1761,1945,1,2,10,6,3,4,1,1,21,13,0,0,1,1,0,0,0,0,0,1,21,14,0,0,1,2,0,0,0,0
050,49,053,Utah,Washington County,2003,16,3903,1844,2059,1829,2043,1,1,4,4,3,5,1,1,6,5,1835,2048,1,1,9,9,3,5,2,1,1803,2027,1,1,3,3,3,5,1,1,6,5,1809,2032,1,1,8,8,3,5,2,1,26,16,0,0,1,1,0,0,0,0,0,0,26,16,0,0,1,1,0,0,0,0
050,49,053,Utah,Washington County,2004,16,4010,1880,2130,1868,2110,1,1,5,6,2,5,0,1,4,7,1872,2117,1,1,9,12,2,6,0,1,1841,2089,1,1,4,6,2,5,0,1,4,7,1845,2096,1,1,8,12,2,6,0,1,27,21,0,0,1,0,0,0,0,0,0,0,27,21,0,0,1,0,0,0,0,0
050,49,053,Utah,Washington County,2000c,17,2168,1034,1134,1031,1126,0,1,2,2,0,1,0,1,1,3,1032,1129,0,3,2,3,0,1,1,1,1026,1118,0,1,2,1,0,1,0,1,1,3,1027,1121,0,3,2,2,0,1,1,1,5,8,0,0,0,1,0,0,0,0,0,0,5,8,0,0,0,1,0,0,0,0
050,49,053,Utah,Washington County,2000a,17,2168,1034,1134,1031,1126,0,1,2,2,0,1,0,1,1,3,1032,1129,0,3,2,3,0,1,1,1,1026,1118,0,1,2,1,0,1,0,1,1,3,1027,1121,0,3,2,2,0,1,1,1,5,8,0,0,0,1,0,0,0,0,0,0,5,8,0,0,0,1,0,0,0,0
050,49,053,Utah,Washington County,2000,17,2191,1046,1145,1042,1140,0,1,2,2,0,1,0,0,2,1,1044,1141,0,1,4,3,0,1,0,0,1037,1132,0,1,2,1,0,1,0,0,2,1,1039,1133,0,1,4,2,0,1,0,0,5,8,0,0,0,1,0,0,0,0,0,0,5,8,0,0,0,1,0,0,0,0
050,49,053,Utah,Washington County,2001,17,2362,1127,1235,1121,1229,0,1,2,1,1,2,0,0,3,2,1124,1231,0,1,5,3,1,2,0,0,1117,1220,0,1,2,1,1,2,0,0,3,2,1120,1222,0,1,5,3,1,2,0,0,4,9,0,0,0,0,0,0,0,0,0,0,4,9,0,0,0,0,0,0,0,0
050,49,053,Utah,Washington County,2002,17,2577,1224,1353,1215,1341,0,2,3,3,2,3,0,1,4,3,1219,1344,0,2,7,6,2,3,0,1,1212,1330,0,2,3,2,2,3,0,1,4,3,1216,1333,0,2,7,5,2,3,0,1,3,11,0,0,0,1,0,0,0,0,0,0,3,11,0,0,0,1,0,0,0,0
050,49,053,Utah,Washington County,2003,17,2760,1282,1478,1273,1467,0,2,4,1,1,3,0,2,4,3,1277,1470,0,2,8,4,1,3,0,2,1270,1452,0,2,4,1,1,3,0,2,4,3,1274,1455,0,2,8,4,1,3,0,2,3,15,0,0,0,0,0,0,0,0,0,0,3,15,0,0,0,0,0,0,0,0
050,49,053,Utah,Washington County,2004,17,2980,1359,1621,1347,1612,0,2,4,2,3,1,1,1,4,3,1351,1615,0,2,8,5,3,1,1,1,1341,1597,0,2,4,2,3,1,1,1,4,3,1345,1600,0,2,8,5,3,1,1,1,6,15,0,0,0,0,0,0,0,0,0,0,6,15,0,0,0,0,0,0,0,0
050,49,053,Utah,Washington County,2000c,18,1526,582,944,579,936,0,0,1,2,1,1,0,1,1,4,580,939,1,0,1,5,1,2,0,2,574,927,0,0,1,2,1,1,0,1,1,3,575,929,1,0,1,4,1,2,0,2,5,9,0,0,0,0,0,0,0,0,0,1,5,10,0,0,0,1,0,0,0,0
050,49,053,Utah,Washington County,2000a,18,1526,582,944,579,936,0,0,1,2,1,1,0,1,1,4,580,939,1,0,1,5,1,2,0,2,574,927,0,0,1,2,1,1,0,1,1,3,575,929,1,0,1,4,1,2,0,2,5,9,0,0,0,0,0,0,0,0,0,1,5,10,0,0,0,1,0,0,0,0
050,49,053,Utah,Washington County,2000,18,1553,596,957,593,950,0,0,1,2,1,2,0,1,1,2,594,952,0,0,2,4,1,2,0,1,588,940,0,0,1,2,1,2,0,1,1,2,589,942,0,0,2,4,1,2,0,1,5,10,0,0,0,0,0,0,0,0,0,0,5,10,0,0,0,0,0,0,0,0
050,49,053,Utah,Washington County,2001,18,1729,681,1048,678,1039,1,0,1,3,0,2,0,1,1,3,679,1042,1,0,2,6,0,2,0,1,673,1029,1,0,1,3,0,2,0,1,1,3,674,1032,1,0,2,6,0,2,0,1,5,10,0,0,0,0,0,0,0,0,0,0,5,10,0,0,0,0,0,0,0,0
050,49,053,Utah,Washington County,2002,18,1921,766,1155,762,1145,1,0,1,3,1,3,0,1,1,3,763,1148,1,0,2,6,1,3,0,1,756,1132,1,0,1,3,1,3,0,1,1,3,757,1135,1,0,2,6,1,3,0,1,6,13,0,0,0,0,0,0,0,0,0,0,6,13,0,0,0,0,0,0,0,0
050,49,053,Utah,Washington County,2003,18,2195,899,1296,894,1285,1,1,1,3,1,3,1,1,1,3,895,1288,1,1,2,6,1,3,1,1,885,1270,1,1,1,3,1,3,1,1,1,3,886,1273,1,1,2,6,1,3,1,1,9,15,0,0,0,0,0,0,0,0,0,0,9,15,0,0,0,0,0,0,0,0
050,49,053,Utah,Washington County,2004,18,2531,1073,1458,1067,1446,1,1,2,3,1,3,1,2,1,3,1068,1449,1,1,3,6,1,3,1,2,1057,1428,1,1,2,3,1,3,1,2,1,3,1058,1431,1,1,3,6,1,3,1,2,10,18,0,0,0,0,0,0,0,0,0,0,10,18,0,0,0,0,0,0,0,0
050,49,055,Utah,Wayne County,2000c,0,2509,1276,1233,1260,1214,3,1,5,4,0,2,2,3,6,9,1266,1223,4,3,10,9,0,2,2,5,1236,1190,3,1,5,4,0,2,2,3,5,8,1241,1198,4,3,9,8,0,2,2,5,24,24,0,0,0,0,0,0,0,0,1,1,25,25,0,0,1,1,0,0,0,0
050,49,055,Utah,Wayne County,2000a,0,2509,1276,1233,1260,1214,3,1,5,4,0,2,2,3,6,9,1266,1223,4,3,10,9,0,2,2,5,1236,1190,3,1,5,4,0,2,2,3,5,8,1241,1198,4,3,9,8,0,2,2,5,24,24,0,0,0,0,0,0,0,0,1,1,25,25,0,0,1,1,0,0,0,0
050,49,055,Utah,Wayne County,2000,0,2536,1294,1242,1281,1230,3,1,5,4,0,0,2,6,3,1,1284,1231,4,2,7,4,0,0,2,6,1256,1205,3,1,5,4,0,0,2,6,3,1,1259,1206,4,2,7,4,0,0,2,6,25,25,0,0,0,0,0,0,0,0,0,0,25,25,0,0,0,0,0,0,0,0
050,49,055,Utah,Wayne County,2001,0,2530,1288,1242,1276,1231,3,1,4,3,0,0,3,5,2,2,1278,1233,4,3,5,3,0,0,3,5,1247,1205,3,1,4,3,0,0,3,5,2,2,1249,1207,4,3,5,3,0,0,3,5,29,26,0,0,0,0,0,0,0,0,0,0,29,26,0,0,0,0,0,0,0,0
050,49,055,Utah,Wayne County,2002,0,2542,1300,1242,1288,1233,3,1,4,3,0,0,3,4,2,1,1290,1234,4,2,5,3,0,0,3,4,1257,1206,3,1,4,3,0,0,3,4,2,1,1259,1207,4,2,5,3,0,0,3,4,31,27,0,0,0,0,0,0,0,0,0,0,31,27,0,0,0,0,0,0,0,0
050,49,055,Utah,Wayne County,2003,0,2488,1271,1217,1259,1205,3,1,4,3,0,0,2,5,3,3,1262,1208,4,4,6,3,0,0,2,5,1226,1177,3,1,4,3,0,0,2,5,3,3,1229,1180,4,4,6,3,0,0,2,5,33,28,0,0,0,0,0,0,0,0,0,0,33,28,0,0,0,0,0,0,0,0
050,49,055,Utah,Wayne County,2004,0,2494,1267,1227,1256,1214,3,1,4,3,0,0,3,5,1,4,1257,1218,3,4,5,4,0,0,3,5,1222,1183,3,1,4,3,0,0,3,5,1,4,1223,1187,3,4,5,4,0,0,3,5,34,31,0,0,0,0,0,0,0,0,0,0,34,31,0,0,0,0,0,0,0,0
050,49,055,Utah,Wayne County,2000c,1,221,108,113,108,111,0,1,0,0,0,0,0,0,0,1,108,112,0,2,0,0,0,0,0,0,101,105,0,1,0,0,0,0,0,0,0,1,101,106,0,2,0,0,0,0,0,0,7,6,0,0,0,0,0,0,0,0,0,0,7,6,0,0,0,0,0,0,0,0
050,49,055,Utah,Wayne County,2000a,1,221,108,113,108,111,0,1,0,0,0,0,0,0,0,1,108,112,0,2,0,0,0,0,0,0,101,105,0,1,0,0,0,0,0,0,0,1,101,106,0,2,0,0,0,0,0,0,7,6,0,0,0,0,0,0,0,0,0,0,7,6,0,0,0,0,0,0,0,0
050,49,055,Utah,Wayne County,2000,1,228,112,116,112,114,0,1,0,0,0,0,0,0,0,1,112,115,0,2,0,0,0,0,0,0,105,108,0,1,0,0,0,0,0,0,0,1,105,109,0,2,0,0,0,0,0,0,7,6,0,0,0,0,0,0,0,0,0,0,7,6,0,0,0,0,0,0,0,0
050,49,055,Utah,Wayne County,2001,1,216,108,108,107,105,0,1,0,0,0,0,1,0,0,2,107,107,0,3,0,0,0,0,1,0,98,101,0,1,0,0,0,0,1,0,0,2,98,103,0,3,0,0,0,0,1,0,9,4,0,0,0,0,0,0,0,0,0,0,9,4,0,0,0,0,0,0,0,0
050,49,055,Utah,Wayne County,2002,1,218,118,100,117,100,0,0,0,0,0,0,1,0,0,0,117,100,0,0,0,0,0,0,1,0,111,98,0,0,0,0,0,0,1,0,0,0,111,98,0,0,0,0,0,0,1,0,6,2,0,0,0,0,0,0,0,0,0,0,6,2,0,0,0,0,0,0,0,0
050,49,055,Utah,Wayne County,2003,1,213,113,100,113,99,0,0,0,0,0,0,0,0,0,1,113,100,0,1,0,0,0,0,0,0,109,97,0,0,0,0,0,0,0,0,0,1,109,98,0,1,0,0,0,0,0,0,4,2,0,0,0,0,0,0,0,0,0,0,4,2,0,0,0,0,0,0,0,0
050,49,055,Utah,Wayne County,2004,1,211,106,105,105,104,0,0,0,0,0,0,1,0,0,1,105,105,0,1,0,0,0,0,1,0,101,100,0,0,0,0,0,0,1,0,0,1,101,101,0,1,0,0,0,0,1,0,4,4,0,0,0,0,0,0,0,0,0,0,4,4,0,0,0,0,0,0,0,0
050,49,055,Utah,Wayne County,2000c,2,219,115,104,112,102,0,0,0,0,0,0,1,1,2,1,114,103,1,1,1,0,0,0,1,1,111,100,0,0,0,0,0,0,1,1,2,1,113,101,1,1,1,0,0,0,1,1,1,2,0,0,0,0,0,0,0,0,0,0,1,2,0,0,0,0,0,0,0,0
050,49,055,Utah,Wayne County,2000a,2,219,115,104,112,102,0,0,0,0,0,0,1,1,2,1,114,103,1,1,1,0,0,0,1,1,111,100,0,0,0,0,0,0,1,1,2,1,113,101,1,1,1,0,0,0,1,1,1,2,0,0,0,0,0,0,0,0,0,0,1,2,0,0,0,0,0,0,0,0
050,49,055,Utah,Wayne County,2000,2,218,114,104,113,103,0,0,0,0,0,0,1,1,0,0,113,103,0,0,0,0,0,0,1,1,112,101,0,0,0,0,0,0,1,1,0,0,112,101,0,0,0,0,0,0,1,1,1,2,0,0,0,0,0,0,0,0,0,0,1,2,0,0,0,0,0,0,0,0
050,49,055,Utah,Wayne County,2001,2,233,120,113,119,112,0,0,0,0,0,0,1,1,0,0,119,112,0,0,0,0,0,0,1,1,117,108,0,0,0,0,0,0,1,1,0,0,117,108,0,0,0,0,0,0,1,1,2,4,0,0,0,0,0,0,0,0,0,0,2,4,0,0,0,0,0,0,0,0
050,49,055,Utah,Wayne County,2002,2,232,116,116,115,113,0,1,0,0,0,0,1,1,0,1,115,114,0,2,0,0,0,0,1,1,110,107,0,1,0,0,0,0,1,1,0,1,110,108,0,2,0,0,0,0,1,1,5,6,0,0,0,0,0,0,0,0,0,0,5,6,0,0,0,0,0,0,0,0
050,49,055,Utah,Wayne County,2003,2,226,105,121,105,118,0,1,0,0,0,0,0,0,0,2,105,120,0,3,0,0,0,0,0,0,97,111,0,1,0,0,0,0,0,0,0,2,97,113,0,3,0,0,0,0,0,0,8,7,0,0,0,0,0,0,0,0,0,0,8,7,0,0,0,0,0,0,0,0
050,49,055,Utah,Wayne County,2004,2,210,100,110,100,107,0,1,0,0,0,0,0,0,0,2,100,109,0,3,0,0,0,0,0,0,91,102,0,1,0,0,0,0,0,0,0,2,91,104,0,3,0,0,0,0,0,0,9,5,0,0,0,0,0,0,0,0,0,0,9,5,0,0,0,0,0,0,0,0
050,49,055,Utah,Wayne County,2000c,3,223,121,102,117,100,1,0,0,0,0,0,1,0,2,2,119,102,1,0,2,1,0,0,1,1,116,96,1,0,0,0,0,0,1,0,2,2,118,98,1,0,2,1,0,0,1,1,1,4,0,0,0,0,0,0,0,0,0,0,1,4,0,0,0,0,0,0,0,0
050,49,055,Utah,Wayne County,2000a,3,223,121,102,117,100,1,0,0,0,0,0,1,0,2,2,119,102,1,0,2,1,0,0,1,1,116,96,1,0,0,0,0,0,1,0,2,2,118,98,1,0,2,1,0,0,1,1,1,4,0,0,0,0,0,0,0,0,0,0,1,4,0,0,0,0,0,0,0,0
050,49,055,Utah,Wayne County,2000,3,224,122,102,119,101,1,0,0,0,0,0,1,1,1,0,120,101,2,0,0,0,0,0,1,1,118,97,1,0,0,0,0,0,1,1,1,0,119,97,2,0,0,0,0,0,1,1,1,4,0,0,0,0,0,0,0,0,0,0,1,4,0,0,0,0,0,0,0,0
050,49,055,Utah,Wayne County,2001,3,212,119,93,116,93,1,0,0,0,0,0,1,0,1,0,117,93,2,0,0,0,0,0,1,0,115,89,1,0,0,0,0,0,1,0,1,0,116,89,2,0,0,0,0,0,1,0,1,4,0,0,0,0,0,0,0,0,0,0,1,4,0,0,0,0,0,0,0,0
050,49,055,Utah,Wayne County,2002,3,214,116,98,113,97,1,0,0,0,0,0,1,1,1,0,114,97,2,0,0,0,0,0,1,1,111,94,1,0,0,0,0,0,1,1,1,0,112,94,2,0,0,0,0,0,1,1,2,3,0,0,0,0,0,0,0,0,0,0,2,3,0,0,0,0,0,0,0,0
050,49,055,Utah,Wayne County,2003,3,196,111,85,109,84,0,0,0,0,0,0,2,1,0,0,109,84,0,0,0,0,0,0,2,1,108,82,0,0,0,0,0,0,2,1,0,0,108,82,0,0,0,0,0,0,2,1,1,2,0,0,0,0,0,0,0,0,0,0,1,2,0,0,0,0,0,0,0,0
050,49,055,Utah,Wayne County,2004,3,215,119,96,117,95,0,0,0,0,0,0,2,1,0,0,117,95,0,0,0,0,0,0,2,1,116,92,0,0,0,0,0,0,2,1,0,0,116,92,0,0,0,0,0,0,2,1,1,3,0,0,0,0,0,0,0,0,0,0,1,3,0,0,0,0,0,0,0,0
050,49,055,Utah,Wayne County,2000c,4,208,102,106,101,101,0,0,1,1,0,0,0,1,0,3,101,104,0,0,1,3,0,0,0,2,101,98,0,0,1,1,0,0,0,1,0,3,101,101,0,0,1,3,0,0,0,2,0,3,0,0,0,0,0,0,0,0,0,0,0,3,0,0,0,0,0,0,0,0
050,49,055,Utah,Wayne County,2000a,4,208,102,106,101,101,0,0,1,1,0,0,0,1,0,3,101,104,0,0,1,3,0,0,0,2,101,98,0,0,1,1,0,0,0,1,0,3,101,101,0,0,1,3,0,0,0,2,0,3,0,0,0,0,0,0,0,0,0,0,0,3,0,0,0,0,0,0,0,0
050,49,055,Utah,Wayne County,2000,4,215,107,108,105,105,0,0,1,1,0,0,0,2,1,0,106,105,0,0,2,1,0,0,0,2,105,102,0,0,1,1,0,0,0,2,1,0,106,102,0,0,2,1,0,0,0,2,0,3,0,0,0,0,0,0,0,0,0,0,0,3,0,0,0,0,0,0,0,0
050,49,055,Utah,Wayne County,2001,4,216,108,108,107,105,0,0,1,1,0,0,0,2,0,0,107,105,0,0,1,1,0,0,0,2,107,105,0,0,1,1,0,0,0,2,0,0,107,105,0,0,1,1,0,0,0,2,0,0,0,0,0,0,0,0,0,0,0,0,0,0,0,0,0,0,0,0,0,0
050,49,055,Utah,Wayne County,2002,4,220,109,111,108,109,0,0,1,1,0,0,0,1,0,0,108,109,0,0,1,1,0,0,0,1,108,108,0,0,1,1,0,0,0,1,0,0,108,108,0,0,1,1,0,0,0,1,0,1,0,0,0,0,0,0,0,0,0,0,0,1,0,0,0,0,0,0,0,0
050,49,055,Utah,Wayne County,2003,4,219,113,106,110,105,1,0,1,0,0,0,0,1,1,0,111,105,2,0,1,0,0,0,0,1,109,103,1,0,1,0,0,0,0,1,1,0,110,103,2,0,1,0,0,0,0,1,1,2,0,0,0,0,0,0,0,0,0,0,1,2,0,0,0,0,0,0,0,0
050,49,055,Utah,Wayne County,2004,4,198,106,92,105,92,1,0,0,0,0,0,0,0,0,0,105,92,1,0,0,0,0,0,0,0,104,89,1,0,0,0,0,0,0,0,0,0,104,89,1,0,0,0,0,0,0,0,1,3,0,0,0,0,0,0,0,0,0,0,1,3,0,0,0,0,0,0,0,0
050,49,055,Utah,Wayne County,2000c,5,144,81,63,80,63,1,0,0,0,0,0,0,0,0,0,80,63,1,0,0,0,0,0,0,0,76,60,1,0,0,0,0,0,0,0,0,0,76,60,1,0,0,0,0,0,0,0,4,3,0,0,0,0,0,0,0,0,0,0,4,3,0,0,0,0,0,0,0,0
050,49,055,Utah,Wayne County,2000a,5,144,81,63,80,63,1,0,0,0,0,0,0,0,0,0,80,63,1,0,0,0,0,0,0,0,76,60,1,0,0,0,0,0,0,0,0,0,76,60,1,0,0,0,0,0,0,0,4,3,0,0,0,0,0,0,0,0,0,0,4,3,0,0,0,0,0,0,0,0
050,49,055,Utah,Wayne County,2000,5,151,84,67,83,67,1,0,0,0,0,0,0,0,0,0,83,67,1,0,0,0,0,0,0,0,79,64,1,0,0,0,0,0,0,0,0,0,79,64,1,0,0,0,0,0,0,0,4,3,0,0,0,0,0,0,0,0,0,0,4,3,0,0,0,0,0,0,0,0
050,49,055,Utah,Wayne County,2001,5,142,78,64,77,64,1,0,0,0,0,0,0,0,0,0,77,64,1,0,0,0,0,0,0,0,73,58,1,0,0,0,0,0,0,0,0,0,73,58,1,0,0,0,0,0,0,0,4,6,0,0,0,0,0,0,0,0,0,0,4,6,0,0,0,0,0,0,0,0
050,49,055,Utah,Wayne County,2002,5,140,85,55,84,55,1,0,0,0,0,0,0,0,0,0,84,55,1,0,0,0,0,0,0,0,82,51,1,0,0,0,0,0,0,0,0,0,82,51,1,0,0,0,0,0,0,0,2,4,0,0,0,0,0,0,0,0,0,0,2,4,0,0,0,0,0,0,0,0
050,49,055,Utah,Wayne County,2003,5,147,86,61,85,59,1,0,0,1,0,0,0,1,0,0,85,59,1,0,0,1,0,0,0,1,83,56,1,0,0,1,0,0,0,1,0,0,83,56,1,0,0,1,0,0,0,1,2,3,0,0,0,0,0,0,0,0,0,0,2,3,0,0,0,0,0,0,0,0
050,49,055,Utah,Wayne County,2004,5,174,86,88,84,85,1,0,1,1,0,0,0,1,0,1,84,86,1,0,1,2,0,0,0,1,84,82,1,0,1,1,0,0,0,1,0,1,84,83,1,0,1,2,0,0,0,1,0,3,0,0,0,0,0,0,0,0,0,0,0,3,0,0,0,0,0,0,0,0
050,49,055,Utah,Wayne County,2000c,6,145,69,76,69,74,0,0,0,1,0,1,0,0,0,0,69,74,0,0,0,1,0,1,0,0,67,73,0,0,0,1,0,1,0,0,0,0,67,73,0,0,0,1,0,1,0,0,2,1,0,0,0,0,0,0,0,0,0,0,2,1,0,0,0,0,0,0,0,0
050,49,055,Utah,Wayne County,2000a,6,145,69,76,69,74,0,0,0,1,0,1,0,0,0,0,69,74,0,0,0,1,0,1,0,0,67,73,0,0,0,1,0,1,0,0,0,0,67,73,0,0,0,1,0,1,0,0,2,1,0,0,0,0,0,0,0,0,0,0,2,1,0,0,0,0,0,0,0,0
050,49,055,Utah,Wayne County,2000,6,146,70,76,70,74,0,0,0,1,0,0,0,1,0,0,70,74,0,0,0,1,0,0,0,1,68,73,0,0,0,1,0,0,0,1,0,0,68,73,0,0,0,1,0,0,0,1,2,1,0,0,0,0,0,0,0,0,0,0,2,1,0,0,0,0,0,0,0,0
050,49,055,Utah,Wayne County,2001,6,154,77,77,77,76,0,0,0,1,0,0,0,0,0,0,77,76,0,0,0,1,0,0,0,0,76,75,0,0,0,1,0,0,0,0,0,0,76,75,0,0,0,1,0,0,0,0,1,1,0,0,0,0,0,0,0,0,0,0,1,1,0,0,0,0,0,0,0,0
050,49,055,Utah,Wayne County,2002,6,168,84,84,84,83,0,0,0,1,0,0,0,0,0,0,84,83,0,0,0,1,0,0,0,0,81,80,0,0,0,1,0,0,0,0,0,0,81,80,0,0,0,1,0,0,0,0,3,3,0,0,0,0,0,0,0,0,0,0,3,3,0,0,0,0,0,0,0,0
050,49,055,Utah,Wayne County,2003,6,129,62,67,62,67,0,0,0,0,0,0,0,0,0,0,62,67,0,0,0,0,0,0,0,0,59,64,0,0,0,0,0,0,0,0,0,0,59,64,0,0,0,0,0,0,0,0,3,3,0,0,0,0,0,0,0,0,0,0,3,3,0,0,0,0,0,0,0,0
050,49,055,Utah,Wayne County,2004,6,133,73,60,73,60,0,0,0,0,0,0,0,0,0,0,73,60,0,0,0,0,0,0,0,0,69,57,0,0,0,0,0,0,0,0,0,0,69,57,0,0,0,0,0,0,0,0,4,3,0,0,0,0,0,0,0,0,0,0,4,3,0,0,0,0,0,0,0,0
050,49,055,Utah,Wayne County,2000c,7,116,63,53,62,53,0,0,0,0,0,0,0,0,1,0,63,53,0,0,1,0,0,0,0,0,59,52,0,0,0,0,0,0,0,0,1,0,60,52,0,0,1,0,0,0,0,0,3,1,0,0,0,0,0,0,0,0,0,0,3,1,0,0,0,0,0,0,0,0
050,49,055,Utah,Wayne County,2000a,7,116,63,53,62,53,0,0,0,0,0,0,0,0,1,0,63,53,0,0,1,0,0,0,0,0,59,52,0,0,0,0,0,0,0,0,1,0,60,52,0,0,1,0,0,0,0,0,3,1,0,0,0,0,0,0,0,0,0,0,3,1,0,0,0,0,0,0,0,0
050,49,055,Utah,Wayne County,2000,7,116,63,53,63,53,0,0,0,0,0,0,0,0,0,0,63,53,0,0,0,0,0,0,0,0,60,52,0,0,0,0,0,0,0,0,0,0,60,52,0,0,0,0,0,0,0,0,3,1,0,0,0,0,0,0,0,0,0,0,3,1,0,0,0,0,0,0,0,0
050,49,055,Utah,Wayne County,2001,7,121,63,58,63,58,0,0,0,0,0,0,0,0,0,0,63,58,0,0,0,0,0,0,0,0,59,56,0,0,0,0,0,0,0,0,0,0,59,56,0,0,0,0,0,0,0,0,4,2,0,0,0,0,0,0,0,0,0,0,4,2,0,0,0,0,0,0,0,0
050,49,055,Utah,Wayne County,2002,7,108,52,56,52,56,0,0,0,0,0,0,0,0,0,0,52,56,0,0,0,0,0,0,0,0,48,54,0,0,0,0,0,0,0,0,0,0,48,54,0,0,0,0,0,0,0,0,4,2,0,0,0,0,0,0,0,0,0,0,4,2,0,0,0,0,0,0,0,0
050,49,055,Utah,Wayne County,2003,7,115,62,53,62,52,0,0,0,1,0,0,0,0,0,0,62,52,0,0,0,1,0,0,0,0,59,49,0,0,0,1,0,0,0,0,0,0,59,49,0,0,0,1,0,0,0,0,3,3,0,0,0,0,0,0,0,0,0,0,3,3,0,0,0,0,0,0,0,0
050,49,055,Utah,Wayne County,2004,7,125,61,64,61,62,0,0,0,1,0,0,0,1,0,0,61,62,0,0,0,1,0,0,0,1,57,59,0,0,0,1,0,0,0,1,0,0,57,59,0,0,0,1,0,0,0,1,4,3,0,0,0,0,0,0,0,0,0,0,4,3,0,0,0,0,0,0,0,0
050,49,055,Utah,Wayne County,2000c,8,144,73,71,72,69,0,0,1,1,0,1,0,0,0,0,72,69,0,0,1,1,0,1,0,0,71,69,0,0,1,1,0,1,0,0,0,0,71,69,0,0,1,1,0,1,0,0,1,0,0,0,0,0,0,0,0,0,0,0,1,0,0,0,0,0,0,0,0,0
050,49,055,Utah,Wayne County,2000a,8,144,73,71,72,69,0,0,1,1,0,1,0,0,0,0,72,69,0,0,1,1,0,1,0,0,71,69,0,0,1,1,0,1,0,0,0,0,71,69,0,0,1,1,0,1,0,0,1,0,0,0,0,0,0,0,0,0,0,0,1,0,0,0,0,0,0,0,0,0
050,49,055,Utah,Wayne County,2000,8,144,73,71,72,69,0,0,1,1,0,0,0,1,0,0,72,69,0,0,1,1,0,0,0,1,71,69,0,0,1,1,0,0,0,1,0,0,71,69,0,0,1,1,0,0,0,1,1,0,0,0,0,0,0,0,0,0,0,0,1,0,0,0,0,0,0,0,0,0
050,49,055,Utah,Wayne County,2001,8,143,75,68,75,67,0,0,0,0,0,0,0,1,0,0,75,67,0,0,0,0,0,0,0,1,74,67,0,0,0,0,0,0,0,1,0,0,74,67,0,0,0,0,0,0,0,1,1,0,0,0,0,0,0,0,0,0,0,0,1,0,0,0,0,0,0,0,0,0
050,49,055,Utah,Wayne County,2002,8,134,70,64,70,63,0,0,0,0,0,0,0,1,0,0,70,63,0,0,0,0,0,0,0,1,68,62,0,0,0,0,0,0,0,1,0,0,68,62,0,0,0,0,0,0,0,1,2,1,0,0,0,0,0,0,0,0,0,0,2,1,0,0,0,0,0,0,0,0
050,49,055,Utah,Wayne County,2003,8,127,65,62,65,61,0,0,0,0,0,0,0,1,0,0,65,61,0,0,0,0,0,0,0,1,61,59,0,0,0,0,0,0,0,1,0,0,61,59,0,0,0,0,0,0,0,1,4,2,0,0,0,0,0,0,0,0,0,0,4,2,0,0,0,0,0,0,0,0
050,49,055,Utah,Wayne County,2004,8,103,55,48,55,47,0,0,0,0,0,0,0,1,0,0,55,47,0,0,0,0,0,0,0,1,50,44,0,0,0,0,0,0,0,1,0,0,50,44,0,0,0,0,0,0,0,1,5,3,0,0,0,0,0,0,0,0,0,0,5,3,0,0,0,0,0,0,0,0
050,49,055,Utah,Wayne County,2000c,9,160,71,89,70,89,1,0,0,0,0,0,0,0,0,0,70,89,1,0,0,0,0,0,0,0,68,88,1,0,0,0,0,0,0,0,0,0,68,88,1,0,0,0,0,0,0,0,2,1,0,0,0,0,0,0,0,0,0,0,2,1,0,0,0,0,0,0,0,0
050,49,055,Utah,Wayne County,2000a,9,160,71,89,70,89,1,0,0,0,0,0,0,0,0,0,70,89,1,0,0,0,0,0,0,0,68,88,1,0,0,0,0,0,0,0,0,0,68,88,1,0,0,0,0,0,0,0,2,1,0,0,0,0,0,0,0,0,0,0,2,1,0,0,0,0,0,0,0,0
050,49,055,Utah,Wayne County,2000,9,160,71,89,70,89,1,0,0,0,0,0,0,0,0,0,70,89,1,0,0,0,0,0,0,0,68,88,1,0,0,0,0,0,0,0,0,0,68,88,1,0,0,0,0,0,0,0,2,1,0,0,0,0,0,0,0,0,0,0,2,1,0,0,0,0,0,0,0,0
050,49,055,Utah,Wayne County,2001,9,148,65,83,63,82,1,0,1,1,0,0,0,0,0,0,63,82,1,0,1,1,0,0,0,0,60,81,1,0,1,1,0,0,0,0,0,0,60,81,1,0,1,1,0,0,0,0,3,1,0,0,0,0,0,0,0,0,0,0,3,1,0,0,0,0,0,0,0,0
050,49,055,Utah,Wayne County,2002,9,144,67,77,65,76,1,0,1,1,0,0,0,0,0,0,65,76,1,0,1,1,0,0,0,0,63,75,1,0,1,1,0,0,0,0,0,0,63,75,1,0,1,1,0,0,0,0,2,1,0,0,0,0,0,0,0,0,0,0,2,1,0,0,0,0,0,0,0,0
050,49,055,Utah,Wayne County,2003,9,138,68,70,67,69,0,0,1,1,0,0,0,0,0,0,67,69,0,0,1,1,0,0,0,0,65,68,0,0,1,1,0,0,0,0,0,0,65,68,0,0,1,1,0,0,0,0,2,1,0,0,0,0,0,0,0,0,0,0,2,1,0,0,0,0,0,0,0,0
050,49,055,Utah,Wayne County,2004,9,142,71,71,70,70,0,0,1,1,0,0,0,0,0,0,70,70,0,0,1,1,0,0,0,0,69,70,0,0,1,1,0,0,0,0,0,0,69,70,0,0,1,1,0,0,0,0,1,0,0,0,0,0,0,0,0,0,0,0,1,0,0,0,0,0,0,0,0,0
050,49,055,Utah,Wayne County,2000c,10,167,91,76,91,74,0,0,0,0,0,0,0,1,0,1,91,75,0,0,0,1,0,0,0,1,91,74,0,0,0,0,0,0,0,1,0,1,91,75,0,0,0,1,0,0,0,1,0,0,0,0,0,0,0,0,0,0,0,0,0,0,0,0,0,0,0,0,0,0
050,49,055,Utah,Wayne County,2000a,10,167,91,76,91,74,0,0,0,0,0,0,0,1,0,1,91,75,0,0,0,1,0,0,0,1,91,74,0,0,0,0,0,0,0,1,0,1,91,75,0,0,0,1,0,0,0,1,0,0,0,0,0,0,0,0,0,0,0,0,0,0,0,0,0,0,0,0,0,0
050,49,055,Utah,Wayne County,2000,10,166,91,75,91,75,0,0,0,0,0,0,0,0,0,0,91,75,0,0,0,0,0,0,0,0,91,75,0,0,0,0,0,0,0,0,0,0,91,75,0,0,0,0,0,0,0,0,0,0,0,0,0,0,0,0,0,0,0,0,0,0,0,0,0,0,0,0,0,0
050,49,055,Utah,Wayne County,2001,10,175,94,81,94,80,0,0,0,0,0,0,0,1,0,0,94,80,0,0,0,0,0,0,0,1,94,80,0,0,0,0,0,0,0,1,0,0,94,80,0,0,0,0,0,0,0,1,0,0,0,0,0,0,0,0,0,0,0,0,0,0,0,0,0,0,0,0,0,0
050,49,055,Utah,Wayne County,2002,10,171,94,77,94,77,0,0,0,0,0,0,0,0,0,0,94,77,0,0,0,0,0,0,0,0,93,77,0,0,0,0,0,0,0,0,0,0,93,77,0,0,0,0,0,0,0,0,1,0,0,0,0,0,0,0,0,0,0,0,1,0,0,0,0,0,0,0,0,0
050,49,055,Utah,Wayne County,2003,10,155,73,82,72,81,1,0,0,0,0,0,0,1,0,0,72,81,1,0,0,0,0,0,0,1,71,81,1,0,0,0,0,0,0,1,0,0,71,81,1,0,0,0,0,0,0,1,1,0,0,0,0,0,0,0,0,0,0,0,1,0,0,0,0,0,0,0,0,0
050,49,055,Utah,Wayne County,2004,10,159,72,87,71,87,1,0,0,0,0,0,0,0,0,0,71,87,1,0,0,0,0,0,0,0,69,86,1,0,0,0,0,0,0,0,0,0,69,86,1,0,0,0,0,0,0,0,2,1,0,0,0,0,0,0,0,0,0,0,2,1,0,0,0,0,0,0,0,0
050,49,055,Utah,Wayne County,2000c,11,169,91,78,87,77,0,0,3,0,0,0,0,0,1,1,88,78,0,0,4,1,0,0,0,0,87,77,0,0,3,0,0,0,0,0,0,0,87,77,0,0,3,0,0,0,0,0,0,0,0,0,0,0,0,0,0,0,1,1,1,1,0,0,1,1,0,0,0,0
050,49,055,Utah,Wayne County,2000a,11,169,91,78,87,77,0,0,3,0,0,0,0,0,1,1,88,78,0,0,4,1,0,0,0,0,87,77,0,0,3,0,0,0,0,0,0,0,87,77,0,0,3,0,0,0,0,0,0,0,0,0,0,0,0,0,0,0,1,1,1,1,0,0,1,1,0,0,0,0
050,49,055,Utah,Wayne County,2000,11,172,93,79,89,79,0,0,3,0,0,0,0,0,1,0,90,79,0,0,4,0,0,0,0,0,88,78,0,0,3,0,0,0,0,0,1,0,89,78,0,0,4,0,0,0,0,0,1,1,0,0,0,0,0,0,0,0,0,0,1,1,0,0,0,0,0,0,0,0
050,49,055,Utah,Wayne County,2001,11,159,83,76,82,76,0,0,1,0,0,0,0,0,0,0,82,76,0,0,1,0,0,0,0,0,81,75,0,0,1,0,0,0,0,0,0,0,81,75,0,0,1,0,0,0,0,0,1,1,0,0,0,0,0,0,0,0,0,0,1,1,0,0,0,0,0,0,0,0
050,49,055,Utah,Wayne County,2002,11,167,85,82,84,82,0,0,1,0,0,0,0,0,0,0,84,82,0,0,1,0,0,0,0,0,83,82,0,0,1,0,0,0,0,0,0,0,83,82,0,0,1,0,0,0,0,0,1,0,0,0,0,0,0,0,0,0,0,0,1,0,0,0,0,0,0,0,0,0
050,49,055,Utah,Wayne County,2003,11,184,100,84,98,84,0,0,1,0,0,0,0,0,1,0,99,84,0,0,2,0,0,0,0,0,97,84,0,0,1,0,0,0,0,0,1,0,98,84,0,0,2,0,0,0,0,0,1,0,0,0,0,0,0,0,0,0,0,0,1,0,0,0,0,0,0,0,0,0
050,49,055,Utah,Wayne County,2004,11,177,97,80,95,79,0,0,1,0,0,0,0,1,1,0,96,79,0,0,2,0,0,0,0,1,95,79,0,0,1,0,0,0,0,1,1,0,96,79,0,0,2,0,0,0,0,1,0,0,0,0,0,0,0,0,0,0,0,0,0,0,0,0,0,0,0,0,0,0
050,49,055,Utah,Wayne County,2000c,12,122,59,63,59,63,0,0,0,0,0,0,0,0,0,0,59,63,0,0,0,0,0,0,0,0,58,63,0,0,0,0,0,0,0,0,0,0,58,63,0,0,0,0,0,0,0,0,1,0,0,0,0,0,0,0,0,0,0,0,1,0,0,0,0,0,0,0,0,0
050,49,055,Utah,Wayne County,2000a,12,122,59,63,59,63,0,0,0,0,0,0,0,0,0,0,59,63,0,0,0,0,0,0,0,0,58,63,0,0,0,0,0,0,0,0,0,0,58,63,0,0,0,0,0,0,0,0,1,0,0,0,0,0,0,0,0,0,0,0,1,0,0,0,0,0,0,0,0,0
050,49,055,Utah,Wayne County,2000,12,123,60,63,60,63,0,0,0,0,0,0,0,0,0,0,60,63,0,0,0,0,0,0,0,0,59,63,0,0,0,0,0,0,0,0,0,0,59,63,0,0,0,0,0,0,0,0,1,0,0,0,0,0,0,0,0,0,0,0,1,0,0,0,0,0,0,0,0,0
050,49,055,Utah,Wayne County,2001,12,135,64,71,62,71,0,0,1,0,0,0,0,0,1,0,63,71,0,0,2,0,0,0,0,0,61,71,0,0,1,0,0,0,0,0,1,0,62,71,0,0,2,0,0,0,0,0,1,0,0,0,0,0,0,0,0,0,0,0,1,0,0,0,0,0,0,0,0,0
050,49,055,Utah,Wayne County,2002,12,139,70,69,68,69,0,0,1,0,0,0,0,0,1,0,69,69,0,0,2,0,0,0,0,0,67,68,0,0,1,0,0,0,0,0,1,0,68,68,0,0,2,0,0,0,0,0,1,1,0,0,0,0,0,0,0,0,0,0,1,1,0,0,0,0,0,0,0,0
050,49,055,Utah,Wayne County,2003,12,144,71,73,69,73,0,0,1,0,0,0,0,0,1,0,70,73,0,0,2,0,0,0,0,0,68,73,0,0,1,0,0,0,0,0,1,0,69,73,0,0,2,0,0,0,0,0,1,0,0,0,0,0,0,0,0,0,0,0,1,0,0,0,0,0,0,0,0,0
050,49,055,Utah,Wayne County,2004,12,137,69,68,68,68,0,0,1,0,0,0,0,0,0,0,68,68,0,0,1,0,0,0,0,0,67,68,0,0,1,0,0,0,0,0,0,0,67,68,0,0,1,0,0,0,0,0,1,0,0,0,0,0,0,0,0,0,0,0,1,0,0,0,0,0,0,0,0,0
050,49,055,Utah,Wayne County,2000c,13,109,54,55,54,55,0,0,0,0,0,0,0,0,0,0,54,55,0,0,0,0,0,0,0,0,54,54,0,0,0,0,0,0,0,0,0,0,54,54,0,0,0,0,0,0,0,0,0,1,0,0,0,0,0,0,0,0,0,0,0,1,0,0,0,0,0,0,0,0
050,49,055,Utah,Wayne County,2000a,13,109,54,55,54,55,0,0,0,0,0,0,0,0,0,0,54,55,0,0,0,0,0,0,0,0,54,54,0,0,0,0,0,0,0,0,0,0,54,54,0,0,0,0,0,0,0,0,0,1,0,0,0,0,0,0,0,0,0,0,0,1,0,0,0,0,0,0,0,0
050,49,055,Utah,Wayne County,2000,13,109,54,55,54,55,0,0,0,0,0,0,0,0,0,0,54,55,0,0,0,0,0,0,0,0,54,54,0,0,0,0,0,0,0,0,0,0,54,54,0,0,0,0,0,0,0,0,0,1,0,0,0,0,0,0,0,0,0,0,0,1,0,0,0,0,0,0,0,0
050,49,055,Utah,Wayne County,2001,13,112,56,56,56,56,0,0,0,0,0,0,0,0,0,0,56,56,0,0,0,0,0,0,0,0,56,56,0,0,0,0,0,0,0,0,0,0,56,56,0,0,0,0,0,0,0,0,0,0,0,0,0,0,0,0,0,0,0,0,0,0,0,0,0,0,0,0,0,0
050,49,055,Utah,Wayne County,2002,13,116,49,67,49,67,0,0,0,0,0,0,0,0,0,0,49,67,0,0,0,0,0,0,0,0,49,67,0,0,0,0,0,0,0,0,0,0,49,67,0,0,0,0,0,0,0,0,0,0,0,0,0,0,0,0,0,0,0,0,0,0,0,0,0,0,0,0,0,0
050,49,055,Utah,Wayne County,2003,13,113,53,60,53,60,0,0,0,0,0,0,0,0,0,0,53,60,0,0,0,0,0,0,0,0,53,60,0,0,0,0,0,0,0,0,0,0,53,60,0,0,0,0,0,0,0,0,0,0,0,0,0,0,0,0,0,0,0,0,0,0,0,0,0,0,0,0,0,0
050,49,055,Utah,Wayne County,2004,13,120,57,63,57,63,0,0,0,0,0,0,0,0,0,0,57,63,0,0,0,0,0,0,0,0,57,63,0,0,0,0,0,0,0,0,0,0,57,63,0,0,0,0,0,0,0,0,0,0,0,0,0,0,0,0,0,0,0,0,0,0,0,0,0,0,0,0,0,0
050,49,055,Utah,Wayne County,2000c,14,98,52,46,52,46,0,0,0,0,0,0,0,0,0,0,52,46,0,0,0,0,0,0,0,0,52,44,0,0,0,0,0,0,0,0,0,0,52,44,0,0,0,0,0,0,0,0,0,2,0,0,0,0,0,0,0,0,0,0,0,2,0,0,0,0,0,0,0,0
050,49,055,Utah,Wayne County,2000a,14,98,52,46,52,46,0,0,0,0,0,0,0,0,0,0,52,46,0,0,0,0,0,0,0,0,52,44,0,0,0,0,0,0,0,0,0,0,52,44,0,0,0,0,0,0,0,0,0,2,0,0,0,0,0,0,0,0,0,0,0,2,0,0,0,0,0,0,0,0
050,49,055,Utah,Wayne County,2000,14,98,52,46,52,46,0,0,0,0,0,0,0,0,0,0,52,46,0,0,0,0,0,0,0,0,52,44,0,0,0,0,0,0,0,0,0,0,52,44,0,0,0,0,0,0,0,0,0,2,0,0,0,0,0,0,0,0,0,0,0,2,0,0,0,0,0,0,0,0
050,49,055,Utah,Wayne County,2001,14,94,51,43,51,43,0,0,0,0,0,0,0,0,0,0,51,43,0,0,0,0,0,0,0,0,51,40,0,0,0,0,0,0,0,0,0,0,51,40,0,0,0,0,0,0,0,0,0,3,0,0,0,0,0,0,0,0,0,0,0,3,0,0,0,0,0,0,0,0
050,49,055,Utah,Wayne County,2002,14,94,51,43,51,43,0,0,0,0,0,0,0,0,0,0,51,43,0,0,0,0,0,0,0,0,51,41,0,0,0,0,0,0,0,0,0,0,51,41,0,0,0,0,0,0,0,0,0,2,0,0,0,0,0,0,0,0,0,0,0,2,0,0,0,0,0,0,0,0
050,49,055,Utah,Wayne County,2003,14,104,54,50,54,50,0,0,0,0,0,0,0,0,0,0,54,50,0,0,0,0,0,0,0,0,54,48,0,0,0,0,0,0,0,0,0,0,54,48,0,0,0,0,0,0,0,0,0,2,0,0,0,0,0,0,0,0,0,0,0,2,0,0,0,0,0,0,0,0
050,49,055,Utah,Wayne County,2004,14,110,59,51,59,51,0,0,0,0,0,0,0,0,0,0,59,51,0,0,0,0,0,0,0,0,59,50,0,0,0,0,0,0,0,0,0,0,59,50,0,0,0,0,0,0,0,0,0,1,0,0,0,0,0,0,0,0,0,0,0,1,0,0,0,0,0,0,0,0
050,49,055,Utah,Wayne County,2000c,15,89,50,39,50,39,0,0,0,0,0,0,0,0,0,0,50,39,0,0,0,0,0,0,0,0,49,39,0,0,0,0,0,0,0,0,0,0,49,39,0,0,0,0,0,0,0,0,1,0,0,0,0,0,0,0,0,0,0,0,1,0,0,0,0,0,0,0,0,0
050,49,055,Utah,Wayne County,2000a,15,89,50,39,50,39,0,0,0,0,0,0,0,0,0,0,50,39,0,0,0,0,0,0,0,0,49,39,0,0,0,0,0,0,0,0,0,0,49,39,0,0,0,0,0,0,0,0,1,0,0,0,0,0,0,0,0,0,0,0,1,0,0,0,0,0,0,0,0,0
050,49,055,Utah,Wayne County,2000,15,90,51,39,51,39,0,0,0,0,0,0,0,0,0,0,51,39,0,0,0,0,0,0,0,0,50,39,0,0,0,0,0,0,0,0,0,0,50,39,0,0,0,0,0,0,0,0,1,0,0,0,0,0,0,0,0,0,0,0,1,0,0,0,0,0,0,0,0,0
050,49,055,Utah,Wayne County,2001,15,85,46,39,46,39,0,0,0,0,0,0,0,0,0,0,46,39,0,0,0,0,0,0,0,0,45,39,0,0,0,0,0,0,0,0,0,0,45,39,0,0,0,0,0,0,0,0,1,0,0,0,0,0,0,0,0,0,0,0,1,0,0,0,0,0,0,0,0,0
050,49,055,Utah,Wayne County,2002,15,85,47,38,47,38,0,0,0,0,0,0,0,0,0,0,47,38,0,0,0,0,0,0,0,0,46,37,0,0,0,0,0,0,0,0,0,0,46,37,0,0,0,0,0,0,0,0,1,1,0,0,0,0,0,0,0,0,0,0,1,1,0,0,0,0,0,0,0,0
050,49,055,Utah,Wayne County,2003,15,82,44,38,44,38,0,0,0,0,0,0,0,0,0,0,44,38,0,0,0,0,0,0,0,0,43,37,0,0,0,0,0,0,0,0,0,0,43,37,0,0,0,0,0,0,0,0,1,1,0,0,0,0,0,0,0,0,0,0,1,1,0,0,0,0,0,0,0,0
050,49,055,Utah,Wayne County,2004,15,87,44,43,44,43,0,0,0,0,0,0,0,0,0,0,44,43,0,0,0,0,0,0,0,0,44,41,0,0,0,0,0,0,0,0,0,0,44,41,0,0,0,0,0,0,0,0,0,2,0,0,0,0,0,0,0,0,0,0,0,2,0,0,0,0,0,0,0,0
050,49,055,Utah,Wayne County,2000c,16,75,30,45,30,45,0,0,0,0,0,0,0,0,0,0,30,45,0,0,0,0,0,0,0,0,30,45,0,0,0,0,0,0,0,0,0,0,30,45,0,0,0,0,0,0,0,0,0,0,0,0,0,0,0,0,0,0,0,0,0,0,0,0,0,0,0,0,0,0
050,49,055,Utah,Wayne County,2000a,16,75,30,45,30,45,0,0,0,0,0,0,0,0,0,0,30,45,0,0,0,0,0,0,0,0,30,45,0,0,0,0,0,0,0,0,0,0,30,45,0,0,0,0,0,0,0,0,0,0,0,0,0,0,0,0,0,0,0,0,0,0,0,0,0,0,0,0,0,0
050,49,055,Utah,Wayne County,2000,16,75,30,45,30,45,0,0,0,0,0,0,0,0,0,0,30,45,0,0,0,0,0,0,0,0,30,45,0,0,0,0,0,0,0,0,0,0,30,45,0,0,0,0,0,0,0,0,0,0,0,0,0,0,0,0,0,0,0,0,0,0,0,0,0,0,0,0,0,0
050,49,055,Utah,Wayne County,2001,16,80,34,46,34,46,0,0,0,0,0,0,0,0,0,0,34,46,0,0,0,0,0,0,0,0,34,46,0,0,0,0,0,0,0,0,0,0,34,46,0,0,0,0,0,0,0,0,0,0,0,0,0,0,0,0,0,0,0,0,0,0,0,0,0,0,0,0,0,0
050,49,055,Utah,Wayne County,2002,16,87,36,51,36,51,0,0,0,0,0,0,0,0,0,0,36,51,0,0,0,0,0,0,0,0,36,51,0,0,0,0,0,0,0,0,0,0,36,51,0,0,0,0,0,0,0,0,0,0,0,0,0,0,0,0,0,0,0,0,0,0,0,0,0,0,0,0,0,0
050,49,055,Utah,Wayne County,2003,16,81,38,43,38,43,0,0,0,0,0,0,0,0,0,0,38,43,0,0,0,0,0,0,0,0,38,43,0,0,0,0,0,0,0,0,0,0,38,43,0,0,0,0,0,0,0,0,0,0,0,0,0,0,0,0,0,0,0,0,0,0,0,0,0,0,0,0,0,0
050,49,055,Utah,Wayne County,2004,16,67,33,34,33,34,0,0,0,0,0,0,0,0,0,0,33,34,0,0,0,0,0,0,0,0,32,34,0,0,0,0,0,0,0,0,0,0,32,34,0,0,0,0,0,0,0,0,1,0,0,0,0,0,0,0,0,0,0,0,1,0,0,0,0,0,0,0,0,0
050,49,055,Utah,Wayne County,2000c,17,56,30,26,30,25,0,0,0,1,0,0,0,0,0,0,30,25,0,0,0,1,0,0,0,0,29,25,0,0,0,1,0,0,0,0,0,0,29,25,0,0,0,1,0,0,0,0,1,0,0,0,0,0,0,0,0,0,0,0,1,0,0,0,0,0,0,0,0,0
050,49,055,Utah,Wayne County,2000a,17,56,30,26,30,25,0,0,0,1,0,0,0,0,0,0,30,25,0,0,0,1,0,0,0,0,29,25,0,0,0,1,0,0,0,0,0,0,29,25,0,0,0,1,0,0,0,0,1,0,0,0,0,0,0,0,0,0,0,0,1,0,0,0,0,0,0,0,0,0
050,49,055,Utah,Wayne County,2000,17,57,31,26,31,25,0,0,0,1,0,0,0,0,0,0,31,25,0,0,0,1,0,0,0,0,30,25,0,0,0,1,0,0,0,0,0,0,30,25,0,0,0,1,0,0,0,0,1,0,0,0,0,0,0,0,0,0,0,0,1,0,0,0,0,0,0,0,0,0
050,49,055,Utah,Wayne County,2001,17,58,27,31,27,31,0,0,0,0,0,0,0,0,0,0,27,31,0,0,0,0,0,0,0,0,26,31,0,0,0,0,0,0,0,0,0,0,26,31,0,0,0,0,0,0,0,0,1,0,0,0,0,0,0,0,0,0,0,0,1,0,0,0,0,0,0,0,0,0
050,49,055,Utah,Wayne County,2002,17,57,29,28,29,28,0,0,0,0,0,0,0,0,0,0,29,28,0,0,0,0,0,0,0,0,28,28,0,0,0,0,0,0,0,0,0,0,28,28,0,0,0,0,0,0,0,0,1,0,0,0,0,0,0,0,0,0,0,0,1,0,0,0,0,0,0,0,0,0
050,49,055,Utah,Wayne County,2003,17,64,32,32,32,32,0,0,0,0,0,0,0,0,0,0,32,32,0,0,0,0,0,0,0,0,31,32,0,0,0,0,0,0,0,0,0,0,31,32,0,0,0,0,0,0,0,0,1,0,0,0,0,0,0,0,0,0,0,0,1,0,0,0,0,0,0,0,0,0
050,49,055,Utah,Wayne County,2004,17,70,34,36,34,36,0,0,0,0,0,0,0,0,0,0,34,36,0,0,0,0,0,0,0,0,33,36,0,0,0,0,0,0,0,0,0,0,33,36,0,0,0,0,0,0,0,0,1,0,0,0,0,0,0,0,0,0,0,0,1,0,0,0,0,0,0,0,0,0
050,49,055,Utah,Wayne County,2000c,18,44,16,28,16,28,0,0,0,0,0,0,0,0,0,0,16,28,0,0,0,0,0,0,0,0,16,28,0,0,0,0,0,0,0,0,0,0,16,28,0,0,0,0,0,0,0,0,0,0,0,0,0,0,0,0,0,0,0,0,0,0,0,0,0,0,0,0,0,0
050,49,055,Utah,Wayne County,2000a,18,44,16,28,16,28,0,0,0,0,0,0,0,0,0,0,16,28,0,0,0,0,0,0,0,0,16,28,0,0,0,0,0,0,0,0,0,0,16,28,0,0,0,0,0,0,0,0,0,0,0,0,0,0,0,0,0,0,0,0,0,0,0,0,0,0,0,0,0,0
050,49,055,Utah,Wayne County,2000,18,44,16,28,16,28,0,0,0,0,0,0,0,0,0,0,16,28,0,0,0,0,0,0,0,0,16,28,0,0,0,0,0,0,0,0,0,0,16,28,0,0,0,0,0,0,0,0,0,0,0,0,0,0,0,0,0,0,0,0,0,0,0,0,0,0,0,0,0,0
050,49,055,Utah,Wayne County,2001,18,47,20,27,20,27,0,0,0,0,0,0,0,0,0,0,20,27,0,0,0,0,0,0,0,0,20,27,0,0,0,0,0,0,0,0,0,0,20,27,0,0,0,0,0,0,0,0,0,0,0,0,0,0,0,0,0,0,0,0,0,0,0,0,0,0,0,0,0,0
050,49,055,Utah,Wayne County,2002,18,48,22,26,22,26,0,0,0,0,0,0,0,0,0,0,22,26,0,0,0,0,0,0,0,0,22,26,0,0,0,0,0,0,0,0,0,0,22,26,0,0,0,0,0,0,0,0,0,0,0,0,0,0,0,0,0,0,0,0,0,0,0,0,0,0,0,0,0,0
050,49,055,Utah,Wayne County,2003,18,51,21,30,21,30,0,0,0,0,0,0,0,0,0,0,21,30,0,0,0,0,0,0,0,0,21,30,0,0,0,0,0,0,0,0,0,0,21,30,0,0,0,0,0,0,0,0,0,0,0,0,0,0,0,0,0,0,0,0,0,0,0,0,0,0,0,0,0,0
050,49,055,Utah,Wayne County,2004,18,56,25,31,25,31,0,0,0,0,0,0,0,0,0,0,25,31,0,0,0,0,0,0,0,0,25,31,0,0,0,0,0,0,0,0,0,0,25,31,0,0,0,0,0,0,0,0,0,0,0,0,0,0,0,0,0,0,0,0,0,0,0,0,0,0,0,0,0,0
050,49,057,Utah,Weber County,2000c,0,196533,98581,97952,93509,93033,1612,1331,832,828,1231,1389,194,152,1203,1219,94622,94168,1968,1675,1257,1270,1666,1857,339,277,80934,82126,1439,1165,581,589,1121,1301,161,131,1059,1068,81914,83118,1743,1470,922,941,1528,1729,296,239,12575,10907,173,166,251,239,110,88,33,21,144,151,12708,11050,225,205,335,329,138,128,43,38
050,49,057,Utah,Weber County,2000a,0,196533,98581,97952,93509,93033,1612,1331,832,828,1231,1389,194,152,1203,1219,94622,94168,1968,1675,1257,1270,1666,1857,339,277,80934,82126,1439,1165,581,589,1121,1301,161,131,1059,1068,81914,83118,1743,1470,922,941,1528,1729,296,239,12575,10907,173,166,251,239,110,88,33,21,144,151,12708,11050,225,205,335,329,138,128,43,38
050,49,057,Utah,Weber County,2000,0,197452,99038,98414,93915,93410,1642,1343,841,846,1254,1447,182,168,1204,1200,95039,94546,1994,1695,1300,1298,1676,1860,295,273,81168,82358,1460,1174,596,616,1158,1369,161,154,1013,1005,82108,83304,1761,1472,943,962,1539,1739,271,254,12747,11052,182,169,245,230,96,78,21,14,191,195,12931,11242,233,223,357,336,137,121,24,19
050,49,057,Utah,Weber County,2001,0,200184,100480,99704,95255,94624,1640,1352,896,891,1268,1452,181,172,1240,1213,96415,95772,2009,1717,1363,1345,1702,1870,300,272,81889,83005,1438,1173,652,660,1169,1374,159,156,1038,1009,82856,83957,1757,1479,1000,1006,1553,1742,266,250,13366,11619,202,179,244,231,99,78,22,16,202,204,13559,11815,252,238,363,339,149,128,34,22
050,49,057,Utah,Weber County,2002,0,203367,102075,101292,96830,96116,1631,1367,870,871,1303,1494,178,181,1263,1263,98007,97311,2023,1761,1319,1322,1750,1941,296,290,82828,83915,1413,1165,622,628,1201,1411,157,159,1061,1047,83812,84903,1746,1495,961,963,1602,1803,269,259,14002,12201,218,202,248,243,102,83,21,22,202,216,14195,12408,277,266,358,359,148,138,27,31
050,49,057,Utah,Weber County,2003,0,205969,103474,102495,98053,97206,1685,1400,887,886,1348,1542,196,184,1305,1277,99274,98413,2106,1813,1337,1337,1810,1992,310,282,83334,84332,1438,1169,630,637,1241,1457,171,165,1086,1061,84347,85332,1791,1517,968,973,1653,1854,278,259,14719,12874,247,231,257,249,107,85,25,19,219,216,14927,13081,315,296,369,364,157,138,32,23
050,49,057,Utah,Weber County,2004,0,208633,104894,103739,99412,98369,1668,1400,884,890,1385,1584,198,193,1347,1303,100668,99607,2111,1824,1342,1333,1865,2046,315,294,84124,84956,1402,1157,627,642,1270,1491,170,171,1109,1079,85157,85979,1769,1510,962,968,1694,1901,276,267,15288,13413,266,243,257,248,115,93,28,22,238,224,15511,13628,342,314,380,365,171,145,39,27
050,49,057,Utah,Weber County,2000c,1,17705,9149,8556,8533,7975,139,145,92,88,85,78,24,21,276,249,8790,8209,261,242,160,150,174,170,52,48,6816,6516,120,121,64,50,66,70,22,18,236,210,7036,6711,223,209,113,88,151,155,47,41,1717,1459,19,24,28,38,19,8,2,3,40,39,1754,1498,38,33,47,62,23,15,5,7
050,49,057,Utah,Weber County,2000a,1,17705,9149,8556,8533,7975,139,145,92,88,85,78,24,21,276,249,8790,8209,261,242,160,150,174,170,52,48,6816,6516,120,121,64,50,66,70,22,18,236,210,7036,6711,223,209,113,88,151,155,47,41,1717,1459,19,24,28,38,19,8,2,3,40,39,1754,1498,38,33,47,62,23,15,5,7
050,49,057,Utah,Weber County,2000,1,17899,9247,8652,8638,8070,146,145,96,89,89,88,20,18,258,242,8882,8305,256,240,158,153,177,165,48,41,6885,6580,124,122,67,52,78,80,16,15,215,201,7087,6774,217,204,111,96,156,150,41,35,1753,1490,22,23,29,37,11,8,4,3,43,41,1795,1531,39,36,47,57,21,15,7,6
050,49,057,Utah,Weber County,2001,1,18420,9457,8963,8853,8406,123,124,103,96,99,81,21,17,258,239,9100,8635,232,221,160,156,190,161,46,37,7028,6823,105,103,81,60,88,75,16,14,216,197,7234,7011,198,186,122,100,167,147,36,32,1825,1583,18,21,22,36,11,6,5,3,42,42,1866,1624,34,35,38,56,23,14,10,5
050,49,057,Utah,Weber County,2002,1,18898,9670,9228,9084,8675,115,112,96,98,99,89,20,18,256,236,9327,8902,232,208,145,148,188,174,41,36,7229,6976,102,89,79,62,87,84,15,15,217,197,7434,7164,204,171,114,95,166,161,33,32,1855,1699,13,23,17,36,12,5,5,3,39,39,1893,1738,28,37,31,53,22,13,8,4
050,49,057,Utah,Weber County,2003,1,19212,9869,9343,9286,8812,113,101,102,101,93,85,18,15,257,229,9533,9035,237,199,144,147,183,167,35,27,7388,7020,100,84,84,68,84,82,14,14,215,191,7594,7205,206,167,114,99,162,156,29,26,1898,1792,13,17,18,33,9,3,4,1,42,38,1939,1830,31,32,30,48,21,11,6,1
050,49,057,Utah,Weber County,2004,1,19270,9949,9321,9386,8816,100,89,109,101,94,82,14,13,246,220,9624,9029,221,189,145,140,180,161,26,24,7455,6955,86,75,91,78,86,80,12,12,208,185,7655,7133,189,160,118,105,162,151,23,23,1931,1861,14,14,18,23,8,2,2,1,38,35,1969,1896,32,29,27,35,18,10,3,1
050,49,057,Utah,Weber County,2000c,2,16394,8489,7905,7974,7396,154,132,88,76,86,89,15,15,172,197,8139,7584,214,197,138,124,148,170,33,35,6585,6056,131,108,55,48,77,78,11,8,146,178,6725,6226,181,167,89,91,134,151,28,26,1389,1340,23,24,33,28,9,11,4,7,26,19,1414,1358,33,30,49,33,14,19,5,9
050,49,057,Utah,Weber County,2000a,2,16394,8489,7905,7974,7396,154,132,88,76,86,89,15,15,172,197,8139,7584,214,197,138,124,148,170,33,35,6585,6056,131,108,55,48,77,78,11,8,146,178,6725,6226,181,167,89,91,134,151,28,26,1389,1340,23,24,33,28,9,11,4,7,26,19,1414,1358,33,30,49,33,14,19,5,9
050,49,057,Utah,Weber County,2000,2,16432,8507,7925,7980,7420,148,125,89,79,76,83,18,21,196,197,8163,7606,223,200,144,133,146,153,36,40,6575,6067,123,101,55,54,69,74,16,17,164,166,6728,6224,189,169,91,92,131,133,34,35,1405,1353,25,24,34,25,7,9,2,4,32,31,1435,1382,34,31,53,41,15,20,2,5
050,49,057,Utah,Weber County,2001,2,16679,8620,8059,8076,7539,151,134,95,78,74,83,19,20,205,205,8267,7735,233,220,151,132,147,148,38,38,6587,6140,121,113,61,55,65,73,15,16,170,174,6746,6306,193,190,98,93,128,130,32,33,1489,1399,30,21,34,23,9,10,4,4,35,31,1521,1429,40,30,53,39,19,18,6,5
050,49,057,Utah,Weber County,2002,2,17019,8775,8244,8229,7715,146,145,94,71,75,78,18,18,213,217,8429,7921,232,242,148,123,149,149,38,37,6662,6263,117,122,59,45,66,69,14,14,176,183,6827,6437,191,210,95,78,130,129,33,32,1567,1452,29,23,35,26,9,9,4,4,37,34,1602,1484,41,32,53,45,19,20,5,5
050,49,057,Utah,Weber County,2003,2,17206,8820,8386,8248,7816,145,152,95,80,86,82,20,20,226,236,8462,8040,236,263,151,139,166,153,41,39,6587,6291,114,123,61,48,75,75,16,16,187,200,6764,6481,193,222,98,86,145,138,35,35,1661,1525,31,29,34,32,11,7,4,4,39,36,1698,1559,43,41,53,53,21,15,6,4
050,49,057,Utah,Weber County,2004,2,17370,8932,8438,8353,7866,148,141,84,87,86,86,21,19,240,239,8577,8093,251,247,142,145,169,163,43,41,6646,6337,114,110,56,53,74,78,17,15,195,201,6829,6528,201,204,93,90,145,145,35,36,1707,1529,34,31,28,34,12,8,4,4,45,38,1748,1565,50,43,49,55,24,18,8,5
050,49,057,Utah,Weber County,2000c,3,16346,8315,8031,7829,7561,137,133,86,71,74,95,16,10,173,161,7991,7718,195,184,137,125,133,154,38,21,6641,6523,118,119,61,50,64,78,12,9,152,143,6782,6662,166,163,102,94,119,135,34,19,1188,1038,19,14,25,21,10,17,4,1,21,18,1209,1056,29,21,35,31,14,19,4,2
050,49,057,Utah,Weber County,2000a,3,16346,8315,8031,7829,7561,137,133,86,71,74,95,16,10,173,161,7991,7718,195,184,137,125,133,154,38,21,6641,6523,118,119,61,50,64,78,12,9,152,143,6782,6662,166,163,102,94,119,135,34,19,1188,1038,19,14,25,21,10,17,4,1,21,18,1209,1056,29,21,35,31,14,19,4,2
050,49,057,Utah,Weber County,2000,3,16374,8328,8046,7852,7587,140,131,86,77,76,82,16,16,158,153,8002,7734,195,184,142,122,127,138,28,29,6653,6539,118,115,63,56,66,69,15,15,132,132,6778,6665,164,163,104,92,112,118,27,28,1199,1048,22,16,23,21,10,13,1,1,26,21,1224,1069,31,21,38,30,15,20,1,1
050,49,057,Utah,Weber County,2001,3,16548,8510,8038,8008,7557,145,137,93,85,79,84,17,20,168,155,8168,7705,201,189,151,131,135,143,34,33,6764,6458,122,114,68,64,70,70,16,17,138,132,6895,6584,170,161,108,100,119,120,30,29,1244,1099,23,23,25,21,9,14,1,3,30,23,1273,1121,31,28,43,31,16,23,4,4
050,49,057,Utah,Weber County,2002,3,16724,8632,8092,8116,7596,152,132,91,87,83,91,16,22,174,164,8279,7754,213,187,148,134,144,153,33,37,6741,6425,122,108,64,64,76,75,16,18,144,136,6876,6556,173,156,103,99,130,127,32,32,1375,1171,30,24,27,23,7,16,0,4,30,28,1403,1198,40,31,45,35,14,26,1,5
050,49,057,Utah,Weber County,2003,3,16650,8661,7989,8137,7512,157,123,88,81,85,95,18,22,176,156,8305,7664,223,175,144,126,143,153,32,35,6691,6279,123,96,62,59,75,78,17,18,143,130,6829,6406,177,142,100,93,125,127,30,29,1446,1233,34,27,26,22,10,17,1,4,33,26,1476,1258,46,33,44,33,18,26,2,6
050,49,057,Utah,Weber County,2004,3,16407,8556,7851,8039,7365,143,126,82,75,90,94,20,23,182,168,8212,7526,210,187,138,121,153,157,37,36,6551,6087,111,96,53,48,78,77,18,19,143,136,6688,6218,164,148,88,79,131,130,32,31,1488,1278,32,30,29,27,12,17,2,4,39,32,1524,1308,46,39,50,42,22,27,5,5
050,49,057,Utah,Weber County,2000c,4,17671,9032,8639,8555,8201,149,119,84,83,99,90,22,20,123,126,8669,8324,181,152,118,129,159,139,37,26,7306,7162,124,99,54,63,90,82,18,20,113,106,7411,7266,152,127,84,95,146,129,33,26,1249,1039,25,20,30,20,9,8,4,0,10,20,1258,1058,29,25,34,34,13,10,4,0
050,49,057,Utah,Weber County,2000a,4,17671,9032,8639,8555,8201,149,119,84,83,99,90,22,20,123,126,8669,8324,181,152,118,129,159,139,37,26,7306,7162,124,99,54,63,90,82,18,20,113,106,7411,7266,152,127,84,95,146,129,33,26,1249,1039,25,20,30,20,9,8,4,0,10,20,1258,1058,29,25,34,34,13,10,4,0
050,49,057,Utah,Weber County,2000,4,17510,8947,8563,8480,8130,149,118,79,84,95,90,18,13,126,128,8600,8251,181,153,125,133,144,139,33,24,7252,7099,124,98,53,62,87,85,17,13,110,107,7357,7199,152,127,90,100,132,129,32,24,1228,1031,25,20,26,22,8,5,1,0,16,21,1243,1052,29,26,35,33,12,10,1,0
050,49,057,Utah,Weber County,2001,4,17009,8752,8257,8293,7823,145,125,82,83,87,84,17,13,128,129,8414,7944,176,161,131,133,136,131,33,25,7061,6758,120,102,56,62,80,80,16,13,111,106,7166,6856,149,131,94,100,124,122,31,25,1232,1065,25,23,26,21,7,4,1,0,17,23,1248,1088,27,30,37,33,12,9,2,0
050,49,057,Utah,Weber County,2002,4,16427,8491,7936,8057,7522,146,119,73,71,81,83,16,16,118,125,8171,7640,176,155,115,120,127,128,29,26,6847,6461,118,99,49,54,71,77,14,14,104,104,6947,6558,146,130,84,90,112,118,27,24,1210,1061,28,20,24,17,10,6,2,2,14,21,1224,1082,30,25,31,30,15,10,2,2
050,49,057,Utah,Weber County,2003,4,16099,8311,7788,7857,7356,154,127,77,72,80,89,16,16,127,128,7978,7478,191,165,122,119,127,136,29,26,6622,6291,123,105,48,54,70,81,14,14,109,107,6726,6392,155,138,83,90,113,123,27,24,1235,1065,31,22,29,18,10,8,2,2,18,21,1252,1086,36,27,39,29,14,13,2,2
050,49,057,Utah,Weber County,2004,4,15964,8201,7763,7739,7318,156,133,80,73,75,91,17,18,134,130,7865,7442,196,171,127,119,126,142,31,27,6490,6215,127,110,52,60,67,82,15,15,114,110,6597,6320,162,143,88,97,113,126,29,24,1249,1103,29,23,28,13,8,9,2,3,20,20,1268,1122,34,28,39,22,13,16,2,3
050,49,057,Utah,Weber County,2000c,5,17559,8905,8654,8409,8218,155,94,75,85,125,130,25,18,116,109,8516,8312,180,133,110,117,177,177,42,30,7036,7123,135,76,61,63,118,120,20,15,102,98,7132,7208,158,112,85,89,167,163,35,25,1373,1095,20,18,14,22,7,10,5,3,14,11,1384,1104,22,21,25,28,10,14,7,5
050,49,057,Utah,Weber County,2000a,5,17559,8905,8654,8409,8218,155,94,75,85,125,130,25,18,116,109,8516,8312,180,133,110,117,177,177,42,30,7036,7123,135,76,61,63,118,120,20,15,102,98,7132,7208,158,112,85,89,167,163,35,25,1373,1095,20,18,14,22,7,10,5,3,14,11,1384,1104,22,21,25,28,10,14,7,5
050,49,057,Utah,Weber County,2000,5,17671,8971,8700,8475,8257,162,105,75,84,132,134,21,19,106,101,8571,8349,185,130,115,121,179,177,33,29,7083,7153,142,87,59,65,124,125,19,16,87,83,7161,7228,161,106,88,91,165,165,31,26,1392,1104,20,18,16,19,8,9,2,3,19,18,1410,1121,24,24,27,30,14,12,2,3
050,49,057,Utah,Weber County,2001,5,18310,9135,9175,8651,8698,165,115,79,89,117,144,18,20,105,109,8746,8800,189,139,121,127,161,193,29,32,7218,7561,139,95,62,71,109,135,16,18,87,91,7297,7647,159,114,92,99,148,179,27,30,1433,1137,26,20,17,18,8,9,2,2,18,18,1449,1153,30,25,29,28,13,14,2,2
050,49,057,Utah,Weber County,2002,5,18913,9347,9566,8851,9076,163,121,77,77,125,154,17,22,114,116,8955,9182,189,149,120,116,173,208,30,37,7345,7874,136,95,56,55,115,144,15,19,95,98,7431,7964,159,116,87,83,158,195,28,33,1506,1202,27,26,21,22,10,10,2,3,19,18,1524,1218,30,33,33,33,15,13,2,4
050,49,057,Utah,Weber County,2003,5,19079,9410,9669,8875,9166,186,132,84,82,125,149,20,23,120,117,8985,9275,215,160,130,122,174,201,34,36,7338,7886,156,106,57,58,115,138,18,19,98,96,7427,7975,180,128,89,85,159,186,32,32,1537,1280,30,26,27,24,10,11,2,4,22,21,1558,1300,35,32,41,37,15,15,2,4
050,49,057,Utah,Weber County,2004,5,19170,9482,9688,8972,9181,174,139,75,81,122,144,17,21,122,122,9083,9294,203,171,121,122,174,197,30,34,7420,7843,135,108,48,58,112,134,15,18,97,102,7508,7937,159,134,78,87,157,183,28,31,1552,1338,39,31,27,23,10,10,2,3,25,20,1575,1357,44,37,43,35,17,14,2,3
050,49,057,Utah,Weber County,2000c,6,14724,7631,7093,7196,6755,148,90,66,67,116,110,27,12,78,59,7266,6811,165,102,95,89,150,132,35,19,5939,5724,129,72,49,51,101,103,23,10,71,54,6004,5776,142,84,74,70,134,123,31,16,1257,1031,19,18,17,16,15,7,4,2,7,5,1262,1035,23,18,21,19,16,9,4,3
050,49,057,Utah,Weber County,2000a,6,14724,7631,7093,7196,6755,148,90,66,67,116,110,27,12,78,59,7266,6811,165,102,95,89,150,132,35,19,5939,5724,129,72,49,51,101,103,23,10,71,54,6004,5776,142,84,74,70,134,123,31,16,1257,1031,19,18,17,16,15,7,4,2,7,5,1262,1035,23,18,21,19,16,9,4,3
050,49,057,Utah,Weber County,2000,6,14954,7754,7200,7306,6844,153,92,68,66,135,120,17,10,75,68,7373,6908,168,105,97,91,167,147,26,18,6010,5784,133,74,51,51,121,115,14,10,65,56,6067,5836,146,84,74,70,151,139,23,18,1296,1060,20,18,17,15,14,5,3,0,10,12,1306,1072,22,21,23,21,16,8,3,0
050,49,057,Utah,Weber County,2001,6,15503,8102,7401,7604,7045,171,88,80,74,145,112,18,11,84,71,7676,7113,192,104,112,103,181,137,28,16,6172,5914,143,70,61,57,131,107,15,9,73,56,6233,5967,162,81,87,78,164,129,25,14,1432,1131,28,18,19,17,14,5,3,2,11,15,1443,1146,30,23,25,25,17,8,3,2
050,49,057,Utah,Weber County,2002,6,16351,8558,7793,8079,7410,168,99,65,80,145,118,18,12,83,74,8152,7479,187,116,94,107,182,147,27,19,6541,6220,136,75,49,62,134,111,15,10,70,60,6602,6276,151,89,71,83,168,135,24,16,1538,1190,32,24,16,18,11,7,3,2,13,14,1550,1203,36,27,23,24,14,12,3,3
050,49,057,Utah,Weber County,2003,6,17540,9149,8391,8670,7964,163,109,60,84,150,131,20,15,86,88,8746,8047,182,130,90,116,189,166,31,24,6993,6663,126,79,47,63,139,125,17,13,73,70,7057,6729,141,95,72,85,174,155,27,22,1677,1301,37,30,13,21,11,6,3,2,13,18,1689,1318,41,35,18,31,15,11,4,2
050,49,057,Utah,Weber County,2004,6,18356,9573,8783,9051,8326,179,107,76,85,155,154,21,19,91,92,9135,8412,200,127,109,117,193,193,30,29,7260,6971,142,75,58,59,143,146,18,17,78,74,7331,7040,159,90,85,81,178,180,27,27,1791,1355,37,32,18,26,12,8,3,2,13,18,1804,1372,41,37,24,36,15,13,3,2
050,49,057,Utah,Weber County,2000c,7,12607,6482,6125,6131,5777,120,94,64,75,104,112,20,6,43,61,6170,5832,125,105,83,107,123,135,30,14,5071,4936,111,83,42,59,95,104,16,5,38,53,5105,4984,116,93,57,87,112,122,25,12,1060,841,9,11,22,16,9,8,4,1,5,8,1065,848,9,12,26,20,11,13,5,2
050,49,057,Utah,Weber County,2000a,7,12607,6482,6125,6131,5777,120,94,64,75,104,112,20,6,43,61,6170,5832,125,105,83,107,123,135,30,14,5071,4936,111,83,42,59,95,104,16,5,38,53,5105,4984,116,93,57,87,112,122,25,12,1060,841,9,11,22,16,9,8,4,1,5,8,1065,848,9,12,26,20,11,13,5,2
050,49,057,Utah,Weber County,2000,7,12698,6530,6168,6172,5815,122,97,62,76,111,116,13,11,50,53,6217,5866,127,109,84,103,131,132,22,13,5093,4963,113,85,41,62,102,109,11,10,42,41,5130,5002,118,94,57,82,120,123,20,12,1079,852,9,12,21,14,9,7,2,1,8,12,1087,864,9,15,27,21,11,9,2,1
050,49,057,Utah,Weber County,2001,7,13015,6730,6285,6367,5933,114,94,65,75,115,115,14,12,55,56,6416,5984,123,105,91,101,135,139,22,16,5255,5014,104,81,47,62,105,106,12,10,46,41,5295,5052,112,88,67,81,123,123,20,13,1112,919,10,13,18,13,10,9,2,2,9,15,1121,932,11,17,24,20,12,16,2,3
050,49,057,Utah,Weber County,2002,7,13404,6932,6472,6544,6125,124,93,70,70,120,112,13,10,61,62,6596,6184,136,107,97,98,145,136,23,16,5404,5162,110,77,47,54,110,102,12,9,50,42,5446,5203,119,86,66,72,133,118,22,12,1140,963,14,16,23,16,10,10,1,1,11,20,1150,981,17,21,31,26,12,18,1,4
050,49,057,Utah,Weber County,2003,7,13602,7049,6553,6638,6203,129,94,76,65,129,121,16,11,61,59,6690,6259,140,107,101,91,156,145,25,16,5424,5201,112,75,52,51,117,109,14,9,52,43,5467,5242,122,84,70,69,143,126,23,12,1214,1002,17,19,24,14,12,12,2,2,9,16,1223,1017,18,23,31,22,13,19,2,4
050,49,057,Utah,Weber County,2004,7,14075,7283,6792,6876,6428,126,97,61,68,139,127,18,12,63,60,6931,6488,141,108,86,93,165,152,27,16,5571,5350,101,75,41,54,122,113,14,9,52,45,5616,5395,112,83,58,71,147,133,23,12,1305,1078,25,22,20,14,17,14,4,3,11,15,1315,1093,29,25,28,22,18,19,4,4
050,49,057,Utah,Weber County,2000c,8,13787,7033,6754,6674,6394,126,105,68,83,91,105,13,9,61,58,6728,6447,139,116,98,117,111,123,21,12,5767,5623,116,91,48,54,82,100,13,8,58,50,5818,5669,128,100,77,82,101,116,21,11,907,771,10,14,20,29,9,5,0,1,3,8,910,778,11,16,21,35,10,7,0,1
050,49,057,Utah,Weber County,2000a,8,13787,7033,6754,6674,6394,126,105,68,83,91,105,13,9,61,58,6728,6447,139,116,98,117,111,123,21,12,5767,5623,116,91,48,54,82,100,13,8,58,50,5818,5669,128,100,77,82,101,116,21,11,907,771,10,14,20,29,9,5,0,1,3,8,910,778,11,16,21,35,10,7,0,1
050,49,057,Utah,Weber County,2000,8,13730,7008,6722,6647,6357,130,105,69,82,96,109,14,10,52,59,6695,6412,140,117,99,115,110,126,18,14,5731,5581,120,91,52,54,89,104,12,10,42,46,5769,5624,128,100,75,80,102,117,16,14,916,776,10,14,17,28,7,5,2,0,10,13,926,788,12,17,24,35,8,9,2,0
050,49,057,Utah,Weber County,2001,8,13155,6681,6474,6336,6108,116,101,71,88,98,113,11,10,49,54,6381,6160,123,112,98,118,113,127,16,14,5394,5343,106,88,54,64,91,109,10,10,40,45,5430,5386,112,96,74,89,105,122,15,14,942,765,10,13,17,24,7,4,1,0,9,9,951,774,11,16,24,29,8,5,1,0
050,49,057,Utah,Weber County,2002,8,12671,6486,6185,6139,5826,116,103,63,77,105,115,13,10,50,54,6186,5876,124,115,89,107,120,129,19,15,5135,5026,104,92,47,56,97,111,11,10,40,46,5172,5068,110,102,66,81,111,124,17,15,1004,800,12,11,16,21,8,4,2,0,10,8,1014,808,14,13,23,26,9,5,2,0
050,49,057,Utah,Weber County,2003,8,12451,6394,6057,6043,5697,127,104,54,74,112,119,13,10,45,53,6086,5746,135,116,75,102,127,134,18,15,4993,4836,113,88,39,57,106,115,12,10,37,46,5028,4878,119,98,55,82,120,128,17,15,1050,861,14,16,15,17,6,4,1,0,8,7,1058,868,16,18,20,20,7,6,1,0
050,49,057,Utah,Weber County,2004,8,12387,6361,6026,6003,5680,115,104,58,63,118,115,14,10,53,54,6052,5731,126,118,82,90,137,129,20,15,4924,4800,102,86,42,50,109,110,11,10,41,46,4961,4843,110,97,60,73,125,123,16,15,1079,880,13,18,16,13,9,5,3,0,12,8,1091,888,16,21,22,17,12,6,4,0
050,49,057,Utah,Weber County,2000c,9,13808,7047,6761,6703,6445,124,97,75,50,87,104,7,12,51,53,6746,6488,134,104,99,77,107,129,15,21,6016,5824,105,87,57,41,79,101,2,10,45,50,6054,5864,114,93,76,65,98,125,10,19,687,621,19,10,18,9,8,3,5,2,6,3,692,624,20,11,23,12,9,4,5,2
050,49,057,Utah,Weber County,2000a,9,13808,7047,6761,6703,6445,124,97,75,50,87,104,7,12,51,53,6746,6488,134,104,99,77,107,129,15,21,6016,5824,105,87,57,41,79,101,2,10,45,50,6054,5864,114,93,76,65,98,125,10,19,687,621,19,10,18,9,8,3,5,2,6,3,692,624,20,11,23,12,9,4,5,2
050,49,057,Utah,Weber County,2000,9,13854,7067,6787,6714,6458,127,98,73,52,85,113,13,11,55,55,6764,6508,136,112,105,81,103,128,18,18,6016,5828,108,88,55,44,77,109,10,10,46,46,6057,5869,115,98,82,67,93,124,15,17,698,630,19,10,18,8,8,4,3,1,9,9,707,639,21,14,23,14,10,4,3,1
050,49,057,Utah,Weber County,2001,9,13989,7235,6754,6866,6428,134,98,80,59,87,109,11,11,57,49,6920,6472,145,110,112,88,102,124,16,15,6091,5731,113,87,59,44,78,103,9,11,45,41,6133,5768,121,96,84,66,91,117,14,15,775,697,21,11,21,15,9,6,2,0,12,8,787,704,24,14,28,22,11,7,2,0
050,49,057,Utah,Weber County,2002,9,14045,7226,6819,6857,6476,128,102,84,68,85,104,11,11,61,58,6911,6530,140,118,119,98,103,122,18,17,6050,5740,106,87,64,49,76,100,10,10,50,47,6094,5783,115,98,93,72,92,117,16,16,807,736,22,15,20,19,9,4,1,1,11,11,817,747,25,20,26,26,11,5,2,1
050,49,057,Utah,Weber County,2003,9,13776,7089,6687,6712,6350,126,98,84,68,94,106,13,10,60,55,6765,6398,138,113,117,99,113,123,19,16,5832,5598,105,81,63,46,84,100,10,10,47,43,5873,5636,113,90,90,68,100,116,15,16,880,752,21,17,21,22,10,6,3,0,13,12,892,762,25,23,27,31,13,7,4,0
050,49,057,Utah,Weber County,2004,9,13737,7031,6706,6647,6351,129,97,77,77,100,111,13,11,65,59,6705,6405,141,111,111,108,122,130,21,18,5718,5556,109,81,56,50,91,103,11,11,52,47,5764,5599,118,91,83,72,110,121,18,18,929,795,20,16,21,27,9,8,2,0,13,12,941,806,23,20,28,36,12,9,3,0
050,49,057,Utah,Weber County,2000c,10,11941,6024,5917,5759,5633,105,71,37,53,80,122,11,7,32,31,5788,5661,109,74,65,72,84,132,14,12,5183,5162,103,66,23,41,73,117,10,7,28,27,5208,5186,106,68,48,57,75,126,12,11,576,471,2,5,14,12,7,5,1,0,4,4,580,475,3,6,17,15,9,6,2,1
050,49,057,Utah,Weber County,2000a,10,11941,6024,5917,5759,5633,105,71,37,53,80,122,11,7,32,31,5788,5661,109,74,65,72,84,132,14,12,5183,5162,103,66,23,41,73,117,10,7,28,27,5208,5186,106,68,48,57,75,126,12,11,576,471,2,5,14,12,7,5,1,0,4,4,580,475,3,6,17,15,9,6,2,1
050,49,057,Utah,Weber County,2000,10,12035,6071,5964,5800,5670,106,72,42,53,80,125,8,10,35,34,5831,5700,113,76,65,75,90,135,9,13,5214,5191,104,67,29,41,72,121,8,9,29,30,5240,5217,110,70,47,60,81,131,9,12,586,479,2,5,13,12,8,4,0,1,6,4,591,483,3,6,18,15,9,4,0,1
050,49,057,Utah,Weber County,2001,10,12381,6158,6223,5890,5920,106,75,41,54,76,125,9,10,36,39,5922,5954,114,80,64,79,88,137,11,14,5298,5399,103,68,27,41,70,119,8,10,30,34,5325,5428,109,71,45,62,80,131,9,14,592,521,3,7,14,13,6,6,1,0,6,5,597,526,5,9,19,17,8,6,2,0
050,49,057,Utah,Weber County,2002,10,12809,6416,6393,6130,6067,107,81,46,54,87,135,9,12,37,44,6163,6104,113,87,69,82,99,149,11,17,5480,5525,103,71,29,41,78,129,9,11,32,38,5508,5557,109,76,48,63,89,142,11,16,650,542,4,10,17,13,9,6,0,1,5,6,655,547,4,11,21,19,10,7,0,1
050,49,057,Utah,Weber County,2003,10,13152,6640,6512,6350,6198,103,92,48,56,86,113,11,9,42,44,6387,6236,112,99,74,82,99,127,12,14,5680,5617,95,80,33,43,76,107,10,9,36,37,5712,5649,103,85,54,65,88,119,11,14,670,581,8,12,15,13,10,6,1,0,6,7,675,587,9,14,20,17,11,8,1,0
050,49,057,Utah,Weber County,2004,10,13360,6801,6559,6500,6253,105,96,56,52,86,108,10,9,44,41,6539,6289,115,102,81,77,99,121,13,12,5784,5630,92,82,39,40,77,105,10,9,37,36,5817,5661,100,87,59,61,89,118,13,12,716,623,13,14,17,12,9,3,0,0,7,5,722,628,15,15,22,16,10,3,0,0
050,49,057,Utah,Weber County,2000c,11,10174,5084,5090,4872,4874,63,49,32,31,79,98,8,7,30,31,4900,4902,63,53,58,48,83,108,12,12,4512,4501,59,47,25,24,75,94,8,7,27,30,4537,4528,59,51,49,40,79,104,11,12,360,373,4,2,7,7,4,4,0,0,3,1,363,374,4,2,9,8,4,4,1,0
050,49,057,Utah,Weber County,2000a,11,10174,5084,5090,4872,4874,63,49,32,31,79,98,8,7,30,31,4900,4902,63,53,58,48,83,108,12,12,4512,4501,59,47,25,24,75,94,8,7,27,30,4537,4528,59,51,49,40,79,104,11,12,360,373,4,2,7,7,4,4,0,0,3,1,363,374,4,2,9,8,4,4,1,0
050,49,057,Utah,Weber County,2000,11,10325,5155,5170,4937,4937,64,50,37,32,79,106,8,8,30,37,4965,4972,66,57,60,55,86,115,8,11,4568,4556,60,48,30,26,76,102,7,8,24,33,4590,4587,61,55,48,45,83,111,7,11,369,381,4,2,7,6,3,4,1,0,6,4,375,385,5,2,12,10,3,4,1,0
050,49,057,Utah,Weber County,2001,11,10725,5349,5376,5119,5120,76,59,36,36,83,115,8,9,27,37,5146,5155,77,65,55,59,90,125,8,12,4701,4727,72,57,30,29,78,112,8,9,24,32,4725,4757,73,63,46,48,85,121,8,12,418,393,4,2,6,7,5,3,0,0,3,5,421,398,4,2,9,11,5,4,0,0
050,49,057,Utah,Weber County,2002,11,10741,5338,5403,5105,5144,74,64,36,33,85,116,9,8,29,38,5134,5181,77,72,55,57,92,125,9,10,4683,4726,70,60,29,26,80,114,8,8,23,31,4706,4756,70,66,45,45,87,123,8,10,422,418,4,4,7,7,5,2,1,0,6,7,428,425,7,6,10,12,5,2,1,0
050,49,057,Utah,Weber County,2003,11,10923,5427,5496,5179,5213,89,64,38,36,80,137,10,11,31,35,5208,5245,92,70,59,59,88,148,11,12,4702,4764,85,57,30,27,75,135,8,11,26,30,4726,4791,86,63,48,45,83,146,9,12,477,449,4,7,8,9,5,2,2,0,5,5,482,454,6,7,11,14,5,2,2,0
050,49,057,Utah,Weber County,2004,11,11258,5625,5633,5365,5339,103,69,38,44,81,131,9,11,29,39,5392,5375,105,74,58,70,89,142,10,14,4857,4876,99,63,27,34,74,128,7,10,23,32,4878,4906,100,67,43,54,81,139,8,12,508,463,4,6,11,10,7,3,2,1,6,7,514,469,5,7,15,16,8,3,2,2
050,49,057,Utah,Weber County,2000c,12,7509,3734,3775,3624,3629,40,38,17,22,40,56,2,6,11,24,3635,3652,43,42,24,36,42,65,3,9,3381,3419,39,38,13,17,38,56,2,5,10,19,3391,3437,42,41,19,28,40,62,3,7,243,210,1,0,4,5,2,0,0,1,1,5,244,215,1,1,5,8,2,3,0,2
050,49,057,Utah,Weber County,2000a,12,7509,3734,3775,3624,3629,40,38,17,22,40,56,2,6,11,24,3635,3652,43,42,24,36,42,65,3,9,3381,3419,39,38,13,17,38,56,2,5,10,19,3391,3437,42,41,19,28,40,62,3,7,243,210,1,0,4,5,2,0,0,1,1,5,244,215,1,1,5,8,2,3,0,2
050,49,057,Utah,Weber County,2000,12,7551,3756,3795,3641,3648,41,38,16,22,37,65,4,5,17,17,3658,3665,44,40,30,32,39,70,4,5,3394,3434,40,38,12,17,36,63,4,5,16,15,3410,3449,43,40,25,26,38,67,4,5,247,214,1,0,4,5,1,2,0,0,1,2,248,216,1,0,5,6,1,3,0,0
050,49,057,Utah,Weber County,2001,12,7815,3895,3920,3772,3768,36,39,24,23,42,68,4,6,17,16,3789,3784,38,41,39,33,44,72,4,6,3511,3530,35,38,18,18,42,66,4,6,15,14,3526,3544,37,40,31,27,44,69,4,6,261,238,1,1,6,5,0,2,0,0,2,2,263,240,1,1,8,6,0,3,0,0
050,49,057,Utah,Weber County,2002,12,8511,4250,4261,4118,4099,48,36,20,29,42,69,4,6,18,22,4136,4120,51,38,35,43,44,76,4,6,3823,3828,45,35,16,24,42,66,4,6,15,18,3838,3845,47,37,29,35,44,72,4,6,295,271,3,1,4,5,0,3,0,0,3,4,298,275,4,1,6,8,0,4,0,0
050,49,057,Utah,Weber County,2003,12,8878,4391,4487,4245,4310,47,39,25,32,48,77,5,6,21,23,4265,4330,51,44,40,46,52,84,7,6,3942,4010,42,38,19,26,47,75,5,6,18,19,3959,4026,45,43,32,38,51,80,7,6,303,300,5,1,6,6,1,2,0,0,3,4,306,304,6,1,8,8,1,4,0,0
050,49,057,Utah,Weber County,2004,12,9268,4586,4682,4418,4502,49,40,28,24,61,88,7,7,23,21,4439,4522,52,45,46,37,66,92,9,7,4081,4164,44,38,23,20,60,85,6,7,21,19,4100,4182,47,43,39,31,65,89,8,7,337,338,5,2,5,4,1,3,1,0,2,2,339,340,5,2,7,6,1,3,1,0
050,49,057,Utah,Weber County,2000c,13,6028,2898,3130,2789,3009,40,34,17,19,37,49,0,4,15,15,2802,3022,46,34,27,29,39,53,0,7,2605,2828,39,32,13,10,36,49,0,4,14,13,2617,2840,45,32,22,18,38,53,0,6,184,181,1,2,4,9,1,0,0,0,1,2,185,182,1,2,5,11,1,0,0,1
050,49,057,Utah,Weber County,2000a,13,6028,2898,3130,2789,3009,40,34,17,19,37,49,0,4,15,15,2802,3022,46,34,27,29,39,53,0,7,2605,2828,39,32,13,10,36,49,0,4,14,13,2617,2840,45,32,22,18,38,53,0,6,184,181,1,2,4,9,1,0,0,0,1,2,185,182,1,2,5,11,1,0,0,1
050,49,057,Utah,Weber County,2000,13,6061,2915,3146,2801,3022,40,34,19,21,35,52,3,5,17,12,2817,3033,45,36,28,29,39,54,3,6,2614,2838,39,32,14,11,34,52,3,5,16,9,2629,2847,44,33,22,17,38,54,3,5,187,184,1,2,5,10,1,0,0,0,1,3,188,186,1,3,6,12,1,0,0,1
050,49,057,Utah,Weber County,2001,13,6080,2933,3147,2822,3029,43,34,14,18,33,50,4,5,17,11,2838,3040,48,35,23,26,37,52,4,5,2640,2829,42,31,12,11,30,50,4,5,15,10,2654,2839,47,32,20,18,33,52,4,5,182,200,1,3,2,7,3,0,0,0,2,1,184,201,1,3,3,8,4,0,0,0
050,49,057,Utah,Weber County,2002,13,6186,2979,3207,2870,3085,36,34,18,22,35,49,3,6,17,11,2886,3096,40,35,28,30,39,51,3,6,2690,2881,36,32,15,14,33,49,3,5,16,11,2705,2892,40,33,24,22,37,51,3,5,180,204,0,2,3,8,2,0,0,1,1,0,181,204,0,2,4,8,2,0,0,1
050,49,057,Utah,Weber County,2003,13,6478,3189,3289,3075,3165,35,39,17,18,40,49,4,5,18,13,3092,3178,39,41,28,28,44,51,4,5,2887,2962,35,37,14,13,38,48,4,5,15,12,2901,2974,39,39,23,22,41,50,4,5,188,203,0,2,3,5,2,1,0,0,3,1,191,204,0,2,5,6,3,1,0,0
050,49,057,Utah,Weber County,2004,13,6839,3307,3532,3206,3394,30,43,16,21,34,54,5,6,16,14,3222,3408,34,46,26,30,37,56,5,6,3002,3196,30,40,12,15,34,53,4,6,14,12,3016,3208,34,42,20,23,37,55,4,6,204,198,0,3,4,6,0,1,1,0,2,2,206,200,0,4,6,7,0,1,1,0
050,49,057,Utah,Weber County,2000c,14,5499,2651,2848,2576,2766,20,25,16,8,31,32,1,2,7,15,2583,2778,20,26,21,14,33,40,1,5,2428,2623,20,25,9,5,31,31,1,2,6,13,2434,2633,20,26,13,11,33,38,1,4,148,143,0,0,7,3,0,1,0,0,1,2,149,145,0,0,8,3,0,2,0,1
050,49,057,Utah,Weber County,2000a,14,5499,2651,2848,2576,2766,20,25,16,8,31,32,1,2,7,15,2583,2778,20,26,21,14,33,40,1,5,2428,2623,20,25,9,5,31,31,1,2,6,13,2434,2633,20,26,13,11,33,38,1,4,148,143,0,0,7,3,0,1,0,0,1,2,149,145,0,0,8,3,0,2,0,1
050,49,057,Utah,Weber County,2000,14,5499,2646,2853,2569,2767,20,25,15,9,30,36,2,4,10,12,2579,2778,21,25,23,15,31,42,2,5,2420,2621,20,25,8,6,30,34,2,4,7,11,2427,2631,21,25,13,11,31,40,2,5,149,146,0,0,7,3,0,2,0,0,3,1,152,147,0,0,10,4,0,2,0,0
050,49,057,Utah,Weber County,2001,14,5531,2662,2869,2578,2778,23,28,16,12,30,37,3,3,12,11,2590,2789,25,28,26,19,31,41,3,3,2404,2639,23,28,6,7,30,37,3,3,8,8,2412,2647,24,28,12,12,31,40,3,3,174,139,0,0,10,5,0,0,0,0,4,3,178,142,1,0,14,7,0,1,0,0
050,49,057,Utah,Weber County,2002,14,5588,2666,2922,2573,2827,27,23,16,12,34,46,4,4,12,10,2585,2837,30,23,24,17,36,51,4,4,2396,2685,27,23,7,7,34,46,4,4,9,9,2405,2694,29,23,12,12,36,50,4,4,177,142,0,0,9,5,0,0,0,0,3,1,180,143,1,0,12,5,0,1,0,0
050,49,057,Utah,Weber County,2003,14,5788,2713,3075,2621,2969,33,28,13,15,30,48,4,4,12,11,2632,2979,35,29,22,21,32,53,4,4,2439,2802,32,27,7,8,30,48,4,4,10,10,2448,2811,34,28,14,13,32,53,4,4,182,167,1,1,6,7,0,0,0,0,2,1,184,168,1,1,8,8,0,0,0,0
050,49,057,Utah,Weber County,2004,14,5957,2799,3158,2697,3043,33,27,18,18,34,55,3,5,14,10,2709,3053,35,27,29,24,36,59,4,5,2503,2852,32,27,13,9,33,54,3,5,12,9,2514,2861,34,27,22,14,35,58,3,5,194,191,1,0,5,9,1,1,0,0,2,1,195,192,1,0,7,10,1,1,1,0
050,49,057,Utah,Weber County,2000c,15,5021,2251,2770,2173,2675,29,35,8,9,34,40,1,1,6,10,2179,2684,29,36,12,18,35,42,3,1,2063,2541,28,34,1,7,33,40,1,1,5,7,2068,2547,28,34,4,13,34,42,3,1,110,134,1,1,7,2,1,0,0,0,1,3,111,137,1,2,8,5,1,0,0,0
050,49,057,Utah,Weber County,2000a,15,5021,2251,2770,2173,2675,29,35,8,9,34,40,1,1,6,10,2179,2684,29,36,12,18,35,42,3,1,2063,2541,28,34,1,7,33,40,1,1,5,7,2068,2547,28,34,4,13,34,42,3,1,110,134,1,1,7,2,1,0,0,0,1,3,111,137,1,2,8,5,1,0,0,0
050,49,057,Utah,Weber County,2000,15,5027,2254,2773,2171,2675,30,36,8,9,34,42,3,3,8,8,2179,2683,30,37,13,15,37,44,3,3,2058,2537,29,34,1,7,33,42,3,3,7,7,2065,2544,29,34,5,12,36,44,3,3,113,138,1,2,7,2,1,0,0,0,1,1,114,139,1,3,8,3,1,0,0,0
050,49,057,Utah,Weber County,2001,15,4991,2270,2721,2181,2637,30,29,9,9,36,38,3,1,11,7,2192,2644,31,29,15,14,40,39,4,2,2069,2489,29,27,3,6,35,38,3,1,9,6,2078,2495,30,27,7,11,39,39,4,1,112,148,1,2,6,3,1,0,0,0,2,1,114,149,1,2,8,3,1,0,0,1
050,49,057,Utah,Weber County,2002,15,5050,2314,2736,2234,2648,27,29,10,9,33,40,3,2,7,8,2240,2656,28,30,15,15,35,41,3,2,2105,2493,27,29,4,4,33,39,3,2,7,6,2111,2499,28,29,9,9,35,40,3,2,129,155,0,0,6,5,0,1,0,0,0,2,129,157,0,1,6,6,0,1,0,0
050,49,057,Utah,Weber County,2003,15,4993,2324,2669,2241,2584,27,28,13,8,33,43,3,1,7,5,2248,2589,27,28,20,12,33,44,3,1,2101,2444,26,28,6,5,33,43,3,1,5,5,2106,2449,26,28,11,9,33,44,3,1,140,140,1,0,7,3,0,0,0,0,2,0,142,140,1,0,9,3,0,0,0,0
050,49,057,Utah,Weber County,2004,15,4989,2298,2691,2223,2599,22,29,15,8,26,43,2,5,10,7,2231,2606,24,30,23,13,28,44,2,5,2096,2460,22,29,8,6,26,43,2,4,7,5,2102,2465,23,29,13,10,28,44,2,4,127,139,0,0,7,2,0,0,0,1,3,2,129,141,1,1,10,3,0,0,0,1
050,49,057,Utah,Weber County,2000c,16,4559,1959,2600,1878,2515,35,34,4,3,33,38,1,0,8,10,1885,2525,36,36,9,10,37,41,2,1,1793,2428,34,32,3,1,33,38,1,0,7,9,1799,2437,35,33,7,7,36,40,1,0,85,87,1,2,1,2,0,0,0,0,1,1,86,88,1,3,2,3,1,1,1,1
050,49,057,Utah,Weber County,2000a,16,4559,1959,2600,1878,2515,35,34,4,3,33,38,1,0,8,10,1885,2525,36,36,9,10,37,41,2,1,1793,2428,34,32,3,1,33,38,1,0,7,9,1799,2437,35,33,7,7,36,40,1,0,85,87,1,2,1,2,0,0,0,0,1,1,86,88,1,3,2,3,1,1,1,1
050,49,057,Utah,Weber County,2000,16,4590,1969,2621,1888,2527,35,35,4,5,34,41,1,1,7,12,1895,2539,35,36,7,11,38,46,1,1,1800,2436,34,33,3,3,34,41,1,1,7,10,1807,2446,34,33,6,8,38,46,1,1,88,91,1,2,1,2,0,0,0,0,0,2,88,93,1,3,1,3,0,0,0,0
050,49,057,Utah,Weber County,2001,16,4618,1978,2640,1897,2541,29,36,6,6,37,43,1,2,8,12,1905,2553,29,38,10,12,41,47,1,2,1810,2441,28,36,5,4,37,43,1,2,8,9,1818,2450,28,36,9,9,41,47,1,2,87,100,1,0,1,2,0,0,0,0,0,3,87,103,1,2,1,3,0,0,0,0
050,49,057,Utah,Weber County,2002,16,4471,1903,2568,1829,2471,24,37,8,8,33,40,1,1,8,11,1837,2482,24,39,12,15,37,44,1,2,1746,2374,24,35,5,6,33,40,1,1,8,9,1754,2383,24,35,9,12,37,43,1,1,83,97,0,2,3,2,0,0,0,0,0,2,83,99,0,4,3,3,0,1,0,1
050,49,057,Utah,Weber County,2003,16,4367,1860,2507,1780,2410,25,36,7,9,38,39,2,1,8,12,1788,2422,25,38,11,15,42,43,2,1,1691,2301,25,32,3,6,38,39,2,1,8,9,1699,2310,25,32,7,11,42,43,2,1,89,109,0,4,4,3,0,0,0,0,0,3,89,112,0,6,4,4,0,0,0,0
050,49,057,Utah,Weber County,2004,16,4280,1832,2448,1758,2349,21,27,6,10,36,46,3,2,8,14,1766,2363,21,32,10,16,40,49,3,2,1663,2229,21,27,3,6,36,46,3,2,8,8,1671,2237,21,27,7,11,40,49,3,2,95,120,0,0,3,4,0,0,0,0,0,6,95,126,0,5,3,5,0,0,0,0
050,49,057,Utah,Weber County,2000c,17,2972,1182,1790,1138,1731,19,18,2,4,22,31,0,2,1,4,1139,1734,19,18,2,5,23,34,0,3,1106,1699,19,18,2,4,22,30,0,2,1,4,1107,1702,19,18,2,5,23,33,0,3,32,32,0,0,0,0,0,1,0,0,0,0,32,32,0,0,0,0,0,1,0,0
050,49,057,Utah,Weber County,2000a,17,2972,1182,1790,1138,1731,19,18,2,4,22,31,0,2,1,4,1139,1734,19,18,2,5,23,34,0,3,1106,1699,19,18,2,4,22,30,0,2,1,4,1107,1702,19,18,2,5,23,33,0,3,32,32,0,0,0,0,0,1,0,0,0,0,32,32,0,0,0,0,0,1,0,0
050,49,057,Utah,Weber County,2000,17,2994,1188,1806,1139,1739,20,18,2,4,22,35,2,2,3,8,1142,1746,20,18,3,9,24,39,2,2,1107,1706,20,18,2,4,22,34,2,2,3,8,1110,1713,20,18,3,9,24,38,2,2,32,33,0,0,0,0,0,1,0,0,0,0,32,33,0,0,0,0,0,1,0,0
050,49,057,Utah,Weber County,2001,17,3105,1237,1868,1183,1798,26,18,1,3,23,39,2,1,2,9,1185,1805,26,21,2,8,24,42,2,1,1141,1756,26,18,1,3,23,39,2,1,2,9,1143,1763,26,21,2,8,24,42,2,1,42,42,0,0,0,0,0,0,0,0,0,0,42,42,0,0,0,0,0,0,0,0
050,49,057,Utah,Weber County,2002,17,3183,1280,1903,1229,1837,23,14,2,3,22,39,1,2,3,8,1232,1845,24,15,4,7,22,42,1,2,1183,1780,23,14,2,3,22,39,1,2,3,8,1186,1788,24,15,4,7,22,42,1,2,46,57,0,0,0,0,0,0,0,0,0,0,46,57,0,0,0,0,0,0,0,0
050,49,057,Utah,Weber County,2003,17,3282,1310,1972,1256,1904,19,16,5,2,23,39,1,3,6,8,1262,1910,21,17,7,7,25,43,1,3,1199,1835,19,16,4,2,23,39,1,3,5,8,1204,1841,20,17,6,7,25,43,1,3,57,69,0,0,1,0,0,0,0,0,1,0,58,69,1,0,1,0,0,0,0,0
050,49,057,Utah,Weber County,2004,17,3332,1345,1987,1278,1928,28,18,4,2,28,32,2,0,5,7,1283,1934,29,20,6,6,30,34,2,0,1214,1852,28,18,4,1,28,32,2,0,5,7,1219,1858,29,20,6,5,30,34,2,0,64,76,0,0,0,1,0,0,0,0,0,0,64,76,0,0,0,1,0,0,0,0
050,49,057,Utah,Weber County,2000c,18,2229,715,1514,696,1479,9,18,1,1,8,10,1,0,0,6,696,1485,9,21,1,3,8,13,1,1,686,1438,9,17,1,1,8,10,1,0,0,4,686,1442,9,19,1,1,8,12,1,0,10,41,0,1,0,0,0,0,0,0,0,2,10,43,0,2,0,2,0,1,0,1
050,49,057,Utah,Weber County,2000a,18,2229,715,1514,696,1479,9,18,1,1,8,10,1,0,0,6,696,1485,9,21,1,3,8,13,1,1,686,1438,9,17,1,1,8,10,1,0,0,4,686,1442,9,19,1,1,8,12,1,0,10,41,0,1,0,0,0,0,0,0,0,2,10,43,0,2,0,2,0,1,0,1
050,49,057,Utah,Weber County,2000,18,2248,725,1523,705,1487,9,19,1,2,8,10,1,1,1,4,706,1491,9,20,2,5,8,10,1,1,695,1445,9,18,1,1,8,10,1,1,1,4,696,1449,9,19,2,4,8,10,1,1,10,42,0,1,0,1,0,0,0,0,0,0,10,42,0,1,0,1,0,0,0,0
050,49,057,Utah,Weber County,2001,18,2310,776,1534,759,1496,7,18,1,3,7,12,1,1,1,4,760,1500,7,19,2,6,7,12,1,1,745,1453,7,17,1,2,7,12,1,1,1,4,746,1457,7,18,2,5,7,12,1,1,14,43,0,1,0,1,0,0,0,0,0,0,14,43,0,1,0,1,0,0,0,0
050,49,057,Utah,Weber County,2002,18,2376,812,1564,786,1517,7,23,1,2,14,16,2,1,2,5,788,1522,7,25,2,5,15,16,2,1,768,1476,7,22,1,2,14,16,2,1,2,4,770,1480,7,23,2,5,15,16,2,1,18,41,0,1,0,0,0,0,0,0,0,1,18,42,0,2,0,0,0,0,0,0
050,49,057,Utah,Weber County,2003,18,2493,868,1625,840,1577,7,18,1,3,16,20,2,2,2,5,842,1582,7,19,2,6,17,21,2,2,825,1532,7,17,1,3,16,20,2,2,2,5,827,1537,7,18,2,6,17,21,2,2,15,45,0,1,0,0,0,0,0,0,0,0,15,45,0,1,0,0,0,0,0,0
050,49,057,Utah,Weber County,2004,18,2614,933,1681,901,1631,7,18,1,1,20,23,2,2,2,6,903,1637,7,19,2,5,21,25,2,3,889,1583,7,17,1,1,20,22,2,2,2,5,891,1588,7,18,2,4,21,23,2,2,12,48,0,1,0,0,0,1,0,0,0,1,12,49,0,1,0,1,0,2,0,1
